[INFO] [launch]: All log files can be found below /home/ebrahim/.ros/log/2026-09-13-18-19-01-570208-ebrahim-msi-65939
[INFO] [launch]: Default logging verbosity is set to INFO
[INFO] [pure_pursuit_node.py-1]: process started with pid [65980]
[INFO] [mpc_node-2]: process started with pid [65982]
[INFO] [adaptive_controller_manager_node-3]: process started with pid [65984]
[INFO] [adaptive_controller_benchmark_node-4]: process started with pid [65986]
[adaptive_controller_manager_node-3] [INFO] [1789312741.764445197] [adaptive_controller_manager]: adaptive_controller_manager ready, starting in BOOTSTRAP_PP
[adaptive_controller_manager_node-3] [INFO] [1789312741.784580093] [adaptive_controller_manager]: [status] active=BOOTSTRAP state=BOOTSTRAP_PP | pp: health=BAD state=idle | mpc: health=BAD | v_x=0.00 e_y=0.000 theta=0.000 | params: stored_v=0 fwd_v=0 pending=no
[mpc_node-2] [INFO] [1789312742.091815449] [mpc_path_tracking]: ╔══════════════════════════════════════════════════════════════╗
[mpc_node-2] [INFO] [1789312742.091936637] [mpc_path_tracking]: ║          MPC PATH TRACKING — LOADED PARAMETERS              ║
[mpc_node-2] [INFO] [1789312742.091952823] [mpc_path_tracking]: ╚══════════════════════════════════════════════════════════════╝
[mpc_node-2] [INFO] [1789312742.091961829] [mpc_path_tracking]: ──── Topics ────
[mpc_node-2] [INFO] [1789312742.091972352] [mpc_path_tracking]:   odom_topic                : /odom
[mpc_node-2] [INFO] [1789312742.091982294] [mpc_path_tracking]:   waypoint_topic            : /raceline_waypoints
[mpc_node-2] [INFO] [1789312742.092624135] [mpc_path_tracking]:   drive_topic               : mpc/drive_cmd
[mpc_node-2] [INFO] [1789312742.093389537] [mpc_path_tracking]:   predicted_trajectory_topic : /mpc/predicted_path
[mpc_node-2] [INFO] [1789312742.095856910] [mpc_path_tracking]:   status_topic              : /mpc/status
[mpc_node-2] [INFO] [1789312742.095882639] [mpc_path_tracking]:   debug_topic_prefix        : /mpc/debug
[mpc_node-2] [INFO] [1789312742.095893519] [mpc_path_tracking]:   enable_topic              : Start_Working_mpc
[mpc_node-2] [INFO] [1789312742.095902102] [mpc_path_tracking]:   param_service             : mpc/update_params
[mpc_node-2] [INFO] [1789312742.095915223] [mpc_path_tracking]: ──── Mode ────
[mpc_node-2] [INFO] [1789312742.095925226] [mpc_path_tracking]:   standalone_mode           : false
[mpc_node-2] [INFO] [1789312742.095939977] [mpc_path_tracking]: ──── Horizon / Timing ────
[mpc_node-2] [INFO] [1789312742.095949282] [mpc_path_tracking]:   N                         : 20
[mpc_node-2] [INFO] [1789312742.095959562] [mpc_path_tracking]:   dt_min                    : 0.0200 s
[mpc_node-2] [INFO] [1789312742.095974001] [mpc_path_tracking]:   dt_max                    : 0.0700 s
[mpc_node-2] [INFO] [1789312742.095984579] [mpc_path_tracking]:   dt_adaptive               : false
[mpc_node-2] [INFO] [1789312742.095993928] [mpc_path_tracking]:   horizon_distance_m        : 5.50 m
[mpc_node-2] [INFO] [1789312742.096004329] [mpc_path_tracking]:   adaptive_distance         : true
[mpc_node-2] [INFO] [1789312742.096014170] [mpc_path_tracking]:   distance_gain             : 1.40 s
[mpc_node-2] [INFO] [1789312742.096024422] [mpc_path_tracking]:   distance_curvature_gain   : 40.00 m
[mpc_node-2] [INFO] [1789312742.096036101] [mpc_path_tracking]:   control_rate_hz           : 20.0 Hz
[mpc_node-2] [INFO] [1789312742.096046365] [mpc_path_tracking]: ──── Cost Matrices ────
[mpc_node-2] [INFO] [1789312742.096060579] [mpc_path_tracking]:   Q      [e_y, e_psi, vx_err, vy, r_err] : [10.0000, 5.0000, 25.0000, 0.0000, 100.0000]
[mpc_node-2] [INFO] [1789312742.096073177] [mpc_path_tracking]:   R      [steering, accel]                : [10.0000, 1.0000]
[mpc_node-2] [INFO] [1789312742.096084919] [mpc_path_tracking]:   R_rate [steering, accel]                : [10.0000, 50.0000]
[mpc_node-2] [INFO] [1789312742.096097559] [mpc_path_tracking]:   Qf     [e_y, e_psi, vx_err, vy, r_err] : [10.0000, 5.0000, 25.0000, 0.0000, 100.0000]
[mpc_node-2] [INFO] [1789312742.096112258] [mpc_path_tracking]: ──── Vehicle Geometry / Mass ────
[mpc_node-2] [INFO] [1789312742.096122149] [mpc_path_tracking]:   mass                      : 269.8400 kg
[mpc_node-2] [INFO] [1789312742.096135316] [mpc_path_tracking]:   Iz                        : 51.10000 kg·m²
[mpc_node-2] [INFO] [1789312742.096147261] [mpc_path_tracking]:   l_f                       : 0.7381 m
[mpc_node-2] [INFO] [1789312742.096157882] [mpc_path_tracking]:   l_r                       : 0.7954 m
[mpc_node-2] [INFO] [1789312742.096168206] [mpc_path_tracking]:   h_cg                      : 0.3154 m
[mpc_node-2] [INFO] [1789312742.096177626] [mpc_path_tracking]: ──── Pacejka Tire Model ────
[mpc_node-2] [INFO] [1789312742.096188503] [mpc_path_tracking]:   Front: Bf=10.0000  Cf=1.9000  Df=1.5000  Ef=0.9700
[mpc_node-2] [INFO] [1789312742.096203372] [mpc_path_tracking]:   Rear:  Br=10.0000  Cr=1.9000  Dr=1.5000  Er=0.9700
[mpc_node-2] [INFO] [1789312742.096216580] [mpc_path_tracking]: ──── Actuator Limits ────
[mpc_node-2] [INFO] [1789312742.096226060] [mpc_path_tracking]:   steering_angle_max        : 0.2793 rad
[mpc_node-2] [INFO] [1789312742.096263283] [mpc_path_tracking]:   steering_angle_min        : -0.2793 rad
[mpc_node-2] [INFO] [1789312742.096277027] [mpc_path_tracking]:   steering_rate_max         : 1.00 rad/s
[mpc_node-2] [INFO] [1789312742.096287431] [mpc_path_tracking]:   speed_max                 : 27.77 m/s
[mpc_node-2] [INFO] [1789312742.096298424] [mpc_path_tracking]:   speed_min                 : 0.00 m/s
[mpc_node-2] [INFO] [1789312742.096308719] [mpc_path_tracking]:   accel_max                 : 5.71 m/s²
[mpc_node-2] [INFO] [1789312742.096319861] [mpc_path_tracking]:   decel_max                 : 3.71 m/s²
[mpc_node-2] [INFO] [1789312742.096329945] [mpc_path_tracking]:   jerk_max                  : 1000.00 m/s³
[mpc_node-2] [INFO] [1789312742.096345047] [mpc_path_tracking]:   lateral_accel_max         : 6.50 m/s²
[mpc_node-2] [INFO] [1789312742.096359045] [mpc_path_tracking]:   grip_utilization          : 0.75 of identified ceiling
[mpc_node-2] [INFO] [1789312742.096370482] [mpc_path_tracking]:   drivetrain_tau_s          : 2.770 s
[mpc_node-2] [INFO] [1789312742.096388560] [mpc_path_tracking]:   drivetrain_tau_decel_s    : -0.200 s
[mpc_node-2] [INFO] [1789312742.096402307] [mpc_path_tracking]:   drivetrain_tau_auto       : true (identified online)
[mpc_node-2] [INFO] [1789312742.096413291] [mpc_path_tracking]: ──── Solver Settings ────
[mpc_node-2] [INFO] [1789312742.096422739] [mpc_path_tracking]:   solve_on_new_odom         : true (skip cycles with no new odom)
[mpc_node-2] [INFO] [1789312742.096439210] [mpc_path_tracking]:   backend                   : acados
[mpc_node-2] [INFO] [1789312742.096451873] [mpc_path_tracking]:   max_iter                  : 200
[mpc_node-2] [INFO] [1789312742.096462633] [mpc_path_tracking]:   eps_abs                   : 1.0e-04
[mpc_node-2] [INFO] [1789312742.096490271] [mpc_path_tracking]:   eps_rel                   : 1.0e-04
[mpc_node-2] [INFO] [1789312742.096502322] [mpc_path_tracking]:   warm_start                : true
[mpc_node-2] [INFO] [1789312742.096513220] [mpc_path_tracking]:   polish                    : true
[mpc_node-2] [INFO] [1789312742.096614988] [mpc_path_tracking]:   time_limit_ms             : 15.0 ms
[mpc_node-2] [INFO] [1789312742.096633641] [mpc_path_tracking]:   fallback_on_failure       : hold_last
[mpc_node-2] [INFO] [1789312742.096644741] [mpc_path_tracking]: ──── Acados Settings (used iff solver.backend == "acados") ────
[mpc_node-2] [INFO] [1789312742.096656007] [mpc_path_tracking]:   qp_solver                 : PARTIAL_CONDENSING_HPIPM
[mpc_node-2] [INFO] [1789312742.096667018] [mpc_path_tracking]:   cond_N                    : 5
[mpc_node-2] [INFO] [1789312742.096695522] [mpc_path_tracking]:   iter_max                  : 1000
[mpc_node-2] [INFO] [1789312742.096710632] [mpc_path_tracking]:   tol_stat/eq/ineq/comp     : 1.0e-04 / 1.0e-04 / 1.0e-04 / 1.0e-04
[mpc_node-2] [INFO] [1789312742.096728238] [mpc_path_tracking]:   warm_start                : true
[mpc_node-2] [INFO] [1789312742.096740377] [mpc_path_tracking]:   print_level               : 0
[mpc_node-2] [INFO] [1789312742.096750858] [mpc_path_tracking]: ──── Debug / Diagnostics ────
[mpc_node-2] [INFO] [1789312742.096761355] [mpc_path_tracking]:   enabled                   : true
[mpc_node-2] [INFO] [1789312742.096772218] [mpc_path_tracking]:   publish_predicted_path    : true
[mpc_node-2] [INFO] [1789312742.096782897] [mpc_path_tracking]:   publish_cost_breakdown    : true
[mpc_node-2] [INFO] [1789312742.096792479] [mpc_path_tracking]:   log_solve_time            : true
[mpc_node-2] [INFO] [1789312742.096800793] [mpc_path_tracking]:   log_level                 : info
[mpc_node-2] [INFO] [1789312742.096808203] [mpc_path_tracking]: ══════════════════════════════════════════════════════════════
[mpc_node-2] [WARN] [1789312742.097254533] [mpc_path_tracking]: horizon.dt_min=0.0200s is shorter than the control period (1/control_rate_hz=0.0500s) - raising dt_min to 0.0500s to keep the internal step >= the actual command-hold time
[mpc_node-2] [WARN] [1789312742.100905481] [mpc_path_tracking]: horizon.dt_min=0.0200s is shorter than the control period (1/control_rate_hz=0.0500s) - raising dt_min to 0.0500s to keep the internal step >= the actual command-hold time
[mpc_node-2] [INFO] [1789312742.112637153] [mpc_path_tracking]: mpc_path_tracking ready: odom=/odom waypoints=/raceline_waypoints drive=mpc/drive_cmd standalone=false backend=acados
[mpc_node-2] [WARN] [1789312742.112690129] [mpc_path_tracking]: model check: C_front=39129 N/rad C_rear=36314 N/rad -> OVERSTEERING, prediction model is open-loop unstable above v_crit=1844970076.0 m/s; every horizon stage linearized above that speed diverges and the QP becomes ill-conditioned
[mpc_node-2] [INFO] [1789312742.124901424] [mpc_path_tracking]: loaded 2916 raceline waypoints at speed cap 27.77 m/s, lateral cap 6.50 m/s^2 (0.66 g, limits.lateral_accel_max, no tire identification yet); reference now peaks at 4.98 m/s^2 (0.51 g)
[mpc_node-2] [WARN] [1789312742.124964844] [mpc_path_tracking]: raceline speed profile exceeds limits.speed_max=27.77 m/s at 1343/2916 waypoints (max 27.78 m/s, 1.0x the limit) - clamped. The raceline was optimized for a faster vehicle than this one; regenerate it with v_max=27.77 m/s for a usable speed profile. Raising limits.speed_max only helps if the VEHICLE can really go that fast - the cap must describe the plant, not the ambition.
[mpc_node-2] [WARN] [1789312742.165965996] [mpc_path_tracking]: fallback active (hold_last): QP solve failed: acados MINSTEP (code 3, 1 iters, 1000 allowed) | worst stage k=0: rho(Ad)=35553.778 at v_ref=0.0 m/s, kappa=0.0001 1/m, dt=0.050 s -> prediction grows 1e+91.0 over N=20
[adaptive_controller_benchmark_node-4] [INFO] [1789312742.248739449] [adaptive_controller_benchmark_node]: CSV logging enabled: /home/ebrahim/Ebrahim_Master_Thesis_repo/graphs/control/ours/raw/controller.csv
[adaptive_controller_benchmark_node-4] [INFO] [1789312742.250208459] [adaptive_controller_benchmark_node]: adaptive_controller_benchmark_node started
[adaptive_controller_benchmark_node-4] [INFO] [1789312742.250900834] [adaptive_controller_benchmark_node]: Driving tick topic: manager/state
[adaptive_controller_benchmark_node-4] [INFO] [1789312742.251597540] [adaptive_controller_benchmark_node]: Plot export enabled -> /home/ebrahim/Ebrahim_Master_Thesis_repo/graphs/control/ours (on shutdown)
[adaptive_controller_benchmark_node-4] [INFO] [1789312742.252228120] [adaptive_controller_benchmark_node]: CSV logging enabled -> /home/ebrahim/Ebrahim_Master_Thesis_repo/graphs/control/ours/raw/controller.csv
[adaptive_controller_manager_node-3] [INFO] [1789312743.784638233] [adaptive_controller_manager]: [status] active=BOOTSTRAP state=BOOTSTRAP_PP | pp: health=BAD state=idle | mpc: health=BAD | v_x=0.00 e_y=2.651 theta=0.022 | params: stored_v=0 fwd_v=0 pending=no
[mpc_node-2] [WARN] [1789312744.167253680] [mpc_path_tracking]: fallback active (hold_last): QP solve failed: acados MINSTEP (code 3, 1 iters, 1000 allowed) | worst stage k=0: rho(Ad)=35553.778 at v_ref=0.0 m/s, kappa=0.0001 1/m, dt=0.050 s -> prediction grows 1e+91.0 over N=20
[pure_pursuit_node.py-1] [INFO] [1789312744.718735525] [pure_pursuit]: Pure Pursuit Node initialized
[pure_pursuit_node.py-1] [INFO] [1789312744.719274415] [pure_pursuit]: Lookahead: FIXED at 5.50 m
[pure_pursuit_node.py-1] [INFO] [1789312744.719897104] [pure_pursuit]: Speed reference: FIXED at 11.00 m/s (per-waypoint vx_mps ignored)
[pure_pursuit_node.py-1] [INFO] [1789312745.076134526] [pure_pursuit]: Received 2916 waypoints
[adaptive_controller_manager_node-3] [INFO] [1789312745.084547390] [adaptive_controller_manager]: PP confirmed active - RUNNING_PP
[mpc_node-2] [WARN] [1789312745.163918071] [mpc_path_tracking]: steering rate saturated: 0.0500 rad in 0.050 s = 1.00 rad/s at the limits.steering_rate_max cap of 1.00 rad/s
[adaptive_controller_manager_node-3] [INFO] [1789312745.804639807] [adaptive_controller_manager]: [status] active=PURE PURSUIT state=RUNNING_PP | pp: health=ok state=active | mpc: health=BAD | v_x=0.79 e_y=2.633 theta=-0.016 | params: stored_v=0 fwd_v=0 pending=no
[adaptive_controller_benchmark_node-4] [INFO] [1789312746.246300564] [adaptive_controller_benchmark_node]: [t=   4.0s] N=200 RMS(e_y)=2.6411m Max|e_y|=2.6509m RMS(heading)=0.0368rad switches=0 emergency_halts=0 laps=0
[adaptive_controller_manager_node-3] [INFO] [1789312747.824594497] [adaptive_controller_manager]: [status] active=PURE PURSUIT state=RUNNING_PP | pp: health=ok state=active | mpc: health=ok | v_x=10.31 e_y=-0.106 theta=0.035 | params: stored_v=0 fwd_v=0 pending=no
[adaptive_controller_manager_node-3] [INFO] [1789312749.824694828] [adaptive_controller_manager]: [status] active=PURE PURSUIT state=RUNNING_PP | pp: health=ok state=active | mpc: health=ok | v_x=11.04 e_y=-0.006 theta=0.000 | params: stored_v=0 fwd_v=0 pending=no
[adaptive_controller_benchmark_node-4] [INFO] [1789312750.246058829] [adaptive_controller_benchmark_node]: [t=   8.0s] N=400 RMS(e_y)=1.9486m Max|e_y|=2.6509m RMS(heading)=0.0968rad switches=0 emergency_halts=0 laps=0
[adaptive_controller_manager_node-3] [INFO] [1789312751.844626053] [adaptive_controller_manager]: [status] active=PURE PURSUIT state=RUNNING_PP | pp: health=ok state=active | mpc: health=ok | v_x=11.01 e_y=0.008 theta=0.002 | params: stored_v=0 fwd_v=0 pending=no
[adaptive_controller_manager_node-3] [INFO] [1789312753.844679923] [adaptive_controller_manager]: [status] active=PURE PURSUIT state=RUNNING_PP | pp: health=ok state=active | mpc: health=ok | v_x=11.00 e_y=-0.001 theta=-0.000 | params: stored_v=0 fwd_v=0 pending=no
[adaptive_controller_benchmark_node-4] [INFO] [1789312754.245736349] [adaptive_controller_benchmark_node]: [t=  12.0s] N=600 RMS(e_y)=1.5910m Max|e_y|=2.6509m RMS(heading)=0.0790rad switches=0 emergency_halts=0 laps=0
[adaptive_controller_manager_node-3] [INFO] [1789312755.864630137] [adaptive_controller_manager]: [status] active=PURE PURSUIT state=RUNNING_PP | pp: health=ok state=active | mpc: health=ok | v_x=11.00 e_y=0.003 theta=-0.001 | params: stored_v=0 fwd_v=0 pending=no
[adaptive_controller_manager_node-3] [INFO] [1789312757.884630656] [adaptive_controller_manager]: [status] active=PURE PURSUIT state=RUNNING_PP | pp: health=ok state=active | mpc: health=ok | v_x=11.00 e_y=0.010 theta=-0.000 | params: stored_v=0 fwd_v=0 pending=no
[adaptive_controller_benchmark_node-4] [INFO] [1789312758.245745817] [adaptive_controller_benchmark_node]: [t=  16.0s] N=800 RMS(e_y)=1.3779m Max|e_y|=2.6509m RMS(heading)=0.0685rad switches=0 emergency_halts=0 laps=0
[adaptive_controller_manager_node-3] [INFO] [1789312759.904597588] [adaptive_controller_manager]: [status] active=PURE PURSUIT state=RUNNING_PP | pp: health=ok state=active | mpc: health=ok | v_x=11.00 e_y=0.053 theta=-0.007 | params: stored_v=0 fwd_v=0 pending=no
[adaptive_controller_manager_node-3] [INFO] [1789312761.904601954] [adaptive_controller_manager]: [status] active=PURE PURSUIT state=RUNNING_PP | pp: health=ok state=active | mpc: health=ok | v_x=11.00 e_y=0.036 theta=-0.008 | params: stored_v=0 fwd_v=0 pending=no
[adaptive_controller_benchmark_node-4] [INFO] [1789312762.245572641] [adaptive_controller_benchmark_node]: [t=  20.0s] N=1000 RMS(e_y)=1.2326m Max|e_y|=2.6509m RMS(heading)=0.0613rad switches=0 emergency_halts=0 laps=0
[adaptive_controller_manager_node-3] [INFO] [1789312763.924623613] [adaptive_controller_manager]: [status] active=PURE PURSUIT state=RUNNING_PP | pp: health=ok state=active | mpc: health=ok | v_x=11.00 e_y=0.013 theta=0.003 | params: stored_v=0 fwd_v=0 pending=no
[adaptive_controller_manager_node-3] [INFO] [1789312765.944660928] [adaptive_controller_manager]: [status] active=PURE PURSUIT state=RUNNING_PP | pp: health=ok state=active | mpc: health=ok | v_x=11.00 e_y=-0.006 theta=0.001 | params: stored_v=0 fwd_v=0 pending=no
[adaptive_controller_benchmark_node-4] [INFO] [1789312766.245757693] [adaptive_controller_benchmark_node]: [t=  24.0s] N=1200 RMS(e_y)=1.1252m Max|e_y|=2.6509m RMS(heading)=0.0560rad switches=0 emergency_halts=0 laps=0
[adaptive_controller_manager_node-3] [INFO] [1789312767.964484798] [adaptive_controller_manager]: [status] active=PURE PURSUIT state=RUNNING_PP | pp: health=ok state=active | mpc: health=ok | v_x=11.00 e_y=-0.021 theta=-0.000 | params: stored_v=0 fwd_v=0 pending=no
[adaptive_controller_manager_node-3] [INFO] [1789312769.964495269] [adaptive_controller_manager]: [status] active=PURE PURSUIT state=RUNNING_PP | pp: health=ok state=active | mpc: health=ok | v_x=11.00 e_y=-0.034 theta=0.004 | params: stored_v=0 fwd_v=0 pending=no
[adaptive_controller_benchmark_node-4] [INFO] [1789312770.245397335] [adaptive_controller_benchmark_node]: [t=  28.0s] N=1400 RMS(e_y)=1.0418m Max|e_y|=2.6509m RMS(heading)=0.0518rad switches=0 emergency_halts=0 laps=0
[adaptive_controller_manager_node-3] [INFO] [1789312771.984549606] [adaptive_controller_manager]: [status] active=PURE PURSUIT state=RUNNING_PP | pp: health=ok state=active | mpc: health=ok | v_x=11.00 e_y=-0.021 theta=0.004 | params: stored_v=0 fwd_v=0 pending=no
[adaptive_controller_manager_node-3] [INFO] [1789312773.984560614] [adaptive_controller_manager]: [status] active=PURE PURSUIT state=RUNNING_PP | pp: health=ok state=active | mpc: health=ok | v_x=11.00 e_y=-0.008 theta=-0.001 | params: stored_v=0 fwd_v=0 pending=no
[adaptive_controller_benchmark_node-4] [INFO] [1789312774.245761018] [adaptive_controller_benchmark_node]: [t=  32.0s] N=1600 RMS(e_y)=0.9745m Max|e_y|=2.6509m RMS(heading)=0.0485rad switches=0 emergency_halts=0 laps=0
[adaptive_controller_manager_node-3] [INFO] [1789312775.984567370] [adaptive_controller_manager]: [status] active=PURE PURSUIT state=RUNNING_PP | pp: health=ok state=active | mpc: health=ok | v_x=11.00 e_y=-0.003 theta=-0.001 | params: stored_v=0 fwd_v=0 pending=no
[adaptive_controller_manager_node-3] [INFO] [1789312778.004494520] [adaptive_controller_manager]: [status] active=PURE PURSUIT state=RUNNING_PP | pp: health=ok state=active | mpc: health=ok | v_x=11.00 e_y=-0.005 theta=0.001 | params: stored_v=0 fwd_v=0 pending=no
[adaptive_controller_benchmark_node-4] [INFO] [1789312778.245356196] [adaptive_controller_benchmark_node]: [t=  36.0s] N=1800 RMS(e_y)=0.9188m Max|e_y|=2.6509m RMS(heading)=0.0457rad switches=0 emergency_halts=0 laps=0
[adaptive_controller_manager_node-3] [INFO] [1789312780.024498741] [adaptive_controller_manager]: [status] active=PURE PURSUIT state=RUNNING_PP | pp: health=ok state=active | mpc: health=ok | v_x=11.00 e_y=0.010 theta=-0.001 | params: stored_v=0 fwd_v=0 pending=no
[adaptive_controller_manager_node-3] [INFO] [1789312782.044542052] [adaptive_controller_manager]: [status] active=PURE PURSUIT state=RUNNING_PP | pp: health=ok state=active | mpc: health=ok | v_x=11.00 e_y=0.135 theta=-0.027 | params: stored_v=0 fwd_v=0 pending=no
[adaptive_controller_benchmark_node-4] [INFO] [1789312782.245550611] [adaptive_controller_benchmark_node]: [t=  40.0s] N=2000 RMS(e_y)=0.8719m Max|e_y|=2.6509m RMS(heading)=0.0434rad switches=0 emergency_halts=0 laps=0
[adaptive_controller_manager_node-3] [INFO] [1789312784.064616114] [adaptive_controller_manager]: [status] active=PURE PURSUIT state=RUNNING_PP | pp: health=ok state=active | mpc: health=ok | v_x=11.00 e_y=0.065 theta=0.002 | params: stored_v=0 fwd_v=0 pending=no
[adaptive_controller_manager_node-3] [INFO] [1789312786.084500411] [adaptive_controller_manager]: [status] active=PURE PURSUIT state=RUNNING_PP | pp: health=ok state=active | mpc: health=ok | v_x=11.00 e_y=-0.006 theta=-0.002 | params: stored_v=0 fwd_v=0 pending=no
[adaptive_controller_benchmark_node-4] [INFO] [1789312786.245583784] [adaptive_controller_benchmark_node]: [t=  44.0s] N=2200 RMS(e_y)=0.8320m Max|e_y|=2.6509m RMS(heading)=0.0416rad switches=0 emergency_halts=0 laps=0
[adaptive_controller_manager_node-3] [INFO] [1789312788.084524599] [adaptive_controller_manager]: [status] active=PURE PURSUIT state=RUNNING_PP | pp: health=ok state=active | mpc: health=ok | v_x=10.99 e_y=-0.133 theta=0.027 | params: stored_v=0 fwd_v=0 pending=no
[adaptive_controller_manager_node-3] [INFO] [1789312790.084596526] [adaptive_controller_manager]: [status] active=PURE PURSUIT state=RUNNING_PP | pp: health=ok state=active | mpc: health=ok | v_x=11.00 e_y=-0.149 theta=0.034 | params: stored_v=0 fwd_v=0 pending=no
[adaptive_controller_benchmark_node-4] [INFO] [1789312790.245499455] [adaptive_controller_benchmark_node]: [t=  48.0s] N=2400 RMS(e_y)=0.7980m Max|e_y|=2.6509m RMS(heading)=0.0403rad switches=0 emergency_halts=0 laps=0
[adaptive_controller_manager_node-3] [INFO] [1789312792.085819355] [adaptive_controller_manager]: [status] active=PURE PURSUIT state=RUNNING_PP | pp: health=ok state=active | mpc: health=ok | v_x=11.00 e_y=0.002 theta=-0.003 | params: stored_v=0 fwd_v=0 pending=no
[adaptive_controller_manager_node-3] [INFO] [1789312794.104399048] [adaptive_controller_manager]: [status] active=PURE PURSUIT state=RUNNING_PP | pp: health=ok state=active | mpc: health=ok | v_x=11.00 e_y=-0.010 theta=0.002 | params: stored_v=0 fwd_v=0 pending=no
[adaptive_controller_benchmark_node-4] [INFO] [1789312794.245782729] [adaptive_controller_benchmark_node]: [t=  52.0s] N=2600 RMS(e_y)=0.7667m Max|e_y|=2.6509m RMS(heading)=0.0387rad switches=0 emergency_halts=0 laps=0
[adaptive_controller_manager_node-3] [INFO] [1789312796.124559383] [adaptive_controller_manager]: [status] active=PURE PURSUIT state=RUNNING_PP | pp: health=ok state=active | mpc: health=ok | v_x=11.00 e_y=-0.029 theta=-0.006 | params: stored_v=0 fwd_v=0 pending=no
[adaptive_controller_manager_node-3] [INFO] [1789312798.144390169] [adaptive_controller_manager]: [status] active=PURE PURSUIT state=RUNNING_PP | pp: health=ok state=active | mpc: health=ok | v_x=11.00 e_y=-0.070 theta=-0.006 | params: stored_v=0 fwd_v=0 pending=no
[adaptive_controller_benchmark_node-4] [INFO] [1789312798.246080171] [adaptive_controller_benchmark_node]: [t=  56.0s] N=2800 RMS(e_y)=0.7389m Max|e_y|=2.6509m RMS(heading)=0.0373rad switches=0 emergency_halts=0 laps=0
[adaptive_controller_manager_node-3] [INFO] [1789312800.144401139] [adaptive_controller_manager]: [status] active=PURE PURSUIT state=RUNNING_PP | pp: health=ok state=active | mpc: health=ok | v_x=11.00 e_y=-0.022 theta=0.000 | params: stored_v=0 fwd_v=0 pending=no
[adaptive_controller_manager_node-3] [INFO] [1789312802.164411305] [adaptive_controller_manager]: [status] active=PURE PURSUIT state=RUNNING_PP | pp: health=ok state=active | mpc: health=ok | v_x=11.00 e_y=0.003 theta=-0.001 | params: stored_v=0 fwd_v=0 pending=no
[adaptive_controller_benchmark_node-4] [INFO] [1789312802.245858969] [adaptive_controller_benchmark_node]: [t=  60.0s] N=3000 RMS(e_y)=0.7139m Max|e_y|=2.6509m RMS(heading)=0.0361rad switches=0 emergency_halts=0 laps=0
[adaptive_controller_manager_node-3] [INFO] [1789312804.184313552] [adaptive_controller_manager]: [status] active=PURE PURSUIT state=RUNNING_PP | pp: health=ok state=active | mpc: health=ok | v_x=11.00 e_y=0.003 theta=-0.001 | params: stored_v=0 fwd_v=0 pending=no
[adaptive_controller_manager_node-3] [INFO] [1789312806.184375498] [adaptive_controller_manager]: [status] active=PURE PURSUIT state=RUNNING_PP | pp: health=ok state=active | mpc: health=ok | v_x=11.00 e_y=0.001 theta=-0.000 | params: stored_v=0 fwd_v=0 pending=no
[adaptive_controller_benchmark_node-4] [INFO] [1789312806.245910706] [adaptive_controller_benchmark_node]: [t=  64.0s] N=3200 RMS(e_y)=0.6913m Max|e_y|=2.6509m RMS(heading)=0.0349rad switches=0 emergency_halts=0 laps=0
[adaptive_controller_manager_node-3] [INFO] [1789312808.204346600] [adaptive_controller_manager]: [status] active=PURE PURSUIT state=RUNNING_PP | pp: health=ok state=active | mpc: health=ok | v_x=11.00 e_y=0.003 theta=-0.000 | params: stored_v=0 fwd_v=0 pending=no
[adaptive_controller_manager_node-3] [INFO] [1789312810.224376939] [adaptive_controller_manager]: [status] active=PURE PURSUIT state=RUNNING_PP | pp: health=ok state=active | mpc: health=ok | v_x=11.00 e_y=0.003 theta=-0.001 | params: stored_v=0 fwd_v=0 pending=no
[adaptive_controller_benchmark_node-4] [INFO] [1789312810.245653419] [adaptive_controller_benchmark_node]: [t=  68.0s] N=3400 RMS(e_y)=0.6706m Max|e_y|=2.6509m RMS(heading)=0.0339rad switches=0 emergency_halts=0 laps=0
[adaptive_controller_manager_node-3] [INFO] [1789312812.244334724] [adaptive_controller_manager]: [status] active=PURE PURSUIT state=RUNNING_PP | pp: health=ok state=active | mpc: health=ok | v_x=11.00 e_y=0.005 theta=-0.001 | params: stored_v=0 fwd_v=0 pending=no
[adaptive_controller_manager_node-3] [INFO] [1789312814.244343274] [adaptive_controller_manager]: [status] active=PURE PURSUIT state=RUNNING_PP | pp: health=ok state=active | mpc: health=ok | v_x=11.00 e_y=0.004 theta=-0.001 | params: stored_v=0 fwd_v=0 pending=no
[adaptive_controller_benchmark_node-4] [INFO] [1789312814.245719185] [adaptive_controller_benchmark_node]: [t=  72.0s] N=3600 RMS(e_y)=0.6517m Max|e_y|=2.6509m RMS(heading)=0.0329rad switches=0 emergency_halts=0 laps=0
[adaptive_controller_manager_node-3] [INFO] [1789312816.264258367] [adaptive_controller_manager]: [status] active=PURE PURSUIT state=RUNNING_PP | pp: health=ok state=active | mpc: health=ok | v_x=11.00 e_y=0.004 theta=-0.001 | params: stored_v=0 fwd_v=0 pending=no
[adaptive_controller_benchmark_node-4] [INFO] [1789312818.245194294] [adaptive_controller_benchmark_node]: [t=  76.0s] N=3800 RMS(e_y)=0.6343m Max|e_y|=2.6509m RMS(heading)=0.0321rad switches=0 emergency_halts=0 laps=0
[adaptive_controller_manager_node-3] [INFO] [1789312818.284315405] [adaptive_controller_manager]: [status] active=PURE PURSUIT state=RUNNING_PP | pp: health=ok state=active | mpc: health=ok | v_x=11.00 e_y=0.003 theta=-0.001 | params: stored_v=0 fwd_v=0 pending=no
[adaptive_controller_manager_node-3] [INFO] [1789312819.460455333] [adaptive_controller_manager]: sysid/update_params: accepted and stored new tire params
[adaptive_controller_manager_node-3] [INFO] [1789312819.464197447] [adaptive_controller_manager]: [status] stored params awaiting arming: convergence
[mpc_node-2] [INFO] [1789312819.524403066] [mpc_path_tracking]: tire params updated via mpc/update_params
[mpc_node-2] [INFO] [1789312819.524472499] [mpc_path_tracking]: model check: C_front=13194 N/rad C_rear=13901 N/rad -> understeering, linearization stable at all speeds
[mpc_node-2] [INFO] [1789312819.524739951] [mpc_path_tracking]: loaded 2916 raceline waypoints at speed cap 27.77 m/s, lateral cap 6.50 m/s^2 (0.66 g, identified grip ceiling 9.87 m/s^2 x 0.75 utilization = 7.40, capped by limits.lateral_accel_max 6.50); reference now peaks at 4.98 m/s^2 (0.51 g)
[mpc_node-2] [WARN] [1789312819.524766400] [mpc_path_tracking]: raceline speed profile exceeds limits.speed_max=27.77 m/s at 1343/2916 waypoints (max 27.78 m/s, 1.0x the limit) - clamped. The raceline was optimized for a faster vehicle than this one; regenerate it with v_max=27.77 m/s for a usable speed profile. Raising limits.speed_max only helps if the VEHICLE can really go that fast - the cap must describe the plant, not the ambition.
[adaptive_controller_manager_node-3] [INFO] [1789312819.544124710] [adaptive_controller_manager]: Beginning switch to MPC (v_frozen=11.00)
[adaptive_controller_manager_node-3] [INFO] [1789312820.304211292] [adaptive_controller_manager]: [status] active=SWITCHING -> MPC state=SWITCHING_TO_MPC | pp: health=ok state=active | mpc: health=ok | v_x=12.59 e_y=-0.010 theta=-0.002 | params: stored_v=1 fwd_v=1 pending=no
[adaptive_controller_manager_node-3] [INFO] [1789312820.564111291] [adaptive_controller_manager]: Switch to MPC complete
[adaptive_controller_benchmark_node-4] [INFO] [1789312822.245407216] [adaptive_controller_benchmark_node]: [t=  80.0s] N=4000 RMS(e_y)=0.6183m Max|e_y|=2.6509m RMS(heading)=0.0313rad switches=1 emergency_halts=0 laps=0
[adaptive_controller_manager_node-3] [INFO] [1789312822.304256851] [adaptive_controller_manager]: [status] active=MPC state=RUNNING_MPC | pp: health=ok state=active | mpc: health=ok | v_x=22.95 e_y=-0.044 theta=-0.001 | params: stored_v=1 fwd_v=1 pending=no
[adaptive_controller_manager_node-3] [INFO] [1789312824.324418935] [adaptive_controller_manager]: [status] active=MPC state=RUNNING_MPC | pp: health=ok state=active | mpc: health=ok | v_x=18.00 e_y=0.032 theta=-0.001 | params: stored_v=1 fwd_v=1 pending=no
[adaptive_controller_benchmark_node-4] [INFO] [1789312826.245439162] [adaptive_controller_benchmark_node]: [t=  84.0s] N=4200 RMS(e_y)=0.6035m Max|e_y|=2.6509m RMS(heading)=0.0308rad switches=1 emergency_halts=0 laps=0
[adaptive_controller_manager_node-3] [INFO] [1789312826.344166537] [adaptive_controller_manager]: [status] active=MPC state=RUNNING_MPC | pp: health=ok state=active | mpc: health=ok | v_x=17.05 e_y=0.097 theta=0.034 | params: stored_v=1 fwd_v=1 pending=no
[adaptive_controller_manager_node-3] [INFO] [1789312828.364167099] [adaptive_controller_manager]: [status] active=MPC state=RUNNING_MPC | pp: health=ok state=active | mpc: health=ok | v_x=15.10 e_y=-0.155 theta=0.020 | params: stored_v=1 fwd_v=1 pending=no
[adaptive_controller_benchmark_node-4] [INFO] [1789312830.245086577] [adaptive_controller_benchmark_node]: [t=  88.0s] N=4400 RMS(e_y)=0.5902m Max|e_y|=2.6509m RMS(heading)=0.0303rad switches=1 emergency_halts=0 laps=0
[adaptive_controller_manager_node-3] [INFO] [1789312830.364312586] [adaptive_controller_manager]: [status] active=MPC state=RUNNING_MPC | pp: health=ok state=active | mpc: health=ok | v_x=15.41 e_y=0.059 theta=-0.003 | params: stored_v=1 fwd_v=1 pending=no
[adaptive_controller_manager_node-3] [INFO] [1789312832.384093109] [adaptive_controller_manager]: [status] active=MPC state=RUNNING_MPC | pp: health=ok state=active | mpc: health=ok | v_x=14.09 e_y=0.102 theta=-0.017 | params: stored_v=1 fwd_v=1 pending=no
[adaptive_controller_benchmark_node-4] [INFO] [1789312834.245712616] [adaptive_controller_benchmark_node]: [t=  92.0s] N=4600 RMS(e_y)=0.5778m Max|e_y|=2.6509m RMS(heading)=0.0302rad switches=1 emergency_halts=0 laps=0
[adaptive_controller_manager_node-3] [INFO] [1789312834.384184352] [adaptive_controller_manager]: [status] active=MPC state=RUNNING_MPC | pp: health=ok state=active | mpc: health=ok | v_x=15.40 e_y=0.078 theta=-0.013 | params: stored_v=1 fwd_v=1 pending=no
[adaptive_controller_manager_node-3] [INFO] [1789312836.384252935] [adaptive_controller_manager]: [status] active=MPC state=RUNNING_MPC | pp: health=ok state=active | mpc: health=ok | v_x=22.74 e_y=-0.113 theta=-0.006 | params: stored_v=1 fwd_v=1 pending=no
[adaptive_controller_benchmark_node-4] [INFO] [1789312838.245515736] [adaptive_controller_benchmark_node]: [t=  96.0s] N=4800 RMS(e_y)=0.5660m Max|e_y|=2.6509m RMS(heading)=0.0298rad switches=1 emergency_halts=0 laps=0
[adaptive_controller_manager_node-3] [INFO] [1789312838.404194062] [adaptive_controller_manager]: [status] active=MPC state=RUNNING_MPC | pp: health=ok state=active | mpc: health=ok | v_x=27.38 e_y=-0.077 theta=-0.012 | params: stored_v=1 fwd_v=1 pending=no
[adaptive_controller_manager_node-3] [INFO] [1789312840.424102557] [adaptive_controller_manager]: [status] active=MPC state=RUNNING_MPC | pp: health=ok state=active | mpc: health=ok | v_x=27.74 e_y=-0.172 theta=-0.017 | params: stored_v=1 fwd_v=1 pending=no
[adaptive_controller_benchmark_node-4] [INFO] [1789312842.245374382] [adaptive_controller_benchmark_node]: [t= 100.0s] N=5000 RMS(e_y)=0.5553m Max|e_y|=2.6509m RMS(heading)=0.0295rad switches=1 emergency_halts=0 laps=0
[adaptive_controller_manager_node-3] [INFO] [1789312842.424150004] [adaptive_controller_manager]: [status] active=MPC state=RUNNING_MPC | pp: health=ok state=active | mpc: health=ok | v_x=27.77 e_y=-0.149 theta=-0.004 | params: stored_v=1 fwd_v=1 pending=no
[adaptive_controller_manager_node-3] [INFO] [1789312844.444059557] [adaptive_controller_manager]: [status] active=MPC state=RUNNING_MPC | pp: health=ok state=active | mpc: health=ok | v_x=27.77 e_y=-0.013 theta=-0.001 | params: stored_v=1 fwd_v=1 pending=no
[adaptive_controller_benchmark_node-4] [INFO] [1789312846.245526625] [adaptive_controller_benchmark_node]: [t= 104.0s] N=5200 RMS(e_y)=0.5446m Max|e_y|=2.6509m RMS(heading)=0.0289rad switches=1 emergency_halts=0 laps=0
[adaptive_controller_manager_node-3] [INFO] [1789312846.464159803] [adaptive_controller_manager]: [status] active=MPC state=RUNNING_MPC | pp: health=ok state=active | mpc: health=ok | v_x=27.77 e_y=-0.019 theta=-0.001 | params: stored_v=1 fwd_v=1 pending=no
[adaptive_controller_manager_node-3] [INFO] [1789312848.484049348] [adaptive_controller_manager]: [status] active=MPC state=RUNNING_MPC | pp: health=ok state=active | mpc: health=ok | v_x=23.24 e_y=0.038 theta=-0.001 | params: stored_v=1 fwd_v=1 pending=no
[adaptive_controller_benchmark_node-4] [INFO] [1789312850.245317733] [adaptive_controller_benchmark_node]: [t= 108.0s] N=5400 RMS(e_y)=0.5344m Max|e_y|=2.6509m RMS(heading)=0.0284rad switches=1 emergency_halts=0 laps=0
[adaptive_controller_manager_node-3] [INFO] [1789312850.484176870] [adaptive_controller_manager]: [status] active=MPC state=RUNNING_MPC | pp: health=ok state=active | mpc: health=ok | v_x=20.78 e_y=-0.102 theta=-0.028 | params: stored_v=1 fwd_v=1 pending=no
[adaptive_controller_manager_node-3] [INFO] [1789312852.504161184] [adaptive_controller_manager]: [status] active=MPC state=RUNNING_MPC | pp: health=ok state=active | mpc: health=ok | v_x=24.48 e_y=-0.073 theta=-0.033 | params: stored_v=1 fwd_v=1 pending=no
[adaptive_controller_benchmark_node-4] [INFO] [1789312854.245272357] [adaptive_controller_benchmark_node]: [t= 112.0s] N=5600 RMS(e_y)=0.5253m Max|e_y|=2.6509m RMS(heading)=0.0283rad switches=1 emergency_halts=0 laps=0
[adaptive_controller_manager_node-3] [INFO] [1789312854.523978747] [adaptive_controller_manager]: [status] active=MPC state=RUNNING_MPC | pp: health=ok state=active | mpc: health=ok | v_x=27.53 e_y=-0.061 theta=-0.003 | params: stored_v=1 fwd_v=1 pending=no
[adaptive_controller_manager_node-3] [INFO] [1789312856.523998572] [adaptive_controller_manager]: [status] active=MPC state=RUNNING_MPC | pp: health=ok state=active | mpc: health=ok | v_x=27.75 e_y=-0.062 theta=-0.006 | params: stored_v=1 fwd_v=1 pending=no
[adaptive_controller_benchmark_node-4] [INFO] [1789312858.245161239] [adaptive_controller_benchmark_node]: [t= 116.0s] N=5800 RMS(e_y)=0.5163m Max|e_y|=2.6509m RMS(heading)=0.0278rad switches=1 emergency_halts=0 laps=0
[adaptive_controller_manager_node-3] [INFO] [1789312858.543974901] [adaptive_controller_manager]: [status] active=MPC state=RUNNING_MPC | pp: health=ok state=active | mpc: health=ok | v_x=27.77 e_y=-0.027 theta=-0.001 | params: stored_v=1 fwd_v=1 pending=no
[adaptive_controller_manager_node-3] [INFO] [1789312860.543981927] [adaptive_controller_manager]: [status] active=MPC state=RUNNING_MPC | pp: health=ok state=active | mpc: health=ok | v_x=26.45 e_y=0.048 theta=0.022 | params: stored_v=1 fwd_v=1 pending=no
[adaptive_controller_benchmark_node-4] [INFO] [1789312862.245472259] [adaptive_controller_benchmark_node]: [t= 120.0s] N=6000 RMS(e_y)=0.5078m Max|e_y|=2.6509m RMS(heading)=0.0275rad switches=1 emergency_halts=0 laps=0
[adaptive_controller_manager_node-3] [INFO] [1789312862.564003894] [adaptive_controller_manager]: [status] active=MPC state=RUNNING_MPC | pp: health=ok state=active | mpc: health=ok | v_x=21.86 e_y=-0.035 theta=-0.015 | params: stored_v=1 fwd_v=1 pending=no
[adaptive_controller_manager_node-3] [INFO] [1789312864.583981116] [adaptive_controller_manager]: [status] active=MPC state=RUNNING_MPC | pp: health=ok state=active | mpc: health=ok | v_x=23.41 e_y=-0.061 theta=-0.018 | params: stored_v=1 fwd_v=1 pending=no
[adaptive_controller_benchmark_node-4] [INFO] [1789312866.245314838] [adaptive_controller_benchmark_node]: [t= 124.0s] N=6200 RMS(e_y)=0.4996m Max|e_y|=2.6509m RMS(heading)=0.0272rad switches=1 emergency_halts=0 laps=0
[adaptive_controller_manager_node-3] [INFO] [1789312866.584002317] [adaptive_controller_manager]: [status] active=MPC state=RUNNING_MPC | pp: health=ok state=active | mpc: health=ok | v_x=19.41 e_y=-0.017 theta=0.028 | params: stored_v=1 fwd_v=1 pending=no
[adaptive_controller_manager_node-3] [INFO] [1789312868.603941068] [adaptive_controller_manager]: [status] active=MPC state=RUNNING_MPC | pp: health=ok state=active | mpc: health=ok | v_x=18.96 e_y=0.055 theta=-0.002 | params: stored_v=1 fwd_v=1 pending=no
[adaptive_controller_benchmark_node-4] [INFO] [1789312870.245353920] [adaptive_controller_benchmark_node]: [t= 128.0s] N=6400 RMS(e_y)=0.4918m Max|e_y|=2.6509m RMS(heading)=0.0270rad switches=1 emergency_halts=0 laps=0
[adaptive_controller_manager_node-3] [INFO] [1789312870.623947581] [adaptive_controller_manager]: [status] active=MPC state=RUNNING_MPC | pp: health=ok state=active | mpc: health=ok | v_x=18.34 e_y=-0.092 theta=-0.020 | params: stored_v=1 fwd_v=1 pending=no
[adaptive_controller_manager_node-3] [INFO] [1789312872.623993257] [adaptive_controller_manager]: [status] active=MPC state=RUNNING_MPC | pp: health=ok state=active | mpc: health=ok | v_x=22.00 e_y=-0.021 theta=-0.019 | params: stored_v=1 fwd_v=1 pending=no
[adaptive_controller_benchmark_node-4] [INFO] [1789312874.245098181] [adaptive_controller_benchmark_node]: [t= 132.0s] N=6600 RMS(e_y)=0.4845m Max|e_y|=2.6509m RMS(heading)=0.0269rad switches=1 emergency_halts=0 laps=0
[adaptive_controller_manager_node-3] [INFO] [1789312874.643940274] [adaptive_controller_manager]: [status] active=MPC state=RUNNING_MPC | pp: health=ok state=active | mpc: health=ok | v_x=25.57 e_y=0.062 theta=0.022 | params: stored_v=1 fwd_v=1 pending=no
[adaptive_controller_manager_node-3] [INFO] [1789312876.644006983] [adaptive_controller_manager]: [status] active=MPC state=RUNNING_MPC | pp: health=ok state=active | mpc: health=ok | v_x=27.61 e_y=-0.004 theta=-0.000 | params: stored_v=1 fwd_v=1 pending=no
[adaptive_controller_benchmark_node-4] [INFO] [1789312878.244915613] [adaptive_controller_benchmark_node]: [t= 136.0s] N=6800 RMS(e_y)=0.4774m Max|e_y|=2.6509m RMS(heading)=0.0266rad switches=1 emergency_halts=0 laps=0
[adaptive_controller_manager_node-3] [INFO] [1789312878.644113569] [adaptive_controller_manager]: [status] active=MPC state=RUNNING_MPC | pp: health=ok state=active | mpc: health=ok | v_x=27.76 e_y=-0.007 theta=-0.000 | params: stored_v=1 fwd_v=1 pending=no
[adaptive_controller_manager_node-3] [INFO] [1789312880.663852396] [adaptive_controller_manager]: [status] active=MPC state=RUNNING_MPC | pp: health=ok state=active | mpc: health=ok | v_x=27.77 e_y=-0.011 theta=-0.001 | params: stored_v=1 fwd_v=1 pending=no
[adaptive_controller_benchmark_node-4] [INFO] [1789312882.244796966] [adaptive_controller_benchmark_node]: [t= 140.0s] N=7000 RMS(e_y)=0.4705m Max|e_y|=2.6509m RMS(heading)=0.0262rad switches=1 emergency_halts=0 laps=0
[adaptive_controller_manager_node-3] [INFO] [1789312882.683881238] [adaptive_controller_manager]: [status] active=MPC state=RUNNING_MPC | pp: health=ok state=active | mpc: health=ok | v_x=27.77 e_y=-0.022 theta=-0.001 | params: stored_v=1 fwd_v=1 pending=no
[adaptive_controller_manager_node-3] [INFO] [1789312884.703831559] [adaptive_controller_manager]: [status] active=MPC state=RUNNING_MPC | pp: health=ok state=active | mpc: health=ok | v_x=27.77 e_y=-0.019 theta=-0.001 | params: stored_v=1 fwd_v=1 pending=no
[adaptive_controller_benchmark_node-4] [INFO] [1789312886.245008197] [adaptive_controller_benchmark_node]: [t= 144.0s] N=7200 RMS(e_y)=0.4640m Max|e_y|=2.6509m RMS(heading)=0.0259rad switches=1 emergency_halts=0 laps=0
[adaptive_controller_manager_node-3] [INFO] [1789312886.723889721] [adaptive_controller_manager]: [status] active=MPC state=RUNNING_MPC | pp: health=ok state=active | mpc: health=ok | v_x=27.50 e_y=-0.024 theta=-0.003 | params: stored_v=1 fwd_v=1 pending=no
[adaptive_controller_manager_node-3] [INFO] [1789312888.743841353] [adaptive_controller_manager]: [status] active=MPC state=RUNNING_MPC | pp: health=ok state=active | mpc: health=ok | v_x=18.80 e_y=-0.015 theta=-0.009 | params: stored_v=1 fwd_v=1 pending=no
[adaptive_controller_benchmark_node-4] [INFO] [1789312890.245994343] [adaptive_controller_benchmark_node]: [t= 148.0s] N=7400 RMS(e_y)=0.4577m Max|e_y|=2.6509m RMS(heading)=0.0256rad switches=1 emergency_halts=0 laps=0
[adaptive_controller_manager_node-3] [INFO] [1789312890.763751138] [adaptive_controller_manager]: [status] active=MPC state=RUNNING_MPC | pp: health=ok state=active | mpc: health=ok | v_x=18.69 e_y=-0.040 theta=-0.027 | params: stored_v=1 fwd_v=1 pending=no
[adaptive_controller_manager_node-3] [INFO] [1789312891.818690512] [adaptive_controller_manager]: sysid/update_params: accepted and stored new tire params
[mpc_node-2] [INFO] [1789312891.823899581] [mpc_path_tracking]: tire params updated via mpc/update_params
[mpc_node-2] [INFO] [1789312891.823955154] [mpc_path_tracking]: model check: C_front=13194 N/rad C_rear=13901 N/rad -> understeering, linearization stable at all speeds
[mpc_node-2] [INFO] [1789312891.824254489] [mpc_path_tracking]: loaded 2916 raceline waypoints at speed cap 27.77 m/s, lateral cap 6.50 m/s^2 (0.66 g, identified grip ceiling 9.87 m/s^2 x 0.75 utilization = 7.40, capped by limits.lateral_accel_max 6.50); reference now peaks at 4.98 m/s^2 (0.51 g)
[mpc_node-2] [WARN] [1789312891.824281492] [mpc_path_tracking]: raceline speed profile exceeds limits.speed_max=27.77 m/s at 1343/2916 waypoints (max 27.78 m/s, 1.0x the limit) - clamped. The raceline was optimized for a faster vehicle than this one; regenerate it with v_max=27.77 m/s for a usable speed profile. Raising limits.speed_max only helps if the VEHICLE can really go that fast - the cap must describe the plant, not the ambition.
[adaptive_controller_manager_node-3] [INFO] [1789312892.783880869] [adaptive_controller_manager]: [status] active=MPC state=RUNNING_MPC | pp: health=ok state=active | mpc: health=ok | v_x=19.56 e_y=-0.035 theta=-0.022 | params: stored_v=2 fwd_v=2 pending=no
[adaptive_controller_benchmark_node-4] [INFO] [1789312894.244573001] [adaptive_controller_benchmark_node]: [t= 152.0s] N=7600 RMS(e_y)=0.4517m Max|e_y|=2.6509m RMS(heading)=0.0255rad switches=1 emergency_halts=0 laps=0
[adaptive_controller_manager_node-3] [INFO] [1789312894.803736173] [adaptive_controller_manager]: [status] active=MPC state=RUNNING_MPC | pp: health=ok state=active | mpc: health=ok | v_x=26.42 e_y=-0.058 theta=0.003 | params: stored_v=2 fwd_v=2 pending=no
[adaptive_controller_manager_node-3] [INFO] [1789312896.823711876] [adaptive_controller_manager]: [status] active=MPC state=RUNNING_MPC | pp: health=ok state=active | mpc: health=ok | v_x=27.66 e_y=0.037 theta=0.006 | params: stored_v=2 fwd_v=2 pending=no
[adaptive_controller_benchmark_node-4] [INFO] [1789312898.245051473] [adaptive_controller_benchmark_node]: [t= 156.0s] N=7800 RMS(e_y)=0.4459m Max|e_y|=2.6509m RMS(heading)=0.0252rad switches=1 emergency_halts=0 laps=0
[adaptive_controller_manager_node-3] [INFO] [1789312898.823716813] [adaptive_controller_manager]: [status] active=MPC state=RUNNING_MPC | pp: health=ok state=active | mpc: health=ok | v_x=18.28 e_y=0.033 theta=0.001 | params: stored_v=2 fwd_v=2 pending=no
[adaptive_controller_manager_node-3] [INFO] [1789312900.823748522] [adaptive_controller_manager]: [status] active=MPC state=RUNNING_MPC | pp: health=ok state=active | mpc: health=ok | v_x=9.66 e_y=0.014 theta=-0.000 | params: stored_v=2 fwd_v=2 pending=no
[adaptive_controller_benchmark_node-4] [INFO] [1789312902.244996444] [adaptive_controller_benchmark_node]: [t= 160.0s] N=8000 RMS(e_y)=0.4403m Max|e_y|=2.6509m RMS(heading)=0.0249rad switches=1 emergency_halts=0 laps=0
[adaptive_controller_manager_node-3] [INFO] [1789312902.823823331] [adaptive_controller_manager]: [status] active=MPC state=RUNNING_MPC | pp: health=ok state=active | mpc: health=ok | v_x=9.63 e_y=-0.141 theta=-0.014 | params: stored_v=2 fwd_v=2 pending=no
[adaptive_controller_manager_node-3] [INFO] [1789312904.843718304] [adaptive_controller_manager]: [status] active=MPC state=RUNNING_MPC | pp: health=ok state=active | mpc: health=ok | v_x=12.06 e_y=-0.345 theta=0.035 | params: stored_v=2 fwd_v=2 pending=no
[adaptive_controller_benchmark_node-4] [INFO] [1789312906.244885802] [adaptive_controller_benchmark_node]: [t= 164.0s] N=8200 RMS(e_y)=0.4371m Max|e_y|=2.6509m RMS(heading)=0.0248rad switches=1 emergency_halts=0 laps=0
[adaptive_controller_manager_node-3] [INFO] [1789312906.863576838] [adaptive_controller_manager]: [status] active=MPC state=RUNNING_MPC | pp: health=ok state=active | mpc: health=ok | v_x=12.78 e_y=0.297 theta=-0.037 | params: stored_v=2 fwd_v=2 pending=no
[adaptive_controller_manager_node-3] [INFO] [1789312908.863706516] [adaptive_controller_manager]: [status] active=MPC state=RUNNING_MPC | pp: health=ok state=active | mpc: health=ok | v_x=21.35 e_y=-0.065 theta=-0.010 | params: stored_v=2 fwd_v=2 pending=no
[adaptive_controller_benchmark_node-4] [INFO] [1789312910.244672410] [adaptive_controller_benchmark_node]: [t= 168.0s] N=8400 RMS(e_y)=0.4326m Max|e_y|=2.6509m RMS(heading)=0.0248rad switches=1 emergency_halts=0 laps=0
[adaptive_controller_manager_node-3] [INFO] [1789312910.863711058] [adaptive_controller_manager]: [status] active=MPC state=RUNNING_MPC | pp: health=ok state=active | mpc: health=ok | v_x=18.64 e_y=-0.002 theta=-0.011 | params: stored_v=2 fwd_v=2 pending=no
[adaptive_controller_manager_node-3] [INFO] [1789312912.883643784] [adaptive_controller_manager]: [status] active=MPC state=RUNNING_MPC | pp: health=ok state=active | mpc: health=ok | v_x=21.10 e_y=-0.104 theta=-0.010 | params: stored_v=2 fwd_v=2 pending=no
[adaptive_controller_benchmark_node-4] [INFO] [1789312914.245001022] [adaptive_controller_benchmark_node]: [t= 172.0s] N=8600 RMS(e_y)=0.4276m Max|e_y|=2.6509m RMS(heading)=0.0246rad switches=1 emergency_halts=0 laps=0
[adaptive_controller_manager_node-3] [INFO] [1789312914.903652741] [adaptive_controller_manager]: [status] active=MPC state=RUNNING_MPC | pp: health=ok state=active | mpc: health=ok | v_x=27.16 e_y=-0.031 theta=0.002 | params: stored_v=2 fwd_v=2 pending=no
[adaptive_controller_manager_node-3] [INFO] [1789312916.903688942] [adaptive_controller_manager]: [status] active=MPC state=RUNNING_MPC | pp: health=ok state=active | mpc: health=ok | v_x=27.72 e_y=-0.018 theta=0.001 | params: stored_v=2 fwd_v=2 pending=no
[adaptive_controller_benchmark_node-4] [INFO] [1789312918.244596875] [adaptive_controller_benchmark_node]: [t= 176.0s] N=8800 RMS(e_y)=0.4227m Max|e_y|=2.6509m RMS(heading)=0.0244rad switches=1 emergency_halts=0 laps=0
[adaptive_controller_manager_node-3] [INFO] [1789312918.923656610] [adaptive_controller_manager]: [status] active=MPC state=RUNNING_MPC | pp: health=ok state=active | mpc: health=ok | v_x=27.22 e_y=-0.034 theta=0.007 | params: stored_v=2 fwd_v=2 pending=no
[adaptive_controller_manager_node-3] [INFO] [1789312920.943659177] [adaptive_controller_manager]: [status] active=MPC state=RUNNING_MPC | pp: health=ok state=active | mpc: health=ok | v_x=19.64 e_y=-0.001 theta=-0.003 | params: stored_v=2 fwd_v=2 pending=no
[adaptive_controller_benchmark_node-4] [INFO] [1789312922.245197539] [adaptive_controller_benchmark_node]: [t= 180.0s] N=9000 RMS(e_y)=0.4181m Max|e_y|=2.6509m RMS(heading)=0.0241rad switches=1 emergency_halts=0 laps=1
[adaptive_controller_manager_node-3] [INFO] [1789312922.963571669] [adaptive_controller_manager]: [status] active=MPC state=RUNNING_MPC | pp: health=ok state=active | mpc: health=ok | v_x=20.49 e_y=-0.063 theta=-0.019 | params: stored_v=2 fwd_v=2 pending=no
[adaptive_controller_manager_node-3] [INFO] [1789312924.983624714] [adaptive_controller_manager]: [status] active=MPC state=RUNNING_MPC | pp: health=ok state=active | mpc: health=ok | v_x=26.56 e_y=-0.082 theta=0.005 | params: stored_v=2 fwd_v=2 pending=no
[adaptive_controller_benchmark_node-4] [INFO] [1789312926.244802407] [adaptive_controller_benchmark_node]: [t= 184.0s] N=9200 RMS(e_y)=0.4137m Max|e_y|=2.6509m RMS(heading)=0.0240rad switches=1 emergency_halts=0 laps=1
[adaptive_controller_manager_node-3] [INFO] [1789312926.983630792] [adaptive_controller_manager]: [status] active=MPC state=RUNNING_MPC | pp: health=ok state=active | mpc: health=ok | v_x=26.80 e_y=0.200 theta=0.038 | params: stored_v=2 fwd_v=2 pending=no
[adaptive_controller_manager_node-3] [INFO] [1789312928.983735934] [adaptive_controller_manager]: [status] active=MPC state=RUNNING_MPC | pp: health=ok state=active | mpc: health=ok | v_x=24.83 e_y=0.142 theta=0.004 | params: stored_v=2 fwd_v=2 pending=no
[adaptive_controller_benchmark_node-4] [INFO] [1789312930.244670982] [adaptive_controller_benchmark_node]: [t= 188.0s] N=9400 RMS(e_y)=0.4097m Max|e_y|=2.6509m RMS(heading)=0.0239rad switches=1 emergency_halts=0 laps=1
[adaptive_controller_manager_node-3] [INFO] [1789312931.003556219] [adaptive_controller_manager]: [status] active=MPC state=RUNNING_MPC | pp: health=ok state=active | mpc: health=ok | v_x=15.60 e_y=0.010 theta=0.002 | params: stored_v=2 fwd_v=2 pending=no
[adaptive_controller_manager_node-3] [INFO] [1789312933.003573832] [adaptive_controller_manager]: [status] active=MPC state=RUNNING_MPC | pp: health=ok state=active | mpc: health=ok | v_x=11.79 e_y=0.142 theta=-0.019 | params: stored_v=2 fwd_v=2 pending=no
[adaptive_controller_benchmark_node-4] [INFO] [1789312934.244645140] [adaptive_controller_benchmark_node]: [t= 192.0s] N=9600 RMS(e_y)=0.4059m Max|e_y|=2.6509m RMS(heading)=0.0237rad switches=1 emergency_halts=0 laps=1
[adaptive_controller_manager_node-3] [INFO] [1789312935.003596925] [adaptive_controller_manager]: [status] active=MPC state=RUNNING_MPC | pp: health=ok state=active | mpc: health=ok | v_x=13.74 e_y=0.168 theta=-0.017 | params: stored_v=2 fwd_v=2 pending=no
[adaptive_controller_manager_node-3] [INFO] [1789312937.023553061] [adaptive_controller_manager]: [status] active=MPC state=RUNNING_MPC | pp: health=ok state=active | mpc: health=ok | v_x=11.20 e_y=0.016 theta=-0.006 | params: stored_v=2 fwd_v=2 pending=no
[adaptive_controller_benchmark_node-4] [INFO] [1789312938.245198306] [adaptive_controller_benchmark_node]: [t= 196.0s] N=9800 RMS(e_y)=0.4021m Max|e_y|=2.6509m RMS(heading)=0.0236rad switches=1 emergency_halts=0 laps=1
[adaptive_controller_manager_node-3] [INFO] [1789312939.023651937] [adaptive_controller_manager]: [status] active=MPC state=RUNNING_MPC | pp: health=ok state=active | mpc: health=ok | v_x=11.13 e_y=-0.197 theta=0.017 | params: stored_v=2 fwd_v=2 pending=no
[adaptive_controller_manager_node-3] [INFO] [1789312941.043518414] [adaptive_controller_manager]: [status] active=MPC state=RUNNING_MPC | pp: health=ok state=active | mpc: health=ok | v_x=12.61 e_y=-0.285 theta=0.047 | params: stored_v=2 fwd_v=2 pending=no
[adaptive_controller_benchmark_node-4] [INFO] [1789312942.245010500] [adaptive_controller_benchmark_node]: [t= 200.0s] N=10000 RMS(e_y)=0.3998m Max|e_y|=2.6509m RMS(heading)=0.0235rad switches=1 emergency_halts=0 laps=1
[adaptive_controller_manager_node-3] [INFO] [1789312943.043547842] [adaptive_controller_manager]: [status] active=MPC state=RUNNING_MPC | pp: health=ok state=active | mpc: health=ok | v_x=20.43 e_y=-0.045 theta=0.007 | params: stored_v=2 fwd_v=2 pending=no
[adaptive_controller_manager_node-3] [INFO] [1789312945.063472470] [adaptive_controller_manager]: [status] active=MPC state=RUNNING_MPC | pp: health=ok state=active | mpc: health=ok | v_x=18.78 e_y=0.028 theta=0.009 | params: stored_v=2 fwd_v=2 pending=no
[adaptive_controller_benchmark_node-4] [INFO] [1789312946.245298953] [adaptive_controller_benchmark_node]: [t= 204.0s] N=10200 RMS(e_y)=0.3959m Max|e_y|=2.6509m RMS(heading)=0.0234rad switches=1 emergency_halts=0 laps=1
[adaptive_controller_manager_node-3] [INFO] [1789312947.083478868] [adaptive_controller_manager]: [status] active=MPC state=RUNNING_MPC | pp: health=ok state=active | mpc: health=ok | v_x=22.21 e_y=0.003 theta=0.012 | params: stored_v=2 fwd_v=2 pending=no
[adaptive_controller_manager_node-3] [INFO] [1789312949.083543047] [adaptive_controller_manager]: [status] active=MPC state=RUNNING_MPC | pp: health=ok state=active | mpc: health=ok | v_x=27.31 e_y=-0.027 theta=0.000 | params: stored_v=2 fwd_v=2 pending=no
[adaptive_controller_benchmark_node-4] [INFO] [1789312950.245606201] [adaptive_controller_benchmark_node]: [t= 208.0s] N=10400 RMS(e_y)=0.3921m Max|e_y|=2.6509m RMS(heading)=0.0232rad switches=1 emergency_halts=0 laps=1
[adaptive_controller_manager_node-3] [INFO] [1789312951.103454590] [adaptive_controller_manager]: [status] active=MPC state=RUNNING_MPC | pp: health=ok state=active | mpc: health=ok | v_x=27.73 e_y=-0.008 theta=-0.000 | params: stored_v=2 fwd_v=2 pending=no
[adaptive_controller_manager_node-3] [INFO] [1789312953.123469037] [adaptive_controller_manager]: [status] active=MPC state=RUNNING_MPC | pp: health=ok state=active | mpc: health=ok | v_x=27.77 e_y=-0.015 theta=-0.001 | params: stored_v=2 fwd_v=2 pending=no
[adaptive_controller_benchmark_node-4] [INFO] [1789312954.245186687] [adaptive_controller_benchmark_node]: [t= 212.0s] N=10600 RMS(e_y)=0.3883m Max|e_y|=2.6509m RMS(heading)=0.0230rad switches=1 emergency_halts=0 laps=1
[adaptive_controller_manager_node-3] [INFO] [1789312955.123510352] [adaptive_controller_manager]: [status] active=MPC state=RUNNING_MPC | pp: health=ok state=active | mpc: health=ok | v_x=27.77 e_y=-0.007 theta=-0.001 | params: stored_v=2 fwd_v=2 pending=no
[adaptive_controller_manager_node-3] [INFO] [1789312957.143405744] [adaptive_controller_manager]: [status] active=MPC state=RUNNING_MPC | pp: health=ok state=active | mpc: health=ok | v_x=24.20 e_y=0.027 theta=-0.001 | params: stored_v=2 fwd_v=2 pending=no
[adaptive_controller_benchmark_node-4] [INFO] [1789312958.244860673] [adaptive_controller_benchmark_node]: [t= 216.0s] N=10800 RMS(e_y)=0.3847m Max|e_y|=2.6509m RMS(heading)=0.0228rad switches=1 emergency_halts=0 laps=1
[adaptive_controller_manager_node-3] [INFO] [1789312959.163340516] [adaptive_controller_manager]: [status] active=MPC state=RUNNING_MPC | pp: health=ok state=active | mpc: health=ok | v_x=19.67 e_y=-0.019 theta=0.018 | params: stored_v=2 fwd_v=2 pending=no
[adaptive_controller_manager_node-3] [INFO] [1789312961.163355100] [adaptive_controller_manager]: [status] active=MPC state=RUNNING_MPC | pp: health=ok state=active | mpc: health=ok | v_x=14.22 e_y=-0.044 theta=-0.002 | params: stored_v=2 fwd_v=2 pending=no
[adaptive_controller_benchmark_node-4] [INFO] [1789312962.244696800] [adaptive_controller_benchmark_node]: [t= 220.0s] N=11000 RMS(e_y)=0.3815m Max|e_y|=2.6509m RMS(heading)=0.0228rad switches=1 emergency_halts=0 laps=1
[adaptive_controller_manager_node-3] [INFO] [1789312963.163362545] [adaptive_controller_manager]: [status] active=MPC state=RUNNING_MPC | pp: health=ok state=active | mpc: health=ok | v_x=16.42 e_y=0.048 theta=0.012 | params: stored_v=2 fwd_v=2 pending=no
[adaptive_controller_manager_node-3] [INFO] [1789312963.704477678] [adaptive_controller_manager]: sysid/update_params: accepted and stored new tire params
[mpc_node-2] [INFO] [1789312963.723452438] [mpc_path_tracking]: tire params updated via mpc/update_params
[mpc_node-2] [INFO] [1789312963.723517372] [mpc_path_tracking]: model check: C_front=13194 N/rad C_rear=13901 N/rad -> understeering, linearization stable at all speeds
[mpc_node-2] [INFO] [1789312963.723783618] [mpc_path_tracking]: loaded 2916 raceline waypoints at speed cap 27.77 m/s, lateral cap 6.50 m/s^2 (0.66 g, identified grip ceiling 9.87 m/s^2 x 0.75 utilization = 7.40, capped by limits.lateral_accel_max 6.50); reference now peaks at 4.98 m/s^2 (0.51 g)
[mpc_node-2] [WARN] [1789312963.723805272] [mpc_path_tracking]: raceline speed profile exceeds limits.speed_max=27.77 m/s at 1343/2916 waypoints (max 27.78 m/s, 1.0x the limit) - clamped. The raceline was optimized for a faster vehicle than this one; regenerate it with v_max=27.77 m/s for a usable speed profile. Raising limits.speed_max only helps if the VEHICLE can really go that fast - the cap must describe the plant, not the ambition.
[adaptive_controller_manager_node-3] [INFO] [1789312965.183360266] [adaptive_controller_manager]: [status] active=MPC state=RUNNING_MPC | pp: health=ok state=active | mpc: health=ok | v_x=16.44 e_y=0.084 theta=-0.017 | params: stored_v=3 fwd_v=3 pending=no
[adaptive_controller_benchmark_node-4] [INFO] [1789312966.244667074] [adaptive_controller_benchmark_node]: [t= 224.0s] N=11200 RMS(e_y)=0.3782m Max|e_y|=2.6509m RMS(heading)=0.0227rad switches=1 emergency_halts=0 laps=1
[adaptive_controller_manager_node-3] [INFO] [1789312967.183378500] [adaptive_controller_manager]: [status] active=MPC state=RUNNING_MPC | pp: health=ok state=active | mpc: health=ok | v_x=15.88 e_y=0.105 theta=-0.038 | params: stored_v=3 fwd_v=3 pending=no
[adaptive_controller_manager_node-3] [INFO] [1789312969.183421339] [adaptive_controller_manager]: [status] active=MPC state=RUNNING_MPC | pp: health=ok state=active | mpc: health=ok | v_x=16.63 e_y=0.044 theta=-0.032 | params: stored_v=3 fwd_v=3 pending=no
[adaptive_controller_benchmark_node-4] [INFO] [1789312970.244543889] [adaptive_controller_benchmark_node]: [t= 228.0s] N=11400 RMS(e_y)=0.3750m Max|e_y|=2.6509m RMS(heading)=0.0228rad switches=1 emergency_halts=0 laps=1
[adaptive_controller_manager_node-3] [INFO] [1789312971.203384546] [adaptive_controller_manager]: [status] active=MPC state=RUNNING_MPC | pp: health=ok state=active | mpc: health=ok | v_x=23.19 e_y=-0.071 theta=-0.002 | params: stored_v=3 fwd_v=3 pending=no
[adaptive_controller_manager_node-3] [INFO] [1789312973.203475429] [adaptive_controller_manager]: [status] active=MPC state=RUNNING_MPC | pp: health=ok state=active | mpc: health=ok | v_x=27.43 e_y=-0.090 theta=-0.020 | params: stored_v=3 fwd_v=3 pending=no
[adaptive_controller_benchmark_node-4] [INFO] [1789312974.244629000] [adaptive_controller_benchmark_node]: [t= 232.0s] N=11600 RMS(e_y)=0.3719m Max|e_y|=2.6509m RMS(heading)=0.0226rad switches=1 emergency_halts=0 laps=1
[adaptive_controller_manager_node-3] [INFO] [1789312975.223355996] [adaptive_controller_manager]: [status] active=MPC state=RUNNING_MPC | pp: health=ok state=active | mpc: health=ok | v_x=27.74 e_y=-0.139 theta=-0.029 | params: stored_v=3 fwd_v=3 pending=no
[adaptive_controller_manager_node-3] [INFO] [1789312977.243343963] [adaptive_controller_manager]: [status] active=MPC state=RUNNING_MPC | pp: health=ok state=active | mpc: health=ok | v_x=27.77 e_y=-0.084 theta=-0.007 | params: stored_v=3 fwd_v=3 pending=no
[adaptive_controller_benchmark_node-4] [INFO] [1789312978.244525845] [adaptive_controller_benchmark_node]: [t= 236.0s] N=11800 RMS(e_y)=0.3692m Max|e_y|=2.6509m RMS(heading)=0.0225rad switches=1 emergency_halts=0 laps=1
[adaptive_controller_manager_node-3] [INFO] [1789312979.263237558] [adaptive_controller_manager]: [status] active=MPC state=RUNNING_MPC | pp: health=ok state=active | mpc: health=ok | v_x=27.77 e_y=-0.012 theta=-0.001 | params: stored_v=3 fwd_v=3 pending=no
[adaptive_controller_manager_node-3] [INFO] [1789312981.263238337] [adaptive_controller_manager]: [status] active=MPC state=RUNNING_MPC | pp: health=ok state=active | mpc: health=ok | v_x=27.77 e_y=-0.017 theta=-0.002 | params: stored_v=3 fwd_v=3 pending=no
[adaptive_controller_benchmark_node-4] [INFO] [1789312982.244717962] [adaptive_controller_benchmark_node]: [t= 240.0s] N=12000 RMS(e_y)=0.3661m Max|e_y|=2.6509m RMS(heading)=0.0223rad switches=1 emergency_halts=0 laps=1
[adaptive_controller_manager_node-3] [INFO] [1789312983.263240787] [adaptive_controller_manager]: [status] active=MPC state=RUNNING_MPC | pp: health=ok state=active | mpc: health=ok | v_x=23.49 e_y=0.018 theta=-0.010 | params: stored_v=3 fwd_v=3 pending=no
[adaptive_controller_manager_node-3] [INFO] [1789312985.283283047] [adaptive_controller_manager]: [status] active=MPC state=RUNNING_MPC | pp: health=ok state=active | mpc: health=ok | v_x=21.02 e_y=0.011 theta=-0.042 | params: stored_v=3 fwd_v=3 pending=no
[adaptive_controller_benchmark_node-4] [INFO] [1789312986.244355258] [adaptive_controller_benchmark_node]: [t= 244.0s] N=12200 RMS(e_y)=0.3631m Max|e_y|=2.6509m RMS(heading)=0.0223rad switches=1 emergency_halts=0 laps=1
[adaptive_controller_manager_node-3] [INFO] [1789312987.303241168] [adaptive_controller_manager]: [status] active=MPC state=RUNNING_MPC | pp: health=ok state=active | mpc: health=ok | v_x=26.03 e_y=-0.109 theta=-0.012 | params: stored_v=3 fwd_v=3 pending=no
[adaptive_controller_manager_node-3] [INFO] [1789312989.323228301] [adaptive_controller_manager]: [status] active=MPC state=RUNNING_MPC | pp: health=ok state=active | mpc: health=ok | v_x=27.63 e_y=-0.068 theta=-0.005 | params: stored_v=3 fwd_v=3 pending=no
[adaptive_controller_benchmark_node-4] [INFO] [1789312990.244414613] [adaptive_controller_benchmark_node]: [t= 248.0s] N=12400 RMS(e_y)=0.3603m Max|e_y|=2.6509m RMS(heading)=0.0222rad switches=1 emergency_halts=0 laps=1
[adaptive_controller_manager_node-3] [INFO] [1789312991.323357253] [adaptive_controller_manager]: [status] active=MPC state=RUNNING_MPC | pp: health=ok state=active | mpc: health=ok | v_x=27.76 e_y=-0.043 theta=-0.008 | params: stored_v=3 fwd_v=3 pending=no
[adaptive_controller_manager_node-3] [INFO] [1789312993.343191086] [adaptive_controller_manager]: [status] active=MPC state=RUNNING_MPC | pp: health=ok state=active | mpc: health=ok | v_x=27.77 e_y=-0.008 theta=0.002 | params: stored_v=3 fwd_v=3 pending=no
[adaptive_controller_benchmark_node-4] [INFO] [1789312994.244640404] [adaptive_controller_benchmark_node]: [t= 252.0s] N=12600 RMS(e_y)=0.3575m Max|e_y|=2.6509m RMS(heading)=0.0220rad switches=1 emergency_halts=0 laps=1
[adaptive_controller_manager_node-3] [INFO] [1789312995.363192964] [adaptive_controller_manager]: [status] active=MPC state=RUNNING_MPC | pp: health=ok state=active | mpc: health=ok | v_x=23.89 e_y=0.103 theta=0.016 | params: stored_v=3 fwd_v=3 pending=no
[adaptive_controller_manager_node-3] [INFO] [1789312997.363205741] [adaptive_controller_manager]: [status] active=MPC state=RUNNING_MPC | pp: health=ok state=active | mpc: health=ok | v_x=21.53 e_y=-0.029 theta=-0.021 | params: stored_v=3 fwd_v=3 pending=no
[adaptive_controller_benchmark_node-4] [INFO] [1789312998.244310786] [adaptive_controller_benchmark_node]: [t= 256.0s] N=12800 RMS(e_y)=0.3548m Max|e_y|=2.6509m RMS(heading)=0.0220rad switches=1 emergency_halts=0 laps=1
[adaptive_controller_manager_node-3] [INFO] [1789312999.383310533] [adaptive_controller_manager]: [status] active=MPC state=RUNNING_MPC | pp: health=ok state=active | mpc: health=ok | v_x=19.91 e_y=-0.007 theta=0.005 | params: stored_v=3 fwd_v=3 pending=no
[adaptive_controller_manager_node-3] [INFO] [1789313001.403231818] [adaptive_controller_manager]: [status] active=MPC state=RUNNING_MPC | pp: health=ok state=active | mpc: health=ok | v_x=19.30 e_y=-0.009 theta=0.022 | params: stored_v=3 fwd_v=3 pending=no
[adaptive_controller_benchmark_node-4] [INFO] [1789313002.244550142] [adaptive_controller_benchmark_node]: [t= 260.0s] N=13000 RMS(e_y)=0.3522m Max|e_y|=2.6509m RMS(heading)=0.0220rad switches=1 emergency_halts=0 laps=1
[adaptive_controller_manager_node-3] [INFO] [1789313003.423127093] [adaptive_controller_manager]: [status] active=MPC state=RUNNING_MPC | pp: health=ok state=active | mpc: health=ok | v_x=18.92 e_y=-0.013 theta=-0.006 | params: stored_v=3 fwd_v=3 pending=no
[adaptive_controller_manager_node-3] [INFO] [1789313005.423148881] [adaptive_controller_manager]: [status] active=MPC state=RUNNING_MPC | pp: health=ok state=active | mpc: health=ok | v_x=18.91 e_y=0.026 theta=-0.022 | params: stored_v=3 fwd_v=3 pending=no
[adaptive_controller_benchmark_node-4] [INFO] [1789313006.244104188] [adaptive_controller_benchmark_node]: [t= 264.0s] N=13200 RMS(e_y)=0.3495m Max|e_y|=2.6509m RMS(heading)=0.0220rad switches=1 emergency_halts=0 laps=1
[adaptive_controller_manager_node-3] [INFO] [1789313007.443146973] [adaptive_controller_manager]: [status] active=MPC state=RUNNING_MPC | pp: health=ok state=active | mpc: health=ok | v_x=23.39 e_y=-0.036 theta=-0.001 | params: stored_v=3 fwd_v=3 pending=no
[adaptive_controller_manager_node-3] [INFO] [1789313009.463070000] [adaptive_controller_manager]: [status] active=MPC state=RUNNING_MPC | pp: health=ok state=active | mpc: health=ok | v_x=26.87 e_y=0.026 theta=0.008 | params: stored_v=3 fwd_v=3 pending=no
[adaptive_controller_benchmark_node-4] [INFO] [1789313010.244370661] [adaptive_controller_benchmark_node]: [t= 268.0s] N=13400 RMS(e_y)=0.3471m Max|e_y|=2.6509m RMS(heading)=0.0219rad switches=1 emergency_halts=0 laps=1
[adaptive_controller_manager_node-3] [INFO] [1789313011.483199282] [adaptive_controller_manager]: [status] active=MPC state=RUNNING_MPC | pp: health=ok state=active | mpc: health=ok | v_x=27.69 e_y=-0.008 theta=-0.000 | params: stored_v=3 fwd_v=3 pending=no
[adaptive_controller_manager_node-3] [INFO] [1789313013.503116795] [adaptive_controller_manager]: [status] active=MPC state=RUNNING_MPC | pp: health=ok state=active | mpc: health=ok | v_x=27.76 e_y=-0.007 theta=-0.000 | params: stored_v=3 fwd_v=3 pending=no
[adaptive_controller_benchmark_node-4] [INFO] [1789313014.244138411] [adaptive_controller_benchmark_node]: [t= 272.0s] N=13600 RMS(e_y)=0.3445m Max|e_y|=2.6509m RMS(heading)=0.0217rad switches=1 emergency_halts=0 laps=1
[adaptive_controller_manager_node-3] [INFO] [1789313015.523102781] [adaptive_controller_manager]: [status] active=MPC state=RUNNING_MPC | pp: health=ok state=active | mpc: health=ok | v_x=27.77 e_y=-0.014 theta=-0.000 | params: stored_v=3 fwd_v=3 pending=no
[adaptive_controller_manager_node-3] [INFO] [1789313017.523105282] [adaptive_controller_manager]: [status] active=MPC state=RUNNING_MPC | pp: health=ok state=active | mpc: health=ok | v_x=27.77 e_y=-0.019 theta=-0.001 | params: stored_v=3 fwd_v=3 pending=no
[adaptive_controller_benchmark_node-4] [INFO] [1789313018.244546799] [adaptive_controller_benchmark_node]: [t= 276.0s] N=13800 RMS(e_y)=0.3420m Max|e_y|=2.6509m RMS(heading)=0.0216rad switches=1 emergency_halts=0 laps=1
[adaptive_controller_manager_node-3] [INFO] [1789313019.543094441] [adaptive_controller_manager]: [status] active=MPC state=RUNNING_MPC | pp: health=ok state=active | mpc: health=ok | v_x=27.77 e_y=-0.026 theta=-0.003 | params: stored_v=3 fwd_v=3 pending=no
[adaptive_controller_manager_node-3] [INFO] [1789313021.563019835] [adaptive_controller_manager]: [status] active=MPC state=RUNNING_MPC | pp: health=ok state=active | mpc: health=ok | v_x=25.88 e_y=-0.014 theta=-0.005 | params: stored_v=3 fwd_v=3 pending=no
[adaptive_controller_benchmark_node-4] [INFO] [1789313022.244517890] [adaptive_controller_benchmark_node]: [t= 280.0s] N=14000 RMS(e_y)=0.3396m Max|e_y|=2.6509m RMS(heading)=0.0214rad switches=1 emergency_halts=0 laps=1
[adaptive_controller_manager_node-3] [INFO] [1789313023.583041305] [adaptive_controller_manager]: [status] active=MPC state=RUNNING_MPC | pp: health=ok state=active | mpc: health=ok | v_x=19.52 e_y=-0.051 theta=-0.010 | params: stored_v=3 fwd_v=3 pending=no
[adaptive_controller_manager_node-3] [INFO] [1789313025.603014922] [adaptive_controller_manager]: [status] active=MPC state=RUNNING_MPC | pp: health=ok state=active | mpc: health=ok | v_x=18.54 e_y=0.036 theta=-0.035 | params: stored_v=3 fwd_v=3 pending=no
[adaptive_controller_benchmark_node-4] [INFO] [1789313026.244995543] [adaptive_controller_benchmark_node]: [t= 284.0s] N=14200 RMS(e_y)=0.3372m Max|e_y|=2.6509m RMS(heading)=0.0214rad switches=1 emergency_halts=0 laps=1
[adaptive_controller_manager_node-3] [INFO] [1789313027.603060781] [adaptive_controller_manager]: [status] active=MPC state=RUNNING_MPC | pp: health=ok state=active | mpc: health=ok | v_x=21.23 e_y=-0.106 theta=-0.021 | params: stored_v=3 fwd_v=3 pending=no
[adaptive_controller_manager_node-3] [INFO] [1789313029.603105221] [adaptive_controller_manager]: [status] active=MPC state=RUNNING_MPC | pp: health=ok state=active | mpc: health=ok | v_x=26.83 e_y=-0.020 theta=0.014 | params: stored_v=3 fwd_v=3 pending=no
[adaptive_controller_benchmark_node-4] [INFO] [1789313030.244652266] [adaptive_controller_benchmark_node]: [t= 288.0s] N=14400 RMS(e_y)=0.3350m Max|e_y|=2.6509m RMS(heading)=0.0213rad switches=1 emergency_halts=0 laps=1
[adaptive_controller_manager_node-3] [INFO] [1789313031.623080987] [adaptive_controller_manager]: [status] active=MPC state=RUNNING_MPC | pp: health=ok state=active | mpc: health=ok | v_x=25.60 e_y=0.048 theta=0.005 | params: stored_v=3 fwd_v=3 pending=no
[adaptive_controller_manager_node-3] [INFO] [1789313033.643297674] [adaptive_controller_manager]: [status] active=MPC state=RUNNING_MPC | pp: health=ok state=active | mpc: health=ok | v_x=18.03 e_y=0.011 theta=0.001 | params: stored_v=3 fwd_v=3 pending=no
[adaptive_controller_benchmark_node-4] [INFO] [1789313034.244830960] [adaptive_controller_benchmark_node]: [t= 292.0s] N=14600 RMS(e_y)=0.3327m Max|e_y|=2.6509m RMS(heading)=0.0212rad switches=1 emergency_halts=0 laps=1
[adaptive_controller_manager_node-3] [INFO] [1789313035.662926522] [adaptive_controller_manager]: [status] active=MPC state=RUNNING_MPC | pp: health=ok state=active | mpc: health=ok | v_x=10.05 e_y=-0.112 theta=0.016 | params: stored_v=3 fwd_v=3 pending=no
[adaptive_controller_manager_node-3] [INFO] [1789313036.343186268] [adaptive_controller_manager]: sysid/update_params: accepted and stored new tire params
[mpc_node-2] [INFO] [1789313036.363379011] [mpc_path_tracking]: tire params updated via mpc/update_params
[mpc_node-2] [INFO] [1789313036.363429854] [mpc_path_tracking]: model check: C_front=13194 N/rad C_rear=13901 N/rad -> understeering, linearization stable at all speeds
[mpc_node-2] [INFO] [1789313036.363697066] [mpc_path_tracking]: loaded 2916 raceline waypoints at speed cap 27.77 m/s, lateral cap 6.50 m/s^2 (0.66 g, identified grip ceiling 9.87 m/s^2 x 0.75 utilization = 7.40, capped by limits.lateral_accel_max 6.50); reference now peaks at 4.98 m/s^2 (0.51 g)
[mpc_node-2] [WARN] [1789313036.363721576] [mpc_path_tracking]: raceline speed profile exceeds limits.speed_max=27.77 m/s at 1343/2916 waypoints (max 27.78 m/s, 1.0x the limit) - clamped. The raceline was optimized for a faster vehicle than this one; regenerate it with v_max=27.77 m/s for a usable speed profile. Raising limits.speed_max only helps if the VEHICLE can really go that fast - the cap must describe the plant, not the ambition.
[adaptive_controller_manager_node-3] [INFO] [1789313037.682955255] [adaptive_controller_manager]: [status] active=MPC state=RUNNING_MPC | pp: health=ok state=active | mpc: health=ok | v_x=12.17 e_y=-0.250 theta=0.029 | params: stored_v=4 fwd_v=4 pending=no
[adaptive_controller_benchmark_node-4] [INFO] [1789313038.244013035] [adaptive_controller_benchmark_node]: [t= 296.0s] N=14800 RMS(e_y)=0.3318m Max|e_y|=2.6509m RMS(heading)=0.0212rad switches=1 emergency_halts=0 laps=1
[adaptive_controller_manager_node-3] [INFO] [1789313039.703125867] [adaptive_controller_manager]: [status] active=MPC state=RUNNING_MPC | pp: health=ok state=active | mpc: health=ok | v_x=13.03 e_y=0.279 theta=-0.005 | params: stored_v=4 fwd_v=4 pending=no
[adaptive_controller_manager_node-3] [INFO] [1789313041.722962981] [adaptive_controller_manager]: [status] active=MPC state=RUNNING_MPC | pp: health=ok state=active | mpc: health=ok | v_x=20.06 e_y=-0.052 theta=-0.009 | params: stored_v=4 fwd_v=4 pending=no
[adaptive_controller_benchmark_node-4] [INFO] [1789313042.243759345] [adaptive_controller_benchmark_node]: [t= 300.0s] N=15000 RMS(e_y)=0.3301m Max|e_y|=2.6509m RMS(heading)=0.0212rad switches=1 emergency_halts=0 laps=1
[adaptive_controller_manager_node-3] [INFO] [1789313043.742943248] [adaptive_controller_manager]: [status] active=MPC state=RUNNING_MPC | pp: health=ok state=active | mpc: health=ok | v_x=18.56 e_y=-0.017 theta=-0.016 | params: stored_v=4 fwd_v=4 pending=no
[adaptive_controller_manager_node-3] [INFO] [1789313045.762892142] [adaptive_controller_manager]: [status] active=MPC state=RUNNING_MPC | pp: health=ok state=active | mpc: health=ok | v_x=21.08 e_y=-0.062 theta=-0.017 | params: stored_v=4 fwd_v=4 pending=no
[adaptive_controller_benchmark_node-4] [INFO] [1789313046.244139187] [adaptive_controller_benchmark_node]: [t= 304.0s] N=15200 RMS(e_y)=0.3280m Max|e_y|=2.6509m RMS(heading)=0.0211rad switches=1 emergency_halts=0 laps=1
[adaptive_controller_manager_node-3] [INFO] [1789313047.762901141] [adaptive_controller_manager]: [status] active=MPC state=RUNNING_MPC | pp: health=ok state=active | mpc: health=ok | v_x=27.12 e_y=-0.037 theta=0.001 | params: stored_v=4 fwd_v=4 pending=no
[adaptive_controller_manager_node-3] [INFO] [1789313049.782989349] [adaptive_controller_manager]: [status] active=MPC state=RUNNING_MPC | pp: health=ok state=active | mpc: health=ok | v_x=27.72 e_y=-0.019 theta=0.001 | params: stored_v=4 fwd_v=4 pending=no
[adaptive_controller_benchmark_node-4] [INFO] [1789313050.243978412] [adaptive_controller_benchmark_node]: [t= 308.0s] N=15400 RMS(e_y)=0.3259m Max|e_y|=2.6509m RMS(heading)=0.0210rad switches=1 emergency_halts=0 laps=1
[adaptive_controller_manager_node-3] [INFO] [1789313051.782990160] [adaptive_controller_manager]: [status] active=MPC state=RUNNING_MPC | pp: health=ok state=active | mpc: health=ok | v_x=27.34 e_y=-0.033 theta=0.006 | params: stored_v=4 fwd_v=4 pending=no
[adaptive_controller_manager_node-3] [INFO] [1789313053.802859024] [adaptive_controller_manager]: [status] active=MPC state=RUNNING_MPC | pp: health=ok state=active | mpc: health=ok | v_x=20.25 e_y=0.005 theta=-0.003 | params: stored_v=4 fwd_v=4 pending=no
[adaptive_controller_benchmark_node-4] [INFO] [1789313054.243761953] [adaptive_controller_benchmark_node]: [t= 312.0s] N=15600 RMS(e_y)=0.3238m Max|e_y|=2.6509m RMS(heading)=0.0209rad switches=1 emergency_halts=0 laps=2
[adaptive_controller_manager_node-3] [INFO] [1789313055.803065223] [adaptive_controller_manager]: [status] active=MPC state=RUNNING_MPC | pp: health=ok state=active | mpc: health=ok | v_x=20.58 e_y=-0.055 theta=-0.013 | params: stored_v=4 fwd_v=4 pending=no
[adaptive_controller_manager_node-3] [INFO] [1789313057.822829872] [adaptive_controller_manager]: [status] active=MPC state=RUNNING_MPC | pp: health=ok state=active | mpc: health=ok | v_x=26.62 e_y=-0.104 theta=0.005 | params: stored_v=4 fwd_v=4 pending=no
[adaptive_controller_benchmark_node-4] [INFO] [1789313058.244038706] [adaptive_controller_benchmark_node]: [t= 316.0s] N=15800 RMS(e_y)=0.3219m Max|e_y|=2.6509m RMS(heading)=0.0208rad switches=1 emergency_halts=0 laps=2
[adaptive_controller_manager_node-3] [INFO] [1789313059.842913975] [adaptive_controller_manager]: [status] active=MPC state=RUNNING_MPC | pp: health=ok state=active | mpc: health=ok | v_x=26.81 e_y=0.183 theta=0.032 | params: stored_v=4 fwd_v=4 pending=no
[adaptive_controller_manager_node-3] [INFO] [1789313061.862755513] [adaptive_controller_manager]: [status] active=MPC state=RUNNING_MPC | pp: health=ok state=active | mpc: health=ok | v_x=25.03 e_y=0.136 theta=0.002 | params: stored_v=4 fwd_v=4 pending=no
[adaptive_controller_benchmark_node-4] [INFO] [1789313062.243755908] [adaptive_controller_benchmark_node]: [t= 320.0s] N=16000 RMS(e_y)=0.3202m Max|e_y|=2.6509m RMS(heading)=0.0208rad switches=1 emergency_halts=0 laps=2
[adaptive_controller_manager_node-3] [INFO] [1789313063.862966053] [adaptive_controller_manager]: [status] active=MPC state=RUNNING_MPC | pp: health=ok state=active | mpc: health=ok | v_x=17.06 e_y=0.004 theta=0.001 | params: stored_v=4 fwd_v=4 pending=no
[adaptive_controller_manager_node-3] [INFO] [1789313065.882795043] [adaptive_controller_manager]: [status] active=MPC state=RUNNING_MPC | pp: health=ok state=active | mpc: health=ok | v_x=11.83 e_y=0.186 theta=-0.004 | params: stored_v=4 fwd_v=4 pending=no
[adaptive_controller_benchmark_node-4] [INFO] [1789313066.245017785] [adaptive_controller_benchmark_node]: [t= 324.0s] N=16200 RMS(e_y)=0.3184m Max|e_y|=2.6509m RMS(heading)=0.0207rad switches=1 emergency_halts=0 laps=2
[adaptive_controller_manager_node-3] [INFO] [1789313067.882945872] [adaptive_controller_manager]: [status] active=MPC state=RUNNING_MPC | pp: health=ok state=active | mpc: health=ok | v_x=14.36 e_y=-0.003 theta=-0.021 | params: stored_v=4 fwd_v=4 pending=no
[adaptive_controller_manager_node-3] [INFO] [1789313069.902929692] [adaptive_controller_manager]: [status] active=MPC state=RUNNING_MPC | pp: health=ok state=active | mpc: health=ok | v_x=11.07 e_y=-0.024 theta=-0.002 | params: stored_v=4 fwd_v=4 pending=no
[adaptive_controller_benchmark_node-4] [INFO] [1789313070.244692372] [adaptive_controller_benchmark_node]: [t= 328.0s] N=16400 RMS(e_y)=0.3168m Max|e_y|=2.6509m RMS(heading)=0.0207rad switches=1 emergency_halts=0 laps=2
[adaptive_controller_manager_node-3] [INFO] [1789313071.922820239] [adaptive_controller_manager]: [status] active=MPC state=RUNNING_MPC | pp: health=ok state=active | mpc: health=ok | v_x=11.17 e_y=-0.327 theta=-0.017 | params: stored_v=4 fwd_v=4 pending=no
[adaptive_controller_manager_node-3] [INFO] [1789313073.942757627] [adaptive_controller_manager]: [status] active=MPC state=RUNNING_MPC | pp: health=ok state=active | mpc: health=ok | v_x=13.82 e_y=-0.112 theta=0.032 | params: stored_v=4 fwd_v=4 pending=no
[adaptive_controller_benchmark_node-4] [INFO] [1789313074.243781738] [adaptive_controller_benchmark_node]: [t= 332.0s] N=16600 RMS(e_y)=0.3161m Max|e_y|=2.6509m RMS(heading)=0.0207rad switches=1 emergency_halts=0 laps=2
[adaptive_controller_manager_node-3] [INFO] [1789313075.942800964] [adaptive_controller_manager]: [status] active=MPC state=RUNNING_MPC | pp: health=ok state=active | mpc: health=ok | v_x=19.31 e_y=0.022 theta=0.007 | params: stored_v=4 fwd_v=4 pending=no
[adaptive_controller_manager_node-3] [INFO] [1789313077.962727199] [adaptive_controller_manager]: [status] active=MPC state=RUNNING_MPC | pp: health=ok state=active | mpc: health=ok | v_x=18.90 e_y=-0.007 theta=0.017 | params: stored_v=4 fwd_v=4 pending=no
[adaptive_controller_benchmark_node-4] [INFO] [1789313078.243945011] [adaptive_controller_benchmark_node]: [t= 336.0s] N=16800 RMS(e_y)=0.3142m Max|e_y|=2.6509m RMS(heading)=0.0206rad switches=1 emergency_halts=0 laps=2
[adaptive_controller_manager_node-3] [INFO] [1789313079.982746828] [adaptive_controller_manager]: [status] active=MPC state=RUNNING_MPC | pp: health=ok state=active | mpc: health=ok | v_x=24.02 e_y=-0.001 theta=-0.001 | params: stored_v=4 fwd_v=4 pending=no
[adaptive_controller_manager_node-3] [INFO] [1789313082.002658051] [adaptive_controller_manager]: [status] active=MPC state=RUNNING_MPC | pp: health=ok state=active | mpc: health=ok | v_x=27.48 e_y=-0.016 theta=-0.000 | params: stored_v=4 fwd_v=4 pending=no
[adaptive_controller_benchmark_node-4] [INFO] [1789313082.243915965] [adaptive_controller_benchmark_node]: [t= 340.0s] N=17000 RMS(e_y)=0.3124m Max|e_y|=2.6509m RMS(heading)=0.0205rad switches=1 emergency_halts=0 laps=2
[adaptive_controller_manager_node-3] [INFO] [1789313084.002720324] [adaptive_controller_manager]: [status] active=MPC state=RUNNING_MPC | pp: health=ok state=active | mpc: health=ok | v_x=27.75 e_y=-0.011 theta=-0.001 | params: stored_v=4 fwd_v=4 pending=no
[adaptive_controller_manager_node-3] [INFO] [1789313086.002791496] [adaptive_controller_manager]: [status] active=MPC state=RUNNING_MPC | pp: health=ok state=active | mpc: health=ok | v_x=27.77 e_y=-0.013 theta=0.001 | params: stored_v=4 fwd_v=4 pending=no
[adaptive_controller_benchmark_node-4] [INFO] [1789313086.243577643] [adaptive_controller_benchmark_node]: [t= 344.0s] N=17200 RMS(e_y)=0.3106m Max|e_y|=2.6509m RMS(heading)=0.0204rad switches=1 emergency_halts=0 laps=2
[adaptive_controller_manager_node-3] [INFO] [1789313088.022762064] [adaptive_controller_manager]: [status] active=MPC state=RUNNING_MPC | pp: health=ok state=active | mpc: health=ok | v_x=27.77 e_y=-0.014 theta=-0.000 | params: stored_v=4 fwd_v=4 pending=no
[adaptive_controller_manager_node-3] [INFO] [1789313090.042679556] [adaptive_controller_manager]: [status] active=MPC state=RUNNING_MPC | pp: health=ok state=active | mpc: health=ok | v_x=23.02 e_y=0.009 theta=0.002 | params: stored_v=4 fwd_v=4 pending=no
[adaptive_controller_benchmark_node-4] [INFO] [1789313090.244732443] [adaptive_controller_benchmark_node]: [t= 348.0s] N=17400 RMS(e_y)=0.3088m Max|e_y|=2.6509m RMS(heading)=0.0203rad switches=1 emergency_halts=0 laps=2
[adaptive_controller_manager_node-3] [INFO] [1789313092.042717833] [adaptive_controller_manager]: [status] active=MPC state=RUNNING_MPC | pp: health=ok state=active | mpc: health=ok | v_x=19.05 e_y=-0.010 theta=0.031 | params: stored_v=4 fwd_v=4 pending=no
[adaptive_controller_manager_node-3] [INFO] [1789313094.062634315] [adaptive_controller_manager]: [status] active=MPC state=RUNNING_MPC | pp: health=ok state=active | mpc: health=ok | v_x=14.37 e_y=-0.231 theta=0.009 | params: stored_v=4 fwd_v=4 pending=no
[adaptive_controller_benchmark_node-4] [INFO] [1789313094.243981036] [adaptive_controller_benchmark_node]: [t= 352.0s] N=17600 RMS(e_y)=0.3072m Max|e_y|=2.6509m RMS(heading)=0.0203rad switches=1 emergency_halts=0 laps=2
[adaptive_controller_manager_node-3] [INFO] [1789313096.082726441] [adaptive_controller_manager]: [status] active=MPC state=RUNNING_MPC | pp: health=ok state=active | mpc: health=ok | v_x=16.47 e_y=0.005 theta=-0.005 | params: stored_v=4 fwd_v=4 pending=no
[adaptive_controller_manager_node-3] [INFO] [1789313098.102680989] [adaptive_controller_manager]: [status] active=MPC state=RUNNING_MPC | pp: health=ok state=active | mpc: health=ok | v_x=15.57 e_y=-0.026 theta=-0.032 | params: stored_v=4 fwd_v=4 pending=no
[adaptive_controller_benchmark_node-4] [INFO] [1789313098.244139908] [adaptive_controller_benchmark_node]: [t= 356.0s] N=17800 RMS(e_y)=0.3056m Max|e_y|=2.6509m RMS(heading)=0.0203rad switches=1 emergency_halts=0 laps=2
[adaptive_controller_manager_node-3] [INFO] [1789313100.122689753] [adaptive_controller_manager]: [status] active=MPC state=RUNNING_MPC | pp: health=ok state=active | mpc: health=ok | v_x=16.07 e_y=0.066 theta=-0.041 | params: stored_v=4 fwd_v=4 pending=no
[adaptive_controller_manager_node-3] [INFO] [1789313102.142677922] [adaptive_controller_manager]: [status] active=MPC state=RUNNING_MPC | pp: health=ok state=active | mpc: health=ok | v_x=17.70 e_y=0.019 theta=-0.008 | params: stored_v=4 fwd_v=4 pending=no
[adaptive_controller_benchmark_node-4] [INFO] [1789313102.243917778] [adaptive_controller_benchmark_node]: [t= 360.0s] N=18000 RMS(e_y)=0.3040m Max|e_y|=2.6509m RMS(heading)=0.0203rad switches=1 emergency_halts=0 laps=2
[adaptive_controller_manager_node-3] [INFO] [1789313104.142855645] [adaptive_controller_manager]: [status] active=MPC state=RUNNING_MPC | pp: health=ok state=active | mpc: health=ok | v_x=23.42 e_y=-0.064 theta=-0.006 | params: stored_v=4 fwd_v=4 pending=no
[adaptive_controller_manager_node-3] [INFO] [1789313106.143193686] [adaptive_controller_manager]: [status] active=MPC state=RUNNING_MPC | pp: health=ok state=active | mpc: health=ok | v_x=27.44 e_y=-0.119 theta=-0.012 | params: stored_v=4 fwd_v=4 pending=no
[adaptive_controller_benchmark_node-4] [INFO] [1789313106.244198386] [adaptive_controller_benchmark_node]: [t= 364.0s] N=18200 RMS(e_y)=0.3024m Max|e_y|=2.6509m RMS(heading)=0.0202rad switches=1 emergency_halts=0 laps=2
[adaptive_controller_manager_node-3] [INFO] [1789313108.162600064] [adaptive_controller_manager]: [status] active=MPC state=RUNNING_MPC | pp: health=ok state=active | mpc: health=ok | v_x=27.75 e_y=-0.167 theta=-0.026 | params: stored_v=4 fwd_v=4 pending=no
[adaptive_controller_manager_node-3] [INFO] [1789313108.970163254] [adaptive_controller_manager]: sysid/update_params: accepted and stored new tire params
[mpc_node-2] [INFO] [1789313108.982805449] [mpc_path_tracking]: tire params updated via mpc/update_params
[mpc_node-2] [INFO] [1789313108.982850710] [mpc_path_tracking]: model check: C_front=13194 N/rad C_rear=13901 N/rad -> understeering, linearization stable at all speeds
[mpc_node-2] [INFO] [1789313108.983097742] [mpc_path_tracking]: loaded 2916 raceline waypoints at speed cap 27.77 m/s, lateral cap 6.50 m/s^2 (0.66 g, identified grip ceiling 9.87 m/s^2 x 0.75 utilization = 7.40, capped by limits.lateral_accel_max 6.50); reference now peaks at 4.98 m/s^2 (0.51 g)
[mpc_node-2] [WARN] [1789313108.983117077] [mpc_path_tracking]: raceline speed profile exceeds limits.speed_max=27.77 m/s at 1343/2916 waypoints (max 27.78 m/s, 1.0x the limit) - clamped. The raceline was optimized for a faster vehicle than this one; regenerate it with v_max=27.77 m/s for a usable speed profile. Raising limits.speed_max only helps if the VEHICLE can really go that fast - the cap must describe the plant, not the ambition.
[adaptive_controller_manager_node-3] [INFO] [1789313110.182591804] [adaptive_controller_manager]: [status] active=MPC state=RUNNING_MPC | pp: health=ok state=active | mpc: health=ok | v_x=27.77 e_y=-0.081 theta=-0.003 | params: stored_v=5 fwd_v=5 pending=no
[adaptive_controller_benchmark_node-4] [INFO] [1789313110.243517144] [adaptive_controller_benchmark_node]: [t= 368.0s] N=18400 RMS(e_y)=0.3011m Max|e_y|=2.6509m RMS(heading)=0.0202rad switches=1 emergency_halts=0 laps=2
[adaptive_controller_manager_node-3] [INFO] [1789313112.202517848] [adaptive_controller_manager]: [status] active=MPC state=RUNNING_MPC | pp: health=ok state=active | mpc: health=ok | v_x=27.77 e_y=-0.017 theta=-0.001 | params: stored_v=5 fwd_v=5 pending=no
[adaptive_controller_manager_node-3] [INFO] [1789313114.222520444] [adaptive_controller_manager]: [status] active=MPC state=RUNNING_MPC | pp: health=ok state=active | mpc: health=ok | v_x=27.77 e_y=-0.023 theta=-0.001 | params: stored_v=5 fwd_v=5 pending=no
[adaptive_controller_benchmark_node-4] [INFO] [1789313114.243919661] [adaptive_controller_benchmark_node]: [t= 372.0s] N=18600 RMS(e_y)=0.2995m Max|e_y|=2.6509m RMS(heading)=0.0201rad switches=1 emergency_halts=0 laps=2
[adaptive_controller_manager_node-3] [INFO] [1789313116.242522389] [adaptive_controller_manager]: [status] active=MPC state=RUNNING_MPC | pp: health=ok state=active | mpc: health=ok | v_x=22.48 e_y=-0.012 theta=-0.018 | params: stored_v=5 fwd_v=5 pending=no
[adaptive_controller_benchmark_node-4] [INFO] [1789313118.243371531] [adaptive_controller_benchmark_node]: [t= 376.0s] N=18800 RMS(e_y)=0.2980m Max|e_y|=2.6509m RMS(heading)=0.0201rad switches=1 emergency_halts=0 laps=2
[adaptive_controller_manager_node-3] [INFO] [1789313118.262460432] [adaptive_controller_manager]: [status] active=MPC state=RUNNING_MPC | pp: health=ok state=active | mpc: health=ok | v_x=21.38 e_y=-0.049 theta=-0.020 | params: stored_v=5 fwd_v=5 pending=no
[adaptive_controller_manager_node-3] [INFO] [1789313120.282499494] [adaptive_controller_manager]: [status] active=MPC state=RUNNING_MPC | pp: health=ok state=active | mpc: health=ok | v_x=26.42 e_y=-0.130 theta=-0.009 | params: stored_v=5 fwd_v=5 pending=no
[adaptive_controller_benchmark_node-4] [INFO] [1789313122.243650138] [adaptive_controller_benchmark_node]: [t= 380.0s] N=19000 RMS(e_y)=0.2965m Max|e_y|=2.6509m RMS(heading)=0.0200rad switches=1 emergency_halts=0 laps=2
[adaptive_controller_manager_node-3] [INFO] [1789313122.282510914] [adaptive_controller_manager]: [status] active=MPC state=RUNNING_MPC | pp: health=ok state=active | mpc: health=ok | v_x=27.66 e_y=-0.059 theta=-0.006 | params: stored_v=5 fwd_v=5 pending=no
[adaptive_controller_manager_node-3] [INFO] [1789313124.282589749] [adaptive_controller_manager]: [status] active=MPC state=RUNNING_MPC | pp: health=ok state=active | mpc: health=ok | v_x=27.76 e_y=-0.065 theta=-0.001 | params: stored_v=5 fwd_v=5 pending=no
[adaptive_controller_benchmark_node-4] [INFO] [1789313126.243770658] [adaptive_controller_benchmark_node]: [t= 384.0s] N=19200 RMS(e_y)=0.2950m Max|e_y|=2.6509m RMS(heading)=0.0199rad switches=1 emergency_halts=0 laps=2
[adaptive_controller_manager_node-3] [INFO] [1789313126.302485334] [adaptive_controller_manager]: [status] active=MPC state=RUNNING_MPC | pp: health=ok state=active | mpc: health=ok | v_x=27.77 e_y=0.010 theta=0.007 | params: stored_v=5 fwd_v=5 pending=no
[adaptive_controller_manager_node-3] [INFO] [1789313128.302549082] [adaptive_controller_manager]: [status] active=MPC state=RUNNING_MPC | pp: health=ok state=active | mpc: health=ok | v_x=23.24 e_y=0.163 theta=0.011 | params: stored_v=5 fwd_v=5 pending=no
[adaptive_controller_benchmark_node-4] [INFO] [1789313130.243996864] [adaptive_controller_benchmark_node]: [t= 388.0s] N=19400 RMS(e_y)=0.2936m Max|e_y|=2.6509m RMS(heading)=0.0199rad switches=1 emergency_halts=0 laps=2
[adaptive_controller_manager_node-3] [INFO] [1789313130.302601582] [adaptive_controller_manager]: [status] active=MPC state=RUNNING_MPC | pp: health=ok state=active | mpc: health=ok | v_x=21.66 e_y=-0.005 theta=-0.042 | params: stored_v=5 fwd_v=5 pending=no
[adaptive_controller_manager_node-3] [INFO] [1789313132.322412424] [adaptive_controller_manager]: [status] active=MPC state=RUNNING_MPC | pp: health=ok state=active | mpc: health=ok | v_x=19.43 e_y=0.025 theta=0.007 | params: stored_v=5 fwd_v=5 pending=no
[adaptive_controller_benchmark_node-4] [INFO] [1789313134.243571409] [adaptive_controller_benchmark_node]: [t= 392.0s] N=19600 RMS(e_y)=0.2921m Max|e_y|=2.6509m RMS(heading)=0.0199rad switches=1 emergency_halts=0 laps=2
[adaptive_controller_manager_node-3] [INFO] [1789313134.322416920] [adaptive_controller_manager]: [status] active=MPC state=RUNNING_MPC | pp: health=ok state=active | mpc: health=ok | v_x=19.30 e_y=-0.031 theta=0.041 | params: stored_v=5 fwd_v=5 pending=no
[adaptive_controller_manager_node-3] [INFO] [1789313136.342462641] [adaptive_controller_manager]: [status] active=MPC state=RUNNING_MPC | pp: health=ok state=active | mpc: health=ok | v_x=18.94 e_y=-0.002 theta=-0.026 | params: stored_v=5 fwd_v=5 pending=no
[adaptive_controller_benchmark_node-4] [INFO] [1789313138.243694394] [adaptive_controller_benchmark_node]: [t= 396.0s] N=19800 RMS(e_y)=0.2907m Max|e_y|=2.6509m RMS(heading)=0.0199rad switches=1 emergency_halts=0 laps=2
[adaptive_controller_manager_node-3] [INFO] [1789313138.362389491] [adaptive_controller_manager]: [status] active=MPC state=RUNNING_MPC | pp: health=ok state=active | mpc: health=ok | v_x=19.36 e_y=0.012 theta=-0.036 | params: stored_v=5 fwd_v=5 pending=no
[adaptive_controller_manager_node-3] [INFO] [1789313140.362476333] [adaptive_controller_manager]: [status] active=MPC state=RUNNING_MPC | pp: health=ok state=active | mpc: health=ok | v_x=23.34 e_y=-0.043 theta=0.005 | params: stored_v=5 fwd_v=5 pending=no
[adaptive_controller_benchmark_node-4] [INFO] [1789313142.243750713] [adaptive_controller_benchmark_node]: [t= 400.0s] N=20000 RMS(e_y)=0.2893m Max|e_y|=2.6509m RMS(heading)=0.0200rad switches=1 emergency_halts=0 laps=2
[adaptive_controller_manager_node-3] [INFO] [1789313142.382622155] [adaptive_controller_manager]: [status] active=MPC state=RUNNING_MPC | pp: health=ok state=active | mpc: health=ok | v_x=27.17 e_y=0.029 theta=0.014 | params: stored_v=5 fwd_v=5 pending=no
[adaptive_controller_manager_node-3] [INFO] [1789313144.402426799] [adaptive_controller_manager]: [status] active=MPC state=RUNNING_MPC | pp: health=ok state=active | mpc: health=ok | v_x=27.72 e_y=-0.009 theta=0.000 | params: stored_v=5 fwd_v=5 pending=no
[adaptive_controller_benchmark_node-4] [INFO] [1789313146.243362904] [adaptive_controller_benchmark_node]: [t= 404.0s] N=20200 RMS(e_y)=0.2879m Max|e_y|=2.6509m RMS(heading)=0.0199rad switches=1 emergency_halts=0 laps=2
[adaptive_controller_manager_node-3] [INFO] [1789313146.422391375] [adaptive_controller_manager]: [status] active=MPC state=RUNNING_MPC | pp: health=ok state=active | mpc: health=ok | v_x=27.77 e_y=-0.006 theta=-0.001 | params: stored_v=5 fwd_v=5 pending=no
[adaptive_controller_manager_node-3] [INFO] [1789313148.442356371] [adaptive_controller_manager]: [status] active=MPC state=RUNNING_MPC | pp: health=ok state=active | mpc: health=ok | v_x=27.77 e_y=-0.010 theta=-0.001 | params: stored_v=5 fwd_v=5 pending=no
[adaptive_controller_benchmark_node-4] [INFO] [1789313150.243247534] [adaptive_controller_benchmark_node]: [t= 408.0s] N=20400 RMS(e_y)=0.2865m Max|e_y|=2.6509m RMS(heading)=0.0198rad switches=1 emergency_halts=0 laps=2
[adaptive_controller_manager_node-3] [INFO] [1789313150.462378476] [adaptive_controller_manager]: [status] active=MPC state=RUNNING_MPC | pp: health=ok state=active | mpc: health=ok | v_x=27.77 e_y=-0.022 theta=-0.001 | params: stored_v=5 fwd_v=5 pending=no
[adaptive_controller_manager_node-3] [INFO] [1789313152.462385849] [adaptive_controller_manager]: [status] active=MPC state=RUNNING_MPC | pp: health=ok state=active | mpc: health=ok | v_x=27.77 e_y=-0.027 theta=-0.003 | params: stored_v=5 fwd_v=5 pending=no
[adaptive_controller_benchmark_node-4] [INFO] [1789313154.243545951] [adaptive_controller_benchmark_node]: [t= 412.0s] N=20600 RMS(e_y)=0.2851m Max|e_y|=2.6509m RMS(heading)=0.0197rad switches=1 emergency_halts=0 laps=2
[adaptive_controller_manager_node-3] [INFO] [1789313154.482372803] [adaptive_controller_manager]: [status] active=MPC state=RUNNING_MPC | pp: health=ok state=active | mpc: health=ok | v_x=25.65 e_y=-0.031 theta=-0.005 | params: stored_v=5 fwd_v=5 pending=no
[adaptive_controller_manager_node-3] [INFO] [1789313156.482701959] [adaptive_controller_manager]: [status] active=MPC state=RUNNING_MPC | pp: health=ok state=active | mpc: health=ok | v_x=20.07 e_y=-0.103 theta=-0.032 | params: stored_v=5 fwd_v=5 pending=no
[adaptive_controller_benchmark_node-4] [INFO] [1789313158.243703219] [adaptive_controller_benchmark_node]: [t= 416.0s] N=20800 RMS(e_y)=0.2838m Max|e_y|=2.6509m RMS(heading)=0.0197rad switches=1 emergency_halts=0 laps=2
[adaptive_controller_manager_node-3] [INFO] [1789313158.502361829] [adaptive_controller_manager]: [status] active=MPC state=RUNNING_MPC | pp: health=ok state=active | mpc: health=ok | v_x=18.54 e_y=0.014 theta=-0.040 | params: stored_v=5 fwd_v=5 pending=no
[adaptive_controller_manager_node-3] [INFO] [1789313160.522296814] [adaptive_controller_manager]: [status] active=MPC state=RUNNING_MPC | pp: health=ok state=active | mpc: health=ok | v_x=21.72 e_y=-0.072 theta=-0.013 | params: stored_v=5 fwd_v=5 pending=no
[adaptive_controller_benchmark_node-4] [INFO] [1789313162.243502420] [adaptive_controller_benchmark_node]: [t= 420.0s] N=21000 RMS(e_y)=0.2825m Max|e_y|=2.6509m RMS(heading)=0.0196rad switches=1 emergency_halts=0 laps=2
[adaptive_controller_manager_node-3] [INFO] [1789313162.522579162] [adaptive_controller_manager]: [status] active=MPC state=RUNNING_MPC | pp: health=ok state=active | mpc: health=ok | v_x=26.91 e_y=0.011 theta=0.008 | params: stored_v=5 fwd_v=5 pending=no
[adaptive_controller_manager_node-3] [INFO] [1789313164.542364135] [adaptive_controller_manager]: [status] active=MPC state=RUNNING_MPC | pp: health=ok state=active | mpc: health=ok | v_x=24.81 e_y=0.036 theta=-0.001 | params: stored_v=5 fwd_v=5 pending=no
[adaptive_controller_benchmark_node-4] [INFO] [1789313166.243677582] [adaptive_controller_benchmark_node]: [t= 424.0s] N=21200 RMS(e_y)=0.2812m Max|e_y|=2.6509m RMS(heading)=0.0195rad switches=1 emergency_halts=0 laps=2
[adaptive_controller_manager_node-3] [INFO] [1789313166.562281477] [adaptive_controller_manager]: [status] active=MPC state=RUNNING_MPC | pp: health=ok state=active | mpc: health=ok | v_x=17.21 e_y=0.017 theta=0.000 | params: stored_v=5 fwd_v=5 pending=no
[adaptive_controller_manager_node-3] [INFO] [1789313168.582270775] [adaptive_controller_manager]: [status] active=MPC state=RUNNING_MPC | pp: health=ok state=active | mpc: health=ok | v_x=9.79 e_y=-0.191 theta=0.018 | params: stored_v=5 fwd_v=5 pending=no
[adaptive_controller_benchmark_node-4] [INFO] [1789313170.243206937] [adaptive_controller_benchmark_node]: [t= 428.0s] N=21400 RMS(e_y)=0.2809m Max|e_y|=2.6509m RMS(heading)=0.0195rad switches=1 emergency_halts=0 laps=2
[adaptive_controller_manager_node-3] [INFO] [1789313170.602175248] [adaptive_controller_manager]: [status] active=MPC state=RUNNING_MPC | pp: health=ok state=active | mpc: health=ok | v_x=12.42 e_y=0.019 theta=0.016 | params: stored_v=5 fwd_v=5 pending=no
[adaptive_controller_manager_node-3] [INFO] [1789313172.602226270] [adaptive_controller_manager]: [status] active=MPC state=RUNNING_MPC | pp: health=ok state=active | mpc: health=ok | v_x=14.12 e_y=0.178 theta=-0.007 | params: stored_v=5 fwd_v=5 pending=no
[adaptive_controller_benchmark_node-4] [INFO] [1789313174.243327530] [adaptive_controller_benchmark_node]: [t= 432.0s] N=21600 RMS(e_y)=0.2800m Max|e_y|=2.6509m RMS(heading)=0.0196rad switches=1 emergency_halts=0 laps=2
[adaptive_controller_manager_node-3] [INFO] [1789313174.622332718] [adaptive_controller_manager]: [status] active=MPC state=RUNNING_MPC | pp: health=ok state=active | mpc: health=ok | v_x=20.53 e_y=-0.047 theta=-0.011 | params: stored_v=5 fwd_v=5 pending=no
[adaptive_controller_manager_node-3] [INFO] [1789313176.642225864] [adaptive_controller_manager]: [status] active=MPC state=RUNNING_MPC | pp: health=ok state=active | mpc: health=ok | v_x=18.50 e_y=0.007 theta=-0.017 | params: stored_v=5 fwd_v=5 pending=no
[adaptive_controller_benchmark_node-4] [INFO] [1789313178.243209001] [adaptive_controller_benchmark_node]: [t= 436.0s] N=21800 RMS(e_y)=0.2787m Max|e_y|=2.6509m RMS(heading)=0.0196rad switches=1 emergency_halts=0 laps=2
[adaptive_controller_manager_node-3] [INFO] [1789313178.662222674] [adaptive_controller_manager]: [status] active=MPC state=RUNNING_MPC | pp: health=ok state=active | mpc: health=ok | v_x=22.38 e_y=-0.076 theta=-0.005 | params: stored_v=5 fwd_v=5 pending=no
[adaptive_controller_manager_node-3] [INFO] [1789313180.682232092] [adaptive_controller_manager]: [status] active=MPC state=RUNNING_MPC | pp: health=ok state=active | mpc: health=ok | v_x=27.30 e_y=-0.026 theta=0.001 | params: stored_v=5 fwd_v=5 pending=no
[adaptive_controller_manager_node-3] [INFO] [1789313180.875573958] [adaptive_controller_manager]: sysid/update_params: accepted and stored new tire params
[mpc_node-2] [INFO] [1789313180.882338767] [mpc_path_tracking]: tire params updated via mpc/update_params
[mpc_node-2] [INFO] [1789313180.882396546] [mpc_path_tracking]: model check: C_front=13194 N/rad C_rear=13901 N/rad -> understeering, linearization stable at all speeds
[mpc_node-2] [INFO] [1789313180.882746656] [mpc_path_tracking]: loaded 2916 raceline waypoints at speed cap 27.77 m/s, lateral cap 6.50 m/s^2 (0.66 g, identified grip ceiling 9.87 m/s^2 x 0.75 utilization = 7.40, capped by limits.lateral_accel_max 6.50); reference now peaks at 4.98 m/s^2 (0.51 g)
[mpc_node-2] [WARN] [1789313180.882769956] [mpc_path_tracking]: raceline speed profile exceeds limits.speed_max=27.77 m/s at 1343/2916 waypoints (max 27.78 m/s, 1.0x the limit) - clamped. The raceline was optimized for a faster vehicle than this one; regenerate it with v_max=27.77 m/s for a usable speed profile. Raising limits.speed_max only helps if the VEHICLE can really go that fast - the cap must describe the plant, not the ambition.
[adaptive_controller_benchmark_node-4] [INFO] [1789313182.243575693] [adaptive_controller_benchmark_node]: [t= 440.0s] N=22000 RMS(e_y)=0.2775m Max|e_y|=2.6509m RMS(heading)=0.0195rad switches=1 emergency_halts=0 laps=2
[adaptive_controller_manager_node-3] [INFO] [1789313182.702175057] [adaptive_controller_manager]: [status] active=MPC state=RUNNING_MPC | pp: health=ok state=active | mpc: health=ok | v_x=27.74 e_y=-0.019 theta=0.001 | params: stored_v=6 fwd_v=6 pending=no
[adaptive_controller_manager_node-3] [INFO] [1789313184.702206595] [adaptive_controller_manager]: [status] active=MPC state=RUNNING_MPC | pp: health=ok state=active | mpc: health=ok | v_x=26.18 e_y=0.010 theta=-0.000 | params: stored_v=6 fwd_v=6 pending=no
[adaptive_controller_benchmark_node-4] [INFO] [1789313186.243401974] [adaptive_controller_benchmark_node]: [t= 444.0s] N=22200 RMS(e_y)=0.2763m Max|e_y|=2.6509m RMS(heading)=0.0194rad switches=1 emergency_halts=0 laps=3
[adaptive_controller_manager_node-3] [INFO] [1789313186.722156413] [adaptive_controller_manager]: [status] active=MPC state=RUNNING_MPC | pp: health=ok state=active | mpc: health=ok | v_x=19.80 e_y=0.010 theta=-0.014 | params: stored_v=6 fwd_v=6 pending=no
[adaptive_controller_manager_node-3] [INFO] [1789313188.742171989] [adaptive_controller_manager]: [status] active=MPC state=RUNNING_MPC | pp: health=ok state=active | mpc: health=ok | v_x=21.70 e_y=-0.049 theta=-0.017 | params: stored_v=6 fwd_v=6 pending=no
[adaptive_controller_benchmark_node-4] [INFO] [1789313190.244021561] [adaptive_controller_benchmark_node]: [t= 448.0s] N=22400 RMS(e_y)=0.2751m Max|e_y|=2.6509m RMS(heading)=0.0194rad switches=1 emergency_halts=0 laps=3
[adaptive_controller_manager_node-3] [INFO] [1789313190.742217009] [adaptive_controller_manager]: [status] active=MPC state=RUNNING_MPC | pp: health=ok state=active | mpc: health=ok | v_x=26.44 e_y=-0.071 theta=0.011 | params: stored_v=6 fwd_v=6 pending=no
[adaptive_controller_manager_node-3] [INFO] [1789313192.762051902] [adaptive_controller_manager]: [status] active=MPC state=RUNNING_MPC | pp: health=ok state=active | mpc: health=ok | v_x=27.09 e_y=0.205 theta=0.019 | params: stored_v=6 fwd_v=6 pending=no
[adaptive_controller_benchmark_node-4] [INFO] [1789313194.243208638] [adaptive_controller_benchmark_node]: [t= 452.0s] N=22600 RMS(e_y)=0.2742m Max|e_y|=2.6509m RMS(heading)=0.0194rad switches=1 emergency_halts=0 laps=3
[adaptive_controller_manager_node-3] [INFO] [1789313194.762071684] [adaptive_controller_manager]: [status] active=MPC state=RUNNING_MPC | pp: health=ok state=active | mpc: health=ok | v_x=24.41 e_y=0.098 theta=-0.001 | params: stored_v=6 fwd_v=6 pending=no
[adaptive_controller_manager_node-3] [INFO] [1789313196.782159481] [adaptive_controller_manager]: [status] active=MPC state=RUNNING_MPC | pp: health=ok state=active | mpc: health=ok | v_x=16.62 e_y=0.013 theta=0.004 | params: stored_v=6 fwd_v=6 pending=no
[adaptive_controller_benchmark_node-4] [INFO] [1789313198.242974486] [adaptive_controller_benchmark_node]: [t= 456.0s] N=22800 RMS(e_y)=0.2730m Max|e_y|=2.6509m RMS(heading)=0.0193rad switches=1 emergency_halts=0 laps=3
[adaptive_controller_manager_node-3] [INFO] [1789313198.802074840] [adaptive_controller_manager]: [status] active=MPC state=RUNNING_MPC | pp: health=ok state=active | mpc: health=ok | v_x=11.84 e_y=0.240 theta=-0.024 | params: stored_v=6 fwd_v=6 pending=no
[adaptive_controller_manager_node-3] [INFO] [1789313200.802094130] [adaptive_controller_manager]: [status] active=MPC state=RUNNING_MPC | pp: health=ok state=active | mpc: health=ok | v_x=13.18 e_y=-0.027 theta=-0.005 | params: stored_v=6 fwd_v=6 pending=no
[adaptive_controller_benchmark_node-4] [INFO] [1789313202.243094551] [adaptive_controller_benchmark_node]: [t= 460.0s] N=23000 RMS(e_y)=0.2723m Max|e_y|=2.6509m RMS(heading)=0.0193rad switches=1 emergency_halts=0 laps=3
[adaptive_controller_manager_node-3] [INFO] [1789313202.802108207] [adaptive_controller_manager]: [status] active=MPC state=RUNNING_MPC | pp: health=ok state=active | mpc: health=ok | v_x=11.11 e_y=-0.051 theta=0.001 | params: stored_v=6 fwd_v=6 pending=no
[adaptive_controller_manager_node-3] [INFO] [1789313204.822126466] [adaptive_controller_manager]: [status] active=MPC state=RUNNING_MPC | pp: health=ok state=active | mpc: health=ok | v_x=11.14 e_y=-0.306 theta=0.049 | params: stored_v=6 fwd_v=6 pending=no
[adaptive_controller_benchmark_node-4] [INFO] [1789313206.242960446] [adaptive_controller_benchmark_node]: [t= 464.0s] N=23200 RMS(e_y)=0.2720m Max|e_y|=2.6509m RMS(heading)=0.0193rad switches=1 emergency_halts=0 laps=3
[adaptive_controller_manager_node-3] [INFO] [1789313206.842038687] [adaptive_controller_manager]: [status] active=MPC state=RUNNING_MPC | pp: health=ok state=active | mpc: health=ok | v_x=13.97 e_y=-0.064 theta=0.013 | params: stored_v=6 fwd_v=6 pending=no
[adaptive_controller_manager_node-3] [INFO] [1789313208.842085994] [adaptive_controller_manager]: [status] active=MPC state=RUNNING_MPC | pp: health=ok state=active | mpc: health=ok | v_x=18.87 e_y=0.017 theta=0.009 | params: stored_v=6 fwd_v=6 pending=no
[adaptive_controller_benchmark_node-4] [INFO] [1789313210.243364634] [adaptive_controller_benchmark_node]: [t= 468.0s] N=23400 RMS(e_y)=0.2709m Max|e_y|=2.6509m RMS(heading)=0.0193rad switches=1 emergency_halts=0 laps=3
[adaptive_controller_manager_node-3] [INFO] [1789313210.862013803] [adaptive_controller_manager]: [status] active=MPC state=RUNNING_MPC | pp: health=ok state=active | mpc: health=ok | v_x=18.88 e_y=-0.006 theta=0.027 | params: stored_v=6 fwd_v=6 pending=no
[adaptive_controller_manager_node-3] [INFO] [1789313212.882053846] [adaptive_controller_manager]: [status] active=MPC state=RUNNING_MPC | pp: health=ok state=active | mpc: health=ok | v_x=23.74 e_y=0.027 theta=-0.004 | params: stored_v=6 fwd_v=6 pending=no
[adaptive_controller_benchmark_node-4] [INFO] [1789313214.243406536] [adaptive_controller_benchmark_node]: [t= 472.0s] N=23600 RMS(e_y)=0.2698m Max|e_y|=2.6509m RMS(heading)=0.0192rad switches=1 emergency_halts=0 laps=3
[adaptive_controller_manager_node-3] [INFO] [1789313214.882079085] [adaptive_controller_manager]: [status] active=MPC state=RUNNING_MPC | pp: health=ok state=active | mpc: health=ok | v_x=27.46 e_y=-0.018 theta=-0.000 | params: stored_v=6 fwd_v=6 pending=no
[adaptive_controller_manager_node-3] [INFO] [1789313216.901955592] [adaptive_controller_manager]: [status] active=MPC state=RUNNING_MPC | pp: health=ok state=active | mpc: health=ok | v_x=27.75 e_y=-0.012 theta=-0.001 | params: stored_v=6 fwd_v=6 pending=no
[adaptive_controller_benchmark_node-4] [INFO] [1789313218.242954818] [adaptive_controller_benchmark_node]: [t= 476.0s] N=23800 RMS(e_y)=0.2686m Max|e_y|=2.6509m RMS(heading)=0.0192rad switches=1 emergency_halts=0 laps=3
[adaptive_controller_manager_node-3] [INFO] [1789313218.902171654] [adaptive_controller_manager]: [status] active=MPC state=RUNNING_MPC | pp: health=ok state=active | mpc: health=ok | v_x=27.77 e_y=-0.007 theta=0.000 | params: stored_v=6 fwd_v=6 pending=no
[adaptive_controller_manager_node-3] [INFO] [1789313220.922063484] [adaptive_controller_manager]: [status] active=MPC state=RUNNING_MPC | pp: health=ok state=active | mpc: health=ok | v_x=27.76 e_y=-0.011 theta=0.000 | params: stored_v=6 fwd_v=6 pending=no
[adaptive_controller_benchmark_node-4] [INFO] [1789313222.243253817] [adaptive_controller_benchmark_node]: [t= 480.0s] N=24000 RMS(e_y)=0.2675m Max|e_y|=2.6509m RMS(heading)=0.0191rad switches=1 emergency_halts=0 laps=3
[adaptive_controller_manager_node-3] [INFO] [1789313222.941922973] [adaptive_controller_manager]: [status] active=MPC state=RUNNING_MPC | pp: health=ok state=active | mpc: health=ok | v_x=22.55 e_y=-0.001 theta=0.003 | params: stored_v=6 fwd_v=6 pending=no
[adaptive_controller_manager_node-3] [INFO] [1789313224.941948670] [adaptive_controller_manager]: [status] active=MPC state=RUNNING_MPC | pp: health=ok state=active | mpc: health=ok | v_x=18.91 e_y=0.010 theta=0.041 | params: stored_v=6 fwd_v=6 pending=no
[adaptive_controller_benchmark_node-4] [INFO] [1789313226.242691439] [adaptive_controller_benchmark_node]: [t= 484.0s] N=24200 RMS(e_y)=0.2664m Max|e_y|=2.6509m RMS(heading)=0.0191rad switches=1 emergency_halts=0 laps=3
[adaptive_controller_manager_node-3] [INFO] [1789313226.941977812] [adaptive_controller_manager]: [status] active=MPC state=RUNNING_MPC | pp: health=ok state=active | mpc: health=ok | v_x=14.42 e_y=-0.225 theta=0.013 | params: stored_v=6 fwd_v=6 pending=no
[adaptive_controller_manager_node-3] [INFO] [1789313228.961875013] [adaptive_controller_manager]: [status] active=MPC state=RUNNING_MPC | pp: health=ok state=active | mpc: health=ok | v_x=16.47 e_y=0.016 theta=-0.006 | params: stored_v=6 fwd_v=6 pending=no
[adaptive_controller_benchmark_node-4] [INFO] [1789313230.242838089] [adaptive_controller_benchmark_node]: [t= 488.0s] N=24400 RMS(e_y)=0.2655m Max|e_y|=2.6509m RMS(heading)=0.0191rad switches=1 emergency_halts=0 laps=3
[adaptive_controller_manager_node-3] [INFO] [1789313230.961923362] [adaptive_controller_manager]: [status] active=MPC state=RUNNING_MPC | pp: health=ok state=active | mpc: health=ok | v_x=15.48 e_y=-0.005 theta=-0.018 | params: stored_v=6 fwd_v=6 pending=no
[adaptive_controller_manager_node-3] [INFO] [1789313232.981853910] [adaptive_controller_manager]: [status] active=MPC state=RUNNING_MPC | pp: health=ok state=active | mpc: health=ok | v_x=16.08 e_y=0.076 theta=-0.028 | params: stored_v=6 fwd_v=6 pending=no
[adaptive_controller_benchmark_node-4] [INFO] [1789313234.242817060] [adaptive_controller_benchmark_node]: [t= 492.0s] N=24600 RMS(e_y)=0.2645m Max|e_y|=2.6509m RMS(heading)=0.0192rad switches=1 emergency_halts=0 laps=3
[adaptive_controller_manager_node-3] [INFO] [1789313234.981936755] [adaptive_controller_manager]: [status] active=MPC state=RUNNING_MPC | pp: health=ok state=active | mpc: health=ok | v_x=17.66 e_y=0.032 theta=-0.024 | params: stored_v=6 fwd_v=6 pending=no
[adaptive_controller_manager_node-3] [INFO] [1789313237.001857111] [adaptive_controller_manager]: [status] active=MPC state=RUNNING_MPC | pp: health=ok state=active | mpc: health=ok | v_x=22.84 e_y=-0.056 theta=-0.006 | params: stored_v=6 fwd_v=6 pending=no
[adaptive_controller_benchmark_node-4] [INFO] [1789313238.242738134] [adaptive_controller_benchmark_node]: [t= 496.0s] N=24800 RMS(e_y)=0.2635m Max|e_y|=2.6509m RMS(heading)=0.0191rad switches=1 emergency_halts=0 laps=3
[adaptive_controller_manager_node-3] [INFO] [1789313239.001893396] [adaptive_controller_manager]: [status] active=MPC state=RUNNING_MPC | pp: health=ok state=active | mpc: health=ok | v_x=27.33 e_y=-0.112 theta=-0.012 | params: stored_v=6 fwd_v=6 pending=no
[adaptive_controller_manager_node-3] [INFO] [1789313241.021830869] [adaptive_controller_manager]: [status] active=MPC state=RUNNING_MPC | pp: health=ok state=active | mpc: health=ok | v_x=27.74 e_y=-0.151 theta=-0.025 | params: stored_v=6 fwd_v=6 pending=no
[adaptive_controller_benchmark_node-4] [INFO] [1789313242.242767055] [adaptive_controller_benchmark_node]: [t= 500.0s] N=25000 RMS(e_y)=0.2628m Max|e_y|=2.6509m RMS(heading)=0.0191rad switches=1 emergency_halts=0 laps=3
[adaptive_controller_manager_node-3] [INFO] [1789313243.041792654] [adaptive_controller_manager]: [status] active=MPC state=RUNNING_MPC | pp: health=ok state=active | mpc: health=ok | v_x=27.77 e_y=-0.073 theta=-0.001 | params: stored_v=6 fwd_v=6 pending=no
[adaptive_controller_manager_node-3] [INFO] [1789313245.041869840] [adaptive_controller_manager]: [status] active=MPC state=RUNNING_MPC | pp: health=ok state=active | mpc: health=ok | v_x=27.77 e_y=-0.013 theta=-0.001 | params: stored_v=6 fwd_v=6 pending=no
[adaptive_controller_benchmark_node-4] [INFO] [1789313246.242586955] [adaptive_controller_benchmark_node]: [t= 504.0s] N=25200 RMS(e_y)=0.2618m Max|e_y|=2.6509m RMS(heading)=0.0191rad switches=1 emergency_halts=0 laps=3
[adaptive_controller_manager_node-3] [INFO] [1789313247.061834089] [adaptive_controller_manager]: [status] active=MPC state=RUNNING_MPC | pp: health=ok state=active | mpc: health=ok | v_x=27.77 e_y=-0.020 theta=-0.001 | params: stored_v=6 fwd_v=6 pending=no
[adaptive_controller_manager_node-3] [INFO] [1789313249.081764007] [adaptive_controller_manager]: [status] active=MPC state=RUNNING_MPC | pp: health=ok state=active | mpc: health=ok | v_x=22.85 e_y=0.001 theta=-0.020 | params: stored_v=6 fwd_v=6 pending=no
[adaptive_controller_benchmark_node-4] [INFO] [1789313250.242822849] [adaptive_controller_benchmark_node]: [t= 508.0s] N=25400 RMS(e_y)=0.2608m Max|e_y|=2.6509m RMS(heading)=0.0190rad switches=1 emergency_halts=0 laps=3
[adaptive_controller_manager_node-3] [INFO] [1789313251.081786971] [adaptive_controller_manager]: [status] active=MPC state=RUNNING_MPC | pp: health=ok state=active | mpc: health=ok | v_x=21.40 e_y=-0.069 theta=-0.029 | params: stored_v=6 fwd_v=6 pending=no
[adaptive_controller_manager_node-3] [INFO] [1789313253.081794879] [adaptive_controller_manager]: [status] active=MPC state=RUNNING_MPC | pp: health=ok state=active | mpc: health=ok | v_x=25.87 e_y=-0.123 theta=-0.007 | params: stored_v=6 fwd_v=6 pending=no
[adaptive_controller_benchmark_node-4] [INFO] [1789313254.242791872] [adaptive_controller_benchmark_node]: [t= 512.0s] N=25600 RMS(e_y)=0.2598m Max|e_y|=2.6509m RMS(heading)=0.0190rad switches=1 emergency_halts=0 laps=3
[adaptive_controller_manager_node-3] [INFO] [1789313255.101737709] [adaptive_controller_manager]: [status] active=MPC state=RUNNING_MPC | pp: health=ok state=active | mpc: health=ok | v_x=27.62 e_y=-0.054 theta=-0.006 | params: stored_v=6 fwd_v=6 pending=no
[adaptive_controller_manager_node-3] [INFO] [1789313257.101772650] [adaptive_controller_manager]: [status] active=MPC state=RUNNING_MPC | pp: health=ok state=active | mpc: health=ok | v_x=27.76 e_y=-0.053 theta=-0.002 | params: stored_v=6 fwd_v=6 pending=no
[adaptive_controller_benchmark_node-4] [INFO] [1789313258.243412684] [adaptive_controller_benchmark_node]: [t= 516.0s] N=25800 RMS(e_y)=0.2589m Max|e_y|=2.6509m RMS(heading)=0.0190rad switches=1 emergency_halts=0 laps=3
[adaptive_controller_manager_node-3] [INFO] [1789313259.121733187] [adaptive_controller_manager]: [status] active=MPC state=RUNNING_MPC | pp: health=ok state=active | mpc: health=ok | v_x=27.77 e_y=-0.007 theta=0.006 | params: stored_v=6 fwd_v=6 pending=no
[adaptive_controller_manager_node-3] [INFO] [1789313261.141753854] [adaptive_controller_manager]: [status] active=MPC state=RUNNING_MPC | pp: health=ok state=active | mpc: health=ok | v_x=23.55 e_y=0.159 theta=0.008 | params: stored_v=6 fwd_v=6 pending=no
[adaptive_controller_benchmark_node-4] [INFO] [1789313262.242835753] [adaptive_controller_benchmark_node]: [t= 520.0s] N=26000 RMS(e_y)=0.2580m Max|e_y|=2.6509m RMS(heading)=0.0189rad switches=1 emergency_halts=0 laps=3
[adaptive_controller_manager_node-3] [INFO] [1789313263.161663414] [adaptive_controller_manager]: [status] active=MPC state=RUNNING_MPC | pp: health=ok state=active | mpc: health=ok | v_x=21.65 e_y=-0.034 theta=-0.040 | params: stored_v=6 fwd_v=6 pending=no
[adaptive_controller_manager_node-3] [INFO] [1789313265.181620724] [adaptive_controller_manager]: [status] active=MPC state=RUNNING_MPC | pp: health=ok state=active | mpc: health=ok | v_x=19.45 e_y=0.018 theta=0.008 | params: stored_v=6 fwd_v=6 pending=no
[adaptive_controller_benchmark_node-4] [INFO] [1789313266.243290530] [adaptive_controller_benchmark_node]: [t= 524.0s] N=26200 RMS(e_y)=0.2570m Max|e_y|=2.6509m RMS(heading)=0.0189rad switches=1 emergency_halts=0 laps=3
[adaptive_controller_manager_node-3] [INFO] [1789313267.181718221] [adaptive_controller_manager]: [status] active=MPC state=RUNNING_MPC | pp: health=ok state=active | mpc: health=ok | v_x=19.29 e_y=-0.033 theta=0.022 | params: stored_v=6 fwd_v=6 pending=no
[adaptive_controller_manager_node-3] [INFO] [1789313269.181746459] [adaptive_controller_manager]: [status] active=MPC state=RUNNING_MPC | pp: health=ok state=active | mpc: health=ok | v_x=18.94 e_y=0.019 theta=-0.025 | params: stored_v=6 fwd_v=6 pending=no
[adaptive_controller_benchmark_node-4] [INFO] [1789313270.242635957] [adaptive_controller_benchmark_node]: [t= 528.0s] N=26400 RMS(e_y)=0.2561m Max|e_y|=2.6509m RMS(heading)=0.0189rad switches=1 emergency_halts=0 laps=3
[adaptive_controller_manager_node-3] [INFO] [1789313271.201746399] [adaptive_controller_manager]: [status] active=MPC state=RUNNING_MPC | pp: health=ok state=active | mpc: health=ok | v_x=19.33 e_y=-0.013 theta=-0.039 | params: stored_v=6 fwd_v=6 pending=no
[adaptive_controller_manager_node-3] [INFO] [1789313273.221678412] [adaptive_controller_manager]: [status] active=MPC state=RUNNING_MPC | pp: health=ok state=active | mpc: health=ok | v_x=22.92 e_y=-0.005 theta=0.004 | params: stored_v=6 fwd_v=6 pending=no
[adaptive_controller_benchmark_node-4] [INFO] [1789313274.242899179] [adaptive_controller_benchmark_node]: [t= 532.0s] N=26600 RMS(e_y)=0.2551m Max|e_y|=2.6509m RMS(heading)=0.0190rad switches=1 emergency_halts=0 laps=3
[adaptive_controller_manager_node-3] [INFO] [1789313275.222074033] [adaptive_controller_manager]: [status] active=MPC state=RUNNING_MPC | pp: health=ok state=active | mpc: health=ok | v_x=27.12 e_y=0.049 theta=0.017 | params: stored_v=6 fwd_v=6 pending=no
[adaptive_controller_manager_node-3] [INFO] [1789313277.241634862] [adaptive_controller_manager]: [status] active=MPC state=RUNNING_MPC | pp: health=ok state=active | mpc: health=ok | v_x=27.72 e_y=-0.009 theta=0.000 | params: stored_v=6 fwd_v=6 pending=no
[adaptive_controller_benchmark_node-4] [INFO] [1789313278.242981550] [adaptive_controller_benchmark_node]: [t= 536.0s] N=26800 RMS(e_y)=0.2542m Max|e_y|=2.6509m RMS(heading)=0.0189rad switches=1 emergency_halts=0 laps=3
[adaptive_controller_manager_node-3] [INFO] [1789313279.241668296] [adaptive_controller_manager]: [status] active=MPC state=RUNNING_MPC | pp: health=ok state=active | mpc: health=ok | v_x=27.77 e_y=-0.004 theta=-0.001 | params: stored_v=6 fwd_v=6 pending=no
[adaptive_controller_manager_node-3] [INFO] [1789313281.241812965] [adaptive_controller_manager]: [status] active=MPC state=RUNNING_MPC | pp: health=ok state=active | mpc: health=ok | v_x=27.77 e_y=-0.010 theta=-0.001 | params: stored_v=6 fwd_v=6 pending=no
[adaptive_controller_benchmark_node-4] [INFO] [1789313282.242705170] [adaptive_controller_benchmark_node]: [t= 540.0s] N=27000 RMS(e_y)=0.2533m Max|e_y|=2.6509m RMS(heading)=0.0188rad switches=1 emergency_halts=0 laps=3
[adaptive_controller_manager_node-3] [INFO] [1789313283.261582906] [adaptive_controller_manager]: [status] active=MPC state=RUNNING_MPC | pp: health=ok state=active | mpc: health=ok | v_x=27.77 e_y=-0.019 theta=-0.001 | params: stored_v=6 fwd_v=6 pending=no
[adaptive_controller_manager_node-3] [INFO] [1789313285.261627314] [adaptive_controller_manager]: [status] active=MPC state=RUNNING_MPC | pp: health=ok state=active | mpc: health=ok | v_x=27.77 e_y=-0.029 theta=-0.003 | params: stored_v=6 fwd_v=6 pending=no
[adaptive_controller_benchmark_node-4] [INFO] [1789313286.242502012] [adaptive_controller_benchmark_node]: [t= 544.0s] N=27200 RMS(e_y)=0.2524m Max|e_y|=2.6509m RMS(heading)=0.0188rad switches=1 emergency_halts=0 laps=3
[adaptive_controller_manager_node-3] [INFO] [1789313287.281653044] [adaptive_controller_manager]: [status] active=MPC state=RUNNING_MPC | pp: health=ok state=active | mpc: health=ok | v_x=25.74 e_y=-0.026 theta=-0.006 | params: stored_v=6 fwd_v=6 pending=no
[WARNING] [launch]: user interrupted with ctrl-c (SIGINT)
[adaptive_controller_manager_node-3] [INFO] [1789313289.301554276] [adaptive_controller_manager]: [status] active=MPC state=RUNNING_MPC | pp: health=ok state=active | mpc: health=ok | v_x=20.13 e_y=-0.078 theta=-0.018 | params: stored_v=6 fwd_v=6 pending=no
[adaptive_controller_benchmark_node-4] [INFO] [1789313290.242574534] [adaptive_controller_benchmark_node]: [t= 548.0s] N=27400 RMS(e_y)=0.2515m Max|e_y|=2.6509m RMS(heading)=0.0188rad switches=1 emergency_halts=0 laps=3
[adaptive_controller_manager_node-3] [INFO] [1789313291.301577718] [adaptive_controller_manager]: [status] active=MPC state=RUNNING_MPC | pp: health=ok state=active | mpc: health=ok | v_x=18.53 e_y=0.025 theta=-0.028 | params: stored_v=6 fwd_v=6 pending=no
[ERROR] [adaptive_controller_benchmark_node-4]: process[adaptive_controller_benchmark_node-4] failed to terminate '5' seconds after receiving 'SIGINT', escalating to 'SIGTERM'
[ERROR] [adaptive_controller_manager_node-3]: process[adaptive_controller_manager_node-3] failed to terminate '5' seconds after receiving 'SIGINT', escalating to 'SIGTERM'
[ERROR] [mpc_node-2]: process[mpc_node-2] failed to terminate '5' seconds after receiving 'SIGINT', escalating to 'SIGTERM'
[ERROR] [pure_pursuit_node.py-1]: process[pure_pursuit_node.py-1] failed to terminate '5' seconds after receiving 'SIGINT', escalating to 'SIGTERM'
[INFO] [adaptive_controller_benchmark_node-4]: sending signal 'SIGTERM' to process[adaptive_controller_benchmark_node-4]
[INFO] [adaptive_controller_manager_node-3]: sending signal 'SIGTERM' to process[adaptive_controller_manager_node-3]
[INFO] [mpc_node-2]: sending signal 'SIGTERM' to process[mpc_node-2]
[INFO] [pure_pursuit_node.py-1]: sending signal 'SIGTERM' to process[pure_pursuit_node.py-1]
[mpc_node-2] [INFO] [1789313292.395271452] [rclcpp]: signal_handler(SIGINT/SIGTERM)
[pure_pursuit_node.py-1] RUNNING PURE-PURSUIT CODE.... 
[pure_pursuit_node.py-1] 
[pure_pursuit_node.py-1] 
[pure_pursuit_node.py-1] Traceback (most recent call last):
[pure_pursuit_node.py-1]   File "/home/ebrahim/Ebrahim_Master_Thesis_repo/install/pure_pursuit/lib/pure_pursuit/pure_pursuit_node.py", line 551, in main
[pure_pursuit_node.py-1]     rclpy.spin(node)
[pure_pursuit_node.py-1]   File "/opt/ros/humble/local/lib/python3.10/dist-packages/rclpy/__init__.py", line 229, in spin
[pure_pursuit_node.py-1]     executor.spin_once()
[pure_pursuit_node.py-1]   File "/opt/ros/humble/local/lib/python3.10/dist-packages/rclpy/executors.py", line 808, in spin_once
[pure_pursuit_node.py-1]     self._spin_once_impl(timeout_sec)
[pure_pursuit_node.py-1]   File "/opt/ros/humble/local/lib/python3.10/dist-packages/rclpy/executors.py", line 797, in _spin_once_impl
[pure_pursuit_node.py-1]     handler, entity, node = self.wait_for_ready_callbacks(timeout_sec=timeout_sec)
[pure_pursuit_node.py-1]   File "/opt/ros/humble/local/lib/python3.10/dist-packages/rclpy/executors.py", line 780, in wait_for_ready_callbacks
[pure_pursuit_node.py-1]     return next(self._cb_iter)
[pure_pursuit_node.py-1]   File "/opt/ros/humble/local/lib/python3.10/dist-packages/rclpy/executors.py", line 681, in _wait_for_ready_callbacks
[pure_pursuit_node.py-1]     raise ExternalShutdownException()
[pure_pursuit_node.py-1] rclpy.executors.ExternalShutdownException
[pure_pursuit_node.py-1] 
[pure_pursuit_node.py-1] During handling of the above exception, another exception occurred:
[pure_pursuit_node.py-1] 
[pure_pursuit_node.py-1] Traceback (most recent call last):
[pure_pursuit_node.py-1]   File "/home/ebrahim/Ebrahim_Master_Thesis_repo/install/pure_pursuit/lib/pure_pursuit/pure_pursuit_node.py", line 560, in <module>
[pure_pursuit_node.py-1]     main()
[pure_pursuit_node.py-1]   File "/home/ebrahim/Ebrahim_Master_Thesis_repo/install/pure_pursuit/lib/pure_pursuit/pure_pursuit_node.py", line 556, in main
[pure_pursuit_node.py-1]     rclpy.shutdown()
[pure_pursuit_node.py-1]   File "/opt/ros/humble/local/lib/python3.10/dist-packages/rclpy/__init__.py", line 130, in shutdown
[pure_pursuit_node.py-1]     _shutdown(context=context)
[pure_pursuit_node.py-1]   File "/opt/ros/humble/local/lib/python3.10/dist-packages/rclpy/utilities.py", line 58, in shutdown
[pure_pursuit_node.py-1]     return context.shutdown()
[pure_pursuit_node.py-1]   File "/opt/ros/humble/local/lib/python3.10/dist-packages/rclpy/context.py", line 102, in shutdown
[pure_pursuit_node.py-1]     self.__context.shutdown()
[pure_pursuit_node.py-1] rclpy._rclpy_pybind11.RCLError: failed to shutdown: rcl_shutdown already called on the given context, at ./src/rcl/init.c:241
[INFO] [mpc_node-2]: process has finished cleanly [pid 65982]
[INFO] [adaptive_controller_manager_node-3]: process has finished cleanly [pid 65984]
[ERROR] [pure_pursuit_node.py-1]: process has died [pid 65980, exit code 1, cmd '/home/ebrahim/Ebrahim_Master_Thesis_repo/install/pure_pursuit/lib/pure_pursuit/pure_pursuit_node.py --ros-args -r __node:=pure_pursuit --params-file /home/ebrahim/Ebrahim_Master_Thesis_repo/install/pure_pursuit/share/pure_pursuit/config/pure_pursuit.yaml --params-file /tmp/launch_params_gg0plm2b'].
[adaptive_controller_benchmark_node-4] [INFO] [1789313295.550094111] [adaptive_controller_benchmark_node]: Benchmark plots saved to: /home/ebrahim/Ebrahim_Master_Thesis_repo/graphs/control/ours
[adaptive_controller_benchmark_node-4] Failed to publish log message to rosout: publisher's context is invalid, at ./src/rcl/publisher.c:389
[adaptive_controller_benchmark_node-4] Traceback (most recent call last):
[adaptive_controller_benchmark_node-4]   File "/home/ebrahim/Ebrahim_Master_Thesis_repo/build/adaptive_controller_benchmark/adaptive_controller_benchmark/adaptive_controller_benchmark_node.py", line 781, in main
[adaptive_controller_benchmark_node-4]     rclpy.spin(node)
[adaptive_controller_benchmark_node-4]   File "/opt/ros/humble/local/lib/python3.10/dist-packages/rclpy/__init__.py", line 229, in spin
[adaptive_controller_benchmark_node-4]     executor.spin_once()
[adaptive_controller_benchmark_node-4]   File "/opt/ros/humble/local/lib/python3.10/dist-packages/rclpy/executors.py", line 808, in spin_once
[adaptive_controller_benchmark_node-4]     self._spin_once_impl(timeout_sec)
[adaptive_controller_benchmark_node-4]   File "/opt/ros/humble/local/lib/python3.10/dist-packages/rclpy/executors.py", line 797, in _spin_once_impl
[adaptive_controller_benchmark_node-4]     handler, entity, node = self.wait_for_ready_callbacks(timeout_sec=timeout_sec)
[adaptive_controller_benchmark_node-4]   File "/opt/ros/humble/local/lib/python3.10/dist-packages/rclpy/executors.py", line 780, in wait_for_ready_callbacks
[adaptive_controller_benchmark_node-4]     return next(self._cb_iter)
[adaptive_controller_benchmark_node-4]   File "/opt/ros/humble/local/lib/python3.10/dist-packages/rclpy/executors.py", line 681, in _wait_for_ready_callbacks
[adaptive_controller_benchmark_node-4]     raise ExternalShutdownException()
[adaptive_controller_benchmark_node-4] rclpy.executors.ExternalShutdownException
[adaptive_controller_benchmark_node-4] 
[adaptive_controller_benchmark_node-4] During handling of the above exception, another exception occurred:
[adaptive_controller_benchmark_node-4] 
[adaptive_controller_benchmark_node-4] Traceback (most recent call last):
[adaptive_controller_benchmark_node-4]   File "/home/ebrahim/Ebrahim_Master_Thesis_repo/install/adaptive_controller_benchmark/lib/adaptive_controller_benchmark/adaptive_controller_benchmark_node", line 33, in <module>
[adaptive_controller_benchmark_node-4]     sys.exit(load_entry_point('adaptive-controller-benchmark', 'console_scripts', 'adaptive_controller_benchmark_node')())
[adaptive_controller_benchmark_node-4]   File "/home/ebrahim/Ebrahim_Master_Thesis_repo/build/adaptive_controller_benchmark/adaptive_controller_benchmark/adaptive_controller_benchmark_node.py", line 786, in main
[adaptive_controller_benchmark_node-4]     rclpy.shutdown()
[adaptive_controller_benchmark_node-4]   File "/opt/ros/humble/local/lib/python3.10/dist-packages/rclpy/__init__.py", line 130, in shutdown
[adaptive_controller_benchmark_node-4]     _shutdown(context=context)
[adaptive_controller_benchmark_node-4]   File "/opt/ros/humble/local/lib/python3.10/dist-packages/rclpy/utilities.py", line 58, in shutdown
[adaptive_controller_benchmark_node-4]     return context.shutdown()
[adaptive_controller_benchmark_node-4]   File "/opt/ros/humble/local/lib/python3.10/dist-packages/rclpy/context.py", line 102, in shutdown
[adaptive_controller_benchmark_node-4]     self.__context.shutdown()
[adaptive_controller_benchmark_node-4] rclpy._rclpy_pybind11.RCLError: failed to shutdown: rcl_shutdown already called on the given context, at ./src/rcl/init.c:241
[ERROR] [adaptive_controller_benchmark_node-4]: process has died [pid 65986, exit code 1, cmd '/home/ebrahim/Ebrahim_Master_Thesis_repo/install/adaptive_controller_benchmark/lib/adaptive_controller_benchmark/adaptive_controller_benchmark_node --ros-args -r __node:=adaptive_controller_benchmark_node --params-file /home/ebrahim/Ebrahim_Master_Thesis_repo/install/adaptive_controller_benchmark/share/adaptive_controller_benchmark/config/benchmark_config.yaml --params-file /tmp/launch_params_6f_buyhk'].
