signal,unit,controller,abs_error
|e_y|,m,RUNNING_PP,2.6278430388602283
|e_y|,m,RUNNING_PP,2.6278635748762538
|e_y|,m,RUNNING_PP,2.627936691105595
|e_y|,m,RUNNING_PP,2.6280007795001747
|e_y|,m,RUNNING_PP,2.6280418515322257
|e_y|,m,RUNNING_PP,2.6280944317455415
|e_y|,m,RUNNING_PP,2.62746826089709
|e_y|,m,RUNNING_PP,2.626697259740744
|e_y|,m,RUNNING_PP,2.623700760486979
|e_y|,m,RUNNING_PP,2.619750162038496
|e_y|,m,RUNNING_PP,2.6148110008481495
|e_y|,m,RUNNING_PP,2.6051997686690838
|e_y|,m,RUNNING_PP,2.5939025347695157
|e_y|,m,RUNNING_PP,2.5729925156033655
|e_y|,m,RUNNING_PP,2.541823762686573
|e_y|,m,RUNNING_PP,2.517215412471357
|e_y|,m,RUNNING_PP,2.450534646663966
|e_y|,m,RUNNING_PP,2.390054778905875
|e_y|,m,RUNNING_PP,2.3159064015721653
|e_y|,m,RUNNING_PP,2.1990009951356386
|e_y|,m,RUNNING_PP,2.0547399482814797
|e_y|,m,RUNNING_PP,1.9189014538220297
|e_y|,m,RUNNING_PP,1.6829086985010129
|e_y|,m,RUNNING_PP,1.4582569293737384
|e_y|,m,RUNNING_PP,1.269785222578292
|e_y|,m,RUNNING_PP,1.0183191772411324
|e_y|,m,RUNNING_PP,0.7664221901566339
|e_y|,m,RUNNING_PP,0.6181192207100902
|e_y|,m,RUNNING_PP,0.3403856571704568
|e_y|,m,RUNNING_PP,0.1387877202739173
|e_y|,m,RUNNING_PP,0.004234394759680515
|e_y|,m,RUNNING_PP,0.12248015640235704
|e_y|,m,RUNNING_PP,0.18943474732238794
|e_y|,m,RUNNING_PP,0.23363735984389422
|e_y|,m,RUNNING_PP,0.2237623066784672
|e_y|,m,RUNNING_PP,0.20083712553512442
|e_y|,m,RUNNING_PP,0.1337110468789436
|e_y|,m,RUNNING_PP,0.09576497557699909
|e_y|,m,RUNNING_PP,0.026896781305742745
|e_y|,m,RUNNING_PP,0.006777203129168463
|e_y|,m,RUNNING_PP,0.034908822825109986
|e_y|,m,RUNNING_PP,0.03989347768160477
|e_y|,m,RUNNING_PP,0.03499543467108979
|e_y|,m,RUNNING_PP,0.028377077170973042
|e_y|,m,RUNNING_PP,0.009595219296614665
|e_y|,m,RUNNING_PP,0.002088912546129973
|e_y|,m,RUNNING_PP,0.010137758714252987
|e_y|,m,RUNNING_PP,0.013613774826001776
|e_y|,m,RUNNING_PP,0.014615324876450009
|e_y|,m,RUNNING_PP,0.012817900027710327
|e_y|,m,RUNNING_PP,0.0105559658383515
|e_y|,m,RUNNING_PP,0.007488449095063465
|e_y|,m,RUNNING_PP,0.005358470722856834
|e_y|,m,RUNNING_PP,0.003585337648052602
|e_y|,m,RUNNING_PP,0.001785835413143519
|e_y|,m,RUNNING_PP,0.0012177824791138603
|e_y|,m,RUNNING_PP,0.0010575342346480499
|e_y|,m,RUNNING_PP,0.0015871969724718382
|e_y|,m,RUNNING_PP,0.0024815861230351177
|e_y|,m,RUNNING_PP,0.0033401379679667276
|e_y|,m,RUNNING_PP,0.004161239305786879
|e_y|,m,RUNNING_PP,0.004658963134758637
|e_y|,m,RUNNING_PP,0.005234553631597562
|e_y|,m,RUNNING_PP,0.005303927338708769
|e_y|,m,RUNNING_PP,0.005170879735323347
|e_y|,m,RUNNING_PP,0.004992687691943165
|e_y|,m,RUNNING_PP,0.004940762018374095
|e_y|,m,RUNNING_PP,0.00488489139981052
|e_y|,m,RUNNING_PP,0.0050219348932455735
|e_y|,m,RUNNING_PP,0.005006232933123765
|e_y|,m,RUNNING_PP,0.005085194693448147
|e_y|,m,RUNNING_PP,0.00504649889523745
|e_y|,m,RUNNING_PP,0.005032243989679441
|e_y|,m,RUNNING_PP,0.005001140264555719
|e_y|,m,RUNNING_PP,0.004762399626363295
|e_y|,m,RUNNING_PP,0.004613164067363784
|e_y|,m,RUNNING_PP,0.004074886979316156
|e_y|,m,RUNNING_PP,0.0038430417737362332
|e_y|,m,RUNNING_PP,0.0032447027803367834
|e_y|,m,RUNNING_PP,0.0030584937070310403
|e_y|,m,RUNNING_PP,0.0031855617957501567
|e_y|,m,RUNNING_PP,0.0037615708049438257
|e_y|,m,RUNNING_PP,0.004669029063840299
|e_y|,m,RUNNING_PP,0.0058925573806874465
|e_y|,m,RUNNING_PP,0.007536507099489997
|e_y|,m,RUNNING_PP,0.008457399059495718
|e_y|,m,RUNNING_PP,0.007100059484878518
|e_y|,m,RUNNING_PP,0.0038048815861002096
|e_y|,m,RUNNING_PP,0.005194319723364538
|e_y|,m,RUNNING_PP,0.0108965853026054
|e_y|,m,RUNNING_PP,0.012225462390149044
|e_y|,m,RUNNING_PP,0.0030410539103000733
|e_y|,m,RUNNING_PP,0.006541172082992153
|e_y|,m,RUNNING_PP,0.012741993211641045
|e_y|,m,RUNNING_PP,0.0162233067792608
|e_y|,m,RUNNING_PP,0.01672756063555162
|e_y|,m,RUNNING_PP,0.013843900928585784
|e_y|,m,RUNNING_PP,0.011158272533065394
|e_y|,m,RUNNING_PP,0.005142562910235238
|e_y|,m,RUNNING_PP,0.0016094199451979208
|e_y|,m,RUNNING_PP,0.0016455850312780407
|e_y|,m,RUNNING_PP,0.0025585040064389775
|e_y|,m,RUNNING_PP,0.0023250864748889932
|e_y|,m,RUNNING_PP,0.001324038401279315
|e_y|,m,RUNNING_PP,0.00023394924841269038
|e_y|,m,RUNNING_PP,0.0007544243526766414
|e_y|,m,RUNNING_PP,0.0016280180624711482
|e_y|,m,RUNNING_PP,0.002430533137195323
|e_y|,m,RUNNING_PP,0.002528017091643752
|e_y|,m,RUNNING_PP,0.0022838577268371185
|e_y|,m,RUNNING_PP,0.001640523371593372
|e_y|,m,RUNNING_PP,0.001013024601803636
|e_y|,m,RUNNING_PP,0.0006038084825243928
|e_y|,m,RUNNING_PP,0.00028833403786471257
|e_y|,m,RUNNING_PP,0.00022681040280470022
|e_y|,m,RUNNING_PP,0.00030120137946285097
|e_y|,m,RUNNING_PP,0.0005947979473990839
|e_y|,m,RUNNING_PP,0.0009704630527836711
|e_y|,m,RUNNING_PP,0.0011078940993202724
|e_y|,m,RUNNING_PP,0.0012232612738153903
|e_y|,m,RUNNING_PP,0.0011779898624222629
|e_y|,m,RUNNING_PP,0.0010493750753928915
|e_y|,m,RUNNING_PP,0.0008169292786158189
|e_y|,m,RUNNING_PP,0.0004434603281368438
|e_y|,m,RUNNING_PP,8.473153607141404e-05
|e_y|,m,RUNNING_PP,9.081735001631452e-05
|e_y|,m,RUNNING_PP,0.0003120016514018831
|e_y|,m,RUNNING_PP,0.0005718028875391079
|e_y|,m,RUNNING_PP,0.000821590797821084
|e_y|,m,RUNNING_PP,0.0010744157341029126
|e_y|,m,RUNNING_PP,0.0014055633098591924
|e_y|,m,RUNNING_PP,0.0015365341076489791
|e_y|,m,RUNNING_PP,0.0016659547502503314
|e_y|,m,RUNNING_PP,0.0018152453851689176
|e_y|,m,RUNNING_PP,0.0020329065301574745
|e_y|,m,RUNNING_PP,0.002285685115839431
|e_y|,m,RUNNING_PP,0.0024305369582868497
|e_y|,m,RUNNING_PP,0.002718277730352825
|e_y|,m,RUNNING_PP,0.002988858397179911
|e_y|,m,RUNNING_PP,0.0031281178711476954
|e_y|,m,RUNNING_PP,0.0031226048743307477
|e_y|,m,RUNNING_PP,0.0032891276488747345
|e_y|,m,RUNNING_PP,0.0033467195802923816
|e_y|,m,RUNNING_PP,0.003201361036455408
|e_y|,m,RUNNING_PP,0.003153396639113959
|e_y|,m,RUNNING_PP,0.002731607912079659
|e_y|,m,RUNNING_PP,0.0023035295910222575
|e_y|,m,RUNNING_PP,0.001762488830173825
|e_y|,m,RUNNING_PP,0.00128601462246003
|e_y|,m,RUNNING_PP,0.0008178533037809937
|e_y|,m,RUNNING_PP,0.00040914297334693206
|e_y|,m,RUNNING_PP,0.00027208214813889686
|e_y|,m,RUNNING_PP,0.00011100946842376724
|e_y|,m,RUNNING_PP,4.7032356193854596e-05
|e_y|,m,RUNNING_PP,0.00011017755083442271
|e_y|,m,RUNNING_PP,0.0002712080575892062
|e_y|,m,RUNNING_PP,0.0004895892747184549
|e_y|,m,RUNNING_PP,0.0008729528843133827
|e_y|,m,RUNNING_PP,0.0012281521664209843
|e_y|,m,RUNNING_PP,0.0015293257663014995
|e_y|,m,RUNNING_PP,0.0012571050677157997
|e_y|,m,RUNNING_PP,0.00018118053509447174
|e_y|,m,RUNNING_PP,0.001810739918268911
|e_y|,m,RUNNING_PP,0.0034925269789682356
|e_y|,m,RUNNING_PP,0.005996798878551174
|e_y|,m,RUNNING_PP,0.008290404383496132
|e_y|,m,RUNNING_PP,0.010302541999496512
|e_y|,m,RUNNING_PP,0.012632978190517286
|e_y|,m,RUNNING_PP,0.01457806749038881
|e_y|,m,RUNNING_PP,0.014632149632449132
|e_y|,m,RUNNING_PP,0.0165549402366425
|e_y|,m,RUNNING_PP,0.01900629932231429
|e_y|,m,RUNNING_PP,0.02018991345459853
|e_y|,m,RUNNING_PP,0.021713823106636887
|e_y|,m,RUNNING_PP,0.023099537021800176
|e_y|,m,RUNNING_PP,0.023707912061830677
|e_y|,m,RUNNING_PP,0.02219258985143774
|e_y|,m,RUNNING_PP,0.027197024265492652
|e_y|,m,RUNNING_PP,0.027224274387755765
|e_y|,m,RUNNING_PP,0.027758534021163017
|e_y|,m,RUNNING_PP,0.027976920481891654
|e_y|,m,RUNNING_PP,0.030830774284056617
|e_y|,m,RUNNING_PP,0.03366060748661903
|e_y|,m,RUNNING_PP,0.036874390919046734
|e_y|,m,RUNNING_PP,0.03894299208814943
|e_y|,m,RUNNING_PP,0.03584442786988351
|e_y|,m,RUNNING_PP,0.03902769310845722
|e_y|,m,RUNNING_PP,0.03990248649475375
|e_y|,m,RUNNING_PP,0.04358665344066781
|e_y|,m,RUNNING_PP,0.04814242895479748
|e_y|,m,RUNNING_PP,0.050134653749692754
|e_y|,m,RUNNING_PP,0.05369089314926279
|e_y|,m,RUNNING_PP,0.05561902682134155
|e_y|,m,RUNNING_PP,0.05350583491286426
|e_y|,m,RUNNING_PP,0.05764019689753713
|e_y|,m,RUNNING_PP,0.06096932824315246
|e_y|,m,RUNNING_PP,0.06313100859486367
|e_y|,m,RUNNING_PP,0.06670850660998567
|e_y|,m,RUNNING_PP,0.06898662174500995
|e_y|,m,RUNNING_PP,0.06401984300120023
|e_y|,m,RUNNING_PP,0.06647361386469042
|e_y|,m,RUNNING_PP,0.06253634346104156
|e_y|,m,RUNNING_PP,0.0592750127707905
|e_y|,m,RUNNING_PP,0.05678679931037248
|e_y|,m,RUNNING_PP,0.055581060520847166
|e_y|,m,RUNNING_PP,0.05229267601897518
|e_y|,m,RUNNING_PP,0.047921234886851294
|e_y|,m,RUNNING_PP,0.04471881978201955
|e_y|,m,RUNNING_PP,0.04767862879895187
|e_y|,m,RUNNING_PP,0.04606353477737059
|e_y|,m,RUNNING_PP,0.045968507828861166
|e_y|,m,RUNNING_PP,0.044652226678535335
|e_y|,m,RUNNING_PP,0.04097548482856947
|e_y|,m,RUNNING_PP,0.04005306858027616
|e_y|,m,RUNNING_PP,0.04203916120642162
|e_y|,m,RUNNING_PP,0.04120192226746518
|e_y|,m,RUNNING_PP,0.03974666211995105
|e_y|,m,RUNNING_PP,0.0359394070260812
|e_y|,m,RUNNING_PP,0.034961999540750355
|e_y|,m,RUNNING_PP,0.03736280304215604
|e_y|,m,RUNNING_PP,0.036124692966235855
|e_y|,m,RUNNING_PP,0.03347702696753309
|e_y|,m,RUNNING_PP,0.033268207668161506
|e_y|,m,RUNNING_PP,0.03277747657597255
|e_y|,m,RUNNING_PP,0.030384620144881594
|e_y|,m,RUNNING_PP,0.030865855260009754
|e_y|,m,RUNNING_PP,0.02972482933707709
|e_y|,m,RUNNING_PP,0.027816809785541272
|e_y|,m,RUNNING_PP,0.02601953715343262
|e_y|,m,RUNNING_PP,0.0254265040114631
|e_y|,m,RUNNING_PP,0.02581226401564803
|e_y|,m,RUNNING_PP,0.024472338929533766
|e_y|,m,RUNNING_PP,0.02128635045396047
|e_y|,m,RUNNING_PP,0.0209286680760407
|e_y|,m,RUNNING_PP,0.020626879039714975
|e_y|,m,RUNNING_PP,0.021171780597751537
|e_y|,m,RUNNING_PP,0.020590252681032466
|e_y|,m,RUNNING_PP,0.019428405900196326
|e_y|,m,RUNNING_PP,0.01842727892602781
|e_y|,m,RUNNING_PP,0.018303185223393116
|e_y|,m,RUNNING_PP,0.018162014219500026
|e_y|,m,RUNNING_PP,0.01807345195141878
|e_y|,m,RUNNING_PP,0.016788618162586394
|e_y|,m,RUNNING_PP,0.015602606899496926
|e_y|,m,RUNNING_PP,0.015337546806657922
|e_y|,m,RUNNING_PP,0.01505796591075486
|e_y|,m,RUNNING_PP,0.014843443939833324
|e_y|,m,RUNNING_PP,0.013553052829784744
|e_y|,m,RUNNING_PP,0.012044329677856555
|e_y|,m,RUNNING_PP,0.011311757374751513
|e_y|,m,RUNNING_PP,0.010956066626098104
|e_y|,m,RUNNING_PP,0.009823996049985684
|e_y|,m,RUNNING_PP,0.007834711315070145
|e_y|,m,RUNNING_PP,0.0074013986714177304
|e_y|,m,RUNNING_PP,0.006621783548360221
|e_y|,m,RUNNING_PP,0.0054011569226555395
|e_y|,m,RUNNING_PP,0.004345213638197343
|e_y|,m,RUNNING_PP,0.004358596011128743
|e_y|,m,RUNNING_PP,0.00375353621576692
|e_y|,m,RUNNING_PP,0.0031502776209787198
|e_y|,m,RUNNING_PP,0.0033416754115844355
|e_y|,m,RUNNING_PP,0.0029917643842056127
|e_y|,m,RUNNING_PP,0.002329116521670109
|e_y|,m,RUNNING_PP,0.0015006924391205295
|e_y|,m,RUNNING_PP,0.0005030150233291397
|e_y|,m,RUNNING_PP,2.226675339065537e-05
|e_y|,m,RUNNING_PP,0.0012329812207361596
|e_y|,m,RUNNING_PP,0.0020837159009817335
|e_y|,m,RUNNING_PP,0.0026604386763879537
|e_y|,m,RUNNING_PP,0.003235155793345615
|e_y|,m,RUNNING_PP,0.0037541697560671966
|e_y|,m,RUNNING_PP,0.004278671423313049
|e_y|,m,RUNNING_PP,0.004695083435801328
|e_y|,m,RUNNING_PP,0.0054954660247748584
|e_y|,m,RUNNING_PP,0.006044280852541079
|e_y|,m,RUNNING_PP,0.006037104428787049
|e_y|,m,RUNNING_PP,0.006652938636953459
|e_y|,m,RUNNING_PP,0.007014394462652757
|e_y|,m,RUNNING_PP,0.008007283064073174
|e_y|,m,RUNNING_PP,0.008629619410147534
|e_y|,m,RUNNING_PP,0.008913955333132849
|e_y|,m,RUNNING_PP,0.008975998500241202
|e_y|,m,RUNNING_PP,0.00884428596256591
|e_y|,m,RUNNING_PP,0.008681820520881608
|e_y|,m,RUNNING_PP,0.009055934470546534
|e_y|,m,RUNNING_PP,0.009933425059963745
|e_y|,m,RUNNING_PP,0.010833678353939643
|e_y|,m,RUNNING_PP,0.011647540030436776
|e_y|,m,RUNNING_PP,0.01139410540777891
|e_y|,m,RUNNING_PP,0.011948672638812219
|e_y|,m,RUNNING_PP,0.0139950144951108
|e_y|,m,RUNNING_PP,0.01524465909775288
|e_y|,m,RUNNING_PP,0.015125129716446487
|e_y|,m,RUNNING_PP,0.015601540439051008
|e_y|,m,RUNNING_PP,0.01625406412276187
|e_y|,m,RUNNING_PP,0.01824147371764953
|e_y|,m,RUNNING_PP,0.020273708307519643
|e_y|,m,RUNNING_PP,0.02163515271716817
|e_y|,m,RUNNING_PP,0.022506238553794855
|e_y|,m,RUNNING_PP,0.021432319402665087
|e_y|,m,RUNNING_PP,0.019930682711733344
|e_y|,m,RUNNING_PP,0.020420779510287587
|e_y|,m,RUNNING_PP,0.01791555331979957
|e_y|,m,RUNNING_PP,0.016414351962203432
|e_y|,m,RUNNING_PP,0.01549610830470972
|e_y|,m,RUNNING_PP,0.015223117873749513
|e_y|,m,RUNNING_PP,0.014390475137044174
|e_y|,m,RUNNING_PP,0.016850392407286155
|e_y|,m,RUNNING_PP,0.01974007268415131
|e_y|,m,RUNNING_PP,0.022671842148246642
|e_y|,m,RUNNING_PP,0.02472149267064028
|e_y|,m,RUNNING_PP,0.026024544442816062
|e_y|,m,RUNNING_PP,0.024958310518122057
|e_y|,m,RUNNING_PP,0.02538252340736523
|e_y|,m,RUNNING_PP,0.028130270948887155
|e_y|,m,RUNNING_PP,0.028890749880246952
|e_y|,m,RUNNING_PP,0.02951653686303422
|e_y|,m,RUNNING_PP,0.027353354590495163
|e_y|,m,RUNNING_PP,0.028999415202996273
|e_y|,m,RUNNING_PP,0.02856812143204715
|e_y|,m,RUNNING_PP,0.030690260572958483
|e_y|,m,RUNNING_PP,0.0322649539371207
|e_y|,m,RUNNING_PP,0.03046439823803554
|e_y|,m,RUNNING_PP,0.03266661631860049
|e_y|,m,RUNNING_PP,0.03221680173864794
|e_y|,m,RUNNING_PP,0.03470463771547399
|e_y|,m,RUNNING_PP,0.03424368578413463
|e_y|,m,RUNNING_PP,0.03323952955655422
|e_y|,m,RUNNING_PP,0.03187734222814033
|e_y|,m,RUNNING_PP,0.02872232966429289
|e_y|,m,RUNNING_PP,0.02733707561133164
|e_y|,m,RUNNING_PP,0.02872497813520178
|e_y|,m,RUNNING_PP,0.02825498514973628
|e_y|,m,RUNNING_PP,0.02780712476522255
|e_y|,m,RUNNING_PP,0.02652408324419081
|e_y|,m,RUNNING_PP,0.025356494810473695
|e_y|,m,RUNNING_PP,0.024919571724552114
|e_y|,m,RUNNING_PP,0.025816886746811082
|e_y|,m,RUNNING_PP,0.025447581310782733
|e_y|,m,RUNNING_PP,0.024439190470326777
|e_y|,m,RUNNING_PP,0.023683155245134174
|e_y|,m,RUNNING_PP,0.02375713697487386
|e_y|,m,RUNNING_PP,0.02456168807822104
|e_y|,m,RUNNING_PP,0.02557834403335597
|e_y|,m,RUNNING_PP,0.025919164500849884
|e_y|,m,RUNNING_PP,0.02579572479925027
|e_y|,m,RUNNING_PP,0.0254070274464282
|e_y|,m,RUNNING_PP,0.023898485145198656
|e_y|,m,RUNNING_PP,0.024197477783558186
|e_y|,m,RUNNING_PP,0.024103782012993846
|e_y|,m,RUNNING_PP,0.023926440492700735
|e_y|,m,RUNNING_PP,0.02307401134610927
|e_y|,m,RUNNING_PP,0.021966647549357232
|e_y|,m,RUNNING_PP,0.019674074101746986
|e_y|,m,RUNNING_PP,0.01937127494689772
|e_y|,m,RUNNING_PP,0.020691012100154282
|e_y|,m,RUNNING_PP,0.020596057753716278
|e_y|,m,RUNNING_PP,0.020378887944704695
|e_y|,m,RUNNING_PP,0.020044883433506536
|e_y|,m,RUNNING_PP,0.018709178387067316
|e_y|,m,RUNNING_PP,0.017746132050617758
|e_y|,m,RUNNING_PP,0.01764327444841074
|e_y|,m,RUNNING_PP,0.017815185842812775
|e_y|,m,RUNNING_PP,0.018322955082409983
|e_y|,m,RUNNING_PP,0.017711350340582122
|e_y|,m,RUNNING_PP,0.016846275582588943
|e_y|,m,RUNNING_PP,0.015792849431036704
|e_y|,m,RUNNING_PP,0.01377981400047018
|e_y|,m,RUNNING_PP,0.013405418627646437
|e_y|,m,RUNNING_PP,0.01413384539792506
|e_y|,m,RUNNING_PP,0.013193634803679022
|e_y|,m,RUNNING_PP,0.013082335991648583
|e_y|,m,RUNNING_PP,0.012205908891698702
|e_y|,m,RUNNING_PP,0.011561604153279503
|e_y|,m,RUNNING_PP,0.009755364390425625
|e_y|,m,RUNNING_PP,0.009245430336583094
|e_y|,m,RUNNING_PP,0.008043656302345936
|e_y|,m,RUNNING_PP,0.00748065258276448
|e_y|,m,RUNNING_PP,0.007098602815479249
|e_y|,m,RUNNING_PP,0.006995843027529647
|e_y|,m,RUNNING_PP,0.006218461796353714
|e_y|,m,RUNNING_PP,0.005675589459381153
|e_y|,m,RUNNING_PP,0.00458514051347092
|e_y|,m,RUNNING_PP,0.0045579861478280415
|e_y|,m,RUNNING_PP,0.0049416747500934805
|e_y|,m,RUNNING_PP,0.004508940815439427
|e_y|,m,RUNNING_PP,0.004368927597872545
|e_y|,m,RUNNING_PP,0.004197777143519925
|e_y|,m,RUNNING_PP,0.004306370899314051
|e_y|,m,RUNNING_PP,0.003649980140789766
|e_y|,m,RUNNING_PP,0.0034020660390020607
|e_y|,m,RUNNING_PP,0.003473218127361122
|e_y|,m,RUNNING_PP,0.0037653063882399224
|e_y|,m,RUNNING_PP,0.0032321740126098203
|e_y|,m,RUNNING_PP,0.0027688048100460924
|e_y|,m,RUNNING_PP,0.0024735160360781494
|e_y|,m,RUNNING_PP,0.0017995790051847926
|e_y|,m,RUNNING_PP,0.0013409843544118782
|e_y|,m,RUNNING_PP,0.0018727190819533557
|e_y|,m,RUNNING_PP,0.0019833406217186628
|e_y|,m,RUNNING_PP,0.0018864119958191539
|e_y|,m,RUNNING_PP,0.001809615571135681
|e_y|,m,RUNNING_PP,0.001902484087695333
|e_y|,m,RUNNING_PP,0.0018589031049631721
|e_y|,m,RUNNING_PP,0.0019917947800349722
|e_y|,m,RUNNING_PP,0.0021625622707530795
|e_y|,m,RUNNING_PP,0.0021433094418645826
|e_y|,m,RUNNING_PP,0.002106317465501051
|e_y|,m,RUNNING_PP,0.0017661841780688414
|e_y|,m,RUNNING_PP,0.0018784648939752513
|e_y|,m,RUNNING_PP,0.002142717027444334
|e_y|,m,RUNNING_PP,0.0018893654071224786
|e_y|,m,RUNNING_PP,0.0016138129102677978
|e_y|,m,RUNNING_PP,0.0018104920951391712
|e_y|,m,RUNNING_PP,0.00197863165713541
|e_y|,m,RUNNING_PP,0.002015768749891733
|e_y|,m,RUNNING_PP,0.0019310177346024693
|e_y|,m,RUNNING_PP,0.0021499437603416105
|e_y|,m,RUNNING_PP,0.0023847952731117436
|e_y|,m,RUNNING_PP,0.00234824442450543
|e_y|,m,RUNNING_PP,0.00254391983675889
|e_y|,m,RUNNING_PP,0.00257884103149153
|e_y|,m,RUNNING_PP,0.002685527043748831
|e_y|,m,RUNNING_PP,0.002678408103717833
|e_y|,m,RUNNING_PP,0.0027224242569576784
|e_y|,m,RUNNING_PP,0.002883931858824851
|e_y|,m,RUNNING_PP,0.00299233891868593
|e_y|,m,RUNNING_PP,0.0030615591688260557
|e_y|,m,RUNNING_PP,0.003077856357028008
|e_y|,m,RUNNING_PP,0.0033571848621337733
|e_y|,m,RUNNING_PP,0.0036205067083725506
|e_y|,m,RUNNING_PP,0.003996359183997211
|e_y|,m,RUNNING_PP,0.004339412827236155
|e_y|,m,RUNNING_PP,0.0046094895023320315
|e_y|,m,RUNNING_PP,0.004856754746522696
|e_y|,m,RUNNING_PP,0.0049994571035181234
|e_y|,m,RUNNING_PP,0.0049746432258405415
|e_y|,m,RUNNING_PP,0.005019176072554032
|e_y|,m,RUNNING_PP,0.005036998782095181
|e_y|,m,RUNNING_PP,0.00482105605950911
|e_y|,m,RUNNING_PP,0.004372482294399682
|e_y|,m,RUNNING_PP,0.003976092911781456
|e_y|,m,RUNNING_PP,0.004011192476792991
|e_y|,m,RUNNING_PP,0.003615333799597442
|e_y|,m,RUNNING_PP,0.0036293264761336763
|e_y|,m,RUNNING_PP,0.003884903977549037
|e_y|,m,RUNNING_PP,0.004430558799806472
|e_y|,m,RUNNING_PP,0.00466743271600506
|e_y|,m,RUNNING_PP,0.004567686950504912
|e_y|,m,RUNNING_PP,0.004182873836121384
|e_y|,m,RUNNING_PP,0.004123306601656301
|e_y|,m,RUNNING_PP,0.004687955781114916
|e_y|,m,RUNNING_PP,0.004332929618064363
|e_y|,m,RUNNING_PP,0.004085051880540756
|e_y|,m,RUNNING_PP,0.004368545721650574
|e_y|,m,RUNNING_PP,0.004751001836738211
|e_y|,m,RUNNING_PP,0.004078853066881993
|e_y|,m,RUNNING_PP,0.0028594527458445235
|e_y|,m,RUNNING_PP,0.0021547872244351233
|e_y|,m,RUNNING_PP,0.0014554954579005935
|e_y|,m,RUNNING_PP,0.0013583090059653968
|e_y|,m,RUNNING_PP,0.0003760542241932341
|e_y|,m,RUNNING_PP,0.004862127740082767
|e_y|,m,RUNNING_PP,0.010695775106825484
|e_y|,m,RUNNING_PP,0.016248280712401586
|e_y|,m,RUNNING_PP,0.02251996022296593
|e_y|,m,RUNNING_PP,0.024383807066142793
|e_y|,m,RUNNING_PP,0.029398901386829657
|e_y|,m,RUNNING_PP,0.035877234472831115
|e_y|,m,RUNNING_PP,0.04044197629854064
|e_y|,m,RUNNING_PP,0.04417673673208469
|e_y|,m,RUNNING_PP,0.04515116516311246
|e_y|,m,RUNNING_PP,0.04729004993850294
|e_y|,m,RUNNING_PP,0.05071741009316222
|e_y|,m,RUNNING_PP,0.05824879397433925
|e_y|,m,RUNNING_PP,0.06447705626371203
|e_y|,m,RUNNING_PP,0.06138491782383648
|e_y|,m,RUNNING_PP,0.07239783466865446
|e_y|,m,RUNNING_PP,0.08076544564613436
|e_y|,m,RUNNING_PP,0.08834055489172948
|e_y|,m,RUNNING_PP,0.09167925952327773
|e_y|,m,RUNNING_PP,0.09475704964040177
|e_y|,m,RUNNING_PP,0.09849586650566858
|e_y|,m,RUNNING_PP,0.10438961412025567
|e_y|,m,RUNNING_PP,0.10797581799903533
|e_y|,m,RUNNING_PP,0.11040808421287368
|e_y|,m,RUNNING_PP,0.10471940256800588
|e_y|,m,RUNNING_PP,0.11773598102037469
|e_y|,m,RUNNING_PP,0.12556179637793338
|e_y|,m,RUNNING_PP,0.12576765012577526
|e_y|,m,RUNNING_PP,0.13185460883511074
|e_y|,m,RUNNING_PP,0.14568901221492267
|e_y|,m,RUNNING_PP,0.1608153701031398
|e_y|,m,RUNNING_PP,0.17387266622720832
|e_y|,m,RUNNING_PP,0.17575771478700022
|e_y|,m,RUNNING_PP,0.1869872325483084
|e_y|,m,RUNNING_PP,0.19626929470607538
|e_y|,m,RUNNING_PP,0.20826946763135992
|e_y|,m,RUNNING_PP,0.20913199236139485
|e_y|,m,RUNNING_PP,0.2135917346099665
|e_y|,m,RUNNING_PP,0.2218291271730019
|e_y|,m,RUNNING_PP,0.22936817767613524
|e_y|,m,RUNNING_PP,0.23236715159110333
|e_y|,m,RUNNING_PP,0.22419219602898632
|e_y|,m,RUNNING_PP,0.2109474454291834
|e_y|,m,RUNNING_PP,0.19500215270163906
|e_y|,m,RUNNING_PP,0.18125126298190808
|e_y|,m,RUNNING_PP,0.1698151534629581
|e_y|,m,RUNNING_PP,0.1561704996794478
|e_y|,m,RUNNING_PP,0.14115086880937489
|e_y|,m,RUNNING_PP,0.12575140343165025
|e_y|,m,RUNNING_PP,0.11079857406666804
|e_y|,m,RUNNING_PP,0.09712204067829987
|e_y|,m,RUNNING_PP,0.08757941165055816
|e_y|,m,RUNNING_PP,0.07534666075447788
|e_y|,m,RUNNING_PP,0.0721840332203183
|e_y|,m,RUNNING_PP,0.06971827917021461
|e_y|,m,RUNNING_PP,0.06850501849103448
|e_y|,m,RUNNING_PP,0.06478715405553634
|e_y|,m,RUNNING_PP,0.06176000011749627
|e_y|,m,RUNNING_PP,0.05811167078429838
|e_y|,m,RUNNING_PP,0.051146397438349964
|e_y|,m,RUNNING_PP,0.043167439874254726
|e_y|,m,RUNNING_PP,0.03983531789005959
|e_y|,m,RUNNING_PP,0.03243516276887476
|e_y|,m,RUNNING_PP,0.030379041612226584
|e_y|,m,RUNNING_PP,0.02739336706268261
|e_y|,m,RUNNING_PP,0.026465504471848006
|e_y|,m,RUNNING_PP,0.02581596964262307
|e_y|,m,RUNNING_PP,0.02413275433806253
|e_y|,m,RUNNING_PP,0.023526944036944192
|e_y|,m,RUNNING_PP,0.021619746817676477
|e_y|,m,RUNNING_PP,0.020787239267232
|e_y|,m,RUNNING_PP,0.0178022687838488
|e_y|,m,RUNNING_PP,0.015698218295013326
|e_y|,m,RUNNING_PP,0.012531881502249861
|e_y|,m,RUNNING_PP,0.010543496364599177
|e_y|,m,RUNNING_PP,0.00903138789533342
|e_y|,m,RUNNING_PP,0.007016428541962022
|e_y|,m,RUNNING_PP,0.004405622209336324
|e_y|,m,RUNNING_PP,0.0018243122147904578
|e_y|,m,RUNNING_PP,0.0009655000135360414
|e_y|,m,RUNNING_PP,0.003566540945794061
|e_y|,m,RUNNING_PP,0.00623344129675127
|e_y|,m,RUNNING_PP,0.008675733216717506
|e_y|,m,RUNNING_PP,0.008092655962283729
|e_y|,m,RUNNING_PP,0.012012685631579006
|e_y|,m,RUNNING_PP,0.016901145247060045
|e_y|,m,RUNNING_PP,0.019130202479776787
|e_y|,m,RUNNING_PP,0.021922712523397725
|e_y|,m,RUNNING_PP,0.027352746810820075
|e_y|,m,RUNNING_PP,0.03118728894202974
|e_y|,m,RUNNING_PP,0.035042676018637156
|e_y|,m,RUNNING_PP,0.03679737471465652
|e_y|,m,RUNNING_PP,0.0369137431322038
|e_y|,m,RUNNING_PP,0.044979769078744236
|e_y|,m,RUNNING_PP,0.051785201436228834
|e_y|,m,RUNNING_PP,0.06150768326492162
|e_y|,m,RUNNING_PP,0.0713701931835173
|e_y|,m,RUNNING_PP,0.07868883917571011
|e_y|,m,RUNNING_PP,0.08522953419256421
|e_y|,m,RUNNING_PP,0.09184851038895156
|e_y|,m,RUNNING_PP,0.09071792943055107
|e_y|,m,RUNNING_PP,0.1039697382574305
|e_y|,m,RUNNING_PP,0.10867713586225053
|e_y|,m,RUNNING_PP,0.12354821289480877
|e_y|,m,RUNNING_PP,0.13644797090720207
|e_y|,m,RUNNING_PP,0.14780465838097165
|e_y|,m,RUNNING_PP,0.15222872003132332
|e_y|,m,RUNNING_PP,0.14729357442653784
|e_y|,m,RUNNING_PP,0.1891830643132927
|e_y|,m,RUNNING_PP,0.22445797523764058
|e_y|,m,RUNNING_PP,0.265352537093985
|e_y|,m,RUNNING_PP,0.27648734509101236
|e_y|,m,RUNNING_PP,0.27358286073043536
|e_y|,m,RUNNING_PP,0.2522176805729511
|e_y|,m,RUNNING_PP,0.24240557341883043
|e_y|,m,RUNNING_PP,0.2324444556570629
|e_y|,m,RUNNING_PP,0.21550043606704938
|e_y|,m,RUNNING_PP,0.2040324360859982
|e_y|,m,RUNNING_PP,0.20710465732838843
|e_y|,m,RUNNING_PP,0.22061850555111392
|e_y|,m,RUNNING_PP,0.23042191813110716
|e_y|,m,RUNNING_PP,0.24318278508245006
|e_y|,m,RUNNING_PP,0.2559826228362459
|e_y|,m,RUNNING_PP,0.27863967722951377
|e_y|,m,RUNNING_PP,0.29178477169915057
|e_y|,m,RUNNING_PP,0.289103784628165
|e_y|,m,RUNNING_PP,0.27315720090721696
|e_y|,m,RUNNING_PP,0.26458560066961073
|e_y|,m,RUNNING_PP,0.257632363611416
|e_y|,m,RUNNING_PP,0.23676177739417656
|e_y|,m,RUNNING_PP,0.21435905849413944
|e_y|,m,RUNNING_PP,0.189378903460795
|e_y|,m,RUNNING_PP,0.17477393221198262
|e_y|,m,RUNNING_PP,0.15854611315520897
|e_y|,m,RUNNING_PP,0.14278966136664858
|e_y|,m,RUNNING_PP,0.13099840385496378
|e_y|,m,RUNNING_PP,0.1171858601693323
|e_y|,m,RUNNING_PP,0.10162469133954405
|e_y|,m,RUNNING_PP,0.09740951683616467
|e_y|,m,RUNNING_PP,0.09724937627149592
|e_y|,m,RUNNING_PP,0.0923539532339929
|e_y|,m,RUNNING_PP,0.08316916144303471
|e_y|,m,RUNNING_PP,0.08047183440128775
|e_y|,m,RUNNING_PP,0.07859466787610725
|e_y|,m,RUNNING_PP,0.07120073659790171
|e_y|,m,RUNNING_PP,0.06199732421323362
|e_y|,m,RUNNING_PP,0.060810017491026463
|e_y|,m,RUNNING_PP,0.05603072859002241
|e_y|,m,RUNNING_PP,0.048715195452639415
|e_y|,m,RUNNING_PP,0.04071241143087628
|e_y|,m,RUNNING_PP,0.03562368558253101
|e_y|,m,RUNNING_PP,0.028458086249780606
|e_y|,m,RUNNING_PP,0.021079674870542103
|e_y|,m,RUNNING_PP,0.01322737195039123
|e_y|,m,RUNNING_PP,0.006761730453807874
|e_y|,m,RUNNING_PP,0.00011209359953454068
|e_y|,m,RUNNING_PP,0.004246139190027809
|e_y|,m,RUNNING_PP,0.004536668697862019
|e_y|,m,RUNNING_PP,0.004217469948128133
|e_y|,m,RUNNING_PP,0.0020782942453996464
|e_y|,m,RUNNING_PP,0.001006591601137058
|e_y|,m,RUNNING_PP,0.002707102833435948
|e_y|,m,RUNNING_PP,0.003933510060333545
|e_y|,m,RUNNING_PP,0.006256839046261717
|e_y|,m,RUNNING_PP,0.0074435000845294655
|e_y|,m,RUNNING_PP,0.00687701557051551
|e_y|,m,RUNNING_PP,0.006849264327265153
|e_y|,m,RUNNING_PP,0.00697606338243173
|e_y|,m,RUNNING_PP,0.006781240352118651
|e_y|,m,RUNNING_PP,0.005724375171685225
|e_y|,m,RUNNING_PP,0.004637716311639256
|e_y|,m,RUNNING_PP,0.005426016992531039
|e_y|,m,RUNNING_PP,0.005215506721022806
|e_y|,m,RUNNING_PP,0.0042099973472692065
|e_y|,m,RUNNING_PP,0.00507347708820946
|e_y|,m,RUNNING_PP,0.0052026269011039294
|e_y|,m,RUNNING_PP,0.00523864997711425
|e_y|,m,RUNNING_PP,0.004730234815923773
|e_y|,m,RUNNING_PP,0.004759889301568954
|e_y|,m,RUNNING_PP,0.004362724656962275
|e_y|,m,RUNNING_PP,0.00427263562865067
|e_y|,m,RUNNING_PP,0.004034354388805644
|e_y|,m,RUNNING_PP,0.005069407832915637
|e_y|,m,RUNNING_PP,0.006042098140839058
|e_y|,m,RUNNING_PP,0.006409694776315686
|e_y|,m,RUNNING_PP,0.00725266373447106
|e_y|,m,RUNNING_PP,0.007924938280462313
|e_y|,m,RUNNING_PP,0.009301396614638385
|e_y|,m,RUNNING_PP,0.010824907672468978
|e_y|,m,RUNNING_PP,0.010987462529482704
|e_y|,m,RUNNING_PP,0.009992463963264225
|e_y|,m,RUNNING_PP,0.009600424093561793
|e_y|,m,RUNNING_PP,0.009124384878116638
|e_y|,m,RUNNING_PP,0.0073813673845786465
|e_y|,m,RUNNING_PP,0.005465972892080673
|e_y|,m,RUNNING_PP,0.003900513591942212
|e_y|,m,RUNNING_PP,0.004644584351120397
|e_y|,m,RUNNING_PP,0.005491555191037917
|e_y|,m,RUNNING_PP,0.005308715538823838
|e_y|,m,RUNNING_PP,0.007984087964097105
|e_y|,m,RUNNING_PP,0.011387640023489562
|e_y|,m,RUNNING_PP,0.014379262642347915
|e_y|,m,RUNNING_PP,0.017120242506904026
|e_y|,m,RUNNING_PP,0.019274462043041778
|e_y|,m,RUNNING_PP,0.01963530638633646
|e_y|,m,RUNNING_PP,0.01998541586191452
|e_y|,m,RUNNING_PP,0.020528639824555904
|e_y|,m,RUNNING_PP,0.022717430698898408
|e_y|,m,RUNNING_PP,0.025576971289508255
|e_y|,m,RUNNING_PP,0.026561604043906242
|e_y|,m,RUNNING_PP,0.028154192770290198
|e_y|,m,RUNNING_PP,0.02764316894444932
|e_y|,m,RUNNING_PP,0.027492204428062418
|e_y|,m,RUNNING_PP,0.02895094033161611
|e_y|,m,RUNNING_PP,0.030747235376469038
|e_y|,m,RUNNING_PP,0.028775111299224283
|e_y|,m,RUNNING_PP,0.02861843033840464
|e_y|,m,RUNNING_PP,0.03191347814400328
|e_y|,m,RUNNING_PP,0.03310179001644543
|e_y|,m,RUNNING_PP,0.03216011474543936
|e_y|,m,RUNNING_PP,0.03198153113977799
|e_y|,m,RUNNING_PP,0.034708172493813874
|e_y|,m,RUNNING_PP,0.03157815771786959
|e_y|,m,RUNNING_PP,0.03558165611672377
|e_y|,m,RUNNING_PP,0.03375452486313224
|e_y|,m,RUNNING_PP,0.03791897924549406
|e_y|,m,RUNNING_PP,0.03976124555574724
|e_y|,m,RUNNING_PP,0.04184464154602718
|e_y|,m,RUNNING_PP,0.0434408050833565
|e_y|,m,RUNNING_PP,0.04007771894931769
|e_y|,m,RUNNING_PP,0.043397221196940144
|e_y|,m,RUNNING_PP,0.04764715194236155
|e_y|,m,RUNNING_PP,0.05116470642875551
|e_y|,m,RUNNING_PP,0.054164917474937506
|e_y|,m,RUNNING_PP,0.056539547487127716
|e_y|,m,RUNNING_PP,0.05843292915973341
|e_y|,m,RUNNING_PP,0.05979669908387339
|e_y|,m,RUNNING_PP,0.05825920057548434
|e_y|,m,RUNNING_PP,0.0616886192020826
|e_y|,m,RUNNING_PP,0.06540443397905488
|e_y|,m,RUNNING_PP,0.0655221009597464
|e_y|,m,RUNNING_PP,0.06390026695720369
|e_y|,m,RUNNING_PP,0.07101349566300336
|e_y|,m,RUNNING_PP,0.07441227475653282
|e_y|,m,RUNNING_PP,0.07362092886946514
|e_y|,m,RUNNING_PP,0.07428923815998134
|e_y|,m,RUNNING_PP,0.0784209460189643
|e_y|,m,RUNNING_PP,0.07923891536961254
|e_y|,m,RUNNING_PP,0.07500269079906705
|e_y|,m,RUNNING_PP,0.06842758346707595
|e_y|,m,RUNNING_PP,0.0645266952697946
|e_y|,m,RUNNING_PP,0.059929007705961074
|e_y|,m,RUNNING_PP,0.057401592443049626
|e_y|,m,RUNNING_PP,0.052548229196665505
|e_y|,m,RUNNING_PP,0.048874150480088
|e_y|,m,RUNNING_PP,0.045919329806102305
|e_y|,m,RUNNING_PP,0.04337010378078604
|e_y|,m,RUNNING_PP,0.04115916537377301
|e_y|,m,RUNNING_PP,0.04381295775702016
|e_y|,m,RUNNING_PP,0.042091130222441486
|e_y|,m,RUNNING_PP,0.041169469181872684
|e_y|,m,RUNNING_PP,0.03812587802150941
|e_y|,m,RUNNING_PP,0.03630019870559853
|e_y|,m,RUNNING_PP,0.03308728766277608
|e_y|,m,RUNNING_PP,0.03279720687906226
|e_y|,m,RUNNING_PP,0.03072048332566296
|e_y|,m,RUNNING_PP,0.027272445577180282
|e_y|,m,RUNNING_PP,0.025888876595251464
|e_y|,m,RUNNING_PP,0.02535755545262587
|e_y|,m,RUNNING_PP,0.02361478382500054
|e_y|,m,RUNNING_PP,0.021027368348290554
|e_y|,m,RUNNING_PP,0.02164721674859768
|e_y|,m,RUNNING_PP,0.020777614678639422
|e_y|,m,RUNNING_PP,0.019254825954180224
|e_y|,m,RUNNING_PP,0.017146674766000347
|e_y|,m,RUNNING_PP,0.01472814511404441
|e_y|,m,RUNNING_PP,0.014613321839042348
|e_y|,m,RUNNING_PP,0.013649820148482206
|e_y|,m,RUNNING_PP,0.012491646584985729
|e_y|,m,RUNNING_PP,0.011157768841650983
|e_y|,m,RUNNING_PP,0.009003295313889326
|e_y|,m,RUNNING_PP,0.006601914770381578
|e_y|,m,RUNNING_PP,0.0025781635619047116
|e_y|,m,RUNNING_PP,4.280636111289593e-05
|e_y|,m,RUNNING_PP,0.0025708340727672585
|e_y|,m,RUNNING_PP,0.004086129160078215
|e_y|,m,RUNNING_PP,0.004433974600302343
|e_y|,m,RUNNING_PP,0.004231550631800252
|e_y|,m,RUNNING_PP,0.0039966617011081285
|e_y|,m,RUNNING_PP,0.0034647146309749882
|e_y|,m,RUNNING_MPC,0.014112392686317254
|e_y|,m,RUNNING_MPC,0.01621062011957125
|e_y|,m,RUNNING_MPC,0.0182980327561711
|e_y|,m,RUNNING_MPC,0.020276927871959144
|e_y|,m,RUNNING_MPC,0.022071440210752247
|e_y|,m,RUNNING_MPC,0.023681762597643985
|e_y|,m,RUNNING_MPC,0.026213052388406474
|e_y|,m,RUNNING_MPC,0.02704848532651516
|e_y|,m,RUNNING_MPC,0.029855695468626986
|e_y|,m,RUNNING_MPC,0.03224269482158364
|e_y|,m,RUNNING_MPC,0.033717428719442666
|e_y|,m,RUNNING_MPC,0.034859712273331595
|e_y|,m,RUNNING_MPC,0.035177651946091515
|e_y|,m,RUNNING_MPC,0.03698962091844965
|e_y|,m,RUNNING_MPC,0.039896849363220965
|e_y|,m,RUNNING_MPC,0.043112879300777895
|e_y|,m,RUNNING_MPC,0.04476947910878515
|e_y|,m,RUNNING_MPC,0.046727350718720057
|e_y|,m,RUNNING_MPC,0.04759096464804634
|e_y|,m,RUNNING_MPC,0.0489303285218769
|e_y|,m,RUNNING_MPC,0.04966457938266883
|e_y|,m,RUNNING_MPC,0.04938718203535519
|e_y|,m,RUNNING_MPC,0.04847370079369401
|e_y|,m,RUNNING_MPC,0.04779534760656446
|e_y|,m,RUNNING_MPC,0.04666665394472813
|e_y|,m,RUNNING_MPC,0.046407875815573506
|e_y|,m,RUNNING_MPC,0.04935172784435615
|e_y|,m,RUNNING_MPC,0.05222144922779594
|e_y|,m,RUNNING_MPC,0.05401374642084428
|e_y|,m,RUNNING_MPC,0.05500392061724363
|e_y|,m,RUNNING_MPC,0.053789726122832615
|e_y|,m,RUNNING_MPC,0.052571215343516164
|e_y|,m,RUNNING_MPC,0.047059168200813545
|e_y|,m,RUNNING_MPC,0.039394022762123476
|e_y|,m,RUNNING_MPC,0.03210543206990757
|e_y|,m,RUNNING_MPC,0.028895488195354924
|e_y|,m,RUNNING_MPC,0.027149949724099565
|e_y|,m,RUNNING_MPC,0.027537885774549686
|e_y|,m,RUNNING_MPC,0.02832388202681385
|e_y|,m,RUNNING_MPC,0.030705586155338308
|e_y|,m,RUNNING_MPC,0.031770225556463
|e_y|,m,RUNNING_MPC,0.03353850173427819
|e_y|,m,RUNNING_MPC,0.031849089323757684
|e_y|,m,RUNNING_MPC,0.02626823854011462
|e_y|,m,RUNNING_MPC,0.01932962550257522
|e_y|,m,RUNNING_MPC,0.013958441914392106
|e_y|,m,RUNNING_MPC,0.008464475357007895
|e_y|,m,RUNNING_MPC,0.007770109099509426
|e_y|,m,RUNNING_MPC,0.009723449338408435
|e_y|,m,RUNNING_MPC,0.012812772991673882
|e_y|,m,RUNNING_MPC,0.017510858751179872
|e_y|,m,RUNNING_MPC,0.021640164090760278
|e_y|,m,RUNNING_MPC,0.02389400463961984
|e_y|,m,RUNNING_MPC,0.024504500290862263
|e_y|,m,RUNNING_MPC,0.022943949996199253
|e_y|,m,RUNNING_MPC,0.01979360017724527
|e_y|,m,RUNNING_MPC,0.018245032773474917
|e_y|,m,RUNNING_MPC,0.015318348538396004
|e_y|,m,RUNNING_MPC,0.014889884969189637
|e_y|,m,RUNNING_MPC,0.01608955544166979
|e_y|,m,RUNNING_MPC,0.01964714720951205
|e_y|,m,RUNNING_MPC,0.02280004208407602
|e_y|,m,RUNNING_MPC,0.026020240260106353
|e_y|,m,RUNNING_MPC,0.02613435834631045
|e_y|,m,RUNNING_MPC,0.023638996750794006
|e_y|,m,RUNNING_MPC,0.01901572148837194
|e_y|,m,RUNNING_MPC,0.011045260138779475
|e_y|,m,RUNNING_MPC,0.005610892825568675
|e_y|,m,RUNNING_MPC,0.006191581750337349
|e_y|,m,RUNNING_MPC,0.013207550557676737
|e_y|,m,RUNNING_MPC,0.020265599080953794
|e_y|,m,RUNNING_MPC,0.03723799886954103
|e_y|,m,RUNNING_MPC,0.05059029783986818
|e_y|,m,RUNNING_MPC,0.05309104123973296
|e_y|,m,RUNNING_MPC,0.04372670534494777
|e_y|,m,RUNNING_MPC,0.03357962103512757
|e_y|,m,RUNNING_MPC,0.006636285939822406
|e_y|,m,RUNNING_MPC,0.013659176937653061
|e_y|,m,RUNNING_MPC,0.023356696777004526
|e_y|,m,RUNNING_MPC,0.01628242078469455
|e_y|,m,RUNNING_MPC,0.007568680618163542
|e_y|,m,RUNNING_MPC,0.02788078791957412
|e_y|,m,RUNNING_MPC,0.05052935761133487
|e_y|,m,RUNNING_MPC,0.04566756112508922
|e_y|,m,RUNNING_MPC,0.025543581990425723
|e_y|,m,RUNNING_MPC,0.015635821864264432
|e_y|,m,RUNNING_MPC,0.012054077539536412
|e_y|,m,RUNNING_MPC,0.016691778952675068
|e_y|,m,RUNNING_MPC,0.008091764399813628
|e_y|,m,RUNNING_MPC,0.006998719083013416
|e_y|,m,RUNNING_MPC,0.023701560115504894
|e_y|,m,RUNNING_MPC,0.04082468136662171
|e_y|,m,RUNNING_MPC,0.04756080445267691
|e_y|,m,RUNNING_MPC,0.046990154954120594
|e_y|,m,RUNNING_MPC,0.03935339906964631
|e_y|,m,RUNNING_MPC,0.023168185867073254
|e_y|,m,RUNNING_MPC,0.005751776046400148
|e_y|,m,RUNNING_MPC,0.006856618630046385
|e_y|,m,RUNNING_MPC,0.01009692159668224
|e_y|,m,RUNNING_MPC,0.004259062489250398
|e_y|,m,RUNNING_MPC,0.002870918337124745
|e_y|,m,RUNNING_MPC,0.019428102407824166
|e_y|,m,RUNNING_MPC,0.029052293254836825
|e_y|,m,RUNNING_MPC,0.035306917845588204
|e_y|,m,RUNNING_MPC,0.03225870491697269
|e_y|,m,RUNNING_MPC,0.021085691162879033
|e_y|,m,RUNNING_MPC,0.004467495525677202
|e_y|,m,RUNNING_MPC,0.013591589806800919
|e_y|,m,RUNNING_MPC,0.02863689344273712
|e_y|,m,RUNNING_MPC,0.03771652937481307
|e_y|,m,RUNNING_MPC,0.03726414419527507
|e_y|,m,RUNNING_MPC,0.030399554498720782
|e_y|,m,RUNNING_MPC,0.013478546508172456
|e_y|,m,RUNNING_MPC,0.004715294717813845
|e_y|,m,RUNNING_MPC,0.006882390697671381
|e_y|,m,RUNNING_MPC,0.010262976903535531
|e_y|,m,RUNNING_MPC,0.0027278120763724045
|e_y|,m,RUNNING_MPC,0.018020566915854963
|e_y|,m,RUNNING_MPC,0.04649768503334337
|e_y|,m,RUNNING_MPC,0.07390673596413129
|e_y|,m,RUNNING_MPC,0.09267106898211885
|e_y|,m,RUNNING_MPC,0.09921013185688393
|e_y|,m,RUNNING_MPC,0.09394677462605543
|e_y|,m,RUNNING_MPC,0.08923942645834082
|e_y|,m,RUNNING_MPC,0.0706124248013244
|e_y|,m,RUNNING_MPC,0.05316447525717943
|e_y|,m,RUNNING_MPC,0.042966950838358275
|e_y|,m,RUNNING_MPC,0.04018798145607411
|e_y|,m,RUNNING_MPC,0.03878984452077462
|e_y|,m,RUNNING_MPC,0.03772277236463075
|e_y|,m,RUNNING_MPC,0.03348013114399098
|e_y|,m,RUNNING_MPC,0.027624638062506646
|e_y|,m,RUNNING_MPC,0.021943932234002927
|e_y|,m,RUNNING_MPC,0.014767740908283533
|e_y|,m,RUNNING_MPC,0.009023855259701175
|e_y|,m,RUNNING_MPC,0.0021630240128814038
|e_y|,m,RUNNING_MPC,0.0033542368810620116
|e_y|,m,RUNNING_MPC,0.005110404662041768
|e_y|,m,RUNNING_MPC,0.01022391549108187
|e_y|,m,RUNNING_MPC,0.014194865692139014
|e_y|,m,RUNNING_MPC,0.01675046715293267
|e_y|,m,RUNNING_MPC,0.014614789286574892
|e_y|,m,RUNNING_MPC,0.012213472166582306
|e_y|,m,RUNNING_MPC,0.0026593283799917766
|e_y|,m,RUNNING_MPC,0.010447189340288154
|e_y|,m,RUNNING_MPC,0.035795538416539846
|e_y|,m,RUNNING_MPC,0.05730612967002047
|e_y|,m,RUNNING_MPC,0.07977688401859506
|e_y|,m,RUNNING_MPC,0.11786261341821222
|e_y|,m,RUNNING_MPC,0.15219700875759923
|e_y|,m,RUNNING_MPC,0.18628581582570292
|e_y|,m,RUNNING_MPC,0.2001245693032827
|e_y|,m,RUNNING_MPC,0.20611711959209444
|e_y|,m,RUNNING_MPC,0.20051977609198302
|e_y|,m,RUNNING_MPC,0.15776688452847232
|e_y|,m,RUNNING_MPC,0.12741983309924657
|e_y|,m,RUNNING_MPC,0.09988017556444918
|e_y|,m,RUNNING_MPC,0.07343072582173471
|e_y|,m,RUNNING_MPC,0.06450644724809529
|e_y|,m,RUNNING_MPC,0.06684167891249891
|e_y|,m,RUNNING_MPC,0.06334667767755671
|e_y|,m,RUNNING_MPC,0.05660491139329264
|e_y|,m,RUNNING_MPC,0.047144229043607266
|e_y|,m,RUNNING_MPC,0.03877066788886902
|e_y|,m,RUNNING_MPC,0.03163694865515012
|e_y|,m,RUNNING_MPC,0.03573018672264941
|e_y|,m,RUNNING_MPC,0.057887782212465516
|e_y|,m,RUNNING_MPC,0.07778677719286192
|e_y|,m,RUNNING_MPC,0.09991530688797151
|e_y|,m,RUNNING_MPC,0.1113198151393929
|e_y|,m,RUNNING_MPC,0.11422318226803385
|e_y|,m,RUNNING_MPC,0.09813468355307434
|e_y|,m,RUNNING_MPC,0.0789114184122066
|e_y|,m,RUNNING_MPC,0.04125347699883386
|e_y|,m,RUNNING_MPC,0.01157326098221996
|e_y|,m,RUNNING_MPC,0.02532796604731039
|e_y|,m,RUNNING_MPC,0.0611299894091699
|e_y|,m,RUNNING_MPC,0.06637201080112781
|e_y|,m,RUNNING_MPC,0.10962957400827752
|e_y|,m,RUNNING_MPC,0.14508055959356153
|e_y|,m,RUNNING_MPC,0.16978652089535923
|e_y|,m,RUNNING_MPC,0.19174978636581125
|e_y|,m,RUNNING_MPC,0.20751112780474318
|e_y|,m,RUNNING_MPC,0.22767628688696717
|e_y|,m,RUNNING_MPC,0.24179694886964243
|e_y|,m,RUNNING_MPC,0.25765987074007574
|e_y|,m,RUNNING_MPC,0.2504434475955326
|e_y|,m,RUNNING_MPC,0.22465560726639794
|e_y|,m,RUNNING_MPC,0.14387968550389055
|e_y|,m,RUNNING_MPC,0.07474082796618331
|e_y|,m,RUNNING_MPC,0.04102435065472698
|e_y|,m,RUNNING_MPC,0.11595919201775289
|e_y|,m,RUNNING_MPC,0.1953825725248441
|e_y|,m,RUNNING_MPC,0.21892113368102642
|e_y|,m,RUNNING_MPC,0.22082845777552756
|e_y|,m,RUNNING_MPC,0.1949758231468603
|e_y|,m,RUNNING_MPC,0.1828593060865851
|e_y|,m,RUNNING_MPC,0.12599351115966856
|e_y|,m,RUNNING_MPC,0.08671515986037981
|e_y|,m,RUNNING_MPC,0.07674718335112467
|e_y|,m,RUNNING_MPC,0.08030862143528111
|e_y|,m,RUNNING_MPC,0.08390211622805986
|e_y|,m,RUNNING_MPC,0.10095268863136135
|e_y|,m,RUNNING_MPC,0.11202002657129564
|e_y|,m,RUNNING_MPC,0.10826548308233414
|e_y|,m,RUNNING_MPC,0.09838137025549207
|e_y|,m,RUNNING_MPC,0.07593803023456461
|e_y|,m,RUNNING_MPC,0.06308583918855638
|e_y|,m,RUNNING_MPC,0.037770830978045
|e_y|,m,RUNNING_MPC,0.019543050138409977
|e_y|,m,RUNNING_MPC,0.0071647686190340655
|e_y|,m,RUNNING_MPC,0.006400744170469392
|e_y|,m,RUNNING_MPC,0.011234064932241779
|e_y|,m,RUNNING_MPC,0.018339334493366114
|e_y|,m,RUNNING_MPC,0.027157954531594593
|e_y|,m,RUNNING_MPC,0.033948581217111466
|e_y|,m,RUNNING_MPC,0.0432295955926931
|e_y|,m,RUNNING_MPC,0.043149025587116835
|e_y|,m,RUNNING_MPC,0.04876800241419439
|e_y|,m,RUNNING_MPC,0.05171298397767049
|e_y|,m,RUNNING_MPC,0.034153596612758526
|e_y|,m,RUNNING_MPC,0.01975296281071573
|e_y|,m,RUNNING_MPC,0.0003186403318228559
|e_y|,m,RUNNING_MPC,0.03438937669483777
|e_y|,m,RUNNING_MPC,0.04911613652917593
|e_y|,m,RUNNING_MPC,0.09162558837932744
|e_y|,m,RUNNING_MPC,0.10351577267057718
|e_y|,m,RUNNING_MPC,0.10639802244715063
|e_y|,m,RUNNING_MPC,0.10604558026348856
|e_y|,m,RUNNING_MPC,0.09474962599615254
|e_y|,m,RUNNING_MPC,0.06581942992901485
|e_y|,m,RUNNING_MPC,0.04602965701569395
|e_y|,m,RUNNING_MPC,0.00033709963217976036
|e_y|,m,RUNNING_MPC,0.022140940419752064
|e_y|,m,RUNNING_MPC,0.07497957305669439
|e_y|,m,RUNNING_MPC,0.1042731084853904
|e_y|,m,RUNNING_MPC,0.14005497229061087
|e_y|,m,RUNNING_MPC,0.15965666348153715
|e_y|,m,RUNNING_MPC,0.16180511154025476
|e_y|,m,RUNNING_MPC,0.14406859376201808
|e_y|,m,RUNNING_MPC,0.12077441169642461
|e_y|,m,RUNNING_MPC,0.08863273396991486
|e_y|,m,RUNNING_MPC,0.04956392954274233
|e_y|,m,RUNNING_MPC,0.009825266581743514
|e_y|,m,RUNNING_MPC,0.0791130724320631
|e_y|,m,RUNNING_MPC,0.11621640833764392
|e_y|,m,RUNNING_MPC,0.16122467351198033
|e_y|,m,RUNNING_MPC,0.17502743048697283
|e_y|,m,RUNNING_MPC,0.17499398831994686
|e_y|,m,RUNNING_MPC,0.1726079292859887
|e_y|,m,RUNNING_MPC,0.14114914304478451
|e_y|,m,RUNNING_MPC,0.11772715312663093
|e_y|,m,RUNNING_MPC,0.09134015481060712
|e_y|,m,RUNNING_MPC,0.048692480326196635
|e_y|,m,RUNNING_MPC,0.0361582664339436
|e_y|,m,RUNNING_MPC,0.005222553890914389
|e_y|,m,RUNNING_MPC,0.0402658649730398
|e_y|,m,RUNNING_MPC,0.060054353121011456
|e_y|,m,RUNNING_MPC,0.0985336198187799
|e_y|,m,RUNNING_MPC,0.12348437561253456
|e_y|,m,RUNNING_MPC,0.13897739583407687
|e_y|,m,RUNNING_MPC,0.15519888658331898
|e_y|,m,RUNNING_MPC,0.1599255657072464
|e_y|,m,RUNNING_MPC,0.14538476151575713
|e_y|,m,RUNNING_MPC,0.1387434203901376
|e_y|,m,RUNNING_MPC,0.09269069512544918
|e_y|,m,RUNNING_MPC,0.04360824666939944
|e_y|,m,RUNNING_MPC,0.0060576692667113075
|e_y|,m,RUNNING_MPC,0.049307236416743325
|e_y|,m,RUNNING_MPC,0.07286542616488025
|e_y|,m,RUNNING_MPC,0.08556686872371966
|e_y|,m,RUNNING_MPC,0.08921158203891527
|e_y|,m,RUNNING_MPC,0.08478624921098732
|e_y|,m,RUNNING_MPC,0.07496228588241168
|e_y|,m,RUNNING_MPC,0.035322288753494684
|e_y|,m,RUNNING_MPC,0.013419404421037652
|e_y|,m,RUNNING_MPC,0.0668873428460857
|e_y|,m,RUNNING_MPC,0.15002161551195964
|e_y|,m,RUNNING_MPC,0.20328434375597337
|e_y|,m,RUNNING_MPC,0.2570832137322734
|e_y|,m,RUNNING_MPC,0.26863150081859
|e_y|,m,RUNNING_MPC,0.25953540077344567
|e_y|,m,RUNNING_MPC,0.23524660936579594
|e_y|,m,RUNNING_MPC,0.18096953591354212
|e_y|,m,RUNNING_MPC,0.13638665017347276
|e_y|,m,RUNNING_MPC,0.09437271960622376
|e_y|,m,RUNNING_MPC,0.07339649484982316
|e_y|,m,RUNNING_MPC,0.06510759702350871
|e_y|,m,RUNNING_MPC,0.06778717314507629
|e_y|,m,RUNNING_MPC,0.0828989885569782
|e_y|,m,RUNNING_MPC,0.10654484006746401
|e_y|,m,RUNNING_MPC,0.12564301550961496
|e_y|,m,RUNNING_MPC,0.16503554613318636
|e_y|,m,RUNNING_MPC,0.186541815476394
|e_y|,m,RUNNING_MPC,0.20224387647549563
|e_y|,m,RUNNING_MPC,0.2172747293178561
|e_y|,m,RUNNING_MPC,0.22527645890991116
|e_y|,m,RUNNING_MPC,0.22001351795320773
|e_y|,m,RUNNING_MPC,0.2059619422736281
|e_y|,m,RUNNING_MPC,0.189390322478859
|e_y|,m,RUNNING_MPC,0.17205497975571019
|e_y|,m,RUNNING_MPC,0.15659399399920373
|e_y|,m,RUNNING_MPC,0.1406841677074364
|e_y|,m,RUNNING_MPC,0.12641752788418778
|e_y|,m,RUNNING_MPC,0.11515131402187045
|e_y|,m,RUNNING_MPC,0.09994804779171841
|e_y|,m,RUNNING_MPC,0.09219506302693928
|e_y|,m,RUNNING_MPC,0.0881905645589551
|e_y|,m,RUNNING_MPC,0.08457863000677729
|e_y|,m,RUNNING_MPC,0.08424697026325104
|e_y|,m,RUNNING_MPC,0.08466230975032135
|e_y|,m,RUNNING_MPC,0.08415817572370488
|e_y|,m,RUNNING_MPC,0.0827854218024171
|e_y|,m,RUNNING_MPC,0.0797180731052565
|e_y|,m,RUNNING_MPC,0.07735129550257541
|e_y|,m,RUNNING_MPC,0.075406167891473
|e_y|,m,RUNNING_MPC,0.07867363059700247
|e_y|,m,RUNNING_MPC,0.08575059923459295
|e_y|,m,RUNNING_MPC,0.09341156697380726
|e_y|,m,RUNNING_MPC,0.10349732271378631
|e_y|,m,RUNNING_MPC,0.11406387669886736
|e_y|,m,RUNNING_MPC,0.11987339168499633
|e_y|,m,RUNNING_MPC,0.1273200423867861
|e_y|,m,RUNNING_MPC,0.13263210092299987
|e_y|,m,RUNNING_MPC,0.1442325925651977
|e_y|,m,RUNNING_MPC,0.14711289009766387
|e_y|,m,RUNNING_MPC,0.14340473254779157
|e_y|,m,RUNNING_MPC,0.1410128963970908
|e_y|,m,RUNNING_MPC,0.14012622288271198
|e_y|,m,RUNNING_MPC,0.15576003267111613
|e_y|,m,RUNNING_MPC,0.17378029963269565
|e_y|,m,RUNNING_MPC,0.20643804677071856
|e_y|,m,RUNNING_MPC,0.2254263897731518
|e_y|,m,RUNNING_MPC,0.2385778505716304
|e_y|,m,RUNNING_MPC,0.2362313418048437
|e_y|,m,RUNNING_MPC,0.22639129400307006
|e_y|,m,RUNNING_MPC,0.2011318113124284
|e_y|,m,RUNNING_MPC,0.186315664574298
|e_y|,m,RUNNING_MPC,0.17697386244496913
|e_y|,m,RUNNING_MPC,0.17247718325967953
|e_y|,m,RUNNING_MPC,0.17200108200225514
|e_y|,m,RUNNING_MPC,0.17475748573243732
|e_y|,m,RUNNING_MPC,0.18231771662894675
|e_y|,m,RUNNING_MPC,0.20327209738825225
|e_y|,m,RUNNING_MPC,0.2252582947877189
|e_y|,m,RUNNING_MPC,0.25260159208743493
|e_y|,m,RUNNING_MPC,0.27298065755522966
|e_y|,m,RUNNING_MPC,0.2964195439190157
|e_y|,m,RUNNING_MPC,0.31784184873920307
|e_y|,m,RUNNING_MPC,0.3170131484934905
|e_y|,m,RUNNING_MPC,0.2948334225712036
|e_y|,m,RUNNING_MPC,0.25629575987342673
|e_y|,m,RUNNING_MPC,0.21608920454581795
|e_y|,m,RUNNING_MPC,0.17707325272021954
|e_y|,m,RUNNING_MPC,0.14564300312426576
|e_y|,m,RUNNING_MPC,0.12876240120413032
|e_y|,m,RUNNING_MPC,0.1321179311800576
|e_y|,m,RUNNING_MPC,0.16679611387149235
|e_y|,m,RUNNING_MPC,0.22110096565443108
|e_y|,m,RUNNING_MPC,0.2946573262727566
|e_y|,m,RUNNING_MPC,0.3766493429058825
|e_y|,m,RUNNING_MPC,0.45411876955154584
|e_y|,m,RUNNING_MPC,0.5115270330536413
|e_y|,m,RUNNING_MPC,0.5335324612396299
|e_y|,m,RUNNING_MPC,0.5017215729101899
|e_y|,m,RUNNING_MPC,0.43593152564450627
|e_y|,m,RUNNING_MPC,0.31896966207555216
|e_y|,m,RUNNING_MPC,0.21251821800727316
|e_y|,m,RUNNING_MPC,0.11252204636191322
|e_y|,m,RUNNING_MPC,0.052270399487382366
|e_y|,m,RUNNING_MPC,0.002493705429946147
|e_y|,m,RUNNING_MPC,0.014536390164966773
|e_y|,m,RUNNING_MPC,0.07075921415508471
|e_y|,m,RUNNING_MPC,0.19003999172318903
|e_y|,m,RUNNING_MPC,0.27223454602802744
|e_y|,m,RUNNING_MPC,0.3770856658262149
|e_y|,m,RUNNING_MPC,0.4500092401073601
|e_y|,m,RUNNING_MPC,0.4713640524395357
|e_y|,m,RUNNING_MPC,0.4398636541218788
|e_y|,m,RUNNING_MPC,0.3609492637464855
|e_y|,m,RUNNING_MPC,0.25461182672377386
|e_y|,m,RUNNING_MPC,0.11752255233528888
|e_y|,m,RUNNING_MPC,0.02945373160894866
|e_y|,m,RUNNING_MPC,0.0253432125499896
|e_y|,m,RUNNING_MPC,0.03924348665371159
|e_y|,m,RUNNING_MPC,0.022391703830443973
|e_y|,m,RUNNING_MPC,0.015171793418245608
|e_y|,m,RUNNING_MPC,0.08651353401686483
|e_y|,m,RUNNING_MPC,0.16685896884128557
|e_y|,m,RUNNING_MPC,0.22042568540931137
|e_y|,m,RUNNING_MPC,0.26708862734686345
|e_y|,m,RUNNING_MPC,0.27893340373860576
|e_y|,m,RUNNING_MPC,0.26174651652951797
|e_y|,m,RUNNING_MPC,0.21189512635464655
|e_y|,m,RUNNING_MPC,0.14049342260455816
|e_y|,m,RUNNING_MPC,0.10179612352141719
|e_y|,m,RUNNING_MPC,0.012839848975697732
|e_y|,m,RUNNING_MPC,0.03726460204057375
|e_y|,m,RUNNING_MPC,0.061478308176316616
|e_y|,m,RUNNING_MPC,0.049042452111805954
|e_y|,m,RUNNING_MPC,0.01418996051563888
|e_y|,m,RUNNING_MPC,0.032801425523007265
|e_y|,m,RUNNING_MPC,0.08833024271072476
|e_y|,m,RUNNING_MPC,0.11203882892885948
|e_y|,m,RUNNING_MPC,0.12364761696838594
|e_y|,m,RUNNING_MPC,0.09957369079199221
|e_y|,m,RUNNING_MPC,0.06338254114610786
|e_y|,m,RUNNING_MPC,0.020236044252568655
|e_y|,m,RUNNING_MPC,0.019224229447182724
|e_y|,m,RUNNING_MPC,0.04631601735804146
|e_y|,m,RUNNING_MPC,0.05574115792557634
|e_y|,m,RUNNING_MPC,0.04292120056394255
|e_y|,m,RUNNING_MPC,0.006395268319723257
|e_y|,m,RUNNING_MPC,0.029200517719087396
|e_y|,m,RUNNING_MPC,0.06090892030150144
|e_y|,m,RUNNING_MPC,0.08173733439683877
|e_y|,m,RUNNING_MPC,0.08784682491686427
|e_y|,m,RUNNING_MPC,0.07306891912666863
|e_y|,m,RUNNING_MPC,0.04767724486033141
|e_y|,m,RUNNING_MPC,0.024454822404521293
|e_y|,m,RUNNING_MPC,0.01149505451520854
|e_y|,m,RUNNING_MPC,0.03089929905030214
|e_y|,m,RUNNING_MPC,0.03788304404702413
|e_y|,m,RUNNING_MPC,0.03147840318976415
|e_y|,m,RUNNING_MPC,0.013826360741400048
|e_y|,m,RUNNING_MPC,0.009966778456158759
|e_y|,m,RUNNING_MPC,0.03345225945939835
|e_y|,m,RUNNING_MPC,0.052245061041999406
|e_y|,m,RUNNING_MPC,0.06201848830086204
|e_y|,m,RUNNING_MPC,0.059465787137432
|e_y|,m,RUNNING_MPC,0.04764431556176541
|e_y|,m,RUNNING_MPC,0.030913727180676955
|e_y|,m,RUNNING_MPC,0.013426735065356146
|e_y|,m,RUNNING_MPC,0.0003155674524186469
|e_y|,m,RUNNING_MPC,0.007280738972474124
|e_y|,m,RUNNING_MPC,0.006664933215271375
|e_y|,m,RUNNING_MPC,0.0006670783897407724
|e_y|,m,RUNNING_MPC,0.009721340296284242
|e_y|,m,RUNNING_MPC,0.0267254383359765
|e_y|,m,RUNNING_MPC,0.03830207279124427
|e_y|,m,RUNNING_MPC,0.046835879663143176
|e_y|,m,RUNNING_MPC,0.04731416326606287
|e_y|,m,RUNNING_MPC,0.04269646184759134
|e_y|,m,RUNNING_MPC,0.033898041769546666
|e_y|,m,RUNNING_MPC,0.02336667174714377
|e_y|,m,RUNNING_MPC,0.014349286516497587
|e_y|,m,RUNNING_MPC,0.008497353440146307
|e_y|,m,RUNNING_MPC,0.0071552799733247165
|e_y|,m,RUNNING_MPC,0.010718356149090176
|e_y|,m,RUNNING_MPC,0.01701759011793444
|e_y|,m,RUNNING_MPC,0.024846449346576926
|e_y|,m,RUNNING_MPC,0.031613278267272504
|e_y|,m,RUNNING_MPC,0.0364467200226912
|e_y|,m,RUNNING_MPC,0.03612745584223752
|e_y|,m,RUNNING_MPC,0.030888019280554714
|e_y|,m,RUNNING_MPC,0.022958762918851516
|e_y|,m,RUNNING_MPC,0.013397729281680558
|e_y|,m,RUNNING_MPC,0.0012749084345825834
|e_y|,m,RUNNING_MPC,0.007210520940695048
|e_y|,m,RUNNING_MPC,0.01316963868965022
|e_y|,m,RUNNING_MPC,0.016884247966963695
|e_y|,m,RUNNING_MPC,0.018038618414558807
|e_y|,m,RUNNING_MPC,0.017969134903408845
|e_y|,m,RUNNING_MPC,0.0172653626581876
|e_y|,m,RUNNING_MPC,0.016418455965170782
|e_y|,m,RUNNING_MPC,0.015537703327930344
|e_y|,m,RUNNING_MPC,0.014886359572256452
|e_y|,m,RUNNING_MPC,0.01434220686168274
|e_y|,m,RUNNING_MPC,0.013380799933895432
|e_y|,m,RUNNING_MPC,0.013278567932957022
|e_y|,m,RUNNING_MPC,0.016916493327140597
|e_y|,m,RUNNING_MPC,0.020855647827634896
|e_y|,m,RUNNING_MPC,0.024982369027080575
|e_y|,m,RUNNING_MPC,0.02532398889107202
|e_y|,m,RUNNING_MPC,0.021798296414442975
|e_y|,m,RUNNING_MPC,0.013153776097708923
|e_y|,m,RUNNING_MPC,0.0006662221327172965
|e_y|,m,RUNNING_MPC,0.01333190128630251
|e_y|,m,RUNNING_MPC,0.02420985660552303
|e_y|,m,RUNNING_MPC,0.03535211666129173
|e_y|,m,RUNNING_MPC,0.04232206318014045
|e_y|,m,RUNNING_MPC,0.04783944921414532
|e_y|,m,RUNNING_MPC,0.04763209168867323
|e_y|,m,RUNNING_MPC,0.05038351786235693
|e_y|,m,RUNNING_MPC,0.04995952384733721
|e_y|,m,RUNNING_MPC,0.056464305605516726
|e_y|,m,RUNNING_MPC,0.06150649135005151
|e_y|,m,RUNNING_MPC,0.07353210649057246
|e_y|,m,RUNNING_MPC,0.10044038791035365
|e_y|,m,RUNNING_MPC,0.12015743550281247
|e_y|,m,RUNNING_MPC,0.14091420111251937
|e_y|,m,RUNNING_MPC,0.14803699174537255
|e_y|,m,RUNNING_MPC,0.15060605510616953
|e_y|,m,RUNNING_MPC,0.1420001813256676
|e_y|,m,RUNNING_MPC,0.1299092897744229
|e_y|,m,RUNNING_MPC,0.11185592606320612
|e_y|,m,RUNNING_MPC,0.08227561453819493
|e_y|,m,RUNNING_MPC,0.061313748105618016
|e_y|,m,RUNNING_MPC,0.04520811771325092
|e_y|,m,RUNNING_MPC,0.03134540214999405
|e_y|,m,RUNNING_MPC,0.026054004625653326
|e_y|,m,RUNNING_MPC,0.03218131941119262
|e_y|,m,RUNNING_MPC,0.050902217720471654
|e_y|,m,RUNNING_MPC,0.08226455675696759
|e_y|,m,RUNNING_MPC,0.12907551111490706
|e_y|,m,RUNNING_MPC,0.19667509093742774
|e_y|,m,RUNNING_MPC,0.27248205834303374
|e_y|,m,RUNNING_MPC,0.34570415714124114
|e_y|,m,RUNNING_MPC,0.395966104786981
|e_y|,m,RUNNING_MPC,0.404701245698016
|e_y|,m,RUNNING_MPC,0.3766076883445928
|e_y|,m,RUNNING_MPC,0.3172149762888992
|e_y|,m,RUNNING_MPC,0.23828836507806683
|e_y|,m,RUNNING_MPC,0.16824725299659862
|e_y|,m,RUNNING_MPC,0.08591035373671402
|e_y|,m,RUNNING_MPC,0.04525123353522703
|e_y|,m,RUNNING_MPC,0.03848790535993829
|e_y|,m,RUNNING_MPC,0.05509374468867487
|e_y|,m,RUNNING_MPC,0.13103246979475616
|e_y|,m,RUNNING_MPC,0.1949880407276418
|e_y|,m,RUNNING_MPC,0.278684773545939
|e_y|,m,RUNNING_MPC,0.35961270535812206
|e_y|,m,RUNNING_MPC,0.42314477631181063
|e_y|,m,RUNNING_MPC,0.45551560917791517
|e_y|,m,RUNNING_MPC,0.4555850111773459
|e_y|,m,RUNNING_MPC,0.42947012495998915
|e_y|,m,RUNNING_MPC,0.34386709121024805
|e_y|,m,RUNNING_MPC,0.27371376631556
|e_y|,m,RUNNING_MPC,0.17363977110222292
|e_y|,m,RUNNING_MPC,0.10746236456961294
|e_y|,m,RUNNING_MPC,0.09486298483522133
|e_y|,m,RUNNING_MPC,0.12045797885419371
|e_y|,m,RUNNING_MPC,0.17291300800978504
|e_y|,m,RUNNING_MPC,0.20859992746923844
|e_y|,m,RUNNING_MPC,0.21555073751179388
|e_y|,m,RUNNING_MPC,0.20674225078615405
|e_y|,m,RUNNING_MPC,0.18970025409846533
|e_y|,m,RUNNING_MPC,0.17376753050429888
|e_y|,m,RUNNING_MPC,0.15294438421520956
|e_y|,m,RUNNING_MPC,0.13987371095454101
|e_y|,m,RUNNING_MPC,0.11529479974603488
|e_y|,m,RUNNING_MPC,0.09733602132717042
|e_y|,m,RUNNING_MPC,0.0903555032395264
|e_y|,m,RUNNING_MPC,0.08730500579509529
|e_y|,m,RUNNING_MPC,0.08881850035723982
|e_y|,m,RUNNING_MPC,0.0914158836548346
|e_y|,m,RUNNING_MPC,0.0930929467018301
|e_y|,m,RUNNING_MPC,0.09422129738752083
|e_y|,m,RUNNING_MPC,0.09431079360158354
|e_y|,m,RUNNING_MPC,0.0919481076907271
|e_y|,m,RUNNING_MPC,0.08758029288161347
|e_y|,m,RUNNING_MPC,0.08645494832062929
|e_y|,m,RUNNING_MPC,0.08470046402386687
|e_y|,m,RUNNING_MPC,0.0850168318431267
|e_y|,m,RUNNING_MPC,0.08558957398280483
|e_y|,m,RUNNING_MPC,0.08798190691969901
|e_y|,m,RUNNING_MPC,0.08972633702494467
|e_y|,m,RUNNING_MPC,0.09247378611724269
|e_y|,m,RUNNING_MPC,0.09761196925093191
|e_y|,m,RUNNING_MPC,0.10070609586463358
|e_y|,m,RUNNING_MPC,0.10280749555329641
|e_y|,m,RUNNING_MPC,0.10245770655261113
|e_y|,m,RUNNING_MPC,0.0956573626208474
|e_y|,m,RUNNING_MPC,0.08944677314317252
|e_y|,m,RUNNING_MPC,0.07609276122609057
|e_y|,m,RUNNING_MPC,0.06687670827617748
|e_y|,m,RUNNING_MPC,0.0634231965531567
|e_y|,m,RUNNING_MPC,0.06765278809794764
|e_y|,m,RUNNING_MPC,0.07886835038257992
|e_y|,m,RUNNING_MPC,0.10536304740374666
|e_y|,m,RUNNING_MPC,0.1229859586212044
|e_y|,m,RUNNING_MPC,0.13519970695555383
|e_y|,m,RUNNING_MPC,0.13451983074397522
|e_y|,m,RUNNING_MPC,0.11701684979175914
|e_y|,m,RUNNING_MPC,0.0863907349365947
|e_y|,m,RUNNING_MPC,0.03589204268040028
|e_y|,m,RUNNING_MPC,0.010971574880151172
|e_y|,m,RUNNING_MPC,0.011756954571802314
|e_y|,m,RUNNING_MPC,0.04388634660632318
|e_y|,m,RUNNING_MPC,0.08068684186000549
|e_y|,m,RUNNING_MPC,0.10491278025733677
|e_y|,m,RUNNING_MPC,0.1196334635920077
|e_y|,m,RUNNING_MPC,0.11596640310571552
|e_y|,m,RUNNING_MPC,0.09581670740507284
|e_y|,m,RUNNING_MPC,0.05977937789658787
|e_y|,m,RUNNING_MPC,0.03782474817470391
|e_y|,m,RUNNING_MPC,0.017885961413213636
|e_y|,m,RUNNING_MPC,0.015631427274302168
|e_y|,m,RUNNING_MPC,0.021946132291682866
|e_y|,m,RUNNING_MPC,0.04213800780574403
|e_y|,m,RUNNING_MPC,0.0635673463571215
|e_y|,m,RUNNING_MPC,0.07378114610925168
|e_y|,m,RUNNING_MPC,0.07729546871636388
|e_y|,m,RUNNING_MPC,0.06794569726472083
|e_y|,m,RUNNING_MPC,0.061863975115116
|e_y|,m,RUNNING_MPC,0.0321521288733445
|e_y|,m,RUNNING_MPC,0.01970967486838359
|e_y|,m,RUNNING_MPC,0.011163399230367485
|e_y|,m,RUNNING_MPC,0.01130570983894822
|e_y|,m,RUNNING_MPC,0.017559279249751213
|e_y|,m,RUNNING_MPC,0.03190393341869093
|e_y|,m,RUNNING_MPC,0.03978096260960653
|e_y|,m,RUNNING_MPC,0.042069362654369585
|e_y|,m,RUNNING_MPC,0.03859785774523837
|e_y|,m,RUNNING_MPC,0.025104246433771682
|e_y|,m,RUNNING_MPC,0.011642491536732275
|e_y|,m,RUNNING_MPC,0.000983322036340488
|e_y|,m,RUNNING_MPC,0.0220176280432402
|e_y|,m,RUNNING_MPC,0.03531527038174912
|e_y|,m,RUNNING_MPC,0.04134471934358304
|e_y|,m,RUNNING_MPC,0.06047711689071965
|e_y|,m,RUNNING_MPC,0.06808415356478276
|e_y|,m,RUNNING_MPC,0.07183875159891738
|e_y|,m,RUNNING_MPC,0.06898297733953832
|e_y|,m,RUNNING_MPC,0.06238024917033652
|e_y|,m,RUNNING_MPC,0.05837608657844273
|e_y|,m,RUNNING_MPC,0.057062646496360295
|e_y|,m,RUNNING_MPC,0.06589032827561611
|e_y|,m,RUNNING_MPC,0.08270877984621587
|e_y|,m,RUNNING_MPC,0.09773119706046829
|e_y|,m,RUNNING_MPC,0.1380218570612049
|e_y|,m,RUNNING_MPC,0.17933033111334934
|e_y|,m,RUNNING_MPC,0.20593151229475323
|e_y|,m,RUNNING_MPC,0.23429010821971827
|e_y|,m,RUNNING_MPC,0.250369605738751
|e_y|,m,RUNNING_MPC,0.25269923206929257
|e_y|,m,RUNNING_MPC,0.23467611243955339
|e_y|,m,RUNNING_MPC,0.20629535148756736
|e_y|,m,RUNNING_MPC,0.18562592144491138
|e_y|,m,RUNNING_MPC,0.18032899526825102
|e_y|,m,RUNNING_MPC,0.19528629777282777
|e_y|,m,RUNNING_MPC,0.23223113139358914
|e_y|,m,RUNNING_MPC,0.2727924661595084
|e_y|,m,RUNNING_MPC,0.2961762178596197
|e_y|,m,RUNNING_MPC,0.289886634450799
|e_y|,m,RUNNING_MPC,0.23386366888477875
|e_y|,m,RUNNING_MPC,0.16260624714358105
|e_y|,m,RUNNING_MPC,0.09284112663704497
|e_y|,m,RUNNING_MPC,0.03919873178939812
|e_y|,m,RUNNING_MPC,0.012629512122956377
|e_y|,m,RUNNING_MPC,0.0031430813179429418
|e_y|,m,RUNNING_MPC,0.0038968790615680204
|e_y|,m,RUNNING_MPC,0.004238672910402162
|e_y|,m,RUNNING_MPC,0.007264178428333306
|e_y|,m,RUNNING_MPC,0.017882808191630184
|e_y|,m,RUNNING_MPC,0.029576120670587305
|e_y|,m,RUNNING_MPC,0.04244908276180542
|e_y|,m,RUNNING_MPC,0.0592393129786169
|e_y|,m,RUNNING_MPC,0.066301000027472
|e_y|,m,RUNNING_MPC,0.07804151339717566
|e_y|,m,RUNNING_MPC,0.08156868879888607
|e_y|,m,RUNNING_MPC,0.08404183322877001
|e_y|,m,RUNNING_MPC,0.07899173028356081
|e_y|,m,RUNNING_MPC,0.07445753866391193
|e_y|,m,RUNNING_MPC,0.05887134781421573
|e_y|,m,RUNNING_MPC,0.04900659152323882
|e_y|,m,RUNNING_MPC,0.05119892832306181
|e_y|,m,RUNNING_MPC,0.06783647284737951
|e_y|,m,RUNNING_MPC,0.07872619207147843
|e_y|,m,RUNNING_MPC,0.13019051417113697
|e_y|,m,RUNNING_MPC,0.1959658622399908
|e_y|,m,RUNNING_MPC,0.2585174100461588
|e_y|,m,RUNNING_MPC,0.29201600674886036
|e_y|,m,RUNNING_MPC,0.30295081639042987
|e_y|,m,RUNNING_MPC,0.28290298735805125
|e_y|,m,RUNNING_MPC,0.2676091085885536
|e_y|,m,RUNNING_MPC,0.18347070326587767
|e_y|,m,RUNNING_MPC,0.14782514257701557
|e_y|,m,RUNNING_MPC,0.12275002069238294
|e_y|,m,RUNNING_MPC,0.12403395422093005
|e_y|,m,RUNNING_MPC,0.1497716449031584
|e_y|,m,RUNNING_MPC,0.18507897096291312
|e_y|,m,RUNNING_MPC,0.20921048603361725
|e_y|,m,RUNNING_MPC,0.22293455165795956
|e_y|,m,RUNNING_MPC,0.2198212257662716
|e_y|,m,RUNNING_MPC,0.18708435897821468
|e_y|,m,RUNNING_MPC,0.1313948953231448
|e_y|,m,RUNNING_MPC,0.08086857613679756
|e_y|,m,RUNNING_MPC,0.03593925223518088
|e_y|,m,RUNNING_MPC,0.008748933210187562
|e_y|,m,RUNNING_MPC,0.01760877145968466
|e_y|,m,RUNNING_MPC,0.025429518242384548
|e_y|,m,RUNNING_MPC,0.026956619320241185
|e_y|,m,RUNNING_MPC,0.025889868647313546
|e_y|,m,RUNNING_MPC,0.017150615454302118
|e_y|,m,RUNNING_MPC,0.012525078753996138
|e_y|,m,RUNNING_MPC,0.008778061542066895
|e_y|,m,RUNNING_MPC,0.005946203267289951
|e_y|,m,RUNNING_MPC,0.0018143983184873702
|e_y|,m,RUNNING_MPC,0.00030332259719610677
|e_y|,m,RUNNING_MPC,0.00016367275804772714
|e_y|,m,RUNNING_MPC,0.0030596849472195042
|e_y|,m,RUNNING_MPC,0.0119117172037191
|e_y|,m,RUNNING_MPC,0.027610802051271255
|e_y|,m,RUNNING_MPC,0.04733327447681521
|e_y|,m,RUNNING_MPC,0.058817444332122604
|e_y|,m,RUNNING_MPC,0.0827655952978896
|e_y|,m,RUNNING_MPC,0.08917620781168088
|e_y|,m,RUNNING_MPC,0.1043247093159266
|e_y|,m,RUNNING_MPC,0.11437243898207926
|e_y|,m,RUNNING_MPC,0.11817060556948873
|e_y|,m,RUNNING_MPC,0.10910705528338824
|e_y|,m,RUNNING_MPC,0.10194908694965649
|e_y|,m,RUNNING_MPC,0.07720332450947467
|e_y|,m,RUNNING_MPC,0.055787384975825735
|e_y|,m,RUNNING_MPC,0.04728184249401618
|e_y|,m,RUNNING_MPC,0.0036363900480481035
|e_y|,m,RUNNING_MPC,0.014838287945562967
|e_y|,m,RUNNING_MPC,0.019143144896255126
|e_y|,m,RUNNING_MPC,0.006557729403362744
|e_y|,m,RUNNING_MPC,0.034973996364440214
|e_y|,m,RUNNING_MPC,0.11144529464909281
|e_y|,m,RUNNING_MPC,0.17648280145758063
|e_y|,m,RUNNING_MPC,0.2707912377192657
|e_y|,m,RUNNING_MPC,0.30131689947655593
|e_y|,m,RUNNING_MPC,0.317388677922941
|e_y|,m,RUNNING_MPC,0.28555880110625487
|e_y|,m,RUNNING_MPC,0.24411703018818318
|e_y|,m,RUNNING_MPC,0.16828660476552795
|e_y|,m,RUNNING_MPC,0.12111331016488197
|e_y|,m,RUNNING_MPC,0.07230520018467736
|e_y|,m,RUNNING_MPC,0.04185531208421145
|e_y|,m,RUNNING_MPC,0.031209772818621556
|e_y|,m,RUNNING_MPC,0.032450999219731214
|e_y|,m,RUNNING_MPC,0.03917719711854379
|e_y|,m,RUNNING_MPC,0.04502283870728946
|e_y|,m,RUNNING_MPC,0.04932212149029945
|e_y|,m,RUNNING_MPC,0.04611224372906564
|e_y|,m,RUNNING_MPC,0.03804953264381697
|e_y|,m,RUNNING_MPC,0.024575658449221605
|e_y|,m,RUNNING_MPC,0.014846585945954838
|e_y|,m,RUNNING_MPC,0.004235609233062265
|e_y|,m,RUNNING_MPC,0.019430676411014203
|e_y|,m,RUNNING_MPC,0.02408851406390536
|e_y|,m,RUNNING_MPC,0.027009508288803802
|e_y|,m,RUNNING_MPC,0.0201681594443794
|e_y|,m,RUNNING_MPC,0.009380635391982195
|e_y|,m,RUNNING_MPC,0.00025086833424434185
|e_y|,m,RUNNING_MPC,0.0026497712873943813
|e_y|,m,RUNNING_MPC,0.027893111345429003
|e_y|,m,RUNNING_MPC,0.079895250232942
|e_y|,m,RUNNING_MPC,0.1412234848421169
|e_y|,m,RUNNING_MPC,0.2059750622573105
|e_y|,m,RUNNING_MPC,0.2391972108205903
|e_y|,m,RUNNING_MPC,0.24916216761640453
|e_y|,m,RUNNING_MPC,0.24002268009824357
|e_y|,m,RUNNING_MPC,0.19846251552488509
|e_y|,m,RUNNING_MPC,0.13355674084996288
|e_y|,m,RUNNING_MPC,0.07038251919580621
|e_y|,m,RUNNING_MPC,0.014194378890379236
|e_y|,m,RUNNING_MPC,0.01828324376194899
|e_y|,m,RUNNING_MPC,0.034714428783589504
|e_y|,m,RUNNING_MPC,0.024434938169638126
|e_y|,m,RUNNING_MPC,0.003716190621651849
|e_y|,m,RUNNING_MPC,0.03684363999277185
|e_y|,m,RUNNING_MPC,0.09511284998159367
|e_y|,m,RUNNING_MPC,0.15186477878399274
|e_y|,m,RUNNING_MPC,0.18719375060224877
|e_y|,m,RUNNING_MPC,0.23953533824554343
|e_y|,m,RUNNING_MPC,0.2609049653552981
|e_y|,m,RUNNING_MPC,0.2759984401083507
|e_y|,m,RUNNING_MPC,0.27410534888174043
|e_y|,m,RUNNING_MPC,0.2594240274844376
|e_y|,m,RUNNING_MPC,0.22148879229494098
|e_y|,m,RUNNING_MPC,0.1887894570583864
|e_y|,m,RUNNING_MPC,0.1372239300395587
|e_y|,m,RUNNING_MPC,0.11049448478364426
|e_y|,m,RUNNING_MPC,0.08054136995758682
|e_y|,m,RUNNING_MPC,0.07425965765412271
|e_y|,m,RUNNING_MPC,0.0941385348661718
|e_y|,m,RUNNING_MPC,0.11621623914611715
|e_y|,m,RUNNING_MPC,0.18209322456430957
|e_y|,m,RUNNING_MPC,0.25236577287582307
|e_y|,m,RUNNING_MPC,0.28573090605474016
|e_y|,m,RUNNING_MPC,0.2983463523849677
|e_y|,m,RUNNING_MPC,0.2760595384182105
|e_y|,m,RUNNING_MPC,0.22399208020798095
|e_y|,m,RUNNING_MPC,0.16202237380510784
|e_y|,m,RUNNING_MPC,0.12104886299035233
|e_y|,m,RUNNING_MPC,0.08739547828613953
|e_y|,m,RUNNING_MPC,0.08490957206763834
|e_y|,m,RUNNING_MPC,0.09808279959137717
|e_y|,m,RUNNING_MPC,0.1205516882332123
|e_y|,m,RUNNING_MPC,0.12447651083495348
|e_y|,m,RUNNING_MPC,0.08925152245389573
|e_y|,m,RUNNING_MPC,0.06869991421129354
|e_y|,m,RUNNING_MPC,0.013133633379054516
|e_y|,m,RUNNING_MPC,0.1052513125481569
|e_y|,m,RUNNING_MPC,0.17360076617239384
|e_y|,m,RUNNING_MPC,0.2203923897188132
|e_y|,m,RUNNING_MPC,0.2286225646231724
|e_y|,m,RUNNING_MPC,0.22092334778086697
|e_y|,m,RUNNING_MPC,0.18970588485584178
|e_y|,m,RUNNING_MPC,0.13986811059943707
|e_y|,m,RUNNING_MPC,0.12077377459148292
|e_y|,m,RUNNING_MPC,0.11808011642413407
|e_y|,m,RUNNING_MPC,0.1375089552553843
|e_y|,m,RUNNING_MPC,0.17135029219946973
|e_y|,m,RUNNING_MPC,0.2247629985994556
|e_y|,m,RUNNING_MPC,0.25303780913085994
|e_y|,m,RUNNING_MPC,0.26410628360926885
|e_y|,m,RUNNING_MPC,0.2524312678081599
|e_y|,m,RUNNING_MPC,0.21308935882385974
|e_y|,m,RUNNING_MPC,0.15541734829150333
|e_y|,m,RUNNING_MPC,0.12262653536868129
|e_y|,m,RUNNING_MPC,0.10828316725270327
|e_y|,m,RUNNING_MPC,0.11686957557835086
|e_y|,m,RUNNING_MPC,0.16822465791395622
|e_y|,m,RUNNING_MPC,0.216274792813927
|e_y|,m,RUNNING_MPC,0.22466494354487276
|e_y|,m,RUNNING_MPC,0.22131893219487542
|e_y|,m,RUNNING_MPC,0.1742973368526564
|e_y|,m,RUNNING_MPC,0.0979610831170234
|e_y|,m,RUNNING_MPC,0.026121959375522474
|e_y|,m,RUNNING_MPC,0.0180540971657741
|e_y|,m,RUNNING_MPC,0.02719274513060793
|e_y|,m,RUNNING_MPC,0.025358310914147086
|e_y|,m,RUNNING_MPC,0.011509558316074642
|e_y|,m,RUNNING_MPC,0.03700860098489837
|e_y|,m,RUNNING_MPC,0.057962653142976356
|e_y|,m,RUNNING_MPC,0.06893582822826039
|e_y|,m,RUNNING_MPC,0.05048545883966943
|e_y|,m,RUNNING_MPC,0.025923742449341314
|e_y|,m,RUNNING_MPC,0.00203880279789697
|e_y|,m,RUNNING_MPC,0.034923795179410605
|e_y|,m,RUNNING_MPC,0.04127675338961423
|e_y|,m,RUNNING_MPC,0.04357910246321339
|e_y|,m,RUNNING_MPC,0.023429838984445256
|e_y|,m,RUNNING_MPC,0.002019218460529104
|e_y|,m,RUNNING_MPC,0.02556239265443605
|e_y|,m,RUNNING_MPC,0.03701881420336578
|e_y|,m,RUNNING_MPC,0.036829895244379074
|e_y|,m,RUNNING_MPC,0.025508471783487946
|e_y|,m,RUNNING_MPC,0.0010219044188484044
|e_y|,m,RUNNING_MPC,0.011051690393118041
|e_y|,m,RUNNING_MPC,0.027280844315773534
|e_y|,m,RUNNING_MPC,0.029914967690647026
|e_y|,m,RUNNING_MPC,0.025483560015748752
|e_y|,m,RUNNING_MPC,0.013808593385999934
|e_y|,m,RUNNING_MPC,0.0011432375194478928
|e_y|,m,RUNNING_MPC,0.005155682808602957
|e_y|,m,RUNNING_MPC,0.010708108429338226
|e_y|,m,RUNNING_MPC,0.008407879368202698
|e_y|,m,RUNNING_MPC,0.0008336133274067341
|e_y|,m,RUNNING_MPC,0.008993941764761815
|e_y|,m,RUNNING_MPC,0.0175177763889926
|e_y|,m,RUNNING_MPC,0.020963139172037536
|e_y|,m,RUNNING_MPC,0.022806823764529582
|e_y|,m,RUNNING_MPC,0.019557004919453863
|e_y|,m,RUNNING_MPC,0.012728910857108089
|e_y|,m,RUNNING_MPC,0.005096015367726969
|e_y|,m,RUNNING_MPC,0.0012140944503355178
|e_y|,m,RUNNING_MPC,0.0048715432288787275
|e_y|,m,RUNNING_MPC,0.0040227501177286795
|e_y|,m,RUNNING_MPC,0.0005654461901483387
|e_y|,m,RUNNING_MPC,0.0045013036683744165
|e_y|,m,RUNNING_MPC,0.009611194635757062
|e_y|,m,RUNNING_MPC,0.014721346653172679
|e_y|,m,RUNNING_MPC,0.020459778230995873
|e_y|,m,RUNNING_MPC,0.021471669269324922
|e_y|,m,RUNNING_MPC,0.01939995904546193
|e_y|,m,RUNNING_MPC,0.014920369158772873
|e_y|,m,RUNNING_MPC,0.009938508116781875
|e_y|,m,RUNNING_MPC,0.008252653459643489
|e_y|,m,RUNNING_MPC,0.005221763083393921
|e_y|,m,RUNNING_MPC,0.006796147551669427
|e_y|,m,RUNNING_MPC,0.011977259712111471
|e_y|,m,RUNNING_MPC,0.014747712011088598
|e_y|,m,RUNNING_MPC,0.016837905967133193
|e_y|,m,RUNNING_MPC,0.01803545898683126
|e_y|,m,RUNNING_MPC,0.01785133840545038
|e_y|,m,RUNNING_MPC,0.01670895033850342
|e_y|,m,RUNNING_MPC,0.016336919426844898
|e_y|,m,RUNNING_MPC,0.016085974959481053
|e_y|,m,RUNNING_MPC,0.016565390087975862
|e_y|,m,RUNNING_MPC,0.017835719066019717
|e_y|,m,RUNNING_MPC,0.018713228429873274
|e_y|,m,RUNNING_MPC,0.018610441276476708
|e_y|,m,RUNNING_MPC,0.016417339976056544
|e_y|,m,RUNNING_MPC,0.014400101419227623
|e_y|,m,RUNNING_MPC,0.011384474847881014
|e_y|,m,RUNNING_MPC,0.009927931083691888
|e_y|,m,RUNNING_MPC,0.009485673464660782
|e_y|,m,RUNNING_MPC,0.010503301505581708
|e_y|,m,RUNNING_MPC,0.012465910238806971
|e_y|,m,RUNNING_MPC,0.01622195856721237
|e_y|,m,RUNNING_MPC,0.01828137201186303
|e_y|,m,RUNNING_MPC,0.020456569139702563
|e_y|,m,RUNNING_MPC,0.021195260303303043
|e_y|,m,RUNNING_MPC,0.021349108042320264
|e_y|,m,RUNNING_MPC,0.020469744981478986
|e_y|,m,RUNNING_MPC,0.020021537069324608
|e_y|,m,RUNNING_MPC,0.020441022244955753
|e_y|,m,RUNNING_MPC,0.021450403989893674
|e_y|,m,RUNNING_MPC,0.02338673840268171
|e_y|,m,RUNNING_MPC,0.02493342421660144
|e_y|,m,RUNNING_MPC,0.026440720290697273
|e_y|,m,RUNNING_MPC,0.02759020844705873
|e_y|,m,RUNNING_MPC,0.02865100082839489
|e_y|,m,RUNNING_MPC,0.02825829219500886
|e_y|,m,RUNNING_MPC,0.02722530447239236
|e_y|,m,RUNNING_MPC,0.02576494726565029
|e_y|,m,RUNNING_MPC,0.024141746397141117
|e_y|,m,RUNNING_MPC,0.023725877046997856
|e_y|,m,RUNNING_MPC,0.022609882764643874
|e_y|,m,RUNNING_MPC,0.024591288952493115
|e_y|,m,RUNNING_MPC,0.025228599772721738
|e_y|,m,RUNNING_MPC,0.025587828997551798
|e_y|,m,RUNNING_MPC,0.025489388975063865
|e_y|,m,RUNNING_MPC,0.0260406239687975
|e_y|,m,RUNNING_MPC,0.026247309708068496
|e_y|,m,RUNNING_MPC,0.026690139442767158
|e_y|,m,RUNNING_MPC,0.02681232611538681
|e_y|,m,RUNNING_MPC,0.02654333369604811
|e_y|,m,RUNNING_MPC,0.026163982214668743
|e_y|,m,RUNNING_MPC,0.025245064741642065
|e_y|,m,RUNNING_MPC,0.02422831090221056
|e_y|,m,RUNNING_MPC,0.024554531336579033
|e_y|,m,RUNNING_MPC,0.02453893417786676
|e_y|,m,RUNNING_MPC,0.02446531173523453
|e_y|,m,RUNNING_MPC,0.02452805073416122
|e_y|,m,RUNNING_MPC,0.025155230014015317
|e_y|,m,RUNNING_MPC,0.025845999652108154
|e_y|,m,RUNNING_MPC,0.027441588333163458
|e_y|,m,RUNNING_MPC,0.02730319807158657
|e_y|,m,RUNNING_MPC,0.029665312176611544
|e_y|,m,RUNNING_MPC,0.030928109872999293
|e_y|,m,RUNNING_MPC,0.032120739384718267
|e_y|,m,RUNNING_MPC,0.03306745956502266
|e_y|,m,RUNNING_MPC,0.034802846480596034
|e_y|,m,RUNNING_MPC,0.036685326002961524
|e_y|,m,RUNNING_MPC,0.03882593734061046
|e_y|,m,RUNNING_MPC,0.04257313985818695
|e_y|,m,RUNNING_MPC,0.043193229971766556
|e_y|,m,RUNNING_MPC,0.045959687111733094
|e_y|,m,RUNNING_MPC,0.046254579271593
|e_y|,m,RUNNING_MPC,0.046135956288787916
|e_y|,m,RUNNING_MPC,0.044713794832890064
|e_y|,m,RUNNING_MPC,0.04429989008316834
|e_y|,m,RUNNING_MPC,0.04457569080511212
|e_y|,m,RUNNING_MPC,0.04612202515759513
|e_y|,m,RUNNING_MPC,0.04765247776275097
|e_y|,m,RUNNING_MPC,0.04899472246794101
|e_y|,m,RUNNING_MPC,0.04899506536817405
|e_y|,m,RUNNING_MPC,0.045535531278844035
|e_y|,m,RUNNING_MPC,0.04191524438617447
|e_y|,m,RUNNING_MPC,0.035584734165974685
|e_y|,m,RUNNING_MPC,0.03247044918281916
|e_y|,m,RUNNING_MPC,0.030857694441608588
|e_y|,m,RUNNING_MPC,0.02959975212241625
|e_y|,m,RUNNING_MPC,0.027725752375519108
|e_y|,m,RUNNING_MPC,0.02663580109495446
|e_y|,m,RUNNING_MPC,0.02596021352403699
|e_y|,m,RUNNING_MPC,0.02665455066570277
|e_y|,m,RUNNING_MPC,0.028135453980530273
|e_y|,m,RUNNING_MPC,0.03216843851006307
|e_y|,m,RUNNING_MPC,0.04014020603055662
|e_y|,m,RUNNING_MPC,0.04629343689297172
|e_y|,m,RUNNING_MPC,0.050090421274458244
|e_y|,m,RUNNING_MPC,0.05097989727140739
|e_y|,m,RUNNING_MPC,0.04835323087947016
|e_y|,m,RUNNING_MPC,0.03815658036910802
|e_y|,m,RUNNING_MPC,0.026146624192079786
|e_y|,m,RUNNING_MPC,0.008239952530539107
|e_y|,m,RUNNING_MPC,0.0003134520309929223
|e_y|,m,RUNNING_MPC,0.006489927979422383
|e_y|,m,RUNNING_MPC,0.00418597429874229
|e_y|,m,RUNNING_MPC,0.004104607394616544
|e_y|,m,RUNNING_MPC,0.016041815725699626
|e_y|,m,RUNNING_MPC,0.04038247999937217
|e_y|,m,RUNNING_MPC,0.06371854133599303
|e_y|,m,RUNNING_MPC,0.0733037580248365
|e_y|,m,RUNNING_MPC,0.07910583681612396
|e_y|,m,RUNNING_MPC,0.07676438516990468
|e_y|,m,RUNNING_MPC,0.07492615070772418
|e_y|,m,RUNNING_MPC,0.06348384102378613
|e_y|,m,RUNNING_MPC,0.047930307468536715
|e_y|,m,RUNNING_MPC,0.03358679428917022
|e_y|,m,RUNNING_MPC,0.028740671370560578
|e_y|,m,RUNNING_MPC,0.024952223593817463
|e_y|,m,RUNNING_MPC,0.026611755646742508
|e_y|,m,RUNNING_MPC,0.03833855807046598
|e_y|,m,RUNNING_MPC,0.05305336365547486
|e_y|,m,RUNNING_MPC,0.0786175306963221
|e_y|,m,RUNNING_MPC,0.10007767727268596
|e_y|,m,RUNNING_MPC,0.11826624872790174
|e_y|,m,RUNNING_MPC,0.1361945535595665
|e_y|,m,RUNNING_MPC,0.14605594218540174
|e_y|,m,RUNNING_MPC,0.14208447102196348
|e_y|,m,RUNNING_MPC,0.12424426314586606
|e_y|,m,RUNNING_MPC,0.09595980838450917
|e_y|,m,RUNNING_MPC,0.04153200847506003
|e_y|,m,RUNNING_MPC,0.0029567975918797784
|e_y|,m,RUNNING_MPC,0.01835602394869812
|e_y|,m,RUNNING_MPC,0.014016569079314797
|e_y|,m,RUNNING_MPC,0.023520756610841242
|e_y|,m,RUNNING_MPC,0.10652685422438046
|e_y|,m,RUNNING_MPC,0.17150451926223675
|e_y|,m,RUNNING_MPC,0.23828640900351172
|e_y|,m,RUNNING_MPC,0.24972822088648267
|e_y|,m,RUNNING_MPC,0.2564017571420426
|e_y|,m,RUNNING_MPC,0.23930958121971152
|e_y|,m,RUNNING_MPC,0.1991217815377969
|e_y|,m,RUNNING_MPC,0.1507999118111603
|e_y|,m,RUNNING_MPC,0.09790338439215511
|e_y|,m,RUNNING_MPC,0.05685128042266281
|e_y|,m,RUNNING_MPC,0.015610634056714118
|e_y|,m,RUNNING_MPC,0.02497642431636971
|e_y|,m,RUNNING_MPC,0.0395117295988134
|e_y|,m,RUNNING_MPC,0.04579505067707959
|e_y|,m,RUNNING_MPC,0.036276762729145706
|e_y|,m,RUNNING_MPC,0.021351198904857177
|e_y|,m,RUNNING_MPC,0.025992590263512
|e_y|,m,RUNNING_MPC,0.06658684153137073
|e_y|,m,RUNNING_MPC,0.1077571644228191
|e_y|,m,RUNNING_MPC,0.14406416929495283
|e_y|,m,RUNNING_MPC,0.17605484711428576
|e_y|,m,RUNNING_MPC,0.21072733969622004
|e_y|,m,RUNNING_MPC,0.2264401316455585
|e_y|,m,RUNNING_MPC,0.2356396687586156
|e_y|,m,RUNNING_MPC,0.23636482326665958
|e_y|,m,RUNNING_MPC,0.21311340817120358
|e_y|,m,RUNNING_MPC,0.19037826727167634
|e_y|,m,RUNNING_MPC,0.15007545522608318
|e_y|,m,RUNNING_MPC,0.12347318712409344
|e_y|,m,RUNNING_MPC,0.09755532596156298
|e_y|,m,RUNNING_MPC,0.08397345262676598
|e_y|,m,RUNNING_MPC,0.08189252530390562
|e_y|,m,RUNNING_MPC,0.0978377166258515
|e_y|,m,RUNNING_MPC,0.11823652227491455
|e_y|,m,RUNNING_MPC,0.12951160336269738
|e_y|,m,RUNNING_MPC,0.13726875337100367
|e_y|,m,RUNNING_MPC,0.1448906979567822
|e_y|,m,RUNNING_MPC,0.16438369505113626
|e_y|,m,RUNNING_MPC,0.19598557985704124
|e_y|,m,RUNNING_MPC,0.22021678735610958
|e_y|,m,RUNNING_MPC,0.21047552232533576
|e_y|,m,RUNNING_MPC,0.15364456744017452
|e_y|,m,RUNNING_MPC,0.11113202381775156
|e_y|,m,RUNNING_MPC,0.10480687699705762
|e_y|,m,RUNNING_MPC,0.13363161484399053
|e_y|,m,RUNNING_MPC,0.17327717735259
|e_y|,m,RUNNING_MPC,0.2207362538460152
|e_y|,m,RUNNING_MPC,0.24862213310225376
|e_y|,m,RUNNING_MPC,0.2572253950199265
|e_y|,m,RUNNING_MPC,0.24420425091348025
|e_y|,m,RUNNING_MPC,0.20207072734909282
|e_y|,m,RUNNING_MPC,0.15880415350087337
|e_y|,m,RUNNING_MPC,0.11380329283822277
|e_y|,m,RUNNING_MPC,0.06419956927926025
|e_y|,m,RUNNING_MPC,0.0312196869256241
|e_y|,m,RUNNING_MPC,0.017963429061175873
|e_y|,m,RUNNING_MPC,0.019163140970541552
|e_y|,m,RUNNING_MPC,0.031739036093445194
|e_y|,m,RUNNING_MPC,0.04942685007632538
|e_y|,m,RUNNING_MPC,0.07578081163096764
|e_y|,m,RUNNING_MPC,0.09319335401945977
|e_y|,m,RUNNING_MPC,0.0828882462121662
|e_y|,m,RUNNING_MPC,0.03427334931560201
|e_y|,m,RUNNING_MPC,0.029580960458187033
|e_y|,m,RUNNING_MPC,0.12162318377775022
|e_y|,m,RUNNING_MPC,0.20556999041221016
|e_y|,m,RUNNING_MPC,0.25425109850852917
|e_y|,m,RUNNING_MPC,0.25657560119832235
|e_y|,m,RUNNING_MPC,0.2007425112878173
|e_y|,m,RUNNING_MPC,0.13874676840353314
|e_y|,m,RUNNING_MPC,0.04347016427877293
|e_y|,m,RUNNING_MPC,0.007671356032730912
|e_y|,m,RUNNING_MPC,0.02269466988573493
|e_y|,m,RUNNING_MPC,0.004399548009571715
|e_y|,m,RUNNING_MPC,0.04378912453546829
|e_y|,m,RUNNING_MPC,0.10241177754425757
|e_y|,m,RUNNING_MPC,0.15472731386764693
|e_y|,m,RUNNING_MPC,0.18362373456008502
|e_y|,m,RUNNING_MPC,0.1793910193112257
|e_y|,m,RUNNING_MPC,0.16886931452756093
|e_y|,m,RUNNING_MPC,0.116894998435981
|e_y|,m,RUNNING_MPC,0.04929097058720475
|e_y|,m,RUNNING_MPC,0.0027215512269510023
|e_y|,m,RUNNING_MPC,0.03567067494683934
|e_y|,m,RUNNING_MPC,0.04203698548716529
|e_y|,m,RUNNING_MPC,0.027565885709732826
|e_y|,m,RUNNING_MPC,0.021415261905786243
|e_y|,m,RUNNING_MPC,0.07686132269556831
|e_y|,m,RUNNING_MPC,0.10514608844319664
|e_y|,m,RUNNING_MPC,0.12182931413398325
|e_y|,m,RUNNING_MPC,0.11679149832878576
|e_y|,m,RUNNING_MPC,0.09917255367315309
|e_y|,m,RUNNING_MPC,0.06685215060135469
|e_y|,m,RUNNING_MPC,0.03335690860528906
|e_y|,m,RUNNING_MPC,0.016618714068708684
|e_y|,m,RUNNING_MPC,0.001677913918372076
|e_y|,m,RUNNING_MPC,0.006790011751530781
|e_y|,m,RUNNING_MPC,0.0006954146624339047
|e_y|,m,RUNNING_MPC,0.01246940991352928
|e_y|,m,RUNNING_MPC,0.023516629284994317
|e_y|,m,RUNNING_MPC,0.03442571225340891
|e_y|,m,RUNNING_MPC,0.04139505109739655
|e_y|,m,RUNNING_MPC,0.04404163000625995
|e_y|,m,RUNNING_MPC,0.04442103298458877
|e_y|,m,RUNNING_MPC,0.043365843589188324
|e_y|,m,RUNNING_MPC,0.036743636513943356
|e_y|,m,RUNNING_MPC,0.030189819258827535
|e_y|,m,RUNNING_MPC,0.020829297766564947
|e_y|,m,RUNNING_MPC,0.011113066386993747
|e_y|,m,RUNNING_MPC,0.004802804661300328
|e_y|,m,RUNNING_MPC,0.00045923761044974754
|e_y|,m,RUNNING_MPC,0.0006419714526780668
|e_y|,m,RUNNING_MPC,0.0036256874772694903
|e_y|,m,RUNNING_MPC,0.007427722429368455
|e_y|,m,RUNNING_MPC,0.012299476681410348
|e_y|,m,RUNNING_MPC,0.016618656038488985
|e_y|,m,RUNNING_MPC,0.0192311143387333
|e_y|,m,RUNNING_MPC,0.020870918221822674
|e_y|,m,RUNNING_MPC,0.021595488708485877
|e_y|,m,RUNNING_MPC,0.02144953434584998
|e_y|,m,RUNNING_MPC,0.020761049526530087
|e_y|,m,RUNNING_MPC,0.01939552346227086
|e_y|,m,RUNNING_MPC,0.018771851287049335
|e_y|,m,RUNNING_MPC,0.018224409828121846
|e_y|,m,RUNNING_MPC,0.017917222086704043
|e_y|,m,RUNNING_MPC,0.017694481582646
|e_y|,m,RUNNING_MPC,0.017205181167201246
|e_y|,m,RUNNING_MPC,0.016772986290650188
|e_y|,m,RUNNING_MPC,0.016149681593961518
|e_y|,m,RUNNING_MPC,0.015438191317041883
|e_y|,m,RUNNING_MPC,0.015062715431665596
|e_y|,m,RUNNING_MPC,0.013846039539419305
|e_y|,m,RUNNING_MPC,0.012534113175003164
|e_y|,m,RUNNING_MPC,0.0111607759950193
|e_y|,m,RUNNING_MPC,0.009891688021083644
|e_y|,m,RUNNING_MPC,0.008071685118552559
|e_y|,m,RUNNING_MPC,0.006139783528942455
|e_y|,m,RUNNING_MPC,0.00440068927758186
|e_y|,m,RUNNING_MPC,0.002282166733625024
|e_y|,m,RUNNING_MPC,0.0004897905085993609
|e_y|,m,RUNNING_MPC,0.0015617651815683087
|e_y|,m,RUNNING_MPC,0.003752465196974253
|e_y|,m,RUNNING_MPC,0.0062356172482110755
|e_y|,m,RUNNING_MPC,0.007919023231719335
|e_y|,m,RUNNING_MPC,0.012813496850890727
|e_y|,m,RUNNING_MPC,0.02004625404612681
|e_y|,m,RUNNING_MPC,0.025503219049905712
|e_y|,m,RUNNING_MPC,0.03465731307573977
|e_y|,m,RUNNING_MPC,0.04950359264433932
|e_y|,m,RUNNING_MPC,0.05367070563472176
|e_y|,m,RUNNING_MPC,0.07192095250768124
|e_y|,m,RUNNING_MPC,0.09450140141397302
|e_y|,m,RUNNING_MPC,0.1083507907252344
|e_y|,m,RUNNING_MPC,0.11857933060768683
|e_y|,m,RUNNING_MPC,0.13909102928241576
|e_y|,m,RUNNING_MPC,0.1477392110176883
|e_y|,m,RUNNING_MPC,0.15929115004184946
|e_y|,m,RUNNING_MPC,0.1831232632758509
|e_y|,m,RUNNING_MPC,0.2000952122939432
|e_y|,m,RUNNING_MPC,0.2006273649769444
|e_y|,m,RUNNING_MPC,0.22559676324831665
|e_y|,m,RUNNING_MPC,0.24632536716228642
|e_y|,m,RUNNING_MPC,0.2597379460289538
|e_y|,m,RUNNING_MPC,0.2663847129255775
|e_y|,m,RUNNING_MPC,0.2946503716551074
|e_y|,m,RUNNING_MPC,0.3147251004020159
|e_y|,m,RUNNING_MPC,0.3248536347301844
|e_y|,m,RUNNING_MPC,0.3279088033358869
|e_y|,m,RUNNING_MPC,0.37131176411161176
|e_y|,m,RUNNING_MPC,0.3956258049622871
|e_y|,m,RUNNING_MPC,0.422511635797382
|e_y|,m,RUNNING_MPC,0.41889133381637605
|e_y|,m,RUNNING_MPC,0.4098221293234879
|e_y|,m,RUNNING_MPC,0.39083436864526444
|e_y|,m,RUNNING_MPC,0.3688769777841281
|e_y|,m,RUNNING_MPC,0.33473463144120413
|e_y|,m,RUNNING_MPC,0.3056133453820317
|e_y|,m,RUNNING_MPC,0.27430154988287503
|e_y|,m,RUNNING_MPC,0.24174729240952136
|e_y|,m,RUNNING_MPC,0.21126784325068934
|e_y|,m,RUNNING_MPC,0.164204887074627
|e_y|,m,RUNNING_MPC,0.10826137268563929
|e_y|,m,RUNNING_MPC,0.046243300667643095
|e_y|,m,RUNNING_MPC,0.014113079710556573
|e_y|,m,RUNNING_MPC,0.04695019956741009
|e_y|,m,RUNNING_MPC,0.07560952533860502
|e_y|,m,RUNNING_MPC,0.09689283377005442
|e_y|,m,RUNNING_MPC,0.11370506399963122
|e_y|,m,RUNNING_MPC,0.12168010273845821
|e_y|,m,RUNNING_MPC,0.12354116081269781
|e_y|,m,RUNNING_MPC,0.12305668511670918
|e_y|,m,RUNNING_MPC,0.12181473280416352
|e_y|,m,RUNNING_MPC,0.12235231071923552
|e_y|,m,RUNNING_MPC,0.1204900504705197
|e_y|,m,RUNNING_MPC,0.1339104423472574
|e_y|,m,RUNNING_MPC,0.13731337973946164
|e_y|,m,RUNNING_MPC,0.16628187763976995
|e_y|,m,RUNNING_MPC,0.18168975380789043
|e_y|,m,RUNNING_MPC,0.22788671205065336
|e_y|,m,RUNNING_MPC,0.24846313733421305
|e_y|,m,RUNNING_MPC,0.2712062484846513
|e_y|,m,RUNNING_MPC,0.2801316070140476
|e_y|,m,RUNNING_MPC,0.27353263864504285
|e_y|,m,RUNNING_MPC,0.2529615836679829
|e_y|,m,RUNNING_MPC,0.21935280146521255
|e_y|,m,RUNNING_MPC,0.1766612360172946
|e_y|,m,RUNNING_MPC,0.13677016164649505
|e_y|,m,RUNNING_MPC,0.09918752321734475
|e_y|,m,RUNNING_MPC,0.06911623326775303
|e_y|,m,RUNNING_MPC,0.049186890944675904
|e_y|,m,RUNNING_MPC,0.03255957610375032
|e_y|,m,RUNNING_MPC,0.02742304180486352
|e_y|,m,RUNNING_MPC,0.026487246804566766
|e_y|,m,RUNNING_MPC,0.03168531295719293
|e_y|,m,RUNNING_MPC,0.029045802651338604
|e_y|,m,RUNNING_MPC,0.04119387669757804
|e_y|,m,RUNNING_MPC,0.038190414849118615
|e_y|,m,RUNNING_MPC,0.03536361841441954
|e_y|,m,RUNNING_MPC,0.030071033267806052
|e_y|,m,RUNNING_MPC,0.010094983266332791
|e_y|,m,RUNNING_MPC,0.00553459703258341
|e_y|,m,RUNNING_MPC,0.037532008163183084
|e_y|,m,RUNNING_MPC,0.05941785291644067
|e_y|,m,RUNNING_MPC,0.11760649123479883
|e_y|,m,RUNNING_MPC,0.17710878952177134
|e_y|,m,RUNNING_MPC,0.22530685701608666
|e_y|,m,RUNNING_MPC,0.2535678127878397
|e_y|,m,RUNNING_MPC,0.2572741409089826
|e_y|,m,RUNNING_MPC,0.24373374775688256
|e_y|,m,RUNNING_MPC,0.20365038094371546
|e_y|,m,RUNNING_MPC,0.16642031468498603
|e_y|,m,RUNNING_MPC,0.12883056532046147
|e_y|,m,RUNNING_MPC,0.11286054791922495
|e_y|,m,RUNNING_MPC,0.08135543075073415
|e_y|,m,RUNNING_MPC,0.0839844180968704
|e_y|,m,RUNNING_MPC,0.09522469615134019
|e_y|,m,RUNNING_MPC,0.12732408608056955
|e_y|,m,RUNNING_MPC,0.15174164254774397
|e_y|,m,RUNNING_MPC,0.15784155077551823
|e_y|,m,RUNNING_MPC,0.14933924917251495
|e_y|,m,RUNNING_MPC,0.12322733029289223
|e_y|,m,RUNNING_MPC,0.09522291983256001
|e_y|,m,RUNNING_MPC,0.063194510363008
|e_y|,m,RUNNING_MPC,0.044750093848617056
|e_y|,m,RUNNING_MPC,0.03737911301212468
|e_y|,m,RUNNING_MPC,0.04037770379828856
|e_y|,m,RUNNING_MPC,0.05506088593885816
|e_y|,m,RUNNING_MPC,0.06997797587477932
|e_y|,m,RUNNING_MPC,0.08701348720033664
|e_y|,m,RUNNING_MPC,0.09442748892499528
|e_y|,m,RUNNING_MPC,0.09912672685251994
|e_y|,m,RUNNING_MPC,0.09678377960170031
|e_y|,m,RUNNING_MPC,0.08580859677341365
|e_y|,m,RUNNING_MPC,0.07794990133188828
|e_y|,m,RUNNING_MPC,0.06818960692791826
|e_y|,m,RUNNING_MPC,0.05755834364590262
|e_y|,m,RUNNING_MPC,0.05226053125253548
|e_y|,m,RUNNING_MPC,0.04920336630151591
|e_y|,m,RUNNING_MPC,0.047789031671237214
|e_y|,m,RUNNING_MPC,0.05202097621331456
|e_y|,m,RUNNING_MPC,0.05553787034985516
|e_y|,m,RUNNING_MPC,0.057522473167929626
|e_y|,m,RUNNING_MPC,0.06327216293346763
|e_y|,m,RUNNING_MPC,0.07025792827620617
|e_y|,m,RUNNING_MPC,0.07643336959652024
|e_y|,m,RUNNING_MPC,0.07918320514362592
|e_y|,m,RUNNING_MPC,0.07972245238414125
|e_y|,m,RUNNING_MPC,0.07526676577903521
|e_y|,m,RUNNING_MPC,0.0688363313863071
|e_y|,m,RUNNING_MPC,0.05560074169976279
|e_y|,m,RUNNING_MPC,0.050678245272982425
|e_y|,m,RUNNING_MPC,0.042300501616937145
|e_y|,m,RUNNING_MPC,0.05594443972392435
|e_y|,m,RUNNING_MPC,0.05901982679392673
|e_y|,m,RUNNING_MPC,0.07118884355067362
|e_y|,m,RUNNING_MPC,0.08178864411062792
|e_y|,m,RUNNING_MPC,0.10931363025559786
|e_y|,m,RUNNING_MPC,0.1570286930136486
|e_y|,m,RUNNING_MPC,0.20044819638529082
|e_y|,m,RUNNING_MPC,0.23357476536471217
|e_y|,m,RUNNING_MPC,0.2557898940082325
|e_y|,m,RUNNING_MPC,0.26034081132300235
|e_y|,m,RUNNING_MPC,0.2512336446326353
|e_y|,m,RUNNING_MPC,0.21335902061238018
|e_y|,m,RUNNING_MPC,0.17309969903300632
|e_y|,m,RUNNING_MPC,0.15095170476983805
|e_y|,m,RUNNING_MPC,0.12683053610130052
|e_y|,m,RUNNING_MPC,0.12638136774321884
|e_y|,m,RUNNING_MPC,0.13895796200299654
|e_y|,m,RUNNING_MPC,0.15729911344776143
|e_y|,m,RUNNING_MPC,0.18064659290329427
|e_y|,m,RUNNING_MPC,0.1951864088986187
|e_y|,m,RUNNING_MPC,0.20217841040978607
|e_y|,m,RUNNING_MPC,0.19834877482048546
|e_y|,m,RUNNING_MPC,0.1871490672547434
|e_y|,m,RUNNING_MPC,0.14611705892874566
|e_y|,m,RUNNING_MPC,0.1196748284193618
|e_y|,m,RUNNING_MPC,0.06566736952655544
|e_y|,m,RUNNING_MPC,0.043449988461381844
|e_y|,m,RUNNING_MPC,0.020303551261416836
|e_y|,m,RUNNING_MPC,0.016101771855223428
|e_y|,m,RUNNING_MPC,0.026639338067525442
|e_y|,m,RUNNING_MPC,0.04053845243331253
|e_y|,m,RUNNING_MPC,0.057322286597027344
|e_y|,m,RUNNING_MPC,0.06559524333133673
|e_y|,m,RUNNING_MPC,0.06614641993696718
|e_y|,m,RUNNING_MPC,0.05578594209760618
|e_y|,m,RUNNING_MPC,0.04225291178447062
|e_y|,m,RUNNING_MPC,0.022310769058759367
|e_y|,m,RUNNING_MPC,0.009538612938853427
|e_y|,m,RUNNING_MPC,0.0013649844266920563
|e_y|,m,RUNNING_MPC,0.005570598574094476
|e_y|,m,RUNNING_MPC,0.012467921413416627
|e_y|,m,RUNNING_MPC,0.026646520755042258
|e_y|,m,RUNNING_MPC,0.0315213528848039
|e_y|,m,RUNNING_MPC,0.03010070289147132
|e_y|,m,RUNNING_MPC,0.022132624320805705
|e_y|,m,RUNNING_MPC,0.013570369290720086
|e_y|,m,RUNNING_MPC,0.0036817600662588656
|e_y|,m,RUNNING_MPC,0.0010048974744427674
|e_y|,m,RUNNING_MPC,0.0018823575542194493
|e_y|,m,RUNNING_MPC,0.002639004430518843
|e_y|,m,RUNNING_MPC,0.00938003564872375
|e_y|,m,RUNNING_MPC,0.017102162548742972
|e_y|,m,RUNNING_MPC,0.024172413916642543
|e_y|,m,RUNNING_MPC,0.03002130479388665
|e_y|,m,RUNNING_MPC,0.031223437791447567
|e_y|,m,RUNNING_MPC,0.028907761246917945
|e_y|,m,RUNNING_MPC,0.021792924331490826
|e_y|,m,RUNNING_MPC,0.012627313887654812
|e_y|,m,RUNNING_MPC,0.0043447401764508675
|e_y|,m,RUNNING_MPC,0.0006426850250196292
|e_y|,m,RUNNING_MPC,0.0004829329874212959
|e_y|,m,RUNNING_MPC,0.0059075091421873505
|e_y|,m,RUNNING_MPC,0.010752303662876925
|e_y|,m,RUNNING_MPC,0.01749462111840444
|e_y|,m,RUNNING_MPC,0.0219163739014078
|e_y|,m,RUNNING_MPC,0.024250694437661757
|e_y|,m,RUNNING_MPC,0.02258299993538143
|e_y|,m,RUNNING_MPC,0.017829255168854863
|e_y|,m,RUNNING_MPC,0.01251090768380142
|e_y|,m,RUNNING_MPC,0.008662440842785862
|e_y|,m,RUNNING_MPC,0.003519909697419224
|e_y|,m,RUNNING_MPC,0.0030744284257002152
|e_y|,m,RUNNING_MPC,0.004330457665284448
|e_y|,m,RUNNING_MPC,0.009674687734953169
|e_y|,m,RUNNING_MPC,0.015505729638277677
|e_y|,m,RUNNING_MPC,0.018993293692169844
|e_y|,m,RUNNING_MPC,0.021020915507264204
|e_y|,m,RUNNING_MPC,0.021479824238605408
|e_y|,m,RUNNING_MPC,0.020602694619515693
|e_y|,m,RUNNING_MPC,0.016056900441248023
|e_y|,m,RUNNING_MPC,0.007111574034654178
|e_y|,m,RUNNING_MPC,0.0008450716835197991
|e_y|,m,RUNNING_MPC,0.0020631675812091965
|e_y|,m,RUNNING_MPC,0.012387583954868345
|e_y|,m,RUNNING_MPC,0.00859247532802676
|e_y|,m,RUNNING_MPC,0.01153336528660115
|e_y|,m,RUNNING_MPC,0.013255029908304045
|e_y|,m,RUNNING_MPC,0.04665217384067427
|e_y|,m,RUNNING_MPC,0.0733322912760511
|e_y|,m,RUNNING_MPC,0.07473052125272878
|e_y|,m,RUNNING_MPC,0.05622597529148351
|e_y|,m,RUNNING_MPC,0.03164880585624941
|e_y|,m,RUNNING_MPC,0.002538668666723115
|e_y|,m,RUNNING_MPC,0.030841216914333835
|e_y|,m,RUNNING_MPC,0.04561511551675429
|e_y|,m,RUNNING_MPC,0.04475557901622135
|e_y|,m,RUNNING_MPC,0.029474222171459896
|e_y|,m,RUNNING_MPC,0.006099075957596012
|e_y|,m,RUNNING_MPC,0.011306368871867367
|e_y|,m,RUNNING_MPC,0.024061600770669822
|e_y|,m,RUNNING_MPC,0.023751580465484368
|e_y|,m,RUNNING_MPC,0.014704745886140402
|e_y|,m,RUNNING_MPC,0.0032168557120702546
|e_y|,m,RUNNING_MPC,0.021365809653350998
|e_y|,m,RUNNING_MPC,0.03192420622519522
|e_y|,m,RUNNING_MPC,0.03723433259512732
|e_y|,m,RUNNING_MPC,0.033797736735994635
|e_y|,m,RUNNING_MPC,0.02405708877231283
|e_y|,m,RUNNING_MPC,0.011893204995513398
|e_y|,m,RUNNING_MPC,0.0007289215187732123
|e_y|,m,RUNNING_MPC,0.006088463013803502
|e_y|,m,RUNNING_MPC,0.007175263249999508
|e_y|,m,RUNNING_MPC,0.00419354640127291
|e_y|,m,RUNNING_MPC,0.0024293331891464542
|e_y|,m,RUNNING_MPC,0.009581235921180264
|e_y|,m,RUNNING_MPC,0.013779275591058932
|e_y|,m,RUNNING_MPC,0.017166017886402263
|e_y|,m,RUNNING_MPC,0.019578842577997135
|e_y|,m,RUNNING_MPC,0.02217348514549125
|e_y|,m,RUNNING_MPC,0.020759133119340356
|e_y|,m,RUNNING_MPC,0.017007563205876347
|e_y|,m,RUNNING_MPC,0.009392993393170235
|e_y|,m,RUNNING_MPC,0.0012095402807792421
|e_y|,m,RUNNING_MPC,0.014080611655576392
|e_y|,m,RUNNING_MPC,0.02561887045225622
|e_y|,m,RUNNING_MPC,0.035437751320820124
|e_y|,m,RUNNING_MPC,0.04613373082049277
|e_y|,m,RUNNING_MPC,0.049869530325503036
|e_y|,m,RUNNING_MPC,0.05355351119668536
|e_y|,m,RUNNING_MPC,0.05308666836364928
|e_y|,m,RUNNING_MPC,0.055666755972002435
|e_y|,m,RUNNING_MPC,0.057291450016210665
|e_y|,m,RUNNING_MPC,0.05599176420976615
|e_y|,m,RUNNING_MPC,0.056313630465666425
|e_y|,m,RUNNING_MPC,0.0532492406135507
|e_y|,m,RUNNING_MPC,0.05294385872517368
|e_y|,m,RUNNING_MPC,0.04971997032140294
|e_y|,m,RUNNING_MPC,0.05173333982877357
|e_y|,m,RUNNING_MPC,0.05427600892394451
|e_y|,m,RUNNING_MPC,0.07486062477800035
|e_y|,m,RUNNING_MPC,0.10415546445271817
|e_y|,m,RUNNING_MPC,0.11864792843579422
|e_y|,m,RUNNING_MPC,0.18270266042205466
|e_y|,m,RUNNING_MPC,0.21687456504910957
|e_y|,m,RUNNING_MPC,0.24176013067228047
|e_y|,m,RUNNING_MPC,0.2516332109491538
|e_y|,m,RUNNING_MPC,0.2504291545827036
|e_y|,m,RUNNING_MPC,0.23121739239748484
|e_y|,m,RUNNING_MPC,0.2147327762162961
|e_y|,m,RUNNING_MPC,0.188611464168217
|e_y|,m,RUNNING_MPC,0.16958747475545097
|e_y|,m,RUNNING_MPC,0.16601231253139603
|e_y|,m,RUNNING_MPC,0.17180533382431046
|e_y|,m,RUNNING_MPC,0.18420323912019357
|e_y|,m,RUNNING_MPC,0.21042055376413057
|e_y|,m,RUNNING_MPC,0.24220016672334885
|e_y|,m,RUNNING_MPC,0.2665029561353963
|e_y|,m,RUNNING_MPC,0.28585387115348165
|e_y|,m,RUNNING_MPC,0.28886873757653014
|e_y|,m,RUNNING_MPC,0.2820292178798653
|e_y|,m,RUNNING_MPC,0.2671125925835781
|e_y|,m,RUNNING_MPC,0.24046505815748487
|e_y|,m,RUNNING_MPC,0.21540545240607153
|e_y|,m,RUNNING_MPC,0.18881916965534443
|e_y|,m,RUNNING_MPC,0.17471104229609954
|e_y|,m,RUNNING_MPC,0.16544251784345776
|e_y|,m,RUNNING_MPC,0.1645573159975257
|e_y|,m,RUNNING_MPC,0.17033186534531441
|e_y|,m,RUNNING_MPC,0.17395731924245422
|e_y|,m,RUNNING_MPC,0.1767016414451137
|e_y|,m,RUNNING_MPC,0.1661580471298093
|e_y|,m,RUNNING_MPC,0.14714391365163024
|e_y|,m,RUNNING_MPC,0.11166450886203998
|e_y|,m,RUNNING_MPC,0.07644516104502427
|e_y|,m,RUNNING_MPC,0.030587020768324702
|e_y|,m,RUNNING_MPC,0.004948336390851776
|e_y|,m,RUNNING_MPC,0.038102418315936845
|e_y|,m,RUNNING_MPC,0.057691545925657825
|e_y|,m,RUNNING_MPC,0.06568916267098694
|e_y|,m,RUNNING_MPC,0.0661578121494116
|e_y|,m,RUNNING_MPC,0.06077938240427344
|e_y|,m,RUNNING_MPC,0.05641233627035877
|e_y|,m,RUNNING_MPC,0.0591584371768796
|e_y|,m,RUNNING_MPC,0.08505317543398193
|e_y|,m,RUNNING_MPC,0.1343704532971511
|e_y|,m,RUNNING_MPC,0.17931925227335144
|e_y|,m,RUNNING_MPC,0.22751780299755672
|e_y|,m,RUNNING_MPC,0.26023647479180556
|e_y|,m,RUNNING_MPC,0.2717522921431514
|e_y|,m,RUNNING_MPC,0.27202445487355686
|e_y|,m,RUNNING_MPC,0.25308359927010754
|e_y|,m,RUNNING_MPC,0.22824808713146455
|e_y|,m,RUNNING_MPC,0.1942879899715128
|e_y|,m,RUNNING_MPC,0.17324567546383474
|e_y|,m,RUNNING_MPC,0.17414512606868807
|e_y|,m,RUNNING_MPC,0.1997664001621959
|e_y|,m,RUNNING_MPC,0.22959525849619097
|e_y|,m,RUNNING_MPC,0.30271916199373206
|e_y|,m,RUNNING_MPC,0.3562966474829776
|e_y|,m,RUNNING_MPC,0.4036732315872549
|e_y|,m,RUNNING_MPC,0.41389765596805717
|e_y|,m,RUNNING_MPC,0.3857194306010801
|e_y|,m,RUNNING_MPC,0.33626287410191796
|e_y|,m,RUNNING_MPC,0.2578796574692408
|e_y|,m,RUNNING_MPC,0.2115207045288318
|e_y|,m,RUNNING_MPC,0.1361759174689892
|e_y|,m,RUNNING_MPC,0.1085767341044977
|e_y|,m,RUNNING_MPC,0.11258891710234664
|e_y|,m,RUNNING_MPC,0.16102519138183452
|e_y|,m,RUNNING_MPC,0.2123086691560655
|e_y|,m,RUNNING_MPC,0.28209471670758046
|e_y|,m,RUNNING_MPC,0.33344464585862377
|e_y|,m,RUNNING_MPC,0.3443317504680174
|e_y|,m,RUNNING_MPC,0.3191050166169978
|e_y|,m,RUNNING_MPC,0.2516323704238832
|e_y|,m,RUNNING_MPC,0.1660199728141905
|e_y|,m,RUNNING_MPC,0.08828187573288043
|e_y|,m,RUNNING_MPC,0.03859933648557534
|e_y|,m,RUNNING_MPC,0.02884316865837322
|e_y|,m,RUNNING_MPC,0.05463288115279291
|e_y|,m,RUNNING_MPC,0.1010894238741244
|e_y|,m,RUNNING_MPC,0.20457411706965548
|e_y|,m,RUNNING_MPC,0.28884517317606706
|e_y|,m,RUNNING_MPC,0.3364227224577852
|e_y|,m,RUNNING_MPC,0.3355683450572881
|e_y|,m,RUNNING_MPC,0.299065518365845
|e_y|,m,RUNNING_MPC,0.1970560692430831
|e_y|,m,RUNNING_MPC,0.09729741791265006
|e_y|,m,RUNNING_MPC,0.028301741046686035
|e_y|,m,RUNNING_MPC,0.02594379200013249
|e_y|,m,RUNNING_MPC,0.038631146380792486
|e_y|,m,RUNNING_MPC,0.02251644654499163
|e_y|,m,RUNNING_MPC,0.01828941198891937
|e_y|,m,RUNNING_MPC,0.06370126674698659
|e_y|,m,RUNNING_MPC,0.09664254753146814
|e_y|,m,RUNNING_MPC,0.10893128877095049
|e_y|,m,RUNNING_MPC,0.1028680649078208
|e_y|,m,RUNNING_MPC,0.08568046344405594
|e_y|,m,RUNNING_MPC,0.05642556849301955
|e_y|,m,RUNNING_MPC,0.022390164676497196
|e_y|,m,RUNNING_MPC,0.002261063454754797
|e_y|,m,RUNNING_MPC,0.005598886979376189
|e_y|,m,RUNNING_MPC,0.007036461042672804
|e_y|,m,RUNNING_MPC,0.0015379796133518642
|e_y|,m,RUNNING_MPC,0.006541379549581339
|e_y|,m,RUNNING_MPC,0.012646824261209888
|e_y|,m,RUNNING_MPC,0.019261246441881312
|e_y|,m,RUNNING_MPC,0.02120530376481644
|e_y|,m,RUNNING_MPC,0.019784403160605424
|e_y|,m,RUNNING_MPC,0.01641716530286405
|e_y|,m,RUNNING_MPC,0.013275658442604449
|e_y|,m,RUNNING_MPC,0.009378178088462585
|e_y|,m,RUNNING_MPC,0.009107682828262131
|e_y|,m,RUNNING_MPC,0.014631649584840908
|e_y|,m,RUNNING_MPC,0.022529959227764226
|e_y|,m,RUNNING_MPC,0.029726992675130143
|e_y|,m,RUNNING_MPC,0.037063326125527485
|e_y|,m,RUNNING_MPC,0.04168802748778089
|e_y|,m,RUNNING_MPC,0.04476667279887664
|e_y|,m,RUNNING_MPC,0.043867329932037846
|e_y|,m,RUNNING_MPC,0.045699975984027724
|e_y|,m,RUNNING_MPC,0.044680246275092705
|e_y|,m,RUNNING_MPC,0.04483878298489108
|e_y|,m,RUNNING_MPC,0.04885903648145852
|e_y|,m,RUNNING_MPC,0.052151097944271786
|e_y|,m,RUNNING_MPC,0.05848926340787097
|e_y|,m,RUNNING_MPC,0.06722069837319475
|e_y|,m,RUNNING_MPC,0.07044856511493056
|e_y|,m,RUNNING_MPC,0.08037398304189947
|e_y|,m,RUNNING_MPC,0.08840340877309144
|e_y|,m,RUNNING_MPC,0.10176239322697472
|e_y|,m,RUNNING_MPC,0.1100776484986854
|e_y|,m,RUNNING_MPC,0.11523967202662766
|e_y|,m,RUNNING_MPC,0.1164205767111352
|e_y|,m,RUNNING_MPC,0.12033628201598502
|e_y|,m,RUNNING_MPC,0.11603927110398099
|e_y|,m,RUNNING_MPC,0.11927549819966805
|e_y|,m,RUNNING_MPC,0.13219529920045564
|e_y|,m,RUNNING_MPC,0.14331703224766942
|e_y|,m,RUNNING_MPC,0.1568486365514218
|e_y|,m,RUNNING_MPC,0.17084265764843226
|e_y|,m,RUNNING_MPC,0.17783133236626303
|e_y|,m,RUNNING_MPC,0.18924410596246194
|e_y|,m,RUNNING_MPC,0.18802706712593464
|e_y|,m,RUNNING_MPC,0.2032698120015445
|e_y|,m,RUNNING_MPC,0.22598964883928746
|e_y|,m,RUNNING_MPC,0.23944034520297425
|e_y|,m,RUNNING_MPC,0.24544661375905058
|e_y|,m,RUNNING_MPC,0.24298618757129803
|e_y|,m,RUNNING_MPC,0.23078473401799818
|e_y|,m,RUNNING_MPC,0.21183388360509467
|e_y|,m,RUNNING_MPC,0.1869577403985197
|e_y|,m,RUNNING_MPC,0.15632873376913353
|e_y|,m,RUNNING_MPC,0.12132108540375056
|e_y|,m,RUNNING_MPC,0.08342160544012753
|e_y|,m,RUNNING_MPC,0.05817445449659395
|e_y|,m,RUNNING_MPC,0.01583301762900119
|e_y|,m,RUNNING_MPC,0.002356542418655738
|e_y|,m,RUNNING_MPC,0.006637343078725377
|e_y|,m,RUNNING_MPC,0.010501676933181076
|e_y|,m,RUNNING_MPC,0.01474347767535919
|e_y|,m,RUNNING_MPC,0.02478368958365565
|e_y|,m,RUNNING_MPC,0.03649942845986889
|e_y|,m,RUNNING_MPC,0.05931141061553183
|e_y|,m,RUNNING_MPC,0.0709939071960233
|e_y|,m,RUNNING_MPC,0.07539544653053847
|e_y|,m,RUNNING_MPC,0.07345374378744882
|e_y|,m,RUNNING_MPC,0.06734030064003285
|e_y|,m,RUNNING_MPC,0.051666083254020945
|e_y|,m,RUNNING_MPC,0.047918084182800136
|e_y|,m,RUNNING_MPC,0.02893651747874383
|e_y|,m,RUNNING_MPC,0.012813943525781146
|e_y|,m,RUNNING_MPC,0.001911652224687213
|e_y|,m,RUNNING_MPC,0.006620804729183263
|e_y|,m,RUNNING_MPC,0.011383398008796924
|e_y|,m,RUNNING_MPC,0.015897167180248153
|e_y|,m,RUNNING_MPC,0.016903604453547612
|e_y|,m,RUNNING_MPC,0.01774104044747918
|e_y|,m,RUNNING_MPC,0.01633475337076501
|e_y|,m,RUNNING_MPC,0.013132234289551431
|e_y|,m,RUNNING_MPC,0.009083459228678661
|e_y|,m,RUNNING_MPC,0.005057458610264166
|e_y|,m,RUNNING_MPC,0.001595959996677776
|e_y|,m,RUNNING_MPC,0.005819191767093446
|e_y|,m,RUNNING_MPC,0.01311129636833984
|e_y|,m,RUNNING_MPC,0.016247819720469986
|e_y|,m,RUNNING_MPC,0.020944644062268064
|e_y|,m,RUNNING_MPC,0.02586127902488705
|e_y|,m,RUNNING_MPC,0.031220916976125834
|e_y|,m,RUNNING_MPC,0.03494298407124702
|e_y|,m,RUNNING_MPC,0.03847847772412952
|e_y|,m,RUNNING_MPC,0.039486387902035486
|e_y|,m,RUNNING_MPC,0.04449330652951307
|e_y|,m,RUNNING_MPC,0.044188884525314
|e_y|,m,RUNNING_MPC,0.050908898516008105
|e_y|,m,RUNNING_MPC,0.05647346459475763
|e_y|,m,RUNNING_MPC,0.06116820310568638
|e_y|,m,RUNNING_MPC,0.07086697966322472
|e_y|,m,RUNNING_MPC,0.07610748156882335
|e_y|,m,RUNNING_MPC,0.08423910875853104
|e_y|,m,RUNNING_MPC,0.08053895880642487
|e_y|,m,RUNNING_MPC,0.08552321012933606
|e_y|,m,RUNNING_MPC,0.09802225885236693
|e_y|,m,RUNNING_MPC,0.11053151895251798
|e_y|,m,RUNNING_MPC,0.11134485363154856
|e_y|,m,RUNNING_MPC,0.12313661768692213
|e_y|,m,RUNNING_MPC,0.13594676877569045
|e_y|,m,RUNNING_MPC,0.14877989248968668
|e_y|,m,RUNNING_MPC,0.16196701617287643
|e_y|,m,RUNNING_MPC,0.176550098303853
|e_y|,m,RUNNING_MPC,0.1882866205184522
|e_y|,m,RUNNING_MPC,0.23589140430875927
|e_y|,m,RUNNING_MPC,0.25627193030855616
|e_y|,m,RUNNING_MPC,0.259137017189978
|e_y|,m,RUNNING_MPC,0.2697096593338727
|e_y|,m,RUNNING_MPC,0.2651633241392223
|e_y|,m,RUNNING_MPC,0.2602177670878252
|e_y|,m,RUNNING_MPC,0.2540644658377844
|e_y|,m,RUNNING_MPC,0.24804677179660498
|e_y|,m,RUNNING_MPC,0.24271431632251111
|e_y|,m,RUNNING_MPC,0.25646485798520363
|e_y|,m,RUNNING_MPC,0.26015865940670935
|e_y|,m,RUNNING_MPC,0.26036265479285264
|e_y|,m,RUNNING_MPC,0.24924775135953955
|e_y|,m,RUNNING_MPC,0.2711680018718508
|e_y|,m,RUNNING_MPC,0.277798923066778
|e_y|,m,RUNNING_MPC,0.2774197682057028
|e_y|,m,RUNNING_MPC,0.2699970309871666
|e_y|,m,RUNNING_MPC,0.2511554583989748
|e_y|,m,RUNNING_MPC,0.24621628936455897
|e_y|,m,RUNNING_MPC,0.2322070110896818
|e_y|,m,RUNNING_MPC,0.21492472936011386
|e_y|,m,RUNNING_MPC,0.19432500253843438
|e_y|,m,RUNNING_MPC,0.1690073329023138
|e_y|,m,RUNNING_MPC,0.14325630571847675
|e_y|,m,RUNNING_MPC,0.11873237672837794
|e_y|,m,RUNNING_MPC,0.09544341778042531
|e_y|,m,RUNNING_MPC,0.07515689652594042
|e_y|,m,RUNNING_MPC,0.054962574013379166
|e_y|,m,RUNNING_MPC,0.03510348004351313
|e_y|,m,RUNNING_MPC,0.014351932138344986
|e_y|,m,RUNNING_MPC,0.0018279664038790555
|e_y|,m,RUNNING_MPC,0.016932447970141595
|e_y|,m,RUNNING_MPC,0.026924786941963486
|e_y|,m,RUNNING_MPC,0.037560963816035325
|e_y|,m,RUNNING_MPC,0.05020147593459379
|e_y|,m,RUNNING_MPC,0.059309717977520576
|e_y|,m,RUNNING_MPC,0.06936208616078089
|e_y|,m,RUNNING_MPC,0.07607697053628004
|e_y|,m,RUNNING_MPC,0.07219407105142883
|e_y|,m,RUNNING_MPC,0.06601587203331225
|e_y|,m,RUNNING_MPC,0.04953677246260556
|e_y|,m,RUNNING_MPC,0.026900200365001486
|e_y|,m,RUNNING_MPC,0.0046599284181453315
|e_y|,m,RUNNING_MPC,0.019974057187919947
|e_y|,m,RUNNING_MPC,0.034596546045299936
|e_y|,m,RUNNING_MPC,0.04065289976779235
|e_y|,m,RUNNING_MPC,0.03695006029294104
|e_y|,m,RUNNING_MPC,0.029652903712118123
|e_y|,m,RUNNING_MPC,0.004010904288386186
|e_y|,m,RUNNING_MPC,0.02264130632853399
|e_y|,m,RUNNING_MPC,0.04899277923616856
|e_y|,m,RUNNING_MPC,0.06632050778797996
|e_y|,m,RUNNING_MPC,0.07988419070582928
|e_y|,m,RUNNING_MPC,0.08782045775818123
|e_y|,m,RUNNING_MPC,0.09026823406979984
|e_y|,m,RUNNING_MPC,0.09407745746094985
|e_y|,m,RUNNING_MPC,0.09747135125715051
|e_y|,m,RUNNING_MPC,0.10097469443931628
|e_y|,m,RUNNING_MPC,0.09361342345662413
|e_y|,m,RUNNING_MPC,0.08500555955998827
|e_y|,m,RUNNING_MPC,0.06038704879508627
|e_y|,m,RUNNING_MPC,0.03860941784619995
|e_y|,m,RUNNING_MPC,0.016256941395370886
|e_y|,m,RUNNING_MPC,0.004742573392443106
|e_y|,m,RUNNING_MPC,0.002652414760247978
|e_y|,m,RUNNING_MPC,0.001284310102388303
|e_y|,m,RUNNING_MPC,0.012766349155196801
|e_y|,m,RUNNING_MPC,0.031041120717153793
|e_y|,m,RUNNING_MPC,0.05365357048977455
|e_y|,m,RUNNING_MPC,0.06531285544073234
|e_y|,m,RUNNING_MPC,0.0816843505875745
|e_y|,m,RUNNING_MPC,0.09513698821999036
|e_y|,m,RUNNING_MPC,0.09703970155363494
|e_y|,m,RUNNING_MPC,0.09163308616247669
|e_y|,m,RUNNING_MPC,0.08300684454902427
|e_y|,m,RUNNING_MPC,0.07283621193001977
|e_y|,m,RUNNING_MPC,0.05736304389697175
|e_y|,m,RUNNING_MPC,0.04918682032621155
|e_y|,m,RUNNING_MPC,0.03952239878891711
|e_y|,m,RUNNING_MPC,0.032973981812941755
|e_y|,m,RUNNING_MPC,0.02503856047538512
|e_y|,m,RUNNING_MPC,0.02187717489581569
|e_y|,m,RUNNING_MPC,0.023035336903916265
|e_y|,m,RUNNING_MPC,0.028006227981190845
|e_y|,m,RUNNING_MPC,0.024079186232079816
|e_y|,m,RUNNING_MPC,0.033164890998244545
|e_y|,m,RUNNING_MPC,0.04510449371831946
|e_y|,m,RUNNING_MPC,0.07261012410903175
|e_y|,m,RUNNING_MPC,0.10951101314924405
|e_y|,m,RUNNING_MPC,0.13922361387642426
|e_y|,m,RUNNING_MPC,0.1633683812509627
|e_y|,m,RUNNING_MPC,0.17896251009225447
|e_y|,m,RUNNING_MPC,0.17565687239654457
|e_y|,m,RUNNING_MPC,0.16443614617167293
|e_y|,m,RUNNING_MPC,0.13560768299019554
|e_y|,m,RUNNING_MPC,0.11240359034479808
|e_y|,m,RUNNING_MPC,0.09015006639739681
|e_y|,m,RUNNING_MPC,0.07314246943049574
|e_y|,m,RUNNING_MPC,0.06326826667478408
|e_y|,m,RUNNING_MPC,0.0665971180188008
|e_y|,m,RUNNING_MPC,0.07451058250530712
|e_y|,m,RUNNING_MPC,0.0861476222873761
|e_y|,m,RUNNING_MPC,0.09211692604226451
|e_y|,m,RUNNING_MPC,0.0943077487555547
|e_y|,m,RUNNING_MPC,0.09264695196631734
|e_y|,m,RUNNING_MPC,0.08598856632465612
|e_y|,m,RUNNING_MPC,0.07098268000145122
|e_y|,m,RUNNING_MPC,0.04474235643677843
|e_y|,m,RUNNING_MPC,0.01801409040054782
|e_y|,m,RUNNING_MPC,0.009985535442351423
|e_y|,m,RUNNING_MPC,0.034463783904860046
|e_y|,m,RUNNING_MPC,0.0483831558481605
|e_y|,m,RUNNING_MPC,0.061384485779935216
|e_y|,m,RUNNING_MPC,0.056008056068347356
|e_y|,m,RUNNING_MPC,0.044130697160691214
|e_y|,m,RUNNING_MPC,0.02486791001105157
|e_y|,m,RUNNING_MPC,0.007718432798611841
|e_y|,m,RUNNING_MPC,0.001764099490480009
|e_y|,m,RUNNING_MPC,0.0007579208570335783
|e_y|,m,RUNNING_MPC,0.009744274942356546
|e_y|,m,RUNNING_MPC,0.021211625911111143
|e_y|,m,RUNNING_MPC,0.034397565119912675
|e_y|,m,RUNNING_MPC,0.041061871386642246
|e_y|,m,RUNNING_MPC,0.043125839990445586
|e_y|,m,RUNNING_MPC,0.04098388093887251
|e_y|,m,RUNNING_MPC,0.03255346619356636
|e_y|,m,RUNNING_MPC,0.021427107209132018
|e_y|,m,RUNNING_MPC,0.011340242007119278
|e_y|,m,RUNNING_MPC,0.006049076706610104
|e_y|,m,RUNNING_MPC,0.004489120399986668
|e_y|,m,RUNNING_MPC,0.007048139475955613
|e_y|,m,RUNNING_MPC,0.011939468094683103
|e_y|,m,RUNNING_MPC,0.01875174295172012
|e_y|,m,RUNNING_MPC,0.02309630641338846
|e_y|,m,RUNNING_MPC,0.02534799604583554
|e_y|,m,RUNNING_MPC,0.02401810889226985
|e_y|,m,RUNNING_MPC,0.02057184125019279
|e_y|,m,RUNNING_MPC,0.015948657205066274
|e_y|,m,RUNNING_MPC,0.011319106073853058
|e_y|,m,RUNNING_MPC,0.007178006647998614
|e_y|,m,RUNNING_MPC,0.006339121226460964
|e_y|,m,RUNNING_MPC,0.00817583739667671
|e_y|,m,RUNNING_MPC,0.013242956141524764
|e_y|,m,RUNNING_MPC,0.020298660702576382
|e_y|,m,RUNNING_MPC,0.02705459180228814
|e_y|,m,RUNNING_MPC,0.03082679549471673
|e_y|,m,RUNNING_MPC,0.030067508213659222
|e_y|,m,RUNNING_MPC,0.026792178137419714
|e_y|,m,RUNNING_MPC,0.01944694081982752
|e_y|,m,RUNNING_MPC,0.012701218537837622
|e_y|,m,RUNNING_MPC,0.008976362634540047
|e_y|,m,RUNNING_MPC,0.0027834569477961923
|e_y|,m,RUNNING_MPC,0.0005253762191682609
|e_y|,m,RUNNING_MPC,0.0012642496343954895
|e_y|,m,RUNNING_MPC,0.00427512419890394
|e_y|,m,RUNNING_MPC,0.007954861945914445
|e_y|,m,RUNNING_MPC,0.011819631892345722
|e_y|,m,RUNNING_MPC,0.015290876210109938
|e_y|,m,RUNNING_MPC,0.018031757058694226
|e_y|,m,RUNNING_MPC,0.018924060349878313
|e_y|,m,RUNNING_MPC,0.018857047164301255
|e_y|,m,RUNNING_MPC,0.017832698919332465
|e_y|,m,RUNNING_MPC,0.016349821504940437
|e_y|,m,RUNNING_MPC,0.014739756635599288
|e_y|,m,RUNNING_MPC,0.013342953243358699
|e_y|,m,RUNNING_MPC,0.013708573003303692
|e_y|,m,RUNNING_MPC,0.014012216297204852
|e_y|,m,RUNNING_MPC,0.015796681121419964
|e_y|,m,RUNNING_MPC,0.0183332522394382
|e_y|,m,RUNNING_MPC,0.020279018705707766
|e_y|,m,RUNNING_MPC,0.022410855854722633
|e_y|,m,RUNNING_MPC,0.022836243324031173
|e_y|,m,RUNNING_MPC,0.021219038865180673
|e_y|,m,RUNNING_MPC,0.017523684705641696
|e_y|,m,RUNNING_MPC,0.014450392279968194
|e_y|,m,RUNNING_MPC,0.009694742789361555
|e_y|,m,RUNNING_MPC,0.008186150515517077
|e_y|,m,RUNNING_MPC,0.010970178153755061
|e_y|,m,RUNNING_MPC,0.01905019769827976
|e_y|,m,RUNNING_MPC,0.026096071763311836
|e_y|,m,RUNNING_MPC,0.0411421991775876
|e_y|,m,RUNNING_MPC,0.04877094412383831
|e_y|,m,RUNNING_MPC,0.05189017538163271
|e_y|,m,RUNNING_MPC,0.049073635628584744
|e_y|,m,RUNNING_MPC,0.0330457848268462
|e_y|,m,RUNNING_MPC,0.016741914726130208
|e_y|,m,RUNNING_MPC,7.548685243602415e-05
|e_y|,m,RUNNING_MPC,0.016718031220651172
|e_y|,m,RUNNING_MPC,0.021922376590525594
|e_y|,m,RUNNING_MPC,0.013902149827234457
|e_y|,m,RUNNING_MPC,0.00512262480843978
|e_y|,m,RUNNING_MPC,0.022430098001111648
|e_y|,m,RUNNING_MPC,0.046653425533388
|e_y|,m,RUNNING_MPC,0.042794625703206635
|e_y|,m,RUNNING_MPC,0.020690883180359887
|e_y|,m,RUNNING_MPC,0.005991115249475126
|e_y|,m,RUNNING_MPC,0.02341617565210416
|e_y|,m,RUNNING_MPC,0.025288962216480977
|e_y|,m,RUNNING_MPC,0.006456486213541668
|e_y|,m,RUNNING_MPC,0.020812944412333417
|e_y|,m,RUNNING_MPC,0.04159105163743712
|e_y|,m,RUNNING_MPC,0.05637077763269288
|e_y|,m,RUNNING_MPC,0.06111809186757432
|e_y|,m,RUNNING_MPC,0.04655742061021306
|e_y|,m,RUNNING_MPC,0.023339344501295958
|e_y|,m,RUNNING_MPC,0.004001812970142321
|e_y|,m,RUNNING_MPC,0.014908605602696856
|e_y|,m,RUNNING_MPC,0.020958125861867887
|e_y|,m,RUNNING_MPC,0.018423555422884985
|e_y|,m,RUNNING_MPC,0.005361633229449297
|e_y|,m,RUNNING_MPC,0.009237606575104938
|e_y|,m,RUNNING_MPC,0.023877479389437184
|e_y|,m,RUNNING_MPC,0.0372024353043626
|e_y|,m,RUNNING_MPC,0.0410752714451056
|e_y|,m,RUNNING_MPC,0.0385988872696135
|e_y|,m,RUNNING_MPC,0.027712516187361744
|e_y|,m,RUNNING_MPC,0.014350289411591971
|e_y|,m,RUNNING_MPC,0.002962580778318652
|e_y|,m,RUNNING_MPC,0.016344380184686647
|e_y|,m,RUNNING_MPC,0.02233588756022087
|e_y|,m,RUNNING_MPC,0.023462626765526393
|e_y|,m,RUNNING_MPC,0.017103200452080053
|e_y|,m,RUNNING_MPC,0.0020336661149719937
|e_y|,m,RUNNING_MPC,0.011903004471907948
|e_y|,m,RUNNING_MPC,0.022647411185128502
|e_y|,m,RUNNING_MPC,0.026999463215581776
|e_y|,m,RUNNING_MPC,0.02161569277355585
|e_y|,m,RUNNING_MPC,0.008562231327419956
|e_y|,m,RUNNING_MPC,0.020357030163133283
|e_y|,m,RUNNING_MPC,0.039561219999633856
|e_y|,m,RUNNING_MPC,0.05622420635986536
|e_y|,m,RUNNING_MPC,0.06066122936653234
|e_y|,m,RUNNING_MPC,0.05622604565815115
|e_y|,m,RUNNING_MPC,0.04039888378406731
|e_y|,m,RUNNING_MPC,0.02771003425563763
|e_y|,m,RUNNING_MPC,0.006708570825155552
|e_y|,m,RUNNING_MPC,0.006515950885976174
|e_y|,m,RUNNING_MPC,0.01603727199951377
|e_y|,m,RUNNING_MPC,0.018945337565393627
|e_y|,m,RUNNING_MPC,0.021655655262454443
|e_y|,m,RUNNING_MPC,0.0178539340974726
|e_y|,m,RUNNING_MPC,0.01023016958336928
|e_y|,m,RUNNING_MPC,0.00612657355202989
|e_y|,m,RUNNING_MPC,0.027483494689285903
|e_y|,m,RUNNING_MPC,0.048417998392451644
|e_y|,m,RUNNING_MPC,0.06871739694784676
|e_y|,m,RUNNING_MPC,0.08517550649412137
|e_y|,m,RUNNING_MPC,0.09474530282934834
|e_y|,m,RUNNING_MPC,0.1086560931064293
|e_y|,m,RUNNING_MPC,0.11806835059583845
|e_y|,m,RUNNING_MPC,0.12419642617614457
|e_y|,m,RUNNING_MPC,0.13293235421201482
|e_y|,m,RUNNING_MPC,0.13816150902742313
|e_y|,m,RUNNING_MPC,0.1373263602620016
|e_y|,m,RUNNING_MPC,0.13126528058831174
|e_y|,m,RUNNING_MPC,0.12358099882208261
|e_y|,m,RUNNING_MPC,0.11510625210133285
|e_y|,m,RUNNING_MPC,0.09279690809438529
|e_y|,m,RUNNING_MPC,0.06885303542607517
|e_y|,m,RUNNING_MPC,0.05383090087979126
|e_y|,m,RUNNING_MPC,0.022274747629184632
|e_y|,m,RUNNING_MPC,0.010967060753519539
|e_y|,m,RUNNING_MPC,0.0313644445169606
|e_y|,m,RUNNING_MPC,0.03907683079057109
|e_y|,m,RUNNING_MPC,0.029782243113400227
|e_y|,m,RUNNING_MPC,0.020328781402933233
|e_y|,m,RUNNING_MPC,0.08185251304183735
|e_y|,m,RUNNING_MPC,0.14869369705915067
|e_y|,m,RUNNING_MPC,0.2284675818972558
|e_y|,m,RUNNING_MPC,0.2664616678171531
|e_y|,m,RUNNING_MPC,0.27460761320345317
|e_y|,m,RUNNING_MPC,0.2651331541597092
|e_y|,m,RUNNING_MPC,0.23251742774424514
|e_y|,m,RUNNING_MPC,0.2128614300657368
|e_y|,m,RUNNING_MPC,0.15730938729009147
|e_y|,m,RUNNING_MPC,0.12509328098973593
|e_y|,m,RUNNING_MPC,0.0791679062222489
|e_y|,m,RUNNING_MPC,0.04811216708715349
|e_y|,m,RUNNING_MPC,0.03403200306910997
|e_y|,m,RUNNING_MPC,0.02831965403492881
|e_y|,m,RUNNING_MPC,0.017904814971474836
|e_y|,m,RUNNING_MPC,0.0157878551027536
|e_y|,m,RUNNING_MPC,0.014224473081286437
|e_y|,m,RUNNING_MPC,0.00018078373077941995
|e_y|,m,RUNNING_MPC,0.007873231246962879
|e_y|,m,RUNNING_MPC,0.022350158807367015
|e_y|,m,RUNNING_MPC,0.0445329854852774
|e_y|,m,RUNNING_MPC,0.06753310007345359
|e_y|,m,RUNNING_MPC,0.09527331639367162
|e_y|,m,RUNNING_MPC,0.12758061696469397
|e_y|,m,RUNNING_MPC,0.1591858225447962
|e_y|,m,RUNNING_MPC,0.15188437379735936
|e_y|,m,RUNNING_MPC,0.13449385639940992
|e_y|,m,RUNNING_MPC,0.10496377206454405
|e_y|,m,RUNNING_MPC,0.05573558957739934
|e_y|,m,RUNNING_MPC,0.023477548575050224
|e_y|,m,RUNNING_MPC,0.013207463604045122
|e_y|,m,RUNNING_MPC,0.016663144866964588
|e_y|,m,RUNNING_MPC,0.017937339635542338
|e_y|,m,RUNNING_MPC,0.009061041570283798
|e_y|,m,RUNNING_MPC,0.000660506798112373
|e_y|,m,RUNNING_MPC,0.010151126419235088
|e_y|,m,RUNNING_MPC,0.012564297459462019
|e_y|,m,RUNNING_MPC,0.004412398887253713
|e_y|,m,RUNNING_MPC,0.023797817366375755
|e_y|,m,RUNNING_MPC,0.04937461856956575
|e_y|,m,RUNNING_MPC,0.07615126257359917
|e_y|,m,RUNNING_MPC,0.11151873407837716
|e_y|,m,RUNNING_MPC,0.12890241533114238
|e_y|,m,RUNNING_MPC,0.1306144382725549
|e_y|,m,RUNNING_MPC,0.11831176574773156
|e_y|,m,RUNNING_MPC,0.10352860041216398
|e_y|,m,RUNNING_MPC,0.08550815625731999
|e_y|,m,RUNNING_MPC,0.06643735976401174
|e_y|,m,RUNNING_MPC,0.04017269577135828
|e_y|,m,RUNNING_MPC,0.01941844653028774
|e_y|,m,RUNNING_MPC,0.009311180788729723
|e_y|,m,RUNNING_MPC,0.003170341515370212
|e_y|,m,RUNNING_MPC,0.0014375700561304813
|e_y|,m,RUNNING_MPC,0.0028545526970929977
|e_y|,m,RUNNING_MPC,0.0051821085109447045
|e_y|,m,RUNNING_MPC,0.006519544479391584
|e_y|,m,RUNNING_MPC,0.008183948061030927
|e_y|,m,RUNNING_MPC,0.00873930519145423
|e_y|,m,RUNNING_MPC,0.007796247116094529
|e_y|,m,RUNNING_MPC,0.006774905935314324
|e_y|,m,RUNNING_MPC,0.0009232225990131182
|e_y|,m,RUNNING_MPC,0.019274738874989122
|e_y|,m,RUNNING_MPC,0.023973852648360022
|e_y|,m,RUNNING_MPC,0.034810493901611395
|e_y|,m,RUNNING_MPC,0.04670615257398915
|e_y|,m,RUNNING_MPC,0.035025746339118036
|e_y|,m,RUNNING_MPC,0.023850068767158228
|e_y|,m,RUNNING_MPC,0.008932441296097188
|e_y|,m,RUNNING_MPC,0.020936677305708695
|e_y|,m,RUNNING_MPC,0.036858436225008284
|e_y|,m,RUNNING_MPC,0.05138535897215657
|e_y|,m,RUNNING_MPC,0.06747994806633736
|e_y|,m,RUNNING_MPC,0.09179946679142487
|e_y|,m,RUNNING_MPC,0.09814667524748
|e_y|,m,RUNNING_MPC,0.10253586880627624
|e_y|,m,RUNNING_MPC,0.10104347681407155
|e_y|,m,RUNNING_MPC,0.09089430325161629
|e_y|,m,RUNNING_MPC,0.06243477884009946
|e_y|,m,RUNNING_MPC,0.05371512459721545
|e_y|,m,RUNNING_MPC,0.015432425977772474
|e_y|,m,RUNNING_MPC,0.022609313903907413
|e_y|,m,RUNNING_MPC,0.04781263777970088
|e_y|,m,RUNNING_MPC,0.07993583325998503
|e_y|,m,RUNNING_MPC,0.09816314984707558
|e_y|,m,RUNNING_MPC,0.11469804148548766
|e_y|,m,RUNNING_MPC,0.11616115832070364
|e_y|,m,RUNNING_MPC,0.10730320980439216
|e_y|,m,RUNNING_MPC,0.0919745335465055
|e_y|,m,RUNNING_MPC,0.053883491130184716
|e_y|,m,RUNNING_MPC,0.00619539107761613
|e_y|,m,RUNNING_MPC,0.021354402486912172
|e_y|,m,RUNNING_MPC,0.04748536585016105
|e_y|,m,RUNNING_MPC,0.056127795037761295
|e_y|,m,RUNNING_MPC,0.06695012943757639
|e_y|,m,RUNNING_MPC,0.05360818704596859
|e_y|,m,RUNNING_MPC,0.04133173361885889
|e_y|,m,RUNNING_MPC,0.022023404104197064
|e_y|,m,RUNNING_MPC,0.01358109661898782
|e_y|,m,RUNNING_MPC,0.0088492653015384
|e_y|,m,RUNNING_MPC,0.003225402298947598
|e_y|,m,RUNNING_MPC,0.005458469761990152
|e_y|,m,RUNNING_MPC,0.009625257984269345
|e_y|,m,RUNNING_MPC,0.020034520113182797
|e_y|,m,RUNNING_MPC,0.01785479637295446
|e_y|,m,RUNNING_MPC,0.021260403703944164
|e_y|,m,RUNNING_MPC,0.01741349843018608
|e_y|,m,RUNNING_MPC,0.011037239213945808
|e_y|,m,RUNNING_MPC,0.012659722799992987
|e_y|,m,RUNNING_MPC,0.02538944547493377
|e_y|,m,RUNNING_MPC,0.03499256862273148
|e_y|,m,RUNNING_MPC,0.03623271087983075
|e_y|,m,RUNNING_MPC,0.05033211556741257
|e_y|,m,RUNNING_MPC,0.050253186303143266
|e_y|,m,RUNNING_MPC,0.046152254138974225
|e_y|,m,RUNNING_MPC,0.045435497176603334
|e_y|,m,RUNNING_MPC,0.04425537957441998
|e_y|,m,RUNNING_MPC,0.04786759221363124
|e_y|,m,RUNNING_MPC,0.05320991205942813
|e_y|,m,RUNNING_MPC,0.06003174061310917
|e_y|,m,RUNNING_MPC,0.0700344082029149
|e_y|,m,RUNNING_MPC,0.07657918946810376
|e_y|,m,RUNNING_MPC,0.07687202894018022
|e_y|,m,RUNNING_MPC,0.07435339666187196
|e_y|,m,RUNNING_MPC,0.08076254194600566
|e_y|,m,RUNNING_MPC,0.08825290806996278
|e_y|,m,RUNNING_MPC,0.0961231639852117
|e_y|,m,RUNNING_MPC,0.10440722544114954
|e_y|,m,RUNNING_MPC,0.12106872960062504
|e_y|,m,RUNNING_MPC,0.1300409863519698
|e_y|,m,RUNNING_MPC,0.14616274814255764
|e_y|,m,RUNNING_MPC,0.15273556492854257
|e_y|,m,RUNNING_MPC,0.15843023294890146
|e_y|,m,RUNNING_MPC,0.15920987598134295
|e_y|,m,RUNNING_MPC,0.15951310914794198
|e_y|,m,RUNNING_MPC,0.1553510537112726
|e_y|,m,RUNNING_MPC,0.15265827130902446
|e_y|,m,RUNNING_MPC,0.1486031924665925
|e_y|,m,RUNNING_MPC,0.14208672621276425
|e_y|,m,RUNNING_MPC,0.13181962499231248
|e_y|,m,RUNNING_MPC,0.12762947783321932
|e_y|,m,RUNNING_MPC,0.12750054422015109
|e_y|,m,RUNNING_MPC,0.1260249372362348
|e_y|,m,RUNNING_MPC,0.1220490743161484
|e_y|,m,RUNNING_MPC,0.11655632606851157
|e_y|,m,RUNNING_MPC,0.1023599045158784
|e_y|,m,RUNNING_MPC,0.0936804766288646
|e_y|,m,RUNNING_MPC,0.08832166852021706
|e_y|,m,RUNNING_MPC,0.08424588312526526
|e_y|,m,RUNNING_MPC,0.08396103118661247
|e_y|,m,RUNNING_MPC,0.08715530038115221
|e_y|,m,RUNNING_MPC,0.0936051607754684
|e_y|,m,RUNNING_MPC,0.10042976095590192
|e_y|,m,RUNNING_MPC,0.10256240760651558
|e_y|,m,RUNNING_MPC,0.10322207726813896
|e_y|,m,RUNNING_MPC,0.09720823902446771
|e_y|,m,RUNNING_MPC,0.08979326341915121
|e_y|,m,RUNNING_MPC,0.08130964575794279
|e_y|,m,RUNNING_MPC,0.07928997891390877
|e_y|,m,RUNNING_MPC,0.08161324322435393
|e_y|,m,RUNNING_MPC,0.08552721369765451
|e_y|,m,RUNNING_MPC,0.09503375420379971
|e_y|,m,RUNNING_MPC,0.10253423648848861
|e_y|,m,RUNNING_MPC,0.11146088541054437
|e_y|,m,RUNNING_MPC,0.1201142812004462
|e_y|,m,RUNNING_MPC,0.1306625226971001
|e_y|,m,RUNNING_MPC,0.13446467327166234
|e_y|,m,RUNNING_MPC,0.13214201974634165
|e_y|,m,RUNNING_MPC,0.1180569180274108
|e_y|,m,RUNNING_MPC,0.11338407022208774
|e_y|,m,RUNNING_MPC,0.11689943634750667
|e_y|,m,RUNNING_MPC,0.14629541429271342
|e_y|,m,RUNNING_MPC,0.18745788545095876
|e_y|,m,RUNNING_MPC,0.21536354736244076
|e_y|,m,RUNNING_MPC,0.2600736748032195
|e_y|,m,RUNNING_MPC,0.2744789345043205
|e_y|,m,RUNNING_MPC,0.2629740649201922
|e_y|,m,RUNNING_MPC,0.2298118582323488
|e_y|,m,RUNNING_MPC,0.20546055988433654
|e_y|,m,RUNNING_MPC,0.15539873233522605
|e_y|,m,RUNNING_MPC,0.13580101454821703
|e_y|,m,RUNNING_MPC,0.12939293632902243
|e_y|,m,RUNNING_MPC,0.1354064114956171
|e_y|,m,RUNNING_MPC,0.14777568880356506
|e_y|,m,RUNNING_MPC,0.18378118925314543
|e_y|,m,RUNNING_MPC,0.2287476674370033
|e_y|,m,RUNNING_MPC,0.26565450026829357
|e_y|,m,RUNNING_MPC,0.30437983523194806
|e_y|,m,RUNNING_MPC,0.32937750884088934
|e_y|,m,RUNNING_MPC,0.334951729907887
|e_y|,m,RUNNING_MPC,0.3153762229968078
|e_y|,m,RUNNING_MPC,0.28446036748458264
|e_y|,m,RUNNING_MPC,0.24359203658781997
|e_y|,m,RUNNING_MPC,0.19190918201025975
|e_y|,m,RUNNING_MPC,0.1401255571144479
|e_y|,m,RUNNING_MPC,0.12178490445686119
|e_y|,m,RUNNING_MPC,0.13606798289792887
|e_y|,m,RUNNING_MPC,0.17774074366572012
|e_y|,m,RUNNING_MPC,0.24153085342694514
|e_y|,m,RUNNING_MPC,0.36134999428938774
|e_y|,m,RUNNING_MPC,0.47104224338322687
|e_y|,m,RUNNING_MPC,0.5370884200493027
|e_y|,m,RUNNING_MPC,0.5663316256969695
|e_y|,m,RUNNING_MPC,0.5411056098780376
|e_y|,m,RUNNING_MPC,0.43288500976349364
|e_y|,m,RUNNING_MPC,0.33099876935686035
|e_y|,m,RUNNING_MPC,0.19731632535164326
|e_y|,m,RUNNING_MPC,0.1213085104815372
|e_y|,m,RUNNING_MPC,0.021554970227672637
|e_y|,m,RUNNING_MPC,0.008358669896780774
|e_y|,m,RUNNING_MPC,0.059611201972117805
|e_y|,m,RUNNING_MPC,0.14602615117990225
|e_y|,m,RUNNING_MPC,0.25543543219439424
|e_y|,m,RUNNING_MPC,0.36561701582312106
|e_y|,m,RUNNING_MPC,0.46462409020377893
|e_y|,m,RUNNING_MPC,0.4854405789242124
|e_y|,m,RUNNING_MPC,0.4477368342905562
|e_y|,m,RUNNING_MPC,0.3597184216509158
|e_y|,m,RUNNING_MPC,0.1801066634509571
|e_y|,m,RUNNING_MPC,0.06556693897446211
|e_y|,m,RUNNING_MPC,0.0373357509869436
|e_y|,m,RUNNING_MPC,0.07306143896964168
|e_y|,m,RUNNING_MPC,0.05923317372487938
|e_y|,m,RUNNING_MPC,0.0008267767799014503
|e_y|,m,RUNNING_MPC,0.14544113356835991
|e_y|,m,RUNNING_MPC,0.25028591171352
|e_y|,m,RUNNING_MPC,0.342545712496454
|e_y|,m,RUNNING_MPC,0.36361754886090875
|e_y|,m,RUNNING_MPC,0.3164265322673349
|e_y|,m,RUNNING_MPC,0.2008762191205191
|e_y|,m,RUNNING_MPC,0.08323820507767815
|e_y|,m,RUNNING_MPC,0.0525855870314486
|e_y|,m,RUNNING_MPC,0.12620114367517485
|e_y|,m,RUNNING_MPC,0.15544772497384757
|e_y|,m,RUNNING_MPC,0.1264510496065968
|e_y|,m,RUNNING_MPC,0.06005610940964743
|e_y|,m,RUNNING_MPC,0.05446107415247257
|e_y|,m,RUNNING_MPC,0.159921912511419
|e_y|,m,RUNNING_MPC,0.2113325099966071
|e_y|,m,RUNNING_MPC,0.21705392390467285
|e_y|,m,RUNNING_MPC,0.17550617526890797
|e_y|,m,RUNNING_MPC,0.08215944145911612
|e_y|,m,RUNNING_MPC,0.004873032308812628
|e_y|,m,RUNNING_MPC,0.09504723690716295
|e_y|,m,RUNNING_MPC,0.13463331313601756
|e_y|,m,RUNNING_MPC,0.1327954233218444
|e_y|,m,RUNNING_MPC,0.09112465264982715
|e_y|,m,RUNNING_MPC,0.007651348576355389
|e_y|,m,RUNNING_MPC,0.06502691095173316
|e_y|,m,RUNNING_MPC,0.13604736221381172
|e_y|,m,RUNNING_MPC,0.16202978174679955
|e_y|,m,RUNNING_MPC,0.14652995128600763
|e_y|,m,RUNNING_MPC,0.08633393797986708
|e_y|,m,RUNNING_MPC,0.019496877613287153
|e_y|,m,RUNNING_MPC,0.06157335092962746
|e_y|,m,RUNNING_MPC,0.11280257111576507
|e_y|,m,RUNNING_MPC,0.12194344116379827
|e_y|,m,RUNNING_MPC,0.08692730290097722
|e_y|,m,RUNNING_MPC,0.013985239826830101
|e_y|,m,RUNNING_MPC,0.05563014948341146
|e_y|,m,RUNNING_MPC,0.11725107362820572
|e_y|,m,RUNNING_MPC,0.1617923624934684
|e_y|,m,RUNNING_MPC,0.157201417296917
|e_y|,m,RUNNING_MPC,0.13181870906870102
|e_y|,m,RUNNING_MPC,0.04763772837565301
|e_y|,m,RUNNING_MPC,0.014004708471090213
|e_y|,m,RUNNING_MPC,0.06317303770671767
|e_y|,m,RUNNING_MPC,0.08601205661544843
|e_y|,m,RUNNING_MPC,0.08625940327773389
|e_y|,m,RUNNING_MPC,0.04356143815658333
|e_y|,m,RUNNING_MPC,0.01908910434884738
|e_y|,m,RUNNING_MPC,0.06914834668350145
|e_y|,m,RUNNING_MPC,0.10624401218370655
|e_y|,m,RUNNING_MPC,0.1236553730065347
|e_y|,m,RUNNING_MPC,0.11710695004292651
|e_y|,m,RUNNING_MPC,0.07143669938019565
|e_y|,m,RUNNING_MPC,0.02881963072998723
|e_y|,m,RUNNING_MPC,0.012664413895987811
|e_y|,m,RUNNING_MPC,0.04859218477438153
|e_y|,m,RUNNING_MPC,0.057791436487305725
|e_y|,m,RUNNING_MPC,0.04338495815903262
|e_y|,m,RUNNING_MPC,0.015529149278090222
|e_y|,m,RUNNING_MPC,0.028024984382376383
|e_y|,m,RUNNING_MPC,0.058441971738976986
|e_y|,m,RUNNING_MPC,0.08038328822070728
|e_y|,m,RUNNING_MPC,0.08223204387457701
|e_y|,m,RUNNING_MPC,0.06166112943076883
|e_y|,m,RUNNING_MPC,0.034740151996249205
|e_y|,m,RUNNING_MPC,0.0029740300410981413
|e_y|,m,RUNNING_MPC,0.028260820945495466
|e_y|,m,RUNNING_MPC,0.045378518292144385
|e_y|,m,RUNNING_MPC,0.04617930978363717
|e_y|,m,RUNNING_MPC,0.032629859765325175
|e_y|,m,RUNNING_MPC,0.013882237968014383
|e_y|,m,RUNNING_MPC,0.006711665173629422
|e_y|,m,RUNNING_MPC,0.02782100229869206
|e_y|,m,RUNNING_MPC,0.036813602719742766
|e_y|,m,RUNNING_MPC,0.03566892603711938
|e_y|,m,RUNNING_MPC,0.0256463264188451
|e_y|,m,RUNNING_MPC,0.002921750405811205
|e_y|,m,RUNNING_MPC,0.020643475601235008
|e_y|,m,RUNNING_MPC,0.046448369759804355
|e_y|,m,RUNNING_MPC,0.06110651792304379
|e_y|,m,RUNNING_MPC,0.06091987735234224
|e_y|,m,RUNNING_MPC,0.04940078853552511
|e_y|,m,RUNNING_MPC,0.022030849202386592
|e_y|,m,RUNNING_MPC,0.014191600672302969
|e_y|,m,RUNNING_MPC,0.04481796117461906
|e_y|,m,RUNNING_MPC,0.07234635171499611
|e_y|,m,RUNNING_MPC,0.09625490444163078
|e_y|,m,RUNNING_MPC,0.11068854778547382
|e_y|,m,RUNNING_MPC,0.11836561329924775
|e_y|,m,RUNNING_MPC,0.11729247331766408
|e_y|,m,RUNNING_MPC,0.11767105640334988
|e_y|,m,RUNNING_MPC,0.12033686584817069
|e_y|,m,RUNNING_MPC,0.12873121453182731
|e_y|,m,RUNNING_MPC,0.13420914344504017
|e_y|,m,RUNNING_MPC,0.14585025832338394
|e_y|,m,RUNNING_MPC,0.14752264364087114
|e_y|,m,RUNNING_MPC,0.1484699610925196
|e_y|,m,RUNNING_MPC,0.14518638271753653
|e_y|,m,RUNNING_MPC,0.13989436517885845
|e_y|,m,RUNNING_MPC,0.12105054967758433
|e_y|,m,RUNNING_MPC,0.09705575428827236
|e_y|,m,RUNNING_MPC,0.08256514471883561
|e_y|,m,RUNNING_MPC,0.07102624552033072
|e_y|,m,RUNNING_MPC,0.05926705785172483
|e_y|,m,RUNNING_MPC,0.05930969255110613
|e_y|,m,RUNNING_MPC,0.059663969136645956
|e_y|,m,RUNNING_MPC,0.06509466766627847
|e_y|,m,RUNNING_MPC,0.08013786670437845
|e_y|,m,RUNNING_MPC,0.12344271036517174
|e_y|,m,RUNNING_MPC,0.17651676857277487
|e_y|,m,RUNNING_MPC,0.21666550153229602
|e_y|,m,RUNNING_MPC,0.26737201601463206
|e_y|,m,RUNNING_MPC,0.28680035626346984
|e_y|,m,RUNNING_MPC,0.2832593462572811
|e_y|,m,RUNNING_MPC,0.2592805952291655
|e_y|,m,RUNNING_MPC,0.23471861188476517
|e_y|,m,RUNNING_MPC,0.17767238947725214
|e_y|,m,RUNNING_MPC,0.1296426199923302
|e_y|,m,RUNNING_MPC,0.11275040848185369
|e_y|,m,RUNNING_MPC,0.10406142567922712
|e_y|,m,RUNNING_MPC,0.11992198514196595
|e_y|,m,RUNNING_MPC,0.14937509407768434
|e_y|,m,RUNNING_MPC,0.18399766979031346
|e_y|,m,RUNNING_MPC,0.1976108031747093
|e_y|,m,RUNNING_MPC,0.2356290838833211
|e_y|,m,RUNNING_MPC,0.2579025180186133
|e_y|,m,RUNNING_MPC,0.2726433318716379
|e_y|,m,RUNNING_MPC,0.275241418241042
|e_y|,m,RUNNING_MPC,0.27299439719243024
|e_y|,m,RUNNING_MPC,0.263130594039944
|e_y|,m,RUNNING_MPC,0.25620790351527395
|e_y|,m,RUNNING_MPC,0.21809807026221223
|e_y|,m,RUNNING_MPC,0.20035824992838322
|e_y|,m,RUNNING_MPC,0.1754920466689843
|e_y|,m,RUNNING_MPC,0.15911684732095713
|e_y|,m,RUNNING_MPC,0.16086662954442524
|e_y|,m,RUNNING_MPC,0.16368790083828758
|e_y|,m,RUNNING_MPC,0.15011421868151587
|e_y|,m,RUNNING_MPC,0.11141327310577911
|e_y|,m,RUNNING_MPC,0.10288934829133149
|e_y|,m,RUNNING_MPC,0.11514999218086239
|e_y|,m,RUNNING_MPC,0.15315285279290158
|e_y|,m,RUNNING_MPC,0.18200299214426213
|e_y|,m,RUNNING_MPC,0.20146674238121304
|e_y|,m,RUNNING_MPC,0.2014474992172886
|e_y|,m,RUNNING_MPC,0.16205036094360767
|e_y|,m,RUNNING_MPC,0.12089336588351698
|e_y|,m,RUNNING_MPC,0.06677868873305089
|e_y|,m,RUNNING_MPC,0.04026471586296237
|e_y|,m,RUNNING_MPC,0.010993360898951178
|e_y|,m,RUNNING_MPC,0.02212255100133631
|e_y|,m,RUNNING_MPC,0.05022096656421102
|e_y|,m,RUNNING_MPC,0.10811155808020706
|e_y|,m,RUNNING_MPC,0.14603119485095115
|e_y|,m,RUNNING_MPC,0.1615153705442534
|e_y|,m,RUNNING_MPC,0.18344787320104747
|e_y|,m,RUNNING_MPC,0.16664792892142158
|e_y|,m,RUNNING_MPC,0.1354289429043708
|e_y|,m,RUNNING_MPC,0.07915478357951934
|e_y|,m,RUNNING_MPC,0.03619777318789974
|e_y|,m,RUNNING_MPC,0.02846970073995475
|e_y|,m,RUNNING_MPC,0.032403330844686454
|e_y|,m,RUNNING_MPC,0.0622954765003636
|e_y|,m,RUNNING_MPC,0.07776659299117854
|e_y|,m,RUNNING_MPC,0.12387381150953411
|e_y|,m,RUNNING_MPC,0.15236606424749458
|e_y|,m,RUNNING_MPC,0.14975810593165123
|e_y|,m,RUNNING_MPC,0.13245411402430385
|e_y|,m,RUNNING_MPC,0.10800929283201693
|e_y|,m,RUNNING_MPC,0.07131107295654737
|e_y|,m,RUNNING_MPC,0.052785417293766304
|e_y|,m,RUNNING_MPC,0.04301208885926606
|e_y|,m,RUNNING_MPC,0.05216796380720704
|e_y|,m,RUNNING_MPC,0.07100089695605818
|e_y|,m,RUNNING_MPC,0.10425802652813836
|e_y|,m,RUNNING_MPC,0.12071939184589012
|e_y|,m,RUNNING_MPC,0.12334839314417642
|e_y|,m,RUNNING_MPC,0.10758841757597466
|e_y|,m,RUNNING_MPC,0.06692375812148751
|e_y|,m,RUNNING_MPC,0.043213690430670276
|e_y|,m,RUNNING_MPC,0.030423132995039227
|e_y|,m,RUNNING_MPC,0.04154823154549351
|e_y|,m,RUNNING_MPC,0.061409605160836885
|e_y|,m,RUNNING_MPC,0.0983836322408671
|e_y|,m,RUNNING_MPC,0.11714731034879948
|e_y|,m,RUNNING_MPC,0.1253935465714483
|e_y|,m,RUNNING_MPC,0.11518608358735408
|e_y|,m,RUNNING_MPC,0.08751075349359318
|e_y|,m,RUNNING_MPC,0.051935349731270265
|e_y|,m,RUNNING_MPC,0.026455319557044277
|e_y|,m,RUNNING_MPC,0.003630450692832833
|e_y|,m,RUNNING_MPC,0.0027766487339630913
|e_y|,m,RUNNING_MPC,0.023386930419178137
|e_y|,m,RUNNING_MPC,0.0467323333405421
|e_y|,m,RUNNING_MPC,0.07687376154644843
|e_y|,m,RUNNING_MPC,0.09811426168888489
|e_y|,m,RUNNING_MPC,0.10224677732946759
|e_y|,m,RUNNING_MPC,0.09305753618018066
|e_y|,m,RUNNING_MPC,0.0586893230600008
|e_y|,m,RUNNING_MPC,0.015336931864364883
|e_y|,m,RUNNING_MPC,0.007875927215887313
|e_y|,m,RUNNING_MPC,0.020777570590333756
|e_y|,m,RUNNING_MPC,0.018068994381790656
|e_y|,m,RUNNING_MPC,0.011947274617724234
|e_y|,m,RUNNING_MPC,0.013724875807941975
|e_y|,m,RUNNING_MPC,0.03734776409908281
|e_y|,m,RUNNING_MPC,0.04606815270962534
|e_y|,m,RUNNING_MPC,0.04273215982409812
|e_y|,m,RUNNING_MPC,0.03310534680555468
|e_y|,m,RUNNING_MPC,0.011524394575823618
|e_y|,m,RUNNING_MPC,0.005480195192119536
|e_y|,m,RUNNING_MPC,0.03136839002434201
|e_y|,m,RUNNING_MPC,0.04602916114210644
|e_y|,m,RUNNING_MPC,0.05953401614643099
|e_y|,m,RUNNING_MPC,0.06809879585893486
|e_y|,m,RUNNING_MPC,0.06952275237743974
|e_y|,m,RUNNING_MPC,0.06619712944027786
|e_y|,m,RUNNING_MPC,0.06053320213291741
|e_y|,m,RUNNING_MPC,0.053875451675420676
|e_y|,m,RUNNING_MPC,0.050629185903062854
|e_y|,m,RUNNING_MPC,0.05227350343871391
|e_y|,m,RUNNING_MPC,0.06666610550875572
|e_y|,m,RUNNING_MPC,0.0829142250511267
|e_y|,m,RUNNING_MPC,0.12347238577032654
|e_y|,m,RUNNING_MPC,0.15152439955201205
|e_y|,m,RUNNING_MPC,0.1983841559074629
|e_y|,m,RUNNING_MPC,0.2274972501188272
|e_y|,m,RUNNING_MPC,0.24370207185537623
|e_y|,m,RUNNING_MPC,0.24653371405640273
|e_y|,m,RUNNING_MPC,0.22085791412217665
|e_y|,m,RUNNING_MPC,0.1605777248253218
|e_y|,m,RUNNING_MPC,0.12268611903364124
|e_y|,m,RUNNING_MPC,0.09696958102388264
|e_y|,m,RUNNING_MPC,0.11060450262086699
|e_y|,m,RUNNING_MPC,0.1290319867746081
|e_y|,m,RUNNING_MPC,0.22564873964806095
|e_y|,m,RUNNING_MPC,0.3515285533443847
|e_y|,m,RUNNING_MPC,0.42741677318861715
|e_y|,m,RUNNING_MPC,0.4233250871725064
|e_y|,m,RUNNING_MPC,0.3617026265443189
|e_y|,m,RUNNING_MPC,0.25899627977467893
|e_y|,m,RUNNING_MPC,0.16660045621273964
|e_y|,m,RUNNING_MPC,0.04445138829601403
|e_y|,m,RUNNING_MPC,0.002128633679562897
|e_y|,m,RUNNING_MPC,0.06090982765894054
|e_y|,m,RUNNING_MPC,0.07631793703271744
|e_y|,m,RUNNING_MPC,0.07695768903040826
|e_y|,m,RUNNING_MPC,0.06433707144730186
|e_y|,m,RUNNING_MPC,0.038950685190908364
|e_y|,m,RUNNING_MPC,0.023088533710291726
|e_y|,m,RUNNING_MPC,0.0022656346219969564
|e_y|,m,RUNNING_MPC,0.00805821582233665
|e_y|,m,RUNNING_MPC,0.00490456475271106
|e_y|,m,RUNNING_MPC,0.006076035297778518
|e_y|,m,RUNNING_MPC,0.032453934252253736
|e_y|,m,RUNNING_MPC,0.06013601656394116
|e_y|,m,RUNNING_MPC,0.0840177461779709
|e_y|,m,RUNNING_MPC,0.1074447165250852
|e_y|,m,RUNNING_MPC,0.1321113295970475
|e_y|,m,RUNNING_MPC,0.15604487847160475
|e_y|,m,RUNNING_MPC,0.16655560082218798
|e_y|,m,RUNNING_MPC,0.1866517564002559
|e_y|,m,RUNNING_MPC,0.19388355660612416
|e_y|,m,RUNNING_MPC,0.22227046495751288
|e_y|,m,RUNNING_MPC,0.2294151588163419
|e_y|,m,RUNNING_MPC,0.2332346778086504
|e_y|,m,RUNNING_MPC,0.22367236886712322
|e_y|,m,RUNNING_MPC,0.2076578391647811
|e_y|,m,RUNNING_MPC,0.18079900242648012
|e_y|,m,RUNNING_MPC,0.15133515903530667
|e_y|,m,RUNNING_MPC,0.13615026567847938
|e_y|,m,RUNNING_MPC,0.12474408302094106
|e_y|,m,RUNNING_MPC,0.13198059236549478
|e_y|,m,RUNNING_MPC,0.15424004492750948
|e_y|,m,RUNNING_MPC,0.17354774166715553
|e_y|,m,RUNNING_MPC,0.19898506416142847
|e_y|,m,RUNNING_MPC,0.21825713765424523
|e_y|,m,RUNNING_MPC,0.2229668447596305
|e_y|,m,RUNNING_MPC,0.21389753145067875
|e_y|,m,RUNNING_MPC,0.1831010788541227
|e_y|,m,RUNNING_MPC,0.13844325127013127
|e_y|,m,RUNNING_MPC,0.10007290375489594
|e_y|,m,RUNNING_MPC,0.05586065095477384
|e_y|,m,RUNNING_MPC,0.02791009822868612
|e_y|,m,RUNNING_MPC,0.012758671116873899
|e_y|,m,RUNNING_MPC,0.0018460700384341083
|e_y|,m,RUNNING_MPC,0.007279801141173214
|e_y|,m,RUNNING_MPC,0.007185671776271824
|e_y|,m,RUNNING_MPC,0.0060259215575420855
|e_y|,m,RUNNING_MPC,0.004261143311014161
|e_y|,m,RUNNING_MPC,0.006117119828408235
|e_y|,m,RUNNING_MPC,0.0060759545454247
|e_y|,m,RUNNING_MPC,0.008734939778539938
|e_y|,m,RUNNING_MPC,0.014176534512066491
|e_y|,m,RUNNING_MPC,0.01758487242254897
|e_y|,m,RUNNING_MPC,0.022977663045661137
|e_y|,m,RUNNING_MPC,0.02792040437427358
|e_y|,m,RUNNING_MPC,0.034108791259018
|e_y|,m,RUNNING_MPC,0.037401132400419465
|e_y|,m,RUNNING_MPC,0.04432136702526898
|e_y|,m,RUNNING_MPC,0.04872523937540417
|e_y|,m,RUNNING_MPC,0.055790575178374824
|e_y|,m,RUNNING_MPC,0.05673418828132286
|e_y|,m,RUNNING_MPC,0.05586911318412803
|e_y|,m,RUNNING_MPC,0.05620551634049658
|e_y|,m,RUNNING_MPC,0.06012270594360402
|e_y|,m,RUNNING_MPC,0.06129287632072393
|e_y|,m,RUNNING_MPC,0.06888191681367743
|e_y|,m,RUNNING_MPC,0.069758751767451
|e_y|,m,RUNNING_MPC,0.07374974394219022
|e_y|,m,RUNNING_MPC,0.07636781025359257
|e_y|,m,RUNNING_MPC,0.0700685719876171
|e_y|,m,RUNNING_MPC,0.06240001029555991
|e_y|,m,RUNNING_MPC,0.06073136343224528
|e_y|,m,RUNNING_MPC,0.047738951657888426
|e_y|,m,RUNNING_MPC,0.041287239775882806
|e_y|,m,RUNNING_MPC,0.02563910009564395
|e_y|,m,RUNNING_MPC,0.02192591091489264
|e_y|,m,RUNNING_MPC,0.031134236514467978
|e_y|,m,RUNNING_MPC,0.04698088211602894
|e_y|,m,RUNNING_MPC,0.08911942782188642
|e_y|,m,RUNNING_MPC,0.14943678447251016
|e_y|,m,RUNNING_MPC,0.1910347805142724
|e_y|,m,RUNNING_MPC,0.2639334863087234
|e_y|,m,RUNNING_MPC,0.2969022016730951
|e_y|,m,RUNNING_MPC,0.3009144883100903
|e_y|,m,RUNNING_MPC,0.27274712556122743
|e_y|,m,RUNNING_MPC,0.22523262097598176
|e_y|,m,RUNNING_MPC,0.16726686702237645
|e_y|,m,RUNNING_MPC,0.12420001337684328
|e_y|,m,RUNNING_MPC,0.07216633051104454
|e_y|,m,RUNNING_MPC,0.04509682224935789
|e_y|,m,RUNNING_MPC,0.03182419380440371
|e_y|,m,RUNNING_MPC,0.028285731228918254
|e_y|,m,RUNNING_MPC,0.027648910097783586
|e_y|,m,RUNNING_MPC,0.026707028475003364
|e_y|,m,RUNNING_MPC,0.022575476432602548
|e_y|,m,RUNNING_MPC,0.018032693756193152
|e_y|,m,RUNNING_MPC,0.011419654853738581
|e_y|,m,RUNNING_MPC,0.005537710742842386
|e_y|,m,RUNNING_MPC,0.010786989352658705
|e_y|,m,RUNNING_MPC,0.01922757853044184
|e_y|,m,RUNNING_MPC,0.025951799227741365
|e_y|,m,RUNNING_MPC,0.03466964470162556
|e_y|,m,RUNNING_MPC,0.03586691369105799
|e_y|,m,RUNNING_MPC,0.03593347876965791
|e_y|,m,RUNNING_MPC,0.01620704074764546
|e_y|,m,RUNNING_MPC,0.0011514379845682307
|e_y|,m,RUNNING_MPC,0.004709812814984948
|e_y|,m,RUNNING_MPC,0.026066712422732466
|e_y|,m,RUNNING_MPC,0.067361269926167
|e_y|,m,RUNNING_MPC,0.11763904433699426
|e_y|,m,RUNNING_MPC,0.16820412201852497
|e_y|,m,RUNNING_MPC,0.19523075134692192
|e_y|,m,RUNNING_MPC,0.20487696363284447
|e_y|,m,RUNNING_MPC,0.18286410899284566
|e_y|,m,RUNNING_MPC,0.16043697057123316
|e_y|,m,RUNNING_MPC,0.13219520068589177
|e_y|,m,RUNNING_MPC,0.07468972940364291
|e_y|,m,RUNNING_MPC,0.04738872421955914
|e_y|,m,RUNNING_MPC,0.01451315826548215
|e_y|,m,RUNNING_MPC,0.015019757886812563
|e_y|,m,RUNNING_MPC,0.021704809907858835
|e_y|,m,RUNNING_MPC,0.05276684169301607
|e_y|,m,RUNNING_MPC,0.0846034957655509
|e_y|,m,RUNNING_MPC,0.13275426577242688
|e_y|,m,RUNNING_MPC,0.15822354800890773
|e_y|,m,RUNNING_MPC,0.17811318690873576
|e_y|,m,RUNNING_MPC,0.19461440881959258
|e_y|,m,RUNNING_MPC,0.19914985858509693
|e_y|,m,RUNNING_MPC,0.20432206368543304
|e_y|,m,RUNNING_MPC,0.20169449465979059
|e_y|,m,RUNNING_MPC,0.20183603929682778
|e_y|,m,RUNNING_MPC,0.19573994497285485
|e_y|,m,RUNNING_MPC,0.18307199857391798
|e_y|,m,RUNNING_MPC,0.17230406580774577
|e_y|,m,RUNNING_MPC,0.14553913957191572
|e_y|,m,RUNNING_MPC,0.12700567499588752
|e_y|,m,RUNNING_MPC,0.11424674915453711
|e_y|,m,RUNNING_MPC,0.11238465147151991
|e_y|,m,RUNNING_MPC,0.1151560158653082
|e_y|,m,RUNNING_MPC,0.1505550036595626
|e_y|,m,RUNNING_MPC,0.1669884134477646
|e_y|,m,RUNNING_MPC,0.18995703503252925
|e_y|,m,RUNNING_MPC,0.20205958179250708
|e_y|,m,RUNNING_MPC,0.19207389057766944
|e_y|,m,RUNNING_MPC,0.16731775695934703
|e_y|,m,RUNNING_MPC,0.14097978703878036
|e_y|,m,RUNNING_MPC,0.10661354200316811
|e_y|,m,RUNNING_MPC,0.09238916505634051
|e_y|,m,RUNNING_MPC,0.08739686561144941
|e_y|,m,RUNNING_MPC,0.09324701864538684
|e_y|,m,RUNNING_MPC,0.09763377287502634
|e_y|,m,RUNNING_MPC,0.111097346802236
|e_y|,m,RUNNING_MPC,0.11106017707273513
|e_y|,m,RUNNING_MPC,0.09761742109038285
|e_y|,m,RUNNING_MPC,0.06339640644690625
|e_y|,m,RUNNING_MPC,0.028454710064571155
|e_y|,m,RUNNING_MPC,0.010639038256419708
|e_y|,m,RUNNING_MPC,0.05494262291565491
|e_y|,m,RUNNING_MPC,0.09381342851362243
|e_y|,m,RUNNING_MPC,0.11953047629887065
|e_y|,m,RUNNING_MPC,0.13939568918008108
|e_y|,m,RUNNING_MPC,0.14717923842610417
|e_y|,m,RUNNING_MPC,0.1594697843993953
|e_y|,m,RUNNING_MPC,0.1697491438293482
|e_y|,m,RUNNING_MPC,0.19699623262107155
|e_y|,m,RUNNING_MPC,0.23495309785555576
|e_y|,m,RUNNING_MPC,0.28677549295784444
|e_y|,m,RUNNING_MPC,0.3326194553734326
|e_y|,m,RUNNING_MPC,0.3544811067883622
|e_y|,m,RUNNING_MPC,0.3421593145946895
|e_y|,m,RUNNING_MPC,0.2930017245162363
|e_y|,m,RUNNING_MPC,0.2183862261306604
|e_y|,m,RUNNING_MPC,0.13574739204748676
|e_y|,m,RUNNING_MPC,0.07775852136623532
|e_y|,m,RUNNING_MPC,0.028977297658420942
|e_y|,m,RUNNING_MPC,0.04165190054652674
|e_y|,m,RUNNING_MPC,0.059813677132240714
|e_y|,m,RUNNING_MPC,0.13731044613117452
|e_y|,m,RUNNING_MPC,0.19583735274930833
|e_y|,m,RUNNING_MPC,0.22443146199433092
|e_y|,m,RUNNING_MPC,0.21298396773402611
|e_y|,m,RUNNING_MPC,0.17781318348003827
|e_y|,m,RUNNING_MPC,0.13029719386717897
|e_y|,m,RUNNING_MPC,0.057226212922343034
|e_y|,m,RUNNING_MPC,0.017237592951954872
|e_y|,m,RUNNING_MPC,0.014836317668865229
|e_y|,m,RUNNING_MPC,0.023491809155034515
|e_y|,m,RUNNING_MPC,0.02011406470182192
|e_y|,m,RUNNING_MPC,0.0016370084924392792
|e_y|,m,RUNNING_MPC,0.02333216219666645
|e_y|,m,RUNNING_MPC,0.03633479418573002
|e_y|,m,RUNNING_MPC,0.0408256352320493
|e_y|,m,RUNNING_MPC,0.03279327391808415
|e_y|,m,RUNNING_MPC,0.007697700202518809
|e_y|,m,RUNNING_MPC,0.012221156275163014
|e_y|,m,RUNNING_MPC,0.03302191134257981
|e_y|,m,RUNNING_MPC,0.04320918949327417
|e_y|,m,RUNNING_MPC,0.04129428324166731
|e_y|,m,RUNNING_MPC,0.024135929398810596
|e_y|,m,RUNNING_MPC,0.007306745100102596
|e_y|,m,RUNNING_MPC,0.00941624649388173
|e_y|,m,RUNNING_MPC,0.026317841709573964
|e_y|,m,RUNNING_MPC,0.027964346877791063
|e_y|,m,RUNNING_MPC,0.017945624268613625
|e_y|,m,RUNNING_MPC,0.004103583374472308
|e_y|,m,RUNNING_MPC,0.017663289659539935
|e_y|,m,RUNNING_MPC,0.023348444073052133
|e_y|,m,RUNNING_MPC,0.032132404585538094
|e_y|,m,RUNNING_MPC,0.025874413400424512
|e_y|,m,RUNNING_MPC,0.011680253860149814
|e_y|,m,RUNNING_MPC,0.005074899259033733
|e_y|,m,RUNNING_MPC,0.01557564563400729
|e_y|,m,RUNNING_MPC,0.020353590592404602
|e_y|,m,RUNNING_MPC,0.016356009888689294
|e_y|,m,RUNNING_MPC,0.003032673186270235
|e_y|,m,RUNNING_MPC,0.0021355031772817556
|e_y|,m,RUNNING_MPC,0.01640529721681934
|e_y|,m,RUNNING_MPC,0.024468943989124692
|e_y|,m,RUNNING_MPC,0.025197826457550754
|e_y|,m,RUNNING_MPC,0.01957080348008483
|e_y|,m,RUNNING_MPC,0.013086172698917847
|e_y|,m,RUNNING_MPC,0.002829423934220643
|e_y|,m,RUNNING_MPC,6.163577699694334e-05
|e_y|,m,RUNNING_MPC,0.004615221018649807
|e_y|,m,RUNNING_MPC,0.003204692676514853
|e_y|,m,RUNNING_MPC,0.0003281401019340109
|e_y|,m,RUNNING_MPC,0.006762927693583609
|e_y|,m,RUNNING_MPC,0.011897095980613503
|e_y|,m,RUNNING_MPC,0.017299026953137023
|e_y|,m,RUNNING_MPC,0.01973046946715687
|e_y|,m,RUNNING_MPC,0.019039285319685354
|e_y|,m,RUNNING_MPC,0.015050481766601731
|e_y|,m,RUNNING_MPC,0.011115394422452463
|e_y|,m,RUNNING_MPC,0.007491032285797838
|e_y|,m,RUNNING_MPC,0.004096822672003508
|e_y|,m,RUNNING_MPC,0.0044347754509804355
|e_y|,m,RUNNING_MPC,0.009253256988745157
|e_y|,m,RUNNING_MPC,0.013338735750142772
|e_y|,m,RUNNING_MPC,0.01842579204852679
|e_y|,m,RUNNING_MPC,0.020449915802166763
|e_y|,m,RUNNING_MPC,0.021478462657273788
|e_y|,m,RUNNING_MPC,0.020350333512968666
|e_y|,m,RUNNING_MPC,0.018322970111135983
|e_y|,m,RUNNING_MPC,0.016583835968811966
|e_y|,m,RUNNING_MPC,0.016057172012306414
|e_y|,m,RUNNING_MPC,0.01733099305196545
|e_y|,m,RUNNING_MPC,0.01816198803597764
|e_y|,m,RUNNING_MPC,0.020028657852343534
|e_y|,m,RUNNING_MPC,0.019490898245279054
|e_y|,m,RUNNING_MPC,0.01691881486425989
|e_y|,m,RUNNING_MPC,0.013287875097622224
|e_y|,m,RUNNING_MPC,0.010624895160930126
|e_y|,m,RUNNING_MPC,0.008319700838341049
|e_y|,m,RUNNING_MPC,0.008336807480536168
|e_y|,m,RUNNING_MPC,0.011119350306043219
|e_y|,m,RUNNING_MPC,0.014427481966550686
|e_y|,m,RUNNING_MPC,0.017521583449270933
|e_y|,m,RUNNING_MPC,0.02122494978661632
|e_y|,m,RUNNING_MPC,0.02244416909899416
|e_y|,m,RUNNING_MPC,0.022610245699691625
|e_y|,m,RUNNING_MPC,0.021689177124211513
|e_y|,m,RUNNING_MPC,0.020084435263146627
|e_y|,m,RUNNING_MPC,0.019770742589533263
|e_y|,m,RUNNING_MPC,0.01991848434277188
|e_y|,m,RUNNING_MPC,0.02080515672639925
|e_y|,m,RUNNING_MPC,0.021610563512504795
|e_y|,m,RUNNING_MPC,0.022782171557865244
|e_y|,m,RUNNING_MPC,0.023187738558075537
|e_y|,m,RUNNING_MPC,0.02376328681861875
|e_y|,m,RUNNING_MPC,0.023981913674627875
|e_y|,m,RUNNING_MPC,0.02380121797327904
|e_y|,m,RUNNING_MPC,0.02357185128458661
|e_y|,m,RUNNING_MPC,0.02357903213468615
|e_y|,m,RUNNING_MPC,0.023273462935575306
|e_y|,m,RUNNING_MPC,0.02372467947249879
|e_y|,m,RUNNING_MPC,0.025822398865328944
|e_y|,m,RUNNING_MPC,0.02637972705872635
|e_y|,m,RUNNING_MPC,0.02631307979566272
|e_y|,m,RUNNING_MPC,0.025846350312185212
|e_y|,m,RUNNING_MPC,0.026077409253873432
|e_y|,m,RUNNING_MPC,0.026657538363714955
|e_y|,m,RUNNING_MPC,0.02720211804345868
|e_y|,m,RUNNING_MPC,0.02827472022901195
|e_y|,m,RUNNING_MPC,0.028464394432020923
|e_y|,m,RUNNING_MPC,0.028765822250073764
|e_y|,m,RUNNING_MPC,0.028147687074586977
|e_y|,m,RUNNING_MPC,0.026270108250172924
|e_y|,m,RUNNING_MPC,0.024922234589003556
|e_y|,m,RUNNING_MPC,0.024198414750748576
|e_y|,m,RUNNING_MPC,0.02333199680891239
|e_y|,m,RUNNING_MPC,0.023142947865066224
|e_y|,m,RUNNING_MPC,0.023862259243612877
|e_y|,m,RUNNING_MPC,0.02582409824899984
|e_y|,m,RUNNING_MPC,0.02766525483958071
|e_y|,m,RUNNING_MPC,0.029238810610193636
|e_y|,m,RUNNING_MPC,0.031217486933118294
|e_y|,m,RUNNING_MPC,0.03244994340905566
|e_y|,m,RUNNING_MPC,0.03328936510952207
|e_y|,m,RUNNING_MPC,0.03341274317427634
|e_y|,m,RUNNING_MPC,0.03410302997930262
|e_y|,m,RUNNING_MPC,0.034469140684279045
|e_y|,m,RUNNING_MPC,0.036029206969327696
|e_y|,m,RUNNING_MPC,0.037726972864847164
|e_y|,m,RUNNING_MPC,0.040724281922747824
|e_y|,m,RUNNING_MPC,0.04213050378779331
|e_y|,m,RUNNING_MPC,0.04289727884410226
|e_y|,m,RUNNING_MPC,0.042907626889388206
|e_y|,m,RUNNING_MPC,0.04213471282299108
|e_y|,m,RUNNING_MPC,0.04147972420642443
|e_y|,m,RUNNING_MPC,0.0416861738584863
|e_y|,m,RUNNING_MPC,0.04311609232429023
|e_y|,m,RUNNING_MPC,0.0452049468011588
|e_y|,m,RUNNING_MPC,0.047144621728799074
|e_y|,m,RUNNING_MPC,0.04778601688630105
|e_y|,m,RUNNING_MPC,0.04486488716810845
|e_y|,m,RUNNING_MPC,0.043017278118538074
|e_y|,m,RUNNING_MPC,0.03854916752732615
|e_y|,m,RUNNING_MPC,0.03564246145975514
|e_y|,m,RUNNING_MPC,0.03199342549857595
|e_y|,m,RUNNING_MPC,0.03194568292477218
|e_y|,m,RUNNING_MPC,0.031088935281353425
|e_y|,m,RUNNING_MPC,0.032166965940975345
|e_y|,m,RUNNING_MPC,0.035261910166684285
|e_y|,m,RUNNING_MPC,0.03749213596204387
|e_y|,m,RUNNING_MPC,0.04164330295674251
|e_y|,m,RUNNING_MPC,0.04502964066449916
|e_y|,m,RUNNING_MPC,0.05379580501776238
|e_y|,m,RUNNING_MPC,0.06324666189383688
|e_y|,m,RUNNING_MPC,0.07076644561378007
|e_y|,m,RUNNING_MPC,0.07473467318645002
|e_y|,m,RUNNING_MPC,0.07497486073075071
|e_y|,m,RUNNING_MPC,0.06866044320745253
|e_y|,m,RUNNING_MPC,0.05783438631473775
|e_y|,m,RUNNING_MPC,0.03995355833004516
|e_y|,m,RUNNING_MPC,0.021029282970873874
|e_y|,m,RUNNING_MPC,0.01615884869813397
|e_y|,m,RUNNING_MPC,0.016800561021062255
|e_y|,m,RUNNING_MPC,0.030690224593509403
|e_y|,m,RUNNING_MPC,0.03868858597370459
|e_y|,m,RUNNING_MPC,0.07439905654578165
|e_y|,m,RUNNING_MPC,0.09033564921711074
|e_y|,m,RUNNING_MPC,0.09964393539047997
|e_y|,m,RUNNING_MPC,0.10654190517067458
|e_y|,m,RUNNING_MPC,0.10332932296243069
|e_y|,m,RUNNING_MPC,0.09170258613926627
|e_y|,m,RUNNING_MPC,0.07500910303314329
|e_y|,m,RUNNING_MPC,0.06433299052016053
|e_y|,m,RUNNING_MPC,0.051423414311538934
|e_y|,m,RUNNING_MPC,0.05261646807261716
|e_y|,m,RUNNING_MPC,0.061016980875245375
|e_y|,m,RUNNING_MPC,0.0766171004684626
|e_y|,m,RUNNING_MPC,0.10725374016668521
|e_y|,m,RUNNING_MPC,0.12128528067514871
|e_y|,m,RUNNING_MPC,0.1645318770957506
|e_y|,m,RUNNING_MPC,0.19958098495607585
|e_y|,m,RUNNING_MPC,0.2169926477388705
|e_y|,m,RUNNING_MPC,0.20758329224399946
|e_y|,m,RUNNING_MPC,0.17727007707863704
|e_y|,m,RUNNING_MPC,0.1062858482442981
|e_y|,m,RUNNING_MPC,0.04428340816290846
|e_y|,m,RUNNING_MPC,0.01527944765479572
|e_y|,m,RUNNING_MPC,0.0469679337851807
|e_y|,m,RUNNING_MPC,0.037786771725020304
|e_y|,m,RUNNING_MPC,0.022342571304250523
|e_y|,m,RUNNING_MPC,0.08394487597417544
|e_y|,m,RUNNING_MPC,0.17852556237933534
|e_y|,m,RUNNING_MPC,0.23397010021669837
|e_y|,m,RUNNING_MPC,0.272427777974717
|e_y|,m,RUNNING_MPC,0.2824031875262134
|e_y|,m,RUNNING_MPC,0.26508280858117333
|e_y|,m,RUNNING_MPC,0.21385517665443735
|e_y|,m,RUNNING_MPC,0.1679469543618333
|e_y|,m,RUNNING_MPC,0.10127254814321995
|e_y|,m,RUNNING_MPC,0.05202411011533131
|e_y|,m,RUNNING_MPC,0.009849843664469045
|e_y|,m,RUNNING_MPC,0.026113471523628126
|e_y|,m,RUNNING_MPC,0.03796120358343984
|e_y|,m,RUNNING_MPC,0.03675744950022225
|e_y|,m,RUNNING_MPC,0.014837877763531265
|e_y|,m,RUNNING_MPC,0.019417374384800512
|e_y|,m,RUNNING_MPC,0.0655091934531767
|e_y|,m,RUNNING_MPC,0.09771931161223915
|e_y|,m,RUNNING_MPC,0.12960890545865786
|e_y|,m,RUNNING_MPC,0.16540331031521432
|e_y|,m,RUNNING_MPC,0.18878766229814803
|e_y|,m,RUNNING_MPC,0.2085660207200027
|e_y|,m,RUNNING_MPC,0.1991605808126952
|e_y|,m,RUNNING_MPC,0.17056157159304883
|e_y|,m,RUNNING_MPC,0.08719631605475574
|e_y|,m,RUNNING_MPC,0.032309062710317596
|e_y|,m,RUNNING_MPC,0.11874228380407721
|e_y|,m,RUNNING_MPC,0.21812967454641474
|e_y|,m,RUNNING_MPC,0.2956388964250922
|e_y|,m,RUNNING_MPC,0.35200205582161537
|e_y|,m,RUNNING_MPC,0.3726079829055313
|e_y|,m,RUNNING_MPC,0.39158123370008646
|e_y|,m,RUNNING_MPC,0.3886845323681159
|e_y|,m,RUNNING_MPC,0.3702294873763709
|e_y|,m,RUNNING_MPC,0.31051696520994215
|e_y|,m,RUNNING_MPC,0.2501669906257822
|e_y|,m,RUNNING_MPC,0.1642080324121281
|e_y|,m,RUNNING_MPC,0.10343823063936353
|e_y|,m,RUNNING_MPC,0.09144465462660901
|e_y|,m,RUNNING_MPC,0.11236332556640291
|e_y|,m,RUNNING_MPC,0.10954806634777425
|e_y|,m,RUNNING_MPC,0.06989881343153961
|e_y|,m,RUNNING_MPC,0.041028851891448115
|e_y|,m,RUNNING_MPC,0.013808460421594046
|e_y|,m,RUNNING_MPC,0.006233922155894384
|e_y|,m,RUNNING_MPC,0.01686150923062868
|e_y|,m,RUNNING_MPC,0.027521182285987916
|e_y|,m,RUNNING_MPC,0.03254041133837443
|e_y|,m,RUNNING_MPC,0.040772903896554635
|e_y|,m,RUNNING_MPC,0.04803752593010502
|e_y|,m,RUNNING_MPC,0.055765327194380154
|e_y|,m,RUNNING_MPC,0.06612182375753928
|e_y|,m,RUNNING_MPC,0.07432652065813866
|e_y|,m,RUNNING_MPC,0.0856324139864551
|e_y|,m,RUNNING_MPC,0.10253447337302163
|e_y|,m,RUNNING_MPC,0.13507841120495245
|e_y|,m,RUNNING_MPC,0.1864140076835195
|e_y|,m,RUNNING_MPC,0.2112673720647703
|e_y|,m,RUNNING_MPC,0.2838759052668927
|e_y|,m,RUNNING_MPC,0.3163920450495264
|e_y|,m,RUNNING_MPC,0.33710328480800433
|e_y|,m,RUNNING_MPC,0.31726076997138786
|e_y|,m,RUNNING_MPC,0.27869308946399396
|e_y|,m,RUNNING_MPC,0.22990719347002866
|e_y|,m,RUNNING_MPC,0.19108560166408256
|e_y|,m,RUNNING_MPC,0.13741699102862517
|e_y|,m,RUNNING_MPC,0.10975810934405306
|e_y|,m,RUNNING_MPC,0.0915669319109137
|e_y|,m,RUNNING_MPC,0.07763837038777957
|e_y|,m,RUNNING_MPC,0.07654179835774272
|e_y|,m,RUNNING_MPC,0.08320509371110385
|e_y|,m,RUNNING_MPC,0.09518784403169667
|e_y|,m,RUNNING_MPC,0.1192464195639784
|e_y|,m,RUNNING_MPC,0.1340798775271893
|e_y|,m,RUNNING_MPC,0.14494284522837553
|e_y|,m,RUNNING_MPC,0.14300981370498322
|e_y|,m,RUNNING_MPC,0.12760132458895837
|e_y|,m,RUNNING_MPC,0.10117549470151359
|e_y|,m,RUNNING_MPC,0.08828767279845354
|e_y|,m,RUNNING_MPC,0.05394261411241913
|e_y|,m,RUNNING_MPC,0.03625141200945553
|e_y|,m,RUNNING_MPC,0.03509220836990004
|e_y|,m,RUNNING_MPC,0.037253334688751
|e_y|,m,RUNNING_MPC,0.03835200104648262
|e_y|,m,RUNNING_MPC,0.03740577217184271
|e_y|,m,RUNNING_MPC,0.035692740650897906
|e_y|,m,RUNNING_MPC,0.021113891947341423
|e_y|,m,RUNNING_MPC,0.010140121979248767
|e_y|,m,RUNNING_MPC,0.0019151615491545815
|e_y|,m,RUNNING_MPC,0.016369619317060796
|e_y|,m,RUNNING_MPC,0.02612940452915341
|e_y|,m,RUNNING_MPC,0.03472311735975514
|e_y|,m,RUNNING_MPC,0.03812987499810591
|e_y|,m,RUNNING_MPC,0.03791585494556726
|e_y|,m,RUNNING_MPC,0.034687087906686564
|e_y|,m,RUNNING_MPC,0.029184638398118745
|e_y|,m,RUNNING_MPC,0.024008842065428748
|e_y|,m,RUNNING_MPC,0.01843205374919611
|e_y|,m,RUNNING_MPC,0.01679619939916288
|e_y|,m,RUNNING_MPC,0.02074494381040487
|e_y|,m,RUNNING_MPC,0.029953661295060857
|e_y|,m,RUNNING_MPC,0.04886498998302842
|e_y|,m,RUNNING_MPC,0.06290645771906958
|e_y|,m,RUNNING_MPC,0.07089657452477233
|e_y|,m,RUNNING_MPC,0.07519160318972562
|e_y|,m,RUNNING_MPC,0.06973896680665892
|e_y|,m,RUNNING_MPC,0.06087505721370348
|e_y|,m,RUNNING_MPC,0.0503518242448323
|e_y|,m,RUNNING_MPC,0.04434410887734651
|e_y|,m,RUNNING_MPC,0.03455938708300246
|e_y|,m,RUNNING_MPC,0.028238120434886993
|e_y|,m,RUNNING_MPC,0.026334079012078265
|e_y|,m,RUNNING_MPC,0.02565515108688443
|e_y|,m,RUNNING_MPC,0.02607818562764147
|e_y|,m,RUNNING_MPC,0.027648806116613266
|e_y|,m,RUNNING_MPC,0.028493464457014395
|e_y|,m,RUNNING_MPC,0.03016898795453765
|e_y|,m,RUNNING_MPC,0.03170633741527756
|e_y|,m,RUNNING_MPC,0.032339541205465006
|e_y|,m,RUNNING_MPC,0.032839962333246084
|e_y|,m,RUNNING_MPC,0.03264803492146223
|e_y|,m,RUNNING_MPC,0.03206541796414644
|e_y|,m,RUNNING_MPC,0.030384300524041563
|e_y|,m,RUNNING_MPC,0.029347405963426297
|e_y|,m,RUNNING_MPC,0.02654592874697742
|e_y|,m,RUNNING_MPC,0.024843285174279917
|e_y|,m,RUNNING_MPC,0.02202048314161431
|e_y|,m,RUNNING_MPC,0.019547477884561903
|e_y|,m,RUNNING_MPC,0.01653358518798838
|e_y|,m,RUNNING_MPC,0.011434410936052554
|e_y|,m,RUNNING_MPC,0.00906192024915875
|e_y|,m,RUNNING_MPC,0.013152166446570239
|e_y|,m,RUNNING_MPC,0.03002460011913738
|e_y|,m,RUNNING_MPC,0.06690199244315181
|e_y|,m,RUNNING_MPC,0.09024605119030615
|e_y|,m,RUNNING_MPC,0.12642438491034175
|e_y|,m,RUNNING_MPC,0.16794401299954798
|e_y|,m,RUNNING_MPC,0.20281496418943726
|e_y|,m,RUNNING_MPC,0.24480486853618352
|e_y|,m,RUNNING_MPC,0.2653518779024028
|e_y|,m,RUNNING_MPC,0.30561286918272756
|e_y|,m,RUNNING_MPC,0.340979508181572
|e_y|,m,RUNNING_MPC,0.37874470030642876
|e_y|,m,RUNNING_MPC,0.3862563520941381
|e_y|,m,RUNNING_MPC,0.429795510216341
|e_y|,m,RUNNING_MPC,0.47167703436507324
|e_y|,m,RUNNING_MPC,0.5062198225154224
|e_y|,m,RUNNING_MPC,0.5434033269043823
|e_y|,m,RUNNING_MPC,0.5537983630601698
|e_y|,m,RUNNING_MPC,0.5942561467510057
|e_y|,m,RUNNING_MPC,0.6331439513785215
|e_y|,m,RUNNING_MPC,0.650981419617848
|e_y|,m,RUNNING_MPC,0.6989977891176107
|e_y|,m,RUNNING_MPC,0.7401836609778734
|e_y|,m,RUNNING_MPC,0.7673077874497316
|e_y|,m,RUNNING_MPC,0.7695997393828794
|e_y|,m,RUNNING_MPC,0.745686035162293
|e_y|,m,RUNNING_MPC,0.7035105121463581
|e_y|,m,RUNNING_MPC,0.6783179526276828
|e_y|,m,RUNNING_MPC,0.6255981898991411
|e_y|,m,RUNNING_MPC,0.5920146948578546
|e_y|,m,RUNNING_MPC,0.5444427957453479
|e_y|,m,RUNNING_MPC,0.4906178875000861
|e_y|,m,RUNNING_MPC,0.4437338545440697
|e_y|,m,RUNNING_MPC,0.3710986110140442
|e_y|,m,RUNNING_MPC,0.312942817218706
|e_y|,m,RUNNING_MPC,0.2214742866262648
|e_y|,m,RUNNING_MPC,0.15764537143727764
|e_y|,m,RUNNING_MPC,0.08417136370433281
|e_y|,m,RUNNING_MPC,0.043253459290086504
|e_y|,m,RUNNING_MPC,0.030304809527893994
|e_y|,m,RUNNING_MPC,0.09080396863650592
|e_y|,m,RUNNING_MPC,0.125528904215159
|e_y|,m,RUNNING_MPC,0.17062017025936715
|e_y|,m,RUNNING_MPC,0.19937622742862243
|e_y|,m,RUNNING_MPC,0.2341431267151135
|e_y|,m,RUNNING_MPC,0.27099747784046824
|e_y|,m,RUNNING_MPC,0.3065648413347134
|e_y|,m,RUNNING_MPC,0.3536268909247097
|e_y|,m,RUNNING_MPC,0.3759198122503695
|e_y|,m,RUNNING_MPC,0.4439574951041987
|e_y|,m,RUNNING_MPC,0.5189212401449432
|e_y|,m,RUNNING_MPC,0.5759494094987857
|e_y|,m,RUNNING_MPC,0.6553811034266628
|e_y|,m,RUNNING_MPC,0.6694166764017934
|e_y|,m,RUNNING_MPC,0.7373781806803306
|e_y|,m,RUNNING_MPC,0.7752393276379804
|e_y|,m,RUNNING_MPC,0.771545630186076
|e_y|,m,RUNNING_MPC,0.755280467495943
|e_y|,m,RUNNING_MPC,0.7315770437564534
|e_y|,m,RUNNING_MPC,0.6547373534465619
|e_y|,m,RUNNING_MPC,0.6186886664355182
|e_y|,m,RUNNING_MPC,0.5237558489956307
|e_y|,m,RUNNING_MPC,0.48988244997676833
|e_y|,m,RUNNING_MPC,0.4360589135976324
|e_y|,m,RUNNING_MPC,0.3995801042262767
|e_y|,m,RUNNING_MPC,0.3545007381480465
|e_y|,m,RUNNING_MPC,0.3389783577453468
|e_y|,m,RUNNING_MPC,0.33488046424236884
|e_y|,m,RUNNING_MPC,0.3360177525347641
|e_y|,m,RUNNING_MPC,0.34495417799105377
|e_y|,m,RUNNING_MPC,0.36195812670793437
|e_y|,m,RUNNING_MPC,0.3819063072166913
|e_y|,m,RUNNING_MPC,0.3928874992851192
|e_y|,m,RUNNING_MPC,0.3981327480019459
|e_y|,m,RUNNING_MPC,0.3941051502537154
|e_y|,m,RUNNING_MPC,0.365519569953476
|e_y|,m,RUNNING_MPC,0.3379498848421463
|e_y|,m,RUNNING_MPC,0.300610429254225
|e_y|,m,RUNNING_MPC,0.2578404324055169
|e_y|,m,RUNNING_MPC,0.19571083193370806
|e_y|,m,RUNNING_MPC,0.14692039909134566
|e_y|,m,RUNNING_MPC,0.12184219246064013
|e_y|,m,RUNNING_MPC,0.10186774149825671
|e_y|,m,RUNNING_MPC,0.08921345151424256
|e_y|,m,RUNNING_MPC,0.08366089614447736
|e_y|,m,RUNNING_MPC,0.08077644554584205
|e_y|,m,RUNNING_MPC,0.07689660683337285
|e_y|,m,RUNNING_MPC,0.07400769852497102
|e_y|,m,RUNNING_MPC,0.07172341860598404
|e_y|,m,RUNNING_MPC,0.07199115694778485
|e_y|,m,RUNNING_MPC,0.08245544274923688
|e_y|,m,RUNNING_MPC,0.10109937325133156
|e_y|,m,RUNNING_MPC,0.1350298209852018
|e_y|,m,RUNNING_MPC,0.17317561206820792
|e_y|,m,RUNNING_MPC,0.21547970437946606
|e_y|,m,RUNNING_MPC,0.23864246294096564
|e_y|,m,RUNNING_MPC,0.26246659749587764
|e_y|,m,RUNNING_MPC,0.2696867478009394
|e_y|,m,RUNNING_MPC,0.27392671193355655
|e_y|,m,RUNNING_MPC,0.2652899202027353
|e_y|,m,RUNNING_MPC,0.25872301218107274
|e_y|,m,RUNNING_MPC,0.2439809989624448
|e_y|,m,RUNNING_MPC,0.2334249296227823
|e_y|,m,RUNNING_MPC,0.2226664304466171
|e_y|,m,RUNNING_MPC,0.21753886516616552
|e_y|,m,RUNNING_MPC,0.2143046146769804
|e_y|,m,RUNNING_MPC,0.22215487447053495
|e_y|,m,RUNNING_MPC,0.2274647896019174
|e_y|,m,RUNNING_MPC,0.2435692501156353
|e_y|,m,RUNNING_MPC,0.2605988004046446
|e_y|,m,RUNNING_MPC,0.27774749121590886
|e_y|,m,RUNNING_MPC,0.29562622924329873
|e_y|,m,RUNNING_MPC,0.3176466241796888
|e_y|,m,RUNNING_MPC,0.3443342566664322
|e_y|,m,RUNNING_MPC,0.35850938690533457
|e_y|,m,RUNNING_MPC,0.37107112154739097
|e_y|,m,RUNNING_MPC,0.3900380621887723
|e_y|,m,RUNNING_MPC,0.3995344624007769
|e_y|,m,RUNNING_MPC,0.4052381531986628
|e_y|,m,RUNNING_MPC,0.42010513890372814
|e_y|,m,RUNNING_MPC,0.43364013104236854
|e_y|,m,RUNNING_MPC,0.4408299810592762
|e_y|,m,RUNNING_MPC,0.4581559984813577
|e_y|,m,RUNNING_MPC,0.46346338100492745
|e_y|,m,RUNNING_MPC,0.4716501742743189
|e_y|,m,RUNNING_MPC,0.48329051906742854
|e_y|,m,RUNNING_MPC,0.5050101577827295
|e_y|,m,RUNNING_MPC,0.5146214531697311
|e_y|,m,RUNNING_MPC,0.4989638010350373
|e_y|,m,RUNNING_MPC,0.45537014227008293
|e_y|,m,RUNNING_MPC,0.3921762914612984
|e_y|,m,RUNNING_MPC,0.3267885611347636
|e_y|,m,RUNNING_MPC,0.2401966518722644
|e_y|,m,RUNNING_MPC,0.16138950437651445
|e_y|,m,RUNNING_MPC,0.10698007241897774
|e_y|,m,RUNNING_MPC,0.0740559777285199
|e_y|,m,RUNNING_MPC,0.0588716326810399
|e_y|,m,RUNNING_MPC,0.048050217916923765
|e_y|,m,RUNNING_MPC,0.048015531458581284
|e_y|,m,RUNNING_MPC,0.05137616500298889
|e_y|,m,RUNNING_MPC,0.05340405626867584
|e_y|,m,RUNNING_MPC,0.05368264294641696
|e_y|,m,RUNNING_MPC,0.04638465478030329
|e_y|,m,RUNNING_MPC,0.025094714986290706
|e_y|,m,RUNNING_MPC,0.014233948964445214
|e_y|,m,RUNNING_MPC,0.06076991496388817
|e_y|,m,RUNNING_MPC,0.09618646046335144
|e_y|,m,RUNNING_MPC,0.13108172317958944
|e_y|,m,RUNNING_MPC,0.15273648334465534
|e_y|,m,RUNNING_MPC,0.15721271750526838
|e_y|,m,RUNNING_MPC,0.15218012649127197
|e_y|,m,RUNNING_MPC,0.13015311768644555
|e_y|,m,RUNNING_MPC,0.11484305678636259
|e_y|,m,RUNNING_MPC,0.08832332407267994
|e_y|,m,RUNNING_MPC,0.059930901247041944
|e_y|,m,RUNNING_MPC,0.036518350020110724
|e_y|,m,RUNNING_MPC,0.021271010023019288
|e_y|,m,RUNNING_MPC,0.013845865529077739
|e_y|,m,RUNNING_MPC,0.013711561285185914
|e_y|,m,RUNNING_MPC,0.018200859811443204
|e_y|,m,RUNNING_MPC,0.02866355537375362
|e_y|,m,RUNNING_MPC,0.04069444019924773
|e_y|,m,RUNNING_MPC,0.060786837344594086
|e_y|,m,RUNNING_MPC,0.07602604881602587
|e_y|,m,RUNNING_MPC,0.08692674864313837
|e_y|,m,RUNNING_MPC,0.08998050366178476
|e_y|,m,RUNNING_MPC,0.08369960074609059
|e_y|,m,RUNNING_MPC,0.06959287794339969
|e_y|,m,RUNNING_MPC,0.055696695189074115
|e_y|,m,RUNNING_MPC,0.03494355561618118
|e_y|,m,RUNNING_MPC,0.023740414008663502
|e_y|,m,RUNNING_MPC,0.015935415727643065
|e_y|,m,RUNNING_MPC,0.012904942893022464
|e_y|,m,RUNNING_MPC,0.012825450775472869
|e_y|,m,RUNNING_MPC,0.01809128858331245
|e_y|,m,RUNNING_MPC,0.022545168807183602
|e_y|,m,RUNNING_MPC,0.033438553570763335
|e_y|,m,RUNNING_MPC,0.04157246114707641
|e_y|,m,RUNNING_MPC,0.045293794864691206
|e_y|,m,RUNNING_MPC,0.049488479484460945
|e_y|,m,RUNNING_MPC,0.04931014500311573
|e_y|,m,RUNNING_MPC,0.04820871511708627
|e_y|,m,RUNNING_MPC,0.04399808188787675
|e_y|,m,RUNNING_MPC,0.04107339256336717
|e_y|,m,RUNNING_MPC,0.037780623349193285
|e_y|,m,RUNNING_MPC,0.03388873394265954
|e_y|,m,RUNNING_MPC,0.03246581892550343
|e_y|,m,RUNNING_MPC,0.03172866118658221
|e_y|,m,RUNNING_MPC,0.03211667433390794
|e_y|,m,RUNNING_MPC,0.03309616143696308
|e_y|,m,RUNNING_MPC,0.034503276476335054
|e_y|,m,RUNNING_MPC,0.03621322544718336
|e_y|,m,RUNNING_MPC,0.03805143636114733
|e_y|,m,RUNNING_MPC,0.03894224026598636
|e_y|,m,RUNNING_MPC,0.03904379687621638
|e_y|,m,RUNNING_MPC,0.03864407915697565
|e_y|,m,RUNNING_MPC,0.03830298647642996
|e_y|,m,RUNNING_MPC,0.03680771356151191
|e_y|,m,RUNNING_MPC,0.03648424773926451
|e_y|,m,RUNNING_MPC,0.03902726435038301
|e_y|,m,RUNNING_MPC,0.04125492859244517
|e_y|,m,RUNNING_MPC,0.04326360792678802
|e_y|,m,RUNNING_MPC,0.04040117027760983
|e_y|,m,RUNNING_MPC,0.03598243749293362
|e_y|,m,RUNNING_MPC,0.03371014412345774
|e_y|,m,RUNNING_MPC,0.03887987396869391
|e_y|,m,RUNNING_MPC,0.03291836567586645
|e_y|,m,RUNNING_MPC,0.015026859837699857
|e_y|,m,RUNNING_MPC,0.010379127459553966
|e_y|,m,RUNNING_MPC,0.006260579623034418
|e_y|,m,RUNNING_MPC,0.03954557378753715
|e_y|,m,RUNNING_MPC,0.054851325563694486
|e_y|,m,RUNNING_MPC,0.05880197625069622
|e_y|,m,RUNNING_MPC,0.05791657820207613
|e_y|,m,RUNNING_MPC,0.04923255054104869
|e_y|,m,RUNNING_MPC,0.04118444107326599
|e_y|,m,RUNNING_MPC,0.020849228518924068
|e_y|,m,RUNNING_MPC,0.006625670489733004
|e_y|,m,RUNNING_MPC,0.011513021688791758
|e_y|,m,RUNNING_MPC,0.02062558375294052
|e_y|,m,RUNNING_MPC,0.028905973449819627
|e_y|,m,RUNNING_MPC,0.03406176524936601
|e_y|,m,RUNNING_MPC,0.03612960370924462
|e_y|,m,RUNNING_MPC,0.036131548380424844
|e_y|,m,RUNNING_MPC,0.03447458886499463
|e_y|,m,RUNNING_MPC,0.032043592755911565
|e_y|,m,RUNNING_MPC,0.028645618390673755
|e_y|,m,RUNNING_MPC,0.026333770306173954
|e_y|,m,RUNNING_MPC,0.024075780618175502
|e_y|,m,RUNNING_MPC,0.024037079653527027
|e_y|,m,RUNNING_MPC,0.02518090984159179
|e_y|,m,RUNNING_MPC,0.02635354888596636
|e_y|,m,RUNNING_MPC,0.027586037153660203
|e_y|,m,RUNNING_MPC,0.027933247515846527
|e_y|,m,RUNNING_MPC,0.027552126142684014
|e_y|,m,RUNNING_MPC,0.02594653496904975
|e_y|,m,RUNNING_MPC,0.023623336966253405
|e_y|,m,RUNNING_MPC,0.021660651698005032
|e_y|,m,RUNNING_MPC,0.02174183531860667
|e_y|,m,RUNNING_MPC,0.0287823585218272
|e_y|,m,RUNNING_MPC,0.04476880707942513
|e_y|,m,RUNNING_MPC,0.05712728452590335
|e_y|,m,RUNNING_MPC,0.08193607498408506
|e_y|,m,RUNNING_MPC,0.11468354957522528
|e_y|,m,RUNNING_MPC,0.13113806633651837
|e_y|,m,RUNNING_MPC,0.15157360100833375
|e_y|,m,RUNNING_MPC,0.17405830166753522
|e_y|,m,RUNNING_MPC,0.19042018240751052
|e_y|,m,RUNNING_MPC,0.20135774125046688
|e_y|,m,RUNNING_MPC,0.2171426721104386
|e_y|,m,RUNNING_MPC,0.2306236514831111
|e_y|,m,RUNNING_MPC,0.24612067808474797
|e_y|,m,RUNNING_MPC,0.25792526327923276
|e_y|,m,RUNNING_MPC,0.2829161328727555
|e_y|,m,RUNNING_MPC,0.2966442735867245
|e_y|,m,RUNNING_MPC,0.32269055257486934
|e_y|,m,RUNNING_MPC,0.34731346384106043
|e_y|,m,RUNNING_MPC,0.3787853426887723
|e_y|,m,RUNNING_MPC,0.4144889926235119
|e_y|,m,RUNNING_MPC,0.45440357977595397
|e_y|,m,RUNNING_MPC,0.49146475412573737
|e_y|,m,RUNNING_MPC,0.5264252599896326
|e_y|,m,RUNNING_MPC,0.5526181644409973
|e_y|,m,RUNNING_MPC,0.5649429182718362
|e_y|,m,RUNNING_MPC,0.5719185215126665
|e_y|,m,RUNNING_MPC,0.554639422191569
|e_y|,m,RUNNING_MPC,0.5276535310241428
|e_y|,m,RUNNING_MPC,0.4921545305159787
|e_y|,m,RUNNING_MPC,0.4467186282595811
|e_y|,m,RUNNING_MPC,0.3972347304303528
|e_y|,m,RUNNING_MPC,0.35863271644060596
|e_y|,m,RUNNING_MPC,0.2948000814560814
|e_y|,m,RUNNING_MPC,0.2525069120828982
|e_y|,m,RUNNING_MPC,0.21559059935558267
|e_y|,m,RUNNING_MPC,0.18833191304161573
|e_y|,m,RUNNING_MPC,0.1728097733689461
|e_y|,m,RUNNING_MPC,0.16099196737743376
|e_y|,m,RUNNING_MPC,0.16016868971729645
|e_y|,m,RUNNING_MPC,0.1591750274311063
|e_y|,m,RUNNING_MPC,0.16524832463981456
|e_y|,m,RUNNING_MPC,0.1665216932684448
|e_y|,m,RUNNING_MPC,0.1705815602903131
|e_y|,m,RUNNING_MPC,0.16748019285724342
|e_y|,m,RUNNING_MPC,0.16400592769419603
|e_y|,m,RUNNING_MPC,0.15476942808878075
|e_y|,m,RUNNING_MPC,0.14191968373972505
|e_y|,m,RUNNING_MPC,0.12191022833287649
|e_y|,m,RUNNING_MPC,0.10353694282732677
|e_y|,m,RUNNING_MPC,0.08112304765377702
|e_y|,m,RUNNING_MPC,0.06188103687324274
|e_y|,m,RUNNING_MPC,0.04113970012539819
|e_y|,m,RUNNING_MPC,0.019870851611877793
|e_y|,m,RUNNING_MPC,0.002262670421479665
|e_y|,m,RUNNING_MPC,0.017381190636599847
|e_y|,m,RUNNING_MPC,0.029433532367459856
|e_y|,m,RUNNING_MPC,0.03972184365013079
|e_y|,m,RUNNING_MPC,0.04872387826194011
|e_y|,m,RUNNING_MPC,0.056612419144758785
|e_y|,m,RUNNING_MPC,0.06225565105155861
|e_y|,m,RUNNING_MPC,0.07337058447408147
|e_y|,m,RUNNING_MPC,0.08129310317231743
|e_y|,m,RUNNING_MPC,0.08939945560736412
|e_y|,m,RUNNING_MPC,0.0976484974287084
|e_y|,m,RUNNING_MPC,0.10700748178675532
|e_y|,m,RUNNING_MPC,0.1161608553005009
|e_y|,m,RUNNING_MPC,0.1254675817096626
|e_y|,m,RUNNING_MPC,0.13741416995022554
|e_y|,m,RUNNING_MPC,0.1583978051941809
|e_y|,m,RUNNING_MPC,0.1804891246197884
|e_y|,m,RUNNING_MPC,0.20975183356882737
|e_y|,m,RUNNING_MPC,0.24391436854192097
|e_y|,m,RUNNING_MPC,0.28101906612257643
|e_y|,m,RUNNING_MPC,0.3062936283480171
|e_y|,m,RUNNING_MPC,0.3331469604274107
|e_y|,m,RUNNING_MPC,0.3398542116973002
|e_y|,m,RUNNING_MPC,0.339899038832004
|e_y|,m,RUNNING_MPC,0.33962475376870105
|e_y|,m,RUNNING_MPC,0.3411299536336114
|e_y|,m,RUNNING_MPC,0.34874645240041274
|e_y|,m,RUNNING_MPC,0.3626813962793234
|e_y|,m,RUNNING_MPC,0.3883405764330224
|e_y|,m,RUNNING_MPC,0.42048680014445916
|e_y|,m,RUNNING_MPC,0.4574279173108842
|e_y|,m,RUNNING_MPC,0.48914823411051
|e_y|,m,RUNNING_MPC,0.5424401078010725
|e_y|,m,RUNNING_MPC,0.5655587541226519
|e_y|,m,RUNNING_MPC,0.5758316550370932
|e_y|,m,RUNNING_MPC,0.5684789038742853
|e_y|,m,RUNNING_MPC,0.5424534586999797
|e_y|,m,RUNNING_MPC,0.49121097413198944
|e_y|,m,RUNNING_MPC,0.44274364968235735
|e_y|,m,RUNNING_MPC,0.390754589699761
|e_y|,m,RUNNING_MPC,0.33489174281438955
|e_y|,m,RUNNING_MPC,0.29914679233862707
|e_y|,m,RUNNING_MPC,0.27769027987182743
|e_y|,m,RUNNING_MPC,0.265198851387452
|e_y|,m,RUNNING_MPC,0.2608925593075564
|e_y|,m,RUNNING_MPC,0.2668702635061724
|e_y|,m,RUNNING_MPC,0.2771167407277145
|e_y|,m,RUNNING_MPC,0.2887916543436858
|e_y|,m,RUNNING_MPC,0.2971474974445877
|e_y|,m,RUNNING_MPC,0.30096882482219733
|e_y|,m,RUNNING_MPC,0.29802229628414373
|e_y|,m,RUNNING_MPC,0.28164284439700915
|e_y|,m,RUNNING_MPC,0.2574395826637251
|e_y|,m,RUNNING_MPC,0.23267948953610756
|e_y|,m,RUNNING_MPC,0.20070433227903303
|e_y|,m,RUNNING_MPC,0.17336905581929102
|e_y|,m,RUNNING_MPC,0.14404794154169848
|e_y|,m,RUNNING_MPC,0.12842160236357553
|e_y|,m,RUNNING_MPC,0.10161623759687213
|e_y|,m,RUNNING_MPC,0.09051310239183717
|e_y|,m,RUNNING_MPC,0.07381836827340021
|e_y|,m,RUNNING_MPC,0.06532234291850042
|e_y|,m,RUNNING_MPC,0.044394353063929026
|e_y|,m,RUNNING_MPC,0.031565838481571795
|e_y|,m,RUNNING_MPC,0.01894756460739476
|e_y|,m,RUNNING_MPC,0.007166907776756437
|e_y|,m,RUNNING_MPC,0.0018280208609118553
|e_y|,m,RUNNING_MPC,0.009259936904232657
|e_y|,m,RUNNING_MPC,0.01454818664306301
|e_y|,m,RUNNING_MPC,0.01679645211362145
|e_y|,m,RUNNING_MPC,0.01783555907376655
|e_y|,m,RUNNING_MPC,0.01743138573544316
|e_y|,m,RUNNING_MPC,0.016894963346167524
|e_y|,m,RUNNING_MPC,0.016423470270334417
|e_y|,m,RUNNING_MPC,0.016515963446943893
|e_y|,m,RUNNING_MPC,0.017492027513701214
|e_y|,m,RUNNING_MPC,0.019188698082502842
|e_y|,m,RUNNING_MPC,0.021394464648892275
|e_y|,m,RUNNING_MPC,0.02483676224939004
|e_y|,m,RUNNING_MPC,0.027323080121555654
|e_y|,m,RUNNING_MPC,0.029750270667880926
|e_y|,m,RUNNING_MPC,0.03179746539206099
|e_y|,m,RUNNING_MPC,0.03340297441693596
|e_y|,m,RUNNING_MPC,0.03570271556204051
|e_y|,m,RUNNING_MPC,0.03817046897288523
|e_y|,m,RUNNING_MPC,0.0400872605717946
|e_y|,m,RUNNING_MPC,0.04378085264403875
|e_y|,m,RUNNING_MPC,0.04704169003540404
|e_y|,m,RUNNING_MPC,0.049090792934443434
|e_y|,m,RUNNING_MPC,0.05262467325395531
|e_y|,m,RUNNING_MPC,0.05474685936333773
|e_y|,m,RUNNING_MPC,0.05763028523658881
|e_y|,m,RUNNING_MPC,0.060284546668220994
|e_y|,m,RUNNING_MPC,0.06329976856327192
|e_y|,m,RUNNING_MPC,0.06690709573235529
|e_y|,m,RUNNING_MPC,0.072288965264456
|e_y|,m,RUNNING_MPC,0.08230005592628997
|e_y|,m,RUNNING_MPC,0.09964808934463915
|e_y|,m,RUNNING_MPC,0.12193623298011777
|e_y|,m,RUNNING_MPC,0.14769365873678547
|e_y|,m,RUNNING_MPC,0.1658295039114202
|e_y|,m,RUNNING_MPC,0.19364577174813216
|e_y|,m,RUNNING_MPC,0.235407621466148
|e_y|,m,RUNNING_MPC,0.2606736281396474
|e_y|,m,RUNNING_MPC,0.281748181018235
|e_y|,m,RUNNING_MPC,0.3028533749236091
|e_y|,m,RUNNING_MPC,0.32685573532736584
|e_y|,m,RUNNING_MPC,0.3469355374423345
|e_y|,m,RUNNING_MPC,0.37619064165201843
|e_y|,m,RUNNING_MPC,0.39249725321297546
|e_y|,m,RUNNING_MPC,0.41330127852649723
|e_y|,m,RUNNING_MPC,0.42399087714328715
|e_y|,m,RUNNING_MPC,0.434969853620436
|e_y|,m,RUNNING_MPC,0.4411491960974712
|e_y|,m,RUNNING_MPC,0.4414062068115634
|e_y|,m,RUNNING_MPC,0.43631947347949235
|e_y|,m,RUNNING_MPC,0.43795588255701373
|e_y|,m,RUNNING_MPC,0.44068882231775586
|e_y|,m,RUNNING_MPC,0.439426140931384
|e_y|,m,RUNNING_MPC,0.4344473345251072
|e_y|,m,RUNNING_MPC,0.4481130476730621
|e_y|,m,RUNNING_MPC,0.45166248058818986
|e_y|,m,RUNNING_MPC,0.46511138075450376
|e_y|,m,RUNNING_MPC,0.47569938161631375
|e_y|,m,RUNNING_MPC,0.5037906039609144
|e_y|,m,RUNNING_MPC,0.5262114894620196
|e_y|,m,RUNNING_MPC,0.5432090076634625
|e_y|,m,RUNNING_MPC,0.5541966849843543
|e_y|,m,RUNNING_MPC,0.5840289444501132
|e_y|,m,RUNNING_MPC,0.6203361189918685
|e_y|,m,RUNNING_MPC,0.6505944677946225
|e_y|,m,RUNNING_MPC,0.6708042180698691
|e_y|,m,RUNNING_MPC,0.683578133882801
|e_y|,m,RUNNING_MPC,0.6790544725353335
|e_y|,m,RUNNING_MPC,0.66889690403071
|e_y|,m,RUNNING_MPC,0.6497682778008046
|e_y|,m,RUNNING_MPC,0.6205297848698322
|e_y|,m,RUNNING_MPC,0.581682761411634
|e_y|,m,RUNNING_MPC,0.534107586252254
|e_y|,m,RUNNING_MPC,0.4853462023422073
|e_y|,m,RUNNING_MPC,0.4303897066168424
|e_y|,m,RUNNING_MPC,0.38358129092367804
|e_y|,m,RUNNING_MPC,0.33098919994350595
|e_y|,m,RUNNING_MPC,0.3058462137741832
|e_y|,m,RUNNING_MPC,0.25455365208585157
|e_y|,m,RUNNING_MPC,0.22527483395820674
|e_y|,m,RUNNING_MPC,0.1977549710743294
|e_y|,m,RUNNING_MPC,0.17383600173889577
|e_y|,m,RUNNING_MPC,0.1467595980750229
|e_y|,m,RUNNING_MPC,0.12351664967321427
|e_y|,m,RUNNING_MPC,0.0987222797703553
|e_y|,m,RUNNING_MPC,0.08230897783785543
|e_y|,m,RUNNING_MPC,0.0689461908357908
|e_y|,m,RUNNING_MPC,0.06133463589279761
|e_y|,m,RUNNING_MPC,0.05816437130697243
|e_y|,m,RUNNING_MPC,0.05721483843205126
|e_y|,m,RUNNING_MPC,0.05734412322150793
|e_y|,m,RUNNING_MPC,0.05710441706036883
|e_y|,m,RUNNING_MPC,0.05574639484082014
|e_y|,m,RUNNING_MPC,0.05305662424670346
|e_y|,m,RUNNING_MPC,0.04863557670030011
|e_y|,m,RUNNING_MPC,0.042806345199763715
|e_y|,m,RUNNING_MPC,0.04019125982648321
|e_y|,m,RUNNING_MPC,0.030466934299171883
|e_y|,m,RUNNING_MPC,0.019108765682304435
|e_y|,m,RUNNING_MPC,0.008304213882127043
|e_y|,m,RUNNING_MPC,0.0009821375301501574
|e_y|,m,RUNNING_MPC,0.009607072203402067
|e_y|,m,RUNNING_MPC,0.02337617958962604
|e_y|,m,RUNNING_MPC,0.03091946169944776
|e_y|,m,RUNNING_MPC,0.041415842162515176
|e_y|,m,RUNNING_MPC,0.049457315211529636
|e_y|,m,RUNNING_MPC,0.06126827959191582
|e_y|,m,RUNNING_MPC,0.06594728501268282
|e_y|,m,RUNNING_MPC,0.07769611314469874
|e_y|,m,RUNNING_MPC,0.0822723444583266
|e_y|,m,RUNNING_MPC,0.09158707244150416
|e_y|,m,RUNNING_MPC,0.1008134464260589
|e_y|,m,RUNNING_MPC,0.11024806155422813
|e_y|,m,RUNNING_MPC,0.1210634291527345
|e_y|,m,RUNNING_MPC,0.1261379171545606
|e_y|,m,RUNNING_MPC,0.14319886011414823
|e_y|,m,RUNNING_MPC,0.16247530216142078
|e_y|,m,RUNNING_MPC,0.17148430985016838
|e_y|,m,RUNNING_MPC,0.1936857336409271
|e_y|,m,RUNNING_MPC,0.204786862567953
|e_y|,m,RUNNING_MPC,0.2272710640576865
|e_y|,m,RUNNING_MPC,0.25392818546986884
|e_y|,m,RUNNING_MPC,0.2776416670944143
|e_y|,m,RUNNING_MPC,0.3100788177955762
|e_y|,m,RUNNING_MPC,0.3316525518811694
|e_y|,m,RUNNING_MPC,0.3458124739760818
|e_y|,m,RUNNING_MPC,0.3846144702169294
|e_y|,m,RUNNING_MPC,0.409493457729026
|e_y|,m,RUNNING_MPC,0.4400123954219804
|e_y|,m,RUNNING_MPC,0.47373402828492933
|e_y|,m,RUNNING_MPC,0.5103670605817568
|e_y|,m,RUNNING_MPC,0.5817289191677433
|e_y|,m,RUNNING_MPC,0.6236073651380644
|e_y|,m,RUNNING_MPC,0.6653949849221297
|e_y|,m,RUNNING_MPC,0.6911982911943401
|e_y|,m,RUNNING_MPC,0.7040128587157112
|e_y|,m,RUNNING_MPC,0.7025695958653057
|e_y|,m,RUNNING_MPC,0.6882584425437883
|e_y|,m,RUNNING_MPC,0.6915509959533854
|e_y|,m,RUNNING_MPC,0.6802848058192712
|e_y|,m,RUNNING_MPC,0.6790975808227588
|e_y|,m,RUNNING_MPC,0.65597154636213
|e_y|,m,RUNNING_MPC,0.6572594287001402
|e_y|,m,RUNNING_MPC,0.6656875785129003
|e_y|,m,RUNNING_MPC,0.6626414079412057
|e_y|,m,RUNNING_MPC,0.6598916417663978
|e_y|,m,RUNNING_MPC,0.6554823366713125
|e_y|,m,RUNNING_MPC,0.668341128332445
|e_y|,m,RUNNING_MPC,0.6662314011244858
|e_y|,m,RUNNING_MPC,0.6561287232326785
|e_y|,m,RUNNING_MPC,0.63418398284821
|e_y|,m,RUNNING_MPC,0.637492849828662
|e_y|,m,RUNNING_MPC,0.6241596819357292
|e_y|,m,RUNNING_MPC,0.6053860891285782
|e_y|,m,RUNNING_MPC,0.5803781028522803
|e_y|,m,RUNNING_MPC,0.5562763817675358
|e_y|,m,RUNNING_MPC,0.5222803978508953
|e_y|,m,RUNNING_MPC,0.4858109427055265
|e_y|,m,RUNNING_MPC,0.4533225029769923
|e_y|,m,RUNNING_MPC,0.4170322892558287
|e_y|,m,RUNNING_MPC,0.38657159756447695
|e_y|,m,RUNNING_MPC,0.3537324000676771
|e_y|,m,RUNNING_MPC,0.32621901462780034
|e_y|,m,RUNNING_MPC,0.2902515897792632
|e_y|,m,RUNNING_MPC,0.27027973294031993
|e_y|,m,RUNNING_MPC,0.23528849716286498
|e_y|,m,RUNNING_MPC,0.21157905178545222
|e_y|,m,RUNNING_MPC,0.18082701001989485
|e_y|,m,RUNNING_MPC,0.1465437756997087
|e_y|,m,RUNNING_MPC,0.11593867256882613
|e_y|,m,RUNNING_MPC,0.09590255927747485
|e_y|,m,RUNNING_MPC,0.05570198150659564
|e_y|,m,RUNNING_MPC,0.02870279499858544
|e_y|,m,RUNNING_MPC,0.01395773613413133
|e_y|,m,RUNNING_MPC,0.00510638326061702
|e_y|,m,RUNNING_MPC,0.005681221418519872
|e_y|,m,RUNNING_MPC,0.015620542508578472
|e_y|,m,RUNNING_MPC,0.032937591210842984
|e_y|,m,RUNNING_MPC,0.05524895648163848
|e_y|,m,RUNNING_MPC,0.06803937753591258
|e_y|,m,RUNNING_MPC,0.09304618350370142
|e_y|,m,RUNNING_MPC,0.11391198169191474
|e_y|,m,RUNNING_MPC,0.12747234223802686
|e_y|,m,RUNNING_MPC,0.1408889703941672
|e_y|,m,RUNNING_MPC,0.14570639833459836
|e_y|,m,RUNNING_MPC,0.14583434800564538
|e_y|,m,RUNNING_MPC,0.13768521051195248
|e_y|,m,RUNNING_MPC,0.12957534030159476
|e_y|,m,RUNNING_MPC,0.11961555429871248
|e_y|,m,RUNNING_MPC,0.10567369690557804
|e_y|,m,RUNNING_MPC,0.0954549929300863
|e_y|,m,RUNNING_MPC,0.07900322654840888
|e_y|,m,RUNNING_MPC,0.06383054844913845
|e_y|,m,RUNNING_MPC,0.04617966262232834
|e_y|,m,RUNNING_MPC,0.03586940641325588
|e_y|,m,RUNNING_MPC,0.03485082790250478
|e_y|,m,RUNNING_MPC,0.04483147033630235
|e_y|,m,RUNNING_MPC,0.07015839655427455
|e_y|,m,RUNNING_MPC,0.10021715323957775
|e_y|,m,RUNNING_MPC,0.11419231059016842
|e_y|,m,RUNNING_MPC,0.15574128952999713
|e_y|,m,RUNNING_MPC,0.1960039783760271
|e_y|,m,RUNNING_MPC,0.22593049738764218
|e_y|,m,RUNNING_MPC,0.2467938332850334
|e_y|,m,RUNNING_MPC,0.25791337714587104
|e_y|,m,RUNNING_MPC,0.26353636798731706
|e_y|,m,RUNNING_MPC,0.2594476298038698
|e_y|,m,RUNNING_MPC,0.2577480239114931
|e_y|,m,RUNNING_MPC,0.24928326337549453
|e_y|,m,RUNNING_MPC,0.2507031175127718
|e_y|,m,RUNNING_MPC,0.254213858098705
|e_y|,m,RUNNING_MPC,0.2665712759161877
|e_y|,m,RUNNING_MPC,0.28430296099614194
|e_y|,m,RUNNING_MPC,0.3158647864427347
|e_y|,m,RUNNING_MPC,0.3432736799581201
|e_y|,m,RUNNING_MPC,0.36878605571698825
|e_y|,m,RUNNING_MPC,0.4155219980232955
|e_y|,m,RUNNING_MPC,0.46513645444393203
|e_y|,m,RUNNING_MPC,0.4948979601480671
|e_y|,m,RUNNING_MPC,0.5408060837137255
|e_y|,m,RUNNING_MPC,0.572598429609346
|e_y|,m,RUNNING_MPC,0.5922029047026186
|e_y|,m,RUNNING_MPC,0.6143029163456619
|e_y|,m,RUNNING_MPC,0.5910985651972557
|e_y|,m,RUNNING_MPC,0.531887673515207
|e_y|,m,RUNNING_MPC,0.48168382744603555
|e_y|,m,RUNNING_MPC,0.40926114845764416
|e_y|,m,RUNNING_MPC,0.34324060092912734
|e_y|,m,RUNNING_MPC,0.29496620011506725
|e_y|,m,RUNNING_MPC,0.2399736597474274
|e_y|,m,RUNNING_MPC,0.21966377901854722
|e_y|,m,RUNNING_MPC,0.1942535236833372
|e_y|,m,RUNNING_MPC,0.17932946846977216
|e_y|,m,RUNNING_MPC,0.17480657764148544
|e_y|,m,RUNNING_MPC,0.17297547877037628
|e_y|,m,RUNNING_MPC,0.16965423538486207
|e_y|,m,RUNNING_MPC,0.16710865268810657
|e_y|,m,RUNNING_MPC,0.15745201929190172
|e_y|,m,RUNNING_MPC,0.1352448801101488
|e_y|,m,RUNNING_MPC,0.10236976459133468
|e_y|,m,RUNNING_MPC,0.07344378844767724
|e_y|,m,RUNNING_MPC,0.036882717149613664
|e_y|,m,RUNNING_MPC,0.021060486559790575
|e_y|,m,RUNNING_MPC,0.010736263029632043
|e_y|,m,RUNNING_MPC,0.012461082510229343
|e_y|,m,RUNNING_MPC,0.019838583365435536
|e_y|,m,RUNNING_MPC,0.030574894632145022
|e_y|,m,RUNNING_MPC,0.0521932443425307
|e_y|,m,RUNNING_MPC,0.06421744167595383
|e_y|,m,RUNNING_MPC,0.06956927829001086
|e_y|,m,RUNNING_MPC,0.06956338573189827
|e_y|,m,RUNNING_MPC,0.06495344170522131
|e_y|,m,RUNNING_MPC,0.05384886467132033
|e_y|,m,RUNNING_MPC,0.044854410165665326
|e_y|,m,RUNNING_MPC,0.03564416653654047
|e_y|,m,RUNNING_MPC,0.027591798841942308
|e_y|,m,RUNNING_MPC,0.0199251089278234
|e_y|,m,RUNNING_MPC,0.018254613961344757
|e_y|,m,RUNNING_MPC,0.019683482215240397
|e_y|,m,RUNNING_MPC,0.02372423594440909
|e_y|,m,RUNNING_MPC,0.02842393577993979
|e_y|,m,RUNNING_MPC,0.030308736151525406
|e_y|,m,RUNNING_MPC,0.03510733704634869
|e_y|,m,RUNNING_MPC,0.03793425666789896
|e_y|,m,RUNNING_MPC,0.0376489797606287
|e_y|,m,RUNNING_MPC,0.03620543401202342
|e_y|,m,RUNNING_MPC,0.03306524203209499
|e_y|,m,RUNNING_MPC,0.02849459547244406
|e_y|,m,RUNNING_MPC,0.024515081092604585
|e_y|,m,RUNNING_MPC,0.018323479499406936
|e_y|,m,RUNNING_MPC,0.014379535372874286
|e_y|,m,RUNNING_MPC,0.011414431984940687
|e_y|,m,RUNNING_MPC,0.009052442435839747
|e_y|,m,RUNNING_MPC,0.009051221658808783
|e_y|,m,RUNNING_MPC,0.011077854652110475
|e_y|,m,RUNNING_MPC,0.013340060792745079
|e_y|,m,RUNNING_MPC,0.017208081967822926
|e_y|,m,RUNNING_MPC,0.018634185731667474
|e_y|,m,RUNNING_MPC,0.022379305701169416
|e_y|,m,RUNNING_MPC,0.02511012892339115
|e_y|,m,RUNNING_MPC,0.028419241678602325
|e_y|,m,RUNNING_MPC,0.030248403841733593
|e_y|,m,RUNNING_MPC,0.030042323290508127
|e_y|,m,RUNNING_MPC,0.02764278836854489
|e_y|,m,RUNNING_MPC,0.02478439326945786
|e_y|,m,RUNNING_MPC,0.01855290312423008
|e_y|,m,RUNNING_MPC,0.013989410085570891
|e_y|,m,RUNNING_MPC,0.009770446328205812
|e_y|,m,RUNNING_MPC,0.0048657410524934885
|e_y|,m,RUNNING_MPC,0.003028407203799932
|e_y|,m,RUNNING_MPC,0.002916257282275153
|e_y|,m,RUNNING_MPC,0.005271295885291141
|e_y|,m,RUNNING_MPC,0.00895520632552499
|e_y|,m,RUNNING_MPC,0.011088611173972363
|e_y|,m,RUNNING_MPC,0.013319376294515461
|e_y|,m,RUNNING_MPC,0.01526716482234447
|e_y|,m,RUNNING_MPC,0.015543048657509703
|e_y|,m,RUNNING_MPC,0.015767399409198246
|e_y|,m,RUNNING_MPC,0.015807195723638257
|e_y|,m,RUNNING_MPC,0.01628610528753019
|e_y|,m,RUNNING_MPC,0.01807539608736944
|e_y|,m,RUNNING_MPC,0.0186726772137576
|e_y|,m,RUNNING_MPC,0.01991141768745963
|e_y|,m,RUNNING_MPC,0.019157096212966684
|e_y|,m,RUNNING_MPC,0.012456300456760938
|e_y|,m,RUNNING_MPC,0.006993499497546157
|e_y|,m,RUNNING_MPC,1.0137116205954921e-05
|e_y|,m,RUNNING_MPC,0.005123925481175795
|e_y|,m,RUNNING_MPC,0.006037994150363379
|e_y|,m,RUNNING_MPC,0.0013350292526619345
|e_y|,m,RUNNING_MPC,0.005641183003603362
|e_y|,m,RUNNING_MPC,0.018667464947955542
|e_y|,m,RUNNING_MPC,0.026665604563898104
|e_y|,m,RUNNING_MPC,0.032457725223074385
|e_y|,m,RUNNING_MPC,0.03428136786635366
|e_y|,m,RUNNING_MPC,0.03128931865570514
|e_y|,m,RUNNING_MPC,0.022311072772227616
|e_y|,m,RUNNING_MPC,0.017056710702583966
|e_y|,m,RUNNING_MPC,0.017025919781604726
|e_y|,m,RUNNING_MPC,0.028782375825624373
|e_y|,m,RUNNING_MPC,0.03761137658659419
|e_y|,m,RUNNING_MPC,0.03441541877300962
|e_y|,m,RUNNING_MPC,0.02371343123855918
|e_y|,m,RUNNING_MPC,0.003682671284682748
|e_y|,m,RUNNING_MPC,0.007247079169044823
|e_y|,m,RUNNING_MPC,0.014277497791340826
|e_y|,m,RUNNING_MPC,0.015193658588151384
|e_y|,m,RUNNING_MPC,0.006590217827515732
|e_y|,m,RUNNING_MPC,0.008096085599847092
|e_y|,m,RUNNING_MPC,0.0184592773250164
|e_y|,m,RUNNING_MPC,0.03101427557069951
|e_y|,m,RUNNING_MPC,0.03614362935613086
|e_y|,m,RUNNING_MPC,0.03815815734652006
|e_y|,m,RUNNING_MPC,0.037162562981914005
|e_y|,m,RUNNING_MPC,0.0312260495351544
|e_y|,m,RUNNING_MPC,0.0221547345175162
|e_y|,m,RUNNING_MPC,0.016052555908037044
|e_y|,m,RUNNING_MPC,0.008604197705116834
|e_y|,m,RUNNING_MPC,0.0056312944081889915
|e_y|,m,RUNNING_MPC,0.005565332173788268
|e_y|,m,RUNNING_MPC,0.009002759342509811
|e_y|,m,RUNNING_MPC,0.01119035764718538
|e_y|,m,RUNNING_MPC,0.020290136114872792
|e_y|,m,RUNNING_MPC,0.02787877225016211
|e_y|,m,RUNNING_MPC,0.029868808921547862
|e_y|,m,RUNNING_MPC,0.026783233346268007
|e_y|,m,RUNNING_MPC,0.017999214225861093
|e_y|,m,RUNNING_MPC,0.005054973447535638
|e_y|,m,RUNNING_MPC,0.005782054673314718
|e_y|,m,RUNNING_MPC,0.015296170724599684
|e_y|,m,RUNNING_MPC,0.023717266135275195
|e_y|,m,RUNNING_MPC,0.026235863161672923
|e_y|,m,RUNNING_MPC,0.022467135711947278
|e_y|,m,RUNNING_MPC,0.014107585457272774
|e_y|,m,RUNNING_MPC,0.0019459099029826843
|e_y|,m,RUNNING_MPC,0.005591896989532719
|e_y|,m,RUNNING_MPC,0.009795203335645222
|e_y|,m,RUNNING_MPC,0.009007339878343623
|e_y|,m,RUNNING_MPC,0.00494960003574918
|e_y|,m,RUNNING_MPC,0.0034818780204071698
|e_y|,m,RUNNING_MPC,0.011539442360259236
|e_y|,m,RUNNING_MPC,0.020784972606206334
|e_y|,m,RUNNING_MPC,0.027853940350739237
|e_y|,m,RUNNING_MPC,0.031377595069607994
|e_y|,m,RUNNING_MPC,0.02896952883814502
|e_y|,m,RUNNING_MPC,0.01469173267468779
|e_y|,m,RUNNING_MPC,6.7450389633128e-05
|e_y|,m,RUNNING_MPC,0.03970350286885499
|e_y|,m,RUNNING_MPC,0.0707866193908436
|e_y|,m,RUNNING_MPC,0.11787084121262664
|e_y|,m,RUNNING_MPC,0.16473529086862979
|e_y|,m,RUNNING_MPC,0.19083312960828633
|e_y|,m,RUNNING_MPC,0.22008051710116378
|e_y|,m,RUNNING_MPC,0.2441537717492196
|e_y|,m,RUNNING_MPC,0.257153277759297
|e_y|,m,RUNNING_MPC,0.2736075821572759
|e_y|,m,RUNNING_MPC,0.28832328910616634
|e_y|,m,RUNNING_MPC,0.29331061309124973
|e_y|,m,RUNNING_MPC,0.29248412489227876
|e_y|,m,RUNNING_MPC,0.2917607979442044
|e_y|,m,RUNNING_MPC,0.2917740333701213
|e_y|,m,RUNNING_MPC,0.28943959998226404
|e_y|,m,RUNNING_MPC,0.2910658738957951
|e_y|,m,RUNNING_MPC,0.2940592055900411
|e_y|,m,RUNNING_MPC,0.307669268334639
|e_y|,m,RUNNING_MPC,0.31803875481699895
|e_y|,m,RUNNING_MPC,0.35287607409249483
|e_y|,m,RUNNING_MPC,0.405716685815102
|e_y|,m,RUNNING_MPC,0.44305595280236854
|e_y|,m,RUNNING_MPC,0.47908509867254095
|e_y|,m,RUNNING_MPC,0.5239726930837781
|e_y|,m,RUNNING_MPC,0.547686439236839
|e_y|,m,RUNNING_MPC,0.5322308099857864
|e_y|,m,RUNNING_MPC,0.5162633129157317
|e_y|,m,RUNNING_MPC,0.4835157595601559
|e_y|,m,RUNNING_MPC,0.4649472422702403
|e_y|,m,RUNNING_MPC,0.43985904373228885
|e_y|,m,RUNNING_MPC,0.42684829413261416
|e_y|,m,RUNNING_MPC,0.39653589750574436
|e_y|,m,RUNNING_MPC,0.3702503756059661
|e_y|,m,RUNNING_MPC,0.34746142948142467
|e_y|,m,RUNNING_MPC,0.3150739628376934
|e_y|,m,RUNNING_MPC,0.3117031869898822
|e_y|,m,RUNNING_MPC,0.2938640689998515
|e_y|,m,RUNNING_MPC,0.291575835943632
|e_y|,m,RUNNING_MPC,0.292229015306839
|e_y|,m,RUNNING_MPC,0.2999787511868666
|e_y|,m,RUNNING_MPC,0.31393592980666096
|e_y|,m,RUNNING_MPC,0.33365621661550054
|e_y|,m,RUNNING_MPC,0.3727537275386163
|e_y|,m,RUNNING_MPC,0.41506945101854686
|e_y|,m,RUNNING_MPC,0.44943372036046764
|e_y|,m,RUNNING_MPC,0.4610443399845886
|e_y|,m,RUNNING_MPC,0.539691326171934
|e_y|,m,RUNNING_MPC,0.5878924879692266
|e_y|,m,RUNNING_MPC,0.6352201291340482
|e_y|,m,RUNNING_MPC,0.6981245930146762
|e_y|,m,RUNNING_MPC,0.7374119327230294
|e_y|,m,RUNNING_MPC,0.7386222772680886
|e_y|,m,RUNNING_MPC,0.7060176139575921
|e_y|,m,RUNNING_MPC,0.6416552867976699
|e_y|,m,RUNNING_MPC,0.6194882060212121
|e_y|,m,RUNNING_MPC,0.5385380531652936
|e_y|,m,RUNNING_MPC,0.4395321575593911
|e_y|,m,RUNNING_MPC,0.3697586685797582
|e_y|,m,RUNNING_MPC,0.29468578363699843
|e_y|,m,RUNNING_MPC,0.26060623897483237
|e_y|,m,RUNNING_MPC,0.23483843743394642
|e_y|,m,RUNNING_MPC,0.22754694388364566
|e_y|,m,RUNNING_MPC,0.2209810910842157
|e_y|,m,RUNNING_MPC,0.21911048983349726
|e_y|,m,RUNNING_MPC,0.2126548851307146
|e_y|,m,RUNNING_MPC,0.1941474917646517
|e_y|,m,RUNNING_MPC,0.1863977440282802
|e_y|,m,RUNNING_MPC,0.1561235418348161
|e_y|,m,RUNNING_MPC,0.11642974848351466
|e_y|,m,RUNNING_MPC,0.07600141664462078
|e_y|,m,RUNNING_MPC,0.055774779453837124
|e_y|,m,RUNNING_MPC,0.024425323587570345
|e_y|,m,RUNNING_MPC,0.008287710319049627
|e_y|,m,RUNNING_MPC,0.027439059572337953
|e_y|,m,RUNNING_MPC,0.05269623057700421
|e_y|,m,RUNNING_MPC,0.0698030549375091
|e_y|,m,RUNNING_MPC,0.09526947021594366
|e_y|,m,RUNNING_MPC,0.11239352962309243
|e_y|,m,RUNNING_MPC,0.13773320698984123
|e_y|,m,RUNNING_MPC,0.15123500513129778
|e_y|,m,RUNNING_MPC,0.18634416356015276
|e_y|,m,RUNNING_MPC,0.22909080058186984
|e_y|,m,RUNNING_MPC,0.2620799668166206
|e_y|,m,RUNNING_MPC,0.3142532828609407
|e_y|,m,RUNNING_MPC,0.35615076529776235
|e_y|,m,RUNNING_MPC,0.4096472399045512
|e_y|,m,RUNNING_MPC,0.45867865053211787
|e_y|,m,RUNNING_MPC,0.5005015942023993
|e_y|,m,RUNNING_MPC,0.5439356292127072
|e_y|,m,RUNNING_MPC,0.6093780620476753
|e_y|,m,RUNNING_MPC,0.6499329234051252
|e_y|,m,RUNNING_MPC,0.6654912055661536
|e_y|,m,RUNNING_MPC,0.6688452507376322
|e_y|,m,RUNNING_MPC,0.662588667601991
|e_y|,m,RUNNING_MPC,0.6367569481362397
|e_y|,m,RUNNING_MPC,0.6150157238135218
|e_y|,m,RUNNING_MPC,0.5911778666742771
|e_y|,m,RUNNING_MPC,0.5521084559681386
|e_y|,m,RUNNING_MPC,0.5369292286156901
|e_y|,m,RUNNING_MPC,0.5002286132149331
|e_y|,m,RUNNING_MPC,0.46338704269906883
|e_y|,m,RUNNING_MPC,0.4477664608353527
|e_y|,m,RUNNING_MPC,0.4380289735248949
|e_y|,m,RUNNING_MPC,0.4292708624681907
|e_y|,m,RUNNING_MPC,0.43974334419690697
|e_y|,m,RUNNING_MPC,0.44574209341683535
|e_y|,m,RUNNING_MPC,0.4562893039278416
|e_y|,m,RUNNING_MPC,0.46997006560385046
|e_y|,m,RUNNING_MPC,0.492294419622136
|e_y|,m,RUNNING_MPC,0.525728407679005
|e_y|,m,RUNNING_MPC,0.532683449006252
|e_y|,m,RUNNING_MPC,0.5644070108139886
|e_y|,m,RUNNING_MPC,0.5773958936097531
|e_y|,m,RUNNING_MPC,0.5811671426778443
|e_y|,m,RUNNING_MPC,0.5803024099926434
|e_y|,m,RUNNING_MPC,0.5709448402114038
|e_y|,m,RUNNING_MPC,0.5471039685563993
|e_y|,m,RUNNING_MPC,0.5309820013414649
|e_y|,m,RUNNING_MPC,0.5154088716157956
|e_y|,m,RUNNING_MPC,0.5044420550640105
|e_y|,m,RUNNING_MPC,0.4874729816184177
|e_y|,m,RUNNING_MPC,0.47793030057609354
|e_y|,m,RUNNING_MPC,0.48260659242651416
|e_y|,m,RUNNING_MPC,0.4816786367683282
|e_y|,m,RUNNING_MPC,0.4922415260943427
|e_y|,m,RUNNING_MPC,0.49594492472335144
|e_y|,m,RUNNING_MPC,0.503552300414893
|e_y|,m,RUNNING_MPC,0.5067687629517763
|e_y|,m,RUNNING_MPC,0.5186164279397011
|e_y|,m,RUNNING_MPC,0.5287811808661912
|e_y|,m,RUNNING_MPC,0.5351505181692855
|e_y|,m,RUNNING_MPC,0.5365346296741059
|e_y|,m,RUNNING_MPC,0.5464798704924851
|e_y|,m,RUNNING_MPC,0.5524186249135595
|e_y|,m,RUNNING_MPC,0.5437202409099617
|e_y|,m,RUNNING_MPC,0.5360510596404051
|e_y|,m,RUNNING_MPC,0.5262240766485776
|e_y|,m,RUNNING_MPC,0.5098976076677411
|e_y|,m,RUNNING_MPC,0.5040657888057207
|e_y|,m,RUNNING_MPC,0.5043879382260865
|e_y|,m,RUNNING_MPC,0.503672201131244
|e_y|,m,RUNNING_MPC,0.4988058281182832
|e_y|,m,RUNNING_MPC,0.48973201118233145
|e_y|,m,RUNNING_MPC,0.47564431523711037
|e_y|,m,RUNNING_MPC,0.4498455986700262
|e_y|,m,RUNNING_MPC,0.429797884214925
|e_y|,m,RUNNING_MPC,0.41222997685258234
|e_y|,m,RUNNING_MPC,0.3887498646838561
|e_y|,m,RUNNING_MPC,0.36497224203333356
|e_y|,m,RUNNING_MPC,0.3424151419988403
|e_y|,m,RUNNING_MPC,0.31211282399377094
|e_y|,m,RUNNING_MPC,0.28841774677166876
|e_y|,m,RUNNING_MPC,0.2556375648190496
|e_y|,m,RUNNING_MPC,0.24018918350128282
|e_y|,m,RUNNING_MPC,0.21464972200038374
|e_y|,m,RUNNING_MPC,0.1821592266174379
|e_y|,m,RUNNING_MPC,0.15909361294992128
|e_y|,m,RUNNING_MPC,0.13744430968247262
|e_y|,m,RUNNING_MPC,0.1210278439014188
|e_y|,m,RUNNING_MPC,0.09918613611347316
|e_y|,m,RUNNING_MPC,0.08476204034858109
|e_y|,m,RUNNING_MPC,0.0711117081766447
|e_y|,m,RUNNING_MPC,0.06029811557056059
|e_y|,m,RUNNING_MPC,0.04698360629298554
|e_y|,m,RUNNING_MPC,0.03361455039389452
|e_y|,m,RUNNING_MPC,0.017863388362031787
|e_y|,m,RUNNING_MPC,0.009913440331895673
|e_y|,m,RUNNING_MPC,0.026872950468987772
|e_y|,m,RUNNING_MPC,0.04534094362625385
|e_y|,m,RUNNING_MPC,0.050641965835036586
|e_y|,m,RUNNING_MPC,0.05120359914663286
|e_y|,m,RUNNING_MPC,0.04630418906428514
|e_y|,m,RUNNING_MPC,0.039539585403493005
|e_y|,m,RUNNING_MPC,0.02562778919994016
|e_y|,m,RUNNING_MPC,0.015743375055486314
|e_y|,m,RUNNING_MPC,0.004054697700561827
|e_y|,m,RUNNING_MPC,0.003904468926025556
|e_y|,m,RUNNING_MPC,0.007851696867375746
|e_y|,m,RUNNING_MPC,0.00862215702140684
|e_y|,m,RUNNING_MPC,0.009871337542516727
|e_y|,m,RUNNING_MPC,0.010336398411190717
|e_y|,m,RUNNING_MPC,0.012681005267388593
|e_y|,m,RUNNING_MPC,0.01958646939746775
|e_y|,m,RUNNING_MPC,0.025619673954402455
|e_y|,m,RUNNING_MPC,0.033960154447818525
|e_y|,m,RUNNING_MPC,0.04872750693042763
|e_y|,m,RUNNING_MPC,0.05993314528421828
|e_y|,m,RUNNING_MPC,0.08020752968723768
|e_y|,m,RUNNING_MPC,0.0935431799149937
|e_y|,m,RUNNING_MPC,0.10487312174736921
|e_y|,m,RUNNING_MPC,0.11823642413421859
|e_y|,m,RUNNING_MPC,0.12477333684908486
|e_y|,m,RUNNING_MPC,0.13901081886585576
|e_y|,m,RUNNING_MPC,0.1519114702532426
|e_y|,m,RUNNING_MPC,0.17673158197716343
|e_y|,m,RUNNING_MPC,0.1891951073158962
|e_y|,m,RUNNING_MPC,0.1947448488755392
|e_y|,m,RUNNING_MPC,0.19009450047989584
|e_y|,m,RUNNING_MPC,0.17787410970463924
|e_y|,m,RUNNING_MPC,0.15910470496574244
|e_y|,m,RUNNING_MPC,0.1458356021030427
|e_y|,m,RUNNING_MPC,0.12570947119290993
|e_y|,m,RUNNING_MPC,0.11516062855533626
|e_y|,m,RUNNING_MPC,0.11027950543416751
|e_y|,m,RUNNING_MPC,0.11445427913377246
|e_y|,m,RUNNING_MPC,0.12132884475913341
|e_y|,m,RUNNING_MPC,0.141687363794047
|e_y|,m,RUNNING_MPC,0.17152065800213318
|e_y|,m,RUNNING_MPC,0.20421896530125574
|e_y|,m,RUNNING_MPC,0.23091223760046134
|e_y|,m,RUNNING_MPC,0.2820359142726477
|e_y|,m,RUNNING_MPC,0.32242990732762666
|e_y|,m,RUNNING_MPC,0.363155746723912
|e_y|,m,RUNNING_MPC,0.3851978981220515
|e_y|,m,RUNNING_MPC,0.3858679091926849
|e_y|,m,RUNNING_MPC,0.3700170112243641
|e_y|,m,RUNNING_MPC,0.33844828077070055
|e_y|,m,RUNNING_MPC,0.2981607913224042
|e_y|,m,RUNNING_MPC,0.25675502339473677
|e_y|,m,RUNNING_MPC,0.2225427318494847
|e_y|,m,RUNNING_MPC,0.20064676765315828
|e_y|,m,RUNNING_MPC,0.2017400287358987
|e_y|,m,RUNNING_MPC,0.23182973904947426
|e_y|,m,RUNNING_MPC,0.26883391618224584
|e_y|,m,RUNNING_MPC,0.3094320052129387
|e_y|,m,RUNNING_MPC,0.3524653279728436
|e_y|,m,RUNNING_MPC,0.38736526845969393
|e_y|,m,RUNNING_MPC,0.41183892041234593
|e_y|,m,RUNNING_MPC,0.42361603101410683
|e_y|,m,RUNNING_MPC,0.4153171375102019
|e_y|,m,RUNNING_MPC,0.3792433826346615
|e_y|,m,RUNNING_MPC,0.3282256405811478
|e_y|,m,RUNNING_MPC,0.28244794971630427
|e_y|,m,RUNNING_MPC,0.21331072766490683
|e_y|,m,RUNNING_MPC,0.1620221260860763
|e_y|,m,RUNNING_MPC,0.11781065091340112
|e_y|,m,RUNNING_MPC,0.06595433895373802
|e_y|,m,RUNNING_MPC,0.054052352243721236
|e_y|,m,RUNNING_MPC,0.06685141164172456
|e_y|,m,RUNNING_MPC,0.08604386469487185
|e_y|,m,RUNNING_MPC,0.10542728428022133
|e_y|,m,RUNNING_MPC,0.13164014220812703
|e_y|,m,RUNNING_MPC,0.14773776888397508
|e_y|,m,RUNNING_MPC,0.16228239186145968
|e_y|,m,RUNNING_MPC,0.17103383359992402
|e_y|,m,RUNNING_MPC,0.17192834477296948
|e_y|,m,RUNNING_MPC,0.1644570038599618
|e_y|,m,RUNNING_MPC,0.14995120308197565
|e_y|,m,RUNNING_MPC,0.1295223061228028
|e_y|,m,RUNNING_MPC,0.10600334969011047
|e_y|,m,RUNNING_MPC,0.08253301494714933
|e_y|,m,RUNNING_MPC,0.055073545572081356
|e_y|,m,RUNNING_MPC,0.03739376399855089
|e_y|,m,RUNNING_MPC,0.02539528240348643
|e_y|,m,RUNNING_MPC,0.01649847532808399
|e_y|,m,RUNNING_MPC,0.01057324067138471
|e_y|,m,RUNNING_MPC,0.010161260196943744
|e_y|,m,RUNNING_MPC,0.010855148807371706
|e_y|,m,RUNNING_MPC,0.012842000524090347
|e_y|,m,RUNNING_MPC,0.014807554597949753
|e_y|,m,RUNNING_MPC,0.016235440765247064
|e_y|,m,RUNNING_MPC,0.016353848272714674
|e_y|,m,RUNNING_MPC,0.014975571110511163
|e_y|,m,RUNNING_MPC,0.012429577159299862
|e_y|,m,RUNNING_MPC,0.006759697848732871
|e_y|,m,RUNNING_MPC,0.0009743104779472919
|e_y|,m,RUNNING_MPC,0.008799300219806752
|e_y|,m,RUNNING_MPC,0.019588075760426496
|e_y|,m,RUNNING_MPC,0.029101516945956356
|e_y|,m,RUNNING_MPC,0.03670281336140312
|e_y|,m,RUNNING_MPC,0.04100293534487464
|e_y|,m,RUNNING_MPC,0.04152836496157477
|e_y|,m,RUNNING_MPC,0.03808523072664174
|e_y|,m,RUNNING_MPC,0.03321568028300077
|e_y|,m,RUNNING_MPC,0.025954124412487067
|e_y|,m,RUNNING_MPC,0.017247312466869513
|e_y|,m,RUNNING_MPC,0.011550166145275102
|e_y|,m,RUNNING_MPC,0.007935088363758495
|e_y|,m,RUNNING_MPC,0.004904184258791784
|e_y|,m,RUNNING_MPC,0.005077850120281502
|e_y|,m,RUNNING_MPC,0.005728412153581219
|e_y|,m,RUNNING_MPC,0.00861104329557465
|e_y|,m,RUNNING_MPC,0.010643427702294692
|e_y|,m,RUNNING_MPC,0.013424040394675353
|e_y|,m,RUNNING_MPC,0.015595166213649047
|e_y|,m,RUNNING_MPC,0.0160717737361644
|e_y|,m,RUNNING_MPC,0.01720216510286645
|e_y|,m,RUNNING_MPC,0.018024472578931697
|e_y|,m,RUNNING_MPC,0.017602798925133594
|e_y|,m,RUNNING_MPC,0.01680947326367526
|e_y|,m,RUNNING_MPC,0.016044759085541673
|e_y|,m,RUNNING_MPC,0.015050484931587161
|e_y|,m,RUNNING_MPC,0.014249908600551947
|e_y|,m,RUNNING_MPC,0.013918165141630315
|e_y|,m,RUNNING_MPC,0.012888068685465243
|e_y|,m,RUNNING_MPC,0.012530283823014868
|e_y|,m,RUNNING_MPC,0.012193169446966624
|e_y|,m,RUNNING_MPC,0.011241906969721854
|e_y|,m,RUNNING_MPC,0.010758691191128308
|e_y|,m,RUNNING_MPC,0.010694420246600035
|e_y|,m,RUNNING_MPC,0.010520592538546116
|e_y|,m,RUNNING_MPC,0.010499777787138592
|e_y|,m,RUNNING_MPC,0.010490031827405351
|e_y|,m,RUNNING_MPC,0.01031187627484512
|e_y|,m,RUNNING_MPC,0.01027201618435547
|e_y|,m,RUNNING_MPC,0.010930138941544064
|e_y|,m,RUNNING_MPC,0.01098290546043728
|e_y|,m,RUNNING_MPC,0.011437376450837547
|e_y|,m,RUNNING_MPC,0.011879516210412507
|e_y|,m,RUNNING_MPC,0.011171206105944222
|e_y|,m,RUNNING_MPC,0.01091976262013454
|e_y|,m,RUNNING_MPC,0.010151859000038028
|e_y|,m,RUNNING_MPC,0.009922367416010783
|e_y|,m,RUNNING_MPC,0.009750618795024035
|e_y|,m,RUNNING_MPC,0.009211032642842756
|e_y|,m,RUNNING_MPC,0.009527681804717122
|e_y|,m,RUNNING_MPC,0.010119112977194436
|e_y|,m,RUNNING_MPC,0.011106546153597921
|e_y|,m,RUNNING_MPC,0.011961834232450022
|e_y|,m,RUNNING_MPC,0.012794234470658528
|e_y|,m,RUNNING_MPC,0.013439497043039289
|e_y|,m,RUNNING_MPC,0.014087916260662817
|e_y|,m,RUNNING_MPC,0.013884097455931818
|e_y|,m,RUNNING_MPC,0.01290548393200474
|e_y|,m,RUNNING_MPC,0.01145755356609169
|e_y|,m,RUNNING_MPC,0.00919482979707778
|e_y|,m,RUNNING_MPC,0.0071820594020385944
|e_y|,m,RUNNING_MPC,0.003289016974260137
|e_y|,m,RUNNING_MPC,0.0009690208410159037
|e_y|,m,RUNNING_MPC,0.005686147178526849
|e_y|,m,RUNNING_MPC,0.011487459450840863
|e_y|,m,RUNNING_MPC,0.016432815903667686
|e_y|,m,RUNNING_MPC,0.021516337304739848
|e_y|,m,RUNNING_MPC,0.02584468644586713
|e_y|,m,RUNNING_MPC,0.02930504862361557
|e_y|,m,RUNNING_MPC,0.03181793065794357
|e_y|,m,RUNNING_MPC,0.03324519809424628
|e_y|,m,RUNNING_MPC,0.03314877452044673
|e_y|,m,RUNNING_MPC,0.032571777413069464
|e_y|,m,RUNNING_MPC,0.033748142969089734
|e_y|,m,RUNNING_MPC,0.04203458024398804
|e_y|,m,RUNNING_MPC,0.05669986813831501
|e_y|,m,RUNNING_MPC,0.07600110199674064
|e_y|,m,RUNNING_MPC,0.10610139309504497
|e_y|,m,RUNNING_MPC,0.13336295090259245
|e_y|,m,RUNNING_MPC,0.15855321899199135
|e_y|,m,RUNNING_MPC,0.1837153188337393
|e_y|,m,RUNNING_MPC,0.20738885426121795
|e_y|,m,RUNNING_MPC,0.2281958908093267
|e_y|,m,RUNNING_MPC,0.2490961180595344
|e_y|,m,RUNNING_MPC,0.2710467255957553
|e_y|,m,RUNNING_MPC,0.28684870920638517
|e_y|,m,RUNNING_MPC,0.300364783338097
|e_y|,m,RUNNING_MPC,0.30833093347447865
|e_y|,m,RUNNING_MPC,0.31714467109644523
|e_y|,m,RUNNING_MPC,0.3195597308419028
|e_y|,m,RUNNING_MPC,0.3230893790548821
|e_y|,m,RUNNING_MPC,0.32017535671978115
|e_y|,m,RUNNING_MPC,0.31690932792399573
|e_y|,m,RUNNING_MPC,0.31541157875827247
|e_y|,m,RUNNING_MPC,0.31591822504840583
|e_y|,m,RUNNING_MPC,0.3241814708772005
|e_y|,m,RUNNING_MPC,0.3361076679914522
|e_y|,m,RUNNING_MPC,0.3640533320632212
|e_y|,m,RUNNING_MPC,0.3901190576935189
|e_y|,m,RUNNING_MPC,0.42709072750779614
|e_y|,m,RUNNING_MPC,0.4573652899233508
|e_y|,m,RUNNING_MPC,0.4930704628567266
|e_y|,m,RUNNING_MPC,0.526916561198784
|e_y|,m,RUNNING_MPC,0.5556297804670962
|e_y|,m,RUNNING_MPC,0.5816474942296799
|e_y|,m,RUNNING_MPC,0.601706518925018
|e_y|,m,RUNNING_MPC,0.6070200262876272
|e_y|,m,RUNNING_MPC,0.5947864937133349
|e_y|,m,RUNNING_MPC,0.5583170160088626
|e_y|,m,RUNNING_MPC,0.516569221239329
|e_y|,m,RUNNING_MPC,0.4599056581822253
|e_y|,m,RUNNING_MPC,0.40791763153424265
|e_y|,m,RUNNING_MPC,0.33886754708143435
|e_y|,m,RUNNING_MPC,0.29383495885236577
|e_y|,m,RUNNING_MPC,0.26694741811909495
|e_y|,m,RUNNING_MPC,0.25735423376483385
|e_y|,m,RUNNING_MPC,0.25886393183180867
|e_y|,m,RUNNING_MPC,0.2746696239155647
|e_y|,m,RUNNING_MPC,0.2937542038398192
|e_y|,m,RUNNING_MPC,0.3161038165581583
|e_y|,m,RUNNING_MPC,0.33434094713199825
|e_y|,m,RUNNING_MPC,0.3487566942171678
|e_y|,m,RUNNING_MPC,0.3532867274934317
|e_y|,m,RUNNING_MPC,0.3523142541779081
|e_y|,m,RUNNING_MPC,0.33613657609369085
|e_y|,m,RUNNING_MPC,0.3148299814576695
|e_y|,m,RUNNING_MPC,0.28364292994367646
|e_y|,m,RUNNING_MPC,0.2341836226095332
|e_y|,m,RUNNING_MPC,0.17735287164309732
|e_y|,m,RUNNING_MPC,0.13203643129691778
|e_y|,m,RUNNING_MPC,0.09267550589120419
|e_y|,m,RUNNING_MPC,0.054017159732924314
|e_y|,m,RUNNING_MPC,0.025769816564261278
|e_y|,m,RUNNING_MPC,0.01955971962075337
|e_y|,m,RUNNING_MPC,0.02355174528513574
|e_y|,m,RUNNING_MPC,0.025683635499646473
|e_y|,m,RUNNING_MPC,0.030960204646837436
|e_y|,m,RUNNING_MPC,0.04911842610589951
|e_y|,m,RUNNING_MPC,0.10702318970494792
|e_y|,m,RUNNING_MPC,0.1393248669019544
|e_y|,m,RUNNING_MPC,0.1536645347468399
|e_y|,m,RUNNING_MPC,0.14298197633643797
|e_y|,m,RUNNING_MPC,0.11284255845571241
|e_y|,m,RUNNING_MPC,0.08332825942227809
|e_y|,m,RUNNING_MPC,0.04379428905103884
|e_y|,m,RUNNING_MPC,0.009664573832514761
|e_y|,m,RUNNING_MPC,0.00940343150437839
|e_y|,m,RUNNING_MPC,0.022056831575246717
|e_y|,m,RUNNING_MPC,0.018219398661327928
|e_y|,m,RUNNING_MPC,0.007708079472183785
|e_y|,m,RUNNING_MPC,0.016466793360762788
|e_y|,m,RUNNING_MPC,0.025241453438798217
|e_y|,m,RUNNING_MPC,0.05049735195086348
|e_y|,m,RUNNING_MPC,0.06775353006299
|e_y|,m,RUNNING_MPC,0.07316833054275397
|e_y|,m,RUNNING_MPC,0.06981383946127837
|e_y|,m,RUNNING_MPC,0.06230380040206168
|e_y|,m,RUNNING_MPC,0.052082079831867426
|e_y|,m,RUNNING_MPC,0.035717886428436374
|e_y|,m,RUNNING_MPC,0.02611075680388189
|e_y|,m,RUNNING_MPC,0.016639256599148194
|e_y|,m,RUNNING_MPC,0.015091273625971763
|e_y|,m,RUNNING_MPC,0.016960828369114802
|e_y|,m,RUNNING_MPC,0.01988280930340801
|e_y|,m,RUNNING_MPC,0.02488146121530238
|e_y|,m,RUNNING_MPC,0.02742658251770741
|e_y|,m,RUNNING_MPC,0.030271470932333303
|e_y|,m,RUNNING_MPC,0.03190909438120694
|e_y|,m,RUNNING_MPC,0.03422272619999599
|e_y|,m,RUNNING_MPC,0.03747517564056453
|e_y|,m,RUNNING_MPC,0.04087084932087891
|e_y|,m,RUNNING_MPC,0.04632853914826078
|e_y|,m,RUNNING_MPC,0.04601781093906255
|e_y|,m,RUNNING_MPC,0.035802643566397646
|e_y|,m,RUNNING_MPC,0.02388146678029493
|e_y|,m,RUNNING_MPC,0.010445430607111714
|e_y|,m,RUNNING_MPC,0.002778187690867559
|e_y|,m,RUNNING_MPC,0.012320498828225224
|e_y|,m,RUNNING_MPC,0.0008033346716204703
|e_y|,m,RUNNING_MPC,0.018263363558171944
|e_y|,m,RUNNING_MPC,0.04178021912073447
|e_y|,m,RUNNING_MPC,0.04844771055393827
|e_y|,m,RUNNING_MPC,0.045846338871373654
|e_y|,m,RUNNING_MPC,0.041432972032290766
|e_y|,m,RUNNING_MPC,0.02497552998544831
|e_y|,m,RUNNING_MPC,0.008063728461979017
|e_y|,m,RUNNING_MPC,0.0020493883690670053
|e_y|,m,RUNNING_MPC,0.011838584153430087
|e_y|,m,RUNNING_MPC,0.014694300201733082
|e_y|,m,RUNNING_MPC,0.015205456362219413
|e_y|,m,RUNNING_MPC,0.012104620952286572
|e_y|,m,RUNNING_MPC,0.010261531206123851
|e_y|,m,RUNNING_MPC,0.004023593231300689
|e_y|,m,RUNNING_MPC,0.0007051724279576455
|e_y|,m,RUNNING_MPC,0.004235000128901906
|e_y|,m,RUNNING_MPC,0.004344422070917772
|e_y|,m,RUNNING_MPC,0.002542450220346243
|e_y|,m,RUNNING_MPC,0.0018064115066387717
|e_y|,m,RUNNING_MPC,0.0036650108298250834
|e_y|,m,RUNNING_MPC,0.009493015880903316
|e_y|,m,RUNNING_MPC,0.015258529411454481
|e_y|,m,RUNNING_MPC,0.01954229115220344
|e_y|,m,RUNNING_MPC,0.02209717562274198
|e_y|,m,RUNNING_MPC,0.0227011157410383
|e_y|,m,RUNNING_MPC,0.02358793130368949
|e_y|,m,RUNNING_MPC,0.023543978164713503
|e_y|,m,RUNNING_MPC,0.021788708529349013
|e_y|,m,RUNNING_MPC,0.02154415769132772
|e_y|,m,RUNNING_MPC,0.027436303736520666
|e_y|,m,RUNNING_MPC,0.041018433141332175
|e_y|,m,RUNNING_MPC,0.056419802181541086
|e_y|,m,RUNNING_MPC,0.07313656583293252
|e_y|,m,RUNNING_MPC,0.09720954943369198
|e_y|,m,RUNNING_MPC,0.11766646455240411
|e_y|,m,RUNNING_MPC,0.1279752027528387
|e_y|,m,RUNNING_MPC,0.13754566582144495
|e_y|,m,RUNNING_MPC,0.1460248515293909
|e_y|,m,RUNNING_MPC,0.15848035555489115
|e_y|,m,RUNNING_MPC,0.16834301762322545
|e_y|,m,RUNNING_MPC,0.17988694046727238
|e_y|,m,RUNNING_MPC,0.19354685311763997
|e_y|,m,RUNNING_MPC,0.20970378208592194
|e_y|,m,RUNNING_MPC,0.22407165403039858
|e_y|,m,RUNNING_MPC,0.2389831644239946
|e_y|,m,RUNNING_MPC,0.2525658141115926
|e_y|,m,RUNNING_MPC,0.2618816942496215
|e_y|,m,RUNNING_MPC,0.2636107498055319
|e_y|,m,RUNNING_MPC,0.26408340503256744
|e_y|,m,RUNNING_MPC,0.2552610581219532
|e_y|,m,RUNNING_MPC,0.24715940183332805
|e_y|,m,RUNNING_MPC,0.25182174760260095
|e_y|,m,RUNNING_MPC,0.278767328882645
|e_y|,m,RUNNING_MPC,0.30926017927893984
|e_y|,m,RUNNING_MPC,0.34675201505688397
|e_y|,m,RUNNING_MPC,0.349316884205894
|e_y|,m,RUNNING_MPC,0.3131836899285901
|e_y|,m,RUNNING_MPC,0.24983993916403424
|e_y|,m,RUNNING_MPC,0.11764175805109571
|e_y|,m,RUNNING_MPC,0.07032823741334851
|e_y|,m,RUNNING_MPC,0.09547899569632598
|e_y|,m,RUNNING_MPC,0.15587326679228528
|e_y|,m,RUNNING_MPC,0.21118293175509797
|e_y|,m,RUNNING_MPC,0.2492367684471774
|e_y|,m,RUNNING_MPC,0.2691993055191572
|e_y|,m,RUNNING_MPC,0.27382115310411753
|e_y|,m,RUNNING_MPC,0.26182516884815205
|e_y|,m,RUNNING_MPC,0.24036868221874463
|e_y|,m,RUNNING_MPC,0.20563497814868198
|e_y|,m,RUNNING_MPC,0.19178778741511415
|e_y|,m,RUNNING_MPC,0.18530764305766614
|e_y|,m,RUNNING_MPC,0.19151912069657684
|e_y|,m,RUNNING_MPC,0.22309212981483467
|e_y|,m,RUNNING_MPC,0.25542378302937363
|e_y|,m,RUNNING_MPC,0.3145983537037666
|e_y|,m,RUNNING_MPC,0.3575999461753472
|e_y|,m,RUNNING_MPC,0.40740450136349804
|e_y|,m,RUNNING_MPC,0.481796958277505
|e_y|,m,RUNNING_MPC,0.5062544190049961
|e_y|,m,RUNNING_MPC,0.5929802812423353
|e_y|,m,RUNNING_MPC,0.6293060408805038
|e_y|,m,RUNNING_MPC,0.6569219322513862
|e_y|,m,RUNNING_MPC,0.6593686078484117
|e_y|,m,RUNNING_MPC,0.6443025071213452
|e_y|,m,RUNNING_MPC,0.5836664107988679
|e_y|,m,RUNNING_MPC,0.5221791162846388
|e_y|,m,RUNNING_MPC,0.41215482371737233
|e_y|,m,RUNNING_MPC,0.3336332817746566
|e_y|,m,RUNNING_MPC,0.2443451275647185
|e_y|,m,RUNNING_MPC,0.17101475829136473
|e_y|,m,RUNNING_MPC,0.12631133430089747
|e_y|,m,RUNNING_MPC,0.0877696615610649
|e_y|,m,RUNNING_MPC,0.07292224919101101
|e_y|,m,RUNNING_MPC,0.06337082857262821
|e_y|,m,RUNNING_MPC,0.06466722909989979
|e_y|,m,RUNNING_MPC,0.06770869883062611
|e_y|,m,RUNNING_MPC,0.07455999698439505
|e_y|,m,RUNNING_MPC,0.08278372531605045
|e_y|,m,RUNNING_MPC,0.08473045143466607
|e_y|,m,RUNNING_MPC,0.08091822710533272
|e_y|,m,RUNNING_MPC,0.06682732930391916
|e_y|,m,RUNNING_MPC,0.05168903308550483
|e_y|,m,RUNNING_MPC,0.028398273586996217
|e_y|,m,RUNNING_MPC,0.012355734935919446
|e_y|,m,RUNNING_MPC,0.02047696110456433
|e_y|,m,RUNNING_MPC,0.05100186421969991
|e_y|,m,RUNNING_MPC,0.0696729002819988
|e_y|,m,RUNNING_MPC,0.09454234322462138
|e_y|,m,RUNNING_MPC,0.10858550910234274
|e_y|,m,RUNNING_MPC,0.12201521663546586
|e_y|,m,RUNNING_MPC,0.141214207514622
|e_y|,m,RUNNING_MPC,0.14996504067915656
|e_y|,m,RUNNING_MPC,0.1709591727304575
|e_y|,m,RUNNING_MPC,0.19468076173881654
|e_y|,m,RUNNING_MPC,0.21439667227402495
|e_y|,m,RUNNING_MPC,0.2415343707254728
|e_y|,m,RUNNING_MPC,0.2590208286864616
|e_y|,m,RUNNING_MPC,0.2838570982767957
|e_y|,m,RUNNING_MPC,0.2956983322216961
|e_y|,m,RUNNING_MPC,0.3153915549345749
|e_y|,m,RUNNING_MPC,0.3282743099127723
|e_y|,m,RUNNING_MPC,0.33854859952723787
|e_y|,m,RUNNING_MPC,0.34927384449396837
|e_y|,m,RUNNING_MPC,0.35519767008231157
|e_y|,m,RUNNING_MPC,0.3657319326532728
|e_y|,m,RUNNING_MPC,0.37254584549749975
|e_y|,m,RUNNING_MPC,0.3925204947195592
|e_y|,m,RUNNING_MPC,0.4062103854258873
|e_y|,m,RUNNING_MPC,0.43723173349808936
|e_y|,m,RUNNING_MPC,0.4650598153362891
|e_y|,m,RUNNING_MPC,0.49817575566917044
|e_y|,m,RUNNING_MPC,0.5401648298911439
|e_y|,m,RUNNING_MPC,0.5665514359971419
|e_y|,m,RUNNING_MPC,0.5811893052101093
|e_y|,m,RUNNING_MPC,0.575802868539969
|e_y|,m,RUNNING_MPC,0.5423626175319585
|e_y|,m,RUNNING_MPC,0.49923007154002363
|e_y|,m,RUNNING_MPC,0.4003655880715463
|e_y|,m,RUNNING_MPC,0.28101857663663193
|e_y|,m,RUNNING_MPC,0.20486716601866328
|e_y|,m,RUNNING_MPC,0.11535615149736883
|e_y|,m,RUNNING_MPC,0.04501514728280104
|e_y|,m,RUNNING_MPC,0.021510160643832488
|e_y|,m,RUNNING_MPC,0.022612756898902076
|e_y|,m,RUNNING_MPC,0.04172276436063746
|e_y|,m,RUNNING_MPC,0.04552628937106914
|e_y|,m,RUNNING_MPC,0.04420343311140018
|e_y|,m,RUNNING_MPC,0.04296765638563274
|e_y|,m,RUNNING_MPC,0.04484559193780957
|e_y|,m,RUNNING_MPC,0.05154673036653232
|e_y|,m,RUNNING_MPC,0.06343500580662215
|e_y|,m,RUNNING_MPC,0.08303271317232752
|e_y|,m,RUNNING_MPC,0.11475416873557212
|e_y|,m,RUNNING_MPC,0.14118700196569223
|e_y|,m,RUNNING_MPC,0.18038438399694487
|e_y|,m,RUNNING_MPC,0.21368393573104894
|e_y|,m,RUNNING_MPC,0.24698713867403072
|e_y|,m,RUNNING_MPC,0.2952632093470602
|e_y|,m,RUNNING_MPC,0.331765863644162
|e_y|,m,RUNNING_MPC,0.3791140257015232
|e_y|,m,RUNNING_MPC,0.422418703165116
|e_y|,m,RUNNING_MPC,0.466367323630154
|e_y|,m,RUNNING_MPC,0.5282610735779808
|e_y|,m,RUNNING_MPC,0.5780279352111962
|e_y|,m,RUNNING_MPC,0.6103698444675836
|e_y|,m,RUNNING_MPC,0.6162149060183797
|e_y|,m,RUNNING_MPC,0.5958773673290663
|e_y|,m,RUNNING_MPC,0.555609951436049
|e_y|,m,RUNNING_MPC,0.5079885199637159
|e_y|,m,RUNNING_MPC,0.44490631761102295
|e_y|,m,RUNNING_MPC,0.40162037371173176
|e_y|,m,RUNNING_MPC,0.37752655163554405
|e_y|,m,RUNNING_MPC,0.3735048943376909
|e_y|,m,RUNNING_MPC,0.39071856309536995
|e_y|,m,RUNNING_MPC,0.410765997636223
|e_y|,m,RUNNING_MPC,0.45328560212804037
|e_y|,m,RUNNING_MPC,0.47925585691114403
|e_y|,m,RUNNING_MPC,0.5043188503421264
|e_y|,m,RUNNING_MPC,0.5193735375693832
|e_y|,m,RUNNING_MPC,0.525094134687371
|e_y|,m,RUNNING_MPC,0.5294697580761142
|e_y|,m,RUNNING_MPC,0.5316404137382151
|e_y|,m,RUNNING_MPC,0.5258912116764836
|e_y|,m,RUNNING_MPC,0.526858746965337
|e_y|,m,RUNNING_MPC,0.5145218200924379
|e_y|,m,RUNNING_MPC,0.5013373046386933
|e_y|,m,RUNNING_MPC,0.4765051342098827
|e_y|,m,RUNNING_MPC,0.4363316284642174
|e_y|,m,RUNNING_MPC,0.3792273396460932
|e_y|,m,RUNNING_MPC,0.33503300776289424
|e_y|,m,RUNNING_MPC,0.26814298650201407
|e_y|,m,RUNNING_MPC,0.22374925827459657
|e_y|,m,RUNNING_MPC,0.20320724054299222
|e_y|,m,RUNNING_MPC,0.19842932718363204
|e_y|,m,RUNNING_MPC,0.20281056074766163
|e_y|,m,RUNNING_MPC,0.21441904828918912
|e_y|,m,RUNNING_MPC,0.2132536651867819
|e_y|,m,RUNNING_MPC,0.2107609359182654
|e_y|,m,RUNNING_MPC,0.18932711349275375
|e_y|,m,RUNNING_MPC,0.15775920334639407
|e_y|,m,RUNNING_MPC,0.13003964106512905
|e_y|,m,RUNNING_MPC,0.1058121055255533
|e_y|,m,RUNNING_MPC,0.0757482306564558
|e_y|,m,RUNNING_MPC,0.06029315589818357
|e_y|,m,RUNNING_MPC,0.04578233681809191
|e_y|,m,RUNNING_MPC,0.035365082328022504
|e_y|,m,RUNNING_MPC,0.019904481687972826
|e_y|,m,RUNNING_MPC,0.0005933758174511833
|e_y|,m,RUNNING_MPC,0.010576688570265835
|e_y|,m,RUNNING_MPC,0.06329898560352032
|e_y|,m,RUNNING_MPC,0.09418560502391463
|e_y|,m,RUNNING_MPC,0.12470323020909906
|e_y|,m,RUNNING_MPC,0.16251358558082651
|e_y|,m,RUNNING_MPC,0.1862815765970935
|e_y|,m,RUNNING_MPC,0.20882680878624074
|e_y|,m,RUNNING_MPC,0.23041069063207759
|e_y|,m,RUNNING_MPC,0.2724365837539878
|e_y|,m,RUNNING_MPC,0.29101129995149483
|e_y|,m,RUNNING_MPC,0.3582392521127433
|e_y|,m,RUNNING_MPC,0.4427189516645575
|e_y|,m,RUNNING_MPC,0.5217938887274762
|e_y|,m,RUNNING_MPC,0.5961272609301421
|e_y|,m,RUNNING_MPC,0.6434752427265278
|e_y|,m,RUNNING_MPC,0.6584854267915394
|e_y|,m,RUNNING_MPC,0.6341045697629611
|e_y|,m,RUNNING_MPC,0.5441086645353834
|e_y|,m,RUNNING_MPC,0.478057531792934
|e_y|,m,RUNNING_MPC,0.3285625613402664
|e_y|,m,RUNNING_MPC,0.21336180754527556
|e_y|,m,RUNNING_MPC,0.14235224973098054
|e_y|,m,RUNNING_MPC,0.09424070085216252
|e_y|,m,RUNNING_MPC,0.09889488062824256
|e_y|,m,RUNNING_MPC,0.14325989474054962
|e_y|,m,RUNNING_MPC,0.1616423441871682
|e_y|,m,RUNNING_MPC,0.2064967603529698
|e_y|,m,RUNNING_MPC,0.21567935906624258
|e_y|,m,RUNNING_MPC,0.20507151830534845
|e_y|,m,RUNNING_MPC,0.17396171741698918
|e_y|,m,RUNNING_MPC,0.14838131121679204
|e_y|,m,RUNNING_MPC,0.11329522136642028
|e_y|,m,RUNNING_MPC,0.09013059211927416
|e_y|,m,RUNNING_MPC,0.056534995169980534
|e_y|,m,RUNNING_MPC,0.00930991798070191
|e_y|,m,RUNNING_MPC,0.023231277407362208
|e_y|,m,RUNNING_MPC,0.033879198849155606
|e_y|,m,RUNNING_MPC,0.02998748096507639
|e_y|,m,RUNNING_MPC,0.015160067228040756
|e_y|,m,RUNNING_MPC,0.005607349823867708
|e_y|,m,RUNNING_MPC,0.014239870734884433
|e_y|,m,RUNNING_MPC,0.04402251301017002
|e_y|,m,RUNNING_MPC,0.05344534035251958
|e_y|,m,RUNNING_MPC,0.0584027164119183
|e_y|,m,RUNNING_MPC,0.058212049347471956
|e_y|,m,RUNNING_MPC,0.0515055346182508
|e_y|,m,RUNNING_MPC,0.041462435859963315
|e_y|,m,RUNNING_MPC,0.03234190050340524
|e_y|,m,RUNNING_MPC,0.020206054900546888
|e_y|,m,RUNNING_MPC,0.014528907280335304
|e_y|,m,RUNNING_MPC,0.01091426765671677
|e_y|,m,RUNNING_MPC,0.011301896662794186
|e_y|,m,RUNNING_MPC,0.015629218756847772
|e_y|,m,RUNNING_MPC,0.021176688590851006
|e_y|,m,RUNNING_MPC,0.0258573202909491
|e_y|,m,RUNNING_MPC,0.031325572686359646
|e_y|,m,RUNNING_MPC,0.032407546159809675
|e_y|,m,RUNNING_MPC,0.033569614042399776
|e_y|,m,RUNNING_MPC,0.03137226855038608
|e_y|,m,RUNNING_MPC,0.0277544554613241
|e_y|,m,RUNNING_MPC,0.023293048549906575
|e_y|,m,RUNNING_MPC,0.021471831268055047
|e_y|,m,RUNNING_MPC,0.01696502150312712
|e_y|,m,RUNNING_MPC,0.014069412953485266
|e_y|,m,RUNNING_MPC,0.012140419977092965
|e_y|,m,RUNNING_MPC,0.011617872493614179
|e_y|,m,RUNNING_MPC,0.011635094196281004
|e_y|,m,RUNNING_MPC,0.013296949305799832
|e_y|,m,RUNNING_MPC,0.01728658164043037
|e_y|,m,RUNNING_MPC,0.02227258528670322
|e_y|,m,RUNNING_MPC,0.025587846709559117
|e_y|,m,RUNNING_MPC,0.028796365960803566
|e_y|,m,RUNNING_MPC,0.029699023550932346
|e_y|,m,RUNNING_MPC,0.029776627238247533
|e_y|,m,RUNNING_MPC,0.028264824060887303
|e_y|,m,RUNNING_MPC,0.022657603062602186
|e_y|,m,RUNNING_MPC,0.016377304778074364
|e_y|,m,RUNNING_MPC,0.01278089609499411
|e_y|,m,RUNNING_MPC,0.009920226091845036
|e_y|,m,RUNNING_MPC,0.008590860079109109
|e_y|,m,RUNNING_MPC,0.008474885581184984
|e_y|,m,RUNNING_MPC,0.010345924970026066
|e_y|,m,RUNNING_MPC,0.012098718264730413
|e_y|,m,RUNNING_MPC,0.01402965159154368
|e_y|,m,RUNNING_MPC,0.01643424579955543
|e_y|,m,RUNNING_MPC,0.018037221835613765
|e_y|,m,RUNNING_MPC,0.019596250842202845
|e_y|,m,RUNNING_MPC,0.01974000720667496
|e_y|,m,RUNNING_MPC,0.01707815846721364
|e_y|,m,RUNNING_MPC,0.01589718531303233
|e_y|,m,RUNNING_MPC,0.011366086077901669
|e_y|,m,RUNNING_MPC,0.00679078572831654
|e_y|,m,RUNNING_MPC,0.0044475434967659044
|e_y|,m,RUNNING_MPC,0.0036403281726278547
|e_y|,m,RUNNING_MPC,0.004977052058288337
|e_y|,m,RUNNING_MPC,0.010254622507559624
|e_y|,m,RUNNING_MPC,0.015188586029844409
|e_y|,m,RUNNING_MPC,0.02021691640576706
|e_y|,m,RUNNING_MPC,0.02615212556111282
|e_y|,m,RUNNING_MPC,0.028196289542126857
|e_y|,m,RUNNING_MPC,0.027969698417085492
|e_y|,m,RUNNING_MPC,0.025734097579974358
|e_y|,m,RUNNING_MPC,0.020247618947941026
|e_y|,m,RUNNING_MPC,0.015789293434816082
|e_y|,m,RUNNING_MPC,0.010489193645429051
|e_y|,m,RUNNING_MPC,0.00792304202165868
|e_y|,m,RUNNING_MPC,0.004348987662323611
|e_y|,m,RUNNING_MPC,0.0029313885910586257
|e_y|,m,RUNNING_MPC,0.0032942939697880036
|e_y|,m,RUNNING_MPC,0.0046385388106281265
|e_y|,m,RUNNING_MPC,0.007120658925313883
|e_y|,m,RUNNING_MPC,0.009353788289901833
|e_y|,m,RUNNING_MPC,0.011810435588410217
|e_y|,m,RUNNING_MPC,0.012707425632324298
|e_y|,m,RUNNING_MPC,0.014790766761604122
|e_y|,m,RUNNING_MPC,0.015399939646441568
|e_y|,m,RUNNING_MPC,0.01472157462028656
|e_y|,m,RUNNING_MPC,0.013631286099624884
|e_y|,m,RUNNING_MPC,0.012119821986565305
|e_y|,m,RUNNING_MPC,0.011361575562724708
|e_y|,m,RUNNING_MPC,0.009801608143479551
|e_y|,m,RUNNING_MPC,0.008865941824964307
|e_y|,m,RUNNING_MPC,0.008604973995450238
|e_y|,m,RUNNING_MPC,0.008262119043325925
|e_y|,m,RUNNING_MPC,0.008126722265535236
|e_y|,m,RUNNING_MPC,0.009535034094989653
|e_y|,m,RUNNING_MPC,0.00951962769212572
|e_y|,m,RUNNING_MPC,0.00873876769795312
|e_y|,m,RUNNING_MPC,0.00743727972375563
|e_y|,m,RUNNING_MPC,0.007121787366975829
|e_y|,m,RUNNING_MPC,0.0069376455554368
|e_y|,m,RUNNING_MPC,0.007173595550862111
|e_y|,m,RUNNING_MPC,0.008188076102990494
|e_y|,m,RUNNING_MPC,0.00928900310776716
|e_y|,m,RUNNING_MPC,0.010553695034489559
|e_y|,m,RUNNING_MPC,0.011492721982374526
|e_y|,m,RUNNING_MPC,0.011758416660470374
|e_y|,m,RUNNING_MPC,0.011784239340586464
|e_y|,m,RUNNING_MPC,0.01246745605537447
|e_y|,m,RUNNING_MPC,0.011378832695245478
|e_y|,m,RUNNING_MPC,0.009450463411816379
|e_y|,m,RUNNING_MPC,0.0065037583278696465
|e_y|,m,RUNNING_MPC,0.004170712737220264
|e_y|,m,RUNNING_MPC,0.00186483416399566
|e_y|,m,RUNNING_MPC,0.0004923074223764992
|e_y|,m,RUNNING_MPC,0.0032946332983157106
|e_y|,m,RUNNING_MPC,0.004114929577383422
|e_y|,m,RUNNING_MPC,0.004433098984539918
|e_y|,m,RUNNING_MPC,0.005333888969105249
|e_y|,m,RUNNING_MPC,0.005598170822349535
|e_y|,m,RUNNING_MPC,0.005711161761830508
|e_y|,m,RUNNING_MPC,0.00619043705648617
|e_y|,m,RUNNING_MPC,0.006680932002629758
|e_y|,m,RUNNING_MPC,0.0062260529904563655
|e_y|,m,RUNNING_MPC,0.00562096177456245
|e_y|,m,RUNNING_MPC,0.006308391308028433
|e_y|,m,RUNNING_MPC,0.005110072514392688
|e_y|,m,RUNNING_MPC,0.004961845578641863
|e_y|,m,RUNNING_MPC,0.0046058183546108244
|e_y|,m,RUNNING_MPC,0.00532575242437372
|e_y|,m,RUNNING_MPC,0.005485722185974902
|e_y|,m,RUNNING_MPC,0.0061463719324657
|e_y|,m,RUNNING_MPC,0.006588175102797356
|e_y|,m,RUNNING_MPC,0.007359329610002852
|e_y|,m,RUNNING_MPC,0.01020386479608601
|e_y|,m,RUNNING_MPC,0.014261724731781555
|e_y|,m,RUNNING_MPC,0.017585800365867543
|e_y|,m,RUNNING_MPC,0.0208711352403234
|e_y|,m,RUNNING_MPC,0.025499837231000085
|e_y|,m,RUNNING_MPC,0.03159058837921935
|e_y|,m,RUNNING_MPC,0.0400671085474813
|e_y|,m,RUNNING_MPC,0.04857639070847253
|e_y|,m,RUNNING_MPC,0.057113689040315496
|e_y|,m,RUNNING_MPC,0.06791868109941124
|e_y|,m,RUNNING_MPC,0.07501864476492937
|e_y|,m,RUNNING_MPC,0.0821615113198285
|e_y|,m,RUNNING_MPC,0.08781141454024571
|e_y|,m,RUNNING_MPC,0.09016774791155918
|e_y|,m,RUNNING_MPC,0.08758191259369907
|e_y|,m,RUNNING_MPC,0.07940322654477641
|e_y|,m,RUNNING_MPC,0.06964018502754121
|e_y|,m,RUNNING_MPC,0.05951138196354446
|e_y|,m,RUNNING_MPC,0.04510330400708662
|e_y|,m,RUNNING_MPC,0.03759942099790797
|e_y|,m,RUNNING_MPC,0.03409880878568934
|e_y|,m,RUNNING_MPC,0.04499603899813304
|e_y|,m,RUNNING_MPC,0.06226988339923056
|e_y|,m,RUNNING_MPC,0.09448341223718548
|e_y|,m,RUNNING_MPC,0.13239979450061606
|e_y|,m,RUNNING_MPC,0.16359461069604775
|e_y|,m,RUNNING_MPC,0.19632889732674352
|e_y|,m,RUNNING_MPC,0.21930429115499928
|e_y|,m,RUNNING_MPC,0.23163038556238946
|e_y|,m,RUNNING_MPC,0.23597177604546848
|e_y|,m,RUNNING_MPC,0.23401072513190463
|e_y|,m,RUNNING_MPC,0.22984651830676833
|e_y|,m,RUNNING_MPC,0.23127430182140918
|e_y|,m,RUNNING_MPC,0.24295335009977548
|e_y|,m,RUNNING_MPC,0.25821746571925386
|e_y|,m,RUNNING_MPC,0.29092055151583796
|e_y|,m,RUNNING_MPC,0.3139101584744271
|e_y|,m,RUNNING_MPC,0.3526579831908917
|e_y|,m,RUNNING_MPC,0.37699636711562107
|e_y|,m,RUNNING_MPC,0.392487337731199
|e_y|,m,RUNNING_MPC,0.3977847983312029
|e_y|,m,RUNNING_MPC,0.3883878419789643
|e_y|,m,RUNNING_MPC,0.3662915451144602
|e_y|,m,RUNNING_MPC,0.3399010224548797
|e_y|,m,RUNNING_MPC,0.31633243059407845
|e_y|,m,RUNNING_MPC,0.30864692565514074
|e_y|,m,RUNNING_MPC,0.3140501593569156
|e_y|,m,RUNNING_MPC,0.3542232052683656
|e_y|,m,RUNNING_MPC,0.40619920354216354
|e_y|,m,RUNNING_MPC,0.4451873503549386
|e_y|,m,RUNNING_MPC,0.48221232030386496
|e_y|,m,RUNNING_MPC,0.49008894060286157
|e_y|,m,RUNNING_MPC,0.47650802763612415
|e_y|,m,RUNNING_MPC,0.44083548155573404
|e_y|,m,RUNNING_MPC,0.4090498574468067
|e_y|,m,RUNNING_MPC,0.3552350532062567
|e_y|,m,RUNNING_MPC,0.32009605564775573
|e_y|,m,RUNNING_MPC,0.2949724759566935
|e_y|,m,RUNNING_MPC,0.2754286225062815
|e_y|,m,RUNNING_MPC,0.2693308501685891
|e_y|,m,RUNNING_MPC,0.27912021043309854
|e_y|,m,RUNNING_MPC,0.3157702466481209
|e_y|,m,RUNNING_MPC,0.3547705704075797
|e_y|,m,RUNNING_MPC,0.418187185329782
|e_y|,m,RUNNING_MPC,0.46839850465087646
|e_y|,m,RUNNING_MPC,0.5194972247830293
|e_y|,m,RUNNING_MPC,0.5683142811090637
|e_y|,m,RUNNING_MPC,0.5990333508527983
|e_y|,m,RUNNING_MPC,0.6202600306589384
|e_y|,m,RUNNING_MPC,0.6352552316264031
|e_y|,m,RUNNING_MPC,0.6367888551310636
|e_y|,m,RUNNING_MPC,0.6232265827607542
|e_y|,m,RUNNING_MPC,0.5949671789533386
|e_y|,m,RUNNING_MPC,0.5623774312833136
|e_y|,m,RUNNING_MPC,0.46022272553847854
|e_y|,m,RUNNING_MPC,0.41221460112465624
|e_y|,m,RUNNING_MPC,0.31194202813128064
|e_y|,m,RUNNING_MPC,0.2535946194490339
|e_y|,m,RUNNING_MPC,0.19857725448903063
|e_y|,m,RUNNING_MPC,0.17067308333412679
|e_y|,m,RUNNING_MPC,0.1516639594404365
|e_y|,m,RUNNING_MPC,0.1496155154925261
|e_y|,m,RUNNING_MPC,0.16107995349322302
|e_y|,m,RUNNING_MPC,0.17030456381159442
|e_y|,m,RUNNING_MPC,0.19729822618992776
|e_y|,m,RUNNING_MPC,0.23339886586612632
|e_y|,m,RUNNING_MPC,0.26052611461916914
|e_y|,m,RUNNING_MPC,0.27005631324696905
|e_y|,m,RUNNING_MPC,0.26052135246982455
|e_y|,m,RUNNING_MPC,0.2152560742372185
|e_y|,m,RUNNING_MPC,0.18905700809249987
|e_y|,m,RUNNING_MPC,0.1600492142806353
|e_y|,m,RUNNING_MPC,0.17175419836513217
|e_y|,m,RUNNING_MPC,0.18277822929354243
|e_y|,m,RUNNING_MPC,0.14968579937437787
|e_y|,m,RUNNING_MPC,0.10658009465055841
|e_y|,m,RUNNING_MPC,0.0538247512463749
|e_y|,m,RUNNING_MPC,0.012853432584630953
|e_y|,m,RUNNING_MPC,0.021380343253994655
|e_y|,m,RUNNING_MPC,0.03585904895623551
|e_y|,m,RUNNING_MPC,0.04069126304746208
|e_y|,m,RUNNING_MPC,0.048882882844817954
|e_y|,m,RUNNING_MPC,0.05258076245005444
|e_y|,m,RUNNING_MPC,0.05153143447504735
|e_y|,m,RUNNING_MPC,0.051015713067274426
|e_y|,m,RUNNING_MPC,0.05064150154061681
|e_y|,m,RUNNING_MPC,0.05171653752443023
|e_y|,m,RUNNING_MPC,0.05688562224878588
|e_y|,m,RUNNING_MPC,0.07367678991336138
|e_y|,m,RUNNING_MPC,0.09608466004217958
|e_y|,m,RUNNING_MPC,0.15892997509725487
|e_y|,m,RUNNING_MPC,0.19932767786749278
|e_y|,m,RUNNING_MPC,0.26567997559007994
|e_y|,m,RUNNING_MPC,0.30910785629312876
|e_y|,m,RUNNING_MPC,0.34204572822847984
|e_y|,m,RUNNING_MPC,0.339357510716973
|e_y|,m,RUNNING_MPC,0.31935379797015495
|e_y|,m,RUNNING_MPC,0.27023802260325736
|e_y|,m,RUNNING_MPC,0.22950747018217843
|e_y|,m,RUNNING_MPC,0.18000684892337618
|e_y|,m,RUNNING_MPC,0.1348179413741312
|e_y|,m,RUNNING_MPC,0.10768826026840872
|e_y|,m,RUNNING_MPC,0.0815927182342085
|e_y|,m,RUNNING_MPC,0.07481025759193166
|e_y|,m,RUNNING_MPC,0.07551610253617913
|e_y|,m,RUNNING_MPC,0.087644189560392
|e_y|,m,RUNNING_MPC,0.09909847108482193
|e_y|,m,RUNNING_MPC,0.12599101489108136
|e_y|,m,RUNNING_MPC,0.14418679506420135
|e_y|,m,RUNNING_MPC,0.15202882142337815
|e_y|,m,RUNNING_MPC,0.14491709489183957
|e_y|,m,RUNNING_MPC,0.1336341225200762
|e_y|,m,RUNNING_MPC,0.09958158879005469
|e_y|,m,RUNNING_MPC,0.0686675625934797
|e_y|,m,RUNNING_MPC,0.046838359404302116
|e_y|,m,RUNNING_MPC,0.03620318898211694
|e_y|,m,RUNNING_MPC,0.034392095411042406
|e_y|,m,RUNNING_MPC,0.033920985331807874
|e_y|,m,RUNNING_MPC,0.03393799180067056
|e_y|,m,RUNNING_MPC,0.030516386057617403
|e_y|,m,RUNNING_MPC,0.023930267285211637
|e_y|,m,RUNNING_MPC,0.013622297079846787
|e_y|,m,RUNNING_MPC,0.005859149879676673
|e_y|,m,RUNNING_MPC,0.00969407425583066
|e_y|,m,RUNNING_MPC,0.02115847852941817
|e_y|,m,RUNNING_MPC,0.02973495285962279
|e_y|,m,RUNNING_MPC,0.032871345753224146
|e_y|,m,RUNNING_MPC,0.03410933905208535
|e_y|,m,RUNNING_MPC,0.03067754581207588
|e_y|,m,RUNNING_MPC,0.025515328590754838
|e_y|,m,RUNNING_MPC,0.019533694524543455
|e_y|,m,RUNNING_MPC,0.014675751190361186
|e_y|,m,RUNNING_MPC,0.013996296355130722
|e_y|,m,RUNNING_MPC,0.01938194028292639
|e_y|,m,RUNNING_MPC,0.03204456337684175
|e_y|,m,RUNNING_MPC,0.04828678024990857
|e_y|,m,RUNNING_MPC,0.06203941487479832
|e_y|,m,RUNNING_MPC,0.06917382386966581
|e_y|,m,RUNNING_MPC,0.071514572751609
|e_y|,m,RUNNING_MPC,0.06553009805169945
|e_y|,m,RUNNING_MPC,0.05601828633376249
|e_y|,m,RUNNING_MPC,0.0499009209451311
|e_y|,m,RUNNING_MPC,0.03871593092799497
|e_y|,m,RUNNING_MPC,0.03150936748343797
|e_y|,m,RUNNING_MPC,0.027111373836229913
|e_y|,m,RUNNING_MPC,0.025070930894545485
|e_y|,m,RUNNING_MPC,0.02508337665840521
|e_y|,m,RUNNING_MPC,0.02656929296920235
|e_y|,m,RUNNING_MPC,0.02835211211001426
|e_y|,m,RUNNING_MPC,0.030584155669916332
|e_y|,m,RUNNING_MPC,0.03224889744226228
|e_y|,m,RUNNING_MPC,0.03336329790674941
|e_y|,m,RUNNING_MPC,0.033968005431983715
|e_y|,m,RUNNING_MPC,0.03351319078408521
|e_y|,m,RUNNING_MPC,0.032218971053870726
|e_y|,m,RUNNING_MPC,0.030285843296094295
|e_y|,m,RUNNING_MPC,0.02881172710129007
|e_y|,m,RUNNING_MPC,0.025691654567617406
|e_y|,m,RUNNING_MPC,0.023031778837430406
|e_y|,m,RUNNING_MPC,0.02150491856522671
|e_y|,m,RUNNING_MPC,0.01800812411017977
|e_y|,m,RUNNING_MPC,0.014285165793447296
|e_y|,m,RUNNING_MPC,0.0031922693283504
|e_y|,m,RUNNING_MPC,0.009950846014726178
|e_y|,m,RUNNING_MPC,0.03783191637973865
|e_y|,m,RUNNING_MPC,0.07678736257862959
|e_y|,m,RUNNING_MPC,0.10978366490545205
|e_y|,m,RUNNING_MPC,0.17695448177160927
|e_y|,m,RUNNING_MPC,0.23093948508788775
|e_y|,m,RUNNING_MPC,0.2724160807827532
|e_y|,m,RUNNING_MPC,0.3224837408140713
|e_y|,m,RUNNING_MPC,0.3619796431465879
|e_y|,m,RUNNING_MPC,0.4015419313334823
|e_y|,m,RUNNING_MPC,0.4195098929297835
|e_y|,m,RUNNING_MPC,0.4578158294623055
|e_y|,m,RUNNING_MPC,0.4852570278025569
|e_y|,m,RUNNING_MPC,0.5071535283529809
|e_y|,m,RUNNING_MPC,0.5239136138287831
|e_y|,m,RUNNING_MPC,0.5548250446723806
|e_y|,m,RUNNING_MPC,0.5703147435023802
|e_y|,m,RUNNING_MPC,0.5773200637669765
|e_y|,m,RUNNING_MPC,0.6124978822488519
|e_y|,m,RUNNING_MPC,0.6365384582873961
|e_y|,m,RUNNING_MPC,0.637688787235756
|e_y|,m,RUNNING_MPC,0.6898605519462532
|e_y|,m,RUNNING_MPC,0.7205511374721032
|e_y|,m,RUNNING_MPC,0.7449818860419206
|e_y|,m,RUNNING_MPC,0.7739411867008162
|e_y|,m,RUNNING_MPC,0.775422701146389
|e_y|,m,RUNNING_MPC,0.7521562330008078
|e_y|,m,RUNNING_MPC,0.7139431538494954
|e_y|,m,RUNNING_MPC,0.686583793810787
|e_y|,m,RUNNING_MPC,0.652147978291961
|e_y|,m,RUNNING_MPC,0.6106473514193362
|e_y|,m,RUNNING_MPC,0.5706369980500061
|e_y|,m,RUNNING_MPC,0.5164851257431773
|e_y|,m,RUNNING_MPC,0.44381253565731293
|e_y|,m,RUNNING_MPC,0.3727681745823141
|e_y|,m,RUNNING_MPC,0.29335192236208063
|e_y|,m,RUNNING_MPC,0.20895542420748173
|e_y|,m,RUNNING_MPC,0.14061847317976314
|e_y|,m,RUNNING_MPC,0.04567720537375664
|e_y|,m,RUNNING_MPC,0.01088721147366628
|e_y|,m,RUNNING_MPC,0.0844316888818995
|e_y|,m,RUNNING_MPC,0.12552489879568013
|e_y|,m,RUNNING_MPC,0.1597403605682285
|e_y|,m,RUNNING_MPC,0.19211741646927277
|e_y|,m,RUNNING_MPC,0.2361264466927766
|e_y|,m,RUNNING_MPC,0.2826933820376664
|e_y|,m,RUNNING_MPC,0.30711609070013735
|e_y|,m,RUNNING_MPC,0.34524436216060733
|e_y|,m,RUNNING_MPC,0.38744617613767357
|e_y|,m,RUNNING_MPC,0.4156754664288343
|e_y|,m,RUNNING_MPC,0.49630590997008883
|e_y|,m,RUNNING_MPC,0.550705943056012
|e_y|,m,RUNNING_MPC,0.6108994463953108
|e_y|,m,RUNNING_MPC,0.6772812423375627
|e_y|,m,RUNNING_MPC,0.7257951220088003
|e_y|,m,RUNNING_MPC,0.7588336307733133
|e_y|,m,RUNNING_MPC,0.7760863104372162
|e_y|,m,RUNNING_MPC,0.7582056887012666
|e_y|,m,RUNNING_MPC,0.754968983128743
|e_y|,m,RUNNING_MPC,0.7108793711027501
|e_y|,m,RUNNING_MPC,0.6420769333092721
|e_y|,m,RUNNING_MPC,0.5798393655687383
|e_y|,m,RUNNING_MPC,0.515183211637744
|e_y|,m,RUNNING_MPC,0.47472805397048734
|e_y|,m,RUNNING_MPC,0.4203864127441407
|e_y|,m,RUNNING_MPC,0.3888185718706262
|e_y|,m,RUNNING_MPC,0.3609628344982764
|e_y|,m,RUNNING_MPC,0.3497990420884489
|e_y|,m,RUNNING_MPC,0.33783992397896007
|e_y|,m,RUNNING_MPC,0.3331174568060461
|e_y|,m,RUNNING_MPC,0.3414447759518987
|e_y|,m,RUNNING_MPC,0.3542897953456774
|e_y|,m,RUNNING_MPC,0.35345894701593744
|e_y|,m,RUNNING_MPC,0.3700933585627191
|e_y|,m,RUNNING_MPC,0.37335810406207165
|e_y|,m,RUNNING_MPC,0.3621673992025658
|e_y|,m,RUNNING_MPC,0.33272011017888986
|e_y|,m,RUNNING_MPC,0.3050471221475427
|e_y|,m,RUNNING_MPC,0.2507442577508986
|e_y|,m,RUNNING_MPC,0.21002406106379695
|e_y|,m,RUNNING_MPC,0.16270508508796355
|e_y|,m,RUNNING_MPC,0.1343837692786023
|e_y|,m,RUNNING_MPC,0.1162887438666981
|e_y|,m,RUNNING_MPC,0.0928256914616234
|e_y|,m,RUNNING_MPC,0.0852714520130307
|e_y|,m,RUNNING_MPC,0.0776852616125514
|e_y|,m,RUNNING_MPC,0.07625634534163862
|e_y|,m,RUNNING_MPC,0.0756391734407875
|e_y|,m,RUNNING_MPC,0.07429244389426726
|e_y|,m,RUNNING_MPC,0.07481080338803094
|e_y|,m,RUNNING_MPC,0.07713384531790841
|e_y|,m,RUNNING_MPC,0.08513101040748325
|e_y|,m,RUNNING_MPC,0.10941599587058623
|e_y|,m,RUNNING_MPC,0.1299901637871113
|e_y|,m,RUNNING_MPC,0.16334542191466328
|e_y|,m,RUNNING_MPC,0.19264132263012196
|e_y|,m,RUNNING_MPC,0.21197266097792444
|e_y|,m,RUNNING_MPC,0.23129646578587665
|e_y|,m,RUNNING_MPC,0.23973180781175535
|e_y|,m,RUNNING_MPC,0.24428233585340453
|e_y|,m,RUNNING_MPC,0.24328640183522235
|e_y|,m,RUNNING_MPC,0.23937234029420693
|e_y|,m,RUNNING_MPC,0.235882791412511
|e_y|,m,RUNNING_MPC,0.2313225284872494
|e_y|,m,RUNNING_MPC,0.23032978294392736
|e_y|,m,RUNNING_MPC,0.2280037199831674
|e_y|,m,RUNNING_MPC,0.23113302103935507
|e_y|,m,RUNNING_MPC,0.2370913694055762
|e_y|,m,RUNNING_MPC,0.24970444566580088
|e_y|,m,RUNNING_MPC,0.26031307148320537
|e_y|,m,RUNNING_MPC,0.2765342855501416
|e_y|,m,RUNNING_MPC,0.29904910317642286
|e_y|,m,RUNNING_MPC,0.3194290943905355
|e_y|,m,RUNNING_MPC,0.3375433208354183
|e_y|,m,RUNNING_MPC,0.34915386464971915
|e_y|,m,RUNNING_MPC,0.3700444389677084
|e_y|,m,RUNNING_MPC,0.38859099766071636
|e_y|,m,RUNNING_MPC,0.400440210730621
|e_y|,m,RUNNING_MPC,0.4203261503415568
|e_y|,m,RUNNING_MPC,0.43349130426990995
|e_y|,m,RUNNING_MPC,0.4517970396624412
|e_y|,m,RUNNING_MPC,0.4702099384068561
|e_y|,m,RUNNING_MPC,0.4799591442742368
|e_y|,m,RUNNING_MPC,0.49205522211035413
|e_y|,m,RUNNING_MPC,0.4985075755765329
|e_y|,m,RUNNING_MPC,0.522430238559755
|e_y|,m,RUNNING_MPC,0.5297139245190345
|e_y|,m,RUNNING_MPC,0.5252070630732737
|e_y|,m,RUNNING_MPC,0.4892653037938738
|e_y|,m,RUNNING_MPC,0.47059945200313125
|e_y|,m,RUNNING_MPC,0.3882020361670368
|e_y|,m,RUNNING_MPC,0.28302683617891455
|e_y|,m,RUNNING_MPC,0.19602343329611238
|e_y|,m,RUNNING_MPC,0.14223616518697987
|e_y|,m,RUNNING_MPC,0.09786815413424269
|e_y|,m,RUNNING_MPC,0.06869988140768901
|e_y|,m,RUNNING_MPC,0.04931628334649235
|e_y|,m,RUNNING_MPC,0.04611132278156815
|e_y|,m,RUNNING_MPC,0.04680703129562608
|e_y|,m,RUNNING_MPC,0.050134005100689466
|e_y|,m,RUNNING_MPC,0.05196280570297652
|e_y|,m,RUNNING_MPC,0.05050493657637706
|e_y|,m,RUNNING_MPC,0.04195276618399951
|e_y|,m,RUNNING_MPC,0.021787799431914515
|e_y|,m,RUNNING_MPC,0.006020619883968736
|e_y|,m,RUNNING_MPC,0.0466455900566643
|e_y|,m,RUNNING_MPC,0.08489919859094011
|e_y|,m,RUNNING_MPC,0.11389323018596142
|e_y|,m,RUNNING_MPC,0.12936409507958754
|e_y|,m,RUNNING_MPC,0.1351598859601125
|e_y|,m,RUNNING_MPC,0.13157675606648955
|e_y|,m,RUNNING_MPC,0.11571658181954944
|e_y|,m,RUNNING_MPC,0.10249329945623237
|e_y|,m,RUNNING_MPC,0.08320182204443165
|e_y|,m,RUNNING_MPC,0.06921909774170343
|e_y|,m,RUNNING_MPC,0.0524248563112206
|e_y|,m,RUNNING_MPC,0.044959160866491724
|e_y|,m,RUNNING_MPC,0.03912549816654816
|e_y|,m,RUNNING_MPC,0.03693234207502177
|e_y|,m,RUNNING_MPC,0.03610537458531404
|e_y|,m,RUNNING_MPC,0.038523714273933196
|e_y|,m,RUNNING_MPC,0.04413058024975236
|e_y|,m,RUNNING_MPC,0.05053950902924165
|e_y|,m,RUNNING_MPC,0.0656294380182808
|e_y|,m,RUNNING_MPC,0.07431237820100639
|e_y|,m,RUNNING_MPC,0.07517001002577109
|e_y|,m,RUNNING_MPC,0.07052720408154495
|e_y|,m,RUNNING_MPC,0.060593873895170486
|e_y|,m,RUNNING_MPC,0.04870046850167736
|e_y|,m,RUNNING_MPC,0.039451570327291755
|e_y|,m,RUNNING_MPC,0.03353376030215732
|e_y|,m,RUNNING_MPC,0.025108211537543196
|e_y|,m,RUNNING_MPC,0.02235687900908262
|e_y|,m,RUNNING_MPC,0.022777526414409693
|e_y|,m,RUNNING_MPC,0.026497945657904483
|e_y|,m,RUNNING_MPC,0.03059487424090887
|e_y|,m,RUNNING_MPC,0.03655043636366501
|e_y|,m,RUNNING_MPC,0.04217739258795744
|e_y|,m,RUNNING_MPC,0.04536272933185506
|e_y|,m,RUNNING_MPC,0.047364715564566784
|e_y|,m,RUNNING_MPC,0.04685209200054119
|e_y|,m,RUNNING_MPC,0.045399240095363946
|e_y|,m,RUNNING_MPC,0.04243452572354331
|e_y|,m,RUNNING_MPC,0.04069584871683668
|e_y|,m,RUNNING_MPC,0.03786384303071645
|e_y|,m,RUNNING_MPC,0.035443874388411234
|e_y|,m,RUNNING_MPC,0.0341093801739189
|e_y|,m,RUNNING_MPC,0.03383712848410042
|e_y|,m,RUNNING_MPC,0.033751165828368956
|e_y|,m,RUNNING_MPC,0.03478555650093006
|e_y|,m,RUNNING_MPC,0.03528471156790833
|e_y|,m,RUNNING_MPC,0.0366261798440454
|e_y|,m,RUNNING_MPC,0.03775669511628682
|e_y|,m,RUNNING_MPC,0.03839664702183221
|e_y|,m,RUNNING_MPC,0.038383109877037073
|e_y|,m,RUNNING_MPC,0.037737089559138015
|e_y|,m,RUNNING_MPC,0.03730850255064942
|e_y|,m,RUNNING_MPC,0.036804872306811565
|e_y|,m,RUNNING_MPC,0.03619430856439235
|e_y|,m,RUNNING_MPC,0.03815002996593864
|e_y|,m,RUNNING_MPC,0.042133112861428124
|e_y|,m,RUNNING_MPC,0.04404146444730339
|e_y|,m,RUNNING_MPC,0.0418988421227941
|e_y|,m,RUNNING_MPC,0.03705452656221149
|e_y|,m,RUNNING_MPC,0.03581010436057225
|e_y|,m,RUNNING_MPC,0.041830607864714264
|e_y|,m,RUNNING_MPC,0.028675234610219147
|e_y|,m,RUNNING_MPC,0.01062569337913108
|e_y|,m,RUNNING_MPC,0.00883559683192145
|e_y|,m,RUNNING_MPC,0.024458619744294835
|e_y|,m,RUNNING_MPC,0.04912094760625965
|e_y|,m,RUNNING_MPC,0.060041702952036424
|e_y|,m,RUNNING_MPC,0.060890149792877046
|e_y|,m,RUNNING_MPC,0.05512859000314496
|e_y|,m,RUNNING_MPC,0.04328883816709109
|e_y|,m,RUNNING_MPC,0.026860211452311128
|e_y|,m,RUNNING_MPC,0.011955578213148452
|e_y|,m,RUNNING_MPC,0.005600425095079714
|e_y|,m,RUNNING_MPC,0.019196232723768247
|e_y|,m,RUNNING_MPC,0.0266240731738141
|e_y|,m,RUNNING_MPC,0.03215738701319376
|e_y|,m,RUNNING_MPC,0.034263473308410786
|e_y|,m,RUNNING_MPC,0.033593821687737224
|e_y|,m,RUNNING_MPC,0.031419627681181006
|e_y|,m,RUNNING_MPC,0.028306511674709822
|e_y|,m,RUNNING_MPC,0.025081128296999378
|e_y|,m,RUNNING_MPC,0.02342776502874544
|e_y|,m,RUNNING_MPC,0.021688730888914015
|e_y|,m,RUNNING_MPC,0.021670064788025717
|e_y|,m,RUNNING_MPC,0.022725530838967972
|e_y|,m,RUNNING_MPC,0.024354026244878313
|e_y|,m,RUNNING_MPC,0.0263837063604756
|e_y|,m,RUNNING_MPC,0.027057172998420975
|e_y|,m,RUNNING_MPC,0.026747927399711924
|e_y|,m,RUNNING_MPC,0.02491982690981251
|e_y|,m,RUNNING_MPC,0.02294376232008999
|e_y|,m,RUNNING_MPC,0.019956899444343756
|e_y|,m,RUNNING_MPC,0.018262399550054487
|e_y|,m,RUNNING_MPC,0.021184583272054303
|e_y|,m,RUNNING_MPC,0.03374246403873088
|e_y|,m,RUNNING_MPC,0.055003097360518144
|e_y|,m,RUNNING_MPC,0.080732808673294
|e_y|,m,RUNNING_MPC,0.10761941941478609
|e_y|,m,RUNNING_MPC,0.13080403410446936
|e_y|,m,RUNNING_MPC,0.1607914606985359
|e_y|,m,RUNNING_MPC,0.18230712893244605
|e_y|,m,RUNNING_MPC,0.20394138688557573
|e_y|,m,RUNNING_MPC,0.2180138527546579
|e_y|,m,RUNNING_MPC,0.2390847195599668
|e_y|,m,RUNNING_MPC,0.2523690510287904
|e_y|,m,RUNNING_MPC,0.27740330678863756
|e_y|,m,RUNNING_MPC,0.2959710390419107
|e_y|,m,RUNNING_MPC,0.3143287574052833
|e_y|,m,RUNNING_MPC,0.32885254435946853
|e_y|,m,RUNNING_MPC,0.35841821862903245
|e_y|,m,RUNNING_MPC,0.39984808178662734
|e_y|,m,RUNNING_MPC,0.4324460333937907
|e_y|,m,RUNNING_MPC,0.4812180685313323
|e_y|,m,RUNNING_MPC,0.507141030941654
|e_y|,m,RUNNING_MPC,0.5496610280804244
|e_y|,m,RUNNING_MPC,0.5633456911056083
|e_y|,m,RUNNING_MPC,0.5684053800135977
|e_y|,m,RUNNING_MPC,0.5518839820760433
|e_y|,m,RUNNING_MPC,0.5204196033868691
|e_y|,m,RUNNING_MPC,0.47561001767270855
|e_y|,m,RUNNING_MPC,0.4176927312811839
|e_y|,m,RUNNING_MPC,0.3799529403468469
|e_y|,m,RUNNING_MPC,0.30328204271212894
|e_y|,m,RUNNING_MPC,0.26878227524755033
|e_y|,m,RUNNING_MPC,0.21771221592422507
|e_y|,m,RUNNING_MPC,0.19094119192047815
|e_y|,m,RUNNING_MPC,0.17591751055655705
|e_y|,m,RUNNING_MPC,0.15942606664631812
|e_y|,m,RUNNING_MPC,0.15780901086899085
|e_y|,m,RUNNING_MPC,0.1605818069587574
|e_y|,m,RUNNING_MPC,0.16724832995958427
|e_y|,m,RUNNING_MPC,0.17208981093119574
|e_y|,m,RUNNING_MPC,0.17049657231705856
|e_y|,m,RUNNING_MPC,0.16911255126717875
|e_y|,m,RUNNING_MPC,0.15896200741577404
|e_y|,m,RUNNING_MPC,0.14797948010857284
|e_y|,m,RUNNING_MPC,0.12947889734537144
|e_y|,m,RUNNING_MPC,0.10884677454996622
|e_y|,m,RUNNING_MPC,0.09053866183679699
|e_y|,m,RUNNING_MPC,0.06893887138714895
|e_y|,m,RUNNING_MPC,0.049111157379767664
|e_y|,m,RUNNING_MPC,0.032640168747546223
|e_y|,m,RUNNING_MPC,0.016258017560258575
|e_y|,m,RUNNING_MPC,0.0008993707022244141
|e_y|,m,RUNNING_MPC,0.011625337722133686
|e_y|,m,RUNNING_MPC,0.024294689791329052
|e_y|,m,RUNNING_MPC,0.03393039970982967
|e_y|,m,RUNNING_MPC,0.04735636712834161
|e_y|,m,RUNNING_MPC,0.05906982780588702
|e_y|,m,RUNNING_MPC,0.07193887613958555
|e_y|,m,RUNNING_MPC,0.08969171810537485
|e_y|,m,RUNNING_MPC,0.10853748102652838
|e_y|,m,RUNNING_MPC,0.12720579190357373
|e_y|,m,RUNNING_MPC,0.14152674940417675
|e_y|,m,RUNNING_MPC,0.1563673847848635
|e_y|,m,RUNNING_MPC,0.16597130122657688
|e_y|,m,RUNNING_MPC,0.18691469850259462
|e_y|,m,RUNNING_MPC,0.20854995957524725
|e_y|,m,RUNNING_MPC,0.23893459934691808
|e_y|,m,RUNNING_MPC,0.2613112266411735
|e_y|,m,RUNNING_MPC,0.3029306828931809
|e_y|,m,RUNNING_MPC,0.3226325921468299
|e_y|,m,RUNNING_MPC,0.33021039731943813
|e_y|,m,RUNNING_MPC,0.32738627476413834
|e_y|,m,RUNNING_MPC,0.32490145368296414
|e_y|,m,RUNNING_MPC,0.3261356535575002
|e_y|,m,RUNNING_MPC,0.33151408205025545
|e_y|,m,RUNNING_MPC,0.34675739570861497
|e_y|,m,RUNNING_MPC,0.36999473670025257
|e_y|,m,RUNNING_MPC,0.39947341514569756
|e_y|,m,RUNNING_MPC,0.4384281638750929
|e_y|,m,RUNNING_MPC,0.4754619859839082
|e_y|,m,RUNNING_MPC,0.5348026859123294
|e_y|,m,RUNNING_MPC,0.5715484953572542
|e_y|,m,RUNNING_MPC,0.5928148219321845
|e_y|,m,RUNNING_MPC,0.6061364202642202
|e_y|,m,RUNNING_MPC,0.5905955971182046
|e_y|,m,RUNNING_MPC,0.5600262841523418
|e_y|,m,RUNNING_MPC,0.4977523223991902
|e_y|,m,RUNNING_MPC,0.44410378360777136
|e_y|,m,RUNNING_MPC,0.37675584220897745
|e_y|,m,RUNNING_MPC,0.32642243389291414
|e_y|,m,RUNNING_MPC,0.29936648245234504
|e_y|,m,RUNNING_MPC,0.2836399627012285
|e_y|,m,RUNNING_MPC,0.28255604248650285
|e_y|,m,RUNNING_MPC,0.2873014722745071
|e_y|,m,RUNNING_MPC,0.29824123752110687
|e_y|,m,RUNNING_MPC,0.30705478628894717
|e_y|,m,RUNNING_MPC,0.3111302413382475
|e_y|,m,RUNNING_MPC,0.30612341983690794
|e_y|,m,RUNNING_MPC,0.2967875608185793
|e_y|,m,RUNNING_MPC,0.26707370870453007
|e_y|,m,RUNNING_MPC,0.2329452907422254
|e_y|,m,RUNNING_MPC,0.1940033527781515
|e_y|,m,RUNNING_MPC,0.15895468537616697
|e_y|,m,RUNNING_MPC,0.12875107644430767
|e_y|,m,RUNNING_MPC,0.10617319565062772
|e_y|,m,RUNNING_MPC,0.09381787194392469
|e_y|,m,RUNNING_MPC,0.08267917497799837
|e_y|,m,RUNNING_MPC,0.07638309683312372
|e_y|,m,RUNNING_MPC,0.07202807939732637
|e_y|,m,RUNNING_MPC,0.05499891835328391
|e_y|,m,RUNNING_MPC,0.040936234326561516
|e_y|,m,RUNNING_MPC,0.022076137519723593
|e_y|,m,RUNNING_MPC,0.002596256831160812
|e_y|,m,RUNNING_MPC,0.01062180984755555
|e_y|,m,RUNNING_MPC,0.019269327841367215
|e_y|,m,RUNNING_MPC,0.023032823480066265
|e_y|,m,RUNNING_MPC,0.024089407172378563
|e_y|,m,RUNNING_MPC,0.022096160201687726
|e_y|,m,RUNNING_MPC,0.020422433553411334
|e_y|,m,RUNNING_MPC,0.01847560781369556
|e_y|,m,RUNNING_MPC,0.01800505658600371
|e_y|,m,RUNNING_MPC,0.019061498235314125
|e_y|,m,RUNNING_MPC,0.021389001806315422
|e_y|,m,RUNNING_MPC,0.024986300713027515
|e_y|,m,RUNNING_MPC,0.028904963782520506
|e_y|,m,RUNNING_MPC,0.032833587808259956
|e_y|,m,RUNNING_MPC,0.036790038054039687
|e_y|,m,RUNNING_MPC,0.039194454070976326
|e_y|,m,RUNNING_MPC,0.04469059621524457
|e_y|,m,RUNNING_MPC,0.04950818382043681
|e_y|,m,RUNNING_MPC,0.0529715802336046
|e_y|,m,RUNNING_MPC,0.056367905466579826
|e_y|,m,RUNNING_MPC,0.0578621217901531
|e_y|,m,RUNNING_MPC,0.06014056353498305
|e_y|,m,RUNNING_MPC,0.060292694746639286
|e_y|,m,RUNNING_MPC,0.06105763102444561
|e_y|,m,RUNNING_MPC,0.06363561449401156
|e_y|,m,RUNNING_MPC,0.06822311862112918
|e_y|,m,RUNNING_MPC,0.07934307477546226
|e_y|,m,RUNNING_MPC,0.09815622614974562
|e_y|,m,RUNNING_MPC,0.13130266136022528
|e_y|,m,RUNNING_MPC,0.1611544432772549
|e_y|,m,RUNNING_MPC,0.19960748873269568
|e_y|,m,RUNNING_MPC,0.2342106806298082
|e_y|,m,RUNNING_MPC,0.26155088392311854
|e_y|,m,RUNNING_MPC,0.28700800390707853
|e_y|,m,RUNNING_MPC,0.30645246421161315
|e_y|,m,RUNNING_MPC,0.3222613990714975
|e_y|,m,RUNNING_MPC,0.33416720772424724
|e_y|,m,RUNNING_MPC,0.34872669682172336
|e_y|,m,RUNNING_MPC,0.3642347991599161
|e_y|,m,RUNNING_MPC,0.3683816885367566
|e_y|,m,RUNNING_MPC,0.3840941691068408
|e_y|,m,RUNNING_MPC,0.3897226593770234
|e_y|,m,RUNNING_MPC,0.39315145563672804
|e_y|,m,RUNNING_MPC,0.39457423447694456
|e_y|,m,RUNNING_MPC,0.3901678487722601
|e_y|,m,RUNNING_MPC,0.3972889691947323
|e_y|,m,RUNNING_MPC,0.3994133631093356
|e_y|,m,RUNNING_MPC,0.408675572016872
|e_y|,m,RUNNING_MPC,0.4231894489118573
|e_y|,m,RUNNING_MPC,0.43562149625878255
|e_y|,m,RUNNING_MPC,0.45580929353510763
|e_y|,m,RUNNING_MPC,0.46634969097907153
|e_y|,m,RUNNING_MPC,0.49166624133409775
|e_y|,m,RUNNING_MPC,0.5224325320444206
|e_y|,m,RUNNING_MPC,0.559252029479543
|e_y|,m,RUNNING_MPC,0.5930718807864139
|e_y|,m,RUNNING_MPC,0.5953676159269974
|e_y|,m,RUNNING_MPC,0.6537182342736109
|e_y|,m,RUNNING_MPC,0.6775501520730154
|e_y|,m,RUNNING_MPC,0.6906840002765505
|e_y|,m,RUNNING_MPC,0.6902129205244538
|e_y|,m,RUNNING_MPC,0.6765518403646718
|e_y|,m,RUNNING_MPC,0.6523808475159598
|e_y|,m,RUNNING_MPC,0.6159437721221358
|e_y|,m,RUNNING_MPC,0.5691460322295686
|e_y|,m,RUNNING_MPC,0.5180503217946655
|e_y|,m,RUNNING_MPC,0.45860488278445954
|e_y|,m,RUNNING_MPC,0.3976644902352434
|e_y|,m,RUNNING_MPC,0.340300757877931
|e_y|,m,RUNNING_MPC,0.2899308299851939
|e_y|,m,RUNNING_MPC,0.25359856187383334
|e_y|,m,RUNNING_MPC,0.21568215384784833
|e_y|,m,RUNNING_MPC,0.20049007723233034
|e_y|,m,RUNNING_MPC,0.17791309963097823
|e_y|,m,RUNNING_MPC,0.1524669926764437
|e_y|,m,RUNNING_MPC,0.1292119073020218
|e_y|,m,RUNNING_MPC,0.10841599191170981
|e_y|,m,RUNNING_MPC,0.09305762205687029
|e_y|,m,RUNNING_MPC,0.08082479353986029
|e_y|,m,RUNNING_MPC,0.07400854454217518
|e_y|,m,RUNNING_MPC,0.07016342266293271
|e_y|,m,RUNNING_MPC,0.06750079681826257
|e_y|,m,RUNNING_MPC,0.06734541131737781
|e_y|,m,RUNNING_MPC,0.06635354627799184
|e_y|,m,RUNNING_MPC,0.06444513305496738
|e_y|,m,RUNNING_MPC,0.06209073092790421
|e_y|,m,RUNNING_MPC,0.05903471237472718
|e_y|,m,RUNNING_MPC,0.05217312602587271
|e_y|,m,RUNNING_MPC,0.049200970288143804
|e_y|,m,RUNNING_MPC,0.03882044309635101
|e_y|,m,RUNNING_MPC,0.026013696959745817
|e_y|,m,RUNNING_MPC,0.016805972720704956
|e_y|,m,RUNNING_MPC,0.0020346675538602393
|e_y|,m,RUNNING_MPC,0.007082073410389078
|e_y|,m,RUNNING_MPC,0.022138835517769143
|e_y|,m,RUNNING_MPC,0.027527332495052993
|e_y|,m,RUNNING_MPC,0.04138037834600766
|e_y|,m,RUNNING_MPC,0.05401475550972447
|e_y|,m,RUNNING_MPC,0.06330254471570784
|e_y|,m,RUNNING_MPC,0.07538407851158105
|e_y|,m,RUNNING_MPC,0.08322628653153517
|e_y|,m,RUNNING_MPC,0.0921806863824827
|e_y|,m,RUNNING_MPC,0.10054833567121613
|e_y|,m,RUNNING_MPC,0.10676929736171273
|e_y|,m,RUNNING_MPC,0.116477477874394
|e_y|,m,RUNNING_MPC,0.12929491643516855
|e_y|,m,RUNNING_MPC,0.14406432827342133
|e_y|,m,RUNNING_MPC,0.15960808645275498
|e_y|,m,RUNNING_MPC,0.1727378918075536
|e_y|,m,RUNNING_MPC,0.1952027531067005
|e_y|,m,RUNNING_MPC,0.20080724578152173
|e_y|,m,RUNNING_MPC,0.22225809558647688
|e_y|,m,RUNNING_MPC,0.24296227386689215
|e_y|,m,RUNNING_MPC,0.2673108615994077
|e_y|,m,RUNNING_MPC,0.292725835543309
|e_y|,m,RUNNING_MPC,0.3193007592508649
|e_y|,m,RUNNING_MPC,0.3457152984758832
|e_y|,m,RUNNING_MPC,0.3647944503596793
|e_y|,m,RUNNING_MPC,0.3965224723073573
|e_y|,m,RUNNING_MPC,0.4096590171497995
|e_y|,m,RUNNING_MPC,0.4410190877461655
|e_y|,m,RUNNING_MPC,0.4539876823078003
|e_y|,m,RUNNING_MPC,0.49924630793236574
|e_y|,m,RUNNING_MPC,0.5614721080976135
|e_y|,m,RUNNING_MPC,0.6094358175019343
|e_y|,m,RUNNING_MPC,0.6475881792006714
|e_y|,m,RUNNING_MPC,0.6665577913888515
|e_y|,m,RUNNING_MPC,0.6713917806426992
|e_y|,m,RUNNING_MPC,0.6702765593964127
|e_y|,m,RUNNING_MPC,0.6813216697930734
|e_y|,m,RUNNING_MPC,0.6811533527440379
|e_y|,m,RUNNING_MPC,0.6783636110120203
|e_y|,m,RUNNING_MPC,0.6656253273550542
|e_y|,m,RUNNING_MPC,0.6701117958748785
|e_y|,m,RUNNING_MPC,0.6754503660217777
|e_y|,m,RUNNING_MPC,0.6740442729936202
|e_y|,m,RUNNING_MPC,0.6807471681852812
|e_y|,m,RUNNING_MPC,0.6787808847371346
|e_y|,m,RUNNING_MPC,0.6710262640092021
|e_y|,m,RUNNING_MPC,0.6698915252800102
|e_y|,m,RUNNING_MPC,0.6611460536641739
|e_y|,m,RUNNING_MPC,0.6519337608801549
|e_y|,m,RUNNING_MPC,0.633149533583845
|e_y|,m,RUNNING_MPC,0.6096458961454192
|e_y|,m,RUNNING_MPC,0.5805725655805777
|e_y|,m,RUNNING_MPC,0.5462737884453608
|e_y|,m,RUNNING_MPC,0.5072814512478835
|e_y|,m,RUNNING_MPC,0.4657959526397688
|e_y|,m,RUNNING_MPC,0.42676774250992155
|e_y|,m,RUNNING_MPC,0.39132286267932653
|e_y|,m,RUNNING_MPC,0.3503268600567312
|e_y|,m,RUNNING_MPC,0.3166881550587838
|e_y|,m,RUNNING_MPC,0.2858825538167292
|e_y|,m,RUNNING_MPC,0.26278776322390307
|e_y|,m,RUNNING_MPC,0.228915820946823
|e_y|,m,RUNNING_MPC,0.20904728680419196
|e_y|,m,RUNNING_MPC,0.17702389121639128
|e_y|,m,RUNNING_MPC,0.1651724705978141
|e_y|,m,RUNNING_MPC,0.13284469909796498
|e_y|,m,RUNNING_MPC,0.11468223317702536
|e_y|,m,RUNNING_MPC,0.09095437031989602
|e_y|,m,RUNNING_MPC,0.06660207902646809
|e_y|,m,RUNNING_MPC,0.04914475769890675
|e_y|,m,RUNNING_MPC,0.03524538006987929
|e_y|,m,RUNNING_MPC,0.022427960896437657
|e_y|,m,RUNNING_MPC,0.019087289598619078
|e_y|,m,RUNNING_MPC,0.02183485226930143
|e_y|,m,RUNNING_MPC,0.030887423177751762
|e_y|,m,RUNNING_MPC,0.04201217235783361
|e_y|,m,RUNNING_MPC,0.047061548672207826
|e_y|,m,RUNNING_MPC,0.06918220284818971
|e_y|,m,RUNNING_MPC,0.07892247742452058
|e_y|,m,RUNNING_MPC,0.09122984043442552
|e_y|,m,RUNNING_MPC,0.10160619240397195
|e_y|,m,RUNNING_MPC,0.10942153735874502
|e_y|,m,RUNNING_MPC,0.11287547704648557
|e_y|,m,RUNNING_MPC,0.11363876601080711
|e_y|,m,RUNNING_MPC,0.11351156919460398
|e_y|,m,RUNNING_MPC,0.11030205630842156
|e_y|,m,RUNNING_MPC,0.10805434855228996
|e_y|,m,RUNNING_MPC,0.10648437759944586
|e_y|,m,RUNNING_MPC,0.09929781346708315
|e_y|,m,RUNNING_MPC,0.08977404092924818
|e_y|,m,RUNNING_MPC,0.07774223383208244
|e_y|,m,RUNNING_MPC,0.064356196549881
|e_y|,m,RUNNING_MPC,0.057272256291589385
|e_y|,m,RUNNING_MPC,0.0634584352863712
|e_y|,m,RUNNING_MPC,0.07678042470332647
|e_y|,m,RUNNING_MPC,0.09709220628225651
|e_y|,m,RUNNING_MPC,0.12599744919981387
|e_y|,m,RUNNING_MPC,0.15910314470829592
|e_y|,m,RUNNING_MPC,0.1908710097231596
|e_y|,m,RUNNING_MPC,0.22403403560887133
|e_y|,m,RUNNING_MPC,0.2442124752978035
|e_y|,m,RUNNING_MPC,0.25729362354819696
|e_y|,m,RUNNING_MPC,0.2714266353300614
|e_y|,m,RUNNING_MPC,0.2744161577968845
|e_y|,m,RUNNING_MPC,0.2683536051101265
|e_y|,m,RUNNING_MPC,0.2658874259828384
|e_y|,m,RUNNING_MPC,0.25817244631803155
|e_y|,m,RUNNING_MPC,0.26218262624020344
|e_y|,m,RUNNING_MPC,0.2661539190133991
|e_y|,m,RUNNING_MPC,0.27957049601488665
|e_y|,m,RUNNING_MPC,0.29398349278651836
|e_y|,m,RUNNING_MPC,0.32342715007165074
|e_y|,m,RUNNING_MPC,0.3584554646612244
|e_y|,m,RUNNING_MPC,0.3860705282976291
|e_y|,m,RUNNING_MPC,0.4191135278497343
|e_y|,m,RUNNING_MPC,0.46170141265407005
|e_y|,m,RUNNING_MPC,0.47711503761866836
|e_y|,m,RUNNING_MPC,0.5419434471847204
|e_y|,m,RUNNING_MPC,0.566336209272155
|e_y|,m,RUNNING_MPC,0.5885422064723744
|e_y|,m,RUNNING_MPC,0.5766007404334529
|e_y|,m,RUNNING_MPC,0.5422958714216874
|e_y|,m,RUNNING_MPC,0.4865807203917168
|e_y|,m,RUNNING_MPC,0.4346298307552954
|e_y|,m,RUNNING_MPC,0.35501908350461786
|e_y|,m,RUNNING_MPC,0.31787796421863584
|e_y|,m,RUNNING_MPC,0.25470191471200565
|e_y|,m,RUNNING_MPC,0.21448975552057012
|e_y|,m,RUNNING_MPC,0.19193361068132697
|e_y|,m,RUNNING_MPC,0.17069170277324686
|e_y|,m,RUNNING_MPC,0.16080874852223287
|e_y|,m,RUNNING_MPC,0.15325366557792358
|e_y|,m,RUNNING_MPC,0.14782714931916086
|e_y|,m,RUNNING_MPC,0.1412611816396531
|e_y|,m,RUNNING_MPC,0.13356106559268469
|e_y|,m,RUNNING_MPC,0.1189388886189493
|e_y|,m,RUNNING_MPC,0.08393361351697312
|e_y|,m,RUNNING_MPC,0.05664431102006187
|e_y|,m,RUNNING_MPC,0.020859781541208544
|e_y|,m,RUNNING_MPC,0.004740597071099667
|e_y|,m,RUNNING_MPC,0.0044583398430495524
|e_y|,m,RUNNING_MPC,0.002133508374834281
|e_y|,m,RUNNING_MPC,0.0070256072362035946
|e_y|,m,RUNNING_MPC,0.02806312733925964
|e_y|,m,RUNNING_MPC,0.04412810885205287
|e_y|,m,RUNNING_MPC,0.0628542935875206
|e_y|,m,RUNNING_MPC,0.07605626088023826
|e_y|,m,RUNNING_MPC,0.08156857642464488
|e_y|,m,RUNNING_MPC,0.07964585779336306
|e_y|,m,RUNNING_MPC,0.07382442261043665
|e_y|,m,RUNNING_MPC,0.0654966469560429
|e_y|,m,RUNNING_MPC,0.04991738906566871
|e_y|,m,RUNNING_MPC,0.03406361563995586
|e_y|,m,RUNNING_MPC,0.025628800204679836
|e_y|,m,RUNNING_MPC,0.018972787200151497
|e_y|,m,RUNNING_MPC,0.016281604929430427
|e_y|,m,RUNNING_MPC,0.016271120442186426
|e_y|,m,RUNNING_MPC,0.01931691021154186
|e_y|,m,RUNNING_MPC,0.024854582686190285
|e_y|,m,RUNNING_MPC,0.031056100909868822
|e_y|,m,RUNNING_MPC,0.034743008380267004
|e_y|,m,RUNNING_MPC,0.03725450081924231
|e_y|,m,RUNNING_MPC,0.03817634276043505
|e_y|,m,RUNNING_MPC,0.03741036671653564
|e_y|,m,RUNNING_MPC,0.03337006579474083
|e_y|,m,RUNNING_MPC,0.030423090912672146
|e_y|,m,RUNNING_MPC,0.02366089959837736
|e_y|,m,RUNNING_MPC,0.017634350012827052
|e_y|,m,RUNNING_MPC,0.013380158900818853
|e_y|,m,RUNNING_MPC,0.008936127648968728
|e_y|,m,RUNNING_MPC,0.007816558089300762
|e_y|,m,RUNNING_MPC,0.008936530900015505
|e_y|,m,RUNNING_MPC,0.011457995387343087
|e_y|,m,RUNNING_MPC,0.015046723337858697
|e_y|,m,RUNNING_MPC,0.020294006770994244
|e_y|,m,RUNNING_MPC,0.023466112905827285
|e_y|,m,RUNNING_MPC,0.028539830419881923
|e_y|,m,RUNNING_MPC,0.03199673821570175
|e_y|,m,RUNNING_MPC,0.036028773976885836
|e_y|,m,RUNNING_MPC,0.036589726449958004
|e_y|,m,RUNNING_MPC,0.03492370105391138
|e_y|,m,RUNNING_MPC,0.03272403170481605
|e_y|,m,RUNNING_MPC,0.0263462843409984
|e_y|,m,RUNNING_MPC,0.018519701254710252
|e_y|,m,RUNNING_MPC,0.01312167059050745
|e_y|,m,RUNNING_MPC,0.006409592937017705
|e_y|,m,RUNNING_MPC,0.003782522041745978
|e_y|,m,RUNNING_MPC,0.0022328687392017543
|e_y|,m,RUNNING_MPC,0.003165371713413967
|e_y|,m,RUNNING_MPC,0.005177149416336679
|e_y|,m,RUNNING_MPC,0.007289000028425308
|e_y|,m,RUNNING_MPC,0.010035982814378952
|e_y|,m,RUNNING_MPC,0.012550537669507145
|e_y|,m,RUNNING_MPC,0.013119365056575016
|e_y|,m,RUNNING_MPC,0.013193648577144335
|e_y|,m,RUNNING_MPC,0.01356008058101088
|e_y|,m,RUNNING_MPC,0.013758830764957264
|e_y|,m,RUNNING_MPC,0.014562615743473901
|e_y|,m,RUNNING_MPC,0.016947115611752828
|e_y|,m,RUNNING_MPC,0.01859383342429611
|e_y|,m,RUNNING_MPC,0.01886620144418194
|e_y|,m,RUNNING_MPC,0.01690408941235748
|e_y|,m,RUNNING_MPC,0.011200217489847397
|e_y|,m,RUNNING_MPC,0.005812466288297846
|e_y|,m,RUNNING_MPC,0.001978395805827593
|e_y|,m,RUNNING_MPC,0.004534769103830938
|e_y|,m,RUNNING_MPC,0.004179546169060466
|e_y|,m,RUNNING_MPC,0.0018649847911750839
|e_y|,m,RUNNING_MPC,0.010239407761786223
|e_y|,m,RUNNING_MPC,0.025699829236787985
|e_y|,m,RUNNING_MPC,0.03514023785091289
|e_y|,m,RUNNING_MPC,0.04304926549150981
|e_y|,m,RUNNING_MPC,0.042799590907054985
|e_y|,m,RUNNING_MPC,0.037540648225446005
|e_y|,m,RUNNING_MPC,0.02448060192895396
|e_y|,m,RUNNING_MPC,0.017941401509857458
|e_y|,m,RUNNING_MPC,0.021396582709902773
|e_y|,m,RUNNING_MPC,0.030354155501137903
|e_y|,m,RUNNING_MPC,0.03787751854165883
|e_y|,m,RUNNING_MPC,0.0326188351183449
|e_y|,m,RUNNING_MPC,0.020612186339511673
|e_y|,m,RUNNING_MPC,0.006264818927456617
|e_y|,m,RUNNING_MPC,0.01174780554614746
|e_y|,m,RUNNING_MPC,0.019063889236659193
|e_y|,m,RUNNING_MPC,0.016271432638224892
|e_y|,m,RUNNING_MPC,0.0041503222902695425
|e_y|,m,RUNNING_MPC,0.005661494406921937
|e_y|,m,RUNNING_MPC,0.010611431447476026
|e_y|,m,RUNNING_MPC,0.026376393308751522
|e_y|,m,RUNNING_MPC,0.030766474378338626
|e_y|,m,RUNNING_MPC,0.03244197096219237
|e_y|,m,RUNNING_MPC,0.030985261610944462
|e_y|,m,RUNNING_MPC,0.026363459019423274
|e_y|,m,RUNNING_MPC,0.02074033682842452
|e_y|,m,RUNNING_MPC,0.016328914916606985
|e_y|,m,RUNNING_MPC,0.011291794297681124
|e_y|,m,RUNNING_MPC,0.009154340215586976
|e_y|,m,RUNNING_MPC,0.010036531615059602
|e_y|,m,RUNNING_MPC,0.012333908412589079
|e_y|,m,RUNNING_MPC,0.01720342747659498
|e_y|,m,RUNNING_MPC,0.022588097203304763
|e_y|,m,RUNNING_MPC,0.02501065540864454
|e_y|,m,RUNNING_MPC,0.024697895880086196
|e_y|,m,RUNNING_MPC,0.019820490566603732
|e_y|,m,RUNNING_MPC,0.012368101422570388
|e_y|,m,RUNNING_MPC,0.0021554332698458523
|e_y|,m,RUNNING_MPC,0.011536897572197002
|e_y|,m,RUNNING_MPC,0.021418098986574166
|e_y|,m,RUNNING_MPC,0.027229796314161336
|e_y|,m,RUNNING_MPC,0.03298455537447941
|e_y|,m,RUNNING_MPC,0.030877282082235308
|e_y|,m,RUNNING_MPC,0.021793726457487686
|e_y|,m,RUNNING_MPC,0.012757792461342732
|e_y|,m,RUNNING_MPC,0.006810213308202279
|e_y|,m,RUNNING_MPC,0.00012865721297439237
|e_y|,m,RUNNING_MPC,0.00011835106339141976
|e_y|,m,RUNNING_MPC,0.005606837525047932
|e_y|,m,RUNNING_MPC,0.013406670473036916
|e_y|,m,RUNNING_MPC,0.021731132340185727
|e_y|,m,RUNNING_MPC,0.028584057475356077
|e_y|,m,RUNNING_MPC,0.032894875986223114
|e_y|,m,RUNNING_MPC,0.03362012262272206
|e_y|,m,RUNNING_MPC,0.029863093091559434
|e_y|,m,RUNNING_MPC,0.007801717285725318
|e_y|,m,RUNNING_MPC,0.015340933479629004
|e_y|,m,RUNNING_MPC,0.05083264714394248
|e_y|,m,RUNNING_MPC,0.07218305735889285
|e_y|,m,RUNNING_MPC,0.11330506055273937
|e_y|,m,RUNNING_MPC,0.14818956672438816
|e_y|,m,RUNNING_MPC,0.1561482944491666
|e_y|,m,RUNNING_MPC,0.18347845648470068
|e_y|,m,RUNNING_MPC,0.19449807910176614
|e_y|,m,RUNNING_MPC,0.2021280883065371
|e_y|,m,RUNNING_MPC,0.2106414978565293
|e_y|,m,RUNNING_MPC,0.21368629118310736
|e_y|,m,RUNNING_MPC,0.21510940742962395
|e_y|,m,RUNNING_MPC,0.2151784258915298
|e_y|,m,RUNNING_MPC,0.21536747318215144
|e_y|,m,RUNNING_MPC,0.21803045127550588
|e_y|,m,RUNNING_MPC,0.226777868231056
|e_y|,m,RUNNING_MPC,0.23849926627046408
|e_y|,m,RUNNING_MPC,0.2597367991827593
|e_y|,m,RUNNING_MPC,0.29501682118977535
|e_y|,m,RUNNING_MPC,0.32786379358278567
|e_y|,m,RUNNING_MPC,0.3833976922775113
|e_y|,m,RUNNING_MPC,0.4283597025072184
|e_y|,m,RUNNING_MPC,0.47358732255039115
|e_y|,m,RUNNING_MPC,0.5263288796503114
|e_y|,m,RUNNING_MPC,0.5854565870370779
|e_y|,m,RUNNING_MPC,0.6148126010453006
|e_y|,m,RUNNING_MPC,0.6194913480127145
|e_y|,m,RUNNING_MPC,0.5929458431650101
|e_y|,m,RUNNING_MPC,0.5773631497719042
|e_y|,m,RUNNING_MPC,0.5471297717775359
|e_y|,m,RUNNING_MPC,0.5117076817762375
|e_y|,m,RUNNING_MPC,0.486881549322413
|e_y|,m,RUNNING_MPC,0.4436150352258281
|e_y|,m,RUNNING_MPC,0.41047012438781816
|e_y|,m,RUNNING_MPC,0.3774090679937005
|e_y|,m,RUNNING_MPC,0.3446222108440125
|e_y|,m,RUNNING_MPC,0.3256502386772476
|e_y|,m,RUNNING_MPC,0.3127277759877748
|e_y|,m,RUNNING_MPC,0.31466849229459104
|e_y|,m,RUNNING_MPC,0.32969494144019557
|e_y|,m,RUNNING_MPC,0.34565652429174265
|e_y|,m,RUNNING_MPC,0.3646485340248725
|e_y|,m,RUNNING_MPC,0.39036801285008854
|e_y|,m,RUNNING_MPC,0.4099781855904337
|e_y|,m,RUNNING_MPC,0.4559258956039197
|e_y|,m,RUNNING_MPC,0.46398587653193807
|e_y|,m,RUNNING_MPC,0.5231335539340305
|e_y|,m,RUNNING_MPC,0.5553399120929028
|e_y|,m,RUNNING_MPC,0.5926563842882608
|e_y|,m,RUNNING_MPC,0.6281324195829815
|e_y|,m,RUNNING_MPC,0.6583441674145563
|e_y|,m,RUNNING_MPC,0.6866702522310149
|e_y|,m,RUNNING_MPC,0.6839425538307704
|e_y|,m,RUNNING_MPC,0.6536995605184364
|e_y|,m,RUNNING_MPC,0.6284098671490084
|e_y|,m,RUNNING_MPC,0.5602996143764047
|e_y|,m,RUNNING_MPC,0.5018508042123475
|e_y|,m,RUNNING_MPC,0.456591041516617
|e_y|,m,RUNNING_MPC,0.39610796830506795
|e_y|,m,RUNNING_MPC,0.35948423581631067
|e_y|,m,RUNNING_MPC,0.3134454100342574
|e_y|,m,RUNNING_MPC,0.2914900002925377
|e_y|,m,RUNNING_MPC,0.27351971990171714
|e_y|,m,RUNNING_MPC,0.2482040388415254
|e_y|,m,RUNNING_MPC,0.23479012439956826
|e_y|,m,RUNNING_MPC,0.20974117954651617
|e_y|,m,RUNNING_MPC,0.18888788596863001
|e_y|,m,RUNNING_MPC,0.16643816432800795
|e_y|,m,RUNNING_MPC,0.1326386078369726
|e_y|,m,RUNNING_MPC,0.1193157438337965
|e_y|,m,RUNNING_MPC,0.08055244191493925
|e_y|,m,RUNNING_MPC,0.04115851011631684
|e_y|,m,RUNNING_MPC,0.0036927990172853364
|e_y|,m,RUNNING_MPC,0.019357408254711654
|e_y|,m,RUNNING_MPC,0.04619511494037363
|e_y|,m,RUNNING_MPC,0.0700029520215954
|e_y|,m,RUNNING_MPC,0.08778939527831639
|e_y|,m,RUNNING_MPC,0.11606782060954633
|e_y|,m,RUNNING_MPC,0.12299086597598725
|e_y|,m,RUNNING_MPC,0.15248009837642743
|e_y|,m,RUNNING_MPC,0.18227492365460185
|e_y|,m,RUNNING_MPC,0.20978063793818225
|e_y|,m,RUNNING_MPC,0.23690963042491225
|e_y|,m,RUNNING_MPC,0.26513807336693074
|e_y|,m,RUNNING_MPC,0.3109023739756481
|e_y|,m,RUNNING_MPC,0.32749417042800943
|e_y|,m,RUNNING_MPC,0.39547830912802884
|e_y|,m,RUNNING_MPC,0.43358505598138253
|e_y|,m,RUNNING_MPC,0.47978270243411436
|e_y|,m,RUNNING_MPC,0.5335618258945267
|e_y|,m,RUNNING_MPC,0.5719075768739097
|e_y|,m,RUNNING_MPC,0.6031479960889558
|e_y|,m,RUNNING_MPC,0.622796254387905
|e_y|,m,RUNNING_MPC,0.638605967269567
|e_y|,m,RUNNING_MPC,0.6326445432473399
|e_y|,m,RUNNING_MPC,0.6127467994590665
|e_y|,m,RUNNING_MPC,0.6046194172833198
|e_y|,m,RUNNING_MPC,0.5893527149099853
|e_y|,m,RUNNING_MPC,0.5556870722734715
|e_y|,m,RUNNING_MPC,0.534485144172961
|e_y|,m,RUNNING_MPC,0.5123127021388949
|e_y|,m,RUNNING_MPC,0.4932112551176885
|e_y|,m,RUNNING_MPC,0.4765582744681266
|e_y|,m,RUNNING_MPC,0.4647800110288096
|e_y|,m,RUNNING_MPC,0.4411182856768587
|e_y|,m,RUNNING_MPC,0.4427386155073969
|e_y|,m,RUNNING_MPC,0.4441645493707452
|e_y|,m,RUNNING_MPC,0.4526015639704464
|e_y|,m,RUNNING_MPC,0.46346922986608363
|e_y|,m,RUNNING_MPC,0.4751578692810798
|e_y|,m,RUNNING_MPC,0.4982794932836401
|e_y|,m,RUNNING_MPC,0.5340725415259666
|e_y|,m,RUNNING_MPC,0.5574353629143884
|e_y|,m,RUNNING_MPC,0.5675764713909076
|e_y|,m,RUNNING_MPC,0.5675546118485202
|e_y|,m,RUNNING_MPC,0.5703585514126095
|e_y|,m,RUNNING_MPC,0.5614062727408291
|e_y|,m,RUNNING_MPC,0.5406967050161174
|e_y|,m,RUNNING_MPC,0.5341059379000761
|e_y|,m,RUNNING_MPC,0.5084231581118908
|e_y|,m,RUNNING_MPC,0.495437897822438
|e_y|,m,RUNNING_MPC,0.4914080993777826
|e_y|,m,RUNNING_MPC,0.4871053052980847
|e_y|,m,RUNNING_MPC,0.49169706114696865
|e_y|,m,RUNNING_MPC,0.5142211250829173
|e_y|,m,RUNNING_MPC,0.5115864432985933
|e_y|,m,RUNNING_MPC,0.5311251811413941
|e_y|,m,RUNNING_MPC,0.538931789062206
|e_y|,m,RUNNING_MPC,0.5447654214175665
|e_y|,m,RUNNING_MPC,0.5466004601965477
|e_y|,m,RUNNING_MPC,0.5468818867471283
|e_y|,m,RUNNING_MPC,0.5527628746064563
|e_y|,m,RUNNING_MPC,0.5533090825716805
|e_y|,m,RUNNING_MPC,0.549530041344125
|e_y|,m,RUNNING_MPC,0.5442891115983877
|e_y|,m,RUNNING_MPC,0.5386102827794222
|e_y|,m,RUNNING_MPC,0.5231085951997826
|e_y|,m,RUNNING_MPC,0.5107952087070289
|e_y|,m,RUNNING_MPC,0.5037413732272799
|e_y|,m,RUNNING_MPC,0.5006495831810184
|e_y|,m,RUNNING_MPC,0.5000553895961487
|e_y|,m,RUNNING_MPC,0.49589851943091834
|e_y|,m,RUNNING_MPC,0.49327767748303136
|e_y|,m,RUNNING_MPC,0.48434901187749724
|e_y|,m,RUNNING_MPC,0.46163012867895464
|e_y|,m,RUNNING_MPC,0.440776869574656
|e_y|,m,RUNNING_MPC,0.416139405635951
|e_y|,m,RUNNING_MPC,0.38321363061843133
|e_y|,m,RUNNING_MPC,0.36777992205416865
|e_y|,m,RUNNING_MPC,0.3504191355538575
|e_y|,m,RUNNING_MPC,0.3188320520443412
|e_y|,m,RUNNING_MPC,0.2982509911705483
|e_y|,m,RUNNING_MPC,0.27156815611239127
|e_y|,m,RUNNING_MPC,0.24557766217683535
|e_y|,m,RUNNING_MPC,0.21627852215604365
|e_y|,m,RUNNING_MPC,0.19111778388426826
|e_y|,m,RUNNING_MPC,0.1647501809125937
|e_y|,m,RUNNING_MPC,0.14249232947766383
|e_y|,m,RUNNING_MPC,0.11376642794805818
|e_y|,m,RUNNING_MPC,0.09040705901707752
|e_y|,m,RUNNING_MPC,0.07646786964722656
|e_y|,m,RUNNING_MPC,0.06396788584246305
|e_y|,m,RUNNING_MPC,0.05158288920510995
|e_y|,m,RUNNING_MPC,0.044586423087270954
|e_y|,m,RUNNING_MPC,0.03737742364707425
|e_y|,m,RUNNING_MPC,0.032476119823749316
|e_y|,m,RUNNING_MPC,0.018880934641772287
|e_y|,m,RUNNING_MPC,0.004421106138419392
|e_y|,m,RUNNING_MPC,0.01953824552946043
|e_y|,m,RUNNING_MPC,0.03654627804517774
|e_y|,m,RUNNING_MPC,0.04265734477270561
|e_y|,m,RUNNING_MPC,0.044063648856996276
|e_y|,m,RUNNING_MPC,0.04062695007570913
|e_y|,m,RUNNING_MPC,0.03344384824521116
|e_y|,m,RUNNING_MPC,0.02416648642588666
|e_y|,m,RUNNING_MPC,0.014522989333069253
|e_y|,m,RUNNING_MPC,0.004531757929033986
|e_y|,m,RUNNING_MPC,0.001928229486759428
|e_y|,m,RUNNING_MPC,0.007975990201292499
|e_y|,m,RUNNING_MPC,0.01000675285590441
|e_y|,m,RUNNING_MPC,0.010622858560946524
|e_y|,m,RUNNING_MPC,0.010271700922012406
|e_y|,m,RUNNING_MPC,0.010250182042054246
|e_y|,m,RUNNING_MPC,0.010877910907601637
|e_y|,m,RUNNING_MPC,0.015148054304428171
|e_y|,m,RUNNING_MPC,0.018406481982031736
|e_y|,m,RUNNING_MPC,0.021144225385658688
|e_y|,m,RUNNING_MPC,0.02770037454197466
|e_y|,m,RUNNING_MPC,0.036749540596110686
|e_y|,m,RUNNING_MPC,0.04051657181181906
|e_y|,m,RUNNING_MPC,0.05870566955318676
|e_y|,m,RUNNING_MPC,0.07346504188951214
|e_y|,m,RUNNING_MPC,0.0855408762207619
|e_y|,m,RUNNING_MPC,0.09382514006783046
|e_y|,m,RUNNING_MPC,0.10465425005885991
|e_y|,m,RUNNING_MPC,0.13433859911387214
|e_y|,m,RUNNING_MPC,0.1465045665726753
|e_y|,m,RUNNING_MPC,0.19645616667787208
|e_y|,m,RUNNING_MPC,0.21123816824466252
|e_y|,m,RUNNING_MPC,0.2170804005412864
|e_y|,m,RUNNING_MPC,0.2030413728000368
|e_y|,m,RUNNING_MPC,0.18282032489450578
|e_y|,m,RUNNING_MPC,0.14482377482253178
|e_y|,m,RUNNING_MPC,0.12016942321895724
|e_y|,m,RUNNING_MPC,0.09711717640727974
|e_y|,m,RUNNING_MPC,0.09307492345723722
|e_y|,m,RUNNING_MPC,0.09982687662186915
|e_y|,m,RUNNING_MPC,0.12329815689297308
|e_y|,m,RUNNING_MPC,0.14904905639026217
|e_y|,m,RUNNING_MPC,0.20760349455764954
|e_y|,m,RUNNING_MPC,0.2545392954844193
|e_y|,m,RUNNING_MPC,0.323760047444548
|e_y|,m,RUNNING_MPC,0.3637990317366474
|e_y|,m,RUNNING_MPC,0.39184343442607994
|e_y|,m,RUNNING_MPC,0.4090908676725493
|e_y|,m,RUNNING_MPC,0.4005859504876719
|e_y|,m,RUNNING_MPC,0.3584264673308211
|e_y|,m,RUNNING_MPC,0.31768889968090097
|e_y|,m,RUNNING_MPC,0.26436867375312356
|e_y|,m,RUNNING_MPC,0.23945905576318188
|e_y|,m,RUNNING_MPC,0.2264884780039308
|e_y|,m,RUNNING_MPC,0.2327250621718323
|e_y|,m,RUNNING_MPC,0.2655203118728369
|e_y|,m,RUNNING_MPC,0.3219860215758229
|e_y|,m,RUNNING_MPC,0.3580753108306153
|e_y|,m,RUNNING_MPC,0.3937227426283568
|e_y|,m,RUNNING_MPC,0.41308694059280177
|e_y|,m,RUNNING_MPC,0.4135659023561681
|e_y|,m,RUNNING_MPC,0.39978511398505256
|e_y|,m,RUNNING_MPC,0.3588772414705569
|e_y|,m,RUNNING_MPC,0.2841659082337632
|e_y|,m,RUNNING_MPC,0.2274177413686251
|e_y|,m,RUNNING_MPC,0.15667621557771866
|e_y|,m,RUNNING_MPC,0.12555105925717341
|e_y|,m,RUNNING_MPC,0.09570412732633451
|e_y|,m,RUNNING_MPC,0.10955125360407755
|e_y|,m,RUNNING_MPC,0.134023856429307
|e_y|,m,RUNNING_MPC,0.14744432766584872
|e_y|,m,RUNNING_MPC,0.16700273848466418
|e_y|,m,RUNNING_MPC,0.17092999473394968
|e_y|,m,RUNNING_MPC,0.17082824300296331
|e_y|,m,RUNNING_MPC,0.15831931350680628
|e_y|,m,RUNNING_MPC,0.13145254437422366
|e_y|,m,RUNNING_MPC,0.10957353368246668
|e_y|,m,RUNNING_MPC,0.07970947450718997
|e_y|,m,RUNNING_MPC,0.05750243145406908
|e_y|,m,RUNNING_MPC,0.03582258602180973
|e_y|,m,RUNNING_MPC,0.022712350589500066
|e_y|,m,RUNNING_MPC,0.014957825497421248
|e_y|,m,RUNNING_MPC,0.012546355264402231
|e_y|,m,RUNNING_MPC,0.013779239875274343
|e_y|,m,RUNNING_MPC,0.01781622953457737
|e_y|,m,RUNNING_MPC,0.02118489430009821
|e_y|,m,RUNNING_MPC,0.023300806666920915
|e_y|,m,RUNNING_MPC,0.02292730515819124
|e_y|,m,RUNNING_MPC,0.018781442275794064
|e_y|,m,RUNNING_MPC,0.013266595680410637
|e_y|,m,RUNNING_MPC,0.003388284942226358
|e_y|,m,RUNNING_MPC,0.003970825531576973
|e_y|,m,RUNNING_MPC,0.020472414504464076
|e_y|,m,RUNNING_MPC,0.030766644883056762
|e_y|,m,RUNNING_MPC,0.04057737707146873
|e_y|,m,RUNNING_MPC,0.04443582355516197
|e_y|,m,RUNNING_MPC,0.04385970299114908
|e_y|,m,RUNNING_MPC,0.0382396378414567
|e_y|,m,RUNNING_MPC,0.03322338866318271
|e_y|,m,RUNNING_MPC,0.025132784305141515
|e_y|,m,RUNNING_MPC,0.01719791365801182
|e_y|,m,RUNNING_MPC,0.01062844785748792
|e_y|,m,RUNNING_MPC,0.006334740340057149
|e_y|,m,RUNNING_MPC,0.004555226085857823
|e_y|,m,RUNNING_MPC,0.003366880503721359
|e_y|,m,RUNNING_MPC,0.004595551669892561
|e_y|,m,RUNNING_MPC,0.006520166677108391
|e_y|,m,RUNNING_MPC,0.008128066205676493
|e_y|,m,RUNNING_MPC,0.011856583801160225
|e_y|,m,RUNNING_MPC,0.014046044235939248
|e_y|,m,RUNNING_MPC,0.01596682871220751
|e_y|,m,RUNNING_MPC,0.016707716707738227
|e_y|,m,RUNNING_MPC,0.016509840130955494
|e_y|,m,RUNNING_MPC,0.014955655530690604
|e_y|,m,RUNNING_MPC,0.013867800589214217
|e_y|,m,RUNNING_MPC,0.012688695410568357
|e_y|,m,RUNNING_MPC,0.012040177216579573
|e_y|,m,RUNNING_MPC,0.01179951192591902
|e_y|,m,RUNNING_MPC,0.012097226964963029
|e_y|,m,RUNNING_MPC,0.013012263083308847
|e_y|,m,RUNNING_MPC,0.013459030730025696
|e_y|,m,RUNNING_MPC,0.014345381360514149
|e_y|,m,RUNNING_MPC,0.014420888304952237
|e_y|,m,RUNNING_MPC,0.014476946353144102
|e_y|,m,RUNNING_MPC,0.01386624415458774
|e_y|,m,RUNNING_MPC,0.012867799736548044
|e_y|,m,RUNNING_MPC,0.011550847869880615
|e_y|,m,RUNNING_MPC,0.010485629367856367
|e_y|,m,RUNNING_MPC,0.010046386368001377
|e_y|,m,RUNNING_MPC,0.009566980127307667
|e_y|,m,RUNNING_MPC,0.009526687021721348
|e_y|,m,RUNNING_MPC,0.010166511176476808
|e_y|,m,RUNNING_MPC,0.009618687612403438
|e_y|,m,RUNNING_MPC,0.009806434075883684
|e_y|,m,RUNNING_MPC,0.009865081324875456
|e_y|,m,RUNNING_MPC,0.010143786780682671
|e_y|,m,RUNNING_MPC,0.010042936869515968
|e_y|,m,RUNNING_MPC,0.009891885614816343
|e_y|,m,RUNNING_MPC,0.010392913724743422
|e_y|,m,RUNNING_MPC,0.011063139462721472
|e_y|,m,RUNNING_MPC,0.011653126217757048
|e_y|,m,RUNNING_MPC,0.012425456480898295
|e_y|,m,RUNNING_MPC,0.013007692552014713
|e_y|,m,RUNNING_MPC,0.01343988764389268
|e_y|,m,RUNNING_MPC,0.013195338774814547
|e_y|,m,RUNNING_MPC,0.012179079299787746
|e_y|,m,RUNNING_MPC,0.010514016236957219
|e_y|,m,RUNNING_MPC,0.008746738396876702
|e_y|,m,RUNNING_MPC,0.0056610107540072535
|e_y|,m,RUNNING_MPC,0.0022925147965842385
|e_y|,m,RUNNING_MPC,0.0031116622535615167
|e_y|,m,RUNNING_MPC,0.007518021722419166
|e_y|,m,RUNNING_MPC,0.013478518669249102
|e_y|,m,RUNNING_MPC,0.018590514508098774
|e_y|,m,RUNNING_MPC,0.02454713090759579
|e_y|,m,RUNNING_MPC,0.029323295495340504
|e_y|,m,RUNNING_MPC,0.032674795047229754
|e_y|,m,RUNNING_MPC,0.03379694269495868
|e_y|,m,RUNNING_MPC,0.0337517637192057
|e_y|,m,RUNNING_MPC,0.0337990238394489
|e_y|,m,RUNNING_MPC,0.03819380690283064
|e_y|,m,RUNNING_MPC,0.05034245721169022
|e_y|,m,RUNNING_MPC,0.07715172595169435
|e_y|,m,RUNNING_MPC,0.10133261768064714
|e_y|,m,RUNNING_MPC,0.13463611289327135
|e_y|,m,RUNNING_MPC,0.16922285007597443
|e_y|,m,RUNNING_MPC,0.1965522203485604
|e_y|,m,RUNNING_MPC,0.22848122875894875
|e_y|,m,RUNNING_MPC,0.2564366128348937
|e_y|,m,RUNNING_MPC,0.27629539112039553
|e_y|,m,RUNNING_MPC,0.29888239837715697
|e_y|,m,RUNNING_MPC,0.3133681048141383
|e_y|,m,RUNNING_MPC,0.3192522249272468
|e_y|,m,RUNNING_MPC,0.3243532874052975
|e_y|,m,RUNNING_MPC,0.32610862465273205
|e_y|,m,RUNNING_MPC,0.3235546154329736
|e_y|,m,RUNNING_MPC,0.31309794346198394
|e_y|,m,RUNNING_MPC,0.30851618281588483
|e_y|,m,RUNNING_MPC,0.30823013242743524
|e_y|,m,RUNNING_MPC,0.3173670795634884
|e_y|,m,RUNNING_MPC,0.3266978090370021
|e_y|,m,RUNNING_MPC,0.35482707523530477
|e_y|,m,RUNNING_MPC,0.37727819646987715
|e_y|,m,RUNNING_MPC,0.4149616239490308
|e_y|,m,RUNNING_MPC,0.43811134284672565
|e_y|,m,RUNNING_MPC,0.4913210217511965
|e_y|,m,RUNNING_MPC,0.5444077511986773
|e_y|,m,RUNNING_MPC,0.5927628035272727
|e_y|,m,RUNNING_MPC,0.6375816198992111
|e_y|,m,RUNNING_MPC,0.6724501403239931
|e_y|,m,RUNNING_MPC,0.7049875912123472
|e_y|,m,RUNNING_MPC,0.7030802125939813
|e_y|,m,RUNNING_MPC,0.6708451358143745
|e_y|,m,RUNNING_MPC,0.6037925291689069
|e_y|,m,RUNNING_MPC,0.5250018956498228
|e_y|,m,RUNNING_MPC,0.4703287213574533
|e_y|,m,RUNNING_MPC,0.36608073578873407
|e_y|,m,RUNNING_MPC,0.2769712541504292
|e_y|,m,RUNNING_MPC,0.24311649974242355
|e_y|,m,RUNNING_MPC,0.2301127354060644
|e_y|,m,RUNNING_MPC,0.22954119785525665
|e_y|,m,RUNNING_MPC,0.24991165439338958
|e_y|,m,RUNNING_MPC,0.2882110154263078
|e_y|,m,RUNNING_MPC,0.3108704430826973
|e_y|,m,RUNNING_MPC,0.33724564512992666
|e_y|,m,RUNNING_MPC,0.3573156695049512
|e_y|,m,RUNNING_MPC,0.3624114438511248
|e_y|,m,RUNNING_MPC,0.36318937363348897
|e_y|,m,RUNNING_MPC,0.3393728865184184
|e_y|,m,RUNNING_MPC,0.3144978027673361
|e_y|,m,RUNNING_MPC,0.257695513504712
|e_y|,m,RUNNING_MPC,0.20027990347549587
|e_y|,m,RUNNING_MPC,0.14367401368139582
|e_y|,m,RUNNING_MPC,0.10298469700867019
|e_y|,m,RUNNING_MPC,0.05427333048152072
|e_y|,m,RUNNING_MPC,0.035363619531822384
|e_y|,m,RUNNING_MPC,0.02133119081877169
|e_y|,m,RUNNING_MPC,0.02064397329174114
|e_y|,m,RUNNING_MPC,0.022325520357883877
|e_y|,m,RUNNING_MPC,0.022928877590396746
|e_y|,m,RUNNING_MPC,0.032227676794100046
|e_y|,m,RUNNING_MPC,0.07674907831410278
|e_y|,m,RUNNING_MPC,0.11274560530770203
|e_y|,m,RUNNING_MPC,0.13523733845897684
|e_y|,m,RUNNING_MPC,0.131516257244198
|e_y|,m,RUNNING_MPC,0.10970077451242508
|e_y|,m,RUNNING_MPC,0.07760037994971769
|e_y|,m,RUNNING_MPC,0.04908944617902665
|e_y|,m,RUNNING_MPC,0.011124408868492572
|e_y|,m,RUNNING_MPC,0.0070655108022883995
|e_y|,m,RUNNING_MPC,0.0194551725813506
|e_y|,m,RUNNING_MPC,0.019398727366363694
|e_y|,m,RUNNING_MPC,0.010519422871611596
|e_y|,m,RUNNING_MPC,0.008725537388684312
|e_y|,m,RUNNING_MPC,0.023897239552239352
|e_y|,m,RUNNING_MPC,0.04629328606185207
|e_y|,m,RUNNING_MPC,0.05773162162699985
|e_y|,m,RUNNING_MPC,0.06605522580287315
|e_y|,m,RUNNING_MPC,0.06802519329272859
|e_y|,m,RUNNING_MPC,0.06511640357064682
|e_y|,m,RUNNING_MPC,0.055663519250336545
|e_y|,m,RUNNING_MPC,0.04769086822912612
|e_y|,m,RUNNING_MPC,0.03597167572259691
|e_y|,m,RUNNING_MPC,0.02946488993106372
|e_y|,m,RUNNING_MPC,0.02527658052363431
|e_y|,m,RUNNING_MPC,0.02346913271006118
|e_y|,m,RUNNING_MPC,0.023250903718614078
|e_y|,m,RUNNING_MPC,0.023507298570824092
|e_y|,m,RUNNING_MPC,0.02444960711866359
|e_y|,m,RUNNING_MPC,0.025191011335640702
|e_y|,m,RUNNING_MPC,0.02595097111774023
|e_y|,m,RUNNING_MPC,0.027903479922059465
|e_y|,m,RUNNING_MPC,0.031438725753565336
|e_y|,m,RUNNING_MPC,0.0330258700414124
|e_y|,m,RUNNING_MPC,0.04363305180979324
|e_y|,m,RUNNING_MPC,0.04744495378021435
|e_y|,m,RUNNING_MPC,0.043639912136206396
|e_y|,m,RUNNING_MPC,0.034422322200929265
|e_y|,m,RUNNING_MPC,0.02202838406758892
|e_y|,m,RUNNING_MPC,0.0010304134187051894
|e_y|,m,RUNNING_MPC,0.008864594898916906
|e_y|,m,RUNNING_MPC,0.010842132165995486
|e_y|,m,RUNNING_MPC,0.004904305712569265
|e_y|,m,RUNNING_MPC,0.028412381964296712
|e_y|,m,RUNNING_MPC,0.038994703698742916
|e_y|,m,RUNNING_MPC,0.04210653981891739
|e_y|,m,RUNNING_MPC,0.036720032908875426
|e_y|,m,RUNNING_MPC,0.02786357180917562
|e_y|,m,RUNNING_MPC,0.013866722443328969
|e_y|,m,RUNNING_MPC,0.005087037428188529
|e_y|,m,RUNNING_MPC,0.002312894829708173
|e_y|,m,RUNNING_MPC,0.0070325276231275255
|e_y|,m,RUNNING_MPC,0.01012410074598201
|e_y|,m,RUNNING_MPC,0.009461258081879989
|e_y|,m,RUNNING_MPC,0.007322789343437162
|e_y|,m,RUNNING_MPC,0.002909519284742715
|e_y|,m,RUNNING_MPC,0.0007611513027287464
|e_y|,m,RUNNING_MPC,0.0012729254398207608
|e_y|,m,RUNNING_MPC,0.0028503471397061664
|e_y|,m,RUNNING_MPC,0.0019967428487996687
|e_y|,m,RUNNING_MPC,0.0010653571243262015
|e_y|,m,RUNNING_MPC,0.004004703283435593
|e_y|,m,RUNNING_MPC,0.008952605618664539
|e_y|,m,RUNNING_MPC,0.012435675252629792
|e_y|,m,RUNNING_MPC,0.015691419561023007
|e_y|,m,RUNNING_MPC,0.019873922409110952
|e_y|,m,RUNNING_MPC,0.021453418405312494
|e_y|,m,RUNNING_MPC,0.022467689706560254
|e_y|,m,RUNNING_MPC,0.023231923075211464
|e_y|,m,RUNNING_MPC,0.022440763622582946
|e_y|,m,RUNNING_MPC,0.021758424311834283
|e_y|,m,RUNNING_MPC,0.024162847365792602
|e_y|,m,RUNNING_MPC,0.02850795482564672
|e_y|,m,RUNNING_MPC,0.045567715772608784
|e_y|,m,RUNNING_MPC,0.06776017246221344
|e_y|,m,RUNNING_MPC,0.08259151955329698
|e_y|,m,RUNNING_MPC,0.09660993280837046
|e_y|,m,RUNNING_MPC,0.11486570889412137
|e_y|,m,RUNNING_MPC,0.12571553186013273
|e_y|,m,RUNNING_MPC,0.14095121644443465
|e_y|,m,RUNNING_MPC,0.15060781139072485
|e_y|,m,RUNNING_MPC,0.16580946625738135
|e_y|,m,RUNNING_MPC,0.17443936197813104
|e_y|,m,RUNNING_MPC,0.191337465258971
|e_y|,m,RUNNING_MPC,0.20611675989287429
|e_y|,m,RUNNING_MPC,0.21648891297806785
|e_y|,m,RUNNING_MPC,0.22991289879137358
|e_y|,m,RUNNING_MPC,0.2382512520402903
|e_y|,m,RUNNING_MPC,0.24224949900151643
|e_y|,m,RUNNING_MPC,0.23842683226955327
|e_y|,m,RUNNING_MPC,0.2337653947592108
|e_y|,m,RUNNING_MPC,0.22538464949911644
|e_y|,m,RUNNING_MPC,0.21485396417268054
|e_y|,m,RUNNING_MPC,0.2317416015558796
|e_y|,m,RUNNING_MPC,0.25697583636354554
|e_y|,m,RUNNING_MPC,0.3069983035358298
|e_y|,m,RUNNING_MPC,0.3305635217815336
|e_y|,m,RUNNING_MPC,0.3370164024708941
|e_y|,m,RUNNING_MPC,0.32479172842839
|e_y|,m,RUNNING_MPC,0.2519429118879617
|e_y|,m,RUNNING_MPC,0.13551648511801528
|e_y|,m,RUNNING_MPC,0.05214539759759568
|e_y|,m,RUNNING_MPC,0.05580486542478258
|e_y|,m,RUNNING_MPC,0.11269925858760749
|e_y|,m,RUNNING_MPC,0.15810224549604668
|e_y|,m,RUNNING_MPC,0.19477620393628986
|e_y|,m,RUNNING_MPC,0.23050740539334338
|e_y|,m,RUNNING_MPC,0.25159363961659253
|e_y|,m,RUNNING_MPC,0.2546881571730317
|e_y|,m,RUNNING_MPC,0.24303532056459914
|e_y|,m,RUNNING_MPC,0.2288606450541827
|e_y|,m,RUNNING_MPC,0.1984138321234022
|e_y|,m,RUNNING_MPC,0.18170390645500178
|e_y|,m,RUNNING_MPC,0.17682102070455433
|e_y|,m,RUNNING_MPC,0.18448894322474033
|e_y|,m,RUNNING_MPC,0.20388609656513218
|e_y|,m,RUNNING_MPC,0.23203419165506256
|e_y|,m,RUNNING_MPC,0.28734105567128
|e_y|,m,RUNNING_MPC,0.34802388535944245
|e_y|,m,RUNNING_MPC,0.3956144255969152
|e_y|,m,RUNNING_MPC,0.48341167103631766
|e_y|,m,RUNNING_MPC,0.5523181673612092
|e_y|,m,RUNNING_MPC,0.6168804409618056
|e_y|,m,RUNNING_MPC,0.6689305035048381
|e_y|,m,RUNNING_MPC,0.6885936071918829
|e_y|,m,RUNNING_MPC,0.7059989359396758
|e_y|,m,RUNNING_MPC,0.6767117665803793
|e_y|,m,RUNNING_MPC,0.6326130792054346
|e_y|,m,RUNNING_MPC,0.5349213332259176
|e_y|,m,RUNNING_MPC,0.4750282922719023
|e_y|,m,RUNNING_MPC,0.3460691074432311
|e_y|,m,RUNNING_MPC,0.24459763074834834
|e_y|,m,RUNNING_MPC,0.1735159291932067
|e_y|,m,RUNNING_MPC,0.10322893911431635
|e_y|,m,RUNNING_MPC,0.08635003122009127
|e_y|,m,RUNNING_MPC,0.06037106524682875
|e_y|,m,RUNNING_MPC,0.05441990525718629
|e_y|,m,RUNNING_MPC,0.05807338849596108
|e_y|,m,RUNNING_MPC,0.0659424779249696
|e_y|,m,RUNNING_MPC,0.06938309281364052
|e_y|,m,RUNNING_MPC,0.07953736220936444
|e_y|,m,RUNNING_MPC,0.08289836307350884
|e_y|,m,RUNNING_MPC,0.07864860929692206
|e_y|,m,RUNNING_MPC,0.061553783372274296
|e_y|,m,RUNNING_MPC,0.044212332359737316
|e_y|,m,RUNNING_MPC,0.013325564063016493
|e_y|,m,RUNNING_MPC,0.008744455505801343
|e_y|,m,RUNNING_MPC,0.03902542924868104
|e_y|,m,RUNNING_MPC,0.0563691741175867
|e_y|,m,RUNNING_MPC,0.07487650532649122
|e_y|,m,RUNNING_MPC,0.08449561454590658
|e_y|,m,RUNNING_MPC,0.10144788929422371
|e_y|,m,RUNNING_MPC,0.11814314935745152
|e_y|,m,RUNNING_MPC,0.13186753669766801
|e_y|,m,RUNNING_MPC,0.15192502857998125
|e_y|,m,RUNNING_MPC,0.1627985784370738
|e_y|,m,RUNNING_MPC,0.18620204048061265
|e_y|,m,RUNNING_MPC,0.20942151854387195
|e_y|,m,RUNNING_MPC,0.2242940201978888
|e_y|,m,RUNNING_MPC,0.25061592069242966
|e_y|,m,RUNNING_MPC,0.26003390622705236
|e_y|,m,RUNNING_MPC,0.28042109019919303
|e_y|,m,RUNNING_MPC,0.299242353982077
|e_y|,m,RUNNING_MPC,0.3130659142178829
|e_y|,m,RUNNING_MPC,0.3276436045491481
|e_y|,m,RUNNING_MPC,0.32999483794548273
|e_y|,m,RUNNING_MPC,0.34137051858010947
|e_y|,m,RUNNING_MPC,0.3577663866773696
|e_y|,m,RUNNING_MPC,0.3792714437004674
|e_y|,m,RUNNING_MPC,0.39457738817489163
|e_y|,m,RUNNING_MPC,0.4263640743088678
|e_y|,m,RUNNING_MPC,0.45381591706429475
|e_y|,m,RUNNING_MPC,0.4658540822084397
|e_y|,m,RUNNING_MPC,0.5298394466784286
|e_y|,m,RUNNING_MPC,0.5590791155817161
|e_y|,m,RUNNING_MPC,0.5956254907677172
|e_y|,m,RUNNING_MPC,0.6002829605611406
|e_y|,m,RUNNING_MPC,0.5949514022895012
|e_y|,m,RUNNING_MPC,0.5491863383970765
|e_y|,m,RUNNING_MPC,0.49739607535575486
|e_y|,m,RUNNING_MPC,0.3846281691936403
|e_y|,m,RUNNING_MPC,0.32196028874979216
|e_y|,m,RUNNING_MPC,0.19957528310032316
|e_y|,m,RUNNING_MPC,0.11254566284064534
|e_y|,m,RUNNING_MPC,0.05447766337469573
|e_y|,m,RUNNING_MPC,0.003472048831056132
|e_y|,m,RUNNING_MPC,0.020800454860070386
|e_y|,m,RUNNING_MPC,0.037383991727552836
|e_y|,m,RUNNING_MPC,0.03958876535632294
|e_y|,m,RUNNING_MPC,0.03717932248098804
|e_y|,m,RUNNING_MPC,0.03541185628198102
|e_y|,m,RUNNING_MPC,0.03728367746079268
|e_y|,m,RUNNING_MPC,0.04772420038050898
|e_y|,m,RUNNING_MPC,0.060662157038585435
|e_y|,m,RUNNING_MPC,0.08064323232365661
|e_y|,m,RUNNING_MPC,0.11204160881124298
|e_y|,m,RUNNING_MPC,0.14542808092863566
|e_y|,m,RUNNING_MPC,0.16724972296795032
|e_y|,m,RUNNING_MPC,0.21458323424085107
|e_y|,m,RUNNING_MPC,0.26768907813872145
|e_y|,m,RUNNING_MPC,0.3005798561393811
|e_y|,m,RUNNING_MPC,0.3476751349378193
|e_y|,m,RUNNING_MPC,0.39333032368253845
|e_y|,m,RUNNING_MPC,0.44006637028615647
|e_y|,m,RUNNING_MPC,0.5145264534500678
|e_y|,m,RUNNING_MPC,0.5349955049755815
|e_y|,m,RUNNING_MPC,0.5912939100605702
|e_y|,m,RUNNING_MPC,0.6144243143619266
|e_y|,m,RUNNING_MPC,0.5964235641803604
|e_y|,m,RUNNING_MPC,0.5585313472106197
|e_y|,m,RUNNING_MPC,0.5144579956382574
|e_y|,m,RUNNING_MPC,0.4575697986208805
|e_y|,m,RUNNING_MPC,0.44173305958739234
|e_y|,m,RUNNING_MPC,0.3930710185855985
|e_y|,m,RUNNING_MPC,0.3811181829574787
|e_y|,m,RUNNING_MPC,0.38781323486671465
|e_y|,m,RUNNING_MPC,0.39408123594530803
|e_y|,m,RUNNING_MPC,0.41435492098604537
|e_y|,m,RUNNING_MPC,0.436171337355333
|e_y|,m,RUNNING_MPC,0.45394654949558383
|e_y|,m,RUNNING_MPC,0.4684288080940232
|e_y|,m,RUNNING_MPC,0.47462640023301167
|e_y|,m,RUNNING_MPC,0.49410926637651476
|e_y|,m,RUNNING_MPC,0.5151177061130001
|e_y|,m,RUNNING_MPC,0.5272443644306956
|e_y|,m,RUNNING_MPC,0.541678048962406
|e_y|,m,RUNNING_MPC,0.5391969925328552
|e_y|,m,RUNNING_MPC,0.5249431246310874
|e_y|,m,RUNNING_MPC,0.4955647896325934
|e_y|,m,RUNNING_MPC,0.46091036595755314
|e_y|,m,RUNNING_MPC,0.4148426917503975
|e_y|,m,RUNNING_MPC,0.3399653247186327
|e_y|,m,RUNNING_MPC,0.2730775292309634
|e_y|,m,RUNNING_MPC,0.23872077012710813
|e_y|,m,RUNNING_MPC,0.2156493826064676
|e_y|,m,RUNNING_MPC,0.21104750365531372
|e_y|,m,RUNNING_MPC,0.21227779137729907
|e_y|,m,RUNNING_MPC,0.21273544960671015
|e_y|,m,RUNNING_MPC,0.20937282768316293
|e_y|,m,RUNNING_MPC,0.19388898855831752
|e_y|,m,RUNNING_MPC,0.16567376726102184
|e_y|,m,RUNNING_MPC,0.1376666603257829
|e_y|,m,RUNNING_MPC,0.10704666496380966
|e_y|,m,RUNNING_MPC,0.09717855506896705
|e_y|,m,RUNNING_MPC,0.07002624586154058
|e_y|,m,RUNNING_MPC,0.05121626468928786
|e_y|,m,RUNNING_MPC,0.036794171150393296
|e_y|,m,RUNNING_MPC,0.02445097940148612
|e_y|,m,RUNNING_MPC,0.006077006807336367
|e_y|,m,RUNNING_MPC,0.007220824643041357
|e_y|,m,RUNNING_MPC,0.03935864540670092
|e_y|,m,RUNNING_MPC,0.07694307593104921
|e_y|,m,RUNNING_MPC,0.08968011436293544
|e_y|,m,RUNNING_MPC,0.13607719381258626
|e_y|,m,RUNNING_MPC,0.1530858134552961
|e_y|,m,RUNNING_MPC,0.17336661888328966
|e_y|,m,RUNNING_MPC,0.19844509329914684
|e_y|,m,RUNNING_MPC,0.22462478813030912
|e_y|,m,RUNNING_MPC,0.2778802060155364
|e_y|,m,RUNNING_MPC,0.325526206680623
|e_y|,m,RUNNING_MPC,0.40155579877854325
|e_y|,m,RUNNING_MPC,0.44506567564014743
|e_y|,m,RUNNING_MPC,0.5390658795054102
|e_y|,m,RUNNING_MPC,0.605877463330589
|e_y|,m,RUNNING_MPC,0.6266912032108795
|e_y|,m,RUNNING_MPC,0.6447066745490194
|e_y|,m,RUNNING_MPC,0.6048356935592052
|e_y|,m,RUNNING_MPC,0.5004448530969129
|e_y|,m,RUNNING_MPC,0.4049412300732786
|e_y|,m,RUNNING_MPC,0.27989528233926336
|e_y|,m,RUNNING_MPC,0.2115721741284177
|e_y|,m,RUNNING_MPC,0.10818550345536115
|e_y|,m,RUNNING_MPC,0.07645222480257742
|e_y|,m,RUNNING_MPC,0.08886983987829175
|e_y|,m,RUNNING_MPC,0.10335819199423471
|e_y|,m,RUNNING_MPC,0.16059717711139954
|e_y|,m,RUNNING_MPC,0.19377963709794568
|e_y|,m,RUNNING_MPC,0.21302502196724687
|e_y|,m,RUNNING_MPC,0.2010734011018971
|e_y|,m,RUNNING_MPC,0.1717840014250127
|e_y|,m,RUNNING_MPC,0.14701686963738078
|e_y|,m,RUNNING_MPC,0.1097272734219554
|e_y|,m,RUNNING_MPC,0.06697213034256766
|e_y|,m,RUNNING_MPC,0.049178898485242484
|e_y|,m,RUNNING_MPC,0.013206475290506711
|e_y|,m,RUNNING_MPC,0.033006144392877634
|e_y|,m,RUNNING_MPC,0.04221356327734288
|e_y|,m,RUNNING_MPC,0.03874876254209225
|e_y|,m,RUNNING_MPC,0.022908720645525738
|e_y|,m,RUNNING_MPC,0.0011389424217123658
|e_y|,m,RUNNING_MPC,0.016999596254097138
|e_y|,m,RUNNING_MPC,0.02540027921215196
|e_y|,m,RUNNING_MPC,0.04565171086213271
|e_y|,m,RUNNING_MPC,0.05709496647952851
|e_y|,m,RUNNING_MPC,0.05596138041626958
|e_y|,m,RUNNING_MPC,0.04987435564576054
|e_y|,m,RUNNING_MPC,0.04073678197759162
|e_y|,m,RUNNING_MPC,0.03262187912471565
|e_y|,m,RUNNING_MPC,0.022172873441237424
|e_y|,m,RUNNING_MPC,0.01733512648786828
|e_y|,m,RUNNING_MPC,0.014189460048440627
|e_y|,m,RUNNING_MPC,0.0141834627946682
|e_y|,m,RUNNING_MPC,0.01657874478988891
|e_y|,m,RUNNING_MPC,0.019421701999318808
|e_y|,m,RUNNING_MPC,0.024469437173640668
|e_y|,m,RUNNING_MPC,0.02842224263130433
|e_y|,m,RUNNING_MPC,0.02978210434158134
|e_y|,m,RUNNING_MPC,0.030773566241447947
|e_y|,m,RUNNING_MPC,0.02920872333396586
|e_y|,m,RUNNING_MPC,0.027152603717309015
|e_y|,m,RUNNING_MPC,0.0229169832338601
|e_y|,m,RUNNING_MPC,0.021394182016306884
|e_y|,m,RUNNING_MPC,0.01787892503390376
|e_y|,m,RUNNING_MPC,0.014889506939867844
|e_y|,m,RUNNING_MPC,0.012956246186086207
|e_y|,m,RUNNING_MPC,0.012015240811334593
|e_y|,m,RUNNING_MPC,0.012056202934264404
|e_y|,m,RUNNING_MPC,0.014030993314686213
|e_y|,m,RUNNING_MPC,0.01852764019970362
|e_y|,m,RUNNING_MPC,0.0237788739089711
|e_y|,m,RUNNING_MPC,0.027165480346670212
|e_y|,m,RUNNING_MPC,0.029903185136262535
|e_y|,m,RUNNING_MPC,0.030486665001206503
|e_y|,m,RUNNING_MPC,0.030302874802522847
|e_y|,m,RUNNING_MPC,0.025052747377020707
|e_y|,m,RUNNING_MPC,0.020036266090054322
|e_y|,m,RUNNING_MPC,0.01506016889776196
|e_y|,m,RUNNING_MPC,0.009324921558454352
|e_y|,m,RUNNING_MPC,0.006751865347035035
|e_y|,m,RUNNING_MPC,0.006224628214524436
|e_y|,m,RUNNING_MPC,0.007010389712829468
|e_y|,m,RUNNING_MPC,0.009703107383220333
|e_y|,m,RUNNING_MPC,0.011306941096000195
|e_y|,m,RUNNING_MPC,0.014006790134718384
|e_y|,m,RUNNING_MPC,0.016567358178738195
|e_y|,m,RUNNING_MPC,0.01833579535130655
|e_y|,m,RUNNING_MPC,0.019688523473174346
|e_y|,m,RUNNING_MPC,0.01910405645207114
|e_y|,m,RUNNING_MPC,0.016145994328913546
|e_y|,m,RUNNING_MPC,0.013309941279800314
|e_y|,m,RUNNING_MPC,0.009041944241569233
|e_y|,m,RUNNING_MPC,0.007680924546221879
|e_y|,m,RUNNING_MPC,0.004953891802916971
|e_y|,m,RUNNING_MPC,0.00501960858339795
|e_y|,m,RUNNING_MPC,0.007105645701450142
|e_y|,m,RUNNING_MPC,0.013067267328199128
|e_y|,m,RUNNING_MPC,0.01797089892416448
|e_y|,m,RUNNING_MPC,0.023508343291291034
|e_y|,m,RUNNING_MPC,0.025854684299742216
|e_y|,m,RUNNING_MPC,0.02790049567257566
|e_y|,m,RUNNING_MPC,0.026219359837084344
|e_y|,m,RUNNING_MPC,0.023335981884846424
|e_y|,m,RUNNING_MPC,0.01754720395295835
|e_y|,m,RUNNING_MPC,0.01326909887932154
|e_y|,m,RUNNING_MPC,0.008821541567462288
|e_y|,m,RUNNING_MPC,0.005880578153411586
|e_y|,m,RUNNING_MPC,0.00488978929232553
|e_y|,m,RUNNING_MPC,0.003538554377933961
|e_y|,m,RUNNING_MPC,0.00451306804206613
|e_y|,m,RUNNING_MPC,0.006407541777672915
|e_y|,m,RUNNING_MPC,0.00853577783730336
|e_y|,m,RUNNING_MPC,0.010679313628866954
|e_y|,m,RUNNING_MPC,0.012887110991954456
|e_y|,m,RUNNING_MPC,0.013759032214967628
|e_y|,m,RUNNING_MPC,0.015359190964006786
|e_y|,m,RUNNING_MPC,0.015255409550812726
|e_y|,m,RUNNING_MPC,0.014639136176251233
|e_y|,m,RUNNING_MPC,0.012995139546114878
|e_y|,m,RUNNING_MPC,0.011952227047872417
|e_y|,m,RUNNING_MPC,0.010635406115861473
|e_y|,m,RUNNING_MPC,0.009895590189773096
|e_y|,m,RUNNING_MPC,0.009227631684322335
|e_y|,m,RUNNING_MPC,0.008997714118766098
|e_y|,m,RUNNING_MPC,0.008240359021468358
|e_y|,m,RUNNING_MPC,0.008598599343454472
|e_y|,m,RUNNING_MPC,0.00971227181057882
|e_y|,m,RUNNING_MPC,0.009073560294216687
|e_y|,m,RUNNING_MPC,0.00840148111583533
|e_y|,m,RUNNING_MPC,0.007147307175518605
|e_y|,m,RUNNING_MPC,0.007069000055819119
|e_y|,m,RUNNING_MPC,0.0070514266350358845
|e_y|,m,RUNNING_MPC,0.007204199133656386
|e_y|,m,RUNNING_MPC,0.008294521208931926
|e_y|,m,RUNNING_MPC,0.009198332510859414
|e_y|,m,RUNNING_MPC,0.01019713345262005
|e_y|,m,RUNNING_MPC,0.010647036052561898
|e_y|,m,RUNNING_MPC,0.010526034647156401
|e_y|,m,RUNNING_MPC,0.011112662936888118
|e_y|,m,RUNNING_MPC,0.011065229408632637
|e_y|,m,RUNNING_MPC,0.009708665191978605
|e_y|,m,RUNNING_MPC,0.008359500265147035
|e_y|,m,RUNNING_MPC,0.0056551143468258624
|e_y|,m,RUNNING_MPC,0.0026229755038563955
|e_y|,m,RUNNING_MPC,0.0008252604475206815
|e_y|,m,RUNNING_MPC,0.002499020381392908
|e_y|,m,RUNNING_MPC,0.0031001006017452037
|e_y|,m,RUNNING_MPC,0.00484040262645713
|e_y|,m,RUNNING_MPC,0.006157309956512078
|e_y|,m,RUNNING_MPC,0.006770916098192747
|e_y|,m,RUNNING_MPC,0.007061400956350494
|e_y|,m,RUNNING_MPC,0.007326735659768102
|e_y|,m,RUNNING_MPC,0.00746744322941556
|e_y|,m,RUNNING_MPC,0.0064590396176561725
|e_y|,m,RUNNING_MPC,0.006089458495643858
|e_y|,m,RUNNING_MPC,0.00503178724325043
|e_y|,m,RUNNING_MPC,0.004597912570635576
|e_y|,m,RUNNING_MPC,0.004290934107541222
|e_y|,m,RUNNING_MPC,0.004637204626311647
|e_y|,m,RUNNING_MPC,0.004783596020516229
|e_y|,m,RUNNING_MPC,0.005535303862967411
|e_y|,m,RUNNING_MPC,0.005943746352047585
|e_y|,m,RUNNING_MPC,0.007792964535133701
|e_y|,m,RUNNING_MPC,0.00882187271460333
|e_y|,m,RUNNING_MPC,0.012964769813236188
|e_y|,m,RUNNING_MPC,0.016754099294468028
|e_y|,m,RUNNING_MPC,0.01814085262835996
|e_y|,m,RUNNING_MPC,0.025099463343947886
|e_y|,m,RUNNING_MPC,0.03433668008590988
|e_y|,m,RUNNING_MPC,0.04199216614740889
|e_y|,m,RUNNING_MPC,0.051020389670398125
|e_y|,m,RUNNING_MPC,0.06388368249475668
|e_y|,m,RUNNING_MPC,0.07054271152396357
|e_y|,m,RUNNING_MPC,0.08249274246641924
|e_y|,m,RUNNING_MPC,0.09148848790342184
|e_y|,m,RUNNING_MPC,0.09692904491514212
|e_y|,m,RUNNING_MPC,0.09646725630782284
|e_y|,m,RUNNING_MPC,0.09264735351729547
|e_y|,m,RUNNING_MPC,0.07860173852509145
|e_y|,m,RUNNING_MPC,0.066529968959188
|e_y|,m,RUNNING_MPC,0.045384266357008166
|e_y|,m,RUNNING_MPC,0.029220652680157888
|e_y|,m,RUNNING_MPC,0.02813060779076565
|e_y|,m,RUNNING_MPC,0.044956060851415264
|e_y|,m,RUNNING_MPC,0.0671477939527989
|e_y|,m,RUNNING_MPC,0.10588028638143371
|e_y|,m,RUNNING_MPC,0.1504504820924889
|e_y|,m,RUNNING_MPC,0.1859477354281306
|e_y|,m,RUNNING_MPC,0.21397242550559548
|e_y|,m,RUNNING_MPC,0.24324157345330655
|e_y|,m,RUNNING_MPC,0.25373881588277347
|e_y|,m,RUNNING_MPC,0.25492518434911593
|e_y|,m,RUNNING_MPC,0.2490068367817402
|e_y|,m,RUNNING_MPC,0.24223440558077036
|e_y|,m,RUNNING_MPC,0.24350474191279312
|e_y|,m,RUNNING_MPC,0.25653444566886074
|e_y|,m,RUNNING_MPC,0.2727881211604489
|e_y|,m,RUNNING_MPC,0.3097066791648129
|e_y|,m,RUNNING_MPC,0.3214345650444327
|e_y|,m,RUNNING_MPC,0.3621607562295131
|e_y|,m,RUNNING_MPC,0.39298144151880365
|e_y|,m,RUNNING_MPC,0.4057445549914951
|e_y|,m,RUNNING_MPC,0.40254261635510963
|e_y|,m,RUNNING_MPC,0.39193095705745684
|e_y|,m,RUNNING_MPC,0.3584833347565467
|e_y|,m,RUNNING_MPC,0.3242945384024083
|e_y|,m,RUNNING_MPC,0.30571249887902335
|e_y|,m,RUNNING_MPC,0.30384646178005376
|e_y|,m,RUNNING_MPC,0.30613882014925764
|e_y|,m,RUNNING_MPC,0.3502430420039526
|e_y|,m,RUNNING_MPC,0.4138738124575083
|e_y|,m,RUNNING_MPC,0.4543761420845056
|e_y|,m,RUNNING_MPC,0.46503748886176677
|e_y|,m,RUNNING_MPC,0.4686026251944108
|e_y|,m,RUNNING_MPC,0.4493180206087575
|e_y|,m,RUNNING_MPC,0.41198375759655237
|e_y|,m,RUNNING_MPC,0.368116098197209
|e_y|,m,RUNNING_MPC,0.3450708573512606
|e_y|,m,RUNNING_MPC,0.3161784563099045
|e_y|,m,RUNNING_MPC,0.3047530326345533
|e_y|,m,RUNNING_MPC,0.29525899121038457
|e_y|,m,RUNNING_MPC,0.30447559911107897
|heading error|,rad,RUNNING_PP,0.01078473595148588
|heading error|,rad,RUNNING_PP,0.010784136740240813
|heading error|,rad,RUNNING_PP,0.01078114068401459
|heading error|,rad,RUNNING_PP,0.010770887513817717
|heading error|,rad,RUNNING_PP,0.010766626456073403
|heading error|,rad,RUNNING_PP,0.010762964609574375
|heading error|,rad,RUNNING_PP,0.009712147822456663
|heading error|,rad,RUNNING_PP,0.008329368005460023
|heading error|,rad,RUNNING_PP,0.002820352974522211
|heading error|,rad,RUNNING_PP,0.00558658079658514
|heading error|,rad,RUNNING_PP,0.014659171682158136
|heading error|,rad,RUNNING_PP,0.029701238151143894
|heading error|,rad,RUNNING_PP,0.04502187127015167
|heading error|,rad,RUNNING_PP,0.0681883990657377
|heading error|,rad,RUNNING_PP,0.08348759373797034
|heading error|,rad,RUNNING_PP,0.11183135090357488
|heading error|,rad,RUNNING_PP,0.1502531754243116
|heading error|,rad,RUNNING_PP,0.17708212656187872
|heading error|,rad,RUNNING_PP,0.20382159548681944
|heading error|,rad,RUNNING_PP,0.23671156837027063
|heading error|,rad,RUNNING_PP,0.26531307715891816
|heading error|,rad,RUNNING_PP,0.2844563451275985
|heading error|,rad,RUNNING_PP,0.30360999942453004
|heading error|,rad,RUNNING_PP,0.3099608991459931
|heading error|,rad,RUNNING_PP,0.3069084504835716
|heading error|,rad,RUNNING_PP,0.2921488788272162
|heading error|,rad,RUNNING_PP,0.2680129443362612
|heading error|,rad,RUNNING_PP,0.2494529752253355
|heading error|,rad,RUNNING_PP,0.2040933797415856
|heading error|,rad,RUNNING_PP,0.1608470391690886
|heading error|,rad,RUNNING_PP,0.12432940666093839
|heading error|,rad,RUNNING_PP,0.07878122937925847
|heading error|,rad,RUNNING_PP,0.045582663220047115
|heading error|,rad,RUNNING_PP,0.004298741831783359
|heading error|,rad,RUNNING_PP,0.02127682150038457
|heading error|,rad,RUNNING_PP,0.03161075205724617
|heading error|,rad,RUNNING_PP,0.038470216619154285
|heading error|,rad,RUNNING_PP,0.03775495812938645
|heading error|,rad,RUNNING_PP,0.027222604476358603
|heading error|,rad,RUNNING_PP,0.018251147133181326
|heading error|,rad,RUNNING_PP,0.005303079776069808
|heading error|,rad,RUNNING_PP,8.466906345772074e-05
|heading error|,rad,RUNNING_PP,0.006088653845238712
|heading error|,rad,RUNNING_PP,0.007491007896246904
|heading error|,rad,RUNNING_PP,0.0073798227102411795
|heading error|,rad,RUNNING_PP,0.005298672824790351
|heading error|,rad,RUNNING_PP,0.002565870072205545
|heading error|,rad,RUNNING_PP,0.0008153100646498546
|heading error|,rad,RUNNING_PP,0.0005301252383794752
|heading error|,rad,RUNNING_PP,0.0018101883500314388
|heading error|,rad,RUNNING_PP,0.001996266720234896
|heading error|,rad,RUNNING_PP,0.0019018563249283416
|heading error|,rad,RUNNING_PP,0.001781947496847458
|heading error|,rad,RUNNING_PP,0.0013909359485166917
|heading error|,rad,RUNNING_PP,0.0008849842544789156
|heading error|,rad,RUNNING_PP,0.0005378322167385319
|heading error|,rad,RUNNING_PP,0.00024188786433931853
|heading error|,rad,RUNNING_PP,0.00019827860148913248
|heading error|,rad,RUNNING_PP,7.999711896511387e-05
|heading error|,rad,RUNNING_PP,8.232254947526663e-05
|heading error|,rad,RUNNING_PP,0.00014333439107971913
|heading error|,rad,RUNNING_PP,0.00013903930574243883
|heading error|,rad,RUNNING_PP,0.00021871089050007342
|heading error|,rad,RUNNING_PP,0.0004769163716386027
|heading error|,rad,RUNNING_PP,0.0005703314593293873
|heading error|,rad,RUNNING_PP,0.0005074932857559444
|heading error|,rad,RUNNING_PP,0.0007492417337079393
|heading error|,rad,RUNNING_PP,0.0008110095871819433
|heading error|,rad,RUNNING_PP,0.0007055086368599195
|heading error|,rad,RUNNING_PP,0.0006550346863331002
|heading error|,rad,RUNNING_PP,0.0004526856219719822
|heading error|,rad,RUNNING_PP,0.00044843664867866284
|heading error|,rad,RUNNING_PP,0.0006949787865928592
|heading error|,rad,RUNNING_PP,0.0005890392377166931
|heading error|,rad,RUNNING_PP,0.0005970046235757032
|heading error|,rad,RUNNING_PP,0.0006775606555174951
|heading error|,rad,RUNNING_PP,0.0007260441117400428
|heading error|,rad,RUNNING_PP,0.0005581983840380333
|heading error|,rad,RUNNING_PP,0.0006412113174597556
|heading error|,rad,RUNNING_PP,0.000566881779549111
|heading error|,rad,RUNNING_PP,0.0003875387520244633
|heading error|,rad,RUNNING_PP,0.0003813969989465704
|heading error|,rad,RUNNING_PP,9.109619517388978e-06
|heading error|,rad,RUNNING_PP,0.00029083794811790575
|heading error|,rad,RUNNING_PP,0.0002848754406403753
|heading error|,rad,RUNNING_PP,0.0020824499067201296
|heading error|,rad,RUNNING_PP,0.00047143718430375797
|heading error|,rad,RUNNING_PP,0.002661899413164637
|heading error|,rad,RUNNING_PP,0.004370303091051131
|heading error|,rad,RUNNING_PP,0.001924824527934188
|heading error|,rad,RUNNING_PP,0.0010423195217090786
|heading error|,rad,RUNNING_PP,0.005563300701438845
|heading error|,rad,RUNNING_PP,0.004646329336981059
|heading error|,rad,RUNNING_PP,0.0025355744360112675
|heading error|,rad,RUNNING_PP,0.00029296394716316065
|heading error|,rad,RUNNING_PP,0.0016461380871668485
|heading error|,rad,RUNNING_PP,0.0029499311812872797
|heading error|,rad,RUNNING_PP,0.003005924143206218
|heading error|,rad,RUNNING_PP,0.0026427430625415305
|heading error|,rad,RUNNING_PP,0.0020541021476562227
|heading error|,rad,RUNNING_PP,0.0008577251316936873
|heading error|,rad,RUNNING_PP,0.0003569509578981167
|heading error|,rad,RUNNING_PP,0.00041178810627562346
|heading error|,rad,RUNNING_PP,0.0007103196667485046
|heading error|,rad,RUNNING_PP,0.0007725554236294173
|heading error|,rad,RUNNING_PP,0.0006218205059309589
|heading error|,rad,RUNNING_PP,0.00043331447888383945
|heading error|,rad,RUNNING_PP,0.00010098966321780978
|heading error|,rad,RUNNING_PP,0.00013714075451454202
|heading error|,rad,RUNNING_PP,0.0003156357590679004
|heading error|,rad,RUNNING_PP,0.00036756899790635345
|heading error|,rad,RUNNING_PP,0.0002365414722744763
|heading error|,rad,RUNNING_PP,0.00011700269158587684
|heading error|,rad,RUNNING_PP,1.5283225352491492e-05
|heading error|,rad,RUNNING_PP,8.767301907985914e-05
|heading error|,rad,RUNNING_PP,0.00013780991870127046
|heading error|,rad,RUNNING_PP,0.00019814412842877882
|heading error|,rad,RUNNING_PP,0.00017043953739548368
|heading error|,rad,RUNNING_PP,0.00014051996002240053
|heading error|,rad,RUNNING_PP,4.098431428078974e-05
|heading error|,rad,RUNNING_PP,9.843676476162244e-06
|heading error|,rad,RUNNING_PP,4.245767185451221e-05
|heading error|,rad,RUNNING_PP,5.755714601818341e-05
|heading error|,rad,RUNNING_PP,2.8478118765939975e-05
|heading error|,rad,RUNNING_PP,1.801490386432736e-05
|heading error|,rad,RUNNING_PP,4.630240521141804e-05
|heading error|,rad,RUNNING_PP,0.00016554544301994323
|heading error|,rad,RUNNING_PP,0.00021331088959053446
|heading error|,rad,RUNNING_PP,0.00019433444109295817
|heading error|,rad,RUNNING_PP,0.00018142039528656895
|heading error|,rad,RUNNING_PP,0.0002313606624170239
|heading error|,rad,RUNNING_PP,0.0002582348763572329
|heading error|,rad,RUNNING_PP,0.00020118980619765467
|heading error|,rad,RUNNING_PP,0.0004058537359704628
|heading error|,rad,RUNNING_PP,0.0004114966626391769
|heading error|,rad,RUNNING_PP,0.000492677075477399
|heading error|,rad,RUNNING_PP,0.00038557571045827466
|heading error|,rad,RUNNING_PP,0.00041070400477261065
|heading error|,rad,RUNNING_PP,0.0004894316013995814
|heading error|,rad,RUNNING_PP,0.0004961917695331941
|heading error|,rad,RUNNING_PP,0.0007870755395971152
|heading error|,rad,RUNNING_PP,0.0007810904554367282
|heading error|,rad,RUNNING_PP,0.0006227365371246352
|heading error|,rad,RUNNING_PP,0.0005142000624835941
|heading error|,rad,RUNNING_PP,0.0005894019538339457
|heading error|,rad,RUNNING_PP,0.0005725670870584398
|heading error|,rad,RUNNING_PP,0.0005816106002752842
|heading error|,rad,RUNNING_PP,0.0007659013477088195
|heading error|,rad,RUNNING_PP,0.0006772454675456618
|heading error|,rad,RUNNING_PP,0.0005490502607855552
|heading error|,rad,RUNNING_PP,0.0004452647516446362
|heading error|,rad,RUNNING_PP,0.00035992972280685093
|heading error|,rad,RUNNING_PP,0.0003160496742374841
|heading error|,rad,RUNNING_PP,0.0002910519494344621
|heading error|,rad,RUNNING_PP,0.000246244264094031
|heading error|,rad,RUNNING_PP,0.00024795176730008084
|heading error|,rad,RUNNING_PP,0.00028017580399963826
|heading error|,rad,RUNNING_PP,0.0003021377616380105
|heading error|,rad,RUNNING_PP,0.00026174436494996733
|heading error|,rad,RUNNING_PP,5.4482832292146455e-05
|heading error|,rad,RUNNING_PP,0.00043345723164200933
|heading error|,rad,RUNNING_PP,0.00012840317933726642
|heading error|,rad,RUNNING_PP,0.002003866309388425
|heading error|,rad,RUNNING_PP,0.00012154405092079656
|heading error|,rad,RUNNING_PP,0.00013453035613053554
|heading error|,rad,RUNNING_PP,0.00017933042366180538
|heading error|,rad,RUNNING_PP,0.00044547759370316964
|heading error|,rad,RUNNING_PP,0.00021071004380424085
|heading error|,rad,RUNNING_PP,0.00031480292580354785
|heading error|,rad,RUNNING_PP,0.0021730555855211664
|heading error|,rad,RUNNING_PP,0.0031805323738701707
|heading error|,rad,RUNNING_PP,0.0028336181009445127
|heading error|,rad,RUNNING_PP,0.0043407424182687615
|heading error|,rad,RUNNING_PP,0.0021871631839694983
|heading error|,rad,RUNNING_PP,0.0022490047864740514
|heading error|,rad,RUNNING_PP,0.0014531861612941954
|heading error|,rad,RUNNING_PP,0.004759628454837794
|heading error|,rad,RUNNING_PP,0.000158604179962607
|heading error|,rad,RUNNING_PP,0.003361484831254868
|heading error|,rad,RUNNING_PP,0.004701579584055149
|heading error|,rad,RUNNING_PP,0.00626573902453187
|heading error|,rad,RUNNING_PP,0.0068403424900206344
|heading error|,rad,RUNNING_PP,0.00577627290786109
|heading error|,rad,RUNNING_PP,0.0016850661513939658
|heading error|,rad,RUNNING_PP,0.0002856174014771451
|heading error|,rad,RUNNING_PP,0.009661941809373631
|heading error|,rad,RUNNING_PP,0.00670257199930857
|heading error|,rad,RUNNING_PP,0.010576749522425155
|heading error|,rad,RUNNING_PP,0.009239291855834497
|heading error|,rad,RUNNING_PP,6.716204503987022e-06
|heading error|,rad,RUNNING_PP,0.001926753990105334
|heading error|,rad,RUNNING_PP,0.0001454506799484223
|heading error|,rad,RUNNING_PP,0.001864633225564627
|heading error|,rad,RUNNING_PP,0.008526446105481589
|heading error|,rad,RUNNING_PP,0.009421062533753077
|heading error|,rad,RUNNING_PP,0.007274469690257024
|heading error|,rad,RUNNING_PP,0.009571324711875828
|heading error|,rad,RUNNING_PP,0.00745929379615734
|heading error|,rad,RUNNING_PP,0.0011215089684512016
|heading error|,rad,RUNNING_PP,0.014962057022133825
|heading error|,rad,RUNNING_PP,0.0016376810067587622
|heading error|,rad,RUNNING_PP,0.0032409683605647004
|heading error|,rad,RUNNING_PP,0.013258279988371202
|heading error|,rad,RUNNING_PP,0.010758902715288787
|heading error|,rad,RUNNING_PP,0.004432464138399872
|heading error|,rad,RUNNING_PP,0.0017090352538823295
|heading error|,rad,RUNNING_PP,0.0039028989575565776
|heading error|,rad,RUNNING_PP,0.005908129624846492
|heading error|,rad,RUNNING_PP,0.004452532411456767
|heading error|,rad,RUNNING_PP,0.005798785121708783
|heading error|,rad,RUNNING_PP,0.0006195480299011069
|heading error|,rad,RUNNING_PP,0.0009915884831679653
|heading error|,rad,RUNNING_PP,0.00566890244857729
|heading error|,rad,RUNNING_PP,0.010128419860797877
|heading error|,rad,RUNNING_PP,0.002269100078109626
|heading error|,rad,RUNNING_PP,0.0036858496316109213
|heading error|,rad,RUNNING_PP,0.0007886143498423703
|heading error|,rad,RUNNING_PP,0.005123518901860108
|heading error|,rad,RUNNING_PP,0.008923640518142317
|heading error|,rad,RUNNING_PP,0.0018357649555284514
|heading error|,rad,RUNNING_PP,0.0004235662903619153
|heading error|,rad,RUNNING_PP,0.003437840648796403
|heading error|,rad,RUNNING_PP,0.0020348204531743797
|heading error|,rad,RUNNING_PP,0.005520592526515655
|heading error|,rad,RUNNING_PP,0.006476644595276443
|heading error|,rad,RUNNING_PP,0.002669150447178859
|heading error|,rad,RUNNING_PP,0.0013482766970494137
|heading error|,rad,RUNNING_PP,0.0020653074655132136
|heading error|,rad,RUNNING_PP,0.006672515748658368
|heading error|,rad,RUNNING_PP,0.005451243183659818
|heading error|,rad,RUNNING_PP,0.002181608909370362
|heading error|,rad,RUNNING_PP,0.0010620335920554502
|heading error|,rad,RUNNING_PP,0.0038719372878818522
|heading error|,rad,RUNNING_PP,0.0029443032713510255
|heading error|,rad,RUNNING_PP,0.004409762181342813
|heading error|,rad,RUNNING_PP,0.001591813991778027
|heading error|,rad,RUNNING_PP,0.0006284460212533129
|heading error|,rad,RUNNING_PP,0.0019015491779411225
|heading error|,rad,RUNNING_PP,0.0026329700712624943
|heading error|,rad,RUNNING_PP,0.0037594446215791152
|heading error|,rad,RUNNING_PP,0.002901148176789742
|heading error|,rad,RUNNING_PP,0.0008558712100596723
|heading error|,rad,RUNNING_PP,0.0015461885471225595
|heading error|,rad,RUNNING_PP,0.002164833647552558
|heading error|,rad,RUNNING_PP,0.003173947133080446
|heading error|,rad,RUNNING_PP,0.0011100983453853353
|heading error|,rad,RUNNING_PP,0.0004884069757747495
|heading error|,rad,RUNNING_PP,0.0011477412359034015
|heading error|,rad,RUNNING_PP,0.0014410990535767554
|heading error|,rad,RUNNING_PP,0.00263843929512593
|heading error|,rad,RUNNING_PP,0.0010232969074223663
|heading error|,rad,RUNNING_PP,0.00039205698815786283
|heading error|,rad,RUNNING_PP,0.0016247442947365796
|heading error|,rad,RUNNING_PP,0.0015314012026299284
|heading error|,rad,RUNNING_PP,0.0002140297213883008
|heading error|,rad,RUNNING_PP,0.0009459292208089942
|heading error|,rad,RUNNING_PP,0.0016421556936652287
|heading error|,rad,RUNNING_PP,0.00048175212586673566
|heading error|,rad,RUNNING_PP,0.0010283038542243939
|heading error|,rad,RUNNING_PP,0.001136388381197673
|heading error|,rad,RUNNING_PP,0.00026668476253846607
|heading error|,rad,RUNNING_PP,0.0008539512157557383
|heading error|,rad,RUNNING_PP,0.0004904957279290301
|heading error|,rad,RUNNING_PP,0.0005501546809663083
|heading error|,rad,RUNNING_PP,0.0004034317592286063
|heading error|,rad,RUNNING_PP,0.0002144134874003112
|heading error|,rad,RUNNING_PP,0.00011900866467051685
|heading error|,rad,RUNNING_PP,0.00011885503192082814
|heading error|,rad,RUNNING_PP,0.0003331293769486821
|heading error|,rad,RUNNING_PP,0.00033196703484550394
|heading error|,rad,RUNNING_PP,0.00024363223869361403
|heading error|,rad,RUNNING_PP,0.00043674470723800707
|heading error|,rad,RUNNING_PP,0.0003274502996399864
|heading error|,rad,RUNNING_PP,0.0002485287106067102
|heading error|,rad,RUNNING_PP,0.00036294862263536176
|heading error|,rad,RUNNING_PP,0.0011617138573341568
|heading error|,rad,RUNNING_PP,0.0004135834918028991
|heading error|,rad,RUNNING_PP,0.0014930401116120262
|heading error|,rad,RUNNING_PP,0.0009514861034078391
|heading error|,rad,RUNNING_PP,0.0002749050451038848
|heading error|,rad,RUNNING_PP,6.1966944108760025e-06
|heading error|,rad,RUNNING_PP,0.0009697631582114008
|heading error|,rad,RUNNING_PP,0.000795913038961038
|heading error|,rad,RUNNING_PP,0.0020840626533642492
|heading error|,rad,RUNNING_PP,0.0016602825267947874
|heading error|,rad,RUNNING_PP,0.0011421195812258006
|heading error|,rad,RUNNING_PP,0.00033943736814638636
|heading error|,rad,RUNNING_PP,0.0009342547877249086
|heading error|,rad,RUNNING_PP,0.002786142892476015
|heading error|,rad,RUNNING_PP,0.0018664078542708351
|heading error|,rad,RUNNING_PP,0.001403750249520594
|heading error|,rad,RUNNING_PP,0.000843418057205933
|heading error|,rad,RUNNING_PP,0.002831374810491144
|heading error|,rad,RUNNING_PP,0.003797815971825353
|heading error|,rad,RUNNING_PP,0.00409382941786559
|heading error|,rad,RUNNING_PP,0.0034016433637669846
|heading error|,rad,RUNNING_PP,0.002601835811145835
|heading error|,rad,RUNNING_PP,0.0012711924336454364
|heading error|,rad,RUNNING_PP,4.704775237368564e-06
|heading error|,rad,RUNNING_PP,0.0019803992269167257
|heading error|,rad,RUNNING_PP,0.0023400870092731424
|heading error|,rad,RUNNING_PP,0.0022049178025157264
|heading error|,rad,RUNNING_PP,0.0029379087998050654
|heading error|,rad,RUNNING_PP,0.0019217079704757448
|heading error|,rad,RUNNING_PP,0.0026086434165409223
|heading error|,rad,RUNNING_PP,0.0026431950234649983
|heading error|,rad,RUNNING_PP,0.002520141697980628
|heading error|,rad,RUNNING_PP,0.003334911715887151
|heading error|,rad,RUNNING_PP,0.0016163181032396307
|heading error|,rad,RUNNING_PP,0.0004466221135315737
|heading error|,rad,RUNNING_PP,0.001184230306445766
|heading error|,rad,RUNNING_PP,0.001963377335278099
|heading error|,rad,RUNNING_PP,0.005104696096896538
|heading error|,rad,RUNNING_PP,0.003950609208726127
|heading error|,rad,RUNNING_PP,0.003041598528681397
|heading error|,rad,RUNNING_PP,0.001934070243274022
|heading error|,rad,RUNNING_PP,0.003928786946284151
|heading error|,rad,RUNNING_PP,0.00531909092160443
|heading error|,rad,RUNNING_PP,0.004264252888552339
|heading error|,rad,RUNNING_PP,0.005597713319990705
|heading error|,rad,RUNNING_PP,0.004563827490558919
|heading error|,rad,RUNNING_PP,0.00070133644760903
|heading error|,rad,RUNNING_PP,0.005629066469033135
|heading error|,rad,RUNNING_PP,0.004092471392263292
|heading error|,rad,RUNNING_PP,0.00610956611161223
|heading error|,rad,RUNNING_PP,0.0026103790325083254
|heading error|,rad,RUNNING_PP,0.0015893710631719182
|heading error|,rad,RUNNING_PP,0.00423455817602128
|heading error|,rad,RUNNING_PP,0.0029266366667979886
|heading error|,rad,RUNNING_PP,0.0062463720366278674
|heading error|,rad,RUNNING_PP,0.007055219088818233
|heading error|,rad,RUNNING_PP,0.0035126236458922766
|heading error|,rad,RUNNING_PP,0.002216732967335211
|heading error|,rad,RUNNING_PP,0.0010398169979513596
|heading error|,rad,RUNNING_PP,0.0021327460051743796
|heading error|,rad,RUNNING_PP,0.0031437145584547466
|heading error|,rad,RUNNING_PP,0.005053395408268325
|heading error|,rad,RUNNING_PP,0.0019194261555686711
|heading error|,rad,RUNNING_PP,0.0007982091543367599
|heading error|,rad,RUNNING_PP,0.0023295224706981754
|heading error|,rad,RUNNING_PP,0.0034650455897977106
|heading error|,rad,RUNNING_PP,0.004654399941635801
|heading error|,rad,RUNNING_PP,0.003551256436336414
|heading error|,rad,RUNNING_PP,0.0003906182586650986
|heading error|,rad,RUNNING_PP,0.0014355944333266368
|heading error|,rad,RUNNING_PP,0.0014644472837048172
|heading error|,rad,RUNNING_PP,0.0022303261921472473
|heading error|,rad,RUNNING_PP,0.005609986767532382
|heading error|,rad,RUNNING_PP,0.004629948418999497
|heading error|,rad,RUNNING_PP,0.0036848600046134883
|heading error|,rad,RUNNING_PP,0.0009071143262957549
|heading error|,rad,RUNNING_PP,7.149299139713738e-05
|heading error|,rad,RUNNING_PP,0.0010608286404949485
|heading error|,rad,RUNNING_PP,0.003844594132297652
|heading error|,rad,RUNNING_PP,0.004781950560200698
|heading error|,rad,RUNNING_PP,0.0021003255274518744
|heading error|,rad,RUNNING_PP,0.0011871134800375271
|heading error|,rad,RUNNING_PP,0.00031934866683946966
|heading error|,rad,RUNNING_PP,0.00381690736139062
|heading error|,rad,RUNNING_PP,0.002953937579530219
|heading error|,rad,RUNNING_PP,0.0037219504666221592
|heading error|,rad,RUNNING_PP,0.004252086469293204
|heading error|,rad,RUNNING_PP,0.0034069097535320836
|heading error|,rad,RUNNING_PP,0.0010503981087991443
|heading error|,rad,RUNNING_PP,0.00027934626892012204
|heading error|,rad,RUNNING_PP,0.0004245642120104254
|heading error|,rad,RUNNING_PP,0.0025494553696875366
|heading error|,rad,RUNNING_PP,0.0032869617252048178
|heading error|,rad,RUNNING_PP,0.003346706234073516
|heading error|,rad,RUNNING_PP,0.0012799319433085543
|heading error|,rad,RUNNING_PP,0.0018000667856665766
|heading error|,rad,RUNNING_PP,9.503944991229307e-05
|heading error|,rad,RUNNING_PP,0.000382575824861342
|heading error|,rad,RUNNING_PP,0.00024327156696402064
|heading error|,rad,RUNNING_PP,0.0029635120235439465
|heading error|,rad,RUNNING_PP,0.002437911299355
|heading error|,rad,RUNNING_PP,0.002859328093288816
|heading error|,rad,RUNNING_PP,0.002131968421737684
|heading error|,rad,RUNNING_PP,0.0005376705280526473
|heading error|,rad,RUNNING_PP,0.0020036625570274413
|heading error|,rad,RUNNING_PP,0.001640245705734067
|heading error|,rad,RUNNING_PP,0.0012993211186721476
|heading error|,rad,RUNNING_PP,0.0027351237855248733
|heading error|,rad,RUNNING_PP,0.0023338404261991075
|heading error|,rad,RUNNING_PP,0.0005511203925000485
|heading error|,rad,RUNNING_PP,0.0001719035010621095
|heading error|,rad,RUNNING_PP,0.0006484256537260258
|heading error|,rad,RUNNING_PP,0.001130157129951237
|heading error|,rad,RUNNING_PP,0.0007554597958140397
|heading error|,rad,RUNNING_PP,0.0028050818285393353
|heading error|,rad,RUNNING_PP,0.0031097553819670054
|heading error|,rad,RUNNING_PP,0.0008612175404227873
|heading error|,rad,RUNNING_PP,0.001021779434285608
|heading error|,rad,RUNNING_PP,0.0005653624929147226
|heading error|,rad,RUNNING_PP,0.000972650739902936
|heading error|,rad,RUNNING_PP,0.0012996538317362474
|heading error|,rad,RUNNING_PP,0.002258799729310312
|heading error|,rad,RUNNING_PP,0.00016720686569760002
|heading error|,rad,RUNNING_PP,0.00010322104180149339
|heading error|,rad,RUNNING_PP,0.0010237686182356098
|heading error|,rad,RUNNING_PP,0.0011650507275320354
|heading error|,rad,RUNNING_PP,0.0014211571266578016
|heading error|,rad,RUNNING_PP,0.00010962786791945957
|heading error|,rad,RUNNING_PP,0.00034902712178375156
|heading error|,rad,RUNNING_PP,0.0001432035316213387
|heading error|,rad,RUNNING_PP,0.0004657649573444056
|heading error|,rad,RUNNING_PP,0.0005974704467871517
|heading error|,rad,RUNNING_PP,0.0010760615570051257
|heading error|,rad,RUNNING_PP,0.0011474642253426206
|heading error|,rad,RUNNING_PP,0.00011434149913702729
|heading error|,rad,RUNNING_PP,0.0003109373249183811
|heading error|,rad,RUNNING_PP,0.000912659197065957
|heading error|,rad,RUNNING_PP,0.0001562005064376093
|heading error|,rad,RUNNING_PP,5.2773570123898494e-06
|heading error|,rad,RUNNING_PP,9.013112305078508e-05
|heading error|,rad,RUNNING_PP,0.000328153966087541
|heading error|,rad,RUNNING_PP,0.0004882650688705636
|heading error|,rad,RUNNING_PP,6.222587348514441e-05
|heading error|,rad,RUNNING_PP,4.361535626029588e-05
|heading error|,rad,RUNNING_PP,0.00024277339019740382
|heading error|,rad,RUNNING_PP,0.0002626945846996298
|heading error|,rad,RUNNING_PP,0.0002661435080602015
|heading error|,rad,RUNNING_PP,0.0001817156186539881
|heading error|,rad,RUNNING_PP,0.00018544928247277162
|heading error|,rad,RUNNING_PP,0.0001881264996528298
|heading error|,rad,RUNNING_PP,0.00025204236581477524
|heading error|,rad,RUNNING_PP,0.000280527642392836
|heading error|,rad,RUNNING_PP,0.0003880181469804178
|heading error|,rad,RUNNING_PP,0.0003037290984796437
|heading error|,rad,RUNNING_PP,0.00034451676139424237
|heading error|,rad,RUNNING_PP,0.0004985294318982092
|heading error|,rad,RUNNING_PP,0.0002491909748393306
|heading error|,rad,RUNNING_PP,0.00041256247831811255
|heading error|,rad,RUNNING_PP,0.0006684165684814892
|heading error|,rad,RUNNING_PP,0.0009880592317369485
|heading error|,rad,RUNNING_PP,0.0006009021882668053
|heading error|,rad,RUNNING_PP,0.0011056914184074393
|heading error|,rad,RUNNING_PP,0.0013609217039387556
|heading error|,rad,RUNNING_PP,0.0005242230684632254
|heading error|,rad,RUNNING_PP,0.0009003693312957805
|heading error|,rad,RUNNING_PP,0.0008641717166424367
|heading error|,rad,RUNNING_PP,0.001324865264119457
|heading error|,rad,RUNNING_PP,0.0018075746674751647
|heading error|,rad,RUNNING_PP,0.0011071633007844195
|heading error|,rad,RUNNING_PP,0.0012714042034064343
|heading error|,rad,RUNNING_PP,0.0014985736426943454
|heading error|,rad,RUNNING_PP,0.002254391651356657
|heading error|,rad,RUNNING_PP,3.544583110270949e-05
|heading error|,rad,RUNNING_PP,0.0002983593393046658
|heading error|,rad,RUNNING_PP,0.0011048527345082215
|heading error|,rad,RUNNING_PP,0.0019689096345039125
|heading error|,rad,RUNNING_PP,0.00293171850124474
|heading error|,rad,RUNNING_PP,0.0011726340222201204
|heading error|,rad,RUNNING_PP,0.0015114742565207617
|heading error|,rad,RUNNING_PP,0.0025909814444012857
|heading error|,rad,RUNNING_PP,6.106094812707852e-05
|heading error|,rad,RUNNING_PP,0.0036503965873601048
|heading error|,rad,RUNNING_PP,0.0013669356896991447
|heading error|,rad,RUNNING_PP,0.0016647767421205106
|heading error|,rad,RUNNING_PP,0.002352887568237927
|heading error|,rad,RUNNING_PP,0.005134490517091361
|heading error|,rad,RUNNING_PP,0.007194223113015431
|heading error|,rad,RUNNING_PP,0.00014238621598938736
|heading error|,rad,RUNNING_PP,0.0010287859571872504
|heading error|,rad,RUNNING_PP,0.004633427258284972
|heading error|,rad,RUNNING_PP,0.0055550193197067
|heading error|,rad,RUNNING_PP,0.009805040677677401
|heading error|,rad,RUNNING_PP,0.006535916033966971
|heading error|,rad,RUNNING_PP,0.001046879144803281
|heading error|,rad,RUNNING_PP,0.0014162618970556815
|heading error|,rad,RUNNING_PP,5.096269127435881e-05
|heading error|,rad,RUNNING_PP,0.0065651232308834295
|heading error|,rad,RUNNING_PP,0.009585822627510843
|heading error|,rad,RUNNING_PP,0.004673807113209638
|heading error|,rad,RUNNING_PP,0.002261988596524711
|heading error|,rad,RUNNING_PP,0.00043215112398625743
|heading error|,rad,RUNNING_PP,0.015672729460756984
|heading error|,rad,RUNNING_PP,0.013217202817591811
|heading error|,rad,RUNNING_PP,0.006400573878313388
|heading error|,rad,RUNNING_PP,0.00407418782818092
|heading error|,rad,RUNNING_PP,0.0054751568268177064
|heading error|,rad,RUNNING_PP,0.009073061310345854
|heading error|,rad,RUNNING_PP,0.012745035722939668
|heading error|,rad,RUNNING_PP,0.009800039007267836
|heading error|,rad,RUNNING_PP,0.0014634972219601805
|heading error|,rad,RUNNING_PP,0.00559100473562027
|heading error|,rad,RUNNING_PP,0.019152890068055012
|heading error|,rad,RUNNING_PP,0.015381984262683779
|heading error|,rad,RUNNING_PP,0.01057822618155057
|heading error|,rad,RUNNING_PP,0.014256148536824002
|heading error|,rad,RUNNING_PP,0.02098173372810765
|heading error|,rad,RUNNING_PP,0.02081332345013444
|heading error|,rad,RUNNING_PP,0.016222682142294245
|heading error|,rad,RUNNING_PP,0.00011373096809225158
|heading error|,rad,RUNNING_PP,0.016832617363571306
|heading error|,rad,RUNNING_PP,0.019078611908034032
|heading error|,rad,RUNNING_PP,0.027006282537056
|heading error|,rad,RUNNING_PP,0.008881649427140259
|heading error|,rad,RUNNING_PP,0.010631402915456835
|heading error|,rad,RUNNING_PP,0.017083977919590154
|heading error|,rad,RUNNING_PP,0.03471304054385149
|heading error|,rad,RUNNING_PP,0.030159068036451634
|heading error|,rad,RUNNING_PP,0.013896184395062463
|heading error|,rad,RUNNING_PP,0.009733173377454718
|heading error|,rad,RUNNING_PP,0.004728761558828953
|heading error|,rad,RUNNING_PP,0.0003993191473460333
|heading error|,rad,RUNNING_PP,0.03987160469726003
|heading error|,rad,RUNNING_PP,0.03260284919593259
|heading error|,rad,RUNNING_PP,0.025758737295425882
|heading error|,rad,RUNNING_PP,0.019619400313860558
|heading error|,rad,RUNNING_PP,0.014333696781149152
|heading error|,rad,RUNNING_PP,0.009249048872997268
|heading error|,rad,RUNNING_PP,0.004788457197014927
|heading error|,rad,RUNNING_PP,0.020947053953016104
|heading error|,rad,RUNNING_PP,0.020573183281126894
|heading error|,rad,RUNNING_PP,0.015701523757994714
|heading error|,rad,RUNNING_PP,0.011847398999792702
|heading error|,rad,RUNNING_PP,0.0006340443021279896
|heading error|,rad,RUNNING_PP,0.006245808201760906
|heading error|,rad,RUNNING_PP,0.004524884612696622
|heading error|,rad,RUNNING_PP,0.010953755484147454
|heading error|,rad,RUNNING_PP,0.0033027930987759024
|heading error|,rad,RUNNING_PP,8.453710461275854e-05
|heading error|,rad,RUNNING_PP,0.008780024379830387
|heading error|,rad,RUNNING_PP,0.008210903890903065
|heading error|,rad,RUNNING_PP,0.004303101196169168
|heading error|,rad,RUNNING_PP,0.004053905743701458
|heading error|,rad,RUNNING_PP,0.001275496950429611
|heading error|,rad,RUNNING_PP,0.0019042614119770815
|heading error|,rad,RUNNING_PP,0.000736243621139554
|heading error|,rad,RUNNING_PP,0.0006262868823250223
|heading error|,rad,RUNNING_PP,0.000904505219071039
|heading error|,rad,RUNNING_PP,0.003677122229952534
|heading error|,rad,RUNNING_PP,0.003781843164535559
|heading error|,rad,RUNNING_PP,0.0029945174093259923
|heading error|,rad,RUNNING_PP,0.0027282829773196404
|heading error|,rad,RUNNING_PP,0.0027761790937625985
|heading error|,rad,RUNNING_PP,0.0033973308068828705
|heading error|,rad,RUNNING_PP,0.001731257228929195
|heading error|,rad,RUNNING_PP,0.0010306922650820116
|heading error|,rad,RUNNING_PP,5.1028772336314525e-05
|heading error|,rad,RUNNING_PP,0.0010434598178596932
|heading error|,rad,RUNNING_PP,3.029086030426065e-05
|heading error|,rad,RUNNING_PP,0.0018740432641857208
|heading error|,rad,RUNNING_PP,0.0025714361188156065
|heading error|,rad,RUNNING_PP,0.002662740687626064
|heading error|,rad,RUNNING_PP,0.00692696696873507
|heading error|,rad,RUNNING_PP,0.006136525417755889
|heading error|,rad,RUNNING_PP,0.0034636376797623214
|heading error|,rad,RUNNING_PP,0.005555022199533743
|heading error|,rad,RUNNING_PP,0.001969360391802954
|heading error|,rad,RUNNING_PP,0.0024493815144299713
|heading error|,rad,RUNNING_PP,0.0003991723067402475
|heading error|,rad,RUNNING_PP,0.006620602965726307
|heading error|,rad,RUNNING_PP,0.009600311759783153
|heading error|,rad,RUNNING_PP,0.013574478178607352
|heading error|,rad,RUNNING_PP,0.01103739135146875
|heading error|,rad,RUNNING_PP,0.010012931436681471
|heading error|,rad,RUNNING_PP,0.0027831821977164495
|heading error|,rad,RUNNING_PP,0.006998436994195556
|heading error|,rad,RUNNING_PP,0.002701122930875543
|heading error|,rad,RUNNING_PP,0.006727020325399624
|heading error|,rad,RUNNING_PP,0.01896431082729677
|heading error|,rad,RUNNING_PP,0.015771645374463628
|heading error|,rad,RUNNING_PP,0.009915741761840957
|heading error|,rad,RUNNING_PP,0.014921413579098708
|heading error|,rad,RUNNING_PP,0.01084490581824693
|heading error|,rad,RUNNING_PP,0.007893403884709936
|heading error|,rad,RUNNING_PP,0.009183442325390812
|heading error|,rad,RUNNING_PP,0.0378028725253603
|heading error|,rad,RUNNING_PP,0.03850586963459024
|heading error|,rad,RUNNING_PP,0.018264002953329028
|heading error|,rad,RUNNING_PP,0.017547381711630616
|heading error|,rad,RUNNING_PP,0.004689214544745968
|heading error|,rad,RUNNING_PP,0.0009013334025816389
|heading error|,rad,RUNNING_PP,0.0037366459529775686
|heading error|,rad,RUNNING_PP,0.04696489784081678
|heading error|,rad,RUNNING_PP,0.02382460479508261
|heading error|,rad,RUNNING_PP,0.00117187058463937
|heading error|,rad,RUNNING_PP,0.014051021932478713
|heading error|,rad,RUNNING_PP,0.03813793270023312
|heading error|,rad,RUNNING_PP,0.014349077232211224
|heading error|,rad,RUNNING_PP,0.009449471648778575
|heading error|,rad,RUNNING_PP,0.018074329021786656
|heading error|,rad,RUNNING_PP,0.024915727155921608
|heading error|,rad,RUNNING_PP,0.019976480259758008
|heading error|,rad,RUNNING_PP,0.016979565470830186
|heading error|,rad,RUNNING_PP,0.000996842620169247
|heading error|,rad,RUNNING_PP,0.05671207012690355
|heading error|,rad,RUNNING_PP,0.03878625204569908
|heading error|,rad,RUNNING_PP,0.03181568608015739
|heading error|,rad,RUNNING_PP,0.001284564486870976
|heading error|,rad,RUNNING_PP,0.006318587815150378
|heading error|,rad,RUNNING_PP,0.000466266344385291
|heading error|,rad,RUNNING_PP,0.0381768936960164
|heading error|,rad,RUNNING_PP,0.02979472101146141
|heading error|,rad,RUNNING_PP,0.021895887448328266
|heading error|,rad,RUNNING_PP,0.00785559269860514
|heading error|,rad,RUNNING_PP,0.0022411958494945594
|heading error|,rad,RUNNING_PP,0.02868984758339832
|heading error|,rad,RUNNING_PP,0.022456977630259
|heading error|,rad,RUNNING_PP,0.011510674675188737
|heading error|,rad,RUNNING_PP,0.002366735739968595
|heading error|,rad,RUNNING_PP,0.005182110173610699
|heading error|,rad,RUNNING_PP,0.014911307092982495
|heading error|,rad,RUNNING_PP,0.002580973166848688
|heading error|,rad,RUNNING_PP,0.0005675206803130717
|heading error|,rad,RUNNING_PP,0.016218385774491084
|heading error|,rad,RUNNING_PP,0.009551878120109157
|heading error|,rad,RUNNING_PP,0.004347617941800275
|heading error|,rad,RUNNING_PP,0.0003681318143791135
|heading error|,rad,RUNNING_PP,0.00023535600119606315
|heading error|,rad,RUNNING_PP,0.008271313152735438
|heading error|,rad,RUNNING_PP,0.006206348066583046
|heading error|,rad,RUNNING_PP,0.004523476729125121
|heading error|,rad,RUNNING_PP,0.0035831468504816666
|heading error|,rad,RUNNING_PP,0.0018106718801222943
|heading error|,rad,RUNNING_PP,0.00011728156943724422
|heading error|,rad,RUNNING_PP,0.0019061832181055396
|heading error|,rad,RUNNING_PP,0.0004614183267375172
|heading error|,rad,RUNNING_PP,0.0013199942165686984
|heading error|,rad,RUNNING_PP,0.002096223033750677
|heading error|,rad,RUNNING_PP,0.0041934564630274895
|heading error|,rad,RUNNING_PP,0.0034887185077745464
|heading error|,rad,RUNNING_PP,0.0006713603905796894
|heading error|,rad,RUNNING_PP,0.0005738772339556331
|heading error|,rad,RUNNING_PP,0.0014396824893512237
|heading error|,rad,RUNNING_PP,0.001498849457442164
|heading error|,rad,RUNNING_PP,0.00248829060302791
|heading error|,rad,RUNNING_PP,0.0010899326376021532
|heading error|,rad,RUNNING_PP,0.0002466684923805307
|heading error|,rad,RUNNING_PP,0.0016653644854209837
|heading error|,rad,RUNNING_PP,0.0016753047859741075
|heading error|,rad,RUNNING_PP,0.0005500995705172151
|heading error|,rad,RUNNING_PP,0.0010527403095921262
|heading error|,rad,RUNNING_PP,0.0014747327229476248
|heading error|,rad,RUNNING_PP,0.00012510988189018413
|heading error|,rad,RUNNING_PP,0.00033885612769224416
|heading error|,rad,RUNNING_PP,0.0007218352224755975
|heading error|,rad,RUNNING_PP,0.0019678175134112408
|heading error|,rad,RUNNING_PP,0.0015425293814130825
|heading error|,rad,RUNNING_PP,0.0019997300962037996
|heading error|,rad,RUNNING_PP,0.0005553066536188034
|heading error|,rad,RUNNING_PP,0.0009074762197720521
|heading error|,rad,RUNNING_PP,0.0005883718408696836
|heading error|,rad,RUNNING_PP,0.00016025088374016505
|heading error|,rad,RUNNING_PP,0.002923009633457596
|heading error|,rad,RUNNING_PP,0.003533409669642884
|heading error|,rad,RUNNING_PP,0.004057971572400066
|heading error|,rad,RUNNING_PP,0.00184332708710655
|heading error|,rad,RUNNING_PP,0.00034340681551015
|heading error|,rad,RUNNING_PP,0.0010010973676457535
|heading error|,rad,RUNNING_PP,0.002194742869605193
|heading error|,rad,RUNNING_PP,0.0017531271303283804
|heading error|,rad,RUNNING_PP,0.0005561537384679571
|heading error|,rad,RUNNING_PP,0.0015696277642085477
|heading error|,rad,RUNNING_PP,0.0014047409668731525
|heading error|,rad,RUNNING_PP,0.002216226009252864
|heading error|,rad,RUNNING_PP,0.00022499656537888768
|heading error|,rad,RUNNING_PP,0.0020981559947341744
|heading error|,rad,RUNNING_PP,0.0016090974007105796
|heading error|,rad,RUNNING_PP,0.001860389915532945
|heading error|,rad,RUNNING_PP,0.0004673030743758133
|heading error|,rad,RUNNING_PP,4.8479789360733605e-05
|heading error|,rad,RUNNING_PP,0.0005386208486022336
|heading error|,rad,RUNNING_PP,0.0010695349178366786
|heading error|,rad,RUNNING_PP,0.0037966430119362737
|heading error|,rad,RUNNING_PP,0.00423278767465285
|heading error|,rad,RUNNING_PP,0.005973993062202254
|heading error|,rad,RUNNING_PP,0.004928455808364207
|heading error|,rad,RUNNING_PP,0.0005174298069670069
|heading error|,rad,RUNNING_PP,0.001606824499551074
|heading error|,rad,RUNNING_PP,0.00032394127528756483
|heading error|,rad,RUNNING_PP,0.0038153797552795687
|heading error|,rad,RUNNING_PP,0.0050136225310515314
|heading error|,rad,RUNNING_PP,0.004808381885269774
|heading error|,rad,RUNNING_PP,0.0011906748546113288
|heading error|,rad,RUNNING_PP,0.00618889558847191
|heading error|,rad,RUNNING_PP,0.007598872230485387
|heading error|,rad,RUNNING_PP,0.0038364724606820833
|heading error|,rad,RUNNING_PP,1.7141233505491012e-05
|heading error|,rad,RUNNING_PP,0.004041218432484506
|heading error|,rad,RUNNING_PP,0.006824079340875588
|heading error|,rad,RUNNING_PP,0.002837166253803147
|heading error|,rad,RUNNING_PP,0.008411561889502872
|heading error|,rad,RUNNING_PP,0.0030280221991343392
|heading error|,rad,RUNNING_PP,0.008793883037782278
|heading error|,rad,RUNNING_PP,0.004473817711752704
|heading error|,rad,RUNNING_PP,0.0001887335175470017
|heading error|,rad,RUNNING_PP,0.0014550841632487987
|heading error|,rad,RUNNING_PP,0.0001779728570721062
|heading error|,rad,RUNNING_PP,0.010208488552291506
|heading error|,rad,RUNNING_PP,0.007769898043115786
|heading error|,rad,RUNNING_PP,0.006937808551010338
|heading error|,rad,RUNNING_PP,0.005389292001511502
|heading error|,rad,RUNNING_PP,0.003805199934259873
|heading error|,rad,RUNNING_PP,0.002084636960360209
|heading error|,rad,RUNNING_PP,0.00025635417702063457
|heading error|,rad,RUNNING_PP,0.0019467260476366821
|heading error|,rad,RUNNING_PP,0.011205694469882843
|heading error|,rad,RUNNING_PP,0.009386051610961399
|heading error|,rad,RUNNING_PP,0.0024776690988439487
|heading error|,rad,RUNNING_PP,0.004879605970283807
|heading error|,rad,RUNNING_PP,0.014803285014273637
|heading error|,rad,RUNNING_PP,0.007484656007256341
|heading error|,rad,RUNNING_PP,0.0001658220944782407
|heading error|,rad,RUNNING_PP,0.007364012381518847
|heading error|,rad,RUNNING_PP,0.0085718576453635
|heading error|,rad,RUNNING_PP,0.01109731805957992
|heading error|,rad,RUNNING_PP,0.005169585218937733
|heading error|,rad,RUNNING_PP,0.00030255409429846836
|heading error|,rad,RUNNING_PP,0.0162706968434283
|heading error|,rad,RUNNING_PP,0.01371006145488307
|heading error|,rad,RUNNING_PP,0.011143273016573918
|heading error|,rad,RUNNING_PP,0.0017702790309712668
|heading error|,rad,RUNNING_PP,0.0026315989668916906
|heading error|,rad,RUNNING_PP,0.00035565100622481083
|heading error|,rad,RUNNING_PP,0.0014847563641771089
|heading error|,rad,RUNNING_PP,0.0031243102716027593
|heading error|,rad,RUNNING_PP,0.005439616845765105
|heading error|,rad,RUNNING_PP,0.003799350368196563
|heading error|,rad,RUNNING_PP,0.004990144191458156
|heading error|,rad,RUNNING_PP,0.001290025895953839
|heading error|,rad,RUNNING_PP,0.0020260739854838228
|heading error|,rad,RUNNING_PP,0.0005457501709549284
|heading error|,rad,RUNNING_PP,0.007981957955588204
|heading error|,rad,RUNNING_PP,0.004576381250110284
|heading error|,rad,RUNNING_PP,0.0014575450438307769
|heading error|,rad,RUNNING_PP,0.0013752568518650143
|heading error|,rad,RUNNING_PP,0.005420863933908393
|heading error|,rad,RUNNING_PP,0.002527231741408009
|heading error|,rad,RUNNING_PP,7.110505240914833e-05
|heading error|,rad,RUNNING_PP,0.002362524332054861
|heading error|,rad,RUNNING_PP,0.00332146038250114
|heading error|,rad,RUNNING_PP,0.002574914852165211
|heading error|,rad,RUNNING_PP,0.0006721851360786957
|heading error|,rad,RUNNING_PP,0.0042330978296236665
|heading error|,rad,RUNNING_PP,0.0016357248067522256
|heading error|,rad,RUNNING_PP,0.002411481101840973
|heading error|,rad,RUNNING_PP,0.0015856960916447171
|heading error|,rad,RUNNING_PP,0.0009569850216921694
|heading error|,rad,RUNNING_PP,0.000277454464443494
|heading error|,rad,RUNNING_PP,0.0006595120655901177
|heading error|,rad,RUNNING_PP,0.0018566029755811009
|heading error|,rad,RUNNING_PP,0.0016465123907050128
|heading error|,rad,RUNNING_PP,0.001121901995397856
|heading error|,rad,RUNNING_PP,0.0005126818314771242
|heading error|,rad,RUNNING_PP,0.00017303743255014936
|heading error|,rad,RUNNING_PP,0.0006964744535942202
|heading error|,rad,RUNNING_PP,0.0010238070858124004
|heading error|,rad,RUNNING_PP,0.000896241669597675
|heading error|,rad,RUNNING_PP,0.001075806812610658
|heading error|,rad,RUNNING_MPC,0.0019013988741405365
|heading error|,rad,RUNNING_MPC,0.001886674442816094
|heading error|,rad,RUNNING_MPC,0.0018590911481606298
|heading error|,rad,RUNNING_MPC,0.001770940516079289
|heading error|,rad,RUNNING_MPC,0.0017529960726121452
|heading error|,rad,RUNNING_MPC,0.0017427612156253325
|heading error|,rad,RUNNING_MPC,0.0017761369360798085
|heading error|,rad,RUNNING_MPC,0.0018033451673291623
|heading error|,rad,RUNNING_MPC,0.001581527945936134
|heading error|,rad,RUNNING_MPC,0.0014742223233024099
|heading error|,rad,RUNNING_MPC,0.0012847335577919061
|heading error|,rad,RUNNING_MPC,0.0013516766763839174
|heading error|,rad,RUNNING_MPC,0.0015944284208497805
|heading error|,rad,RUNNING_MPC,0.001784146268934972
|heading error|,rad,RUNNING_MPC,0.0017173016736893307
|heading error|,rad,RUNNING_MPC,0.0015241686468465687
|heading error|,rad,RUNNING_MPC,0.0012926238087551667
|heading error|,rad,RUNNING_MPC,0.001282707821170792
|heading error|,rad,RUNNING_MPC,0.0012358987399596622
|heading error|,rad,RUNNING_MPC,0.0008817023091811649
|heading error|,rad,RUNNING_MPC,0.0006210783831255284
|heading error|,rad,RUNNING_MPC,0.00034134598297574925
|heading error|,rad,RUNNING_MPC,0.00021391373460399873
|heading error|,rad,RUNNING_MPC,0.00033504834874520384
|heading error|,rad,RUNNING_MPC,0.0007531851269435563
|heading error|,rad,RUNNING_MPC,0.0012362725372230265
|heading error|,rad,RUNNING_MPC,0.001529309345777552
|heading error|,rad,RUNNING_MPC,0.0013016330182082925
|heading error|,rad,RUNNING_MPC,0.000941905249730368
|heading error|,rad,RUNNING_MPC,0.0005981059674899925
|heading error|,rad,RUNNING_MPC,0.0003367184054310357
|heading error|,rad,RUNNING_MPC,0.00035197874310721744
|heading error|,rad,RUNNING_MPC,0.0007939557884366621
|heading error|,rad,RUNNING_MPC,0.0006795162694213097
|heading error|,rad,RUNNING_MPC,0.0001057754493962726
|heading error|,rad,RUNNING_MPC,0.0005954857340584319
|heading error|,rad,RUNNING_MPC,0.0009638094779784724
|heading error|,rad,RUNNING_MPC,0.0012822233925735562
|heading error|,rad,RUNNING_MPC,0.0011812904871537633
|heading error|,rad,RUNNING_MPC,0.0009937413816585305
|heading error|,rad,RUNNING_MPC,0.000571121267670449
|heading error|,rad,RUNNING_MPC,0.0002709684496466913
|heading error|,rad,RUNNING_MPC,0.0014619096382282313
|heading error|,rad,RUNNING_MPC,0.0015431053512475754
|heading error|,rad,RUNNING_MPC,0.001386554840588694
|heading error|,rad,RUNNING_MPC,0.00040616874440457806
|heading error|,rad,RUNNING_MPC,0.00019913090210454953
|heading error|,rad,RUNNING_MPC,0.0012443048031931525
|heading error|,rad,RUNNING_MPC,0.0022185534641301348
|heading error|,rad,RUNNING_MPC,0.002214507251230291
|heading error|,rad,RUNNING_MPC,0.001926800728702549
|heading error|,rad,RUNNING_MPC,0.001423510820451668
|heading error|,rad,RUNNING_MPC,0.0008931230155471147
|heading error|,rad,RUNNING_MPC,0.0002992458184389868
|heading error|,rad,RUNNING_MPC,0.00016415330157260044
|heading error|,rad,RUNNING_MPC,0.0003271387602854503
|heading error|,rad,RUNNING_MPC,0.0006685375372570412
|heading error|,rad,RUNNING_MPC,0.0011224280222665861
|heading error|,rad,RUNNING_MPC,0.0015093160396619787
|heading error|,rad,RUNNING_MPC,0.0016379530303503032
|heading error|,rad,RUNNING_MPC,0.0016131455168606479
|heading error|,rad,RUNNING_MPC,0.001205320387354103
|heading error|,rad,RUNNING_MPC,0.0009801936098376982
|heading error|,rad,RUNNING_MPC,4.418497318470216e-05
|heading error|,rad,RUNNING_MPC,0.0004109257560354074
|heading error|,rad,RUNNING_MPC,0.0002078879760967212
|heading error|,rad,RUNNING_MPC,0.0008396676127717663
|heading error|,rad,RUNNING_MPC,0.0024717369448783444
|heading error|,rad,RUNNING_MPC,0.0036999256712344497
|heading error|,rad,RUNNING_MPC,0.004663442064222423
|heading error|,rad,RUNNING_MPC,0.004536114629658083
|heading error|,rad,RUNNING_MPC,0.002828123769599955
|heading error|,rad,RUNNING_MPC,0.00017678628497375115
|heading error|,rad,RUNNING_MPC,0.0024371453627738404
|heading error|,rad,RUNNING_MPC,0.004909550714185419
|heading error|,rad,RUNNING_MPC,0.005282383771383792
|heading error|,rad,RUNNING_MPC,0.004095211518305497
|heading error|,rad,RUNNING_MPC,0.0020578400329194224
|heading error|,rad,RUNNING_MPC,0.0025978176504959376
|heading error|,rad,RUNNING_MPC,0.0035027597889047968
|heading error|,rad,RUNNING_MPC,0.006479172883894435
|heading error|,rad,RUNNING_MPC,0.004554029165007023
|heading error|,rad,RUNNING_MPC,0.001567681527038012
|heading error|,rad,RUNNING_MPC,0.004538547975347917
|heading error|,rad,RUNNING_MPC,0.004673996645084166
|heading error|,rad,RUNNING_MPC,0.0036676044297960786
|heading error|,rad,RUNNING_MPC,0.0003810697010520059
|heading error|,rad,RUNNING_MPC,0.004337594060333404
|heading error|,rad,RUNNING_MPC,0.006537606975167698
|heading error|,rad,RUNNING_MPC,0.006209021243253066
|heading error|,rad,RUNNING_MPC,0.004540088589478408
|heading error|,rad,RUNNING_MPC,0.0014636384606867558
|heading error|,rad,RUNNING_MPC,0.001083816197931409
|heading error|,rad,RUNNING_MPC,0.002631290706135214
|heading error|,rad,RUNNING_MPC,0.004250143159561848
|heading error|,rad,RUNNING_MPC,0.0039506259078136985
|heading error|,rad,RUNNING_MPC,0.0028982382439091126
|heading error|,rad,RUNNING_MPC,0.0007143936529510064
|heading error|,rad,RUNNING_MPC,0.002305276695961922
|heading error|,rad,RUNNING_MPC,0.0040571432461171675
|heading error|,rad,RUNNING_MPC,0.004494925823013141
|heading error|,rad,RUNNING_MPC,0.0029337045251507377
|heading error|,rad,RUNNING_MPC,0.0008937818113463614
|heading error|,rad,RUNNING_MPC,0.001350306208027785
|heading error|,rad,RUNNING_MPC,0.0037015836499616483
|heading error|,rad,RUNNING_MPC,0.004424966450125467
|heading error|,rad,RUNNING_MPC,0.004102874620663055
|heading error|,rad,RUNNING_MPC,0.002677932683966322
|heading error|,rad,RUNNING_MPC,0.0014950254221215429
|heading error|,rad,RUNNING_MPC,0.0019888264673033618
|heading error|,rad,RUNNING_MPC,0.004436014304543434
|heading error|,rad,RUNNING_MPC,0.00514404502632848
|heading error|,rad,RUNNING_MPC,0.004072285787949603
|heading error|,rad,RUNNING_MPC,0.00261126055659755
|heading error|,rad,RUNNING_MPC,0.0008239985124038895
|heading error|,rad,RUNNING_MPC,0.00498097259958552
|heading error|,rad,RUNNING_MPC,0.00790503784642338
|heading error|,rad,RUNNING_MPC,0.009346578377956494
|heading error|,rad,RUNNING_MPC,0.008313985880668007
|heading error|,rad,RUNNING_MPC,0.005584548887999752
|heading error|,rad,RUNNING_MPC,0.0003747117719297144
|heading error|,rad,RUNNING_MPC,0.0029428977362404574
|heading error|,rad,RUNNING_MPC,0.0062558422228202746
|heading error|,rad,RUNNING_MPC,0.0066777155775055155
|heading error|,rad,RUNNING_MPC,0.006006999347075048
|heading error|,rad,RUNNING_MPC,0.0034841260619002945
|heading error|,rad,RUNNING_MPC,0.001334179341752062
|heading error|,rad,RUNNING_MPC,0.00054486043121571
|heading error|,rad,RUNNING_MPC,5.687266546594571e-05
|heading error|,rad,RUNNING_MPC,0.00039028538540764046
|heading error|,rad,RUNNING_MPC,0.0013373152229174678
|heading error|,rad,RUNNING_MPC,0.0018829519578900111
|heading error|,rad,RUNNING_MPC,0.0011100634489769057
|heading error|,rad,RUNNING_MPC,0.003631190274550722
|heading error|,rad,RUNNING_MPC,0.00021705143293937468
|heading error|,rad,RUNNING_MPC,0.0040229622163709955
|heading error|,rad,RUNNING_MPC,0.0020546922586692773
|heading error|,rad,RUNNING_MPC,0.007309109089395971
|heading error|,rad,RUNNING_MPC,0.008468763202708729
|heading error|,rad,RUNNING_MPC,0.009827822242451932
|heading error|,rad,RUNNING_MPC,0.014977090723716556
|heading error|,rad,RUNNING_MPC,0.014667228478355556
|heading error|,rad,RUNNING_MPC,0.019433207546957654
|heading error|,rad,RUNNING_MPC,0.024384024013414773
|heading error|,rad,RUNNING_MPC,0.027176010160845365
|heading error|,rad,RUNNING_MPC,0.03291380324984683
|heading error|,rad,RUNNING_MPC,0.026046752312444795
|heading error|,rad,RUNNING_MPC,0.03425097866321769
|heading error|,rad,RUNNING_MPC,0.03786972332730798
|heading error|,rad,RUNNING_MPC,0.03112374358449177
|heading error|,rad,RUNNING_MPC,0.028980304098909837
|heading error|,rad,RUNNING_MPC,0.021585920728140362
|heading error|,rad,RUNNING_MPC,0.012215625032053534
|heading error|,rad,RUNNING_MPC,0.02540173453736294
|heading error|,rad,RUNNING_MPC,0.007522380763452574
|heading error|,rad,RUNNING_MPC,0.023010260398917737
|heading error|,rad,RUNNING_MPC,0.026200844218852385
|heading error|,rad,RUNNING_MPC,0.024073951242907565
|heading error|,rad,RUNNING_MPC,0.019896413676772973
|heading error|,rad,RUNNING_MPC,0.010158123908857064
|heading error|,rad,RUNNING_MPC,0.011726413999459062
|heading error|,rad,RUNNING_MPC,0.031449230801144264
|heading error|,rad,RUNNING_MPC,0.01955235985643977
|heading error|,rad,RUNNING_MPC,0.011778703348532371
|heading error|,rad,RUNNING_MPC,0.016571647069615558
|heading error|,rad,RUNNING_MPC,0.03788047013338369
|heading error|,rad,RUNNING_MPC,0.039048650760908465
|heading error|,rad,RUNNING_MPC,0.020408482735412292
|heading error|,rad,RUNNING_MPC,0.0322259937565299
|heading error|,rad,RUNNING_MPC,0.014612938121021823
|heading error|,rad,RUNNING_MPC,0.003119803117312525
|heading error|,rad,RUNNING_MPC,0.002992470033933437
|heading error|,rad,RUNNING_MPC,0.006132673936383171
|heading error|,rad,RUNNING_MPC,0.0009235786597883155
|heading error|,rad,RUNNING_MPC,0.014853588442923282
|heading error|,rad,RUNNING_MPC,0.005450272300266512
|heading error|,rad,RUNNING_MPC,0.0016955428736658007
|heading error|,rad,RUNNING_MPC,0.0151745173675506
|heading error|,rad,RUNNING_MPC,0.008786374391968721
|heading error|,rad,RUNNING_MPC,0.006614382298937294
|heading error|,rad,RUNNING_MPC,0.004225237987006469
|heading error|,rad,RUNNING_MPC,0.025883145075066505
|heading error|,rad,RUNNING_MPC,0.03945745233052422
|heading error|,rad,RUNNING_MPC,0.004649767384441006
|heading error|,rad,RUNNING_MPC,0.030829306690192126
|heading error|,rad,RUNNING_MPC,0.04102228245946549
|heading error|,rad,RUNNING_MPC,0.050406261020045307
|heading error|,rad,RUNNING_MPC,0.058967488439316096
|heading error|,rad,RUNNING_MPC,0.0515329440825083
|heading error|,rad,RUNNING_MPC,0.0543603918585045
|heading error|,rad,RUNNING_MPC,0.0644045611977555
|heading error|,rad,RUNNING_MPC,0.05567083509213222
|heading error|,rad,RUNNING_MPC,0.026640227554332707
|heading error|,rad,RUNNING_MPC,0.013439421070078117
|heading error|,rad,RUNNING_MPC,0.002265859219142685
|heading error|,rad,RUNNING_MPC,0.003359137816357105
|heading error|,rad,RUNNING_MPC,0.007862757226964279
|heading error|,rad,RUNNING_MPC,0.004315764150271572
|heading error|,rad,RUNNING_MPC,0.007190404928825833
|heading error|,rad,RUNNING_MPC,0.008987430968232069
|heading error|,rad,RUNNING_MPC,0.011476846631800042
|heading error|,rad,RUNNING_MPC,0.016470673149861836
|heading error|,rad,RUNNING_MPC,0.008974503129469902
|heading error|,rad,RUNNING_MPC,0.005652438605339816
|heading error|,rad,RUNNING_MPC,0.0007066977213054936
|heading error|,rad,RUNNING_MPC,0.005628047592689089
|heading error|,rad,RUNNING_MPC,0.008240625488969533
|heading error|,rad,RUNNING_MPC,0.008877401079200542
|heading error|,rad,RUNNING_MPC,0.006562992921421706
|heading error|,rad,RUNNING_MPC,0.008714982147216555
|heading error|,rad,RUNNING_MPC,0.009301894327682803
|heading error|,rad,RUNNING_MPC,0.007993116973955772
|heading error|,rad,RUNNING_MPC,0.012454996648575412
|heading error|,rad,RUNNING_MPC,0.011073521338579974
|heading error|,rad,RUNNING_MPC,0.008922537548661458
|heading error|,rad,RUNNING_MPC,0.018447681415584064
|heading error|,rad,RUNNING_MPC,0.024222746239421108
|heading error|,rad,RUNNING_MPC,0.021172827266518146
|heading error|,rad,RUNNING_MPC,0.013389958401839985
|heading error|,rad,RUNNING_MPC,0.029339804849110473
|heading error|,rad,RUNNING_MPC,0.014515297500482083
|heading error|,rad,RUNNING_MPC,0.014056435374672382
|heading error|,rad,RUNNING_MPC,0.014637203466368874
|heading error|,rad,RUNNING_MPC,0.0029828295466183263
|heading error|,rad,RUNNING_MPC,0.018821999964337977
|heading error|,rad,RUNNING_MPC,0.008014558955462103
|heading error|,rad,RUNNING_MPC,0.03551835707196682
|heading error|,rad,RUNNING_MPC,0.016423334137305012
|heading error|,rad,RUNNING_MPC,0.03306447359505116
|heading error|,rad,RUNNING_MPC,0.0380707516630121
|heading error|,rad,RUNNING_MPC,0.044655344779508166
|heading error|,rad,RUNNING_MPC,0.037357827377511484
|heading error|,rad,RUNNING_MPC,0.0651971558221658
|heading error|,rad,RUNNING_MPC,0.05860098501955946
|heading error|,rad,RUNNING_MPC,0.03978293716106229
|heading error|,rad,RUNNING_MPC,0.028580109878492355
|heading error|,rad,RUNNING_MPC,0.04197617454504554
|heading error|,rad,RUNNING_MPC,0.014456495444756355
|heading error|,rad,RUNNING_MPC,0.006732336605177469
|heading error|,rad,RUNNING_MPC,0.022317687936538988
|heading error|,rad,RUNNING_MPC,0.0057261153578975765
|heading error|,rad,RUNNING_MPC,0.0012968598012004229
|heading error|,rad,RUNNING_MPC,0.006406882162178994
|heading error|,rad,RUNNING_MPC,0.011363067281620067
|heading error|,rad,RUNNING_MPC,0.009532716731244228
|heading error|,rad,RUNNING_MPC,0.005983769856023891
|heading error|,rad,RUNNING_MPC,0.022533649875647897
|heading error|,rad,RUNNING_MPC,0.02656326740389181
|heading error|,rad,RUNNING_MPC,0.040912714042203646
|heading error|,rad,RUNNING_MPC,0.03327505126913488
|heading error|,rad,RUNNING_MPC,0.018814702495124624
|heading error|,rad,RUNNING_MPC,0.0436080515570576
|heading error|,rad,RUNNING_MPC,0.04751084285220797
|heading error|,rad,RUNNING_MPC,0.03019532238098721
|heading error|,rad,RUNNING_MPC,0.05434919174784092
|heading error|,rad,RUNNING_MPC,0.054728925096487746
|heading error|,rad,RUNNING_MPC,0.032847286369134025
|heading error|,rad,RUNNING_MPC,0.03765828901139834
|heading error|,rad,RUNNING_MPC,0.06148231405620885
|heading error|,rad,RUNNING_MPC,0.024364620729850017
|heading error|,rad,RUNNING_MPC,0.03292626074862959
|heading error|,rad,RUNNING_MPC,0.03722336483521182
|heading error|,rad,RUNNING_MPC,0.03199918797619272
|heading error|,rad,RUNNING_MPC,0.005096384483733729
|heading error|,rad,RUNNING_MPC,0.0219605857705516
|heading error|,rad,RUNNING_MPC,0.00025227122205873087
|heading error|,rad,RUNNING_MPC,0.020508503905460888
|heading error|,rad,RUNNING_MPC,0.0025822963389323657
|heading error|,rad,RUNNING_MPC,0.014349124370835131
|heading error|,rad,RUNNING_MPC,0.022001267259663226
|heading error|,rad,RUNNING_MPC,0.016197384723452224
|heading error|,rad,RUNNING_MPC,0.03863558217180607
|heading error|,rad,RUNNING_MPC,0.030728192173028468
|heading error|,rad,RUNNING_MPC,0.03928165479298773
|heading error|,rad,RUNNING_MPC,0.035545184747620695
|heading error|,rad,RUNNING_MPC,0.06532192206979381
|heading error|,rad,RUNNING_MPC,0.0691057894251419
|heading error|,rad,RUNNING_MPC,0.050525203252952844
|heading error|,rad,RUNNING_MPC,0.03884431088214346
|heading error|,rad,RUNNING_MPC,0.013861262247927717
|heading error|,rad,RUNNING_MPC,0.012832719564321193
|heading error|,rad,RUNNING_MPC,0.00851496856521794
|heading error|,rad,RUNNING_MPC,0.0069777802229245
|heading error|,rad,RUNNING_MPC,0.00021182242551098796
|heading error|,rad,RUNNING_MPC,0.013994434271118017
|heading error|,rad,RUNNING_MPC,0.0017532753688482838
|heading error|,rad,RUNNING_MPC,0.018121772250339507
|heading error|,rad,RUNNING_MPC,0.02573896573682632
|heading error|,rad,RUNNING_MPC,0.027002747851674336
|heading error|,rad,RUNNING_MPC,0.023531079210156625
|heading error|,rad,RUNNING_MPC,0.031770701898661935
|heading error|,rad,RUNNING_MPC,0.030397630980354196
|heading error|,rad,RUNNING_MPC,0.026775149936091314
|heading error|,rad,RUNNING_MPC,0.016285612144493426
|heading error|,rad,RUNNING_MPC,0.013859470507503246
|heading error|,rad,RUNNING_MPC,0.013719252837702369
|heading error|,rad,RUNNING_MPC,0.007440111060701637
|heading error|,rad,RUNNING_MPC,0.006441130541177564
|heading error|,rad,RUNNING_MPC,0.001998516779158299
|heading error|,rad,RUNNING_MPC,0.0010671149362562196
|heading error|,rad,RUNNING_MPC,0.0011787673054355352
|heading error|,rad,RUNNING_MPC,0.0014486137288458603
|heading error|,rad,RUNNING_MPC,0.0013018096210302144
|heading error|,rad,RUNNING_MPC,0.0007476412495295293
|heading error|,rad,RUNNING_MPC,0.0011514349488073172
|heading error|,rad,RUNNING_MPC,0.002379859647503979
|heading error|,rad,RUNNING_MPC,0.0036717206974388183
|heading error|,rad,RUNNING_MPC,0.004962030511640458
|heading error|,rad,RUNNING_MPC,0.005839397487271691
|heading error|,rad,RUNNING_MPC,0.005394107118844582
|heading error|,rad,RUNNING_MPC,0.0047223216229561596
|heading error|,rad,RUNNING_MPC,0.005102911444098357
|heading error|,rad,RUNNING_MPC,0.005734764568321005
|heading error|,rad,RUNNING_MPC,0.0052766506298036475
|heading error|,rad,RUNNING_MPC,0.007033908134053357
|heading error|,rad,RUNNING_MPC,0.009329284811757432
|heading error|,rad,RUNNING_MPC,0.009585766046180222
|heading error|,rad,RUNNING_MPC,0.011613874802879566
|heading error|,rad,RUNNING_MPC,0.011169394992316173
|heading error|,rad,RUNNING_MPC,0.012002824253668942
|heading error|,rad,RUNNING_MPC,0.010554437175431142
|heading error|,rad,RUNNING_MPC,0.009778979400067112
|heading error|,rad,RUNNING_MPC,0.013988197638925781
|heading error|,rad,RUNNING_MPC,0.013893996597150071
|heading error|,rad,RUNNING_MPC,0.016004675053085782
|heading error|,rad,RUNNING_MPC,0.011238594937588385
|heading error|,rad,RUNNING_MPC,0.017585726512906463
|heading error|,rad,RUNNING_MPC,0.01798387310530669
|heading error|,rad,RUNNING_MPC,0.019586083556592748
|heading error|,rad,RUNNING_MPC,0.019779495027216654
|heading error|,rad,RUNNING_MPC,0.01886353673778407
|heading error|,rad,RUNNING_MPC,0.02006674773882955
|heading error|,rad,RUNNING_MPC,0.015939810075968786
|heading error|,rad,RUNNING_MPC,0.013673677248471905
|heading error|,rad,RUNNING_MPC,0.008469749798783344
|heading error|,rad,RUNNING_MPC,0.012807618240892939
|heading error|,rad,RUNNING_MPC,0.013483314610573505
|heading error|,rad,RUNNING_MPC,0.016787696021903883
|heading error|,rad,RUNNING_MPC,0.019321276912733106
|heading error|,rad,RUNNING_MPC,0.02117265609099017
|heading error|,rad,RUNNING_MPC,0.025300089083239885
|heading error|,rad,RUNNING_MPC,0.03065153368601614
|heading error|,rad,RUNNING_MPC,0.026902210883726796
|heading error|,rad,RUNNING_MPC,0.030681389320193486
|heading error|,rad,RUNNING_MPC,0.03239512836737223
|heading error|,rad,RUNNING_MPC,0.028984283862807266
|heading error|,rad,RUNNING_MPC,0.029161159215141726
|heading error|,rad,RUNNING_MPC,0.02425865616889622
|heading error|,rad,RUNNING_MPC,0.021644309652052666
|heading error|,rad,RUNNING_MPC,0.011980490794526566
|heading error|,rad,RUNNING_MPC,0.013636930975646555
|heading error|,rad,RUNNING_MPC,0.01897216612463914
|heading error|,rad,RUNNING_MPC,0.020837024580803835
|heading error|,rad,RUNNING_MPC,0.01815732616287491
|heading error|,rad,RUNNING_MPC,0.03490553591163314
|heading error|,rad,RUNNING_MPC,0.03540635924428942
|heading error|,rad,RUNNING_MPC,0.05179020463779971
|heading error|,rad,RUNNING_MPC,0.05134592843310682
|heading error|,rad,RUNNING_MPC,0.052093727891264874
|heading error|,rad,RUNNING_MPC,0.056714617192508476
|heading error|,rad,RUNNING_MPC,0.047202477254698394
|heading error|,rad,RUNNING_MPC,0.033822502769783325
|heading error|,rad,RUNNING_MPC,0.017319638212081434
|heading error|,rad,RUNNING_MPC,0.0010739005628599974
|heading error|,rad,RUNNING_MPC,0.009665204025698981
|heading error|,rad,RUNNING_MPC,0.010523477264048509
|heading error|,rad,RUNNING_MPC,0.01528824150334801
|heading error|,rad,RUNNING_MPC,0.004531261463856351
|heading error|,rad,RUNNING_MPC,0.007210602052177606
|heading error|,rad,RUNNING_MPC,0.02098315550112756
|heading error|,rad,RUNNING_MPC,0.03525673864409665
|heading error|,rad,RUNNING_MPC,0.0460155444347152
|heading error|,rad,RUNNING_MPC,0.054996776100853066
|heading error|,rad,RUNNING_MPC,0.04903510397711483
|heading error|,rad,RUNNING_MPC,0.04369578695780549
|heading error|,rad,RUNNING_MPC,0.02639146084193006
|heading error|,rad,RUNNING_MPC,0.006022032761605984
|heading error|,rad,RUNNING_MPC,0.006782648294517357
|heading error|,rad,RUNNING_MPC,0.022988552659049893
|heading error|,rad,RUNNING_MPC,0.028598207860360353
|heading error|,rad,RUNNING_MPC,0.02576690990573202
|heading error|,rad,RUNNING_MPC,0.01238988028210497
|heading error|,rad,RUNNING_MPC,0.0008861637611387584
|heading error|,rad,RUNNING_MPC,0.014373272815812826
|heading error|,rad,RUNNING_MPC,0.025925478541761388
|heading error|,rad,RUNNING_MPC,0.03006099058023745
|heading error|,rad,RUNNING_MPC,0.03588289052564948
|heading error|,rad,RUNNING_MPC,0.03283623497995655
|heading error|,rad,RUNNING_MPC,0.023604701534643557
|heading error|,rad,RUNNING_MPC,0.01444887259790996
|heading error|,rad,RUNNING_MPC,0.00026257327721090906
|heading error|,rad,RUNNING_MPC,0.010209643879000918
|heading error|,rad,RUNNING_MPC,0.01696488427151313
|heading error|,rad,RUNNING_MPC,0.02308247164449409
|heading error|,rad,RUNNING_MPC,0.022248077507994707
|heading error|,rad,RUNNING_MPC,0.019741066655372203
|heading error|,rad,RUNNING_MPC,0.009531231375894483
|heading error|,rad,RUNNING_MPC,0.00019754161159867
|heading error|,rad,RUNNING_MPC,0.007041719005763558
|heading error|,rad,RUNNING_MPC,0.015276606270512041
|heading error|,rad,RUNNING_MPC,0.018067178332471817
|heading error|,rad,RUNNING_MPC,0.0160463347674044
|heading error|,rad,RUNNING_MPC,0.008468931556143158
|heading error|,rad,RUNNING_MPC,0.0006151767115553376
|heading error|,rad,RUNNING_MPC,0.008750437037992442
|heading error|,rad,RUNNING_MPC,0.013574768976048882
|heading error|,rad,RUNNING_MPC,0.014167952665390893
|heading error|,rad,RUNNING_MPC,0.011585336231021134
|heading error|,rad,RUNNING_MPC,0.004922665116600139
|heading error|,rad,RUNNING_MPC,0.0015381005572596002
|heading error|,rad,RUNNING_MPC,0.00881033018158274
|heading error|,rad,RUNNING_MPC,0.01246184945836734
|heading error|,rad,RUNNING_MPC,0.01321300211350594
|heading error|,rad,RUNNING_MPC,0.011272403891861321
|heading error|,rad,RUNNING_MPC,0.0052991067998899724
|heading error|,rad,RUNNING_MPC,0.0012175422099764688
|heading error|,rad,RUNNING_MPC,0.0040380526466951144
|heading error|,rad,RUNNING_MPC,0.009029580954385774
|heading error|,rad,RUNNING_MPC,0.00950005075948876
|heading error|,rad,RUNNING_MPC,0.00808200065206828
|heading error|,rad,RUNNING_MPC,0.0031061340893403233
|heading error|,rad,RUNNING_MPC,0.0016365830951241276
|heading error|,rad,RUNNING_MPC,0.004937803959268863
|heading error|,rad,RUNNING_MPC,0.00868142062737623
|heading error|,rad,RUNNING_MPC,0.00970443446180562
|heading error|,rad,RUNNING_MPC,0.008907019222274326
|heading error|,rad,RUNNING_MPC,0.006481308259007307
|heading error|,rad,RUNNING_MPC,0.003089587728837828
|heading error|,rad,RUNNING_MPC,0.0011613159246308818
|heading error|,rad,RUNNING_MPC,0.004218854777922484
|heading error|,rad,RUNNING_MPC,0.004877091232800501
|heading error|,rad,RUNNING_MPC,0.004354847891187327
|heading error|,rad,RUNNING_MPC,0.0027257666479033604
|heading error|,rad,RUNNING_MPC,0.0005128734802061496
|heading error|,rad,RUNNING_MPC,0.002356302473692534
|heading error|,rad,RUNNING_MPC,0.004082003334679368
|heading error|,rad,RUNNING_MPC,0.005951979239062058
|heading error|,rad,RUNNING_MPC,0.006038082454977904
|heading error|,rad,RUNNING_MPC,0.005010956668299232
|heading error|,rad,RUNNING_MPC,0.002825216774174924
|heading error|,rad,RUNNING_MPC,0.0007682265211707423
|heading error|,rad,RUNNING_MPC,0.0012971910144957965
|heading error|,rad,RUNNING_MPC,0.0019380998225662222
|heading error|,rad,RUNNING_MPC,0.0020702666743623727
|heading error|,rad,RUNNING_MPC,0.0017299194596610834
|heading error|,rad,RUNNING_MPC,1.722188088468246e-05
|heading error|,rad,RUNNING_MPC,0.0015180149959432981
|heading error|,rad,RUNNING_MPC,0.003186814330157772
|heading error|,rad,RUNNING_MPC,0.003699371222406142
|heading error|,rad,RUNNING_MPC,0.0036559705047699564
|heading error|,rad,RUNNING_MPC,0.0033561705350639848
|heading error|,rad,RUNNING_MPC,0.00217080989139834
|heading error|,rad,RUNNING_MPC,0.0003215337048912831
|heading error|,rad,RUNNING_MPC,0.0005684942458449582
|heading error|,rad,RUNNING_MPC,0.0015632739105059107
|heading error|,rad,RUNNING_MPC,0.002251484700251938
|heading error|,rad,RUNNING_MPC,0.002104449205979589
|heading error|,rad,RUNNING_MPC,0.00134500027171712
|heading error|,rad,RUNNING_MPC,0.0003691702981094974
|heading error|,rad,RUNNING_MPC,6.654542711391487e-05
|heading error|,rad,RUNNING_MPC,0.0008990647018572856
|heading error|,rad,RUNNING_MPC,0.0013664027248271315
|heading error|,rad,RUNNING_MPC,0.0013654582920768765
|heading error|,rad,RUNNING_MPC,0.0015819770507104897
|heading error|,rad,RUNNING_MPC,0.0014159482716937372
|heading error|,rad,RUNNING_MPC,0.001660317177026388
|heading error|,rad,RUNNING_MPC,0.0015284918565243027
|heading error|,rad,RUNNING_MPC,0.001430545532980096
|heading error|,rad,RUNNING_MPC,0.0013629874391977298
|heading error|,rad,RUNNING_MPC,0.0007575674293439777
|heading error|,rad,RUNNING_MPC,0.0024051418485216275
|heading error|,rad,RUNNING_MPC,0.002259104172346385
|heading error|,rad,RUNNING_MPC,0.005676423919142512
|heading error|,rad,RUNNING_MPC,0.007571045344551497
|heading error|,rad,RUNNING_MPC,0.011637322057598529
|heading error|,rad,RUNNING_MPC,0.009922508417775179
|heading error|,rad,RUNNING_MPC,0.014988023634806225
|heading error|,rad,RUNNING_MPC,0.01086543526555174
|heading error|,rad,RUNNING_MPC,0.013036479258363858
|heading error|,rad,RUNNING_MPC,0.015431055537569606
|heading error|,rad,RUNNING_MPC,0.00996325233293059
|heading error|,rad,RUNNING_MPC,0.013205375692658677
|heading error|,rad,RUNNING_MPC,0.015541333370454428
|heading error|,rad,RUNNING_MPC,0.017298781258653383
|heading error|,rad,RUNNING_MPC,0.016969291261074833
|heading error|,rad,RUNNING_MPC,0.017122550784368598
|heading error|,rad,RUNNING_MPC,0.01977723462596867
|heading error|,rad,RUNNING_MPC,0.026792379912994282
|heading error|,rad,RUNNING_MPC,0.029590376748835773
|heading error|,rad,RUNNING_MPC,0.02092159466169896
|heading error|,rad,RUNNING_MPC,0.030073814459216888
|heading error|,rad,RUNNING_MPC,0.029430687430163333
|heading error|,rad,RUNNING_MPC,0.022459203163845337
|heading error|,rad,RUNNING_MPC,0.01623977290913342
|heading error|,rad,RUNNING_MPC,0.023272309938822015
|heading error|,rad,RUNNING_MPC,0.02348076249618186
|heading error|,rad,RUNNING_MPC,0.02932388538339864
|heading error|,rad,RUNNING_MPC,0.0339972818021308
|heading error|,rad,RUNNING_MPC,0.02613042366221907
|heading error|,rad,RUNNING_MPC,0.03377115447278212
|heading error|,rad,RUNNING_MPC,0.03907061598632583
|heading error|,rad,RUNNING_MPC,0.04095826013150816
|heading error|,rad,RUNNING_MPC,0.046859385565036105
|heading error|,rad,RUNNING_MPC,0.06346293086285526
|heading error|,rad,RUNNING_MPC,0.05342262811592946
|heading error|,rad,RUNNING_MPC,0.06590036212762508
|heading error|,rad,RUNNING_MPC,0.055272110657071605
|heading error|,rad,RUNNING_MPC,0.03857421479832013
|heading error|,rad,RUNNING_MPC,0.019242282987794845
|heading error|,rad,RUNNING_MPC,0.012108536782813206
|heading error|,rad,RUNNING_MPC,0.0026704653892051233
|heading error|,rad,RUNNING_MPC,0.00775546881368383
|heading error|,rad,RUNNING_MPC,0.001783731519905629
|heading error|,rad,RUNNING_MPC,0.01179014779253229
|heading error|,rad,RUNNING_MPC,0.02860417638539325
|heading error|,rad,RUNNING_MPC,0.040013048010619445
|heading error|,rad,RUNNING_MPC,0.04924500066261884
|heading error|,rad,RUNNING_MPC,0.05560883966035912
|heading error|,rad,RUNNING_MPC,0.05569374920602899
|heading error|,rad,RUNNING_MPC,0.04871510760780695
|heading error|,rad,RUNNING_MPC,0.0438918544010376
|heading error|,rad,RUNNING_MPC,0.0358477281700329
|heading error|,rad,RUNNING_MPC,0.025940458190774285
|heading error|,rad,RUNNING_MPC,0.013098344239994342
|heading error|,rad,RUNNING_MPC,0.0020770247478585357
|heading error|,rad,RUNNING_MPC,0.00013823371688914676
|heading error|,rad,RUNNING_MPC,0.007870381395555626
|heading error|,rad,RUNNING_MPC,0.007395589717763772
|heading error|,rad,RUNNING_MPC,0.005322086334840437
|heading error|,rad,RUNNING_MPC,0.011575261168266016
|heading error|,rad,RUNNING_MPC,0.021916358910388567
|heading error|,rad,RUNNING_MPC,0.026120939230288798
|heading error|,rad,RUNNING_MPC,0.026615647822945565
|heading error|,rad,RUNNING_MPC,0.01657169031781458
|heading error|,rad,RUNNING_MPC,0.005443442817323785
|heading error|,rad,RUNNING_MPC,0.0032430398170526504
|heading error|,rad,RUNNING_MPC,0.005073829908427641
|heading error|,rad,RUNNING_MPC,0.0010242942681291112
|heading error|,rad,RUNNING_MPC,0.0012687431445257413
|heading error|,rad,RUNNING_MPC,9.631244627650304e-05
|heading error|,rad,RUNNING_MPC,0.0030330925810728715
|heading error|,rad,RUNNING_MPC,0.003916716995789216
|heading error|,rad,RUNNING_MPC,0.005099699011652303
|heading error|,rad,RUNNING_MPC,0.005547054937402818
|heading error|,rad,RUNNING_MPC,0.0072035536458534555
|heading error|,rad,RUNNING_MPC,0.005203982499328407
|heading error|,rad,RUNNING_MPC,0.005398653601858205
|heading error|,rad,RUNNING_MPC,0.004580127201368134
|heading error|,rad,RUNNING_MPC,0.003851351463315833
|heading error|,rad,RUNNING_MPC,0.004298363480234935
|heading error|,rad,RUNNING_MPC,0.005160403894304277
|heading error|,rad,RUNNING_MPC,0.005141027538358322
|heading error|,rad,RUNNING_MPC,0.005100960114813535
|heading error|,rad,RUNNING_MPC,0.007134940481677622
|heading error|,rad,RUNNING_MPC,0.006857630736599285
|heading error|,rad,RUNNING_MPC,0.006394015067308745
|heading error|,rad,RUNNING_MPC,0.00723727453973444
|heading error|,rad,RUNNING_MPC,0.005846021161005632
|heading error|,rad,RUNNING_MPC,0.007214153544547574
|heading error|,rad,RUNNING_MPC,0.005950048905065897
|heading error|,rad,RUNNING_MPC,0.004061517145355742
|heading error|,rad,RUNNING_MPC,0.0035107907938090044
|heading error|,rad,RUNNING_MPC,0.0017926251582847106
|heading error|,rad,RUNNING_MPC,0.0021088110753026967
|heading error|,rad,RUNNING_MPC,0.003891471682658798
|heading error|,rad,RUNNING_MPC,0.005061126576314301
|heading error|,rad,RUNNING_MPC,0.0069085202428480486
|heading error|,rad,RUNNING_MPC,0.008772770081829862
|heading error|,rad,RUNNING_MPC,0.010548210836631489
|heading error|,rad,RUNNING_MPC,0.00829628065245136
|heading error|,rad,RUNNING_MPC,0.005277833569023782
|heading error|,rad,RUNNING_MPC,0.0016585729244920076
|heading error|,rad,RUNNING_MPC,0.00415727217701245
|heading error|,rad,RUNNING_MPC,0.004199621037682677
|heading error|,rad,RUNNING_MPC,0.00429790007076436
|heading error|,rad,RUNNING_MPC,0.0014263135805254734
|heading error|,rad,RUNNING_MPC,0.009182520324451104
|heading error|,rad,RUNNING_MPC,0.011307535899813148
|heading error|,rad,RUNNING_MPC,0.014465064107018977
|heading error|,rad,RUNNING_MPC,0.01187170426251516
|heading error|,rad,RUNNING_MPC,0.004856525566207637
|heading error|,rad,RUNNING_MPC,0.0016512271926603093
|heading error|,rad,RUNNING_MPC,0.004006651219667701
|heading error|,rad,RUNNING_MPC,0.005255535676639944
|heading error|,rad,RUNNING_MPC,0.004534972604637755
|heading error|,rad,RUNNING_MPC,0.0008661013894850633
|heading error|,rad,RUNNING_MPC,0.003547962080111322
|heading error|,rad,RUNNING_MPC,0.005678009600287526
|heading error|,rad,RUNNING_MPC,0.007465515760525676
|heading error|,rad,RUNNING_MPC,0.007065220302120645
|heading error|,rad,RUNNING_MPC,0.004065813556324294
|heading error|,rad,RUNNING_MPC,0.0012616572399073434
|heading error|,rad,RUNNING_MPC,0.001370824781786073
|heading error|,rad,RUNNING_MPC,0.0020495313855926067
|heading error|,rad,RUNNING_MPC,0.0036685871144712667
|heading error|,rad,RUNNING_MPC,0.0027308079442400768
|heading error|,rad,RUNNING_MPC,0.00028391460578891525
|heading error|,rad,RUNNING_MPC,0.0015554517524432043
|heading error|,rad,RUNNING_MPC,0.0038339737788439803
|heading error|,rad,RUNNING_MPC,0.0043146624738545905
|heading error|,rad,RUNNING_MPC,0.004078567519729015
|heading error|,rad,RUNNING_MPC,0.0007198676587503172
|heading error|,rad,RUNNING_MPC,0.003204021665921264
|heading error|,rad,RUNNING_MPC,0.004261921890180043
|heading error|,rad,RUNNING_MPC,0.005641932431435404
|heading error|,rad,RUNNING_MPC,0.007334886930465467
|heading error|,rad,RUNNING_MPC,0.007697718777392781
|heading error|,rad,RUNNING_MPC,0.010213981215882795
|heading error|,rad,RUNNING_MPC,0.010054622295798897
|heading error|,rad,RUNNING_MPC,0.009812079270254292
|heading error|,rad,RUNNING_MPC,0.010521714752061984
|heading error|,rad,RUNNING_MPC,0.007561412978779103
|heading error|,rad,RUNNING_MPC,0.006665955890818864
|heading error|,rad,RUNNING_MPC,0.010301129366045103
|heading error|,rad,RUNNING_MPC,0.010663380596551031
|heading error|,rad,RUNNING_MPC,0.012179718223828571
|heading error|,rad,RUNNING_MPC,0.014346211833609955
|heading error|,rad,RUNNING_MPC,0.023091925840369454
|heading error|,rad,RUNNING_MPC,0.022691496363387076
|heading error|,rad,RUNNING_MPC,0.02652001228838885
|heading error|,rad,RUNNING_MPC,0.02343020142223518
|heading error|,rad,RUNNING_MPC,0.02674988895800534
|heading error|,rad,RUNNING_MPC,0.02750278427254904
|heading error|,rad,RUNNING_MPC,0.01898002262055587
|heading error|,rad,RUNNING_MPC,0.014901272910033292
|heading error|,rad,RUNNING_MPC,0.011282623355140187
|heading error|,rad,RUNNING_MPC,0.01734875439147676
|heading error|,rad,RUNNING_MPC,0.01945711430570718
|heading error|,rad,RUNNING_MPC,0.01853379186422366
|heading error|,rad,RUNNING_MPC,0.020815200230859254
|heading error|,rad,RUNNING_MPC,0.023293006564541363
|heading error|,rad,RUNNING_MPC,0.02461036501911318
|heading error|,rad,RUNNING_MPC,0.013943570216271793
|heading error|,rad,RUNNING_MPC,0.0005371522987895894
|heading error|,rad,RUNNING_MPC,0.009865223746010399
|heading error|,rad,RUNNING_MPC,0.019576063084870695
|heading error|,rad,RUNNING_MPC,0.02078748875781189
|heading error|,rad,RUNNING_MPC,0.01688600265964868
|heading error|,rad,RUNNING_MPC,0.011233683891102462
|heading error|,rad,RUNNING_MPC,0.009132362252507242
|heading error|,rad,RUNNING_MPC,0.007391522972487463
|heading error|,rad,RUNNING_MPC,0.005413817154079847
|heading error|,rad,RUNNING_MPC,0.009836266725797627
|heading error|,rad,RUNNING_MPC,0.012211720438547236
|heading error|,rad,RUNNING_MPC,0.013575367907908477
|heading error|,rad,RUNNING_MPC,0.017986706139440534
|heading error|,rad,RUNNING_MPC,0.024478609246613825
|heading error|,rad,RUNNING_MPC,0.015811806507003423
|heading error|,rad,RUNNING_MPC,0.02234325992510233
|heading error|,rad,RUNNING_MPC,0.01852937981395075
|heading error|,rad,RUNNING_MPC,0.021675011309583162
|heading error|,rad,RUNNING_MPC,0.024542058602855743
|heading error|,rad,RUNNING_MPC,0.03377824023992915
|heading error|,rad,RUNNING_MPC,0.03924910051270669
|heading error|,rad,RUNNING_MPC,0.030859178068469717
|heading error|,rad,RUNNING_MPC,0.032955155612572895
|heading error|,rad,RUNNING_MPC,0.051346299140959006
|heading error|,rad,RUNNING_MPC,0.047663400367065734
|heading error|,rad,RUNNING_MPC,0.05875905224592848
|heading error|,rad,RUNNING_MPC,0.04323267966024047
|heading error|,rad,RUNNING_MPC,0.04164947282854037
|heading error|,rad,RUNNING_MPC,0.033986852086096864
|heading error|,rad,RUNNING_MPC,0.028191182995955133
|heading error|,rad,RUNNING_MPC,0.01702526677838967
|heading error|,rad,RUNNING_MPC,0.006871017219645781
|heading error|,rad,RUNNING_MPC,0.0022027105003545873
|heading error|,rad,RUNNING_MPC,0.006243769828036649
|heading error|,rad,RUNNING_MPC,0.008250450465349557
|heading error|,rad,RUNNING_MPC,0.018944375153375326
|heading error|,rad,RUNNING_MPC,0.023736241888743015
|heading error|,rad,RUNNING_MPC,0.023436115768383114
|heading error|,rad,RUNNING_MPC,0.019853626999021712
|heading error|,rad,RUNNING_MPC,0.010280466709960745
|heading error|,rad,RUNNING_MPC,0.0006004351632975523
|heading error|,rad,RUNNING_MPC,0.005014869030312674
|heading error|,rad,RUNNING_MPC,0.01228878532343436
|heading error|,rad,RUNNING_MPC,0.014853438109785124
|heading error|,rad,RUNNING_MPC,0.013708779114252279
|heading error|,rad,RUNNING_MPC,0.010410293361770684
|heading error|,rad,RUNNING_MPC,0.008297792775223467
|heading error|,rad,RUNNING_MPC,0.004346507611268535
|heading error|,rad,RUNNING_MPC,0.0039453342899078425
|heading error|,rad,RUNNING_MPC,0.0027986572005844756
|heading error|,rad,RUNNING_MPC,0.0006282691156576092
|heading error|,rad,RUNNING_MPC,0.0032489286792587446
|heading error|,rad,RUNNING_MPC,0.00967718355927505
|heading error|,rad,RUNNING_MPC,0.004159564982759711
|heading error|,rad,RUNNING_MPC,0.007787288635721534
|heading error|,rad,RUNNING_MPC,0.012029641301746219
|heading error|,rad,RUNNING_MPC,0.009597858670292947
|heading error|,rad,RUNNING_MPC,0.009597858670292947
|heading error|,rad,RUNNING_MPC,0.011760968217835233
|heading error|,rad,RUNNING_MPC,0.013311146286675735
|heading error|,rad,RUNNING_MPC,0.014685916064546722
|heading error|,rad,RUNNING_MPC,0.03129621789886605
|heading error|,rad,RUNNING_MPC,0.01989515425813004
|heading error|,rad,RUNNING_MPC,0.018357568015332282
|heading error|,rad,RUNNING_MPC,0.029240442651886855
|heading error|,rad,RUNNING_MPC,0.02718301253357236
|heading error|,rad,RUNNING_MPC,0.023273599788439236
|heading error|,rad,RUNNING_MPC,0.027735858822352855
|heading error|,rad,RUNNING_MPC,0.02533732350056495
|heading error|,rad,RUNNING_MPC,0.00871333267404828
|heading error|,rad,RUNNING_MPC,0.02416302355202848
|heading error|,rad,RUNNING_MPC,0.015730175287030024
|heading error|,rad,RUNNING_MPC,0.0322986325347947
|heading error|,rad,RUNNING_MPC,0.027387996136142734
|heading error|,rad,RUNNING_MPC,0.0389608241046775
|heading error|,rad,RUNNING_MPC,0.05180462528590701
|heading error|,rad,RUNNING_MPC,0.058483444589026545
|heading error|,rad,RUNNING_MPC,0.05345294493888253
|heading error|,rad,RUNNING_MPC,0.04536233316799465
|heading error|,rad,RUNNING_MPC,0.04395324788173527
|heading error|,rad,RUNNING_MPC,0.036041093947804415
|heading error|,rad,RUNNING_MPC,0.012717628219727882
|heading error|,rad,RUNNING_MPC,0.006940245072760697
|heading error|,rad,RUNNING_MPC,0.011439411334977612
|heading error|,rad,RUNNING_MPC,0.012947468191365274
|heading error|,rad,RUNNING_MPC,0.013450163328506792
|heading error|,rad,RUNNING_MPC,0.011922961796971719
|heading error|,rad,RUNNING_MPC,0.006730861475213179
|heading error|,rad,RUNNING_MPC,0.0017933412661993442
|heading error|,rad,RUNNING_MPC,0.0012172214312503593
|heading error|,rad,RUNNING_MPC,0.0015897967257344492
|heading error|,rad,RUNNING_MPC,0.0016730522464688535
|heading error|,rad,RUNNING_MPC,0.004911918791003944
|heading error|,rad,RUNNING_MPC,0.009196801907591423
|heading error|,rad,RUNNING_MPC,0.015046050144150724
|heading error|,rad,RUNNING_MPC,0.018856709765107116
|heading error|,rad,RUNNING_MPC,0.015443634284746155
|heading error|,rad,RUNNING_MPC,0.015083152750832607
|heading error|,rad,RUNNING_MPC,0.013442454342800446
|heading error|,rad,RUNNING_MPC,0.031717454593285455
|heading error|,rad,RUNNING_MPC,0.031564621470643095
|heading error|,rad,RUNNING_MPC,0.023006311598528173
|heading error|,rad,RUNNING_MPC,0.02049706314754496
|heading error|,rad,RUNNING_MPC,0.040954664832172145
|heading error|,rad,RUNNING_MPC,0.04389260447480581
|heading error|,rad,RUNNING_MPC,0.04155704367694857
|heading error|,rad,RUNNING_MPC,0.044936319729769414
|heading error|,rad,RUNNING_MPC,0.06101764453448655
|heading error|,rad,RUNNING_MPC,0.045620009681674345
|heading error|,rad,RUNNING_MPC,0.038248323548423
|heading error|,rad,RUNNING_MPC,0.03480970162111574
|heading error|,rad,RUNNING_MPC,0.022049595724614512
|heading error|,rad,RUNNING_MPC,0.022350774074457735
|heading error|,rad,RUNNING_MPC,0.005112154748063924
|heading error|,rad,RUNNING_MPC,0.0010952698655533055
|heading error|,rad,RUNNING_MPC,0.011516305591413145
|heading error|,rad,RUNNING_MPC,0.02465292316761092
|heading error|,rad,RUNNING_MPC,0.033387204568981144
|heading error|,rad,RUNNING_MPC,0.04225435283088608
|heading error|,rad,RUNNING_MPC,0.0350919058739374
|heading error|,rad,RUNNING_MPC,0.06401774293654937
|heading error|,rad,RUNNING_MPC,0.05435926247608091
|heading error|,rad,RUNNING_MPC,0.052357261665706194
|heading error|,rad,RUNNING_MPC,0.05020564629326252
|heading error|,rad,RUNNING_MPC,0.04331220497775189
|heading error|,rad,RUNNING_MPC,0.04480766179767537
|heading error|,rad,RUNNING_MPC,0.03285308313985746
|heading error|,rad,RUNNING_MPC,0.027218321810998262
|heading error|,rad,RUNNING_MPC,0.01715443317988452
|heading error|,rad,RUNNING_MPC,0.006429210487853609
|heading error|,rad,RUNNING_MPC,0.005271645825908778
|heading error|,rad,RUNNING_MPC,0.012495817641465123
|heading error|,rad,RUNNING_MPC,0.01527738994183281
|heading error|,rad,RUNNING_MPC,0.0233081541831881
|heading error|,rad,RUNNING_MPC,0.019786239297425734
|heading error|,rad,RUNNING_MPC,0.029057940890877987
|heading error|,rad,RUNNING_MPC,0.031818622050068246
|heading error|,rad,RUNNING_MPC,0.033975965076711745
|heading error|,rad,RUNNING_MPC,0.034738696226554566
|heading error|,rad,RUNNING_MPC,0.02511461949951954
|heading error|,rad,RUNNING_MPC,0.013488935549796022
|heading error|,rad,RUNNING_MPC,0.001747116580527397
|heading error|,rad,RUNNING_MPC,0.007269812530422914
|heading error|,rad,RUNNING_MPC,0.009274717763272378
|heading error|,rad,RUNNING_MPC,0.006282637515852674
|heading error|,rad,RUNNING_MPC,0.0021835585541518654
|heading error|,rad,RUNNING_MPC,0.0012295932941386312
|heading error|,rad,RUNNING_MPC,0.00424438228291768
|heading error|,rad,RUNNING_MPC,0.003730820106850885
|heading error|,rad,RUNNING_MPC,0.007450801081463787
|heading error|,rad,RUNNING_MPC,0.014914467459382852
|heading error|,rad,RUNNING_MPC,0.03035112013233565
|heading error|,rad,RUNNING_MPC,0.03272870334186173
|heading error|,rad,RUNNING_MPC,0.03397181475474298
|heading error|,rad,RUNNING_MPC,0.03735298258291753
|heading error|,rad,RUNNING_MPC,0.03076146309672012
|heading error|,rad,RUNNING_MPC,0.026376567086081163
|heading error|,rad,RUNNING_MPC,0.025416213498929086
|heading error|,rad,RUNNING_MPC,0.017397336155100085
|heading error|,rad,RUNNING_MPC,0.02183940482465285
|heading error|,rad,RUNNING_MPC,0.02237292319009931
|heading error|,rad,RUNNING_MPC,0.030542055534594326
|heading error|,rad,RUNNING_MPC,0.03249192695464487
|heading error|,rad,RUNNING_MPC,0.03308772154075923
|heading error|,rad,RUNNING_MPC,0.03838857099105386
|heading error|,rad,RUNNING_MPC,0.026597265250074106
|heading error|,rad,RUNNING_MPC,0.016940627396774488
|heading error|,rad,RUNNING_MPC,0.0120814038183803
|heading error|,rad,RUNNING_MPC,0.0033867331782229115
|heading error|,rad,RUNNING_MPC,0.003826359918672306
|heading error|,rad,RUNNING_MPC,0.004614123219988553
|heading error|,rad,RUNNING_MPC,0.014797670102801863
|heading error|,rad,RUNNING_MPC,0.021200626575065048
|heading error|,rad,RUNNING_MPC,0.02218345625793461
|heading error|,rad,RUNNING_MPC,0.017044205124542522
|heading error|,rad,RUNNING_MPC,0.007522939848338517
|heading error|,rad,RUNNING_MPC,0.0065114931814749255
|heading error|,rad,RUNNING_MPC,0.007172889238195257
|heading error|,rad,RUNNING_MPC,0.015281967113907502
|heading error|,rad,RUNNING_MPC,0.013714216286933034
|heading error|,rad,RUNNING_MPC,0.0070200787644703055
|heading error|,rad,RUNNING_MPC,0.001092465503790052
|heading error|,rad,RUNNING_MPC,0.006004108090715388
|heading error|,rad,RUNNING_MPC,0.007591328336904457
|heading error|,rad,RUNNING_MPC,0.008723588385099568
|heading error|,rad,RUNNING_MPC,0.0059674685736790245
|heading error|,rad,RUNNING_MPC,0.0015977541812013385
|heading error|,rad,RUNNING_MPC,0.005255030685133111
|heading error|,rad,RUNNING_MPC,0.008134556887870126
|heading error|,rad,RUNNING_MPC,0.008942787173896516
|heading error|,rad,RUNNING_MPC,0.0063760990938090956
|heading error|,rad,RUNNING_MPC,0.0006372921012078869
|heading error|,rad,RUNNING_MPC,0.0011802320383274
|heading error|,rad,RUNNING_MPC,0.005913678993512139
|heading error|,rad,RUNNING_MPC,0.007231671673924911
|heading error|,rad,RUNNING_MPC,0.0061548037293834845
|heading error|,rad,RUNNING_MPC,0.003953297579923464
|heading error|,rad,RUNNING_MPC,0.0010642926749984127
|heading error|,rad,RUNNING_MPC,0.004880336584819567
|heading error|,rad,RUNNING_MPC,0.005853840781722574
|heading error|,rad,RUNNING_MPC,0.005236091503881379
|heading error|,rad,RUNNING_MPC,0.002909674927769945
|heading error|,rad,RUNNING_MPC,0.00034894196267876154
|heading error|,rad,RUNNING_MPC,0.002642737879388512
|heading error|,rad,RUNNING_MPC,0.0033798271511589206
|heading error|,rad,RUNNING_MPC,0.0031832231569568488
|heading error|,rad,RUNNING_MPC,0.0027211664978277206
|heading error|,rad,RUNNING_MPC,0.00047053436989008546
|heading error|,rad,RUNNING_MPC,0.0011883120261333424
|heading error|,rad,RUNNING_MPC,0.0029570789904922457
|heading error|,rad,RUNNING_MPC,0.003353045023610779
|heading error|,rad,RUNNING_MPC,0.0028115305019000836
|heading error|,rad,RUNNING_MPC,0.0012792825078005166
|heading error|,rad,RUNNING_MPC,0.00032318748218473914
|heading error|,rad,RUNNING_MPC,0.0011897140767369585
|heading error|,rad,RUNNING_MPC,0.002046438448338961
|heading error|,rad,RUNNING_MPC,0.002237042696165315
|heading error|,rad,RUNNING_MPC,0.0013296945620542289
|heading error|,rad,RUNNING_MPC,0.0004529652767786274
|heading error|,rad,RUNNING_MPC,0.0009315488101626634
|heading error|,rad,RUNNING_MPC,0.0014509677001317556
|heading error|,rad,RUNNING_MPC,0.002161039942431664
|heading error|,rad,RUNNING_MPC,0.002293068519736874
|heading error|,rad,RUNNING_MPC,0.0021145651218716925
|heading error|,rad,RUNNING_MPC,0.0016402308308660627
|heading error|,rad,RUNNING_MPC,0.0005670363310863459
|heading error|,rad,RUNNING_MPC,0.0004886855729000495
|heading error|,rad,RUNNING_MPC,0.0007405175480710291
|heading error|,rad,RUNNING_MPC,0.0007786134931575539
|heading error|,rad,RUNNING_MPC,0.0001436355577228987
|heading error|,rad,RUNNING_MPC,0.0001773884388329705
|heading error|,rad,RUNNING_MPC,0.0010919577993160343
|heading error|,rad,RUNNING_MPC,0.0017154030418207178
|heading error|,rad,RUNNING_MPC,0.0016256929295033196
|heading error|,rad,RUNNING_MPC,0.0013424790756206841
|heading error|,rad,RUNNING_MPC,0.001188896923706384
|heading error|,rad,RUNNING_MPC,0.0009953054888685031
|heading error|,rad,RUNNING_MPC,0.0007816965702152068
|heading error|,rad,RUNNING_MPC,0.000829607289646539
|heading error|,rad,RUNNING_MPC,0.0009101155111066461
|heading error|,rad,RUNNING_MPC,0.000952592465369495
|heading error|,rad,RUNNING_MPC,0.0008418869641584337
|heading error|,rad,RUNNING_MPC,0.000669380168428102
|heading error|,rad,RUNNING_MPC,0.00028701031246480824
|heading error|,rad,RUNNING_MPC,1.5534408444040082e-06
|heading error|,rad,RUNNING_MPC,0.00020658011183405375
|heading error|,rad,RUNNING_MPC,9.334478972267135e-05
|heading error|,rad,RUNNING_MPC,0.00036746840711288087
|heading error|,rad,RUNNING_MPC,0.0007695700355454527
|heading error|,rad,RUNNING_MPC,0.0012879771348317526
|heading error|,rad,RUNNING_MPC,0.0016626320245278767
|heading error|,rad,RUNNING_MPC,0.0017368413583733755
|heading error|,rad,RUNNING_MPC,0.001545430123884639
|heading error|,rad,RUNNING_MPC,0.0014836065826653313
|heading error|,rad,RUNNING_MPC,0.0011164847100229025
|heading error|,rad,RUNNING_MPC,0.0010912643845344405
|heading error|,rad,RUNNING_MPC,0.0008653795632920235
|heading error|,rad,RUNNING_MPC,0.000821197897069581
|heading error|,rad,RUNNING_MPC,0.0009873751754549964
|heading error|,rad,RUNNING_MPC,0.0011970620099668317
|heading error|,rad,RUNNING_MPC,0.0015167768753778788
|heading error|,rad,RUNNING_MPC,0.0015365829631361907
|heading error|,rad,RUNNING_MPC,0.0014666003265202399
|heading error|,rad,RUNNING_MPC,0.0013194817910306966
|heading error|,rad,RUNNING_MPC,0.0011105884653375142
|heading error|,rad,RUNNING_MPC,0.001036394795942197
|heading error|,rad,RUNNING_MPC,0.0006906695763575499
|heading error|,rad,RUNNING_MPC,0.0006055991044795483
|heading error|,rad,RUNNING_MPC,0.0008038326777262128
|heading error|,rad,RUNNING_MPC,0.0008188448434554019
|heading error|,rad,RUNNING_MPC,0.001215789003931711
|heading error|,rad,RUNNING_MPC,0.001446831476254129
|heading error|,rad,RUNNING_MPC,0.0014410337118015983
|heading error|,rad,RUNNING_MPC,0.0012176979451314907
|heading error|,rad,RUNNING_MPC,0.0011088153388700839
|heading error|,rad,RUNNING_MPC,0.0011558945991785308
|heading error|,rad,RUNNING_MPC,0.0012238664977775038
|heading error|,rad,RUNNING_MPC,0.0011275744969592163
|heading error|,rad,RUNNING_MPC,0.0009639327541641762
|heading error|,rad,RUNNING_MPC,0.0008196206501365212
|heading error|,rad,RUNNING_MPC,0.0009955122573197528
|heading error|,rad,RUNNING_MPC,0.0009231354754035692
|heading error|,rad,RUNNING_MPC,0.0009029580060837538
|heading error|,rad,RUNNING_MPC,0.0010268590988915527
|heading error|,rad,RUNNING_MPC,0.001077030906422305
|heading error|,rad,RUNNING_MPC,0.001393709974808921
|heading error|,rad,RUNNING_MPC,0.0014287883450125882
|heading error|,rad,RUNNING_MPC,0.0014812319600743251
|heading error|,rad,RUNNING_MPC,0.0015678226781417062
|heading error|,rad,RUNNING_MPC,0.0016134097554987294
|heading error|,rad,RUNNING_MPC,0.0021676201723619393
|heading error|,rad,RUNNING_MPC,0.0021601294866298026
|heading error|,rad,RUNNING_MPC,0.002197562383251306
|heading error|,rad,RUNNING_MPC,0.0021480250498493447
|heading error|,rad,RUNNING_MPC,0.002153234698030637
|heading error|,rad,RUNNING_MPC,0.0028904938355536203
|heading error|,rad,RUNNING_MPC,0.0028978702150337377
|heading error|,rad,RUNNING_MPC,0.002946300907453736
|heading error|,rad,RUNNING_MPC,0.0029063174522194757
|heading error|,rad,RUNNING_MPC,0.0033144182424598156
|heading error|,rad,RUNNING_MPC,0.0027001057242288518
|heading error|,rad,RUNNING_MPC,0.00284100001151888
|heading error|,rad,RUNNING_MPC,0.002216243162445508
|heading error|,rad,RUNNING_MPC,0.0020161949079007258
|heading error|,rad,RUNNING_MPC,0.002002640060327909
|heading error|,rad,RUNNING_MPC,0.0030749407702792553
|heading error|,rad,RUNNING_MPC,0.003324303215588298
|heading error|,rad,RUNNING_MPC,0.0038037275568347795
|heading error|,rad,RUNNING_MPC,0.003465628792622688
|heading error|,rad,RUNNING_MPC,0.0034744173270548906
|heading error|,rad,RUNNING_MPC,0.003192944216205973
|heading error|,rad,RUNNING_MPC,0.002567794901189302
|heading error|,rad,RUNNING_MPC,0.00298626133091151
|heading error|,rad,RUNNING_MPC,0.0025247542463620043
|heading error|,rad,RUNNING_MPC,0.0044674095326628915
|heading error|,rad,RUNNING_MPC,0.004606812144245963
|heading error|,rad,RUNNING_MPC,0.004567347953040367
|heading error|,rad,RUNNING_MPC,0.004001356552517432
|heading error|,rad,RUNNING_MPC,0.005422602537308751
|heading error|,rad,RUNNING_MPC,0.004777134800417305
|heading error|,rad,RUNNING_MPC,0.006899642610644463
|heading error|,rad,RUNNING_MPC,0.006241217547786615
|heading error|,rad,RUNNING_MPC,0.0055931374923980925
|heading error|,rad,RUNNING_MPC,0.00605132747510817
|heading error|,rad,RUNNING_MPC,0.004102002762772283
|heading error|,rad,RUNNING_MPC,0.003108173672388581
|heading error|,rad,RUNNING_MPC,0.0009604778604925812
|heading error|,rad,RUNNING_MPC,0.0010395092608832535
|heading error|,rad,RUNNING_MPC,0.0013692982937643094
|heading error|,rad,RUNNING_MPC,0.00027261745110518376
|heading error|,rad,RUNNING_MPC,0.0036413538240092076
|heading error|,rad,RUNNING_MPC,0.002929645064062125
|heading error|,rad,RUNNING_MPC,0.007744138883365448
|heading error|,rad,RUNNING_MPC,0.011519592985900218
|heading error|,rad,RUNNING_MPC,0.015466576389328246
|heading error|,rad,RUNNING_MPC,0.012098012204059483
|heading error|,rad,RUNNING_MPC,0.011202728555032238
|heading error|,rad,RUNNING_MPC,0.007953137229958163
|heading error|,rad,RUNNING_MPC,0.007766164215124772
|heading error|,rad,RUNNING_MPC,0.004053845435907366
|heading error|,rad,RUNNING_MPC,0.004053845435907366
|heading error|,rad,RUNNING_MPC,0.0014752301779585864
|heading error|,rad,RUNNING_MPC,8.00825130400362e-05
|heading error|,rad,RUNNING_MPC,0.012040843911732768
|heading error|,rad,RUNNING_MPC,0.005470020778004958
|heading error|,rad,RUNNING_MPC,0.016332551506825332
|heading error|,rad,RUNNING_MPC,0.019378349689655572
|heading error|,rad,RUNNING_MPC,0.020771972393778704
|heading error|,rad,RUNNING_MPC,0.027513237836607196
|heading error|,rad,RUNNING_MPC,0.028685111306111732
|heading error|,rad,RUNNING_MPC,0.022961527424135042
|heading error|,rad,RUNNING_MPC,0.02644711065235716
|heading error|,rad,RUNNING_MPC,0.02228503680339733
|heading error|,rad,RUNNING_MPC,0.017144876019070665
|heading error|,rad,RUNNING_MPC,0.00733278886945099
|heading error|,rad,RUNNING_MPC,0.009397445189935016
|heading error|,rad,RUNNING_MPC,0.012802340252941136
|heading error|,rad,RUNNING_MPC,0.008312198764095502
|heading error|,rad,RUNNING_MPC,0.017374680932943143
|heading error|,rad,RUNNING_MPC,0.025376869663690016
|heading error|,rad,RUNNING_MPC,0.041655159490987075
|heading error|,rad,RUNNING_MPC,0.05157113482802699
|heading error|,rad,RUNNING_MPC,0.06165838899237075
|heading error|,rad,RUNNING_MPC,0.055664899252831024
|heading error|,rad,RUNNING_MPC,0.031641820805415666
|heading error|,rad,RUNNING_MPC,0.039272842592928736
|heading error|,rad,RUNNING_MPC,0.020119140769820465
|heading error|,rad,RUNNING_MPC,0.010068337649332017
|heading error|,rad,RUNNING_MPC,0.010868640113204542
|heading error|,rad,RUNNING_MPC,0.001463222761709737
|heading error|,rad,RUNNING_MPC,0.010968590430501024
|heading error|,rad,RUNNING_MPC,0.004046877608048227
|heading error|,rad,RUNNING_MPC,0.0137892054629698
|heading error|,rad,RUNNING_MPC,0.024387302901642375
|heading error|,rad,RUNNING_MPC,0.027595536618085333
|heading error|,rad,RUNNING_MPC,0.03444802696648619
|heading error|,rad,RUNNING_MPC,0.047475639627030386
|heading error|,rad,RUNNING_MPC,0.041060361344367635
|heading error|,rad,RUNNING_MPC,0.041478625032500105
|heading error|,rad,RUNNING_MPC,0.05958086424245179
|heading error|,rad,RUNNING_MPC,0.05396630851301554
|heading error|,rad,RUNNING_MPC,0.041754134766783135
|heading error|,rad,RUNNING_MPC,0.03058489128721531
|heading error|,rad,RUNNING_MPC,0.04029054268434517
|heading error|,rad,RUNNING_MPC,0.02302545988835547
|heading error|,rad,RUNNING_MPC,0.017709181430161536
|heading error|,rad,RUNNING_MPC,0.022912813364412976
|heading error|,rad,RUNNING_MPC,0.022498552463504407
|heading error|,rad,RUNNING_MPC,0.015003463641457325
|heading error|,rad,RUNNING_MPC,0.0006135783415590623
|heading error|,rad,RUNNING_MPC,0.013343081145283264
|heading error|,rad,RUNNING_MPC,0.004563491994162838
|heading error|,rad,RUNNING_MPC,0.013923282325631003
|heading error|,rad,RUNNING_MPC,0.024565927172737645
|heading error|,rad,RUNNING_MPC,0.01969246047101958
|heading error|,rad,RUNNING_MPC,0.02463265634197187
|heading error|,rad,RUNNING_MPC,0.03033541210725277
|heading error|,rad,RUNNING_MPC,0.023304442473783382
|heading error|,rad,RUNNING_MPC,0.02786907678942363
|heading error|,rad,RUNNING_MPC,0.0215753452227343
|heading error|,rad,RUNNING_MPC,0.021641367331510786
|heading error|,rad,RUNNING_MPC,0.02456334557842066
|heading error|,rad,RUNNING_MPC,0.01962669215767621
|heading error|,rad,RUNNING_MPC,0.005595189247590948
|heading error|,rad,RUNNING_MPC,0.003467272390683896
|heading error|,rad,RUNNING_MPC,0.012697128101083255
|heading error|,rad,RUNNING_MPC,0.026764971255087477
|heading error|,rad,RUNNING_MPC,0.030913824876770413
|heading error|,rad,RUNNING_MPC,0.02731669968369088
|heading error|,rad,RUNNING_MPC,0.014106203376313964
|heading error|,rad,RUNNING_MPC,0.008455806965112611
|heading error|,rad,RUNNING_MPC,0.005385065542580225
|heading error|,rad,RUNNING_MPC,0.009045463905349216
|heading error|,rad,RUNNING_MPC,0.01234640733728698
|heading error|,rad,RUNNING_MPC,0.012570378687502881
|heading error|,rad,RUNNING_MPC,0.01063714997601739
|heading error|,rad,RUNNING_MPC,0.0060801168747155465
|heading error|,rad,RUNNING_MPC,0.0016974343457736298
|heading error|,rad,RUNNING_MPC,0.0002218766251829152
|heading error|,rad,RUNNING_MPC,9.603534949276238e-05
|heading error|,rad,RUNNING_MPC,0.004560058656772448
|heading error|,rad,RUNNING_MPC,0.0036712194492327654
|heading error|,rad,RUNNING_MPC,0.015228270424242572
|heading error|,rad,RUNNING_MPC,0.018349799827198865
|heading error|,rad,RUNNING_MPC,0.029549728602472847
|heading error|,rad,RUNNING_MPC,0.0355581450161373
|heading error|,rad,RUNNING_MPC,0.03558841867052864
|heading error|,rad,RUNNING_MPC,0.030431800461143684
|heading error|,rad,RUNNING_MPC,0.020959566179926448
|heading error|,rad,RUNNING_MPC,0.00720643534353771
|heading error|,rad,RUNNING_MPC,0.005117708354782202
|heading error|,rad,RUNNING_MPC,0.014131409273264063
|heading error|,rad,RUNNING_MPC,0.012643301520779193
|heading error|,rad,RUNNING_MPC,0.006520201723372755
|heading error|,rad,RUNNING_MPC,0.0061735613712836646
|heading error|,rad,RUNNING_MPC,0.018449062449569897
|heading error|,rad,RUNNING_MPC,0.023277614637712496
|heading error|,rad,RUNNING_MPC,0.025818196402919824
|heading error|,rad,RUNNING_MPC,0.019331505113041825
|heading error|,rad,RUNNING_MPC,0.011772517358069834
|heading error|,rad,RUNNING_MPC,0.002908899588295099
|heading error|,rad,RUNNING_MPC,0.005816050885187884
|heading error|,rad,RUNNING_MPC,0.008095488361568925
|heading error|,rad,RUNNING_MPC,0.010681715926355473
|heading error|,rad,RUNNING_MPC,0.007812803230831111
|heading error|,rad,RUNNING_MPC,0.0008413852210704675
|heading error|,rad,RUNNING_MPC,0.008328580174684852
|heading error|,rad,RUNNING_MPC,0.013804772202998361
|heading error|,rad,RUNNING_MPC,0.016867705062443505
|heading error|,rad,RUNNING_MPC,0.016279072473338818
|heading error|,rad,RUNNING_MPC,0.013781448779351724
|heading error|,rad,RUNNING_MPC,0.00544517278173684
|heading error|,rad,RUNNING_MPC,0.00147014540422008
|heading error|,rad,RUNNING_MPC,0.006691741008573615
|heading error|,rad,RUNNING_MPC,0.00853033228283362
|heading error|,rad,RUNNING_MPC,0.008671720441229436
|heading error|,rad,RUNNING_MPC,0.005841023412133771
|heading error|,rad,RUNNING_MPC,0.0033561133487611805
|heading error|,rad,RUNNING_MPC,0.0005414153627243401
|heading error|,rad,RUNNING_MPC,0.0033538835716684368
|heading error|,rad,RUNNING_MPC,0.005395269708986294
|heading error|,rad,RUNNING_MPC,0.005611544074209718
|heading error|,rad,RUNNING_MPC,0.004042045013258999
|heading error|,rad,RUNNING_MPC,0.0022291039656776594
|heading error|,rad,RUNNING_MPC,0.0010877521996546236
|heading error|,rad,RUNNING_MPC,0.0009386111671054742
|heading error|,rad,RUNNING_MPC,0.001523432284812998
|heading error|,rad,RUNNING_MPC,0.002255314651197882
|heading error|,rad,RUNNING_MPC,0.003230503652734473
|heading error|,rad,RUNNING_MPC,0.003917353801103474
|heading error|,rad,RUNNING_MPC,0.0042638537923047615
|heading error|,rad,RUNNING_MPC,0.002383862782447288
|heading error|,rad,RUNNING_MPC,0.0011583079436738861
|heading error|,rad,RUNNING_MPC,5.740575891977074e-06
|heading error|,rad,RUNNING_MPC,0.0019067294915724453
|heading error|,rad,RUNNING_MPC,0.0026226289755246763
|heading error|,rad,RUNNING_MPC,0.0022942345766017174
|heading error|,rad,RUNNING_MPC,0.00241344913746655
|heading error|,rad,RUNNING_MPC,0.002075957579226184
|heading error|,rad,RUNNING_MPC,0.0016191325300090043
|heading error|,rad,RUNNING_MPC,0.001235272866649595
|heading error|,rad,RUNNING_MPC,0.00036996950793977135
|heading error|,rad,RUNNING_MPC,0.00030287030598863396
|heading error|,rad,RUNNING_MPC,0.00035177338951708487
|heading error|,rad,RUNNING_MPC,0.0004934418892612591
|heading error|,rad,RUNNING_MPC,0.0003811995990732342
|heading error|,rad,RUNNING_MPC,0.0007796411195890585
|heading error|,rad,RUNNING_MPC,0.0006612483794539159
|heading error|,rad,RUNNING_MPC,0.0006930463867522718
|heading error|,rad,RUNNING_MPC,0.0007181791599712994
|heading error|,rad,RUNNING_MPC,0.0010265270512364033
|heading error|,rad,RUNNING_MPC,0.0008736112957188347
|heading error|,rad,RUNNING_MPC,0.0008232915459998047
|heading error|,rad,RUNNING_MPC,0.000442725826227619
|heading error|,rad,RUNNING_MPC,0.000385219839324602
|heading error|,rad,RUNNING_MPC,0.00022844326890902877
|heading error|,rad,RUNNING_MPC,1.352616894001457e-05
|heading error|,rad,RUNNING_MPC,0.00013459352006739422
|heading error|,rad,RUNNING_MPC,9.844244342804843e-05
|heading error|,rad,RUNNING_MPC,0.0002666305518905787
|heading error|,rad,RUNNING_MPC,0.0006083141197477105
|heading error|,rad,RUNNING_MPC,0.0005183103076800145
|heading error|,rad,RUNNING_MPC,0.0005163757542510083
|heading error|,rad,RUNNING_MPC,0.0010033071830175544
|heading error|,rad,RUNNING_MPC,0.0005092908008079711
|heading error|,rad,RUNNING_MPC,0.001268943787879895
|heading error|,rad,RUNNING_MPC,0.004547892253924601
|heading error|,rad,RUNNING_MPC,0.0010838945032656253
|heading error|,rad,RUNNING_MPC,0.003200421257091968
|heading error|,rad,RUNNING_MPC,0.01020236967804422
|heading error|,rad,RUNNING_MPC,0.001088634395565169
|heading error|,rad,RUNNING_MPC,0.007405165139201753
|heading error|,rad,RUNNING_MPC,0.019569301035985642
|heading error|,rad,RUNNING_MPC,0.0012382306207521232
|heading error|,rad,RUNNING_MPC,0.0019414321539423796
|heading error|,rad,RUNNING_MPC,0.02147527452134179
|heading error|,rad,RUNNING_MPC,0.010109816006997896
|heading error|,rad,RUNNING_MPC,0.0035507457986452273
|heading error|,rad,RUNNING_MPC,0.020201413862414253
|heading error|,rad,RUNNING_MPC,0.019141198605217458
|heading error|,rad,RUNNING_MPC,0.001744990388921508
|heading error|,rad,RUNNING_MPC,0.027737632181686678
|heading error|,rad,RUNNING_MPC,0.032234908708556276
|heading error|,rad,RUNNING_MPC,0.019185405618693974
|heading error|,rad,RUNNING_MPC,0.003795372334014946
|heading error|,rad,RUNNING_MPC,0.031429398551055865
|heading error|,rad,RUNNING_MPC,0.0290589792879139
|heading error|,rad,RUNNING_MPC,0.013960502331223701
|heading error|,rad,RUNNING_MPC,0.0015466421626260107
|heading error|,rad,RUNNING_MPC,0.037122727022589785
|heading error|,rad,RUNNING_MPC,0.052107312453159055
|heading error|,rad,RUNNING_MPC,0.03008982301159202
|heading error|,rad,RUNNING_MPC,0.02124863512672759
|heading error|,rad,RUNNING_MPC,0.012100680884523207
|heading error|,rad,RUNNING_MPC,0.012117705483694508
|heading error|,rad,RUNNING_MPC,0.05337128993411655
|heading error|,rad,RUNNING_MPC,0.033746924898222286
|heading error|,rad,RUNNING_MPC,0.024287514505326957
|heading error|,rad,RUNNING_MPC,0.006072588379352872
|heading error|,rad,RUNNING_MPC,0.024396460778921103
|heading error|,rad,RUNNING_MPC,0.023679758661270704
|heading error|,rad,RUNNING_MPC,0.041125328014052887
|heading error|,rad,RUNNING_MPC,0.0478071554235342
|heading error|,rad,RUNNING_MPC,0.04247856311937426
|heading error|,rad,RUNNING_MPC,0.04603875733637919
|heading error|,rad,RUNNING_MPC,0.039421954291123384
|heading error|,rad,RUNNING_MPC,0.03208852059161327
|heading error|,rad,RUNNING_MPC,0.024072406273594638
|heading error|,rad,RUNNING_MPC,0.016390957955370045
|heading error|,rad,RUNNING_MPC,0.009889384839572914
|heading error|,rad,RUNNING_MPC,0.006266481051922845
|heading error|,rad,RUNNING_MPC,0.0009864248557889255
|heading error|,rad,RUNNING_MPC,0.00016995417152809722
|heading error|,rad,RUNNING_MPC,0.0011730472506332745
|heading error|,rad,RUNNING_MPC,0.0006968054052198802
|heading error|,rad,RUNNING_MPC,0.0008204793834716283
|heading error|,rad,RUNNING_MPC,0.009621759379911943
|heading error|,rad,RUNNING_MPC,0.011614825694706619
|heading error|,rad,RUNNING_MPC,0.013152714099474938
|heading error|,rad,RUNNING_MPC,0.019269141643367682
|heading error|,rad,RUNNING_MPC,0.014558921716806505
|heading error|,rad,RUNNING_MPC,0.004129896528531685
|heading error|,rad,RUNNING_MPC,0.016368654301968544
|heading error|,rad,RUNNING_MPC,0.00893219447619975
|heading error|,rad,RUNNING_MPC,0.015896362806117725
|heading error|,rad,RUNNING_MPC,0.024261666719580965
|heading error|,rad,RUNNING_MPC,0.062137942691014914
|heading error|,rad,RUNNING_MPC,0.06493686951207803
|heading error|,rad,RUNNING_MPC,0.026327100068876952
|heading error|,rad,RUNNING_MPC,0.016666282957463974
|heading error|,rad,RUNNING_MPC,0.04409338007586294
|heading error|,rad,RUNNING_MPC,0.051886015134994246
|heading error|,rad,RUNNING_MPC,0.009380546434852198
|heading error|,rad,RUNNING_MPC,0.026381634201700255
|heading error|,rad,RUNNING_MPC,0.038240564527313385
|heading error|,rad,RUNNING_MPC,0.005072921735149727
|heading error|,rad,RUNNING_MPC,0.013302426339759421
|heading error|,rad,RUNNING_MPC,0.004444178559355638
|heading error|,rad,RUNNING_MPC,0.016193819447673178
|heading error|,rad,RUNNING_MPC,0.039052921906921334
|heading error|,rad,RUNNING_MPC,0.020088350942855993
|heading error|,rad,RUNNING_MPC,0.02534100144009166
|heading error|,rad,RUNNING_MPC,0.03898348520217576
|heading error|,rad,RUNNING_MPC,0.03498535394321811
|heading error|,rad,RUNNING_MPC,0.04810120458343369
|heading error|,rad,RUNNING_MPC,0.04616227172420473
|heading error|,rad,RUNNING_MPC,0.03611631280235761
|heading error|,rad,RUNNING_MPC,0.04236535819388898
|heading error|,rad,RUNNING_MPC,0.024066497794290598
|heading error|,rad,RUNNING_MPC,0.025283828376172934
|heading error|,rad,RUNNING_MPC,0.006618474384499695
|heading error|,rad,RUNNING_MPC,0.0043597663736578696
|heading error|,rad,RUNNING_MPC,0.0007318847418575913
|heading error|,rad,RUNNING_MPC,0.0013174201933101592
|heading error|,rad,RUNNING_MPC,0.002630857663968644
|heading error|,rad,RUNNING_MPC,0.0024403918091340238
|heading error|,rad,RUNNING_MPC,0.012670389401456816
|heading error|,rad,RUNNING_MPC,0.01727764023931755
|heading error|,rad,RUNNING_MPC,0.01892069507423999
|heading error|,rad,RUNNING_MPC,0.014834187093754725
|heading error|,rad,RUNNING_MPC,0.015243779253279579
|heading error|,rad,RUNNING_MPC,0.011901634520992133
|heading error|,rad,RUNNING_MPC,0.004573383817528143
|heading error|,rad,RUNNING_MPC,0.003531416819833932
|heading error|,rad,RUNNING_MPC,0.004993011165201011
|heading error|,rad,RUNNING_MPC,0.005439907865439242
|heading error|,rad,RUNNING_MPC,0.013440340178588972
|heading error|,rad,RUNNING_MPC,0.020426185313527023
|heading error|,rad,RUNNING_MPC,0.018948491873446383
|heading error|,rad,RUNNING_MPC,0.018506280627405003
|heading error|,rad,RUNNING_MPC,0.016519305178281263
|heading error|,rad,RUNNING_MPC,0.011285853490784481
|heading error|,rad,RUNNING_MPC,0.008492708297330509
|heading error|,rad,RUNNING_MPC,0.016948733149893203
|heading error|,rad,RUNNING_MPC,0.004616326650019653
|heading error|,rad,RUNNING_MPC,0.012521624179651747
|heading error|,rad,RUNNING_MPC,0.012015476885821162
|heading error|,rad,RUNNING_MPC,0.006426406281958341
|heading error|,rad,RUNNING_MPC,0.012267193982264057
|heading error|,rad,RUNNING_MPC,0.018250865553985696
|heading error|,rad,RUNNING_MPC,0.02445608267176924
|heading error|,rad,RUNNING_MPC,0.018207131435757917
|heading error|,rad,RUNNING_MPC,0.02930733712129885
|heading error|,rad,RUNNING_MPC,0.028782145599460796
|heading error|,rad,RUNNING_MPC,0.020595235136839474
|heading error|,rad,RUNNING_MPC,0.025434141738882584
|heading error|,rad,RUNNING_MPC,0.02374562512867273
|heading error|,rad,RUNNING_MPC,0.01998176377649386
|heading error|,rad,RUNNING_MPC,0.01793246539920412
|heading error|,rad,RUNNING_MPC,0.02942157320084915
|heading error|,rad,RUNNING_MPC,0.025367346212156198
|heading error|,rad,RUNNING_MPC,0.031189008616547834
|heading error|,rad,RUNNING_MPC,0.014432207355569826
|heading error|,rad,RUNNING_MPC,0.03622377364560636
|heading error|,rad,RUNNING_MPC,0.030796849610220445
|heading error|,rad,RUNNING_MPC,0.039177380578036436
|heading error|,rad,RUNNING_MPC,0.02621291267495396
|heading error|,rad,RUNNING_MPC,0.02784144012853873
|heading error|,rad,RUNNING_MPC,0.035746725609024255
|heading error|,rad,RUNNING_MPC,0.040171608345229703
|heading error|,rad,RUNNING_MPC,0.029744074335945614
|heading error|,rad,RUNNING_MPC,0.030972173822480187
|heading error|,rad,RUNNING_MPC,0.02765039918168877
|heading error|,rad,RUNNING_MPC,0.013665418656334083
|heading error|,rad,RUNNING_MPC,0.008481067362364314
|heading error|,rad,RUNNING_MPC,0.007578403370503972
|heading error|,rad,RUNNING_MPC,0.005680028445345098
|heading error|,rad,RUNNING_MPC,0.007191495286904104
|heading error|,rad,RUNNING_MPC,0.008860014800318061
|heading error|,rad,RUNNING_MPC,0.017269292816257664
|heading error|,rad,RUNNING_MPC,0.01539238711344304
|heading error|,rad,RUNNING_MPC,0.017352619014261998
|heading error|,rad,RUNNING_MPC,0.01558402878051024
|heading error|,rad,RUNNING_MPC,0.009972119742908125
|heading error|,rad,RUNNING_MPC,0.006228410964760345
|heading error|,rad,RUNNING_MPC,0.0018521677134545331
|heading error|,rad,RUNNING_MPC,0.00815048999595336
|heading error|,rad,RUNNING_MPC,0.011315075548207654
|heading error|,rad,RUNNING_MPC,0.013370863941639777
|heading error|,rad,RUNNING_MPC,0.012674359249255862
|heading error|,rad,RUNNING_MPC,0.00810902967802074
|heading error|,rad,RUNNING_MPC,0.004565382299834163
|heading error|,rad,RUNNING_MPC,0.00026547159800105474
|heading error|,rad,RUNNING_MPC,0.004355184649399879
|heading error|,rad,RUNNING_MPC,0.005156706765382935
|heading error|,rad,RUNNING_MPC,0.004333913843113657
|heading error|,rad,RUNNING_MPC,0.0014980876501661244
|heading error|,rad,RUNNING_MPC,0.001185029391071124
|heading error|,rad,RUNNING_MPC,0.0035316401624152505
|heading error|,rad,RUNNING_MPC,0.005201209422537434
|heading error|,rad,RUNNING_MPC,0.00536923706959247
|heading error|,rad,RUNNING_MPC,0.004100752732557722
|heading error|,rad,RUNNING_MPC,0.002063373876167063
|heading error|,rad,RUNNING_MPC,0.00028863858283612043
|heading error|,rad,RUNNING_MPC,0.0019293696473330346
|heading error|,rad,RUNNING_MPC,0.0020001824886981545
|heading error|,rad,RUNNING_MPC,0.0003616938207781084
|heading error|,rad,RUNNING_MPC,0.0019399561642423624
|heading error|,rad,RUNNING_MPC,0.003111736658854114
|heading error|,rad,RUNNING_MPC,0.0037157245856764827
|heading error|,rad,RUNNING_MPC,0.003163985713920958
|heading error|,rad,RUNNING_MPC,0.0014452748221439606
|heading error|,rad,RUNNING_MPC,5.42986441754989e-05
|heading error|,rad,RUNNING_MPC,0.001186484780998476
|heading error|,rad,RUNNING_MPC,0.0021559165843170187
|heading error|,rad,RUNNING_MPC,0.0021229107898322885
|heading error|,rad,RUNNING_MPC,0.0018997787436672022
|heading error|,rad,RUNNING_MPC,0.0006419828176630338
|heading error|,rad,RUNNING_MPC,0.0009758648630909805
|heading error|,rad,RUNNING_MPC,0.0017377649448643286
|heading error|,rad,RUNNING_MPC,0.0027999619729696112
|heading error|,rad,RUNNING_MPC,0.003154782632866171
|heading error|,rad,RUNNING_MPC,0.002404970123929928
|heading error|,rad,RUNNING_MPC,0.0011956639245367384
|heading error|,rad,RUNNING_MPC,6.717703959824295e-05
|heading error|,rad,RUNNING_MPC,0.0009505299686218827
|heading error|,rad,RUNNING_MPC,0.0013087461784859755
|heading error|,rad,RUNNING_MPC,0.0011217209378393544
|heading error|,rad,RUNNING_MPC,0.0004037355794876963
|heading error|,rad,RUNNING_MPC,7.622213180913384e-05
|heading error|,rad,RUNNING_MPC,0.0015661765877259535
|heading error|,rad,RUNNING_MPC,0.002135702576982257
|heading error|,rad,RUNNING_MPC,0.002443047233434359
|heading error|,rad,RUNNING_MPC,0.0023481947712085116
|heading error|,rad,RUNNING_MPC,0.0016902647882452992
|heading error|,rad,RUNNING_MPC,0.0003945071479434237
|heading error|,rad,RUNNING_MPC,0.0003908030657236994
|heading error|,rad,RUNNING_MPC,0.0008803016399928643
|heading error|,rad,RUNNING_MPC,0.0008156287910722204
|heading error|,rad,RUNNING_MPC,0.0002964110433486544
|heading error|,rad,RUNNING_MPC,0.0003855746587049236
|heading error|,rad,RUNNING_MPC,0.0012060229558679136
|heading error|,rad,RUNNING_MPC,0.0018716332513083465
|heading error|,rad,RUNNING_MPC,0.002402065045333357
|heading error|,rad,RUNNING_MPC,0.0026938399168164873
|heading error|,rad,RUNNING_MPC,0.002141369959501427
|heading error|,rad,RUNNING_MPC,0.0001083728907569359
|heading error|,rad,RUNNING_MPC,0.00278248241413126
|heading error|,rad,RUNNING_MPC,0.00308615386718214
|heading error|,rad,RUNNING_MPC,0.0051293040017233995
|heading error|,rad,RUNNING_MPC,0.006626101008460172
|heading error|,rad,RUNNING_MPC,0.009389597397610139
|heading error|,rad,RUNNING_MPC,0.004699109526055678
|heading error|,rad,RUNNING_MPC,0.001165546671907047
|heading error|,rad,RUNNING_MPC,0.006885989996169627
|heading error|,rad,RUNNING_MPC,0.009254754281412312
|heading error|,rad,RUNNING_MPC,0.00894145781048905
|heading error|,rad,RUNNING_MPC,0.0063565101899516465
|heading error|,rad,RUNNING_MPC,0.0020443602016655404
|heading error|,rad,RUNNING_MPC,0.00271911742388653
|heading error|,rad,RUNNING_MPC,0.005671656034703654
|heading error|,rad,RUNNING_MPC,0.00691030876083698
|heading error|,rad,RUNNING_MPC,0.006584196969660616
|heading error|,rad,RUNNING_MPC,0.002612713934954214
|heading error|,rad,RUNNING_MPC,0.0012860019238931653
|heading error|,rad,RUNNING_MPC,0.00427571344384714
|heading error|,rad,RUNNING_MPC,0.005244306558039757
|heading error|,rad,RUNNING_MPC,0.004561730088480265
|heading error|,rad,RUNNING_MPC,0.0022411286504867563
|heading error|,rad,RUNNING_MPC,5.645128892262097e-05
|heading error|,rad,RUNNING_MPC,0.002801756610472883
|heading error|,rad,RUNNING_MPC,0.0040818052821886
|heading error|,rad,RUNNING_MPC,0.004955433314574376
|heading error|,rad,RUNNING_MPC,0.004564135711194184
|heading error|,rad,RUNNING_MPC,0.002239628115931369
|heading error|,rad,RUNNING_MPC,0.0006484833277728974
|heading error|,rad,RUNNING_MPC,0.001548843693579327
|heading error|,rad,RUNNING_MPC,0.0024301354628250005
|heading error|,rad,RUNNING_MPC,0.002516942076420281
|heading error|,rad,RUNNING_MPC,0.0018333088370870998
|heading error|,rad,RUNNING_MPC,0.0007842787322058786
|heading error|,rad,RUNNING_MPC,0.00030190812435570985
|heading error|,rad,RUNNING_MPC,0.0032339075216945017
|heading error|,rad,RUNNING_MPC,0.004945186501982501
|heading error|,rad,RUNNING_MPC,0.004356898440097234
|heading error|,rad,RUNNING_MPC,0.009371651298540562
|heading error|,rad,RUNNING_MPC,0.013073240769160943
|heading error|,rad,RUNNING_MPC,0.009206695747558724
|heading error|,rad,RUNNING_MPC,0.00952863278196392
|heading error|,rad,RUNNING_MPC,0.012672953117349284
|heading error|,rad,RUNNING_MPC,0.012538202036472379
|heading error|,rad,RUNNING_MPC,0.020964949670369992
|heading error|,rad,RUNNING_MPC,0.01749606783883695
|heading error|,rad,RUNNING_MPC,0.01212678026423686
|heading error|,rad,RUNNING_MPC,0.01896711741324519
|heading error|,rad,RUNNING_MPC,0.02479315759584966
|heading error|,rad,RUNNING_MPC,0.026899996212820798
|heading error|,rad,RUNNING_MPC,0.02182532922525071
|heading error|,rad,RUNNING_MPC,0.030412543758944758
|heading error|,rad,RUNNING_MPC,0.032749470147603876
|heading error|,rad,RUNNING_MPC,0.03389674466358561
|heading error|,rad,RUNNING_MPC,0.027138101183770472
|heading error|,rad,RUNNING_MPC,0.029158802871614653
|heading error|,rad,RUNNING_MPC,0.0387756927443908
|heading error|,rad,RUNNING_MPC,0.048217593416392424
|heading error|,rad,RUNNING_MPC,0.050032905495337114
|heading error|,rad,RUNNING_MPC,0.042758847623570795
|heading error|,rad,RUNNING_MPC,0.042541332162393974
|heading error|,rad,RUNNING_MPC,0.023371803377408018
|heading error|,rad,RUNNING_MPC,0.030724387045347468
|heading error|,rad,RUNNING_MPC,0.027499441490717674
|heading error|,rad,RUNNING_MPC,0.023307573347031235
|heading error|,rad,RUNNING_MPC,0.016826664943405012
|heading error|,rad,RUNNING_MPC,0.008538458721310345
|heading error|,rad,RUNNING_MPC,0.023878633544313438
|heading error|,rad,RUNNING_MPC,0.025628532343428354
|heading error|,rad,RUNNING_MPC,0.029658945896955013
|heading error|,rad,RUNNING_MPC,0.022670136900331955
|heading error|,rad,RUNNING_MPC,0.029477749906136698
|heading error|,rad,RUNNING_MPC,0.028328351722316677
|heading error|,rad,RUNNING_MPC,0.024914637836353396
|heading error|,rad,RUNNING_MPC,0.017284816713314805
|heading error|,rad,RUNNING_MPC,0.012250022456861251
|heading error|,rad,RUNNING_MPC,0.011279889891045364
|heading error|,rad,RUNNING_MPC,0.009724746110959137
|heading error|,rad,RUNNING_MPC,0.007306998374936883
|heading error|,rad,RUNNING_MPC,0.004205229199912702
|heading error|,rad,RUNNING_MPC,0.0025744966962310965
|heading error|,rad,RUNNING_MPC,0.004790161625748551
|heading error|,rad,RUNNING_MPC,0.0071406454005753794
|heading error|,rad,RUNNING_MPC,0.006870740129869879
|heading error|,rad,RUNNING_MPC,0.007638847292095768
|heading error|,rad,RUNNING_MPC,0.004708132055719072
|heading error|,rad,RUNNING_MPC,0.0035854427952226316
|heading error|,rad,RUNNING_MPC,0.002727094815091396
|heading error|,rad,RUNNING_MPC,0.007898123133312979
|heading error|,rad,RUNNING_MPC,0.012194587663195505
|heading error|,rad,RUNNING_MPC,0.014462963458974729
|heading error|,rad,RUNNING_MPC,0.016973779146404102
|heading error|,rad,RUNNING_MPC,0.014362499182700994
|heading error|,rad,RUNNING_MPC,0.014294918610769605
|heading error|,rad,RUNNING_MPC,0.00966927010841534
|heading error|,rad,RUNNING_MPC,0.00933236437258507
|heading error|,rad,RUNNING_MPC,0.014649231546758096
|heading error|,rad,RUNNING_MPC,0.010775930265971042
|heading error|,rad,RUNNING_MPC,0.0193952253591868
|heading error|,rad,RUNNING_MPC,0.01670523438995729
|heading error|,rad,RUNNING_MPC,0.025776376428488124
|heading error|,rad,RUNNING_MPC,0.033272089157445346
|heading error|,rad,RUNNING_MPC,0.036860474404355914
|heading error|,rad,RUNNING_MPC,0.033112787370282934
|heading error|,rad,RUNNING_MPC,0.031185377500696415
|heading error|,rad,RUNNING_MPC,0.032680580210461475
|heading error|,rad,RUNNING_MPC,0.025333913005947492
|heading error|,rad,RUNNING_MPC,0.028639791923776303
|heading error|,rad,RUNNING_MPC,0.02266571527811298
|heading error|,rad,RUNNING_MPC,0.020846052854699985
|heading error|,rad,RUNNING_MPC,0.023335474608733173
|heading error|,rad,RUNNING_MPC,0.04036709571575453
|heading error|,rad,RUNNING_MPC,0.044310234417344226
|heading error|,rad,RUNNING_MPC,0.05091402815113083
|heading error|,rad,RUNNING_MPC,0.055362476075333844
|heading error|,rad,RUNNING_MPC,0.045676522307037226
|heading error|,rad,RUNNING_MPC,0.04019947063777224
|heading error|,rad,RUNNING_MPC,0.023927563592484824
|heading error|,rad,RUNNING_MPC,0.01135741575907051
|heading error|,rad,RUNNING_MPC,0.005567396548054104
|heading error|,rad,RUNNING_MPC,0.0015779990992823565
|heading error|,rad,RUNNING_MPC,0.008115142814674625
|heading error|,rad,RUNNING_MPC,0.006591032382548212
|heading error|,rad,RUNNING_MPC,0.025714907808320864
|heading error|,rad,RUNNING_MPC,0.02878018438117913
|heading error|,rad,RUNNING_MPC,0.04194392905346588
|heading error|,rad,RUNNING_MPC,0.04145474632401802
|heading error|,rad,RUNNING_MPC,0.035844227725451705
|heading error|,rad,RUNNING_MPC,0.02818853972427826
|heading error|,rad,RUNNING_MPC,0.016064290479267385
|heading error|,rad,RUNNING_MPC,0.0032047942110455807
|heading error|,rad,RUNNING_MPC,0.011495231046704024
|heading error|,rad,RUNNING_MPC,0.013400116194931422
|heading error|,rad,RUNNING_MPC,0.007754197778283566
|heading error|,rad,RUNNING_MPC,0.003419974125866254
|heading error|,rad,RUNNING_MPC,0.011172281160699793
|heading error|,rad,RUNNING_MPC,0.02384643231141126
|heading error|,rad,RUNNING_MPC,0.02669129145685134
|heading error|,rad,RUNNING_MPC,0.034738348734971614
|heading error|,rad,RUNNING_MPC,0.028896265292990834
|heading error|,rad,RUNNING_MPC,0.014891441159780803
|heading error|,rad,RUNNING_MPC,0.00510582952571803
|heading error|,rad,RUNNING_MPC,0.009881487277621614
|heading error|,rad,RUNNING_MPC,0.02324893821919871
|heading error|,rad,RUNNING_MPC,0.027700926913714282
|heading error|,rad,RUNNING_MPC,0.02070569126885413
|heading error|,rad,RUNNING_MPC,0.013484843492084562
|heading error|,rad,RUNNING_MPC,0.00552208213413885
|heading error|,rad,RUNNING_MPC,0.008889246303758647
|heading error|,rad,RUNNING_MPC,0.016681302605546233
|heading error|,rad,RUNNING_MPC,0.016553770418875735
|heading error|,rad,RUNNING_MPC,0.010524772740541975
|heading error|,rad,RUNNING_MPC,0.0030299085727634183
|heading error|,rad,RUNNING_MPC,0.0013717987013438515
|heading error|,rad,RUNNING_MPC,0.008106410366257144
|heading error|,rad,RUNNING_MPC,0.010075232210522866
|heading error|,rad,RUNNING_MPC,0.00926098306537837
|heading error|,rad,RUNNING_MPC,0.005747454719646106
|heading error|,rad,RUNNING_MPC,0.0015421940653258526
|heading error|,rad,RUNNING_MPC,0.0007677319640750913
|heading error|,rad,RUNNING_MPC,0.0020110401747572837
|heading error|,rad,RUNNING_MPC,0.0038946862544656517
|heading error|,rad,RUNNING_MPC,0.002445606617624496
|heading error|,rad,RUNNING_MPC,0.0039019708274183884
|heading error|,rad,RUNNING_MPC,0.0012840111811628365
|heading error|,rad,RUNNING_MPC,0.00020748263368608466
|heading error|,rad,RUNNING_MPC,0.0025957193556267466
|heading error|,rad,RUNNING_MPC,0.0016502945855486617
|heading error|,rad,RUNNING_MPC,0.0016930364028020506
|heading error|,rad,RUNNING_MPC,0.002801344405942374
|heading error|,rad,RUNNING_MPC,0.003513158045450937
|heading error|,rad,RUNNING_MPC,0.002407390790679642
|heading error|,rad,RUNNING_MPC,0.005909294970866452
|heading error|,rad,RUNNING_MPC,0.00038916139955014195
|heading error|,rad,RUNNING_MPC,0.004112721490471705
|heading error|,rad,RUNNING_MPC,0.0035660919443650796
|heading error|,rad,RUNNING_MPC,0.006702719890245401
|heading error|,rad,RUNNING_MPC,0.013898431347230011
|heading error|,rad,RUNNING_MPC,0.011022860595438666
|heading error|,rad,RUNNING_MPC,0.011802199464688856
|heading error|,rad,RUNNING_MPC,0.01190119354800756
|heading error|,rad,RUNNING_MPC,0.005490871681164022
|heading error|,rad,RUNNING_MPC,0.0021105085324677475
|heading error|,rad,RUNNING_MPC,0.010815090342938816
|heading error|,rad,RUNNING_MPC,0.006481602367590544
|heading error|,rad,RUNNING_MPC,0.007296993901234227
|heading error|,rad,RUNNING_MPC,0.01569367263993815
|heading error|,rad,RUNNING_MPC,0.006919727518629126
|heading error|,rad,RUNNING_MPC,0.015287322589042918
|heading error|,rad,RUNNING_MPC,0.007748356348227681
|heading error|,rad,RUNNING_MPC,0.00810841972324583
|heading error|,rad,RUNNING_MPC,0.00978123903950781
|heading error|,rad,RUNNING_MPC,0.0019951501724616433
|heading error|,rad,RUNNING_MPC,0.016834488965969813
|heading error|,rad,RUNNING_MPC,0.016650328276210637
|heading error|,rad,RUNNING_MPC,0.014590023071025157
|heading error|,rad,RUNNING_MPC,0.024068684181674058
|heading error|,rad,RUNNING_MPC,0.01077039244257498
|heading error|,rad,RUNNING_MPC,0.009339020852667607
|heading error|,rad,RUNNING_MPC,0.004824590455972194
|heading error|,rad,RUNNING_MPC,0.007035574096881879
|heading error|,rad,RUNNING_MPC,0.022710365320033562
|heading error|,rad,RUNNING_MPC,0.04596899721515185
|heading error|,rad,RUNNING_MPC,0.03169215233932766
|heading error|,rad,RUNNING_MPC,0.01782420501695059
|heading error|,rad,RUNNING_MPC,0.03461586812069927
|heading error|,rad,RUNNING_MPC,0.037231068182445926
|heading error|,rad,RUNNING_MPC,0.03913926550189173
|heading error|,rad,RUNNING_MPC,0.04063489753484961
|heading error|,rad,RUNNING_MPC,0.030934568711172398
|heading error|,rad,RUNNING_MPC,0.04401476078303134
|heading error|,rad,RUNNING_MPC,0.03551549426504019
|heading error|,rad,RUNNING_MPC,0.028163153985970798
|heading error|,rad,RUNNING_MPC,0.03615024585205129
|heading error|,rad,RUNNING_MPC,0.007331309984849766
|heading error|,rad,RUNNING_MPC,0.03193039634169347
|heading error|,rad,RUNNING_MPC,0.025556357154828513
|heading error|,rad,RUNNING_MPC,0.02132465524164262
|heading error|,rad,RUNNING_MPC,0.00802498211737035
|heading error|,rad,RUNNING_MPC,0.020459365255622863
|heading error|,rad,RUNNING_MPC,0.01913578530119797
|heading error|,rad,RUNNING_MPC,0.007410852238277421
|heading error|,rad,RUNNING_MPC,0.003625342931927289
|heading error|,rad,RUNNING_MPC,0.0031330546404488846
|heading error|,rad,RUNNING_MPC,0.006632581470867427
|heading error|,rad,RUNNING_MPC,0.003997362863826126
|heading error|,rad,RUNNING_MPC,0.006329159542291406
|heading error|,rad,RUNNING_MPC,0.0003511618433904573
|heading error|,rad,RUNNING_MPC,0.005995187825719173
|heading error|,rad,RUNNING_MPC,0.004196298377645125
|heading error|,rad,RUNNING_MPC,0.0033315188108089533
|heading error|,rad,RUNNING_MPC,0.0021305076134947587
|heading error|,rad,RUNNING_MPC,0.001545639617041017
|heading error|,rad,RUNNING_MPC,0.000570523183908378
|heading error|,rad,RUNNING_MPC,0.0007504863937719541
|heading error|,rad,RUNNING_MPC,0.002890398093386093
|heading error|,rad,RUNNING_MPC,0.001758155155938912
|heading error|,rad,RUNNING_MPC,0.0016107287505011667
|heading error|,rad,RUNNING_MPC,0.002806543077318535
|heading error|,rad,RUNNING_MPC,0.004309693736787024
|heading error|,rad,RUNNING_MPC,0.006224808750018962
|heading error|,rad,RUNNING_MPC,0.00583815854676839
|heading error|,rad,RUNNING_MPC,0.004885989422203529
|heading error|,rad,RUNNING_MPC,0.007454056804614195
|heading error|,rad,RUNNING_MPC,0.0006990777146087535
|heading error|,rad,RUNNING_MPC,0.001707437548288615
|heading error|,rad,RUNNING_MPC,0.00030606073330985417
|heading error|,rad,RUNNING_MPC,0.0024328652955800667
|heading error|,rad,RUNNING_MPC,0.0011730365364361897
|heading error|,rad,RUNNING_MPC,0.00580802712318329
|heading error|,rad,RUNNING_MPC,0.004864361348421609
|heading error|,rad,RUNNING_MPC,0.011259829584644665
|heading error|,rad,RUNNING_MPC,0.005079329493264506
|heading error|,rad,RUNNING_MPC,0.00829932584298132
|heading error|,rad,RUNNING_MPC,0.012789085558468472
|heading error|,rad,RUNNING_MPC,0.0007248242398938398
|heading error|,rad,RUNNING_MPC,0.0014506447242639275
|heading error|,rad,RUNNING_MPC,0.002422127556030773
|heading error|,rad,RUNNING_MPC,0.0157893985944928
|heading error|,rad,RUNNING_MPC,0.01860884668684248
|heading error|,rad,RUNNING_MPC,0.015405528662624013
|heading error|,rad,RUNNING_MPC,0.01747685421172085
|heading error|,rad,RUNNING_MPC,0.015029743424093132
|heading error|,rad,RUNNING_MPC,0.021036497495111165
|heading error|,rad,RUNNING_MPC,0.01736152784761602
|heading error|,rad,RUNNING_MPC,0.003246254361548795
|heading error|,rad,RUNNING_MPC,0.013826463948862111
|heading error|,rad,RUNNING_MPC,0.013442139086078608
|heading error|,rad,RUNNING_MPC,0.0359858534531029
|heading error|,rad,RUNNING_MPC,0.02160714500401406
|heading error|,rad,RUNNING_MPC,0.03377904895004108
|heading error|,rad,RUNNING_MPC,0.047640103241575193
|heading error|,rad,RUNNING_MPC,0.03309261962124843
|heading error|,rad,RUNNING_MPC,0.028375900274009186
|heading error|,rad,RUNNING_MPC,0.00794628909905537
|heading error|,rad,RUNNING_MPC,0.000344774689025551
|heading error|,rad,RUNNING_MPC,0.041276961432298184
|heading error|,rad,RUNNING_MPC,0.034248654324876004
|heading error|,rad,RUNNING_MPC,0.012590858280540934
|heading error|,rad,RUNNING_MPC,0.018969719554702225
|heading error|,rad,RUNNING_MPC,0.0033539391229690796
|heading error|,rad,RUNNING_MPC,0.05588326899112473
|heading error|,rad,RUNNING_MPC,0.03388131036425245
|heading error|,rad,RUNNING_MPC,0.014750532927947535
|heading error|,rad,RUNNING_MPC,0.02515024896858825
|heading error|,rad,RUNNING_MPC,0.008497521756982818
|heading error|,rad,RUNNING_MPC,0.008158028986795851
|heading error|,rad,RUNNING_MPC,0.057077699811349136
|heading error|,rad,RUNNING_MPC,0.005019897309573529
|heading error|,rad,RUNNING_MPC,0.05262276995127657
|heading error|,rad,RUNNING_MPC,0.052479999541532034
|heading error|,rad,RUNNING_MPC,0.05246920742753224
|heading error|,rad,RUNNING_MPC,0.007786683405399231
|heading error|,rad,RUNNING_MPC,0.010648262778656936
|heading error|,rad,RUNNING_MPC,0.043026242942540316
|heading error|,rad,RUNNING_MPC,0.01607286935957597
|heading error|,rad,RUNNING_MPC,0.019204371994913094
|heading error|,rad,RUNNING_MPC,0.02209937861218836
|heading error|,rad,RUNNING_MPC,0.007693842985637246
|heading error|,rad,RUNNING_MPC,0.02120275807068328
|heading error|,rad,RUNNING_MPC,0.022684857561671157
|heading error|,rad,RUNNING_MPC,0.019906603978370407
|heading error|,rad,RUNNING_MPC,0.010316088237698029
|heading error|,rad,RUNNING_MPC,0.010436246825955786
|heading error|,rad,RUNNING_MPC,0.004304730347838737
|heading error|,rad,RUNNING_MPC,0.0036370677556982756
|heading error|,rad,RUNNING_MPC,0.0018066578069289019
|heading error|,rad,RUNNING_MPC,0.0007514365694474279
|heading error|,rad,RUNNING_MPC,0.005359261159370465
|heading error|,rad,RUNNING_MPC,0.003976675150294984
|heading error|,rad,RUNNING_MPC,0.005719903408315741
|heading error|,rad,RUNNING_MPC,0.0013541950183597606
|heading error|,rad,RUNNING_MPC,0.0009609024827881285
|heading error|,rad,RUNNING_MPC,8.730838149451081e-05
|heading error|,rad,RUNNING_MPC,0.003911924594533378
|heading error|,rad,RUNNING_MPC,0.010779884771079164
|heading error|,rad,RUNNING_MPC,0.012638727864264121
|heading error|,rad,RUNNING_MPC,0.014904240098622124
|heading error|,rad,RUNNING_MPC,0.013487350590934312
|heading error|,rad,RUNNING_MPC,0.008924306414838988
|heading error|,rad,RUNNING_MPC,0.009130053420946416
|heading error|,rad,RUNNING_MPC,0.009462420490119694
|heading error|,rad,RUNNING_MPC,0.0032739492790334612
|heading error|,rad,RUNNING_MPC,0.002977665300932353
|heading error|,rad,RUNNING_MPC,0.007251489516906018
|heading error|,rad,RUNNING_MPC,0.004099576406297656
|heading error|,rad,RUNNING_MPC,0.0010119086029087843
|heading error|,rad,RUNNING_MPC,0.0004978624957052702
|heading error|,rad,RUNNING_MPC,0.0020510722495825635
|heading error|,rad,RUNNING_MPC,0.0031744982768961987
|heading error|,rad,RUNNING_MPC,0.0006868327269975438
|heading error|,rad,RUNNING_MPC,0.003516264183367035
|heading error|,rad,RUNNING_MPC,0.0024897991981787104
|heading error|,rad,RUNNING_MPC,0.008667812792715557
|heading error|,rad,RUNNING_MPC,0.011468935505746902
|heading error|,rad,RUNNING_MPC,0.02133311673444749
|heading error|,rad,RUNNING_MPC,0.01654379853891785
|heading error|,rad,RUNNING_MPC,0.02081910419487687
|heading error|,rad,RUNNING_MPC,0.022320940954703827
|heading error|,rad,RUNNING_MPC,0.014003828481674585
|heading error|,rad,RUNNING_MPC,0.009380784128501629
|heading error|,rad,RUNNING_MPC,0.016639022976937756
|heading error|,rad,RUNNING_MPC,0.003066980915074513
|heading error|,rad,RUNNING_MPC,0.013062072300195517
|heading error|,rad,RUNNING_MPC,0.01268908994964568
|heading error|,rad,RUNNING_MPC,0.019269975452785856
|heading error|,rad,RUNNING_MPC,0.026419209865431226
|heading error|,rad,RUNNING_MPC,0.012582951135507336
|heading error|,rad,RUNNING_MPC,0.012982821865292983
|heading error|,rad,RUNNING_MPC,0.02146508505112465
|heading error|,rad,RUNNING_MPC,0.030287861940051064
|heading error|,rad,RUNNING_MPC,0.03936548659002015
|heading error|,rad,RUNNING_MPC,0.02028339349375008
|heading error|,rad,RUNNING_MPC,0.03889456312093964
|heading error|,rad,RUNNING_MPC,0.029953361797378623
|heading error|,rad,RUNNING_MPC,0.030936991282603632
|heading error|,rad,RUNNING_MPC,0.036999272029571095
|heading error|,rad,RUNNING_MPC,0.03970221359825698
|heading error|,rad,RUNNING_MPC,0.025200957098931998
|heading error|,rad,RUNNING_MPC,0.023618229970012283
|heading error|,rad,RUNNING_MPC,0.0218759600857803
|heading error|,rad,RUNNING_MPC,0.013487664097795893
|heading error|,rad,RUNNING_MPC,0.01108691887497626
|heading error|,rad,RUNNING_MPC,0.005609208859773229
|heading error|,rad,RUNNING_MPC,0.010227801702851647
|heading error|,rad,RUNNING_MPC,0.005744169134422439
|heading error|,rad,RUNNING_MPC,0.008625445673600574
|heading error|,rad,RUNNING_MPC,0.013480123838349733
|heading error|,rad,RUNNING_MPC,0.018017848541994397
|heading error|,rad,RUNNING_MPC,0.015610122006442406
|heading error|,rad,RUNNING_MPC,0.009409735814351006
|heading error|,rad,RUNNING_MPC,0.007025735250349552
|heading error|,rad,RUNNING_MPC,0.004939742431905536
|heading error|,rad,RUNNING_MPC,5.6306078687118344e-05
|heading error|,rad,RUNNING_MPC,0.004271798160339291
|heading error|,rad,RUNNING_MPC,0.007984355225861607
|heading error|,rad,RUNNING_MPC,0.010064440038304756
|heading error|,rad,RUNNING_MPC,0.010055092045194058
|heading error|,rad,RUNNING_MPC,0.008320118163682722
|heading error|,rad,RUNNING_MPC,0.005602749347623615
|heading error|,rad,RUNNING_MPC,0.002360694738938296
|heading error|,rad,RUNNING_MPC,0.0022791594359672374
|heading error|,rad,RUNNING_MPC,0.003999856332860485
|heading error|,rad,RUNNING_MPC,0.005049451570966479
|heading error|,rad,RUNNING_MPC,0.00399358524407889
|heading error|,rad,RUNNING_MPC,0.0014781340136811316
|heading error|,rad,RUNNING_MPC,0.0020911888930359446
|heading error|,rad,RUNNING_MPC,0.0039058214860991924
|heading error|,rad,RUNNING_MPC,0.004696619989868368
|heading error|,rad,RUNNING_MPC,0.003962275717757535
|heading error|,rad,RUNNING_MPC,0.0019947015326886586
|heading error|,rad,RUNNING_MPC,0.0002834549946753029
|heading error|,rad,RUNNING_MPC,0.001229486072483521
|heading error|,rad,RUNNING_MPC,0.002429293991375925
|heading error|,rad,RUNNING_MPC,0.002770827382487795
|heading error|,rad,RUNNING_MPC,0.0020037659908305194
|heading error|,rad,RUNNING_MPC,0.0007023459071979765
|heading error|,rad,RUNNING_MPC,0.000533194067153353
|heading error|,rad,RUNNING_MPC,0.0015514863823078429
|heading error|,rad,RUNNING_MPC,0.0021803918835185954
|heading error|,rad,RUNNING_MPC,0.0020921049177959894
|heading error|,rad,RUNNING_MPC,0.0015984724569344522
|heading error|,rad,RUNNING_MPC,0.000552106453181711
|heading error|,rad,RUNNING_MPC,0.0004124257452562397
|heading error|,rad,RUNNING_MPC,0.0010576613914929922
|heading error|,rad,RUNNING_MPC,0.0010899466984271022
|heading error|,rad,RUNNING_MPC,0.0007831408329472823
|heading error|,rad,RUNNING_MPC,4.975013637054104e-06
|heading error|,rad,RUNNING_MPC,0.0010455978380861097
|heading error|,rad,RUNNING_MPC,0.0018566212285162642
|heading error|,rad,RUNNING_MPC,0.002297108072815135
|heading error|,rad,RUNNING_MPC,0.0026221963634123213
|heading error|,rad,RUNNING_MPC,0.002303104625017038
|heading error|,rad,RUNNING_MPC,0.001787049361263282
|heading error|,rad,RUNNING_MPC,1.2960817041829387e-05
|heading error|,rad,RUNNING_MPC,0.000980131053554878
|heading error|,rad,RUNNING_MPC,0.00153253322839042
|heading error|,rad,RUNNING_MPC,0.0016461397009854828
|heading error|,rad,RUNNING_MPC,0.0013644623932331788
|heading error|,rad,RUNNING_MPC,0.0008094351711589454
|heading error|,rad,RUNNING_MPC,6.568964566255887e-05
|heading error|,rad,RUNNING_MPC,0.00094055726541864
|heading error|,rad,RUNNING_MPC,0.0015834789059936405
|heading error|,rad,RUNNING_MPC,0.0019020529480817672
|heading error|,rad,RUNNING_MPC,0.002014868905311218
|heading error|,rad,RUNNING_MPC,0.0018416961273857166
|heading error|,rad,RUNNING_MPC,0.0014733463041305406
|heading error|,rad,RUNNING_MPC,0.0011963807664931991
|heading error|,rad,RUNNING_MPC,0.0006829161591053178
|heading error|,rad,RUNNING_MPC,0.000563309788356392
|heading error|,rad,RUNNING_MPC,0.00046280050543368034
|heading error|,rad,RUNNING_MPC,0.000581540893986876
|heading error|,rad,RUNNING_MPC,0.0008240846196945205
|heading error|,rad,RUNNING_MPC,0.001279653737332076
|heading error|,rad,RUNNING_MPC,0.0015087060889129589
|heading error|,rad,RUNNING_MPC,0.001659032745005895
|heading error|,rad,RUNNING_MPC,0.001655287765914615
|heading error|,rad,RUNNING_MPC,0.0014797612615993216
|heading error|,rad,RUNNING_MPC,0.0010624038034321437
|heading error|,rad,RUNNING_MPC,0.000535801689308002
|heading error|,rad,RUNNING_MPC,4.753656587253019e-05
|heading error|,rad,RUNNING_MPC,0.0002471648500699252
|heading error|,rad,RUNNING_MPC,0.00012909458969190268
|heading error|,rad,RUNNING_MPC,0.0004531086064605283
|heading error|,rad,RUNNING_MPC,0.0016852153326802897
|heading error|,rad,RUNNING_MPC,0.002878270476990963
|heading error|,rad,RUNNING_MPC,0.0040834741392585805
|heading error|,rad,RUNNING_MPC,0.004373423821512735
|heading error|,rad,RUNNING_MPC,0.0041329120406201625
|heading error|,rad,RUNNING_MPC,0.0024560204020911414
|heading error|,rad,RUNNING_MPC,0.0002998146864103823
|heading error|,rad,RUNNING_MPC,0.0020652338139486304
|heading error|,rad,RUNNING_MPC,0.0038917639501749863
|heading error|,rad,RUNNING_MPC,0.004830356963512195
|heading error|,rad,RUNNING_MPC,0.004219275013308987
|heading error|,rad,RUNNING_MPC,0.002601468378156557
|heading error|,rad,RUNNING_MPC,0.0004850516467436172
|heading error|,rad,RUNNING_MPC,0.0026710014611994737
|heading error|,rad,RUNNING_MPC,0.005857145460107738
|heading error|,rad,RUNNING_MPC,0.006315666734434622
|heading error|,rad,RUNNING_MPC,0.004347192660010268
|heading error|,rad,RUNNING_MPC,0.0006777184266590908
|heading error|,rad,RUNNING_MPC,0.005012270708729894
|heading error|,rad,RUNNING_MPC,0.0055418663287025716
|heading error|,rad,RUNNING_MPC,0.0039543560029060565
|heading error|,rad,RUNNING_MPC,0.002768650920184967
|heading error|,rad,RUNNING_MPC,0.006037756100240266
|heading error|,rad,RUNNING_MPC,0.0082947606624022
|heading error|,rad,RUNNING_MPC,0.006919258871412648
|heading error|,rad,RUNNING_MPC,0.003925784645209873
|heading error|,rad,RUNNING_MPC,0.0003360560551470826
|heading error|,rad,RUNNING_MPC,0.0037563825767312764
|heading error|,rad,RUNNING_MPC,0.006102904329929881
|heading error|,rad,RUNNING_MPC,0.005918435637273234
|heading error|,rad,RUNNING_MPC,0.003384531458957341
|heading error|,rad,RUNNING_MPC,0.00038321002438213014
|heading error|,rad,RUNNING_MPC,0.003227795697565039
|heading error|,rad,RUNNING_MPC,0.004791834509598747
|heading error|,rad,RUNNING_MPC,0.00564731673300356
|heading error|,rad,RUNNING_MPC,0.004937027299666497
|heading error|,rad,RUNNING_MPC,0.0035247938674207724
|heading error|,rad,RUNNING_MPC,2.8291189848150825e-05
|heading error|,rad,RUNNING_MPC,0.0019697644143104047
|heading error|,rad,RUNNING_MPC,0.0038049143002560903
|heading error|,rad,RUNNING_MPC,0.004708246589761877
|heading error|,rad,RUNNING_MPC,0.004094577745326511
|heading error|,rad,RUNNING_MPC,0.003103390263556438
|heading error|,rad,RUNNING_MPC,0.00017124887359187824
|heading error|,rad,RUNNING_MPC,0.0014111269314387442
|heading error|,rad,RUNNING_MPC,0.0035459767566727862
|heading error|,rad,RUNNING_MPC,0.004724967282816905
|heading error|,rad,RUNNING_MPC,0.004303460912067791
|heading error|,rad,RUNNING_MPC,0.003099684300518213
|heading error|,rad,RUNNING_MPC,0.00020268303008830205
|heading error|,rad,RUNNING_MPC,0.002357737012081085
|heading error|,rad,RUNNING_MPC,0.004641600246640287
|heading error|,rad,RUNNING_MPC,0.007042411402820026
|heading error|,rad,RUNNING_MPC,0.0058439850395060056
|heading error|,rad,RUNNING_MPC,0.003307546155982166
|heading error|,rad,RUNNING_MPC,0.0008303686213309015
|heading error|,rad,RUNNING_MPC,0.003089878179434624
|heading error|,rad,RUNNING_MPC,0.006398616295265391
|heading error|,rad,RUNNING_MPC,0.007315410390630995
|heading error|,rad,RUNNING_MPC,0.0069316553393670155
|heading error|,rad,RUNNING_MPC,0.004616259069165629
|heading error|,rad,RUNNING_MPC,0.0018982788971939613
|heading error|,rad,RUNNING_MPC,0.0005087827500669384
|heading error|,rad,RUNNING_MPC,0.0014038484130862727
|heading error|,rad,RUNNING_MPC,0.0058033913985955365
|heading error|,rad,RUNNING_MPC,0.010573787269331447
|heading error|,rad,RUNNING_MPC,0.013232923233862603
|heading error|,rad,RUNNING_MPC,0.012006591654415644
|heading error|,rad,RUNNING_MPC,0.01849937326982376
|heading error|,rad,RUNNING_MPC,0.017917544975617265
|heading error|,rad,RUNNING_MPC,0.016227616722545687
|heading error|,rad,RUNNING_MPC,0.020013592806387148
|heading error|,rad,RUNNING_MPC,0.014541930201597886
|heading error|,rad,RUNNING_MPC,0.015650467552812408
|heading error|,rad,RUNNING_MPC,0.016781498049565528
|heading error|,rad,RUNNING_MPC,0.021542889305345536
|heading error|,rad,RUNNING_MPC,0.02149628650403379
|heading error|,rad,RUNNING_MPC,0.02149628650403379
|heading error|,rad,RUNNING_MPC,0.013778897553744063
|heading error|,rad,RUNNING_MPC,0.011411975470806635
|heading error|,rad,RUNNING_MPC,0.01607784457392336
|heading error|,rad,RUNNING_MPC,0.021157322222624675
|heading error|,rad,RUNNING_MPC,0.02052303086543139
|heading error|,rad,RUNNING_MPC,0.014271186103004931
|heading error|,rad,RUNNING_MPC,0.014669158744986532
|heading error|,rad,RUNNING_MPC,0.016619694526717854
|heading error|,rad,RUNNING_MPC,0.02705934873417481
|heading error|,rad,RUNNING_MPC,0.03457690164535032
|heading error|,rad,RUNNING_MPC,0.04478118651211682
|heading error|,rad,RUNNING_MPC,0.055267557091005504
|heading error|,rad,RUNNING_MPC,0.06209792957460448
|heading error|,rad,RUNNING_MPC,0.06746841988847432
|heading error|,rad,RUNNING_MPC,0.0425530362493447
|heading error|,rad,RUNNING_MPC,0.039299963378588654
|heading error|,rad,RUNNING_MPC,0.017022242767465112
|heading error|,rad,RUNNING_MPC,0.02541355549751989
|heading error|,rad,RUNNING_MPC,0.022939531552104153
|heading error|,rad,RUNNING_MPC,0.0006197688632827436
|heading error|,rad,RUNNING_MPC,0.006091156885881244
|heading error|,rad,RUNNING_MPC,0.011362257144631016
|heading error|,rad,RUNNING_MPC,0.014016308953983982
|heading error|,rad,RUNNING_MPC,0.004511304786879221
|heading error|,rad,RUNNING_MPC,0.00758349343712128
|heading error|,rad,RUNNING_MPC,0.027571493871332287
|heading error|,rad,RUNNING_MPC,0.00258638827156954
|heading error|,rad,RUNNING_MPC,0.02835566761139452
|heading error|,rad,RUNNING_MPC,0.007001275982096988
|heading error|,rad,RUNNING_MPC,0.003354669272810362
|heading error|,rad,RUNNING_MPC,0.017286771628233666
|heading error|,rad,RUNNING_MPC,0.013145518556247458
|heading error|,rad,RUNNING_MPC,0.028936709741851366
|heading error|,rad,RUNNING_MPC,0.008861344591219567
|heading error|,rad,RUNNING_MPC,0.02572779164672978
|heading error|,rad,RUNNING_MPC,0.02514919986367392
|heading error|,rad,RUNNING_MPC,0.0020934063916908663
|heading error|,rad,RUNNING_MPC,0.030059779306317758
|heading error|,rad,RUNNING_MPC,0.056357094475827374
|heading error|,rad,RUNNING_MPC,0.057524587760711114
|heading error|,rad,RUNNING_MPC,0.05552184506148561
|heading error|,rad,RUNNING_MPC,0.03242127079843171
|heading error|,rad,RUNNING_MPC,0.026018689351735125
|heading error|,rad,RUNNING_MPC,0.020248395749097314
|heading error|,rad,RUNNING_MPC,0.020642629978617766
|heading error|,rad,RUNNING_MPC,0.0065721938831997395
|heading error|,rad,RUNNING_MPC,0.013795880082433818
|heading error|,rad,RUNNING_MPC,0.016385323159118226
|heading error|,rad,RUNNING_MPC,0.011691161067624467
|heading error|,rad,RUNNING_MPC,0.016937416662538674
|heading error|,rad,RUNNING_MPC,0.01685554915694154
|heading error|,rad,RUNNING_MPC,0.01995835283009595
|heading error|,rad,RUNNING_MPC,0.0205033389958984
|heading error|,rad,RUNNING_MPC,0.018411851268420598
|heading error|,rad,RUNNING_MPC,0.00951499167270109
|heading error|,rad,RUNNING_MPC,0.005338984545037785
|heading error|,rad,RUNNING_MPC,0.0008875263593215443
|heading error|,rad,RUNNING_MPC,0.0031808920557330205
|heading error|,rad,RUNNING_MPC,0.006445771205397577
|heading error|,rad,RUNNING_MPC,0.00909018765029801
|heading error|,rad,RUNNING_MPC,0.00972272120495665
|heading error|,rad,RUNNING_MPC,0.007101905474955483
|heading error|,rad,RUNNING_MPC,0.010302443949225415
|heading error|,rad,RUNNING_MPC,0.011334984667841663
|heading error|,rad,RUNNING_MPC,0.0024884191185436944
|heading error|,rad,RUNNING_MPC,0.010901614290216077
|heading error|,rad,RUNNING_MPC,0.005045287448138147
|heading error|,rad,RUNNING_MPC,0.010263787385770717
|heading error|,rad,RUNNING_MPC,0.013741790426403
|heading error|,rad,RUNNING_MPC,0.01686622946775085
|heading error|,rad,RUNNING_MPC,0.009564593812049882
|heading error|,rad,RUNNING_MPC,0.02823845458030827
|heading error|,rad,RUNNING_MPC,0.03264950786631449
|heading error|,rad,RUNNING_MPC,0.005264142193829978
|heading error|,rad,RUNNING_MPC,0.02899656858991273
|heading error|,rad,RUNNING_MPC,0.013922650737095532
|heading error|,rad,RUNNING_MPC,0.04177618487389445
|heading error|,rad,RUNNING_MPC,0.03423750778698187
|heading error|,rad,RUNNING_MPC,0.051277745980565115
|heading error|,rad,RUNNING_MPC,0.04502705674233631
|heading error|,rad,RUNNING_MPC,0.030801319300701735
|heading error|,rad,RUNNING_MPC,0.05037209120336738
|heading error|,rad,RUNNING_MPC,0.01788768668298868
|heading error|,rad,RUNNING_MPC,0.04017198970139813
|heading error|,rad,RUNNING_MPC,0.04131046505691804
|heading error|,rad,RUNNING_MPC,0.0405077348896703
|heading error|,rad,RUNNING_MPC,0.03844310756310598
|heading error|,rad,RUNNING_MPC,0.015110373717089676
|heading error|,rad,RUNNING_MPC,0.029561582807531735
|heading error|,rad,RUNNING_MPC,0.02648178174243565
|heading error|,rad,RUNNING_MPC,0.002363154520793387
|heading error|,rad,RUNNING_MPC,0.021225791889606604
|heading error|,rad,RUNNING_MPC,0.0005752954935753785
|heading error|,rad,RUNNING_MPC,0.02260128255673477
|heading error|,rad,RUNNING_MPC,0.025392859150020985
|heading error|,rad,RUNNING_MPC,0.008754211290642022
|heading error|,rad,RUNNING_MPC,0.011552861199457976
|heading error|,rad,RUNNING_MPC,0.040054562224284496
|heading error|,rad,RUNNING_MPC,0.021680106746277763
|heading error|,rad,RUNNING_MPC,0.04791968881745534
|heading error|,rad,RUNNING_MPC,0.05144471720513977
|heading error|,rad,RUNNING_MPC,0.03433968694506229
|heading error|,rad,RUNNING_MPC,0.05198703703315167
|heading error|,rad,RUNNING_MPC,0.04943877644767669
|heading error|,rad,RUNNING_MPC,0.026187531256527397
|heading error|,rad,RUNNING_MPC,0.026187531256527397
|heading error|,rad,RUNNING_MPC,0.04319480783815344
|heading error|,rad,RUNNING_MPC,0.0065421577727007305
|heading error|,rad,RUNNING_MPC,0.009856216678479688
|heading error|,rad,RUNNING_MPC,0.03633602953017423
|heading error|,rad,RUNNING_MPC,0.039774089062645686
|heading error|,rad,RUNNING_MPC,0.04316320264464135
|heading error|,rad,RUNNING_MPC,0.028692367247621146
|heading error|,rad,RUNNING_MPC,0.03127439559219302
|heading error|,rad,RUNNING_MPC,0.03333130115345018
|heading error|,rad,RUNNING_MPC,0.016946386070149977
|heading error|,rad,RUNNING_MPC,0.017541577675678433
|heading error|,rad,RUNNING_MPC,0.03984441530822914
|heading error|,rad,RUNNING_MPC,0.01584497965065701
|heading error|,rad,RUNNING_MPC,0.04675376042017109
|heading error|,rad,RUNNING_MPC,0.034302326206035794
|heading error|,rad,RUNNING_MPC,0.04802274795471817
|heading error|,rad,RUNNING_MPC,0.014457142109139953
|heading error|,rad,RUNNING_MPC,0.02566841885717408
|heading error|,rad,RUNNING_MPC,0.045828315553777754
|heading error|,rad,RUNNING_MPC,0.009461293619758449
|heading error|,rad,RUNNING_MPC,0.012689004166178686
|heading error|,rad,RUNNING_MPC,0.0415985499053706
|heading error|,rad,RUNNING_MPC,0.019566332617761084
|heading error|,rad,RUNNING_MPC,0.022015606888283076
|heading error|,rad,RUNNING_MPC,0.03912202267624365
|heading error|,rad,RUNNING_MPC,0.017707333942402977
|heading error|,rad,RUNNING_MPC,0.036427826890511605
|heading error|,rad,RUNNING_MPC,0.01075185864658801
|heading error|,rad,RUNNING_MPC,0.01397045405824504
|heading error|,rad,RUNNING_MPC,0.01764533828534609
|heading error|,rad,RUNNING_MPC,0.02812537722396735
|heading error|,rad,RUNNING_MPC,0.03200230675230564
|heading error|,rad,RUNNING_MPC,0.013885040162221253
|heading error|,rad,RUNNING_MPC,0.022686121011034954
|heading error|,rad,RUNNING_MPC,0.01297070620655072
|heading error|,rad,RUNNING_MPC,0.015587374155158429
|heading error|,rad,RUNNING_MPC,0.01029423648608141
|heading error|,rad,RUNNING_MPC,0.012013908193854617
|heading error|,rad,RUNNING_MPC,0.017617786699337
|heading error|,rad,RUNNING_MPC,0.00757509005716539
|heading error|,rad,RUNNING_MPC,0.006225654284773174
|heading error|,rad,RUNNING_MPC,0.008591338397162975
|heading error|,rad,RUNNING_MPC,0.004243813156130427
|heading error|,rad,RUNNING_MPC,0.003242274597828443
|heading error|,rad,RUNNING_MPC,0.00447453072628079
|heading error|,rad,RUNNING_MPC,0.0022911699466867663
|heading error|,rad,RUNNING_MPC,0.0026226887789133624
|heading error|,rad,RUNNING_MPC,0.001960966461713509
|heading error|,rad,RUNNING_MPC,0.0012125499904160897
|heading error|,rad,RUNNING_MPC,0.00023188465309131878
|heading error|,rad,RUNNING_MPC,0.0002974550794039299
|heading error|,rad,RUNNING_MPC,0.00016777406340939827
|heading error|,rad,RUNNING_MPC,0.0021807236869315627
|heading error|,rad,RUNNING_MPC,0.0038601393445620857
|heading error|,rad,RUNNING_MPC,0.005655227618550196
|heading error|,rad,RUNNING_MPC,0.006204783188830998
|heading error|,rad,RUNNING_MPC,0.008844514531973102
|heading error|,rad,RUNNING_MPC,0.008213778110729207
|heading error|,rad,RUNNING_MPC,0.006645669356117433
|heading error|,rad,RUNNING_MPC,0.004824554352179877
|heading error|,rad,RUNNING_MPC,0.005156865459911009
|heading error|,rad,RUNNING_MPC,0.003861316057291564
|heading error|,rad,RUNNING_MPC,0.003773134425877789
|heading error|,rad,RUNNING_MPC,0.005923320336076232
|heading error|,rad,RUNNING_MPC,0.010461995327111008
|heading error|,rad,RUNNING_MPC,0.00893060862194095
|heading error|,rad,RUNNING_MPC,0.012838669887830001
|heading error|,rad,RUNNING_MPC,0.012133899161445694
|heading error|,rad,RUNNING_MPC,0.013668404859033421
|heading error|,rad,RUNNING_MPC,0.0124446960501432
|heading error|,rad,RUNNING_MPC,0.011580637688231143
|heading error|,rad,RUNNING_MPC,0.015413985923306117
|heading error|,rad,RUNNING_MPC,0.010037023569666513
|heading error|,rad,RUNNING_MPC,0.008582008622589397
|heading error|,rad,RUNNING_MPC,0.012167791591249366
|heading error|,rad,RUNNING_MPC,0.015618942432573446
|heading error|,rad,RUNNING_MPC,0.022371443346817732
|heading error|,rad,RUNNING_MPC,0.027236945290683875
|heading error|,rad,RUNNING_MPC,0.02473395422022351
|heading error|,rad,RUNNING_MPC,0.023883124159940317
|heading error|,rad,RUNNING_MPC,0.014137322142821485
|heading error|,rad,RUNNING_MPC,0.0076309439386386116
|heading error|,rad,RUNNING_MPC,0.0073617466070839965
|heading error|,rad,RUNNING_MPC,0.0035092436960088014
|heading error|,rad,RUNNING_MPC,0.008353955313463056
|heading error|,rad,RUNNING_MPC,0.014563828445590454
|heading error|,rad,RUNNING_MPC,0.021320129691876914
|heading error|,rad,RUNNING_MPC,0.03184793732057278
|heading error|,rad,RUNNING_MPC,0.0289726548054865
|heading error|,rad,RUNNING_MPC,0.03167974443294219
|heading error|,rad,RUNNING_MPC,0.038525666759157695
|heading error|,rad,RUNNING_MPC,0.03214525336852814
|heading error|,rad,RUNNING_MPC,0.03375090264895131
|heading error|,rad,RUNNING_MPC,0.021879133024668148
|heading error|,rad,RUNNING_MPC,0.017623606488126553
|heading error|,rad,RUNNING_MPC,0.0150103101891621
|heading error|,rad,RUNNING_MPC,0.011873831192868887
|heading error|,rad,RUNNING_MPC,0.015853563278791394
|heading error|,rad,RUNNING_MPC,0.01762936701350759
|heading error|,rad,RUNNING_MPC,0.016945229945715234
|heading error|,rad,RUNNING_MPC,0.03012080082865587
|heading error|,rad,RUNNING_MPC,0.03764814167089092
|heading error|,rad,RUNNING_MPC,0.04770651342227228
|heading error|,rad,RUNNING_MPC,0.05351377484994497
|heading error|,rad,RUNNING_MPC,0.05232009658392156
|heading error|,rad,RUNNING_MPC,0.053190692734787215
|heading error|,rad,RUNNING_MPC,0.032729075405224184
|heading error|,rad,RUNNING_MPC,0.023031644854548172
|heading error|,rad,RUNNING_MPC,0.006125625649748057
|heading error|,rad,RUNNING_MPC,0.013836779557199086
|heading error|,rad,RUNNING_MPC,0.013288453102462072
|heading error|,rad,RUNNING_MPC,0.011300390797549686
|heading error|,rad,RUNNING_MPC,0.0016514667438443098
|heading error|,rad,RUNNING_MPC,0.006413684385485063
|heading error|,rad,RUNNING_MPC,0.027167667554464568
|heading error|,rad,RUNNING_MPC,0.04111723192814523
|heading error|,rad,RUNNING_MPC,0.05270589164165329
|heading error|,rad,RUNNING_MPC,0.05227472997442801
|heading error|,rad,RUNNING_MPC,0.04951182645699581
|heading error|,rad,RUNNING_MPC,0.033529086893011484
|heading error|,rad,RUNNING_MPC,0.009257754623469977
|heading error|,rad,RUNNING_MPC,0.01176279282247919
|heading error|,rad,RUNNING_MPC,0.0272134080571084
|heading error|,rad,RUNNING_MPC,0.03274045533035594
|heading error|,rad,RUNNING_MPC,0.02467653196732844
|heading error|,rad,RUNNING_MPC,0.011925886549029485
|heading error|,rad,RUNNING_MPC,0.009096428669841755
|heading error|,rad,RUNNING_MPC,0.023989637624278415
|heading error|,rad,RUNNING_MPC,0.03629972007223552
|heading error|,rad,RUNNING_MPC,0.04396079906645619
|heading error|,rad,RUNNING_MPC,0.03865526217761328
|heading error|,rad,RUNNING_MPC,0.023910584608257082
|heading error|,rad,RUNNING_MPC,0.0004197247486607824
|heading error|,rad,RUNNING_MPC,0.01760257906506088
|heading error|,rad,RUNNING_MPC,0.030821385990131178
|heading error|,rad,RUNNING_MPC,0.038482724157874515
|heading error|,rad,RUNNING_MPC,0.03114262520373307
|heading error|,rad,RUNNING_MPC,0.013582017838573907
|heading error|,rad,RUNNING_MPC,0.0029190719605010074
|heading error|,rad,RUNNING_MPC,0.01751434199876957
|heading error|,rad,RUNNING_MPC,0.030154326223040758
|heading error|,rad,RUNNING_MPC,0.03404788017480141
|heading error|,rad,RUNNING_MPC,0.02919757350719053
|heading error|,rad,RUNNING_MPC,0.0175279819320487
|heading error|,rad,RUNNING_MPC,0.0051921563497257794
|heading error|,rad,RUNNING_MPC,0.020882710411435024
|heading error|,rad,RUNNING_MPC,0.026849587825115567
|heading error|,rad,RUNNING_MPC,0.02787007527652961
|heading error|,rad,RUNNING_MPC,0.019725525598992044
|heading error|,rad,RUNNING_MPC,0.004376780223806415
|heading error|,rad,RUNNING_MPC,0.002313088756851059
|heading error|,rad,RUNNING_MPC,0.021371721201336433
|heading error|,rad,RUNNING_MPC,0.02466093115431202
|heading error|,rad,RUNNING_MPC,0.02477365808348346
|heading error|,rad,RUNNING_MPC,0.019169190408185238
|heading error|,rad,RUNNING_MPC,0.0028131168699588043
|heading error|,rad,RUNNING_MPC,0.00863043326489464
|heading error|,rad,RUNNING_MPC,0.018952011510938227
|heading error|,rad,RUNNING_MPC,0.022426753499423996
|heading error|,rad,RUNNING_MPC,0.019340949310453756
|heading error|,rad,RUNNING_MPC,0.011051918107755312
|heading error|,rad,RUNNING_MPC,0.005240876262157093
|heading error|,rad,RUNNING_MPC,0.013025205472277967
|heading error|,rad,RUNNING_MPC,0.02360219743120434
|heading error|,rad,RUNNING_MPC,0.024552274821163164
|heading error|,rad,RUNNING_MPC,0.01873033548038576
|heading error|,rad,RUNNING_MPC,0.011466835576169537
|heading error|,rad,RUNNING_MPC,0.0028439893204498944
|heading error|,rad,RUNNING_MPC,0.012596660224607356
|heading error|,rad,RUNNING_MPC,0.019826232572650482
|heading error|,rad,RUNNING_MPC,0.01801536216941685
|heading error|,rad,RUNNING_MPC,0.01127748162017106
|heading error|,rad,RUNNING_MPC,0.00215085632229281
|heading error|,rad,RUNNING_MPC,0.004859432074417774
|heading error|,rad,RUNNING_MPC,0.01619027734565469
|heading error|,rad,RUNNING_MPC,0.01950801456152941
|heading error|,rad,RUNNING_MPC,0.01834768200966233
|heading error|,rad,RUNNING_MPC,0.010020081437619607
|heading error|,rad,RUNNING_MPC,0.0021320856488424578
|heading error|,rad,RUNNING_MPC,0.007081213164484083
|heading error|,rad,RUNNING_MPC,0.010990931055806133
|heading error|,rad,RUNNING_MPC,0.013665708122691855
|heading error|,rad,RUNNING_MPC,0.011307113318242301
|heading error|,rad,RUNNING_MPC,0.006056547776460085
|heading error|,rad,RUNNING_MPC,0.000648819313403437
|heading error|,rad,RUNNING_MPC,0.0069407093579381685
|heading error|,rad,RUNNING_MPC,0.012023098339959293
|heading error|,rad,RUNNING_MPC,0.01316190229506807
|heading error|,rad,RUNNING_MPC,0.009818050639566256
|heading error|,rad,RUNNING_MPC,0.0050273559958181335
|heading error|,rad,RUNNING_MPC,0.0016008260191172352
|heading error|,rad,RUNNING_MPC,0.005263742373012581
|heading error|,rad,RUNNING_MPC,0.008949892441154461
|heading error|,rad,RUNNING_MPC,0.009386242921457134
|heading error|,rad,RUNNING_MPC,0.005855346538632136
|heading error|,rad,RUNNING_MPC,0.001954135371426413
|heading error|,rad,RUNNING_MPC,0.0032304208872478424
|heading error|,rad,RUNNING_MPC,0.005544286457158862
|heading error|,rad,RUNNING_MPC,0.008617470725239745
|heading error|,rad,RUNNING_MPC,0.00838264185509366
|heading error|,rad,RUNNING_MPC,0.00648928679305151
|heading error|,rad,RUNNING_MPC,0.0029389200805240573
|heading error|,rad,RUNNING_MPC,0.0002782518496055042
|heading error|,rad,RUNNING_MPC,0.003230400187531221
|heading error|,rad,RUNNING_MPC,0.0042301918045650755
|heading error|,rad,RUNNING_MPC,0.0031099000728043173
|heading error|,rad,RUNNING_MPC,0.0014783927462276164
|heading error|,rad,RUNNING_MPC,0.004207981861208064
|heading error|,rad,RUNNING_MPC,0.010854731290997607
|heading error|,rad,RUNNING_MPC,0.013930163553696313
|heading error|,rad,RUNNING_MPC,0.021252665120597487
|heading error|,rad,RUNNING_MPC,0.024628516345744943
|heading error|,rad,RUNNING_MPC,0.023753004412663183
|heading error|,rad,RUNNING_MPC,0.025905798916548987
|heading error|,rad,RUNNING_MPC,0.023579898238856756
|heading error|,rad,RUNNING_MPC,0.020597940468029215
|heading error|,rad,RUNNING_MPC,0.01824752407461569
|heading error|,rad,RUNNING_MPC,0.019329714719755045
|heading error|,rad,RUNNING_MPC,0.01388303936639955
|heading error|,rad,RUNNING_MPC,0.018284258196491848
|heading error|,rad,RUNNING_MPC,0.015771911394245372
|heading error|,rad,RUNNING_MPC,0.030456253643004694
|heading error|,rad,RUNNING_MPC,0.022606160564471785
|heading error|,rad,RUNNING_MPC,0.017655387512323456
|heading error|,rad,RUNNING_MPC,0.023035429362762483
|heading error|,rad,RUNNING_MPC,0.018087560499708027
|heading error|,rad,RUNNING_MPC,0.018423831319107353
|heading error|,rad,RUNNING_MPC,0.013057449595234472
|heading error|,rad,RUNNING_MPC,0.01903397681604052
|heading error|,rad,RUNNING_MPC,0.025611253845580325
|heading error|,rad,RUNNING_MPC,0.024989592030256413
|heading error|,rad,RUNNING_MPC,0.03749678240904403
|heading error|,rad,RUNNING_MPC,0.03224213779330809
|heading error|,rad,RUNNING_MPC,0.04392195640545138
|heading error|,rad,RUNNING_MPC,0.03337633359818293
|heading error|,rad,RUNNING_MPC,0.053982292382538606
|heading error|,rad,RUNNING_MPC,0.04508059496645789
|heading error|,rad,RUNNING_MPC,0.04820006141657707
|heading error|,rad,RUNNING_MPC,0.039817986588423726
|heading error|,rad,RUNNING_MPC,0.04257626109140045
|heading error|,rad,RUNNING_MPC,0.03318452233149515
|heading error|,rad,RUNNING_MPC,0.020962482142890645
|heading error|,rad,RUNNING_MPC,0.01136974766897636
|heading error|,rad,RUNNING_MPC,0.02255978157635219
|heading error|,rad,RUNNING_MPC,0.007929422717087853
|heading error|,rad,RUNNING_MPC,0.014862370426047655
|heading error|,rad,RUNNING_MPC,0.02714379240075171
|heading error|,rad,RUNNING_MPC,0.024073695991359112
|heading error|,rad,RUNNING_MPC,0.034401273115816755
|heading error|,rad,RUNNING_MPC,0.037714594242926
|heading error|,rad,RUNNING_MPC,0.03713755437993016
|heading error|,rad,RUNNING_MPC,0.03782186022456414
|heading error|,rad,RUNNING_MPC,0.033587886562966185
|heading error|,rad,RUNNING_MPC,0.0317919817253447
|heading error|,rad,RUNNING_MPC,0.028779365741826934
|heading error|,rad,RUNNING_MPC,0.017186476302272657
|heading error|,rad,RUNNING_MPC,0.01730548425360867
|heading error|,rad,RUNNING_MPC,0.01458749028461459
|heading error|,rad,RUNNING_MPC,0.011994291371699939
|heading error|,rad,RUNNING_MPC,0.009652020154675256
|heading error|,rad,RUNNING_MPC,0.004930485642488103
|heading error|,rad,RUNNING_MPC,0.006205925716814331
|heading error|,rad,RUNNING_MPC,0.008605988745810533
|heading error|,rad,RUNNING_MPC,0.010348449570605657
|heading error|,rad,RUNNING_MPC,0.013611272641859573
|heading error|,rad,RUNNING_MPC,0.009614299872841015
|heading error|,rad,RUNNING_MPC,0.004045716667381294
|heading error|,rad,RUNNING_MPC,0.012806683757229376
|heading error|,rad,RUNNING_MPC,0.01496760651612661
|heading error|,rad,RUNNING_MPC,0.017896600162093712
|heading error|,rad,RUNNING_MPC,0.014687375279391679
|heading error|,rad,RUNNING_MPC,0.009551917447166769
|heading error|,rad,RUNNING_MPC,0.00495897828065206
|heading error|,rad,RUNNING_MPC,0.004943979260773057
|heading error|,rad,RUNNING_MPC,0.009458190789030985
|heading error|,rad,RUNNING_MPC,0.00949445758588352
|heading error|,rad,RUNNING_MPC,0.0037132888050206425
|heading error|,rad,RUNNING_MPC,0.0014283556639620443
|heading error|,rad,RUNNING_MPC,0.010154000017458475
|heading error|,rad,RUNNING_MPC,0.015081241535113588
|heading error|,rad,RUNNING_MPC,0.020111283204546693
|heading error|,rad,RUNNING_MPC,0.016940392904640108
|heading error|,rad,RUNNING_MPC,0.01183186879645115
|heading error|,rad,RUNNING_MPC,0.00855812536352296
|heading error|,rad,RUNNING_MPC,0.0015343620595149599
|heading error|,rad,RUNNING_MPC,0.006065807493943032
|heading error|,rad,RUNNING_MPC,0.0069425290404812046
|heading error|,rad,RUNNING_MPC,0.0028589782487034032
|heading error|,rad,RUNNING_MPC,0.0045526750028797025
|heading error|,rad,RUNNING_MPC,0.0073890510406391385
|heading error|,rad,RUNNING_MPC,0.015292112887741238
|heading error|,rad,RUNNING_MPC,0.01693748784248128
|heading error|,rad,RUNNING_MPC,0.015248076376914055
|heading error|,rad,RUNNING_MPC,0.009151750094878564
|heading error|,rad,RUNNING_MPC,0.00347034877880259
|heading error|,rad,RUNNING_MPC,0.002124227598699679
|heading error|,rad,RUNNING_MPC,0.0034483429771901
|heading error|,rad,RUNNING_MPC,0.0027065829368044803
|heading error|,rad,RUNNING_MPC,0.000974867076502184
|heading error|,rad,RUNNING_MPC,0.0063453948303506804
|heading error|,rad,RUNNING_MPC,0.00901413460694922
|heading error|,rad,RUNNING_MPC,0.011443511839361431
|heading error|,rad,RUNNING_MPC,0.010762234663809656
|heading error|,rad,RUNNING_MPC,0.006060018189543382
|heading error|,rad,RUNNING_MPC,0.002929699712787004
|heading error|,rad,RUNNING_MPC,0.0006258128877114633
|heading error|,rad,RUNNING_MPC,0.003489611650935087
|heading error|,rad,RUNNING_MPC,0.0025253666766833494
|heading error|,rad,RUNNING_MPC,0.003333464286076726
|heading error|,rad,RUNNING_MPC,0.009008216431105831
|heading error|,rad,RUNNING_MPC,0.01208937300312618
|heading error|,rad,RUNNING_MPC,0.011668062133895374
|heading error|,rad,RUNNING_MPC,0.007711478232124591
|heading error|,rad,RUNNING_MPC,0.0032734917706820355
|heading error|,rad,RUNNING_MPC,0.002220631318169186
|heading error|,rad,RUNNING_MPC,0.00550738659270178
|heading error|,rad,RUNNING_MPC,0.006434807554671629
|heading error|,rad,RUNNING_MPC,0.005015721597508848
|heading error|,rad,RUNNING_MPC,0.0017591167298103283
|heading error|,rad,RUNNING_MPC,0.004919756357611105
|heading error|,rad,RUNNING_MPC,0.008167133113129887
|heading error|,rad,RUNNING_MPC,0.010661493850708135
|heading error|,rad,RUNNING_MPC,0.010073952542683173
|heading error|,rad,RUNNING_MPC,0.00881853121545495
|heading error|,rad,RUNNING_MPC,0.0031946531556281688
|heading error|,rad,RUNNING_MPC,0.0036417022432961854
|heading error|,rad,RUNNING_MPC,0.007003457367039889
|heading error|,rad,RUNNING_MPC,0.008393214582361086
|heading error|,rad,RUNNING_MPC,0.0065976243489958
|heading error|,rad,RUNNING_MPC,0.004870470914396519
|heading error|,rad,RUNNING_MPC,0.003540172554825194
|heading error|,rad,RUNNING_MPC,0.007066046731094788
|heading error|,rad,RUNNING_MPC,0.007266776542207198
|heading error|,rad,RUNNING_MPC,0.0056035820218616195
|heading error|,rad,RUNNING_MPC,0.002334275911556105
|heading error|,rad,RUNNING_MPC,0.002298822231902476
|heading error|,rad,RUNNING_MPC,0.004668586588635115
|heading error|,rad,RUNNING_MPC,0.007339164994142555
|heading error|,rad,RUNNING_MPC,0.007883645762451374
|heading error|,rad,RUNNING_MPC,0.010421733098380903
|heading error|,rad,RUNNING_MPC,0.009391993918226982
|heading error|,rad,RUNNING_MPC,0.010085514964444098
|heading error|,rad,RUNNING_MPC,0.007312090376500713
|heading error|,rad,RUNNING_MPC,0.006310577275681073
|heading error|,rad,RUNNING_MPC,0.009113902736240576
|heading error|,rad,RUNNING_MPC,0.008804074771988857
|heading error|,rad,RUNNING_MPC,0.008479431583004793
|heading error|,rad,RUNNING_MPC,0.008604298489620188
|heading error|,rad,RUNNING_MPC,0.014113705807443866
|heading error|,rad,RUNNING_MPC,0.020304768456553157
|heading error|,rad,RUNNING_MPC,0.023060284612741677
|heading error|,rad,RUNNING_MPC,0.024002437409978764
|heading error|,rad,RUNNING_MPC,0.030807484710952963
|heading error|,rad,RUNNING_MPC,0.02926545368670808
|heading error|,rad,RUNNING_MPC,0.023101511097029848
|heading error|,rad,RUNNING_MPC,0.016537131905348893
|heading error|,rad,RUNNING_MPC,0.017919951348649876
|heading error|,rad,RUNNING_MPC,0.010524767132651602
|heading error|,rad,RUNNING_MPC,0.012591941688035346
|heading error|,rad,RUNNING_MPC,0.009777322691596035
|heading error|,rad,RUNNING_MPC,0.013438539062254229
|heading error|,rad,RUNNING_MPC,0.025307287199550332
|heading error|,rad,RUNNING_MPC,0.036347822228109505
|heading error|,rad,RUNNING_MPC,0.04381745645356383
|heading error|,rad,RUNNING_MPC,0.040949355250220254
|heading error|,rad,RUNNING_MPC,0.025741989231730766
|heading error|,rad,RUNNING_MPC,0.002166854377609661
|heading error|,rad,RUNNING_MPC,0.020828343253872506
|heading error|,rad,RUNNING_MPC,0.03232366171600054
|heading error|,rad,RUNNING_MPC,0.038411499896502166
|heading error|,rad,RUNNING_MPC,0.03704370959560555
|heading error|,rad,RUNNING_MPC,0.02730959250542453
|heading error|,rad,RUNNING_MPC,0.021999494183790214
|heading error|,rad,RUNNING_MPC,0.0077778247440076775
|heading error|,rad,RUNNING_MPC,0.005753108142488417
|heading error|,rad,RUNNING_MPC,0.0014730404986433854
|heading error|,rad,RUNNING_MPC,0.004175873998528701
|heading error|,rad,RUNNING_MPC,0.005070508010611041
|heading error|,rad,RUNNING_MPC,0.009202184601701635
|heading error|,rad,RUNNING_MPC,0.020031596004794316
|heading error|,rad,RUNNING_MPC,0.018365296204851056
|heading error|,rad,RUNNING_MPC,0.036455516585437886
|heading error|,rad,RUNNING_MPC,0.03171685967389015
|heading error|,rad,RUNNING_MPC,0.031692246655555145
|heading error|,rad,RUNNING_MPC,0.04776622754946125
|heading error|,rad,RUNNING_MPC,0.03738235774661591
|heading error|,rad,RUNNING_MPC,0.04197454666818778
|heading error|,rad,RUNNING_MPC,0.03743232887915937
|heading error|,rad,RUNNING_MPC,0.03154223432680303
|heading error|,rad,RUNNING_MPC,0.03869400697373315
|heading error|,rad,RUNNING_MPC,0.044918604060786294
|heading error|,rad,RUNNING_MPC,0.03337868944821554
|heading error|,rad,RUNNING_MPC,0.025973973494279212
|heading error|,rad,RUNNING_MPC,0.023733819080594687
|heading error|,rad,RUNNING_MPC,0.024363421561184095
|heading error|,rad,RUNNING_MPC,0.012969805070417673
|heading error|,rad,RUNNING_MPC,0.016850648515221337
|heading error|,rad,RUNNING_MPC,0.016679838988571394
|heading error|,rad,RUNNING_MPC,0.012435353046361897
|heading error|,rad,RUNNING_MPC,0.01616846575761266
|heading error|,rad,RUNNING_MPC,0.02490186518106996
|heading error|,rad,RUNNING_MPC,0.023604883596233694
|heading error|,rad,RUNNING_MPC,0.019997985555718634
|heading error|,rad,RUNNING_MPC,0.019065202629290123
|heading error|,rad,RUNNING_MPC,0.016699067532426778
|heading error|,rad,RUNNING_MPC,0.011787045215226222
|heading error|,rad,RUNNING_MPC,0.0016263915896936876
|heading error|,rad,RUNNING_MPC,0.00303245544281161
|heading error|,rad,RUNNING_MPC,0.009642377740434416
|heading error|,rad,RUNNING_MPC,0.011695453652811771
|heading error|,rad,RUNNING_MPC,0.011709328359758464
|heading error|,rad,RUNNING_MPC,0.010110264852987383
|heading error|,rad,RUNNING_MPC,0.007162196522619623
|heading error|,rad,RUNNING_MPC,0.005554099414225577
|heading error|,rad,RUNNING_MPC,0.003029527506828833
|heading error|,rad,RUNNING_MPC,0.003193006627126404
|heading error|,rad,RUNNING_MPC,0.0010530081880268938
|heading error|,rad,RUNNING_MPC,0.0014527756302686878
|heading error|,rad,RUNNING_MPC,0.005090794996249093
|heading error|,rad,RUNNING_MPC,0.0037201750341482316
|heading error|,rad,RUNNING_MPC,0.012435236543378414
|heading error|,rad,RUNNING_MPC,0.011232847688887437
|heading error|,rad,RUNNING_MPC,0.015311552047466925
|heading error|,rad,RUNNING_MPC,0.01584747883290061
|heading error|,rad,RUNNING_MPC,0.012280433170471339
|heading error|,rad,RUNNING_MPC,0.016300267625131815
|heading error|,rad,RUNNING_MPC,0.020720018330790957
|heading error|,rad,RUNNING_MPC,0.016383816396049022
|heading error|,rad,RUNNING_MPC,0.010847322804188986
|heading error|,rad,RUNNING_MPC,0.0202402986844481
|heading error|,rad,RUNNING_MPC,0.020068297785651446
|heading error|,rad,RUNNING_MPC,0.019402673628627243
|heading error|,rad,RUNNING_MPC,0.013086117141069888
|heading error|,rad,RUNNING_MPC,0.013178808123648798
|heading error|,rad,RUNNING_MPC,0.02475448095370325
|heading error|,rad,RUNNING_MPC,0.019025616956605207
|heading error|,rad,RUNNING_MPC,0.03157144839933479
|heading error|,rad,RUNNING_MPC,0.024233935146952934
|heading error|,rad,RUNNING_MPC,0.030597254067493918
|heading error|,rad,RUNNING_MPC,0.014892754867738
|heading error|,rad,RUNNING_MPC,0.02068623914477197
|heading error|,rad,RUNNING_MPC,0.029811055591868474
|heading error|,rad,RUNNING_MPC,0.03864087091679136
|heading error|,rad,RUNNING_MPC,0.02030095659216946
|heading error|,rad,RUNNING_MPC,0.03806851450797688
|heading error|,rad,RUNNING_MPC,0.028588876923254958
|heading error|,rad,RUNNING_MPC,0.04029217936765805
|heading error|,rad,RUNNING_MPC,0.05057592255212606
|heading error|,rad,RUNNING_MPC,0.03918433281940614
|heading error|,rad,RUNNING_MPC,0.05102893571469247
|heading error|,rad,RUNNING_MPC,0.037240623949634344
|heading error|,rad,RUNNING_MPC,0.03654426715010816
|heading error|,rad,RUNNING_MPC,0.020773715677467216
|heading error|,rad,RUNNING_MPC,0.013080151023115105
|heading error|,rad,RUNNING_MPC,0.004183013376862554
|heading error|,rad,RUNNING_MPC,0.00891560014893722
|heading error|,rad,RUNNING_MPC,0.01564709514755247
|heading error|,rad,RUNNING_MPC,0.011734954428441413
|heading error|,rad,RUNNING_MPC,0.008719378742688355
|heading error|,rad,RUNNING_MPC,0.006536051241473939
|heading error|,rad,RUNNING_MPC,0.002831041984948768
|heading error|,rad,RUNNING_MPC,0.001982832934589118
|heading error|,rad,RUNNING_MPC,0.0004730559225845088
|heading error|,rad,RUNNING_MPC,0.004956620971174441
|heading error|,rad,RUNNING_MPC,0.004964687367185694
|heading error|,rad,RUNNING_MPC,0.012674823712207628
|heading error|,rad,RUNNING_MPC,0.014116007712467793
|heading error|,rad,RUNNING_MPC,0.016710801137748588
|heading error|,rad,RUNNING_MPC,0.017574559950759294
|heading error|,rad,RUNNING_MPC,0.02353083288661839
|heading error|,rad,RUNNING_MPC,0.011906942237287943
|heading error|,rad,RUNNING_MPC,0.02418896450774044
|heading error|,rad,RUNNING_MPC,0.015993728038264043
|heading error|,rad,RUNNING_MPC,0.030205235499175975
|heading error|,rad,RUNNING_MPC,0.03741880602615155
|heading error|,rad,RUNNING_MPC,0.02870692013695209
|heading error|,rad,RUNNING_MPC,0.040372571303993965
|heading error|,rad,RUNNING_MPC,0.04592183154553431
|heading error|,rad,RUNNING_MPC,0.05449513617159263
|heading error|,rad,RUNNING_MPC,0.05400274506516278
|heading error|,rad,RUNNING_MPC,0.03946451229611969
|heading error|,rad,RUNNING_MPC,0.045425675844241065
|heading error|,rad,RUNNING_MPC,0.03211604733655493
|heading error|,rad,RUNNING_MPC,0.031389168509468046
|heading error|,rad,RUNNING_MPC,0.014691799147319662
|heading error|,rad,RUNNING_MPC,0.01947910988071433
|heading error|,rad,RUNNING_MPC,0.026683531153385728
|heading error|,rad,RUNNING_MPC,0.006927545875152098
|heading error|,rad,RUNNING_MPC,0.03840815019786992
|heading error|,rad,RUNNING_MPC,0.03332608502196388
|heading error|,rad,RUNNING_MPC,0.036239413328262644
|heading error|,rad,RUNNING_MPC,0.05733729882260418
|heading error|,rad,RUNNING_MPC,0.04983388012884182
|heading error|,rad,RUNNING_MPC,0.03542445344172651
|heading error|,rad,RUNNING_MPC,0.05526454074564403
|heading error|,rad,RUNNING_MPC,0.05124086453674481
|heading error|,rad,RUNNING_MPC,0.043952252244087386
|heading error|,rad,RUNNING_MPC,0.03765134847446916
|heading error|,rad,RUNNING_MPC,0.02507239169908182
|heading error|,rad,RUNNING_MPC,0.03007615997676227
|heading error|,rad,RUNNING_MPC,0.02601237328159689
|heading error|,rad,RUNNING_MPC,0.023966577875213613
|heading error|,rad,RUNNING_MPC,0.020644471337282422
|heading error|,rad,RUNNING_MPC,0.025070118001775384
|heading error|,rad,RUNNING_MPC,0.023691180460059247
|heading error|,rad,RUNNING_MPC,0.010419786087749738
|heading error|,rad,RUNNING_MPC,0.017270522296224833
|heading error|,rad,RUNNING_MPC,0.020583220327275328
|heading error|,rad,RUNNING_MPC,0.025157244496393005
|heading error|,rad,RUNNING_MPC,0.022365199128614233
|heading error|,rad,RUNNING_MPC,0.020185053501489584
|heading error|,rad,RUNNING_MPC,0.01879653215963195
|heading error|,rad,RUNNING_MPC,0.011397377144662268
|heading error|,rad,RUNNING_MPC,0.009308038954480402
|heading error|,rad,RUNNING_MPC,0.0006522029938769158
|heading error|,rad,RUNNING_MPC,0.0032106849273634275
|heading error|,rad,RUNNING_MPC,0.0006868221960938392
|heading error|,rad,RUNNING_MPC,0.000971229037798782
|heading error|,rad,RUNNING_MPC,0.002726777863735652
|heading error|,rad,RUNNING_MPC,0.0032035282941054177
|heading error|,rad,RUNNING_MPC,0.00226973436811706
|heading error|,rad,RUNNING_MPC,0.0016641179535716866
|heading error|,rad,RUNNING_MPC,0.005382961922759666
|heading error|,rad,RUNNING_MPC,0.01111679974492974
|heading error|,rad,RUNNING_MPC,0.01965683935413054
|heading error|,rad,RUNNING_MPC,0.02551153678774698
|heading error|,rad,RUNNING_MPC,0.025846560207650526
|heading error|,rad,RUNNING_MPC,0.02454533541315529
|heading error|,rad,RUNNING_MPC,0.025760821382193818
|heading error|,rad,RUNNING_MPC,0.027904422603459707
|heading error|,rad,RUNNING_MPC,0.03225076850510078
|heading error|,rad,RUNNING_MPC,0.027819617081124903
|heading error|,rad,RUNNING_MPC,0.032662016721912046
|heading error|,rad,RUNNING_MPC,0.043203549405377295
|heading error|,rad,RUNNING_MPC,0.034440940632781025
|heading error|,rad,RUNNING_MPC,0.03781608608810049
|heading error|,rad,RUNNING_MPC,0.044446662631236755
|heading error|,rad,RUNNING_MPC,0.037095088064408976
|heading error|,rad,RUNNING_MPC,0.02594694816847598
|heading error|,rad,RUNNING_MPC,0.009046767350342488
|heading error|,rad,RUNNING_MPC,0.0006411494191080891
|heading error|,rad,RUNNING_MPC,0.003584720192912006
|heading error|,rad,RUNNING_MPC,0.005437384777645438
|heading error|,rad,RUNNING_MPC,0.007380481551437778
|heading error|,rad,RUNNING_MPC,0.012423182134241983
|heading error|,rad,RUNNING_MPC,0.025523408673088888
|heading error|,rad,RUNNING_MPC,0.027136427365303195
|heading error|,rad,RUNNING_MPC,0.027353584040159973
|heading error|,rad,RUNNING_MPC,0.02015184780055579
|heading error|,rad,RUNNING_MPC,0.010419527007963225
|heading error|,rad,RUNNING_MPC,0.0006662933714167707
|heading error|,rad,RUNNING_MPC,0.009910158952168846
|heading error|,rad,RUNNING_MPC,0.014465042449525622
|heading error|,rad,RUNNING_MPC,0.014689465878120258
|heading error|,rad,RUNNING_MPC,0.010081116121407607
|heading error|,rad,RUNNING_MPC,0.005387902728690275
|heading error|,rad,RUNNING_MPC,0.0006882996831611976
|heading error|,rad,RUNNING_MPC,0.0038289712703933887
|heading error|,rad,RUNNING_MPC,0.006652976602227413
|heading error|,rad,RUNNING_MPC,0.006190913148357957
|heading error|,rad,RUNNING_MPC,0.005306605149176136
|heading error|,rad,RUNNING_MPC,0.0005820633828457211
|heading error|,rad,RUNNING_MPC,0.0025999922363784123
|heading error|,rad,RUNNING_MPC,0.0059601745214847845
|heading error|,rad,RUNNING_MPC,0.00631431375651914
|heading error|,rad,RUNNING_MPC,0.005426016374923126
|heading error|,rad,RUNNING_MPC,0.0018594167254453176
|heading error|,rad,RUNNING_MPC,0.001082248086623494
|heading error|,rad,RUNNING_MPC,0.00473851831961447
|heading error|,rad,RUNNING_MPC,0.0059249729273096454
|heading error|,rad,RUNNING_MPC,0.005394284222510758
|heading error|,rad,RUNNING_MPC,0.0034493478477362056
|heading error|,rad,RUNNING_MPC,0.0005704780622211025
|heading error|,rad,RUNNING_MPC,0.003520055149674573
|heading error|,rad,RUNNING_MPC,0.00505218318156464
|heading error|,rad,RUNNING_MPC,0.004798747504973111
|heading error|,rad,RUNNING_MPC,0.0024776617103676735
|heading error|,rad,RUNNING_MPC,0.0014235249008236472
|heading error|,rad,RUNNING_MPC,0.0018243060961427027
|heading error|,rad,RUNNING_MPC,0.004201492052315903
|heading error|,rad,RUNNING_MPC,0.004241411680611318
|heading error|,rad,RUNNING_MPC,0.0023556529475023957
|heading error|,rad,RUNNING_MPC,0.00010651689586316238
|heading error|,rad,RUNNING_MPC,0.0028855731152233055
|heading error|,rad,RUNNING_MPC,0.003944178475433714
|heading error|,rad,RUNNING_MPC,0.0038538917525570153
|heading error|,rad,RUNNING_MPC,0.0034741585739359593
|heading error|,rad,RUNNING_MPC,0.001643982224809548
|heading error|,rad,RUNNING_MPC,0.0004901016583729323
|heading error|,rad,RUNNING_MPC,0.001849973628460955
|heading error|,rad,RUNNING_MPC,0.002622135789790647
|heading error|,rad,RUNNING_MPC,0.002329280597527017
|heading error|,rad,RUNNING_MPC,0.002011064326950862
|heading error|,rad,RUNNING_MPC,0.0005731893947569233
|heading error|,rad,RUNNING_MPC,0.0008931992904654962
|heading error|,rad,RUNNING_MPC,0.0017197652834393118
|heading error|,rad,RUNNING_MPC,0.0023073164315690065
|heading error|,rad,RUNNING_MPC,0.002303534310008626
|heading error|,rad,RUNNING_MPC,0.0018492326815771063
|heading error|,rad,RUNNING_MPC,0.0010511006251290311
|heading error|,rad,RUNNING_MPC,3.33600228108466e-06
|heading error|,rad,RUNNING_MPC,0.0005482577946342992
|heading error|,rad,RUNNING_MPC,0.0007656971618703601
|heading error|,rad,RUNNING_MPC,0.000485827478252876
|heading error|,rad,RUNNING_MPC,3.952758548031454e-06
|heading error|,rad,RUNNING_MPC,0.0006997516204889643
|heading error|,rad,RUNNING_MPC,0.0016904930812828844
|heading error|,rad,RUNNING_MPC,0.0020690129015012997
|heading error|,rad,RUNNING_MPC,0.0019153375551059781
|heading error|,rad,RUNNING_MPC,0.0014968915037738562
|heading error|,rad,RUNNING_MPC,0.0011071582546517966
|heading error|,rad,RUNNING_MPC,0.000682180895977158
|heading error|,rad,RUNNING_MPC,0.00035958549729375733
|heading error|,rad,RUNNING_MPC,0.00044859328398461074
|heading error|,rad,RUNNING_MPC,0.0005517871864362257
|heading error|,rad,RUNNING_MPC,0.0009676408726817519
|heading error|,rad,RUNNING_MPC,0.0010114632104483157
|heading error|,rad,RUNNING_MPC,0.0009115455542874074
|heading error|,rad,RUNNING_MPC,0.0003414649994586405
|heading error|,rad,RUNNING_MPC,0.00031856965581633645
|heading error|,rad,RUNNING_MPC,0.000459662041470299
|heading error|,rad,RUNNING_MPC,0.0001324169507443962
|heading error|,rad,RUNNING_MPC,0.0003142299603373644
|heading error|,rad,RUNNING_MPC,0.0010999579618720112
|heading error|,rad,RUNNING_MPC,0.0014167409735375003
|heading error|,rad,RUNNING_MPC,0.002047232783422004
|heading error|,rad,RUNNING_MPC,0.002035390312090435
|heading error|,rad,RUNNING_MPC,0.0016591088985018487
|heading error|,rad,RUNNING_MPC,0.001107163646207887
|heading error|,rad,RUNNING_MPC,0.0009679600260636966
|heading error|,rad,RUNNING_MPC,0.0006663082718088021
|heading error|,rad,RUNNING_MPC,0.0006245284660866269
|heading error|,rad,RUNNING_MPC,0.0008506218534796162
|heading error|,rad,RUNNING_MPC,0.0009318616858422503
|heading error|,rad,RUNNING_MPC,0.0013079826693682683
|heading error|,rad,RUNNING_MPC,0.0013218940360588682
|heading error|,rad,RUNNING_MPC,0.0012778313910168926
|heading error|,rad,RUNNING_MPC,0.0011254705056185088
|heading error|,rad,RUNNING_MPC,0.0011610924291831637
|heading error|,rad,RUNNING_MPC,0.0011724309572369584
|heading error|,rad,RUNNING_MPC,0.0010304880717022513
|heading error|,rad,RUNNING_MPC,0.0009785855237982588
|heading error|,rad,RUNNING_MPC,0.0010369924311630638
|heading error|,rad,RUNNING_MPC,0.0010580694970578897
|heading error|,rad,RUNNING_MPC,0.0014182438329171097
|heading error|,rad,RUNNING_MPC,0.001427789874460128
|heading error|,rad,RUNNING_MPC,0.0013598816334212673
|heading error|,rad,RUNNING_MPC,0.0011649169457443877
|heading error|,rad,RUNNING_MPC,0.0010008937590066935
|heading error|,rad,RUNNING_MPC,0.0013032607027980703
|heading error|,rad,RUNNING_MPC,0.0013457562640382115
|heading error|,rad,RUNNING_MPC,0.001336651369942654
|heading error|,rad,RUNNING_MPC,0.0011774768637180522
|heading error|,rad,RUNNING_MPC,0.0011272975133316265
|heading error|,rad,RUNNING_MPC,0.0011507847316880593
|heading error|,rad,RUNNING_MPC,0.0008573553964787984
|heading error|,rad,RUNNING_MPC,0.000693619012904545
|heading error|,rad,RUNNING_MPC,0.0006647836105044824
|heading error|,rad,RUNNING_MPC,0.0007546506855082846
|heading error|,rad,RUNNING_MPC,0.0011500015202905443
|heading error|,rad,RUNNING_MPC,0.001375125649047071
|heading error|,rad,RUNNING_MPC,0.0016398232029888329
|heading error|,rad,RUNNING_MPC,0.001788102362442423
|heading error|,rad,RUNNING_MPC,0.0023942384845820897
|heading error|,rad,RUNNING_MPC,0.00236889868356549
|heading error|,rad,RUNNING_MPC,0.0021722468695895007
|heading error|,rad,RUNNING_MPC,0.0020183418952051113
|heading error|,rad,RUNNING_MPC,0.0019073728598359983
|heading error|,rad,RUNNING_MPC,0.0018275271130505644
|heading error|,rad,RUNNING_MPC,0.0026129924499671553
|heading error|,rad,RUNNING_MPC,0.0026964020785693603
|heading error|,rad,RUNNING_MPC,0.0031231450767288393
|heading error|,rad,RUNNING_MPC,0.0027867775581578162
|heading error|,rad,RUNNING_MPC,0.0027175381625448303
|heading error|,rad,RUNNING_MPC,0.003056450460475091
|heading error|,rad,RUNNING_MPC,0.002624957560752428
|heading error|,rad,RUNNING_MPC,0.0023179554583965256
|heading error|,rad,RUNNING_MPC,0.002107633495676442
|heading error|,rad,RUNNING_MPC,0.0028418095314561853
|heading error|,rad,RUNNING_MPC,0.0026585555338445315
|heading error|,rad,RUNNING_MPC,0.003375362715400066
|heading error|,rad,RUNNING_MPC,0.003409712873557958
|heading error|,rad,RUNNING_MPC,0.0031471713236763676
|heading error|,rad,RUNNING_MPC,0.003231129855074233
|heading error|,rad,RUNNING_MPC,0.003270708520036081
|heading error|,rad,RUNNING_MPC,0.0027070092799190704
|heading error|,rad,RUNNING_MPC,0.0023787947200446524
|heading error|,rad,RUNNING_MPC,0.003092600204648299
|heading error|,rad,RUNNING_MPC,0.004128847471199126
|heading error|,rad,RUNNING_MPC,0.0038642128805945752
|heading error|,rad,RUNNING_MPC,0.005865772142508163
|heading error|,rad,RUNNING_MPC,0.00464557522020792
|heading error|,rad,RUNNING_MPC,0.006655797611866188
|heading error|,rad,RUNNING_MPC,0.005315572080915043
|heading error|,rad,RUNNING_MPC,0.007294620978868683
|heading error|,rad,RUNNING_MPC,0.005371067641274596
|heading error|,rad,RUNNING_MPC,0.006520716304190266
|heading error|,rad,RUNNING_MPC,0.007161473058345802
|heading error|,rad,RUNNING_MPC,0.006258395775118775
|heading error|,rad,RUNNING_MPC,0.004988646490458493
|heading error|,rad,RUNNING_MPC,0.0029648634200616364
|heading error|,rad,RUNNING_MPC,0.0018335307398902323
|heading error|,rad,RUNNING_MPC,5.7889734408789195e-05
|heading error|,rad,RUNNING_MPC,0.0010942499783781479
|heading error|,rad,RUNNING_MPC,0.0011687419099248864
|heading error|,rad,RUNNING_MPC,0.004690394018767918
|heading error|,rad,RUNNING_MPC,0.011446065956630223
|heading error|,rad,RUNNING_MPC,0.011925371087849967
|heading error|,rad,RUNNING_MPC,0.01760189091697617
|heading error|,rad,RUNNING_MPC,0.015587339191205807
|heading error|,rad,RUNNING_MPC,0.01473780642304412
|heading error|,rad,RUNNING_MPC,0.01204320092579181
|heading error|,rad,RUNNING_MPC,0.011726146220316647
|heading error|,rad,RUNNING_MPC,0.015054346906839822
|heading error|,rad,RUNNING_MPC,0.0065433081625529965
|heading error|,rad,RUNNING_MPC,0.011992907012111864
|heading error|,rad,RUNNING_MPC,0.01781829980437522
|heading error|,rad,RUNNING_MPC,0.012990381740057177
|heading error|,rad,RUNNING_MPC,0.021805554707153618
|heading error|,rad,RUNNING_MPC,0.018367810750692826
|heading error|,rad,RUNNING_MPC,0.020941704120597038
|heading error|,rad,RUNNING_MPC,0.024914423451490194
|heading error|,rad,RUNNING_MPC,0.02697051151419405
|heading error|,rad,RUNNING_MPC,0.03737335136426134
|heading error|,rad,RUNNING_MPC,0.03348100444459723
|heading error|,rad,RUNNING_MPC,0.017905521961846027
|heading error|,rad,RUNNING_MPC,0.007116714032390892
|heading error|,rad,RUNNING_MPC,0.005878920367062169
|heading error|,rad,RUNNING_MPC,0.0037402030651674245
|heading error|,rad,RUNNING_MPC,0.0010138170921503153
|heading error|,rad,RUNNING_MPC,0.004300346480694106
|heading error|,rad,RUNNING_MPC,0.021573859607353807
|heading error|,rad,RUNNING_MPC,0.039381659142553094
|heading error|,rad,RUNNING_MPC,0.05044648080313685
|heading error|,rad,RUNNING_MPC,0.05453385473787442
|heading error|,rad,RUNNING_MPC,0.05772343637197874
|heading error|,rad,RUNNING_MPC,0.04549359953526455
|heading error|,rad,RUNNING_MPC,0.03657587840985643
|heading error|,rad,RUNNING_MPC,0.01736726324891169
|heading error|,rad,RUNNING_MPC,0.017958241251104567
|heading error|,rad,RUNNING_MPC,0.004657418173151129
|heading error|,rad,RUNNING_MPC,0.002554142636594481
|heading error|,rad,RUNNING_MPC,0.004975912165140706
|heading error|,rad,RUNNING_MPC,0.02121489753043715
|heading error|,rad,RUNNING_MPC,0.013617213137252724
|heading error|,rad,RUNNING_MPC,0.018715423829729797
|heading error|,rad,RUNNING_MPC,0.025482456396828997
|heading error|,rad,RUNNING_MPC,0.037704447234664595
|heading error|,rad,RUNNING_MPC,0.039790299820508856
|heading error|,rad,RUNNING_MPC,0.05907705983185263
|heading error|,rad,RUNNING_MPC,0.056569707198703245
|heading error|,rad,RUNNING_MPC,0.05071354130602712
|heading error|,rad,RUNNING_MPC,0.05203786318086534
|heading error|,rad,RUNNING_MPC,0.03600658175484339
|heading error|,rad,RUNNING_MPC,0.044716732432234174
|heading error|,rad,RUNNING_MPC,0.027029179981003182
|heading error|,rad,RUNNING_MPC,0.0088402644969241
|heading error|,rad,RUNNING_MPC,0.0028414845904536352
|heading error|,rad,RUNNING_MPC,0.002950769479529658
|heading error|,rad,RUNNING_MPC,0.01576379709799225
|heading error|,rad,RUNNING_MPC,0.013491462630573546
|heading error|,rad,RUNNING_MPC,0.010846090705253442
|heading error|,rad,RUNNING_MPC,0.000431155949895956
|heading error|,rad,RUNNING_MPC,0.01051794301932274
|heading error|,rad,RUNNING_MPC,0.00918522470622074
|heading error|,rad,RUNNING_MPC,0.018552659573320973
|heading error|,rad,RUNNING_MPC,0.02382250117345963
|heading error|,rad,RUNNING_MPC,0.03203321926262692
|heading error|,rad,RUNNING_MPC,0.037233308255581576
|heading error|,rad,RUNNING_MPC,0.0420682212792971
|heading error|,rad,RUNNING_MPC,0.037322550360990185
|heading error|,rad,RUNNING_MPC,0.028184094530372853
|heading error|,rad,RUNNING_MPC,0.026287681080022107
|heading error|,rad,RUNNING_MPC,0.016074328662889048
|heading error|,rad,RUNNING_MPC,0.010471524378103947
|heading error|,rad,RUNNING_MPC,0.01893740397045507
|heading error|,rad,RUNNING_MPC,0.019837205270912595
|heading error|,rad,RUNNING_MPC,0.015166160368258907
|heading error|,rad,RUNNING_MPC,0.011292639087113088
|heading error|,rad,RUNNING_MPC,0.008916533833696505
|heading error|,rad,RUNNING_MPC,0.005608582618036095
|heading error|,rad,RUNNING_MPC,0.005179544741200193
|heading error|,rad,RUNNING_MPC,0.0041389592844667256
|heading error|,rad,RUNNING_MPC,0.004480626087257189
|heading error|,rad,RUNNING_MPC,0.003004093759586546
|heading error|,rad,RUNNING_MPC,0.002717651348965955
|heading error|,rad,RUNNING_MPC,0.002104524915151451
|heading error|,rad,RUNNING_MPC,0.0013872053054431177
|heading error|,rad,RUNNING_MPC,0.0003622946741099753
|heading error|,rad,RUNNING_MPC,0.0004283146421371064
|heading error|,rad,RUNNING_MPC,0.0015927847457994915
|heading error|,rad,RUNNING_MPC,0.0006711655897602142
|heading error|,rad,RUNNING_MPC,0.0009459879736102295
|heading error|,rad,RUNNING_MPC,0.003937846741141726
|heading error|,rad,RUNNING_MPC,0.008711349290143389
|heading error|,rad,RUNNING_MPC,0.01940445644442068
|heading error|,rad,RUNNING_MPC,0.0235658422263767
|heading error|,rad,RUNNING_MPC,0.0231043429638218
|heading error|,rad,RUNNING_MPC,0.022625472264824253
|heading error|,rad,RUNNING_MPC,0.019412668445937697
|heading error|,rad,RUNNING_MPC,0.014101160916829336
|heading error|,rad,RUNNING_MPC,0.012326129448907873
|heading error|,rad,RUNNING_MPC,0.010932864613411475
|heading error|,rad,RUNNING_MPC,0.007043882415521896
|heading error|,rad,RUNNING_MPC,0.005250390013259221
|heading error|,rad,RUNNING_MPC,0.00298406081519964
|heading error|,rad,RUNNING_MPC,0.005691715972268252
|heading error|,rad,RUNNING_MPC,0.0051871565812291465
|heading error|,rad,RUNNING_MPC,0.005974865657599526
|heading error|,rad,RUNNING_MPC,0.0072551953728039464
|heading error|,rad,RUNNING_MPC,0.008849952663573912
|heading error|,rad,RUNNING_MPC,0.011643078152509645
|heading error|,rad,RUNNING_MPC,0.01227632363885034
|heading error|,rad,RUNNING_MPC,0.010888907612110366
|heading error|,rad,RUNNING_MPC,0.006658023256982837
|heading error|,rad,RUNNING_MPC,0.004293449782855063
|heading error|,rad,RUNNING_MPC,0.0034922987385499478
|heading error|,rad,RUNNING_MPC,0.0030650737647808235
|heading error|,rad,RUNNING_MPC,0.003426502890468974
|heading error|,rad,RUNNING_MPC,0.005384768178440691
|heading error|,rad,RUNNING_MPC,0.005605967623238062
|heading error|,rad,RUNNING_MPC,0.005894884755542673
|heading error|,rad,RUNNING_MPC,0.005949600996752125
|heading error|,rad,RUNNING_MPC,0.005515656796131197
|heading error|,rad,RUNNING_MPC,0.0038701703963899266
|heading error|,rad,RUNNING_MPC,0.0027639163860211364
|heading error|,rad,RUNNING_MPC,0.0012162679267961884
|heading error|,rad,RUNNING_MPC,1.0647357471249563e-05
|heading error|,rad,RUNNING_MPC,0.0007588360997408117
|heading error|,rad,RUNNING_MPC,0.001344125745568192
|heading error|,rad,RUNNING_MPC,0.0014178903529562528
|heading error|,rad,RUNNING_MPC,0.0010786811307452737
|heading error|,rad,RUNNING_MPC,0.0007090557995264035
|heading error|,rad,RUNNING_MPC,0.0005950673979904231
|heading error|,rad,RUNNING_MPC,0.0013973207297541812
|heading error|,rad,RUNNING_MPC,0.0037261908559513834
|heading error|,rad,RUNNING_MPC,0.0028597311494786832
|heading error|,rad,RUNNING_MPC,0.0018521392876817977
|heading error|,rad,RUNNING_MPC,0.0002640526930477449
|heading error|,rad,RUNNING_MPC,0.0015937028870212089
|heading error|,rad,RUNNING_MPC,0.0030981544816879314
|heading error|,rad,RUNNING_MPC,0.0036657431884665748
|heading error|,rad,RUNNING_MPC,0.003166017969871593
|heading error|,rad,RUNNING_MPC,0.0026456629293862832
|heading error|,rad,RUNNING_MPC,0.0013580504415116046
|heading error|,rad,RUNNING_MPC,5.040315736204448e-05
|heading error|,rad,RUNNING_MPC,0.00031195491671898173
|heading error|,rad,RUNNING_MPC,0.00032336418886336205
|heading error|,rad,RUNNING_MPC,0.0006501465121346862
|heading error|,rad,RUNNING_MPC,0.0011208826420836537
|heading error|,rad,RUNNING_MPC,0.0012749564609038089
|heading error|,rad,RUNNING_MPC,0.0008606012167273747
|heading error|,rad,RUNNING_MPC,0.0012038406838299487
|heading error|,rad,RUNNING_MPC,0.0004248660649817104
|heading error|,rad,RUNNING_MPC,0.0005032158970355027
|heading error|,rad,RUNNING_MPC,0.00035163172206331694
|heading error|,rad,RUNNING_MPC,0.00039638682326037516
|heading error|,rad,RUNNING_MPC,3.609224512590714e-05
|heading error|,rad,RUNNING_MPC,5.693569470821558e-05
|heading error|,rad,RUNNING_MPC,6.780672277839629e-05
|heading error|,rad,RUNNING_MPC,8.725716684976348e-05
|heading error|,rad,RUNNING_MPC,0.00019834634165993847
|heading error|,rad,RUNNING_MPC,7.542661840043151e-05
|heading error|,rad,RUNNING_MPC,0.0008786712440014277
|heading error|,rad,RUNNING_MPC,0.0020420594523300473
|heading error|,rad,RUNNING_MPC,0.0011198067668356515
|heading error|,rad,RUNNING_MPC,0.008300907376811661
|heading error|,rad,RUNNING_MPC,0.015180084071511057
|heading error|,rad,RUNNING_MPC,0.017452206667634584
|heading error|,rad,RUNNING_MPC,0.027214437577276044
|heading error|,rad,RUNNING_MPC,0.006546176989389085
|heading error|,rad,RUNNING_MPC,0.017106004033071276
|heading error|,rad,RUNNING_MPC,0.015793154019548616
|heading error|,rad,RUNNING_MPC,0.015154138668120876
|heading error|,rad,RUNNING_MPC,0.031215715498763785
|heading error|,rad,RUNNING_MPC,5.966022203596211e-05
|heading error|,rad,RUNNING_MPC,0.002205809088210664
|heading error|,rad,RUNNING_MPC,0.0139648282882332
|heading error|,rad,RUNNING_MPC,0.014839655745954694
|heading error|,rad,RUNNING_MPC,0.013982654113114725
|heading error|,rad,RUNNING_MPC,0.009650598306663039
|heading error|,rad,RUNNING_MPC,0.025744881204281977
|heading error|,rad,RUNNING_MPC,0.018565749326350023
|heading error|,rad,RUNNING_MPC,0.007181958408644551
|heading error|,rad,RUNNING_MPC,0.016586821699723586
|heading error|,rad,RUNNING_MPC,0.004215110696916824
|heading error|,rad,RUNNING_MPC,0.04851204498155262
|heading error|,rad,RUNNING_MPC,0.017215303353821376
|heading error|,rad,RUNNING_MPC,0.0023798724874066757
|heading error|,rad,RUNNING_MPC,0.008436171224574629
|heading error|,rad,RUNNING_MPC,0.005736659096414076
|heading error|,rad,RUNNING_MPC,0.05996660837369783
|heading error|,rad,RUNNING_MPC,0.06415889296638212
|heading error|,rad,RUNNING_MPC,0.042567185911521754
|heading error|,rad,RUNNING_MPC,0.042994387416102064
|heading error|,rad,RUNNING_MPC,0.016904722316419374
|heading error|,rad,RUNNING_MPC,0.01637976779725436
|heading error|,rad,RUNNING_MPC,0.027375117224337053
|heading error|,rad,RUNNING_MPC,0.05692981373760065
|heading error|,rad,RUNNING_MPC,0.03472112165186969
|heading error|,rad,RUNNING_MPC,0.053314513434475685
|heading error|,rad,RUNNING_MPC,0.03954883375325213
|heading error|,rad,RUNNING_MPC,0.04307379377208065
|heading error|,rad,RUNNING_MPC,0.03843110560686602
|heading error|,rad,RUNNING_MPC,0.03394758112560847
|heading error|,rad,RUNNING_MPC,0.026251313944801513
|heading error|,rad,RUNNING_MPC,0.02587368526653222
|heading error|,rad,RUNNING_MPC,0.012812478016347661
|heading error|,rad,RUNNING_MPC,0.023685963628602202
|heading error|,rad,RUNNING_MPC,0.0032842854658321485
|heading error|,rad,RUNNING_MPC,0.0007620742399256919
|heading error|,rad,RUNNING_MPC,0.0018959449284094987
|heading error|,rad,RUNNING_MPC,0.003734309158073934
|heading error|,rad,RUNNING_MPC,0.006934357613804565
|heading error|,rad,RUNNING_MPC,0.02344849487372125
|heading error|,rad,RUNNING_MPC,0.013964751219952998
|heading error|,rad,RUNNING_MPC,0.0011413835127691563
|heading error|,rad,RUNNING_MPC,0.011604059191656635
|heading error|,rad,RUNNING_MPC,0.006968626330395633
|heading error|,rad,RUNNING_MPC,0.028817847659564855
|heading error|,rad,RUNNING_MPC,0.006014795062509125
|heading error|,rad,RUNNING_MPC,0.01927143546899046
|heading error|,rad,RUNNING_MPC,0.043309338299544
|heading error|,rad,RUNNING_MPC,0.043309338299544
|heading error|,rad,RUNNING_MPC,0.06555107111938563
|heading error|,rad,RUNNING_MPC,0.03324179758211754
|heading error|,rad,RUNNING_MPC,0.02783127890496262
|heading error|,rad,RUNNING_MPC,0.05687392020769843
|heading error|,rad,RUNNING_MPC,0.04045723951109626
|heading error|,rad,RUNNING_MPC,0.04141079148894411
|heading error|,rad,RUNNING_MPC,0.03402480768241567
|heading error|,rad,RUNNING_MPC,0.043480764660163825
|heading error|,rad,RUNNING_MPC,0.017584215377806522
|heading error|,rad,RUNNING_MPC,0.014449715249780226
|heading error|,rad,RUNNING_MPC,0.012973117983993365
|heading error|,rad,RUNNING_MPC,0.02029866693704463
|heading error|,rad,RUNNING_MPC,0.006258919597455837
|heading error|,rad,RUNNING_MPC,0.01845770373260791
|heading error|,rad,RUNNING_MPC,0.023781711686031496
|heading error|,rad,RUNNING_MPC,0.01932068899905648
|heading error|,rad,RUNNING_MPC,0.02584661366464447
|heading error|,rad,RUNNING_MPC,0.03236473923892502
|heading error|,rad,RUNNING_MPC,0.037970671869379746
|heading error|,rad,RUNNING_MPC,0.03535735515743177
|heading error|,rad,RUNNING_MPC,0.03739242325682923
|heading error|,rad,RUNNING_MPC,0.030366529129344677
|heading error|,rad,RUNNING_MPC,0.022806817454364303
|heading error|,rad,RUNNING_MPC,0.0195505873769779
|heading error|,rad,RUNNING_MPC,0.017108860707245377
|heading error|,rad,RUNNING_MPC,0.016154059416793043
|heading error|,rad,RUNNING_MPC,0.008916533789934178
|heading error|,rad,RUNNING_MPC,0.011143140208745628
|heading error|,rad,RUNNING_MPC,0.013600631570221731
|heading error|,rad,RUNNING_MPC,0.009250606397709582
|heading error|,rad,RUNNING_MPC,0.007942763672860398
|heading error|,rad,RUNNING_MPC,0.00872875713669341
|heading error|,rad,RUNNING_MPC,0.0009107687022349431
|heading error|,rad,RUNNING_MPC,0.002062499107812865
|heading error|,rad,RUNNING_MPC,0.002570238467336061
|heading error|,rad,RUNNING_MPC,0.005936384442230214
|heading error|,rad,RUNNING_MPC,0.00452147699374672
|heading error|,rad,RUNNING_MPC,0.010661301498648522
|heading error|,rad,RUNNING_MPC,0.009670210302914928
|heading error|,rad,RUNNING_MPC,0.01064488229169891
|heading error|,rad,RUNNING_MPC,0.011725497408971997
|heading error|,rad,RUNNING_MPC,0.01103598965186281
|heading error|,rad,RUNNING_MPC,0.019137564973949805
|heading error|,rad,RUNNING_MPC,0.012858161956188496
|heading error|,rad,RUNNING_MPC,0.01914051472702827
|heading error|,rad,RUNNING_MPC,0.0114815564660804
|heading error|,rad,RUNNING_MPC,0.01844302970538858
|heading error|,rad,RUNNING_MPC,0.021164234178570274
|heading error|,rad,RUNNING_MPC,0.007795670556422385
|heading error|,rad,RUNNING_MPC,0.010488069216036955
|heading error|,rad,RUNNING_MPC,0.006490131641985641
|heading error|,rad,RUNNING_MPC,0.010392953905509872
|heading error|,rad,RUNNING_MPC,0.014900417468261205
|heading error|,rad,RUNNING_MPC,0.019320882507665393
|heading error|,rad,RUNNING_MPC,0.005398260188701487
|heading error|,rad,RUNNING_MPC,0.018058707356593207
|heading error|,rad,RUNNING_MPC,0.02419297551285138
|heading error|,rad,RUNNING_MPC,0.02374482618034524
|heading error|,rad,RUNNING_MPC,0.015685951780141535
|heading error|,rad,RUNNING_MPC,0.028553018668386
|heading error|,rad,RUNNING_MPC,0.011724518032120601
|heading error|,rad,RUNNING_MPC,0.024387569247116048
|heading error|,rad,RUNNING_MPC,0.021923684873725202
|heading error|,rad,RUNNING_MPC,0.034582483111436746
|heading error|,rad,RUNNING_MPC,0.02286475187194914
|heading error|,rad,RUNNING_MPC,0.038149837379929614
|heading error|,rad,RUNNING_MPC,0.018457420262578014
|heading error|,rad,RUNNING_MPC,0.021417491658102694
|heading error|,rad,RUNNING_MPC,0.03559326921980421
|heading error|,rad,RUNNING_MPC,0.029562998715914727
|heading error|,rad,RUNNING_MPC,0.04679189392003047
|heading error|,rad,RUNNING_MPC,0.04892782235319504
|heading error|,rad,RUNNING_MPC,0.04398037035383662
|heading error|,rad,RUNNING_MPC,0.04636233709602355
|heading error|,rad,RUNNING_MPC,0.03661756401613325
|heading error|,rad,RUNNING_MPC,0.03716352649922139
|heading error|,rad,RUNNING_MPC,0.032390907170137595
|heading error|,rad,RUNNING_MPC,0.02382912814398308
|heading error|,rad,RUNNING_MPC,0.020583089045603468
|heading error|,rad,RUNNING_MPC,0.013809348758013873
|heading error|,rad,RUNNING_MPC,0.0099868542994771
|heading error|,rad,RUNNING_MPC,0.008139146907023888
|heading error|,rad,RUNNING_MPC,0.007719181449288071
|heading error|,rad,RUNNING_MPC,0.01066785426350769
|heading error|,rad,RUNNING_MPC,0.012360139637585976
|heading error|,rad,RUNNING_MPC,0.013021786711719606
|heading error|,rad,RUNNING_MPC,0.013345880532893761
|heading error|,rad,RUNNING_MPC,0.01075030471889793
|heading error|,rad,RUNNING_MPC,0.007345621552979908
|heading error|,rad,RUNNING_MPC,0.0028895536353307216
|heading error|,rad,RUNNING_MPC,0.001253402794699876
|heading error|,rad,RUNNING_MPC,0.004345005719630368
|heading error|,rad,RUNNING_MPC,0.0063067053876963985
|heading error|,rad,RUNNING_MPC,0.007785500969998749
|heading error|,rad,RUNNING_MPC,0.007705541965172813
|heading error|,rad,RUNNING_MPC,0.006811282160813281
|heading error|,rad,RUNNING_MPC,0.0054980365334723605
|heading error|,rad,RUNNING_MPC,0.003114423021806423
|heading error|,rad,RUNNING_MPC,0.0010500782938647202
|heading error|,rad,RUNNING_MPC,0.00010680352512670854
|heading error|,rad,RUNNING_MPC,0.001636474493970308
|heading error|,rad,RUNNING_MPC,0.0021906990266453708
|heading error|,rad,RUNNING_MPC,0.0027133384340261024
|heading error|,rad,RUNNING_MPC,0.0035946400002625505
|heading error|,rad,RUNNING_MPC,0.0027295363374998383
|heading error|,rad,RUNNING_MPC,0.0013467759152472336
|heading error|,rad,RUNNING_MPC,0.0012176337951298466
|heading error|,rad,RUNNING_MPC,0.0038098091337170903
|heading error|,rad,RUNNING_MPC,0.004767331219839077
|heading error|,rad,RUNNING_MPC,0.005159690528717676
|heading error|,rad,RUNNING_MPC,0.004748266775008392
|heading error|,rad,RUNNING_MPC,0.0032923040986206913
|heading error|,rad,RUNNING_MPC,0.002203928802157362
|heading error|,rad,RUNNING_MPC,0.0008850431911708867
|heading error|,rad,RUNNING_MPC,0.0007092383041908955
|heading error|,rad,RUNNING_MPC,0.0011608633524190501
|heading error|,rad,RUNNING_MPC,0.0017092446245121629
|heading error|,rad,RUNNING_MPC,0.0016024455748345767
|heading error|,rad,RUNNING_MPC,0.0013326600549153909
|heading error|,rad,RUNNING_MPC,0.0005847160354395253
|heading error|,rad,RUNNING_MPC,5.92753898365217e-06
|heading error|,rad,RUNNING_MPC,0.0008496840473237731
|heading error|,rad,RUNNING_MPC,0.0014330847357173493
|heading error|,rad,RUNNING_MPC,0.001694688467495431
|heading error|,rad,RUNNING_MPC,0.0016895947780281029
|heading error|,rad,RUNNING_MPC,0.0015568151544395061
|heading error|,rad,RUNNING_MPC,0.0013049514474408053
|heading error|,rad,RUNNING_MPC,0.0010160621766608369
|heading error|,rad,RUNNING_MPC,0.0005767885394802885
|heading error|,rad,RUNNING_MPC,0.00033788223972586184
|heading error|,rad,RUNNING_MPC,0.00030925777854040604
|heading error|,rad,RUNNING_MPC,0.00021597877185564052
|heading error|,rad,RUNNING_MPC,0.00027924914337273954
|heading error|,rad,RUNNING_MPC,0.00020608983548364712
|heading error|,rad,RUNNING_MPC,0.00043066663846180736
|heading error|,rad,RUNNING_MPC,0.0005740512075638193
|heading error|,rad,RUNNING_MPC,0.0006764238542777967
|heading error|,rad,RUNNING_MPC,0.0009381548184137499
|heading error|,rad,RUNNING_MPC,0.000912131459329335
|heading error|,rad,RUNNING_MPC,0.0010415778142189858
|heading error|,rad,RUNNING_MPC,0.0004758775718677333
|heading error|,rad,RUNNING_MPC,0.00024862090344490717
|heading error|,rad,RUNNING_MPC,0.0004899819616837054
|heading error|,rad,RUNNING_MPC,0.0011761044115802255
|heading error|,rad,RUNNING_MPC,0.0016969660661558805
|heading error|,rad,RUNNING_MPC,0.0014049328674620165
|heading error|,rad,RUNNING_MPC,0.0002688578192600044
|heading error|,rad,RUNNING_MPC,7.784709982872062e-05
|heading error|,rad,RUNNING_MPC,0.0058374526969752205
|heading error|,rad,RUNNING_MPC,0.0051403918071232235
|heading error|,rad,RUNNING_MPC,0.006739573953783217
|heading error|,rad,RUNNING_MPC,0.006329551190045746
|heading error|,rad,RUNNING_MPC,0.0027767897557695598
|heading error|,rad,RUNNING_MPC,0.00011213155828615484
|heading error|,rad,RUNNING_MPC,0.0010450275890250271
|heading error|,rad,RUNNING_MPC,0.0027353603642228386
|heading error|,rad,RUNNING_MPC,0.0037975225147740543
|heading error|,rad,RUNNING_MPC,0.004138803240958499
|heading error|,rad,RUNNING_MPC,0.004176126246057232
|heading error|,rad,RUNNING_MPC,0.003611524314067527
|heading error|,rad,RUNNING_MPC,0.002490724181866244
|heading error|,rad,RUNNING_MPC,0.0017594739336310725
|heading error|,rad,RUNNING_MPC,0.0008939894653846592
|heading error|,rad,RUNNING_MPC,4.9829124905476085e-05
|heading error|,rad,RUNNING_MPC,0.00042340601556678514
|heading error|,rad,RUNNING_MPC,0.001107800980470586
|heading error|,rad,RUNNING_MPC,0.0015013318941788922
|heading error|,rad,RUNNING_MPC,0.0015298911624179734
|heading error|,rad,RUNNING_MPC,0.0014690162209296531
|heading error|,rad,RUNNING_MPC,0.0014763013359406774
|heading error|,rad,RUNNING_MPC,0.0008376826286008443
|heading error|,rad,RUNNING_MPC,0.0007903825277448817
|heading error|,rad,RUNNING_MPC,0.0005345732448225338
|heading error|,rad,RUNNING_MPC,0.00012454557819008286
|heading error|,rad,RUNNING_MPC,0.0003737116823040454
|heading error|,rad,RUNNING_MPC,0.0003610422821709313
|heading error|,rad,RUNNING_MPC,0.00047650512991503913
|heading error|,rad,RUNNING_MPC,0.0005930308655469618
|heading error|,rad,RUNNING_MPC,0.0005853740649226502
|heading error|,rad,RUNNING_MPC,0.00038105398178567285
|heading error|,rad,RUNNING_MPC,0.0013172272393848772
|heading error|,rad,RUNNING_MPC,0.0036007642780272464
|heading error|,rad,RUNNING_MPC,0.001883161927876853
|heading error|,rad,RUNNING_MPC,0.0017735652312105277
|heading error|,rad,RUNNING_MPC,0.0031459381941315585
|heading error|,rad,RUNNING_MPC,0.002107906339781862
|heading error|,rad,RUNNING_MPC,0.000969841988879394
|heading error|,rad,RUNNING_MPC,0.0002748943820447547
|heading error|,rad,RUNNING_MPC,0.00225340193144119
|heading error|,rad,RUNNING_MPC,0.0030673966310608147
|heading error|,rad,RUNNING_MPC,0.007821677166914509
|heading error|,rad,RUNNING_MPC,0.004647838989104147
|heading error|,rad,RUNNING_MPC,0.004902445097043185
|heading error|,rad,RUNNING_MPC,0.0033764318705634677
|heading error|,rad,RUNNING_MPC,0.0035614628764366607
|heading error|,rad,RUNNING_MPC,0.00838635422625289
|heading error|,rad,RUNNING_MPC,0.014058050451577373
|heading error|,rad,RUNNING_MPC,0.014494326064959153
|heading error|,rad,RUNNING_MPC,0.015556780651422186
|heading error|,rad,RUNNING_MPC,0.008845864803182724
|heading error|,rad,RUNNING_MPC,0.02494001656705569
|heading error|,rad,RUNNING_MPC,0.008913245867037345
|heading error|,rad,RUNNING_MPC,0.009454567374358347
|heading error|,rad,RUNNING_MPC,0.010385148372723751
|heading error|,rad,RUNNING_MPC,0.03954890827738167
|heading error|,rad,RUNNING_MPC,0.04197627566470985
|heading error|,rad,RUNNING_MPC,0.030409269845033726
|heading error|,rad,RUNNING_MPC,0.04923715342275664
|heading error|,rad,RUNNING_MPC,0.037765252352959466
|heading error|,rad,RUNNING_MPC,0.037319618754290185
|heading error|,rad,RUNNING_MPC,0.050840196137460075
|heading error|,rad,RUNNING_MPC,0.038042912891098235
|heading error|,rad,RUNNING_MPC,0.037115346385277276
|heading error|,rad,RUNNING_MPC,0.04536024493808219
|heading error|,rad,RUNNING_MPC,0.04222883133718941
|heading error|,rad,RUNNING_MPC,0.03243515846482509
|heading error|,rad,RUNNING_MPC,0.03044777734430941
|heading error|,rad,RUNNING_MPC,0.023408487614883636
|heading error|,rad,RUNNING_MPC,0.013646431849123009
|heading error|,rad,RUNNING_MPC,0.018318962760488097
|heading error|,rad,RUNNING_MPC,0.023294871252931233
|heading error|,rad,RUNNING_MPC,0.016931063297960798
|heading error|,rad,RUNNING_MPC,0.012021473069652233
|heading error|,rad,RUNNING_MPC,0.018533680129604928
|heading error|,rad,RUNNING_MPC,0.014812415594393086
|heading error|,rad,RUNNING_MPC,0.021145056229817057
|heading error|,rad,RUNNING_MPC,0.023280259711952724
|heading error|,rad,RUNNING_MPC,0.02339120167585837
|heading error|,rad,RUNNING_MPC,0.022947407502229816
|heading error|,rad,RUNNING_MPC,0.019130943783138177
|heading error|,rad,RUNNING_MPC,0.0156843190255085
|heading error|,rad,RUNNING_MPC,0.018062028557400564
|heading error|,rad,RUNNING_MPC,0.014425305263852259
|heading error|,rad,RUNNING_MPC,0.01417753815216885
|heading error|,rad,RUNNING_MPC,0.010953099496800248
|heading error|,rad,RUNNING_MPC,0.00986987563621941
|heading error|,rad,RUNNING_MPC,0.007254508776181306
|heading error|,rad,RUNNING_MPC,0.005213833057211542
|heading error|,rad,RUNNING_MPC,0.004672528507436158
|heading error|,rad,RUNNING_MPC,0.0031521725769689257
|heading error|,rad,RUNNING_MPC,0.0020758801304791574
|heading error|,rad,RUNNING_MPC,0.00036788441622287454
|heading error|,rad,RUNNING_MPC,0.0004697885607188035
|heading error|,rad,RUNNING_MPC,0.0008993133137140674
|heading error|,rad,RUNNING_MPC,0.003784432035358054
|heading error|,rad,RUNNING_MPC,0.004370976240617802
|heading error|,rad,RUNNING_MPC,0.004399431549835964
|heading error|,rad,RUNNING_MPC,0.006174898173832307
|heading error|,rad,RUNNING_MPC,0.0030223873891583736
|heading error|,rad,RUNNING_MPC,0.003005525131905565
|heading error|,rad,RUNNING_MPC,0.008504159058008583
|heading error|,rad,RUNNING_MPC,0.00698529831477028
|heading error|,rad,RUNNING_MPC,0.005738311367148592
|heading error|,rad,RUNNING_MPC,0.006732910792024347
|heading error|,rad,RUNNING_MPC,0.01281496177747852
|heading error|,rad,RUNNING_MPC,0.020133650235648427
|heading error|,rad,RUNNING_MPC,0.020903870094658748
|heading error|,rad,RUNNING_MPC,0.024019157512098384
|heading error|,rad,RUNNING_MPC,0.021161746822720956
|heading error|,rad,RUNNING_MPC,0.017848976567771003
|heading error|,rad,RUNNING_MPC,0.026533183277675662
|heading error|,rad,RUNNING_MPC,0.028675478282383343
|heading error|,rad,RUNNING_MPC,0.017973515183473843
|heading error|,rad,RUNNING_MPC,0.019005634094597268
|heading error|,rad,RUNNING_MPC,0.016574806092907124
|heading error|,rad,RUNNING_MPC,0.023117611386807874
|heading error|,rad,RUNNING_MPC,0.024721959066896698
|heading error|,rad,RUNNING_MPC,0.03936687480193912
|heading error|,rad,RUNNING_MPC,0.04114458787682501
|heading error|,rad,RUNNING_MPC,0.04810166696885543
|heading error|,rad,RUNNING_MPC,0.0416460610237977
|heading error|,rad,RUNNING_MPC,0.04310655110139422
|heading error|,rad,RUNNING_MPC,0.04595062532572558
|heading error|,rad,RUNNING_MPC,0.04431080376194463
|heading error|,rad,RUNNING_MPC,0.029664244012822586
|heading error|,rad,RUNNING_MPC,0.029906071971352532
|heading error|,rad,RUNNING_MPC,0.027204367434566553
|heading error|,rad,RUNNING_MPC,0.021976984120936963
|heading error|,rad,RUNNING_MPC,0.021753876713111908
|heading error|,rad,RUNNING_MPC,0.014822564840270449
|heading error|,rad,RUNNING_MPC,0.021882031906829694
|heading error|,rad,RUNNING_MPC,0.019937772394723607
|heading error|,rad,RUNNING_MPC,0.019261226800815545
|heading error|,rad,RUNNING_MPC,0.022741674899343423
|heading error|,rad,RUNNING_MPC,0.018666274088645074
|heading error|,rad,RUNNING_MPC,0.024486936900806385
|heading error|,rad,RUNNING_MPC,0.020074787873234138
|heading error|,rad,RUNNING_MPC,0.02075919459758224
|heading error|,rad,RUNNING_MPC,0.0169820910480466
|heading error|,rad,RUNNING_MPC,0.014230796231565757
|heading error|,rad,RUNNING_MPC,0.013836662413602263
|heading error|,rad,RUNNING_MPC,0.014617845702427633
|heading error|,rad,RUNNING_MPC,0.011456807709117611
|heading error|,rad,RUNNING_MPC,0.012381048334192402
|heading error|,rad,RUNNING_MPC,0.009672476818063824
|heading error|,rad,RUNNING_MPC,0.01034194664664112
|heading error|,rad,RUNNING_MPC,0.00802632840057571
|heading error|,rad,RUNNING_MPC,0.009564652926431383
|heading error|,rad,RUNNING_MPC,0.007470049369968201
|heading error|,rad,RUNNING_MPC,0.005358366553195547
|heading error|,rad,RUNNING_MPC,0.0057022194120252
|heading error|,rad,RUNNING_MPC,0.0036049977533579858
|heading error|,rad,RUNNING_MPC,0.003154969045831013
|heading error|,rad,RUNNING_MPC,0.0019495538083410537
|heading error|,rad,RUNNING_MPC,0.000854923675083219
|heading error|,rad,RUNNING_MPC,0.0012315291469283673
|heading error|,rad,RUNNING_MPC,0.0012839905997918954
|heading error|,rad,RUNNING_MPC,0.0010424217362737795
|heading error|,rad,RUNNING_MPC,0.0014623154977257968
|heading error|,rad,RUNNING_MPC,0.0016009198464079777
|heading error|,rad,RUNNING_MPC,0.001570839737621954
|heading error|,rad,RUNNING_MPC,0.001605050810543851
|heading error|,rad,RUNNING_MPC,0.0014896760301285061
|heading error|,rad,RUNNING_MPC,0.0010795646027260688
|heading error|,rad,RUNNING_MPC,0.0008835999845597797
|heading error|,rad,RUNNING_MPC,0.0010567687878610952
|heading error|,rad,RUNNING_MPC,0.0005172322706017418
|heading error|,rad,RUNNING_MPC,0.0004104808487754852
|heading error|,rad,RUNNING_MPC,0.0009130739805660593
|heading error|,rad,RUNNING_MPC,0.0002144051243625489
|heading error|,rad,RUNNING_MPC,0.0009381113912868555
|heading error|,rad,RUNNING_MPC,0.0003336532941641268
|heading error|,rad,RUNNING_MPC,0.0014962708357225685
|heading error|,rad,RUNNING_MPC,0.0002899836021013069
|heading error|,rad,RUNNING_MPC,0.00015022467024949912
|heading error|,rad,RUNNING_MPC,0.001519258842726079
|heading error|,rad,RUNNING_MPC,0.0020228703479433507
|heading error|,rad,RUNNING_MPC,0.0003181828524256858
|heading error|,rad,RUNNING_MPC,0.0011576442915423035
|heading error|,rad,RUNNING_MPC,0.0007389758783169498
|heading error|,rad,RUNNING_MPC,0.008529598662608495
|heading error|,rad,RUNNING_MPC,0.00931714248075921
|heading error|,rad,RUNNING_MPC,0.009353147921150606
|heading error|,rad,RUNNING_MPC,0.008527040517207762
|heading error|,rad,RUNNING_MPC,0.011868990522488574
|heading error|,rad,RUNNING_MPC,0.010798376371264573
|heading error|,rad,RUNNING_MPC,0.0018839795635010592
|heading error|,rad,RUNNING_MPC,0.00953941328923713
|heading error|,rad,RUNNING_MPC,0.004691126590500083
|heading error|,rad,RUNNING_MPC,0.011757882191847589
|heading error|,rad,RUNNING_MPC,0.011759453544506138
|heading error|,rad,RUNNING_MPC,0.010817141189049362
|heading error|,rad,RUNNING_MPC,0.009118065267741782
|heading error|,rad,RUNNING_MPC,0.023588116210980448
|heading error|,rad,RUNNING_MPC,0.012645272190978274
|heading error|,rad,RUNNING_MPC,0.017613284691192443
|heading error|,rad,RUNNING_MPC,0.021388075369439596
|heading error|,rad,RUNNING_MPC,0.015285634865369824
|heading error|,rad,RUNNING_MPC,0.007655665693175495
|heading error|,rad,RUNNING_MPC,0.0019275270505936801
|heading error|,rad,RUNNING_MPC,0.024124638253646302
|heading error|,rad,RUNNING_MPC,0.012970225579508027
|heading error|,rad,RUNNING_MPC,0.009606945306974424
|heading error|,rad,RUNNING_MPC,0.015397581460626555
|heading error|,rad,RUNNING_MPC,0.01437779104340774
|heading error|,rad,RUNNING_MPC,0.010619567421907297
|heading error|,rad,RUNNING_MPC,0.015505511682745277
|heading error|,rad,RUNNING_MPC,0.03018069224480624
|heading error|,rad,RUNNING_MPC,0.004071454664058977
|heading error|,rad,RUNNING_MPC,0.010760593433433802
|heading error|,rad,RUNNING_MPC,0.013279854615277087
|heading error|,rad,RUNNING_MPC,0.02606668601496237
|heading error|,rad,RUNNING_MPC,0.02462339489351695
|heading error|,rad,RUNNING_MPC,0.023126627325305793
|heading error|,rad,RUNNING_MPC,0.022478478496027465
|heading error|,rad,RUNNING_MPC,0.003677924930631793
|heading error|,rad,RUNNING_MPC,0.013183056434166507
|heading error|,rad,RUNNING_MPC,0.0028505664352812543
|heading error|,rad,RUNNING_MPC,0.006421733063792345
|heading error|,rad,RUNNING_MPC,0.011265992217473597
|heading error|,rad,RUNNING_MPC,0.05940569155590947
|heading error|,rad,RUNNING_MPC,0.022894707280127324
|heading error|,rad,RUNNING_MPC,0.02779004511725081
|heading error|,rad,RUNNING_MPC,0.022787635345496993
|heading error|,rad,RUNNING_MPC,0.025645665651424343
|heading error|,rad,RUNNING_MPC,0.05366425084793036
|heading error|,rad,RUNNING_MPC,0.01996518360426203
|heading error|,rad,RUNNING_MPC,0.03734430708784631
|heading error|,rad,RUNNING_MPC,0.015004709630136226
|heading error|,rad,RUNNING_MPC,0.011718919707365048
|heading error|,rad,RUNNING_MPC,0.014527839717743964
|heading error|,rad,RUNNING_MPC,0.028169482927511202
|heading error|,rad,RUNNING_MPC,0.015929739350829974
|heading error|,rad,RUNNING_MPC,0.02518488992912804
|heading error|,rad,RUNNING_MPC,0.012510580434813345
|heading error|,rad,RUNNING_MPC,0.016633286960310523
|heading error|,rad,RUNNING_MPC,0.006444948502865255
|heading error|,rad,RUNNING_MPC,0.004621691688106333
|heading error|,rad,RUNNING_MPC,0.0032623482816833693
|heading error|,rad,RUNNING_MPC,0.0024415541619005054
|heading error|,rad,RUNNING_MPC,0.00210801242306502
|heading error|,rad,RUNNING_MPC,0.002255209363071886
|heading error|,rad,RUNNING_MPC,0.001834081597563042
|heading error|,rad,RUNNING_MPC,0.002602728591903025
|heading error|,rad,RUNNING_MPC,0.004100661368090508
|heading error|,rad,RUNNING_MPC,0.004518245027014922
|heading error|,rad,RUNNING_MPC,0.005448302556671614
|heading error|,rad,RUNNING_MPC,0.006071707784681246
|heading error|,rad,RUNNING_MPC,0.006161026228112654
|heading error|,rad,RUNNING_MPC,0.0063622076093659
|heading error|,rad,RUNNING_MPC,0.007429657571641712
|heading error|,rad,RUNNING_MPC,0.008877680796545606
|heading error|,rad,RUNNING_MPC,0.008175441090447766
|heading error|,rad,RUNNING_MPC,0.004050470878023793
|heading error|,rad,RUNNING_MPC,0.0022440894976520913
|heading error|,rad,RUNNING_MPC,0.005838069511906686
|heading error|,rad,RUNNING_MPC,0.004283696684929117
|heading error|,rad,RUNNING_MPC,0.009215554451494912
|heading error|,rad,RUNNING_MPC,0.007835755351280449
|heading error|,rad,RUNNING_MPC,0.0020644128430342694
|heading error|,rad,RUNNING_MPC,0.0063478431345205255
|heading error|,rad,RUNNING_MPC,0.0008163447978528637
|heading error|,rad,RUNNING_MPC,0.003491076974814211
|heading error|,rad,RUNNING_MPC,0.005685680228602052
|heading error|,rad,RUNNING_MPC,0.012347065099669319
|heading error|,rad,RUNNING_MPC,0.011489825269070941
|heading error|,rad,RUNNING_MPC,0.009297441467939871
|heading error|,rad,RUNNING_MPC,0.017236532837009433
|heading error|,rad,RUNNING_MPC,0.015868998865953055
|heading error|,rad,RUNNING_MPC,0.004361013742530284
|heading error|,rad,RUNNING_MPC,0.0020399988503967403
|heading error|,rad,RUNNING_MPC,0.012490969677034114
|heading error|,rad,RUNNING_MPC,0.009267942321444234
|heading error|,rad,RUNNING_MPC,0.005224996184550745
|heading error|,rad,RUNNING_MPC,0.011326350253210049
|heading error|,rad,RUNNING_MPC,0.0312713818444349
|heading error|,rad,RUNNING_MPC,0.027071117832456748
|heading error|,rad,RUNNING_MPC,0.012001916153831728
|heading error|,rad,RUNNING_MPC,0.0015003642283264451
|heading error|,rad,RUNNING_MPC,0.020249941919105896
|heading error|,rad,RUNNING_MPC,0.024139524552708846
|heading error|,rad,RUNNING_MPC,0.019582046139732582
|heading error|,rad,RUNNING_MPC,0.03359183596256149
|heading error|,rad,RUNNING_MPC,0.024686251329697095
|heading error|,rad,RUNNING_MPC,0.015132626869686416
|heading error|,rad,RUNNING_MPC,0.016383747205009458
|heading error|,rad,RUNNING_MPC,0.013084844887858075
|heading error|,rad,RUNNING_MPC,0.00767624661902655
|heading error|,rad,RUNNING_MPC,0.03224266558611977
|heading error|,rad,RUNNING_MPC,0.02484282321082539
|heading error|,rad,RUNNING_MPC,0.016971130176803614
|heading error|,rad,RUNNING_MPC,0.05818035667373526
|heading error|,rad,RUNNING_MPC,0.04951458810908079
|heading error|,rad,RUNNING_MPC,0.011739769827355057
|heading error|,rad,RUNNING_MPC,0.0015904691121152448
|heading error|,rad,RUNNING_MPC,0.022106658127619694
|heading error|,rad,RUNNING_MPC,0.03519897589259641
|heading error|,rad,RUNNING_MPC,0.028206853415359
|heading error|,rad,RUNNING_MPC,0.022728403562783887
|heading error|,rad,RUNNING_MPC,0.005354925091661689
|heading error|,rad,RUNNING_MPC,0.057990373245287885
|heading error|,rad,RUNNING_MPC,0.04006409518737786
|heading error|,rad,RUNNING_MPC,0.02480606928764162
|heading error|,rad,RUNNING_MPC,0.03639905890662287
|heading error|,rad,RUNNING_MPC,0.025685336602999653
|heading error|,rad,RUNNING_MPC,0.017211684335000643
|heading error|,rad,RUNNING_MPC,0.028772768594158005
|heading error|,rad,RUNNING_MPC,0.029432856745563285
|heading error|,rad,RUNNING_MPC,0.014288803988795284
|heading error|,rad,RUNNING_MPC,0.01618143825856877
|heading error|,rad,RUNNING_MPC,0.017965644525322677
|heading error|,rad,RUNNING_MPC,0.019818763258394156
|heading error|,rad,RUNNING_MPC,0.015662584836494183
|heading error|,rad,RUNNING_MPC,0.0237915865107301
|heading error|,rad,RUNNING_MPC,0.015909459088041755
|heading error|,rad,RUNNING_MPC,0.022492577330967878
|heading error|,rad,RUNNING_MPC,0.020342829764925074
|heading error|,rad,RUNNING_MPC,0.021736271136738816
|heading error|,rad,RUNNING_MPC,0.013871857790212605
|heading error|,rad,RUNNING_MPC,0.012257829166933075
|heading error|,rad,RUNNING_MPC,0.013879593415000446
|heading error|,rad,RUNNING_MPC,0.012702867580491661
|heading error|,rad,RUNNING_MPC,0.006282770817778838
|heading error|,rad,RUNNING_MPC,0.0032569144328411515
|heading error|,rad,RUNNING_MPC,0.00011606488377813305
|heading error|,rad,RUNNING_MPC,0.0007559812860078452
|heading error|,rad,RUNNING_MPC,0.005614841703312168
|heading error|,rad,RUNNING_MPC,0.005651471753311821
|heading error|,rad,RUNNING_MPC,0.006225173489419866
|heading error|,rad,RUNNING_MPC,0.006617748768177112
|heading error|,rad,RUNNING_MPC,0.0014740163610986734
|heading error|,rad,RUNNING_MPC,0.0009904532567617252
|heading error|,rad,RUNNING_MPC,0.0012135280400382695
|heading error|,rad,RUNNING_MPC,0.0017779574647571739
|heading error|,rad,RUNNING_MPC,0.0020906881357276585
|heading error|,rad,RUNNING_MPC,0.003487313855740748
|heading error|,rad,RUNNING_MPC,0.010463031369030817
|heading error|,rad,RUNNING_MPC,0.007606192645203569
|heading error|,rad,RUNNING_MPC,0.009698642878809505
|heading error|,rad,RUNNING_MPC,0.009556293404205496
|heading error|,rad,RUNNING_MPC,0.007107037035984477
|heading error|,rad,RUNNING_MPC,0.011879813876740641
|heading error|,rad,RUNNING_MPC,0.008706358780492085
|heading error|,rad,RUNNING_MPC,0.00461147309367016
|heading error|,rad,RUNNING_MPC,0.003162596405790641
|heading error|,rad,RUNNING_MPC,0.0025709212943660904
|heading error|,rad,RUNNING_MPC,0.0029407441725985972
|heading error|,rad,RUNNING_MPC,0.00618904973342338
|heading error|,rad,RUNNING_MPC,0.0007823129942716722
|heading error|,rad,RUNNING_MPC,0.004369222646303239
|heading error|,rad,RUNNING_MPC,0.004317107390009457
|heading error|,rad,RUNNING_MPC,0.00288620708722509
|heading error|,rad,RUNNING_MPC,0.007726262067803802
|heading error|,rad,RUNNING_MPC,0.009095492051369725
|heading error|,rad,RUNNING_MPC,0.011242643231061278
|heading error|,rad,RUNNING_MPC,0.0072739476377017285
|heading error|,rad,RUNNING_MPC,0.016440661670966694
|heading error|,rad,RUNNING_MPC,0.014825519058849766
|heading error|,rad,RUNNING_MPC,0.006943119238231654
|heading error|,rad,RUNNING_MPC,0.009540881159792347
|heading error|,rad,RUNNING_MPC,0.004456333553712888
|heading error|,rad,RUNNING_MPC,0.007426949951758077
|heading error|,rad,RUNNING_MPC,0.017007499311093577
|heading error|,rad,RUNNING_MPC,0.007706242149880139
|heading error|,rad,RUNNING_MPC,0.014236668766045346
|heading error|,rad,RUNNING_MPC,0.02089467689764435
|heading error|,rad,RUNNING_MPC,0.02015711152585764
|heading error|,rad,RUNNING_MPC,0.01960592280774298
|heading error|,rad,RUNNING_MPC,0.028122019941869025
|heading error|,rad,RUNNING_MPC,0.018384160162359997
|heading error|,rad,RUNNING_MPC,0.01906799459557229
|heading error|,rad,RUNNING_MPC,0.02909536018049863
|heading error|,rad,RUNNING_MPC,0.03448871607038795
|heading error|,rad,RUNNING_MPC,0.03920912932242837
|heading error|,rad,RUNNING_MPC,0.04035847160117223
|heading error|,rad,RUNNING_MPC,0.04390991957976231
|heading error|,rad,RUNNING_MPC,0.045649200188590644
|heading error|,rad,RUNNING_MPC,0.03860393633833281
|heading error|,rad,RUNNING_MPC,0.024642486546532005
|heading error|,rad,RUNNING_MPC,0.01852381481455767
|heading error|,rad,RUNNING_MPC,0.01563941873440866
|heading error|,rad,RUNNING_MPC,0.01940565289431051
|heading error|,rad,RUNNING_MPC,0.007845141287851298
|heading error|,rad,RUNNING_MPC,0.010350341447547429
|heading error|,rad,RUNNING_MPC,0.013006783158114654
|heading error|,rad,RUNNING_MPC,0.007236862680955358
|heading error|,rad,RUNNING_MPC,0.008528618316896441
|heading error|,rad,RUNNING_MPC,0.010703730132103573
|heading error|,rad,RUNNING_MPC,0.01064426844964661
|heading error|,rad,RUNNING_MPC,0.009721360248753363
|heading error|,rad,RUNNING_MPC,0.0072647793090885315
|heading error|,rad,RUNNING_MPC,0.0031775277643544264
|heading error|,rad,RUNNING_MPC,0.00038815228476751784
|heading error|,rad,RUNNING_MPC,0.0027915165009360088
|heading error|,rad,RUNNING_MPC,0.004208662219344461
|heading error|,rad,RUNNING_MPC,0.004913772352228119
|heading error|,rad,RUNNING_MPC,0.004877531063779639
|heading error|,rad,RUNNING_MPC,0.003293377285478627
|heading error|,rad,RUNNING_MPC,0.0015520286744745702
|heading error|,rad,RUNNING_MPC,0.0001628225857257526
|heading error|,rad,RUNNING_MPC,0.0011049569379961712
|heading error|,rad,RUNNING_MPC,0.002077768851091122
|heading error|,rad,RUNNING_MPC,0.0022931051240200344
|heading error|,rad,RUNNING_MPC,0.0021235800052914477
|heading error|,rad,RUNNING_MPC,0.0015329216472301788
|heading error|,rad,RUNNING_MPC,0.0007506504566023864
|heading error|,rad,RUNNING_MPC,0.0005148305937066056
|heading error|,rad,RUNNING_MPC,0.00130114592424313
|heading error|,rad,RUNNING_MPC,0.0016175796081343563
|heading error|,rad,RUNNING_MPC,0.001590365481049627
|heading error|,rad,RUNNING_MPC,0.0014410656827608115
|heading error|,rad,RUNNING_MPC,0.001083136832254361
|heading error|,rad,RUNNING_MPC,0.0005346701714539215
|heading error|,rad,RUNNING_MPC,1.3123923911173563e-05
|heading error|,rad,RUNNING_MPC,0.00041675155138909403
|heading error|,rad,RUNNING_MPC,0.0007228142375650394
|heading error|,rad,RUNNING_MPC,0.0007408630698582108
|heading error|,rad,RUNNING_MPC,0.000770956790176136
|heading error|,rad,RUNNING_MPC,0.000562499635566649
|heading error|,rad,RUNNING_MPC,0.0002664967126153606
|heading error|,rad,RUNNING_MPC,0.0002096819307904063
|heading error|,rad,RUNNING_MPC,0.0005818332306986029
|heading error|,rad,RUNNING_MPC,0.0010744416245049848
|heading error|,rad,RUNNING_MPC,0.0013984738425207863
|heading error|,rad,RUNNING_MPC,0.001512145781263463
|heading error|,rad,RUNNING_MPC,0.0013968394712255972
|heading error|,rad,RUNNING_MPC,0.001176762213406679
|heading error|,rad,RUNNING_MPC,0.0010249629311660513
|heading error|,rad,RUNNING_MPC,0.0010038849448088527
|heading error|,rad,RUNNING_MPC,0.0007634884533183061
|heading error|,rad,RUNNING_MPC,0.00040893657665064254
|heading error|,rad,RUNNING_MPC,1.214823579198665e-05
|heading error|,rad,RUNNING_MPC,0.0002719785629525795
|heading error|,rad,RUNNING_MPC,0.0005005211459194747
|heading error|,rad,RUNNING_MPC,0.000734536506811434
|heading error|,rad,RUNNING_MPC,0.0006905343731102853
|heading error|,rad,RUNNING_MPC,0.00028406751059728563
|heading error|,rad,RUNNING_MPC,9.734565588193078e-05
|heading error|,rad,RUNNING_MPC,0.0007503960862513814
|heading error|,rad,RUNNING_MPC,0.001249026231277206
|heading error|,rad,RUNNING_MPC,0.0015960836590886984
|heading error|,rad,RUNNING_MPC,0.0018561663877627588
|heading error|,rad,RUNNING_MPC,0.001859858217225341
|heading error|,rad,RUNNING_MPC,0.0016309246851133885
|heading error|,rad,RUNNING_MPC,0.0015331141987386943
|heading error|,rad,RUNNING_MPC,0.0012575699981187682
|heading error|,rad,RUNNING_MPC,0.0009677268795265093
|heading error|,rad,RUNNING_MPC,0.000897587937271016
|heading error|,rad,RUNNING_MPC,0.0009015005269903399
|heading error|,rad,RUNNING_MPC,0.0009957655789363251
|heading error|,rad,RUNNING_MPC,0.0009695409654773002
|heading error|,rad,RUNNING_MPC,0.0009306407833431507
|heading error|,rad,RUNNING_MPC,0.000322508808172639
|heading error|,rad,RUNNING_MPC,0.00018036472897531294
|heading error|,rad,RUNNING_MPC,0.00023752096411300272
|heading error|,rad,RUNNING_MPC,8.579380924134128e-05
|heading error|,rad,RUNNING_MPC,0.0005302925102106394
|heading error|,rad,RUNNING_MPC,0.0014633359235616261
|heading error|,rad,RUNNING_MPC,0.002125953843136408
|heading error|,rad,RUNNING_MPC,0.002702629119032185
|heading error|,rad,RUNNING_MPC,0.0027586380680415523
|heading error|,rad,RUNNING_MPC,0.0025324474919639073
|heading error|,rad,RUNNING_MPC,0.0015286276403991825
|heading error|,rad,RUNNING_MPC,0.0006373790705298532
|heading error|,rad,RUNNING_MPC,0.0001443470802939828
|heading error|,rad,RUNNING_MPC,0.0009521727150705317
|heading error|,rad,RUNNING_MPC,0.0009959050437307047
|heading error|,rad,RUNNING_MPC,9.032313894907773e-05
|heading error|,rad,RUNNING_MPC,0.0018274294078528541
|heading error|,rad,RUNNING_MPC,0.0013487395886899733
|heading error|,rad,RUNNING_MPC,0.0005877035818149245
|heading error|,rad,RUNNING_MPC,0.002273209527583031
|heading error|,rad,RUNNING_MPC,0.0025868772987891475
|heading error|,rad,RUNNING_MPC,0.0008776768718292693
|heading error|,rad,RUNNING_MPC,0.0003229413620813304
|heading error|,rad,RUNNING_MPC,0.0016066949582485002
|heading error|,rad,RUNNING_MPC,0.0029240628225006837
|heading error|,rad,RUNNING_MPC,0.003948530109993964
|heading error|,rad,RUNNING_MPC,0.0036450001471028943
|heading error|,rad,RUNNING_MPC,0.0029763455707527697
|heading error|,rad,RUNNING_MPC,0.0015209374393694297
|heading error|,rad,RUNNING_MPC,0.0005391657326940802
|heading error|,rad,RUNNING_MPC,0.0005030649587349778
|heading error|,rad,RUNNING_MPC,0.0009238853958577488
|heading error|,rad,RUNNING_MPC,0.0013132857601267922
|heading error|,rad,RUNNING_MPC,0.0011584306177954142
|heading error|,rad,RUNNING_MPC,0.0007982742113012974
|heading error|,rad,RUNNING_MPC,0.00010017739216428012
|heading error|,rad,RUNNING_MPC,0.0006285652881365955
|heading error|,rad,RUNNING_MPC,0.0013675581692713656
|heading error|,rad,RUNNING_MPC,0.0015333864733748648
|heading error|,rad,RUNNING_MPC,0.001768521744564211
|heading error|,rad,RUNNING_MPC,0.0016374118437481044
|heading error|,rad,RUNNING_MPC,0.0004182583082927849
|heading error|,rad,RUNNING_MPC,0.0008766285771404371
|heading error|,rad,RUNNING_MPC,0.0016136016889793936
|heading error|,rad,RUNNING_MPC,0.002093859379214358
|heading error|,rad,RUNNING_MPC,0.0024237651428489215
|heading error|,rad,RUNNING_MPC,0.001641585619126307
|heading error|,rad,RUNNING_MPC,0.0010155802589157936
|heading error|,rad,RUNNING_MPC,3.4159443074166518e-06
|heading error|,rad,RUNNING_MPC,0.0011068182252755852
|heading error|,rad,RUNNING_MPC,0.0022610231800830327
|heading error|,rad,RUNNING_MPC,0.00275684194763981
|heading error|,rad,RUNNING_MPC,0.0022568001323657327
|heading error|,rad,RUNNING_MPC,0.0008336925669634176
|heading error|,rad,RUNNING_MPC,0.0004835743973945484
|heading error|,rad,RUNNING_MPC,0.0013069562565308779
|heading error|,rad,RUNNING_MPC,0.0016503659340774135
|heading error|,rad,RUNNING_MPC,0.001734171819134822
|heading error|,rad,RUNNING_MPC,0.001506178452308049
|heading error|,rad,RUNNING_MPC,0.0008261393778501436
|heading error|,rad,RUNNING_MPC,8.609707738305161e-06
|heading error|,rad,RUNNING_MPC,0.0008926692695800931
|heading error|,rad,RUNNING_MPC,0.0027197674394363602
|heading error|,rad,RUNNING_MPC,0.004073475000879512
|heading error|,rad,RUNNING_MPC,0.003681962246623094
|heading error|,rad,RUNNING_MPC,0.005946363988560854
|heading error|,rad,RUNNING_MPC,0.0024035327555687047
|heading error|,rad,RUNNING_MPC,0.004093021205645364
|heading error|,rad,RUNNING_MPC,0.0006914200966576801
|heading error|,rad,RUNNING_MPC,0.0033187040259234912
|heading error|,rad,RUNNING_MPC,0.008958278489250127
|heading error|,rad,RUNNING_MPC,0.01034718516861366
|heading error|,rad,RUNNING_MPC,0.017324670175067336
|heading error|,rad,RUNNING_MPC,0.013427809131178137
|heading error|,rad,RUNNING_MPC,0.01839290236799984
|heading error|,rad,RUNNING_MPC,0.022596438350345416
|heading error|,rad,RUNNING_MPC,0.018770445477127584
|heading error|,rad,RUNNING_MPC,0.026703218323898433
|heading error|,rad,RUNNING_MPC,0.016302245883845323
|heading error|,rad,RUNNING_MPC,0.016874396055965853
|heading error|,rad,RUNNING_MPC,0.02682952233150626
|heading error|,rad,RUNNING_MPC,0.01235179256856389
|heading error|,rad,RUNNING_MPC,0.008118315095609674
|heading error|,rad,RUNNING_MPC,0.020673255422570147
|heading error|,rad,RUNNING_MPC,0.017144070945354084
|heading error|,rad,RUNNING_MPC,0.015284413776440076
|heading error|,rad,RUNNING_MPC,0.02338123873876574
|heading error|,rad,RUNNING_MPC,0.008319581711733193
|heading error|,rad,RUNNING_MPC,0.026372525579754225
|heading error|,rad,RUNNING_MPC,0.03300955256821414
|heading error|,rad,RUNNING_MPC,0.049654535356935335
|heading error|,rad,RUNNING_MPC,0.03024310674267161
|heading error|,rad,RUNNING_MPC,0.051550770709062554
|heading error|,rad,RUNNING_MPC,0.02610015997521842
|heading error|,rad,RUNNING_MPC,0.04500270321170641
|heading error|,rad,RUNNING_MPC,0.03904419929603087
|heading error|,rad,RUNNING_MPC,0.02762608652944909
|heading error|,rad,RUNNING_MPC,0.03530635067885557
|heading error|,rad,RUNNING_MPC,0.034562118664747565
|heading error|,rad,RUNNING_MPC,0.01618313789973236
|heading error|,rad,RUNNING_MPC,0.030957822995274057
|heading error|,rad,RUNNING_MPC,0.010909515322520935
|heading error|,rad,RUNNING_MPC,0.02195701766122715
|heading error|,rad,RUNNING_MPC,0.025816955529588625
|heading error|,rad,RUNNING_MPC,0.0056915546950273566
|heading error|,rad,RUNNING_MPC,0.010074358958241712
|heading error|,rad,RUNNING_MPC,0.02200499293138547
|heading error|,rad,RUNNING_MPC,0.003073893853749343
|heading error|,rad,RUNNING_MPC,0.011299681604713285
|heading error|,rad,RUNNING_MPC,0.007705989531739731
|heading error|,rad,RUNNING_MPC,0.016676299673271888
|heading error|,rad,RUNNING_MPC,0.024080626512515746
|heading error|,rad,RUNNING_MPC,0.022012528731778946
|heading error|,rad,RUNNING_MPC,0.021154974556315764
|heading error|,rad,RUNNING_MPC,0.0005198347524624225
|heading error|,rad,RUNNING_MPC,0.03192898306096659
|heading error|,rad,RUNNING_MPC,0.016369827329334896
|heading error|,rad,RUNNING_MPC,0.04609798322813141
|heading error|,rad,RUNNING_MPC,0.06656276001047945
|heading error|,rad,RUNNING_MPC,0.05013209099578542
|heading error|,rad,RUNNING_MPC,0.05460173154128256
|heading error|,rad,RUNNING_MPC,0.03551119150258452
|heading error|,rad,RUNNING_MPC,0.03639445452091161
|heading error|,rad,RUNNING_MPC,0.04118782857399528
|heading error|,rad,RUNNING_MPC,0.014232690050007159
|heading error|,rad,RUNNING_MPC,0.02341806580774519
|heading error|,rad,RUNNING_MPC,0.008967279904691372
|heading error|,rad,RUNNING_MPC,0.018448361106995215
|heading error|,rad,RUNNING_MPC,0.008712667807914798
|heading error|,rad,RUNNING_MPC,0.015388634715629346
|heading error|,rad,RUNNING_MPC,0.013133865462047199
|heading error|,rad,RUNNING_MPC,0.018884429203855024
|heading error|,rad,RUNNING_MPC,0.01691005738763307
|heading error|,rad,RUNNING_MPC,0.015032373857059465
|heading error|,rad,RUNNING_MPC,0.015435669228356597
|heading error|,rad,RUNNING_MPC,0.013691055586964039
|heading error|,rad,RUNNING_MPC,0.010984068630039978
|heading error|,rad,RUNNING_MPC,0.008512342252979366
|heading error|,rad,RUNNING_MPC,0.006488360632730172
|heading error|,rad,RUNNING_MPC,0.0073275493090447785
|heading error|,rad,RUNNING_MPC,0.006625506881707156
|heading error|,rad,RUNNING_MPC,0.00047157069154657455
|heading error|,rad,RUNNING_MPC,0.002916522263773702
|heading error|,rad,RUNNING_MPC,0.004327708008395881
|heading error|,rad,RUNNING_MPC,0.007331666690473693
|heading error|,rad,RUNNING_MPC,0.003350487512033817
|heading error|,rad,RUNNING_MPC,0.004668357422738856
|heading error|,rad,RUNNING_MPC,0.0030586753332981775
|heading error|,rad,RUNNING_MPC,0.00019362789616383935
|heading error|,rad,RUNNING_MPC,0.009017644758792631
|heading error|,rad,RUNNING_MPC,0.0032609118918618396
|heading error|,rad,RUNNING_MPC,0.001586040762071583
|heading error|,rad,RUNNING_MPC,0.0232362843101257
|heading error|,rad,RUNNING_MPC,0.006929569354237941
|heading error|,rad,RUNNING_MPC,0.022256734932292854
|heading error|,rad,RUNNING_MPC,0.017611661376437215
|heading error|,rad,RUNNING_MPC,0.025283179368815745
|heading error|,rad,RUNNING_MPC,0.03165861294337624
|heading error|,rad,RUNNING_MPC,0.036803818081631696
|heading error|,rad,RUNNING_MPC,0.022619817287974353
|heading error|,rad,RUNNING_MPC,0.0467046875742998
|heading error|,rad,RUNNING_MPC,0.04930823013702357
|heading error|,rad,RUNNING_MPC,0.022871749518947215
|heading error|,rad,RUNNING_MPC,0.051648536677798784
|heading error|,rad,RUNNING_MPC,0.029533229073674505
|heading error|,rad,RUNNING_MPC,0.044127378006266316
|heading error|,rad,RUNNING_MPC,0.04072182567161775
|heading error|,rad,RUNNING_MPC,0.016001927825329165
|heading error|,rad,RUNNING_MPC,0.003635346573524156
|heading error|,rad,RUNNING_MPC,0.010197328325309396
|heading error|,rad,RUNNING_MPC,0.027406377160014816
|heading error|,rad,RUNNING_MPC,0.0261637931469334
|heading error|,rad,RUNNING_MPC,0.02530763799513869
|heading error|,rad,RUNNING_MPC,0.024869288749956642
|heading error|,rad,RUNNING_MPC,0.02387211176994697
|heading error|,rad,RUNNING_MPC,0.002874436561797644
|heading error|,rad,RUNNING_MPC,0.027959574280576296
|heading error|,rad,RUNNING_MPC,0.029676236402084832
|heading error|,rad,RUNNING_MPC,0.013482438047666356
|heading error|,rad,RUNNING_MPC,0.015932982754870206
|heading error|,rad,RUNNING_MPC,0.038909584500317784
|heading error|,rad,RUNNING_MPC,0.021898157384480314
|heading error|,rad,RUNNING_MPC,0.041754952788219946
|heading error|,rad,RUNNING_MPC,0.021853033810585565
|heading error|,rad,RUNNING_MPC,0.022929270386406575
|heading error|,rad,RUNNING_MPC,0.03349154698365098
|heading error|,rad,RUNNING_MPC,0.013129241658187407
|heading error|,rad,RUNNING_MPC,0.023210906413827725
|heading error|,rad,RUNNING_MPC,0.014295360597748719
|heading error|,rad,RUNNING_MPC,0.015487366280428905
|heading error|,rad,RUNNING_MPC,0.035972807289287534
|heading error|,rad,RUNNING_MPC,0.01781548472351968
|heading error|,rad,RUNNING_MPC,0.03965056985271031
|heading error|,rad,RUNNING_MPC,0.0416949585568438
|heading error|,rad,RUNNING_MPC,0.026335626809333768
|heading error|,rad,RUNNING_MPC,0.028368126455177833
|heading error|,rad,RUNNING_MPC,0.030680611155321284
|heading error|,rad,RUNNING_MPC,0.016959512566855125
|heading error|,rad,RUNNING_MPC,0.02113967791289406
|heading error|,rad,RUNNING_MPC,0.04553527336788088
|heading error|,rad,RUNNING_MPC,0.02201297933069024
|heading error|,rad,RUNNING_MPC,0.033836432729428934
|heading error|,rad,RUNNING_MPC,0.043638897260810834
|heading error|,rad,RUNNING_MPC,0.015196558526529014
|heading error|,rad,RUNNING_MPC,0.016567006882253432
|heading error|,rad,RUNNING_MPC,0.019491916012732036
|heading error|,rad,RUNNING_MPC,0.042072525753402035
|heading error|,rad,RUNNING_MPC,0.02127831074049502
|heading error|,rad,RUNNING_MPC,0.015548843392506173
|heading error|,rad,RUNNING_MPC,0.018644367171947174
|heading error|,rad,RUNNING_MPC,0.024559579820939703
|heading error|,rad,RUNNING_MPC,0.019411393247089404
|heading error|,rad,RUNNING_MPC,0.03662782966431255
|heading error|,rad,RUNNING_MPC,0.02031898627867257
|heading error|,rad,RUNNING_MPC,0.030221051457206105
|heading error|,rad,RUNNING_MPC,0.026878807624921116
|heading error|,rad,RUNNING_MPC,0.026303359561634876
|heading error|,rad,RUNNING_MPC,0.0333412052479245
|heading error|,rad,RUNNING_MPC,0.030007347173951038
|heading error|,rad,RUNNING_MPC,0.01963620228218388
|heading error|,rad,RUNNING_MPC,0.015089326620677967
|heading error|,rad,RUNNING_MPC,0.02093928121088351
|heading error|,rad,RUNNING_MPC,0.014356030824724808
|heading error|,rad,RUNNING_MPC,0.016143040309467116
|heading error|,rad,RUNNING_MPC,0.014750299776062903
|heading error|,rad,RUNNING_MPC,0.013955874700555926
|heading error|,rad,RUNNING_MPC,0.014880478549906819
|heading error|,rad,RUNNING_MPC,0.010783148382442542
|heading error|,rad,RUNNING_MPC,0.009480547075273904
|heading error|,rad,RUNNING_MPC,0.008736114194380029
|heading error|,rad,RUNNING_MPC,0.009545043400356557
|heading error|,rad,RUNNING_MPC,0.007781434067501092
|heading error|,rad,RUNNING_MPC,0.0055889900999377415
|heading error|,rad,RUNNING_MPC,0.0031736690566894765
|heading error|,rad,RUNNING_MPC,0.0020533384269614263
|heading error|,rad,RUNNING_MPC,0.00022170307548363685
|heading error|,rad,RUNNING_MPC,0.00021019767065255654
|heading error|,rad,RUNNING_MPC,0.0007237345287756103
|heading error|,rad,RUNNING_MPC,4.017592203786613e-05
|heading error|,rad,RUNNING_MPC,0.0021478567422583694
|heading error|,rad,RUNNING_MPC,0.0037761195033891855
|heading error|,rad,RUNNING_MPC,0.005193686855552437
|heading error|,rad,RUNNING_MPC,0.005162542151146532
|heading error|,rad,RUNNING_MPC,0.007235038212816125
|heading error|,rad,RUNNING_MPC,0.006091967897665418
|heading error|,rad,RUNNING_MPC,0.007420894781480891
|heading error|,rad,RUNNING_MPC,0.006187422381571883
|heading error|,rad,RUNNING_MPC,0.006589158366175241
|heading error|,rad,RUNNING_MPC,0.004056512550869362
|heading error|,rad,RUNNING_MPC,0.005910182696257094
|heading error|,rad,RUNNING_MPC,0.004320216246075148
|heading error|,rad,RUNNING_MPC,0.003531744565905104
|heading error|,rad,RUNNING_MPC,0.007192204021722048
|heading error|,rad,RUNNING_MPC,0.006905621198624479
|heading error|,rad,RUNNING_MPC,0.006985846893725611
|heading error|,rad,RUNNING_MPC,0.011485966339500274
|heading error|,rad,RUNNING_MPC,0.011302028708974343
|heading error|,rad,RUNNING_MPC,0.010293685719723
|heading error|,rad,RUNNING_MPC,0.008515132998150987
|heading error|,rad,RUNNING_MPC,0.015148650335244597
|heading error|,rad,RUNNING_MPC,0.012570851192133081
|heading error|,rad,RUNNING_MPC,0.019537173079125725
|heading error|,rad,RUNNING_MPC,0.016833675354925637
|heading error|,rad,RUNNING_MPC,0.021867926834107432
|heading error|,rad,RUNNING_MPC,0.01764376712042881
|heading error|,rad,RUNNING_MPC,0.019012171939184253
|heading error|,rad,RUNNING_MPC,0.018769415460813232
|heading error|,rad,RUNNING_MPC,0.01606835257985284
|heading error|,rad,RUNNING_MPC,0.013411434708834546
|heading error|,rad,RUNNING_MPC,0.014811233309114269
|heading error|,rad,RUNNING_MPC,0.008781168520689775
|heading error|,rad,RUNNING_MPC,0.01035394746924545
|heading error|,rad,RUNNING_MPC,0.012721315164229141
|heading error|,rad,RUNNING_MPC,0.007318528713178507
|heading error|,rad,RUNNING_MPC,0.014213416044266958
|heading error|,rad,RUNNING_MPC,0.010375787292853711
|heading error|,rad,RUNNING_MPC,0.02064091942386881
|heading error|,rad,RUNNING_MPC,0.018744759395467492
|heading error|,rad,RUNNING_MPC,0.026966899246138043
|heading error|,rad,RUNNING_MPC,0.03276115379768374
|heading error|,rad,RUNNING_MPC,0.03490317788788844
|heading error|,rad,RUNNING_MPC,0.03534946925381843
|heading error|,rad,RUNNING_MPC,0.03812674818813144
|heading error|,rad,RUNNING_MPC,0.028741332162984693
|heading error|,rad,RUNNING_MPC,0.029380540654786125
|heading error|,rad,RUNNING_MPC,0.019217835775782958
|heading error|,rad,RUNNING_MPC,0.012895627192140657
|heading error|,rad,RUNNING_MPC,0.013137789267706923
|heading error|,rad,RUNNING_MPC,0.011299313945944411
|heading error|,rad,RUNNING_MPC,0.016176671698235997
|heading error|,rad,RUNNING_MPC,0.017097779035142258
|heading error|,rad,RUNNING_MPC,0.02447043855549036
|heading error|,rad,RUNNING_MPC,0.0268193637505178
|heading error|,rad,RUNNING_MPC,0.030406450792291317
|heading error|,rad,RUNNING_MPC,0.034131585603659476
|heading error|,rad,RUNNING_MPC,0.04114583408850819
|heading error|,rad,RUNNING_MPC,0.04123008355862756
|heading error|,rad,RUNNING_MPC,0.042440016116247425
|heading error|,rad,RUNNING_MPC,0.037391021512751754
|heading error|,rad,RUNNING_MPC,0.03641550260741144
|heading error|,rad,RUNNING_MPC,0.02609101288500637
|heading error|,rad,RUNNING_MPC,0.01776176382683109
|heading error|,rad,RUNNING_MPC,0.015672976593597954
|heading error|,rad,RUNNING_MPC,0.005426599599052284
|heading error|,rad,RUNNING_MPC,0.007643967024066278
|heading error|,rad,RUNNING_MPC,0.010552707095546704
|heading error|,rad,RUNNING_MPC,0.008324324869528195
|heading error|,rad,RUNNING_MPC,0.009009277107851155
|heading error|,rad,RUNNING_MPC,0.015046882536443373
|heading error|,rad,RUNNING_MPC,0.015902683565925363
|heading error|,rad,RUNNING_MPC,0.014329226751166935
|heading error|,rad,RUNNING_MPC,0.017335704776168803
|heading error|,rad,RUNNING_MPC,0.017142142319075293
|heading error|,rad,RUNNING_MPC,0.016222299913650012
|heading error|,rad,RUNNING_MPC,0.0183316228223466
|heading error|,rad,RUNNING_MPC,0.01599851152057341
|heading error|,rad,RUNNING_MPC,0.01339828266337087
|heading error|,rad,RUNNING_MPC,0.011617056698516204
|heading error|,rad,RUNNING_MPC,0.008329987552873811
|heading error|,rad,RUNNING_MPC,0.0063439982946041085
|heading error|,rad,RUNNING_MPC,0.006283705801521544
|heading error|,rad,RUNNING_MPC,0.005007637060849168
|heading error|,rad,RUNNING_MPC,0.003380578340807266
|heading error|,rad,RUNNING_MPC,0.004635487787956694
|heading error|,rad,RUNNING_MPC,0.0035610805998287642
|heading error|,rad,RUNNING_MPC,0.0034304778109346956
|heading error|,rad,RUNNING_MPC,0.0046253035585820945
|heading error|,rad,RUNNING_MPC,0.0041023181821375765
|heading error|,rad,RUNNING_MPC,0.00428797084805467
|heading error|,rad,RUNNING_MPC,0.004824070171367239
|heading error|,rad,RUNNING_MPC,0.004589917921693609
|heading error|,rad,RUNNING_MPC,0.004238291569095901
|heading error|,rad,RUNNING_MPC,0.0034863169503094866
|heading error|,rad,RUNNING_MPC,0.0024466758938056217
|heading error|,rad,RUNNING_MPC,0.0013285081206821925
|heading error|,rad,RUNNING_MPC,0.00026924780033706075
|heading error|,rad,RUNNING_MPC,0.0005649078277478459
|heading error|,rad,RUNNING_MPC,0.0011200296200393758
|heading error|,rad,RUNNING_MPC,0.001257017212391992
|heading error|,rad,RUNNING_MPC,0.0010687902226326484
|heading error|,rad,RUNNING_MPC,0.000544945414835199
|heading error|,rad,RUNNING_MPC,7.469942338013402e-05
|heading error|,rad,RUNNING_MPC,0.0006232804735035595
|heading error|,rad,RUNNING_MPC,0.0012702663270268977
|heading error|,rad,RUNNING_MPC,0.0016361132077529067
|heading error|,rad,RUNNING_MPC,0.0018317578940039159
|heading error|,rad,RUNNING_MPC,0.0018869527571239025
|heading error|,rad,RUNNING_MPC,0.0018466537481471451
|heading error|,rad,RUNNING_MPC,0.0016849823556840254
|heading error|,rad,RUNNING_MPC,0.0014548914566573506
|heading error|,rad,RUNNING_MPC,0.001211666610821463
|heading error|,rad,RUNNING_MPC,0.0011060306112180146
|heading error|,rad,RUNNING_MPC,0.000917548520014258
|heading error|,rad,RUNNING_MPC,0.0008012368606679365
|heading error|,rad,RUNNING_MPC,0.0007973528785468614
|heading error|,rad,RUNNING_MPC,0.0007767300755928408
|heading error|,rad,RUNNING_MPC,0.0007980767134726507
|heading error|,rad,RUNNING_MPC,0.0008875989808015129
|heading error|,rad,RUNNING_MPC,0.0008540960989845553
|heading error|,rad,RUNNING_MPC,0.0010452166575303096
|heading error|,rad,RUNNING_MPC,0.0009820326148212571
|heading error|,rad,RUNNING_MPC,0.001049062820372898
|heading error|,rad,RUNNING_MPC,0.0009792257692819578
|heading error|,rad,RUNNING_MPC,0.001136941372834932
|heading error|,rad,RUNNING_MPC,0.0012759924602528117
|heading error|,rad,RUNNING_MPC,0.0012821707697451418
|heading error|,rad,RUNNING_MPC,0.0013493544286694997
|heading error|,rad,RUNNING_MPC,0.001312019784358423
|heading error|,rad,RUNNING_MPC,0.001271833011425444
|heading error|,rad,RUNNING_MPC,0.0012628325060941858
|heading error|,rad,RUNNING_MPC,0.0013272128583446119
|heading error|,rad,RUNNING_MPC,0.0012650787297719956
|heading error|,rad,RUNNING_MPC,0.0011894897624876303
|heading error|,rad,RUNNING_MPC,0.0011882219500858743
|heading error|,rad,RUNNING_MPC,0.0011431808744376687
|heading error|,rad,RUNNING_MPC,0.001226844399796756
|heading error|,rad,RUNNING_MPC,0.0011978820279562872
|heading error|,rad,RUNNING_MPC,0.0011943268963418019
|heading error|,rad,RUNNING_MPC,0.0011985138923576721
|heading error|,rad,RUNNING_MPC,0.0013353955997769257
|heading error|,rad,RUNNING_MPC,0.0013663792891188407
|heading error|,rad,RUNNING_MPC,0.001363551652718717
|heading error|,rad,RUNNING_MPC,0.0014280710686478543
|heading error|,rad,RUNNING_MPC,0.001336606380909447
|heading error|,rad,RUNNING_MPC,0.0012031824960501566
|heading error|,rad,RUNNING_MPC,0.0012906144712201
|heading error|,rad,RUNNING_MPC,0.0009422507137933495
|heading error|,rad,RUNNING_MPC,0.0009845110537777813
|heading error|,rad,RUNNING_MPC,0.0007716250594397012
|heading error|,rad,RUNNING_MPC,0.0005400990408170742
|heading error|,rad,RUNNING_MPC,0.00028011298576749444
|heading error|,rad,RUNNING_MPC,7.467841272784659e-06
|heading error|,rad,RUNNING_MPC,0.00030718878360323776
|heading error|,rad,RUNNING_MPC,0.0005145622488710311
|heading error|,rad,RUNNING_MPC,0.0006775417814542661
|heading error|,rad,RUNNING_MPC,0.0005867273205178435
|heading error|,rad,RUNNING_MPC,0.0002449097652122145
|heading error|,rad,RUNNING_MPC,3.5156301184502414e-05
|heading error|,rad,RUNNING_MPC,0.00026744073664738965
|heading error|,rad,RUNNING_MPC,0.0006170249118051807
|heading error|,rad,RUNNING_MPC,0.0013609778705014758
|heading error|,rad,RUNNING_MPC,0.0019173216980542945
|heading error|,rad,RUNNING_MPC,0.0020052723409760137
|heading error|,rad,RUNNING_MPC,0.0015686167648654714
|heading error|,rad,RUNNING_MPC,0.0015861333703437869
|heading error|,rad,RUNNING_MPC,0.00030918522400077975
|heading error|,rad,RUNNING_MPC,0.002075901369998648
|heading error|,rad,RUNNING_MPC,0.000341596268252628
|heading error|,rad,RUNNING_MPC,0.0017466953957913922
|heading error|,rad,RUNNING_MPC,0.0015102538163812018
|heading error|,rad,RUNNING_MPC,0.0006255917148196982
|heading error|,rad,RUNNING_MPC,0.005924599216711242
|heading error|,rad,RUNNING_MPC,0.008662458008865191
|heading error|,rad,RUNNING_MPC,0.01094842071015363
|heading error|,rad,RUNNING_MPC,0.005192466596459943
|heading error|,rad,RUNNING_MPC,0.010383192611732359
|heading error|,rad,RUNNING_MPC,0.018241127489684456
|heading error|,rad,RUNNING_MPC,0.0150919804411125
|heading error|,rad,RUNNING_MPC,0.017706362704646296
|heading error|,rad,RUNNING_MPC,0.013276621597536342
|heading error|,rad,RUNNING_MPC,0.025466013030486928
|heading error|,rad,RUNNING_MPC,0.02060689752318147
|heading error|,rad,RUNNING_MPC,0.01956201632062954
|heading error|,rad,RUNNING_MPC,0.020705063020318742
|heading error|,rad,RUNNING_MPC,0.022182128864699256
|heading error|,rad,RUNNING_MPC,0.02265674450051
|heading error|,rad,RUNNING_MPC,0.016867050416881496
|heading error|,rad,RUNNING_MPC,0.023056366745786594
|heading error|,rad,RUNNING_MPC,0.023462586421742093
|heading error|,rad,RUNNING_MPC,0.024399081279573354
|heading error|,rad,RUNNING_MPC,0.02889386620521195
|heading error|,rad,RUNNING_MPC,0.017647256904907867
|heading error|,rad,RUNNING_MPC,0.02047838409511077
|heading error|,rad,RUNNING_MPC,0.0293065313528324
|heading error|,rad,RUNNING_MPC,0.02517886168006911
|heading error|,rad,RUNNING_MPC,0.0313575243338482
|heading error|,rad,RUNNING_MPC,0.030655183078059922
|heading error|,rad,RUNNING_MPC,0.051191684140835636
|heading error|,rad,RUNNING_MPC,0.05004543231491998
|heading error|,rad,RUNNING_MPC,0.04771858685727992
|heading error|,rad,RUNNING_MPC,0.048366772249559764
|heading error|,rad,RUNNING_MPC,0.042088668278120626
|heading error|,rad,RUNNING_MPC,0.05348740539193286
|heading error|,rad,RUNNING_MPC,0.032904667454602306
|heading error|,rad,RUNNING_MPC,0.04041334720813449
|heading error|,rad,RUNNING_MPC,0.03160852007536396
|heading error|,rad,RUNNING_MPC,0.02329194106642107
|heading error|,rad,RUNNING_MPC,0.02253046502343503
|heading error|,rad,RUNNING_MPC,0.018648278269924434
|heading error|,rad,RUNNING_MPC,0.016902631065784823
|heading error|,rad,RUNNING_MPC,0.02438638925754677
|heading error|,rad,RUNNING_MPC,0.019125030734175263
|heading error|,rad,RUNNING_MPC,0.026089917370653696
|heading error|,rad,RUNNING_MPC,0.029556140570258238
|heading error|,rad,RUNNING_MPC,0.024830012582686356
|heading error|,rad,RUNNING_MPC,0.02815999117577217
|heading error|,rad,RUNNING_MPC,0.034787240210488735
|heading error|,rad,RUNNING_MPC,0.037494582580083646
|heading error|,rad,RUNNING_MPC,0.0368524095829561
|heading error|,rad,RUNNING_MPC,0.029063860268047744
|heading error|,rad,RUNNING_MPC,0.03054780064296181
|heading error|,rad,RUNNING_MPC,0.02389726882550902
|heading error|,rad,RUNNING_MPC,0.018912180794474764
|heading error|,rad,RUNNING_MPC,0.010164315203053498
|heading error|,rad,RUNNING_MPC,0.009268716383077136
|heading error|,rad,RUNNING_MPC,0.007590949090743537
|heading error|,rad,RUNNING_MPC,0.008496938084471717
|heading error|,rad,RUNNING_MPC,0.008395498067114147
|heading error|,rad,RUNNING_MPC,0.003371732374836789
|heading error|,rad,RUNNING_MPC,0.0017379204765872736
|heading error|,rad,RUNNING_MPC,0.01006771919097571
|heading error|,rad,RUNNING_MPC,0.01369026274147589
|heading error|,rad,RUNNING_MPC,0.015608696503784715
|heading error|,rad,RUNNING_MPC,0.016421863430967854
|heading error|,rad,RUNNING_MPC,0.014881383870069875
|heading error|,rad,RUNNING_MPC,0.013036325109573756
|heading error|,rad,RUNNING_MPC,0.01025157828076062
|heading error|,rad,RUNNING_MPC,0.0069743250909861665
|heading error|,rad,RUNNING_MPC,0.0025335025015740253
|heading error|,rad,RUNNING_MPC,0.0018724252653112838
|heading error|,rad,RUNNING_MPC,0.0002991987380636107
|heading error|,rad,RUNNING_MPC,0.0008139685890791171
|heading error|,rad,RUNNING_MPC,0.0005841026049042686
|heading error|,rad,RUNNING_MPC,0.00310868378999718
|heading error|,rad,RUNNING_MPC,0.005227007752345747
|heading error|,rad,RUNNING_MPC,0.007053378797132748
|heading error|,rad,RUNNING_MPC,0.0077809759594185115
|heading error|,rad,RUNNING_MPC,0.010031828657670827
|heading error|,rad,RUNNING_MPC,0.009521108061949501
|heading error|,rad,RUNNING_MPC,0.007904519361109807
|heading error|,rad,RUNNING_MPC,0.00648864249010539
|heading error|,rad,RUNNING_MPC,0.006551377400984438
|heading error|,rad,RUNNING_MPC,0.004035071619751696
|heading error|,rad,RUNNING_MPC,0.004105445604098312
|heading error|,rad,RUNNING_MPC,0.003671448276394207
|heading error|,rad,RUNNING_MPC,0.003444104179598506
|heading error|,rad,RUNNING_MPC,0.0052884508214370305
|heading error|,rad,RUNNING_MPC,0.005153134979801521
|heading error|,rad,RUNNING_MPC,0.005015707283802406
|heading error|,rad,RUNNING_MPC,0.004668705709262033
|heading error|,rad,RUNNING_MPC,0.0038720770272511196
|heading error|,rad,RUNNING_MPC,0.005943659880317309
|heading error|,rad,RUNNING_MPC,0.005918076681677542
|heading error|,rad,RUNNING_MPC,0.006415384298992022
|heading error|,rad,RUNNING_MPC,0.006869758414550509
|heading error|,rad,RUNNING_MPC,0.006547229302610091
|heading error|,rad,RUNNING_MPC,0.006735129525878404
|heading error|,rad,RUNNING_MPC,0.00566805703193296
|heading error|,rad,RUNNING_MPC,0.0022870404294235147
|heading error|,rad,RUNNING_MPC,0.0008817968099410489
|heading error|,rad,RUNNING_MPC,0.0003382969577612194
|heading error|,rad,RUNNING_MPC,0.0030410491983858816
|heading error|,rad,RUNNING_MPC,0.0055387295045379314
|heading error|,rad,RUNNING_MPC,0.007177456942071503
|heading error|,rad,RUNNING_MPC,0.006681869088223769
|heading error|,rad,RUNNING_MPC,0.006128051828665715
|heading error|,rad,RUNNING_MPC,0.0058045692028267926
|heading error|,rad,RUNNING_MPC,0.004421987314324527
|heading error|,rad,RUNNING_MPC,0.002826867768296992
|heading error|,rad,RUNNING_MPC,0.001853414022330968
|heading error|,rad,RUNNING_MPC,0.001110496771572267
|heading error|,rad,RUNNING_MPC,0.0012255236107900913
|heading error|,rad,RUNNING_MPC,0.0010974544030746272
|heading error|,rad,RUNNING_MPC,0.001115074983177644
|heading error|,rad,RUNNING_MPC,0.0014716499065727806
|heading error|,rad,RUNNING_MPC,0.0017859217248825665
|heading error|,rad,RUNNING_MPC,0.0026758693752806373
|heading error|,rad,RUNNING_MPC,0.0027798517504646902
|heading error|,rad,RUNNING_MPC,0.002715882189259
|heading error|,rad,RUNNING_MPC,0.0026372457146179866
|heading error|,rad,RUNNING_MPC,0.0023057623093178936
|heading error|,rad,RUNNING_MPC,0.0020147326098400864
|heading error|,rad,RUNNING_MPC,0.001405915257235879
|heading error|,rad,RUNNING_MPC,0.0009993051145635865
|heading error|,rad,RUNNING_MPC,0.0008193360782049464
|heading error|,rad,RUNNING_MPC,0.00041072315457180153
|heading error|,rad,RUNNING_MPC,7.252378126398895e-05
|heading error|,rad,RUNNING_MPC,8.290185351222945e-05
|heading error|,rad,RUNNING_MPC,0.00018723864568626067
|heading error|,rad,RUNNING_MPC,0.0009785543884457404
|heading error|,rad,RUNNING_MPC,0.002303744355428794
|heading error|,rad,RUNNING_MPC,0.00017554802154728932
|heading error|,rad,RUNNING_MPC,0.0004724191984148973
|heading error|,rad,RUNNING_MPC,0.0018395692812316344
|heading error|,rad,RUNNING_MPC,0.0031791306808066637
|heading error|,rad,RUNNING_MPC,0.0034799173557291674
|heading error|,rad,RUNNING_MPC,0.00781711686915565
|heading error|,rad,RUNNING_MPC,0.008005425400111841
|heading error|,rad,RUNNING_MPC,0.007492426522392792
|heading error|,rad,RUNNING_MPC,0.009324284090323376
|heading error|,rad,RUNNING_MPC,0.011320269690144436
|heading error|,rad,RUNNING_MPC,0.011105339422814442
|heading error|,rad,RUNNING_MPC,0.007811656534659982
|heading error|,rad,RUNNING_MPC,0.014599155513451034
|heading error|,rad,RUNNING_MPC,0.014438759619394668
|heading error|,rad,RUNNING_MPC,0.01453663571500474
|heading error|,rad,RUNNING_MPC,0.018169126688783788
|heading error|,rad,RUNNING_MPC,0.02207771333928865
|heading error|,rad,RUNNING_MPC,0.021385037242023675
|heading error|,rad,RUNNING_MPC,0.019516250106043298
|heading error|,rad,RUNNING_MPC,0.022783563946394914
|heading error|,rad,RUNNING_MPC,0.016904132125091342
|heading error|,rad,RUNNING_MPC,0.008430428970289006
|heading error|,rad,RUNNING_MPC,0.017482509023914572
|heading error|,rad,RUNNING_MPC,0.01990040439641727
|heading error|,rad,RUNNING_MPC,0.027923311593807783
|heading error|,rad,RUNNING_MPC,0.03692911974982471
|heading error|,rad,RUNNING_MPC,0.03965162696816926
|heading error|,rad,RUNNING_MPC,0.03825070687969644
|heading error|,rad,RUNNING_MPC,0.03441106398338345
|heading error|,rad,RUNNING_MPC,0.01905373404490973
|heading error|,rad,RUNNING_MPC,0.012196648550397926
|heading error|,rad,RUNNING_MPC,0.0053510852183387145
|heading error|,rad,RUNNING_MPC,0.005285426057888287
|heading error|,rad,RUNNING_MPC,0.00838461574297833
|heading error|,rad,RUNNING_MPC,0.016958620479573305
|heading error|,rad,RUNNING_MPC,0.017427474255014234
|heading error|,rad,RUNNING_MPC,0.02161707330232554
|heading error|,rad,RUNNING_MPC,0.02205580492510295
|heading error|,rad,RUNNING_MPC,0.014721271168839811
|heading error|,rad,RUNNING_MPC,0.013106977696425213
|heading error|,rad,RUNNING_MPC,0.003994295485886035
|heading error|,rad,RUNNING_MPC,0.0037178099373114115
|heading error|,rad,RUNNING_MPC,0.009597539824969916
|heading error|,rad,RUNNING_MPC,0.013360731429508999
|heading error|,rad,RUNNING_MPC,0.004450977683758461
|heading error|,rad,RUNNING_MPC,0.014873462184060937
|heading error|,rad,RUNNING_MPC,0.009628890236627496
|heading error|,rad,RUNNING_MPC,0.01664655312098917
|heading error|,rad,RUNNING_MPC,0.02210105302166365
|heading error|,rad,RUNNING_MPC,0.02618009262998289
|heading error|,rad,RUNNING_MPC,0.03651300187022399
|heading error|,rad,RUNNING_MPC,0.039817547173754735
|heading error|,rad,RUNNING_MPC,0.05334363705483525
|heading error|,rad,RUNNING_MPC,0.061013450272560776
|heading error|,rad,RUNNING_MPC,0.05205094060205018
|heading error|,rad,RUNNING_MPC,0.050787190385376935
|heading error|,rad,RUNNING_MPC,0.05166726676397748
|heading error|,rad,RUNNING_MPC,0.038179937942944386
|heading error|,rad,RUNNING_MPC,0.03670223136762196
|heading error|,rad,RUNNING_MPC,0.019170780412513858
|heading error|,rad,RUNNING_MPC,0.015241914117080091
|heading error|,rad,RUNNING_MPC,0.016317433054121144
|heading error|,rad,RUNNING_MPC,0.0073611530252377655
|heading error|,rad,RUNNING_MPC,0.008621483256490148
|heading error|,rad,RUNNING_MPC,0.0041613497498933505
|heading error|,rad,RUNNING_MPC,0.005784760514417452
|heading error|,rad,RUNNING_MPC,0.006185011406061535
|heading error|,rad,RUNNING_MPC,0.004855871233957254
|heading error|,rad,RUNNING_MPC,0.006358668629300013
|heading error|,rad,RUNNING_MPC,0.007488086590998533
|heading error|,rad,RUNNING_MPC,0.0077960313683784754
|heading error|,rad,RUNNING_MPC,0.007902320941726604
|heading error|,rad,RUNNING_MPC,0.00760079824848936
|heading error|,rad,RUNNING_MPC,0.005891834799461204
|heading error|,rad,RUNNING_MPC,0.003650166193912341
|heading error|,rad,RUNNING_MPC,0.003304961657157879
|heading error|,rad,RUNNING_MPC,0.00031947558726330705
|heading error|,rad,RUNNING_MPC,0.0034532726418736726
|heading error|,rad,RUNNING_MPC,0.0011574878615485673
|heading error|,rad,RUNNING_MPC,0.0019639818309760138
|heading error|,rad,RUNNING_MPC,0.00522642731544587
|heading error|,rad,RUNNING_MPC,0.004870265343286385
|heading error|,rad,RUNNING_MPC,0.00031452862560055195
|heading error|,rad,RUNNING_MPC,0.011643166387474313
|heading error|,rad,RUNNING_MPC,0.01201236796509142
|heading error|,rad,RUNNING_MPC,0.01304569709979475
|heading error|,rad,RUNNING_MPC,0.014389466927598573
|heading error|,rad,RUNNING_MPC,0.004506282071268464
|heading error|,rad,RUNNING_MPC,0.020124783733241447
|heading error|,rad,RUNNING_MPC,0.014511840430643462
|heading error|,rad,RUNNING_MPC,0.015813183909870968
|heading error|,rad,RUNNING_MPC,0.022001915397575234
|heading error|,rad,RUNNING_MPC,0.02152454002895654
|heading error|,rad,RUNNING_MPC,0.019884726770744487
|heading error|,rad,RUNNING_MPC,0.025746439299969337
|heading error|,rad,RUNNING_MPC,0.022836964399444604
|heading error|,rad,RUNNING_MPC,0.01447148642496332
|heading error|,rad,RUNNING_MPC,0.020513665483003596
|heading error|,rad,RUNNING_MPC,0.010173354440761395
|heading error|,rad,RUNNING_MPC,0.019012664802078305
|heading error|,rad,RUNNING_MPC,0.018704687695480615
|heading error|,rad,RUNNING_MPC,0.030404261714357617
|heading error|,rad,RUNNING_MPC,0.03537526238943612
|heading error|,rad,RUNNING_MPC,0.03064344204546776
|heading error|,rad,RUNNING_MPC,0.05390162100353369
|heading error|,rad,RUNNING_MPC,0.04451784478633036
|heading error|,rad,RUNNING_MPC,0.04557094959254404
|heading error|,rad,RUNNING_MPC,0.04652908000059631
|heading error|,rad,RUNNING_MPC,0.0467429066758801
|heading error|,rad,RUNNING_MPC,0.03460959530632868
|heading error|,rad,RUNNING_MPC,0.02139332827493401
|heading error|,rad,RUNNING_MPC,0.022270107484815282
|heading error|,rad,RUNNING_MPC,0.011442669696572596
|heading error|,rad,RUNNING_MPC,0.00422874805698803
|heading error|,rad,RUNNING_MPC,0.000302274773298028
|heading error|,rad,RUNNING_MPC,0.0008736185837406873
|heading error|,rad,RUNNING_MPC,0.0005966585292207505
|heading error|,rad,RUNNING_MPC,0.0020272767347545573
|heading error|,rad,RUNNING_MPC,0.002531882771876659
|heading error|,rad,RUNNING_MPC,0.0021580701262857716
|heading error|,rad,RUNNING_MPC,0.006899329344483785
|heading error|,rad,RUNNING_MPC,0.004828704681477891
|heading error|,rad,RUNNING_MPC,0.0025100272571187965
|heading error|,rad,RUNNING_MPC,0.0025844917020578784
|heading error|,rad,RUNNING_MPC,0.002697375688053949
|heading error|,rad,RUNNING_MPC,0.008696697848981971
|heading error|,rad,RUNNING_MPC,0.0030137712063569295
|heading error|,rad,RUNNING_MPC,0.010182500552560647
|heading error|,rad,RUNNING_MPC,0.0020303227466822453
|heading error|,rad,RUNNING_MPC,0.009278381209774977
|heading error|,rad,RUNNING_MPC,0.01675984918983664
|heading error|,rad,RUNNING_MPC,0.009629439154282604
|heading error|,rad,RUNNING_MPC,0.03245921000747054
|heading error|,rad,RUNNING_MPC,0.02919950003163851
|heading error|,rad,RUNNING_MPC,0.040677392514514965
|heading error|,rad,RUNNING_MPC,0.03744430988998948
|heading error|,rad,RUNNING_MPC,0.052320922458477304
|heading error|,rad,RUNNING_MPC,0.056803498969386856
|heading error|,rad,RUNNING_MPC,0.03957015540062292
|heading error|,rad,RUNNING_MPC,0.02829761278860432
|heading error|,rad,RUNNING_MPC,0.034100118223489906
|heading error|,rad,RUNNING_MPC,0.01493686021726437
|heading error|,rad,RUNNING_MPC,0.0099087351770617
|heading error|,rad,RUNNING_MPC,0.031516645377908326
|heading error|,rad,RUNNING_MPC,0.010436672495492074
|heading error|,rad,RUNNING_MPC,0.028324402178686373
|heading error|,rad,RUNNING_MPC,0.02872197536124133
|heading error|,rad,RUNNING_MPC,0.029365310581939807
|heading error|,rad,RUNNING_MPC,0.02899810670838865
|heading error|,rad,RUNNING_MPC,0.025222149621742185
|heading error|,rad,RUNNING_MPC,0.03313979735759309
|heading error|,rad,RUNNING_MPC,0.02301650261826227
|heading error|,rad,RUNNING_MPC,0.03152421154306939
|heading error|,rad,RUNNING_MPC,0.04019430913154176
|heading error|,rad,RUNNING_MPC,0.03244334666796878
|heading error|,rad,RUNNING_MPC,0.048690768984504196
|heading error|,rad,RUNNING_MPC,0.04144634588420759
|heading error|,rad,RUNNING_MPC,0.040893052188523786
|heading error|,rad,RUNNING_MPC,0.03727953487144031
|heading error|,rad,RUNNING_MPC,0.043403047064773055
|heading error|,rad,RUNNING_MPC,0.03481630336963715
|heading error|,rad,RUNNING_MPC,0.021343005640597212
|heading error|,rad,RUNNING_MPC,0.017398067092084357
|heading error|,rad,RUNNING_MPC,0.019715665528538203
|heading error|,rad,RUNNING_MPC,0.01744362906093322
|heading error|,rad,RUNNING_MPC,0.023110072566449258
|heading error|,rad,RUNNING_MPC,0.01803375015927955
|heading error|,rad,RUNNING_MPC,0.020507562309497906
|heading error|,rad,RUNNING_MPC,0.020939848174711617
|heading error|,rad,RUNNING_MPC,0.022300092331337673
|heading error|,rad,RUNNING_MPC,0.01605881739529247
|heading error|,rad,RUNNING_MPC,0.013321136929659971
|heading error|,rad,RUNNING_MPC,0.01353613348582128
|heading error|,rad,RUNNING_MPC,0.008069576569217139
|heading error|,rad,RUNNING_MPC,0.00855356660086981
|heading error|,rad,RUNNING_MPC,0.007964416779594696
|heading error|,rad,RUNNING_MPC,0.008002991418020411
|heading error|,rad,RUNNING_MPC,0.008422615717142978
|heading error|,rad,RUNNING_MPC,0.007747044199422071
|heading error|,rad,RUNNING_MPC,0.004362876086385192
|heading error|,rad,RUNNING_MPC,0.0031739178438092708
|heading error|,rad,RUNNING_MPC,0.0029556235260255193
|heading error|,rad,RUNNING_MPC,0.006135175644657488
|heading error|,rad,RUNNING_MPC,0.008510189090276565
|heading error|,rad,RUNNING_MPC,0.005298936531261678
|heading error|,rad,RUNNING_MPC,0.009722200033300599
|heading error|,rad,RUNNING_MPC,0.008185313903900761
|heading error|,rad,RUNNING_MPC,0.003398795502808305
|heading error|,rad,RUNNING_MPC,0.01453630219602786
|heading error|,rad,RUNNING_MPC,0.021803764283222282
|heading error|,rad,RUNNING_MPC,0.03141519075651589
|heading error|,rad,RUNNING_MPC,0.03606077224477966
|heading error|,rad,RUNNING_MPC,0.04403360634616593
|heading error|,rad,RUNNING_MPC,0.056181410641172214
|heading error|,rad,RUNNING_MPC,0.05641568110930883
|heading error|,rad,RUNNING_MPC,0.057208342657800504
|heading error|,rad,RUNNING_MPC,0.04460736088203143
|heading error|,rad,RUNNING_MPC,0.03377870985147391
|heading error|,rad,RUNNING_MPC,0.020801686374924522
|heading error|,rad,RUNNING_MPC,0.012164558694653492
|heading error|,rad,RUNNING_MPC,0.003754788209135995
|heading error|,rad,RUNNING_MPC,0.0009982210578023398
|heading error|,rad,RUNNING_MPC,0.00011844977038677484
|heading error|,rad,RUNNING_MPC,0.009246628548080782
|heading error|,rad,RUNNING_MPC,0.012204680097763099
|heading error|,rad,RUNNING_MPC,0.013788037190778812
|heading error|,rad,RUNNING_MPC,0.013045124658910279
|heading error|,rad,RUNNING_MPC,0.014735472311286912
|heading error|,rad,RUNNING_MPC,0.011872289150812954
|heading error|,rad,RUNNING_MPC,0.011435158076526175
|heading error|,rad,RUNNING_MPC,0.009703193529850385
|heading error|,rad,RUNNING_MPC,0.0059740168262441
|heading error|,rad,RUNNING_MPC,0.0010595754643274446
|heading error|,rad,RUNNING_MPC,0.002931087446107483
|heading error|,rad,RUNNING_MPC,0.004740442417082047
|heading error|,rad,RUNNING_MPC,0.0053697359856217375
|heading error|,rad,RUNNING_MPC,0.00462485686631231
|heading error|,rad,RUNNING_MPC,0.004194887505829303
|heading error|,rad,RUNNING_MPC,0.002414902540618158
|heading error|,rad,RUNNING_MPC,0.0003821836183139915
|heading error|,rad,RUNNING_MPC,0.0011640423210086404
|heading error|,rad,RUNNING_MPC,0.0024487234633761013
|heading error|,rad,RUNNING_MPC,0.0032055161937218912
|heading error|,rad,RUNNING_MPC,0.0029108317063930578
|heading error|,rad,RUNNING_MPC,0.002416241849064971
|heading error|,rad,RUNNING_MPC,0.0015122056975593878
|heading error|,rad,RUNNING_MPC,0.0006039232117305282
|heading error|,rad,RUNNING_MPC,0.00015789355239714808
|heading error|,rad,RUNNING_MPC,0.0009071661706836487
|heading error|,rad,RUNNING_MPC,0.001508036946119784
|heading error|,rad,RUNNING_MPC,0.001240800187497726
|heading error|,rad,RUNNING_MPC,0.000997218206939543
|heading error|,rad,RUNNING_MPC,0.0004171739749736503
|heading error|,rad,RUNNING_MPC,0.00020446291184006424
|heading error|,rad,RUNNING_MPC,0.0003494474844565332
|heading error|,rad,RUNNING_MPC,0.0008397838083089582
|heading error|,rad,RUNNING_MPC,0.0007766391024182084
|heading error|,rad,RUNNING_MPC,0.0006662767100111822
|heading error|,rad,RUNNING_MPC,0.0005416535732054584
|heading error|,rad,RUNNING_MPC,0.0001005056006619931
|heading error|,rad,RUNNING_MPC,0.00022214453593916161
|heading error|,rad,RUNNING_MPC,0.0005770051892692862
|heading error|,rad,RUNNING_MPC,0.0007408541224189769
|heading error|,rad,RUNNING_MPC,0.000836265660465685
|heading error|,rad,RUNNING_MPC,0.001110127405613337
|heading error|,rad,RUNNING_MPC,0.0009075965222615778
|heading error|,rad,RUNNING_MPC,0.0008194714231115618
|heading error|,rad,RUNNING_MPC,0.0006244313674796942
|heading error|,rad,RUNNING_MPC,0.00011308889515770915
|heading error|,rad,RUNNING_MPC,1.6967102804521517e-05
|heading error|,rad,RUNNING_MPC,0.0005451740142863314
|heading error|,rad,RUNNING_MPC,0.0006987844605164106
|heading error|,rad,RUNNING_MPC,0.0006609097613785586
|heading error|,rad,RUNNING_MPC,0.0003033188318113389
|heading error|,rad,RUNNING_MPC,3.3356292306496726e-05
|heading error|,rad,RUNNING_MPC,0.00047848622484103487
|heading error|,rad,RUNNING_MPC,0.0008263718353331839
|heading error|,rad,RUNNING_MPC,0.0009401003519271532
|heading error|,rad,RUNNING_MPC,0.0011887967621388995
|heading error|,rad,RUNNING_MPC,0.0011457203337128519
|heading error|,rad,RUNNING_MPC,0.001076358537642097
|heading error|,rad,RUNNING_MPC,0.0009055365230099532
|heading error|,rad,RUNNING_MPC,0.0007831540978928686
|heading error|,rad,RUNNING_MPC,0.0004817688918148378
|heading error|,rad,RUNNING_MPC,0.00028306026594027145
|heading error|,rad,RUNNING_MPC,0.000131089338726742
|heading error|,rad,RUNNING_MPC,0.0001351626728438582
|heading error|,rad,RUNNING_MPC,0.0001857676687859744
|heading error|,rad,RUNNING_MPC,0.0004305587403443667
|heading error|,rad,RUNNING_MPC,0.0009722195660204491
|heading error|,rad,RUNNING_MPC,0.0015294436742094852
|heading error|,rad,RUNNING_MPC,0.001806669774111036
|heading error|,rad,RUNNING_MPC,0.002041707078145993
|heading error|,rad,RUNNING_MPC,0.00197384562577696
|heading error|,rad,RUNNING_MPC,0.0015482834047264584
|heading error|,rad,RUNNING_MPC,0.000812208543031101
|heading error|,rad,RUNNING_MPC,0.0002829604284984022
|heading error|,rad,RUNNING_MPC,0.00017522279565751475
|heading error|,rad,RUNNING_MPC,0.0005712711021139683
|heading error|,rad,RUNNING_MPC,0.000523407233052442
|heading error|,rad,RUNNING_MPC,0.0004369523032123901
|heading error|,rad,RUNNING_MPC,0.0001397492850756521
|heading error|,rad,RUNNING_MPC,0.0003288366855676017
|heading error|,rad,RUNNING_MPC,0.0008246073709252676
|heading error|,rad,RUNNING_MPC,0.001304099746791021
|heading error|,rad,RUNNING_MPC,0.0015907402469794718
|heading error|,rad,RUNNING_MPC,0.0016380602493328844
|heading error|,rad,RUNNING_MPC,0.0016716834067054265
|heading error|,rad,RUNNING_MPC,0.0014687576005725234
|heading error|,rad,RUNNING_MPC,0.0014439875634644217
|heading error|,rad,RUNNING_MPC,0.0013535498246590727
|heading error|,rad,RUNNING_MPC,0.0010522871189051486
|heading error|,rad,RUNNING_MPC,0.0007779560544083353
|heading error|,rad,RUNNING_MPC,0.0005632771995025543
|heading error|,rad,RUNNING_MPC,0.0005632771995025543
|heading error|,rad,RUNNING_MPC,0.0007705027941344866
|heading error|,rad,RUNNING_MPC,0.0007946253551702753
|heading error|,rad,RUNNING_MPC,0.0008707274996502257
|heading error|,rad,RUNNING_MPC,0.0009642881334035458
|heading error|,rad,RUNNING_MPC,0.0012752841294134676
|heading error|,rad,RUNNING_MPC,0.0012665768088369056
|heading error|,rad,RUNNING_MPC,0.0011967606498957117
|heading error|,rad,RUNNING_MPC,0.0012036872354879158
|heading error|,rad,RUNNING_MPC,0.000861100675169535
|heading error|,rad,RUNNING_MPC,0.001135658254759253
|heading error|,rad,RUNNING_MPC,0.0011039230952052392
|heading error|,rad,RUNNING_MPC,0.0012822615929031222
|heading error|,rad,RUNNING_MPC,0.0011341393971253666
|heading error|,rad,RUNNING_MPC,0.001168422116011758
|heading error|,rad,RUNNING_MPC,0.001458215452483369
|heading error|,rad,RUNNING_MPC,0.0014099103057527707
|heading error|,rad,RUNNING_MPC,0.0012741401070761606
|heading error|,rad,RUNNING_MPC,0.0012603396928736466
|heading error|,rad,RUNNING_MPC,0.001134706494675175
|heading error|,rad,RUNNING_MPC,0.0010377780593611163
|heading error|,rad,RUNNING_MPC,0.0008882127851359556
|heading error|,rad,RUNNING_MPC,0.0009285888904266848
|heading error|,rad,RUNNING_MPC,0.0005993819742631246
|heading error|,rad,RUNNING_MPC,0.0007712837446849363
|heading error|,rad,RUNNING_MPC,0.0007850227378640718
|heading error|,rad,RUNNING_MPC,0.0009027452186107787
|heading error|,rad,RUNNING_MPC,0.0013293902192597074
|heading error|,rad,RUNNING_MPC,0.001458253381339425
|heading error|,rad,RUNNING_MPC,0.0019248649409431273
|heading error|,rad,RUNNING_MPC,0.0016347983222662066
|heading error|,rad,RUNNING_MPC,0.002000632583905926
|heading error|,rad,RUNNING_MPC,0.0019515209665597055
|heading error|,rad,RUNNING_MPC,0.0026425621649308617
|heading error|,rad,RUNNING_MPC,0.002584520746260477
|heading error|,rad,RUNNING_MPC,0.002541500421761267
|heading error|,rad,RUNNING_MPC,0.0028481273824012554
|heading error|,rad,RUNNING_MPC,0.002301044817274445
|heading error|,rad,RUNNING_MPC,0.0025701565286575523
|heading error|,rad,RUNNING_MPC,0.0024360730430679207
|heading error|,rad,RUNNING_MPC,0.0026547326359271928
|heading error|,rad,RUNNING_MPC,0.0029348113302551937
|heading error|,rad,RUNNING_MPC,0.0027047824817274524
|heading error|,rad,RUNNING_MPC,0.002585451761921931
|heading error|,rad,RUNNING_MPC,0.0028861400231527945
|heading error|,rad,RUNNING_MPC,0.0027591026192519408
|heading error|,rad,RUNNING_MPC,0.003003893257029766
|heading error|,rad,RUNNING_MPC,0.0021412388853612185
|heading error|,rad,RUNNING_MPC,0.0029458411933886985
|heading error|,rad,RUNNING_MPC,0.002765934086291111
|heading error|,rad,RUNNING_MPC,0.0025339234197612193
|heading error|,rad,RUNNING_MPC,0.003025790991235233
|heading error|,rad,RUNNING_MPC,0.001913691934243289
|heading error|,rad,RUNNING_MPC,0.003093893535289105
|heading error|,rad,RUNNING_MPC,0.0017473568511268134
|heading error|,rad,RUNNING_MPC,0.0033893391068668954
|heading error|,rad,RUNNING_MPC,0.00211642120203015
|heading error|,rad,RUNNING_MPC,0.004511696905874274
|heading error|,rad,RUNNING_MPC,0.004614815131976702
|heading error|,rad,RUNNING_MPC,0.004584395649630312
|heading error|,rad,RUNNING_MPC,0.007415671588511419
|heading error|,rad,RUNNING_MPC,0.00753151929181195
|heading error|,rad,RUNNING_MPC,0.0071979590076987066
|heading error|,rad,RUNNING_MPC,0.006913235609460333
|heading error|,rad,RUNNING_MPC,0.006859236067765284
|heading error|,rad,RUNNING_MPC,0.00661769780609367
|heading error|,rad,RUNNING_MPC,0.006074481617786454
|heading error|,rad,RUNNING_MPC,0.004125936338105873
|heading error|,rad,RUNNING_MPC,0.0007392286178244944
|heading error|,rad,RUNNING_MPC,0.004019586667380004
|heading error|,rad,RUNNING_MPC,0.004316252429167111
|heading error|,rad,RUNNING_MPC,0.0029978307483400353
|heading error|,rad,RUNNING_MPC,0.00025526194789993184
|heading error|,rad,RUNNING_MPC,0.002594388696057326
|heading error|,rad,RUNNING_MPC,0.009096967081106744
|heading error|,rad,RUNNING_MPC,0.011259185407182404
|heading error|,rad,RUNNING_MPC,0.0125427047242197
|heading error|,rad,RUNNING_MPC,0.017747819761094963
|heading error|,rad,RUNNING_MPC,0.010493988701655077
|heading error|,rad,RUNNING_MPC,0.007420792052663661
|heading error|,rad,RUNNING_MPC,0.01150927695815307
|heading error|,rad,RUNNING_MPC,0.00873801502624616
|heading error|,rad,RUNNING_MPC,0.010820015210576628
|heading error|,rad,RUNNING_MPC,0.01829097152226078
|heading error|,rad,RUNNING_MPC,0.007666645034878794
|heading error|,rad,RUNNING_MPC,0.017222050029057634
|heading error|,rad,RUNNING_MPC,0.014101190477441516
|heading error|,rad,RUNNING_MPC,0.020587713329600632
|heading error|,rad,RUNNING_MPC,0.035140381701318724
|heading error|,rad,RUNNING_MPC,0.03689514497920765
|heading error|,rad,RUNNING_MPC,0.02998190867613859
|heading error|,rad,RUNNING_MPC,0.03228278738531287
|heading error|,rad,RUNNING_MPC,0.01869311217232328
|heading error|,rad,RUNNING_MPC,0.012932516939273775
|heading error|,rad,RUNNING_MPC,0.003987547117949131
|heading error|,rad,RUNNING_MPC,0.020218859264424793
|heading error|,rad,RUNNING_MPC,0.02186494311449927
|heading error|,rad,RUNNING_MPC,0.027558210227109914
|heading error|,rad,RUNNING_MPC,0.030825375155869136
|heading error|,rad,RUNNING_MPC,0.03408184283050186
|heading error|,rad,RUNNING_MPC,0.04613628878515286
|heading error|,rad,RUNNING_MPC,0.029393192849081373
|heading error|,rad,RUNNING_MPC,0.04401408733444745
|heading error|,rad,RUNNING_MPC,0.029589308439612605
|heading error|,rad,RUNNING_MPC,0.03055712373605113
|heading error|,rad,RUNNING_MPC,0.015425745923245415
|heading error|,rad,RUNNING_MPC,0.01588611738333201
|heading error|,rad,RUNNING_MPC,0.017866101192272298
|heading error|,rad,RUNNING_MPC,0.001705816826735429
|heading error|,rad,RUNNING_MPC,0.00115087962581617
|heading error|,rad,RUNNING_MPC,0.0017730943874636473
|heading error|,rad,RUNNING_MPC,0.02509127679260148
|heading error|,rad,RUNNING_MPC,0.025284529174971038
|heading error|,rad,RUNNING_MPC,0.016411088639911142
|heading error|,rad,RUNNING_MPC,0.027066330493674243
|heading error|,rad,RUNNING_MPC,0.03763915922209282
|heading error|,rad,RUNNING_MPC,0.029360582001880967
|heading error|,rad,RUNNING_MPC,0.0380866274943763
|heading error|,rad,RUNNING_MPC,0.05801891262444814
|heading error|,rad,RUNNING_MPC,0.0505634362893943
|heading error|,rad,RUNNING_MPC,0.050628591954808407
|heading error|,rad,RUNNING_MPC,0.054580728202654694
|heading error|,rad,RUNNING_MPC,0.051107027841462926
|heading error|,rad,RUNNING_MPC,0.04085849676838249
|heading error|,rad,RUNNING_MPC,0.03933859761064262
|heading error|,rad,RUNNING_MPC,0.032551271398225445
|heading error|,rad,RUNNING_MPC,0.021421039774783157
|heading error|,rad,RUNNING_MPC,0.01430304909707658
|heading error|,rad,RUNNING_MPC,0.005526646504296462
|heading error|,rad,RUNNING_MPC,0.0135083341037463
|heading error|,rad,RUNNING_MPC,0.012753094767963713
|heading error|,rad,RUNNING_MPC,0.012156674506372145
|heading error|,rad,RUNNING_MPC,0.01225445447882656
|heading error|,rad,RUNNING_MPC,0.011864568343705084
|heading error|,rad,RUNNING_MPC,0.01525618121465211
|heading error|,rad,RUNNING_MPC,0.023608244954588912
|heading error|,rad,RUNNING_MPC,0.025483588947775804
|heading error|,rad,RUNNING_MPC,0.023661913841364065
|heading error|,rad,RUNNING_MPC,0.014594010570968763
|heading error|,rad,RUNNING_MPC,0.0065578708357207915
|heading error|,rad,RUNNING_MPC,0.01654100166044925
|heading error|,rad,RUNNING_MPC,0.026852722413005733
|heading error|,rad,RUNNING_MPC,0.026900574272075154
|heading error|,rad,RUNNING_MPC,0.019720432148403244
|heading error|,rad,RUNNING_MPC,0.011340510584266992
|heading error|,rad,RUNNING_MPC,0.010096580512710673
|heading error|,rad,RUNNING_MPC,0.00560445471834603
|heading error|,rad,RUNNING_MPC,0.004957453708796411
|heading error|,rad,RUNNING_MPC,0.003228955783766363
|heading error|,rad,RUNNING_MPC,0.0009145374921133431
|heading error|,rad,RUNNING_MPC,0.00032055948716847027
|heading error|,rad,RUNNING_MPC,0.0001269282405367278
|heading error|,rad,RUNNING_MPC,0.00018568686102149456
|heading error|,rad,RUNNING_MPC,0.00017875814172629845
|heading error|,rad,RUNNING_MPC,0.0004037674343178032
|heading error|,rad,RUNNING_MPC,0.002512365092096403
|heading error|,rad,RUNNING_MPC,0.00043324440717906754
|heading error|,rad,RUNNING_MPC,0.003819989272549229
|heading error|,rad,RUNNING_MPC,0.000635130765569869
|heading error|,rad,RUNNING_MPC,0.00420109074588071
|heading error|,rad,RUNNING_MPC,0.00794789689445885
|heading error|,rad,RUNNING_MPC,0.013185575824921969
|heading error|,rad,RUNNING_MPC,0.021438509147621243
|heading error|,rad,RUNNING_MPC,0.022281726901777432
|heading error|,rad,RUNNING_MPC,0.0215857741752572
|heading error|,rad,RUNNING_MPC,0.019873528472575508
|heading error|,rad,RUNNING_MPC,0.017716501871364088
|heading error|,rad,RUNNING_MPC,0.014840552992106291
|heading error|,rad,RUNNING_MPC,0.011127142214932828
|heading error|,rad,RUNNING_MPC,0.009516420447105212
|heading error|,rad,RUNNING_MPC,0.006976137711610875
|heading error|,rad,RUNNING_MPC,0.002715283514266975
|heading error|,rad,RUNNING_MPC,0.0024349362752098536
|heading error|,rad,RUNNING_MPC,0.003591720261227671
|heading error|,rad,RUNNING_MPC,0.003766393805964885
|heading error|,rad,RUNNING_MPC,0.0069529947333535356
|heading error|,rad,RUNNING_MPC,0.010142311425059614
|heading error|,rad,RUNNING_MPC,0.010745311086305609
|heading error|,rad,RUNNING_MPC,0.012126974522577163
|heading error|,rad,RUNNING_MPC,0.011054822548022258
|heading error|,rad,RUNNING_MPC,0.008749997956120303
|heading error|,rad,RUNNING_MPC,0.006412266639978181
|heading error|,rad,RUNNING_MPC,0.0032582068787321283
|heading error|,rad,RUNNING_MPC,0.00346371769022058
|heading error|,rad,RUNNING_MPC,0.003070885020826975
|heading error|,rad,RUNNING_MPC,0.004567401101458479
|heading error|,rad,RUNNING_MPC,0.004954292104495828
|heading error|,rad,RUNNING_MPC,0.005615348775393159
|heading error|,rad,RUNNING_MPC,0.005597351496632097
|heading error|,rad,RUNNING_MPC,0.00533467710105251
|heading error|,rad,RUNNING_MPC,0.003993108286973079
|heading error|,rad,RUNNING_MPC,0.002794096495301712
|heading error|,rad,RUNNING_MPC,0.001415236740875514
|heading error|,rad,RUNNING_MPC,0.0005246449917022389
|heading error|,rad,RUNNING_MPC,0.000611747273518759
|heading error|,rad,RUNNING_MPC,0.00121602769713558
|heading error|,rad,RUNNING_MPC,0.0014261461523354946
|heading error|,rad,RUNNING_MPC,0.0009652304683078761
|heading error|,rad,RUNNING_MPC,9.556934985255339e-05
|heading error|,rad,RUNNING_MPC,0.0004981283343115095
|heading error|,rad,RUNNING_MPC,0.0019218901597484182
|heading error|,rad,RUNNING_MPC,0.004304583745885271
|heading error|,rad,RUNNING_MPC,0.00184986046412039
|heading error|,rad,RUNNING_MPC,0.0005730021128789176
|heading error|,rad,RUNNING_MPC,0.00033057788773627195
|heading error|,rad,RUNNING_MPC,0.0024589639251879625
|heading error|,rad,RUNNING_MPC,0.0036247101812003635
|heading error|,rad,RUNNING_MPC,0.0040905173823340135
|heading error|,rad,RUNNING_MPC,0.0029878524929451977
|heading error|,rad,RUNNING_MPC,0.0019791687645107636
|heading error|,rad,RUNNING_MPC,0.0016938750549706505
|heading error|,rad,RUNNING_MPC,0.00028689186216102053
|heading error|,rad,RUNNING_MPC,0.00014131510081272225
|heading error|,rad,RUNNING_MPC,0.00027382939258790984
|heading error|,rad,RUNNING_MPC,0.0008985203613103288
|heading error|,rad,RUNNING_MPC,0.0014813514453848597
|heading error|,rad,RUNNING_MPC,0.00098656873628844
|heading error|,rad,RUNNING_MPC,0.0006836189326109299
|heading error|,rad,RUNNING_MPC,0.0003662765209999641
|heading error|,rad,RUNNING_MPC,0.0005785833558848984
|heading error|,rad,RUNNING_MPC,9.551302496113578e-05
|heading error|,rad,RUNNING_MPC,0.00011064793093762404
|heading error|,rad,RUNNING_MPC,0.0001023213384785393
|heading error|,rad,RUNNING_MPC,1.7472978175891996e-05
|heading error|,rad,RUNNING_MPC,6.0092923730881154e-05
|heading error|,rad,RUNNING_MPC,0.00022615050332142062
|heading error|,rad,RUNNING_MPC,0.00010205822930098307
|heading error|,rad,RUNNING_MPC,0.0010160903562499435
|heading error|,rad,RUNNING_MPC,0.0009228797180971249
|heading error|,rad,RUNNING_MPC,0.006442997685625063
|heading error|,rad,RUNNING_MPC,0.012411230203239755
|heading error|,rad,RUNNING_MPC,0.017803297745238922
|heading error|,rad,RUNNING_MPC,0.023022474403644022
|heading error|,rad,RUNNING_MPC,0.03219827724125057
|heading error|,rad,RUNNING_MPC,0.0305147538055115
|heading error|,rad,RUNNING_MPC,0.0332600286610516
|heading error|,rad,RUNNING_MPC,0.0031617809693029746
|heading error|,rad,RUNNING_MPC,0.003803213469984801
|heading error|,rad,RUNNING_MPC,0.014875091682255539
|heading error|,rad,RUNNING_MPC,0.029766064261113726
|heading error|,rad,RUNNING_MPC,0.016295703636787454
|heading error|,rad,RUNNING_MPC,0.02079796701315839
|heading error|,rad,RUNNING_MPC,0.012468927097987859
|heading error|,rad,RUNNING_MPC,0.01938434375212239
|heading error|,rad,RUNNING_MPC,0.007839712152432286
|heading error|,rad,RUNNING_MPC,0.005028211507692504
|heading error|,rad,RUNNING_MPC,0.03654368458103896
|heading error|,rad,RUNNING_MPC,0.04231005107181485
|heading error|,rad,RUNNING_MPC,0.0026297497779608214
|heading error|,rad,RUNNING_MPC,0.012192609742248894
|heading error|,rad,RUNNING_MPC,0.057363859812756844
|heading error|,rad,RUNNING_MPC,0.006880640427660456
|heading error|,rad,RUNNING_MPC,0.028288967784460883
|heading error|,rad,RUNNING_MPC,0.03492755227518618
|heading error|,rad,RUNNING_MPC,0.011205973395304712
|heading error|,rad,RUNNING_MPC,0.02262083409140736
|heading error|,rad,RUNNING_MPC,0.004988779867001636
|heading error|,rad,RUNNING_MPC,0.009869160363638052
|heading error|,rad,RUNNING_MPC,0.03250736120985653
|heading error|,rad,RUNNING_MPC,0.04693506688109261
|heading error|,rad,RUNNING_MPC,0.04208491042311824
|heading error|,rad,RUNNING_MPC,0.03134380364630074
|heading error|,rad,RUNNING_MPC,0.03261089192743327
|heading error|,rad,RUNNING_MPC,0.028331052460546235
|heading error|,rad,RUNNING_MPC,0.04380543044623897
|heading error|,rad,RUNNING_MPC,0.04584177041486859
|heading error|,rad,RUNNING_MPC,0.04514520046794467
|heading error|,rad,RUNNING_MPC,0.04176618223997197
|heading error|,rad,RUNNING_MPC,0.0372389819168375
|heading error|,rad,RUNNING_MPC,0.03309537163019626
|heading error|,rad,RUNNING_MPC,0.026000771045519233
|heading error|,rad,RUNNING_MPC,0.024146625299615643
|heading error|,rad,RUNNING_MPC,0.024885331680046363
|heading error|,rad,RUNNING_MPC,0.008208883250079069
|heading error|,rad,RUNNING_MPC,0.024043428489398447
|heading error|,rad,RUNNING_MPC,0.0005830884266733172
|heading error|,rad,RUNNING_MPC,0.026098204412014603
|heading error|,rad,RUNNING_MPC,0.006877056205346843
|heading error|,rad,RUNNING_MPC,0.031492306630196865
|heading error|,rad,RUNNING_MPC,0.01114469063755541
|heading error|,rad,RUNNING_MPC,0.03908024376982011
|heading error|,rad,RUNNING_MPC,0.014434913070886067
|heading error|,rad,RUNNING_MPC,0.005509680289301322
|heading error|,rad,RUNNING_MPC,0.010577209607452785
|heading error|,rad,RUNNING_MPC,0.03140288248985223
|heading error|,rad,RUNNING_MPC,0.040001166464643134
|heading error|,rad,RUNNING_MPC,0.034948932174069025
|heading error|,rad,RUNNING_MPC,0.05616521582968328
|heading error|,rad,RUNNING_MPC,0.028133657803772305
|heading error|,rad,RUNNING_MPC,0.04671519611008801
|heading error|,rad,RUNNING_MPC,0.06197197942189225
|heading error|,rad,RUNNING_MPC,0.06443642808810203
|heading error|,rad,RUNNING_MPC,0.047039398934253907
|heading error|,rad,RUNNING_MPC,0.056101446702548685
|heading error|,rad,RUNNING_MPC,0.02501426845024124
|heading error|,rad,RUNNING_MPC,0.019144532302910466
|heading error|,rad,RUNNING_MPC,0.01346727601123554
|heading error|,rad,RUNNING_MPC,0.017000184150752332
|heading error|,rad,RUNNING_MPC,0.029585791305245746
|heading error|,rad,RUNNING_MPC,0.002255484235648808
|heading error|,rad,RUNNING_MPC,0.0178389713542475
|heading error|,rad,RUNNING_MPC,0.0019709639263192353
|heading error|,rad,RUNNING_MPC,0.003805257731101186
|heading error|,rad,RUNNING_MPC,0.011951407359014343
|heading error|,rad,RUNNING_MPC,0.027592951389376452
|heading error|,rad,RUNNING_MPC,0.03024562315323731
|heading error|,rad,RUNNING_MPC,0.040465276326619115
|heading error|,rad,RUNNING_MPC,0.025726992967509684
|heading error|,rad,RUNNING_MPC,0.03681863164755805
|heading error|,rad,RUNNING_MPC,0.03303895382287658
|heading error|,rad,RUNNING_MPC,0.027819748178902426
|heading error|,rad,RUNNING_MPC,0.020535088976817665
|heading error|,rad,RUNNING_MPC,0.014221069403510977
|heading error|,rad,RUNNING_MPC,0.009949124760420425
|heading error|,rad,RUNNING_MPC,0.010745179242841907
|heading error|,rad,RUNNING_MPC,0.011640198473652497
|heading error|,rad,RUNNING_MPC,0.009602900992298213
|heading error|,rad,RUNNING_MPC,0.011491807461042391
|heading error|,rad,RUNNING_MPC,0.011478873281778768
|heading error|,rad,RUNNING_MPC,0.00660372627676864
|heading error|,rad,RUNNING_MPC,0.004600322798723244
|heading error|,rad,RUNNING_MPC,0.005974769515020739
|heading error|,rad,RUNNING_MPC,0.004002135763706338
|heading error|,rad,RUNNING_MPC,0.0033399355374572615
|heading error|,rad,RUNNING_MPC,0.004329617737662161
|heading error|,rad,RUNNING_MPC,0.0018188077312584205
|heading error|,rad,RUNNING_MPC,0.006739826875949984
|heading error|,rad,RUNNING_MPC,0.007452950567184757
|heading error|,rad,RUNNING_MPC,0.011961555595568774
|heading error|,rad,RUNNING_MPC,0.016461663091569045
|heading error|,rad,RUNNING_MPC,0.015431936505201804
|heading error|,rad,RUNNING_MPC,0.018964592661149027
|heading error|,rad,RUNNING_MPC,0.008231052720230059
|heading error|,rad,RUNNING_MPC,0.01994279200541471
|heading error|,rad,RUNNING_MPC,0.00843050596323125
|heading error|,rad,RUNNING_MPC,0.021022168063075775
|heading error|,rad,RUNNING_MPC,0.008656108799398377
|heading error|,rad,RUNNING_MPC,0.012103333619625456
|heading error|,rad,RUNNING_MPC,0.00874484520100216
|heading error|,rad,RUNNING_MPC,0.005096991761778691
|heading error|,rad,RUNNING_MPC,0.009071689948459083
|heading error|,rad,RUNNING_MPC,0.005484013435120394
|heading error|,rad,RUNNING_MPC,0.011061472246755244
|heading error|,rad,RUNNING_MPC,0.0234353632813542
|heading error|,rad,RUNNING_MPC,0.022600538339038412
|heading error|,rad,RUNNING_MPC,0.020497894967146157
|heading error|,rad,RUNNING_MPC,0.017767349411619504
|heading error|,rad,RUNNING_MPC,0.022962874925188448
|heading error|,rad,RUNNING_MPC,0.027785909408334142
|heading error|,rad,RUNNING_MPC,0.025383450598229995
|heading error|,rad,RUNNING_MPC,0.015388282186908462
|heading error|,rad,RUNNING_MPC,0.013973595370212477
|heading error|,rad,RUNNING_MPC,0.03537748109563155
|heading error|,rad,RUNNING_MPC,0.019784774152297846
|heading error|,rad,RUNNING_MPC,0.012362610793778872
|heading error|,rad,RUNNING_MPC,0.017582577083707033
|heading error|,rad,RUNNING_MPC,0.02106591694190829
|heading error|,rad,RUNNING_MPC,0.03834807536782514
|heading error|,rad,RUNNING_MPC,0.036573351477290565
|heading error|,rad,RUNNING_MPC,0.04831988925535735
|heading error|,rad,RUNNING_MPC,0.047384023385012464
|heading error|,rad,RUNNING_MPC,0.04264833448355776
|heading error|,rad,RUNNING_MPC,0.03128293391719028
|heading error|,rad,RUNNING_MPC,0.028565143106184188
|heading error|,rad,RUNNING_MPC,0.026211003079038564
|heading error|,rad,RUNNING_MPC,0.013878314685219717
|heading error|,rad,RUNNING_MPC,0.016417799657853616
|heading error|,rad,RUNNING_MPC,0.008396771907576817
|heading error|,rad,RUNNING_MPC,0.013194298937341253
|heading error|,rad,RUNNING_MPC,0.011294460166549891
|heading error|,rad,RUNNING_MPC,0.010118689591449237
|heading error|,rad,RUNNING_MPC,0.010537892002311922
|heading error|,rad,RUNNING_MPC,0.011499805447435785
|heading error|,rad,RUNNING_MPC,0.011577021820351918
|heading error|,rad,RUNNING_MPC,0.011697577700514718
|heading error|,rad,RUNNING_MPC,0.009669968051344237
|heading error|,rad,RUNNING_MPC,0.007061129369532071
|heading error|,rad,RUNNING_MPC,0.0031611294874914764
|heading error|,rad,RUNNING_MPC,0.00015152238622462288
|heading error|,rad,RUNNING_MPC,0.0033350018762178246
|heading error|,rad,RUNNING_MPC,0.004732710604432255
|heading error|,rad,RUNNING_MPC,0.0054190160253544395
|heading error|,rad,RUNNING_MPC,0.005267971005623262
|heading error|,rad,RUNNING_MPC,0.004424996305991358
|heading error|,rad,RUNNING_MPC,0.0032019256206331508
|heading error|,rad,RUNNING_MPC,0.0022774974776029744
|heading error|,rad,RUNNING_MPC,0.0010315027452617587
|heading error|,rad,RUNNING_MPC,0.0004140442050654114
|heading error|,rad,RUNNING_MPC,6.980340370388305e-05
|heading error|,rad,RUNNING_MPC,0.00020604480329133867
|heading error|,rad,RUNNING_MPC,0.00042994411539232225
|heading error|,rad,RUNNING_MPC,0.0006347829455189968
|heading error|,rad,RUNNING_MPC,0.0015235038972051251
|heading error|,rad,RUNNING_MPC,0.0006036208130606456
|heading error|,rad,RUNNING_MPC,0.0013831797656781442
|heading error|,rad,RUNNING_MPC,0.002971446022559942
|heading error|,rad,RUNNING_MPC,0.0035610524040877727
|heading error|,rad,RUNNING_MPC,0.00366878637146395
|heading error|,rad,RUNNING_MPC,0.003265751575188491
|heading error|,rad,RUNNING_MPC,0.00264163336283485
|heading error|,rad,RUNNING_MPC,0.0019953446477521952
|heading error|,rad,RUNNING_MPC,0.0008274523325980665
|heading error|,rad,RUNNING_MPC,8.357778207179756e-05
|heading error|,rad,RUNNING_MPC,0.0006202416511329467
|heading error|,rad,RUNNING_MPC,0.0009838661226019285
|heading error|,rad,RUNNING_MPC,0.000966045624767764
|heading error|,rad,RUNNING_MPC,0.0008140094326224423
|heading error|,rad,RUNNING_MPC,0.00010095282342648115
|heading error|,rad,RUNNING_MPC,0.00012071690083104158
|heading error|,rad,RUNNING_MPC,0.0007578178927820645
|heading error|,rad,RUNNING_MPC,0.0012079144655511298
|heading error|,rad,RUNNING_MPC,0.001349289367389761
|heading error|,rad,RUNNING_MPC,0.0014297368346637418
|heading error|,rad,RUNNING_MPC,0.0012350387157304965
|heading error|,rad,RUNNING_MPC,0.0012206276530922766
|heading error|,rad,RUNNING_MPC,0.000883103859238399
|heading error|,rad,RUNNING_MPC,0.0006098530352335318
|heading error|,rad,RUNNING_MPC,0.0004917242459332449
|heading error|,rad,RUNNING_MPC,0.00026571509471762234
|heading error|,rad,RUNNING_MPC,0.00042711768375591763
|heading error|,rad,RUNNING_MPC,0.0003890403152917443
|heading error|,rad,RUNNING_MPC,0.0004024413978154229
|heading error|,rad,RUNNING_MPC,0.0005836581643663408
|heading error|,rad,RUNNING_MPC,0.0006739287380900238
|heading error|,rad,RUNNING_MPC,0.0007334408225407874
|heading error|,rad,RUNNING_MPC,0.000832268712441464
|heading error|,rad,RUNNING_MPC,0.0008329024168994836
|heading error|,rad,RUNNING_MPC,0.0009170037417743915
|heading error|,rad,RUNNING_MPC,0.0005382353125307215
|heading error|,rad,RUNNING_MPC,0.00046668261823734625
|heading error|,rad,RUNNING_MPC,0.0003961055332585284
|heading error|,rad,RUNNING_MPC,0.0010734395515578088
|heading error|,rad,RUNNING_MPC,0.0017434271136165247
|heading error|,rad,RUNNING_MPC,0.001124169109540496
|heading error|,rad,RUNNING_MPC,0.0005251411187837673
|heading error|,rad,RUNNING_MPC,0.0002665320630607093
|heading error|,rad,RUNNING_MPC,0.0042149883818717315
|heading error|,rad,RUNNING_MPC,0.0015911286515563061
|heading error|,rad,RUNNING_MPC,0.0052587016517609
|heading error|,rad,RUNNING_MPC,0.005599112682064589
|heading error|,rad,RUNNING_MPC,0.0015709769932091833
|heading error|,rad,RUNNING_MPC,0.001022241908033239
|heading error|,rad,RUNNING_MPC,0.002048972740957389
|heading error|,rad,RUNNING_MPC,0.0033201447614740203
|heading error|,rad,RUNNING_MPC,0.004095130766590405
|heading error|,rad,RUNNING_MPC,0.004294398427646451
|heading error|,rad,RUNNING_MPC,0.00404890701238636
|heading error|,rad,RUNNING_MPC,0.003071964985116749
|heading error|,rad,RUNNING_MPC,0.0018680771190056067
|heading error|,rad,RUNNING_MPC,0.0009822969485187016
|heading error|,rad,RUNNING_MPC,7.400216574937613e-05
|heading error|,rad,RUNNING_MPC,0.000502643643231493
|heading error|,rad,RUNNING_MPC,0.0009248409538324953
|heading error|,rad,RUNNING_MPC,0.0015126014661625
|heading error|,rad,RUNNING_MPC,0.0014031409851777976
|heading error|,rad,RUNNING_MPC,0.0012784427551051358
|heading error|,rad,RUNNING_MPC,0.0011969077365506786
|heading error|,rad,RUNNING_MPC,0.0010099464364554667
|heading error|,rad,RUNNING_MPC,0.0009143746397028973
|heading error|,rad,RUNNING_MPC,0.0005241995767915064
|heading error|,rad,RUNNING_MPC,0.0004122351623164766
|heading error|,rad,RUNNING_MPC,0.000267784449945796
|heading error|,rad,RUNNING_MPC,0.0004453313306721496
|heading error|,rad,RUNNING_MPC,0.0006118647619284268
|heading error|,rad,RUNNING_MPC,0.0007102335050129804
|heading error|,rad,RUNNING_MPC,0.0007108091647555215
|heading error|,rad,RUNNING_MPC,0.0006504126531928777
|heading error|,rad,RUNNING_MPC,2.3523584619988824e-05
|heading error|,rad,RUNNING_MPC,0.0026908935344318596
|heading error|,rad,RUNNING_MPC,0.0017364849359448042
|heading error|,rad,RUNNING_MPC,0.002919057395080915
|heading error|,rad,RUNNING_MPC,0.004040893478452823
|heading error|,rad,RUNNING_MPC,0.0017276418932056226
|heading error|,rad,RUNNING_MPC,0.001416853577849042
|heading error|,rad,RUNNING_MPC,0.0002580358693434759
|heading error|,rad,RUNNING_MPC,0.00828672680198872
|heading error|,rad,RUNNING_MPC,0.0060934187775076865
|heading error|,rad,RUNNING_MPC,0.01110992205653194
|heading error|,rad,RUNNING_MPC,0.012332198485173529
|heading error|,rad,RUNNING_MPC,0.001529329917511757
|heading error|,rad,RUNNING_MPC,0.013492989792587395
|heading error|,rad,RUNNING_MPC,0.02016718020335473
|heading error|,rad,RUNNING_MPC,0.014852854126711001
|heading error|,rad,RUNNING_MPC,0.021059998670260205
|heading error|,rad,RUNNING_MPC,0.01318055992558709
|heading error|,rad,RUNNING_MPC,0.005374371249488585
|heading error|,rad,RUNNING_MPC,0.021942247293896933
|heading error|,rad,RUNNING_MPC,0.023410840790636378
|heading error|,rad,RUNNING_MPC,0.02465172968732754
|heading error|,rad,RUNNING_MPC,0.02883774095211028
|heading error|,rad,RUNNING_MPC,0.04034319199475977
|heading error|,rad,RUNNING_MPC,0.036607544255597764
|heading error|,rad,RUNNING_MPC,0.04701348049156772
|heading error|,rad,RUNNING_MPC,0.03569068315330132
|heading error|,rad,RUNNING_MPC,0.04805748426948969
|heading error|,rad,RUNNING_MPC,0.041878288257087865
|heading error|,rad,RUNNING_MPC,0.04102036027932038
|heading error|,rad,RUNNING_MPC,0.03757634105924185
|heading error|,rad,RUNNING_MPC,0.03480125841220159
|heading error|,rad,RUNNING_MPC,0.02468798956427104
|heading error|,rad,RUNNING_MPC,0.02660854767209439
|heading error|,rad,RUNNING_MPC,0.024759074600693626
|heading error|,rad,RUNNING_MPC,0.022619168634017212
|heading error|,rad,RUNNING_MPC,0.01354710239690568
|heading error|,rad,RUNNING_MPC,0.010515989833860727
|heading error|,rad,RUNNING_MPC,0.016394172102795423
|heading error|,rad,RUNNING_MPC,0.015733387257079005
|heading error|,rad,RUNNING_MPC,0.017695730016476403
|heading error|,rad,RUNNING_MPC,0.01769373743142565
|heading error|,rad,RUNNING_MPC,0.017669170709859135
|heading error|,rad,RUNNING_MPC,0.02256739148069406
|heading error|,rad,RUNNING_MPC,0.021628136770232495
|heading error|,rad,RUNNING_MPC,0.02034364628644395
|heading error|,rad,RUNNING_MPC,0.02068495653584826
|heading error|,rad,RUNNING_MPC,0.01474773290317534
|heading error|,rad,RUNNING_MPC,0.013076664132580157
|heading error|,rad,RUNNING_MPC,0.012670164008048823
|heading error|,rad,RUNNING_MPC,0.00958506693434015
|heading error|,rad,RUNNING_MPC,0.010244667655501888
|heading error|,rad,RUNNING_MPC,0.008685236573901578
|heading error|,rad,RUNNING_MPC,0.006159359257349978
|heading error|,rad,RUNNING_MPC,0.005871184024567183
|heading error|,rad,RUNNING_MPC,0.004866299567841681
|heading error|,rad,RUNNING_MPC,0.004004807708023528
|heading error|,rad,RUNNING_MPC,0.0029634178593709037
|heading error|,rad,RUNNING_MPC,0.0016425115467351978
|heading error|,rad,RUNNING_MPC,0.00031803679391226303
|heading error|,rad,RUNNING_MPC,0.00014356910830998218
|heading error|,rad,RUNNING_MPC,0.004414965473603928
|heading error|,rad,RUNNING_MPC,0.007277505121774011
|heading error|,rad,RUNNING_MPC,0.004221450702831309
|heading error|,rad,RUNNING_MPC,0.00887252721437519
|heading error|,rad,RUNNING_MPC,0.011353058989364048
|heading error|,rad,RUNNING_MPC,0.0054260452663907124
|heading error|,rad,RUNNING_MPC,0.009053630673917804
|heading error|,rad,RUNNING_MPC,0.010531198153302794
|heading error|,rad,RUNNING_MPC,0.02077761755166014
|heading error|,rad,RUNNING_MPC,0.021945713277259964
|heading error|,rad,RUNNING_MPC,0.025567678726122776
|heading error|,rad,RUNNING_MPC,0.024305717806580092
|heading error|,rad,RUNNING_MPC,0.025540524609407648
|heading error|,rad,RUNNING_MPC,0.026939427277404338
|heading error|,rad,RUNNING_MPC,0.02348138486217481
|heading error|,rad,RUNNING_MPC,0.014363975561144132
|heading error|,rad,RUNNING_MPC,0.02246468669054033
|heading error|,rad,RUNNING_MPC,0.02423024016587158
|heading error|,rad,RUNNING_MPC,0.01626747730311201
|heading error|,rad,RUNNING_MPC,0.01702074369092704
|heading error|,rad,RUNNING_MPC,0.024841929883358094
|heading error|,rad,RUNNING_MPC,0.034321316379702205
|heading error|,rad,RUNNING_MPC,0.03666828013759277
|heading error|,rad,RUNNING_MPC,0.05066116600885262
|heading error|,rad,RUNNING_MPC,0.0495157020449819
|heading error|,rad,RUNNING_MPC,0.05024215834712514
|heading error|,rad,RUNNING_MPC,0.04038323596808452
|heading error|,rad,RUNNING_MPC,0.04092223228447617
|heading error|,rad,RUNNING_MPC,0.025295640781720863
|heading error|,rad,RUNNING_MPC,0.02932817094742168
|heading error|,rad,RUNNING_MPC,0.01794752152310619
|heading error|,rad,RUNNING_MPC,0.018461111051824464
|heading error|,rad,RUNNING_MPC,0.016063065276029295
|heading error|,rad,RUNNING_MPC,0.018868897489313086
|heading error|,rad,RUNNING_MPC,0.02241118325713454
|heading error|,rad,RUNNING_MPC,0.021830511462469282
|heading error|,rad,RUNNING_MPC,0.021522591407429847
|heading error|,rad,RUNNING_MPC,0.024901133674684273
|heading error|,rad,RUNNING_MPC,0.023042836995832205
|heading error|,rad,RUNNING_MPC,0.023269511381236452
|heading error|,rad,RUNNING_MPC,0.022519927397305906
|heading error|,rad,RUNNING_MPC,0.018783985841594127
|heading error|,rad,RUNNING_MPC,0.013673636320025937
|heading error|,rad,RUNNING_MPC,0.01409139377186841
|heading error|,rad,RUNNING_MPC,0.008638616278625721
|heading error|,rad,RUNNING_MPC,0.010606317783763752
|heading error|,rad,RUNNING_MPC,0.01091098880897312
|heading error|,rad,RUNNING_MPC,0.010492282090176053
|heading error|,rad,RUNNING_MPC,0.01140362456794164
|heading error|,rad,RUNNING_MPC,0.011059152351156622
|heading error|,rad,RUNNING_MPC,0.00981476297270123
|heading error|,rad,RUNNING_MPC,0.006243972956774812
|heading error|,rad,RUNNING_MPC,0.0045301799160515355
|heading error|,rad,RUNNING_MPC,0.0028679169082244105
|heading error|,rad,RUNNING_MPC,0.0015260639921470531
|heading error|,rad,RUNNING_MPC,0.001178164852391639
|heading error|,rad,RUNNING_MPC,0.0005868416054364278
|heading error|,rad,RUNNING_MPC,0.000735492420642192
|heading error|,rad,RUNNING_MPC,0.0009148229705762123
|heading error|,rad,RUNNING_MPC,0.0010904579999088115
|heading error|,rad,RUNNING_MPC,0.001574823932171343
|heading error|,rad,RUNNING_MPC,0.0016892386555932282
|heading error|,rad,RUNNING_MPC,0.001754809097115784
|heading error|,rad,RUNNING_MPC,0.0017176354589453213
|heading error|,rad,RUNNING_MPC,0.0018571023199734913
|heading error|,rad,RUNNING_MPC,0.001082788233032983
|heading error|,rad,RUNNING_MPC,0.0007182091127343471
|heading error|,rad,RUNNING_MPC,0.0005018153292308813
|heading error|,rad,RUNNING_MPC,0.000962410937929814
|heading error|,rad,RUNNING_MPC,0.001679614909090299
|heading error|,rad,RUNNING_MPC,0.00011010299288616299
|heading error|,rad,RUNNING_MPC,0.00106895250526895
|heading error|,rad,RUNNING_MPC,0.00019611942951536232
|heading error|,rad,RUNNING_MPC,0.0015502288906888984
|heading error|,rad,RUNNING_MPC,0.0011189351121336788
|heading error|,rad,RUNNING_MPC,0.0014192668051191681
|heading error|,rad,RUNNING_MPC,0.0036563051847497974
|heading error|,rad,RUNNING_MPC,0.0034663529892928757
|heading error|,rad,RUNNING_MPC,0.0020238955937084135
|heading error|,rad,RUNNING_MPC,0.012107855173701498
|heading error|,rad,RUNNING_MPC,0.011739212266006827
|heading error|,rad,RUNNING_MPC,0.005624943030689056
|heading error|,rad,RUNNING_MPC,0.0020705506482160407
|heading error|,rad,RUNNING_MPC,0.01086406250726868
|heading error|,rad,RUNNING_MPC,0.004952246295704232
|heading error|,rad,RUNNING_MPC,0.0005223384479395854
|heading error|,rad,RUNNING_MPC,0.005317766210308883
|heading error|,rad,RUNNING_MPC,0.00432525987400495
|heading error|,rad,RUNNING_MPC,0.005549501923380051
|heading error|,rad,RUNNING_MPC,0.007955826665406118
|heading error|,rad,RUNNING_MPC,0.005411359473922406
|heading error|,rad,RUNNING_MPC,0.0037265307925967717
|heading error|,rad,RUNNING_MPC,0.004274635494104062
|heading error|,rad,RUNNING_MPC,0.003893147709472078
|heading error|,rad,RUNNING_MPC,0.0024327074528257275
|heading error|,rad,RUNNING_MPC,0.008694652669998637
|heading error|,rad,RUNNING_MPC,0.01678970172270119
|heading error|,rad,RUNNING_MPC,0.0050228036097367396
|heading error|,rad,RUNNING_MPC,0.000976993658407699
|heading error|,rad,RUNNING_MPC,0.006819575697845079
|heading error|,rad,RUNNING_MPC,0.007458574139118969
|heading error|,rad,RUNNING_MPC,0.011348142451185025
|heading error|,rad,RUNNING_MPC,0.026733679204780675
|heading error|,rad,RUNNING_MPC,0.021256749954556176
|heading error|,rad,RUNNING_MPC,0.03171822411290223
|heading error|,rad,RUNNING_MPC,0.00443695769452962
|heading error|,rad,RUNNING_MPC,0.015811827084285468
|heading error|,rad,RUNNING_MPC,0.02805170552739672
|heading error|,rad,RUNNING_MPC,0.0006552700500275233
|heading error|,rad,RUNNING_MPC,0.04200444271335202
|heading error|,rad,RUNNING_MPC,0.005447971627058901
|heading error|,rad,RUNNING_MPC,0.009377774529983895
|heading error|,rad,RUNNING_MPC,0.013561135314076878
|heading error|,rad,RUNNING_MPC,0.018749341722541835
|heading error|,rad,RUNNING_MPC,0.06687918736494436
|heading error|,rad,RUNNING_MPC,0.03007632063368948
|heading error|,rad,RUNNING_MPC,0.024867425557970724
|heading error|,rad,RUNNING_MPC,0.06022035639655444
|heading error|,rad,RUNNING_MPC,0.05804988554896351
|heading error|,rad,RUNNING_MPC,0.02747805705227213
|heading error|,rad,RUNNING_MPC,0.025315607392285333
|heading error|,rad,RUNNING_MPC,0.018196373067181026
|heading error|,rad,RUNNING_MPC,0.02250457073396306
|heading error|,rad,RUNNING_MPC,0.008064929533721621
|heading error|,rad,RUNNING_MPC,0.014619851933406203
|heading error|,rad,RUNNING_MPC,0.021317047392027222
|heading error|,rad,RUNNING_MPC,0.01928505600822117
|heading error|,rad,RUNNING_MPC,0.01631952555875582
|heading error|,rad,RUNNING_MPC,0.016917446248622126
|heading error|,rad,RUNNING_MPC,0.00552163055293442
|heading error|,rad,RUNNING_MPC,0.0026560124875187885
|heading error|,rad,RUNNING_MPC,0.0032454372087615813
|heading error|,rad,RUNNING_MPC,5.0631986195481815e-05
|heading error|,rad,RUNNING_MPC,0.0010274348107650597
|heading error|,rad,RUNNING_MPC,0.001205790735526291
|heading error|,rad,RUNNING_MPC,0.004881086197890072
|heading error|,rad,RUNNING_MPC,0.002587948047853228
|heading error|,rad,RUNNING_MPC,0.003891299085337918
|heading error|,rad,RUNNING_MPC,0.004321836896621578
|heading error|,rad,RUNNING_MPC,0.005780531902658925
|heading error|,rad,RUNNING_MPC,0.0068548103032191054
|heading error|,rad,RUNNING_MPC,0.007993281058087165
|heading error|,rad,RUNNING_MPC,0.008428953773321979
|heading error|,rad,RUNNING_MPC,0.009833826245710942
|heading error|,rad,RUNNING_MPC,0.005416440945596124
|heading error|,rad,RUNNING_MPC,0.009248428693640509
|heading error|,rad,RUNNING_MPC,0.006573949168928728
|heading error|,rad,RUNNING_MPC,0.0050582518215387395
|heading error|,rad,RUNNING_MPC,0.0069502055831238705
|heading error|,rad,RUNNING_MPC,0.005535116081157643
|heading error|,rad,RUNNING_MPC,0.003929845477959937
|heading error|,rad,RUNNING_MPC,0.0069581106140450535
|heading error|,rad,RUNNING_MPC,0.01058040505498359
|heading error|,rad,RUNNING_MPC,0.009373974797226126
|heading error|,rad,RUNNING_MPC,0.002130082163589453
|heading error|,rad,RUNNING_MPC,0.014492620795439668
|heading error|,rad,RUNNING_MPC,0.0007002426679740825
|heading error|,rad,RUNNING_MPC,0.006953098627822785
|heading error|,rad,RUNNING_MPC,0.014394002437801978
|heading error|,rad,RUNNING_MPC,0.012527056921879165
|heading error|,rad,RUNNING_MPC,0.020650439038381707
|heading error|,rad,RUNNING_MPC,0.0005947953996705556
|heading error|,rad,RUNNING_MPC,0.004447724458043201
|heading error|,rad,RUNNING_MPC,0.004077783137498514
|heading error|,rad,RUNNING_MPC,0.00019799423178445963
|heading error|,rad,RUNNING_MPC,0.004076825005806639
|heading error|,rad,RUNNING_MPC,0.007612653259861268
|heading error|,rad,RUNNING_MPC,0.002116353464109544
|heading error|,rad,RUNNING_MPC,0.015033556046003538
|heading error|,rad,RUNNING_MPC,0.009708106473467204
|heading error|,rad,RUNNING_MPC,0.02405673945005249
|heading error|,rad,RUNNING_MPC,0.02154090925752183
|heading error|,rad,RUNNING_MPC,0.026125546355206808
|heading error|,rad,RUNNING_MPC,0.0013549165626195459
|heading error|,rad,RUNNING_MPC,0.023067857690536986
|heading error|,rad,RUNNING_MPC,0.01059886876963062
|heading error|,rad,RUNNING_MPC,0.007394853054212002
|heading error|,rad,RUNNING_MPC,0.007036524184824533
|heading error|,rad,RUNNING_MPC,0.010544784253169737
|heading error|,rad,RUNNING_MPC,0.04234591124618339
|heading error|,rad,RUNNING_MPC,0.02309752852797739
|heading error|,rad,RUNNING_MPC,0.01612246450773981
|heading error|,rad,RUNNING_MPC,0.008001613248166773
|heading error|,rad,RUNNING_MPC,0.03558875490480928
|heading error|,rad,RUNNING_MPC,0.027191389285548137
|heading error|,rad,RUNNING_MPC,0.03226586754730226
|heading error|,rad,RUNNING_MPC,0.005641611144103942
|heading error|,rad,RUNNING_MPC,0.0004598371062486395
|heading error|,rad,RUNNING_MPC,0.0050994714150126574
|heading error|,rad,RUNNING_MPC,0.008857951967073674
|heading error|,rad,RUNNING_MPC,0.04525195532407451
|heading error|,rad,RUNNING_MPC,0.0402611106573848
|heading error|,rad,RUNNING_MPC,0.009552458315421841
|heading error|,rad,RUNNING_MPC,0.020179625841955984
|heading error|,rad,RUNNING_MPC,0.019852772474933333
|heading error|,rad,RUNNING_MPC,0.02066328057738276
|heading error|,rad,RUNNING_MPC,0.012204275695378963
|heading error|,rad,RUNNING_MPC,0.024185873090660007
|heading error|,rad,RUNNING_MPC,0.024568526435506333
|heading error|,rad,RUNNING_MPC,0.016370064380691995
|heading error|,rad,RUNNING_MPC,0.0470519438253314
|heading error|,rad,RUNNING_MPC,0.017184805693711613
|heading error|,rad,RUNNING_MPC,0.011221746364482144
|heading error|,rad,RUNNING_MPC,0.018430607894495132
|heading error|,rad,RUNNING_MPC,0.008711569996211033
|heading error|,rad,RUNNING_MPC,0.020223913212024547
|heading error|,rad,RUNNING_MPC,0.016874639011445373
|heading error|,rad,RUNNING_MPC,0.010446256838081869
|heading error|,rad,RUNNING_MPC,0.015509800508133775
|heading error|,rad,RUNNING_MPC,0.010146095425191737
|heading error|,rad,RUNNING_MPC,0.009690009243878972
|heading error|,rad,RUNNING_MPC,0.009627989892743605
|heading error|,rad,RUNNING_MPC,0.008531425207046084
|heading error|,rad,RUNNING_MPC,0.007896241955504202
|heading error|,rad,RUNNING_MPC,0.005936293559959838
|heading error|,rad,RUNNING_MPC,0.0010351217759645426
|heading error|,rad,RUNNING_MPC,0.0005071088821400062
|heading error|,rad,RUNNING_MPC,0.0005666981597394205
|heading error|,rad,RUNNING_MPC,0.003280992067032251
|heading error|,rad,RUNNING_MPC,0.0015218978462849808
|heading error|,rad,RUNNING_MPC,0.003650094628575351
|heading error|,rad,RUNNING_MPC,0.0048120224714041085
|heading error|,rad,RUNNING_MPC,0.0004620820964895689
|heading error|,rad,RUNNING_MPC,0.0012101476686483537
|heading error|,rad,RUNNING_MPC,4.292178764409016e-06
|heading error|,rad,RUNNING_MPC,0.0009452812449717296
|heading error|,rad,RUNNING_MPC,0.003184714711532255
|heading error|,rad,RUNNING_MPC,0.002161292460981734
|heading error|,rad,RUNNING_MPC,0.004121828021099283
|heading error|,rad,RUNNING_MPC,0.0020854642706000792
|heading error|,rad,RUNNING_MPC,0.008096881126841595
|heading error|,rad,RUNNING_MPC,0.006070002107507522
|heading error|,rad,RUNNING_MPC,0.00826137690364992
|heading error|,rad,RUNNING_MPC,0.00852539698442123
|heading error|,rad,RUNNING_MPC,0.009574636133337311
|heading error|,rad,RUNNING_MPC,0.0052431910074148816
|heading error|,rad,RUNNING_MPC,0.005870954093164293
|heading error|,rad,RUNNING_MPC,0.0003405668422999941
|heading error|,rad,RUNNING_MPC,0.0026995029814367304
|heading error|,rad,RUNNING_MPC,0.005138312431260061
|heading error|,rad,RUNNING_MPC,0.0007377882180872319
|heading error|,rad,RUNNING_MPC,0.007240725634698464
|heading error|,rad,RUNNING_MPC,0.005182267558019982
|heading error|,rad,RUNNING_MPC,0.0025276384619146164
|heading error|,rad,RUNNING_MPC,0.008596149346979942
|heading error|,rad,RUNNING_MPC,0.014857687100629402
|heading error|,rad,RUNNING_MPC,0.01212371608058449
|heading error|,rad,RUNNING_MPC,0.012752050403152413
|heading error|,rad,RUNNING_MPC,0.02172419932376024
|heading error|,rad,RUNNING_MPC,0.010375341637591575
|heading error|,rad,RUNNING_MPC,0.018038514129774086
|heading error|,rad,RUNNING_MPC,0.014582089994414238
|heading error|,rad,RUNNING_MPC,0.0052045420220867555
|heading error|,rad,RUNNING_MPC,0.008891249572968052
|heading error|,rad,RUNNING_MPC,0.013287317221976958
|heading error|,rad,RUNNING_MPC,0.010627419698715501
|heading error|,rad,RUNNING_MPC,0.008027724553981264
|heading error|,rad,RUNNING_MPC,0.014696432868704479
|heading error|,rad,RUNNING_MPC,0.021974281451548006
|heading error|,rad,RUNNING_MPC,0.020973829259987253
|heading error|,rad,RUNNING_MPC,0.011029722892315075
|heading error|,rad,RUNNING_MPC,0.029015700215345053
|heading error|,rad,RUNNING_MPC,0.037763550054542794
|heading error|,rad,RUNNING_MPC,0.04208551623789303
|heading error|,rad,RUNNING_MPC,0.03101924318016236
|heading error|,rad,RUNNING_MPC,0.04631058299811076
|heading error|,rad,RUNNING_MPC,0.03897934313758933
|heading error|,rad,RUNNING_MPC,0.04166164908841496
|heading error|,rad,RUNNING_MPC,0.035692036002440634
|heading error|,rad,RUNNING_MPC,0.03248355402099978
|heading error|,rad,RUNNING_MPC,0.026044975484496465
|heading error|,rad,RUNNING_MPC,0.017095901534573077
|heading error|,rad,RUNNING_MPC,0.01779790254422986
|heading error|,rad,RUNNING_MPC,0.014913061339148381
|heading error|,rad,RUNNING_MPC,0.008648581510986464
|heading error|,rad,RUNNING_MPC,0.009021727785695433
|heading error|,rad,RUNNING_MPC,0.009186118881779226
|heading error|,rad,RUNNING_MPC,0.009228968420171846
|heading error|,rad,RUNNING_MPC,0.008813418390365424
|heading error|,rad,RUNNING_MPC,0.010487641752418675
|heading error|,rad,RUNNING_MPC,0.009591664303666203
|heading error|,rad,RUNNING_MPC,0.007904862785878208
|heading error|,rad,RUNNING_MPC,0.0034028311925751176
|heading error|,rad,RUNNING_MPC,0.00047744374996039335
|heading error|,rad,RUNNING_MPC,0.0022440991277647977
|heading error|,rad,RUNNING_MPC,0.0042629130032048055
|heading error|,rad,RUNNING_MPC,0.00602670430781993
|heading error|,rad,RUNNING_MPC,0.005975546162249046
|heading error|,rad,RUNNING_MPC,0.005146018656194684
|heading error|,rad,RUNNING_MPC,0.003801508421465538
|heading error|,rad,RUNNING_MPC,0.0012388409302808157
|heading error|,rad,RUNNING_MPC,0.0006479584949388162
|heading error|,rad,RUNNING_MPC,0.0015536133748463854
|heading error|,rad,RUNNING_MPC,0.0025660791357533523
|heading error|,rad,RUNNING_MPC,0.0029075038706349865
|heading error|,rad,RUNNING_MPC,0.002570893293194043
|heading error|,rad,RUNNING_MPC,0.0019560517618999462
|heading error|,rad,RUNNING_MPC,0.0007662337816132236
|heading error|,rad,RUNNING_MPC,0.00036741235099713165
|heading error|,rad,RUNNING_MPC,0.0011245160524198106
|heading error|,rad,RUNNING_MPC,0.0013837540644252575
|heading error|,rad,RUNNING_MPC,0.001627117104092246
|heading error|,rad,RUNNING_MPC,0.0015457279136015243
|heading error|,rad,RUNNING_MPC,0.0011719646203096623
|heading error|,rad,RUNNING_MPC,0.000781127831332995
|heading error|,rad,RUNNING_MPC,0.00010139200296199746
|heading error|,rad,RUNNING_MPC,9.263483526567029e-05
|heading error|,rad,RUNNING_MPC,0.0006800490945519932
|heading error|,rad,RUNNING_MPC,0.0009005348871786724
|heading error|,rad,RUNNING_MPC,0.0008920738294340148
|heading error|,rad,RUNNING_MPC,0.0006406617146281768
|heading error|,rad,RUNNING_MPC,0.0004277886635009054
|heading error|,rad,RUNNING_MPC,0.00010789881826944736
|heading error|,rad,RUNNING_MPC,0.0005748417958613139
|heading error|,rad,RUNNING_MPC,0.0013218492897735246
|heading error|,rad,RUNNING_MPC,0.0016264404318313552
|heading error|,rad,RUNNING_MPC,0.0017955714767516895
|heading error|,rad,RUNNING_MPC,0.0017540009539498413
|heading error|,rad,RUNNING_MPC,0.0015645193680158263
|heading error|,rad,RUNNING_MPC,0.0012276861286828478
|heading error|,rad,RUNNING_MPC,0.0009394364464285765
|heading error|,rad,RUNNING_MPC,0.000717454253379657
|heading error|,rad,RUNNING_MPC,0.000174602851625405
|heading error|,rad,RUNNING_MPC,0.000279008848977913
|heading error|,rad,RUNNING_MPC,0.0008011920329891176
|heading error|,rad,RUNNING_MPC,0.0010091429686287512
|heading error|,rad,RUNNING_MPC,0.0010416358497638003
|heading error|,rad,RUNNING_MPC,0.0006901038138820148
|heading error|,rad,RUNNING_MPC,0.00026779377206631594
|heading error|,rad,RUNNING_MPC,0.0004767914242229665
|heading error|,rad,RUNNING_MPC,0.000940812104192279
|heading error|,rad,RUNNING_MPC,0.001458694984645792
|heading error|,rad,RUNNING_MPC,0.0016691681571963102
|heading error|,rad,RUNNING_MPC,0.0017082968559236633
|heading error|,rad,RUNNING_MPC,0.0017469401870058299
|heading error|,rad,RUNNING_MPC,0.0015278603509272237
|heading error|,rad,RUNNING_MPC,0.0012234815361655826
|heading error|,rad,RUNNING_MPC,0.0010443974023273128
|heading error|,rad,RUNNING_MPC,0.0009732522107452901
|heading error|,rad,RUNNING_MPC,0.0009737606544844014
|heading error|,rad,RUNNING_MPC,0.0009752700891851873
|heading error|,rad,RUNNING_MPC,0.0010514256457190285
|heading error|,rad,RUNNING_MPC,0.0010398303880361226
|heading error|,rad,RUNNING_MPC,0.0008180995859619067
|heading error|,rad,RUNNING_MPC,0.0005163869355304662
|heading error|,rad,RUNNING_MPC,0.0002573662663398757
|heading error|,rad,RUNNING_MPC,3.7789808549071324e-05
|heading error|,rad,RUNNING_MPC,7.156500415650413e-05
|heading error|,rad,RUNNING_MPC,0.001208059110299864
|heading error|,rad,RUNNING_MPC,0.0015589434066951569
|heading error|,rad,RUNNING_MPC,0.002551052225482131
|heading error|,rad,RUNNING_MPC,0.0030744661704322773
|heading error|,rad,RUNNING_MPC,0.003397603666390747
|heading error|,rad,RUNNING_MPC,0.002590797759776997
|heading error|,rad,RUNNING_MPC,0.0016218382785524454
|heading error|,rad,RUNNING_MPC,0.0001406186547683319
|heading error|,rad,RUNNING_MPC,0.0008812689030035514
|heading error|,rad,RUNNING_MPC,0.0020322736864546442
|heading error|,rad,RUNNING_MPC,0.0019748830604440215
|heading error|,rad,RUNNING_MPC,0.0005914461001110816
|heading error|,rad,RUNNING_MPC,0.0013153035302306826
|heading error|,rad,RUNNING_MPC,0.0017835426829977408
|heading error|,rad,RUNNING_MPC,0.0013788634057512184
|heading error|,rad,RUNNING_MPC,0.0020463082027082358
|heading error|,rad,RUNNING_MPC,0.002422027627313028
|heading error|,rad,RUNNING_MPC,0.0018089843050299592
|heading error|,rad,RUNNING_MPC,0.00022959313690362748
|heading error|,rad,RUNNING_MPC,0.0025722592425014845
|heading error|,rad,RUNNING_MPC,0.0035173192289947863
|heading error|,rad,RUNNING_MPC,0.003778592997881969
|heading error|,rad,RUNNING_MPC,0.0033430849987010625
|heading error|,rad,RUNNING_MPC,0.003003509813871208
|heading error|,rad,RUNNING_MPC,0.0017662145757659786
|heading error|,rad,RUNNING_MPC,0.0005575415442158338
|heading error|,rad,RUNNING_MPC,0.00012516240005266965
|heading error|,rad,RUNNING_MPC,0.0006883471713612366
|heading error|,rad,RUNNING_MPC,0.0008343872260021534
|heading error|,rad,RUNNING_MPC,0.000670042570044771
|heading error|,rad,RUNNING_MPC,0.0003191715311960941
|heading error|,rad,RUNNING_MPC,2.894472959047434e-05
|heading error|,rad,RUNNING_MPC,0.0006187524859262439
|heading error|,rad,RUNNING_MPC,0.0009702145346319747
|heading error|,rad,RUNNING_MPC,0.0011141761280013538
|heading error|,rad,RUNNING_MPC,0.0011895780080783955
|heading error|,rad,RUNNING_MPC,0.000581323967353331
|heading error|,rad,RUNNING_MPC,3.4588663500922934e-05
|heading error|,rad,RUNNING_MPC,0.0008446706440592422
|heading error|,rad,RUNNING_MPC,0.0017727931238167294
|heading error|,rad,RUNNING_MPC,0.0020829404187452387
|heading error|,rad,RUNNING_MPC,0.0023518597934168994
|heading error|,rad,RUNNING_MPC,0.0018192184638348152
|heading error|,rad,RUNNING_MPC,0.001169244653813628
|heading error|,rad,RUNNING_MPC,0.0005107353904683087
|heading error|,rad,RUNNING_MPC,0.0009997591494546043
|heading error|,rad,RUNNING_MPC,0.0022562294901211644
|heading error|,rad,RUNNING_MPC,0.002126227315285334
|heading error|,rad,RUNNING_MPC,0.002115652594591566
|heading error|,rad,RUNNING_MPC,0.0013468123470388171
|heading error|,rad,RUNNING_MPC,9.733496944663855e-05
|heading error|,rad,RUNNING_MPC,0.0009096359104749929
|heading error|,rad,RUNNING_MPC,0.0014726233511108688
|heading error|,rad,RUNNING_MPC,0.001419918810505738
|heading error|,rad,RUNNING_MPC,0.000875154344118112
|heading error|,rad,RUNNING_MPC,0.0002130732330973828
|heading error|,rad,RUNNING_MPC,0.00034854342231360746
|heading error|,rad,RUNNING_MPC,0.0015258620900038267
|heading error|,rad,RUNNING_MPC,0.004116846698755339
|heading error|,rad,RUNNING_MPC,0.005727802596022347
|heading error|,rad,RUNNING_MPC,0.0037943748539408517
|heading error|,rad,RUNNING_MPC,0.004755930981295453
|heading error|,rad,RUNNING_MPC,0.00039497666143084587
|heading error|,rad,RUNNING_MPC,0.001643711951099469
|heading error|,rad,RUNNING_MPC,0.003057372409084103
|heading error|,rad,RUNNING_MPC,0.002023608787817821
|heading error|,rad,RUNNING_MPC,0.013191106725822355
|heading error|,rad,RUNNING_MPC,0.009056883620470302
|heading error|,rad,RUNNING_MPC,0.00785512872604155
|heading error|,rad,RUNNING_MPC,0.017969830370308415
|heading error|,rad,RUNNING_MPC,0.011343781278669418
|heading error|,rad,RUNNING_MPC,0.012673233812601216
|heading error|,rad,RUNNING_MPC,0.017140857206107807
|heading error|,rad,RUNNING_MPC,0.01550888699785924
|heading error|,rad,RUNNING_MPC,0.019732397367866916
|heading error|,rad,RUNNING_MPC,0.011837293170190223
|heading error|,rad,RUNNING_MPC,0.021025229432556802
|heading error|,rad,RUNNING_MPC,0.0063587422917357195
|heading error|,rad,RUNNING_MPC,0.003339442460447817
|heading error|,rad,RUNNING_MPC,0.008503674505343728
|heading error|,rad,RUNNING_MPC,0.0005223235600242404
|heading error|,rad,RUNNING_MPC,0.01349320614131111
|heading error|,rad,RUNNING_MPC,0.023189474840122237
|heading error|,rad,RUNNING_MPC,0.009364845097854957
|heading error|,rad,RUNNING_MPC,0.015896715115819138
|heading error|,rad,RUNNING_MPC,0.04362271293943598
|heading error|,rad,RUNNING_MPC,0.030585236687531214
|heading error|,rad,RUNNING_MPC,0.0384113335973997
|heading error|,rad,RUNNING_MPC,0.0351369099625769
|heading error|,rad,RUNNING_MPC,0.049049798406266554
|heading error|,rad,RUNNING_MPC,0.030248790772667625
|heading error|,rad,RUNNING_MPC,0.03298976887384519
|heading error|,rad,RUNNING_MPC,0.052196825205322206
|heading error|,rad,RUNNING_MPC,0.053235576203868984
|heading error|,rad,RUNNING_MPC,0.030763918318076566
|heading error|,rad,RUNNING_MPC,0.03526247549841832
|heading error|,rad,RUNNING_MPC,0.032002314774802976
|heading error|,rad,RUNNING_MPC,0.011079158683958923
|heading error|,rad,RUNNING_MPC,0.007682474218402736
|heading error|,rad,RUNNING_MPC,0.020054141246765855
|heading error|,rad,RUNNING_MPC,0.01729289644320531
|heading error|,rad,RUNNING_MPC,0.014788420403790692
|heading error|,rad,RUNNING_MPC,0.008009305414666823
|heading error|,rad,RUNNING_MPC,0.011815720131933993
|heading error|,rad,RUNNING_MPC,0.0031357612830755777
|heading error|,rad,RUNNING_MPC,0.02280746699105496
|heading error|,rad,RUNNING_MPC,0.003467553298696302
|heading error|,rad,RUNNING_MPC,0.015106306271166936
|heading error|,rad,RUNNING_MPC,0.02528954845312148
|heading error|,rad,RUNNING_MPC,0.03881998838292011
|heading error|,rad,RUNNING_MPC,0.03884010258676751
|heading error|,rad,RUNNING_MPC,0.04004250549442556
|heading error|,rad,RUNNING_MPC,0.025002863476990544
|heading error|,rad,RUNNING_MPC,0.046891738391029225
|heading error|,rad,RUNNING_MPC,0.039296517821920895
|heading error|,rad,RUNNING_MPC,0.05334519485096645
|heading error|,rad,RUNNING_MPC,0.04376905749127635
|heading error|,rad,RUNNING_MPC,0.027433424442210752
|heading error|,rad,RUNNING_MPC,0.036150508965060224
|heading error|,rad,RUNNING_MPC,0.034003818375451855
|heading error|,rad,RUNNING_MPC,0.020124001855426288
|heading error|,rad,RUNNING_MPC,0.01884789724937752
|heading error|,rad,RUNNING_MPC,0.018190073075744717
|heading error|,rad,RUNNING_MPC,0.01890016638592695
|heading error|,rad,RUNNING_MPC,0.013292239618415413
|heading error|,rad,RUNNING_MPC,0.02184347140770848
|heading error|,rad,RUNNING_MPC,0.02215156939454843
|heading error|,rad,RUNNING_MPC,0.022067306180663326
|heading error|,rad,RUNNING_MPC,0.01740105884856002
|heading error|,rad,RUNNING_MPC,0.014601192500223847
|heading error|,rad,RUNNING_MPC,0.016677408462401733
|heading error|,rad,RUNNING_MPC,0.013642852371233083
|heading error|,rad,RUNNING_MPC,0.012209389047585395
|heading error|,rad,RUNNING_MPC,0.010709849626458379
|heading error|,rad,RUNNING_MPC,0.00772047211105531
|heading error|,rad,RUNNING_MPC,0.004243027610727701
|heading error|,rad,RUNNING_MPC,0.0020426392838372998
|heading error|,rad,RUNNING_MPC,0.0032563222023467286
|heading error|,rad,RUNNING_MPC,0.007940519710206706
|heading error|,rad,RUNNING_MPC,0.0004803986286265882
|heading error|,rad,RUNNING_MPC,0.008294266266482886
|heading error|,rad,RUNNING_MPC,0.0025253779590619363
|heading error|,rad,RUNNING_MPC,0.0004961345514331584
|heading error|,rad,RUNNING_MPC,0.007975802811965416
|heading error|,rad,RUNNING_MPC,0.009074971645639085
|heading error|,rad,RUNNING_MPC,0.002655013012938134
|heading error|,rad,RUNNING_MPC,0.0024550393460032183
|heading error|,rad,RUNNING_MPC,0.006195715943140057
|heading error|,rad,RUNNING_MPC,0.02129044565965943
|heading error|,rad,RUNNING_MPC,0.0171019324464321
|heading error|,rad,RUNNING_MPC,0.009658784553727706
|heading error|,rad,RUNNING_MPC,0.017746948001102325
|heading error|,rad,RUNNING_MPC,0.010652704446302064
|heading error|,rad,RUNNING_MPC,0.031666377027572246
|heading error|,rad,RUNNING_MPC,0.020759604094449102
|heading error|,rad,RUNNING_MPC,0.01675500393540208
|heading error|,rad,RUNNING_MPC,0.04725166052622631
|heading error|,rad,RUNNING_MPC,0.0320070041153242
|heading error|,rad,RUNNING_MPC,0.053400950089768966
|heading error|,rad,RUNNING_MPC,0.05320701854771315
|heading error|,rad,RUNNING_MPC,0.03325925775480432
|heading error|,rad,RUNNING_MPC,0.03168375781287125
|heading error|,rad,RUNNING_MPC,0.029384216278932396
|heading error|,rad,RUNNING_MPC,0.027313220634758384
|heading error|,rad,RUNNING_MPC,0.04273953253750706
|heading error|,rad,RUNNING_MPC,0.017872824903026444
|heading error|,rad,RUNNING_MPC,0.014474333222699087
|heading error|,rad,RUNNING_MPC,0.012004298263200486
|heading error|,rad,RUNNING_MPC,0.010372097969756577
|heading error|,rad,RUNNING_MPC,0.009135333029768766
|heading error|,rad,RUNNING_MPC,0.03030823925708903
|heading error|,rad,RUNNING_MPC,0.009520887694308033
|heading error|,rad,RUNNING_MPC,0.033877917171057946
|heading error|,rad,RUNNING_MPC,0.03614159258047067
|heading error|,rad,RUNNING_MPC,0.008274626536016072
|heading error|,rad,RUNNING_MPC,0.0208819350085645
|heading error|,rad,RUNNING_MPC,0.023196401436632378
|heading error|,rad,RUNNING_MPC,0.024963793397631218
|heading error|,rad,RUNNING_MPC,0.02541912266167401
|heading error|,rad,RUNNING_MPC,0.043452271971292866
|heading error|,rad,RUNNING_MPC,0.021980119773902466
|heading error|,rad,RUNNING_MPC,0.031290710658809395
|heading error|,rad,RUNNING_MPC,0.04154488292793968
|heading error|,rad,RUNNING_MPC,0.04286636470612093
|heading error|,rad,RUNNING_MPC,0.02407563481977615
|heading error|,rad,RUNNING_MPC,0.007160993132296234
|heading error|,rad,RUNNING_MPC,0.011222296812810395
|heading error|,rad,RUNNING_MPC,0.03135606096991861
|heading error|,rad,RUNNING_MPC,0.01678188550747972
|heading error|,rad,RUNNING_MPC,0.03981344478060489
|heading error|,rad,RUNNING_MPC,0.04169647366080165
|heading error|,rad,RUNNING_MPC,0.0434994088206806
|heading error|,rad,RUNNING_MPC,0.02840158074423771
|heading error|,rad,RUNNING_MPC,0.041940762540125576
|heading error|,rad,RUNNING_MPC,0.018478488799057224
|heading error|,rad,RUNNING_MPC,0.021652526314917427
|heading error|,rad,RUNNING_MPC,0.043399361306517566
|heading error|,rad,RUNNING_MPC,0.04524461589100116
|heading error|,rad,RUNNING_MPC,0.026467267586956167
|heading error|,rad,RUNNING_MPC,0.02697532055378593
|heading error|,rad,RUNNING_MPC,0.02856721075415059
|heading error|,rad,RUNNING_MPC,0.031079329915666642
|heading error|,rad,RUNNING_MPC,0.04375364619151423
|heading error|,rad,RUNNING_MPC,0.023542397141225635
|heading error|,rad,RUNNING_MPC,0.044274897332591046
|heading error|,rad,RUNNING_MPC,0.024807256632005226
|heading error|,rad,RUNNING_MPC,0.02759558346362989
|heading error|,rad,RUNNING_MPC,0.043751087713759455
|heading error|,rad,RUNNING_MPC,0.03800721395091844
|heading error|,rad,RUNNING_MPC,0.020647620357188364
|heading error|,rad,RUNNING_MPC,0.035998513126024305
|heading error|,rad,RUNNING_MPC,0.01648415222808408
|heading error|,rad,RUNNING_MPC,0.025155137657647098
|heading error|,rad,RUNNING_MPC,0.020241934930793848
|heading error|,rad,RUNNING_MPC,0.027060005815111143
|heading error|,rad,RUNNING_MPC,0.01989612680457542
|heading error|,rad,RUNNING_MPC,0.018936928605569836
|heading error|,rad,RUNNING_MPC,0.02021703192325397
|heading error|,rad,RUNNING_MPC,0.015668436609916236
|heading error|,rad,RUNNING_MPC,0.019371191024806445
|heading error|,rad,RUNNING_MPC,0.012602857947149548
|heading error|,rad,RUNNING_MPC,0.012704055830164096
|heading error|,rad,RUNNING_MPC,0.009777833865572958
|heading error|,rad,RUNNING_MPC,0.010544529148771131
|heading error|,rad,RUNNING_MPC,0.0087283372253808
|heading error|,rad,RUNNING_MPC,0.008338276675875276
|heading error|,rad,RUNNING_MPC,0.008077375323613856
|heading error|,rad,RUNNING_MPC,0.008191431831953588
|heading error|,rad,RUNNING_MPC,0.0063171640098251824
|heading error|,rad,RUNNING_MPC,0.0037752406810969146
|heading error|,rad,RUNNING_MPC,0.0016103215796268167
|heading error|,rad,RUNNING_MPC,0.0002364836195334341
|heading error|,rad,RUNNING_MPC,0.0004427447595458656
|heading error|,rad,RUNNING_MPC,2.1018470065303774e-05
|heading error|,rad,RUNNING_MPC,4.753238169041829e-05
|heading error|,rad,RUNNING_MPC,0.0015762872387954374
|heading error|,rad,RUNNING_MPC,0.0011080981443205575
|heading error|,rad,RUNNING_MPC,0.003046064564748985
|heading error|,rad,RUNNING_MPC,0.005187109812202495
|heading error|,rad,RUNNING_MPC,0.006147658232272591
|heading error|,rad,RUNNING_MPC,0.004961449166788868
|heading error|,rad,RUNNING_MPC,0.005040856998078657
|heading error|,rad,RUNNING_MPC,0.006910566537594587
|heading error|,rad,RUNNING_MPC,0.005756855812333095
|heading error|,rad,RUNNING_MPC,0.007369730881677361
|heading error|,rad,RUNNING_MPC,0.006000468131928338
|heading error|,rad,RUNNING_MPC,0.004767331105548944
|heading error|,rad,RUNNING_MPC,0.004942730150881314
|heading error|,rad,RUNNING_MPC,0.005318259604157438
|heading error|,rad,RUNNING_MPC,0.004651348604704841
|heading error|,rad,RUNNING_MPC,0.007498107962139899
|heading error|,rad,RUNNING_MPC,0.0070512940775142585
|heading error|,rad,RUNNING_MPC,0.006749201445658048
|heading error|,rad,RUNNING_MPC,0.00990972809108115
|heading error|,rad,RUNNING_MPC,0.007698901290631555
|heading error|,rad,RUNNING_MPC,0.006372466993795455
|heading error|,rad,RUNNING_MPC,0.003785429490630876
|heading error|,rad,RUNNING_MPC,0.012710933465471475
|heading error|,rad,RUNNING_MPC,0.014785294746097466
|heading error|,rad,RUNNING_MPC,0.01983591053356304
|heading error|,rad,RUNNING_MPC,0.02374312513665955
|heading error|,rad,RUNNING_MPC,0.02312477511911548
|heading error|,rad,RUNNING_MPC,0.019596614091835437
|heading error|,rad,RUNNING_MPC,0.016138188999611947
|heading error|,rad,RUNNING_MPC,0.016320886830219483
|heading error|,rad,RUNNING_MPC,0.010758967394449814
|heading error|,rad,RUNNING_MPC,0.010298833973090282
|heading error|,rad,RUNNING_MPC,0.007797535064026029
|heading error|,rad,RUNNING_MPC,0.012706529143385992
|heading error|,rad,RUNNING_MPC,0.01049874252889649
|heading error|,rad,RUNNING_MPC,0.01023136039034189
|heading error|,rad,RUNNING_MPC,0.012931534121280341
|heading error|,rad,RUNNING_MPC,0.01554464747445583
|heading error|,rad,RUNNING_MPC,0.027565148925809968
|heading error|,rad,RUNNING_MPC,0.030629451626203674
|heading error|,rad,RUNNING_MPC,0.032915605477092935
|heading error|,rad,RUNNING_MPC,0.031952340967313246
|heading error|,rad,RUNNING_MPC,0.029129084713200526
|heading error|,rad,RUNNING_MPC,0.031925807036446874
|heading error|,rad,RUNNING_MPC,0.02704672860662949
|heading error|,rad,RUNNING_MPC,0.024571695343126088
|heading error|,rad,RUNNING_MPC,0.01611116118181599
|heading error|,rad,RUNNING_MPC,0.021801085583248336
|heading error|,rad,RUNNING_MPC,0.02004038580772277
|heading error|,rad,RUNNING_MPC,0.021236331369125557
|heading error|,rad,RUNNING_MPC,0.027965038537892395
|heading error|,rad,RUNNING_MPC,0.029127315520143745
|heading error|,rad,RUNNING_MPC,0.03637988782782548
|heading error|,rad,RUNNING_MPC,0.03813591461870264
|heading error|,rad,RUNNING_MPC,0.03508495334324113
|heading error|,rad,RUNNING_MPC,0.03683040017513184
|heading error|,rad,RUNNING_MPC,0.03322580427835409
|heading error|,rad,RUNNING_MPC,0.03147851916295652
|heading error|,rad,RUNNING_MPC,0.021370037743538184
|heading error|,rad,RUNNING_MPC,0.01570007425768949
|heading error|,rad,RUNNING_MPC,0.009021301148927685
|heading error|,rad,RUNNING_MPC,0.011584399057086608
|heading error|,rad,RUNNING_MPC,0.014564916648810045
|heading error|,rad,RUNNING_MPC,0.012615696566522866
|heading error|,rad,RUNNING_MPC,0.016180791207286414
|heading error|,rad,RUNNING_MPC,0.016559951722956934
|heading error|,rad,RUNNING_MPC,0.017032563494416893
|heading error|,rad,RUNNING_MPC,0.020464388642619236
|heading error|,rad,RUNNING_MPC,0.018824503563159983
|heading error|,rad,RUNNING_MPC,0.017785575473526494
|heading error|,rad,RUNNING_MPC,0.015041887412260119
|heading error|,rad,RUNNING_MPC,0.00993436716110685
|heading error|,rad,RUNNING_MPC,0.007452487034351696
|heading error|,rad,RUNNING_MPC,0.0062122653266172
|heading error|,rad,RUNNING_MPC,0.005562366280527059
|heading error|,rad,RUNNING_MPC,0.004477771430350191
|heading error|,rad,RUNNING_MPC,0.0047648692595969044
|heading error|,rad,RUNNING_MPC,0.004522578080115802
|heading error|,rad,RUNNING_MPC,0.0052761563418398105
|heading error|,rad,RUNNING_MPC,0.005289397541323626
|heading error|,rad,RUNNING_MPC,0.005250198534140674
|heading error|,rad,RUNNING_MPC,0.005374519801709041
|heading error|,rad,RUNNING_MPC,0.004789385046753303
|heading error|,rad,RUNNING_MPC,0.004744381264918218
|heading error|,rad,RUNNING_MPC,0.003715585733971724
|heading error|,rad,RUNNING_MPC,0.002654943413428243
|heading error|,rad,RUNNING_MPC,0.0017445528373509073
|heading error|,rad,RUNNING_MPC,0.00028798160558929364
|heading error|,rad,RUNNING_MPC,0.0008599860765286516
|heading error|,rad,RUNNING_MPC,0.0015573539605439612
|heading error|,rad,RUNNING_MPC,0.0015670174856555752
|heading error|,rad,RUNNING_MPC,0.0012930034192821238
|heading error|,rad,RUNNING_MPC,0.0009217604419379243
|heading error|,rad,RUNNING_MPC,0.00019235232120959345
|heading error|,rad,RUNNING_MPC,0.00041970294273012404
|heading error|,rad,RUNNING_MPC,0.0010487787345504762
|heading error|,rad,RUNNING_MPC,0.00151134046012108
|heading error|,rad,RUNNING_MPC,0.0017856988181825934
|heading error|,rad,RUNNING_MPC,0.0018610693107515702
|heading error|,rad,RUNNING_MPC,0.0017628494503261897
|heading error|,rad,RUNNING_MPC,0.0016847252314919486
|heading error|,rad,RUNNING_MPC,0.0014959062406667972
|heading error|,rad,RUNNING_MPC,0.0012652577422868627
|heading error|,rad,RUNNING_MPC,0.000948363152306897
|heading error|,rad,RUNNING_MPC,0.0007907903745048989
|heading error|,rad,RUNNING_MPC,0.0007442368909618274
|heading error|,rad,RUNNING_MPC,0.000814120701479501
|heading error|,rad,RUNNING_MPC,0.0009113588046764931
|heading error|,rad,RUNNING_MPC,0.000949487533883686
|heading error|,rad,RUNNING_MPC,0.001200307040694848
|heading error|,rad,RUNNING_MPC,0.0012811644077329182
|heading error|,rad,RUNNING_MPC,0.0012949942189689895
|heading error|,rad,RUNNING_MPC,0.0013073977684889824
|heading error|,rad,RUNNING_MPC,0.001210971598273311
|heading error|,rad,RUNNING_MPC,0.0011482287528828544
|heading error|,rad,RUNNING_MPC,0.0010527313417972306
|heading error|,rad,RUNNING_MPC,0.0010331779493833043
|heading error|,rad,RUNNING_MPC,0.0010604571588934408
|heading error|,rad,RUNNING_MPC,0.00102290722487057
|heading error|,rad,RUNNING_MPC,0.0011754762817962618
|heading error|,rad,RUNNING_MPC,0.0011285935335443864
|heading error|,rad,RUNNING_MPC,0.0012022364504245405
|heading error|,rad,RUNNING_MPC,0.001314342194419671
|heading error|,rad,RUNNING_MPC,0.0012724111300459612
|heading error|,rad,RUNNING_MPC,0.0013673252874250585
|heading error|,rad,RUNNING_MPC,0.001309921809271225
|heading error|,rad,RUNNING_MPC,0.0013645709450600396
|heading error|,rad,RUNNING_MPC,0.0013194705004402896
|heading error|,rad,RUNNING_MPC,0.001388147606728132
|heading error|,rad,RUNNING_MPC,0.001377997854839788
|heading error|,rad,RUNNING_MPC,0.0013743604500106726
|heading error|,rad,RUNNING_MPC,0.0013124790570511746
|heading error|,rad,RUNNING_MPC,0.0013801175242696
|heading error|,rad,RUNNING_MPC,0.0012398211954601918
|heading error|,rad,RUNNING_MPC,0.00111696804576851
|heading error|,rad,RUNNING_MPC,0.0010640251094966302
|heading error|,rad,RUNNING_MPC,0.0009658772485256623
|heading error|,rad,RUNNING_MPC,0.0008413832352429651
|heading error|,rad,RUNNING_MPC,0.00046312755747224266
|heading error|,rad,RUNNING_MPC,0.0002135122375902243
|heading error|,rad,RUNNING_MPC,3.268854088084305e-05
|heading error|,rad,RUNNING_MPC,0.00014900533723091747
|heading error|,rad,RUNNING_MPC,0.00044585269274698136
|heading error|,rad,RUNNING_MPC,0.0005385414173089131
|heading error|,rad,RUNNING_MPC,0.0005479442077496038
|heading error|,rad,RUNNING_MPC,0.00043622836135041865
|heading error|,rad,RUNNING_MPC,1.390780087183463e-05
|heading error|,rad,RUNNING_MPC,0.0006303323948771561
|heading error|,rad,RUNNING_MPC,0.0012562849695415407
|heading error|,rad,RUNNING_MPC,0.0015012640684070738
|heading error|,rad,RUNNING_MPC,0.002116051519944928
|heading error|,rad,RUNNING_MPC,0.0010044906658920466
|heading error|,rad,RUNNING_MPC,0.0006078811313246918
|heading error|,rad,RUNNING_MPC,0.0002634420121766651
|heading error|,rad,RUNNING_MPC,0.002483724268860288
|heading error|,rad,RUNNING_MPC,0.0004870368449407386
|heading error|,rad,RUNNING_MPC,0.0005180096698231413
|heading error|,rad,RUNNING_MPC,0.004091250894937663
|heading error|,rad,RUNNING_MPC,0.0027523771595451482
|heading error|,rad,RUNNING_MPC,0.004699579528391697
|heading error|,rad,RUNNING_MPC,0.0064958168537217476
|heading error|,rad,RUNNING_MPC,0.013416684001291557
|heading error|,rad,RUNNING_MPC,0.016098930643095165
|heading error|,rad,RUNNING_MPC,0.01745266884919678
|heading error|,rad,RUNNING_MPC,0.020096903484074703
|heading error|,rad,RUNNING_MPC,0.02051020820424708
|heading error|,rad,RUNNING_MPC,0.015459589177406335
|heading error|,rad,RUNNING_MPC,0.02771810355542474
|heading error|,rad,RUNNING_MPC,0.030581228160239032
|heading error|,rad,RUNNING_MPC,0.021263128822096494
|heading error|,rad,RUNNING_MPC,0.01587407267824173
|heading error|,rad,RUNNING_MPC,0.021004101878496495
|heading error|,rad,RUNNING_MPC,0.01517142919309139
|heading error|,rad,RUNNING_MPC,0.015808295264204464
|heading error|,rad,RUNNING_MPC,0.022925454379891463
|heading error|,rad,RUNNING_MPC,0.009387908985576454
|heading error|,rad,RUNNING_MPC,0.01746352055543249
|heading error|,rad,RUNNING_MPC,0.013526734701676923
|heading error|,rad,RUNNING_MPC,0.014131943300983163
|heading error|,rad,RUNNING_MPC,0.03307110628100529
|heading error|,rad,RUNNING_MPC,0.02299886035749843
|heading error|,rad,RUNNING_MPC,0.03622380160167238
|heading error|,rad,RUNNING_MPC,0.04916588407863964
|heading error|,rad,RUNNING_MPC,0.051080469872579526
|heading error|,rad,RUNNING_MPC,0.05239270088647796
|heading error|,rad,RUNNING_MPC,0.05152989429031052
|heading error|,rad,RUNNING_MPC,0.05676281904251179
|heading error|,rad,RUNNING_MPC,0.06065277346284569
|heading error|,rad,RUNNING_MPC,0.05442360541914926
|heading error|,rad,RUNNING_MPC,0.04214280402003212
|heading error|,rad,RUNNING_MPC,0.03494539434220578
|heading error|,rad,RUNNING_MPC,0.02035320938254581
|heading error|,rad,RUNNING_MPC,0.02331316806780903
|heading error|,rad,RUNNING_MPC,0.009022175300503643
|heading error|,rad,RUNNING_MPC,0.013323351773248615
|heading error|,rad,RUNNING_MPC,0.021004789720305506
|heading error|,rad,RUNNING_MPC,0.01663387714741016
|heading error|,rad,RUNNING_MPC,0.023537063611542845
|heading error|,rad,RUNNING_MPC,0.0208635990307684
|heading error|,rad,RUNNING_MPC,0.029645473886740215
|heading error|,rad,RUNNING_MPC,0.036201662278904756
|heading error|,rad,RUNNING_MPC,0.03334164917621374
|heading error|,rad,RUNNING_MPC,0.033318927448638735
|heading error|,rad,RUNNING_MPC,0.03141121152286308
|heading error|,rad,RUNNING_MPC,0.029926218844537722
|heading error|,rad,RUNNING_MPC,0.023160904784102376
|heading error|,rad,RUNNING_MPC,0.016754354521237635
|heading error|,rad,RUNNING_MPC,0.014057387868354754
|heading error|,rad,RUNNING_MPC,0.007159625957788629
|heading error|,rad,RUNNING_MPC,0.008999778525818902
|heading error|,rad,RUNNING_MPC,0.009713152492567323
|heading error|,rad,RUNNING_MPC,0.005267615366816082
|heading error|,rad,RUNNING_MPC,0.007726651292192965
|heading error|,rad,RUNNING_MPC,0.0018752323955122385
|heading error|,rad,RUNNING_MPC,0.005323564025108585
|heading error|,rad,RUNNING_MPC,0.013167084745329793
|heading error|,rad,RUNNING_MPC,0.014703423308687793
|heading error|,rad,RUNNING_MPC,0.015884466189382218
|heading error|,rad,RUNNING_MPC,0.013873428948038447
|heading error|,rad,RUNNING_MPC,0.013265709221855326
|heading error|,rad,RUNNING_MPC,0.010560411973450366
|heading error|,rad,RUNNING_MPC,0.005953668603213336
|heading error|,rad,RUNNING_MPC,0.0040767450130512195
|heading error|,rad,RUNNING_MPC,0.0030140699202789722
|heading error|,rad,RUNNING_MPC,0.000783943196654535
|heading error|,rad,RUNNING_MPC,0.00015754245002286282
|heading error|,rad,RUNNING_MPC,4.907354190719637e-05
|heading error|,rad,RUNNING_MPC,0.003234251835394275
|heading error|,rad,RUNNING_MPC,0.002927105564752175
|heading error|,rad,RUNNING_MPC,0.004753630868584269
|heading error|,rad,RUNNING_MPC,0.006006223856513282
|heading error|,rad,RUNNING_MPC,0.008771671884928
|heading error|,rad,RUNNING_MPC,0.008644695419327553
|heading error|,rad,RUNNING_MPC,0.007759668100355998
|heading error|,rad,RUNNING_MPC,0.006332181776063762
|heading error|,rad,RUNNING_MPC,0.007460744241940098
|heading error|,rad,RUNNING_MPC,0.0064119372366890914
|heading error|,rad,RUNNING_MPC,0.005156121778899347
|heading error|,rad,RUNNING_MPC,0.004836749639433923
|heading error|,rad,RUNNING_MPC,0.004095473740804101
|heading error|,rad,RUNNING_MPC,0.005492699915164545
|heading error|,rad,RUNNING_MPC,0.0050982662048759675
|heading error|,rad,RUNNING_MPC,0.0046749558223269086
|heading error|,rad,RUNNING_MPC,0.004201187779898862
|heading error|,rad,RUNNING_MPC,0.003968303880107715
|heading error|,rad,RUNNING_MPC,0.0032110804446934265
|heading error|,rad,RUNNING_MPC,0.005023433257548282
|heading error|,rad,RUNNING_MPC,0.005456468734408304
|heading error|,rad,RUNNING_MPC,0.006278577221261461
|heading error|,rad,RUNNING_MPC,0.0067768031821415775
|heading error|,rad,RUNNING_MPC,0.007330065505038785
|heading error|,rad,RUNNING_MPC,0.005970458973711512
|heading error|,rad,RUNNING_MPC,0.003979350743452237
|heading error|,rad,RUNNING_MPC,0.0015191285692313095
|heading error|,rad,RUNNING_MPC,0.0005012686350700513
|heading error|,rad,RUNNING_MPC,0.0021601476188963797
|heading error|,rad,RUNNING_MPC,0.0034442077395711035
|heading error|,rad,RUNNING_MPC,0.005470219271788368
|heading error|,rad,RUNNING_MPC,0.005988914572585324
|heading error|,rad,RUNNING_MPC,0.005679885794557693
|heading error|,rad,RUNNING_MPC,0.005664877271519098
|heading error|,rad,RUNNING_MPC,0.004736344397444414
|heading error|,rad,RUNNING_MPC,0.0037253934324392723
|heading error|,rad,RUNNING_MPC,0.002772805598168393
|heading error|,rad,RUNNING_MPC,0.001668146948317295
|heading error|,rad,RUNNING_MPC,0.0017404101006082142
|heading error|,rad,RUNNING_MPC,0.0014226263721734966
|heading error|,rad,RUNNING_MPC,0.0013642137031544266
|heading error|,rad,RUNNING_MPC,0.0014956923269824343
|heading error|,rad,RUNNING_MPC,0.0015708526571780457
|heading error|,rad,RUNNING_MPC,0.0023638276814301755
|heading error|,rad,RUNNING_MPC,0.0024811187030546744
|heading error|,rad,RUNNING_MPC,0.002506198287488326
|heading error|,rad,RUNNING_MPC,0.0024353781039903044
|heading error|,rad,RUNNING_MPC,0.0024739474037620557
|heading error|,rad,RUNNING_MPC,0.0021540556252228615
|heading error|,rad,RUNNING_MPC,0.0018052021113237338
|heading error|,rad,RUNNING_MPC,0.0014396042450250943
|heading error|,rad,RUNNING_MPC,0.0009515620263271797
|heading error|,rad,RUNNING_MPC,0.0006068707227020465
|heading error|,rad,RUNNING_MPC,0.0003333193826495772
|heading error|,rad,RUNNING_MPC,4.306566604883599e-05
|heading error|,rad,RUNNING_MPC,0.00013863595579244326
|heading error|,rad,RUNNING_MPC,0.00041428443261515296
|heading error|,rad,RUNNING_MPC,0.0017111884963274537
|heading error|,rad,RUNNING_MPC,0.00014153835576791174
|heading error|,rad,RUNNING_MPC,0.0005274134749244652
|heading error|,rad,RUNNING_MPC,0.0012834673472625902
|heading error|,rad,RUNNING_MPC,0.0019525582612121006
|heading error|,rad,RUNNING_MPC,0.002524658842919525
|heading error|,rad,RUNNING_MPC,0.006617506591312994
|heading error|,rad,RUNNING_MPC,0.006747348101158179
|heading error|,rad,RUNNING_MPC,0.006585841282000349
|heading error|,rad,RUNNING_MPC,0.006010912220101083
|heading error|,rad,RUNNING_MPC,0.008460946375055345
|heading error|,rad,RUNNING_MPC,0.011390090960620158
|heading error|,rad,RUNNING_MPC,0.011604380478312583
|heading error|,rad,RUNNING_MPC,0.011703367302153156
|heading error|,rad,RUNNING_MPC,0.018220182051198686
|heading error|,rad,RUNNING_MPC,0.018327778684786855
|heading error|,rad,RUNNING_MPC,0.018375653107969736
|heading error|,rad,RUNNING_MPC,0.017583022169843865
|heading error|,rad,RUNNING_MPC,0.023292393214738416
|heading error|,rad,RUNNING_MPC,0.020581381384020544
|heading error|,rad,RUNNING_MPC,0.012372122557091636
|heading error|,rad,RUNNING_MPC,0.013199549413133393
|heading error|,rad,RUNNING_MPC,0.007732813922742609
|heading error|,rad,RUNNING_MPC,0.016525009607601504
|heading error|,rad,RUNNING_MPC,0.0180184816121125
|heading error|,rad,RUNNING_MPC,0.025418874904697075
|heading error|,rad,RUNNING_MPC,0.031426259775980236
|heading error|,rad,RUNNING_MPC,0.03947536216588898
|heading error|,rad,RUNNING_MPC,0.03772621413708732
|heading error|,rad,RUNNING_MPC,0.03143737831020088
|heading error|,rad,RUNNING_MPC,0.019649283443679
|heading error|,rad,RUNNING_MPC,0.014006685977835609
|heading error|,rad,RUNNING_MPC,0.011279788766111354
|heading error|,rad,RUNNING_MPC,0.003068356689977625
|heading error|,rad,RUNNING_MPC,0.0007183137548960605
|heading error|,rad,RUNNING_MPC,0.008102096240064194
|heading error|,rad,RUNNING_MPC,0.012102079915705
|heading error|,rad,RUNNING_MPC,0.018306317414740203
|heading error|,rad,RUNNING_MPC,0.01981597745710495
|heading error|,rad,RUNNING_MPC,0.02019345637481007
|heading error|,rad,RUNNING_MPC,0.01972295652273859
|heading error|,rad,RUNNING_MPC,0.015092697458793271
|heading error|,rad,RUNNING_MPC,0.013727846782824573
|heading error|,rad,RUNNING_MPC,0.004625914983077849
|heading error|,rad,RUNNING_MPC,0.010250677249330487
|heading error|,rad,RUNNING_MPC,0.006953722593897371
|heading error|,rad,RUNNING_MPC,0.01010439654326345
|heading error|,rad,RUNNING_MPC,0.0010342124214095527
|heading error|,rad,RUNNING_MPC,0.007330477165282234
|heading error|,rad,RUNNING_MPC,0.02849016312078967
|heading error|,rad,RUNNING_MPC,0.033946941045662093
|heading error|,rad,RUNNING_MPC,0.031197887597855578
|heading error|,rad,RUNNING_MPC,0.0364570848161212
|heading error|,rad,RUNNING_MPC,0.04844601943849325
|heading error|,rad,RUNNING_MPC,0.06021552477362113
|heading error|,rad,RUNNING_MPC,0.05304726966186136
|heading error|,rad,RUNNING_MPC,0.05753678613150415
|heading error|,rad,RUNNING_MPC,0.05743162650058875
|heading error|,rad,RUNNING_MPC,0.05250869251038748
|heading error|,rad,RUNNING_MPC,0.04088184802688421
|heading error|,rad,RUNNING_MPC,0.03815471942615156
|heading error|,rad,RUNNING_MPC,0.02267813691491538
|heading error|,rad,RUNNING_MPC,0.02343383552745837
|heading error|,rad,RUNNING_MPC,0.010419995978195207
|heading error|,rad,RUNNING_MPC,0.011828118939794185
|heading error|,rad,RUNNING_MPC,0.006302003105085551
|heading error|,rad,RUNNING_MPC,0.004241377740650254
|heading error|,rad,RUNNING_MPC,0.007855686814051133
|heading error|,rad,RUNNING_MPC,0.003850351236443838
|heading error|,rad,RUNNING_MPC,0.006179195979617359
|heading error|,rad,RUNNING_MPC,0.008434582078769903
|heading error|,rad,RUNNING_MPC,0.00921978885690189
|heading error|,rad,RUNNING_MPC,0.009163431430079472
|heading error|,rad,RUNNING_MPC,0.008552717595774029
|heading error|,rad,RUNNING_MPC,0.0067139656054928665
|heading error|,rad,RUNNING_MPC,0.004451197807782359
|heading error|,rad,RUNNING_MPC,0.0018962082999864904
|heading error|,rad,RUNNING_MPC,0.0016150527874478906
|heading error|,rad,RUNNING_MPC,0.0010301694986225574
|heading error|,rad,RUNNING_MPC,0.0006245596192557823
|heading error|,rad,RUNNING_MPC,0.0010996972658943172
|heading error|,rad,RUNNING_MPC,0.0016438698679483998
|heading error|,rad,RUNNING_MPC,0.0014146448472152073
|heading error|,rad,RUNNING_MPC,0.0008687326473877377
|heading error|,rad,RUNNING_MPC,0.00023594677171923095
|heading error|,rad,RUNNING_MPC,0.008790388227780888
|heading error|,rad,RUNNING_MPC,0.013680838388026473
|heading error|,rad,RUNNING_MPC,0.014242788009785068
|heading error|,rad,RUNNING_MPC,0.00953691438981541
|heading error|,rad,RUNNING_MPC,0.010139234293509158
|heading error|,rad,RUNNING_MPC,0.020399361666588733
|heading error|,rad,RUNNING_MPC,0.020999034529967764
|heading error|,rad,RUNNING_MPC,0.021641002487375438
|heading error|,rad,RUNNING_MPC,0.008854155411962994
|heading error|,rad,RUNNING_MPC,0.007216840230560128
|heading error|,rad,RUNNING_MPC,0.025553398839601726
|heading error|,rad,RUNNING_MPC,0.023589811449223008
|heading error|,rad,RUNNING_MPC,0.0069817016916033925
|heading error|,rad,RUNNING_MPC,0.021248831925051448
|heading error|,rad,RUNNING_MPC,0.011939085721275555
|heading error|,rad,RUNNING_MPC,0.02750246597364403
|heading error|,rad,RUNNING_MPC,0.019992042292954704
|heading error|,rad,RUNNING_MPC,0.02950188025139333
|heading error|,rad,RUNNING_MPC,0.021191148047232652
|heading error|,rad,RUNNING_MPC,0.027420668980268514
|heading error|,rad,RUNNING_MPC,0.034988256205877644
|heading error|,rad,RUNNING_MPC,0.045406802916453604
|heading error|,rad,RUNNING_MPC,0.04873429458219825
|heading error|,rad,RUNNING_MPC,0.047323309589816454
|heading error|,rad,RUNNING_MPC,0.04400100775681104
|heading error|,rad,RUNNING_MPC,0.04549628096961423
|heading error|,rad,RUNNING_MPC,0.03911103686352424
|heading error|,rad,RUNNING_MPC,0.02586435158111633
|heading error|,rad,RUNNING_MPC,0.014195755395657206
|heading error|,rad,RUNNING_MPC,0.009534714512612674
|heading error|,rad,RUNNING_MPC,0.002802292398114248
|heading error|,rad,RUNNING_MPC,0.001273402339074581
|heading error|,rad,RUNNING_MPC,0.00028286287493373147
|heading error|,rad,RUNNING_MPC,0.00036809178664676256
|heading error|,rad,RUNNING_MPC,0.000954931053915864
|heading error|,rad,RUNNING_MPC,0.0028774945023415377
|heading error|,rad,RUNNING_MPC,0.0019504101402868512
|heading error|,rad,RUNNING_MPC,0.00015002799123253752
|heading error|,rad,RUNNING_MPC,0.001001609036979545
|heading error|,rad,RUNNING_MPC,0.005829566024965648
|heading error|,rad,RUNNING_MPC,0.006202006423200013
|heading error|,rad,RUNNING_MPC,0.009122798494153537
|heading error|,rad,RUNNING_MPC,0.010602392777312453
|heading error|,rad,RUNNING_MPC,0.002018106191364888
|heading error|,rad,RUNNING_MPC,0.004468765262891861
|heading error|,rad,RUNNING_MPC,0.0015513524649646282
|heading error|,rad,RUNNING_MPC,0.007080723365998187
|heading error|,rad,RUNNING_MPC,0.008626492687758613
|heading error|,rad,RUNNING_MPC,0.028307519459553232
|heading error|,rad,RUNNING_MPC,0.03472949759031296
|heading error|,rad,RUNNING_MPC,0.041841460226988314
|heading error|,rad,RUNNING_MPC,0.03643470552074035
|heading error|,rad,RUNNING_MPC,0.03557376710156879
|heading error|,rad,RUNNING_MPC,0.05519095492934345
|heading error|,rad,RUNNING_MPC,0.045931115664277655
|heading error|,rad,RUNNING_MPC,0.03413115916781351
|heading error|,rad,RUNNING_MPC,0.02241749631158485
|heading error|,rad,RUNNING_MPC,0.03366630163978446
|heading error|,rad,RUNNING_MPC,0.025009923822246982
|heading error|,rad,RUNNING_MPC,0.00930525896353851
|heading error|,rad,RUNNING_MPC,0.015289484633834505
|heading error|,rad,RUNNING_MPC,0.012410246842560424
|heading error|,rad,RUNNING_MPC,0.01973705949815696
|heading error|,rad,RUNNING_MPC,0.016876063216620274
|heading error|,rad,RUNNING_MPC,0.014146178291769784
|heading error|,rad,RUNNING_MPC,0.03632859663180832
|heading error|,rad,RUNNING_MPC,0.025430705674187593
|heading error|,rad,RUNNING_MPC,0.033917486750228765
|heading error|,rad,RUNNING_MPC,0.03544456132738505
|heading error|,rad,RUNNING_MPC,0.04497703884300419
|heading error|,rad,RUNNING_MPC,0.04745080118096334
|heading error|,rad,RUNNING_MPC,0.041081140549296784
|heading error|,rad,RUNNING_MPC,0.042239812751776906
|heading error|,rad,RUNNING_MPC,0.04720265838615489
|heading error|,rad,RUNNING_MPC,0.040865587178144924
|heading error|,rad,RUNNING_MPC,0.0330205338465972
|heading error|,rad,RUNNING_MPC,0.03339467420787213
|heading error|,rad,RUNNING_MPC,0.024245586886896042
|heading error|,rad,RUNNING_MPC,0.01228091871336412
|heading error|,rad,RUNNING_MPC,0.02123356426547307
|heading error|,rad,RUNNING_MPC,0.022271141168920042
|heading error|,rad,RUNNING_MPC,0.01640051723516356
|heading error|,rad,RUNNING_MPC,0.018548054697023808
|heading error|,rad,RUNNING_MPC,0.01971612168403647
|heading error|,rad,RUNNING_MPC,0.01661557498456334
|heading error|,rad,RUNNING_MPC,0.0198680053088629
|heading error|,rad,RUNNING_MPC,0.016809296190476886
|heading error|,rad,RUNNING_MPC,0.014137662119878325
|heading error|,rad,RUNNING_MPC,0.01203484704890423
|heading error|,rad,RUNNING_MPC,0.008028657550014806
|heading error|,rad,RUNNING_MPC,0.008020735547151325
|heading error|,rad,RUNNING_MPC,0.007784387089905476
|heading error|,rad,RUNNING_MPC,0.007274350543774677
|heading error|,rad,RUNNING_MPC,0.005546221457241708
|heading error|,rad,RUNNING_MPC,0.005271014018102704
|heading error|,rad,RUNNING_MPC,0.0017588371725056895
|heading error|,rad,RUNNING_MPC,0.0007086198178147818
|heading error|,rad,RUNNING_MPC,0.0037677124472734747
|heading error|,rad,RUNNING_MPC,0.004950607977276533
|heading error|,rad,RUNNING_MPC,0.005719670330637694
|heading error|,rad,RUNNING_MPC,0.0022666341694503878
|heading error|,rad,RUNNING_MPC,0.007566927898784216
|heading error|,rad,RUNNING_MPC,0.005673486090546298
|heading error|,rad,RUNNING_MPC,0.0034550338889802745
|heading error|,rad,RUNNING_MPC,0.007344675819073831
|heading error|,rad,RUNNING_MPC,0.013829947846239143
|heading error|,rad,RUNNING_MPC,0.030239138819136535
|heading error|,rad,RUNNING_MPC,0.03390121491683429
|heading error|,rad,RUNNING_MPC,0.04081171405938777
|heading error|,rad,RUNNING_MPC,0.05455637006762215
|heading error|,rad,RUNNING_MPC,0.052607332400525404
|heading error|,rad,RUNNING_MPC,0.05731122273386369
|heading error|,rad,RUNNING_MPC,0.03997231029405235
|heading error|,rad,RUNNING_MPC,0.03506315244521918
|heading error|,rad,RUNNING_MPC,0.02434835115663736
|heading error|,rad,RUNNING_MPC,0.007318962530256989
|heading error|,rad,RUNNING_MPC,0.00025612781562500686
|heading error|,rad,RUNNING_MPC,0.0022664197723401003
|heading error|,rad,RUNNING_MPC,0.0034888132879364875
|heading error|,rad,RUNNING_MPC,0.006560031640408859
|heading error|,rad,RUNNING_MPC,0.011083485701808282
|heading error|,rad,RUNNING_MPC,0.012526220588270132
|heading error|,rad,RUNNING_MPC,0.015622630644823055
|heading error|,rad,RUNNING_MPC,0.013881456962163252
|heading error|,rad,RUNNING_MPC,0.012937953061007867
|heading error|,rad,RUNNING_MPC,0.010774450078335107
|heading error|,rad,RUNNING_MPC,0.010232230480394566
|heading error|,rad,RUNNING_MPC,0.005853139245290073
|heading error|,rad,RUNNING_MPC,0.0007426281693980741
|heading error|,rad,RUNNING_MPC,0.002133603857683131
|heading error|,rad,RUNNING_MPC,0.0046596154779980905
|heading error|,rad,RUNNING_MPC,0.00570743017106512
|heading error|,rad,RUNNING_MPC,0.0050889106837694875
|heading error|,rad,RUNNING_MPC,0.004075929157556946
|heading error|,rad,RUNNING_MPC,0.0034396869280808318
|heading error|,rad,RUNNING_MPC,0.0009051193859734852
|heading error|,rad,RUNNING_MPC,0.0015492019941576451
|heading error|,rad,RUNNING_MPC,0.00232865739011201
|heading error|,rad,RUNNING_MPC,0.0028460393001719098
|heading error|,rad,RUNNING_MPC,0.00246747628107169
|heading error|,rad,RUNNING_MPC,0.0022623111380584144
|heading error|,rad,RUNNING_MPC,0.0016036852810037416
|heading error|,rad,RUNNING_MPC,0.00047787235736995726
|heading error|,rad,RUNNING_MPC,0.00043844981882967815
|heading error|,rad,RUNNING_MPC,0.0006712787094804716
|heading error|,rad,RUNNING_MPC,0.000834789822547588
|heading error|,rad,RUNNING_MPC,0.0009597035344399708
|heading error|,rad,RUNNING_MPC,0.0008565108853733072
|heading error|,rad,RUNNING_MPC,0.0005275043520667212
|heading error|,rad,RUNNING_MPC,0.00019067893956892235
|heading error|,rad,RUNNING_MPC,0.0002430228612086971
|heading error|,rad,RUNNING_MPC,0.0005573463221391073
|heading error|,rad,RUNNING_MPC,0.0006137868017597192
|heading error|,rad,RUNNING_MPC,0.0005927717042801817
|heading error|,rad,RUNNING_MPC,0.00036018298969331397
|heading error|,rad,RUNNING_MPC,0.00013965406868576835
|heading error|,rad,RUNNING_MPC,0.00020478914097354917
|heading error|,rad,RUNNING_MPC,0.0004315965937511379
|heading error|,rad,RUNNING_MPC,0.0007351986970971504
|heading error|,rad,RUNNING_MPC,0.0008779239372480597
|heading error|,rad,RUNNING_MPC,0.0009792330380360426
|heading error|,rad,RUNNING_MPC,0.0010486873705510824
|heading error|,rad,RUNNING_MPC,0.0008706547676990972
|heading error|,rad,RUNNING_MPC,0.0005953714319093528
|heading error|,rad,RUNNING_MPC,4.299482388336884e-06
|heading error|,rad,RUNNING_MPC,0.00019783444434917638
|heading error|,rad,RUNNING_MPC,0.0005723382574052138
|heading error|,rad,RUNNING_MPC,0.0008976005695244815
|heading error|,rad,RUNNING_MPC,0.0008430699799402142
|heading error|,rad,RUNNING_MPC,0.0004842627190861925
|heading error|,rad,RUNNING_MPC,0.00017775591824920056
|heading error|,rad,RUNNING_MPC,0.000608714802146082
|heading error|,rad,RUNNING_MPC,0.0009669867408890198
|heading error|,rad,RUNNING_MPC,0.001258850640306175
|heading error|,rad,RUNNING_MPC,0.001256041579663414
|heading error|,rad,RUNNING_MPC,0.0012379035373006886
|heading error|,rad,RUNNING_MPC,0.0010798005742063133
|heading error|,rad,RUNNING_MPC,0.0008904837875824966
|heading error|,rad,RUNNING_MPC,0.0006718433686732084
|heading error|,rad,RUNNING_MPC,0.0004350304146836237
|heading error|,rad,RUNNING_MPC,0.00024806555466216906
|heading error|,rad,RUNNING_MPC,0.00010818615335184134
|heading error|,rad,RUNNING_MPC,0.00017565001262509483
|heading error|,rad,RUNNING_MPC,0.00024573540083627776
|heading error|,rad,RUNNING_MPC,0.0006475171992614827
|heading error|,rad,RUNNING_MPC,0.0011103888148698005
|heading error|,rad,RUNNING_MPC,0.0014657941241571493
|heading error|,rad,RUNNING_MPC,0.0018652066130213638
|heading error|,rad,RUNNING_MPC,0.002001577388456966
|heading error|,rad,RUNNING_MPC,0.0016698457873447483
|heading error|,rad,RUNNING_MPC,0.0011642895727734803
|heading error|,rad,RUNNING_MPC,0.0007287184428572679
|heading error|,rad,RUNNING_MPC,2.7829039876081648e-05
|heading error|,rad,RUNNING_MPC,0.00042855044271172815
|heading error|,rad,RUNNING_MPC,0.0005033604943163184
|heading error|,rad,RUNNING_MPC,0.0003606527379815816
|heading error|,rad,RUNNING_MPC,0.00010810378426562296
|heading error|,rad,RUNNING_MPC,0.00035452759456822136
|heading error|,rad,RUNNING_MPC,0.0005125507822962838
|heading error|,rad,RUNNING_MPC,0.0009729836475718124
|heading error|,rad,RUNNING_MPC,0.0013687021536945565
|heading error|,rad,RUNNING_MPC,0.0015718746691959495
|heading error|,rad,RUNNING_MPC,0.0016495473462661003
|heading error|,rad,RUNNING_MPC,0.001493113440096838
|heading error|,rad,RUNNING_MPC,0.0015567750745995037
|heading error|,rad,RUNNING_MPC,0.0012884355360065491
|heading error|,rad,RUNNING_MPC,0.0011870751558791248
|heading error|,rad,RUNNING_MPC,0.0007966768450220485
|heading error|,rad,RUNNING_MPC,0.000650208294356247
|heading error|,rad,RUNNING_MPC,0.0007987592907068298
|heading error|,rad,RUNNING_MPC,0.0007617514237256984
|heading error|,rad,RUNNING_MPC,0.0007875223920743579
|heading error|,rad,RUNNING_MPC,0.000824626579188692
|heading error|,rad,RUNNING_MPC,0.0008568683533285437
|heading error|,rad,RUNNING_MPC,0.0011822901456817192
|heading error|,rad,RUNNING_MPC,0.0010315710442112547
|heading error|,rad,RUNNING_MPC,0.0013233021400558265
|heading error|,rad,RUNNING_MPC,0.0011132705497218787
|heading error|,rad,RUNNING_MPC,0.0009436883782290018
|heading error|,rad,RUNNING_MPC,0.0011145004528909652
|heading error|,rad,RUNNING_MPC,0.0010654754154408863
|heading error|,rad,RUNNING_MPC,0.0010692087056964894
|heading error|,rad,RUNNING_MPC,0.0010896431788376404
|heading error|,rad,RUNNING_MPC,0.0010846976034084577
|heading error|,rad,RUNNING_MPC,0.0013746141070409834
|heading error|,rad,RUNNING_MPC,0.0012880192851176808
|heading error|,rad,RUNNING_MPC,0.0011989059982053796
|heading error|,rad,RUNNING_MPC,0.001111059714805851
|heading error|,rad,RUNNING_MPC,0.0010136123493764693
|heading error|,rad,RUNNING_MPC,0.0011935623547660867
|heading error|,rad,RUNNING_MPC,0.0009189722957261282
|heading error|,rad,RUNNING_MPC,0.0009702827419553195
|heading error|,rad,RUNNING_MPC,0.0007586348409014398
|heading error|,rad,RUNNING_MPC,0.0006424693747537624
|heading error|,rad,RUNNING_MPC,0.0010356261964403757
|heading error|,rad,RUNNING_MPC,0.0010699917350680543
|heading error|,rad,RUNNING_MPC,0.0011146062773446097
|heading error|,rad,RUNNING_MPC,0.0015083208098327638
|heading error|,rad,RUNNING_MPC,0.001271591525546345
|heading error|,rad,RUNNING_MPC,0.0020904651847790667
|heading error|,rad,RUNNING_MPC,0.002147772234132983
|heading error|,rad,RUNNING_MPC,0.002186145458595412
|heading error|,rad,RUNNING_MPC,0.0021315170448379384
|heading error|,rad,RUNNING_MPC,0.0021168010983867447
|heading error|,rad,RUNNING_MPC,0.002837629070555625
|heading error|,rad,RUNNING_MPC,0.002684048012437934
|heading error|,rad,RUNNING_MPC,0.0026067757104155653
|heading error|,rad,RUNNING_MPC,0.002355512420093131
|heading error|,rad,RUNNING_MPC,0.0030049178615825234
|heading error|,rad,RUNNING_MPC,0.0023620063754479226
|heading error|,rad,RUNNING_MPC,0.002566031788934886
|heading error|,rad,RUNNING_MPC,0.002423797883754464
|heading error|,rad,RUNNING_MPC,0.0022389319133262475
|heading error|,rad,RUNNING_MPC,0.003046857175034834
|heading error|,rad,RUNNING_MPC,0.0027596247876426894
|heading error|,rad,RUNNING_MPC,0.0020106108338926454
|heading error|,rad,RUNNING_MPC,0.0027775294124956496
|heading error|,rad,RUNNING_MPC,0.0018167345719830588
|heading error|,rad,RUNNING_MPC,0.0016549471019806639
|heading error|,rad,RUNNING_MPC,0.0026395965032257607
|heading error|,rad,RUNNING_MPC,0.002185746268737354
|heading error|,rad,RUNNING_MPC,0.0025676296975722934
|heading error|,rad,RUNNING_MPC,0.003015021530004436
|heading error|,rad,RUNNING_MPC,0.0015197582915940087
|heading error|,rad,RUNNING_MPC,0.0024897963868588673
|heading error|,rad,RUNNING_MPC,0.0024284930350759737
|heading error|,rad,RUNNING_MPC,0.005100277820132337
|heading error|,rad,RUNNING_MPC,0.00560032783145914
|heading error|,rad,RUNNING_MPC,0.007486911343553615
|heading error|,rad,RUNNING_MPC,0.008882155395364855
|heading error|,rad,RUNNING_MPC,0.008495819087239731
|heading error|,rad,RUNNING_MPC,0.007729690270057876
|heading error|,rad,RUNNING_MPC,0.007575237376031829
|heading error|,rad,RUNNING_MPC,0.0030106044735802584
|heading error|,rad,RUNNING_MPC,0.0027556841706384283
|heading error|,rad,RUNNING_MPC,0.0009247177877482748
|heading error|,rad,RUNNING_MPC,0.0007831801526609894
|heading error|,rad,RUNNING_MPC,0.0004719793956380336
|heading error|,rad,RUNNING_MPC,0.0016686932717515648
|heading error|,rad,RUNNING_MPC,0.00199736482576629
|heading error|,rad,RUNNING_MPC,0.0026552952538896335
|heading error|,rad,RUNNING_MPC,0.009836007232752573
|heading error|,rad,RUNNING_MPC,0.015542061965938101
|heading error|,rad,RUNNING_MPC,0.014616508265064443
|heading error|,rad,RUNNING_MPC,0.018565991120218065
|heading error|,rad,RUNNING_MPC,0.016334071163946806
|heading error|,rad,RUNNING_MPC,0.017966138710121097
|heading error|,rad,RUNNING_MPC,0.015678449868496536
|heading error|,rad,RUNNING_MPC,0.016292071458256174
|heading error|,rad,RUNNING_MPC,0.009258061736930223
|heading error|,rad,RUNNING_MPC,0.005275576418336314
|heading error|,rad,RUNNING_MPC,0.010130867991529515
|heading error|,rad,RUNNING_MPC,0.022639469315522742
|heading error|,rad,RUNNING_MPC,0.02645483381951852
|heading error|,rad,RUNNING_MPC,0.03262768921282878
|heading error|,rad,RUNNING_MPC,0.03403520826744266
|heading error|,rad,RUNNING_MPC,0.03384693793095117
|heading error|,rad,RUNNING_MPC,0.023998492182403464
|heading error|,rad,RUNNING_MPC,0.02556367556438266
|heading error|,rad,RUNNING_MPC,0.016376250544855253
|heading error|,rad,RUNNING_MPC,0.0031472754414130217
|heading error|,rad,RUNNING_MPC,0.023379354595361338
|heading error|,rad,RUNNING_MPC,0.023753390643474596
|heading error|,rad,RUNNING_MPC,0.019693096579779024
|heading error|,rad,RUNNING_MPC,0.037173285930181876
|heading error|,rad,RUNNING_MPC,0.031154695305269264
|heading error|,rad,RUNNING_MPC,0.03172192938509921
|heading error|,rad,RUNNING_MPC,0.027911676334670062
|heading error|,rad,RUNNING_MPC,0.032071940374314156
|heading error|,rad,RUNNING_MPC,0.025289901175788998
|heading error|,rad,RUNNING_MPC,0.03238565014049977
|heading error|,rad,RUNNING_MPC,0.028053376010420464
|heading error|,rad,RUNNING_MPC,0.01857431218765759
|heading error|,rad,RUNNING_MPC,0.009269869137911613
