scenario,signal,error_gt_minus_est
ours,v_y,0.0016087422744434088
ours,v_y,0.0077131014012343235
ours,v_y,0.0023922362964590126
ours,v_y,0.0028382552147149815
ours,v_y,0.002503570535562485
ours,v_y,0.009120545654421596
ours,v_y,0.0013810223201241832
ours,v_y,0.0020203242333858232
ours,v_y,0.0027358511713358874
ours,v_y,0.0017181489750807306
ours,v_y,0.0020595142205541116
ours,v_y,0.002769441609505749
ours,v_y,0.005250033726674153
ours,v_y,0.0030747493697985337
ours,v_y,0.003915132989243435
ours,v_y,0.0019279069635019866
ours,v_y,0.008654400907473735
ours,v_y,0.0022115644312046233
ours,v_y,0.0027885768279408453
ours,v_y,0.004395456718964009
ours,v_y,0.0013948567765136588
ours,v_y,-0.0010001073606333427
ours,v_y,-0.0010392735551143749
ours,v_y,0.00210859455910763
ours,v_y,0.004993588639190263
ours,v_y,0.00624871078974305
ours,v_y,0.005142753899777589
ours,v_y,0.008687546014305691
ours,v_y,0.011207289771786238
ours,v_y,0.017256878965348076
ours,v_y,0.010239650602314534
ours,v_y,0.006039019894030235
ours,v_y,0.005824033679363938
ours,v_y,0.004117917814208756
ours,v_y,0.0047786640265500314
ours,v_y,0.002523894223529048
ours,v_y,0.0009236832145558052
ours,v_y,0.0019596927434597927
ours,v_y,0.0009213875343933933
ours,v_y,0.000728987645289619
ours,v_y,0.0012329870420809772
ours,v_y,-0.0019922582546963406
ours,v_y,0.0010568342139481018
ours,v_y,0.007859240733722433
ours,v_y,0.012814639923293847
ours,v_y,0.010450681778690352
ours,v_y,0.02259859101274439
ours,v_y,0.012660203882750853
ours,v_y,0.04803608036440904
ours,v_y,0.013841724139093375
ours,v_y,0.010806454372970897
ours,v_y,0.026690445554254122
ours,v_y,0.020691941175609838
ours,v_y,0.02095534553408232
ours,v_y,0.016337591095598056
ours,v_y,0.013916022542565076
ours,v_y,0.045827581927914
ours,v_y,0.01127700458109962
ours,v_y,0.03026836760786311
ours,v_y,0.015960839182677267
ours,v_y,0.036934359121966076
ours,v_y,0.0382554801064631
ours,v_y,0.04040194471668623
ours,v_y,0.051874305780118535
ours,v_y,0.04489924116153193
ours,v_y,0.11499608668370176
ours,v_y,0.029988536632923446
ours,v_y,0.04885631069089458
ours,v_y,0.056442756767002056
ours,v_y,0.0555535157939725
ours,v_y,0.06575475525355101
ours,v_y,0.07157942140670481
ours,v_y,0.07489813199400597
ours,v_y,0.06963321931664135
ours,v_y,0.08460117531793787
ours,v_y,0.043227742932709035
ours,v_y,0.06006620734744972
ours,v_y,0.06874825390452999
ours,v_y,0.011696633046861526
ours,v_y,0.06434252621887704
ours,v_y,0.0514055919065276
ours,v_y,0.0759100670073587
ours,v_y,0.02935217494868181
ours,v_y,0.08690599451496805
ours,v_y,0.025733644716850135
ours,v_y,0.023989909885668292
ours,v_y,0.10324371741606886
ours,v_y,0.022634627022859788
ours,v_y,0.03521289496538288
ours,v_y,0.03163508851920371
ours,v_y,0.027373056640870003
ours,v_y,0.0062442120091757425
ours,v_y,0.00822476847301179
ours,v_y,0.005463906454857045
ours,v_y,0.004118451149621352
ours,v_y,0.010287641316249901
ours,v_y,0.012425886902616076
ours,v_y,0.01780657983681981
ours,v_y,0.05207956395041112
ours,v_y,0.05962642302283955
ours,v_y,0.016447808440689923
ours,v_y,0.04110417081688211
ours,v_y,0.019915383295863898
ours,v_y,0.04370125362845212
ours,v_y,0.06718639611907978
ours,v_y,0.09656918053591651
ours,v_y,0.04393155480151972
ours,v_y,0.04470514989878155
ours,v_y,0.039689005849754294
ours,v_y,0.03894661041769265
ours,v_y,0.0658025554528407
ours,v_y,0.011119891158151346
ours,v_y,0.031990335151124816
ours,v_y,0.03609077132263247
ours,v_y,0.03379490862336243
ours,v_y,0.05037944426050167
ours,v_y,0.10471790435735673
ours,v_y,0.044681581944551574
ours,v_y,0.03927379161950495
ours,v_y,0.03910161515996419
ours,v_y,0.019197932549420205
ours,v_y,0.05191805304631886
ours,v_y,0.03039863010234259
ours,v_y,0.010835056973860238
ours,v_y,0.018775766537196245
ours,v_y,0.013190765366318094
ours,v_y,0.016326932004034705
ours,v_y,-0.00353975454523478
ours,v_y,-0.021171688166664177
ours,v_y,-0.00800834604576274
ours,v_y,-0.021920715728511522
ours,v_y,-0.03467424530225746
ours,v_y,-0.05221838421993072
ours,v_y,-0.05583007831784911
ours,v_y,-0.0645472800201915
ours,v_y,-0.06397072920781727
ours,v_y,-0.05014901073396921
ours,v_y,-0.00931350775837858
ours,v_y,-0.020192126704979413
ours,v_y,-0.03738577593167011
ours,v_y,-0.02651272635929139
ours,v_y,-0.04690225023478506
ours,v_y,-0.026106005770645646
ours,v_y,-0.05809373012350394
ours,v_y,-0.06361612949870005
ours,v_y,-0.06684854045352262
ours,v_y,-0.033419459253688666
ours,v_y,-0.07091783002812235
ours,v_y,-0.1063813242706304
ours,v_y,-0.036176169839431616
ours,v_y,-0.07112824037597554
ours,v_y,-0.06769596225907915
ours,v_y,-0.07475914726471111
ours,v_y,-0.08859749047759946
ours,v_y,-0.08270303745991703
ours,v_y,-0.07580354604130501
ours,v_y,-0.0828292508187064
ours,v_y,-0.03404408469820025
ours,v_y,-0.06697358941944032
ours,v_y,-0.03151294252487141
ours,v_y,-0.0495665784450971
ours,v_y,-0.03367900046307587
ours,v_y,-0.05750563553996629
ours,v_y,-0.05118505389641276
ours,v_y,-0.04408103943314973
ours,v_y,-0.04823571075079336
ours,v_y,-0.06446879006450285
ours,v_y,-0.02273472488860731
ours,v_y,-0.05894284319210169
ours,v_y,-0.027099304559334375
ours,v_y,-0.06344248147214993
ours,v_y,-0.03379921889400078
ours,v_y,-0.12776666977645734
ours,v_y,-0.1457753084098244
ours,v_y,-0.10332704949669985
ours,v_y,-0.06506898662458094
ours,v_y,-0.0326623807791776
ours,v_y,-0.10839277225959809
ours,v_y,-0.05986943787119353
ours,v_y,-0.04492192415276752
ours,v_y,-0.06314463950189042
ours,v_y,-0.07211272316745077
ours,v_y,-0.07542925519971777
ours,v_y,-0.08286667804434089
ours,v_y,-0.12478249079900561
ours,v_y,-0.04025048155381333
ours,v_y,-0.07217838079506728
ours,v_y,-0.09855833583125873
ours,v_y,-0.03347124825607012
ours,v_y,-0.06304462814906797
ours,v_y,-0.055148139735143875
ours,v_y,-0.054192276285792984
ours,v_y,-0.03153909864376811
ours,v_y,-0.12081557018964723
ours,v_y,-0.028975281158157007
ours,v_y,-0.06230658926041588
ours,v_y,-0.02872533132865951
ours,v_y,-0.034031447466245035
ours,v_y,-0.062085239963695193
ours,v_y,-0.13854873146825408
ours,v_y,-0.07488708233846042
ours,v_y,-0.03870350586852678
ours,v_y,-0.0773197230507498
ours,v_y,-0.03905888816847758
ours,v_y,-0.07840026238299075
ours,v_y,-0.07760457042187358
ours,v_y,-0.03662813186769165
ours,v_y,-0.08383083978221417
ours,v_y,-0.15188025679471207
ours,v_y,-0.18649616922413026
ours,v_y,-0.12066283612137152
ours,v_y,-0.08398828253930357
ours,v_y,-0.03467240903127189
ours,v_y,-0.06765019050926785
ours,v_y,-0.03106296478931242
ours,v_y,-0.06163992445309585
ours,v_y,-0.03007481779663934
ours,v_y,-0.06317225245081282
ours,v_y,-0.06065451028102431
ours,v_y,-0.05794195274587005
ours,v_y,-0.05371763002625091
ours,v_y,-0.029538360299572908
ours,v_y,-0.02438961841553905
ours,v_y,-0.10014557934620222
ours,v_y,-0.017603842455529428
ours,v_y,-0.01631981010088862
ours,v_y,-0.0688974289390091
ours,v_y,-0.07169456758927858
ours,v_y,-0.025731989212207818
ours,v_y,-0.007249809312481419
ours,v_y,-0.004988770940539962
ours,v_y,-0.0007287632407666153
ours,v_y,-0.008703120933026401
ours,v_y,-0.0010294172480906083
ours,v_y,-0.0015988878924385053
ours,v_y,-0.008606037458481292
ours,v_y,-0.008064900082305038
ours,v_y,-0.01676638193164745
ours,v_y,-0.017912270805346048
ours,v_y,-0.02485951892767138
ours,v_y,-0.007740451166086515
ours,v_y,-0.014835973630570043
ours,v_y,-0.02292184041641393
ours,v_y,-0.008560058280004335
ours,v_y,-0.017761322824323716
ours,v_y,-0.02412265571829128
ours,v_y,-0.023615669414976337
ours,v_y,-0.011430755529855618
ours,v_y,-0.04677808283860596
ours,v_y,-0.01280152407895685
ours,v_y,-0.014200263379126388
ours,v_y,-0.05849290132808316
ours,v_y,-0.027321803943847645
ours,v_y,-0.015252366310801901
ours,v_y,-0.030320299240520987
ours,v_y,-0.027595012683424625
ours,v_y,-0.0396937087717642
ours,v_y,-0.02141482196260386
ours,v_y,-0.05474265782177501
ours,v_y,-0.02493646015857587
ours,v_y,-0.04574451363666593
ours,v_y,-0.022750234910861478
ours,v_y,-0.019300561276953898
ours,v_y,-0.06810065658314518
ours,v_y,-0.01707488363112253
ours,v_y,-0.03137890881762784
ours,v_y,-0.030597523549835248
ours,v_y,-0.035523385737518676
ours,v_y,-0.017761297471542425
ours,v_y,-0.07708165540817558
ours,v_y,-0.022693936210149257
ours,v_y,-0.021369711139208658
ours,v_y,-0.04593605857351757
ours,v_y,-0.02222588101943279
ours,v_y,-0.04211237122473643
ours,v_y,-0.07321347949769552
ours,v_y,-0.12752266479836083
ours,v_y,-0.023826034515397776
ours,v_y,-0.053252663016510215
ours,v_y,-0.02964798701575888
ours,v_y,-0.054689516798316684
ours,v_y,-0.05309330666939005
ours,v_y,-0.025478391932690525
ours,v_y,-0.05760745078786789
ours,v_y,-0.0369389699433737
ours,v_y,-0.04045786752560532
ours,v_y,-0.04600302824198721
ours,v_y,-0.05363971926224298
ours,v_y,-0.05098902211388556
ours,v_y,-0.09545729543819714
ours,v_y,-0.06637456467821912
ours,v_y,-0.08185222906212852
ours,v_y,-0.06715026613042174
ours,v_y,-0.056595280359476696
ours,v_y,-0.016123728817747818
ours,v_y,-0.061739102687702885
ours,v_y,-0.05560620651374726
ours,v_y,-0.05096346794202611
ours,v_y,-0.04527309873997998
ours,v_y,-0.0631699002595526
ours,v_y,-0.04212335617716306
ours,v_y,-0.017477025335674357
ours,v_y,-0.035301656778325086
ours,v_y,-0.021084005365813285
ours,v_y,-0.04893185725070215
ours,v_y,-0.025585714895790312
ours,v_y,-0.032945171218826785
ours,v_y,-0.1231290692839373
ours,v_y,-0.0591893372302531
ours,v_y,-0.03935536580220644
ours,v_y,-0.015781060346833742
ours,v_y,-0.05218102896627286
ours,v_y,-0.012031468867113815
ours,v_y,-0.009785533926449819
ours,v_y,-0.03537456164578384
ours,v_y,-0.010166524266730731
ours,v_y,-0.011297207125251396
ours,v_y,-0.011424941358610274
ours,v_y,-0.025317888121068777
ours,v_y,-0.012450433727846877
ours,v_y,-0.01240383147983748
ours,v_y,-0.01170787082959765
ours,v_y,-0.012448652862254883
ours,v_y,-0.011484725739726281
ours,v_y,-0.03034932367790416
ours,v_y,-0.008052240156423723
ours,v_y,-0.01442164453462852
ours,v_y,-0.013373070657959507
ours,v_y,-0.010922359801703002
ours,v_y,-0.004551876773206537
ours,v_y,-0.004094432618177948
ours,v_y,-0.0037930290172298042
ours,v_y,-0.003032258489040554
ours,v_y,-0.004822759123493281
ours,v_y,-0.002128109038165696
ours,v_y,-0.0062730080088412715
ours,v_y,-0.0015190111222744551
ours,v_y,-0.002682878722940485
ours,v_y,-0.002687936089384599
ours,v_y,0.0007139325535493318
ours,v_y,0.002256263228129867
ours,v_y,0.005139800817225527
ours,v_y,0.0055490657697775635
ours,v_y,0.013676724952651938
ours,v_y,0.004811271476225773
ours,v_y,0.004832763406362944
ours,v_y,-0.005315342894879331
ours,v_y,0.002721353298300925
ours,v_y,0.00224165583969195
ours,v_y,0.000954666406043362
ours,v_y,0.0032222659585575963
ours,v_y,0.005553946663810955
ours,v_y,0.004015808368259946
ours,v_y,0.004411581180685041
ours,v_y,0.0031722227780229192
ours,v_y,0.005285334614518272
ours,v_y,0.006007292253591184
ours,v_y,0.0019042978098087887
ours,v_y,0.004549926512587343
ours,v_y,0.0021745163017498487
ours,v_y,0.002609278927131982
ours,v_y,0.0023893696559960896
ours,v_y,0.005459000219766419
ours,v_y,0.002278457787965524
ours,v_y,0.0022671355679593844
ours,v_y,0.0037654866173660664
ours,v_y,0.0036380353675319714
ours,v_y,0.0015881857173539946
ours,v_y,0.0037478882110310655
ours,v_y,0.0014031804566959488
ours,v_y,0.0033586501536005398
ours,v_y,0.0013530099068637148
ours,v_y,0.003743393493186274
ours,v_y,0.002509148167575276
ours,v_y,0.00973483094477394
ours,v_y,0.003212265721168124
ours,v_y,0.005873316066632522
ours,v_y,0.003958594674012543
ours,v_y,0.01017868564939315
ours,v_y,0.0023852756609297615
ours,v_y,0.003273255963874802
ours,v_y,0.002512151952123766
ours,v_y,0.0015763401063489668
ours,v_y,0.0029627221832958933
ours,v_y,0.0019856579482757236
ours,v_y,0.004104496125648546
ours,v_y,0.004941492370183192
ours,v_y,0.0024728720835468926
ours,v_y,0.0017379100359830382
ours,v_y,0.0032229555867671483
ours,v_y,0.0012102331734260216
ours,v_y,0.004778346567996701
ours,v_y,0.00046064644943072386
ours,v_y,0.0013500562722487605
ours,v_y,0.0012209334991494444
ours,v_y,0.0018414391274743404
ours,v_y,0.004366097448062392
ours,v_y,0.005869186252226582
ours,v_y,0.001235909283740639
ours,v_y,0.001568875783914618
ours,v_y,0.002775162703741535
ours,v_y,0.0009485795911244078
ours,v_y,0.0019640263212348276
ours,v_y,0.0010914917537084672
ours,v_y,0.0021938624614938687
ours,v_y,0.002406075896804128
ours,v_y,0.002139587770350948
ours,v_y,0.002357214226019788
ours,v_y,0.0029275528325006933
ours,v_y,0.0041738423466512655
ours,v_y,0.003894893324466934
ours,v_y,0.003237909007741775
ours,v_y,0.0029304772789241276
ours,v_y,0.0017943585482763473
ours,v_y,0.0006326415348423542
ours,v_y,0.00024499377635245345
ours,v_y,0.0013393494336351452
ours,v_y,0.0023385192654866785
ours,v_y,-0.0006028575898677363
ours,v_y,-0.0044452235227496195
ours,v_y,-0.004241931028225385
ours,v_y,-0.009014487135468652
ours,v_y,-0.006919829540289663
ours,v_y,-0.005269375608512414
ours,v_y,-0.011527116083951863
ours,v_y,-0.01262626963374204
ours,v_y,-0.013730114803344878
ours,v_y,-0.008508126976518177
ours,v_y,-0.026003398620166873
ours,v_y,-0.019778012367212106
ours,v_y,-0.011374208814531911
ours,v_y,-0.022472093839913387
ours,v_y,-0.011956981249192034
ours,v_y,-0.025296501660043352
ours,v_y,-0.014809359231843261
ours,v_y,-0.030383782067733178
ours,v_y,-0.018953024029726706
ours,v_y,-0.03744621212156396
ours,v_y,-0.050317391642849985
ours,v_y,-0.04245830304692383
ours,v_y,-0.05321861484399509
ours,v_y,-0.04460864521475583
ours,v_y,-0.04669618371720796
ours,v_y,-0.046560499974531655
ours,v_y,-0.04589124014550133
ours,v_y,-0.03723223249016322
ours,v_y,-0.04999103158106033
ours,v_y,-0.024639517752292117
ours,v_y,-0.02393921930009585
ours,v_y,-0.028005201587410267
ours,v_y,-0.028290163344365293
ours,v_y,-0.04766340047595635
ours,v_y,-0.023488049135392763
ours,v_y,-0.050199663426493735
ours,v_y,-0.022721777526735876
ours,v_y,-0.026332832416483543
ours,v_y,-0.02722425521219174
ours,v_y,-0.03129220482611861
ours,v_y,-0.026598039724902822
ours,v_y,-0.028498839521830632
ours,v_y,-0.06270850269837058
ours,v_y,-0.06576251740721428
ours,v_y,-0.03305189911499207
ours,v_y,-0.013474086203730695
ours,v_y,-0.08236594586744606
ours,v_y,-0.033656715884851085
ours,v_y,-0.09822393061884227
ours,v_y,-0.03341241709433629
ours,v_y,-0.032689399218529314
ours,v_y,-0.0621183648599426
ours,v_y,-0.07022860188868829
ours,v_y,-0.025966266045393538
ours,v_y,-0.09837056477923667
ours,v_y,-0.01601550420326886
ours,v_y,-0.0739638254134416
ours,v_y,-0.02691312202170859
ours,v_y,-0.10158393104948948
ours,v_y,-0.02780346214541063
ours,v_y,-0.08233229118078911
ours,v_y,-0.05385123979781248
ours,v_y,-0.030548081178442543
ours,v_y,-0.07945260595889025
ours,v_y,-0.030517977637658178
ours,v_y,-0.060169031394713746
ours,v_y,-0.0692622346624896
ours,v_y,-0.058965041580384625
ours,v_y,-0.05221529069477637
ours,v_y,-0.046732696868176604
ours,v_y,-0.06540082054512486
ours,v_y,-0.054455630996214754
ours,v_y,-0.04223052512015246
ours,v_y,-0.040552271326730505
ours,v_y,-0.0360607568159797
ours,v_y,-0.023506376218914993
ours,v_y,-0.026753411752177825
ours,v_y,-0.0267255115878276
ours,v_y,-0.027688261979721185
ours,v_y,-0.03411623785609613
ours,v_y,-0.018176744381027454
ours,v_y,-0.03416674436688971
ours,v_y,-0.014224399723065217
ours,v_y,-0.02264834476305544
ours,v_y,-0.02083336698762145
ours,v_y,-0.024563386224920047
ours,v_y,-0.050066468027938016
ours,v_y,-0.051313959927380415
ours,v_y,-0.03446399477645101
ours,v_y,-0.019704669376516992
ours,v_y,-0.010185482243665694
ours,v_y,-0.006544519771855259
ours,v_y,-0.005204530970215435
ours,v_y,-0.0074760608892199265
ours,v_y,-0.007872548012812564
ours,v_y,-0.014383664473528707
ours,v_y,-0.013444270830559657
ours,v_y,-0.014220327806878263
ours,v_y,-0.023633301848624916
ours,v_y,-0.015521087256242072
ours,v_y,-0.007128745333240177
ours,v_y,-0.01423681003341859
ours,v_y,-0.0064149965586895175
ours,v_y,-0.012842235119142315
ours,v_y,-0.006327257470103903
ours,v_y,-0.012780694266407155
ours,v_y,-0.013046473479689402
ours,v_y,-0.006945770887663266
ours,v_y,-0.013946623004397862
ours,v_y,-0.007236958221873618
ours,v_y,-0.026131089849811967
ours,v_y,-0.006718110196375554
ours,v_y,-0.006750963143790034
ours,v_y,-0.013157391892723302
ours,v_y,-0.014495660526978982
ours,v_y,-0.012631869962587028
ours,v_y,-0.012486509859782308
ours,v_y,-0.014471944394303798
ours,v_y,-0.005988587427766173
ours,v_y,-0.012667040327979773
ours,v_y,-0.00525976710260273
ours,v_y,-0.011460835258634589
ours,v_y,-0.005539286091872292
ours,v_y,-0.01302211404838155
ours,v_y,-0.01338944730065289
ours,v_y,-0.014577255108457199
ours,v_y,-0.018054587012489465
ours,v_y,-0.017918456496922613
ours,v_y,-0.014924673211395068
ours,v_y,-0.015008521693534727
ours,v_y,-0.008421082776571831
ours,v_y,-0.0032278479860073928
ours,v_y,0.003478177390585105
ours,v_y,0.01222085090400011
ours,v_y,-0.0008706134171105051
ours,v_y,-0.011300177792374744
ours,v_y,-0.018844618047078043
ours,v_y,-0.026908615926234947
ours,v_y,-0.016776027024076573
ours,v_y,-0.008600326429285668
ours,v_y,-0.004393044458078005
ours,v_y,0.0026479094821029725
ours,v_y,-0.00014712492098928331
ours,v_y,-0.000550860198984808
ours,v_y,-0.00313461868672138
ours,v_y,-0.0027357738087306627
ours,v_y,-0.013183046142607666
ours,v_y,-0.006650138258108368
ours,v_y,-0.002434678674265181
ours,v_y,-0.0054480058158096895
ours,v_y,-0.0030106322342918906
ours,v_y,-0.0016437580396218565
ours,v_y,-0.002657427594044477
ours,v_y,-0.00012701823648367944
ours,v_y,-0.0022304756054305763
ours,v_y,0.0008284384788379839
ours,v_y,0.0005152601739478874
ours,v_y,0.0007552299185683148
ours,v_y,-0.0003743166639148948
ours,v_y,-0.00024269203580010862
ours,v_y,-0.0005095566098940185
ours,v_y,0.0015625029691602801
ours,v_y,0.00072249603648019
ours,v_y,0.001367372289844248
ours,v_y,0.0021220267265186134
ours,v_y,0.004273952003831975
ours,v_y,0.0032358166845948876
ours,v_y,0.0019191538949863626
ours,v_y,0.0010955921664423645
ours,v_y,0.0033908828126296975
ours,v_y,0.007335187617758157
ours,v_y,0.007510076136277258
ours,v_y,0.017071560916373407
ours,v_y,0.020402333594292582
ours,v_y,0.023548161238704873
ours,v_y,0.02679822504491494
ours,v_y,0.014435537102254176
ours,v_y,0.030482891309202453
ours,v_y,0.02980909605255394
ours,v_y,0.014687837798196879
ours,v_y,0.030166408790996302
ours,v_y,0.01643952815068192
ours,v_y,0.03325473274524199
ours,v_y,0.016678625330139363
ours,v_y,0.033600671119378145
ours,v_y,0.01686070640230597
ours,v_y,0.03610624769617027
ours,v_y,0.0479045733483382
ours,v_y,0.05223746121011391
ours,v_y,0.054222083703779345
ours,v_y,0.04706582420160321
ours,v_y,0.056269206357813295
ours,v_y,0.0625029761746006
ours,v_y,0.03811214264876106
ours,v_y,0.022779145178871252
ours,v_y,0.09319859317819457
ours,v_y,0.03582375533294119
ours,v_y,0.032286236675042046
ours,v_y,0.04718356084323133
ours,v_y,0.0422408217894798
ours,v_y,0.028807986774259164
ours,v_y,0.046308632862093135
ours,v_y,0.016213393886474192
ours,v_y,0.027807497381081125
ours,v_y,0.027019071477052514
ours,v_y,0.020434850429783102
ours,v_y,0.060469000248901034
ours,v_y,0.026409643441737088
ours,v_y,0.01067412084357168
ours,v_y,0.01033879558862752
ours,v_y,0.006494574192006677
ours,v_y,0.0310892043643474
ours,v_y,0.007639703669869567
ours,v_y,0.007674173703588951
ours,v_y,0.008148672241750594
ours,v_y,0.002264551267079973
ours,v_y,-0.004745369663676918
ours,v_y,-0.024938681318486894
ours,v_y,-0.010340949237158809
ours,v_y,-0.02537475839808448
ours,v_y,-0.02119408247897403
ours,v_y,-0.01199706893820826
ours,v_y,-0.023336192306717407
ours,v_y,-0.014461791129083523
ours,v_y,-0.02612637611793661
ours,v_y,-0.041425726640344496
ours,v_y,-0.017319143447881935
ours,v_y,-0.0372779571372992
ours,v_y,-0.03871554017975409
ours,v_y,-0.04605135286900419
ours,v_y,-0.10664143172720486
ours,v_y,-0.020992440629217346
ours,v_y,-0.04534469572373068
ours,v_y,-0.054271311387254495
ours,v_y,-0.06571906082153756
ours,v_y,-0.11244641821732237
ours,v_y,-0.09064496159130242
ours,v_y,-0.0379962907378375
ours,v_y,-0.1646526508947047
ours,v_y,-0.07326061568489006
ours,v_y,-0.07334166052637103
ours,v_y,-0.058863706639124214
ours,v_y,-0.028931123543060377
ours,v_y,-0.043411748670864114
ours,v_y,-0.02141379861269682
ours,v_y,-0.04079706875063022
ours,v_y,-0.020957080631329728
ours,v_y,-0.042350256722443635
ours,v_y,-0.01985738979415108
ours,v_y,-0.04255200672373172
ours,v_y,-0.021967194860340822
ours,v_y,-0.053171672356121746
ours,v_y,-0.061819711037474745
ours,v_y,-0.057515328260926535
ours,v_y,-0.04623388591103067
ours,v_y,-0.0329151989062797
ours,v_y,-0.025119637476697487
ours,v_y,-0.017189518041729135
ours,v_y,-0.007256164340159993
ours,v_y,-0.0054375570533995304
ours,v_y,-0.008797802090208487
ours,v_y,-0.005147461206505707
ours,v_y,-0.005528357435640972
ours,v_y,-0.004377525475070112
ours,v_y,-0.001497288799603314
ours,v_y,-0.001726282559208021
ours,v_y,0.00035787978350794794
ours,v_y,0.004003208147032179
ours,v_y,0.0029495632512406555
ours,v_y,0.009321457180122061
ours,v_y,0.012778415430261439
ours,v_y,0.015824922449776624
ours,v_y,0.00960606884897
ours,v_y,0.009251177940543198
ours,v_y,0.018673613367137562
ours,v_y,0.012068590478379354
ours,v_y,0.013886560409246046
ours,v_y,0.025484949150658576
ours,v_y,0.017290460236117328
ours,v_y,0.032480314528107485
ours,v_y,0.0666792999889586
ours,v_y,0.04383959089129552
ours,v_y,0.08255235089858626
ours,v_y,0.05200914866762091
ours,v_y,0.07179970027092958
ours,v_y,0.0479772004024267
ours,v_y,0.023152825507057717
ours,v_y,0.04780347679756414
ours,v_y,0.048575042644491584
ours,v_y,0.037319964636404857
ours,v_y,0.05283434678691695
ours,v_y,0.050130685706556044
ours,v_y,0.052159101483414516
ours,v_y,0.05234511191166147
ours,v_y,0.052319592345830945
ours,v_y,0.03033332939364114
ours,v_y,0.048482916337042714
ours,v_y,0.01341136317506253
ours,v_y,0.052034965106724895
ours,v_y,0.027856643102777245
ours,v_y,0.04233072233971724
ours,v_y,0.062092446112220645
ours,v_y,0.07108024729219686
ours,v_y,0.0763981143230138
ours,v_y,0.05562424916332531
ours,v_y,0.03463486151015571
ours,v_y,0.06458935389304099
ours,v_y,0.03110341981027842
ours,v_y,0.029378425194623803
ours,v_y,0.10494233914476941
ours,v_y,0.022045457367203036
ours,v_y,0.03212488754553286
ours,v_y,0.0382954764355212
ours,v_y,0.04236472643567324
ours,v_y,0.0349892050325481
ours,v_y,0.008096376337940955
ours,v_y,0.015573569861706577
ours,v_y,0.008948809027915117
ours,v_y,0.014954626738831994
ours,v_y,0.007009533527339712
ours,v_y,0.008790108554500735
ours,v_y,0.006778449688599707
ours,v_y,0.0007416814278199974
ours,v_y,-0.006609339146743616
ours,v_y,-0.009020544288480536
ours,v_y,-0.00929604437067015
ours,v_y,-0.01704542533287312
ours,v_y,-0.02647453332940372
ours,v_y,-0.032776990416877816
ours,v_y,-0.03498732417081998
ours,v_y,-0.03657354993954964
ours,v_y,-0.03756053819843763
ours,v_y,-0.02640752040200156
ours,v_y,-0.10304150151260238
ours,v_y,-0.056180447424378666
ours,v_y,-0.049812132551462274
ours,v_y,-0.027275685301179575
ours,v_y,-0.04917962589281499
ours,v_y,-0.03899627612874279
ours,v_y,-0.09092658302398093
ours,v_y,-0.0408477354749468
ours,v_y,-0.07841544625351837
ours,v_y,-0.03769354854161355
ours,v_y,-0.03667490013742136
ours,v_y,-0.06740580541035857
ours,v_y,-0.06101067442366881
ours,v_y,-0.051824278759305065
ours,v_y,-0.05490954552527155
ours,v_y,-0.04980651178611245
ours,v_y,-0.07240599570730427
ours,v_y,-0.05003927680743575
ours,v_y,-0.09251514257915283
ours,v_y,-0.032510656528046855
ours,v_y,-0.14803713347074154
ours,v_y,-0.07393636211223653
ours,v_y,-0.07257062534217362
ours,v_y,-0.035060176940712395
ours,v_y,-0.15344622248533446
ours,v_y,-0.034690774355848886
ours,v_y,-0.03388285507336086
ours,v_y,-0.06846593236098508
ours,v_y,-0.01812967776891794
ours,v_y,-0.06936909844462069
ours,v_y,-0.03506750526214841
ours,v_y,-0.07152865873024927
ours,v_y,-0.0710722187411279
ours,v_y,-0.03693823151939302
ours,v_y,-0.048739468053317414
ours,v_y,-0.03526557135702074
ours,v_y,-0.06745438418170646
ours,v_y,-0.030232786703530357
ours,v_y,-0.05304985947842644
ours,v_y,-0.025860607611808806
ours,v_y,-0.049804817091967934
ours,v_y,-0.025801446091835656
ours,v_y,-0.049624405046504894
ours,v_y,-0.02916223971895099
ours,v_y,-0.049976735483498735
ours,v_y,-0.04199935233067409
ours,v_y,-0.050854987479825586
ours,v_y,-0.0539508377313746
ours,v_y,-0.05503685949233572
ours,v_y,-0.0531989148984372
ours,v_y,-0.05425110989181664
ours,v_y,-0.0529267570197669
ours,v_y,-0.035842996039745556
ours,v_y,-0.052200758579593276
ours,v_y,-0.016828420507646602
ours,v_y,-0.021751869898103376
ours,v_y,-0.016656615994164403
ours,v_y,-0.010232730183334177
ours,v_y,-0.03367255131707722
ours,v_y,-0.017476282244963587
ours,v_y,-0.0053482251505437145
ours,v_y,-0.01055383644207751
ours,v_y,-3.1886253609197945e-05
ours,v_y,0.010888575463915695
ours,v_y,0.045463210328469617
ours,v_y,0.08481058603350644
ours,v_y,0.037681796025207104
ours,v_y,0.02005078077163258
ours,v_y,0.03869057283265387
ours,v_y,0.01938363842038071
ours,v_y,0.0716211511043634
ours,v_y,0.021518600914897545
ours,v_y,0.05281435254442035
ours,v_y,0.057048047049503614
ours,v_y,0.06038049905070597
ours,v_y,0.12561723177548956
ours,v_y,0.04029547971105407
ours,v_y,0.08581618603682273
ours,v_y,0.08907285658672459
ours,v_y,0.043956193407255095
ours,v_y,0.08448862338510565
ours,v_y,0.03539330982248323
ours,v_y,0.09181332865611846
ours,v_y,0.08714350602964727
ours,v_y,0.0638176740161055
ours,v_y,0.0609885377931455
ours,v_y,0.061120468342832024
ours,v_y,0.0331964952441231
ours,v_y,0.05734316594844041
ours,v_y,0.03154121334984228
ours,v_y,0.0677715762238662
ours,v_y,0.036402770195766765
ours,v_y,0.06681893804693162
ours,v_y,0.035892325441694184
ours,v_y,0.0725414621397425
ours,v_y,0.038065920865804515
ours,v_y,0.06172265214648964
ours,v_y,0.04161313088931809
ours,v_y,0.029639461567003617
ours,v_y,0.01077994961133448
ours,v_y,0.019103138341084902
ours,v_y,0.008042917483058104
ours,v_y,0.0318974002230764
ours,v_y,0.010569667042814243
ours,v_y,0.01824676250698315
ours,v_y,0.02760966273118355
ours,v_y,0.011332283801331416
ours,v_y,0.016756103300580236
ours,v_y,0.005750076652839333
ours,v_y,0.00628755361536734
ours,v_y,0.005821836624167406
ours,v_y,0.006284744752248762
ours,v_y,0.0036986713645126394
ours,v_y,0.015560035651354498
ours,v_y,0.003484058078406911
ours,v_y,0.0073897157420851
ours,v_y,0.010250883123830282
ours,v_y,0.005094811110697501
ours,v_y,0.00626682978416645
ours,v_y,0.004193099508415346
ours,v_y,0.004642063515979871
ours,v_y,0.0022603179562481796
ours,v_y,0.005267374726635198
ours,v_y,0.002035563668373668
ours,v_y,0.004003107282710762
ours,v_y,0.002251791455120335
ours,v_y,0.004196906593810882
ours,v_y,0.001976582262537176
ours,v_y,0.004775100579956802
ours,v_y,0.005506508478526488
ours,v_y,0.005356910091642974
ours,v_y,0.006667824990253769
ours,v_y,0.002283550744326094
ours,v_y,0.00614540019077533
ours,v_y,0.00354458361752694
ours,v_y,0.005051850792172984
ours,v_y,0.002591566161282156
ours,v_y,0.005110638463586409
ours,v_y,0.006518131953583515
ours,v_y,0.005351926481788314
ours,v_y,0.004957116728376431
ours,v_y,0.004204000748917361
ours,v_y,0.0019537821563440014
ours,v_y,0.006025994847538345
ours,v_y,0.008408752606362287
ours,v_y,0.005051538324843851
ours,v_y,0.0051739901262885905
ours,v_y,0.004044651143217615
ours,v_y,0.0032850348482520338
ours,v_y,0.005320725372073835
ours,v_y,0.0052782199824296236
ours,v_y,0.006390647526756995
ours,v_y,0.007997036219246963
ours,v_y,0.00887981413176845
ours,v_y,0.010635503680992541
ours,v_y,0.006913233804198655
ours,v_y,0.003953558511875322
ours,v_y,0.00577858686491935
ours,v_y,0.0020903581869030283
ours,v_y,0.001995317852866163
ours,v_y,0.002159331249751116
ours,v_y,0.002514064024203587
ours,v_y,0.0027089160233644133
ours,v_y,0.0021946965985958702
ours,v_y,0.0042814986382809835
ours,v_y,0.0029304008025623635
ours,v_y,0.005850399008536674
ours,v_y,0.0030668207031978294
ours,v_y,0.006013706630529629
ours,v_y,0.004084815341426485
ours,v_y,0.003126857555693592
ours,v_y,0.004335891044618066
ours,v_y,0.0026514069541597254
ours,v_y,0.002884504450109942
ours,v_y,0.007662217991830228
ours,v_y,0.001363148424106165
ours,v_y,0.0012307519750455673
ours,v_y,0.0007812341058902328
ours,v_y,0.0017198841240557289
ours,v_y,0.0007558584469723115
ours,v_y,0.0017250272081987747
ours,v_y,0.0053170916166012175
ours,v_y,0.00308992508342815
ours,v_y,0.003991054431608616
ours,v_y,0.00461153298539586
ours,v_y,0.0027703467997998027
ours,v_y,0.005221660991367177
ours,v_y,0.0029139044877668843
ours,v_y,0.006145771669488321
ours,v_y,0.002303307162808613
ours,v_y,0.004351337789001028
ours,v_y,0.002097080223265867
ours,v_y,0.003947302460994263
ours,v_y,0.003561142805344246
ours,v_y,0.0032969203367058907
ours,v_y,0.001566661714837686
ours,v_y,0.0024291216972812807
ours,v_y,0.0007480882154491109
ours,v_y,0.0014281118361905917
ours,v_y,0.0014488299336971704
ours,v_y,0.003065761275376895
ours,v_y,0.001901721615029446
ours,v_y,0.0014982347770015822
ours,v_y,0.0011967247721100908
ours,v_y,0.001734828401888263
ours,v_y,0.00204164395498024
ours,v_y,0.0008828781248905286
ours,v_y,-0.0004982767630292463
ours,v_y,0.00011174724465027805
ours,v_y,0.0015057612981423524
ours,v_y,0.0013859679913977366
ours,v_y,0.001353711212084007
ours,v_y,0.0017883765155720828
ours,v_y,0.0009275645503079265
ours,v_y,0.00016431092331293043
ours,v_y,8.833046285544252e-05
ours,v_y,0.0009643596535404281
ours,v_y,-0.00026750201709525856
ours,v_y,-4.864426677192099e-05
ours,v_y,-0.0006059956342892442
ours,v_y,0.00022046118341987123
ours,v_y,0.0009256885701009882
ours,v_y,-0.008164477405624891
ours,v_y,-0.0010324680180421146
ours,v_y,0.004151862574525225
ours,v_y,0.0012859678094884475
ours,v_y,-0.0004138167905507126
ours,v_y,-0.0018003353102008929
ours,v_y,-0.003701493987239124
ours,v_y,-0.0007170473204681158
ours,v_y,-0.0014804022746683562
ours,v_y,-0.000890944061791285
ours,v_y,0.0013928421767367381
ours,v_y,0.00033244178766190374
ours,v_y,0.0022028212970359243
ours,v_y,0.0014915061910808006
ours,v_y,0.0005571429513235131
ours,v_y,-0.0012974910089778025
ours,v_y,0.0001873343763925464
ours,v_y,0.0007220187309012957
ours,v_y,-0.0006329221170239679
ours,v_y,0.00029446523490908594
ours,v_y,-0.0025653480708655724
ours,v_y,-0.001574267378413867
ours,v_y,-0.00237377757380626
ours,v_y,-0.0015910466254764472
ours,v_y,-0.006544516869594584
ours,v_y,-0.0012131312111428108
ours,v_y,-0.0010782111843714165
ours,v_y,-0.0010094432380586549
ours,v_y,-0.0017817872654540684
ours,v_y,-0.0014759854405645007
ours,v_y,-0.0035292755068275228
ours,v_y,-0.003044980147540316
ours,v_y,-0.0038436394087520143
ours,v_y,-0.0022013916696299873
ours,v_y,-0.005376977138779257
ours,v_y,-0.0014145384109892495
ours,v_y,-0.00134885357992999
ours,v_y,-0.0006209903435780983
ours,v_y,-0.0006151711751906236
ours,v_y,-0.0025149943911854516
ours,v_y,-0.0059494286094551735
ours,v_y,-0.0027835857169064143
ours,v_y,-0.0012681779978543362
ours,v_y,-0.0026763416384398553
ours,v_y,-0.001977326235407195
ours,v_y,-0.0019384162801152072
ours,v_y,-0.013516541282792588
ours,v_y,-0.003597047514315721
ours,v_y,-0.0040525024331220655
ours,v_y,-0.0065147889605002285
ours,v_y,-0.010727525687698747
ours,v_y,-0.01810368588794109
ours,v_y,-0.0038300938129281203
ours,v_y,-0.004116587117638487
ours,v_y,-0.008718611195580456
ours,v_y,-0.0053590901034663435
ours,v_y,-0.011054846730391754
ours,v_y,-0.006698405640616745
ours,v_y,-0.017019008530571006
ours,v_y,-0.019402724539746313
ours,v_y,-0.018567466826150958
ours,v_y,-0.016930349650603152
ours,v_y,-0.008029328595364996
ours,v_y,-0.010583048995860656
ours,v_y,-0.018092816474241186
ours,v_y,-0.005612397161618807
ours,v_y,-0.008878484455791757
ours,v_y,-0.00993241277159193
ours,v_y,-0.009950874462785468
ours,v_y,-0.012657975877068392
ours,v_y,-0.01854143576340253
ours,v_y,-0.020546448521866878
ours,v_y,-0.023974426746682764
ours,v_y,-0.027165120030332446
ours,v_y,-0.028056740697996962
ours,v_y,-0.02744508050491258
ours,v_y,-0.02735428348998943
ours,v_y,-0.02629547458853622
ours,v_y,-0.026707537222159336
ours,v_y,-0.025899039666813922
ours,v_y,-0.026485103576146363
ours,v_y,-0.027962944885362273
ours,v_y,-0.01380966508338212
ours,v_y,-0.02860058347827124
ours,v_y,-0.015491721744614023
ours,v_y,-0.03025903171546232
ours,v_y,-0.015869181165042462
ours,v_y,-0.031010073045854764
ours,v_y,-0.037375553823630364
ours,v_y,-0.02202780812457994
ours,v_y,-0.08837124209443914
ours,v_y,-0.04362441542805784
ours,v_y,-0.05139987943354607
ours,v_y,-0.02468871057326877
ours,v_y,-0.0978946856166712
ours,v_y,-0.025326971615387828
ours,v_y,-0.025341928119042012
ours,v_y,-0.09491166320172945
ours,v_y,-0.050236316975240725
ours,v_y,-0.049653770547195164
ours,v_y,-0.053920324785082074
ours,v_y,-0.04949799085971235
ours,v_y,-0.05157578368628002
ours,v_y,-0.04762385453548579
ours,v_y,-0.04098486917653932
ours,v_y,-0.05752321198640975
ours,v_y,-0.060637377048761154
ours,v_y,-0.08638702264175147
ours,v_y,-0.08924456922055957
ours,v_y,-0.07332911245604778
ours,v_y,-0.06225695762807382
ours,v_y,-0.0714624815743754
ours,v_y,-0.05621286646488688
ours,v_y,-0.05172398184326865
ours,v_y,-0.05011325556595997
ours,v_y,-0.024269258957556217
ours,v_y,-0.05720765279526502
ours,v_y,-0.04228579516851133
ours,v_y,-0.05254274951378851
ours,v_y,-0.10164415635769358
ours,v_y,-0.11355385574765336
ours,v_y,-0.05801725747141451
ours,v_y,-0.06285815139798712
ours,v_y,-0.0743560331076506
ours,v_y,-0.030843974697259413
ours,v_y,-0.08781629960646464
ours,v_y,-0.07869829768728742
ours,v_y,-0.03681375163007233
ours,v_y,-0.059770518073667456
ours,v_y,-0.0746758711857512
ours,v_y,-0.033275674403060396
ours,v_y,-0.07402492829962953
ours,v_y,-0.14914656197345755
ours,v_y,-0.05354502770710112
ours,v_y,-0.06471479474499764
ours,v_y,-0.054747781210000734
ours,v_y,-0.028509216637141455
ours,v_y,-0.054516698844545075
ours,v_y,-0.02616177819017551
ours,v_y,-0.056122945591087214
ours,v_y,-0.028381934045399793
ours,v_y,-0.058517296103212546
ours,v_y,-0.03036165586953804
ours,v_y,-0.05947125618795346
ours,v_y,-0.06295391411103068
ours,v_y,-0.060738137983366636
ours,v_y,-0.05790416057665615
ours,v_y,-0.06503456072243435
ours,v_y,-0.026572328133666945
ours,v_y,-0.05719656108186866
ours,v_y,-0.022054887511058052
ours,v_y,-0.03806126197333204
ours,v_y,-0.023778382598951153
ours,v_y,-0.03236438715868456
ours,v_y,-0.05420760975185002
ours,v_y,-0.07614209951097206
ours,v_y,-0.07238844586703819
ours,v_y,-0.05085418958486232
ours,v_y,-0.04026034787465904
ours,v_y,-0.050234136474737595
ours,v_y,-0.03249759953929762
ours,v_y,-0.025131361279391334
ours,v_y,-0.017998829321036136
ours,v_y,-0.01152752279321996
ours,v_y,-0.022521168698826532
ours,v_y,-0.015186210574326647
ours,v_y,-0.009623495194681267
ours,v_y,-0.008300102614491826
ours,v_y,-0.006519763522730015
ours,v_y,-0.003260319010784503
ours,v_y,-0.003205554716707859
ours,v_y,0.0020103092094515967
ours,v_y,0.010863521709864377
ours,v_y,0.003978045564088872
ours,v_y,0.01723137072913128
ours,v_y,0.09593789301771838
ours,v_y,0.09765252809991076
ours,v_y,0.050846241587897634
ours,v_y,0.016173889690207832
ours,v_y,0.03283948906376044
ours,v_y,0.02096591921730262
ours,v_y,0.013552428389100313
ours,v_y,0.039372380860501294
ours,v_y,0.007365196803297808
ours,v_y,0.011922724039234084
ours,v_y,0.013666047666769654
ours,v_y,0.012783542042229423
ours,v_y,0.022092915453641476
ours,v_y,0.023586363151995637
ours,v_y,0.02035260041209802
ours,v_y,0.027455656232469927
ours,v_y,0.021033842196729435
ours,v_y,0.028000912870074002
ours,v_y,0.028508571921991077
ours,v_y,0.025258903247069336
ours,v_y,0.029858030544211933
ours,v_y,0.020803999033436743
ours,v_y,0.015844059423039736
ours,v_y,0.01008180165058109
ours,v_y,0.005504808259647068
ours,v_y,0.0006666489729332398
ours,v_y,-0.0031893074953094624
ours,v_y,0.002607438291461761
ours,v_y,0.011030637542123856
ours,v_y,0.007653574726296741
ours,v_y,0.01799170965882868
ours,v_y,0.009040727530243597
ours,v_y,0.0188989829624214
ours,v_y,0.014056189948357334
ours,v_y,0.008688348295692538
ours,v_y,0.0033186694593647786
ours,v_y,0.004779590855708241
ours,v_y,0.0008088516326910516
ours,v_y,-0.0022655597459061705
ours,v_y,0.00023446336093945613
ours,v_y,-0.0026300803392702785
ours,v_y,-0.0013418566935829296
ours,v_y,-0.003400680624322437
ours,v_y,-0.004961799995774131
ours,v_y,-0.006320183706039459
ours,v_y,-0.005903899890359885
ours,v_y,-0.006731734016131953
ours,v_y,-0.0023597643387911846
ours,v_y,-0.006562972559804236
ours,v_y,-0.0028099114238457346
ours,v_y,0.001848806213643358
ours,v_y,-0.004766204394806985
ours,v_y,-0.0028819117195693564
ours,v_y,-0.009803629470024694
ours,v_y,-0.004320861413614884
ours,v_y,-0.0038960614407936188
ours,v_y,-0.004345522263361903
ours,v_y,-0.004696522005114986
ours,v_y,-0.010594469321379162
ours,v_y,-0.0061045658915067046
ours,v_y,-0.021683562673794968
ours,v_y,-0.0037783060675415977
ours,v_y,-0.010429014349632691
ours,v_y,-0.009866692896418606
ours,v_y,-0.007439839766105677
ours,v_y,-0.012568948203169079
ours,v_y,-0.01135205961752529
ours,v_y,-0.0022621043648129585
ours,v_y,-0.0047968548743384624
ours,v_y,-0.002150632864235889
ours,v_y,-0.0061806238793331685
ours,v_y,-0.009857824032822456
ours,v_y,-0.002323848561915311
ours,v_y,-0.005690544473860464
ours,v_y,-0.005371488550457675
ours,v_y,-0.005413626642579061
ours,v_y,-0.005690305892468897
ours,v_y,-0.0026847711784477504
ours,v_y,-0.00543887663614323
ours,v_y,-0.007839235198705661
ours,v_y,-0.005239539222988096
ours,v_y,-0.0038382811990218466
ours,v_y,-0.002970670576017062
ours,v_y,-0.004369471662362929
ours,v_y,-0.005890542034672809
ours,v_y,-0.005472402266961075
ours,v_y,-0.005895096803042263
ours,v_y,-0.0058211510583415825
ours,v_y,-0.005477194629536958
ours,v_y,-0.0027223670299593664
ours,v_y,-0.012567673770432405
ours,v_y,-0.006031402157905203
ours,v_y,-0.005913268154195931
ours,v_y,-0.006460496502862731
ours,v_y,-0.006209410398709298
ours,v_y,-0.0030865411425403362
ours,v_y,-0.005868410636555546
ours,v_y,-0.0031096020059461615
ours,v_y,-0.006560255447172393
ours,v_y,-0.0033618102536575557
ours,v_y,-0.005773184023123509
ours,v_y,-0.002196620359141103
ours,v_y,-0.01277640550096685
ours,v_y,-0.006747703801867067
ours,v_y,-0.010826797078204057
ours,v_y,-0.004996028723747228
ours,v_y,-0.027682365073255093
ours,v_y,-0.003772685886653834
ours,v_y,-0.005756826368852778
ours,v_y,-0.02917048745554776
ours,v_y,-0.018959685366695032
ours,v_y,-0.02507070468010047
ours,v_y,-0.03922276207907672
ours,v_y,-0.05254951720266904
ours,v_y,-0.027380336231150368
ours,v_y,-0.011896818016580185
ours,v_y,-0.023176007334757484
ours,v_y,-0.010772024589891233
ours,v_y,-0.02583813707759506
ours,v_y,-0.011896849774737338
ours,v_y,-0.025783708717197176
ours,v_y,-0.044858031381506
ours,v_y,-0.013565668836565493
ours,v_y,-0.02888024205299839
ours,v_y,-0.026897520944341172
ours,v_y,-0.03237683446769577
ours,v_y,-0.03706212172668645
ours,v_y,-0.030961084558111293
ours,v_y,-0.004197016758887576
ours,v_y,-0.01735554837689253
ours,v_y,-0.006835906918380978
ours,v_y,-0.017895672711052597
ours,v_y,-0.00486928925895341
ours,v_y,-0.02154601551864002
ours,v_y,-0.03095833871043996
ours,v_y,-0.01328439559962586
ours,v_y,-0.0015474375631333755
ours,v_y,0.005755156245062044
ours,v_y,-0.007831644970645688
ours,v_y,0.008699050234768333
ours,v_y,0.015558811639057243
ours,v_y,0.004304212541560597
ours,v_y,0.010170147567336703
ours,v_y,0.010195199301822347
ours,v_y,0.014861693127002182
ours,v_y,0.026992203794926783
ours,v_y,0.029979621214961033
ours,v_y,0.023757236739175194
ours,v_y,0.012700301982003753
ours,v_y,0.02716151357225803
ours,v_y,0.013910721591310266
ours,v_y,0.026730177064346883
ours,v_y,0.014030839324407782
ours,v_y,0.024297884348591398
ours,v_y,0.01892316370618978
ours,v_y,0.026061901377132407
ours,v_y,0.016396227658198065
ours,v_y,0.01737988179041039
ours,v_y,0.021380837158268537
ours,v_y,0.02295487324207138
ours,v_y,-0.0022436665756096486
ours,v_y,-0.002972957179948863
ours,v_y,0.00560807466234167
ours,v_y,-0.0036920155158383684
ours,v_y,-0.0015894312720873306
ours,v_y,-0.0032567004802285596
ours,v_y,-0.005081852463429785
ours,v_y,-0.007152771094985452
ours,v_y,-0.010961040467319189
ours,v_y,-0.005926294646546759
ours,v_y,-0.014504807339985312
ours,v_y,-0.01527874154994191
ours,v_y,-0.013312274103040117
ours,v_y,-0.03140317178820207
ours,v_y,-0.027921264521520717
ours,v_y,-0.05004499796761608
ours,v_y,-0.05230036562212298
ours,v_y,-0.059379389222521506
ours,v_y,-0.053723913673928564
ours,v_y,-0.0435021101864389
ours,v_y,-0.03624694321822988
ours,v_y,-0.050246179969632154
ours,v_y,-0.04234762272525533
ours,v_y,-0.04779644453975654
ours,v_y,-0.048356050105798104
ours,v_y,-0.048295309081539756
ours,v_y,-0.048451883552306674
ours,v_y,-0.05226796105561665
ours,v_y,-0.02363328786292898
ours,v_y,-0.0511331854230771
ours,v_y,-0.02725305078591178
ours,v_y,-0.05226251485012856
ours,v_y,-0.025418202532126677
ours,v_y,-0.0565752508595998
ours,v_y,-0.05635839360169148
ours,v_y,-0.04982226438080478
ours,v_y,-0.061769486823170294
ours,v_y,-0.051121330230579465
ours,v_y,-0.06404339884781152
ours,v_y,-0.06363098081882329
ours,v_y,-0.05562579654499128
ours,v_y,-0.064805390258168
ours,v_y,-0.03301341406790437
ours,v_y,-0.14674476558629213
ours,v_y,-0.04925038288695294
ours,v_y,-0.05020222534450797
ours,v_y,-0.042790267298504325
ours,v_y,-0.04515716472500553
ours,v_y,-0.022238397203865667
ours,v_y,-0.03249464014652198
ours,v_y,-0.020443025016536165
ours,v_y,-0.03232128822879432
ours,v_y,-0.016066639004576555
ours,v_y,-0.03827524265541371
ours,v_y,-0.022968548832581703
ours,v_y,-0.048353855992160466
ours,v_y,-0.03396333366424298
ours,v_y,-0.02274265306114004
ours,v_y,-0.022292392856345794
ours,v_y,-0.010372111332497352
ours,v_y,-0.025346450102869983
ours,v_y,-0.043741257556491275
ours,v_y,-0.03770340947237316
ours,v_y,-0.033865675286926855
ours,v_y,-0.043774617409996164
ours,v_y,-0.021317116782224532
ours,v_y,-0.07006273904398908
ours,v_y,-0.06892977566056158
ours,v_y,-0.0370810629658605
ours,v_y,-0.04719903795020902
ours,v_y,-0.03267837614599131
ours,v_y,-0.015448502782840101
ours,v_y,-0.054567629668964834
ours,v_y,-0.03312183908467514
ours,v_y,-0.03361151123357864
ours,v_y,-0.03483305070642195
ours,v_y,-0.018202751634953496
ours,v_y,-0.04048128902230946
ours,v_y,-0.04101561440033452
ours,v_y,-0.022623307836705797
ours,v_y,-0.04509547083743881
ours,v_y,-0.029273990501053337
ours,v_y,-0.04313899051540182
ours,v_y,-0.02529197837032443
ours,v_y,-0.1018466157384067
ours,v_y,-0.02274445945716813
ours,v_y,-0.021893757684056936
ours,v_y,-0.04187570235692345
ours,v_y,-0.04080235299282042
ours,v_y,-0.023049114048586505
ours,v_y,-0.021167528666076185
ours,v_y,-0.01955981401846585
ours,v_y,-0.10786239739504633
ours,v_y,0.002260957889826165
ours,v_y,-0.05601655401352745
ours,v_y,-0.051754830974193866
ours,v_y,-0.11545873793867223
ours,v_y,-0.07954145572012516
ours,v_y,-0.09531384431828904
ours,v_y,-0.02576417789203389
ours,v_y,-0.07116299887888133
ours,v_y,-0.041862866525107845
ours,v_y,-0.05774821994701884
ours,v_y,-0.08556603127470985
ours,v_y,-0.022988855728906854
ours,v_y,-0.04237837571373376
ours,v_y,-0.03749335868060871
ours,v_y,-0.02684511689817523
ours,v_y,-0.054778524266787476
ours,v_y,-0.012429996710155183
ours,v_y,-0.03624667569952794
ours,v_y,-0.03796669918974954
ours,v_y,-0.04312060735273893
ours,v_y,-0.04736468519005399
ours,v_y,-0.04207961363611562
ours,v_y,-0.037840295584284256
ours,v_y,-0.028081018104982397
ours,v_y,-0.016771523851702108
ours,v_y,-0.007845513098028126
ours,v_y,-0.013152289063226408
ours,v_y,-0.0011086840443042933
ours,v_y,-0.0014006041251738944
ours,v_y,-0.0005548280742556783
ours,v_y,-0.0014413018225286137
ours,v_y,-0.0003410136191599536
ours,v_y,-0.0002952685534678423
ours,v_y,0.0020004767830597917
ours,v_y,-0.0013587610891334888
ours,v_y,-0.002460210443316003
ours,v_y,-0.0020180439686960073
ours,v_y,-0.002558317516767498
ours,v_y,-0.0019587488408434163
ours,v_y,-0.002232681530774901
ours,v_y,-0.0022323985036445653
ours,v_y,-0.0022684997692674026
ours,v_y,-0.0011658758123621795
ours,v_y,-0.004496393279454343
ours,v_y,-0.0016479560724454887
ours,v_y,-0.0035149622891159256
ours,v_y,-0.002344711713803127
ours,v_y,-0.011654271078623216
ours,v_y,-0.010429803044310841
ours,v_y,-6.135599786520618e-05
ours,v_y,0.0036890574810611865
ours,v_y,0.0027934291156932814
ours,v_y,0.0035804725309959845
ours,v_y,0.0016210266924046313
ours,v_y,0.002089329121029354
ours,v_y,-0.001225501949937858
ours,v_y,-0.003143786638961296
ours,v_y,-0.003804705865780165
ours,v_y,-0.001591125075917985
ours,v_y,-0.002867704724035579
ours,v_y,-0.0041829113870896426
ours,v_y,-0.00059965771195283
ours,v_y,-0.00026198752185343024
ours,v_y,-3.062193945694604e-05
ours,v_y,0.00036033464541304974
ours,v_y,4.87248421057393e-06
ours,v_y,-0.0003446407158447344
ours,v_y,7.00290659130659e-05
ours,v_y,0.00016531204647187575
ours,v_y,0.00014186946831136818
ours,v_y,-0.0010134937780804359
ours,v_y,-0.0014619495403643823
ours,v_y,-0.0015312669769077837
ours,v_y,-0.001391347976703105
ours,v_y,0.004550533853776479
ours,v_y,-0.0016415571935049552
ours,v_y,-0.0004664845403862597
ours,v_y,-4.1186349128578825e-05
ours,v_y,-0.00010443844814277126
ours,v_y,7.143680479785447e-05
ours,v_y,2.2105156767641965e-05
ours,v_y,-0.0003402625398205572
ours,v_y,-2.123600553799454e-05
ours,v_y,8.10043416289985e-05
ours,v_y,-0.000596627221782331
ours,v_y,-0.001148986769331388
ours,v_y,-0.0010732619768988177
ours,v_y,-0.0009248546688799507
ours,v_y,-0.0010368703481976466
ours,v_y,-0.0008807886785688335
ours,v_y,-0.0015411217043236024
ours,v_y,-0.0012568894119420679
ours,v_y,-0.0027248989028547804
ours,v_y,-0.0011617435249208219
ours,v_y,-0.0020059700997954004
ours,v_y,-0.003458227642351784
ours,v_y,-4.644284887692779e-05
ours,v_y,0.0030052742079947348
ours,v_y,0.0008912470674085696
ours,v_y,-0.004444963297769165
ours,v_y,-0.023978411319737103
ours,v_y,-0.0033431569956078547
ours,v_y,0.005147656323112551
ours,v_y,0.008027659862817574
ours,v_y,-0.005021464563124953
ours,v_y,-0.06079442302788721
ours,v_y,-0.03456672652876014
ours,v_y,-0.012723926404481604
ours,v_y,0.014194742352888923
ours,v_y,0.020796743474533863
ours,v_y,0.01997817282122155
ours,v_y,0.02276320413556915
ours,v_y,0.008640887771319633
ours,v_y,0.01604608155295141
ours,v_y,0.004585489834301709
ours,v_y,0.0027358783952286594
ours,v_y,-0.0016115393713049472
ours,v_y,-0.010460838201753447
ours,v_y,-0.013995272893188762
ours,v_y,-0.012856876262677855
ours,v_y,-0.010437806512288358
ours,v_y,-0.006447917694990375
ours,v_y,-0.0016320867170931605
ours,v_y,0.0003722972826710469
ours,v_y,0.003040711775477661
ours,v_y,0.002727380355232671
ours,v_y,0.012586275497199595
ours,v_y,0.003572008346140249
ours,v_y,0.002611770196812066
ours,v_y,0.0016015611016810503
ours,v_y,0.0006987325519151634
ours,v_y,0.00040989455795525237
ours,v_y,0.000667140901882711
ours,v_y,0.00017731820546700375
ours,v_y,-0.00036957804988120395
ours,v_y,-2.7693205732790688e-05
ours,v_y,0.0001433647916461618
ours,v_y,0.0009732038928474832
ours,v_y,0.003300700937777498
ours,v_y,0.0005746373229266404
ours,v_y,0.0004919413413178408
ours,v_y,0.0005140842717602167
ours,v_y,0.0009692677828437401
ours,v_y,0.008807288759162703
ours,v_y,-0.0009379283271568201
ours,v_y,-0.0074338290265690485
ours,v_y,-0.004813105491951353
ours,v_y,-0.010997167018472198
ours,v_y,-0.007493580635346192
ours,v_y,-0.015753702217092824
ours,v_y,-0.020258839643978704
ours,v_y,-0.012248600840630675
ours,v_y,-0.028253326197977574
ours,v_y,-0.014169012709919854
ours,v_y,-0.03142821024985046
ours,v_y,-0.016358004089367273
ours,v_y,-0.041004975481056416
ours,v_y,-0.06011633335460975
ours,v_y,-0.04009531062220789
ours,v_y,-0.04880897936615464
ours,v_y,-0.036193720737321744
ours,v_y,-0.041861780027591444
ours,v_y,-0.0498251466831558
ours,v_y,-0.054368937724163624
ours,v_y,-0.08536691488586856
ours,v_y,-0.06354551601216485
ours,v_y,-0.06572734793013124
ours,v_y,-0.06463896700161365
ours,v_y,-0.07159314621010793
ours,v_y,-0.0713128578052592
ours,v_y,-0.07955570878002993
ours,v_y,-0.08130750218663674
ours,v_y,-0.07914156918860826
ours,v_y,-0.04478235479081394
ours,v_y,-0.0844537568300675
ours,v_y,-0.037643754768581617
ours,v_y,-0.07008132707748382
ours,v_y,-0.033560895073896424
ours,v_y,-0.04976553969866504
ours,v_y,-0.0362978835054667
ours,v_y,-0.07302921090638154
ours,v_y,-0.03524976686359138
ours,v_y,-0.06488726395162214
ours,v_y,-0.028443267539177364
ours,v_y,-0.060923345561771314
ours,v_y,-0.033315580216875085
ours,v_y,-0.032771780327481015
ours,v_y,-0.03232254719375238
ours,v_y,-0.0735878348982219
ours,v_y,-0.03197873608534019
ours,v_y,-0.03368934280531155
ours,v_y,-0.03163098551544269
ours,v_y,-0.1479598213397771
ours,v_y,-0.0409324479667047
ours,v_y,-0.07111736089576987
ours,v_y,-0.03635563358702232
ours,v_y,-0.06130145393028302
ours,v_y,-0.09365406298306173
ours,v_y,-0.1124311087531692
ours,v_y,-0.026095287803974077
ours,v_y,-0.026118234959913167
ours,v_y,-0.05409038829294499
ours,v_y,-0.023061187294646235
ours,v_y,-0.04653802253829292
ours,v_y,-0.02117542408427464
ours,v_y,-0.040943465096725584
ours,v_y,-0.039394470310348706
ours,v_y,-0.041743458484583995
ours,v_y,-0.019442347481011785
ours,v_y,-0.01933691276311869
ours,v_y,-0.033037612817766876
ours,v_y,-0.03162366449730647
ours,v_y,-0.021164777318592287
ours,v_y,-0.03377340693985763
ours,v_y,-0.010118676576588166
ours,v_y,-0.0011632948365671372
ours,v_y,0.0024183011655706382
ours,v_y,0.0037842802896923128
ours,v_y,0.009981082360714849
ours,v_y,0.020345653611667347
ours,v_y,0.02063716522814657
ours,v_y,0.02351464257629804
ours,v_y,0.03159382804581218
ours,v_y,0.0197175977839677
ours,v_y,0.06332463168203606
ours,v_y,0.045544959556714504
ours,v_y,0.02711631013688942
ours,v_y,0.059444013801729145
ours,v_y,0.06508364424981572
ours,v_y,0.07634529336330598
ours,v_y,0.03396072621442109
ours,v_y,0.09267183849477456
ours,v_y,0.06231695805384313
ours,v_y,0.03393695834064081
ours,v_y,0.06718048999815052
ours,v_y,0.035047122248125895
ours,v_y,0.14347857461642544
ours,v_y,0.03348270350621829
ours,v_y,0.03903884427374105
ours,v_y,0.09064843550593782
ours,v_y,0.05458339604484719
ours,v_y,0.10240760601543086
ours,v_y,0.053886361428954976
ours,v_y,0.043222171395767006
ours,v_y,0.21044635420909663
ours,v_y,0.054622914973721515
ours,v_y,0.08550494005958997
ours,v_y,0.054137435793286226
ours,v_y,0.030834985746950982
ours,v_y,0.047267303382418024
ours,v_y,0.06877757308390742
ours,v_y,0.07723831060089248
ours,v_y,0.06994270782795509
ours,v_y,0.06464311117910637
ours,v_y,0.029630938925554684
ours,v_y,0.06436429749917094
ours,v_y,0.03419939050662413
ours,v_y,0.03671341017140317
ours,v_y,0.037011277614274474
ours,v_y,0.07714487142763116
ours,v_y,0.03948199131111052
ours,v_y,0.08051117126153662
ours,v_y,0.03919940463868821
ours,v_y,0.07814570060716808
ours,v_y,0.07747072059552107
ours,v_y,0.07432371884135369
ours,v_y,0.06682651640268683
ours,v_y,0.062007848345631444
ours,v_y,0.05553180822012327
ours,v_y,0.0526706420578027
ours,v_y,0.049028592612464617
ours,v_y,0.049511013688693706
ours,v_y,0.0601242606479071
ours,v_y,0.05746494785559819
ours,v_y,0.029402194837036044
ours,v_y,0.05937457988902717
ours,v_y,0.028675969994529815
ours,v_y,0.04993230542514038
ours,v_y,0.06385898735440093
ours,v_y,0.03768517284211481
ours,v_y,0.016479564568473076
ours,v_y,0.031119744853007558
ours,v_y,0.01266217360601364
ours,v_y,0.023174184774035683
ours,v_y,0.019577116234429093
ours,v_y,0.01725005760142026
ours,v_y,0.00783651495495672
ours,v_y,0.020473354099732083
ours,v_y,0.012644734651308054
ours,v_y,0.0056780390529034275
ours,v_y,0.012081083113115884
ours,v_y,0.003951255617164522
ours,v_y,0.01860842073371617
ours,v_y,0.014183454915975002
ours,v_y,-0.00013612930179753013
ours,v_y,0.0018736293002565088
ours,v_y,0.0005686952102346987
ours,v_y,0.00012604841617330775
ours,v_y,-0.0013382478512226938
ours,v_y,-0.006937643782973447
ours,v_y,-0.0032263836757287535
ours,v_y,-0.003427285348943418
ours,v_y,-0.006380613453788805
ours,v_y,-0.00830449937308545
ours,v_y,-0.010359159519604498
ours,v_y,-0.01091275808793601
ours,v_y,-0.013931391563557544
ours,v_y,-0.01473506596030282
ours,v_y,-0.008205012895274127
ours,v_y,-0.015414791841439412
ours,v_y,-0.02531493333809191
ours,v_y,-0.009159186043738053
ours,v_y,-0.018808526577991636
ours,v_y,-0.020900057747075568
ours,v_y,-0.019841319984871035
ours,v_y,-0.019042922962509357
ours,v_y,-0.018886052717143633
ours,v_y,-0.026210960106539918
ours,v_y,-0.006874861395518126
ours,v_y,-0.019772209489082176
ours,v_y,-0.015606000750284635
ours,v_y,-0.01276002498045433
ours,v_y,-0.018563491504199517
ours,v_y,-0.007416746184777067
ours,v_y,-0.01932510562110839
ours,v_y,-0.008721770690814796
ours,v_y,-0.022377019932264028
ours,v_y,-0.020989143753022736
ours,v_y,-0.019759600654395932
ours,v_y,-0.02415121910807889
ours,v_y,-0.022339242415124947
ours,v_y,-0.021829281477440787
ours,v_y,-0.024865610926519444
ours,v_y,-0.021939789796396485
ours,v_y,-0.020276017287518232
ours,v_y,-0.02566488203159494
ours,v_y,-0.023822600756156
ours,v_y,-0.02310806529084118
ours,v_y,-0.012316714292938541
ours,v_y,-0.027036300645209885
ours,v_y,-0.016722548817370217
ours,v_y,-0.02951091238860993
ours,v_y,-0.0316287604391319
ours,v_y,-0.018078325280661382
ours,v_y,-0.01577934460687866
ours,v_y,-0.029305776389594418
ours,v_y,-0.033911118465336954
ours,v_y,-0.016473065377548557
ours,v_y,-0.016519306201129978
ours,v_y,-0.03149132397431817
ours,v_y,-0.016623514699885947
ours,v_y,-0.014902540061007857
ours,v_y,-0.017115091932329775
ours,v_y,-0.04407208547302795
ours,v_y,-0.01725589446208417
ours,v_y,-0.014473214129310248
ours,v_y,-0.01741958802101322
ours,v_y,-0.011906937635069809
ours,v_y,-0.015250603789376711
ours,v_y,-0.01647401748476171
ours,v_y,-0.015397666854926217
ours,v_y,-0.01976333646009898
ours,v_y,-0.03178099973896184
ours,v_y,-0.017571117948054993
ours,v_y,-0.036061115952807504
ours,v_y,-0.019910739083965165
ours,v_y,-0.012124676894691835
ours,v_y,-0.01733822403687539
ours,v_y,-0.04000868581926993
ours,v_y,-0.03564732599344024
ours,v_y,-0.020637609385314226
ours,v_y,-0.04165111608334782
ours,v_y,-0.023515336186786417
ours,v_y,-0.04572619742219888
ours,v_y,-0.02206866661083351
ours,v_y,-0.049966724415507424
ours,v_y,-0.049440316995224026
ours,v_y,-0.04676028926832393
ours,v_y,-0.024147849387567644
ours,v_y,-0.030333215241631545
ours,v_y,-0.0560849980708209
ours,v_y,-0.032560955281203174
ours,v_y,-0.052734926428205875
ours,v_y,-0.09818661454012689
ours,v_y,-0.07083242646585003
ours,v_y,-0.14504313693314042
ours,v_y,-0.049471903029973285
ours,v_y,-0.021293565252525265
ours,v_y,-0.04356496125319698
ours,v_y,-0.020070720335546022
ours,v_y,-0.04290838563123653
ours,v_y,-0.02461168745061182
ours,v_y,-0.11078786152934844
ours,v_y,-0.018615670215384572
ours,v_y,-0.0553529836946956
ours,v_y,-0.017513644601307166
ours,v_y,-0.01929142790029101
ours,v_y,-0.008644212964548693
ours,v_y,-0.006207493327931732
ours,v_y,-0.001705842832484955
ours,v_y,-0.0017768422926748538
ours,v_y,-0.0008675086782568772
ours,v_y,0.00029579320813422245
ours,v_y,-0.001167179638750234
ours,v_y,0.002092981596949598
ours,v_y,0.0007087552939110155
ours,v_y,0.0013071498569108345
ours,v_y,0.005452695364637576
ours,v_y,0.0030626902267350993
ours,v_y,0.009977853569366923
ours,v_y,0.004401601805341326
ours,v_y,0.009514421944281762
ours,v_y,0.01547260177182647
ours,v_y,0.012098120987663517
ours,v_y,0.012167782925923694
ours,v_y,0.011810641232470427
ours,v_y,0.014878652762489133
ours,v_y,0.023063206970644796
ours,v_y,0.007442165685834471
ours,v_y,0.013135504555033619
ours,v_y,0.015383280656007432
ours,v_y,0.014585943263953497
ours,v_y,0.02265554918865871
ours,v_y,0.017655746944988112
ours,v_y,0.01809537245346931
ours,v_y,0.01693810424012136
ours,v_y,0.015353067044882452
ours,v_y,0.022303875020550194
ours,v_y,0.015777370001328152
ours,v_y,0.010958026833866284
ours,v_y,0.01831220971026934
ours,v_y,0.010348421781567016
ours,v_y,0.023893579131767505
ours,v_y,0.01874500615340889
ours,v_y,0.015526219520599498
ours,v_y,0.01586960676647156
ours,v_y,0.01215204451796472
ours,v_y,0.01773660852282136
ours,v_y,0.02406252421484292
ours,v_y,0.01012164358196354
ours,v_y,0.017869177024998028
ours,v_y,0.026284886366572113
ours,v_y,0.035267748380674244
ours,v_y,0.04205433627908355
ours,v_y,0.03865691092831822
ours,v_y,-0.005406473118861704
ours,v_y,0.01531936006642053
ours,v_y,0.023501905872664347
ours,v_y,0.10027968021708
ours,v_y,0.025355090492047455
ours,v_y,0.022698963951814533
ours,v_y,0.08993730139985529
ours,v_y,0.04601430939520244
ours,v_y,0.03382316895700056
ours,v_y,0.018280676821900918
ours,v_y,0.028499057974591624
ours,v_y,0.018834760545600425
ours,v_y,0.03261834771964145
ours,v_y,0.04528122335959947
ours,v_y,0.03132293976019904
ours,v_y,0.02688307929222926
ours,v_y,0.0340295717292019
ours,v_y,0.039614383611870696
ours,v_y,0.06109687846041628
ours,v_y,0.037408629863345436
ours,v_y,0.04084065138170147
ours,v_y,0.03700221457012157
ours,v_y,0.018678545084426942
ours,v_y,0.037661765073348605
ours,v_y,0.04282705471190483
ours,v_y,0.03974823189661478
ours,v_y,0.07908859307501626
ours,v_y,0.11088128591138124
ours,v_y,0.1166311983419652
ours,v_y,0.12356652327362183
ours,v_y,0.02603808996800594
ours,v_y,0.029185369924893623
ours,v_y,0.11409969786298063
ours,v_y,0.026220687220121858
ours,v_y,0.03222650203278557
ours,v_y,0.13231610275870626
ours,v_y,0.03226435974836411
ours,v_y,0.06618929343458957
ours,v_y,0.05680592697916323
ours,v_y,0.02417401084920673
ours,v_y,0.04909114993228442
ours,v_y,0.02258064970565818
ours,v_y,0.09549510689096141
ours,v_y,0.024505894241750065
ours,v_y,0.01693509356003857
ours,v_y,0.04245420195093022
ours,v_y,0.013585587373263944
ours,v_y,0.02832332592302217
ours,v_y,0.010984702284958098
ours,v_y,0.01865445418448365
ours,v_y,0.028238462703391712
ours,v_y,0.005971986083287067
ours,v_y,0.008443035488478612
ours,v_y,0.013968529418913647
ours,v_y,0.009523064839308922
ours,v_y,0.01840648477266256
ours,v_y,0.011772986980750355
ours,v_y,0.01732350977781752
ours,v_y,0.018832595671740004
ours,v_y,0.02346589566315338
ours,v_y,0.030053007439356835
ours,v_y,0.01584183535488934
ours,v_y,0.04091434487992912
ours,v_y,0.055255041533658206
ours,v_y,0.01600562938410191
ours,v_y,0.02765461345970427
ours,v_y,0.02771834680039041
ours,v_y,0.027549918337270593
ours,v_y,0.05922923372745842
ours,v_y,0.06182868640998063
ours,v_y,0.027194894914723544
ours,v_y,0.026531212517499222
ours,v_y,0.022344109835642237
ours,v_y,0.01124532110149349
ours,v_y,0.024000861962417158
ours,v_y,0.026962496951719594
ours,v_y,0.02994766664943775
ours,v_y,0.031673927399179375
ours,v_y,0.03933976182871085
ours,v_y,0.038400300471086446
ours,v_y,0.043401541499927754
ours,v_y,0.02407521723987935
ours,v_y,0.04896838630977832
ours,v_y,0.02551642630060627
ours,v_y,0.051755586359792494
ours,v_y,0.07917925174051671
ours,v_y,0.09796358581175857
ours,v_y,0.09769540501628615
ours,v_y,0.09345576852100862
ours,v_y,0.08689756803753429
ours,v_y,0.025771336388484722
ours,v_y,0.02616292990468988
ours,v_y,0.10232324960484457
ours,v_y,0.031067437979252932
ours,v_y,0.02705122022024964
ours,v_y,0.12351648937476822
ours,v_y,0.11581378780226453
ours,v_y,0.055454794125665174
ours,v_y,0.06321568018051898
ours,v_y,0.03078743366654757
ours,v_y,0.06357398912824208
ours,v_y,0.033605371143359763
ours,v_y,0.08096422028520633
ours,v_y,0.11814006696951318
ours,v_y,0.05756813136163208
ours,v_y,0.09619607437314015
ours,v_y,0.06999360373243457
ours,v_y,0.07477301444779016
ours,v_y,0.12408465738309599
ours,v_y,0.104719431972147
ours,v_y,0.048669462405849295
ours,v_y,0.05290114309353766
ours,v_y,0.05433634652925806
ours,v_y,0.04345996334032065
ours,v_y,0.049451215574207674
ours,v_y,0.05171378951651878
ours,v_y,0.04751383724958813
ours,v_y,0.07532214322548791
ours,v_y,0.03567613503066355
ours,v_y,0.014911581075125385
ours,v_y,0.057769385714744076
ours,v_y,0.0223092283600983
ours,v_y,0.008781922294214095
ours,v_y,0.012783551690244505
ours,v_y,0.00615268963707922
ours,v_y,0.001059272081346492
ours,v_y,-0.0010008624855937717
ours,v_y,0.003629400547516464
ours,v_y,0.002527564518588935
ours,v_y,0.003121351694667998
ours,v_y,0.01230088793007308
ours,v_y,0.0064019373446882084
ours,v_y,0.004425499504114739
ours,v_y,0.026119626546736545
ours,v_y,0.025973958946054088
ours,v_y,0.01605628152931685
ours,v_y,0.0041207050149744545
ours,v_y,0.0004995927895342714
ours,v_y,0.0023839172991593216
ours,v_y,0.0030132687335582414
ours,v_y,0.006757613207946878
ours,v_y,0.00682276574381512
ours,v_y,0.005905754134281866
ours,v_y,0.0031081293909732393
ours,v_y,0.007250689355108007
ours,v_y,0.003563882870908073
ours,v_y,0.006909066523571096
ours,v_y,0.010305628708541707
ours,v_y,0.002625849511624796
ours,v_y,0.0039813976946423
ours,v_y,0.004704327847277725
ours,v_y,0.004842935011531015
ours,v_y,0.006918742621412951
ours,v_y,0.004256385727683579
ours,v_y,0.0010424184892147987
ours,v_y,0.003187038581197397
ours,v_y,0.0013016279791246178
ours,v_y,0.003160168494642672
ours,v_y,0.001566648507516876
ours,v_y,0.00037404497030203016
ours,v_y,0.002015463094159481
ours,v_y,0.0017347416424592504
ours,v_y,0.0008572560983582389
ours,v_y,0.004415632531595076
ours,v_y,0.0030100245252733214
ours,v_y,0.0038193236518943192
ours,v_y,0.002920458831575691
ours,v_y,0.005765601123876259
ours,v_y,0.002461752298914332
ours,v_y,0.004662312911761307
ours,v_y,0.00411015473165192
ours,v_y,0.008082682459206686
ours,v_y,0.009291823479973668
ours,v_y,0.006804901446838263
ours,v_y,0.0025408188244415604
ours,v_y,0.011251798680790005
ours,v_y,0.001990562115620903
ours,v_y,0.002128676990936291
ours,v_y,0.008290291236882318
ours,v_y,0.009604918349878672
ours,v_y,0.004440430823046536
ours,v_y,0.0015777347578655454
ours,v_y,0.002501605248782436
ours,v_y,0.0050448550965647605
ours,v_y,0.002728677666528248
ours,v_y,0.006289475082152232
ours,v_y,0.002289024021218694
ours,v_y,0.004683936656642046
ours,v_y,0.00929973660629711
ours,v_y,0.0020772879164778074
ours,v_y,0.0037133632517325522
ours,v_y,0.003266529130331458
ours,v_y,0.004181917881947373
ours,v_y,0.004248342071823254
ours,v_y,0.005588942501022983
ours,v_y,0.01130176266464407
ours,v_y,0.003457962796667581
ours,v_y,0.0070619362828749
ours,v_y,0.0049951406476480276
ours,v_y,0.0024500476858480835
ours,v_y,0.0002902953072975306
ours,v_y,-0.01032643975950319
ours,v_y,-0.003367332951788482
ours,v_y,-0.0015705049076454938
ours,v_y,0.0015918466768702795
ours,v_y,0.0023640851612043807
ours,v_y,0.012640675819793251
ours,v_y,0.008775550673872277
ours,v_y,0.004406942807334727
ours,v_y,0.009289631213761584
ours,v_y,0.008263077242571804
ours,v_y,0.004339802751491147
ours,v_y,0.004188502159981969
ours,v_y,0.001520143043762693
ours,v_y,0.0022965005161693277
ours,v_y,0.00784144025149789
ours,v_y,0.006894263999903658
ours,v_y,0.03578288607733665
ours,v_y,0.006945403184711416
ours,v_y,0.0008584514318125055
ours,v_y,-0.0017062013874599227
ours,v_y,-0.0022593322518927594
ours,v_y,-0.0060603919371391285
ours,v_y,-0.008200353847631417
ours,v_y,-0.003432883064261802
ours,v_y,-0.010553220213859085
ours,v_y,0.000457710005963452
ours,v_y,0.00384991657120258
ours,v_y,0.00889921751697974
ours,v_y,0.008566707185475952
ours,v_y,0.007992110917205981
ours,v_y,0.005860361990285981
ours,v_y,0.0014560675300569065
ours,v_y,0.002892835772766035
ours,v_y,0.000223644524712574
ours,v_y,0.001096889321779329
ours,v_y,-0.00039893567325367807
ours,v_y,0.00018576479299284299
ours,v_y,-0.0002990564108232216
ours,v_y,0.0009273503892831061
ours,v_y,0.00433713517545296
ours,v_y,0.0030275775274432324
ours,v_y,0.006445105936346935
ours,v_y,0.0027678717134503317
ours,v_y,0.006124692607054248
ours,v_y,0.014481524122799589
ours,v_y,0.007749371369944139
ours,v_y,0.0035622057616146816
ours,v_y,0.00794994138351536
ours,v_y,0.00368352619457284
ours,v_y,0.00047937308578179655
ours,v_y,-0.00553318536678056
ours,v_y,-0.006449378405256147
ours,v_y,0.0007282904364578485
ours,v_y,0.0013188368046059187
ours,v_y,0.006927615184597977
ours,v_y,0.0034845850097767993
ours,v_y,0.012307036902115633
ours,v_y,0.011876012144163194
ours,v_y,0.006679947367748139
ours,v_y,0.0026251662148221444
ours,v_y,0.00045240680466489963
ours,v_y,0.000977413391614973
ours,v_y,0.0004507177144500024
ours,v_y,0.0008659227507594285
ours,v_y,0.003548841924552886
ours,v_y,0.004676372799394486
ours,v_y,-0.0030394746833378432
ours,v_y,0.006127843398260266
ours,v_y,0.012597878998974646
ours,v_y,0.009975822799652423
ours,v_y,0.03469088007590482
ours,v_y,0.027540427208483487
ours,v_y,0.014663088030553051
ours,v_y,0.029640786277244646
ours,v_y,0.0150384274874229
ours,v_y,0.032249134967614196
ours,v_y,0.03312880351367575
ours,v_y,0.02981172423765549
ours,v_y,0.030072620812622686
ours,v_y,0.017390791736833472
ours,v_y,0.03267973403265814
ours,v_y,0.014527158244223876
ours,v_y,0.03457632967296767
ours,v_y,0.0488980947934613
ours,v_y,0.04197874402974655
ours,v_y,0.04075549587229843
ours,v_y,0.04000153539009832
ours,v_y,0.08402058322258887
ours,v_y,0.09378731651685135
ours,v_y,0.029161286354000726
ours,v_y,0.028384167194495158
ours,v_y,0.11413459469354514
ours,v_y,0.02288311470400045
ours,v_y,0.058375113413514534
ours,v_y,0.058197985484428116
ours,v_y,0.08137507050307635
ours,v_y,0.05689275253685011
ours,v_y,0.002014788959586178
ours,v_y,0.10718310260725589
ours,v_y,0.04804881757939028
ours,v_y,0.04048500283024209
ours,v_y,0.055280647155368845
ours,v_y,0.059382942114079074
ours,v_y,0.09422243609433822
ours,v_y,0.05354152555493513
ours,v_y,0.027025170157289946
ours,v_y,0.028406833913969032
ours,v_y,0.09814430664758927
ours,v_y,0.024197698499344555
ours,v_y,0.04620821194208902
ours,v_y,0.060660938111407325
ours,v_y,0.04582359450862061
ours,v_y,0.07960179168206433
ours,v_y,0.04308497746954176
ours,v_y,0.02022375577888666
ours,v_y,0.07760492032880562
ours,v_y,0.02035854016208083
ours,v_y,0.041692376747977544
ours,v_y,0.019804552338036158
ours,v_y,0.043127508281360555
ours,v_y,0.057324329102834554
ours,v_y,0.07190870880021571
ours,v_y,0.07595623161373599
ours,v_y,0.036636732916196846
ours,v_y,0.023601823512855058
ours,v_y,0.05826267122189782
ours,v_y,0.030841277215694074
ours,v_y,0.06521159734994492
ours,v_y,0.10680968481355607
ours,v_y,0.035108628125261054
ours,v_y,0.07455204271558918
ours,v_y,0.06379368652016904
ours,v_y,0.05539095680939571
ours,v_y,0.04710667737125454
ours,v_y,0.04465612980297021
ours,v_y,0.06102586306253127
ours,v_y,0.019600163793977665
ours,v_y,0.047686322098341394
ours,v_y,0.0607933221023369
ours,v_y,0.10511046391990053
ours,v_y,0.02356016368209271
ours,v_y,0.05159479070452194
ours,v_y,0.047546196664361356
ours,v_y,0.013052536983686774
ours,v_y,0.05991522943782046
ours,v_y,0.013355573155521383
ours,v_y,0.004920460110272973
ours,v_y,0.022105422433088523
ours,v_y,0.014848827699975732
ours,v_y,-0.012250082201382979
ours,v_y,-0.0060586299804617294
ours,v_y,-0.01161950289146824
ours,v_y,-0.015875915912972563
ours,v_y,-0.009819390661481485
ours,v_y,-0.018782684881029132
ours,v_y,-0.032989567838502015
ours,v_y,-0.03272633825081517
ours,v_y,-0.05883621297645822
ours,v_y,-0.042947603490006814
ours,v_y,-0.07106935950763765
ours,v_y,-0.052301543583115256
ours,v_y,-0.03189771241036596
ours,v_y,-0.05503209555657512
ours,v_y,-0.11511830816354068
ours,v_y,-0.0655366902331046
ours,v_y,-0.126275822391208
ours,v_y,-0.03421141006684286
ours,v_y,-0.08056263138656022
ours,v_y,-0.12205798117914868
ours,v_y,-0.07253510263894303
ours,v_y,-0.0781526321608495
ours,v_y,-0.06905421397360684
ours,v_y,-0.047239010994390984
ours,v_y,-0.06874924176259262
ours,v_y,-0.0691129351941242
ours,v_y,-0.07051553860964382
ours,v_y,-0.06334266624400475
ours,v_y,-0.09173382991410706
ours,v_y,-0.0625781167317348
ours,v_y,-0.02999654464485796
ours,v_y,-0.11874599068087571
ours,v_y,-0.09879627476259784
ours,v_y,-0.1191943878138163
ours,v_y,-0.03071304840931277
ours,v_y,-0.06159286800580954
ours,v_y,-0.09426925679844078
ours,v_y,-0.03286025368683765
ours,v_y,-0.07686011797267306
ours,v_y,-0.09453969767747306
ours,v_y,-0.14975842156257646
ours,v_y,-0.15988009338498627
ours,v_y,-0.14142117126631937
ours,v_y,-0.03469235661480413
ours,v_y,-0.034366445746587315
ours,v_y,-0.13953406881620112
ours,v_y,-0.03555875636086997
ours,v_y,-0.030057673046003763
ours,v_y,-0.11880418501654166
ours,v_y,-0.18478737462475325
ours,v_y,-0.15144494967279842
ours,v_y,-0.11107651688054448
ours,v_y,-0.06455694315870208
ours,v_y,-0.037594363002234066
ours,v_y,-0.10213014648735819
ours,v_y,-0.06765078880450759
ours,v_y,-0.0671901368825093
ours,v_y,-0.06739278577219437
ours,v_y,-0.06635549005317759
ours,v_y,-0.15141008993133492
ours,v_y,-0.03143265255029315
ours,v_y,-0.07000448855258096
ours,v_y,-0.07504278910848189
ours,v_y,-0.07847974565736049
ours,v_y,-0.07871787408218783
ours,v_y,-0.07209618326655387
ours,v_y,-0.036135002185532505
ours,v_y,-0.14830248579846794
ours,v_y,-0.07098212185545089
ours,v_y,-0.07453338416558453
ours,v_y,-0.07403688865337715
ours,v_y,-0.03797948834043158
ours,v_y,-0.11284301869449098
ours,v_y,-0.0712175135495684
ours,v_y,-0.03686115061712636
ours,v_y,-0.07308821408989796
ours,v_y,-0.035864677625390806
ours,v_y,-0.14892162533308473
ours,v_y,-0.17017139470204024
ours,v_y,-0.10948425069438072
ours,v_y,-0.06799830669646695
ours,v_y,-0.034905501529645666
ours,v_y,-0.0736593727105967
ours,v_y,-0.03597349556964197
ours,v_y,-0.13186508331764463
ours,v_y,-0.03318349461111292
ours,v_y,-0.05221514260064897
ours,v_y,-0.0567945949144355
ours,v_y,-0.06148854093700762
ours,v_y,-0.11752946915953799
ours,v_y,-0.024838237563981957
ours,v_y,-0.025017814086970402
ours,v_y,-0.04506460355329239
ours,v_y,-0.020269186630372193
ours,v_y,-0.037753632536514536
ours,v_y,-0.021126623202985473
ours,v_y,-0.028137064346623664
ours,v_y,-0.014697418339045643
ours,v_y,-0.030755004824194132
ours,v_y,-0.03352666784026112
ours,v_y,-0.019400547113515257
ours,v_y,-0.009793496416219544
ours,v_y,-0.01114292302687818
ours,v_y,-0.01305450578473201
ours,v_y,-0.004792714959313812
ours,v_y,-0.013421099212682017
ours,v_y,-0.002195327465276724
ours,v_y,-0.022731385683803035
ours,v_y,-0.00505128241046994
ours,v_y,-0.004522152381956107
ours,v_y,-0.0023443796186219112
ours,v_y,-0.007412758833740457
ours,v_y,-0.014435755282628221
ours,v_y,-0.005321087240993699
ours,v_y,-0.016382497429882792
ours,v_y,-0.011283619715711901
ours,v_y,-0.010729161592441416
ours,v_y,-0.012889481913049172
ours,v_y,-0.01465850537195118
ours,v_y,-0.008090520237667626
ours,v_y,-0.03019348246295589
ours,v_y,-0.020986301697061005
ours,v_y,-0.010471693541191207
ours,v_y,-0.02213779328628379
ours,v_y,-0.010583459739886947
ours,v_y,-0.022783663355109784
ours,v_y,-0.0242059306418691
ours,v_y,-0.02902142898628629
ours,v_y,-0.03106416993959471
ours,v_y,-0.014980696232677726
ours,v_y,-0.030642108824189163
ours,v_y,-0.014202118854039159
ours,v_y,-0.05733640588463351
ours,v_y,-0.019484998945913323
ours,v_y,-0.019988455975840036
ours,v_y,-0.050942755611857016
ours,v_y,-0.046340909454724244
ours,v_y,-0.04547766098936157
ours,v_y,-0.04331934657340414
ours,v_y,-0.017085431700883003
ours,v_y,-0.06323381976603787
ours,v_y,-0.01645340570820708
ours,v_y,-0.03133609368566814
ours,v_y,-0.019859306570308266
ours,v_y,-0.03735889540400894
ours,v_y,-0.052397679872813296
ours,v_y,-0.08942357182697691
ours,v_y,-0.044193282115014054
ours,v_y,-0.02294799041792328
ours,v_y,-0.045707778066969684
ours,v_y,-0.03008695163636166
ours,v_y,-0.028930747603450713
ours,v_y,-0.07439935501115769
ours,v_y,-0.05186429556300354
ours,v_y,-0.03417853637726642
ours,v_y,-0.061368988137088465
ours,v_y,-0.05167923154038878
ours,v_y,-0.1314654438444134
ours,v_y,-0.10959086613487279
ours,v_y,-0.04369445623791701
ours,v_y,-0.041382698372097404
ours,v_y,-0.04899486590688562
ours,v_y,-0.029008483903461224
ours,v_y,-0.07794522478396704
ours,v_y,-0.06474084898853072
ours,v_y,-0.05697186716801683
ours,v_y,-0.07307011996889601
ours,v_y,-0.13922788134342245
ours,v_y,-0.09841715149441965
ours,v_y,-0.07328055474044548
ours,v_y,-0.023162599547202678
ours,v_y,-0.045543104452730576
ours,v_y,-0.024342327821949117
ours,v_y,-0.04448625869794398
ours,v_y,-0.023565142040346043
ours,v_y,-0.04476927024611255
ours,v_y,-0.04300772921792784
ours,v_y,-0.034750074611594184
ours,v_y,-0.04360884800282194
ours,v_y,-0.02704260978044537
ours,v_y,-0.025015122651115496
ours,v_y,-0.12062951587756032
ours,v_y,-0.03256473554918937
ours,v_y,-0.06379995098163127
ours,v_y,-0.02391161232324085
ours,v_y,-0.03517914389078208
ours,v_y,-0.0267388750672945
ours,v_y,-0.03291374539009301
ours,v_y,-0.034478373047163835
ours,v_y,-0.009818675533566246
ours,v_y,-0.020800318919833194
ours,v_y,-0.010737989963943095
ours,v_y,-0.0232523337933358
ours,v_y,-0.034393514888579
ours,v_y,-0.01189732233201829
ours,v_y,-0.04883142088853559
ours,v_y,-0.012919805748866614
ours,v_y,-0.02224536684959738
ours,v_y,-0.01763059992852059
ours,v_y,-0.005422291855154804
ours,v_y,-0.015181960706397851
ours,v_y,-0.00928938385096545
ours,v_y,-0.004984983263680187
ours,v_y,-0.0008403315081180335
ours,v_y,-0.002852297649233247
ours,v_y,-0.0008269406242063931
ours,v_y,0.0013257461869355391
ours,v_y,0.010321882782777674
ours,v_y,0.007239543941795282
ours,v_y,0.01097942123510096
ours,v_y,0.006894611272099158
ours,v_y,0.0023371339311797842
ours,v_y,0.0035462720001844805
ours,v_y,0.001807983017049715
ours,v_y,0.002587414637525265
ours,v_y,0.0006625026115496674
ours,v_y,0.00025771043727403076
ours,v_y,0.002298456035118461
ours,v_y,0.005119783643787908
ours,v_y,0.0025733434447128382
ours,v_y,0.006153395822144803
ours,v_y,0.0006610732485545917
ours,v_y,0.011829292595699538
ours,v_y,0.005966706085447006
ours,v_y,0.0059732747569590725
ours,v_y,0.003947307242103931
ours,v_y,0.0058324887540077835
ours,v_y,0.007740713747552905
ours,v_y,0.0017018585300644234
ours,v_y,0.0016872493956465867
ours,v_y,0.005392945471983698
ours,v_y,0.0010778461572705303
ours,v_y,0.0025580150691884816
ours,v_y,0.0018503997298251335
ours,v_y,0.00426793388856388
ours,v_y,0.004040586151364215
ours,v_y,0.005378227771027023
ours,v_y,0.005297999410459248
ours,v_y,0.004857415166848848
ours,v_y,0.002068480804275838
ours,v_y,0.0035061110200873893
ours,v_y,0.005740346725915668
ours,v_y,0.001893298057730211
ours,v_y,0.0038904454671125216
ours,v_y,0.003827304450773554
ours,v_y,0.0055251050308255875
ours,v_y,0.00717596161692239
ours,v_y,0.0017912340669546736
ours,v_y,0.002128554679541546
ours,v_y,0.007291306002579552
ours,v_y,0.0016752542480618776
ours,v_y,0.001404761837401819
ours,v_y,0.00812814504979803
ours,v_y,0.0022096972720380345
ours,v_y,0.0017107191921614598
ours,v_y,0.0016200315369260254
ours,v_y,0.0014706748271787612
ours,v_y,0.0021699106258626574
ours,v_y,0.0010560218107420263
ours,v_y,0.0009947631543012446
ours,v_y,0.0023857015590685524
ours,v_y,0.0012779325628117788
ours,v_y,0.0030706895367201663
ours,v_y,0.006789370290395849
ours,v_y,0.005731925264724054
ours,v_y,0.0026741770385725477
ours,v_y,0.002115850674585952
ours,v_y,0.0009952168290990049
ours,v_y,0.0027658447376388076
ours,v_y,0.0007022487604690444
ours,v_y,0.0012290898254445487
ours,v_y,0.003183271335221758
ours,v_y,0.0024553186326419923
ours,v_y,0.0021800667645724657
ours,v_y,0.0016470255132446238
ours,v_y,-0.00016364679946379024
ours,v_y,-9.546583618794818e-05
ours,v_y,-0.0006643082532108088
ours,v_y,-0.0007713069543088744
ours,v_y,0.00021534507110542583
ours,v_y,0.002172247742997596
ours,v_y,-0.0010641794785621883
ours,v_y,-0.005633305479565975
ours,v_y,-0.012770519523201518
ours,v_y,-0.01788732292983944
ours,v_y,-0.02220336569630088
ours,v_y,-0.0119939524593064
ours,v_y,-0.024124322560138356
ours,v_y,-0.03814107865410177
ours,v_y,-0.014650278646769266
ours,v_y,-0.02948768717197353
ours,v_y,-0.03297343650154527
ours,v_y,-0.027261910246648424
ours,v_y,-0.07231246665001917
ours,v_y,-0.06764837973944837
ours,v_y,-0.03790282292947683
ours,v_y,-0.037818478068011974
ours,v_y,-0.0382821394090449
ours,v_y,-0.06938395155611776
ours,v_y,-0.01778595129950189
ours,v_y,-0.04257784413579935
ours,v_y,-0.06886103955897172
ours,v_y,-0.01782297185159637
ours,v_y,-0.04804043913584283
ours,v_y,-0.08043278594841952
ours,v_y,-0.012418993349315621
ours,v_y,-0.026775647075027775
ours,v_y,-0.06889288816208672
ours,v_y,-0.03151857253261281
ours,v_y,-0.030353072407786397
ours,v_y,-0.05633038165321458
ours,v_y,-0.026584311755610046
ours,v_y,-0.05612185738107489
ours,v_y,-0.02330524153735114
ours,v_y,-0.02984471319480586
ours,v_y,-0.057825801478254
ours,v_y,-0.06895832794751389
ours,v_y,-0.03481563424646816
ours,v_y,-0.020188480320289304
ours,v_y,-0.03582551047882787
ours,v_y,-0.034791268668547315
ours,v_y,-0.0634279716233741
ours,v_y,-0.029244254192430263
ours,v_y,-0.026913005354336272
ours,v_y,-0.024827815926809826
ours,v_y,-0.08439142357708751
ours,v_y,-0.09415115458756407
ours,v_y,-0.05039531232116823
ours,v_y,-0.0598809141660156
ours,v_y,-0.0560334341241564
ours,v_y,-0.032479204964910524
ours,v_y,-0.12433760520328385
ours,v_y,-0.031061991418970702
ours,v_y,-0.062309273348352456
ours,v_y,-0.03586391302054093
ours,v_y,-0.05690961365010061
ours,v_y,-0.05389481136876262
ours,v_y,-0.057256033743938395
ours,v_y,-0.02613307856727004
ours,v_y,-0.050327233407832184
ours,v_y,-0.02448876725035487
ours,v_y,-0.04824355399043434
ours,v_y,-0.022856649002954477
ours,v_y,-0.05867448979569878
ours,v_y,-0.06523097150426121
ours,v_y,-0.041830241833266946
ours,v_y,-0.044501356762233435
ours,v_y,-0.03341223582832792
ours,v_y,-0.05835824739597867
ours,v_y,-0.01629613783131495
ours,v_y,-0.026925205320276924
ours,v_y,-0.03571200197022334
ours,v_y,-0.028903324479463643
ours,v_y,-0.030855760938274468
ours,v_y,-0.020112770677889358
ours,v_y,-0.009130649355126363
ours,v_y,-0.041906349365702034
ours,v_y,-0.05873697127067529
ours,v_y,-0.04533862333650146
ours,v_y,-0.06855230571919418
ours,v_y,-0.03250412890188703
ours,v_y,-0.007007242128499902
ours,v_y,-0.005544898592807296
ours,v_y,-0.00037492852973375346
ours,v_y,0.004794099616265986
ours,v_y,0.014073881647195821
ours,v_y,0.0018814038888084195
ours,v_y,-0.016999267170936777
ours,v_y,-0.015534486283709875
ours,v_y,-0.007876055827657213
ours,v_y,-0.018045100617105347
ours,v_y,-0.008875261589694677
ours,v_y,-0.03844943801160791
ours,v_y,-0.038067816193850496
ours,v_y,-0.012171571610079118
ours,v_y,-0.012529154291680084
ours,v_y,-0.011862389785273597
ours,v_y,-0.005623654543218143
ours,v_y,-0.02027098805792027
ours,v_y,-0.006294605701266748
ours,v_y,-0.012975047784693466
ours,v_y,-0.007147513221067603
ours,v_y,-0.013272600211832464
ours,v_y,-0.007261226364252776
ours,v_y,-0.01442123415873417
ours,v_y,-0.014908102367204357
ours,v_y,-0.013258640374113617
ours,v_y,-0.012424948879982106
ours,v_y,-0.0060197474291560915
ours,v_y,-0.011964033775056504
ours,v_y,-0.014601665494493932
ours,v_y,-0.005455339592367492
ours,v_y,-0.011002841231606442
ours,v_y,-0.0061614675846213
ours,v_y,-0.013063137965433153
ours,v_y,-0.013690297513351685
ours,v_y,-0.014378685397544805
ours,v_y,-0.01510582834428656
ours,v_y,-0.017692606842388547
ours,v_y,-0.007550939242908977
ours,v_y,-0.012448614244952388
ours,v_y,-0.003986892707755957
ours,v_y,-0.005032937398488896
ours,v_y,-0.002168163698436948
ours,v_y,-0.0011184098969857642
ours,v_y,0.0004000614390307078
ours,v_y,0.00021255646633802638
ours,v_y,-0.003329583414144438
ours,v_y,-0.011800161381501306
ours,v_y,-0.02073043339246239
ours,v_y,-0.02636773771819087
ours,v_y,-0.0230551135887698
ours,v_y,-0.016477221531641384
ours,v_y,-0.01221097573552031
ours,v_y,-0.0056384182139735395
ours,v_y,0.002248744350442859
ours,v_y,0.004816183245752791
ours,v_y,0.0032905193793727194
ours,v_y,0.003964731686442451
ours,v_y,0.00018919381073047997
ours,v_y,-0.004451019361629394
ours,v_y,-0.0035446418452485667
ours,v_y,-0.007357129471845469
ours,v_y,-0.00339886217193526
ours,v_y,-0.007276524541578441
ours,v_y,-0.003648789043176906
ours,v_y,-0.007125061780114864
ours,v_y,-0.0019654128175876084
ours,v_y,-0.002907830296007871
ours,v_y,-0.0004882576440640579
ours,v_y,-0.0017063284510166754
ours,v_y,0.0010323045309985346
ours,v_y,0.0005563809168530054
ours,v_y,0.0022647861377899023
ours,v_y,8.536880816133186e-05
ours,v_y,-0.000678912301157672
ours,v_y,-8.796860241620102e-05
ours,v_y,-0.0005341817283684991
ours,v_y,0.0013711814900733144
ours,v_y,0.002769649266997229
ours,v_y,0.002220643019755296
ours,v_y,0.0023433049813564484
ours,v_y,0.006614131090302301
ours,v_y,0.004918542178841754
ours,v_y,0.002211772506701468
ours,v_y,0.007241869033108524
ours,v_y,0.003642135267699055
ours,v_y,0.01205993863277205
ours,v_y,0.025611559751013452
ours,v_y,0.04101668312622225
ours,v_y,0.022172872247386177
ours,v_y,0.05096670432440284
ours,v_y,0.027775607647284317
ours,v_y,0.041372409948737615
ours,v_y,0.029579308481558653
ours,v_y,0.016548951205147044
ours,v_y,0.034410310497636876
ours,v_y,0.016537509920516058
ours,v_y,0.03497516621770147
ours,v_y,0.016246665260836513
ours,v_y,0.03885812604087274
ours,v_y,0.05230306259710016
ours,v_y,0.05206099386453
ours,v_y,0.05250967890625047
ours,v_y,0.025395058875670784
ours,v_y,0.046585863702921615
ours,v_y,0.028990411304556984
ours,v_y,0.05192973488099134
ours,v_y,0.03060119943049644
ours,v_y,0.05998894302855934
ours,v_y,0.04556429988453614
ours,v_y,0.05384652499977438
ours,v_y,0.04140551484402455
ours,v_y,0.035986037087010536
ours,v_y,0.044913884112671276
ours,v_y,0.024972952604417675
ours,v_y,0.09965063461385093
ours,v_y,0.03797701562652478
ours,v_y,0.02870518653458287
ours,v_y,0.07031868756685644
ours,v_y,0.03411642055406322
ours,v_y,0.06399403180980617
ours,v_y,0.043469514371896945
ours,v_y,0.03496307061492174
ours,v_y,0.007894376982196999
ours,v_y,0.0028037381014987123
ours,v_y,0.003999068831786804
ours,v_y,0.002642251098263002
ours,v_y,0.006054640446014649
ours,v_y,0.0009652020937769082
ours,v_y,-0.00014297310523259804
ours,v_y,-0.0077414870322132096
ours,v_y,-0.012963950654712578
ours,v_y,-0.015506190036310818
ours,v_y,-0.016040692237263843
ours,v_y,-0.01721161122485973
ours,v_y,-0.026910840064686137
ours,v_y,-0.011912724689103454
ours,v_y,-0.023050595448513678
ours,v_y,-0.034386811805150186
ours,v_y,-0.03543058443776842
ours,v_y,-0.05415334823492901
ours,v_y,-0.04436615631563301
ours,v_y,-0.051367588595611136
ours,v_y,-0.05002043827396885
ours,v_y,-0.052921152801445825
ours,v_y,-0.06402014715734305
ours,v_y,-0.056671715947392065
ours,v_y,-0.06823128266248846
ours,v_y,-0.06986924324860411
ours,v_y,-0.06688551324119318
ours,v_y,-0.07028976176598922
ours,v_y,-0.060542066163416064
ours,v_y,-0.0791232457736134
ours,v_y,-0.07134770121949452
ours,v_y,-0.031104273236703728
ours,v_y,-0.06793714872676926
ours,v_y,-0.03269675214655754
ours,v_y,-0.06728843856627076
ours,v_y,-0.021489012671679852
ours,v_y,-0.0545225048721939
ours,v_y,-0.01962610686516214
ours,v_y,-0.044043197523547906
ours,v_y,-0.03962472978608811
ours,v_y,-0.04067622681457056
ours,v_y,-0.047402079370387595
ours,v_y,-0.052251898700905686
ours,v_y,-0.029241068104058687
ours,v_y,-0.05981024379101996
ours,v_y,-0.022084377021261037
ours,v_y,-0.04077430420519379
ours,v_y,-0.014163358088920941
ours,v_y,-0.02231064025949961
ours,v_y,-0.007717750648835592
ours,v_y,-0.011466070387069496
ours,v_y,-0.007605696955385544
ours,v_y,-0.007602757983016933
ours,v_y,-0.004854774971803422
ours,v_y,-0.0054417816622565965
ours,v_y,-0.005285932932853996
ours,v_y,-0.004891453038317006
ours,v_y,-0.00443867465884255
ours,v_y,4.248805473314188e-05
ours,v_y,0.0013824804709219526
ours,v_y,0.007349989224171634
ours,v_y,0.007688801767975484
ours,v_y,0.010159490853817107
ours,v_y,0.01268702310463704
ours,v_y,0.01756483683036955
ours,v_y,0.021037762670541138
ours,v_y,0.027602918362541196
ours,v_y,0.02865443139436255
ours,v_y,0.04365123075077429
ours,v_y,0.03601672357880695
ours,v_y,0.03880484596333439
ours,v_y,0.039423584783925214
ours,v_y,0.04154495000978092
ours,v_y,0.07450113237575695
ours,v_y,0.040481845252428095
ours,v_y,0.022333684699058776
ours,v_y,0.07492153394858347
ours,v_y,0.04843220814356358
ours,v_y,0.024429471824127635
ours,v_y,0.049095778842424054
ours,v_y,0.025168658782576292
ours,v_y,0.09716062460019026
ours,v_y,0.11311016235112137
ours,v_y,0.053774306592960286
ours,v_y,0.05189117492675582
ours,v_y,0.032624610356335904
ours,v_y,0.09272549275655345
ours,v_y,0.01647376101657716
ours,v_y,0.02769932916960366
ours,v_y,0.0507464189512965
ours,v_y,0.03217463236792306
ours,v_y,0.06048680929194683
ours,v_y,0.04744894250935927
ours,v_y,0.07866706858289241
ours,v_y,0.08314622920459214
ours,v_y,0.032979137741358855
ours,v_y,0.0731345794316105
ours,v_y,0.02860292872353004
ours,v_y,0.056778344894973576
ours,v_y,0.025959766510265214
ours,v_y,0.03951218790036215
ours,v_y,0.0418906969711636
ours,v_y,0.03310529983583704
ours,v_y,0.01975364492768647
ours,v_y,0.0174902957579032
ours,v_y,0.017062753145504927
ours,v_y,0.007705193753992534
ours,v_y,0.015380412585359701
ours,v_y,0.006547710864222692
ours,v_y,0.012534932612989075
ours,v_y,0.00396356693187741
ours,v_y,0.010749831817047147
ours,v_y,0.0038526566622219573
ours,v_y,-0.005846576272516984
ours,v_y,-0.009318421006201102
ours,v_y,-0.011538422295163248
ours,v_y,-0.02008050385087956
ours,v_y,-0.019766015353932742
ours,v_y,-0.03693936164724529
ours,v_y,-0.03440017982646104
ours,v_y,-0.01922002646491966
ours,v_y,-0.03893796805459293
ours,v_y,-0.02193343422172353
ours,v_y,-0.042815164641806236
ours,v_y,-0.052421966245243035
ours,v_y,-0.05538083565258489
ours,v_y,-0.028395468502012633
ours,v_y,-0.07945371609921525
ours,v_y,-0.059715921522286
ours,v_y,-0.016745154819573393
ours,v_y,-0.07658652821897216
ours,v_y,-0.039867717989455875
ours,v_y,-0.16867177793669197
ours,v_y,-0.17336195888614647
ours,v_y,-0.06825514423172041
ours,v_y,-0.05617016464796831
ours,v_y,-0.030050503829639197
ours,v_y,-0.055055195957259495
ours,v_y,-0.049216815138535375
ours,v_y,-0.01715458747635268
ours,v_y,-0.06990426711506292
ours,v_y,-0.046990673841151076
ours,v_y,-0.04699326985699237
ours,v_y,-0.06847147074510751
ours,v_y,-0.07296133007086958
ours,v_y,-0.03661494899016471
ours,v_y,-0.07743572447972658
ours,v_y,-0.03625204196443532
ours,v_y,-0.06555347088373842
ours,v_y,-0.06207566272105791
ours,v_y,-0.06258879411121698
ours,v_y,-0.06371620079347462
ours,v_y,-0.06370931460891716
ours,v_y,-0.07101709836292236
ours,v_y,-0.07039488224686363
ours,v_y,-0.06736792053031637
ours,v_y,-0.031515574681842295
ours,v_y,-0.05133294941424926
ours,v_y,-0.03366240162175893
ours,v_y,-0.07252357774866958
ours,v_y,-0.03201034647802797
ours,v_y,-0.054461415027734605
ours,v_y,-0.02542723736516994
ours,v_y,-0.04978833013167916
ours,v_y,-0.04999872008816064
ours,v_y,-0.0460358196672791
ours,v_y,-0.056005130391995284
ours,v_y,-0.049802700984276416
ours,v_y,-0.04748544234421681
ours,v_y,-0.023970327725934548
ours,v_y,-0.053851032846022995
ours,v_y,-0.025100174040302514
ours,v_y,-0.04442630380565232
ours,v_y,-0.025339761689359974
ours,v_y,-0.04498072880542464
ours,v_y,-0.03876800644509104
ours,v_y,-0.03365030618802528
ours,v_y,-0.035679913871268676
ours,v_y,-0.01881634115880096
ours,v_y,-0.020406530096711117
ours,v_y,-0.0177923337939159
ours,v_y,-0.01833318258585931
ours,v_y,-0.010306609982583176
ours,v_y,-0.046771494193962565
ours,v_y,-0.007876777718924685
ours,v_y,-0.011293310312628271
ours,v_y,-0.005173234533851656
ours,v_y,0.0003909486464999008
ours,v_y,0.006375989739751793
ours,v_y,0.014119566349348744
ours,v_y,0.022953856947076023
ours,v_y,0.015878830332356153
ours,v_y,0.028330885025573405
ours,v_y,0.017138963356392034
ours,v_y,0.028548377592453378
ours,v_y,0.0200581377298224
ours,v_y,0.057664422210902955
ours,v_y,0.06545376065590147
ours,v_y,0.06599647194984071
ours,v_y,0.08012580855776474
ours,v_y,0.0786355393164655
ours,v_y,0.04615036033915065
ours,v_y,0.10030666459447057
ours,v_y,0.048670227560541846
ours,v_y,0.10129375173990851
ours,v_y,0.04978117316366648
ours,v_y,0.08886413691798878
ours,v_y,0.07487957186236127
ours,v_y,0.05549735293940111
ours,v_y,0.05175748541562758
ours,v_y,0.047709443026260456
ours,v_y,0.05149913976783105
ours,v_y,0.05527617431024673
ours,v_y,0.05837870098841147
ours,v_y,0.06381250323140708
ours,v_y,0.034753103309147715
ours,v_y,0.11713071894197347
ours,v_y,0.06869466119508782
ours,v_y,0.07305497271157813
ours,v_y,0.06513745202881299
ours,v_y,0.054754783702330834
ours,v_y,0.037036582637058946
ours,v_y,0.016084201556845867
ours,v_y,0.026879891251382085
ours,v_y,0.017978640102276372
ours,v_y,0.02183840115183902
ours,v_y,0.020211458049023107
ours,v_y,0.037124435527937205
ours,v_y,0.013866672301837194
ours,v_y,0.005265036159887198
ours,v_y,0.0017723429451202326
ours,v_y,0.003455572083031349
ours,v_y,0.010555651607625744
ours,v_y,0.0028423428031342565
ours,v_y,0.003866503673288446
ours,v_y,0.01724943081382102
ours,v_y,0.007807332917668341
ours,v_y,0.0073888572689598565
ours,v_y,0.006699645465501322
ours,v_y,0.0019992053428882234
ours,v_y,0.009434758386841914
ours,v_y,0.0019126637696586877
ours,v_y,0.004319543602543589
ours,v_y,0.002168010411101786
ours,v_y,0.0048035246100940655
ours,v_y,0.00679230841672758
ours,v_y,0.0070777913986614874
ours,v_y,0.003939824274946789
ours,v_y,0.004659990877137806
ours,v_y,0.005571784465599456
ours,v_y,0.002808975084867625
ours,v_y,0.0065584702611530855
ours,v_y,0.01007507381231734
ours,v_y,0.00317734992052227
ours,v_y,0.007010042360790913
ours,v_y,0.004986762954649693
ours,v_y,0.005242288000093203
ours,v_y,0.011094594409097571
ours,v_y,0.007601350889300924
ours,v_y,0.004785470386101897
ours,v_y,0.004032743078376655
ours,v_y,0.0041133639587707495
ours,v_y,0.0032815338447552914
ours,v_y,0.009151764181544978
ours,v_y,0.005457781921541749
ours,v_y,0.0023249916421393887
ours,v_y,0.004580875589335022
ours,v_y,0.0016883396004085342
ours,v_y,0.0035537763196517233
ours,v_y,0.008622007788019772
ours,v_y,0.009885952274601437
ours,v_y,0.006917099871936934
ours,v_y,0.004116749490653349
ours,v_y,0.007925899697231727
ours,v_y,0.003165637211457721
ours,v_y,0.006444297330100853
ours,v_y,0.006243507262041292
ours,v_y,0.0073149810397605645
ours,v_y,0.004477172790185956
ours,v_y,0.0022608864206542893
ours,v_y,0.0010610068332949606
ours,v_y,0.0019500989414196687
ours,v_y,0.0012359847961487883
ours,v_y,0.0034695021586164873
ours,v_y,0.0017610632271246145
ours,v_y,0.003793239848843208
ours,v_y,0.0020255971994565768
ours,v_y,0.0043677883060181995
ours,v_y,0.0026979316609175383
ours,v_y,0.005586743523723226
ours,v_y,0.00537666179813966
ours,v_y,0.005180106299401176
ours,v_y,0.004036462119208394
ours,v_y,0.0019415826779807105
ours,v_y,0.005193137542984477
ours,v_y,0.005052732964072463
ours,v_y,0.003241393418734799
ours,v_y,0.006817606440651047
ours,v_y,0.0016571780837925792
ours,v_y,0.007589296648843516
ours,v_y,0.0022100908881614
ours,v_y,0.004602394187337211
ours,v_y,0.0013148927227457155
ours,v_y,0.001524884432130818
ours,v_y,0.001884014486408521
ours,v_y,0.0044181305655387505
ours,v_y,0.004648369811052602
ours,v_y,0.008876902980746901
ours,v_y,0.005787660652449257
ours,v_y,0.0067444136728633496
ours,v_y,0.01066600697138307
ours,v_y,0.004264297488813292
ours,v_y,0.0033403945404497475
ours,v_y,0.00355740175665965
ours,v_y,0.0029005603639229854
ours,v_y,0.0030257317702219594
ours,v_y,0.0014263658658796238
ours,v_y,0.0011360075541626685
ours,v_y,0.00291186420674798
ours,v_y,0.0010177009888971585
ours,v_y,0.002073165721021182
ours,v_y,0.0007597650447182941
ours,v_y,0.002419704263432104
ours,v_y,0.0018866515915234375
ours,v_y,0.001088047234362937
ours,v_y,0.0005544102645869617
ours,v_y,0.00014031164380210945
ours,v_y,0.0003886536545514539
ours,v_y,0.00039799221500860793
ours,v_y,0.0015229947090688416
ours,v_y,0.0013163703671925514
ours,v_y,0.0012802001328105841
ours,v_y,0.001291283493804203
ours,v_y,0.0010052030414672286
ours,v_y,-0.00018748235399330612
ours,v_y,-3.0346405810524613e-06
ours,v_y,0.0009644558082827423
ours,v_y,-0.00010915306216439241
ours,v_y,-0.00046995355700483327
ours,v_y,6.528262001932739e-06
ours,v_y,-0.0009376700812146616
ours,v_y,-0.0005302942519091192
ours,v_y,-0.004137386057091585
ours,v_y,0.00018054412747727996
ours,v_y,0.0017292117763161308
ours,v_y,0.0019997137783183405
ours,v_y,-0.00043774844526790063
ours,v_y,-0.00024635208106364714
ours,v_y,6.091635245027843e-05
ours,v_y,-0.002691807360781874
ours,v_y,1.1852117421037867e-05
ours,v_y,-0.0010341149697228463
ours,v_y,-0.00016060203189810496
ours,v_y,-0.0008726285501481842
ours,v_y,0.0003877254538065568
ours,v_y,0.0010616082168442773
ours,v_y,-0.0003036592924628677
ours,v_y,0.0014787198602324546
ours,v_y,0.0012864210042846658
ours,v_y,0.0006880434311758582
ours,v_y,0.0008239594580069579
ours,v_y,-0.0007704369267620623
ours,v_y,0.002177936510267646
ours,v_y,0.0019510142449420537
ours,v_y,0.00033827739594974315
ours,v_y,-0.0017122545724810728
ours,v_y,-0.0024574262340542607
ours,v_y,-0.002474160892214375
ours,v_y,-0.000990552824326238
ours,v_y,-0.008022995687058262
ours,v_y,-0.0012141414498317432
ours,v_y,-0.0003319633522647497
ours,v_y,-0.0010071746460901046
ours,v_y,-0.00047189848317297223
ours,v_y,-0.0029431604800724404
ours,v_y,-0.003750183981033328
ours,v_y,-0.0013850097673441392
ours,v_y,-0.0017384971694665158
ours,v_y,-0.003086582677699873
ours,v_y,-0.001881347600122249
ours,v_y,-0.0008431953350591381
ours,v_y,-0.0008721416048430158
ours,v_y,-0.0010256349476613913
ours,v_y,-0.003116030463042943
ours,v_y,-0.0010606387872076906
ours,v_y,-0.0010813483858178041
ours,v_y,-0.0010502944564730193
ours,v_y,-0.0033511118831831416
ours,v_y,-0.005066945892891861
ours,v_y,-0.0017869110554107753
ours,v_y,-0.0027236838843273103
ours,v_y,-0.0014242885475125727
ours,v_y,-0.004916959496524209
ours,v_y,-0.006306283639252286
ours,v_y,-0.01375997978149697
ours,v_y,-0.006580358625142141
ours,v_y,-0.005426349698607849
ours,v_y,-0.00916401569707026
ours,v_y,-0.009495040820403283
ours,v_y,-0.014037848633759287
ours,v_y,-0.004925533410009675
ours,v_y,-0.009875591023367186
ours,v_y,-0.012351739247726395
ours,v_y,-0.012962803113687665
ours,v_y,-0.02793505818877151
ours,v_y,-0.041670236571507674
ours,v_y,-0.02152316298043097
ours,v_y,-0.02096979033429877
ours,v_y,-0.01812383295476319
ours,v_y,-0.017726595770555104
ours,v_y,-0.021434042025142652
ours,v_y,-0.014356262392290417
ours,v_y,-0.005023483685242594
ours,v_y,-0.01036784311581794
ours,v_y,-0.014833250461383202
ours,v_y,-0.024787452098960883
ours,v_y,-0.03493764396380655
ours,v_y,-0.020422076111835608
ours,v_y,-0.04177832076133953
ours,v_y,-0.021332890845322
ours,v_y,-0.04286775691556144
ours,v_y,-0.021735101365865594
ours,v_y,-0.0428963323265259
ours,v_y,-0.04172783619544751
ours,v_y,-0.041311209766767
ours,v_y,-0.038547181115626994
ours,v_y,-0.03962260307688131
ours,v_y,-0.04092732532022153
ours,v_y,-0.038119484253498315
ours,v_y,-0.047702733483206305
ours,v_y,-0.04938153531971873
ours,v_y,-0.04883881109204685
ours,v_y,-0.0426247545120611
ours,v_y,-0.049537805213600516
ours,v_y,-0.05235873130769214
ours,v_y,-0.05560453157552647
ours,v_y,-0.028873848051378215
ours,v_y,-0.05713306742363733
ours,v_y,-0.026759905801936656
ours,v_y,-0.04739610879075662
ours,v_y,-0.0274110034831358
ours,v_y,-0.05127192389004814
ours,v_y,-0.025256946053192453
ours,v_y,-0.051080390903063044
ours,v_y,-0.045305927497756915
ours,v_y,-0.03296200668401883
ours,v_y,-0.017361485518703867
ours,v_y,-0.027999441627378885
ours,v_y,-0.03735068152413146
ours,v_y,-0.09407710669338498
ours,v_y,-0.08756916838077689
ours,v_y,-0.07150403353608792
ours,v_y,-0.128056764022506
ours,v_y,-0.08002442973004636
ours,v_y,-0.06474947271060988
ours,v_y,-0.05027795771570409
ours,v_y,-0.042094712137893286
ours,v_y,-0.04713132025841932
ours,v_y,-0.06514741567985372
ours,v_y,-0.044672600775627014
ours,v_y,-0.027570608920582274
ours,v_y,-0.04477457551594888
ours,v_y,-0.05822153482127107
ours,v_y,-0.05973294465191631
ours,v_y,-0.044262526910887556
ours,v_y,-0.03131932704043322
ours,v_y,-0.07389316201060026
ours,v_y,-0.03430913931552637
ours,v_y,-0.07026030760115909
ours,v_y,-0.03345161966493293
ours,v_y,-0.050633359995091
ours,v_y,-0.03508822609575002
ours,v_y,-0.0697504189488043
ours,v_y,-0.03658866475321276
ours,v_y,-0.07183113952503195
ours,v_y,-0.06135112990902747
ours,v_y,-0.05001377555038006
ours,v_y,-0.0650439368012038
ours,v_y,-0.0704611319214381
ours,v_y,-0.02940235104037242
ours,v_y,-0.05619400919926548
ours,v_y,-0.02740398459347182
ours,v_y,-0.052818476570646034
ours,v_y,-0.027815124025120208
ours,v_y,-0.06604136549585116
ours,v_y,-0.02738084804098523
ours,v_y,-0.07495398827410116
ours,v_y,-0.057885076304429406
ours,v_y,-0.06646114263163422
ours,v_y,-0.05512404103563445
ours,v_y,-0.02857851737548117
ours,v_y,-0.055578392391360476
ours,v_y,-0.08559861802449986
ours,v_y,-0.02942604512275021
ours,v_y,-0.05130756827236321
ours,v_y,-0.0608881281692637
ours,v_y,-0.06613677894340403
ours,v_y,-0.15077845214299962
ours,v_y,-0.10262925960994268
ours,v_y,-0.043081615218364816
ours,v_y,-0.03196510478219386
ours,v_y,-0.039846007221045254
ours,v_y,-0.07975712024712484
ours,v_y,-0.1044295630365869
ours,v_y,-0.050273831022583815
ours,v_y,-0.015497102189197143
ours,v_y,-0.03001683064896349
ours,v_y,-0.030895909178138392
ours,v_y,-0.033841819251318433
ours,v_y,-0.012567758467073989
ours,v_y,-0.033501375673947426
ours,v_y,-0.01900158032026114
ours,v_y,-0.00912513242940597
ours,v_y,-0.014807945741921721
ours,v_y,-0.0058092925942688015
ours,v_y,-0.01444731020346745
ours,v_y,-0.009060910017319092
ours,v_y,-0.008243672184762914
ours,v_y,-0.008170170539625588
ours,v_y,-0.0021726234083316517
ours,v_y,-0.002889976681042912
ours,v_y,-0.003548617286890307
ours,v_y,0.009478644287458121
ours,v_y,0.007384008547794918
ours,v_y,0.025727935706229
ours,v_y,0.03583092054888953
ours,v_y,0.03822708141708919
ours,v_y,0.045448135672638834
ours,v_y,0.05662816413661648
ours,v_y,0.013661643536515722
ours,v_y,0.07500651880047432
ours,v_y,0.027346605754300146
ours,v_y,0.010689405799703594
ours,v_y,0.048114740608577844
ours,v_y,0.011358745276355997
ours,v_y,0.015484644316884871
ours,v_y,0.008643292484710186
ours,v_y,0.019083684181532695
ours,v_y,0.027544948100938105
ours,v_y,0.020863879680385583
ours,v_y,0.043345455687045786
ours,v_y,0.015387446093558022
ours,v_y,0.027681166240763
ours,v_y,0.023407699720939312
ours,v_y,0.01407261729726031
ours,v_y,0.02794630131453979
ours,v_y,0.014232272213409752
ours,v_y,0.022915551471734713
ours,v_y,0.018742830204322297
ours,v_y,0.021665462425551174
ours,v_y,0.013209540547951926
ours,v_y,0.0068134384628387445
ours,v_y,-0.0032563269596791733
ours,v_y,-0.0019721948569022263
ours,v_y,0.005365825173662714
ours,v_y,0.013444505116198158
ours,v_y,0.016865214900538966
ours,v_y,0.020970649714811274
ours,v_y,0.020656212026029325
ours,v_y,0.017283457715688344
ours,v_y,0.006182808547935681
ours,v_y,0.010729129985217425
ours,v_y,0.0011551894543090219
ours,v_y,-0.0020818439360872215
ours,v_y,-0.001560724336938088
ours,v_y,-0.006770373819797856
ours,v_y,-0.003802454361021509
ours,v_y,-0.008153895712357273
ours,v_y,-0.0042505023242858896
ours,v_y,-0.01762591385603455
ours,v_y,-0.003942630207340329
ours,v_y,-0.0025003162229590738
ours,v_y,-0.003923235839681377
ours,v_y,-0.002837347376010435
ours,v_y,-0.0010577481959989678
ours,v_y,-0.004903298992610387
ours,v_y,-0.001223467660567898
ours,v_y,-0.002094580876964576
ours,v_y,-0.000810058529378526
ours,v_y,0.0005369946817557966
ours,v_y,-0.009172485830600458
ours,v_y,0.0010465288615247106
ours,v_y,-0.014141723983437188
ours,v_y,-0.016328700246179953
ours,v_y,-0.007579160057701352
ours,v_y,-0.014645578916581095
ours,v_y,-0.009173590702707936
ours,v_y,-0.010276089185529032
ours,v_y,-0.003695207333197885
ours,v_y,-0.006919821733217703
ours,v_y,-0.008918824432640448
ours,v_y,-0.005161138512160527
ours,v_y,-0.007347087418346369
ours,v_y,-0.006149692769052831
ours,v_y,-0.010208441379406701
ours,v_y,-0.0034086176636339985
ours,v_y,-0.007362095031201164
ours,v_y,-0.0038268660356685393
ours,v_y,-0.007585456106722968
ours,v_y,-0.00362139324721399
ours,v_y,-0.0070381497394571895
ours,v_y,-0.0024641685051738547
ours,v_y,-0.0051405515176580685
ours,v_y,-0.002614998124427286
ours,v_y,-0.006645661783360403
ours,v_y,-0.003149160925580985
ours,v_y,-0.006331486254511329
ours,v_y,-0.005662986051399654
ours,v_y,-0.00287384915151743
ours,v_y,-0.005663253706805141
ours,v_y,-0.0032358226357853594
ours,v_y,-0.0059167234967096435
ours,v_y,-0.003061490954311961
ours,v_y,-0.005455523160753897
ours,v_y,-0.002799425544278887
ours,v_y,-0.004964850566601401
ours,v_y,-0.002939534484688408
ours,v_y,-0.005962823450991164
ours,v_y,-0.005570810819364583
ours,v_y,-0.007584637754585881
ours,v_y,-0.01070724809675898
ours,v_y,-0.006628939042968249
ours,v_y,-0.014796349437000093
ours,v_y,-0.02030243474318368
ours,v_y,-0.00933699042150538
ours,v_y,-0.011354637940618697
ours,v_y,-0.007022292574091642
ours,v_y,-0.013084652666694499
ours,v_y,0.0011752779942901248
ours,v_y,0.0020124942380616503
ours,v_y,0.0002955911380859294
ours,v_y,-0.005216979369849065
ours,v_y,-0.011761997628523348
ours,v_y,-0.007920102526610837
ours,v_y,-0.02764057038004357
ours,v_y,-0.023826586173362765
ours,v_y,-0.05607480715931549
ours,v_y,-0.05099764641851736
ours,v_y,-0.05131157304817077
ours,v_y,-0.05144703456619745
ours,v_y,-0.020324726020401595
ours,v_y,-0.059254596868057854
ours,v_y,-0.03996827327757548
ours,v_y,-0.03764292030253071
ours,v_y,-0.043896935092592834
ours,v_y,-0.000405773320749021
ours,v_y,0.047456031055381244
ours,v_y,0.015088183072550016
ours,v_y,0.02234892526772693
ours,v_y,0.013191348138873734
ours,v_y,-0.004749812596823788
ours,v_y,-0.015860422794582794
ours,v_y,0.0024519370941499547
ours,v_y,0.012463906806517239
ours,v_y,0.031508790533361856
ours,v_y,0.03355681728382938
ours,v_y,0.030452669743655347
ours,v_y,0.06465994002492242
ours,v_y,0.038487752080098483
ours,v_y,0.045505625767817054
ours,v_y,0.01726380483100154
ours,v_y,0.03647187181762136
ours,v_y,0.02467045892350704
ours,v_y,0.022708658150379313
ours,v_y,0.03558330170800105
ours,v_y,0.028292405085441112
ours,v_y,0.005634140343329774
ours,v_y,0.0015078082543033935
ours,v_y,-0.003468240508847198
ours,v_y,-0.0020761247702115425
ours,v_y,-0.0034003965058272967
ours,v_y,0.0003210887541235871
ours,v_y,-0.020457050913666244
ours,v_y,-0.004522212208415782
ours,v_y,-0.009550004241007146
ours,v_y,-0.03034294563106274
ours,v_y,-0.0021132760711552734
ours,v_y,-0.015525908870720681
ours,v_y,-0.03552083784714208
ours,v_y,0.002892516778810292
ours,v_y,-0.018916336651015664
ours,v_y,-0.03236229946353819
ours,v_y,-0.07455180691529928
ours,v_y,-0.09444327213868142
ours,v_y,-0.04968941856489528
ours,v_y,-0.07125074257101943
ours,v_y,-0.052720134964735155
ours,v_y,-0.0730382081984205
ours,v_y,-0.023901085064878147
ours,v_y,-0.04939288410352097
ours,v_y,-0.030487795698916048
ours,v_y,-0.04754697394997642
ours,v_y,-0.02336302761927228
ours,v_y,-0.056413030892278726
ours,v_y,-0.0462117451819207
ours,v_y,-0.05081194804457881
ours,v_y,-0.05056881013231693
ours,v_y,-0.051655500281779954
ours,v_y,-0.02502260488306582
ours,v_y,-0.04868351664524717
ours,v_y,-0.024524199734893698
ours,v_y,-0.05241446409252526
ours,v_y,-0.02626864905241047
ours,v_y,-0.05341651028876826
ours,v_y,-0.05229667771451335
ours,v_y,-0.05005380698582462
ours,v_y,-0.05080780950210684
ours,v_y,-0.08647632867402844
ours,v_y,-0.060583904699592184
ours,v_y,-0.027259145771239446
ours,v_y,-0.08705094330179658
ours,v_y,-0.06251249215226073
ours,v_y,-0.027500637630180347
ours,v_y,-0.06102581220520925
ours,v_y,-0.049881764668182726
ours,v_y,-0.049919574102211706
ours,v_y,-0.034310111179618324
ours,v_y,-0.03534801423131059
ours,v_y,-0.04202546723714409
ours,v_y,-0.01759950214915204
ours,v_y,-0.014562126944364595
ours,v_y,-0.06140125722839587
ours,v_y,-0.014148734797272355
ours,v_y,-0.03241311009004169
ours,v_y,-0.026363466910211297
ours,v_y,-0.01465339802240101
ours,v_y,-0.03134554249321808
ours,v_y,-0.07841965026306125
ours,v_y,-0.01520711230222721
ours,v_y,-0.015071362428867668
ours,v_y,-0.026879417722062787
ours,v_y,-0.014804160208964301
ours,v_y,-0.02947624469041757
ours,v_y,-0.06044615122797925
ours,v_y,-0.06692857303992666
ours,v_y,-0.03838384217139379
ours,v_y,-0.03372643403796324
ours,v_y,-0.03314416858451494
ours,v_y,-0.0559823579067425
ours,v_y,-0.018293125113033964
ours,v_y,-0.03111313962026363
ours,v_y,-0.04839328326872344
ours,v_y,-0.03319350750338407
ours,v_y,-0.03738602916833608
ours,v_y,-0.033392020731555366
ours,v_y,-0.03911551363021404
ours,v_y,-0.03912841040509596
ours,v_y,-0.03937488279553697
ours,v_y,-0.04083028539702893
ours,v_y,-0.06256082430885784
ours,v_y,-0.040613038020272996
ours,v_y,-0.020995982927834556
ours,v_y,-0.04089901828201209
ours,v_y,-0.042959317223625004
ours,v_y,-0.05064786991871961
ours,v_y,-0.04538442118297353
ours,v_y,-0.061957602046494475
ours,v_y,-0.042515686141611664
ours,v_y,-0.021364946926587525
ours,v_y,-0.04219726713305977
ours,v_y,-0.025694599210406344
ours,v_y,-0.03920391575474158
ours,v_y,-0.022885775793252294
ours,v_y,-0.028623260788971205
ours,v_y,-0.05977952133782194
ours,v_y,-0.06001914509621087
ours,v_y,-0.06810368262102695
ours,v_y,-0.02471446764839802
ours,v_y,-0.027923308840899663
ours,v_y,-0.07759685046929887
ours,v_y,-0.042408395151797174
ours,v_y,-0.021586920627165496
ours,v_y,-0.06758608710902692
ours,v_y,-0.04897445576890053
ours,v_y,-0.04446569523654803
ours,v_y,-0.017776219487982386
ours,v_y,-0.062156562931319215
ours,v_y,-0.0173044016446251
ours,v_y,-0.03533401013452997
ours,v_y,-0.021609569271634044
ours,v_y,-0.029741030144063152
ours,v_y,-0.05905357952739798
ours,v_y,-0.01989776226731077
ours,v_y,-0.04858479278043171
ours,v_y,-0.042170180670564605
ours,v_y,-0.03766709281288583
ours,v_y,-0.02010497371133682
ours,v_y,-0.035510425298931475
ours,v_y,-0.013363128662805979
ours,v_y,-0.03493385223915352
ours,v_y,-0.01245778077394788
ours,v_y,-0.024936337079302
ours,v_y,-0.006982694383740509
ours,v_y,-0.013905425803520041
ours,v_y,-0.002056492502984182
ours,v_y,-0.00197806928395736
ours,v_y,0.0010994481923593674
ours,v_y,0.00363025786236737
ours,v_y,0.0005417138758804091
ours,v_y,0.005967050625980644
ours,v_y,-0.0004617391913093738
ours,v_y,-0.004462600449882101
ours,v_y,-0.004179817646557789
ours,v_y,-0.004410426255287226
ours,v_y,-0.003840477032445389
ours,v_y,-0.0024927108510795146
ours,v_y,-0.002350510644382128
ours,v_y,-0.00312175311453425
ours,v_y,-0.003125020993036639
ours,v_y,-0.0027643464377650074
ours,v_y,-0.0012811204253896438
ours,v_y,-0.0022325489828693233
ours,v_y,-0.0011959853885175706
ours,v_y,-0.005414758454764203
ours,v_y,0.00203049275912078
ours,v_y,-0.0036980963749696973
ours,v_y,-0.0006169600089710146
ours,v_y,0.002411974382955963
ours,v_y,0.00724509654455191
ours,v_y,0.005584065410823735
ours,v_y,0.00612263086422328
ours,v_y,0.0025563820575904075
ours,v_y,5.8867099415646496e-05
ours,v_y,-0.0026406010868575795
ours,v_y,-0.0015887817972905192
ours,v_y,-0.0015785709316314305
ours,v_y,-0.00392189881300485
ours,v_y,-0.0012487887652349204
ours,v_y,-0.002136885716957873
ours,v_y,-0.0009211728590620208
ours,v_y,-0.0007698170083899163
ours,v_y,-8.520968399826877e-05
ours,v_y,-0.0007164397935106089
ours,v_y,-0.0007516395501214641
ours,v_y,-0.00040805057161400274
ours,v_y,-0.00011312674198946798
ours,v_y,-0.00014098098884452598
ours,v_y,2.180904469455125e-06
ours,v_y,-0.00010314875723329078
ours,v_y,-0.0013579783427699124
ours,v_y,-0.0005848945351092823
ours,v_y,-0.0024030720828746976
ours,v_y,-0.0011711957357822093
ours,v_y,-0.002750725221388143
ours,v_y,-0.0008625002695845166
ours,v_y,-0.0008846467294880318
ours,v_y,-0.000736626242179246
ours,v_y,-4.201538273860758e-05
ours,v_y,0.0005337880469582813
ours,v_y,0.00015243552295427648
ours,v_y,-0.00016555030829355777
ours,v_y,-0.0005411784735943857
ours,v_y,-0.0015406942552220193
ours,v_y,-0.0004943851143709502
ours,v_y,-0.001057465413718827
ours,v_y,-0.0007581397085782877
ours,v_y,-0.002242925822128008
ours,v_y,-0.0013779448922542903
ours,v_y,-0.0018339685588281626
ours,v_y,-0.0018022529951858823
ours,v_y,-0.0029267866506292317
ours,v_y,-0.003420038585782142
ours,v_y,-0.003081383649453942
ours,v_y,0.0016639276075340326
ours,v_y,0.0031136265254245107
ours,v_y,0.0010310238803339887
ours,v_y,-0.0024869031813731686
ours,v_y,-0.0169081338999251
ours,v_y,-0.009106510341228825
ours,v_y,0.006815478386111809
ours,v_y,0.007995780508956732
ours,v_y,-0.03869354474884784
ours,v_y,-0.007683080970196474
ours,v_y,0.029265400443001327
ours,v_y,0.009237174017077632
ours,v_y,0.02665621916830435
ours,v_y,0.04330305230589779
ours,v_y,0.021391003058877284
ours,v_y,0.029008481893174287
ours,v_y,0.001943522674360612
ours,v_y,-0.007807096722251078
ours,v_y,-0.012681032987940696
ours,v_y,-0.006292138894490512
ours,v_y,-0.01213796576579916
ours,v_y,-0.004078227540953758
ours,v_y,-0.0038999531573055655
ours,v_y,0.0001462327219042634
ours,v_y,0.002304969481226259
ours,v_y,0.004043411353548177
ours,v_y,0.0037318605026092676
ours,v_y,0.0025576127213506523
ours,v_y,0.0018928019036753632
ours,v_y,0.001290550230144863
ours,v_y,0.0012473984443195398
ours,v_y,0.00043052677050475774
ours,v_y,0.0009062284992876583
ours,v_y,0.00040864644717893833
ours,v_y,-0.0003358217127093083
ours,v_y,-0.0006465201485423011
ours,v_y,-0.0006014510105593028
ours,v_y,-0.0002519054720768743
ours,v_y,0.0002534935263990676
ours,v_y,0.0011698348397711999
ours,v_y,0.0012393013220532581
ours,v_y,0.0005005273985564467
ours,v_y,0.0007581955135222539
ours,v_y,0.00098446093604416
ours,v_y,0.000787388990011074
ours,v_y,0.0009949272953592666
ours,v_y,-0.003407640092287112
ours,v_y,-0.0010573401605076527
ours,v_y,-0.010228076805177358
ours,v_y,-0.01307744546795235
ours,v_y,-0.01491315807703518
ours,v_y,-0.02051053714234785
ours,v_y,-0.022966829684752665
ours,v_y,-0.013696208186320113
ours,v_y,-0.015571260315640933
ours,v_y,-0.05856148342782663
ours,v_y,-0.01762052209364315
ours,v_y,-0.03391802513841391
ours,v_y,-0.019368253584141182
ours,v_y,-0.03841341874601001
ours,v_y,-0.03603815868915483
ours,v_y,-0.016021329528993933
ours,v_y,-0.04667328369081036
ours,v_y,-0.024450120690956922
ours,v_y,-0.049115830728117205
ours,v_y,-0.029645280088215764
ours,v_y,-0.05647159011665537
ours,v_y,-0.05793651013127532
ours,v_y,-0.06503475310112322
ours,v_y,-0.06525045670383789
ours,v_y,-0.06952908879247022
ours,v_y,-0.07052661464490062
ours,v_y,-0.07549975560700628
ours,v_y,-0.04003551033443542
ours,v_y,-0.08217888967751208
ours,v_y,-0.04117087961187138
ours,v_y,-0.07678921415269502
ours,v_y,-0.039997151636083195
ours,v_y,-0.0796900168438116
ours,v_y,-0.03850769415714983
ours,v_y,-0.06982888677461474
ours,v_y,-0.07208458020307384
ours,v_y,-0.06106470282104359
ours,v_y,-0.06724087483730873
ours,v_y,-0.0738740279354772
ours,v_y,-0.06482399707451653
ours,v_y,-0.06232057725515122
ours,v_y,-0.11539533793463841
ours,v_y,-0.07417125953204429
ours,v_y,-0.03198131568560719
ours,v_y,-0.07052641574382768
ours,v_y,-0.030269873566521888
ours,v_y,-0.06655308766190998
ours,v_y,-0.029957441941615703
ours,v_y,-0.06988732469777742
ours,v_y,-0.06487134208826073
ours,v_y,-0.029830152660420883
ours,v_y,-0.057199221105653175
ours,v_y,-0.028342727687563407
ours,v_y,-0.11377191993938252
ours,v_y,-0.02545631189504516
ours,v_y,-0.03897939346221663
ours,v_y,-0.04713932526755016
ours,v_y,-0.05101626546837923
ours,v_y,-0.03891947196640616
ours,v_y,-0.018349349774887225
ours,v_y,-0.020761564397378696
ours,v_y,-0.0795646562928578
ours,v_y,-0.01343686474026487
ours,v_y,-0.03747118006902411
ours,v_y,-0.00878857456905685
ours,v_y,-0.017875880556077445
ours,v_y,-0.011460917075055276
ours,v_y,-0.004906617823268733
ours,v_y,0.0018605394228884409
ours,v_y,0.00832101707287343
ours,v_y,0.006204469369108345
ours,v_y,0.017589454127065113
ours,v_y,0.010530885995843092
ours,v_y,0.024708492256259595
ours,v_y,0.014302604167946709
ours,v_y,0.02668201786988217
ours,v_y,0.032457361201886026
ours,v_y,0.03455767654241626
ours,v_y,0.04322841084323831
ours,v_y,0.05484708579351061
ours,v_y,0.05838796635140103
ours,v_y,0.06781137394155079
ours,v_y,0.0676655424526521
ours,v_y,0.07054061608559875
ours,v_y,0.0619075715935164
ours,v_y,0.060877304578308644
ours,v_y,0.0712613122232123
ours,v_y,0.07641659938954004
ours,v_y,0.07741699448310257
ours,v_y,0.06388684321384464
ours,v_y,0.093689734745531
ours,v_y,0.10465361878122292
ours,v_y,0.047082571925719074
ours,v_y,0.09728004238985322
ours,v_y,0.04555310150062397
ours,v_y,0.09044098590819072
ours,v_y,0.043740138781546034
ours,v_y,0.09016035501019459
ours,v_y,0.08380783364350775
ours,v_y,0.06852839783297138
ours,v_y,0.07100746691038562
ours,v_y,0.0328321117383259
ours,v_y,0.06765765407483737
ours,v_y,0.033289792939633966
ours,v_y,0.0683904382256646
ours,v_y,0.03743573147685342
ours,v_y,0.07626017734110924
ours,v_y,0.04102679934612441
ours,v_y,0.0839132852074892
ours,v_y,0.07994363044294928
ours,v_y,0.08582731437605129
ours,v_y,0.07896073101707657
ours,v_y,0.07156037388349445
ours,v_y,0.0777567127534945
ours,v_y,0.07121108798248249
ours,v_y,0.059530116126468136
ours,v_y,0.06378290049465474
ours,v_y,0.023795635918256564
ours,v_y,0.04226674257747781
ours,v_y,0.056824230562932065
ours,v_y,0.04472233810550075
ours,v_y,0.04115580585041645
ours,v_y,0.057112130600961986
ours,v_y,0.09888640395449388
ours,v_y,0.11097695428912446
ours,v_y,0.05070135225063638
ours,v_y,0.05327628243123911
ours,v_y,0.021371255915665105
ours,v_y,0.06310902490259462
ours,v_y,0.036497311008773875
ours,v_y,0.023838911724602632
ours,v_y,0.031184178328187248
ours,v_y,0.0078116888577353105
ours,v_y,0.013623419151322196
ours,v_y,0.021679457973261318
ours,v_y,0.006905722032322682
ours,v_y,0.014710003681387085
ours,v_y,0.01150218452105893
ours,v_y,0.008904502900467431
ours,v_y,0.005730832222381195
ours,v_y,0.0025231538511413312
ours,v_y,0.0005843527368632542
ours,v_y,-0.0003654849318833753
ours,v_y,-0.00019800313127363647
ours,v_y,-0.005864424871385195
ours,v_y,-0.0029942592037035167
ours,v_y,-0.008181053964535322
ours,v_y,-0.008264675165669649
ours,v_y,-0.009035388070689612
ours,v_y,-0.011311439354379024
ours,v_y,-0.012180998481882834
ours,v_y,-0.012973971007813567
ours,v_y,-0.01474554589372224
ours,v_y,-0.017975814711224683
ours,v_y,-0.009453534475204507
ours,v_y,-0.01802505154808114
ours,v_y,-0.00921763808142112
ours,v_y,-0.020042135223363254
ours,v_y,-0.01044760602093275
ours,v_y,-0.022882052821197534
ours,v_y,-0.011642717133228828
ours,v_y,-0.022653924668382064
ours,v_y,-0.020989105941611522
ours,v_y,-0.019772582606695774
ours,v_y,-0.009226854868443267
ours,v_y,-0.015181243213656333
ours,v_y,-0.00863191350299719
ours,v_y,-0.012598851780490087
ours,v_y,-0.011189322440210134
ours,v_y,-0.019335327363850366
ours,v_y,-0.02589263322297597
ours,v_y,-0.029422158939496276
ours,v_y,-0.028367345769064176
ours,v_y,-0.033777411401787305
ours,v_y,-0.047426996297749324
ours,v_y,-0.029651627406950917
ours,v_y,-0.03477460701695881
ours,v_y,-0.031242273812874366
ours,v_y,-0.02261462193890401
ours,v_y,-0.03206908605649228
ours,v_y,-0.02109444896464055
ours,v_y,-0.03533930624779355
ours,v_y,-0.02643278201116535
ours,v_y,-0.018816467119777414
ours,v_y,-0.023963426478441505
ours,v_y,-0.02497727776998622
ours,v_y,-0.011916747382717877
ours,v_y,-0.03670034126848715
ours,v_y,-0.02933018849145555
ours,v_y,-0.03076553186877798
ours,v_y,-0.030338876546855242
ours,v_y,-0.05948245494162992
ours,v_y,-0.043030253336119526
ours,v_y,-0.03712285429753977
ours,v_y,-0.02065879024331782
ours,v_y,-0.04244023324227604
ours,v_y,-0.019684823395667503
ours,v_y,-0.040040284921331576
ours,v_y,-0.021256953500545767
ours,v_y,-0.07604629490697987
ours,v_y,-0.014410832230565593
ours,v_y,-0.032413575774491
ours,v_y,-0.0324124951262582
ours,v_y,-0.044154666391582664
ours,v_y,-0.10278116487898614
ours,v_y,-0.020051448912352943
ours,v_y,-0.024656650759397117
ours,v_y,-0.053636213988459136
ours,v_y,-0.02561324781795994
ours,v_y,-0.05278896494150154
ours,v_y,-0.12020438146069373
ours,v_y,-0.13830129638980027
ours,v_y,-0.147738619198294
ours,v_y,-0.07420430018365917
ours,v_y,-0.02870208044220765
ours,v_y,-0.060890756754255815
ours,v_y,-0.02631122919824233
ours,v_y,-0.04600337134207108
ours,v_y,-0.06721539731231502
ours,v_y,-0.039185693871198746
ours,v_y,-0.04123968282098456
ours,v_y,-0.04808423748631413
ours,v_y,-0.05669552705173439
ours,v_y,-0.07903530535040348
ours,v_y,-0.031628241680130745
ours,v_y,-0.02630561195188899
ours,v_y,-0.018037080692699242
ours,v_y,-0.01269973829180978
ours,v_y,-0.014892171524697531
ours,v_y,-0.00811921000717689
ours,v_y,-0.00204452773666558
ours,v_y,-0.0021998622124801137
ours,v_y,-0.0035465280199768953
ours,v_y,-0.0012065483825974763
ours,v_y,-0.0005395435040215207
ours,v_y,-0.00027924711880006857
ours,v_y,1.4683389466460528e-06
ours,v_y,0.0021260079701363385
ours,v_y,0.005657523709457988
ours,v_y,0.0015235470321793582
ours,v_y,0.009562147774726672
ours,v_y,0.007702244047766212
ours,v_y,0.007094631962891711
ours,v_y,0.005132179594465998
ours,v_y,0.012214859716952929
ours,v_y,0.0053319686336754935
ours,v_y,0.011088875270714034
ours,v_y,0.00801990925007294
ours,v_y,0.013638564237916373
ours,v_y,0.016393220414223423
ours,v_y,0.006955394868880898
ours,v_y,0.015687366456343617
ours,v_y,0.01459673354116115
ours,v_y,0.013244507381270991
ours,v_y,0.014998327602412757
ours,v_y,0.007640891245976316
ours,v_y,0.016541419360517236
ours,v_y,0.008329551695446257
ours,v_y,0.01710455436045231
ours,v_y,0.008299499739682546
ours,v_y,0.018036032727685457
ours,v_y,0.009556339949184298
ours,v_y,0.01830970127593331
ours,v_y,0.019071534747287018
ours,v_y,0.021102180246438607
ours,v_y,0.016005480489617627
ours,v_y,0.010773804625212621
ours,v_y,0.018228104185831758
ours,v_y,0.026048515680034832
ours,v_y,0.009765601109326021
ours,v_y,0.016353781610841424
ours,v_y,0.0165049392581643
ours,v_y,0.021532063469019806
ours,v_y,0.03413629772896697
ours,v_y,0.019322896102023545
ours,v_y,0.01630619385798101
ours,v_y,0.02438069701234302
ours,v_y,0.009155587090891924
ours,v_y,0.020858760870874692
ours,v_y,0.011667215599881466
ours,v_y,0.025079620909113216
ours,v_y,0.013100803145025097
ours,v_y,0.02826688706048876
ours,v_y,0.007301811774598592
ours,v_y,0.01077065158333219
ours,v_y,0.007633518604089604
ours,v_y,0.03818952276994089
ours,v_y,0.04915596547550216
ours,v_y,0.04980739736018466
ours,v_y,0.020470952594505876
ours,v_y,0.03959106873230958
ours,v_y,0.018484296588523602
ours,v_y,0.031995736304001085
ours,v_y,0.01676474399319708
ours,v_y,0.032282628199757246
ours,v_y,0.034830695423337554
ours,v_y,0.017877352109419334
ours,v_y,0.07136020444955736
ours,v_y,0.012283128430502992
ours,v_y,0.031048922222664255
ours,v_y,0.02670424983249281
ours,v_y,0.015363735724076039
ours,v_y,0.016530209028865345
ours,v_y,0.07778544045502017
ours,v_y,0.019352325761108208
ours,v_y,0.0383291028699609
ours,v_y,0.018175865028634552
ours,v_y,0.03770209374940353
ours,v_y,0.06057366592543986
ours,v_y,0.04346712662854939
ours,v_y,0.04704511575109435
ours,v_y,0.09098385196333997
ours,v_y,0.05488379049798364
ours,v_y,0.029428070303584505
ours,v_y,0.11552404244767853
ours,v_y,0.026514369608136024
ours,v_y,0.06253601845589962
ours,v_y,0.05520049949765091
ours,v_y,0.049002124737818925
ours,v_y,0.06489201965055352
ours,v_y,0.06513659603952374
ours,v_y,0.05882262283847772
ours,v_y,0.054737129549188274
ours,v_y,0.08415286761422036
ours,v_y,0.05496565386347879
ours,v_y,0.02886995875198531
ours,v_y,0.04939741115739629
ours,v_y,0.021520304372611182
ours,v_y,0.04504787635907562
ours,v_y,0.03859142920312736
ours,v_y,0.03854328615475959
ours,v_y,0.03870712203783648
ours,v_y,0.027028818229991272
ours,v_y,0.021646823703543573
ours,v_y,0.019458069293927953
ours,v_y,0.017337854628600526
ours,v_y,0.016251041756766674
ours,v_y,0.014697455388224093
ours,v_y,0.01620264654729595
ours,v_y,0.017792535364533464
ours,v_y,0.020479276908206535
ours,v_y,0.023326842221478253
ours,v_y,0.01248267844949505
ours,v_y,0.01872870006611789
ours,v_y,0.009603372082733125
ours,v_y,0.022577168977554407
ours,v_y,0.0113174010114057
ours,v_y,0.024738135853306642
ours,v_y,0.02628031058751437
ours,v_y,0.030535236702480206
ours,v_y,0.032268553159588056
ours,v_y,0.03267827100447679
ours,v_y,0.028882764658536397
ours,v_y,0.014120508521705724
ours,v_y,0.0285774805421683
ours,v_y,0.014113864986836352
ours,v_y,0.028542622394395478
ours,v_y,0.015129334648609896
ours,v_y,0.029960437326671474
ours,v_y,0.014329352888920135
ours,v_y,0.02624326756828771
ours,v_y,0.012667413342948103
ours,v_y,0.0229055114562225
ours,v_y,0.01616536045945899
ours,v_y,0.024926783659821206
ours,v_y,0.012222281608641916
ours,v_y,0.031196817551605416
ours,v_y,0.04422333785375132
ours,v_y,0.016036800798064632
ours,v_y,0.04286316482212113
ours,v_y,0.04166638140602516
ours,v_y,0.04230861169699751
ours,v_y,0.09274488289155192
ours,v_y,0.15200620441187723
ours,v_y,0.02565702839123557
ours,v_y,0.05379370750656512
ours,v_y,0.07882083127051165
ours,v_y,0.04987512005445732
ours,v_y,0.09496725107003545
ours,v_y,0.06833009292317971
ours,v_y,0.046183517209222646
ours,v_y,0.049882106598249765
ours,v_y,0.053191601797519805
ours,v_y,0.028697979950135233
ours,v_y,0.10880394811477545
ours,v_y,0.025941193700416643
ours,v_y,0.05620227859145832
ours,v_y,0.028657337831842822
ours,v_y,0.0607539350013509
ours,v_y,0.029873946878516522
ours,v_y,0.060962786400624025
ours,v_y,0.035763176306619904
ours,v_y,0.06537065155641347
ours,v_y,0.06746723281818112
ours,v_y,0.0734970339251454
ours,v_y,0.07858281854140792
ours,v_y,0.07093032097740026
ours,v_y,0.0742283092103686
ours,v_y,0.07119894758359518
ours,v_y,0.06441903278192057
ours,v_y,0.05710085661667541
ours,v_y,0.054442968023053595
ours,v_y,0.052409303869210166
ours,v_y,0.05305757336403927
ours,v_y,0.054755309841282185
ours,v_y,0.025124568863504004
ours,v_y,0.08970859036960854
ours,v_y,0.024409801707750367
ours,v_y,0.04962557705694581
ours,v_y,0.02435349604623227
ours,v_y,0.055657004823935374
ours,v_y,0.06639382050956744
ours,v_y,0.09098126277321528
ours,v_y,0.03507994683436172
ours,v_y,0.031780292330926274
ours,v_y,0.03687326524328058
ours,v_y,0.04496760629314149
ours,v_y,0.010114203670916574
ours,v_y,0.00917987963482405
ours,v_y,0.005587260331621564
ours,v_y,0.003197414543680041
ours,v_y,0.003773311542669265
ours,v_y,0.0005275248081350464
ours,v_y,0.003321207742047371
ours,v_y,0.005442445699468567
ours,v_y,0.004767254230122749
ours,v_y,0.006296029794319298
ours,v_y,0.007471529148800017
ours,v_y,0.007022049018866461
ours,v_y,0.007857661737052423
ours,v_y,0.008710679395512403
ours,v_y,0.008343208486383896
ours,v_y,0.005894308892580264
ours,v_y,0.004480323657635597
ours,v_y,0.0031014405594913252
ours,v_y,0.0018231264226218902
ours,v_y,0.0047720917206248575
ours,v_y,0.0022704882361557557
ours,v_y,0.006847680692846789
ours,v_y,0.004137755698121439
ours,v_y,0.0016577752733863658
ours,v_y,0.008589690306267347
ours,v_y,0.002591985558782723
ours,v_y,0.004625759300205683
ours,v_y,0.005466577132205685
ours,v_y,0.0028937136720856016
ours,v_y,0.005270512354846551
ours,v_y,0.0026964296832851804
ours,v_y,0.004463413815678231
ours,v_y,0.005502261761508051
ours,v_y,0.002713452611858707
ours,v_y,0.005382189163884059
ours,v_y,0.0020614527816634016
ours,v_y,0.0045944118729997615
ours,v_y,0.002203193275186208
ours,v_y,0.002356605420820161
ours,v_y,0.0025951744757585875
ours,v_y,0.0024479810248895645
ours,v_y,0.00234448927013306
ours,v_y,0.001203962324104059
ours,v_y,0.0013059985174298586
ours,v_y,0.0019500435824004216
ours,v_y,0.0011563566712194731
ours,v_y,0.002378409104068231
ours,v_y,0.0022865271424562378
ours,v_y,0.005167592442671037
ours,v_y,0.007118769235407267
ours,v_y,0.005492871155794962
ours,v_y,0.0021086621550247386
ours,v_y,0.004455130071862145
ours,v_y,0.003634944191518682
ours,v_y,0.007632800416145374
ours,v_y,0.009330602922982066
ours,v_y,0.008465214935525925
ours,v_y,0.014518878716466416
ours,v_y,0.01148257258635422
ours,v_y,0.004393562268422326
ours,v_y,0.004649836222710927
ours,v_y,0.0041869064181671994
ours,v_y,0.002443564399455877
ours,v_y,0.007123393413464539
ours,v_y,0.0026117931544263444
ours,v_y,0.003654319901262436
ours,v_y,0.004810890982251542
ours,v_y,0.0051349069421172955
ours,v_y,0.005196000376424335
ours,v_y,0.0020022372214324735
ours,v_y,0.007632178796412842
ours,v_y,0.005865208332882385
ours,v_y,0.0023668373671448632
ours,v_y,0.00396655041783393
ours,v_y,0.0023151975588488437
ours,v_y,0.007371114457440875
ours,v_y,0.007965789361571725
ours,v_y,0.005463503190291926
ours,v_y,0.006658009708523994
ours,v_y,0.006892432499077596
ours,v_y,0.0025818621406589193
ours,v_y,0.008422417778961161
ours,v_y,0.0010544577255168427
ours,v_y,1.354453454664728e-06
ours,v_y,-0.0017243161253931785
ours,v_y,-0.0010329415677871254
ours,v_y,-0.0024223241392077946
ours,v_y,-0.0037766259706978472
ours,v_y,0.0007301364032210114
ours,v_y,0.001910741819709778
ours,v_y,0.007323402822985867
ours,v_y,0.004253104038105145
ours,v_y,0.008685002984958959
ours,v_y,0.008792011944131147
ours,v_y,0.00885334192976793
ours,v_y,0.014781714929086448
ours,v_y,0.0044828095761653
ours,v_y,0.003241538777076596
ours,v_y,0.0011696071003632139
ours,v_y,-0.0011602594999284288
ours,v_y,0.0007289853198158072
ours,v_y,0.011485941409162745
ours,v_y,0.03326047277565644
ours,v_y,0.016448210490318124
ours,v_y,0.008601736016154446
ours,v_y,-0.0018800242020773003
ours,v_y,-0.002703668225888786
ours,v_y,-0.016137140194773983
ours,v_y,-0.009595950554018393
ours,v_y,-0.009244764329525798
ours,v_y,-0.001161461156820566
ours,v_y,0.007873663027290173
ours,v_y,0.009273997626467578
ours,v_y,0.004838665507673621
ours,v_y,0.010373000330398601
ours,v_y,0.004115792242057711
ours,v_y,0.008140994810139584
ours,v_y,0.004815962199093332
ours,v_y,0.0038354932973087077
ours,v_y,0.00041816565174946155
ours,v_y,-0.0011317404336416911
ours,v_y,-0.0009823423031785489
ours,v_y,-0.0011969047447787373
ours,v_y,-0.0005420508580762512
ours,v_y,0.00011256017596259285
ours,v_y,0.0006543929819768819
ours,v_y,0.004009137039488787
ours,v_y,0.001782390212138274
ours,v_y,0.005196537869915849
ours,v_y,0.003184173292143026
ours,v_y,0.005813073634466884
ours,v_y,0.005859614554030123
ours,v_y,0.004165058673272458
ours,v_y,0.009582862265182748
ours,v_y,0.01531415607781672
ours,v_y,0.0037131296948161663
ours,v_y,0.0017691101472235987
ours,v_y,0.004636475806771869
ours,v_y,0.0011613280927529022
ours,v_y,-0.0003003979903691001
ours,v_y,-0.0008563599870576658
ours,v_y,-0.002201722919864431
ours,v_y,-0.0002877958998870403
ours,v_y,0.0014464137837869318
ours,v_y,0.0019609011883161206
ours,v_y,0.006100161967110329
ours,v_y,0.013823451024670752
ours,v_y,0.005888162705226865
ours,v_y,0.012122874706836775
ours,v_y,0.016283600803458847
ours,v_y,0.00516237633850357
ours,v_y,0.0032895109325675152
ours,v_y,0.0014067218124765787
ours,v_y,0.0010316691938415182
ours,v_y,0.0010202525726698795
ours,v_y,0.0021627280716216
ours,v_y,0.00233017374468146
ours,v_y,0.0010713411947613641
ours,v_y,-0.0010264246492137693
ours,v_y,0.003338278093823782
ours,v_y,0.011809553230221176
ours,v_y,0.008438729981269918
ours,v_y,0.021206782602385593
ours,v_y,0.02562556410082492
ours,v_y,0.03032900665737734
ours,v_y,0.03194081298345103
ours,v_y,0.03293889508082126
ours,v_y,0.03553947602712526
ours,v_y,0.035403191468734274
ours,v_y,0.033197288225225524
ours,v_y,0.035055738993372165
ours,v_y,0.03531027178798396
ours,v_y,0.03839779816591249
ours,v_y,0.03705260731622373
ours,v_y,0.020053248576810623
ours,v_y,0.049318626472716565
ours,v_y,0.023112226423238236
ours,v_y,0.03983850170459019
ours,v_y,0.01922087220152352
ours,v_y,0.03994298481694464
ours,v_y,0.020320039589214467
ours,v_y,0.043540778316498774
ours,v_y,0.04648157421888177
ours,v_y,0.02659675987678317
ours,v_y,0.04948370410193287
ours,v_y,0.0521323267004164
ours,v_y,0.025455290011041798
ours,v_y,0.05136494589390567
ours,v_y,0.027267401271938718
ours,v_y,0.05313268582718683
ours,v_y,0.028081385206340737
ours,v_y,0.04150728051240271
ours,v_y,0.03254389980011774
ours,v_y,0.07301763639539216
ours,v_y,0.03578993515017359
ours,v_y,0.06646854543902281
ours,v_y,0.04108209198702539
ours,v_y,0.028734133741119994
ours,v_y,0.06698303305567604
ours,v_y,0.05322550587207214
ours,v_y,0.042444736368501934
ours,v_y,0.06715996734680219
ours,v_y,0.031181963949687752
ours,v_y,0.0419238627993862
ours,v_y,0.051209296214775823
ours,v_y,0.05019012012447516
ours,v_y,0.08799224372114456
ours,v_y,0.10621600204667109
ours,v_y,0.04291106246945836
ours,v_y,0.048290657051664854
ours,v_y,0.0541659070024158
ours,v_y,0.02410093806294694
ours,v_y,0.06572750920314352
ours,v_y,0.03947028156838678
ours,v_y,0.03782683778686624
ours,v_y,0.03785523307246039
ours,v_y,0.04201765175605815
ours,v_y,0.07268982942518742
ours,v_y,0.06113762958740651
ours,v_y,0.02546098548366446
ours,v_y,0.020682853417417463
ours,v_y,0.028029219175186804
ours,v_y,0.02403920220707878
ours,v_y,0.07111662293419352
ours,v_y,0.020304303712794347
ours,v_y,0.026532494601597345
ours,v_y,0.06271531026450916
ours,v_y,0.06287392778260048
ours,v_y,0.06954772989507085
ours,v_y,0.08613596456999417
ours,v_y,0.029794258009080976
ours,v_y,0.028229284507310937
ours,v_y,0.11262351703429518
ours,v_y,0.02714482496914819
ours,v_y,0.04369629931696878
ours,v_y,0.020546272623515466
ours,v_y,0.038912812465084406
ours,v_y,0.05869451463785863
ours,v_y,0.08500521978379338
ours,v_y,0.04580606311753835
ours,v_y,0.018738689448906692
ours,v_y,0.03941590633669251
ours,v_y,0.02649888701650424
ours,v_y,0.04549061564426379
ours,v_y,0.06406642020188458
ours,v_y,0.08046496238089151
ours,v_y,0.03143225820055609
ours,v_y,0.025482047912590844
ours,v_y,0.02160797283252841
ours,v_y,0.014402160554208149
ours,v_y,0.0055293601924233104
ours,v_y,0.0064858261812587095
ours,v_y,0.002275354682330394
ours,v_y,0.0015676629141608035
ours,v_y,-0.0003193688371217196
ours,v_y,-0.004828839882180327
ours,v_y,-0.003571725394468893
ours,v_y,-0.009967113195243123
ours,v_y,-0.005951338929989596
ours,v_y,-0.015261301888148483
ours,v_y,-0.016090954283653272
ours,v_y,-0.018319182658816532
ours,v_y,-0.025993322292124144
ours,v_y,-0.02293007685125953
ours,v_y,-0.014785334111644122
ours,v_y,-0.039904377893575815
ours,v_y,-0.031241012522584516
ours,v_y,-0.017222815637916444
ours,v_y,-0.04115043040369021
ours,v_y,-0.020733181806386225
ours,v_y,-0.08202548088664846
ours,v_y,-0.0990014583066432
ours,v_y,-0.058131095502272745
ours,v_y,-0.03114072403684609
ours,v_y,-0.0533349896804563
ours,v_y,-0.03133864334324238
ours,v_y,-0.0329269025200013
ours,v_y,-0.1246677964500108
ours,v_y,-0.034987559947023184
ours,v_y,-0.07669519026712174
ours,v_y,-0.08242752432401201
ours,v_y,-0.08825416778139855
ours,v_y,-0.03601740430540701
ours,v_y,-0.039680196177770855
ours,v_y,-0.14205647660682919
ours,v_y,-0.0346816503468389
ours,v_y,-0.07887845218632872
ours,v_y,-0.03665156196425612
ours,v_y,-0.07670257543908943
ours,v_y,-0.1089337092055378
ours,v_y,-0.03845622695071854
ours,v_y,-0.06380831643753543
ours,v_y,-0.06405196359375276
ours,v_y,-0.05944258749354647
ours,v_y,-0.030298930609034158
ours,v_y,-0.060578173429605475
ours,v_y,-0.0310435531347939
ours,v_y,-0.05550661957950698
ours,v_y,-0.08518896978353846
ours,v_y,-0.05999487643173851
ours,v_y,-0.05678002280799366
ours,v_y,-0.06562458424752882
ours,v_y,-0.06371908072141386
ours,v_y,-0.062230192559117437
ours,v_y,-0.07073281261198089
ours,v_y,-0.07496970720622603
ours,v_y,-0.1228790291728582
ours,v_y,-0.06449852779690696
ours,v_y,-0.06633880233208883
ours,v_y,-0.06690754238118135
ours,v_y,-0.07138351916275487
ours,v_y,-0.06728460521017521
ours,v_y,-0.06456756934498636
ours,v_y,-0.035792598966884526
ours,v_y,-0.06375661302591046
ours,v_y,-0.03313614522519659
ours,v_y,-0.07210418361653304
ours,v_y,-0.03460763525503702
ours,v_y,-0.07042317637875295
ours,v_y,-0.035156208137814504
ours,v_y,-0.0733185858581295
ours,v_y,-0.03600950184880658
ours,v_y,-0.07345492468642884
ours,v_y,-0.07857072359376904
ours,v_y,-0.07082145175204446
ours,v_y,-0.06994954477836851
ours,v_y,-0.06921622330273725
ours,v_y,-0.062200289993623814
ours,v_y,-0.07394885540562546
ours,v_y,-0.06747906200733145
ours,v_y,-0.06270637131885243
ours,v_y,-0.03858799641763028
ours,v_y,-0.08207853795376241
ours,v_y,-0.10798092334003562
ours,v_y,-0.07457088129851941
ours,v_y,-0.03631249173468237
ours,v_y,-0.14223850331438775
ours,v_y,-0.03387769875288288
ours,v_y,-0.03459555223477512
ours,v_y,-0.056408250705232255
ours,v_y,-0.15338609342574616
ours,v_y,-0.07836103642535941
ours,v_y,-0.16216881683496198
ours,v_y,-0.03424706173518116
ours,v_y,-0.07187911763960397
ours,v_y,-0.034201291449504456
ours,v_y,-0.07018862155178762
ours,v_y,-0.10482358719005919
ours,v_y,-0.07114427417110952
ours,v_y,-0.07422973931497961
ours,v_y,-0.08422598096192563
ours,v_y,-0.03428275632841771
ours,v_y,-0.11299711762297793
ours,v_y,-0.06699600681007878
ours,v_y,-0.02932398452399193
ours,v_y,-0.061540884176230715
ours,v_y,-0.059361281163311574
ours,v_y,-0.05776191441448664
ours,v_y,-0.05896032957398978
ours,v_y,-0.05107305056717254
ours,v_y,-0.05317779968471692
ours,v_y,-0.0510698860499364
ours,v_y,-0.04676446797057485
ours,v_y,-0.04176300075847056
ours,v_y,-0.02151110305954884
ours,v_y,-0.03673616919010453
ours,v_y,-0.018702293959564853
ours,v_y,-0.032143368156038465
ours,v_y,-0.016076575384962183
ours,v_y,-0.031678433214188395
ours,v_y,-0.019965312813933656
ours,v_y,-0.027697650831465276
ours,v_y,-0.013330895716382712
ours,v_y,-0.02618328573389883
ours,v_y,-0.016253189474916954
ours,v_y,-0.009378434500570063
ours,v_y,-0.006796718823680992
ours,v_y,-0.0032580397966598847
ours,v_y,-0.004856262177444927
ours,v_y,-0.0021020422844184664
ours,v_y,-0.0024473910432862636
ours,v_y,-0.0142008858058979
ours,v_y,-0.0011050165148794172
ours,v_y,-0.0036724034920178894
ours,v_y,-0.0019206757396931506
ours,v_y,-0.00434207896531677
ours,v_y,-0.008632436009641184
ours,v_y,-0.00469225947749248
ours,v_y,-0.005308343782266134
ours,v_y,-0.011674586264170048
ours,v_y,-0.011936561728469547
ours,v_y,-0.00941972636887374
ours,v_y,-0.0069503244267679065
ours,v_y,-0.00881254871074802
ours,v_y,-0.004701537956496055
ours,v_y,-0.008802564272461344
ours,v_y,-0.011070515272907672
ours,v_y,-0.011986807960392837
ours,v_y,-0.016099972009942898
ours,v_y,-0.016260270366962343
ours,v_y,-0.008060842622517411
ours,v_y,-0.017480024601067762
ours,v_y,-0.00915275728958953
ours,v_y,-0.01882965839526657
ours,v_y,-0.010581678362369451
ours,v_y,-0.0218218464559215
ours,v_y,-0.012351322045761948
ours,v_y,-0.025379667058386124
ours,v_y,-0.02873887008750564
ours,v_y,-0.031594674010821056
ours,v_y,-0.02678990730001496
ours,v_y,-0.029284170817513555
ours,v_y,-0.034571241156617694
ours,v_y,-0.03540095724541875
ours,v_y,-0.06334077112974967
ours,v_y,-0.04244201567034006
ours,v_y,-0.02186651390741967
ours,v_y,-0.044961729715374044
ours,v_y,-0.02074608843879494
ours,v_y,-0.04458906632952875
ours,v_y,-0.018473540626097962
ours,v_y,-0.0392282496617441
ours,v_y,-0.03452526437950576
ours,v_y,-0.016595701176625788
ours,v_y,-0.03743650438385715
ours,v_y,-0.01687411867256655
ours,v_y,-0.03436673497913889
ours,v_y,-0.01816338478786761
ours,v_y,-0.04437996913001174
ours,v_y,-0.043453062510890594
ours,v_y,-0.045268685007603504
ours,v_y,-0.04497189264953361
ours,v_y,-0.03774399743057888
ours,v_y,-0.005275107563992409
ours,v_y,-0.05061300251452472
ours,v_y,-0.029254290500176583
ours,v_y,-0.0738991842101806
ours,v_y,-0.03482715162002692
ours,v_y,-0.07225669208759822
ours,v_y,-0.03321671090231426
ours,v_y,-0.0656225257868901
ours,v_y,-0.055653836052952155
ours,v_y,-0.05056865305419822
ours,v_y,-0.021029923283790275
ours,v_y,-0.04157084654454002
ours,v_y,-0.03625722815581267
ours,v_y,-0.03637284226082038
ours,v_y,-0.02437005497352418
ours,v_y,-0.048657610505002946
ours,v_y,-0.026985766928607435
ours,v_y,-0.06342817492827535
ours,v_y,-0.11665391655939628
ours,v_y,-0.0696771720218553
ours,v_y,-0.03419940150839451
ours,v_y,-0.06653074534846004
ours,v_y,-0.03185659596986534
ours,v_y,-0.034236732365403255
ours,v_y,-0.03716453848368273
ours,v_y,-0.07066083838284187
ours,v_y,-0.030074878598883137
ours,v_y,-0.05999368046641185
ours,v_y,-0.025883394969714257
ours,v_y,-0.025075293281318745
ours,v_y,-0.039539471904737
ours,v_y,-0.021099832520217632
ours,v_y,-0.022485157286831814
ours,v_y,-0.018830885609661063
ours,v_y,-0.01583384633456625
ours,v_y,-0.04288305120863428
ours,v_y,-0.015608827719942375
ours,v_y,-0.01710055777948727
ours,v_y,-0.040413099033737354
ours,v_y,-0.023007313991070366
ours,v_y,-0.02850873321285219
ours,v_y,-0.1172452791485672
ours,v_y,-0.030412407276113163
ours,v_y,-0.027264047058146335
ours,v_y,-0.025757458363963592
ours,v_y,-0.024090811334994577
ours,v_y,-0.010641815949365308
ours,v_y,-0.01941869837357546
ours,v_y,-0.01983398922631724
ours,v_y,-0.010413676944513839
ours,v_y,-0.02062172857113853
ours,v_y,-0.0115257989690484
ours,v_y,-0.022103553567106027
ours,v_y,-0.011453402166491794
ours,v_y,-0.02542550300404825
ours,v_y,-0.021467196285963663
ours,v_y,-0.020810779193469853
ours,v_y,-0.017468840827575854
ours,v_y,-0.013532286716232494
ours,v_y,-0.005196958360322301
ours,v_y,-0.009028489517742391
ours,v_y,-0.0038156245299256486
ours,v_y,-0.005550359967906163
ours,v_y,-0.0015886643300551812
ours,v_y,-0.0031938071917921307
ours,v_y,-0.0004748621576935036
ours,v_y,-0.0006822156393053863
ours,v_y,0.0005771327687255218
ours,v_y,0.0021273469343691537
ours,v_y,0.002621852961973939
ours,v_y,0.004234559224675104
ours,v_y,0.0066366311745271675
ours,v_y,0.005586309005594245
ours,v_y,0.0058195526292389825
ours,v_y,0.005138364926595307
ours,v_y,0.004064789705543914
ours,v_y,0.005268365333990013
ours,v_y,0.002955974197321354
ours,v_y,0.0009429207061446634
ours,v_y,0.0014183516867803045
ours,v_y,0.003742035604035958
ours,v_y,0.0016659058352365523
ours,v_y,0.004755677038449254
ours,v_y,0.0022870346454909977
ours,v_y,0.005478052633501283
ours,v_y,0.0025634718111482296
ours,v_y,0.005227676541405459
ours,v_y,0.0027700812427990835
ours,v_y,0.008014092214109224
ours,v_y,0.0022553268374940275
ours,v_y,0.003104732099304265
ours,v_y,0.003917799066718415
ours,v_y,0.004314901053717769
ours,v_y,0.001326402176283166
ours,v_y,0.0017585123514753977
ours,v_y,0.007276288551873539
ours,v_y,0.0019112913253121096
ours,v_y,0.00403543564265561
ours,v_y,0.0019858044448307806
ours,v_y,0.0035060576975729577
ours,v_y,0.003427387173148881
ours,v_y,0.010852966342630135
ours,v_y,0.005864977630011717
ours,v_y,0.0013172770257973213
ours,v_y,0.0038435338598627466
ours,v_y,0.003460362973632322
ours,v_y,0.003881139513594742
ours,v_y,0.006714916448288269
ours,v_y,0.004484672415268606
ours,v_y,0.0013453080956235333
ours,v_y,0.006318707795635266
ours,v_y,0.002882906633206582
ours,v_y,0.007047942633338793
ours,v_y,0.001990915832949032
ours,v_y,0.0014265836616701305
ours,v_y,0.0040378418395352784
ours,v_y,0.0019674617870631544
ours,v_y,0.0029985383652086917
ours,v_y,0.0014317836834709871
ours,v_y,0.002433344719439616
ours,v_y,0.001227600899105917
ours,v_y,0.0008947945498472276
ours,v_y,0.0015398901908273283
ours,v_y,0.001340101303684997
ours,v_y,0.0009505779597642761
ours,v_y,0.0006291585913949446
ours,v_y,0.001953544534934598
ours,v_y,0.0010306377640907707
ours,v_y,0.002350686421540689
ours,v_y,0.001358790543303734
ours,v_y,0.003367951145710979
ours,v_y,0.0017027143087838918
ours,v_y,0.003967791141035598
ours,v_y,0.0015782320417924052
ours,v_y,0.002862081962326249
ours,v_y,0.003768294415178515
ours,v_y,0.002010725160706859
ours,v_y,0.0015996680765962973
ours,v_y,0.0009121183457419212
ours,v_y,0.0014091013293100613
ours,v_y,0.0007407185857188844
ours,v_y,0.005903006253203301
ours,v_y,0.009031850506138656
ours,v_y,0.001068992766609985
ours,v_y,0.0022939664641700615
ours,v_y,0.0011120156838573814
ours,v_y,-0.0006950324281672429
ours,v_y,-0.00019534853397127488
ours,v_y,-0.0003631006425644581
ours,v_y,0.0026557903740534045
ours,v_y,0.0014823904417163927
ours,v_y,-0.0008724685827777717
ours,v_y,-0.0027004164254300633
ours,v_y,-0.008445709890838551
ours,v_y,-0.018911092462077533
ours,v_y,-0.03214788137019842
ours,v_y,-0.021841159295448415
ours,v_y,-0.011735561109849163
ours,v_y,-0.024211632494866242
ours,v_y,-0.012861416406585724
ours,v_y,-0.0310425340591437
ours,v_y,-0.04279986885635151
ours,v_y,-0.03289835462826768
ours,v_y,-0.02893315141773478
ours,v_y,-0.03778250751574913
ours,v_y,-0.03691303200526708
ours,v_y,-0.03791210542053314
ours,v_y,-0.039062632977457934
ours,v_y,-0.03923748075774475
ours,v_y,-0.039578861162153145
ours,v_y,-0.04122227415273
ours,v_y,-0.03908606405766479
ours,v_y,-0.04095036813303554
ours,v_y,-0.04063772297159407
ours,v_y,-0.050886048249772664
ours,v_y,-0.046866630328677605
ours,v_y,-0.04975124792986063
ours,v_y,-0.04816451839164304
ours,v_y,-0.03639088469084306
ours,v_y,-0.031745171551451956
ours,v_y,-0.04984832483769297
ours,v_y,-0.028789587304811626
ours,v_y,-0.055673723592846724
ours,v_y,-0.03255773179792498
ours,v_y,-0.09010139020239782
ours,v_y,-0.02363229436279146
ours,v_y,-0.05733425728895414
ours,v_y,-0.060569709232461744
ours,v_y,-0.0726663892173508
ours,v_y,-0.07869385351158831
ours,v_y,-0.033808913182927225
ours,v_y,-0.0646192462124292
ours,v_y,-0.031087954302396303
ours,v_y,-0.0631593347658338
ours,v_y,-0.030400036149101584
ours,v_y,-0.05235671154086341
ours,v_y,-0.028601387161675818
ours,v_y,-0.05985268485401252
ours,v_y,-0.027739297047693512
ours,v_y,-0.052939711785724874
ours,v_y,-0.06570203812293862
ours,v_y,-0.05108163612409533
ours,v_y,-0.02876225293277901
ours,v_y,-0.10007889621198007
ours,v_y,-0.02812413137633263
ours,v_y,-0.05901010417524655
ours,v_y,-0.07572703365725364
ours,v_y,-0.057890008945758686
ours,v_y,-0.07937153895557725
ours,v_y,-0.04125936894267812
ours,v_y,-0.05333484711222847
ours,v_y,-0.04323629629562664
ours,v_y,-0.025300070687713117
ours,v_y,-0.0638428070381537
ours,v_y,-0.025159405014278047
ours,v_y,-0.02633275523251649
ours,v_y,-0.10359299167788116
ours,v_y,-0.041737095314619554
ours,v_y,-0.03777213295545567
ours,v_y,-0.08068902202330708
ours,v_y,-0.08085460814259393
ours,v_y,-0.02803412129017957
ours,v_y,-0.02305981133902507
ours,v_y,-0.026453961863095454
ours,v_y,-0.015415878600553046
ours,v_y,-0.0578820045449685
ours,v_y,-0.01208481265344552
ours,v_y,-0.006213172959261881
ours,v_y,-0.026679971556994198
ours,v_y,-0.04701279306069628
ours,v_y,-0.044225570649554735
ours,v_y,-0.03635929460095799
ours,v_y,-0.029160730628061904
ours,v_y,-0.023289794089593557
ours,v_y,-0.012871629799221074
ours,v_y,-0.005101204726050648
ours,v_y,-0.0024867640525625956
ours,v_y,0.00016006684192591825
ours,v_y,-0.003961215523009737
ours,v_y,-0.0069509301842651805
ours,v_y,-0.012157045641591369
ours,v_y,-0.006562780784349742
ours,v_y,-0.012754455088992728
ours,v_y,-0.007252669354630953
ours,v_y,-0.016152844714753756
ours,v_y,-0.008755614654986282
ours,v_y,-0.017922428374765154
ours,v_y,-0.01624609853436315
ours,v_y,-0.013482331672661135
ours,v_y,-0.013589429546646353
ours,v_y,-0.013165269325132761
ours,v_y,-0.005936361964718029
ours,v_y,-0.012082084919227853
ours,v_y,-0.006062976183230512
ours,v_y,-0.01236549352067659
ours,v_y,-0.006664114323455345
ours,v_y,-0.013446792311278571
ours,v_y,-0.014276951446503483
ours,v_y,-0.01294219229903354
ours,v_y,-0.014032605495754108
ours,v_y,-0.012465765885172897
ours,v_y,-0.011512724443762057
ours,v_y,-0.017922744797240958
ours,v_y,-0.005777732325839308
ours,v_y,-0.010455889824747683
ours,v_y,-0.011432427574130904
ours,v_y,-0.0128079386375472
ours,v_y,-0.025506280559575878
ours,v_y,-0.0373769076260409
ours,v_y,-0.02008739438831006
ours,v_y,-0.016026009015975257
ours,v_y,-0.01287789710442222
ours,v_y,-0.002377610207705494
ours,v_y,-0.0036006615502098827
ours,v_y,0.004056849764490347
ours,v_y,0.0011055730077082424
ours,v_y,0.0037398928053168634
ours,v_y,-0.007939930961515573
ours,v_y,-0.018694085929157556
ours,v_y,-0.026079217072541933
ours,v_y,-0.011930619897392553
ours,v_y,-0.017447023749916968
ours,v_y,-0.006077231950234088
ours,v_y,-0.005739180296089677
ours,v_y,4.863924963650901e-05
ours,v_y,0.0012788783539805365
ours,v_y,0.012682421231982127
ours,v_y,0.0035249274764109773
ours,v_y,-0.0010049436421191993
ours,v_y,-0.005589423105960889
ours,v_y,-0.007831600807943428
ours,v_y,-0.003576803546694138
ours,v_y,-0.006734736963804236
ours,v_y,-0.007846465847370601
ours,v_y,-0.005320154288245671
ours,v_y,-0.003208706680924975
ours,v_y,0.000411822855977545
ours,v_y,-0.002928051415784866
ours,v_y,0.001522088796840522
ours,v_y,0.0011160788433742103
ours,v_y,0.0006122581044031364
ours,v_y,0.00042113291618769977
ours,v_y,0.00012826965449490996
ours,v_y,5.450436788442814e-05
ours,v_y,-0.0004343936505459278
ours,v_y,0.00012199575055303613
ours,v_y,-0.0003046083556697485
ours,v_y,0.0016833878964149299
ours,v_y,0.0005452758517408528
ours,v_y,0.0016360788615225816
ours,v_y,0.0015120065381176925
ours,v_y,0.008833535967400054
ours,v_y,0.00202908199478465
ours,v_y,0.0057574508062106546
ours,v_y,0.003907596091358229
ours,v_y,0.008621291160338461
ours,v_y,0.022930296396790645
ours,v_y,0.019265539948113197
ours,v_y,0.020312800001178993
ours,v_y,0.023342268156054113
ours,v_y,0.02606678606758389
ours,v_y,0.027507221850231495
ours,v_y,0.028487317670404133
ours,v_y,0.014905644951296398
ours,v_y,0.03187302707433748
ours,v_y,0.03315638915179042
ours,v_y,0.03828864014856059
ours,v_y,0.03372776310934866
ours,v_y,0.03985275488127771
ours,v_y,0.04706278369344591
ours,v_y,0.05289438703478655
ours,v_y,0.05622243312909447
ours,v_y,0.030085431364943294
ours,v_y,0.06655038251482281
ours,v_y,0.030340771373935205
ours,v_y,0.0448216845637327
ours,v_y,0.02158474490292317
ours,v_y,0.05562199798533607
ours,v_y,0.048833159952994254
ours,v_y,0.04063542412421067
ours,v_y,0.0444671075496198
ours,v_y,0.041593414530206596
ours,v_y,0.10205494018045846
ours,v_y,0.03217383617799352
ours,v_y,0.021886365164702437
ours,v_y,0.08477916225573678
ours,v_y,0.03381491611498977
ours,v_y,0.0672460647386614
ours,v_y,0.14255711196176857
ours,v_y,0.08222540796606667
ours,v_y,0.017865039650764594
ours,v_y,0.007758964874546078
ours,v_y,0.007771988770542749
ours,v_y,0.0036054497004604
ours,v_y,0.010775234354845951
ours,v_y,0.009076232132317539
ours,v_y,-0.006342868979972119
ours,v_y,-0.003733104802078502
ours,v_y,-0.013930121025898481
ours,v_y,-0.015331772112399278
ours,v_y,-0.01710951381704562
ours,v_y,-0.020130398533576316
ours,v_y,-0.01689121909414512
ours,v_y,-0.007710291914370837
ours,v_y,-0.020159443095707857
ours,v_y,-0.009885129375041296
ours,v_y,-0.026231298752462773
ours,v_y,-0.013665934245402245
ours,v_y,-0.03385190418295947
ours,v_y,-0.0375233886765996
ours,v_y,-0.04679459603911368
ours,v_y,-0.03829381302739693
ours,v_y,-0.04122872826207402
ours,v_y,-0.04999867225832333
ours,v_y,-0.07731643100315633
ours,v_y,-0.0467874625391278
ours,v_y,-0.0303894605422953
ours,v_y,-0.0645408982886283
ours,v_y,-0.03339914688787837
ours,v_y,-0.07187232060220727
ours,v_y,-0.033744641038895185
ours,v_y,-0.03920992908208054
ours,v_y,-0.21153198480045976
ours,v_y,-0.08079362563623771
ours,v_y,-0.05700806804687464
ours,v_y,-0.05136881414568051
ours,v_y,-0.053857809753359465
ours,v_y,-0.024701576803161096
ours,v_y,-0.020620318871692744
ours,v_y,-0.07593481797937962
ours,v_y,-0.040995034430056254
ours,v_y,-0.042178580564143586
ours,v_y,-0.046873948942357524
ours,v_y,-0.05606140802893911
ours,v_y,-0.026098407368889798
ours,v_y,-0.05566441290414581
ours,v_y,-0.01963919653673457
ours,v_y,-0.03479526350166218
ours,v_y,-0.012016577382186033
ours,v_y,-0.01429312505076144
ours,v_y,-0.013280026918557591
ours,v_y,-0.00863421845491083
ours,v_y,-0.002657610746967215
ours,v_y,-0.004236969742359806
ours,v_y,-0.0037298072704218116
ours,v_y,-0.0016579823084895383
ours,v_y,-0.003215501183590109
ours,v_y,-0.0005804006362613977
ours,v_y,-0.0012090960113712579
ours,v_y,0.0010842487025087087
ours,v_y,0.0038085333914408617
ours,v_y,0.008216106896722634
ours,v_y,0.008515931959331792
ours,v_y,0.010970051325674468
ours,v_y,0.01718432641857487
ours,v_y,0.018727265935201604
ours,v_y,0.01920770338477462
ours,v_y,0.026895270725620923
ours,v_y,0.0275632972935137
ours,v_y,0.02876738029410919
ours,v_y,0.06614004913015298
ours,v_y,0.03660119911209542
ours,v_y,0.03922166516068054
ours,v_y,0.04039862581700643
ours,v_y,0.04654281353669387
ours,v_y,0.021583887589914807
ours,v_y,0.04396018116888645
ours,v_y,0.02298281945787506
ours,v_y,0.04227399450189229
ours,v_y,0.02571021301073506
ours,v_y,0.025251741939647465
ours,v_y,0.10569363984543079
ours,v_y,0.03833464073595377
ours,v_y,0.05840596126080316
ours,v_y,0.05613960803034701
ours,v_y,0.05082317221173521
ours,v_y,0.02681742077983168
ours,v_y,0.02744166835764289
ours,v_y,0.09495714392314913
ours,v_y,0.02605015276580669
ours,v_y,0.06521857225028971
ours,v_y,0.01400341258770682
ours,v_y,0.07034707996753176
ours,v_y,0.08079832469015491
ours,v_y,0.08236257336381392
ours,v_y,0.07120274045398989
ours,v_y,0.02077876136568857
ours,v_y,0.06594356360366727
ours,v_y,0.040798650960164606
ours,v_y,0.055596726849775846
ours,v_y,0.07100013455694798
ours,v_y,0.02367707656685819
ours,v_y,0.03596270126566259
ours,v_y,0.03935864261058808
ours,v_y,0.0266960081012646
ours,v_y,0.04675021161897855
ours,v_y,0.009270659267755527
ours,v_y,0.018876111895503853
ours,v_y,0.013948127351906467
ours,v_y,0.01336924388132335
ours,v_y,0.02627613844991907
ours,v_y,0.017449586992477874
ours,v_y,-0.0037935446677273416
ours,v_y,-0.009769244703062875
ours,v_y,-0.019532669094858013
ours,v_y,-0.018793650158589942
ours,v_y,-0.012873396691726852
ours,v_y,-0.04038083013646615
ours,v_y,-0.03147236143151538
ours,v_y,-0.031738801571488895
ours,v_y,-0.043127483898310115
ours,v_y,-0.021711553910290837
ours,v_y,-0.04660733877880108
ours,v_y,-0.049420277085926445
ours,v_y,-0.02885536487359447
ours,v_y,-0.04785594639503987
ours,v_y,-0.03124254162827267
ours,v_y,-0.04184528978971275
ours,v_y,-0.039252714302035585
ours,v_y,-0.1561775671346305
ours,v_y,-0.09856246870012342
ours,v_y,-0.09031791717773807
ours,v_y,-0.07773255735656048
ours,v_y,-0.08665490838738732
ours,v_y,-0.06461629205683772
ours,v_y,-0.0320820810932283
ours,v_y,-0.05696922448050318
ours,v_y,-0.025938967046809813
ours,v_y,-0.052415781047813303
ours,v_y,-0.0193297689823424
ours,v_y,-0.059177042172320116
ours,v_y,-0.026069118455460505
ours,v_y,-0.04623965801571461
ours,v_y,-0.04858876762476111
ours,v_y,-0.06689708131969141
ours,v_y,-0.0721610768092753
ours,v_y,-0.07322640334427866
ours,v_y,-0.0351460643897793
ours,v_y,-0.07330564427941777
ours,v_y,-0.03332225706909142
ours,v_y,-0.09852588207472024
ours,v_y,-0.06839716913642246
ours,v_y,-0.07551342289305141
ours,v_y,-0.06730222728510926
ours,v_y,-0.06906568900501298
ours,v_y,-0.07038479644805029
ours,v_y,-0.06025042487071397
ours,v_y,-0.04684084609376904
ours,v_y,-0.031240610087019116
ours,v_y,-0.0697109129768505
ours,v_y,-0.04846888711243974
ours,v_y,-0.05252119929442095
ours,v_y,-0.045167335675628084
ours,v_y,-0.04301474400563682
ours,v_y,-0.04479569491393193
ours,v_y,-0.04745719102474627
ours,v_y,-0.0508783716453437
ours,v_y,-0.04416950100356776
ours,v_y,-0.008385265392484298
ours,v_y,-0.0450521285149853
ours,v_y,-0.022002401200089228
ours,v_y,-0.047750672810282224
ours,v_y,-0.02307514898163987
ours,v_y,-0.033113675732332926
ours,v_y,-0.017044831849465425
ours,v_y,-0.02268081986233264
ours,v_y,-0.024294713745179525
ours,v_y,-0.023326253180316225
ours,v_y,-0.021863641327119793
ours,v_y,-0.01992513135606669
ours,v_y,-0.008243063231740677
ours,v_y,-0.008530422540592247
ours,v_y,-0.03815701679862191
ours,v_y,-0.004125092316202061
ours,v_y,-0.0066338062338981985
ours,v_y,-0.0017997130218593976
ours,v_y,-0.00047951849173595053
ours,v_y,0.0074938490462922586
ours,v_y,0.006227823522916176
ours,v_y,0.01505451015107405
ours,v_y,0.012267003111970681
ours,v_y,0.034703270455497176
ours,v_y,0.012021172368854416
ours,v_y,0.025487689604341945
ours,v_y,0.04979528563130586
ours,v_y,0.05432324060506449
ours,v_y,0.03654493952731808
ours,v_y,0.04934301836889243
ours,v_y,0.06208447447156762
ours,v_y,0.03585594276214121
ours,v_y,0.08353959887977025
ours,v_y,0.038849999386907474
ours,v_y,0.09959777655291902
ours,v_y,0.04875644536540058
ours,v_y,0.10275534447936385
ours,v_y,0.10066233559770033
ours,v_y,0.0840001463996004
ours,v_y,0.07134626147676593
ours,v_y,0.06453722869974482
ours,v_y,0.054080209552539005
ours,v_y,0.05082914789432924
ours,v_y,0.048401767342089785
ours,v_y,0.02592188308937582
ours,v_y,0.05767390465078259
ours,v_y,0.08187278422765504
ours,v_y,0.03133050449356456
ours,v_y,0.07191372051093248
ours,v_y,0.06806111410868787
ours,v_y,0.07303193870717639
ours,v_y,0.06531261481782935
ours,v_y,0.024541299061603794
ours,v_y,0.038578638342209454
ours,v_y,0.016783062753541245
ours,v_y,0.026441395114667476
ours,v_y,0.012058867678003751
ours,v_y,0.009267465385311535
ours,v_y,0.01864172292570762
ours,v_y,0.03776916043008802
ours,v_y,0.010736996984078304
ours,v_y,0.008850558380546526
ours,v_y,0.006644284554301804
ours,v_y,0.002277560179437253
ours,v_y,0.0039062263886297677
ours,v_y,0.010234226502324535
ours,v_y,0.002681595088169569
ours,v_y,0.006314851006569224
ours,v_y,0.008327653191273574
ours,v_y,0.0037859234314630355
ours,v_y,0.007689084351068881
ours,v_y,0.007761198355340296
ours,v_y,0.002332114422246793
ours,v_y,0.005128769847459426
ours,v_y,0.002281109561905279
ours,v_y,0.0040252907164095
ours,v_y,0.002114588068650147
ours,v_y,0.004137200423448897
ours,v_y,0.005339030365346046
ours,v_y,0.003989720712129346
ours,v_y,0.0019879834249127916
ours,v_y,0.00457695002374336
ours,v_y,0.0038646506819441304
ours,v_y,0.005211214380929884
ours,v_y,0.00565242578153452
ours,v_y,0.005514114466670234
ours,v_y,0.006121147598479442
ours,v_y,0.005277822861326533
ours,v_y,0.006622740183618127
ours,v_y,0.0051067234626953955
ours,v_y,0.0053504416159821785
ours,v_y,0.00508040257551365
ours,v_y,0.005547738137848126
ours,v_y,0.00469643627200539
ours,v_y,0.002476371355863271
ours,v_y,0.004849347514664396
ours,v_y,0.00213363459717391
ours,v_y,0.0037440283017708678
ours,v_y,0.002696341584109179
ours,v_y,0.0061256039538019336
ours,v_y,0.0029827852034513876
ours,v_y,0.0057639934022583605
ours,v_y,0.002455764710554484
ours,v_y,0.005181941562339861
ours,v_y,0.004338758350123631
ours,v_y,0.0037365407914019344
ours,v_y,0.00465489874920295
ours,v_y,0.006150263178684566
ours,v_y,0.003356995137189218
ours,v_y,0.006874144869028568
ours,v_y,0.004083605873150027
ours,v_y,0.017015428769880575
ours,v_y,0.003185893985107902
ours,v_y,0.005802945919079323
ours,v_y,0.006784737872420204
ours,v_y,0.005007626560197915
ours,v_y,0.004744162295189432
ours,v_y,0.001158372980418921
ours,v_y,0.0012555919378711596
ours,v_y,0.0029683732804655326
ours,v_y,0.0020147072103684632
ours,v_y,0.0035185311040864444
ours,v_y,0.004368299835154384
ours,v_y,0.005243733742289813
ours,v_y,0.007756773714893048
ours,v_y,0.011345349953160036
ours,v_y,0.004864011846927405
ours,v_y,0.004004077994650749
ours,v_y,0.0031074076047860853
ours,v_y,0.004789710184241243
ours,v_y,0.0030441576888810967
ours,v_y,0.006840995908573143
ours,v_y,0.001592206449927809
ours,v_y,0.0046446215236309735
ours,v_y,0.001027434158527879
ours,v_y,0.0016507109692251998
ours,v_y,0.0009377580807180888
ours,v_y,0.001500430027609738
ours,v_y,0.0009924182914922766
ours,v_y,0.0026414701755310133
ours,v_y,0.0021587565618604726
ours,v_y,0.0014496393390155266
ours,v_y,0.004380869598005811
ours,v_y,0.0023016276433259833
ours,v_y,0.008807530375921035
ours,v_y,0.005516378222933367
ours,v_y,0.005819076090726568
ours,v_y,0.004393341879970241
ours,v_y,0.0040347524098611805
ours,v_y,0.0051692179728070435
ours,v_y,0.003499158035643459
ours,v_y,0.001570809104666268
ours,v_y,0.002590838515048703
ours,v_y,0.0009532143034862127
ours,v_y,0.001205914018058779
ours,v_y,0.0023115043245265157
ours,v_y,0.002730572794875232
ours,v_y,0.0016797688560487474
ours,v_y,0.001260321797753327
ours,v_y,0.0008950643150699711
ours,v_y,0.0020202836509336485
ours,v_y,0.00111583161639223
ours,v_y,0.0014276976712092049
ours,v_y,0.0002526420665265004
ours,v_y,0.001165978753638039
ours,v_y,0.0019265976927899595
ours,v_y,0.0015580766974422969
ours,v_y,0.0025909763989422144
ours,v_y,0.001013271080902451
ours,v_y,-0.0007044441973648417
ours,v_y,0.0002645385564872607
ours,v_y,0.0007279931343956436
ours,v_y,5.1913488948958364e-05
ours,v_y,-0.0004336166460102778
ours,v_y,-0.0007949632960149167
ours,v_y,-0.0024362626131645623
ours,v_y,-0.002707956049634079
ours,v_y,-0.0014776984546386665
ours,v_y,0.0033198246176919383
ours,v_y,0.004468180482746852
ours,v_y,-0.00010784386110039221
ours,v_y,0.0006383758523286695
ours,v_y,-0.001241193430890332
ours,v_y,-0.0005314320886288804
ours,v_y,-0.0010495100018007436
ours,v_y,-0.0019038394550852378
ours,v_y,0.0009616487937224548
ours,v_y,0.0005266635650888543
ours,v_y,0.002035592265377157
ours,v_y,0.0017540582219165157
ours,v_y,0.0012076429142213081
ours,v_y,-0.0013792332199194651
ours,v_y,0.0035981745824929384
ours,v_y,-0.00010118310144987402
ours,v_y,0.00011732058688106173
ours,v_y,-0.003897100264190906
ours,v_y,-0.0037604284177037636
ours,v_y,-0.003197302252271751
ours,v_y,-0.0012444005767616936
ours,v_y,-0.008115879323091338
ours,v_y,-0.0010011484860473138
ours,v_y,-0.0004320400690464715
ours,v_y,-0.0010236346014156836
ours,v_y,-0.0016269344938775326
ours,v_y,-0.0014338672414713205
ours,v_y,-0.0004883019485582563
ours,v_y,-0.0008501265438368155
ours,v_y,-0.0022605854700172984
ours,v_y,-0.0027141467144899817
ours,v_y,-0.002093718534790054
ours,v_y,-0.0013390524088099653
ours,v_y,-0.00809683023942552
ours,v_y,-0.0005361244707173946
ours,v_y,-0.0011562815368307555
ours,v_y,-0.0008617624114131278
ours,v_y,-0.0008165802683043621
ours,v_y,-0.003017249095739208
ours,v_y,-0.0008989731308906013
ours,v_y,-0.003661826746001115
ours,v_y,-0.0019629851164351814
ours,v_y,-0.0028138560606229823
ours,v_y,-0.0014409657052200237
ours,v_y,-0.0030665540026559024
ours,v_y,-0.007377169112987789
ours,v_y,-0.0016104393729839545
ours,v_y,-0.002366441692008295
ours,v_y,-0.002460487405540085
ours,v_y,-0.006530994203548163
ours,v_y,-0.01494057103057922
ours,v_y,-0.010600800308499636
ours,v_y,-0.010496168427749364
ours,v_y,-0.011155116334520987
ours,v_y,-0.006215391335817916
ours,v_y,-0.013730405618770092
ours,v_y,-0.014303372578977541
ours,v_y,-0.017576910831596987
ours,v_y,-0.018843928455128084
ours,v_y,-0.02010180149781815
ours,v_y,-0.019256107916840487
ours,v_y,-0.019228341862833342
ours,v_y,-0.01600793070473197
ours,v_y,-0.015628191868155367
ours,v_y,-0.015137581562757657
ours,v_y,-0.013336785061637157
ours,v_y,-0.015717504855277203
ours,v_y,-0.012599246493552402
ours,v_y,-0.02008878774781417
ours,v_y,-0.029074860819273463
ours,v_y,-0.01598727397039823
ours,v_y,-0.036247916131130764
ours,v_y,-0.020754785199770448
ours,v_y,-0.043040192857322246
ours,v_y,-0.02164118536837012
ours,v_y,-0.045594656735572336
ours,v_y,-0.022501210196891053
ours,v_y,-0.044701028005189325
ours,v_y,-0.04335207159711768
ours,v_y,-0.041567059686359986
ours,v_y,-0.021027939845769783
ours,v_y,-0.07894648784624009
ours,v_y,-0.021801147157742118
ours,v_y,-0.02613863151913437
ours,v_y,-0.05587552929856887
ours,v_y,-0.026260485889738838
ours,v_y,-0.05479337368014392
ours,v_y,-0.1135402940183623
ours,v_y,-0.12905906175569348
ours,v_y,-0.06649663286987612
ours,v_y,-0.03191140880177168
ours,v_y,-0.06454954254990553
ours,v_y,-0.03521810700939809
ours,v_y,-0.0627553205959604
ours,v_y,-0.08824333316013999
ours,v_y,-0.05422941670826942
ours,v_y,-0.040920879348314065
ours,v_y,-0.03408662209179819
ours,v_y,-0.03913444059524257
ours,v_y,-0.11229780055572608
ours,v_y,-0.023268930920362974
ours,v_y,-0.07618914465514026
ours,v_y,-0.0767726927510326
ours,v_y,-0.07983147521395506
ours,v_y,-0.12315939779651242
ours,v_y,-0.0719124316619908
ours,v_y,-0.06329876871236861
ours,v_y,-0.058375280829579934
ours,v_y,-0.05007114984086264
ours,v_y,-0.070058281183631
ours,v_y,-0.05587327848999191
ours,v_y,-0.027875082065147883
ours,v_y,-0.07048884390476085
ours,v_y,-0.049298482297423785
ours,v_y,-0.032255847602093324
ours,v_y,-0.06211462709934856
ours,v_y,-0.029468485710676784
ours,v_y,-0.12339422918330806
ours,v_y,-0.1110098698986457
ours,v_y,-0.0838276890580234
ours,v_y,-0.03276940672632367
ours,v_y,-0.07438379619081736
ours,v_y,-0.032797891175828875
ours,v_y,-0.03366020479375709
ours,v_y,-0.14294481771082423
ours,v_y,-0.03670058923228092
ours,v_y,-0.0724335823592348
ours,v_y,-0.08186524031327058
ours,v_y,-0.055353624129304335
ours,v_y,-0.06574244630193349
ours,v_y,-0.036779435065575294
ours,v_y,-0.12433946532920603
ours,v_y,-0.0308886182608753
ours,v_y,-0.05558569136611968
ours,v_y,-0.02834973218452569
ours,v_y,-0.052297405401756314
ours,v_y,-0.05457631899224835
ours,v_y,-0.05426565080020801
ours,v_y,-0.052753624730357496
ours,v_y,-0.05271852607073685
ours,v_y,-0.06106833452707394
ours,v_y,-0.028148498075846462
ours,v_y,-0.062255427104052075
ours,v_y,-0.05774547902108823
ours,v_y,-0.05466292590539956
ours,v_y,-0.027046387138832007
ours,v_y,-0.05414226782485515
ours,v_y,-0.026450825505715203
ours,v_y,-0.058747822300908914
ours,v_y,-0.06367582366432867
ours,v_y,-0.053638794928003275
ours,v_y,-0.05461234442230717
ours,v_y,-0.03759352146938455
ours,v_y,-0.03174509334224265
ours,v_y,-0.03680558214111279
ours,v_y,-0.05469419321715846
ours,v_y,-0.06870335750920559
ours,v_y,-0.06610199266581096
ours,v_y,-0.051141065191830315
ours,v_y,-0.03733668673324339
ours,v_y,-0.033222347243821976
ours,v_y,-0.02485842708679302
ours,v_y,-0.02841698830144332
ours,v_y,-0.018754251261335314
ours,v_y,-0.008687778840091934
ours,v_y,-0.0183898895534058
ours,v_y,-0.008074539353640081
ours,v_y,-0.022955029375298808
ours,v_y,-0.006835684160503709
ours,v_y,-0.0265550545677668
ours,v_y,-0.008385310317038555
ours,v_y,-0.0057891924295376505
ours,v_y,-0.00998324102568935
ours,v_y,-0.009767172741209522
ours,v_y,-0.001309263316956983
ours,v_y,-0.006741629355091289
ours,v_y,0.0015328973693586184
ours,v_y,0.017320781515344524
ours,v_y,0.016088016459116394
ours,v_y,0.00946491143982453
ours,v_y,0.03791646061824294
ours,v_y,0.04696126218627977
ours,v_y,0.06386579994937147
ours,v_y,0.0314878400194632
ours,v_y,0.02656916515519553
ours,v_y,0.025402913919737313
ours,v_y,0.02457742327074225
ours,v_y,0.023364290229916984
ours,v_y,0.023258178375729632
ours,v_y,0.017765372926549533
ours,v_y,0.018624167690119375
ours,v_y,0.019190710246627524
ours,v_y,0.02091964034011784
ours,v_y,0.02092744622161738
ours,v_y,0.02047181320700503
ours,v_y,0.015957597367431575
ours,v_y,0.01197259543419657
ours,v_y,0.016241806241229062
ours,v_y,0.011201302185014195
ours,v_y,0.012726871404865447
ours,v_y,0.02825021253595797
ours,v_y,0.01135784908554438
ours,v_y,0.02323426577584009
ours,v_y,0.023116438852398113
ours,v_y,0.015343736305579087
ours,v_y,0.01791598457624237
ours,v_y,0.0032842340992674524
ours,v_y,-0.008845425919686609
ours,v_y,0.001453341829433713
ours,v_y,0.0056626417591215256
ours,v_y,0.03332204240053166
ours,v_y,0.010009811246089156
ours,v_y,0.0207786616283894
ours,v_y,0.01596575027586175
ours,v_y,0.008489384234921696
ours,v_y,0.0037932154612979885
ours,v_y,-0.000403807026328952
ours,v_y,-0.0009482368117891202
ours,v_y,-0.0011824692197580401
ours,v_y,-0.0097621061095793
ours,v_y,-0.002052532117965758
ours,v_y,-0.00597486362583095
ours,v_y,-0.0065982622733213765
ours,v_y,-0.006533946580075975
ours,v_y,-0.004988117417341955
ours,v_y,-0.002060470459864048
ours,v_y,-0.00749511396875429
ours,v_y,-0.0019361872245376756
ours,v_y,-0.0018521516532253555
ours,v_y,-0.0043264265047582365
ours,v_y,-0.0008959279736237662
ours,v_y,-0.002750311175640025
ours,v_y,-0.005455974172431893
ours,v_y,-0.0074787210402390385
ours,v_y,-0.005133074679804686
ours,v_y,-0.013636572878061567
ours,v_y,-0.016498305460921056
ours,v_y,-0.015933015803208217
ours,v_y,-0.012849812011074428
ours,v_y,-0.007941196775600255
ours,v_y,-0.017002332247631563
ours,v_y,-0.004953044744557714
ours,v_y,-0.007670080452994896
ours,v_y,-0.003586044238148203
ours,v_y,-0.0064115684911593045
ours,v_y,-0.0027395259357066936
ours,v_y,-0.005820942034348759
ours,v_y,-0.00746903875705269
ours,v_y,-0.005150415865116349
ours,v_y,-0.003574650435960516
ours,v_y,-0.0068194092732331525
ours,v_y,-0.007251634277193348
ours,v_y,-0.0077319140095267885
ours,v_y,-0.011204402586268687
ours,v_y,-0.005864962103362642
ours,v_y,-0.006239180213077959
ours,v_y,-0.007093702734431371
ours,v_y,-0.006763024127468022
ours,v_y,-0.003102979660180461
ours,v_y,-0.006057944256682152
ours,v_y,-0.012317433723459422
ours,v_y,-0.009739291832572718
ours,v_y,-0.006349169744972046
ours,v_y,-0.003061485796663474
ours,v_y,-0.005231439535306189
ours,v_y,-0.0033145699813842567
ours,v_y,-0.006025529845457549
ours,v_y,-0.005070640849357995
ours,v_y,-0.005515275348089115
ours,v_y,-0.0022308462807329663
ours,v_y,-0.0035756185045121604
ours,v_y,-0.009610420415486992
ours,v_y,-0.0018887573119262101
ours,v_y,-0.006578486682453982
ours,v_y,-0.006658780215312247
ours,v_y,-0.015422349995272908
ours,v_y,-0.00045229668901154707
ours,v_y,-0.0027170504166053114
ours,v_y,-0.0032768010745190604
ours,v_y,-1.7591263591659745e-05
ours,v_y,0.0012388027969991097
ours,v_y,0.007190361862467305
ours,v_y,0.0016967515811838196
ours,v_y,-0.0026410557644035715
ours,v_y,0.00400769305287043
ours,v_y,-0.018858827876708305
ours,v_y,-0.006289757969764796
ours,v_y,-0.01562500844288322
ours,v_y,-0.01353407523301824
ours,v_y,-0.011402342020278618
ours,v_y,-0.011297195029217463
ours,v_y,-0.01897589340557336
ours,v_y,-0.01634625184175751
ours,v_y,-0.00988101095825693
ours,v_y,-0.016327987333921094
ours,v_y,-0.03637941684712449
ours,v_y,-0.013251138462434269
ours,v_y,-0.013189508666556483
ours,v_y,-0.027384681820750933
ours,v_y,-0.022788432340599112
ours,v_y,0.021133446816029623
ours,v_y,0.08530049479825323
ours,v_y,0.017604498158942286
ours,v_y,0.012501038931441735
ours,v_y,0.01958387430659833
ours,v_y,0.0031995787345214174
ours,v_y,0.03536776898358128
ours,v_y,0.01641319346685137
ours,v_y,0.03128303821892141
ours,v_y,0.024887276062691394
ours,v_y,0.038276515122344396
ours,v_y,0.09184086516500001
ours,v_y,0.085065162159284
ours,v_y,0.051305838099306486
ours,v_y,0.020431572267146217
ours,v_y,0.03018995175261588
ours,v_y,0.01729140132375357
ours,v_y,0.00203034354974084
ours,v_y,-0.0019582945842503974
ours,v_y,0.0010345403838772425
ours,v_y,-0.0001262634996358732
ours,v_y,-0.0028509381113143084
ours,v_y,-0.0029657709522106328
ours,v_y,-0.0015184912221316224
ours,v_y,-0.00696869812956705
ours,v_y,-0.005475332755847745
ours,v_y,0.0013796898574534242
ours,v_y,0.0033042533760097824
ours,v_y,-0.003198362726435658
ours,v_y,-0.00927420494169627
ours,v_y,-0.012038078548340034
ours,v_y,-0.03750474599362791
ours,v_y,-0.010991750060200228
ours,v_y,-0.024255403014029883
ours,v_y,-0.013656608376025572
ours,v_y,-0.041173545411963414
ours,v_y,-0.06235026448808706
ours,v_y,-0.02255427738685284
ours,v_y,-0.04198830175873927
ours,v_y,-0.044208840276379446
ours,v_y,-0.051964851854635646
ours,v_y,-0.05086664296461152
ours,v_y,-0.027537606439099416
ours,v_y,-0.039728981926512946
ours,v_y,-0.02316067044224135
ours,v_y,-0.04468449716719525
ours,v_y,-0.04927804254190915
ours,v_y,-0.050474704476677124
ours,v_y,-0.04864541230581698
ours,v_y,-0.060237142930836984
ours,v_y,-0.048654287779085315
ours,v_y,-0.05309392600943158
ours,v_y,-0.06165614335557487
ours,v_y,-0.024190594494430367
ours,v_y,-0.052938141717530696
ours,v_y,-0.026200075026370784
ours,v_y,-0.051342414304222844
ours,v_y,-0.02482940717886542
ours,v_y,-0.05496614531650973
ours,v_y,-0.02393951248793663
ours,v_y,-0.05156215927991947
ours,v_y,-0.03283212627046245
ours,v_y,-0.05137960808712533
ours,v_y,-0.025826104564671992
ours,v_y,-0.047434324406481154
ours,v_y,-0.058283549130384915
ours,v_y,-0.054950192920152796
ours,v_y,-0.058821735025205935
ours,v_y,-0.023746827865943287
ours,v_y,-0.020252593651812867
ours,v_y,-0.09409269094007094
ours,v_y,-0.020636347542997424
ours,v_y,-0.029796373413558397
ours,v_y,-0.032536808820523455
ours,v_y,-0.034035120059373924
ours,v_y,-0.015252652316801008
ours,v_y,-0.014223353690858725
ours,v_y,-0.06466384793350458
ours,v_y,-0.014929076346894193
ours,v_y,-0.036971853634203106
ours,v_y,-0.014777734583909796
ours,v_y,-0.02843755206302062
ours,v_y,-0.028341335907592163
ours,v_y,-0.028868172304814005
ours,v_y,-0.027985849088244086
ours,v_y,-0.014471837789174907
ours,v_y,-0.027818423624567018
ours,v_y,-0.015497846837742801
ours,v_y,-0.02995107331966168
ours,v_y,-0.0477887348900842
ours,v_y,-0.01611199289719334
ours,v_y,-0.028281297312275716
ours,v_y,-0.03565246579648895
ours,v_y,-0.03145826552578779
ours,v_y,-0.02727260940896964
ours,v_y,-0.032962003634349535
ours,v_y,-0.015203297453754289
ours,v_y,-0.031952367018809796
ours,v_y,-0.030784691130837122
ours,v_y,-0.017038271450378173
ours,v_y,-0.034491438540851516
ours,v_y,-0.01885192893283333
ours,v_y,-0.03421869053275017
ours,v_y,-0.01708100334674212
ours,v_y,-0.04723229527798689
ours,v_y,-0.03591809885710129
ours,v_y,-0.03869728036246384
ours,v_y,-0.03900343991242089
ours,v_y,-0.03772946177259834
ours,v_y,-0.04005230702204238
ours,v_y,-0.04042857179135301
ours,v_y,-0.0399337679825848
ours,v_y,-0.02046049953882456
ours,v_y,-0.0482608524226798
ours,v_y,-0.03330750287692458
ours,v_y,-0.047142794377648845
ours,v_y,-0.0446618671877545
ours,v_y,-0.020306035391071953
ours,v_y,-0.041733529313677464
ours,v_y,-0.020583706159957804
ours,v_y,-0.04590676446440578
ours,v_y,-0.025463306512102823
ours,v_y,-0.07051091562656842
ours,v_y,-0.01698133587105194
ours,v_y,-0.025954116381004144
ours,v_y,-0.04577698862716578
ours,v_y,-0.03124925763031311
ours,v_y,-0.03814282731012525
ours,v_y,-0.009175349425928625
ours,v_y,-0.024603951144466008
ours,v_y,-0.012050746263062684
ours,v_y,-0.022593681219970185
ours,v_y,-0.06026149975553541
ours,v_y,-0.08006478849551302
ours,v_y,-0.04208106335621209
ours,v_y,-0.0827166096265472
ours,v_y,-0.058033561867193606
ours,v_y,-0.04111331037442184
ours,v_y,-0.03665643973586791
ours,v_y,-0.03580452240559365
ours,v_y,-0.03357554839169427
ours,v_y,-0.01576283377338028
ours,v_y,-0.034409869593407194
ours,v_y,-0.0405414564318084
ours,v_y,-0.018167271469535062
ours,v_y,-0.0417940070821069
ours,v_y,-0.03788522229543645
ours,v_y,-0.03523696328890413
ours,v_y,-0.07166189363889508
ours,v_y,-0.06290334000821896
ours,v_y,-0.029718706608574313
ours,v_y,-0.019601135869669897
ours,v_y,-0.0180625400361758
ours,v_y,0.0007260382289567113
ours,v_y,0.0021124165202804288
ours,v_y,-0.0007887844518173967
ours,v_y,2.0127286851429754e-05
ours,v_y,-0.0017932600466133326
ours,v_y,-0.010110194194562262
ours,v_y,-0.0018659202088820714
ours,v_y,0.008815822595520436
ours,v_y,-0.0038405246941923023
ours,v_y,-0.006961064005408941
ours,v_y,1.9953312402336927e-05
ours,v_y,-0.005401259689709825
ours,v_y,-0.0010537181997393769
ours,v_y,-0.004889734525807886
ours,v_y,-0.0012293500570481897
ours,v_y,0.0027325930988229483
ours,v_y,-0.00013827032149010127
ours,v_y,-0.0006708839801103979
ours,v_y,-0.0025508706589129175
ours,v_y,-0.005340992681549845
ours,v_y,-0.01211600559929702
ours,v_y,-0.002448528089226309
ours,v_y,0.0011130714738149666
ours,v_y,0.013240374988379017
ours,v_y,0.0016238498599927126
ours,v_y,0.00356047947473119
ours,v_y,0.0006005167427474145
ours,v_y,-0.0002539591824547993
ours,v_y,-0.0011207605707077573
ours,v_y,-0.0024301069672130853
ours,v_y,-0.0032287328005934663
ours,v_y,-0.0014334926910431808
ours,v_y,-0.0013249579553663762
ours,v_y,-0.0011925212961640553
ours,v_y,-0.002385928971333974
ours,v_y,-0.00022091632266489115
ours,v_y,-0.0008132641006750405
ours,v_y,-0.0007279758686383787
ours,v_y,-0.0007478065224842192
ours,v_y,-0.00031110417950893157
ours,v_y,-0.0002489249577988413
ours,v_y,0.00031303323549272677
ours,v_y,-3.1137672315523224e-05
ours,v_y,-0.0004629423544102902
ours,v_y,-0.002061980402139363
ours,v_y,-0.003603167341891488
ours,v_y,-0.00015507611474542722
ours,v_y,-0.000419775636896505
ours,v_y,-0.0005554689421419581
ours,v_y,-5.272163163148186e-05
ours,v_y,1.834278953205537e-05
ours,v_y,-0.0012010899531961772
ours,v_y,-0.00022081801339989687
ours,v_y,-0.0010030958773541553
ours,v_y,-0.0018651625820257436
ours,v_y,-0.0005726988985349062
ours,v_y,-0.0007821268697925272
ours,v_y,-0.0015097699774192855
ours,v_y,-0.0009747668123088124
ours,v_y,-0.0027450577215971557
ours,v_y,-0.001602921781282251
ours,v_y,-0.0025854506454981822
ours,v_y,-0.003324636040470473
ours,v_y,-0.0036918633401249942
ours,v_y,0.005922622630456738
ours,v_y,0.005260463362569502
ours,v_y,0.000195417145355304
ours,v_y,-0.0034880146314106887
ours,v_y,-0.0038691341458257957
ours,v_y,-0.029043280605230745
ours,v_y,0.0028692514321044995
ours,v_y,0.0001460584273999116
ours,v_y,0.006809823259055547
ours,v_y,-0.06715165533624515
ours,v_y,-0.021484310620585284
ours,v_y,-0.0029019779400222614
ours,v_y,0.003778994634837482
ours,v_y,0.006448589318455655
ours,v_y,0.03702915177064425
ours,v_y,0.007852342109586755
ours,v_y,0.01336018485493555
ours,v_y,0.004224888629902612
ours,v_y,0.0043936219200222705
ours,v_y,-0.0021434019919188106
ours,v_y,-0.017096338607591924
ours,v_y,-0.01999686426411197
ours,v_y,-0.0028746165525087575
ours,v_y,-0.0007742459732698759
ours,v_y,0.0021901308236678494
ours,v_y,0.0009780326094826486
ours,v_y,0.0014151250359651984
ours,v_y,0.005668560523939619
ours,v_y,0.002526274779756036
ours,v_y,0.0015831798601497402
ours,v_y,0.0034402310306712904
ours,v_y,0.0012029173400906895
ours,v_y,0.0008925859455881022
ours,v_y,0.0004968567831154722
ours,v_y,-0.0010624555613550982
ours,v_y,-0.0012965790668206384
ours,v_y,-0.0008180502235634688
ours,v_y,0.00042694606389918855
ours,v_y,0.0009736749040779409
ours,v_y,0.0012957929050531405
ours,v_y,0.0017220812238852405
ours,v_y,0.0005114834991993382
ours,v_y,0.006227780536458817
ours,v_y,0.005670677639248226
ours,v_y,0.0021167494756913936
ours,v_y,-0.004396421565220819
ours,v_y,-0.011542555342438643
ours,v_y,-0.02563638963234205
ours,v_y,-0.03926873781737655
ours,v_y,-0.011645998344788966
ours,v_y,-0.01610088358374509
ours,v_y,-0.06170879963257164
ours,v_y,-0.015240515996955445
ours,v_y,-0.020182669687343086
ours,v_y,-0.07356077237218767
ours,v_y,-0.08209828617174175
ours,v_y,-0.10627546903855678
ours,v_y,-0.060126530367774156
ours,v_y,-0.047669658771969214
ours,v_y,-0.029307599046088817
ours,v_y,-0.056138470623242676
ours,v_y,-0.03072263473579112
ours,v_y,-0.06232674295027957
ours,v_y,-0.10439032509556656
ours,v_y,-0.03516981271742453
ours,v_y,-0.06621383500347999
ours,v_y,-0.07613667604932228
ours,v_y,-0.06754768368837472
ours,v_y,-0.03824269085414311
ours,v_y,-0.07646706998683817
ours,v_y,-0.036683848197496816
ours,v_y,-0.08705363016896095
ours,v_y,-0.1089720333627402
ours,v_y,-0.07074756864493598
ours,v_y,-0.07374734120010568
ours,v_y,-0.05928693428695497
ours,v_y,-0.1453637320799246
ours,v_y,-0.13212387926415015
ours,v_y,-0.03544454817865755
ours,v_y,-0.034476747593012
ours,v_y,-0.14134972673049373
ours,v_y,-0.038281963783603046
ours,v_y,-0.035286049761036886
ours,v_y,-0.1434155477921082
ours,v_y,-0.033495361562886794
ours,v_y,-0.06635137552622827
ours,v_y,-0.07337078313107293
ours,v_y,-0.027049321491828426
ours,v_y,-0.09440699330136804
ours,v_y,-0.0624687870664305
ours,v_y,-0.02436674838393932
ours,v_y,-0.05628059332020402
ours,v_y,-0.022239253772966816
ours,v_y,-0.10107597541614038
ours,v_y,-0.021296288990145906
ours,v_y,-0.015056295926517804
ours,v_y,-0.04078655945276602
ours,v_y,-0.013932080402144525
ours,v_y,-0.036680303366983885
ours,v_y,-0.018290021282039243
ours,v_y,-0.01972060172397097
ours,v_y,-0.017320219348576776
ours,v_y,-0.019055094961027447
ours,v_y,-0.014438283768568372
ours,v_y,-0.030265684912201718
ours,v_y,-0.012150697862101184
ours,v_y,-0.017983273693734148
ours,v_y,-0.011301019484181024
ours,v_y,-0.013466354104642711
ours,v_y,-0.005868855396111879
ours,v_y,-0.0018130597632494798
ours,v_y,0.000753940235210887
ours,v_y,0.0031498709306130995
ours,v_y,0.004119757784810635
ours,v_y,0.012858047792398714
ours,v_y,0.00771661302519927
ours,v_y,0.008565961286411516
ours,v_y,0.009805324275741628
ours,v_y,0.012107265528969652
ours,v_y,0.022918873718130894
ours,v_y,0.01163034582627867
ours,v_y,0.023405992615590204
ours,v_y,0.02571369727840936
ours,v_y,0.0356852178891891
ours,v_y,0.039223513099092
ours,v_y,0.0445900419438221
ours,v_y,0.026211248314163216
ours,v_y,0.0834305865410282
ours,v_y,0.06726683985150589
ours,v_y,0.034269532798644864
ours,v_y,0.06965019098611247
ours,v_y,0.032599185784219276
ours,v_y,0.06532836864496894
ours,v_y,0.06503035976717642
ours,v_y,0.13121700044030438
ours,v_y,0.07387910334779524
ours,v_y,0.07285734082934525
ours,v_y,0.03680060748758307
ours,v_y,0.07180329964955079
ours,v_y,0.03255082854894298
ours,v_y,0.04158600890604658
ours,v_y,0.19273703118296548
ours,v_y,0.05059877946011471
ours,v_y,0.09221875784913236
ours,v_y,0.04612010769122332
ours,v_y,0.08617686365073995
ours,v_y,0.08126458051718477
ours,v_y,0.090590526671675
ours,v_y,0.034471215528596555
ours,v_y,0.08349895894008585
ours,v_y,0.0697530183988424
ours,v_y,0.03065823719250016
ours,v_y,0.07167508328004546
ours,v_y,0.07184324273279041
ours,v_y,0.08663890831184906
ours,v_y,0.06518061492981486
ours,v_y,0.08917215299809556
ours,v_y,0.08042263145745365
ours,v_y,0.07622156293643889
ours,v_y,0.03792031979158572
ours,v_y,0.03289681451885773
ours,v_y,0.13784962651993204
ours,v_y,0.03357144989731409
ours,v_y,0.05865458860467432
ours,v_y,0.04689939913649249
ours,v_y,0.08793014087857176
ours,v_y,0.09361855354353926
ours,v_y,0.023417259378314015
ours,v_y,0.052789528210961556
ours,v_y,0.029568439925599155
ours,v_y,0.0621646080502668
ours,v_y,0.029554796621559465
ours,v_y,0.06248271406993133
ours,v_y,0.07324450964801793
ours,v_y,0.022669863673409868
ours,v_y,0.048788322384528765
ours,v_y,0.03328970568917092
ours,v_y,0.055318891496548395
ours,v_y,0.012184172597618892
ours,v_y,0.009352699663714215
ours,v_y,0.03503391461251444
ours,v_y,0.008565261571788052
ours,v_y,0.0077393294975665675
ours,v_y,0.029886368127997276
ours,v_y,0.027481128765680374
ours,v_y,0.021775478463441952
ours,v_y,0.009359680537931937
ours,v_y,0.005322691907038608
ours,v_y,0.0009989218569566027
ours,v_y,0.00246532093348557
ours,v_y,0.0008128919241572018
ours,v_y,-0.0027284424326077094
ours,v_y,-0.006536061682100341
ours,v_y,-0.003821829830339518
ours,v_y,-0.009160064885463259
ours,v_y,-0.01954940289970648
ours,v_y,-0.02101612505926449
ours,v_y,-0.012616071525476797
ours,v_y,-0.006794381367053215
ours,v_y,-0.01676692578098364
ours,v_y,-0.009268341828106347
ours,v_y,-0.01698674822313913
ours,v_y,-0.00922752185561141
ours,v_y,-0.020164657324254712
ours,v_y,-0.023008797494424898
ours,v_y,-0.022508645622430195
ours,v_y,-0.02211121361784596
ours,v_y,-0.01047501758531102
ours,v_y,-0.011305916851372243
ours,v_y,-0.029997220439888603
ours,v_y,-0.005793378174270905
ours,v_y,-0.014920816884929952
ours,v_y,-0.010528938136385307
ours,v_y,-0.024299147547278604
ours,v_y,-0.026538138617287557
ours,v_y,-0.02983979488114774
ours,v_y,-0.019681756922487942
ours,v_y,-0.03794329869630883
ours,v_y,-0.020709026478271816
ours,v_y,-0.03858259232480693
ours,v_y,-0.02045217774099224
ours,v_y,-0.0278061350654136
ours,v_y,-0.01610916198626773
ours,v_y,-0.042134818444674205
ours,v_y,-0.030687994972660643
ours,v_y,-0.03828508193623176
ours,v_y,-0.011711726884702095
ours,v_y,-0.02674265717599722
ours,v_y,-0.03942622528887427
ours,v_y,-0.013226116920151396
ours,v_y,-0.024659661209989525
ours,v_y,-0.041664032746859744
ours,v_y,-0.04880227508042108
ours,v_y,-0.04864049389802269
ours,v_y,-0.06328498011980302
ours,v_y,-0.01662965174029822
ours,v_y,-0.056629672130944414
ours,v_y,-0.030621622172460644
ours,v_y,-0.019470888992356564
ours,v_y,-0.034536371496036083
ours,v_y,-0.01818277559209336
ours,v_y,-0.03791643283810192
ours,v_y,-0.076932246720741
ours,v_y,-0.01390196383056036
ours,v_y,-0.04410294447964058
ours,v_y,-0.02382219700752236
ours,v_y,-0.04950899568709338
ours,v_y,-0.023496292034193345
ours,v_y,-0.05328371444476579
ours,v_y,-0.02506095903685035
ours,v_y,-0.020109550688505742
ours,v_y,-0.12868218652708613
ours,v_y,-0.07312564895789753
ours,v_y,-0.055179594795760484
ours,v_y,-0.06258254020361206
ours,v_y,-0.028035085081617173
ours,v_y,-0.13607965302389105
ours,v_y,-0.029990670766935623
ours,v_y,-0.04836290821018646
ours,v_y,-0.024387341284839742
ours,v_y,-0.04969568406537611
ours,v_y,-0.019930716690056846
ours,v_y,-0.03908824934251001
ours,v_y,-0.03891480640586828
ours,v_y,-0.05143574556585964
ours,v_y,-0.04797503708928816
ours,v_y,-0.01806217651351616
ours,v_y,-0.034456135080809636
ours,v_y,-0.03549806405045594
ours,v_y,-0.007759335735508591
ours,v_y,-0.014635806267392033
ours,v_y,-0.010038057085961921
ours,v_y,-0.006072585495595213
ours,v_y,-0.008377943467016476
ours,v_y,-0.003874656748100211
ours,v_y,-0.0006878077013954507
ours,v_y,0.0011777119431547675
ours,v_y,0.004420467917014347
ours,v_y,0.003139492026406036
ours,v_y,0.0053928787612920765
ours,v_y,0.0051558880299734135
ours,v_y,0.009040775071006868
ours,v_y,0.008686423362955546
ours,v_y,0.009758093395782886
ours,v_y,0.012188906212512078
ours,v_y,0.010798204267999535
ours,v_y,0.008256602859197716
ours,v_y,0.012861251748488924
ours,v_y,0.006570242448759225
ours,v_y,0.014628073780238149
ours,v_y,0.006976460864379357
ours,v_y,0.014823918029365474
ours,v_y,0.02789900509705975
ours,v_y,0.024710754455066108
ours,v_y,0.012771357445925573
ours,v_y,0.007511208676828255
ours,v_y,0.014162673228300284
ours,v_y,0.008551951719330141
ours,v_y,0.008642641491875958
ours,v_y,0.028018126924999536
ours,v_y,0.009523450279620673
ours,v_y,0.01325703925786643
ours,v_y,0.013150967572643014
ours,v_y,0.02915711593882178
ours,v_y,0.029656915682585855
ours,v_y,0.03494577668450036
ours,v_y,0.007690864903253129
ours,v_y,0.019279631589116393
ours,v_y,0.009139083156200706
ours,v_y,0.01865819378821801
ours,v_y,0.02705450230806076
ours,v_y,0.037665253663927464
ours,v_y,0.01842632432436663
ours,v_y,0.018209042758736516
ours,v_y,0.026320518889150324
ours,v_y,0.013102601602431327
ours,v_y,0.02178016752433134
ours,v_y,0.03798152183025608
ours,v_y,0.014727344727407471
ours,v_y,0.007620652206670672
ours,v_y,0.019724585497328
ours,v_y,0.04935884970431069
ours,v_y,0.0939593558571715
ours,v_y,0.02643044441446546
ours,v_y,0.02334854731894781
ours,v_y,0.09275372914298421
ours,v_y,0.036347996619668865
ours,v_y,0.01669763437906112
ours,v_y,0.03427742903332634
ours,v_y,0.034076476144344225
ours,v_y,0.01718598817528355
ours,v_y,0.016133556998971774
ours,v_y,0.017128957330479477
ours,v_y,0.017337887462227336
ours,v_y,0.014844871141229878
ours,v_y,0.016944612030141734
ours,v_y,0.016209432010225205
ours,v_y,0.01829588432765228
ours,v_y,0.039329941840190036
ours,v_y,0.01828297880879154
ours,v_y,0.022076636454464477
ours,v_y,0.01929037719049094
ours,v_y,0.021708926587351712
ours,v_y,0.019842604637068495
ours,v_y,0.018925815527358725
ours,v_y,0.01877042950012678
ours,v_y,0.019626762320227573
ours,v_y,0.04532631937599031
ours,v_y,0.04435653891299854
ours,v_y,0.026296835242657385
ours,v_y,0.06810899239231441
ours,v_y,0.025835717084461113
ours,v_y,0.022466228227689566
ours,v_y,0.07218049112245434
ours,v_y,0.025306202257600538
ours,v_y,0.060440095508678904
ours,v_y,0.05596672926353738
ours,v_y,0.05446184231990542
ours,v_y,0.05482430961765841
ours,v_y,0.0274192769799258
ours,v_y,0.052063435774353004
ours,v_y,0.026716236516374225
ours,v_y,0.11959979819956174
ours,v_y,0.028073548599940434
ours,v_y,0.051600165567098594
ours,v_y,0.0739077644187292
ours,v_y,0.04027436148331698
ours,v_y,0.08199024971716977
ours,v_y,0.0352082506662533
ours,v_y,0.040173850267580025
ours,v_y,0.02781770434990094
ours,v_y,0.010867768554287175
ours,v_y,0.021729436992923103
ours,v_y,0.009578646521505644
ours,v_y,0.019025024866388657
ours,v_y,0.019036311080268143
ours,v_y,0.01694130568902039
ours,v_y,0.01688539517665181
ours,v_y,0.00846611148581184
ours,v_y,0.017442644423178222
ours,v_y,0.010328877420467421
ours,v_y,0.021784216632134992
ours,v_y,0.01074450650827374
ours,v_y,0.02084008850085703
ours,v_y,0.010969707411525295
ours,v_y,0.018483231446759632
ours,v_y,0.021821234291771477
ours,v_y,0.023310009466157397
ours,v_y,0.02278296356950081
ours,v_y,0.028082772201447725
ours,v_y,0.027940189280314373
ours,v_y,0.02714001055439265
ours,v_y,0.02690397553660824
ours,v_y,0.028335929941105634
ours,v_y,0.028855135150329295
ours,v_y,0.030032668870948465
ours,v_y,0.03199707067664659
ours,v_y,0.03238669197740947
ours,v_y,0.029513327728040106
ours,v_y,0.02374791714831677
ours,v_y,0.017957187125803728
ours,v_y,0.017061787378668425
ours,v_y,0.018122881075568628
ours,v_y,0.014365131823780866
ours,v_y,0.05502180528785677
ours,v_y,0.03730322896658472
ours,v_y,0.03882437156977525
ours,v_y,0.04322965699001255
ours,v_y,0.023753818237158053
ours,v_y,0.07593546162045872
ours,v_y,0.051666245963963964
ours,v_y,0.026071887253543563
ours,v_y,0.05287255817607167
ours,v_y,0.02607056605704758
ours,v_y,0.09945795105966165
ours,v_y,0.09602795205445364
ours,v_y,0.09479400539261529
ours,v_y,0.043003626455418276
ours,v_y,0.02592593703592297
ours,v_y,0.04921021762900629
ours,v_y,0.026297473996608534
ours,v_y,0.029207851971944476
ours,v_y,0.1125458946442523
ours,v_y,0.022706537513018377
ours,v_y,0.05300322520683831
ours,v_y,0.057406388106875594
ours,v_y,0.12152946385657659
ours,v_y,0.12633404490411648
ours,v_y,0.03265527204104357
ours,v_y,0.06670984530448842
ours,v_y,0.03464289668808329
ours,v_y,0.07745688774892112
ours,v_y,0.03702289781327728
ours,v_y,0.08773195595382555
ours,v_y,0.0717832770383463
ours,v_y,0.03644549739346331
ours,v_y,0.07517067825079782
ours,v_y,0.0558183694874847
ours,v_y,0.055297206873801574
ours,v_y,0.04893125702904427
ours,v_y,0.05266491455652156
ours,v_y,0.025711585906184886
ours,v_y,0.05442795757736607
ours,v_y,0.026226752981043544
ours,v_y,0.049268922067457366
ours,v_y,0.02613806583720546
ours,v_y,0.044615426381268364
ours,v_y,0.05108404297792568
ours,v_y,0.0562426023793664
ours,v_y,0.04677542518275474
ours,v_y,0.04541089341949078
ours,v_y,0.04492072723372581
ours,v_y,0.042237776080837675
ours,v_y,0.02981388949286981
ours,v_y,0.02846605808385995
ours,v_y,0.021394382759580645
ours,v_y,0.011442786367649314
ours,v_y,0.005000010038051013
ours,v_y,0.0021704236461286414
ours,v_y,0.00032465322760074494
ours,v_y,0.0023958500867528217
ours,v_y,0.002627209718955782
ours,v_y,0.005733380705350833
ours,v_y,0.004126707903080965
ours,v_y,0.008972305885043483
ours,v_y,0.009529838810146999
ours,v_y,0.0038282979691730695
ours,v_y,0.018134301243830413
ours,v_y,0.007768904718209569
ours,v_y,0.007259334573996173
ours,v_y,0.002311704241128594
ours,v_y,0.009312776632734126
ours,v_y,0.0007131424631022613
ours,v_y,0.002632982824223945
ours,v_y,0.0047221868396541515
ours,v_y,0.005880176270983676
ours,v_y,0.005190496648231839
ours,v_y,0.006370433150274909
ours,v_y,0.009745345574740754
ours,v_y,0.009102737850541335
ours,v_y,0.0026161362027418856
ours,v_y,0.004902897291515013
ours,v_y,0.0027571878007445916
ours,v_y,0.004910566717010945
ours,v_y,0.007744117534773559
ours,v_y,0.0022458977148042836
ours,v_y,0.004460559317147662
ours,v_y,0.0060052893852391535
ours,v_y,0.004975829307022126
ours,v_y,0.011557964301516831
ours,v_y,0.0026404880693207417
ours,v_y,0.002652930216445741
ours,v_y,0.0027823454925830285
ours,v_y,0.0022993652884625675
ours,v_y,0.0022002771362449394
ours,v_y,0.0013817344334097967
ours,v_y,0.000504469132441239
ours,v_y,0.0015704446314033088
ours,v_y,0.0010487789433179379
ours,v_y,0.0024820724942253014
ours,v_y,0.0033397948574936907
ours,v_y,0.0034640297607415986
ours,v_y,0.008062281139137602
ours,v_y,0.004857914329213123
ours,v_y,0.0025022360921980267
ours,v_y,0.005757370325485278
ours,v_y,0.006648884606708394
ours,v_y,0.008620577402084105
ours,v_y,0.008521443293452382
ours,v_y,0.0033920135289652246
ours,v_y,0.005530023550820256
ours,v_y,0.0028454505046214967
ours,v_y,0.0038033536376455394
ours,v_y,0.002073446739609061
ours,v_y,0.0020542128573214496
ours,v_y,0.0070397768798396085
ours,v_y,0.0016201166959564778
ours,v_y,0.004276247157854376
ours,v_y,0.0028820073363701945
ours,v_y,0.009291338075560186
ours,v_y,0.002755977588490402
ours,v_y,0.0028534225825651884
ours,v_y,0.0056966375272860595
ours,v_y,0.0019647280163131026
ours,v_y,0.004416943448306416
ours,v_y,0.002699373514836824
ours,v_y,0.003772184175510132
ours,v_y,0.007229084422472547
ours,v_y,0.006719091256844188
ours,v_y,0.004362513640880701
ours,v_y,0.0023131601037671597
ours,v_y,0.005348983565140034
ours,v_y,0.003973598028781404
ours,v_y,0.006515235206354997
ours,v_y,0.0027269594851820726
ours,v_y,0.0049993047394215825
ours,v_y,0.001775410970352713
ours,v_y,0.0016523808424884975
ours,v_y,0.0011915224028114443
ours,v_y,-0.0014047253289466224
ours,v_y,-0.0026694363395003765
ours,v_y,-0.0015537102045573292
ours,v_y,-0.0008791138268825563
ours,v_y,0.0005319065601973108
ours,v_y,0.004189788644526947
ours,v_y,0.0069313357765153
ours,v_y,0.009392495002884138
ours,v_y,0.008318601300986626
ours,v_y,0.009121708866931793
ours,v_y,0.009009587138476147
ours,v_y,0.004095040809044485
ours,v_y,0.003021663878072886
ours,v_y,-0.0006755685826814808
ours,v_y,-3.899525722497743e-05
ours,v_y,-0.0027608213604476822
ours,v_y,0.0023290656363425324
ours,v_y,0.009379064604813862
ours,v_y,0.007293802302860579
ours,v_y,0.01944090768955381
ours,v_y,0.006762697423088042
ours,v_y,0.012274708558191204
ours,v_y,0.0017547473729365853
ours,v_y,-0.004761791221581574
ours,v_y,-0.009931883364480032
ours,v_y,-0.004117594010122794
ours,v_y,-0.010212303819658167
ours,v_y,-0.0036571618916230175
ours,v_y,-0.0029758818484705712
ours,v_y,0.0004002927496933248
ours,v_y,0.007990663884315723
ours,v_y,0.008921240193875031
ours,v_y,0.008051891013172895
ours,v_y,0.006019491675950235
ours,v_y,0.003490394947242929
ours,v_y,0.004702309067579517
ours,v_y,0.0021031313835363427
ours,v_y,-0.00045795080816677866
ours,v_y,0.000997401107368314
ours,v_y,0.0005302395554829253
ours,v_y,0.0014833273914987323
ours,v_y,0.0067938879491698505
ours,v_y,0.004473076872781872
ours,v_y,0.005201272060034034
ours,v_y,0.010357791256086832
ours,v_y,0.004306388206119902
ours,v_y,0.006812969181651647
ours,v_y,0.006050809558046004
ours,v_y,0.006239236542206386
ours,v_y,0.00433845240080696
ours,v_y,0.0026408281087471515
ours,v_y,-0.0006607912941056504
ours,v_y,-0.0011030124627123689
ours,v_y,0.00011424402814551315
ours,v_y,0.000955770837369422
ours,v_y,0.0018636886353574824
ours,v_y,0.004933964657620242
ours,v_y,0.004992441619729462
ours,v_y,0.012319803971994794
ours,v_y,0.006716670972277385
ours,v_y,0.0100750191443221
ours,v_y,0.0077875044619422715
ours,v_y,0.005207208276523202
ours,v_y,0.0028724752200283282
ours,v_y,0.00029525320681662165
ours,v_y,-3.1297854514278356e-05
ours,v_y,-0.0004948078363767039
ours,v_y,2.3134296615805877e-05
ours,v_y,0.0009012881965258235
ours,v_y,0.002518085482876616
ours,v_y,5.0254012801701116e-05
ours,v_y,-0.004257492856725671
ours,v_y,0.005438983259437993
ours,v_y,0.006589892415653359
ours,v_y,0.03202312372079413
ours,v_y,0.012168017515713864
ours,v_y,0.015604830408898929
ours,v_y,0.03173728926348643
ours,v_y,0.03272330134334572
ours,v_y,0.033487078673101967
ours,v_y,0.034539781754317045
ours,v_y,0.06629959717267447
ours,v_y,0.06413723755389672
ours,v_y,0.018544981893957452
ours,v_y,0.03729189285391765
ours,v_y,0.015097571937530863
ours,v_y,0.04072449704561587
ours,v_y,0.06204922049127348
ours,v_y,0.10935364174633777
ours,v_y,0.04100201113782037
ours,v_y,0.04283240322867554
ours,v_y,0.04517396999073048
ours,v_y,0.047818210727890276
ours,v_y,0.08423203162761927
ours,v_y,0.027271343283103933
ours,v_y,0.04914563243571535
ours,v_y,0.055267828262237695
ours,v_y,0.05098736363359224
ours,v_y,0.09295042253380725
ours,v_y,0.14268423170323818
ours,v_y,0.08175118427346129
ours,v_y,0.0666984850113107
ours,v_y,0.03004145588610141
ours,v_y,0.03360426545941392
ours,v_y,0.07604233761797907
ours,v_y,0.04051301755936876
ours,v_y,0.039287301610879455
ours,v_y,0.04066618677319711
ours,v_y,0.05065417701369995
ours,v_y,0.05166975727681744
ours,v_y,0.04309494259192642
ours,v_y,0.03051224046876172
ours,v_y,0.056068356429212596
ours,v_y,0.025660632808666872
ours,v_y,0.04696152639911
ours,v_y,0.025504468260358848
ours,v_y,0.036094510592618034
ours,v_y,0.0485827744976865
ours,v_y,0.044390077496608005
ours,v_y,0.039613796236905974
ours,v_y,0.042917083750314056
ours,v_y,0.04199387055213022
ours,v_y,0.03861853706372914
ours,v_y,0.04234802375451133
ours,v_y,0.039306375902837865
ours,v_y,0.03532745327541831
ours,v_y,0.03787691158897402
ours,v_y,0.03443551889685942
ours,v_y,0.04025134267866992
ours,v_y,0.04046051080122742
ours,v_y,0.048928575919293726
ours,v_y,0.029307140990037506
ours,v_y,0.05484307634929797
ours,v_y,0.026680921469157903
ours,v_y,0.05671941249181617
ours,v_y,0.029451616315142704
ours,v_y,0.05488209836922198
ours,v_y,0.05368868161521256
ours,v_y,0.05427989772261882
ours,v_y,0.050804231315160375
ours,v_y,0.04903298600153738
ours,v_y,0.04410303379637123
ours,v_y,0.04347133621753385
ours,v_y,0.020010036683711596
ours,v_y,0.04254779838695599
ours,v_y,0.020754356997753937
ours,v_y,0.036789399019343305
ours,v_y,0.02060109881124486
ours,v_y,0.04094157831550671
ours,v_y,0.02024630322932211
ours,v_y,0.0484495378067924
ours,v_y,0.03963430998866105
ours,v_y,0.040820707893594044
ours,v_y,0.039498903150216896
ours,v_y,0.05151287282973199
ours,v_y,0.030385013173697295
ours,v_y,0.01026840647222281
ours,v_y,0.03150202862317379
ours,v_y,0.01559609508997524
ours,v_y,0.005013880728965088
ours,v_y,0.005331846111291505
ours,v_y,0.0026679653144679565
ours,v_y,-0.002567335142425766
ours,v_y,-0.005684930537392396
ours,v_y,-0.004951527988517907
ours,v_y,-0.008628917208555104
ours,v_y,-0.007760262790113812
ours,v_y,-0.03249886400847726
ours,v_y,-0.012583174611878002
ours,v_y,-0.02565921895519288
ours,v_y,-0.029131077616081663
ours,v_y,-0.017417377048378563
ours,v_y,-0.03070665849628354
ours,v_y,-0.032441414888999515
ours,v_y,-0.07297117918709312
ours,v_y,-0.02012000564662636
ours,v_y,-0.02826794398521698
ours,v_y,-0.04912671997990392
ours,v_y,-0.03346246444841644
ours,v_y,-0.062527534620065
ours,v_y,-0.02921847476312539
ours,v_y,-0.06102043335675161
ours,v_y,-0.08994752622180169
ours,v_y,-0.06726224217359894
ours,v_y,-0.0738361922191027
ours,v_y,-0.07525357600077298
ours,v_y,-0.1137033854482769
ours,v_y,-0.03667870192880163
ours,v_y,-0.0701076604576919
ours,v_y,-0.10281625156782659
ours,v_y,-0.06713168934108216
ours,v_y,-0.052510789641513844
ours,v_y,-0.07775338131989301
ours,v_y,-0.0731704567732473
ours,v_y,-0.06555152686665294
ours,v_y,-0.06218307292281344
ours,v_y,-0.06431169848561569
ours,v_y,-0.06236849747251716
ours,v_y,-0.030269067022233365
ours,v_y,-0.05824118404774947
ours,v_y,-0.031675402523374085
ours,v_y,-0.06623442496777282
ours,v_y,-0.030217737603821487
ours,v_y,-0.0560630144330011
ours,v_y,-0.03127236109695497
ours,v_y,-0.058381681330320456
ours,v_y,-0.06343311217759817
ours,v_y,-0.030203248904501823
ours,v_y,-0.06735311424358859
ours,v_y,-0.031651078360914964
ours,v_y,-0.07083931464323595
ours,v_y,-0.03183685263333713
ours,v_y,-0.0712719901081445
ours,v_y,-0.03566121733158345
ours,v_y,-0.07244978692653631
ours,v_y,-0.07320856848522717
ours,v_y,-0.06758828169221909
ours,v_y,-0.07888653451072986
ours,v_y,-0.0685183016812837
ours,v_y,-0.034664913525693564
ours,v_y,-0.03479072190421728
ours,v_y,-0.13908915504505237
ours,v_y,-0.031218201827531156
ours,v_y,-0.06245671578717327
ours,v_y,-0.0695132510847618
ours,v_y,-0.07035413481505054
ours,v_y,-0.1439599894839365
ours,v_y,-0.13579063194942287
ours,v_y,-0.03677363531461775
ours,v_y,-0.07580607832640784
ours,v_y,-0.03583861598466731
ours,v_y,-0.0749786316760177
ours,v_y,-0.035198439257670466
ours,v_y,-0.07132375625718557
ours,v_y,-0.06884986556083666
ours,v_y,-0.06802586139078154
ours,v_y,-0.08005930691441426
ours,v_y,-0.06290904659039709
ours,v_y,-0.07277177034195809
ours,v_y,-0.03344556010187805
ours,v_y,-0.07348997734870494
ours,v_y,-0.03572228138759653
ours,v_y,-0.07116006855582147
ours,v_y,-0.0367664541167842
ours,v_y,-0.07079991867851293
ours,v_y,-0.03305875609153802
ours,v_y,-0.06668571266433831
ours,v_y,-0.07025528809456866
ours,v_y,-0.06672583059699227
ours,v_y,-0.14258355948638934
ours,v_y,-0.08294334005053705
ours,v_y,-0.03562301723421313
ours,v_y,-0.03566620183559022
ours,v_y,-0.1449536099464902
ours,v_y,-0.035862903062801044
ours,v_y,-0.07085089632582714
ours,v_y,-0.10476086768299664
ours,v_y,-0.06985680558711116
ours,v_y,-0.1581972171309275
ours,v_y,-0.06975561395746427
ours,v_y,-0.06360702040287591
ours,v_y,-0.07339383851079018
ours,v_y,-0.037841339536704766
ours,v_y,-0.06509767914228892
ours,v_y,-0.030321342297899512
ours,v_y,-0.058075810603038236
ours,v_y,-0.029675412387532574
ours,v_y,-0.0549490779827595
ours,v_y,-0.05548269229405434
ours,v_y,-0.03332349878932678
ours,v_y,-0.051730959818778316
ours,v_y,-0.050499222773674135
ours,v_y,-0.022468382195355657
ours,v_y,-0.05501833485118429
ours,v_y,-0.020121705564457276
ours,v_y,-0.04555283925683773
ours,v_y,-0.01774503572903746
ours,v_y,-0.04838203931528212
ours,v_y,-0.014508021132737137
ours,v_y,-0.037684148298843645
ours,v_y,-0.028934132955163283
ours,v_y,-0.03300647689428653
ours,v_y,-0.027018567030582058
ours,v_y,-0.019538890230594408
ours,v_y,-0.013479774869518422
ours,v_y,-0.010753512508078766
ours,v_y,-0.006988267433526235
ours,v_y,-0.0047770789939236905
ours,v_y,-0.0037133062078116633
ours,v_y,-0.002797824659877282
ours,v_y,-0.003920041713735195
ours,v_y,-0.003881858717405408
ours,v_y,-0.006716350587787967
ours,v_y,-0.006102584123446081
ours,v_y,-0.003246897489309508
ours,v_y,-0.015589504664731801
ours,v_y,-0.0026942213241786667
ours,v_y,-0.007099632586272303
ours,v_y,-0.003652056805628953
ours,v_y,-0.008876393910615843
ours,v_y,-0.019431158427054354
ours,v_y,-0.009112943899691459
ours,v_y,-0.017522363528677753
ours,v_y,-0.019997225107277472
ours,v_y,-0.011436826656025884
ours,v_y,-0.019195316161485232
ours,v_y,-0.02899620830632288
ours,v_y,-0.006216988046669758
ours,v_y,-0.031004477357758797
ours,v_y,-0.0077736297147781575
ours,v_y,-0.01723054971736046
ours,v_y,-0.017218766344689163
ours,v_y,-0.04027732544829171
ours,v_y,-0.03503882908747491
ours,v_y,-0.012760972590551811
ours,v_y,-0.024429564458530117
ours,v_y,-0.01220451613459178
ours,v_y,-0.051995905187845415
ours,v_y,-0.013008336364299988
ours,v_y,-0.014620138610401068
ours,v_y,-0.06972485481595753
ours,v_y,-0.04184671114118882
ours,v_y,-0.045898678291972084
ours,v_y,-0.043503558898871475
ours,v_y,-0.024132543090307434
ours,v_y,-0.09201216975953763
ours,v_y,-0.01758680007564639
ours,v_y,-0.029525350954812346
ours,v_y,-0.015266733376455621
ours,v_y,-0.03258948446024473
ours,v_y,-0.015490797576618143
ours,v_y,-0.032227801197349026
ours,v_y,-0.019150426126798292
ours,v_y,-0.034441533045028616
ours,v_y,-0.01887571209085004
ours,v_y,-0.044670991541668925
ours,v_y,-0.04588837591271633
ours,v_y,-0.04714231441543182
ours,v_y,-0.025163091724504483
ours,v_y,-0.05681730686929343
ours,v_y,-0.03530363512763757
ours,v_y,-0.05027541860082707
ours,v_y,-0.028102006829838655
ours,v_y,-0.07190539013964603
ours,v_y,-0.026365434437287116
ours,v_y,-0.05638677233484923
ours,v_y,-0.0602831365803973
ours,v_y,-0.06785245211435031
ours,v_y,-0.05713688324729371
ours,v_y,-0.04349136708537771
ours,v_y,-0.04638649489988944
ours,v_y,-0.024021992569838946
ours,v_y,-0.07046152838024289
ours,v_y,-0.06247373930107036
ours,v_y,-0.029645995442176054
ours,v_y,-0.0647887419891856
ours,v_y,-0.07190944583697167
ours,v_y,-0.05816678692427424
ours,v_y,-0.03262240267656913
ours,v_y,-0.10141608248120071
ours,v_y,-0.06161025081778293
ours,v_y,-0.028011928422262966
ours,v_y,-0.05750651119810224
ours,v_y,-0.06426673376893921
ours,v_y,-0.058316835347924534
ours,v_y,-0.04695585944995173
ours,v_y,-0.050950745398855135
ours,v_y,-0.037691320709367704
ours,v_y,-0.0171049796748855
ours,v_y,-0.03528441870662252
ours,v_y,-0.016992495085387027
ours,v_y,-0.025525625410431574
ours,v_y,-0.1307206512126562
ours,v_y,-0.028350401455675356
ours,v_y,-0.04804135332702797
ours,v_y,-0.023450239470007628
ours,v_y,-0.03837745078859195
ours,v_y,-0.033293850718546125
ours,v_y,-0.014806435371465587
ours,v_y,-0.027134099421888935
ours,v_y,-0.012059789652048625
ours,v_y,-0.024804298602980446
ours,v_y,-0.010844903584261378
ours,v_y,-0.02262504527885917
ours,v_y,-0.035307740541347166
ours,v_y,-0.04857786252790275
ours,v_y,-0.021206874979643187
ours,v_y,-0.020693130174406188
ours,v_y,-0.018266148978438312
ours,v_y,-0.02418261805251684
ours,v_y,-0.0058961101749247236
ours,v_y,-0.00967634982901025
ours,v_y,-0.007782970164082359
ours,v_y,-0.008403941588812566
ours,v_y,-0.00737063083769933
ours,v_y,-0.008912754696561581
ours,v_y,-0.004287426501202757
ours,v_y,-0.0023208030836488897
ours,v_y,0.0006929042498151766
ours,v_y,0.0029741842485752415
ours,v_y,0.0021024686138727405
ours,v_y,0.0054700118445202405
ours,v_y,0.002958983792611619
ours,v_y,0.005544071302570836
ours,v_y,0.0028978499943315347
ours,v_y,0.005536794812686964
ours,v_y,0.0022633635799716133
ours,v_y,0.004059760583929824
ours,v_y,0.002415972518476049
ours,v_y,0.0037530894205435456
ours,v_y,0.002481681736104198
ours,v_y,0.0013413431923071685
ours,v_y,0.004252926809553033
ours,v_y,0.0023600484158723366
ours,v_y,0.003718936812567082
ours,v_y,0.0019613680614937908
ours,v_y,0.002125373215679297
ours,v_y,0.008414710762036016
ours,v_y,0.012838564165215833
ours,v_y,0.0057559173920712775
ours,v_y,0.004635741979005938
ours,v_y,0.0015043610254215876
ours,v_y,0.0033983248398550756
ours,v_y,0.00253011077937762
ours,v_y,0.001449317717019269
ours,v_y,0.003141926979819465
ours,v_y,0.0015917882070864975
ours,v_y,0.003618515829453252
ours,v_y,0.003321346363672921
ours,v_y,-0.003645098039693706
ours,v_y,0.0032856889570320076
ours,v_y,0.002613612608027279
ours,v_y,0.001167464616711765
ours,v_y,0.004428904402983581
ours,v_y,0.002030050456721652
ours,v_y,0.005298496956494959
ours,v_y,0.0015329122513484464
ours,v_y,0.0029832047811572115
ours,v_y,0.0022963739665273
ours,v_y,0.003974978559650476
ours,v_y,0.0022068493682120757
ours,v_y,0.004003460294243415
ours,v_y,0.004830115305499996
ours,v_y,0.003499691916071468
ours,v_y,0.0029586829467892553
ours,v_y,0.002475274626563169
ours,v_y,0.00320995844953708
ours,v_y,0.0038247027161513944
ours,v_y,0.004715266880390603
ours,v_y,0.0014567605939773062
ours,v_y,0.005777533697785317
ours,v_y,0.006444751921425296
ours,v_y,0.0030146461133022107
ours,v_y,0.0021925570827522126
ours,v_y,0.0014015846539948904
ours,v_y,0.0006557112440698787
ours,v_y,0.0024737707338214586
ours,v_y,0.0016196282624730898
ours,v_y,0.0007665052931966759
ours,v_y,0.0012601555514872298
ours,v_y,0.0009730257244007466
ours,v_y,0.0027281836114105285
ours,v_y,0.00327223150253049
ours,v_y,0.00209214267626108
ours,v_y,0.0024123809517746404
ours,v_y,0.0010398059166576087
ours,v_y,0.0019019736786282347
ours,v_y,0.0010424170427578774
ours,v_y,0.0021013707628219844
ours,v_y,0.0011486676886506599
ours,v_y,0.0024591346349123293
ours,v_y,0.001036170333910999
ours,v_y,0.0021404065920832827
ours,v_y,0.0025900981717700174
ours,v_y,0.0033267518105548413
ours,v_y,0.002347295928247655
ours,v_y,0.0018747729512670688
ours,v_y,0.0009576521965180065
ours,v_y,-0.00028824157578326987
ours,v_y,-0.0007182220289545099
ours,v_y,-0.0011389049837132945
ours,v_y,5.19377119153272e-05
ours,v_y,0.008253659278435604
ours,v_y,0.0012169315119913218
ours,v_y,-0.004059157031024899
ours,v_y,-0.010479022556841383
ours,v_y,-0.00785932693023042
ours,v_y,-0.016310653112521667
ours,v_y,-0.011489183861940366
ours,v_y,-0.025587537100451696
ours,v_y,-0.027564975490110333
ours,v_y,-0.01666636714382297
ours,v_y,-0.032869005570279386
ours,v_y,-0.033641407003132506
ours,v_y,-0.03563446638340262
ours,v_y,-0.08484283600812081
ours,v_y,-0.040005861172825175
ours,v_y,-0.039410991753841496
ours,v_y,-0.04267251794329463
ours,v_y,-0.04204493312380381
ours,v_y,-0.07209880679880831
ours,v_y,-0.04196632974972048
ours,v_y,-0.038850365387628316
ours,v_y,-0.04513790559152947
ours,v_y,-0.045385808887666856
ours,v_y,-0.0595154575880093
ours,v_y,-0.049101912620186094
ours,v_y,-0.025893385730348828
ours,v_y,-0.04793046505823462
ours,v_y,-0.07623224966063602
ours,v_y,-0.05819950241645966
ours,v_y,-0.05289024596403691
ours,v_y,-0.0668589084833704
ours,v_y,-0.0479359040859495
ours,v_y,-0.057137318353935984
ours,v_y,-0.059248853385109435
ours,v_y,-0.031798801344220085
ours,v_y,-0.0636577987925715
ours,v_y,-0.03563999062292966
ours,v_y,-0.08886694433290221
ours,v_y,-0.03269819639713234
ours,v_y,-0.06621653754152412
ours,v_y,-0.029174457284897315
ours,v_y,-0.05770162191962824
ours,v_y,-0.025949588364241993
ours,v_y,-0.03892908832692821
ours,v_y,-0.056203691590676286
ours,v_y,-0.10536374561714223
ours,v_y,-0.03247687403015409
ours,v_y,-0.04941949884824903
ours,v_y,-0.028428438067849005
ours,v_y,-0.06643342201023938
ours,v_y,-0.0272326737631019
ours,v_y,-0.05205690361236759
ours,v_y,-0.08378887823825343
ours,v_y,-0.15714818243869266
ours,v_y,-0.04853539242566507
ours,v_y,-0.04536082741453096
ours,v_y,-0.051530592887451876
ours,v_y,-0.1002273842310335
ours,v_y,-0.02517341022397923
ours,v_y,-0.05318940364111935
ours,v_y,-0.05714541264149642
ours,v_y,-0.05167016553533238
ours,v_y,-0.11317873044843907
ours,v_y,-0.0970173064512832
ours,v_y,-0.07973062910959006
ours,v_y,-0.027205093723452756
ours,v_y,-0.029797376321110458
ours,v_y,-0.023472701222464476
ours,v_y,-0.00831123696306113
ours,v_y,-0.039340950041166
ours,v_y,-0.02111521339049527
ours,v_y,-0.020332689914964286
ours,v_y,-0.01928413219641889
ours,v_y,-0.02384967299386248
ours,v_y,-0.02422502844008978
ours,v_y,-0.061905604571557804
ours,v_y,-0.023483891851897143
ours,v_y,-0.03974489336376519
ours,v_y,-0.016066490523995502
ours,v_y,-0.029058724921425222
ours,v_y,-0.024987316225351386
ours,v_y,-0.0005234377400822471
ours,v_y,-0.004089879708315092
ours,v_y,-0.004298685025606375
ours,v_y,-0.003271126806933214
ours,v_y,-0.01666475038400711
ours,v_y,-0.006830766285808393
ours,v_y,-0.007804840912171401
ours,v_y,-0.015490405438556981
ours,v_y,-0.013655466109768588
ours,v_y,-0.01494101971752429
ours,v_y,-0.015026296428241381
ours,v_y,-0.012674027163779716
ours,v_y,-0.0062664213827640924
ours,v_y,-0.012172756354841774
ours,v_y,-0.006207426133201882
ours,v_y,-0.011790400214755914
ours,v_y,-0.006041562134336542
ours,v_y,-0.012146094391319306
ours,v_y,-0.01451362477445306
ours,v_y,-0.012495962882797529
ours,v_y,-0.014603266963015837
ours,v_y,-0.029334608094991277
ours,v_y,-0.007625337723334846
ours,v_y,-0.016250077990635964
ours,v_y,-0.006109738008082288
ours,v_y,-0.013221098801410591
ours,v_y,-0.005656132892099458
ours,v_y,-0.012138920982585288
ours,v_y,-0.010369304522171413
ours,v_y,-0.009380262700873943
ours,v_y,-0.01066476739950667
ours,v_y,-0.012468040132178143
ours,v_y,-0.012910543493532545
ours,v_y,-0.01564825361699862
ours,v_y,-0.016880765388969682
ours,v_y,-0.017534977946223024
ours,v_y,-0.016782969218782334
ours,v_y,-0.011943353598102766
ours,v_y,-0.006582076981756557
ours,v_y,-0.001988089544751062
ours,v_y,0.002737981340478382
ours,v_y,-0.0013779294278359888
ours,v_y,-0.004026418266207588
ours,v_y,-0.017297585976960406
ours,v_y,-0.009774773214184823
ours,v_y,-0.023066526727543002
ours,v_y,-0.009842500504148505
ours,v_y,-0.019184502264354225
ours,v_y,-0.007457426714614884
ours,v_y,-0.009726091332118075
ours,v_y,-0.01231990125988211
ours,v_y,-0.0007750508974222886
ours,v_y,-0.0001731451792343769
ours,v_y,-0.0010180694654422853
ours,v_y,-0.0017718930985461817
ours,v_y,-0.0021046239338742
ours,v_y,-0.001119523996105043
ours,v_y,-0.006175443826123714
ours,v_y,-0.0028616756083908734
ours,v_y,-0.0026475970871017163
ours,v_y,-0.005464491005128608
ours,v_y,-0.0017850214401297637
ours,v_y,-0.006228528790139604
ours,v_y,-0.0031944352539999
ours,v_y,-0.0005744970487304643
ours,v_y,-0.0012646246041181503
ours,v_y,-0.00047230381484473366
ours,v_y,0.00033931601999594163
ours,v_y,0.00016312286854311409
ours,v_y,-5.19743347062937e-05
ours,v_y,-0.0001315000204498984
ours,v_y,8.029684807550619e-06
ours,v_y,0.0002569381851003569
ours,v_y,0.0016094472383942904
ours,v_y,0.002138713327575474
ours,v_y,0.0008063231251671348
ours,v_y,0.001739529089197632
ours,v_y,0.0028488268376088074
ours,v_y,0.002432242931827193
ours,v_y,0.0032194601476481163
ours,v_y,0.002312125919918042
ours,v_y,0.0025854510041539436
ours,v_y,0.0024905521813967726
ours,v_y,0.005990504602004461
ours,v_y,0.010414328615373905
ours,v_y,0.017924956920900292
ours,v_y,0.021504355198010805
ours,v_y,0.02442774117572305
ours,v_y,0.013249071704267729
ours,v_y,0.02824503438648454
ours,v_y,0.014997432527914079
ours,v_y,0.029507964482175852
ours,v_y,0.01434603897030326
ours,v_y,0.028761543515179816
ours,v_y,0.015112283160042428
ours,v_y,0.031573798250449814
ours,v_y,0.06004442296965551
ours,v_y,0.051362862006056165
ours,v_y,0.05030125040868372
ours,v_y,0.025778176823776033
ours,v_y,0.05296567885855674
ours,v_y,0.02756887668618274
ours,v_y,0.03132517031559329
ours,v_y,0.09393428377586521
ours,v_y,0.03106125249990649
ours,v_y,0.05432124871401384
ours,v_y,0.05348497678826469
ours,v_y,0.12314749066041253
ours,v_y,0.084622693612666
ours,v_y,0.022834098414912574
ours,v_y,0.026314928550209116
ours,v_y,0.05355602006536542
ours,v_y,0.022799483897714357
ours,v_y,0.07557989743410098
ours,v_y,0.15858411734973155
ours,v_y,0.1299752856710591
ours,v_y,0.06678406078364046
ours,v_y,0.04876161771089088
ours,v_y,0.024332913609508677
ours,v_y,0.012634733574620756
ours,v_y,0.004845580308564804
ours,v_y,0.008017388946658625
ours,v_y,0.005737147846295957
ours,v_y,0.01134224210622685
ours,v_y,0.0034885826210706503
ours,v_y,-0.0025677621376597876
ours,v_y,-0.008038036866494971
ours,v_y,-0.013081915399077243
ours,v_y,-0.017403379182574535
ours,v_y,-0.017899836992220447
ours,v_y,-0.02011175896007683
ours,v_y,-0.016548885055698626
ours,v_y,-0.013818639030631186
ours,v_y,-0.01930947396843727
ours,v_y,-0.019197060495901502
ours,v_y,-0.023901919866632704
ours,v_y,-0.029863599658440987
ours,v_y,-0.03746647943884984
ours,v_y,-0.07709142205241792
ours,v_y,-0.06583225543532578
ours,v_y,-0.04807177095395487
ours,v_y,-0.027797636317020258
ours,v_y,-0.06856391010366669
ours,v_y,-0.02734745841143693
ours,v_y,-0.06937799063105832
ours,v_y,-0.11356229582085553
ours,v_y,-0.16309384448218833
ours,v_y,-0.0792890679649203
ours,v_y,-0.06448311014905861
ours,v_y,-0.03705914255670828
ours,v_y,-0.12314367584796837
ours,v_y,-0.03612033833759265
ours,v_y,-0.051354853807250134
ours,v_y,-0.02519695070170358
ours,v_y,-0.04889780652477982
ours,v_y,-0.0565006210854026
ours,v_y,-0.03874758302951664
ours,v_y,-0.04482027906195407
ours,v_y,-0.046113361990633095
ours,v_y,-0.04267791941374793
ours,v_y,-0.04834932892113086
ours,v_y,-0.05096559267258588
ours,v_y,-0.05110483059631299
ours,v_y,-0.04425294044796635
ours,v_y,-0.03534186909841486
ours,v_y,-0.023911939639204766
ours,v_y,-0.019906815471014805
ours,v_y,-0.014988841883696244
ours,v_y,-0.010250347510684751
ours,v_y,-0.005796216196337696
ours,v_y,-0.01163057139355314
ours,v_y,-0.003745579993158242
ours,v_y,-0.0027157263323004666
ours,v_y,-0.0030168668587401155
ours,v_y,-0.0020377784919531454
ours,v_y,0.004263200524498599
ours,v_y,0.011422297804409079
ours,v_y,0.008767068451908645
ours,v_y,0.010644005946260734
ours,v_y,0.01360636553439161
ours,v_y,0.009600805651431399
ours,v_y,0.029113786986764506
ours,v_y,0.022267028883143358
ours,v_y,0.027595861993732984
ours,v_y,0.029405100424828468
ours,v_y,0.01699286750423415
ours,v_y,0.03386933070343884
ours,v_y,0.0702164631342661
ours,v_y,0.06147616391974314
ours,v_y,0.043396491122380254
ours,v_y,0.026954836244070746
ours,v_y,0.04088435830463172
ours,v_y,0.0228104822323284
ours,v_y,0.10445388333638367
ours,v_y,0.020653877420534872
ours,v_y,0.03135213573169532
ours,v_y,0.04831495929752777
ours,v_y,0.025577656255001413
ours,v_y,0.04529133782780059
ours,v_y,0.05186052881253733
ours,v_y,0.02654680359355177
ours,v_y,0.052025877287757094
ours,v_y,0.02665152449042063
ours,v_y,0.05603049606886362
ours,v_y,0.02915796478742194
ours,v_y,0.04474617829618305
ours,v_y,0.029808691938159604
ours,v_y,0.0553408142071834
ours,v_y,0.026519441279652722
ours,v_y,0.05857972029322678
ours,v_y,0.05831125157146144
ours,v_y,0.07111432221408687
ours,v_y,0.07299433413471068
ours,v_y,0.017189345320869243
ours,v_y,0.07163754206902351
ours,v_y,0.03231732804765197
ours,v_y,0.07235630792723002
ours,v_y,0.028608700706246548
ours,v_y,0.07644528090917646
ours,v_y,0.05866260770601728
ours,v_y,0.04673387491031067
ours,v_y,0.04684864749976392
ours,v_y,0.032134602133465084
ours,v_y,0.029693263486344684
ours,v_y,0.04046355183399852
ours,v_y,0.021865970702716203
ours,v_y,0.016635686153863308
ours,v_y,0.017074734185841545
ours,v_y,0.00694270291757082
ours,v_y,0.029912865812802447
ours,v_y,0.009002072063477293
ours,v_y,0.005856701379923394
ours,v_y,0.0016090780628742717
ours,v_y,-0.0071522218519992214
ours,v_y,-0.01006466702734811
ours,v_y,-0.012415921585521017
ours,v_y,-0.01062185234183824
ours,v_y,-0.022319388674182372
ours,v_y,-0.016028538862054936
ours,v_y,-0.037272222949301215
ours,v_y,-0.038587594313573226
ours,v_y,-0.04052676972143393
ours,v_y,-0.025580826730319972
ours,v_y,-0.04888844043141677
ours,v_y,-0.029911601659968923
ours,v_y,-0.05386698309802096
ours,v_y,-0.06307340981546
ours,v_y,-0.07185428774351776
ours,v_y,-0.03599021501229083
ours,v_y,-0.07892977242423482
ours,v_y,-0.07589459673762788
ours,v_y,-0.08383550388780436
ours,v_y,-0.032912193402955536
ours,v_y,-0.11912132500944794
ours,v_y,-0.029908113835471428
ours,v_y,-0.056426143483192026
ours,v_y,-0.028294956963913653
ours,v_y,-0.05069067951746403
ours,v_y,-0.07515183121984009
ours,v_y,-0.06007574753517092
ours,v_y,-0.06177911894303045
ours,v_y,-0.06987477691521049
ours,v_y,-0.03631815353853868
ours,v_y,-0.06995537617853775
ours,v_y,-0.03486138384730142
ours,v_y,-0.07080627317041521
ours,v_y,-0.035078822430426815
ours,v_y,-0.06416279243772349
ours,v_y,-0.05266236744683539
ours,v_y,-0.06404241359700213
ours,v_y,-0.04422097009671533
ours,v_y,-0.06445423158264807
ours,v_y,-0.06745672971145422
ours,v_y,-0.06493974574028383
ours,v_y,-0.03127991628041138
ours,v_y,-0.06284710296819285
ours,v_y,-0.031943065567723306
ours,v_y,-0.04644575073090096
ours,v_y,-0.03567748642462282
ours,v_y,-0.061703316294708765
ours,v_y,-0.03332943497578178
ours,v_y,-0.052555679589305626
ours,v_y,-0.04565603480922481
ours,v_y,-0.050539067881111455
ours,v_y,-0.045637583397582504
ours,v_y,-0.046001246340305335
ours,v_y,-0.06210542887014875
ours,v_y,-0.05017834989686487
ours,v_y,-0.05053044318952238
ours,v_y,-0.054012963225342214
ours,v_y,-0.06360988882651986
ours,v_y,-0.05036978611214277
ours,v_y,-0.05722381284788303
ours,v_y,-0.04006650212217361
ours,v_y,-0.029195717146373867
ours,v_y,-0.025408228120908427
ours,v_y,-0.014661445773139936
ours,v_y,-0.00811434441289216
ours,v_y,-0.013551911226660107
ours,v_y,-0.00775030476403582
ours,v_y,-0.015024612245020802
ours,v_y,-0.0067138707722994295
ours,v_y,-0.01786359353412703
ours,v_y,-0.01822235133546729
ours,v_y,-0.010910926290947295
ours,v_y,-0.0014593091757661575
ours,v_y,0.0021742151105089823
ours,v_y,0.010542110698724481
ours,v_y,0.01371621741083355
ours,v_y,0.006564795744289614
ours,v_y,0.038304409021831465
ours,v_y,0.02919103491424857
ours,v_y,0.011945521619430743
ours,v_y,0.02312798711351613
ours,v_y,0.025818094627909183
ours,v_y,0.029180727880181334
ours,v_y,0.0364658429297271
ours,v_y,0.04753640380518964
ours,v_y,0.0528474954303621
ours,v_y,0.058176925482192665
ours,v_y,0.07163654938883213
ours,v_y,0.06582992279569955
ours,v_y,0.08327284188006479
ours,v_y,0.08717891458181071
ours,v_y,0.09344887861893547
ours,v_y,0.10073390382772929
ours,v_y,0.07913797020784352
ours,v_y,0.06603467006185215
ours,v_y,0.03465134680641524
ours,v_y,0.08789633656863927
ours,v_y,0.05840498166303315
Baseline-NN-MSE,v_y,0.019711020220476796
Baseline-NN-MSE,v_y,0.018972307095421623
Baseline-NN-MSE,v_y,0.01780965930374234
Baseline-NN-MSE,v_y,0.011910936753069964
Baseline-NN-MSE,v_y,0.009275535764333796
Baseline-NN-MSE,v_y,0.0073741750982529745
Baseline-NN-MSE,v_y,0.008872509834110517
Baseline-NN-MSE,v_y,0.006478593978122115
Baseline-NN-MSE,v_y,0.0031767109599262055
Baseline-NN-MSE,v_y,0.00605513876131766
Baseline-NN-MSE,v_y,0.0058420650102425685
Baseline-NN-MSE,v_y,0.006569618877966987
Baseline-NN-MSE,v_y,0.006953973192913035
Baseline-NN-MSE,v_y,0.0032205341377471424
Baseline-NN-MSE,v_y,0.010908189790182828
Baseline-NN-MSE,v_y,0.008548067440084637
Baseline-NN-MSE,v_y,0.0037528279051312202
Baseline-NN-MSE,v_y,0.00773547164281416
Baseline-NN-MSE,v_y,0.004157966406446681
Baseline-NN-MSE,v_y,0.01632139049329534
Baseline-NN-MSE,v_y,0.017428932139605776
Baseline-NN-MSE,v_y,0.0021970399090708945
Baseline-NN-MSE,v_y,0.0039255252362252364
Baseline-NN-MSE,v_y,0.008760346173574938
Baseline-NN-MSE,v_y,0.003645867646393717
Baseline-NN-MSE,v_y,0.018729253255812376
Baseline-NN-MSE,v_y,0.004699197810226825
Baseline-NN-MSE,v_y,0.008637810874393366
Baseline-NN-MSE,v_y,0.005128261288279413
Baseline-NN-MSE,v_y,0.008477258499937773
Baseline-NN-MSE,v_y,0.004759916531426954
Baseline-NN-MSE,v_y,0.00711297810297468
Baseline-NN-MSE,v_y,0.009162616891226126
Baseline-NN-MSE,v_y,0.0030645323666392
Baseline-NN-MSE,v_y,0.005504513972830971
Baseline-NN-MSE,v_y,0.004185510370873946
Baseline-NN-MSE,v_y,0.0075755213570158145
Baseline-NN-MSE,v_y,0.0043511205841363886
Baseline-NN-MSE,v_y,0.008818582555802569
Baseline-NN-MSE,v_y,0.010947096666455235
Baseline-NN-MSE,v_y,0.00662531937047486
Baseline-NN-MSE,v_y,0.009286237008909529
Baseline-NN-MSE,v_y,0.006019829629554784
Baseline-NN-MSE,v_y,0.006914483357973653
Baseline-NN-MSE,v_y,0.0068353823539606465
Baseline-NN-MSE,v_y,0.009573359128744695
Baseline-NN-MSE,v_y,0.007672081050247109
Baseline-NN-MSE,v_y,0.00695768955346595
Baseline-NN-MSE,v_y,0.005903255795795169
Baseline-NN-MSE,v_y,0.0043265532841742955
Baseline-NN-MSE,v_y,0.003924107895291434
Baseline-NN-MSE,v_y,0.004958006448722699
Baseline-NN-MSE,v_y,0.004736005824040386
Baseline-NN-MSE,v_y,0.008715528095270968
Baseline-NN-MSE,v_y,0.0049129638350253885
Baseline-NN-MSE,v_y,0.003018509239574618
Baseline-NN-MSE,v_y,0.006753790202965088
Baseline-NN-MSE,v_y,0.006218243392004975
Baseline-NN-MSE,v_y,0.0030053437426228874
Baseline-NN-MSE,v_y,0.0065923855771096405
Baseline-NN-MSE,v_y,0.005717199820722177
Baseline-NN-MSE,v_y,0.004330634433395876
Baseline-NN-MSE,v_y,0.0020282290597103793
Baseline-NN-MSE,v_y,0.0030828346004735455
Baseline-NN-MSE,v_y,0.0030631554856815346
Baseline-NN-MSE,v_y,0.005368742048419389
Baseline-NN-MSE,v_y,0.004023078872217225
Baseline-NN-MSE,v_y,0.003141195493822849
Baseline-NN-MSE,v_y,0.01013750282766748
Baseline-NN-MSE,v_y,0.004803934093829038
Baseline-NN-MSE,v_y,0.005451483907369596
Baseline-NN-MSE,v_y,0.003857354570156249
Baseline-NN-MSE,v_y,0.004468250235293542
Baseline-NN-MSE,v_y,0.005585788474244423
Baseline-NN-MSE,v_y,0.006612635209161433
Baseline-NN-MSE,v_y,0.005988278142105646
Baseline-NN-MSE,v_y,0.0054368492075496655
Baseline-NN-MSE,v_y,0.004428668012929297
Baseline-NN-MSE,v_y,0.0054451621407544115
Baseline-NN-MSE,v_y,0.004090728741719103
Baseline-NN-MSE,v_y,0.004096361372877506
Baseline-NN-MSE,v_y,0.00532815309523824
Baseline-NN-MSE,v_y,0.0029335228289089563
Baseline-NN-MSE,v_y,0.003964142701605106
Baseline-NN-MSE,v_y,0.0015917651783364777
Baseline-NN-MSE,v_y,0.0034723351150778466
Baseline-NN-MSE,v_y,0.0020540542856874004
Baseline-NN-MSE,v_y,0.00526088785685163
Baseline-NN-MSE,v_y,0.002061996912578693
Baseline-NN-MSE,v_y,0.004315242788726078
Baseline-NN-MSE,v_y,0.003660576209447192
Baseline-NN-MSE,v_y,0.0068914469100164934
Baseline-NN-MSE,v_y,0.00384363475229604
Baseline-NN-MSE,v_y,0.010336975046860169
Baseline-NN-MSE,v_y,0.0030495190715562354
Baseline-NN-MSE,v_y,0.007072834387568073
Baseline-NN-MSE,v_y,0.0067893289052693775
Baseline-NN-MSE,v_y,0.0044363403971960785
Baseline-NN-MSE,v_y,0.006134621901734291
Baseline-NN-MSE,v_y,0.012750742516762885
Baseline-NN-MSE,v_y,0.006401999069929443
Baseline-NN-MSE,v_y,0.006893884501524346
Baseline-NN-MSE,v_y,0.004696797157590358
Baseline-NN-MSE,v_y,0.004110540180738529
Baseline-NN-MSE,v_y,0.006634266688939967
Baseline-NN-MSE,v_y,0.007227281469317306
Baseline-NN-MSE,v_y,0.007584864621705659
Baseline-NN-MSE,v_y,0.007943181228674698
Baseline-NN-MSE,v_y,0.006148785040418225
Baseline-NN-MSE,v_y,0.006908785938456451
Baseline-NN-MSE,v_y,0.009418861279122141
Baseline-NN-MSE,v_y,0.00829981678377139
Baseline-NN-MSE,v_y,0.010025455861780705
Baseline-NN-MSE,v_y,0.004989596537276631
Baseline-NN-MSE,v_y,0.009616062182974271
Baseline-NN-MSE,v_y,0.004908707839422098
Baseline-NN-MSE,v_y,0.009853184367081323
Baseline-NN-MSE,v_y,0.004582310930873121
Baseline-NN-MSE,v_y,0.009302512905688272
Baseline-NN-MSE,v_y,0.00342121478374268
Baseline-NN-MSE,v_y,0.007749636448228867
Baseline-NN-MSE,v_y,0.0007489182016244648
Baseline-NN-MSE,v_y,0.0017203442836135688
Baseline-NN-MSE,v_y,-0.002832372447407059
Baseline-NN-MSE,v_y,0.001478326533358611
Baseline-NN-MSE,v_y,-0.007443554772312569
Baseline-NN-MSE,v_y,-0.007587622886338588
Baseline-NN-MSE,v_y,-0.00155198839237582
Baseline-NN-MSE,v_y,-0.010729375307781803
Baseline-NN-MSE,v_y,-0.018279811966581058
Baseline-NN-MSE,v_y,-0.00484633336426421
Baseline-NN-MSE,v_y,-0.014467176916238514
Baseline-NN-MSE,v_y,-0.0206271045620693
Baseline-NN-MSE,v_y,-0.0141150282017318
Baseline-NN-MSE,v_y,-0.036022882546396406
Baseline-NN-MSE,v_y,-0.016702973261891768
Baseline-NN-MSE,v_y,-0.029246030071621076
Baseline-NN-MSE,v_y,-0.04286115454214445
Baseline-NN-MSE,v_y,-0.03649865215875692
Baseline-NN-MSE,v_y,-0.03758356126549628
Baseline-NN-MSE,v_y,-0.04464347439932173
Baseline-NN-MSE,v_y,-0.05210746984911896
Baseline-NN-MSE,v_y,-0.0616509853282009
Baseline-NN-MSE,v_y,-0.05122404990023888
Baseline-NN-MSE,v_y,-0.0538089961512811
Baseline-NN-MSE,v_y,-0.10043744993700687
Baseline-NN-MSE,v_y,-0.06881213672835335
Baseline-NN-MSE,v_y,-0.07476764296297517
Baseline-NN-MSE,v_y,-0.07207300812071576
Baseline-NN-MSE,v_y,-0.08645370067982361
Baseline-NN-MSE,v_y,-0.0925062019587965
Baseline-NN-MSE,v_y,-0.07046214096465198
Baseline-NN-MSE,v_y,-0.03819421498260045
Baseline-NN-MSE,v_y,-0.06809393232091354
Baseline-NN-MSE,v_y,-0.03874997908262978
Baseline-NN-MSE,v_y,-0.07078704867042546
Baseline-NN-MSE,v_y,-0.03369008360905068
Baseline-NN-MSE,v_y,-0.05013830183503759
Baseline-NN-MSE,v_y,-0.03606811382242303
Baseline-NN-MSE,v_y,-0.06479946879026427
Baseline-NN-MSE,v_y,-0.0807578978026034
Baseline-NN-MSE,v_y,-0.08657726694405915
Baseline-NN-MSE,v_y,-0.07314203838024014
Baseline-NN-MSE,v_y,-0.10425917710857696
Baseline-NN-MSE,v_y,-0.09460379365792074
Baseline-NN-MSE,v_y,-0.09384812308203469
Baseline-NN-MSE,v_y,-0.09819849764329583
Baseline-NN-MSE,v_y,-0.03787184807798899
Baseline-NN-MSE,v_y,-0.17979579735255563
Baseline-NN-MSE,v_y,-0.04055312982667178
Baseline-NN-MSE,v_y,-0.08242062689499062
Baseline-NN-MSE,v_y,-0.08304947784186043
Baseline-NN-MSE,v_y,-0.14826514052272144
Baseline-NN-MSE,v_y,-0.15878922488338976
Baseline-NN-MSE,v_y,-0.07800114667441052
Baseline-NN-MSE,v_y,-0.03304151662625679
Baseline-NN-MSE,v_y,-0.08242659874715981
Baseline-NN-MSE,v_y,-0.03285464849901959
Baseline-NN-MSE,v_y,-0.07305598222838802
Baseline-NN-MSE,v_y,-0.1159940355571286
Baseline-NN-MSE,v_y,-0.07438591200709779
Baseline-NN-MSE,v_y,-0.07691095223603421
Baseline-NN-MSE,v_y,-0.0888298025004653
Baseline-NN-MSE,v_y,-0.0833201753652919
Baseline-NN-MSE,v_y,-0.05163678891066842
Baseline-NN-MSE,v_y,-0.10601880666839256
Baseline-NN-MSE,v_y,-0.05514520677997334
Baseline-NN-MSE,v_y,-0.12081791537443737
Baseline-NN-MSE,v_y,-0.06474696913061811
Baseline-NN-MSE,v_y,-0.1387589041637936
Baseline-NN-MSE,v_y,-0.14603062564216213
Baseline-NN-MSE,v_y,-0.13766437912423146
Baseline-NN-MSE,v_y,-0.1443688191153949
Baseline-NN-MSE,v_y,-0.13280296289784538
Baseline-NN-MSE,v_y,-0.10606961089930389
Baseline-NN-MSE,v_y,-0.10110240522954089
Baseline-NN-MSE,v_y,-0.09433563704389947
Baseline-NN-MSE,v_y,-0.07308314938024149
Baseline-NN-MSE,v_y,-0.05934321370664375
Baseline-NN-MSE,v_y,-0.05433994313880239
Baseline-NN-MSE,v_y,-0.05230020074890809
Baseline-NN-MSE,v_y,-0.04924862225012305
Baseline-NN-MSE,v_y,-0.03841458135817469
Baseline-NN-MSE,v_y,-0.08363381361475877
Baseline-NN-MSE,v_y,-0.05072358161257706
Baseline-NN-MSE,v_y,-0.04531158457837198
Baseline-NN-MSE,v_y,-0.02005114215212228
Baseline-NN-MSE,v_y,-0.031583729196436094
Baseline-NN-MSE,v_y,-0.015277699706166159
Baseline-NN-MSE,v_y,-0.03657196871210547
Baseline-NN-MSE,v_y,-0.008055714047182333
Baseline-NN-MSE,v_y,-0.021324832616963746
Baseline-NN-MSE,v_y,-0.005585247356120759
Baseline-NN-MSE,v_y,-0.01284428467654812
Baseline-NN-MSE,v_y,-0.009960285543992822
Baseline-NN-MSE,v_y,-0.003361191192311097
Baseline-NN-MSE,v_y,0.0013869087286390719
Baseline-NN-MSE,v_y,-0.0017388014022437052
Baseline-NN-MSE,v_y,0.001840308433501324
Baseline-NN-MSE,v_y,-0.000986532894358098
Baseline-NN-MSE,v_y,0.0033997007381185366
Baseline-NN-MSE,v_y,0.002121797597881574
Baseline-NN-MSE,v_y,0.003598973272979967
Baseline-NN-MSE,v_y,0.008764888611552384
Baseline-NN-MSE,v_y,0.015555034921373313
Baseline-NN-MSE,v_y,0.023301618766298264
Baseline-NN-MSE,v_y,0.0085207601826148
Baseline-NN-MSE,v_y,0.02563375349769513
Baseline-NN-MSE,v_y,0.057189063537935944
Baseline-NN-MSE,v_y,0.038523119977682124
Baseline-NN-MSE,v_y,0.048929598401581856
Baseline-NN-MSE,v_y,0.06021394391483942
Baseline-NN-MSE,v_y,0.04910406229539749
Baseline-NN-MSE,v_y,0.06605488398776582
Baseline-NN-MSE,v_y,0.08401132278445106
Baseline-NN-MSE,v_y,0.04217343272167723
Baseline-NN-MSE,v_y,0.09121222286741171
Baseline-NN-MSE,v_y,0.0429034430548445
Baseline-NN-MSE,v_y,0.09847756240239727
Baseline-NN-MSE,v_y,0.04630144856123575
Baseline-NN-MSE,v_y,0.09664439065642796
Baseline-NN-MSE,v_y,0.10221890707022235
Baseline-NN-MSE,v_y,0.0924765078153271
Baseline-NN-MSE,v_y,0.09411174847330939
Baseline-NN-MSE,v_y,0.10193600256790503
Baseline-NN-MSE,v_y,0.09115484365040599
Baseline-NN-MSE,v_y,0.09676939464873446
Baseline-NN-MSE,v_y,0.1712840149902164
Baseline-NN-MSE,v_y,0.10527458192988304
Baseline-NN-MSE,v_y,0.049985538325894585
Baseline-NN-MSE,v_y,0.09246875842416474
Baseline-NN-MSE,v_y,0.05062984042611168
Baseline-NN-MSE,v_y,0.09195434121715229
Baseline-NN-MSE,v_y,0.1950955507721195
Baseline-NN-MSE,v_y,0.1701292730800513
Baseline-NN-MSE,v_y,0.08691349007843191
Baseline-NN-MSE,v_y,0.06852830916064147
Baseline-NN-MSE,v_y,0.034283737081009014
Baseline-NN-MSE,v_y,0.13395522703773396
Baseline-NN-MSE,v_y,0.03502594386534508
Baseline-NN-MSE,v_y,0.03166598086160055
Baseline-NN-MSE,v_y,0.1471383563611306
Baseline-NN-MSE,v_y,0.0815048195415473
Baseline-NN-MSE,v_y,0.08435820421804124
Baseline-NN-MSE,v_y,0.09306440868713256
Baseline-NN-MSE,v_y,0.08496223767776506
Baseline-NN-MSE,v_y,0.04724545010481246
Baseline-NN-MSE,v_y,0.09680404912947307
Baseline-NN-MSE,v_y,0.0451974798314837
Baseline-NN-MSE,v_y,0.09893153061227222
Baseline-NN-MSE,v_y,0.046983326793424984
Baseline-NN-MSE,v_y,0.08117444565433984
Baseline-NN-MSE,v_y,0.09815345547666948
Baseline-NN-MSE,v_y,0.08500474451969803
Baseline-NN-MSE,v_y,0.10779600875186349
Baseline-NN-MSE,v_y,0.09532850403609772
Baseline-NN-MSE,v_y,0.10099169807061223
Baseline-NN-MSE,v_y,0.14203722880917186
Baseline-NN-MSE,v_y,0.041779640334029144
Baseline-NN-MSE,v_y,0.09549167999442859
Baseline-NN-MSE,v_y,0.10061564290749483
Baseline-NN-MSE,v_y,0.07534028703770818
Baseline-NN-MSE,v_y,0.16875892850669078
Baseline-NN-MSE,v_y,0.1538194191020766
Baseline-NN-MSE,v_y,0.08584086231262733
Baseline-NN-MSE,v_y,0.08784699502745097
Baseline-NN-MSE,v_y,0.08185168180041585
Baseline-NN-MSE,v_y,0.04416410096467155
Baseline-NN-MSE,v_y,0.1378596826813628
Baseline-NN-MSE,v_y,0.09620276141696643
Baseline-NN-MSE,v_y,0.09290291946225904
Baseline-NN-MSE,v_y,0.083817553940912
Baseline-NN-MSE,v_y,0.08207121858582317
Baseline-NN-MSE,v_y,0.13687660831025478
Baseline-NN-MSE,v_y,0.09491715683287977
Baseline-NN-MSE,v_y,0.04598368315988227
Baseline-NN-MSE,v_y,0.09030912354301573
Baseline-NN-MSE,v_y,0.046344385954845746
Baseline-NN-MSE,v_y,0.0758754603309158
Baseline-NN-MSE,v_y,0.04029532026912652
Baseline-NN-MSE,v_y,0.06462577651233364
Baseline-NN-MSE,v_y,0.07494642479297198
Baseline-NN-MSE,v_y,0.06041574724250717
Baseline-NN-MSE,v_y,0.05881966333686203
Baseline-NN-MSE,v_y,0.02702594999731911
Baseline-NN-MSE,v_y,0.053208012198880245
Baseline-NN-MSE,v_y,0.024490859795182174
Baseline-NN-MSE,v_y,0.02325734776191274
Baseline-NN-MSE,v_y,0.0937292898370155
Baseline-NN-MSE,v_y,0.013866741829348883
Baseline-NN-MSE,v_y,0.04270446458426713
Baseline-NN-MSE,v_y,0.03271261250403962
Baseline-NN-MSE,v_y,0.049993745736699124
Baseline-NN-MSE,v_y,0.054923806362340954
Baseline-NN-MSE,v_y,0.017096806026104805
Baseline-NN-MSE,v_y,0.027070394012307486
Baseline-NN-MSE,v_y,0.0071368825480734865
Baseline-NN-MSE,v_y,0.020976930673924477
Baseline-NN-MSE,v_y,0.018928889812224015
Baseline-NN-MSE,v_y,0.009006940762350535
Baseline-NN-MSE,v_y,0.00934525628348043
Baseline-NN-MSE,v_y,0.007528580809829266
Baseline-NN-MSE,v_y,0.016234586633796677
Baseline-NN-MSE,v_y,0.0110819304242879
Baseline-NN-MSE,v_y,0.010701048303535576
Baseline-NN-MSE,v_y,0.0045154343493365445
Baseline-NN-MSE,v_y,-0.0025549120834055805
Baseline-NN-MSE,v_y,0.0011014808892126915
Baseline-NN-MSE,v_y,0.005201174950628856
Baseline-NN-MSE,v_y,-0.0016136724957623583
Baseline-NN-MSE,v_y,-0.0006771388042537685
Baseline-NN-MSE,v_y,-0.0005100874015903506
Baseline-NN-MSE,v_y,-0.0017875814463002015
Baseline-NN-MSE,v_y,-0.012488275300149634
Baseline-NN-MSE,v_y,-0.00241028877205747
Baseline-NN-MSE,v_y,0.001603187205605254
Baseline-NN-MSE,v_y,0.0014749679873499386
Baseline-NN-MSE,v_y,0.002356355519758206
Baseline-NN-MSE,v_y,0.005012840471490396
Baseline-NN-MSE,v_y,0.008912917223265936
Baseline-NN-MSE,v_y,0.020179505818650495
Baseline-NN-MSE,v_y,0.01361753850863244
Baseline-NN-MSE,v_y,-0.0029923744898086996
Baseline-NN-MSE,v_y,0.010305505102366816
Baseline-NN-MSE,v_y,0.013007704454409047
Baseline-NN-MSE,v_y,0.01285985777587012
Baseline-NN-MSE,v_y,0.015682063315024114
Baseline-NN-MSE,v_y,0.0077360172396550575
Baseline-NN-MSE,v_y,0.01377109014889713
Baseline-NN-MSE,v_y,0.008151060245956687
Baseline-NN-MSE,v_y,0.014810048408929105
Baseline-NN-MSE,v_y,0.0043819499963169695
Baseline-NN-MSE,v_y,0.005944917418945844
Baseline-NN-MSE,v_y,0.02188688885276746
Baseline-NN-MSE,v_y,0.021292303333032392
Baseline-NN-MSE,v_y,0.02143277347723596
Baseline-NN-MSE,v_y,0.014780068453714934
Baseline-NN-MSE,v_y,0.01921658259808645
Baseline-NN-MSE,v_y,0.008758830815865759
Baseline-NN-MSE,v_y,0.020829031061350534
Baseline-NN-MSE,v_y,0.009167143499182573
Baseline-NN-MSE,v_y,0.023821757290326873
Baseline-NN-MSE,v_y,0.009509674698145287
Baseline-NN-MSE,v_y,0.02929886275766236
Baseline-NN-MSE,v_y,0.007521794249714608
Baseline-NN-MSE,v_y,0.025977631901170972
Baseline-NN-MSE,v_y,0.01081800684210632
Baseline-NN-MSE,v_y,0.026072723397856323
Baseline-NN-MSE,v_y,0.00806972036289516
Baseline-NN-MSE,v_y,0.02584096300144778
Baseline-NN-MSE,v_y,0.023444308336836805
Baseline-NN-MSE,v_y,0.027114459900878685
Baseline-NN-MSE,v_y,0.0146243988800136
Baseline-NN-MSE,v_y,0.02807794709579431
Baseline-NN-MSE,v_y,0.023044967087382406
Baseline-NN-MSE,v_y,0.030939695311277216
Baseline-NN-MSE,v_y,0.019246118436596737
Baseline-NN-MSE,v_y,0.012820181779970297
Baseline-NN-MSE,v_y,0.059604622797596984
Baseline-NN-MSE,v_y,0.016983875331463782
Baseline-NN-MSE,v_y,0.02552126660483861
Baseline-NN-MSE,v_y,0.03748108272404638
Baseline-NN-MSE,v_y,0.019140580122146755
Baseline-NN-MSE,v_y,0.03609766649978163
Baseline-NN-MSE,v_y,0.01822782485310359
Baseline-NN-MSE,v_y,0.0518199676890686
Baseline-NN-MSE,v_y,0.06026797313705301
Baseline-NN-MSE,v_y,0.05710871338356671
Baseline-NN-MSE,v_y,0.023987632326436636
Baseline-NN-MSE,v_y,0.06074776600294074
Baseline-NN-MSE,v_y,0.056741852455406194
Baseline-NN-MSE,v_y,0.006912409234440475
Baseline-NN-MSE,v_y,0.03301541551462739
Baseline-NN-MSE,v_y,0.03566719436941823
Baseline-NN-MSE,v_y,0.02677114184547036
Baseline-NN-MSE,v_y,0.044064962368796534
Baseline-NN-MSE,v_y,0.026348250904467574
Baseline-NN-MSE,v_y,0.03709712018540512
Baseline-NN-MSE,v_y,0.05431995927706457
Baseline-NN-MSE,v_y,0.05061657694394239
Baseline-NN-MSE,v_y,0.05799043421018979
Baseline-NN-MSE,v_y,0.0516036132803499
Baseline-NN-MSE,v_y,0.03301171075133369
Baseline-NN-MSE,v_y,0.0486387555846437
Baseline-NN-MSE,v_y,0.028357992041334157
Baseline-NN-MSE,v_y,0.06103526130278003
Baseline-NN-MSE,v_y,0.024218763921367903
Baseline-NN-MSE,v_y,0.06606826524822706
Baseline-NN-MSE,v_y,0.0277955393712509
Baseline-NN-MSE,v_y,0.02583566438441809
Baseline-NN-MSE,v_y,0.03200658291877867
Baseline-NN-MSE,v_y,0.03698358776679611
Baseline-NN-MSE,v_y,0.08314252908004827
Baseline-NN-MSE,v_y,0.023132263948687726
Baseline-NN-MSE,v_y,0.016351313443709437
Baseline-NN-MSE,v_y,0.04049196699353963
Baseline-NN-MSE,v_y,0.016921090734853206
Baseline-NN-MSE,v_y,0.03051308225405308
Baseline-NN-MSE,v_y,0.014297303333645761
Baseline-NN-MSE,v_y,0.02813434278044369
Baseline-NN-MSE,v_y,0.02661653020227306
Baseline-NN-MSE,v_y,0.036084461616664565
Baseline-NN-MSE,v_y,0.0235167690264102
Baseline-NN-MSE,v_y,0.019229141093469904
Baseline-NN-MSE,v_y,0.017816351803924213
Baseline-NN-MSE,v_y,0.029887469387295834
Baseline-NN-MSE,v_y,0.009236443565850294
Baseline-NN-MSE,v_y,0.01445724231180362
Baseline-NN-MSE,v_y,0.020037121984122802
Baseline-NN-MSE,v_y,0.015376976731341613
Baseline-NN-MSE,v_y,0.029640577146749225
Baseline-NN-MSE,v_y,0.020658226573329663
Baseline-NN-MSE,v_y,0.010455808467858069
Baseline-NN-MSE,v_y,0.012139070944526431
Baseline-NN-MSE,v_y,0.00982104059641667
Baseline-NN-MSE,v_y,0.008236335102098619
Baseline-NN-MSE,v_y,0.010579585379015571
Baseline-NN-MSE,v_y,0.00770804623849064
Baseline-NN-MSE,v_y,0.0026553928294420492
Baseline-NN-MSE,v_y,0.005687523623290058
Baseline-NN-MSE,v_y,0.002579852628170079
Baseline-NN-MSE,v_y,0.005046496067960982
Baseline-NN-MSE,v_y,0.0028358673031150666
Baseline-NN-MSE,v_y,0.002479724675815559
Baseline-NN-MSE,v_y,0.008293239414259114
Baseline-NN-MSE,v_y,0.003446800884885977
Baseline-NN-MSE,v_y,0.00795658354002878
Baseline-NN-MSE,v_y,0.0032920745770996865
Baseline-NN-MSE,v_y,0.008373037183575146
Baseline-NN-MSE,v_y,0.004236112071615978
Baseline-NN-MSE,v_y,0.0040903419320151985
Baseline-NN-MSE,v_y,0.017817823196386605
Baseline-NN-MSE,v_y,0.003138541723867074
Baseline-NN-MSE,v_y,0.0068712058765778294
Baseline-NN-MSE,v_y,0.0067464084841307136
Baseline-NN-MSE,v_y,0.006970466567569666
Baseline-NN-MSE,v_y,0.0035964574553602954
Baseline-NN-MSE,v_y,0.0037334390338885984
Baseline-NN-MSE,v_y,0.016344185229579575
Baseline-NN-MSE,v_y,0.0037624649493884325
Baseline-NN-MSE,v_y,0.00769637385943342
Baseline-NN-MSE,v_y,0.004152680914975244
Baseline-NN-MSE,v_y,0.00972646687906558
Baseline-NN-MSE,v_y,0.009672182324209855
Baseline-NN-MSE,v_y,0.009234592145467908
Baseline-NN-MSE,v_y,0.009575907795038738
Baseline-NN-MSE,v_y,0.004839856511137948
Baseline-NN-MSE,v_y,0.007138467518659701
Baseline-NN-MSE,v_y,0.0035949480351565657
Baseline-NN-MSE,v_y,0.007585188536479957
Baseline-NN-MSE,v_y,0.008634016085048067
Baseline-NN-MSE,v_y,0.007028282480129093
Baseline-NN-MSE,v_y,0.007371717347267371
Baseline-NN-MSE,v_y,0.0062243567371518885
Baseline-NN-MSE,v_y,0.006715103114171336
Baseline-NN-MSE,v_y,0.007497025025674356
Baseline-NN-MSE,v_y,0.009007483255097534
Baseline-NN-MSE,v_y,0.009666800909237848
Baseline-NN-MSE,v_y,0.007791813660671866
Baseline-NN-MSE,v_y,0.007912016274499889
Baseline-NN-MSE,v_y,0.008536734381107497
Baseline-NN-MSE,v_y,0.008735274481448736
Baseline-NN-MSE,v_y,0.008798945647714312
Baseline-NN-MSE,v_y,0.009508582018179494
Baseline-NN-MSE,v_y,0.00767004673995067
Baseline-NN-MSE,v_y,0.007245874464045697
Baseline-NN-MSE,v_y,0.006772002682995819
Baseline-NN-MSE,v_y,0.003926955580724728
Baseline-NN-MSE,v_y,0.00783613693738305
Baseline-NN-MSE,v_y,0.0049094822964199855
Baseline-NN-MSE,v_y,0.008958528368646634
Baseline-NN-MSE,v_y,0.0038308070770270222
Baseline-NN-MSE,v_y,0.008019800835131874
Baseline-NN-MSE,v_y,0.008252066786608662
Baseline-NN-MSE,v_y,0.008167504674488485
Baseline-NN-MSE,v_y,0.004176046119503618
Baseline-NN-MSE,v_y,0.007765297276216179
Baseline-NN-MSE,v_y,0.007199726257263915
Baseline-NN-MSE,v_y,0.006479678334225802
Baseline-NN-MSE,v_y,0.0028101938141889965
Baseline-NN-MSE,v_y,0.005769830743133357
Baseline-NN-MSE,v_y,0.0028762484094101634
Baseline-NN-MSE,v_y,0.005739130901899245
Baseline-NN-MSE,v_y,0.002585561091315948
Baseline-NN-MSE,v_y,0.005206314541429162
Baseline-NN-MSE,v_y,0.002863067360041084
Baseline-NN-MSE,v_y,0.006014263782435414
Baseline-NN-MSE,v_y,0.006799154045680749
Baseline-NN-MSE,v_y,0.0067930949904005805
Baseline-NN-MSE,v_y,0.0033834425238670474
Baseline-NN-MSE,v_y,0.014042309716508989
Baseline-NN-MSE,v_y,0.0034733191868730577
Baseline-NN-MSE,v_y,0.007050990121390051
Baseline-NN-MSE,v_y,0.010004450923146606
Baseline-NN-MSE,v_y,0.002933609461799283
Baseline-NN-MSE,v_y,0.005900683302826164
Baseline-NN-MSE,v_y,0.007319369334250808
Baseline-NN-MSE,v_y,0.008105533559855582
Baseline-NN-MSE,v_y,0.007117407337140738
Baseline-NN-MSE,v_y,0.008983554694907817
Baseline-NN-MSE,v_y,0.004319853673484048
Baseline-NN-MSE,v_y,0.008133127490106636
Baseline-NN-MSE,v_y,0.0046049764524519615
Baseline-NN-MSE,v_y,0.008002756915259559
Baseline-NN-MSE,v_y,0.0045915024251748995
Baseline-NN-MSE,v_y,0.009075568177674721
Baseline-NN-MSE,v_y,0.006514343463966919
Baseline-NN-MSE,v_y,0.012219161177993952
Baseline-NN-MSE,v_y,0.016460702131592363
Baseline-NN-MSE,v_y,0.01866099143040456
Baseline-NN-MSE,v_y,0.017025408457998922
Baseline-NN-MSE,v_y,0.022249732368955513
Baseline-NN-MSE,v_y,0.012705387369882068
Baseline-NN-MSE,v_y,0.023683997187106204
Baseline-NN-MSE,v_y,0.013138234275044264
Baseline-NN-MSE,v_y,0.025693948133873643
Baseline-NN-MSE,v_y,0.014180466161824695
Baseline-NN-MSE,v_y,0.02750156000745202
Baseline-NN-MSE,v_y,0.011926192185807316
Baseline-NN-MSE,v_y,0.05656301619774251
Baseline-NN-MSE,v_y,0.03405996892850219
Baseline-NN-MSE,v_y,0.034562271165571756
Baseline-NN-MSE,v_y,0.04227433655535573
Baseline-NN-MSE,v_y,0.015886171197708132
Baseline-NN-MSE,v_y,0.05381199312436599
Baseline-NN-MSE,v_y,0.050318530971533826
Baseline-NN-MSE,v_y,0.014839138134510321
Baseline-NN-MSE,v_y,0.05178955339023472
Baseline-NN-MSE,v_y,0.01680158589161279
Baseline-NN-MSE,v_y,0.10786228062150002
Baseline-NN-MSE,v_y,0.026512632282717996
Baseline-NN-MSE,v_y,0.024484626519026997
Baseline-NN-MSE,v_y,0.1233289727429645
Baseline-NN-MSE,v_y,0.0279556334331717
Baseline-NN-MSE,v_y,0.03288909192963885
Baseline-NN-MSE,v_y,0.06490105753384318
Baseline-NN-MSE,v_y,0.07313901162494929
Baseline-NN-MSE,v_y,0.0715385903330708
Baseline-NN-MSE,v_y,0.037410008459599964
Baseline-NN-MSE,v_y,0.07807819213330863
Baseline-NN-MSE,v_y,0.09003326890866103
Baseline-NN-MSE,v_y,0.08255487244301696
Baseline-NN-MSE,v_y,0.10063654439525876
Baseline-NN-MSE,v_y,0.10927438096719372
Baseline-NN-MSE,v_y,0.05260610652107156
Baseline-NN-MSE,v_y,0.10926533718519715
Baseline-NN-MSE,v_y,0.055809551080997166
Baseline-NN-MSE,v_y,0.10272355035231717
Baseline-NN-MSE,v_y,0.05613300986925529
Baseline-NN-MSE,v_y,0.09329870807394425
Baseline-NN-MSE,v_y,0.053688043596408996
Baseline-NN-MSE,v_y,0.10294130181633565
Baseline-NN-MSE,v_y,0.052720714362783805
Baseline-NN-MSE,v_y,0.09024155878439521
Baseline-NN-MSE,v_y,0.14343070897694898
Baseline-NN-MSE,v_y,0.14362161626993764
Baseline-NN-MSE,v_y,0.08187471419220493
Baseline-NN-MSE,v_y,0.037597287666021995
Baseline-NN-MSE,v_y,0.06548398123836319
Baseline-NN-MSE,v_y,0.039634855281306725
Baseline-NN-MSE,v_y,0.0766278033468406
Baseline-NN-MSE,v_y,0.0980720137906706
Baseline-NN-MSE,v_y,0.06867971576717924
Baseline-NN-MSE,v_y,0.07528884600879626
Baseline-NN-MSE,v_y,0.06833037046648222
Baseline-NN-MSE,v_y,0.036339984789482305
Baseline-NN-MSE,v_y,0.09432917359927717
Baseline-NN-MSE,v_y,0.16996049014450498
Baseline-NN-MSE,v_y,0.062012970962822433
Baseline-NN-MSE,v_y,0.06741985419242136
Baseline-NN-MSE,v_y,0.05220443043860068
Baseline-NN-MSE,v_y,0.018412678785303616
Baseline-NN-MSE,v_y,0.05288131384100203
Baseline-NN-MSE,v_y,0.03473695160684731
Baseline-NN-MSE,v_y,0.016082785352387052
Baseline-NN-MSE,v_y,0.03266515134642667
Baseline-NN-MSE,v_y,0.031584212335822814
Baseline-NN-MSE,v_y,0.011678675612023959
Baseline-NN-MSE,v_y,0.03581782110962084
Baseline-NN-MSE,v_y,0.028809158409681013
Baseline-NN-MSE,v_y,0.009066942448458792
Baseline-NN-MSE,v_y,0.024932944634313225
Baseline-NN-MSE,v_y,0.0055278932716014695
Baseline-NN-MSE,v_y,0.022893810503951284
Baseline-NN-MSE,v_y,0.007472359291503083
Baseline-NN-MSE,v_y,0.018467000852341875
Baseline-NN-MSE,v_y,0.032886954890793824
Baseline-NN-MSE,v_y,0.026462913406600203
Baseline-NN-MSE,v_y,0.03599362549711707
Baseline-NN-MSE,v_y,0.00657976064682364
Baseline-NN-MSE,v_y,0.002792275070757577
Baseline-NN-MSE,v_y,0.012185313563551625
Baseline-NN-MSE,v_y,0.008233872083555333
Baseline-NN-MSE,v_y,0.013467495993368578
Baseline-NN-MSE,v_y,0.013347712970328968
Baseline-NN-MSE,v_y,0.011910133189749705
Baseline-NN-MSE,v_y,0.009754775662234205
Baseline-NN-MSE,v_y,0.011208172788741338
Baseline-NN-MSE,v_y,0.01100795676048226
Baseline-NN-MSE,v_y,0.011379550619936396
Baseline-NN-MSE,v_y,0.005457364934854658
Baseline-NN-MSE,v_y,0.01720191046340719
Baseline-NN-MSE,v_y,0.01017968057393756
Baseline-NN-MSE,v_y,0.00459376190323095
Baseline-NN-MSE,v_y,0.009828715996237705
Baseline-NN-MSE,v_y,0.005230632168072749
Baseline-NN-MSE,v_y,0.019896380336927963
Baseline-NN-MSE,v_y,0.004262242607055933
Baseline-NN-MSE,v_y,0.01052873591755063
Baseline-NN-MSE,v_y,0.005062238036116745
Baseline-NN-MSE,v_y,0.009810640327331505
Baseline-NN-MSE,v_y,0.005456638173108597
Baseline-NN-MSE,v_y,0.011263833147582919
Baseline-NN-MSE,v_y,0.01584538288037801
Baseline-NN-MSE,v_y,0.010153733706511653
Baseline-NN-MSE,v_y,0.020769999888049118
Baseline-NN-MSE,v_y,0.01020766015158503
Baseline-NN-MSE,v_y,0.010532070344908107
Baseline-NN-MSE,v_y,0.010886806848511427
Baseline-NN-MSE,v_y,0.008528208194346631
Baseline-NN-MSE,v_y,0.009119379505058894
Baseline-NN-MSE,v_y,0.013095980944902719
Baseline-NN-MSE,v_y,0.009160119958859472
Baseline-NN-MSE,v_y,0.0036932974868261748
Baseline-NN-MSE,v_y,0.010673978409119156
Baseline-NN-MSE,v_y,0.009518447528417143
Baseline-NN-MSE,v_y,0.005341856145098217
Baseline-NN-MSE,v_y,0.02209708785510349
Baseline-NN-MSE,v_y,0.011263124357671656
Baseline-NN-MSE,v_y,0.009129176708772141
Baseline-NN-MSE,v_y,0.00252167165651887
Baseline-NN-MSE,v_y,0.009138824086520336
Baseline-NN-MSE,v_y,0.0025624230281329347
Baseline-NN-MSE,v_y,0.008852121097913251
Baseline-NN-MSE,v_y,0.0021738851262412956
Baseline-NN-MSE,v_y,0.006704277114180104
Baseline-NN-MSE,v_y,0.011581789050699925
Baseline-NN-MSE,v_y,0.004627053284370741
Baseline-NN-MSE,v_y,0.016624137760526472
Baseline-NN-MSE,v_y,0.010336957481926062
Baseline-NN-MSE,v_y,0.008157377151626621
Baseline-NN-MSE,v_y,0.004716435719577444
Baseline-NN-MSE,v_y,0.0037615528268575005
Baseline-NN-MSE,v_y,0.005575111196034072
Baseline-NN-MSE,v_y,0.0031145728128225136
Baseline-NN-MSE,v_y,0.007277775475855425
Baseline-NN-MSE,v_y,0.0027437927211524937
Baseline-NN-MSE,v_y,0.007295829332972639
Baseline-NN-MSE,v_y,0.004219233016668919
Baseline-NN-MSE,v_y,0.007291209484602393
Baseline-NN-MSE,v_y,0.00677407460268685
Baseline-NN-MSE,v_y,0.00781330059891125
Baseline-NN-MSE,v_y,0.007818934416184115
Baseline-NN-MSE,v_y,0.005187881584636789
Baseline-NN-MSE,v_y,0.00510929645296368
Baseline-NN-MSE,v_y,0.006126475389270122
Baseline-NN-MSE,v_y,0.006327198914510591
Baseline-NN-MSE,v_y,0.005471950793131383
Baseline-NN-MSE,v_y,0.0047459711289456336
Baseline-NN-MSE,v_y,0.006019838679329877
Baseline-NN-MSE,v_y,0.007447674856716116
Baseline-NN-MSE,v_y,0.002079912431282173
Baseline-NN-MSE,v_y,0.002938177347335376
Baseline-NN-MSE,v_y,0.005599259646863176
Baseline-NN-MSE,v_y,0.0032990950619842113
Baseline-NN-MSE,v_y,0.006095207780972785
Baseline-NN-MSE,v_y,0.002884445683381316
Baseline-NN-MSE,v_y,0.0058655526454376855
Baseline-NN-MSE,v_y,0.004753793520831044
Baseline-NN-MSE,v_y,0.00938059758199846
Baseline-NN-MSE,v_y,0.00874602781870859
Baseline-NN-MSE,v_y,0.004040764150959095
Baseline-NN-MSE,v_y,0.004527155858336435
Baseline-NN-MSE,v_y,0.0015095843219340398
Baseline-NN-MSE,v_y,0.0026282494628798846
Baseline-NN-MSE,v_y,0.0040650515864098236
Baseline-NN-MSE,v_y,0.003946440594915469
Baseline-NN-MSE,v_y,-0.0012292388219971237
Baseline-NN-MSE,v_y,-0.0012406129168533071
Baseline-NN-MSE,v_y,-0.0041051250342858114
Baseline-NN-MSE,v_y,0.001027072033571233
Baseline-NN-MSE,v_y,-0.00686809089785087
Baseline-NN-MSE,v_y,-0.004881290782706743
Baseline-NN-MSE,v_y,-0.012232674772938518
Baseline-NN-MSE,v_y,0.000880337229512862
Baseline-NN-MSE,v_y,-0.01271610115720001
Baseline-NN-MSE,v_y,0.0004611125568119989
Baseline-NN-MSE,v_y,-0.03037133697501146
Baseline-NN-MSE,v_y,-0.01672081366741024
Baseline-NN-MSE,v_y,-0.012377504047015264
Baseline-NN-MSE,v_y,-0.009749543991949772
Baseline-NN-MSE,v_y,-0.022899080302955566
Baseline-NN-MSE,v_y,-0.021732318648550908
Baseline-NN-MSE,v_y,-0.012085802062889783
Baseline-NN-MSE,v_y,-0.042896292822189375
Baseline-NN-MSE,v_y,-0.005401592370990416
Baseline-NN-MSE,v_y,-0.01556061378132112
Baseline-NN-MSE,v_y,-0.011731953098462977
Baseline-NN-MSE,v_y,-0.02310298473060879
Baseline-NN-MSE,v_y,-0.029069887737526
Baseline-NN-MSE,v_y,-0.04209494335036412
Baseline-NN-MSE,v_y,-0.0319437728723741
Baseline-NN-MSE,v_y,-0.0393552356099417
Baseline-NN-MSE,v_y,-0.02059869750763793
Baseline-NN-MSE,v_y,-0.03367549564024669
Baseline-NN-MSE,v_y,-0.0208295316701132
Baseline-NN-MSE,v_y,-0.03975333949512211
Baseline-NN-MSE,v_y,-0.020872405925532078
Baseline-NN-MSE,v_y,-0.044278137626322045
Baseline-NN-MSE,v_y,-0.03252489307705919
Baseline-NN-MSE,v_y,-0.03519119139206772
Baseline-NN-MSE,v_y,-0.0051979171321066
Baseline-NN-MSE,v_y,-0.0022817227159894204
Baseline-NN-MSE,v_y,0.009876947371937644
Baseline-NN-MSE,v_y,0.005453041106112333
Baseline-NN-MSE,v_y,0.002319833353396486
Baseline-NN-MSE,v_y,0.0031991367022457945
Baseline-NN-MSE,v_y,0.010827960737537827
Baseline-NN-MSE,v_y,0.004635670508541766
Baseline-NN-MSE,v_y,0.015035713445967316
Baseline-NN-MSE,v_y,0.006922218449517135
Baseline-NN-MSE,v_y,0.012390294206105372
Baseline-NN-MSE,v_y,0.023510997529009342
Baseline-NN-MSE,v_y,0.019003892830584526
Baseline-NN-MSE,v_y,0.017320071465616954
Baseline-NN-MSE,v_y,0.034284784399949836
Baseline-NN-MSE,v_y,0.013977861887079307
Baseline-NN-MSE,v_y,0.016646312993650797
Baseline-NN-MSE,v_y,0.036475209753578236
Baseline-NN-MSE,v_y,0.021230457794499197
Baseline-NN-MSE,v_y,0.041093788659100405
Baseline-NN-MSE,v_y,0.02594367369876313
Baseline-NN-MSE,v_y,0.04878343325645157
Baseline-NN-MSE,v_y,0.05690845613214021
Baseline-NN-MSE,v_y,0.04584170593429826
Baseline-NN-MSE,v_y,0.07243322524961693
Baseline-NN-MSE,v_y,0.08337998529320922
Baseline-NN-MSE,v_y,0.022806034877269177
Baseline-NN-MSE,v_y,0.08791429522269406
Baseline-NN-MSE,v_y,0.030761498709667268
Baseline-NN-MSE,v_y,0.11685658886950856
Baseline-NN-MSE,v_y,0.0433689133492795
Baseline-NN-MSE,v_y,0.13221074596051208
Baseline-NN-MSE,v_y,0.034027460115418795
Baseline-NN-MSE,v_y,0.13496002975943677
Baseline-NN-MSE,v_y,0.03828868349003167
Baseline-NN-MSE,v_y,0.13830775695382092
Baseline-NN-MSE,v_y,0.07603425310358236
Baseline-NN-MSE,v_y,0.13261465738569422
Baseline-NN-MSE,v_y,0.08028215007853734
Baseline-NN-MSE,v_y,0.08164959272222361
Baseline-NN-MSE,v_y,0.04526598278511107
Baseline-NN-MSE,v_y,0.07967556396994857
Baseline-NN-MSE,v_y,0.026146998708751812
Baseline-NN-MSE,v_y,0.05364956292386236
Baseline-NN-MSE,v_y,0.041478748400734344
Baseline-NN-MSE,v_y,0.03908225388257153
Baseline-NN-MSE,v_y,0.037189976178538864
Baseline-NN-MSE,v_y,0.02196176314837267
Baseline-NN-MSE,v_y,0.029354361839159016
Baseline-NN-MSE,v_y,0.0293294809836096
Baseline-NN-MSE,v_y,0.008990979952856082
Baseline-NN-MSE,v_y,0.017219701945434762
Baseline-NN-MSE,v_y,0.017096813012380252
Baseline-NN-MSE,v_y,0.01794651130249736
Baseline-NN-MSE,v_y,0.014482017037727807
Baseline-NN-MSE,v_y,0.01302812249415819
Baseline-NN-MSE,v_y,0.010776102241944474
Baseline-NN-MSE,v_y,0.007750754585085354
Baseline-NN-MSE,v_y,0.005356818887730985
Baseline-NN-MSE,v_y,0.0021539491637553587
Baseline-NN-MSE,v_y,0.0014563177942245459
Baseline-NN-MSE,v_y,0.0006688303332860329
Baseline-NN-MSE,v_y,-0.00334141193306213
Baseline-NN-MSE,v_y,-0.0016240438940669931
Baseline-NN-MSE,v_y,-0.0069708057578875895
Baseline-NN-MSE,v_y,-0.0027350256378351895
Baseline-NN-MSE,v_y,-0.008508556518934809
Baseline-NN-MSE,v_y,-0.003195850739667404
Baseline-NN-MSE,v_y,-0.011094478403274287
Baseline-NN-MSE,v_y,-0.007146031746674927
Baseline-NN-MSE,v_y,-0.01133203433823838
Baseline-NN-MSE,v_y,-0.016257977402728732
Baseline-NN-MSE,v_y,-0.011986476982305469
Baseline-NN-MSE,v_y,-0.018596456216275897
Baseline-NN-MSE,v_y,-0.02537475243299142
Baseline-NN-MSE,v_y,-0.02208988945680805
Baseline-NN-MSE,v_y,-0.030960740443500417
Baseline-NN-MSE,v_y,-0.04000325307376662
Baseline-NN-MSE,v_y,-0.027746062286357898
Baseline-NN-MSE,v_y,-0.045562842809158566
Baseline-NN-MSE,v_y,-0.050277415900489675
Baseline-NN-MSE,v_y,-0.013948216079292558
Baseline-NN-MSE,v_y,-0.04943426704250195
Baseline-NN-MSE,v_y,-0.017910100365504722
Baseline-NN-MSE,v_y,-0.05927783157955124
Baseline-NN-MSE,v_y,-0.02594673780499107
Baseline-NN-MSE,v_y,-0.05512613781452891
Baseline-NN-MSE,v_y,-0.06538123819576247
Baseline-NN-MSE,v_y,-0.1119429860573726
Baseline-NN-MSE,v_y,-0.1179862937319596
Baseline-NN-MSE,v_y,-0.055010281113358706
Baseline-NN-MSE,v_y,-0.032221349411708566
Baseline-NN-MSE,v_y,-0.06767551025275698
Baseline-NN-MSE,v_y,-0.12678752696768103
Baseline-NN-MSE,v_y,-0.03943128388094419
Baseline-NN-MSE,v_y,-0.09135309764263244
Baseline-NN-MSE,v_y,-0.07952280167654846
Baseline-NN-MSE,v_y,-0.09956568221221362
Baseline-NN-MSE,v_y,-0.08948066904956797
Baseline-NN-MSE,v_y,-0.10983256798800928
Baseline-NN-MSE,v_y,-0.12542034299248433
Baseline-NN-MSE,v_y,-0.1378800513574096
Baseline-NN-MSE,v_y,-0.10094195842585368
Baseline-NN-MSE,v_y,-0.11174923875306197
Baseline-NN-MSE,v_y,-0.06980449294501995
Baseline-NN-MSE,v_y,-0.046136805905183875
Baseline-NN-MSE,v_y,-0.04188919899936927
Baseline-NN-MSE,v_y,-0.07091030671277282
Baseline-NN-MSE,v_y,-0.010490185361631321
Baseline-NN-MSE,v_y,-0.012236163060468458
Baseline-NN-MSE,v_y,-0.006562198328031621
Baseline-NN-MSE,v_y,-0.01117818436790377
Baseline-NN-MSE,v_y,-0.004418557616847438
Baseline-NN-MSE,v_y,-0.003774777668073173
Baseline-NN-MSE,v_y,-0.007529901247102046
Baseline-NN-MSE,v_y,-0.0013905256042073266
Baseline-NN-MSE,v_y,0.003789859856176605
Baseline-NN-MSE,v_y,0.012148470236974143
Baseline-NN-MSE,v_y,0.020327292821721736
Baseline-NN-MSE,v_y,0.011155965034923825
Baseline-NN-MSE,v_y,0.00599063944059243
Baseline-NN-MSE,v_y,0.009507196404804505
Baseline-NN-MSE,v_y,0.010842685459279286
Baseline-NN-MSE,v_y,0.029177784998522388
Baseline-NN-MSE,v_y,0.03703318872087438
Baseline-NN-MSE,v_y,0.02510931764795077
Baseline-NN-MSE,v_y,0.04495276395254941
Baseline-NN-MSE,v_y,0.05988924993271644
Baseline-NN-MSE,v_y,0.018516261665772082
Baseline-NN-MSE,v_y,0.12877527539333639
Baseline-NN-MSE,v_y,0.06597760106989597
Baseline-NN-MSE,v_y,0.06160232025728429
Baseline-NN-MSE,v_y,0.09159593311611547
Baseline-NN-MSE,v_y,0.11378508955847855
Baseline-NN-MSE,v_y,0.06410073452990184
Baseline-NN-MSE,v_y,0.09887463055285534
Baseline-NN-MSE,v_y,0.10624567931296358
Baseline-NN-MSE,v_y,0.08548210946534951
Baseline-NN-MSE,v_y,0.05914576385659476
Baseline-NN-MSE,v_y,0.08030921399321972
Baseline-NN-MSE,v_y,0.04209970500211935
Baseline-NN-MSE,v_y,0.08129463037103768
Baseline-NN-MSE,v_y,0.038151568218599885
Baseline-NN-MSE,v_y,0.08250971331976437
Baseline-NN-MSE,v_y,0.03618088969854838
Baseline-NN-MSE,v_y,0.08229547751644128
Baseline-NN-MSE,v_y,0.06431602589270458
Baseline-NN-MSE,v_y,0.07220788299237368
Baseline-NN-MSE,v_y,0.10663452378458615
Baseline-NN-MSE,v_y,0.06857230259423275
Baseline-NN-MSE,v_y,0.07383936753419124
Baseline-NN-MSE,v_y,0.08835122715862104
Baseline-NN-MSE,v_y,0.04228641716761228
Baseline-NN-MSE,v_y,0.07953501194535673
Baseline-NN-MSE,v_y,0.04355905327370291
Baseline-NN-MSE,v_y,0.07618437590685784
Baseline-NN-MSE,v_y,0.04642950555040959
Baseline-NN-MSE,v_y,0.08312843718426882
Baseline-NN-MSE,v_y,0.044080512108780945
Baseline-NN-MSE,v_y,0.08286649269142365
Baseline-NN-MSE,v_y,0.11938757428297697
Baseline-NN-MSE,v_y,0.08591326428838575
Baseline-NN-MSE,v_y,0.08351851108809344
Baseline-NN-MSE,v_y,0.09080386452661066
Baseline-NN-MSE,v_y,0.08848464744628848
Baseline-NN-MSE,v_y,0.05145901271476577
Baseline-NN-MSE,v_y,0.027190376971605756
Baseline-NN-MSE,v_y,0.01667232772305849
Baseline-NN-MSE,v_y,0.019230388251451735
Baseline-NN-MSE,v_y,0.008445026698350178
Baseline-NN-MSE,v_y,0.016301783676449466
Baseline-NN-MSE,v_y,0.00894045291919543
Baseline-NN-MSE,v_y,0.01176884739444417
Baseline-NN-MSE,v_y,0.013862465314525618
Baseline-NN-MSE,v_y,0.00633253288729102
Baseline-NN-MSE,v_y,0.005947340469098172
Baseline-NN-MSE,v_y,0.006704358875340655
Baseline-NN-MSE,v_y,-0.000954475598308302
Baseline-NN-MSE,v_y,0.008698709201043209
Baseline-NN-MSE,v_y,-0.01998484763639935
Baseline-NN-MSE,v_y,0.010359087434927416
Baseline-NN-MSE,v_y,0.00830003592594436
Baseline-NN-MSE,v_y,-0.0017095363209684855
Baseline-NN-MSE,v_y,-0.010352791459175614
Baseline-NN-MSE,v_y,-0.0003478615115725392
Baseline-NN-MSE,v_y,-0.03227099513693589
Baseline-NN-MSE,v_y,-0.01343193474095692
Baseline-NN-MSE,v_y,-0.0033502228425704994
Baseline-NN-MSE,v_y,0.0004039502650944049
Baseline-NN-MSE,v_y,0.025534058640787283
Baseline-NN-MSE,v_y,0.004449101691032353
Baseline-NN-MSE,v_y,0.0051185074663151475
Baseline-NN-MSE,v_y,-0.00020842660826458914
Baseline-NN-MSE,v_y,-0.00705873455623518
Baseline-NN-MSE,v_y,-0.00418896659038992
Baseline-NN-MSE,v_y,-0.003421076104382137
Baseline-NN-MSE,v_y,-0.013312672517428847
Baseline-NN-MSE,v_y,-0.004030178255383876
Baseline-NN-MSE,v_y,-0.00913925529077153
Baseline-NN-MSE,v_y,-0.013344966598015873
Baseline-NN-MSE,v_y,-0.009541331493718719
Baseline-NN-MSE,v_y,-0.015405334448205243
Baseline-NN-MSE,v_y,-0.005945995757424494
Baseline-NN-MSE,v_y,-0.014472905649797085
Baseline-NN-MSE,v_y,-0.006051771360022107
Baseline-NN-MSE,v_y,-0.004331548760121651
Baseline-NN-MSE,v_y,-0.018273298101127766
Baseline-NN-MSE,v_y,-0.014658214752001797
Baseline-NN-MSE,v_y,0.005147035733183425
Baseline-NN-MSE,v_y,0.00499118722206493
Baseline-NN-MSE,v_y,0.009322257219216368
Baseline-NN-MSE,v_y,0.006892960141896998
Baseline-NN-MSE,v_y,0.007622719598442018
Baseline-NN-MSE,v_y,0.004853647650099213
Baseline-NN-MSE,v_y,0.01289545359422134
Baseline-NN-MSE,v_y,0.013689534317718632
Baseline-NN-MSE,v_y,0.023401035852846752
Baseline-NN-MSE,v_y,0.017061870931335432
Baseline-NN-MSE,v_y,0.024644411232036256
Baseline-NN-MSE,v_y,0.009470486092503616
Baseline-NN-MSE,v_y,0.022220135221068193
Baseline-NN-MSE,v_y,0.007315808925680345
Baseline-NN-MSE,v_y,0.012602340197145151
Baseline-NN-MSE,v_y,0.010719368767152265
Baseline-NN-MSE,v_y,0.02197424646832452
Baseline-NN-MSE,v_y,0.012327036568764604
Baseline-NN-MSE,v_y,0.014283977384682553
Baseline-NN-MSE,v_y,0.00826653523586885
Baseline-NN-MSE,v_y,0.004467174499519007
Baseline-NN-MSE,v_y,0.002847388039767352
Baseline-NN-MSE,v_y,0.00046079442116958927
Baseline-NN-MSE,v_y,0.003906025339678175
Baseline-NN-MSE,v_y,0.0015703043891366654
Baseline-NN-MSE,v_y,0.001329332690923276
Baseline-NN-MSE,v_y,0.0013429735616834054
Baseline-NN-MSE,v_y,0.0024819675893776264
Baseline-NN-MSE,v_y,0.003493049073405554
Baseline-NN-MSE,v_y,0.004262939479918057
Baseline-NN-MSE,v_y,0.003930230226291971
Baseline-NN-MSE,v_y,0.005480244573780303
Baseline-NN-MSE,v_y,0.001472932428931071
Baseline-NN-MSE,v_y,0.0034798527441821867
Baseline-NN-MSE,v_y,0.002334028896065845
Baseline-NN-MSE,v_y,0.004398897089905221
Baseline-NN-MSE,v_y,0.0020485974868579924
Baseline-NN-MSE,v_y,0.003930598829376115
Baseline-NN-MSE,v_y,0.003970504861002005
Baseline-NN-MSE,v_y,0.0037683908660583205
Baseline-NN-MSE,v_y,0.003042389005006986
Baseline-NN-MSE,v_y,0.002947742609626331
Baseline-NN-MSE,v_y,0.0023364463539758077
Baseline-NN-MSE,v_y,0.003543373723127238
Baseline-NN-MSE,v_y,0.0036907995243948225
Baseline-NN-MSE,v_y,0.003917242913094262
Baseline-NN-MSE,v_y,0.004957779386325872
Baseline-NN-MSE,v_y,0.00967785182700238
Baseline-NN-MSE,v_y,0.006241051617933323
Baseline-NN-MSE,v_y,0.011139528082033055
Baseline-NN-MSE,v_y,0.005571113931657147
Baseline-NN-MSE,v_y,0.010959540760058343
Baseline-NN-MSE,v_y,0.005568095758787314
Baseline-NN-MSE,v_y,0.005191450074683204
Baseline-NN-MSE,v_y,0.004269698631124421
Baseline-NN-MSE,v_y,0.007140509288651455
Baseline-NN-MSE,v_y,0.006872218950355554
Baseline-NN-MSE,v_y,0.009795573222361643
Baseline-NN-MSE,v_y,0.005798530083577325
Baseline-NN-MSE,v_y,0.0029489335506736967
Baseline-NN-MSE,v_y,0.010567710153520057
Baseline-NN-MSE,v_y,0.0039026691313936556
Baseline-NN-MSE,v_y,0.008155351985967558
Baseline-NN-MSE,v_y,0.002645143555025087
Baseline-NN-MSE,v_y,0.002720105761316362
Baseline-NN-MSE,v_y,0.005791158425471576
Baseline-NN-MSE,v_y,0.0033773074852632076
Baseline-NN-MSE,v_y,0.0068004503957231725
Baseline-NN-MSE,v_y,0.01243107634000053
Baseline-NN-MSE,v_y,0.015052841385047902
Baseline-NN-MSE,v_y,0.0071306775963799075
Baseline-NN-MSE,v_y,0.0026306454824705817
Baseline-NN-MSE,v_y,0.0049108446387476044
Baseline-NN-MSE,v_y,0.0022372952265729933
Baseline-NN-MSE,v_y,0.0038133376061817575
Baseline-NN-MSE,v_y,0.002380697814157732
Baseline-NN-MSE,v_y,0.004601463238191387
Baseline-NN-MSE,v_y,0.004933427502657222
Baseline-NN-MSE,v_y,0.004738838512722474
Baseline-NN-MSE,v_y,0.005849971944294773
Baseline-NN-MSE,v_y,0.0061493644627844575
Baseline-NN-MSE,v_y,0.006653474182734272
Baseline-NN-MSE,v_y,0.0028152709234838032
Baseline-NN-MSE,v_y,0.005267606976370763
Baseline-NN-MSE,v_y,0.002629285420444655
Baseline-NN-MSE,v_y,0.004398113461995624
Baseline-NN-MSE,v_y,0.0030436628779947975
Baseline-NN-MSE,v_y,0.00799819489834162
Baseline-NN-MSE,v_y,0.008939999911419135
Baseline-NN-MSE,v_y,0.0059401287393131795
Baseline-NN-MSE,v_y,0.00592079295769209
Baseline-NN-MSE,v_y,0.0023987903209438735
Baseline-NN-MSE,v_y,0.005033032297858595
Baseline-NN-MSE,v_y,0.004899677176768338
Baseline-NN-MSE,v_y,0.004223243048737564
Baseline-NN-MSE,v_y,0.005012646732514368
Baseline-NN-MSE,v_y,0.0019817611635539537
Baseline-NN-MSE,v_y,0.00403832067572597
Baseline-NN-MSE,v_y,0.0021200981412656285
Baseline-NN-MSE,v_y,0.004384011147805431
Baseline-NN-MSE,v_y,0.002648243472075283
Baseline-NN-MSE,v_y,0.006097153625383369
Baseline-NN-MSE,v_y,0.0062759608920896146
Baseline-NN-MSE,v_y,0.0061639238664818905
Baseline-NN-MSE,v_y,0.005656464420776037
Baseline-NN-MSE,v_y,0.005638000084534499
Baseline-NN-MSE,v_y,0.00551819431593748
Baseline-NN-MSE,v_y,0.005973267781839837
Baseline-NN-MSE,v_y,0.005477823867841965
Baseline-NN-MSE,v_y,0.00515861394813074
Baseline-NN-MSE,v_y,0.004173078337310832
Baseline-NN-MSE,v_y,0.00395671946138269
Baseline-NN-MSE,v_y,0.0052616162361402465
Baseline-NN-MSE,v_y,0.004256566885713908
Baseline-NN-MSE,v_y,0.004366495397893976
Baseline-NN-MSE,v_y,0.002022964299945123
Baseline-NN-MSE,v_y,0.009510314754956846
Baseline-NN-MSE,v_y,0.0023586098940169588
Baseline-NN-MSE,v_y,0.004533331811092764
Baseline-NN-MSE,v_y,0.0013743918813075191
Baseline-NN-MSE,v_y,0.0027118659781347684
Baseline-NN-MSE,v_y,0.003920452095029663
Baseline-NN-MSE,v_y,0.006702024275700803
Baseline-NN-MSE,v_y,0.007472146059535983
Baseline-NN-MSE,v_y,0.004069512097243263
Baseline-NN-MSE,v_y,0.002010358471756204
Baseline-NN-MSE,v_y,0.0035138227956230984
Baseline-NN-MSE,v_y,0.0011367373427734195
Baseline-NN-MSE,v_y,0.00276903132875031
Baseline-NN-MSE,v_y,0.004670814024011649
Baseline-NN-MSE,v_y,0.002750423985922252
Baseline-NN-MSE,v_y,0.0017379999722015697
Baseline-NN-MSE,v_y,0.003520279870682503
Baseline-NN-MSE,v_y,0.0021315326316182458
Baseline-NN-MSE,v_y,0.0010451371317447625
Baseline-NN-MSE,v_y,0.005806819303375732
Baseline-NN-MSE,v_y,0.005566098746509721
Baseline-NN-MSE,v_y,0.002512122861852595
Baseline-NN-MSE,v_y,0.003615226178440359
Baseline-NN-MSE,v_y,0.00022213482260922263
Baseline-NN-MSE,v_y,0.004676804891809622
Baseline-NN-MSE,v_y,0.002191190150709517
Baseline-NN-MSE,v_y,0.0010554820381704598
Baseline-NN-MSE,v_y,0.003894953938886843
Baseline-NN-MSE,v_y,0.0010010718620501735
Baseline-NN-MSE,v_y,0.005605808934861355
Baseline-NN-MSE,v_y,0.003973770950172616
Baseline-NN-MSE,v_y,0.0021293981052615853
Baseline-NN-MSE,v_y,0.0037407877389599824
Baseline-NN-MSE,v_y,0.0020134727584117176
Baseline-NN-MSE,v_y,0.0065897462362172025
Baseline-NN-MSE,v_y,0.003515898391379356
Baseline-NN-MSE,v_y,0.002182855901836811
Baseline-NN-MSE,v_y,0.0035008274022145167
Baseline-NN-MSE,v_y,0.0016739309177204661
Baseline-NN-MSE,v_y,0.0012308985346991333
Baseline-NN-MSE,v_y,0.0014974884737365898
Baseline-NN-MSE,v_y,0.0015514612127439445
Baseline-NN-MSE,v_y,0.0020682514525525997
Baseline-NN-MSE,v_y,0.004225808098426917
Baseline-NN-MSE,v_y,0.004662567573658266
Baseline-NN-MSE,v_y,0.009514210221445281
Baseline-NN-MSE,v_y,0.01317356372430259
Baseline-NN-MSE,v_y,0.00587256262938822
Baseline-NN-MSE,v_y,0.0018889300634521572
Baseline-NN-MSE,v_y,0.004062976320103731
Baseline-NN-MSE,v_y,0.0023815460177320225
Baseline-NN-MSE,v_y,0.004660515787324376
Baseline-NN-MSE,v_y,0.0025009718190524
Baseline-NN-MSE,v_y,0.00416117793176958
Baseline-NN-MSE,v_y,0.005239347052382395
Baseline-NN-MSE,v_y,0.006364283187465361
Baseline-NN-MSE,v_y,0.00669079969152947
Baseline-NN-MSE,v_y,0.0027621120238503216
Baseline-NN-MSE,v_y,0.005847366781080832
Baseline-NN-MSE,v_y,0.0028110514410142617
Baseline-NN-MSE,v_y,0.005115727818834598
Baseline-NN-MSE,v_y,0.0025555264403831074
Baseline-NN-MSE,v_y,0.005559630383382058
Baseline-NN-MSE,v_y,0.004875546919298729
Baseline-NN-MSE,v_y,0.004837413425755138
Baseline-NN-MSE,v_y,0.00537006379895251
Baseline-NN-MSE,v_y,0.007670473427456817
Baseline-NN-MSE,v_y,0.005590272219612377
Baseline-NN-MSE,v_y,0.00911353243622734
Baseline-NN-MSE,v_y,0.0034656594988212164
Baseline-NN-MSE,v_y,0.00615847774508585
Baseline-NN-MSE,v_y,0.002437600194167694
Baseline-NN-MSE,v_y,0.0025921776421996973
Baseline-NN-MSE,v_y,0.011790103291878656
Baseline-NN-MSE,v_y,0.0021397522636197736
Baseline-NN-MSE,v_y,0.007279256560009301
Baseline-NN-MSE,v_y,0.005193462848116712
Baseline-NN-MSE,v_y,0.0028333127690483018
Baseline-NN-MSE,v_y,-0.0015111994391409367
Baseline-NN-MSE,v_y,-0.00124045934610037
Baseline-NN-MSE,v_y,-0.0037028212066471944
Baseline-NN-MSE,v_y,-0.004979318218302664
Baseline-NN-MSE,v_y,-0.0028941699779634067
Baseline-NN-MSE,v_y,-0.002425180985299036
Baseline-NN-MSE,v_y,-0.002076472073454891
Baseline-NN-MSE,v_y,-0.005827447068230657
Baseline-NN-MSE,v_y,-0.0019999243522617477
Baseline-NN-MSE,v_y,0.000853605243238624
Baseline-NN-MSE,v_y,-0.002773796606195228
Baseline-NN-MSE,v_y,0.0015760617854271575
Baseline-NN-MSE,v_y,0.0002468789925083731
Baseline-NN-MSE,v_y,-0.0013494364503694872
Baseline-NN-MSE,v_y,-0.0005336601392458562
Baseline-NN-MSE,v_y,-0.002614402105347885
Baseline-NN-MSE,v_y,-0.0030583602949781352
Baseline-NN-MSE,v_y,-0.0043013491101743795
Baseline-NN-MSE,v_y,-0.003048932109980279
Baseline-NN-MSE,v_y,-0.009601460318153426
Baseline-NN-MSE,v_y,-0.005560271246804582
Baseline-NN-MSE,v_y,-0.0029522767557037533
Baseline-NN-MSE,v_y,-0.0012521978224132035
Baseline-NN-MSE,v_y,-0.002449148918133609
Baseline-NN-MSE,v_y,0.0005162748468909573
Baseline-NN-MSE,v_y,6.039790458092775e-05
Baseline-NN-MSE,v_y,0.0017137377198921944
Baseline-NN-MSE,v_y,0.001852185233399417
Baseline-NN-MSE,v_y,0.004364689157651702
Baseline-NN-MSE,v_y,0.0016585387854837486
Baseline-NN-MSE,v_y,0.010029024415383642
Baseline-NN-MSE,v_y,0.029548568290919314
Baseline-NN-MSE,v_y,0.005657576262065284
Baseline-NN-MSE,v_y,0.006419476042746508
Baseline-NN-MSE,v_y,0.013806760177652644
Baseline-NN-MSE,v_y,0.004008114249581918
Baseline-NN-MSE,v_y,0.009914918327223354
Baseline-NN-MSE,v_y,0.009074984261276342
Baseline-NN-MSE,v_y,0.006735927323633373
Baseline-NN-MSE,v_y,0.009425414570452706
Baseline-NN-MSE,v_y,0.0055589866340661764
Baseline-NN-MSE,v_y,0.020028059845687007
Baseline-NN-MSE,v_y,0.053526544037172274
Baseline-NN-MSE,v_y,0.04559928136877589
Baseline-NN-MSE,v_y,0.021387215623114464
Baseline-NN-MSE,v_y,0.03059318601598865
Baseline-NN-MSE,v_y,0.01791467710068395
Baseline-NN-MSE,v_y,0.021822500527287014
Baseline-NN-MSE,v_y,0.041356467876558556
Baseline-NN-MSE,v_y,0.044320885518400466
Baseline-NN-MSE,v_y,0.018484564287233662
Baseline-NN-MSE,v_y,0.01567291470643778
Baseline-NN-MSE,v_y,0.005211032335196486
Baseline-NN-MSE,v_y,0.005043491845713899
Baseline-NN-MSE,v_y,0.005149399395990351
Baseline-NN-MSE,v_y,0.031089737966146447
Baseline-NN-MSE,v_y,0.03407551818830329
Baseline-NN-MSE,v_y,0.014242052693189011
Baseline-NN-MSE,v_y,0.007453624640486656
Baseline-NN-MSE,v_y,0.021953186443900208
Baseline-NN-MSE,v_y,0.009230760155838735
Baseline-NN-MSE,v_y,0.05332313640742331
Baseline-NN-MSE,v_y,0.029780911427607137
Baseline-NN-MSE,v_y,0.05593816431002269
Baseline-NN-MSE,v_y,0.01869734443642901
Baseline-NN-MSE,v_y,0.04673889990858093
Baseline-NN-MSE,v_y,0.03880142449776941
Baseline-NN-MSE,v_y,0.1242240188799042
Baseline-NN-MSE,v_y,0.0729203313370892
Baseline-NN-MSE,v_y,0.048775914636672246
Baseline-NN-MSE,v_y,0.020583670137034604
Baseline-NN-MSE,v_y,0.04692708311251215
Baseline-NN-MSE,v_y,0.01877521907514612
Baseline-NN-MSE,v_y,0.02742405215322019
Baseline-NN-MSE,v_y,0.04972454858974129
Baseline-NN-MSE,v_y,0.017150267396707886
Baseline-NN-MSE,v_y,0.016369650270970593
Baseline-NN-MSE,v_y,0.011728393388283964
Baseline-NN-MSE,v_y,0.012407620151891507
Baseline-NN-MSE,v_y,-0.00023321137187931607
Baseline-NN-MSE,v_y,0.0163605891656044
Baseline-NN-MSE,v_y,0.00796387834275164
Baseline-NN-MSE,v_y,0.008437197650147943
Baseline-NN-MSE,v_y,0.005131369982098621
Baseline-NN-MSE,v_y,0.0009549615554396151
Baseline-NN-MSE,v_y,0.010205850881611855
Baseline-NN-MSE,v_y,0.0013006033051947696
Baseline-NN-MSE,v_y,0.010159516586669026
Baseline-NN-MSE,v_y,0.0009899045606623913
Baseline-NN-MSE,v_y,0.0049952483750614896
Baseline-NN-MSE,v_y,5.543572934119112e-05
Baseline-NN-MSE,v_y,-0.011060742742165175
Baseline-NN-MSE,v_y,-0.006984971285959263
Baseline-NN-MSE,v_y,-0.016997649372332946
Baseline-NN-MSE,v_y,0.015310116259814266
Baseline-NN-MSE,v_y,0.01754493699819004
Baseline-NN-MSE,v_y,0.01737405496212252
Baseline-NN-MSE,v_y,-0.030954575120636152
Baseline-NN-MSE,v_y,-0.04010284291710253
Baseline-NN-MSE,v_y,-0.01509982767453899
Baseline-NN-MSE,v_y,-0.006961102715308087
Baseline-NN-MSE,v_y,-0.014464628147942304
Baseline-NN-MSE,v_y,-0.004909820878147592
Baseline-NN-MSE,v_y,-0.023891943847891672
Baseline-NN-MSE,v_y,-0.005577523968422149
Baseline-NN-MSE,v_y,-0.0034710966728157128
Baseline-NN-MSE,v_y,-0.008004703231278582
Baseline-NN-MSE,v_y,-0.007707717885728049
Baseline-NN-MSE,v_y,-0.009042998098193672
Baseline-NN-MSE,v_y,-0.008840377746573539
Baseline-NN-MSE,v_y,-0.008995314442367217
Baseline-NN-MSE,v_y,-0.003213387790690206
Baseline-NN-MSE,v_y,-0.011120513091732492
Baseline-NN-MSE,v_y,-0.005540651061549724
Baseline-NN-MSE,v_y,-0.01062120881628538
Baseline-NN-MSE,v_y,-0.008029968326938572
Baseline-NN-MSE,v_y,-0.012597927739883746
Baseline-NN-MSE,v_y,-0.02515917171856394
Baseline-NN-MSE,v_y,-0.002275482620816116
Baseline-NN-MSE,v_y,0.011217611779246073
Baseline-NN-MSE,v_y,-0.0157472847687134
Baseline-NN-MSE,v_y,-0.0002590644365917938
Baseline-NN-MSE,v_y,-0.012604291652368649
Baseline-NN-MSE,v_y,-0.010179604488500194
Baseline-NN-MSE,v_y,-0.006856377443436701
Baseline-NN-MSE,v_y,-0.005882937230163587
Baseline-NN-MSE,v_y,0.009638039041556135
Baseline-NN-MSE,v_y,-0.006748004044325545
Baseline-NN-MSE,v_y,-0.005133924018973779
Baseline-NN-MSE,v_y,-0.005890339981142634
Baseline-NN-MSE,v_y,-0.0066491039347343905
Baseline-NN-MSE,v_y,-0.0019326455494629025
Baseline-NN-MSE,v_y,-0.010342843176906258
Baseline-NN-MSE,v_y,-0.008239662068904419
Baseline-NN-MSE,v_y,-0.01301764324489893
Baseline-NN-MSE,v_y,-0.010490327391379978
Baseline-NN-MSE,v_y,0.0004323106339464977
Baseline-NN-MSE,v_y,-0.0021575187078748392
Baseline-NN-MSE,v_y,-0.0017228134276081886
Baseline-NN-MSE,v_y,0.0005843860927655375
Baseline-NN-MSE,v_y,3.4306567950337374e-07
Baseline-NN-MSE,v_y,0.0028956039890018215
Baseline-NN-MSE,v_y,0.00038487773752722554
Baseline-NN-MSE,v_y,-0.006793161614684795
Baseline-NN-MSE,v_y,-0.0031872175357615384
Baseline-NN-MSE,v_y,-0.009279786879878918
Baseline-NN-MSE,v_y,-0.0029235988312190653
Baseline-NN-MSE,v_y,-0.0019852300567389375
Baseline-NN-MSE,v_y,-0.00045892795807503384
Baseline-NN-MSE,v_y,0.0013936481028561098
Baseline-NN-MSE,v_y,-0.0009398680689586547
Baseline-NN-MSE,v_y,-0.0004138941670563667
Baseline-NN-MSE,v_y,-0.0016219656039688501
Baseline-NN-MSE,v_y,-0.00045242304215226126
Baseline-NN-MSE,v_y,-0.004403339522502159
Baseline-NN-MSE,v_y,-0.0021664294027344128
Baseline-NN-MSE,v_y,-0.0021472351714944965
Baseline-NN-MSE,v_y,-0.0036420496603159977
Baseline-NN-MSE,v_y,-0.0044846184676465735
Baseline-NN-MSE,v_y,-0.005660391794093746
Baseline-NN-MSE,v_y,-0.007289984534415471
Baseline-NN-MSE,v_y,-0.003046032579004267
Baseline-NN-MSE,v_y,-0.006319767703331183
Baseline-NN-MSE,v_y,-0.002846322147315225
Baseline-NN-MSE,v_y,-0.005410755561326501
Baseline-NN-MSE,v_y,-0.0029431565778641755
Baseline-NN-MSE,v_y,-0.00652616890546719
Baseline-NN-MSE,v_y,-0.006219086567583135
Baseline-NN-MSE,v_y,-0.0034627882779880576
Baseline-NN-MSE,v_y,-0.003057972398673718
Baseline-NN-MSE,v_y,-0.0025959708900745917
Baseline-NN-MSE,v_y,-0.0001507298006893365
Baseline-NN-MSE,v_y,-0.004866781226225782
Baseline-NN-MSE,v_y,-0.003003123217066108
Baseline-NN-MSE,v_y,-0.0053660131102893915
Baseline-NN-MSE,v_y,-0.001954690477520185
Baseline-NN-MSE,v_y,-0.003359442887553507
Baseline-NN-MSE,v_y,-0.006230477326539852
Baseline-NN-MSE,v_y,-0.008210261687460797
Baseline-NN-MSE,v_y,-0.002962879826776999
Baseline-NN-MSE,v_y,-0.005690154382034114
Baseline-NN-MSE,v_y,-0.006104987737568311
Baseline-NN-MSE,v_y,-0.005659898505494771
Baseline-NN-MSE,v_y,-0.004627420233044736
Baseline-NN-MSE,v_y,-0.006740255704344311
Baseline-NN-MSE,v_y,-0.009121440000236177
Baseline-NN-MSE,v_y,-0.004673627792736536
Baseline-NN-MSE,v_y,-0.0029261335056027377
Baseline-NN-MSE,v_y,-0.004554316506961995
Baseline-NN-MSE,v_y,-0.003019640385872135
Baseline-NN-MSE,v_y,-0.005370732161320586
Baseline-NN-MSE,v_y,-0.003139594006632638
Baseline-NN-MSE,v_y,-0.005345006487562769
Baseline-NN-MSE,v_y,-0.010318392565177316
Baseline-NN-MSE,v_y,-0.005544813292152865
Baseline-NN-MSE,v_y,-0.0041811595353374
Baseline-NN-MSE,v_y,-0.0027860178388999296
Baseline-NN-MSE,v_y,-0.005170542594957505
Baseline-NN-MSE,v_y,-0.0027005408311154087
Baseline-NN-MSE,v_y,-0.011145078968670527
Baseline-NN-MSE,v_y,-0.0025169303955846975
Baseline-NN-MSE,v_y,-0.005506895654604059
Baseline-NN-MSE,v_y,-0.006301854716235546
Baseline-NN-MSE,v_y,-0.007005482310228811
Baseline-NN-MSE,v_y,-0.013766400173378998
Baseline-NN-MSE,v_y,-0.013131928712007732
Baseline-NN-MSE,v_y,-0.003116896971855295
Baseline-NN-MSE,v_y,-0.0033777659830123777
Baseline-NN-MSE,v_y,-0.006986852668531962
Baseline-NN-MSE,v_y,-0.0030541946412963317
Baseline-NN-MSE,v_y,-0.0069432890999182525
Baseline-NN-MSE,v_y,-0.0032562866043329645
Baseline-NN-MSE,v_y,-0.010007467277962118
Baseline-NN-MSE,v_y,-0.005320210850183501
Baseline-NN-MSE,v_y,-0.015435842615322973
Baseline-NN-MSE,v_y,-0.019728009156435338
Baseline-NN-MSE,v_y,-0.019291721626139957
Baseline-NN-MSE,v_y,-0.031431167360081474
Baseline-NN-MSE,v_y,-0.040489204606079666
Baseline-NN-MSE,v_y,-0.03877969901758543
Baseline-NN-MSE,v_y,-0.052879600067533165
Baseline-NN-MSE,v_y,-0.05956233565850161
Baseline-NN-MSE,v_y,-0.054794545798721644
Baseline-NN-MSE,v_y,-0.0655415753082072
Baseline-NN-MSE,v_y,-0.07816282333017109
Baseline-NN-MSE,v_y,-0.06996803726397614
Baseline-NN-MSE,v_y,-0.07346937588779907
Baseline-NN-MSE,v_y,-0.04743186239965831
Baseline-NN-MSE,v_y,-0.19316002977932456
Baseline-NN-MSE,v_y,-0.0471003733238273
Baseline-NN-MSE,v_y,-0.09334602149097168
Baseline-NN-MSE,v_y,-0.16069765461545948
Baseline-NN-MSE,v_y,-0.25071614236260265
Baseline-NN-MSE,v_y,-0.13604645759051337
Baseline-NN-MSE,v_y,-0.2058696080001382
Baseline-NN-MSE,v_y,-0.12853103410371308
Baseline-NN-MSE,v_y,-0.1549289417799793
Baseline-NN-MSE,v_y,-0.0643359142176519
Baseline-NN-MSE,v_y,-0.13999553341886073
Baseline-NN-MSE,v_y,-0.06756169832744774
Baseline-NN-MSE,v_y,-0.14328012461163994
Baseline-NN-MSE,v_y,-0.073115465132917
Baseline-NN-MSE,v_y,-0.07895841532006043
Baseline-NN-MSE,v_y,-0.2029759184765248
Baseline-NN-MSE,v_y,-0.0894559236721032
Baseline-NN-MSE,v_y,-0.16881333494116296
Baseline-NN-MSE,v_y,-0.12908928927082963
Baseline-NN-MSE,v_y,-0.1250776781407476
Baseline-NN-MSE,v_y,-0.08986847130696404
Baseline-NN-MSE,v_y,-0.09232595727725364
Baseline-NN-MSE,v_y,-0.08711770444676176
Baseline-NN-MSE,v_y,-0.0814140921969277
Baseline-NN-MSE,v_y,-0.08338064439854234
Baseline-NN-MSE,v_y,-0.07661536026996524
Baseline-NN-MSE,v_y,-0.05320520417361059
Baseline-NN-MSE,v_y,-0.04382585078611813
Baseline-NN-MSE,v_y,-0.048892931702033536
Baseline-NN-MSE,v_y,-0.02669975850936193
Baseline-NN-MSE,v_y,-0.013699214637666289
Baseline-NN-MSE,v_y,-0.003806110641412397
Baseline-NN-MSE,v_y,0.016180567072826932
Baseline-NN-MSE,v_y,0.001824831958055384
Baseline-NN-MSE,v_y,0.007744447074333846
Baseline-NN-MSE,v_y,0.015565993456583577
Baseline-NN-MSE,v_y,0.027710223402529835
Baseline-NN-MSE,v_y,0.012572715296114131
Baseline-NN-MSE,v_y,0.015399856585372042
Baseline-NN-MSE,v_y,0.020999023268651273
Baseline-NN-MSE,v_y,0.02097175085627398
Baseline-NN-MSE,v_y,0.0071198068495717005
Baseline-NN-MSE,v_y,0.031344964981027595
Baseline-NN-MSE,v_y,0.03732300481067632
Baseline-NN-MSE,v_y,0.03536951272160374
Baseline-NN-MSE,v_y,0.04430339688048384
Baseline-NN-MSE,v_y,0.039344025658741295
Baseline-NN-MSE,v_y,0.04110908677811144
Baseline-NN-MSE,v_y,0.05402327718308243
Baseline-NN-MSE,v_y,0.07521742363862005
Baseline-NN-MSE,v_y,0.0951848555824471
Baseline-NN-MSE,v_y,0.1444868943203708
Baseline-NN-MSE,v_y,0.08518077631477892
Baseline-NN-MSE,v_y,0.04467355023316205
Baseline-NN-MSE,v_y,0.10239524061885119
Baseline-NN-MSE,v_y,0.10600403424636738
Baseline-NN-MSE,v_y,0.09060199173469997
Baseline-NN-MSE,v_y,0.06823597070439136
Baseline-NN-MSE,v_y,0.08769303605158238
Baseline-NN-MSE,v_y,0.05888128620373896
Baseline-NN-MSE,v_y,0.02320092218305539
Baseline-NN-MSE,v_y,0.05458889385487617
Baseline-NN-MSE,v_y,0.020930298767825206
Baseline-NN-MSE,v_y,0.046891766916400165
Baseline-NN-MSE,v_y,0.017541202053920568
Baseline-NN-MSE,v_y,0.04370332457307413
Baseline-NN-MSE,v_y,0.026679370426170135
Baseline-NN-MSE,v_y,0.02740521232676199
Baseline-NN-MSE,v_y,0.028158051503069187
Baseline-NN-MSE,v_y,0.026252688997134982
Baseline-NN-MSE,v_y,0.025955573615890293
Baseline-NN-MSE,v_y,0.016867190390315923
Baseline-NN-MSE,v_y,0.02924438916245342
Baseline-NN-MSE,v_y,0.014318456885784786
Baseline-NN-MSE,v_y,0.02322934851185729
Baseline-NN-MSE,v_y,0.012845362379866165
Baseline-NN-MSE,v_y,0.02926088466648305
Baseline-NN-MSE,v_y,0.01823265429787102
Baseline-NN-MSE,v_y,0.028981031191066375
Baseline-NN-MSE,v_y,0.03443699718032123
Baseline-NN-MSE,v_y,0.024997463210327975
Baseline-NN-MSE,v_y,0.017196613870791022
Baseline-NN-MSE,v_y,0.014834942883142133
Baseline-NN-MSE,v_y,0.0131530882440562
Baseline-NN-MSE,v_y,0.015621828411585326
Baseline-NN-MSE,v_y,0.0051107530483817665
Baseline-NN-MSE,v_y,0.005201414387034753
Baseline-NN-MSE,v_y,0.004162239859184513
Baseline-NN-MSE,v_y,0.009802216081766346
Baseline-NN-MSE,v_y,0.008839228884989836
Baseline-NN-MSE,v_y,-0.0013176987133842188
Baseline-NN-MSE,v_y,0.006272694963767783
Baseline-NN-MSE,v_y,0.0030643842960271783
Baseline-NN-MSE,v_y,0.006985993940945179
Baseline-NN-MSE,v_y,0.00048808708560568737
Baseline-NN-MSE,v_y,0.002757898842183859
Baseline-NN-MSE,v_y,-0.0010420081977547402
Baseline-NN-MSE,v_y,-0.004005348256743979
Baseline-NN-MSE,v_y,-0.00488145831849382
Baseline-NN-MSE,v_y,0.0014934481378139908
Baseline-NN-MSE,v_y,0.008548901577425994
Baseline-NN-MSE,v_y,0.01217551753745666
Baseline-NN-MSE,v_y,0.01520248114919523
Baseline-NN-MSE,v_y,0.009371749118722211
Baseline-NN-MSE,v_y,0.005036799698288047
Baseline-NN-MSE,v_y,0.02486760271184557
Baseline-NN-MSE,v_y,0.00944301349208912
Baseline-NN-MSE,v_y,0.022973384972452687
Baseline-NN-MSE,v_y,0.011816925854138766
Baseline-NN-MSE,v_y,0.003518210715536485
Baseline-NN-MSE,v_y,0.016520415548645806
Baseline-NN-MSE,v_y,0.015989788426891777
Baseline-NN-MSE,v_y,0.015733522898563473
Baseline-NN-MSE,v_y,0.017902625746488654
Baseline-NN-MSE,v_y,0.015633433718150597
Baseline-NN-MSE,v_y,0.009941806961530603
Baseline-NN-MSE,v_y,0.021269628962293785
Baseline-NN-MSE,v_y,0.015369829838103782
Baseline-NN-MSE,v_y,0.023604115938598236
Baseline-NN-MSE,v_y,0.02724597272886778
Baseline-NN-MSE,v_y,0.019259971756021843
Baseline-NN-MSE,v_y,0.028054231981922556
Baseline-NN-MSE,v_y,0.03361194597875161
Baseline-NN-MSE,v_y,0.014381208217507657
Baseline-NN-MSE,v_y,0.02785675253866038
Baseline-NN-MSE,v_y,0.021536559479675366
Baseline-NN-MSE,v_y,0.04088238517652687
Baseline-NN-MSE,v_y,0.012968173542207195
Baseline-NN-MSE,v_y,0.028206174650991733
Baseline-NN-MSE,v_y,0.035871959050668645
Baseline-NN-MSE,v_y,0.041818065833096996
Baseline-NN-MSE,v_y,0.043055920070367903
Baseline-NN-MSE,v_y,0.01869310139114322
Baseline-NN-MSE,v_y,0.04302851593995333
Baseline-NN-MSE,v_y,0.06824985662425942
Baseline-NN-MSE,v_y,0.051997759226570406
Baseline-NN-MSE,v_y,0.04763402166190456
Baseline-NN-MSE,v_y,0.08279912354620572
Baseline-NN-MSE,v_y,0.04635276270012045
Baseline-NN-MSE,v_y,0.04818563334432141
Baseline-NN-MSE,v_y,0.07095448764086049
Baseline-NN-MSE,v_y,0.049050905155808344
Baseline-NN-MSE,v_y,0.03485722415395792
Baseline-NN-MSE,v_y,0.0292846504795366
Baseline-NN-MSE,v_y,0.03632526929219032
Baseline-NN-MSE,v_y,0.025215252078678696
Baseline-NN-MSE,v_y,0.008327892055642494
Baseline-NN-MSE,v_y,0.0037718404566319808
Baseline-NN-MSE,v_y,0.010937584209729567
Baseline-NN-MSE,v_y,0.0032938332480817456
Baseline-NN-MSE,v_y,0.0035556516673246885
Baseline-NN-MSE,v_y,0.004416411214431898
Baseline-NN-MSE,v_y,0.009770069162195943
Baseline-NN-MSE,v_y,0.007814122225502262
Baseline-NN-MSE,v_y,0.008925153106985134
Baseline-NN-MSE,v_y,0.008463207878243617
Baseline-NN-MSE,v_y,0.003945903266391326
Baseline-NN-MSE,v_y,0.00236531904599932
Baseline-NN-MSE,v_y,-0.002633858788387622
Baseline-NN-MSE,v_y,-0.00015219368885110995
Baseline-NN-MSE,v_y,-0.005562165354410231
Baseline-NN-MSE,v_y,-0.00043422038244658734
Baseline-NN-MSE,v_y,-0.003807799418042712
Baseline-NN-MSE,v_y,-0.019306675767498144
Baseline-NN-MSE,v_y,-0.004459983894923608
Baseline-NN-MSE,v_y,-0.016241190465044908
Baseline-NN-MSE,v_y,-0.013816842076080416
Baseline-NN-MSE,v_y,-0.013565506926467255
Baseline-NN-MSE,v_y,-0.01324963324412698
Baseline-NN-MSE,v_y,-0.002019282870165404
Baseline-NN-MSE,v_y,-0.003488971929224531
Baseline-NN-MSE,v_y,-0.002438402552052965
Baseline-NN-MSE,v_y,0.0003468989712359649
Baseline-NN-MSE,v_y,-0.004831127697127263
Baseline-NN-MSE,v_y,0.002793343562737416
Baseline-NN-MSE,v_y,-0.004556402029935708
Baseline-NN-MSE,v_y,-0.0008836287623523141
Baseline-NN-MSE,v_y,-0.0005289511276370534
Baseline-NN-MSE,v_y,-0.007435878665160069
Baseline-NN-MSE,v_y,-0.0022182980319661073
Baseline-NN-MSE,v_y,-0.005481011709663308
Baseline-NN-MSE,v_y,-0.005034900820344496
Baseline-NN-MSE,v_y,-0.0022850778977503584
Baseline-NN-MSE,v_y,-0.010758750058135046
Baseline-NN-MSE,v_y,-0.004092630156951093
Baseline-NN-MSE,v_y,-0.011997263334330615
Baseline-NN-MSE,v_y,-0.007932333016708133
Baseline-NN-MSE,v_y,-0.0036797587454473306
Baseline-NN-MSE,v_y,-0.0018196988327603483
Baseline-NN-MSE,v_y,0.008957571762210181
Baseline-NN-MSE,v_y,0.0008731256292717968
Baseline-NN-MSE,v_y,0.0005817966180740805
Baseline-NN-MSE,v_y,-0.0020734510373675366
Baseline-NN-MSE,v_y,-0.0030899753261065047
Baseline-NN-MSE,v_y,-0.004263722650091298
Baseline-NN-MSE,v_y,-0.00574787256619637
Baseline-NN-MSE,v_y,-0.004689936119646349
Baseline-NN-MSE,v_y,-0.004590612987779205
Baseline-NN-MSE,v_y,-0.003595239281511069
Baseline-NN-MSE,v_y,-0.0036839260896654735
Baseline-NN-MSE,v_y,-0.0027759604176532814
Baseline-NN-MSE,v_y,-0.002694323115046214
Baseline-NN-MSE,v_y,-0.0027535086375124534
Baseline-NN-MSE,v_y,-0.003293578659268874
Baseline-NN-MSE,v_y,-0.002885530438950396
Baseline-NN-MSE,v_y,-0.003569008876330021
Baseline-NN-MSE,v_y,-0.003158516074610415
Baseline-NN-MSE,v_y,-0.0027758901104880766
Baseline-NN-MSE,v_y,-0.0014030191499763457
Baseline-NN-MSE,v_y,-0.0021741654426423833
Baseline-NN-MSE,v_y,-0.0013282867497299983
Baseline-NN-MSE,v_y,-0.0029874184053763214
Baseline-NN-MSE,v_y,-0.0016368231592838248
Baseline-NN-MSE,v_y,-0.0032111256455663907
Baseline-NN-MSE,v_y,-0.003936656453036567
Baseline-NN-MSE,v_y,0.012560915106110987
Baseline-NN-MSE,v_y,-0.005009913675548569
Baseline-NN-MSE,v_y,-0.0033803605605398513
Baseline-NN-MSE,v_y,-0.001325484181670892
Baseline-NN-MSE,v_y,-0.0030341876585618516
Baseline-NN-MSE,v_y,-0.0011931516431326478
Baseline-NN-MSE,v_y,-0.003428764935689622
Baseline-NN-MSE,v_y,-0.001389699935346194
Baseline-NN-MSE,v_y,-0.0032206589391696305
Baseline-NN-MSE,v_y,-0.0009006195008276242
Baseline-NN-MSE,v_y,-0.003297790048328123
Baseline-NN-MSE,v_y,-0.0011230017142196402
Baseline-NN-MSE,v_y,-0.0036095090961600004
Baseline-NN-MSE,v_y,-0.004795854571176494
Baseline-NN-MSE,v_y,-0.006439078991775234
Baseline-NN-MSE,v_y,-0.004508721931083166
Baseline-NN-MSE,v_y,-0.002663441526638815
Baseline-NN-MSE,v_y,-0.004386163186709655
Baseline-NN-MSE,v_y,-0.002141301504384798
Baseline-NN-MSE,v_y,-0.002624830367763736
Baseline-NN-MSE,v_y,-0.010880822120892062
Baseline-NN-MSE,v_y,-0.002580088630614121
Baseline-NN-MSE,v_y,-0.00355210062569886
Baseline-NN-MSE,v_y,1.0339810371587377e-05
Baseline-NN-MSE,v_y,-0.0024541011269419988
Baseline-NN-MSE,v_y,-0.01506036311722228
Baseline-NN-MSE,v_y,-0.006403030845483928
Baseline-NN-MSE,v_y,-0.0003701339794203798
Baseline-NN-MSE,v_y,0.015108855557266349
Baseline-NN-MSE,v_y,0.00855809446315816
Baseline-NN-MSE,v_y,-0.015239020306617085
Baseline-NN-MSE,v_y,-0.019549623454931067
Baseline-NN-MSE,v_y,-0.004019052859237107
Baseline-NN-MSE,v_y,0.00814444377367618
Baseline-NN-MSE,v_y,0.005094188997149515
Baseline-NN-MSE,v_y,0.0010148605709910455
Baseline-NN-MSE,v_y,-0.0005118044627035537
Baseline-NN-MSE,v_y,-0.0006672397852966194
Baseline-NN-MSE,v_y,0.00026198630095676523
Baseline-NN-MSE,v_y,0.0008643855697705594
Baseline-NN-MSE,v_y,-0.00024609961510348253
Baseline-NN-MSE,v_y,-0.0007075452479735553
Baseline-NN-MSE,v_y,-0.0012580798927026883
Baseline-NN-MSE,v_y,-0.0007739130725770522
Baseline-NN-MSE,v_y,0.0003463405946033918
Baseline-NN-MSE,v_y,0.0018748831662351098
Baseline-NN-MSE,v_y,0.001863968684230553
Baseline-NN-MSE,v_y,0.002450821869454235
Baseline-NN-MSE,v_y,0.002675281955437098
Baseline-NN-MSE,v_y,0.0025998940638931062
Baseline-NN-MSE,v_y,0.002918250756218866
Baseline-NN-MSE,v_y,0.0030740921707579152
Baseline-NN-MSE,v_y,0.0037750950633826177
Baseline-NN-MSE,v_y,0.005183933137564194
Baseline-NN-MSE,v_y,0.005190166033613365
Baseline-NN-MSE,v_y,0.004653899789003723
Baseline-NN-MSE,v_y,0.005411020790186634
Baseline-NN-MSE,v_y,0.0022218298100318452
Baseline-NN-MSE,v_y,0.005380442372166118
Baseline-NN-MSE,v_y,0.001421692205866791
Baseline-NN-MSE,v_y,0.0025360610589035236
Baseline-NN-MSE,v_y,0.001018724728925953
Baseline-NN-MSE,v_y,0.0009647726717924143
Baseline-NN-MSE,v_y,0.000737048485234924
Baseline-NN-MSE,v_y,0.0018718463257205971
Baseline-NN-MSE,v_y,0.000442393919293681
Baseline-NN-MSE,v_y,0.0017328272309206473
Baseline-NN-MSE,v_y,0.00022625901416182355
Baseline-NN-MSE,v_y,0.000885884877885457
Baseline-NN-MSE,v_y,0.0006236682038710155
Baseline-NN-MSE,v_y,0.0016363983566131165
Baseline-NN-MSE,v_y,0.002986527409419958
Baseline-NN-MSE,v_y,0.007153129542439873
Baseline-NN-MSE,v_y,0.013638931860072805
Baseline-NN-MSE,v_y,0.0018082448873500134
Baseline-NN-MSE,v_y,0.0019265863826857799
Baseline-NN-MSE,v_y,0.008931718669233396
Baseline-NN-MSE,v_y,0.013774647268179882
Baseline-NN-MSE,v_y,0.021201558287710323
Baseline-NN-MSE,v_y,0.005045310957723481
Baseline-NN-MSE,v_y,0.0037761474449200527
Baseline-NN-MSE,v_y,0.007462414410684265
Baseline-NN-MSE,v_y,0.004766952367131871
Baseline-NN-MSE,v_y,0.004526162242364629
Baseline-NN-MSE,v_y,0.011389141346296566
Baseline-NN-MSE,v_y,0.01120762359881744
Baseline-NN-MSE,v_y,0.015477865365606108
Baseline-NN-MSE,v_y,-0.002617662671933474
Baseline-NN-MSE,v_y,0.02442832988859933
Baseline-NN-MSE,v_y,0.023781475492301307
Baseline-NN-MSE,v_y,0.011166300959993436
Baseline-NN-MSE,v_y,0.02745874196229936
Baseline-NN-MSE,v_y,0.0104777125367847
Baseline-NN-MSE,v_y,0.031074112032068335
Baseline-NN-MSE,v_y,0.013759262805044081
Baseline-NN-MSE,v_y,0.03992110257896936
Baseline-NN-MSE,v_y,0.016717387057228916
Baseline-NN-MSE,v_y,0.0222342601130599
Baseline-NN-MSE,v_y,0.032634103704935635
Baseline-NN-MSE,v_y,0.029415486282389935
Baseline-NN-MSE,v_y,0.024624589642374017
Baseline-NN-MSE,v_y,0.03183932347688678
Baseline-NN-MSE,v_y,0.008155480078644639
Baseline-NN-MSE,v_y,0.016300690897567915
Baseline-NN-MSE,v_y,0.005764492536687316
Baseline-NN-MSE,v_y,0.0127769202390558
Baseline-NN-MSE,v_y,0.007903242351680051
Baseline-NN-MSE,v_y,0.014920297612026234
Baseline-NN-MSE,v_y,0.0017265809371547203
Baseline-NN-MSE,v_y,0.0011264549088270126
Baseline-NN-MSE,v_y,-0.001635738937991904
Baseline-NN-MSE,v_y,-0.006743097311961821
Baseline-NN-MSE,v_y,0.004589093837487512
Baseline-NN-MSE,v_y,0.007465755758341075
Baseline-NN-MSE,v_y,-0.004595639781856231
Baseline-NN-MSE,v_y,-0.00010366268283507063
Baseline-NN-MSE,v_y,-0.004237332029871477
Baseline-NN-MSE,v_y,-0.005156464895820945
Baseline-NN-MSE,v_y,-0.00547937123457487
Baseline-NN-MSE,v_y,-0.015688314875034637
Baseline-NN-MSE,v_y,-0.011036821839475575
Baseline-NN-MSE,v_y,-0.008367858315078247
Baseline-NN-MSE,v_y,-0.015619263215124912
Baseline-NN-MSE,v_y,-0.00770947539369693
Baseline-NN-MSE,v_y,-0.00801283678298026
Baseline-NN-MSE,v_y,-0.007683502547464138
Baseline-NN-MSE,v_y,-0.0056365196446251375
Baseline-NN-MSE,v_y,-0.018246012126720945
Baseline-NN-MSE,v_y,-0.008149753093996515
Baseline-NN-MSE,v_y,-0.019190212373699334
Baseline-NN-MSE,v_y,-0.003680978095147308
Baseline-NN-MSE,v_y,-0.006578229666578034
Baseline-NN-MSE,v_y,-0.030804944280220237
Baseline-NN-MSE,v_y,-0.02191092186285215
Baseline-NN-MSE,v_y,-0.045052443654828384
Baseline-NN-MSE,v_y,-0.010129860058956663
Baseline-NN-MSE,v_y,-0.005268108336947672
Baseline-NN-MSE,v_y,-0.015185187441069815
Baseline-NN-MSE,v_y,-0.004942684642345881
Baseline-NN-MSE,v_y,-0.008822844344656786
Baseline-NN-MSE,v_y,-0.005780125811303646
Baseline-NN-MSE,v_y,-0.007984155091419295
Baseline-NN-MSE,v_y,-0.003027461214161087
Baseline-NN-MSE,v_y,-0.0012331557104591495
Baseline-NN-MSE,v_y,-0.001029161579557264
Baseline-NN-MSE,v_y,0.0014107946020404938
Baseline-NN-MSE,v_y,-8.439956940542448e-05
Baseline-NN-MSE,v_y,-0.0013710042480265805
Baseline-NN-MSE,v_y,0.006351934633954781
Baseline-NN-MSE,v_y,0.001176737194179045
Baseline-NN-MSE,v_y,0.0004629315961071634
Baseline-NN-MSE,v_y,0.002909709686078177
Baseline-NN-MSE,v_y,0.008878850355721613
Baseline-NN-MSE,v_y,0.01231331788410106
Baseline-NN-MSE,v_y,0.000415702641293314
Baseline-NN-MSE,v_y,0.0016248003431805214
Baseline-NN-MSE,v_y,0.0018343103997907617
Baseline-NN-MSE,v_y,0.0026985964859708167
Baseline-NN-MSE,v_y,-0.006620450855109428
Baseline-NN-MSE,v_y,-0.003851074357077544
Baseline-NN-MSE,v_y,-0.0059189120595052325
Baseline-NN-MSE,v_y,-0.016748822451086554
Baseline-NN-MSE,v_y,-0.019548959691255474
Baseline-NN-MSE,v_y,-0.027144361222931734
Baseline-NN-MSE,v_y,-0.015407229660727606
Baseline-NN-MSE,v_y,-0.010145793553858362
Baseline-NN-MSE,v_y,-0.0022212142733246676
Baseline-NN-MSE,v_y,-0.007027852676460333
Baseline-NN-MSE,v_y,-0.018234912031348305
Baseline-NN-MSE,v_y,-0.0077617695490384
Baseline-NN-MSE,v_y,-0.013538489261668674
Baseline-NN-MSE,v_y,-0.004196217663868351
Baseline-NN-MSE,v_y,-0.005580799403198888
Baseline-NN-MSE,v_y,-2.5575954441969806e-05
Baseline-NN-MSE,v_y,-0.005208000111883493
Baseline-NN-MSE,v_y,0.00032308661938862393
Baseline-NN-MSE,v_y,-0.002544764919672482
Baseline-NN-MSE,v_y,-0.00419056932672579
Baseline-NN-MSE,v_y,-0.0015392331738236509
Baseline-NN-MSE,v_y,0.0008750627186906446
Baseline-NN-MSE,v_y,0.03385112911561028
Baseline-NN-MSE,v_y,0.003094974105493975
Baseline-NN-MSE,v_y,0.003937187309484669
Baseline-NN-MSE,v_y,0.0041814983295095365
Baseline-NN-MSE,v_y,0.006625647362290987
Baseline-NN-MSE,v_y,0.015481952881706285
Baseline-NN-MSE,v_y,0.02137233448530995
Baseline-NN-MSE,v_y,0.03371113260758096
Baseline-NN-MSE,v_y,0.008467750288715492
Baseline-NN-MSE,v_y,0.021814360138465716
Baseline-NN-MSE,v_y,0.008507524433426783
Baseline-NN-MSE,v_y,0.01946415670149082
Baseline-NN-MSE,v_y,0.023251843423964247
Baseline-NN-MSE,v_y,0.008305919966899944
Baseline-NN-MSE,v_y,0.014864847440045459
Baseline-NN-MSE,v_y,0.01598642487830032
Baseline-NN-MSE,v_y,0.013214310409340957
Baseline-NN-MSE,v_y,0.040975828631035605
Baseline-NN-MSE,v_y,0.04139511326334361
Baseline-NN-MSE,v_y,0.02057335819747877
Baseline-NN-MSE,v_y,0.020576996499268446
Baseline-NN-MSE,v_y,0.01452179167440601
Baseline-NN-MSE,v_y,0.025224783313378185
Baseline-NN-MSE,v_y,0.028769240369764193
Baseline-NN-MSE,v_y,0.0063253043336185255
Baseline-NN-MSE,v_y,0.01919278733018351
Baseline-NN-MSE,v_y,0.0051040095478329245
Baseline-NN-MSE,v_y,0.00947096165345368
Baseline-NN-MSE,v_y,0.00525927567219342
Baseline-NN-MSE,v_y,0.008667700190817043
Baseline-NN-MSE,v_y,0.0041706600751299575
Baseline-NN-MSE,v_y,0.00679881546831998
Baseline-NN-MSE,v_y,0.002046750435676002
Baseline-NN-MSE,v_y,0.006165095616384689
Baseline-NN-MSE,v_y,0.0019136170374897815
Baseline-NN-MSE,v_y,0.003638238696189719
Baseline-NN-MSE,v_y,0.0010011147152055658
Baseline-NN-MSE,v_y,0.001004579137163765
Baseline-NN-MSE,v_y,0.0002701018646732861
Baseline-NN-MSE,v_y,0.00014836462149430546
Baseline-NN-MSE,v_y,-0.0009568130087682994
Baseline-NN-MSE,v_y,0.0004691729681319569
Baseline-NN-MSE,v_y,-0.0013330532014602763
Baseline-NN-MSE,v_y,-0.0008976603727312224
Baseline-NN-MSE,v_y,-0.001125565316741961
Baseline-NN-MSE,v_y,-0.0025322359454139944
Baseline-NN-MSE,v_y,-0.0027233415140451075
Baseline-NN-MSE,v_y,-0.004201516227288336
Baseline-NN-MSE,v_y,-0.003663416271961586
Baseline-NN-MSE,v_y,-0.003619259692522768
Baseline-NN-MSE,v_y,-0.01348597908301962
Baseline-NN-MSE,v_y,-0.0063574923757211774
Baseline-NN-MSE,v_y,-0.01371621879740457
Baseline-NN-MSE,v_y,-0.008008140356674543
Baseline-NN-MSE,v_y,-0.02220053071949657
Baseline-NN-MSE,v_y,-0.008395564406823462
Baseline-NN-MSE,v_y,-0.0243597493789622
Baseline-NN-MSE,v_y,-0.01559629684767214
Baseline-NN-MSE,v_y,-0.01423925639748207
Baseline-NN-MSE,v_y,-0.02544832549820795
Baseline-NN-MSE,v_y,-0.0028381827409047714
Baseline-NN-MSE,v_y,-0.005673011454052522
Baseline-NN-MSE,v_y,0.0035108895832280506
Baseline-NN-MSE,v_y,0.00524850600540181
Baseline-NN-MSE,v_y,-0.0019777776068061435
Baseline-NN-MSE,v_y,0.010394593415338677
Baseline-NN-MSE,v_y,0.003906682052585146
Baseline-NN-MSE,v_y,0.008574346217738872
Baseline-NN-MSE,v_y,0.01561868052480965
Baseline-NN-MSE,v_y,0.004787259104602322
Baseline-NN-MSE,v_y,0.037987052192897504
Baseline-NN-MSE,v_y,0.010706662282427615
Baseline-NN-MSE,v_y,0.0224309967446603
Baseline-NN-MSE,v_y,0.009343920581881
Baseline-NN-MSE,v_y,0.02500779717039144
Baseline-NN-MSE,v_y,0.03438746875422973
Baseline-NN-MSE,v_y,0.013984669759428456
Baseline-NN-MSE,v_y,0.033487096089892414
Baseline-NN-MSE,v_y,0.0433742801761571
Baseline-NN-MSE,v_y,0.04752654658134537
Baseline-NN-MSE,v_y,0.05045299606304232
Baseline-NN-MSE,v_y,0.03726447876800809
Baseline-NN-MSE,v_y,0.03979733585536415
Baseline-NN-MSE,v_y,0.044641269056973215
Baseline-NN-MSE,v_y,0.037686390005185574
Baseline-NN-MSE,v_y,0.04118159018231629
Baseline-NN-MSE,v_y,0.04996485052134896
Baseline-NN-MSE,v_y,0.04198538866276255
Baseline-NN-MSE,v_y,0.051821831645924694
Baseline-NN-MSE,v_y,0.06693095811599452
Baseline-NN-MSE,v_y,0.028451297642350448
Baseline-NN-MSE,v_y,0.07546159036236366
Baseline-NN-MSE,v_y,0.03047449847614236
Baseline-NN-MSE,v_y,0.07881773646949032
Baseline-NN-MSE,v_y,0.03421187731495233
Baseline-NN-MSE,v_y,0.11498193098417935
Baseline-NN-MSE,v_y,0.09008564411264391
Baseline-NN-MSE,v_y,0.0843510552374332
Baseline-NN-MSE,v_y,0.09478837430313619
Baseline-NN-MSE,v_y,0.2029078598215053
Baseline-NN-MSE,v_y,0.12738529564501472
Baseline-NN-MSE,v_y,0.0862313814973231
Baseline-NN-MSE,v_y,0.08632183677638894
Baseline-NN-MSE,v_y,0.036703231710489365
Baseline-NN-MSE,v_y,0.07110658366955656
Baseline-NN-MSE,v_y,0.032207737572264014
Baseline-NN-MSE,v_y,0.10483514635029884
Baseline-NN-MSE,v_y,0.08246786755206642
Baseline-NN-MSE,v_y,0.020889949528842308
Baseline-NN-MSE,v_y,0.032714206461214757
Baseline-NN-MSE,v_y,0.016382236569686265
Baseline-NN-MSE,v_y,0.0022004085161800024
Baseline-NN-MSE,v_y,0.014339728078259686
Baseline-NN-MSE,v_y,0.004129338093513624
Baseline-NN-MSE,v_y,-0.012416067293650995
Baseline-NN-MSE,v_y,0.007439644755462854
Baseline-NN-MSE,v_y,0.009545385171451481
Baseline-NN-MSE,v_y,0.012442608153958562
Baseline-NN-MSE,v_y,-0.0012147625109449195
Baseline-NN-MSE,v_y,-0.005758856513296315
Baseline-NN-MSE,v_y,0.0018806322938363373
Baseline-NN-MSE,v_y,0.0007549384592544783
Baseline-NN-MSE,v_y,-0.0006411240190408937
Baseline-NN-MSE,v_y,0.002508619230748438
Baseline-NN-MSE,v_y,0.005873638131296675
Baseline-NN-MSE,v_y,0.003957798532872703
Baseline-NN-MSE,v_y,0.009138222725168864
Baseline-NN-MSE,v_y,0.0026262024747979104
Baseline-NN-MSE,v_y,0.008749869636540694
Baseline-NN-MSE,v_y,0.01072996561606125
Baseline-NN-MSE,v_y,0.01225770167549362
Baseline-NN-MSE,v_y,0.003853070215701141
Baseline-NN-MSE,v_y,0.01155832249217576
Baseline-NN-MSE,v_y,0.004977968907007555
Baseline-NN-MSE,v_y,0.013172211474489002
Baseline-NN-MSE,v_y,0.0034793312415210866
Baseline-NN-MSE,v_y,0.011691503959747666
Baseline-NN-MSE,v_y,0.004877333477578695
Baseline-NN-MSE,v_y,0.008486892407045333
Baseline-NN-MSE,v_y,0.006201533542068153
Baseline-NN-MSE,v_y,0.008586632891278399
Baseline-NN-MSE,v_y,0.009919045739080761
Baseline-NN-MSE,v_y,0.007460993239167357
Baseline-NN-MSE,v_y,0.008809427039323624
Baseline-NN-MSE,v_y,0.008617369382420248
Baseline-NN-MSE,v_y,0.007508334938960949
Baseline-NN-MSE,v_y,0.004734624482728097
Baseline-NN-MSE,v_y,0.007909891071819651
Baseline-NN-MSE,v_y,0.003563675576780296
Baseline-NN-MSE,v_y,0.005739562370139995
Baseline-NN-MSE,v_y,0.0021118042761450947
Baseline-NN-MSE,v_y,0.00432584632692987
Baseline-NN-MSE,v_y,0.0023685707733319926
Baseline-NN-MSE,v_y,-0.0003022403337069046
Baseline-NN-MSE,v_y,-0.0021469844442785734
Baseline-NN-MSE,v_y,0.00034405953940127437
Baseline-NN-MSE,v_y,-0.0037492606428350846
Baseline-NN-MSE,v_y,-0.0005251120525441993
Baseline-NN-MSE,v_y,-0.005427205087643404
Baseline-NN-MSE,v_y,-0.0007962324940639955
Baseline-NN-MSE,v_y,-0.010147966565397574
Baseline-NN-MSE,v_y,-0.012578812142250248
Baseline-NN-MSE,v_y,-0.006889004341432851
Baseline-NN-MSE,v_y,-0.014684252036846882
Baseline-NN-MSE,v_y,-0.019515549199183677
Baseline-NN-MSE,v_y,-0.009801872393654706
Baseline-NN-MSE,v_y,-0.018696922451543654
Baseline-NN-MSE,v_y,-0.011024943892814665
Baseline-NN-MSE,v_y,-0.023674882957981216
Baseline-NN-MSE,v_y,-0.014012059113357355
Baseline-NN-MSE,v_y,-0.02953751117173209
Baseline-NN-MSE,v_y,-0.01630015739965709
Baseline-NN-MSE,v_y,-0.03442397076694999
Baseline-NN-MSE,v_y,-0.04162709385793908
Baseline-NN-MSE,v_y,-0.035935046853071174
Baseline-NN-MSE,v_y,-0.0422723262685582
Baseline-NN-MSE,v_y,-0.049259727604205134
Baseline-NN-MSE,v_y,-0.021819052666254113
Baseline-NN-MSE,v_y,-0.05275009084636309
Baseline-NN-MSE,v_y,-0.07536861934274577
Baseline-NN-MSE,v_y,-0.027070387668443545
Baseline-NN-MSE,v_y,-0.06173503525440509
Baseline-NN-MSE,v_y,-0.05375046760179784
Baseline-NN-MSE,v_y,-0.0783611348614243
Baseline-NN-MSE,v_y,-0.11317095881834047
Baseline-NN-MSE,v_y,-0.09513551553259963
Baseline-NN-MSE,v_y,-0.09589589629593957
Baseline-NN-MSE,v_y,-0.09340464935005655
Baseline-NN-MSE,v_y,-0.0742968035138807
Baseline-NN-MSE,v_y,-0.08045223985625709
Baseline-NN-MSE,v_y,-0.0841025691878609
Baseline-NN-MSE,v_y,-0.047127596705549335
Baseline-NN-MSE,v_y,-0.09180909793300987
Baseline-NN-MSE,v_y,-0.04854366146701193
Baseline-NN-MSE,v_y,-0.09777927250948201
Baseline-NN-MSE,v_y,-0.10013138061685449
Baseline-NN-MSE,v_y,-0.09180574475443559
Baseline-NN-MSE,v_y,-0.10371547808204813
Baseline-NN-MSE,v_y,-0.11380688195805927
Baseline-NN-MSE,v_y,-0.049327217668717976
Baseline-NN-MSE,v_y,-0.11421532029485151
Baseline-NN-MSE,v_y,-0.04803843500799407
Baseline-NN-MSE,v_y,-0.10634553466933748
Baseline-NN-MSE,v_y,-0.044532067705041936
Baseline-NN-MSE,v_y,-0.09104159100635632
Baseline-NN-MSE,v_y,-0.04042776615714224
Baseline-NN-MSE,v_y,-0.08451178742300491
Baseline-NN-MSE,v_y,-0.07654927616161157
Baseline-NN-MSE,v_y,-0.07698805906553671
Baseline-NN-MSE,v_y,-0.06560751043769558
Baseline-NN-MSE,v_y,-0.04805271674402296
Baseline-NN-MSE,v_y,-0.05033655844823807
Baseline-NN-MSE,v_y,-0.043073758306985885
Baseline-NN-MSE,v_y,-0.03841434083629915
Baseline-NN-MSE,v_y,-0.030802464624739845
Baseline-NN-MSE,v_y,-0.011538408974995681
Baseline-NN-MSE,v_y,-0.016996776734220356
Baseline-NN-MSE,v_y,-0.01380439460369734
Baseline-NN-MSE,v_y,-0.010295397822048982
Baseline-NN-MSE,v_y,-0.001971094592145478
Baseline-NN-MSE,v_y,0.0022434672010087364
Baseline-NN-MSE,v_y,0.005662993135263056
Baseline-NN-MSE,v_y,0.014418518286390306
Baseline-NN-MSE,v_y,0.0027755685276558556
Baseline-NN-MSE,v_y,0.004759744910447547
Baseline-NN-MSE,v_y,0.00694983994122772
Baseline-NN-MSE,v_y,0.007093378129667871
Baseline-NN-MSE,v_y,0.006403199783721794
Baseline-NN-MSE,v_y,0.012711632421393532
Baseline-NN-MSE,v_y,0.015115491459439065
Baseline-NN-MSE,v_y,0.020098168323045888
Baseline-NN-MSE,v_y,0.011624919575886308
Baseline-NN-MSE,v_y,0.028198173921523434
Baseline-NN-MSE,v_y,0.024591457243897746
Baseline-NN-MSE,v_y,0.008997745541717924
Baseline-NN-MSE,v_y,0.01618975802875323
Baseline-NN-MSE,v_y,0.007812137372850792
Baseline-NN-MSE,v_y,0.013429309507851704
Baseline-NN-MSE,v_y,0.014456412121826068
Baseline-NN-MSE,v_y,0.009716471786636195
Baseline-NN-MSE,v_y,0.00817182778670067
Baseline-NN-MSE,v_y,0.00854542038059071
Baseline-NN-MSE,v_y,0.008936636277069823
Baseline-NN-MSE,v_y,0.028436566661698956
Baseline-NN-MSE,v_y,0.008900574579450163
Baseline-NN-MSE,v_y,0.00440676415357337
Baseline-NN-MSE,v_y,0.004181305096534943
Baseline-NN-MSE,v_y,0.007763920459203641
Baseline-NN-MSE,v_y,0.006650298793727472
Baseline-NN-MSE,v_y,0.01611719327852794
Baseline-NN-MSE,v_y,0.012855824006774763
Baseline-NN-MSE,v_y,0.011465116641866363
Baseline-NN-MSE,v_y,0.0052485676395033765
Baseline-NN-MSE,v_y,0.008857023952829612
Baseline-NN-MSE,v_y,0.0050969836449123035
Baseline-NN-MSE,v_y,0.007834251935063041
Baseline-NN-MSE,v_y,0.005400305222630533
Baseline-NN-MSE,v_y,0.010942847617558149
Baseline-NN-MSE,v_y,0.007384736982010073
Baseline-NN-MSE,v_y,0.015002263874823452
Baseline-NN-MSE,v_y,0.03519170711463265
Baseline-NN-MSE,v_y,0.011046044129143132
Baseline-NN-MSE,v_y,0.007359682158257094
Baseline-NN-MSE,v_y,0.0007409439368173988
Baseline-NN-MSE,v_y,0.00041193160281952773
Baseline-NN-MSE,v_y,0.004313258142988052
Baseline-NN-MSE,v_y,0.004096359017912693
Baseline-NN-MSE,v_y,0.012551571184958116
Baseline-NN-MSE,v_y,0.00369059878548976
Baseline-NN-MSE,v_y,-0.0053747164973723255
Baseline-NN-MSE,v_y,-0.009729290737653246
Baseline-NN-MSE,v_y,-0.006160325839940001
Baseline-NN-MSE,v_y,-0.0011961856377127322
Baseline-NN-MSE,v_y,-0.0009605431608413761
Baseline-NN-MSE,v_y,0.0019528065746934609
Baseline-NN-MSE,v_y,0.0004614470218271549
Baseline-NN-MSE,v_y,0.0013972570696746955
Baseline-NN-MSE,v_y,-0.00258673688441044
Baseline-NN-MSE,v_y,0.000832250907724652
Baseline-NN-MSE,v_y,-0.0019082853358670937
Baseline-NN-MSE,v_y,-0.0050492479198915585
Baseline-NN-MSE,v_y,-0.004959972849656186
Baseline-NN-MSE,v_y,-0.02469610936298894
Baseline-NN-MSE,v_y,-0.010982884099787593
Baseline-NN-MSE,v_y,-0.020903402972102414
Baseline-NN-MSE,v_y,-0.018204861115280857
Baseline-NN-MSE,v_y,-0.008335290581436838
Baseline-NN-MSE,v_y,-0.027813726280373152
Baseline-NN-MSE,v_y,-0.012983582297798446
Baseline-NN-MSE,v_y,-0.016034461209345763
Baseline-NN-MSE,v_y,-0.03842516089571013
Baseline-NN-MSE,v_y,-0.04104874077378057
Baseline-NN-MSE,v_y,-0.05028560158289308
Baseline-NN-MSE,v_y,-0.046919225917902596
Baseline-NN-MSE,v_y,-0.024542111739316086
Baseline-NN-MSE,v_y,-0.046085885728264886
Baseline-NN-MSE,v_y,-0.02750634856485834
Baseline-NN-MSE,v_y,-0.060274939444514175
Baseline-NN-MSE,v_y,-0.015300842478333132
Baseline-NN-MSE,v_y,-0.029627134698102686
Baseline-NN-MSE,v_y,-0.010572429067811584
Baseline-NN-MSE,v_y,-0.020119841340071665
Baseline-NN-MSE,v_y,-0.012134904016170123
Baseline-NN-MSE,v_y,-0.01289468177693931
Baseline-NN-MSE,v_y,-0.0035878363297882077
Baseline-NN-MSE,v_y,-0.011048496820531106
Baseline-NN-MSE,v_y,-0.01200069570831902
Baseline-NN-MSE,v_y,-0.00213060200535517
Baseline-NN-MSE,v_y,7.236839851182397e-05
Baseline-NN-MSE,v_y,-0.006144742985916218
Baseline-NN-MSE,v_y,0.0024189133414790898
Baseline-NN-MSE,v_y,0.0010659421235115762
Baseline-NN-MSE,v_y,0.005129953659220338
Baseline-NN-MSE,v_y,0.00733430532252452
Baseline-NN-MSE,v_y,0.006238460607959212
Baseline-NN-MSE,v_y,0.009462322921773847
Baseline-NN-MSE,v_y,0.003909470731858072
Baseline-NN-MSE,v_y,0.01512748624250529
Baseline-NN-MSE,v_y,0.005757117967832015
Baseline-NN-MSE,v_y,0.013017814465573263
Baseline-NN-MSE,v_y,0.0051999702961878155
Baseline-NN-MSE,v_y,0.006619620892485644
Baseline-NN-MSE,v_y,0.004833096113083683
Baseline-NN-MSE,v_y,0.005656727203478602
Baseline-NN-MSE,v_y,0.003436389163811948
Baseline-NN-MSE,v_y,0.0036166051036640376
Baseline-NN-MSE,v_y,0.0033935591642251725
Baseline-NN-MSE,v_y,0.0053527070113892905
Baseline-NN-MSE,v_y,0.0027116918050569573
Baseline-NN-MSE,v_y,0.00575418724368585
Baseline-NN-MSE,v_y,0.011417665559518512
Baseline-NN-MSE,v_y,0.004067117420994006
Baseline-NN-MSE,v_y,0.008810978720919346
Baseline-NN-MSE,v_y,0.008160415336127103
Baseline-NN-MSE,v_y,0.006923711546339767
Baseline-NN-MSE,v_y,0.009970507926051414
Baseline-NN-MSE,v_y,0.0031359324426088325
Baseline-NN-MSE,v_y,0.006087514983868458
Baseline-NN-MSE,v_y,0.006602035640326791
Baseline-NN-MSE,v_y,0.005095649166887799
Baseline-NN-MSE,v_y,0.005682986735849452
Baseline-NN-MSE,v_y,0.0051050498840876195
Baseline-NN-MSE,v_y,0.002600232936848062
Baseline-NN-MSE,v_y,0.005866143604437514
Baseline-NN-MSE,v_y,0.005498040152495544
Baseline-NN-MSE,v_y,0.0052922664875112635
Baseline-NN-MSE,v_y,0.004997101092425592
Baseline-NN-MSE,v_y,0.008277462510133352
Baseline-NN-MSE,v_y,0.004801539949747742
Baseline-NN-MSE,v_y,0.0029440154851326714
Baseline-NN-MSE,v_y,0.004824793077697844
Baseline-NN-MSE,v_y,0.0025529993931466214
Baseline-NN-MSE,v_y,0.004903985371260036
Baseline-NN-MSE,v_y,0.002630273270782175
Baseline-NN-MSE,v_y,0.005521065663235416
Baseline-NN-MSE,v_y,0.002080230586025242
Baseline-NN-MSE,v_y,0.00463383872666524
Baseline-NN-MSE,v_y,0.004027099341603991
Baseline-NN-MSE,v_y,0.002398970022022825
Baseline-NN-MSE,v_y,0.004476040915212504
Baseline-NN-MSE,v_y,0.002371844112902633
Baseline-NN-MSE,v_y,0.003017354160833579
Baseline-NN-MSE,v_y,0.0019190117950618167
Baseline-NN-MSE,v_y,0.0034212369829398695
Baseline-NN-MSE,v_y,0.0017348341147959342
Baseline-NN-MSE,v_y,0.002424152030591143
Baseline-NN-MSE,v_y,0.002104564836212113
Baseline-NN-MSE,v_y,0.003397456907557623
Baseline-NN-MSE,v_y,0.006876516218326795
Baseline-NN-MSE,v_y,0.008694703796966291
Baseline-NN-MSE,v_y,0.00561526764396424
Baseline-NN-MSE,v_y,0.004430744384026719
Baseline-NN-MSE,v_y,0.0063141701529578174
Baseline-NN-MSE,v_y,0.0031855055952833677
Baseline-NN-MSE,v_y,0.00932560896679833
Baseline-NN-MSE,v_y,0.00411153459119854
Baseline-NN-MSE,v_y,0.003129304384325222
Baseline-NN-MSE,v_y,0.0077838151282367185
Baseline-NN-MSE,v_y,0.0068756082760031735
Baseline-NN-MSE,v_y,0.007848845519350361
Baseline-NN-MSE,v_y,0.0034819693508416974
Baseline-NN-MSE,v_y,0.0075486760802179614
Baseline-NN-MSE,v_y,0.003863620308729252
Baseline-NN-MSE,v_y,0.007723645377580107
Baseline-NN-MSE,v_y,0.007898058595971005
Baseline-NN-MSE,v_y,0.0024998262084772807
Baseline-NN-MSE,v_y,0.012083029634873482
Baseline-NN-MSE,v_y,0.007466548055190904
Baseline-NN-MSE,v_y,0.007616453805606792
Baseline-NN-MSE,v_y,0.0068910152373646665
Baseline-NN-MSE,v_y,0.0075633727192030605
Baseline-NN-MSE,v_y,0.008617480154090862
Baseline-NN-MSE,v_y,0.010331156014329747
Baseline-NN-MSE,v_y,0.007392107392221937
Baseline-NN-MSE,v_y,0.003288349211634751
Baseline-NN-MSE,v_y,0.012623760269231834
Baseline-NN-MSE,v_y,0.005810842262688043
Baseline-NN-MSE,v_y,0.008787127920144175
Baseline-NN-MSE,v_y,0.0070129723883236225
Baseline-NN-MSE,v_y,0.0040779039206406825
Baseline-NN-MSE,v_y,0.012116965153940139
Baseline-NN-MSE,v_y,0.006825691722256298
Baseline-NN-MSE,v_y,0.007279999480636942
Baseline-NN-MSE,v_y,0.005136141919435011
Baseline-NN-MSE,v_y,0.004246918856207552
Baseline-NN-MSE,v_y,0.00229805396699969
Baseline-NN-MSE,v_y,0.0027574358787553765
Baseline-NN-MSE,v_y,0.0016599385822082466
Baseline-NN-MSE,v_y,0.0015396760076613822
Baseline-NN-MSE,v_y,0.0021017828641409983
Baseline-NN-MSE,v_y,0.0038625760110082563
Baseline-NN-MSE,v_y,0.0032386187476035984
Baseline-NN-MSE,v_y,0.005595374875582537
Baseline-NN-MSE,v_y,0.003840070133087802
Baseline-NN-MSE,v_y,0.00847267354962782
Baseline-NN-MSE,v_y,0.004761048546800602
Baseline-NN-MSE,v_y,0.007149057449387607
Baseline-NN-MSE,v_y,0.003850072331417634
Baseline-NN-MSE,v_y,0.007575378257989183
Baseline-NN-MSE,v_y,0.005192811385694558
Baseline-NN-MSE,v_y,0.0013240989822040639
Baseline-NN-MSE,v_y,0.00012509655495998584
Baseline-NN-MSE,v_y,0.0011622164830450846
Baseline-NN-MSE,v_y,0.009921566901744828
Baseline-NN-MSE,v_y,0.004447494143574024
Baseline-NN-MSE,v_y,0.01311807837688915
Baseline-NN-MSE,v_y,0.004354171016773597
Baseline-NN-MSE,v_y,0.006128963293383367
Baseline-NN-MSE,v_y,0.0022451746351941915
Baseline-NN-MSE,v_y,0.002704004667849258
Baseline-NN-MSE,v_y,0.0007804697713025832
Baseline-NN-MSE,v_y,0.0017823524216990239
Baseline-NN-MSE,v_y,0.0004799969649982999
Baseline-NN-MSE,v_y,0.0010096427312519807
Baseline-NN-MSE,v_y,0.0039946553588255836
Baseline-NN-MSE,v_y,0.00643029212142375
Baseline-NN-MSE,v_y,0.005522957382975084
Baseline-NN-MSE,v_y,0.005615136817193854
Baseline-NN-MSE,v_y,0.012854713675037982
Baseline-NN-MSE,v_y,0.004321266095423878
Baseline-NN-MSE,v_y,0.012603934846650098
Baseline-NN-MSE,v_y,0.005585250481806355
Baseline-NN-MSE,v_y,0.003403567884488496
Baseline-NN-MSE,v_y,0.0038144174285599033
Baseline-NN-MSE,v_y,0.0017020851760168737
Baseline-NN-MSE,v_y,0.0032739040596640352
Baseline-NN-MSE,v_y,0.002681672335876288
Baseline-NN-MSE,v_y,0.0031890357637762035
Baseline-NN-MSE,v_y,0.004183508402484866
Baseline-NN-MSE,v_y,0.005805622931158912
Baseline-NN-MSE,v_y,0.007431699631352515
Baseline-NN-MSE,v_y,0.006056043823419994
Baseline-NN-MSE,v_y,0.0029273467997353066
Baseline-NN-MSE,v_y,0.005975332856849938
Baseline-NN-MSE,v_y,0.0036457517235948447
Baseline-NN-MSE,v_y,0.006308085997518029
Baseline-NN-MSE,v_y,0.0038918380742568957
Baseline-NN-MSE,v_y,0.007867177935915182
Baseline-NN-MSE,v_y,0.00248425052409406
Baseline-NN-MSE,v_y,0.0048932061804028044
Baseline-NN-MSE,v_y,0.0038089784246084155
Baseline-NN-MSE,v_y,0.0036040316742184213
Baseline-NN-MSE,v_y,0.005031073302641131
Baseline-NN-MSE,v_y,0.0013928364304859747
Baseline-NN-MSE,v_y,0.002102611438572247
Baseline-NN-MSE,v_y,0.002558281383335359
Baseline-NN-MSE,v_y,0.006385878431768056
Baseline-NN-MSE,v_y,0.008238386512935986
Baseline-NN-MSE,v_y,0.007654206287755226
Baseline-NN-MSE,v_y,0.00835766588561939
Baseline-NN-MSE,v_y,0.006971703960883039
Baseline-NN-MSE,v_y,0.007671310922618925
Baseline-NN-MSE,v_y,0.0072600935121682544
Baseline-NN-MSE,v_y,0.0065058890093625706
Baseline-NN-MSE,v_y,0.0028388828612234025
Baseline-NN-MSE,v_y,0.0054256059695296475
Baseline-NN-MSE,v_y,0.0026621925597838172
Baseline-NN-MSE,v_y,0.004438684045466781
Baseline-NN-MSE,v_y,0.0020038323561589987
Baseline-NN-MSE,v_y,0.0023220681311024727
Baseline-NN-MSE,v_y,-0.0008721209830543988
Baseline-NN-MSE,v_y,-0.005165582905489697
Baseline-NN-MSE,v_y,-0.004137711608498455
Baseline-NN-MSE,v_y,-0.0018212232070002193
Baseline-NN-MSE,v_y,-0.004561094908947919
Baseline-NN-MSE,v_y,-0.0015101093958365397
Baseline-NN-MSE,v_y,-0.005330108831516384
Baseline-NN-MSE,v_y,-0.004657603685864015
Baseline-NN-MSE,v_y,-0.0054101708831028605
Baseline-NN-MSE,v_y,-0.006337765670188317
Baseline-NN-MSE,v_y,-0.010546420260569483
Baseline-NN-MSE,v_y,-0.010238705872331277
Baseline-NN-MSE,v_y,-0.015095348435482492
Baseline-NN-MSE,v_y,-0.008632708070957507
Baseline-NN-MSE,v_y,-0.012539404915378083
Baseline-NN-MSE,v_y,-0.01254268385105159
Baseline-NN-MSE,v_y,-0.009678783968926158
Baseline-NN-MSE,v_y,-0.006199865480523842
Baseline-NN-MSE,v_y,-0.01772171357911917
Baseline-NN-MSE,v_y,-0.007028141723408071
Baseline-NN-MSE,v_y,-0.025326514314152615
Baseline-NN-MSE,v_y,-0.030391739182472233
Baseline-NN-MSE,v_y,-0.045850828303609426
Baseline-NN-MSE,v_y,-0.03861385410195256
Baseline-NN-MSE,v_y,-0.020397809730963057
Baseline-NN-MSE,v_y,-0.03806495887251521
Baseline-NN-MSE,v_y,-0.027345995150837243
Baseline-NN-MSE,v_y,-0.03983923187149663
Baseline-NN-MSE,v_y,-0.03481469301535289
Baseline-NN-MSE,v_y,-0.02772560485900072
Baseline-NN-MSE,v_y,-0.09734388198132449
Baseline-NN-MSE,v_y,-0.07428402082155539
Baseline-NN-MSE,v_y,-0.08936914724061884
Baseline-NN-MSE,v_y,-0.04743481380523473
Baseline-NN-MSE,v_y,-0.025053361528635465
Baseline-NN-MSE,v_y,-0.12085180794334743
Baseline-NN-MSE,v_y,-0.024093726352656553
Baseline-NN-MSE,v_y,-0.04407632409800788
Baseline-NN-MSE,v_y,-0.023317084840473457
Baseline-NN-MSE,v_y,-0.06104512493986708
Baseline-NN-MSE,v_y,-0.08597375647972239
Baseline-NN-MSE,v_y,-0.11433289802695057
Baseline-NN-MSE,v_y,-0.08921638920599526
Baseline-NN-MSE,v_y,-0.046837278868872845
Baseline-NN-MSE,v_y,-0.02230964892903317
Baseline-NN-MSE,v_y,-0.04828042284868128
Baseline-NN-MSE,v_y,-0.018895456534584854
Baseline-NN-MSE,v_y,-0.04547232955281344
Baseline-NN-MSE,v_y,-0.07634991035902133
Baseline-NN-MSE,v_y,-0.0468800333880566
Baseline-NN-MSE,v_y,-0.0512437439215459
Baseline-NN-MSE,v_y,-0.05252172389266424
Baseline-NN-MSE,v_y,-0.05573195325352376
Baseline-NN-MSE,v_y,-0.06004145583845499
Baseline-NN-MSE,v_y,-0.056080290165688385
Baseline-NN-MSE,v_y,-0.052085656298269584
Baseline-NN-MSE,v_y,-0.07479480752235093
Baseline-NN-MSE,v_y,-0.06750204872252297
Baseline-NN-MSE,v_y,-0.042702285886040525
Baseline-NN-MSE,v_y,-0.12887729525548725
Baseline-NN-MSE,v_y,-0.09709656882571333
Baseline-NN-MSE,v_y,-0.08881053707432643
Baseline-NN-MSE,v_y,-0.06813366416470629
Baseline-NN-MSE,v_y,-0.080255987316872
Baseline-NN-MSE,v_y,-0.07604006729344523
Baseline-NN-MSE,v_y,-0.02530019430892891
Baseline-NN-MSE,v_y,-0.0314576242895494
Baseline-NN-MSE,v_y,-0.01792612212583125
Baseline-NN-MSE,v_y,-0.027163413001084852
Baseline-NN-MSE,v_y,-0.01175917038909663
Baseline-NN-MSE,v_y,-0.015271799444104117
Baseline-NN-MSE,v_y,-0.033655286606751544
Baseline-NN-MSE,v_y,-0.035485590998560856
Baseline-NN-MSE,v_y,-0.027286386297278392
Baseline-NN-MSE,v_y,-0.013733799142805564
Baseline-NN-MSE,v_y,-0.017450702046464484
Baseline-NN-MSE,v_y,-0.01273749417928105
Baseline-NN-MSE,v_y,-0.007562329786299532
Baseline-NN-MSE,v_y,-0.0035279897467127286
Baseline-NN-MSE,v_y,-0.0033662022514580614
Baseline-NN-MSE,v_y,-0.007126110813266057
Baseline-NN-MSE,v_y,-0.0041095582585745916
Baseline-NN-MSE,v_y,0.004167943183913808
Baseline-NN-MSE,v_y,0.003506788823777293
Baseline-NN-MSE,v_y,0.00019700313354635568
Baseline-NN-MSE,v_y,-0.0007174032272045244
Baseline-NN-MSE,v_y,-0.0012396543184612918
Baseline-NN-MSE,v_y,-0.0016437770440469457
Baseline-NN-MSE,v_y,-0.0019223245828196636
Baseline-NN-MSE,v_y,-0.001226547469890836
Baseline-NN-MSE,v_y,-0.0022981249491948776
Baseline-NN-MSE,v_y,-0.0015113969466588857
Baseline-NN-MSE,v_y,-0.0009152735774346382
Baseline-NN-MSE,v_y,-0.0014305274032720486
Baseline-NN-MSE,v_y,-0.0010451698979287993
Baseline-NN-MSE,v_y,0.0041511517259980105
Baseline-NN-MSE,v_y,-0.0015480751466645307
Baseline-NN-MSE,v_y,0.002288405887827305
Baseline-NN-MSE,v_y,0.0025323585036380603
Baseline-NN-MSE,v_y,0.0019048320921244422
Baseline-NN-MSE,v_y,0.007333877177638282
Baseline-NN-MSE,v_y,0.008157969230161766
Baseline-NN-MSE,v_y,0.013315934226774767
Baseline-NN-MSE,v_y,0.033252894756203966
Baseline-NN-MSE,v_y,0.015589642211957452
Baseline-NN-MSE,v_y,0.007884821365354094
Baseline-NN-MSE,v_y,0.036734671175610106
Baseline-NN-MSE,v_y,0.02812626626565312
Baseline-NN-MSE,v_y,0.02330304591464133
Baseline-NN-MSE,v_y,0.03616804070425286
Baseline-NN-MSE,v_y,0.06817083300469207
Baseline-NN-MSE,v_y,0.0516100021036171
Baseline-NN-MSE,v_y,0.027098624231856272
Baseline-NN-MSE,v_y,0.04784485561427548
Baseline-NN-MSE,v_y,0.052937847388808246
Baseline-NN-MSE,v_y,0.0514135291491119
Baseline-NN-MSE,v_y,0.04980108206307904
Baseline-NN-MSE,v_y,0.05747445243714555
Baseline-NN-MSE,v_y,0.04723302125538298
Baseline-NN-MSE,v_y,0.02569867702114259
Baseline-NN-MSE,v_y,0.04787453608488468
Baseline-NN-MSE,v_y,0.027121081673088132
Baseline-NN-MSE,v_y,0.05028510448449969
Baseline-NN-MSE,v_y,0.025462303634441408
Baseline-NN-MSE,v_y,0.04488845017309567
Baseline-NN-MSE,v_y,0.02452789500535507
Baseline-NN-MSE,v_y,0.047508923591777164
Baseline-NN-MSE,v_y,0.04746291481761994
Baseline-NN-MSE,v_y,0.04415468190851973
Baseline-NN-MSE,v_y,0.03799080758089729
Baseline-NN-MSE,v_y,0.04333714423239793
Baseline-NN-MSE,v_y,0.02157239120926041
Baseline-NN-MSE,v_y,0.03197174449684492
Baseline-NN-MSE,v_y,0.022613108302802443
Baseline-NN-MSE,v_y,0.0419674151161919
Baseline-NN-MSE,v_y,0.021531889041616126
Baseline-NN-MSE,v_y,0.042715096189926305
Baseline-NN-MSE,v_y,0.02445523251785159
Baseline-NN-MSE,v_y,0.0396294042174036
Baseline-NN-MSE,v_y,0.05223269245567372
Baseline-NN-MSE,v_y,0.056871612828249624
Baseline-NN-MSE,v_y,0.05949707270570276
Baseline-NN-MSE,v_y,0.026020822032085222
Baseline-NN-MSE,v_y,0.05804115749643585
Baseline-NN-MSE,v_y,0.06749650050820452
Baseline-NN-MSE,v_y,0.021559666177051462
Baseline-NN-MSE,v_y,0.04749239335072328
Baseline-NN-MSE,v_y,0.04383735253250301
Baseline-NN-MSE,v_y,0.032861629325312836
Baseline-NN-MSE,v_y,0.058826009960985415
Baseline-NN-MSE,v_y,0.021367057694748448
Baseline-NN-MSE,v_y,0.03436332891451507
Baseline-NN-MSE,v_y,0.044254228843786714
Baseline-NN-MSE,v_y,0.03790688835298173
Baseline-NN-MSE,v_y,0.0449055182960324
Baseline-NN-MSE,v_y,0.04038413299651333
Baseline-NN-MSE,v_y,0.04590479311357121
Baseline-NN-MSE,v_y,0.04498138631713078
Baseline-NN-MSE,v_y,0.044915427422032916
Baseline-NN-MSE,v_y,0.03995819318428878
Baseline-NN-MSE,v_y,0.06679699962283481
Baseline-NN-MSE,v_y,0.04527144709175229
Baseline-NN-MSE,v_y,0.022604832513694606
Baseline-NN-MSE,v_y,0.042805695923832154
Baseline-NN-MSE,v_y,0.023724579343247565
Baseline-NN-MSE,v_y,0.04804457920289107
Baseline-NN-MSE,v_y,0.09668688961687982
Baseline-NN-MSE,v_y,0.0765363669299457
Baseline-NN-MSE,v_y,0.06278686865606542
Baseline-NN-MSE,v_y,0.04307610057418748
Baseline-NN-MSE,v_y,0.0208931412472379
Baseline-NN-MSE,v_y,0.04470058526491261
Baseline-NN-MSE,v_y,0.023174255623232387
Baseline-NN-MSE,v_y,0.07473101657882608
Baseline-NN-MSE,v_y,0.02451784375085192
Baseline-NN-MSE,v_y,0.038953516737181226
Baseline-NN-MSE,v_y,0.0355743211353996
Baseline-NN-MSE,v_y,0.03449863540410569
Baseline-NN-MSE,v_y,0.0546785958042898
Baseline-NN-MSE,v_y,0.04519638741466114
Baseline-NN-MSE,v_y,0.010711514756430507
Baseline-NN-MSE,v_y,0.020952033969753592
Baseline-NN-MSE,v_y,0.009861125488933253
Baseline-NN-MSE,v_y,0.01894008332246727
Baseline-NN-MSE,v_y,0.00013473574992356463
Baseline-NN-MSE,v_y,0.016237452983464074
Baseline-NN-MSE,v_y,-0.006250696633794239
Baseline-NN-MSE,v_y,-0.0013636997266937567
Baseline-NN-MSE,v_y,-0.01182316625611357
Baseline-NN-MSE,v_y,0.0019220518142845089
Baseline-NN-MSE,v_y,0.0031891154764380203
Baseline-NN-MSE,v_y,-0.0070732126515725136
Baseline-NN-MSE,v_y,-0.0025764373585905886
Baseline-NN-MSE,v_y,-0.004636979666512692
Baseline-NN-MSE,v_y,-0.009472985402729117
Baseline-NN-MSE,v_y,-0.009758018272364222
Baseline-NN-MSE,v_y,-0.036781913259193
Baseline-NN-MSE,v_y,-0.037048164093302055
Baseline-NN-MSE,v_y,-0.017069505857396666
Baseline-NN-MSE,v_y,-0.007299960369427122
Baseline-NN-MSE,v_y,-0.009520639230292116
Baseline-NN-MSE,v_y,-0.006272059291272211
Baseline-NN-MSE,v_y,-0.004516158039031118
Baseline-NN-MSE,v_y,-0.02343667761873533
Baseline-NN-MSE,v_y,-0.014754421643392357
Baseline-NN-MSE,v_y,-0.00434697774599227
Baseline-NN-MSE,v_y,-0.005994186521974497
Baseline-NN-MSE,v_y,-0.003217849497740413
Baseline-NN-MSE,v_y,-0.0051665112277640285
Baseline-NN-MSE,v_y,0.0006191185106358167
Baseline-NN-MSE,v_y,0.0027497227266722636
Baseline-NN-MSE,v_y,-0.009411297647644312
Baseline-NN-MSE,v_y,0.002772442573716321
Baseline-NN-MSE,v_y,0.0028264221992653285
Baseline-NN-MSE,v_y,0.005823769529870723
Baseline-NN-MSE,v_y,0.008277666431207309
Baseline-NN-MSE,v_y,0.00853486665743293
Baseline-NN-MSE,v_y,0.0048092265755331765
Baseline-NN-MSE,v_y,0.0038795540579419086
Baseline-NN-MSE,v_y,0.0049798477040466915
Baseline-NN-MSE,v_y,0.005704382143265713
Baseline-NN-MSE,v_y,0.003599689160488445
Baseline-NN-MSE,v_y,0.007626720657403857
Baseline-NN-MSE,v_y,0.0035179319209728555
Baseline-NN-MSE,v_y,0.006949624918256264
Baseline-NN-MSE,v_y,0.0036747638210671563
Baseline-NN-MSE,v_y,0.005974148429022247
Baseline-NN-MSE,v_y,0.0031143297026438865
Baseline-NN-MSE,v_y,0.006017215217035576
Baseline-NN-MSE,v_y,0.002767636658995598
Baseline-NN-MSE,v_y,0.005186699012588253
Baseline-NN-MSE,v_y,0.003678614855540774
Baseline-NN-MSE,v_y,0.013512260271061977
Baseline-NN-MSE,v_y,0.004544087318133272
Baseline-NN-MSE,v_y,0.007361845747520412
Baseline-NN-MSE,v_y,0.004498729120076095
Baseline-NN-MSE,v_y,0.0077929341856002865
Baseline-NN-MSE,v_y,0.011983930430027268
Baseline-NN-MSE,v_y,0.00439166851788958
Baseline-NN-MSE,v_y,0.008134832472787568
Baseline-NN-MSE,v_y,0.011587261043095931
Baseline-NN-MSE,v_y,0.017610036802394646
Baseline-NN-MSE,v_y,0.005041849222502559
Baseline-NN-MSE,v_y,0.013218915974376688
Baseline-NN-MSE,v_y,0.011318567179992245
Baseline-NN-MSE,v_y,0.005762299051913444
Baseline-NN-MSE,v_y,0.009084053920854485
Baseline-NN-MSE,v_y,0.0043269797381093045
Baseline-NN-MSE,v_y,0.004160343917566867
Baseline-NN-MSE,v_y,0.0028181908945795753
Baseline-NN-MSE,v_y,0.013038498079418037
Baseline-NN-MSE,v_y,0.006335857805374545
Baseline-NN-MSE,v_y,0.01025653978244423
Baseline-NN-MSE,v_y,0.011955261021627694
Baseline-NN-MSE,v_y,0.007154458976659006
Baseline-NN-MSE,v_y,0.023680087335143485
Baseline-NN-MSE,v_y,0.016384887797939285
Baseline-NN-MSE,v_y,0.009473719404475611
Baseline-NN-MSE,v_y,0.021800045008741775
Baseline-NN-MSE,v_y,0.03248735954645954
Baseline-NN-MSE,v_y,0.04084856386330016
Baseline-NN-MSE,v_y,0.02132033393469379
Baseline-NN-MSE,v_y,0.010941965755976724
Baseline-NN-MSE,v_y,0.035903947384871904
Baseline-NN-MSE,v_y,0.017487012951871272
Baseline-NN-MSE,v_y,0.019880091156064372
Baseline-NN-MSE,v_y,0.019615546628081737
Baseline-NN-MSE,v_y,0.006676574795977497
Baseline-NN-MSE,v_y,0.020211023432242847
Baseline-NN-MSE,v_y,0.019332184915442585
Baseline-NN-MSE,v_y,0.020567636716881887
Baseline-NN-MSE,v_y,0.02423642676147253
Baseline-NN-MSE,v_y,0.006476846678134862
Baseline-NN-MSE,v_y,0.012530974481400947
Baseline-NN-MSE,v_y,0.05667460472392194
Baseline-NN-MSE,v_y,0.015903803160532748
Baseline-NN-MSE,v_y,0.03021892469316756
Baseline-NN-MSE,v_y,0.06374612848789574
Baseline-NN-MSE,v_y,0.021026237215455046
Baseline-NN-MSE,v_y,0.04021170418679498
Baseline-NN-MSE,v_y,0.020022937728722323
Baseline-NN-MSE,v_y,0.01713831507572261
Baseline-NN-MSE,v_y,0.016079488929073738
Baseline-NN-MSE,v_y,0.026099922121733954
Baseline-NN-MSE,v_y,0.013013610602760406
Baseline-NN-MSE,v_y,0.002936267342929233
Baseline-NN-MSE,v_y,0.008249236325590603
Baseline-NN-MSE,v_y,0.01758401361191536
Baseline-NN-MSE,v_y,0.011590196861532454
Baseline-NN-MSE,v_y,0.023802402106090248
Baseline-NN-MSE,v_y,0.017595784992321117
Baseline-NN-MSE,v_y,0.00981778954691559
Baseline-NN-MSE,v_y,0.011452679535234045
Baseline-NN-MSE,v_y,0.007970530837443868
Baseline-NN-MSE,v_y,0.0012383134496754544
Baseline-NN-MSE,v_y,0.010688171326658225
Baseline-NN-MSE,v_y,0.0039907362177853956
Baseline-NN-MSE,v_y,0.007839220267503055
Baseline-NN-MSE,v_y,0.005399095939363385
Baseline-NN-MSE,v_y,0.005833165187726919
Baseline-NN-MSE,v_y,0.006141668058137872
Baseline-NN-MSE,v_y,0.006267930356911866
Baseline-NN-MSE,v_y,0.007163541004798379
Baseline-NN-MSE,v_y,0.007297479608586344
Baseline-NN-MSE,v_y,0.00858025090056777
Baseline-NN-MSE,v_y,0.005933294045744358
Baseline-NN-MSE,v_y,0.0024873744401927578
Baseline-NN-MSE,v_y,-0.0021350152022831526
Baseline-NN-MSE,v_y,0.001015940344271049
Baseline-NN-MSE,v_y,0.0018401062073190033
Baseline-NN-MSE,v_y,0.0033921452647899253
Baseline-NN-MSE,v_y,0.001398564144249298
Baseline-NN-MSE,v_y,0.0013638440874201296
Baseline-NN-MSE,v_y,0.0017482826731738121
Baseline-NN-MSE,v_y,0.0013531361151251364
Baseline-NN-MSE,v_y,0.0020156834562402998
Baseline-NN-MSE,v_y,0.0008304292378473327
Baseline-NN-MSE,v_y,0.0021147619156212105
Baseline-NN-MSE,v_y,0.001740573499394063
Baseline-NN-MSE,v_y,0.0019935388379877933
Baseline-NN-MSE,v_y,0.0012363088653105647
Baseline-NN-MSE,v_y,0.003887441190335225
Baseline-NN-MSE,v_y,0.0013993130816995075
Baseline-NN-MSE,v_y,0.004391949033877934
Baseline-NN-MSE,v_y,0.003675512298710229
Baseline-NN-MSE,v_y,0.002374583327246431
Baseline-NN-MSE,v_y,0.0023892072595022643
Baseline-NN-MSE,v_y,0.002730122904227885
Baseline-NN-MSE,v_y,0.003378623034542231
Baseline-NN-MSE,v_y,0.00380110222811464
Baseline-NN-MSE,v_y,0.0037462156966711936
Baseline-NN-MSE,v_y,0.013386884980640229
Baseline-NN-MSE,v_y,0.004373528017837254
Baseline-NN-MSE,v_y,0.008406331066107622
Baseline-NN-MSE,v_y,0.004158905164693128
Baseline-NN-MSE,v_y,0.010148720004594283
Baseline-NN-MSE,v_y,0.003861904258415729
Baseline-NN-MSE,v_y,0.0033440436830368403
Baseline-NN-MSE,v_y,0.004623393251138384
Baseline-NN-MSE,v_y,0.006250801574903576
Baseline-NN-MSE,v_y,0.00480034866751175
Baseline-NN-MSE,v_y,0.0070009006562779495
Baseline-NN-MSE,v_y,0.006264765283306047
Baseline-NN-MSE,v_y,0.0032693714690926884
Baseline-NN-MSE,v_y,0.006536021813765534
Baseline-NN-MSE,v_y,0.0038114545330524587
Baseline-NN-MSE,v_y,0.0038807945784899295
Baseline-NN-MSE,v_y,0.008394824496310273
Baseline-NN-MSE,v_y,0.004140550963946506
Baseline-NN-MSE,v_y,0.008100758908088361
Baseline-NN-MSE,v_y,0.003694785819929436
Baseline-NN-MSE,v_y,0.0019096246762080812
Baseline-NN-MSE,v_y,0.003872421278899262
Baseline-NN-MSE,v_y,0.007664588056577937
Baseline-NN-MSE,v_y,0.003945160684594336
Baseline-NN-MSE,v_y,0.0031628503349963796
Baseline-NN-MSE,v_y,0.006098726038678316
Baseline-NN-MSE,v_y,0.003579239883510263
Baseline-NN-MSE,v_y,0.00841001979930299
Baseline-NN-MSE,v_y,0.004053769783533948
Baseline-NN-MSE,v_y,0.0028359116789435437
Baseline-NN-MSE,v_y,0.003064620315298649
Baseline-NN-MSE,v_y,0.002565140000480623
Baseline-NN-MSE,v_y,0.0029496512041829945
Baseline-NN-MSE,v_y,0.0028774884471204284
Baseline-NN-MSE,v_y,0.002743079953348
Baseline-NN-MSE,v_y,0.0054797438559257075
Baseline-NN-MSE,v_y,0.004501180305118976
Baseline-NN-MSE,v_y,0.008051021548893887
Baseline-NN-MSE,v_y,0.003661905485856338
Baseline-NN-MSE,v_y,-0.008604148567516054
Baseline-NN-MSE,v_y,0.006575382304441615
Baseline-NN-MSE,v_y,0.004159461575826452
Baseline-NN-MSE,v_y,0.007667123450589449
Baseline-NN-MSE,v_y,0.0038832744436628278
Baseline-NN-MSE,v_y,0.00389457433296949
Baseline-NN-MSE,v_y,0.007541776725168654
Baseline-NN-MSE,v_y,0.004218421161881446
Baseline-NN-MSE,v_y,0.006420164826890042
Baseline-NN-MSE,v_y,0.00538835404022929
Baseline-NN-MSE,v_y,0.00583539914864193
Baseline-NN-MSE,v_y,0.0031113458876818254
Baseline-NN-MSE,v_y,0.006837027109805771
Baseline-NN-MSE,v_y,0.0037500412862464527
Baseline-NN-MSE,v_y,0.005927499338932794
Baseline-NN-MSE,v_y,0.0034366837578022266
Baseline-NN-MSE,v_y,0.010726802429570713
Baseline-NN-MSE,v_y,0.006881182619037005
Baseline-NN-MSE,v_y,0.0035777511114018085
Baseline-NN-MSE,v_y,0.006788440439962559
Baseline-NN-MSE,v_y,0.006261091326393353
Baseline-NN-MSE,v_y,0.005142049718568999
Baseline-NN-MSE,v_y,0.004707385672264176
Baseline-NN-MSE,v_y,0.00238750700352703
Baseline-NN-MSE,v_y,0.004588247900953631
Baseline-NN-MSE,v_y,0.0021651614621528772
Baseline-NN-MSE,v_y,0.004667994105929829
Baseline-NN-MSE,v_y,0.0025087352395824526
Baseline-NN-MSE,v_y,0.002659469433396972
Baseline-NN-MSE,v_y,0.01041035124409151
Baseline-NN-MSE,v_y,0.0029549796690536596
Baseline-NN-MSE,v_y,0.005607763868819768
Baseline-NN-MSE,v_y,0.005302822127035669
Baseline-NN-MSE,v_y,0.002697427607646047
Baseline-NN-MSE,v_y,0.0028034794109389853
Baseline-NN-MSE,v_y,0.010855317505005058
Baseline-NN-MSE,v_y,0.002267471520068693
Baseline-NN-MSE,v_y,0.003959402686674527
Baseline-NN-MSE,v_y,0.0028214237622511754
Baseline-NN-MSE,v_y,0.006134905329686871
Baseline-NN-MSE,v_y,0.0032501387538626733
Baseline-NN-MSE,v_y,0.006134109142163405
Baseline-NN-MSE,v_y,0.006475486851703786
Baseline-NN-MSE,v_y,0.00524757009898303
Baseline-NN-MSE,v_y,0.0050744173936093165
Baseline-NN-MSE,v_y,0.002324331338309518
Baseline-NN-MSE,v_y,0.004916929016546598
Baseline-NN-MSE,v_y,0.016026927005656402
Baseline-NN-MSE,v_y,0.005772689536510417
Baseline-NN-MSE,v_y,0.010464108018478281
Baseline-NN-MSE,v_y,0.014983589197083147
Baseline-NN-MSE,v_y,0.012299958323464116
Baseline-NN-MSE,v_y,0.03034670740039036
Baseline-NN-MSE,v_y,0.007564895241328667
Baseline-NN-MSE,v_y,0.015889722280051616
Baseline-NN-MSE,v_y,0.017998616950972463
Baseline-NN-MSE,v_y,0.01804525759861353
Baseline-NN-MSE,v_y,0.014970658068529763
Baseline-NN-MSE,v_y,0.018708118824128095
Baseline-NN-MSE,v_y,0.034089759836543054
Baseline-NN-MSE,v_y,0.01611255230110148
Baseline-NN-MSE,v_y,0.009287896226380266
Baseline-NN-MSE,v_y,0.020385948362024398
Baseline-NN-MSE,v_y,0.022260266800369133
Baseline-NN-MSE,v_y,0.020993512515639967
Baseline-NN-MSE,v_y,0.012431512756754415
Baseline-NN-MSE,v_y,0.029288850358437646
Baseline-NN-MSE,v_y,0.02444883049630714
Baseline-NN-MSE,v_y,0.012755722337321862
Baseline-NN-MSE,v_y,0.013948265863278797
Baseline-NN-MSE,v_y,0.02731458451608726
Baseline-NN-MSE,v_y,0.01642758677312972
Baseline-NN-MSE,v_y,0.014702562007960718
Baseline-NN-MSE,v_y,0.013062790178100081
Baseline-NN-MSE,v_y,0.062280205967475855
Baseline-NN-MSE,v_y,0.023369114154947246
Baseline-NN-MSE,v_y,0.06769855117037055
Baseline-NN-MSE,v_y,0.02242702796473639
Baseline-NN-MSE,v_y,0.01610901777862861
Baseline-NN-MSE,v_y,0.030621212302734013
Baseline-NN-MSE,v_y,0.017909847107079102
Baseline-NN-MSE,v_y,0.08821005129773568
Baseline-NN-MSE,v_y,0.028872226249657018
Baseline-NN-MSE,v_y,0.06294819537038254
Baseline-NN-MSE,v_y,0.031662651810110076
Baseline-NN-MSE,v_y,0.107007386136304
Baseline-NN-MSE,v_y,0.03133429286845024
Baseline-NN-MSE,v_y,0.073408930805959
Baseline-NN-MSE,v_y,0.023584138471885896
Baseline-NN-MSE,v_y,0.05847732266423389
Baseline-NN-MSE,v_y,0.047872116112265495
Baseline-NN-MSE,v_y,0.020270982567305418
Baseline-NN-MSE,v_y,0.06947823542442316
Baseline-NN-MSE,v_y,0.02566976169687285
Baseline-NN-MSE,v_y,0.030544306321515835
Baseline-NN-MSE,v_y,0.03311249301441782
Baseline-NN-MSE,v_y,0.03979461492016256
Baseline-NN-MSE,v_y,0.015881829701880457
Baseline-NN-MSE,v_y,0.03209061093365534
Baseline-NN-MSE,v_y,0.016537822430546578
Baseline-NN-MSE,v_y,0.03903120181925818
Baseline-NN-MSE,v_y,0.04284653136790245
Baseline-NN-MSE,v_y,0.030081677812548113
Baseline-NN-MSE,v_y,0.029299297250067413
Baseline-NN-MSE,v_y,0.03128130769218901
Baseline-NN-MSE,v_y,0.013362934334639531
Baseline-NN-MSE,v_y,0.03501741313500817
Baseline-NN-MSE,v_y,0.03480579428830144
Baseline-NN-MSE,v_y,0.011076509108661425
Baseline-NN-MSE,v_y,0.016467310000155166
Baseline-NN-MSE,v_y,0.01523666519337985
Baseline-NN-MSE,v_y,0.005866566970649079
Baseline-NN-MSE,v_y,0.018868159465969703
Baseline-NN-MSE,v_y,0.012462590426552955
Baseline-NN-MSE,v_y,0.00926140455236768
Baseline-NN-MSE,v_y,0.010801275284959777
Baseline-NN-MSE,v_y,0.006194002690562694
Baseline-NN-MSE,v_y,0.011314630991944796
Baseline-NN-MSE,v_y,0.004290182975955847
Baseline-NN-MSE,v_y,0.007684195172067476
Baseline-NN-MSE,v_y,-0.006385168751836756
Baseline-NN-MSE,v_y,0.002852892197569068
Baseline-NN-MSE,v_y,0.00960355923771719
Baseline-NN-MSE,v_y,0.0075000056836762585
Baseline-NN-MSE,v_y,-0.023925283555685073
Baseline-NN-MSE,v_y,0.0001034229561640565
Baseline-NN-MSE,v_y,-0.00418795136775188
Baseline-NN-MSE,v_y,0.010831794853270293
Baseline-NN-MSE,v_y,0.0023923111492432925
Baseline-NN-MSE,v_y,0.006921813662820006
Baseline-NN-MSE,v_y,0.008543952016458856
Baseline-NN-MSE,v_y,0.008597039031371767
Baseline-NN-MSE,v_y,0.0031560705538368067
Baseline-NN-MSE,v_y,0.012702744767584984
Baseline-NN-MSE,v_y,0.0034529856753483384
Baseline-NN-MSE,v_y,0.003635702889642267
Baseline-NN-MSE,v_y,0.013484120038287362
Baseline-NN-MSE,v_y,0.00809399275206249
Baseline-NN-MSE,v_y,0.010964948523036616
Baseline-NN-MSE,v_y,0.005228320058306257
Baseline-NN-MSE,v_y,0.005236940171969573
Baseline-NN-MSE,v_y,0.005449042666459403
Baseline-NN-MSE,v_y,0.0058998111520487395
Baseline-NN-MSE,v_y,0.008456829126800902
Baseline-NN-MSE,v_y,0.0025553337733771886
Baseline-NN-MSE,v_y,0.0062727435169447066
Baseline-NN-MSE,v_y,0.005715459480572088
Baseline-NN-MSE,v_y,0.005542943003352563
Baseline-NN-MSE,v_y,0.009800568528267772
Baseline-NN-MSE,v_y,0.008371755209717335
Baseline-NN-MSE,v_y,0.004562972892491829
Baseline-NN-MSE,v_y,0.004394979321930115
Baseline-NN-MSE,v_y,0.005079949859470745
Baseline-NN-MSE,v_y,0.002969082467679046
Baseline-NN-MSE,v_y,0.010147567360797582
Baseline-NN-MSE,v_y,0.005788751486612953
Baseline-NN-MSE,v_y,0.005480723031107332
Baseline-NN-MSE,v_y,0.004678628317591471
Baseline-NN-MSE,v_y,0.0022886336885853675
Baseline-NN-MSE,v_y,0.001412094455635532
Baseline-NN-MSE,v_y,-4.474152232050721e-05
Baseline-NN-MSE,v_y,0.001003443819776434
Baseline-NN-MSE,v_y,0.0027408674887728496
Baseline-NN-MSE,v_y,0.0014637894860424078
Baseline-NN-MSE,v_y,0.005709091544945533
Baseline-NN-MSE,v_y,0.004152964017851292
Baseline-NN-MSE,v_y,0.031214744863141977
Baseline-NN-MSE,v_y,0.03419308034176584
Baseline-NN-MSE,v_y,-0.018098544799382554
Baseline-NN-MSE,v_y,-0.0001271871168149752
Baseline-NN-MSE,v_y,0.0032281753146144454
Baseline-NN-MSE,v_y,0.0015736962776941588
Baseline-NN-MSE,v_y,-0.0005399699325683849
Baseline-NN-MSE,v_y,0.0055329581083718715
Baseline-NN-MSE,v_y,0.0025902831467710247
Baseline-NN-MSE,v_y,0.008078449124944653
Baseline-NN-MSE,v_y,0.005568336678375876
Baseline-NN-MSE,v_y,0.005508121695654754
Baseline-NN-MSE,v_y,0.0034100606917180643
Baseline-NN-MSE,v_y,0.006868708630252324
Baseline-NN-MSE,v_y,0.005246701512306676
Baseline-NN-MSE,v_y,0.0013233661462705437
Baseline-NN-MSE,v_y,0.006288626814711533
Baseline-NN-MSE,v_y,0.0019455691568219247
Baseline-NN-MSE,v_y,0.005541757473187983
Baseline-NN-MSE,v_y,0.00209229534806734
Baseline-NN-MSE,v_y,0.004467702887098017
Baseline-NN-MSE,v_y,0.004706803415656491
Baseline-NN-MSE,v_y,0.0025685119393413502
Baseline-NN-MSE,v_y,0.0045118270072875485
Baseline-NN-MSE,v_y,0.0038139885969834114
Baseline-NN-MSE,v_y,0.0022156870157848813
Baseline-NN-MSE,v_y,0.0028671469256054335
Baseline-NN-MSE,v_y,0.0023135749266090383
Baseline-NN-MSE,v_y,0.003553856702318496
Baseline-NN-MSE,v_y,0.004710703716875165
Baseline-NN-MSE,v_y,0.005443077720533455
Baseline-NN-MSE,v_y,0.0018241147268775945
Baseline-NN-MSE,v_y,0.0016793900137504498
Baseline-NN-MSE,v_y,-0.000571826200008483
Baseline-NN-MSE,v_y,0.00020574862359499027
Baseline-NN-MSE,v_y,-0.002036352777451393
Baseline-NN-MSE,v_y,0.000839766129785896
Baseline-NN-MSE,v_y,-0.0015169276856387415
Baseline-NN-MSE,v_y,0.0007581063573807445
Baseline-NN-MSE,v_y,0.0027010921057355475
Baseline-NN-MSE,v_y,-1.6552103448586042e-05
Baseline-NN-MSE,v_y,4.382353648127446e-05
Baseline-NN-MSE,v_y,0.0003143750604976403
Baseline-NN-MSE,v_y,0.0016743866539430385
Baseline-NN-MSE,v_y,0.0069851557298257205
Baseline-NN-MSE,v_y,0.002181594237297302
Baseline-NN-MSE,v_y,0.0011500341420937477
Baseline-NN-MSE,v_y,-0.00873066825083807
Baseline-NN-MSE,v_y,0.0017098983041342053
Baseline-NN-MSE,v_y,-0.002265252616020952
Baseline-NN-MSE,v_y,-0.006252668526451233
Baseline-NN-MSE,v_y,0.003158962266594012
Baseline-NN-MSE,v_y,-0.010808466746147771
Baseline-NN-MSE,v_y,-0.011409929744472969
Baseline-NN-MSE,v_y,-0.0043786099664379075
Baseline-NN-MSE,v_y,-0.0009834835563149458
Baseline-NN-MSE,v_y,-0.007938701385295621
Baseline-NN-MSE,v_y,-0.031194771510804575
Baseline-NN-MSE,v_y,-0.03413325018265673
Baseline-NN-MSE,v_y,-0.01584276841447796
Baseline-NN-MSE,v_y,-0.008386124114553917
Baseline-NN-MSE,v_y,-0.018255940289403638
Baseline-NN-MSE,v_y,-0.004565293535803205
Baseline-NN-MSE,v_y,-0.006742584170942534
Baseline-NN-MSE,v_y,0.00354350642363499
Baseline-NN-MSE,v_y,-0.0036416536638442243
Baseline-NN-MSE,v_y,0.006955417941314768
Baseline-NN-MSE,v_y,0.019665518676558524
Baseline-NN-MSE,v_y,0.01875555293795339
Baseline-NN-MSE,v_y,0.019156009098557553
Baseline-NN-MSE,v_y,0.004082302053821846
Baseline-NN-MSE,v_y,0.008677144709288475
Baseline-NN-MSE,v_y,0.016088077085300898
Baseline-NN-MSE,v_y,0.004036893399352114
Baseline-NN-MSE,v_y,0.012391587850108896
Baseline-NN-MSE,v_y,0.014006998625188935
Baseline-NN-MSE,v_y,0.011710144445537057
Baseline-NN-MSE,v_y,0.010047347339992824
Baseline-NN-MSE,v_y,0.010035266591614272
Baseline-NN-MSE,v_y,0.017928488068413184
Baseline-NN-MSE,v_y,0.015956876927866542
Baseline-NN-MSE,v_y,0.010054734973595991
Baseline-NN-MSE,v_y,0.04246082630561082
Baseline-NN-MSE,v_y,0.02858869074802098
Baseline-NN-MSE,v_y,0.014833252874238922
Baseline-NN-MSE,v_y,0.03288120214523266
Baseline-NN-MSE,v_y,0.033740328408483455
Baseline-NN-MSE,v_y,0.04001222250746245
Baseline-NN-MSE,v_y,0.04661208090893043
Baseline-NN-MSE,v_y,0.028619657879178195
Baseline-NN-MSE,v_y,0.05881929241909667
Baseline-NN-MSE,v_y,0.02693218832513311
Baseline-NN-MSE,v_y,0.11855518807659904
Baseline-NN-MSE,v_y,0.035490777763138914
Baseline-NN-MSE,v_y,0.02803464393040711
Baseline-NN-MSE,v_y,0.06732821373505349
Baseline-NN-MSE,v_y,0.06725570305953066
Baseline-NN-MSE,v_y,0.04797830052830909
Baseline-NN-MSE,v_y,0.0525671168549765
Baseline-NN-MSE,v_y,0.023862269395587332
Baseline-NN-MSE,v_y,0.03950879078851116
Baseline-NN-MSE,v_y,0.01600318433515152
Baseline-NN-MSE,v_y,0.020256694199187797
Baseline-NN-MSE,v_y,0.03667824465019304
Baseline-NN-MSE,v_y,0.00958145969506674
Baseline-NN-MSE,v_y,0.020908603589970765
Baseline-NN-MSE,v_y,0.032330977168373465
Baseline-NN-MSE,v_y,0.010057839822558257
Baseline-NN-MSE,v_y,0.013724356906013091
Baseline-NN-MSE,v_y,0.003555109914585741
Baseline-NN-MSE,v_y,0.002953559900561842
Baseline-NN-MSE,v_y,0.016650543362747017
Baseline-NN-MSE,v_y,0.003574924384713102
Baseline-NN-MSE,v_y,0.002984742192140233
Baseline-NN-MSE,v_y,0.014413162480368863
Baseline-NN-MSE,v_y,0.0015437738090592623
Baseline-NN-MSE,v_y,0.0025327185575018257
Baseline-NN-MSE,v_y,7.12102080744001e-05
Baseline-NN-MSE,v_y,-0.00019627811158874284
Baseline-NN-MSE,v_y,-0.005103778686293338
Baseline-NN-MSE,v_y,-0.00427409550598758
Baseline-NN-MSE,v_y,-0.0018995931996864755
Baseline-NN-MSE,v_y,-0.008125839903395146
Baseline-NN-MSE,v_y,-0.0060142504206473005
Baseline-NN-MSE,v_y,-0.009112238864532635
Baseline-NN-MSE,v_y,-0.009807799982020596
Baseline-NN-MSE,v_y,-0.01373423741914609
Baseline-NN-MSE,v_y,-0.02402398212912167
Baseline-NN-MSE,v_y,-0.005525647017872115
Baseline-NN-MSE,v_y,-0.013806450317218527
Baseline-NN-MSE,v_y,-0.0432122878431099
Baseline-NN-MSE,v_y,-0.006190651516465473
Baseline-NN-MSE,v_y,-0.014218452352942446
Baseline-NN-MSE,v_y,-0.01947838108227362
Baseline-NN-MSE,v_y,-0.021503695407745826
Baseline-NN-MSE,v_y,-0.014700919557463332
Baseline-NN-MSE,v_y,-0.03942549934531414
Baseline-NN-MSE,v_y,-0.021536368845092857
Baseline-NN-MSE,v_y,-0.027645723520322463
Baseline-NN-MSE,v_y,-0.03230457782910856
Baseline-NN-MSE,v_y,-0.013514633685702437
Baseline-NN-MSE,v_y,-0.02773766865490601
Baseline-NN-MSE,v_y,-0.06525602020825844
Baseline-NN-MSE,v_y,-0.030523449900062172
Baseline-NN-MSE,v_y,-0.06691772373010857
Baseline-NN-MSE,v_y,-0.020161640126563907
Baseline-NN-MSE,v_y,-0.04429029175767324
Baseline-NN-MSE,v_y,-0.03333097417608133
Baseline-NN-MSE,v_y,-0.04131924844308721
Baseline-NN-MSE,v_y,-0.07678996165332447
Baseline-NN-MSE,v_y,-0.02716128214684599
Baseline-NN-MSE,v_y,-0.0619508423640156
Baseline-NN-MSE,v_y,-0.09004330415290607
Baseline-NN-MSE,v_y,-0.055946445048856874
Baseline-NN-MSE,v_y,-0.06022440362108422
Baseline-NN-MSE,v_y,-0.08965231584489841
Baseline-NN-MSE,v_y,-0.06009834306661915
Baseline-NN-MSE,v_y,-0.05483500293571636
Baseline-NN-MSE,v_y,-0.026620047314797057
Baseline-NN-MSE,v_y,-0.022846786495427707
Baseline-NN-MSE,v_y,-0.023652156046093276
Baseline-NN-MSE,v_y,-0.014072537622386416
Baseline-NN-MSE,v_y,-0.00038602140797269757
Baseline-NN-MSE,v_y,-0.002535317412514365
Baseline-NN-MSE,v_y,-0.002106643360923574
Baseline-NN-MSE,v_y,-0.001235368387959207
Baseline-NN-MSE,v_y,0.0002672362801698497
Baseline-NN-MSE,v_y,-0.000986279851788896
Baseline-NN-MSE,v_y,0.0004699164848224295
Baseline-NN-MSE,v_y,0.01453737831034094
Baseline-NN-MSE,v_y,0.018902014294975882
Baseline-NN-MSE,v_y,0.01638584456340406
Baseline-NN-MSE,v_y,0.01824407261710597
Baseline-NN-MSE,v_y,0.011597040740830941
Baseline-NN-MSE,v_y,0.007600381931584466
Baseline-NN-MSE,v_y,0.015707382071852544
Baseline-NN-MSE,v_y,0.007536208008947998
Baseline-NN-MSE,v_y,0.036613293133159724
Baseline-NN-MSE,v_y,0.005908062096498717
Baseline-NN-MSE,v_y,0.01678730434093806
Baseline-NN-MSE,v_y,0.044899148514902676
Baseline-NN-MSE,v_y,0.034442852775360466
Baseline-NN-MSE,v_y,0.04267821966536167
Baseline-NN-MSE,v_y,0.023316259731962052
Baseline-NN-MSE,v_y,0.020069284100894924
Baseline-NN-MSE,v_y,0.10852329849094577
Baseline-NN-MSE,v_y,0.03107703153100627
Baseline-NN-MSE,v_y,0.045607858007348234
Baseline-NN-MSE,v_y,0.02329860426914654
Baseline-NN-MSE,v_y,0.04272498369759081
Baseline-NN-MSE,v_y,0.08272593011433782
Baseline-NN-MSE,v_y,0.021469754647373274
Baseline-NN-MSE,v_y,0.03947619641552791
Baseline-NN-MSE,v_y,0.017009639124350828
Baseline-NN-MSE,v_y,0.039158760385930136
Baseline-NN-MSE,v_y,0.01936582448772939
Baseline-NN-MSE,v_y,0.03455394938483769
Baseline-NN-MSE,v_y,0.018004480206218088
Baseline-NN-MSE,v_y,0.0381219334651422
Baseline-NN-MSE,v_y,0.05751965185550534
Baseline-NN-MSE,v_y,0.055698064750794474
Baseline-NN-MSE,v_y,0.05851014833537216
Baseline-NN-MSE,v_y,0.10284220281275552
Baseline-NN-MSE,v_y,0.04329713434868737
Baseline-NN-MSE,v_y,0.05846959011682773
Baseline-NN-MSE,v_y,0.04886355112995511
Baseline-NN-MSE,v_y,0.0232673400696225
Baseline-NN-MSE,v_y,0.06066170512709351
Baseline-NN-MSE,v_y,0.06423224822076873
Baseline-NN-MSE,v_y,0.022658308419302997
Baseline-NN-MSE,v_y,0.07802634596679547
Baseline-NN-MSE,v_y,0.0756833671860625
Baseline-NN-MSE,v_y,0.0668885181398361
Baseline-NN-MSE,v_y,0.01809848739948372
Baseline-NN-MSE,v_y,0.01698910971727552
Baseline-NN-MSE,v_y,0.014795280510746356
Baseline-NN-MSE,v_y,0.03134821046304892
Baseline-NN-MSE,v_y,0.04439654555514411
Baseline-NN-MSE,v_y,0.0241982216813188
Baseline-NN-MSE,v_y,0.028182068018262396
Baseline-NN-MSE,v_y,0.034424666333472964
Baseline-NN-MSE,v_y,0.011548549617836357
Baseline-NN-MSE,v_y,0.026774008228646784
Baseline-NN-MSE,v_y,0.010956155155367242
Baseline-NN-MSE,v_y,0.02286377100245257
Baseline-NN-MSE,v_y,0.006254510785414447
Baseline-NN-MSE,v_y,0.012690710950590767
Baseline-NN-MSE,v_y,0.005196629056281543
Baseline-NN-MSE,v_y,0.012318062272418384
Baseline-NN-MSE,v_y,0.007877272348294384
Baseline-NN-MSE,v_y,-0.014030722286670322
Baseline-NN-MSE,v_y,0.010167250401643485
Baseline-NN-MSE,v_y,0.01231581827140038
Baseline-NN-MSE,v_y,0.0026407504573144336
Baseline-NN-MSE,v_y,0.0063209853369694535
Baseline-NN-MSE,v_y,0.0022065074152212427
Baseline-NN-MSE,v_y,-0.01672408069386691
Baseline-NN-MSE,v_y,-0.0020919319614349646
Baseline-NN-MSE,v_y,-0.002658754373495914
Baseline-NN-MSE,v_y,-0.013500385097289146
Baseline-NN-MSE,v_y,-0.002577783547993987
Baseline-NN-MSE,v_y,-0.009938462457785298
Baseline-NN-MSE,v_y,-0.006963091463944512
Baseline-NN-MSE,v_y,0.005362335247172306
Baseline-NN-MSE,v_y,-0.004912764475628495
Baseline-NN-MSE,v_y,-0.009799900165499115
Baseline-NN-MSE,v_y,-0.008665696264967104
Baseline-NN-MSE,v_y,-0.03274229578314336
Baseline-NN-MSE,v_y,-0.038340051211721626
Baseline-NN-MSE,v_y,-0.03315638193306136
Baseline-NN-MSE,v_y,-0.010012698648546148
Baseline-NN-MSE,v_y,-0.01872865750981767
Baseline-NN-MSE,v_y,-0.03789038047831694
Baseline-NN-MSE,v_y,-0.012484472909779387
Baseline-NN-MSE,v_y,-0.007576488757630395
Baseline-NN-MSE,v_y,-0.009103253847100423
Baseline-NN-MSE,v_y,-0.00573979849970252
Baseline-NN-MSE,v_y,-0.03187281489175464
Baseline-NN-MSE,v_y,0.0006657957799162673
Baseline-NN-MSE,v_y,0.0006321972313642621
Baseline-NN-MSE,v_y,0.001963684214211947
Baseline-NN-MSE,v_y,0.00043809491625684815
Baseline-NN-MSE,v_y,0.0011200363401627778
Baseline-NN-MSE,v_y,-0.005810626555048826
Baseline-NN-MSE,v_y,0.0034799298141926505
Baseline-NN-MSE,v_y,-0.004168960645541453
Baseline-NN-MSE,v_y,0.01640137627371302
Baseline-NN-MSE,v_y,0.013529226404039751
Baseline-NN-MSE,v_y,0.010696134784169531
Baseline-NN-MSE,v_y,0.01779832203269749
Baseline-NN-MSE,v_y,0.006750363514891028
Baseline-NN-MSE,v_y,0.02013697582309798
Baseline-NN-MSE,v_y,0.005267323281696976
Baseline-NN-MSE,v_y,0.003648129921919832
Baseline-NN-MSE,v_y,0.009448952798055618
Baseline-NN-MSE,v_y,0.010575187260734656
Baseline-NN-MSE,v_y,0.012132298201708063
Baseline-NN-MSE,v_y,0.003923084099625284
Baseline-NN-MSE,v_y,0.0023924321446932434
Baseline-NN-MSE,v_y,0.0009829581198166487
Baseline-NN-MSE,v_y,0.0020067154203940417
Baseline-NN-MSE,v_y,0.002085640962355008
Baseline-NN-MSE,v_y,0.00882110462892513
Baseline-NN-MSE,v_y,0.0018459019334631718
Baseline-NN-MSE,v_y,0.0044992810443851075
Baseline-NN-MSE,v_y,0.003298668559249488
Baseline-NN-MSE,v_y,0.004045262535964298
Baseline-NN-MSE,v_y,0.0011971704172156154
Baseline-NN-MSE,v_y,0.006514024832327136
Baseline-NN-MSE,v_y,0.0029347823801551716
Baseline-NN-MSE,v_y,0.0033822265725566916
Baseline-NN-MSE,v_y,0.0035840422067672665
Baseline-NN-MSE,v_y,0.0038561819831396072
Baseline-NN-MSE,v_y,0.0029421179253003534
Baseline-NN-MSE,v_y,0.0023802264540129063
Baseline-NN-MSE,v_y,0.003476715721247742
Baseline-NN-MSE,v_y,0.0037101623971367726
Baseline-NN-MSE,v_y,0.0049421002852712325
Baseline-NN-MSE,v_y,0.0060487608406562905
Baseline-NN-MSE,v_y,0.005684759878142305
Baseline-NN-MSE,v_y,0.0032534656845706533
Baseline-NN-MSE,v_y,0.004819292153185669
Baseline-NN-MSE,v_y,0.00536641872825324
Baseline-NN-MSE,v_y,0.006385195312471911
Baseline-NN-MSE,v_y,0.0046974818347976025
Baseline-NN-MSE,v_y,0.005014765202590389
Baseline-NN-MSE,v_y,0.0024856756728912337
Baseline-NN-MSE,v_y,0.004051283413889004
Baseline-NN-MSE,v_y,0.002926072231332696
Baseline-NN-MSE,v_y,0.006039455682532686
Baseline-NN-MSE,v_y,0.003492865106625803
Baseline-NN-MSE,v_y,0.013995608830621103
Baseline-NN-MSE,v_y,0.012387883232847167
Baseline-NN-MSE,v_y,0.003954410032717268
Baseline-NN-MSE,v_y,0.0039719560633572695
Baseline-NN-MSE,v_y,0.0018286433924424288
Baseline-NN-MSE,v_y,0.009543150478555668
Baseline-NN-MSE,v_y,0.003066416961241462
Baseline-NN-MSE,v_y,0.0032646307640339916
Baseline-NN-MSE,v_y,0.006172138134712223
Baseline-NN-MSE,v_y,0.0058702060562143416
Baseline-NN-MSE,v_y,0.005666956494023705
Baseline-NN-MSE,v_y,0.008019046798503474
Baseline-NN-MSE,v_y,0.006812528891654547
Baseline-NN-MSE,v_y,0.0026235189860391514
Baseline-NN-MSE,v_y,0.004761032555510573
Baseline-NN-MSE,v_y,0.0023876541127035196
Baseline-NN-MSE,v_y,0.004855225729548461
Baseline-NN-MSE,v_y,0.0027841839375019953
Baseline-NN-MSE,v_y,0.005384622849465493
Baseline-NN-MSE,v_y,0.007524752738966894
Baseline-NN-MSE,v_y,0.00639964472244426
Baseline-NN-MSE,v_y,0.006336343545201002
Baseline-NN-MSE,v_y,0.006398767045423959
Baseline-NN-MSE,v_y,0.012655817453406689
Baseline-NN-MSE,v_y,0.0026724343715522555
Baseline-NN-MSE,v_y,0.002423017728023705
Baseline-NN-MSE,v_y,0.013174518324072959
Baseline-NN-MSE,v_y,0.00408524404693136
Baseline-NN-MSE,v_y,0.0031841398467217473
Baseline-NN-MSE,v_y,0.015099746104172574
Baseline-NN-MSE,v_y,0.01124691739185682
Baseline-NN-MSE,v_y,0.010068757028330537
Baseline-NN-MSE,v_y,0.007119143912437578
Baseline-NN-MSE,v_y,0.006853708427126282
Baseline-NN-MSE,v_y,0.0023561174401710086
Baseline-NN-MSE,v_y,0.006815309995585963
Baseline-NN-MSE,v_y,0.010445395025000696
Baseline-NN-MSE,v_y,0.002988222656117815
Baseline-NN-MSE,v_y,0.0058427472533839585
Baseline-NN-MSE,v_y,0.005909824149589316
Baseline-NN-MSE,v_y,0.006187361545278199
Baseline-NN-MSE,v_y,0.006381547558778901
Baseline-NN-MSE,v_y,0.00953996942109082
Baseline-NN-MSE,v_y,0.00590293398114488
Baseline-NN-MSE,v_y,0.008183437502225489
Baseline-NN-MSE,v_y,0.004233344665546621
Baseline-NN-MSE,v_y,0.0021565243904704857
Baseline-NN-MSE,v_y,0.004444560878436827
Baseline-NN-MSE,v_y,0.003163993929848709
Baseline-NN-MSE,v_y,0.010130468602391592
Baseline-NN-MSE,v_y,0.0023815135704838807
Baseline-NN-MSE,v_y,0.003945720270457365
Baseline-NN-MSE,v_y,0.007563051872054794
Baseline-NN-MSE,v_y,0.009810829791293961
Baseline-NN-MSE,v_y,0.002381716836506894
Baseline-NN-MSE,v_y,0.0015647551435597484
Baseline-NN-MSE,v_y,0.007166287086609199
Baseline-NN-MSE,v_y,0.0018036905293756234
Baseline-NN-MSE,v_y,0.0022164677308430247
Baseline-NN-MSE,v_y,0.009308653252496253
Baseline-NN-MSE,v_y,0.007740020910959367
Baseline-NN-MSE,v_y,0.0059871518388399
Baseline-NN-MSE,v_y,0.002955412351231746
Baseline-NN-MSE,v_y,0.001895821893325985
Baseline-NN-MSE,v_y,0.006210111306129196
Baseline-NN-MSE,v_y,0.0034000459027177174
Baseline-NN-MSE,v_y,0.0030181147200417507
Baseline-NN-MSE,v_y,0.0030411099626208027
Baseline-NN-MSE,v_y,0.004756236073879365
Baseline-NN-MSE,v_y,0.0011802770915171207
Baseline-NN-MSE,v_y,0.004101995656349805
Baseline-NN-MSE,v_y,0.004955123576609037
Baseline-NN-MSE,v_y,0.0037775961794948507
Baseline-NN-MSE,v_y,0.004014934028804401
Baseline-NN-MSE,v_y,0.0025308547920563917
Baseline-NN-MSE,v_y,0.0034406729856707695
Baseline-NN-MSE,v_y,0.0025362003179987963
Baseline-NN-MSE,v_y,0.0020120194250998653
Baseline-NN-MSE,v_y,0.0036774481800180836
Baseline-NN-MSE,v_y,0.004813470524235492
Baseline-NN-MSE,v_y,0.004614381138887486
Baseline-NN-MSE,v_y,0.0025695408293654187
Baseline-NN-MSE,v_y,0.004010826681961333
Baseline-NN-MSE,v_y,0.0015943028576240817
Baseline-NN-MSE,v_y,0.001838352443907159
Baseline-NN-MSE,v_y,0.0030924446991631993
Baseline-NN-MSE,v_y,0.005510326389026102
Baseline-NN-MSE,v_y,0.009796930793265927
Baseline-NN-MSE,v_y,0.0074070995705325
Baseline-NN-MSE,v_y,0.003381582643998786
Baseline-NN-MSE,v_y,0.001108174121290037
Baseline-NN-MSE,v_y,0.002899648112434712
Baseline-NN-MSE,v_y,0.0017742725906363457
Baseline-NN-MSE,v_y,-0.0024460799342784917
Baseline-NN-MSE,v_y,0.006645276191347728
Baseline-NN-MSE,v_y,0.0025619832400242126
Baseline-NN-MSE,v_y,0.0058220717261867755
Baseline-NN-MSE,v_y,0.003135596426504482
Baseline-NN-MSE,v_y,0.006230570806377282
Baseline-NN-MSE,v_y,0.007344759429640989
Baseline-NN-MSE,v_y,0.0030969663218971266
Baseline-NN-MSE,v_y,0.010674955915143003
Baseline-NN-MSE,v_y,0.002836967902319479
Baseline-NN-MSE,v_y,0.005768245262726693
Baseline-NN-MSE,v_y,0.0031679816978663483
Baseline-NN-MSE,v_y,0.00023765467617695157
Baseline-NN-MSE,v_y,0.008613915526163182
Baseline-NN-MSE,v_y,0.011918421825771193
Baseline-NN-MSE,v_y,0.008195968530430114
Baseline-NN-MSE,v_y,0.0074110729932449215
Baseline-NN-MSE,v_y,0.00713761449400116
Baseline-NN-MSE,v_y,0.006325040164770049
Baseline-NN-MSE,v_y,0.009618631559689603
Baseline-NN-MSE,v_y,0.006966768450606148
Baseline-NN-MSE,v_y,0.005651169637937978
Baseline-NN-MSE,v_y,0.005517018524932929
Baseline-NN-MSE,v_y,0.006725084038974788
Baseline-NN-MSE,v_y,0.01381772231323121
Baseline-NN-MSE,v_y,0.014663061142002304
Baseline-NN-MSE,v_y,0.006566936558013894
Baseline-NN-MSE,v_y,0.006700888736003371
Baseline-NN-MSE,v_y,0.006947755650618698
Baseline-NN-MSE,v_y,0.003657098261043254
Baseline-NN-MSE,v_y,0.013106006922608493
Baseline-NN-MSE,v_y,0.007799605156324274
Baseline-NN-MSE,v_y,0.004846325595351669
Baseline-NN-MSE,v_y,0.0026504990089966096
Baseline-NN-MSE,v_y,0.0010867727999399612
Baseline-NN-MSE,v_y,-0.0005250216572525168
Baseline-NN-MSE,v_y,-0.00531680871937705
Baseline-NN-MSE,v_y,-0.0003831555311419599
Baseline-NN-MSE,v_y,-0.006505909778201868
Baseline-NN-MSE,v_y,-0.0043538921602635505
Baseline-NN-MSE,v_y,0.003380213607451804
Baseline-NN-MSE,v_y,0.01132046413821821
Baseline-NN-MSE,v_y,0.010514691251010844
Baseline-NN-MSE,v_y,0.009119531729372132
Baseline-NN-MSE,v_y,-0.0004010955761792334
Baseline-NN-MSE,v_y,0.000577533428287702
Baseline-NN-MSE,v_y,0.0004588049623502899
Baseline-NN-MSE,v_y,-0.0005933033060401272
Baseline-NN-MSE,v_y,0.00035271789335478143
Baseline-NN-MSE,v_y,-0.0007484197047276098
Baseline-NN-MSE,v_y,0.0018080561357646796
Baseline-NN-MSE,v_y,0.000623149891672059
Baseline-NN-MSE,v_y,0.0008678619777582053
Baseline-NN-MSE,v_y,0.013909492168416054
Baseline-NN-MSE,v_y,0.004815029359542672
Baseline-NN-MSE,v_y,0.021146816963424936
Baseline-NN-MSE,v_y,0.005798083124507608
Baseline-NN-MSE,v_y,0.01487150209634136
Baseline-NN-MSE,v_y,0.029973173285855664
Baseline-NN-MSE,v_y,0.026828988775520923
Baseline-NN-MSE,v_y,0.05142333559384163
Baseline-NN-MSE,v_y,0.03986354386241814
Baseline-NN-MSE,v_y,0.03689105283479216
Baseline-NN-MSE,v_y,0.009710314148673682
Baseline-NN-MSE,v_y,0.012988973872696874
Baseline-NN-MSE,v_y,0.02075705137326478
Baseline-NN-MSE,v_y,0.00742573883733294
Baseline-NN-MSE,v_y,0.014446763163062787
Baseline-NN-MSE,v_y,0.0273551679698677
Baseline-NN-MSE,v_y,0.044879097910788646
Baseline-NN-MSE,v_y,0.016562856688932426
Baseline-NN-MSE,v_y,0.1232163994100135
Baseline-NN-MSE,v_y,0.028456871825058072
Baseline-NN-MSE,v_y,0.06366597430694032
Baseline-NN-MSE,v_y,0.050411761850825465
Baseline-NN-MSE,v_y,0.019916015464826076
Baseline-NN-MSE,v_y,0.04223348807142879
Baseline-NN-MSE,v_y,0.01730074595452097
Baseline-NN-MSE,v_y,0.03651475491099143
Baseline-NN-MSE,v_y,0.03095452057830206
Baseline-NN-MSE,v_y,0.02385979190348153
Baseline-NN-MSE,v_y,0.02004236372653012
Baseline-NN-MSE,v_y,0.010471504090057482
Baseline-NN-MSE,v_y,0.021534173509153598
Baseline-NN-MSE,v_y,0.011796239811295739
Baseline-NN-MSE,v_y,0.048482186148976314
Baseline-NN-MSE,v_y,0.021257641430510565
Baseline-NN-MSE,v_y,0.045750439668955645
Baseline-NN-MSE,v_y,0.07077228657599538
Baseline-NN-MSE,v_y,0.08763224450923957
Baseline-NN-MSE,v_y,0.11478898770637996
Baseline-NN-MSE,v_y,0.02895898758921056
Baseline-NN-MSE,v_y,0.05507597807449832
Baseline-NN-MSE,v_y,0.07337185094287557
Baseline-NN-MSE,v_y,0.02771462892565124
Baseline-NN-MSE,v_y,0.06616751567400442
Baseline-NN-MSE,v_y,0.09191511433098726
Baseline-NN-MSE,v_y,0.11018546824906034
Baseline-NN-MSE,v_y,0.15760975463366622
Baseline-NN-MSE,v_y,0.02624388060031002
Baseline-NN-MSE,v_y,0.026244479338923765
Baseline-NN-MSE,v_y,0.021614514456014533
Baseline-NN-MSE,v_y,0.01193931925836389
Baseline-NN-MSE,v_y,0.01776651310942884
Baseline-NN-MSE,v_y,0.010932069037159486
Baseline-NN-MSE,v_y,0.016745261699397607
Baseline-NN-MSE,v_y,0.007826389960177677
Baseline-NN-MSE,v_y,0.015874893687335884
Baseline-NN-MSE,v_y,0.01382772003225377
Baseline-NN-MSE,v_y,0.010266504354732947
Baseline-NN-MSE,v_y,0.013221241877385215
Baseline-NN-MSE,v_y,0.014450397478318444
Baseline-NN-MSE,v_y,0.024090321377552626
Baseline-NN-MSE,v_y,0.017105227561901137
Baseline-NN-MSE,v_y,0.013210781247762537
Baseline-NN-MSE,v_y,0.012750123240671762
Baseline-NN-MSE,v_y,-0.0063475933268637985
Baseline-NN-MSE,v_y,-0.004612448629378707
Baseline-NN-MSE,v_y,0.004142126356141751
Baseline-NN-MSE,v_y,0.0021367716742963228
Baseline-NN-MSE,v_y,0.027024329531718988
Baseline-NN-MSE,v_y,0.005082621459762238
Baseline-NN-MSE,v_y,0.005339996612995446
Baseline-NN-MSE,v_y,-0.005797429482247263
Baseline-NN-MSE,v_y,-0.022988199543462873
Baseline-NN-MSE,v_y,-0.006236325719024244
Baseline-NN-MSE,v_y,-0.005413768466165314
Baseline-NN-MSE,v_y,-0.006749465148789657
Baseline-NN-MSE,v_y,-0.004370526353920462
Baseline-NN-MSE,v_y,-0.013246764077710305
Baseline-NN-MSE,v_y,-0.00509809962273465
Baseline-NN-MSE,v_y,-0.0048289849713310795
Baseline-NN-MSE,v_y,-0.0238622298323371
Baseline-NN-MSE,v_y,-0.004765457363842374
Baseline-NN-MSE,v_y,-0.007398512798302656
Baseline-NN-MSE,v_y,-0.011136468447989094
Baseline-NN-MSE,v_y,-0.011618440740739672
Baseline-NN-MSE,v_y,-0.009170232554675348
Baseline-NN-MSE,v_y,-0.0050925056672075295
Baseline-NN-MSE,v_y,-0.025032536779916972
Baseline-NN-MSE,v_y,-0.004908107723978122
Baseline-NN-MSE,v_y,-0.014353258553338272
Baseline-NN-MSE,v_y,-0.006452862017166841
Baseline-NN-MSE,v_y,-0.02214121143898265
Baseline-NN-MSE,v_y,-0.03415843409831368
Baseline-NN-MSE,v_y,-0.05235226476860261
Baseline-NN-MSE,v_y,0.008552260205748785
Baseline-NN-MSE,v_y,-0.012077612822127437
Baseline-NN-MSE,v_y,-0.010512540869687392
Baseline-NN-MSE,v_y,-0.0006716664594767496
Baseline-NN-MSE,v_y,-0.007501638457352633
Baseline-NN-MSE,v_y,-0.0012945211365390508
Baseline-NN-MSE,v_y,-0.005941894355834254
Baseline-NN-MSE,v_y,-0.011168384948440746
Baseline-NN-MSE,v_y,-0.008530311559211079
Baseline-NN-MSE,v_y,-0.010244612384338492
Baseline-NN-MSE,v_y,-0.022645611435651247
Baseline-NN-MSE,v_y,-0.019435903576508234
Baseline-NN-MSE,v_y,-0.009764876016542662
Baseline-NN-MSE,v_y,-0.010632825129471252
Baseline-NN-MSE,v_y,-0.011104213911714012
Baseline-NN-MSE,v_y,-0.006408686524416118
Baseline-NN-MSE,v_y,-0.009331885415169355
Baseline-NN-MSE,v_y,-0.00369009649283622
Baseline-NN-MSE,v_y,-0.0017806118301461615
Baseline-NN-MSE,v_y,-0.00391646141162838
Baseline-NN-MSE,v_y,0.0016620749038673832
Baseline-NN-MSE,v_y,0.0009568582155068395
Baseline-NN-MSE,v_y,-0.005665154707908959
Baseline-NN-MSE,v_y,0.0024697437293805385
Baseline-NN-MSE,v_y,-0.02042242862519389
Baseline-NN-MSE,v_y,-0.009827839793929496
Baseline-NN-MSE,v_y,-0.0031751613175233367
Baseline-NN-MSE,v_y,-0.00048362869141299614
Baseline-NN-MSE,v_y,0.0005702993608383555
Baseline-NN-MSE,v_y,-0.0033593719715472314
Baseline-NN-MSE,v_y,-0.005282898197989369
Baseline-NN-MSE,v_y,-0.011111499505061226
Baseline-NN-MSE,v_y,-0.0024118607717122653
Baseline-NN-MSE,v_y,-0.0015925099297053602
Baseline-NN-MSE,v_y,-0.005388239255808003
Baseline-NN-MSE,v_y,-0.0013353799807115652
Baseline-NN-MSE,v_y,-0.0034747570312111883
Baseline-NN-MSE,v_y,-0.0017717357794475204
Baseline-NN-MSE,v_y,-0.004638289086972419
Baseline-NN-MSE,v_y,-0.004979006836412551
Baseline-NN-MSE,v_y,-0.0028485319448805797
Baseline-NN-MSE,v_y,-0.0058525153451606735
Baseline-NN-MSE,v_y,-0.0030626992413848673
Baseline-NN-MSE,v_y,-0.00592013673285597
Baseline-NN-MSE,v_y,-0.00374613325321582
Baseline-NN-MSE,v_y,-0.007161639904547815
Baseline-NN-MSE,v_y,-0.0070131855631883275
Baseline-NN-MSE,v_y,-0.001192330317493365
Baseline-NN-MSE,v_y,-0.0007872662491077761
Baseline-NN-MSE,v_y,0.0023177879198106113
Baseline-NN-MSE,v_y,-0.002753060276074498
Baseline-NN-MSE,v_y,-0.0017505213306790654
Baseline-NN-MSE,v_y,-0.004410101416111256
Baseline-NN-MSE,v_y,-0.008647177944000273
Baseline-NN-MSE,v_y,-0.011339175999321785
Baseline-NN-MSE,v_y,-0.0067948862211795955
Baseline-NN-MSE,v_y,-0.006441519867260215
Baseline-NN-MSE,v_y,-0.0035052316663377932
Baseline-NN-MSE,v_y,-0.00810491725667018
Baseline-NN-MSE,v_y,-0.00523741498150657
Baseline-NN-MSE,v_y,-0.003793733193295106
Baseline-NN-MSE,v_y,-0.0058553401051545766
Baseline-NN-MSE,v_y,-0.00531515777688405
Baseline-NN-MSE,v_y,-0.007184381443024023
Baseline-NN-MSE,v_y,-0.0028634021341200477
Baseline-NN-MSE,v_y,-0.005727044506498699
Baseline-NN-MSE,v_y,-0.008207493008274457
Baseline-NN-MSE,v_y,-0.002659660560694433
Baseline-NN-MSE,v_y,-0.003531863346231074
Baseline-NN-MSE,v_y,-0.006449671000335281
Baseline-NN-MSE,v_y,-0.011365948721914505
Baseline-NN-MSE,v_y,-0.010762062958634869
Baseline-NN-MSE,v_y,-0.0110921600390185
Baseline-NN-MSE,v_y,-0.002927848413121596
Baseline-NN-MSE,v_y,-0.003789097596930892
Baseline-NN-MSE,v_y,-0.013668187544438912
Baseline-NN-MSE,v_y,-0.00628745116972294
Baseline-NN-MSE,v_y,-0.007325296167940326
Baseline-NN-MSE,v_y,-0.007404207032959944
Baseline-NN-MSE,v_y,-0.006476625302501037
Baseline-NN-MSE,v_y,-0.002348727891021748
Baseline-NN-MSE,v_y,-0.0065135027109504895
Baseline-NN-MSE,v_y,-0.027564400816461384
Baseline-NN-MSE,v_y,-0.007874976616358099
Baseline-NN-MSE,v_y,-0.018646880303551706
Baseline-NN-MSE,v_y,-0.013817577574069182
Baseline-NN-MSE,v_y,-0.028877813977947517
Baseline-NN-MSE,v_y,-0.067991699627754
Baseline-NN-MSE,v_y,-0.03452033833556139
Baseline-NN-MSE,v_y,-0.0502324208774994
Baseline-NN-MSE,v_y,-0.06714678591128452
Baseline-NN-MSE,v_y,-0.07668342095024538
Baseline-NN-MSE,v_y,-0.03407039734815871
Baseline-NN-MSE,v_y,-0.0705353031941843
Baseline-NN-MSE,v_y,-0.03405561939591489
Baseline-NN-MSE,v_y,-0.03822494553113851
Baseline-NN-MSE,v_y,-0.11013226183282505
Baseline-NN-MSE,v_y,-0.0577204425972462
Baseline-NN-MSE,v_y,-0.11812097741758532
Baseline-NN-MSE,v_y,-0.11927120801636057
Baseline-NN-MSE,v_y,-0.14296502336129147
Baseline-NN-MSE,v_y,-0.21411437084712726
Baseline-NN-MSE,v_y,-0.13091560871527833
Baseline-NN-MSE,v_y,-0.23803817592812826
Baseline-NN-MSE,v_y,-0.1537122383054108
Baseline-NN-MSE,v_y,-0.07618536499790311
Baseline-NN-MSE,v_y,-0.15735061573289416
Baseline-NN-MSE,v_y,-0.16522726621969513
Baseline-NN-MSE,v_y,-0.20089260028599024
Baseline-NN-MSE,v_y,-0.2005408788043906
Baseline-NN-MSE,v_y,-0.17828692829932943
Baseline-NN-MSE,v_y,-0.16330381998264024
Baseline-NN-MSE,v_y,-0.19795022101459125
Baseline-NN-MSE,v_y,-0.13434719564707928
Baseline-NN-MSE,v_y,-0.05613436042246934
Baseline-NN-MSE,v_y,-0.09347684112634055
Baseline-NN-MSE,v_y,-0.04318243963176707
Baseline-NN-MSE,v_y,-0.09212682076170826
Baseline-NN-MSE,v_y,-0.05026394050919751
Baseline-NN-MSE,v_y,-0.09163690049965346
Baseline-NN-MSE,v_y,-0.08943558938097167
Baseline-NN-MSE,v_y,-0.06006495306880089
Baseline-NN-MSE,v_y,-0.05115246748075378
Baseline-NN-MSE,v_y,-0.07914625783673941
Baseline-NN-MSE,v_y,-0.02341194280340919
Baseline-NN-MSE,v_y,-0.019075525304768755
Baseline-NN-MSE,v_y,-0.030793422449028142
Baseline-NN-MSE,v_y,-0.009859208995264566
Baseline-NN-MSE,v_y,0.0038808941501055766
Baseline-NN-MSE,v_y,0.005271629450418411
Baseline-NN-MSE,v_y,0.011418091313709897
Baseline-NN-MSE,v_y,0.02583834121543241
Baseline-NN-MSE,v_y,0.007689567657018481
Baseline-NN-MSE,v_y,0.01464223685023008
Baseline-NN-MSE,v_y,0.04618971601845864
Baseline-NN-MSE,v_y,0.017793154005411465
Baseline-NN-MSE,v_y,0.04617449993475933
Baseline-NN-MSE,v_y,0.04031770980511982
Baseline-NN-MSE,v_y,0.049458498805714755
Baseline-NN-MSE,v_y,0.07031721698214415
Baseline-NN-MSE,v_y,0.03324646638015771
Baseline-NN-MSE,v_y,0.08560238614505485
Baseline-NN-MSE,v_y,0.03819578490353779
Baseline-NN-MSE,v_y,0.08745254492354447
Baseline-NN-MSE,v_y,0.16263347236084866
Baseline-NN-MSE,v_y,0.11393807023682612
Baseline-NN-MSE,v_y,0.1281793487993393
Baseline-NN-MSE,v_y,0.1179795979966809
Baseline-NN-MSE,v_y,0.10601865784739413
Baseline-NN-MSE,v_y,0.10142182049205008
Baseline-NN-MSE,v_y,0.1171249497857661
Baseline-NN-MSE,v_y,0.08185115947505772
Baseline-NN-MSE,v_y,0.09662258333142651
Baseline-NN-MSE,v_y,0.07109623603392949
Baseline-NN-MSE,v_y,0.042026531437098696
Baseline-NN-MSE,v_y,0.09231165559534354
Baseline-NN-MSE,v_y,0.0423295546302197
Baseline-NN-MSE,v_y,0.031788139485185274
Baseline-NN-MSE,v_y,0.043596343614017624
Baseline-NN-MSE,v_y,0.022416709372557714
Baseline-NN-MSE,v_y,0.05488871834177965
Baseline-NN-MSE,v_y,0.03842114503129593
Baseline-NN-MSE,v_y,0.019121971659156523
Baseline-NN-MSE,v_y,0.04212676397394238
Baseline-NN-MSE,v_y,0.018836779468285547
Baseline-NN-MSE,v_y,0.0615249440250962
Baseline-NN-MSE,v_y,0.06361369586445298
Baseline-NN-MSE,v_y,0.031985313353331685
Baseline-NN-MSE,v_y,0.022387891956254957
Baseline-NN-MSE,v_y,0.043509942931329454
Baseline-NN-MSE,v_y,0.019403502238695497
Baseline-NN-MSE,v_y,0.03262750324793237
Baseline-NN-MSE,v_y,0.01652429115174331
Baseline-NN-MSE,v_y,0.017167923240898053
Baseline-NN-MSE,v_y,0.04950463232421065
Baseline-NN-MSE,v_y,0.0089529586549566
Baseline-NN-MSE,v_y,0.014069077272476416
Baseline-NN-MSE,v_y,0.019275818212722895
Baseline-NN-MSE,v_y,0.025388622766987584
Baseline-NN-MSE,v_y,0.022654674638299954
Baseline-NN-MSE,v_y,0.00725656841282149
Baseline-NN-MSE,v_y,0.015791212716488423
Baseline-NN-MSE,v_y,0.003619832668929429
Baseline-NN-MSE,v_y,0.012018500199681759
Baseline-NN-MSE,v_y,0.005598687295664734
Baseline-NN-MSE,v_y,0.0007859438718860468
Baseline-NN-MSE,v_y,0.009603676533053274
Baseline-NN-MSE,v_y,0.007016592063378596
Baseline-NN-MSE,v_y,0.007639546826529148
Baseline-NN-MSE,v_y,0.0003505880903899583
Baseline-NN-MSE,v_y,0.008465964857080427
Baseline-NN-MSE,v_y,0.031084437674480866
Baseline-NN-MSE,v_y,0.004312664712343178
Baseline-NN-MSE,v_y,0.007571871464443269
Baseline-NN-MSE,v_y,0.04182420994126254
Baseline-NN-MSE,v_y,0.008189242973677235
Baseline-NN-MSE,v_y,0.01891654323785799
Baseline-NN-MSE,v_y,0.018073549754012985
Baseline-NN-MSE,v_y,0.010148264579970645
Baseline-NN-MSE,v_y,0.021227028797933006
Baseline-NN-MSE,v_y,0.013830532793929595
Baseline-NN-MSE,v_y,0.009978412298510264
Baseline-NN-MSE,v_y,0.03165484675119318
Baseline-NN-MSE,v_y,0.010476973307497
Baseline-NN-MSE,v_y,0.02406445757743761
Baseline-NN-MSE,v_y,0.02713976080196942
Baseline-NN-MSE,v_y,0.028345956716846088
Baseline-NN-MSE,v_y,0.047491791057717586
Baseline-NN-MSE,v_y,0.014392204028738587
Baseline-NN-MSE,v_y,0.03157972970623216
Baseline-NN-MSE,v_y,0.05117890960346244
Baseline-NN-MSE,v_y,0.017116166522487763
Baseline-NN-MSE,v_y,0.06543567352369178
Baseline-NN-MSE,v_y,0.07679244806921565
Baseline-NN-MSE,v_y,0.04889716228099117
Baseline-NN-MSE,v_y,0.01977458952249439
Baseline-NN-MSE,v_y,0.04002633252870924
Baseline-NN-MSE,v_y,0.02175066934437825
Baseline-NN-MSE,v_y,0.04056068701880944
Baseline-NN-MSE,v_y,0.018432470031654213
Baseline-NN-MSE,v_y,0.031972565271020215
Baseline-NN-MSE,v_y,0.09243125623857651
Baseline-NN-MSE,v_y,0.03616905979542978
Baseline-NN-MSE,v_y,0.04202811962796815
Baseline-NN-MSE,v_y,0.018138787989142646
Baseline-NN-MSE,v_y,0.08197987982914501
Baseline-NN-MSE,v_y,0.01771150114610276
Baseline-NN-MSE,v_y,0.03728025698431625
Baseline-NN-MSE,v_y,0.06353709618398906
Baseline-NN-MSE,v_y,0.004127370161753685
Baseline-NN-MSE,v_y,0.006568061797680214
Baseline-NN-MSE,v_y,0.0076783527024478215
Baseline-NN-MSE,v_y,0.0038076163719514278
Baseline-NN-MSE,v_y,0.0006638394256548996
Baseline-NN-MSE,v_y,-0.0007072668034223129
Baseline-NN-MSE,v_y,-0.005185757545746017
Baseline-NN-MSE,v_y,-0.00014750254924189576
Baseline-NN-MSE,v_y,0.002921315162109972
Baseline-NN-MSE,v_y,0.004721713445151626
Baseline-NN-MSE,v_y,1.6677823799993163e-05
Baseline-NN-MSE,v_y,0.010833668197255758
Baseline-NN-MSE,v_y,0.00562283871637792
Baseline-NN-MSE,v_y,0.002243748309811555
Baseline-NN-MSE,v_y,0.0018128370885449885
Baseline-NN-MSE,v_y,0.0006740934953500255
Baseline-NN-MSE,v_y,-0.0027540385941646484
Baseline-NN-MSE,v_y,-0.0036064940511706667
Baseline-NN-MSE,v_y,-0.00923337946180966
Baseline-NN-MSE,v_y,-0.004746919054921583
Baseline-NN-MSE,v_y,-0.0004798992939752944
Baseline-NN-MSE,v_y,-0.003525918187675947
Baseline-NN-MSE,v_y,-0.015350186922756387
Baseline-NN-MSE,v_y,-0.007037111552471664
Baseline-NN-MSE,v_y,-0.008572366355872246
Baseline-NN-MSE,v_y,-0.01726262140792506
Baseline-NN-MSE,v_y,-0.005625636320598884
Baseline-NN-MSE,v_y,-0.011403827748773361
Baseline-NN-MSE,v_y,-0.011013505586363437
Baseline-NN-MSE,v_y,-0.0012849757948472026
Baseline-NN-MSE,v_y,-0.00028032488978904646
Baseline-NN-MSE,v_y,0.003625742014798733
Baseline-NN-MSE,v_y,-0.0018595785883717963
Baseline-NN-MSE,v_y,-0.0029339141861354917
Baseline-NN-MSE,v_y,-0.003105786401417482
Baseline-NN-MSE,v_y,-0.00488427168832274
Baseline-NN-MSE,v_y,-0.012658285099353187
Baseline-NN-MSE,v_y,-0.003978999030474365
Baseline-NN-MSE,v_y,-0.0045276254145141005
Baseline-NN-MSE,v_y,-0.007190459667293925
Baseline-NN-MSE,v_y,-0.002266395859400699
Baseline-NN-MSE,v_y,-0.0074155604625675935
Baseline-NN-MSE,v_y,-0.004206175967780907
Baseline-NN-MSE,v_y,-0.0024101375035949016
Baseline-NN-MSE,v_y,-0.008151893844937983
Baseline-NN-MSE,v_y,-0.001374236679533453
Baseline-NN-MSE,v_y,-0.013686573408633326
Baseline-NN-MSE,v_y,-0.0028130150562305084
Baseline-NN-MSE,v_y,0.0036524211613178786
Baseline-NN-MSE,v_y,0.007308964540634066
Baseline-NN-MSE,v_y,0.00034347787336541646
Baseline-NN-MSE,v_y,-0.004110211700238946
Baseline-NN-MSE,v_y,-0.0034453180027433083
Baseline-NN-MSE,v_y,-0.001788411677892076
Baseline-NN-MSE,v_y,-0.006573606675551661
Baseline-NN-MSE,v_y,-0.0034889792547013214
Baseline-NN-MSE,v_y,-0.0024404340025065974
Baseline-NN-MSE,v_y,-0.002050989332385453
Baseline-NN-MSE,v_y,-0.0012483291641868025
Baseline-NN-MSE,v_y,-0.0013449467718026353
Baseline-NN-MSE,v_y,-0.003157233762504699
Baseline-NN-MSE,v_y,-0.0016802444134435945
Baseline-NN-MSE,v_y,-0.0037244546257887996
Baseline-NN-MSE,v_y,-0.0013622959420324862
Baseline-NN-MSE,v_y,-0.0036562311583076684
Baseline-NN-MSE,v_y,-0.00409067577590864
Baseline-NN-MSE,v_y,-0.0010831839687648545
Baseline-NN-MSE,v_y,-0.002386952420822201
Baseline-NN-MSE,v_y,-0.003371657520182182
Baseline-NN-MSE,v_y,-0.00247190508914746
Baseline-NN-MSE,v_y,-0.005484190224166165
Baseline-NN-MSE,v_y,0.0014954398995742947
Baseline-NN-MSE,v_y,-0.003968932765149175
Baseline-NN-MSE,v_y,-0.00289811774070642
Baseline-NN-MSE,v_y,-0.00276561107416967
Baseline-NN-MSE,v_y,-0.0057824383508021104
Baseline-NN-MSE,v_y,-0.0055507002878894835
Baseline-NN-MSE,v_y,-0.005548750590238509
Baseline-NN-MSE,v_y,-0.0025733969803443703
Baseline-NN-MSE,v_y,-0.003495294001686449
Baseline-NN-MSE,v_y,-0.00292468970205814
Baseline-NN-MSE,v_y,-0.0017280637490007904
Baseline-NN-MSE,v_y,-0.008244123186742319
Baseline-NN-MSE,v_y,-0.004393779302282828
Baseline-NN-MSE,v_y,-0.0039476334184899535
Baseline-NN-MSE,v_y,-0.004247253572624225
Baseline-NN-MSE,v_y,-0.005990248019611507
Baseline-NN-MSE,v_y,-0.004755180149039993
Baseline-NN-MSE,v_y,-0.0012618012092307299
Baseline-NN-MSE,v_y,-0.0005655540378599333
Baseline-NN-MSE,v_y,-0.005001920423582964
Baseline-NN-MSE,v_y,-0.0033112614725570814
Baseline-NN-MSE,v_y,-0.01145055809222629
Baseline-NN-MSE,v_y,-0.008624041946758726
Baseline-NN-MSE,v_y,0.04854437907826826
Baseline-NN-MSE,v_y,-0.10758469053734601
Baseline-NN-MSE,v_y,-0.015790054138983267
Baseline-NN-MSE,v_y,0.0005743166125983037
Baseline-NN-MSE,v_y,0.0013439759204787183
Baseline-NN-MSE,v_y,0.009791118653292755
Baseline-NN-MSE,v_y,0.00043947862170790747
Baseline-NN-MSE,v_y,0.0011235794046321676
Baseline-NN-MSE,v_y,0.0011312752113335767
Baseline-NN-MSE,v_y,0.0017717743101547442
Baseline-NN-MSE,v_y,0.0002186247514459269
Baseline-NN-MSE,v_y,-0.001980418330322524
Baseline-NN-MSE,v_y,-0.0008765326109987336
Baseline-NN-MSE,v_y,-0.0011004160639686775
Baseline-NN-MSE,v_y,-0.0004518888263498923
Baseline-NN-MSE,v_y,0.0007574197607832095
Baseline-NN-MSE,v_y,0.00197453842867107
Baseline-NN-MSE,v_y,0.002404240287817495
Baseline-NN-MSE,v_y,0.0024889385992011483
Baseline-NN-MSE,v_y,0.005118824200035789
Baseline-NN-MSE,v_y,0.005581456328984269
Baseline-NN-MSE,v_y,0.0040495281110331585
Baseline-NN-MSE,v_y,0.004968072417613385
Baseline-NN-MSE,v_y,0.004601898302019028
Baseline-NN-MSE,v_y,0.004743676672849535
Baseline-NN-MSE,v_y,0.00642622025494379
Baseline-NN-MSE,v_y,0.0031221251710243543
Baseline-NN-MSE,v_y,0.0009582133968280577
Baseline-NN-MSE,v_y,0.001211841942126212
Baseline-NN-MSE,v_y,0.0010739005726972195
Baseline-NN-MSE,v_y,0.0021907443539234094
Baseline-NN-MSE,v_y,0.001448710846696814
Baseline-NN-MSE,v_y,0.0006859180076668665
Baseline-NN-MSE,v_y,0.0024651468390239654
Baseline-NN-MSE,v_y,0.0025891806984778484
Baseline-NN-MSE,v_y,0.007868960317095707
Baseline-NN-MSE,v_y,0.0046610030909713315
Baseline-NN-MSE,v_y,0.001341565743133058
Baseline-NN-MSE,v_y,0.0015180492757780745
Baseline-NN-MSE,v_y,-0.0011473382541713345
Baseline-NN-MSE,v_y,0.0006071150012690874
Baseline-NN-MSE,v_y,0.004060666034583743
Baseline-NN-MSE,v_y,-0.00248398954568424
Baseline-NN-MSE,v_y,-0.00015071038729613795
Baseline-NN-MSE,v_y,0.005634082871484286
Baseline-NN-MSE,v_y,-0.0011078171843210416
Baseline-NN-MSE,v_y,-0.000394416203270298
Baseline-NN-MSE,v_y,0.0007195019677697367
Baseline-NN-MSE,v_y,0.010451626482579801
Baseline-NN-MSE,v_y,0.012517207719253076
Baseline-NN-MSE,v_y,0.007940190105355127
Baseline-NN-MSE,v_y,0.01597820947161932
Baseline-NN-MSE,v_y,0.008279334740994182
Baseline-NN-MSE,v_y,0.017057992413344214
Baseline-NN-MSE,v_y,0.011443749949249404
Baseline-NN-MSE,v_y,0.008041302109063508
Baseline-NN-MSE,v_y,0.027493980282859654
Baseline-NN-MSE,v_y,0.026157544163600166
Baseline-NN-MSE,v_y,0.00903011177729518
Baseline-NN-MSE,v_y,0.03497263273531531
Baseline-NN-MSE,v_y,0.015579906494097573
Baseline-NN-MSE,v_y,0.005657452070718216
Baseline-NN-MSE,v_y,0.018179080870547093
Baseline-NN-MSE,v_y,0.004084180340758581
Baseline-NN-MSE,v_y,-0.002682701072340421
Baseline-NN-MSE,v_y,-0.035769431447863986
Baseline-NN-MSE,v_y,0.017237331581404558
Baseline-NN-MSE,v_y,-0.008648211570521147
Baseline-NN-MSE,v_y,-0.010519628848514373
Baseline-NN-MSE,v_y,-0.0035880402406514578
Baseline-NN-MSE,v_y,-0.0034339791558186117
Baseline-NN-MSE,v_y,-0.013088652767278164
Baseline-NN-MSE,v_y,-0.012076903788959259
Baseline-NN-MSE,v_y,-0.003541141819616289
Baseline-NN-MSE,v_y,-0.011025154761136968
Baseline-NN-MSE,v_y,-0.003959437327850923
Baseline-NN-MSE,v_y,-0.012330709997648237
Baseline-NN-MSE,v_y,-0.027821785910433494
Baseline-NN-MSE,v_y,-0.01808265020009242
Baseline-NN-MSE,v_y,-0.007761556670741243
Baseline-NN-MSE,v_y,-0.01397750646606527
Baseline-NN-MSE,v_y,-0.009038327765739762
Baseline-NN-MSE,v_y,-0.015766012384353545
Baseline-NN-MSE,v_y,-0.006610570901153134
Baseline-NN-MSE,v_y,-0.020871570701881392
Baseline-NN-MSE,v_y,-0.04138157580883711
Baseline-NN-MSE,v_y,-0.02669039454450084
Baseline-NN-MSE,v_y,-0.014571098408130478
Baseline-NN-MSE,v_y,-0.00881850084887445
Baseline-NN-MSE,v_y,-0.006631567812424133
Baseline-NN-MSE,v_y,-0.03566077725753669
Baseline-NN-MSE,v_y,-0.008867114026389733
Baseline-NN-MSE,v_y,-0.006772047536212911
Baseline-NN-MSE,v_y,-0.017080661975433148
Baseline-NN-MSE,v_y,-0.007110281105082827
Baseline-NN-MSE,v_y,-0.015077073911441558
Baseline-NN-MSE,v_y,-0.010826219946581
Baseline-NN-MSE,v_y,-0.0046987194506164995
Baseline-NN-MSE,v_y,-0.013112142764222803
Baseline-NN-MSE,v_y,-0.002111302911255941
Baseline-NN-MSE,v_y,-0.0012100223146241373
Baseline-NN-MSE,v_y,-0.001862178574352974
Baseline-NN-MSE,v_y,0.003482969837748401
Baseline-NN-MSE,v_y,0.00046618993123018204
Baseline-NN-MSE,v_y,-0.00819245651794745
Baseline-NN-MSE,v_y,-0.0010585163315364188
Baseline-NN-MSE,v_y,0.006123885134769191
Baseline-NN-MSE,v_y,0.0014249017721307267
Baseline-NN-MSE,v_y,0.0036568318252394594
Baseline-NN-MSE,v_y,0.006534891910328411
Baseline-NN-MSE,v_y,0.012283015192429803
Baseline-NN-MSE,v_y,0.01378778684574189
Baseline-NN-MSE,v_y,0.010540692548134722
Baseline-NN-MSE,v_y,0.010544140807341784
Baseline-NN-MSE,v_y,0.016385611564389113
Baseline-NN-MSE,v_y,-0.0005247123952751842
Baseline-NN-MSE,v_y,-0.003060357078692566
Baseline-NN-MSE,v_y,0.006633487907045432
Baseline-NN-MSE,v_y,-0.011778438572475958
Baseline-NN-MSE,v_y,-0.03251186015185059
Baseline-NN-MSE,v_y,-0.012828423913929132
Baseline-NN-MSE,v_y,-0.002686734379184874
Baseline-NN-MSE,v_y,0.010089044031856509
Baseline-NN-MSE,v_y,0.002618873152874679
Baseline-NN-MSE,v_y,0.001837277324283182
Baseline-NN-MSE,v_y,0.005435440674572023
Baseline-NN-MSE,v_y,0.0038325547140588556
Baseline-NN-MSE,v_y,0.0322978103167183
Baseline-NN-MSE,v_y,0.0006993592738152588
Baseline-NN-MSE,v_y,0.001907685859432684
Baseline-NN-MSE,v_y,0.006683634080026257
Baseline-NN-MSE,v_y,0.0070151046330596545
Baseline-NN-MSE,v_y,0.0063618019458389075
Baseline-NN-MSE,v_y,0.007234742970676056
Baseline-NN-MSE,v_y,0.03749321762328517
Baseline-NN-MSE,v_y,0.037983344108064254
Baseline-NN-MSE,v_y,0.007296618525412635
Baseline-NN-MSE,v_y,0.01597139519145374
Baseline-NN-MSE,v_y,0.025932239091093323
Baseline-NN-MSE,v_y,0.010543186139587102
Baseline-NN-MSE,v_y,0.020830341488724424
Baseline-NN-MSE,v_y,0.010376255587829675
Baseline-NN-MSE,v_y,0.022653666908843628
Baseline-NN-MSE,v_y,0.039577166936266894
Baseline-NN-MSE,v_y,0.034375157626980346
Baseline-NN-MSE,v_y,0.012673783930638616
Baseline-NN-MSE,v_y,0.009622698728502743
Baseline-NN-MSE,v_y,0.021780166622770547
Baseline-NN-MSE,v_y,0.012873249508833284
Baseline-NN-MSE,v_y,0.022777490777192155
Baseline-NN-MSE,v_y,0.03508269255409735
Baseline-NN-MSE,v_y,0.02490031344942034
Baseline-NN-MSE,v_y,0.03509600553524517
Baseline-NN-MSE,v_y,0.02437542149829036
Baseline-NN-MSE,v_y,0.019425357129829596
Baseline-NN-MSE,v_y,0.012620871898990943
Baseline-NN-MSE,v_y,0.019874449513352294
Baseline-NN-MSE,v_y,0.009421895769615593
Baseline-NN-MSE,v_y,0.007645014199792591
Baseline-NN-MSE,v_y,0.006596439264260026
Baseline-NN-MSE,v_y,0.0016054529385904903
Baseline-NN-MSE,v_y,0.009421167618280851
Baseline-NN-MSE,v_y,0.0039459701153488
Baseline-NN-MSE,v_y,0.0027840197674064288
Baseline-NN-MSE,v_y,0.0012735454784577119
Baseline-NN-MSE,v_y,0.0005317871838370555
Baseline-NN-MSE,v_y,2.473028973515659e-05
Baseline-NN-MSE,v_y,-0.0006545399877272151
Baseline-NN-MSE,v_y,-0.0005969782641212576
Baseline-NN-MSE,v_y,-0.004549844968370936
Baseline-NN-MSE,v_y,-0.00860164547540704
Baseline-NN-MSE,v_y,-0.013523536536329778
Baseline-NN-MSE,v_y,-0.0147695935182084
Baseline-NN-MSE,v_y,-0.004242973568271026
Baseline-NN-MSE,v_y,-0.005281955872917034
Baseline-NN-MSE,v_y,-0.020865995093833523
Baseline-NN-MSE,v_y,-0.005828074768787499
Baseline-NN-MSE,v_y,-0.007676786477689752
Baseline-NN-MSE,v_y,-0.028107336588648692
Baseline-NN-MSE,v_y,-0.028864441934018926
Baseline-NN-MSE,v_y,-0.03110596432099729
Baseline-NN-MSE,v_y,-0.025667954489795135
Baseline-NN-MSE,v_y,-0.03417169761480355
Baseline-NN-MSE,v_y,-0.0075634518988984285
Baseline-NN-MSE,v_y,-0.007932252976996363
Baseline-NN-MSE,v_y,-0.011670704287281836
Baseline-NN-MSE,v_y,-0.005941828975464014
Baseline-NN-MSE,v_y,-0.010085620173831767
Baseline-NN-MSE,v_y,-0.0034370911588298032
Baseline-NN-MSE,v_y,-0.0002059381956479936
Baseline-NN-MSE,v_y,-0.004106379411320693
Baseline-NN-MSE,v_y,0.00015293417513904256
Baseline-NN-MSE,v_y,0.004032313420363989
Baseline-NN-MSE,v_y,0.0002699947198543523
Baseline-NN-MSE,v_y,0.010085674692669258
Baseline-NN-MSE,v_y,0.005901665604415289
Baseline-NN-MSE,v_y,0.0011779880552936564
Baseline-NN-MSE,v_y,0.009958838835879107
Baseline-NN-MSE,v_y,0.014534008276518857
Baseline-NN-MSE,v_y,0.011210227132583087
Baseline-NN-MSE,v_y,0.020668687919785746
Baseline-NN-MSE,v_y,0.023745468420883136
Baseline-NN-MSE,v_y,0.06450988334324124
Baseline-NN-MSE,v_y,0.04340045639358562
Baseline-NN-MSE,v_y,0.04438411284449715
Baseline-NN-MSE,v_y,0.04167933213252465
Baseline-NN-MSE,v_y,0.015454712946769124
Baseline-NN-MSE,v_y,0.05465863534196083
Baseline-NN-MSE,v_y,0.04044900041021884
Baseline-NN-MSE,v_y,0.02821140106043786
Baseline-NN-MSE,v_y,0.035289250346667356
Baseline-NN-MSE,v_y,0.08076126939258092
Baseline-NN-MSE,v_y,0.06977929671384703
Baseline-NN-MSE,v_y,0.048134441252248
Baseline-NN-MSE,v_y,0.02294405538790497
Baseline-NN-MSE,v_y,0.05281353037593291
Baseline-NN-MSE,v_y,0.023612972952040564
Baseline-NN-MSE,v_y,0.05512829532728523
Baseline-NN-MSE,v_y,0.12120501355574571
Baseline-NN-MSE,v_y,0.13586597289199942
Baseline-NN-MSE,v_y,0.07446842666744657
Baseline-NN-MSE,v_y,0.07445968207410335
Baseline-NN-MSE,v_y,0.03924569894903898
Baseline-NN-MSE,v_y,0.1234578613231743
Baseline-NN-MSE,v_y,0.02988415627088499
Baseline-NN-MSE,v_y,0.030719129110050827
Baseline-NN-MSE,v_y,0.05889060593503142
Baseline-NN-MSE,v_y,0.02445777418153712
Baseline-NN-MSE,v_y,0.05229608230592328
Baseline-NN-MSE,v_y,0.04679130507473166
Baseline-NN-MSE,v_y,0.03731563192276305
Baseline-NN-MSE,v_y,0.022094680876642306
Baseline-NN-MSE,v_y,0.02903087702024512
Baseline-NN-MSE,v_y,0.006482985820193465
Baseline-NN-MSE,v_y,0.008369376070706383
Baseline-NN-MSE,v_y,0.00588548237059508
Baseline-NN-MSE,v_y,0.0013861957906135952
Baseline-NN-MSE,v_y,0.01273516547113386
Baseline-NN-MSE,v_y,0.005626316804385134
Baseline-NN-MSE,v_y,0.0069703384308736765
Baseline-NN-MSE,v_y,0.008853060269361876
Baseline-NN-MSE,v_y,1.7247109765208823e-05
Baseline-NN-MSE,v_y,0.0021284873924375947
Baseline-NN-MSE,v_y,0.004063308928039938
Baseline-NN-MSE,v_y,-0.0010980370596084948
Baseline-NN-MSE,v_y,-0.02290013900510593
Baseline-NN-MSE,v_y,-0.006127233911563154
Baseline-NN-MSE,v_y,-0.0017308198896088742
Baseline-NN-MSE,v_y,0.002342271598092957
Baseline-NN-MSE,v_y,0.0035661659914547617
Baseline-NN-MSE,v_y,0.00640142507733836
Baseline-NN-MSE,v_y,0.010003433988079409
Baseline-NN-MSE,v_y,0.008183726886935144
Baseline-NN-MSE,v_y,0.009921279366610783
Baseline-NN-MSE,v_y,0.003456483698356126
Baseline-NN-MSE,v_y,0.008108295395716524
Baseline-NN-MSE,v_y,0.008196124194440295
Baseline-NN-MSE,v_y,0.005904073303064819
Baseline-NN-MSE,v_y,0.007537051775235792
Baseline-NN-MSE,v_y,0.00811202744643341
Baseline-NN-MSE,v_y,0.00801594602010074
Baseline-NN-MSE,v_y,0.005527546076543648
Baseline-NN-MSE,v_y,0.008221096040811548
Baseline-NN-MSE,v_y,0.004472403208239422
Baseline-NN-MSE,v_y,0.0060377608712009305
Baseline-NN-MSE,v_y,0.007601729531300297
Baseline-NN-MSE,v_y,0.010942644103813024
Baseline-NN-MSE,v_y,0.009294245107740124
Baseline-NN-MSE,v_y,0.005765483971642102
Baseline-NN-MSE,v_y,0.004182218765534448
Baseline-NN-MSE,v_y,0.001970713478648082
Baseline-NN-MSE,v_y,0.0031403069654812356
Baseline-NN-MSE,v_y,0.003782671607807306
Baseline-NN-MSE,v_y,-0.0006284424448529981
Baseline-NN-MSE,v_y,0.0027514463090850226
Baseline-NN-MSE,v_y,2.873274711670884e-05
Baseline-NN-MSE,v_y,0.0017856900430695474
Baseline-NN-MSE,v_y,0.0006591208168594785
Baseline-NN-MSE,v_y,-0.006809847798028068
Baseline-NN-MSE,v_y,-0.01113598881768816
Baseline-NN-MSE,v_y,-0.010041980891384448
Baseline-NN-MSE,v_y,-0.0029051035495532493
Baseline-NN-MSE,v_y,-0.011532708245266109
Baseline-NN-MSE,v_y,-0.01252360782011622
Baseline-NN-MSE,v_y,-0.004573829234768841
Baseline-NN-MSE,v_y,-0.01736275898768423
Baseline-NN-MSE,v_y,-0.01379551873962584
Baseline-NN-MSE,v_y,-0.02022013828882626
Baseline-NN-MSE,v_y,-0.026168781189087498
Baseline-NN-MSE,v_y,-0.02247233995486196
Baseline-NN-MSE,v_y,-0.048053979378003604
Baseline-NN-MSE,v_y,-0.020648990615062007
Baseline-NN-MSE,v_y,-0.024984561818810334
Baseline-NN-MSE,v_y,-0.03996330940024543
Baseline-NN-MSE,v_y,-0.047919913219790645
Baseline-NN-MSE,v_y,-0.06712792935040442
Baseline-NN-MSE,v_y,-0.0389084819462056
Baseline-NN-MSE,v_y,-0.038987364585010134
Baseline-NN-MSE,v_y,-0.09366844277179844
Baseline-NN-MSE,v_y,-0.08201132257832221
Baseline-NN-MSE,v_y,-0.11358114631722913
Baseline-NN-MSE,v_y,-0.07311480477460323
Baseline-NN-MSE,v_y,-0.021475589349874893
Baseline-NN-MSE,v_y,-0.06397659134717985
Baseline-NN-MSE,v_y,-0.06712000579920191
Baseline-NN-MSE,v_y,-0.029023111626412884
Baseline-NN-MSE,v_y,-0.07436557433013057
Baseline-NN-MSE,v_y,-0.030047685032347907
Baseline-NN-MSE,v_y,-0.14676941532172966
Baseline-NN-MSE,v_y,-0.13293154883435357
Baseline-NN-MSE,v_y,-0.07618651956192929
Baseline-NN-MSE,v_y,-0.037480890236468146
Baseline-NN-MSE,v_y,-0.07571333246676985
Baseline-NN-MSE,v_y,-0.03770862399494513
Baseline-NN-MSE,v_y,-0.036629006616457814
Baseline-NN-MSE,v_y,-0.1463704147124775
Baseline-NN-MSE,v_y,-0.0363551070441858
Baseline-NN-MSE,v_y,-0.06739295834741951
Baseline-NN-MSE,v_y,-0.06542106753339333
Baseline-NN-MSE,v_y,-0.06588712979346076
Baseline-NN-MSE,v_y,-0.03144182523912845
Baseline-NN-MSE,v_y,-0.10388067588200509
Baseline-NN-MSE,v_y,-0.02827135814635465
Baseline-NN-MSE,v_y,-0.024769348518712517
Baseline-NN-MSE,v_y,-0.04289555387633651
Baseline-NN-MSE,v_y,-0.017284504625298798
Baseline-NN-MSE,v_y,-0.02997282051718212
Baseline-NN-MSE,v_y,-0.012229355246924888
Baseline-NN-MSE,v_y,-0.014189475474966087
Baseline-NN-MSE,v_y,-0.0068857093298684835
Baseline-NN-MSE,v_y,-0.009957677393203038
Baseline-NN-MSE,v_y,-0.004530212684740131
Baseline-NN-MSE,v_y,-0.008207426166277038
Baseline-NN-MSE,v_y,-0.009130581724674985
Baseline-NN-MSE,v_y,-0.001573179760008911
Baseline-NN-MSE,v_y,0.0061769352157291235
Baseline-NN-MSE,v_y,0.001373505523977192
Baseline-NN-MSE,v_y,0.016768572850108854
Baseline-NN-MSE,v_y,0.006780511420742999
Baseline-NN-MSE,v_y,0.0025953275434342643
Baseline-NN-MSE,v_y,0.04603695233305237
Baseline-NN-MSE,v_y,0.04532403820824685
Baseline-NN-MSE,v_y,0.012940007343908773
Baseline-NN-MSE,v_y,0.020013559389415708
Baseline-NN-MSE,v_y,0.04314027026881384
Baseline-NN-MSE,v_y,0.014458598350852808
Baseline-NN-MSE,v_y,0.021324188292588378
Baseline-NN-MSE,v_y,0.03530195176785547
Baseline-NN-MSE,v_y,0.008997680158891878
Baseline-NN-MSE,v_y,0.01569491506016746
Baseline-NN-MSE,v_y,0.012373159758168044
Baseline-NN-MSE,v_y,0.013046659275698393
Baseline-NN-MSE,v_y,0.005104915715205837
Baseline-NN-MSE,v_y,0.0052384873921754085
Baseline-NN-MSE,v_y,0.008137456795411974
Baseline-NN-MSE,v_y,0.014599579993258591
Baseline-NN-MSE,v_y,0.0040880171895214396
Baseline-NN-MSE,v_y,0.005379416973094436
Baseline-NN-MSE,v_y,0.0036568699265754276
Baseline-NN-MSE,v_y,0.023334372463842373
Baseline-NN-MSE,v_y,0.011886460588264175
Baseline-NN-MSE,v_y,0.01646226184734252
Baseline-NN-MSE,v_y,0.00795469236242112
Baseline-NN-MSE,v_y,0.008052243114137533
Baseline-NN-MSE,v_y,0.0074839617980172884
Baseline-NN-MSE,v_y,0.027137833798517905
Baseline-NN-MSE,v_y,0.0073666328122809765
Baseline-NN-MSE,v_y,0.016927836235253416
Baseline-NN-MSE,v_y,0.012407793691142241
Baseline-NN-MSE,v_y,0.018162682685597925
Baseline-NN-MSE,v_y,0.018041568103590255
Baseline-NN-MSE,v_y,0.02894586423024345
Baseline-NN-MSE,v_y,0.007432510443341034
Baseline-NN-MSE,v_y,0.005796396874329986
Baseline-NN-MSE,v_y,0.0043669867474532345
Baseline-NN-MSE,v_y,0.0033263975709894728
Baseline-NN-MSE,v_y,0.004346573530138398
Baseline-NN-MSE,v_y,0.0025803002539681735
Baseline-NN-MSE,v_y,0.001610811217999164
Baseline-NN-MSE,v_y,0.0008942009922630889
Baseline-NN-MSE,v_y,0.004248048795691017
Baseline-NN-MSE,v_y,0.013152071796480092
Baseline-NN-MSE,v_y,0.0025604452996601523
Baseline-NN-MSE,v_y,0.004479971203134592
Baseline-NN-MSE,v_y,0.017679000709611564
Baseline-NN-MSE,v_y,0.0028734744237299548
Baseline-NN-MSE,v_y,0.0038862647988891774
Baseline-NN-MSE,v_y,0.012293513712113402
Baseline-NN-MSE,v_y,0.009863071000514534
Baseline-NN-MSE,v_y,-0.001855105742690849
Baseline-NN-MSE,v_y,0.004172228427988145
Baseline-NN-MSE,v_y,0.0024893383544099534
Baseline-NN-MSE,v_y,0.0007862010352447102
Baseline-NN-MSE,v_y,-0.000976044764964934
Baseline-NN-MSE,v_y,-0.0029617273177532932
Baseline-NN-MSE,v_y,-0.016640160455754338
Baseline-NN-MSE,v_y,-0.007133135773745858
Baseline-NN-MSE,v_y,-0.01453035430763211
Baseline-NN-MSE,v_y,-0.027693661817076387
Baseline-NN-MSE,v_y,-0.03045185122087074
Baseline-NN-MSE,v_y,-0.010563898317029086
Baseline-NN-MSE,v_y,-0.0359424175493932
Baseline-NN-MSE,v_y,-0.01238426293335504
Baseline-NN-MSE,v_y,-0.03638213996899353
Baseline-NN-MSE,v_y,-0.011203050247918733
Baseline-NN-MSE,v_y,-0.006384845168236397
Baseline-NN-MSE,v_y,0.02418025411305097
Baseline-NN-MSE,v_y,0.004332200246269791
Baseline-NN-MSE,v_y,-0.0006858664080033883
Baseline-NN-MSE,v_y,0.006703465788458762
Baseline-NN-MSE,v_y,0.0036729185931328456
Baseline-NN-MSE,v_y,0.0030334484447079313
Baseline-NN-MSE,v_y,0.002392558118803345
Baseline-NN-MSE,v_y,0.013992977430208331
Baseline-NN-MSE,v_y,0.005093422265508518
Baseline-NN-MSE,v_y,0.0035263281350252917
Baseline-NN-MSE,v_y,0.0025051949802713247
Baseline-NN-MSE,v_y,0.008353368152858781
Baseline-NN-MSE,v_y,0.016213002365116247
Baseline-NN-MSE,v_y,0.020994833311794414
Baseline-NN-MSE,v_y,0.009337966053349356
Baseline-NN-MSE,v_y,0.0050372767716903855
Baseline-NN-MSE,v_y,0.010022725776280411
Baseline-NN-MSE,v_y,0.004621575253479976
Baseline-NN-MSE,v_y,0.027026177329821016
Baseline-NN-MSE,v_y,0.026165517117846496
Baseline-NN-MSE,v_y,0.007017502201228959
Baseline-NN-MSE,v_y,0.010315427751072428
Baseline-NN-MSE,v_y,0.006452225124061382
Baseline-NN-MSE,v_y,0.005607550254940488
Baseline-NN-MSE,v_y,0.005318664283307267
Baseline-NN-MSE,v_y,0.002301250804714841
Baseline-NN-MSE,v_y,0.004180084401291535
Baseline-NN-MSE,v_y,0.005724587773552038
Baseline-NN-MSE,v_y,0.005585774201659628
Baseline-NN-MSE,v_y,0.008092669186890892
Baseline-NN-MSE,v_y,0.005446110406733862
Baseline-NN-MSE,v_y,0.007308125216473599
Baseline-NN-MSE,v_y,0.007654700660477634
Baseline-NN-MSE,v_y,0.007032063135815062
Baseline-NN-MSE,v_y,0.006371826406909625
Baseline-NN-MSE,v_y,0.0050914325457211695
Baseline-NN-MSE,v_y,0.0030070997749513523
Baseline-NN-MSE,v_y,0.010570730041955991
Baseline-NN-MSE,v_y,0.007450715798018488
Baseline-NN-MSE,v_y,0.003001240135737389
Baseline-NN-MSE,v_y,0.005190093662410553
Baseline-NN-MSE,v_y,0.0036520827696417298
Baseline-NN-MSE,v_y,0.004622356307423529
Baseline-NN-MSE,v_y,0.005579627190246253
Baseline-NN-MSE,v_y,0.0030258452765071567
Baseline-NN-MSE,v_y,0.005528822113777174
Baseline-NN-MSE,v_y,0.0030885034631674482
Baseline-NN-MSE,v_y,0.010126925633557967
Baseline-NN-MSE,v_y,0.0022391585852934125
Baseline-NN-MSE,v_y,0.002615136774681301
Baseline-NN-MSE,v_y,0.00607126702318121
Baseline-NN-MSE,v_y,0.002860617989634663
Baseline-NN-MSE,v_y,0.013064838473049116
Baseline-NN-MSE,v_y,0.012001090567743625
Baseline-NN-MSE,v_y,0.0016702723806039082
Baseline-NN-MSE,v_y,0.004004601517996118
Baseline-NN-MSE,v_y,0.005802022300863862
Baseline-NN-MSE,v_y,0.0020046195527685835
Baseline-NN-MSE,v_y,0.0033655313275517615
Baseline-NN-MSE,v_y,0.003684016674891339
Baseline-NN-MSE,v_y,0.0020186743991047855
Baseline-NN-MSE,v_y,0.002935091248205811
Baseline-NN-MSE,v_y,0.003388381648598858
Baseline-NN-MSE,v_y,0.0029609099693613944
Baseline-NN-MSE,v_y,0.006307579160013347
Baseline-NN-MSE,v_y,0.0033461648819037397
Baseline-NN-MSE,v_y,0.013054943210795283
Baseline-NN-MSE,v_y,0.002153547414817516
Baseline-NN-MSE,v_y,0.006061157782918762
Baseline-NN-MSE,v_y,0.010221859810025616
Baseline-NN-MSE,v_y,0.008599949326777373
Baseline-NN-MSE,v_y,0.00899536156358728
Baseline-NN-MSE,v_y,0.006429732225792316
Baseline-NN-MSE,v_y,0.006437231886085818
Baseline-NN-MSE,v_y,0.006945652539009584
Baseline-NN-MSE,v_y,0.0030482220847721127
Baseline-NN-MSE,v_y,0.006810988121763357
Baseline-NN-MSE,v_y,0.0035359713780436577
Baseline-NN-MSE,v_y,0.0040179257865981255
Baseline-NN-MSE,v_y,0.018049140947941668
Baseline-NN-MSE,v_y,0.005369510223320207
Baseline-NN-MSE,v_y,0.005689834245485116
Baseline-NN-MSE,v_y,0.007118083112265493
Baseline-NN-MSE,v_y,0.010992980004013612
Baseline-NN-MSE,v_y,0.0034003863327967225
Baseline-NN-MSE,v_y,0.007260010679007993
Baseline-NN-MSE,v_y,0.011857766351452317
Baseline-NN-MSE,v_y,0.013944813510012567
Baseline-NN-MSE,v_y,0.0031611464571048506
Baseline-NN-MSE,v_y,0.006085107073538324
Baseline-NN-MSE,v_y,0.004988542303520655
Baseline-NN-MSE,v_y,0.0036730094722349747
Baseline-NN-MSE,v_y,0.01612208995920901
Baseline-NN-MSE,v_y,0.0036670126434508905
Baseline-NN-MSE,v_y,0.004020550119695404
Baseline-NN-MSE,v_y,0.01586141980411724
Baseline-NN-MSE,v_y,0.007444727118547302
Baseline-NN-MSE,v_y,0.004617216427920734
Baseline-NN-MSE,v_y,0.0024944311892831222
Baseline-NN-MSE,v_y,0.0017914520035879067
Baseline-NN-MSE,v_y,0.0008517243672095526
Baseline-NN-MSE,v_y,-0.0013723553790789891
Baseline-NN-MSE,v_y,0.000851241043286162
Baseline-NN-MSE,v_y,0.0017083599314529872
Baseline-NN-MSE,v_y,0.0028963745710117493
Baseline-NN-MSE,v_y,0.007933635080058777
Baseline-NN-MSE,v_y,0.01623869246855663
Baseline-NN-MSE,v_y,0.005163777481037038
Baseline-NN-MSE,v_y,0.011134467273403996
Baseline-NN-MSE,v_y,0.00815304849308251
Baseline-NN-MSE,v_y,0.003139148244329839
Baseline-NN-MSE,v_y,-0.0015276003329296808
Baseline-NN-MSE,v_y,0.0008195078790097302
Baseline-NN-MSE,v_y,0.007973757165382463
Baseline-NN-MSE,v_y,0.020418366688108217
Baseline-NN-MSE,v_y,0.030643554072772125
Baseline-NN-MSE,v_y,0.012267752942445795
Baseline-NN-MSE,v_y,0.000963219370578805
Baseline-NN-MSE,v_y,-0.0031164672527726894
Baseline-NN-MSE,v_y,-0.0010250825120488166
Baseline-NN-MSE,v_y,-5.7591015501207155e-05
Baseline-NN-MSE,v_y,0.0037453542779068844
Baseline-NN-MSE,v_y,0.005924262148002556
Baseline-NN-MSE,v_y,0.0027585620908305367
Baseline-NN-MSE,v_y,0.006606191632603687
Baseline-NN-MSE,v_y,0.0027051831642713395
Baseline-NN-MSE,v_y,0.006308779138588968
Baseline-NN-MSE,v_y,0.009474538340321557
Baseline-NN-MSE,v_y,0.009488310628080436
Baseline-NN-MSE,v_y,0.0031012304440021544
Baseline-NN-MSE,v_y,0.0015013936413042668
Baseline-NN-MSE,v_y,0.003384570431197286
Baseline-NN-MSE,v_y,0.0013231571446265418
Baseline-NN-MSE,v_y,0.001512448201262409
Baseline-NN-MSE,v_y,0.0066425550275364086
Baseline-NN-MSE,v_y,0.006630360329856316
Baseline-NN-MSE,v_y,0.003160254182548821
Baseline-NN-MSE,v_y,0.0035569649814387195
Baseline-NN-MSE,v_y,0.0009784815181038456
Baseline-NN-MSE,v_y,0.01215195908406434
Baseline-NN-MSE,v_y,0.002168000853821416
Baseline-NN-MSE,v_y,0.003669778982159304
Baseline-NN-MSE,v_y,0.009175841238762694
Baseline-NN-MSE,v_y,0.003530215138710867
Baseline-NN-MSE,v_y,0.008604777739397466
Baseline-NN-MSE,v_y,0.013536644851507485
Baseline-NN-MSE,v_y,0.004724516848912175
Baseline-NN-MSE,v_y,0.0017221514639515559
Baseline-NN-MSE,v_y,0.0012645546184678336
Baseline-NN-MSE,v_y,0.0009965821591828364
Baseline-NN-MSE,v_y,0.0002846042757343875
Baseline-NN-MSE,v_y,0.0016716059362570715
Baseline-NN-MSE,v_y,0.0016677984687156044
Baseline-NN-MSE,v_y,0.003769934492100828
Baseline-NN-MSE,v_y,0.021646740687815143
Baseline-NN-MSE,v_y,0.003472519081191873
Baseline-NN-MSE,v_y,0.006953338329985532
Baseline-NN-MSE,v_y,0.009832224899701116
Baseline-NN-MSE,v_y,0.002715890892299195
Baseline-NN-MSE,v_y,0.0057686933554924325
Baseline-NN-MSE,v_y,0.003320201497093382
Baseline-NN-MSE,v_y,0.0015586702811589137
Baseline-NN-MSE,v_y,0.003437798668092719
Baseline-NN-MSE,v_y,0.00305878082433015
Baseline-NN-MSE,v_y,-0.0011148769999888095
Baseline-NN-MSE,v_y,-0.012156508906776994
Baseline-NN-MSE,v_y,0.00038342780896760686
Baseline-NN-MSE,v_y,0.0011661847317825796
Baseline-NN-MSE,v_y,0.005122017163480153
Baseline-NN-MSE,v_y,0.002393295911404081
Baseline-NN-MSE,v_y,0.0031528080803392144
Baseline-NN-MSE,v_y,0.004104603215113994
Baseline-NN-MSE,v_y,0.002122833221072873
Baseline-NN-MSE,v_y,0.0045875648549181525
Baseline-NN-MSE,v_y,0.0015365744141668802
Baseline-NN-MSE,v_y,-4.548236067933309e-05
Baseline-NN-MSE,v_y,0.0007569111232716419
Baseline-NN-MSE,v_y,-0.0035499202305483424
Baseline-NN-MSE,v_y,-0.00569761878376443
Baseline-NN-MSE,v_y,-0.0006161035976480767
Baseline-NN-MSE,v_y,-0.0020254281649192962
Baseline-NN-MSE,v_y,0.0022109745550500937
Baseline-NN-MSE,v_y,-0.0016759753410670042
Baseline-NN-MSE,v_y,-0.008142262076497764
Baseline-NN-MSE,v_y,-0.006839533380416596
Baseline-NN-MSE,v_y,-0.010318025230906858
Baseline-NN-MSE,v_y,-0.003450494681565497
Baseline-NN-MSE,v_y,-0.007077923174167167
Baseline-NN-MSE,v_y,-0.006548231939160376
Baseline-NN-MSE,v_y,-0.034607074754966216
Baseline-NN-MSE,v_y,-0.009919016494640831
Baseline-NN-MSE,v_y,-0.02902482068111778
Baseline-NN-MSE,v_y,-0.011540041523395383
Baseline-NN-MSE,v_y,-0.045811359352187886
Baseline-NN-MSE,v_y,-0.08348507070953182
Baseline-NN-MSE,v_y,-0.0769979418903759
Baseline-NN-MSE,v_y,-0.027314511170907663
Baseline-NN-MSE,v_y,-0.01995025530525618
Baseline-NN-MSE,v_y,-0.018195188017053
Baseline-NN-MSE,v_y,-0.030758693152854233
Baseline-NN-MSE,v_y,-0.059297286619903744
Baseline-NN-MSE,v_y,-0.016439752675045383
Baseline-NN-MSE,v_y,-0.04825908846283594
Baseline-NN-MSE,v_y,-0.04184905964793584
Baseline-NN-MSE,v_y,-0.037513750201290774
Baseline-NN-MSE,v_y,-0.007874646775841376
Baseline-NN-MSE,v_y,-0.04533445660405855
Baseline-NN-MSE,v_y,-0.016607267048347918
Baseline-NN-MSE,v_y,-0.011352307861483224
Baseline-NN-MSE,v_y,-0.07393463401051434
Baseline-NN-MSE,v_y,-0.033229306580151385
Baseline-NN-MSE,v_y,-0.03275502680991896
Baseline-NN-MSE,v_y,-0.0344837196699882
Baseline-NN-MSE,v_y,-0.031240814727796162
Baseline-NN-MSE,v_y,-0.03325433292243063
Baseline-NN-MSE,v_y,-0.05852087811557727
Baseline-NN-MSE,v_y,-0.03305743359859123
Baseline-NN-MSE,v_y,-0.016746905640899534
Baseline-NN-MSE,v_y,-0.04707944624114187
Baseline-NN-MSE,v_y,-0.021387064050115367
Baseline-NN-MSE,v_y,-0.054892603623596575
Baseline-NN-MSE,v_y,-0.024375942717084875
Baseline-NN-MSE,v_y,-0.04994785588028139
Baseline-NN-MSE,v_y,-0.05675572436108109
Baseline-NN-MSE,v_y,-0.09748433149504876
Baseline-NN-MSE,v_y,-0.022484595014563263
Baseline-NN-MSE,v_y,-0.04599108682528402
Baseline-NN-MSE,v_y,-0.047748998357684785
Baseline-NN-MSE,v_y,-0.019516729807569216
Baseline-NN-MSE,v_y,-0.015181090968112626
Baseline-NN-MSE,v_y,-0.01459743078162426
Baseline-NN-MSE,v_y,-0.003251459279596247
Baseline-NN-MSE,v_y,-0.014408651356032698
Baseline-NN-MSE,v_y,-0.011877981899378998
Baseline-NN-MSE,v_y,-0.013471764842268419
Baseline-NN-MSE,v_y,-0.007630211208847687
Baseline-NN-MSE,v_y,-0.021902831281510854
Baseline-NN-MSE,v_y,-0.009623641432947388
Baseline-NN-MSE,v_y,-0.012352654790724393
Baseline-NN-MSE,v_y,0.0022793264972938154
Baseline-NN-MSE,v_y,0.0003078342129750611
Baseline-NN-MSE,v_y,0.0030842280448939996
Baseline-NN-MSE,v_y,0.009880461727867301
Baseline-NN-MSE,v_y,0.003478422009127291
Baseline-NN-MSE,v_y,0.003203538747760179
Baseline-NN-MSE,v_y,0.006044841226006112
Baseline-NN-MSE,v_y,0.01030968376502997
Baseline-NN-MSE,v_y,0.0017853097193743367
Baseline-NN-MSE,v_y,0.0037607240965514196
Baseline-NN-MSE,v_y,0.0019233069842640102
Baseline-NN-MSE,v_y,-0.0006845068600282167
Baseline-NN-MSE,v_y,-0.0012321689159718215
Baseline-NN-MSE,v_y,-0.0015081225009460006
Baseline-NN-MSE,v_y,-0.0006359836974862039
Baseline-NN-MSE,v_y,-0.002790442200866293
Baseline-NN-MSE,v_y,-0.0022515827390073434
Baseline-NN-MSE,v_y,-0.0009487303686383924
Baseline-NN-MSE,v_y,0.005600835979917812
Baseline-NN-MSE,v_y,0.006774230807337106
Baseline-NN-MSE,v_y,-0.0025504901549072284
Baseline-NN-MSE,v_y,0.004316330515503078
Baseline-NN-MSE,v_y,0.006397612773511474
Baseline-NN-MSE,v_y,-0.0005637896779290275
Baseline-NN-MSE,v_y,0.002902877590202413
Baseline-NN-MSE,v_y,0.01355697559556765
Baseline-NN-MSE,v_y,0.0037890875369415156
Baseline-NN-MSE,v_y,0.008028891280677602
Baseline-NN-MSE,v_y,0.02562023025121693
Baseline-NN-MSE,v_y,0.009732893724457958
Baseline-NN-MSE,v_y,0.009142318340499223
Baseline-NN-MSE,v_y,0.05495832944556511
Baseline-NN-MSE,v_y,0.04320001631695547
Baseline-NN-MSE,v_y,0.043390864170226084
Baseline-NN-MSE,v_y,0.04763097085213852
Baseline-NN-MSE,v_y,0.018156904176581112
Baseline-NN-MSE,v_y,0.012157760461893818
Baseline-NN-MSE,v_y,0.05997446809199225
Baseline-NN-MSE,v_y,0.023787512196490557
Baseline-NN-MSE,v_y,0.00959611678568495
Baseline-NN-MSE,v_y,0.03651033390020314
Baseline-NN-MSE,v_y,0.02671999905283351
Baseline-NN-MSE,v_y,0.014396438669102563
Baseline-NN-MSE,v_y,0.027529563000729007
Baseline-NN-MSE,v_y,0.007581414024483479
Baseline-NN-MSE,v_y,0.031660450936415396
Baseline-NN-MSE,v_y,0.008598321757718047
Baseline-NN-MSE,v_y,0.023451014311449164
Baseline-NN-MSE,v_y,0.020606951131648454
Baseline-NN-MSE,v_y,0.02860449665090012
Baseline-NN-MSE,v_y,0.023716392211758613
Baseline-NN-MSE,v_y,0.016762280560405157
Baseline-NN-MSE,v_y,0.03162269211463803
Baseline-NN-MSE,v_y,0.053060229255299046
Baseline-NN-MSE,v_y,0.04429955169277905
Baseline-NN-MSE,v_y,0.03829556417518434
Baseline-NN-MSE,v_y,0.029573929021208145
Baseline-NN-MSE,v_y,0.029555752217174158
Baseline-NN-MSE,v_y,0.03364413763507368
Baseline-NN-MSE,v_y,0.022982743170986975
Baseline-NN-MSE,v_y,0.011343065082181802
Baseline-NN-MSE,v_y,0.027917064209254217
Baseline-NN-MSE,v_y,0.017217692909274634
Baseline-NN-MSE,v_y,0.012298201877770809
Baseline-NN-MSE,v_y,0.024276952532216317
Baseline-NN-MSE,v_y,0.028804420923869783
Baseline-NN-MSE,v_y,0.022528857711099637
Baseline-NN-MSE,v_y,0.02386702268017532
Baseline-NN-MSE,v_y,0.025518742538845507
Baseline-NN-MSE,v_y,0.02431778890683456
Baseline-NN-MSE,v_y,0.004988551912966599
Baseline-NN-MSE,v_y,0.02463940100002676
Baseline-NN-MSE,v_y,0.008945563545266266
Baseline-NN-MSE,v_y,0.022070895040479988
Baseline-NN-MSE,v_y,0.009576534856242158
Baseline-NN-MSE,v_y,0.010744306642278822
Baseline-NN-MSE,v_y,0.049728645507932656
Baseline-NN-MSE,v_y,0.013820567081198887
Baseline-NN-MSE,v_y,0.02712608592949267
Baseline-NN-MSE,v_y,0.028694937763194817
Baseline-NN-MSE,v_y,0.014213699644590405
Baseline-NN-MSE,v_y,0.011407770354043167
Baseline-NN-MSE,v_y,0.0374400880681004
Baseline-NN-MSE,v_y,0.011324712410282933
Baseline-NN-MSE,v_y,0.02076963136127069
Baseline-NN-MSE,v_y,0.01279012167163257
Baseline-NN-MSE,v_y,0.02394263780870398
Baseline-NN-MSE,v_y,0.013928788012032789
Baseline-NN-MSE,v_y,0.016518292216737895
Baseline-NN-MSE,v_y,0.01666205079631694
Baseline-NN-MSE,v_y,0.02047493034811848
Baseline-NN-MSE,v_y,0.008485765928087141
Baseline-NN-MSE,v_y,0.011457619038675537
Baseline-NN-MSE,v_y,0.01618517018817961
Baseline-NN-MSE,v_y,0.004088187387745135
Baseline-NN-MSE,v_y,0.0033927560625283126
Baseline-NN-MSE,v_y,0.005072900833755278
Baseline-NN-MSE,v_y,-0.0006149482269197648
Baseline-NN-MSE,v_y,-0.010148342958142764
Baseline-NN-MSE,v_y,0.0021980827625178723
Baseline-NN-MSE,v_y,-0.025416381091641238
Baseline-NN-MSE,v_y,-0.014480885155203016
Baseline-NN-MSE,v_y,-0.02964548818581625
Baseline-NN-MSE,v_y,-0.009002627820847653
Baseline-NN-MSE,v_y,-0.011675797520756204
Baseline-NN-MSE,v_y,-0.011164804195117894
Baseline-NN-MSE,v_y,-0.014168804512963484
Baseline-NN-MSE,v_y,-0.0177589207720093
Baseline-NN-MSE,v_y,-0.013708513949038298
Baseline-NN-MSE,v_y,-0.015430448094395671
Baseline-NN-MSE,v_y,-0.029357658465421405
Baseline-NN-MSE,v_y,-0.01500566138967993
Baseline-NN-MSE,v_y,-0.006548813569402706
Baseline-NN-MSE,v_y,-0.03346560339138219
Baseline-NN-MSE,v_y,-0.005034648791682084
Baseline-NN-MSE,v_y,-0.011272992586248198
Baseline-NN-MSE,v_y,-0.006015276729105665
Baseline-NN-MSE,v_y,-0.012666012306782326
Baseline-NN-MSE,v_y,-0.012838938954745291
Baseline-NN-MSE,v_y,-0.008946294608180305
Baseline-NN-MSE,v_y,-0.007682881038510531
Baseline-NN-MSE,v_y,-0.0018235892864359726
Baseline-NN-MSE,v_y,-0.0026648517587296583
Baseline-NN-MSE,v_y,-0.002488887599172856
Baseline-NN-MSE,v_y,-0.00405867303963928
Baseline-NN-MSE,v_y,-5.8007022170371986e-05
Baseline-NN-MSE,v_y,0.0009580653485346396
Baseline-NN-MSE,v_y,-0.010900707710876027
Baseline-NN-MSE,v_y,0.0027886825210422655
Baseline-NN-MSE,v_y,0.010067129253073223
Baseline-NN-MSE,v_y,0.005778237721640239
Baseline-NN-MSE,v_y,0.00821327358745716
Baseline-NN-MSE,v_y,0.0034631044238411235
Baseline-NN-MSE,v_y,0.008032223970375035
Baseline-NN-MSE,v_y,0.006993670831199256
Baseline-NN-MSE,v_y,0.008835528518566671
Baseline-NN-MSE,v_y,0.00398973121128407
Baseline-NN-MSE,v_y,0.004676286804598362
Baseline-NN-MSE,v_y,0.003599140496529707
Baseline-NN-MSE,v_y,0.003931357527890006
Baseline-NN-MSE,v_y,0.016558880373621243
Baseline-NN-MSE,v_y,0.004131396862887132
Baseline-NN-MSE,v_y,0.009980226496206612
Baseline-NN-MSE,v_y,0.009642555388319096
Baseline-NN-MSE,v_y,0.01462532696301877
Baseline-NN-MSE,v_y,0.0049980737677229325
Baseline-NN-MSE,v_y,0.011031046815385803
Baseline-NN-MSE,v_y,0.0125603542004325
Baseline-NN-MSE,v_y,0.010289180103133733
Baseline-NN-MSE,v_y,0.029405942265398333
Baseline-NN-MSE,v_y,0.015365056423276346
Baseline-NN-MSE,v_y,0.006025259381253201
Baseline-NN-MSE,v_y,0.008032706947442625
Baseline-NN-MSE,v_y,0.0072306826758232745
Baseline-NN-MSE,v_y,0.008100008199674213
Baseline-NN-MSE,v_y,0.007676945250608969
Baseline-NN-MSE,v_y,0.0013445867305059145
Baseline-NN-MSE,v_y,0.01398219595712863
Baseline-NN-MSE,v_y,0.009176907906098597
Baseline-NN-MSE,v_y,0.018228690488133303
Baseline-NN-MSE,v_y,0.007676630496402714
Baseline-NN-MSE,v_y,0.015496156737642985
Baseline-NN-MSE,v_y,0.018839094870553408
Baseline-NN-MSE,v_y,0.023591996862012632
Baseline-NN-MSE,v_y,0.01626569785794929
Baseline-NN-MSE,v_y,0.10900093632319291
Baseline-NN-MSE,v_y,0.013507525358859018
Baseline-NN-MSE,v_y,0.00622112833928834
Baseline-NN-MSE,v_y,0.0684478526452853
Baseline-NN-MSE,v_y,0.03629534298220305
Baseline-NN-MSE,v_y,0.06691469597197208
Baseline-NN-MSE,v_y,0.027440581156893074
Baseline-NN-MSE,v_y,0.012430016091744767
Baseline-NN-MSE,v_y,0.025124521536196487
Baseline-NN-MSE,v_y,0.0137220506815241
Baseline-NN-MSE,v_y,0.02556195422845353
Baseline-NN-MSE,v_y,0.0169664085475989
Baseline-NN-MSE,v_y,0.024339303271105783
Baseline-NN-MSE,v_y,0.04472474985355346
Baseline-NN-MSE,v_y,0.027164202818443006
Baseline-NN-MSE,v_y,0.028825988047766482
Baseline-NN-MSE,v_y,0.04803660512257579
Baseline-NN-MSE,v_y,0.008726158800216766
Baseline-NN-MSE,v_y,0.02352013675514164
Baseline-NN-MSE,v_y,0.02066875873679952
Baseline-NN-MSE,v_y,0.012566314534270262
Baseline-NN-MSE,v_y,0.01265849167494093
Baseline-NN-MSE,v_y,0.012393692507713439
Baseline-NN-MSE,v_y,0.01950358053158968
Baseline-NN-MSE,v_y,0.027861665379784184
Baseline-NN-MSE,v_y,0.020505469518660613
Baseline-NN-MSE,v_y,0.021017552442593457
Baseline-NN-MSE,v_y,0.01479568150042554
Baseline-NN-MSE,v_y,0.005352998344122062
Baseline-NN-MSE,v_y,0.006506947287044262
Baseline-NN-MSE,v_y,-0.0031233479582024604
Baseline-NN-MSE,v_y,0.004643396211768347
Baseline-NN-MSE,v_y,0.008958331958279053
Baseline-NN-MSE,v_y,0.0036069442637245985
Baseline-NN-MSE,v_y,0.006651604739233763
Baseline-NN-MSE,v_y,0.015669387359385167
Baseline-NN-MSE,v_y,0.01332128587938472
Baseline-NN-MSE,v_y,0.00901940546020058
Baseline-NN-MSE,v_y,0.004352940939833905
Baseline-NN-MSE,v_y,0.008785812400079418
Baseline-NN-MSE,v_y,0.003712729327748382
Baseline-NN-MSE,v_y,0.013775278682264053
Baseline-NN-MSE,v_y,0.010562327269711541
Baseline-NN-MSE,v_y,0.0011198678118156946
Baseline-NN-MSE,v_y,0.005736178291777472
Baseline-NN-MSE,v_y,0.002804192817348228
Baseline-NN-MSE,v_y,0.0024650752585380076
Baseline-NN-MSE,v_y,0.006532382322177066
Baseline-NN-MSE,v_y,0.0012488054899239959
Baseline-NN-MSE,v_y,0.0024936399704304363
Baseline-NN-MSE,v_y,0.0026076203261234387
Baseline-NN-MSE,v_y,0.006796279473041858
Baseline-NN-MSE,v_y,0.010138590433441279
Baseline-NN-MSE,v_y,0.012153666970524758
Baseline-NN-MSE,v_y,0.01550922250463381
Baseline-NN-MSE,v_y,0.015551833657272588
Baseline-NN-MSE,v_y,0.003935737242447035
Baseline-NN-MSE,v_y,0.003832502419297515
Baseline-NN-MSE,v_y,0.015458962084538489
Baseline-NN-MSE,v_y,0.0037121466945344572
Baseline-NN-MSE,v_y,0.006501140739377093
Baseline-NN-MSE,v_y,0.00553681762099887
Baseline-NN-MSE,v_y,0.010404799216946831
Baseline-NN-MSE,v_y,0.009576386360124013
Baseline-NN-MSE,v_y,0.006457246262075153
Baseline-NN-MSE,v_y,0.006450987402182348
Baseline-NN-MSE,v_y,0.007841372601358108
Baseline-NN-MSE,v_y,0.0041964908074142646
Baseline-NN-MSE,v_y,0.017259910770661788
Baseline-NN-MSE,v_y,0.006379175747540315
Baseline-NN-MSE,v_y,0.00758057674844417
Baseline-NN-MSE,v_y,0.008287918558197792
Baseline-NN-MSE,v_y,0.0032427192050284437
Baseline-NN-MSE,v_y,0.010255546502245791
Baseline-NN-MSE,v_y,0.004874262296212555
Baseline-NN-MSE,v_y,0.0031965570582745684
Baseline-NN-MSE,v_y,0.007081129508032826
Baseline-NN-MSE,v_y,0.0019846740414693823
Baseline-NN-MSE,v_y,0.005790079870997875
Baseline-NN-MSE,v_y,0.011982039411628856
Baseline-NN-MSE,v_y,0.01305493976893186
Baseline-NN-MSE,v_y,0.008139246316530464
Baseline-NN-MSE,v_y,0.003405298129461356
Baseline-NN-MSE,v_y,0.0069605081465836
Baseline-NN-MSE,v_y,0.004146136802946919
Baseline-NN-MSE,v_y,0.016196961022846824
Baseline-NN-MSE,v_y,0.003848097913942569
Baseline-NN-MSE,v_y,0.003973919503520079
Baseline-NN-MSE,v_y,0.007992260359720088
Baseline-NN-MSE,v_y,0.0064060536238509935
Baseline-NN-MSE,v_y,0.006525342076315943
Baseline-NN-MSE,v_y,0.0063964699063084884
Baseline-NN-MSE,v_y,0.014150613773149585
Baseline-NN-MSE,v_y,0.003792503242772728
Baseline-NN-MSE,v_y,0.003354003841850889
Baseline-NN-MSE,v_y,0.007048935230400968
Baseline-NN-MSE,v_y,0.003325646804393567
Baseline-NN-MSE,v_y,0.007012771708642743
Baseline-NN-MSE,v_y,0.014755549443966946
Baseline-NN-MSE,v_y,0.0033614046895097394
Baseline-NN-MSE,v_y,0.006277422432886273
Baseline-NN-MSE,v_y,0.005368917157534511
Baseline-NN-MSE,v_y,0.0023981715089140612
Baseline-NN-MSE,v_y,0.005173748655417001
Baseline-NN-MSE,v_y,0.006982428450561615
Baseline-NN-MSE,v_y,0.0021672200307320567
Baseline-NN-MSE,v_y,0.005018250293330528
Baseline-NN-MSE,v_y,0.00685417003675395
Baseline-NN-MSE,v_y,0.005739450759047859
Baseline-NN-MSE,v_y,0.005375058679252601
Baseline-NN-MSE,v_y,0.006057723133869396
Baseline-NN-MSE,v_y,0.00554988748958174
Baseline-NN-MSE,v_y,0.005302999682028676
Baseline-NN-MSE,v_y,0.0056850295498929865
Baseline-NN-MSE,v_y,0.005077353150395543
Baseline-NN-MSE,v_y,0.007208925295897598
Baseline-NN-MSE,v_y,0.0059489657933369695
Baseline-NN-MSE,v_y,0.006607930715389336
Baseline-NN-MSE,v_y,0.00594848886288751
Baseline-NN-MSE,v_y,0.006739197919452888
Baseline-NN-MSE,v_y,0.0061759615088008216
Baseline-NN-MSE,v_y,0.005204807564976939
Baseline-NN-MSE,v_y,0.0026563516337359816
Baseline-NN-MSE,v_y,0.0075652523150678205
Baseline-NN-MSE,v_y,0.00698070779128368
Baseline-NN-MSE,v_y,0.005026180851607075
Baseline-NN-MSE,v_y,0.022436610809225557
Baseline-NN-MSE,v_y,0.013467361722654309
Baseline-NN-MSE,v_y,0.015485264805990107
Baseline-NN-MSE,v_y,0.015792632481777175
Baseline-NN-MSE,v_y,0.026578819584785335
Baseline-NN-MSE,v_y,0.007376299100955663
Baseline-NN-MSE,v_y,0.017023166956455338
Baseline-NN-MSE,v_y,0.02700047152443441
Baseline-NN-MSE,v_y,0.008108708538792087
Baseline-NN-MSE,v_y,0.019736902595547168
Baseline-NN-MSE,v_y,0.03474366093663128
Baseline-NN-MSE,v_y,0.01880759036224139
Baseline-NN-MSE,v_y,0.023608739130570877
Baseline-NN-MSE,v_y,0.025239513632895172
Baseline-NN-MSE,v_y,0.011610657075069253
Baseline-NN-MSE,v_y,0.028121791653887007
Baseline-NN-MSE,v_y,0.012113351342683154
Baseline-NN-MSE,v_y,0.026097404269973257
Baseline-NN-MSE,v_y,0.014394837336178523
Baseline-NN-MSE,v_y,0.034289230103974166
Baseline-NN-MSE,v_y,0.04368723885550202
Baseline-NN-MSE,v_y,0.04676207016570466
Baseline-NN-MSE,v_y,0.04083968364291857
Baseline-NN-MSE,v_y,0.03845795156093257
Baseline-NN-MSE,v_y,0.05568197387459328
Baseline-NN-MSE,v_y,0.027823002027294985
Baseline-NN-MSE,v_y,0.01609307971228313
Baseline-NN-MSE,v_y,0.0888416222631806
Baseline-NN-MSE,v_y,0.06341639732064552
Baseline-NN-MSE,v_y,0.03386853099924425
Baseline-NN-MSE,v_y,0.07497479580841226
Baseline-NN-MSE,v_y,0.06670610146626599
Baseline-NN-MSE,v_y,0.08438777512489226
Baseline-NN-MSE,v_y,0.05762405281210614
Baseline-NN-MSE,v_y,0.052959030397790374
Baseline-NN-MSE,v_y,0.08453323278513813
Baseline-NN-MSE,v_y,0.04609665147951725
Baseline-NN-MSE,v_y,0.01893388213129721
Baseline-NN-MSE,v_y,0.06416617375488354
Baseline-NN-MSE,v_y,0.042906667189690606
Baseline-NN-MSE,v_y,0.0264388830118073
Baseline-NN-MSE,v_y,0.041278780426595385
Baseline-NN-MSE,v_y,0.02021903022543292
Baseline-NN-MSE,v_y,0.07234123598651715
Baseline-NN-MSE,v_y,0.01933065232944986
Baseline-NN-MSE,v_y,0.017129039982913485
Baseline-NN-MSE,v_y,0.05068180146977663
Baseline-NN-MSE,v_y,0.01593994365518525
Baseline-NN-MSE,v_y,0.026745769413145437
Baseline-NN-MSE,v_y,0.016340872987670507
Baseline-NN-MSE,v_y,0.057202120131460754
Baseline-NN-MSE,v_y,0.04628337683271694
Baseline-NN-MSE,v_y,0.0374195781425094
Baseline-NN-MSE,v_y,0.022504233908683224
Baseline-NN-MSE,v_y,0.007175280059451672
Baseline-NN-MSE,v_y,0.006886777917881559
Baseline-NN-MSE,v_y,0.005791457226701213
Baseline-NN-MSE,v_y,0.008600706409037207
Baseline-NN-MSE,v_y,0.015177350519995525
Baseline-NN-MSE,v_y,0.005680833381998762
Baseline-NN-MSE,v_y,0.012065856371149042
Baseline-NN-MSE,v_y,0.013435794742269747
Baseline-NN-MSE,v_y,0.010969968931495877
Baseline-NN-MSE,v_y,0.004163408216122544
Baseline-NN-MSE,v_y,0.005326321177320792
Baseline-NN-MSE,v_y,0.009961446148668618
Baseline-NN-MSE,v_y,0.0046916026191899385
Baseline-NN-MSE,v_y,0.012970338810777776
Baseline-NN-MSE,v_y,0.02916661544364743
Baseline-NN-MSE,v_y,0.010236888490538998
Baseline-NN-MSE,v_y,-0.0049471128706089496
Baseline-NN-MSE,v_y,0.0005744148690842166
Baseline-NN-MSE,v_y,-0.0003419495979938292
Baseline-NN-MSE,v_y,-0.009175241614665874
Baseline-NN-MSE,v_y,0.0013677557368635407
Baseline-NN-MSE,v_y,0.007209938968109231
Baseline-NN-MSE,v_y,0.005811010635295974
Baseline-NN-MSE,v_y,0.00747068779151755
Baseline-NN-MSE,v_y,0.007743501651103241
Baseline-NN-MSE,v_y,0.008229547270977564
Baseline-NN-MSE,v_y,0.005904037035845258
Baseline-NN-MSE,v_y,0.006063776343808516
Baseline-NN-MSE,v_y,0.006275524931982246
Baseline-NN-MSE,v_y,0.003009632811281804
Baseline-NN-MSE,v_y,0.011728784837032658
Baseline-NN-MSE,v_y,0.004711488746139525
Baseline-NN-MSE,v_y,0.00506025192307652
Baseline-NN-MSE,v_y,0.004556927008730449
Baseline-NN-MSE,v_y,0.004461173415275604
Baseline-NN-MSE,v_y,0.002751009308178176
Baseline-NN-MSE,v_y,0.005589125220043095
Baseline-NN-MSE,v_y,0.002682970960375841
Baseline-NN-MSE,v_y,0.005213997954222976
Baseline-NN-MSE,v_y,0.0022350592154603832
Baseline-NN-MSE,v_y,0.002955899659094069
Baseline-NN-MSE,v_y,0.011265297066255592
Baseline-NN-MSE,v_y,0.008662864237158896
Baseline-NN-MSE,v_y,0.0034668345405239054
Baseline-NN-MSE,v_y,0.004294657256464107
Baseline-NN-MSE,v_y,0.0043465932851614875
Baseline-NN-MSE,v_y,0.00202969248359694
Baseline-NN-MSE,v_y,0.00980774419213723
Baseline-NN-MSE,v_y,0.0029091053264367894
Baseline-NN-MSE,v_y,0.00219938490545854
Baseline-NN-MSE,v_y,0.01121499984747093
Baseline-NN-MSE,v_y,0.012644931529115139
Baseline-NN-MSE,v_y,-0.004095524865902922
Baseline-NN-MSE,v_y,-0.003113708049681946
Baseline-NN-MSE,v_y,0.002003182265457787
Baseline-NN-MSE,v_y,0.003374558160556318
Baseline-NN-MSE,v_y,0.001556284375295286
Baseline-NN-MSE,v_y,0.015342974524974677
Baseline-NN-MSE,v_y,0.011766867471525971
Baseline-NN-MSE,v_y,0.00754044861800654
Baseline-NN-MSE,v_y,0.003923944110786393
Baseline-NN-MSE,v_y,-0.00882508391927983
Baseline-NN-MSE,v_y,-0.006123839212477056
Baseline-NN-MSE,v_y,0.0029083284061194453
Baseline-NN-MSE,v_y,-0.0011691321791470616
Baseline-NN-MSE,v_y,0.004572988372505804
Baseline-NN-MSE,v_y,0.0028416103995987096
Baseline-NN-MSE,v_y,0.010946876918148052
Baseline-NN-MSE,v_y,0.013396613399509406
Baseline-NN-MSE,v_y,0.004835165912607985
Baseline-NN-MSE,v_y,0.0031545544635381492
Baseline-NN-MSE,v_y,0.007070855760958117
Baseline-NN-MSE,v_y,0.0021710855644747756
Baseline-NN-MSE,v_y,0.001335838095226076
Baseline-NN-MSE,v_y,0.006285349819197698
Baseline-NN-MSE,v_y,0.002143774072006603
Baseline-NN-MSE,v_y,0.0028453664185460817
Baseline-NN-MSE,v_y,0.002144241570245467
Baseline-NN-MSE,v_y,0.009486813884438068
Baseline-NN-MSE,v_y,0.006340375732476922
Baseline-NN-MSE,v_y,0.004604635286261545
Baseline-NN-MSE,v_y,0.002347323319392018
Baseline-NN-MSE,v_y,0.005583721981215858
Baseline-NN-MSE,v_y,0.00382929240959793
Baseline-NN-MSE,v_y,0.004233104907662547
Baseline-NN-MSE,v_y,0.0029135941461170857
Baseline-NN-MSE,v_y,0.0040510896388122886
Baseline-NN-MSE,v_y,0.004709752813316419
Baseline-NN-MSE,v_y,0.0018469285468603498
Baseline-NN-MSE,v_y,0.004739336185516314
Baseline-NN-MSE,v_y,-0.00033248209168227163
Baseline-NN-MSE,v_y,0.0019783397122906873
Baseline-NN-MSE,v_y,-0.0015519054008998473
Baseline-NN-MSE,v_y,0.0014681255178376207
Baseline-NN-MSE,v_y,0.003447213257363066
Baseline-NN-MSE,v_y,0.0010101994483570076
Baseline-NN-MSE,v_y,0.0030091918751120883
Baseline-NN-MSE,v_y,0.00472941592216905
Baseline-NN-MSE,v_y,0.004358643423397368
Baseline-NN-MSE,v_y,0.001138146326726014
Baseline-NN-MSE,v_y,0.0031484538258338413
Baseline-NN-MSE,v_y,0.0016521246475160456
Baseline-NN-MSE,v_y,0.0007939094560509008
Baseline-NN-MSE,v_y,0.005692060430429191
Baseline-NN-MSE,v_y,-0.004381512630334816
Baseline-NN-MSE,v_y,-0.007437250996612743
Baseline-NN-MSE,v_y,0.0012692722138283874
Baseline-NN-MSE,v_y,-0.005749007878541934
Baseline-NN-MSE,v_y,0.0032499663921732314
Baseline-NN-MSE,v_y,0.0018237285537586745
Baseline-NN-MSE,v_y,-0.01343535561248399
Baseline-NN-MSE,v_y,-0.01234334928379388
Baseline-NN-MSE,v_y,-0.0037770247713855842
Baseline-NN-MSE,v_y,-0.0025016748048924953
Baseline-NN-MSE,v_y,-0.04324745712355904
Baseline-NN-MSE,v_y,-0.04942704202285775
Baseline-NN-MSE,v_y,-0.03277977076059274
Baseline-NN-MSE,v_y,-0.006398311008995794
Baseline-NN-MSE,v_y,-0.010517444370871876
Baseline-NN-MSE,v_y,-0.010547684119957434
Baseline-NN-MSE,v_y,0.003437252559133075
Baseline-NN-MSE,v_y,0.0004323721892044441
Baseline-NN-MSE,v_y,0.015985115986986986
Baseline-NN-MSE,v_y,0.0077314093202795475
Baseline-NN-MSE,v_y,0.00022697881896240057
Baseline-NN-MSE,v_y,0.00021385438888816416
Baseline-NN-MSE,v_y,0.0030635705167883984
Baseline-NN-MSE,v_y,-0.002528363570048986
Baseline-NN-MSE,v_y,-0.005453706373917566
Baseline-NN-MSE,v_y,0.0024940051665395535
Baseline-NN-MSE,v_y,0.011125092727631347
Baseline-NN-MSE,v_y,0.011423543231047939
Baseline-NN-MSE,v_y,0.018331123555176104
Baseline-NN-MSE,v_y,0.02899237267381205
Baseline-NN-MSE,v_y,0.009677411066892821
Baseline-NN-MSE,v_y,0.018372954566161365
Baseline-NN-MSE,v_y,0.011388390073804378
Baseline-NN-MSE,v_y,0.023943499300067506
Baseline-NN-MSE,v_y,0.01369225315449868
Baseline-NN-MSE,v_y,0.02783758286202287
Baseline-NN-MSE,v_y,0.036322376253199395
Baseline-NN-MSE,v_y,0.032785038830326296
Baseline-NN-MSE,v_y,0.03945467682324355
Baseline-NN-MSE,v_y,0.05211838294454474
Baseline-NN-MSE,v_y,0.047410991698674465
Baseline-NN-MSE,v_y,0.10844576026219654
Baseline-NN-MSE,v_y,0.03094517573387856
Baseline-NN-MSE,v_y,0.06222153238532613
Baseline-NN-MSE,v_y,0.13222990674303137
Baseline-NN-MSE,v_y,0.024876805060757068
Baseline-NN-MSE,v_y,0.03923893063380435
Baseline-NN-MSE,v_y,0.04614119221028423
Baseline-NN-MSE,v_y,0.016497777204722563
Baseline-NN-MSE,v_y,0.0523938019743575
Baseline-NN-MSE,v_y,0.0064157910657450246
Baseline-NN-MSE,v_y,0.03436872729015028
Baseline-NN-MSE,v_y,0.021593176397551705
Baseline-NN-MSE,v_y,0.008318523943261324
Baseline-NN-MSE,v_y,0.02239465006087299
Baseline-NN-MSE,v_y,0.02071957099932409
Baseline-NN-MSE,v_y,0.016830105205706936
Baseline-NN-MSE,v_y,0.00535759323590379
Baseline-NN-MSE,v_y,0.0027332900430097617
Baseline-NN-MSE,v_y,0.005269592598177164
Baseline-NN-MSE,v_y,0.002747501760269888
Baseline-NN-MSE,v_y,0.005349967129368305
Baseline-NN-MSE,v_y,0.0028707705279520657
Baseline-NN-MSE,v_y,0.005715312883236873
Baseline-NN-MSE,v_y,0.0019226944446852773
Baseline-NN-MSE,v_y,0.004721021970677697
Baseline-NN-MSE,v_y,0.003465671666347446
Baseline-NN-MSE,v_y,0.000906615033104817
Baseline-NN-MSE,v_y,-0.001985573975020874
Baseline-NN-MSE,v_y,-0.0008853541796621581
Baseline-NN-MSE,v_y,-0.0011992257995793298
Baseline-NN-MSE,v_y,-0.012127131946481478
Baseline-NN-MSE,v_y,-0.0009323356517774283
Baseline-NN-MSE,v_y,-0.007956894560704274
Baseline-NN-MSE,v_y,-0.00880225670264459
Baseline-NN-MSE,v_y,-0.016470665819465817
Baseline-NN-MSE,v_y,-0.017617490437722372
Baseline-NN-MSE,v_y,-0.018158744412781022
Baseline-NN-MSE,v_y,-0.006425202311240594
Baseline-NN-MSE,v_y,-0.010059989515070783
Baseline-NN-MSE,v_y,-0.0058535453382792535
Baseline-NN-MSE,v_y,-0.011836976405066368
Baseline-NN-MSE,v_y,-0.02141813241872978
Baseline-NN-MSE,v_y,-0.006488890836899186
Baseline-NN-MSE,v_y,-0.016080861045299072
Baseline-NN-MSE,v_y,-0.01791811752964495
Baseline-NN-MSE,v_y,-0.014728284129955
Baseline-NN-MSE,v_y,-0.024747924528158133
Baseline-NN-MSE,v_y,-0.01007760269345781
Baseline-NN-MSE,v_y,-0.020368606417665497
Baseline-NN-MSE,v_y,-0.020013153174373577
Baseline-NN-MSE,v_y,-0.03098666480788617
Baseline-NN-MSE,v_y,-0.023522757129085414
Baseline-NN-MSE,v_y,-0.021685394497677868
Baseline-NN-MSE,v_y,-0.024833167982948157
Baseline-NN-MSE,v_y,-0.02831144492761306
Baseline-NN-MSE,v_y,-0.03303606158553768
Baseline-NN-MSE,v_y,-0.05875749614864395
Baseline-NN-MSE,v_y,-0.016340117532448517
Baseline-NN-MSE,v_y,-0.03992481424302052
Baseline-NN-MSE,v_y,-0.09618008684196577
Baseline-NN-MSE,v_y,-0.1485061984611925
Baseline-NN-MSE,v_y,-0.10933394672939589
Baseline-NN-MSE,v_y,-0.11300388566521319
Baseline-NN-MSE,v_y,-0.12418947878733544
Baseline-NN-MSE,v_y,-0.05456419328354739
Baseline-NN-MSE,v_y,-0.02044445135425471
Baseline-NN-MSE,v_y,-0.015277174490877732
Baseline-NN-MSE,v_y,-0.013366943924949914
Baseline-NN-MSE,v_y,-0.006151595388135311
Baseline-NN-MSE,v_y,-0.008514951741880106
Baseline-NN-MSE,v_y,0.003701911060000923
Baseline-NN-MSE,v_y,-0.002186159905055593
Baseline-NN-MSE,v_y,-0.010467955413309638
Baseline-NN-MSE,v_y,-0.0023172057740175472
Baseline-NN-MSE,v_y,-0.004548258819169336
Baseline-NN-MSE,v_y,-0.0018356836171976934
Baseline-NN-MSE,v_y,0.003399891032280958
Baseline-NN-MSE,v_y,-1.7616493134545164e-05
Baseline-NN-MSE,v_y,0.004871546764675515
Baseline-NN-MSE,v_y,0.001279322977678514
Baseline-NN-MSE,v_y,0.008550318668257744
Baseline-NN-MSE,v_y,0.017848673501697707
Baseline-NN-MSE,v_y,0.020206361314102368
Baseline-NN-MSE,v_y,0.012836728969725174
Baseline-NN-MSE,v_y,0.023331724571750895
Baseline-NN-MSE,v_y,0.0062814042601292
Baseline-NN-MSE,v_y,0.01667757156418348
Baseline-NN-MSE,v_y,0.026313611188735708
Baseline-NN-MSE,v_y,0.008536622171469666
Baseline-NN-MSE,v_y,0.024529913220568828
Baseline-NN-MSE,v_y,0.03237744031773959
Baseline-NN-MSE,v_y,0.05459738554708682
Baseline-NN-MSE,v_y,0.06982292872798962
Baseline-NN-MSE,v_y,0.10116643481128262
Baseline-NN-MSE,v_y,0.031135349217899788
Baseline-NN-MSE,v_y,0.0244460893571663
Baseline-NN-MSE,v_y,0.042272434247927815
Baseline-NN-MSE,v_y,0.027363592309976037
Baseline-NN-MSE,v_y,0.07883458729339982
Baseline-NN-MSE,v_y,0.03830576713031325
Baseline-NN-MSE,v_y,0.04346060207252339
Baseline-NN-MSE,v_y,0.039548003990285574
Baseline-NN-MSE,v_y,0.013056641379931677
Baseline-NN-MSE,v_y,0.0619690492314936
Baseline-NN-MSE,v_y,0.04552014920069081
Baseline-NN-MSE,v_y,0.014961439260593623
Baseline-NN-MSE,v_y,0.040335978643098014
Baseline-NN-MSE,v_y,0.02588803112578497
Baseline-NN-MSE,v_y,0.05519656861603084
Baseline-NN-MSE,v_y,0.030354894096458973
Baseline-NN-MSE,v_y,0.10599331952469265
Baseline-NN-MSE,v_y,0.08200033706634857
Baseline-NN-MSE,v_y,0.051532571236777625
Baseline-NN-MSE,v_y,0.04988413401445163
Baseline-NN-MSE,v_y,0.02202676172579715
Baseline-NN-MSE,v_y,0.11855885369119906
Baseline-NN-MSE,v_y,0.029431762726267796
Baseline-NN-MSE,v_y,0.026033700879627475
Baseline-NN-MSE,v_y,0.07637306507417269
Baseline-NN-MSE,v_y,0.0464576487917831
Baseline-NN-MSE,v_y,0.05273378055137906
Baseline-NN-MSE,v_y,0.051277017901018296
Baseline-NN-MSE,v_y,0.036448785349176616
Baseline-NN-MSE,v_y,0.09871403559351594
Baseline-NN-MSE,v_y,0.019017198485720088
Baseline-NN-MSE,v_y,0.02048142278058529
Baseline-NN-MSE,v_y,0.015943125045119855
Baseline-NN-MSE,v_y,0.02796355850475557
Baseline-NN-MSE,v_y,0.03915229365239359
Baseline-NN-MSE,v_y,0.05510382325735369
Baseline-NN-MSE,v_y,0.028275311674999193
Baseline-NN-MSE,v_y,0.02520571481400069
Baseline-NN-MSE,v_y,0.027379906927060438
Baseline-NN-MSE,v_y,0.019427357956317448
Baseline-NN-MSE,v_y,0.028845910539869457
Baseline-NN-MSE,v_y,0.01468190895250826
Baseline-NN-MSE,v_y,0.00414484187057218
Baseline-NN-MSE,v_y,0.007502998272332251
Baseline-NN-MSE,v_y,0.006272814134165916
Baseline-NN-MSE,v_y,-0.0015708235354595645
Baseline-NN-MSE,v_y,0.018122861526943423
Baseline-NN-MSE,v_y,0.015808304989056388
Baseline-NN-MSE,v_y,0.00408524936522589
Baseline-NN-MSE,v_y,0.003906672403122813
Baseline-NN-MSE,v_y,0.005221513148026463
Baseline-NN-MSE,v_y,0.001495198748567364
Baseline-NN-MSE,v_y,-0.0014795618716311326
Baseline-NN-MSE,v_y,-0.004723803695952648
Baseline-NN-MSE,v_y,-0.003747785100942709
Baseline-NN-MSE,v_y,-0.0043038396266018575
Baseline-NN-MSE,v_y,-0.0012838554152338338
Baseline-NN-MSE,v_y,-0.0004642511488245349
Baseline-NN-MSE,v_y,-0.004092744223384376
Baseline-NN-MSE,v_y,-0.006414929447571827
Baseline-NN-MSE,v_y,-0.011934491973556338
Baseline-NN-MSE,v_y,-0.017920166105875712
Baseline-NN-MSE,v_y,-0.01340895714989887
Baseline-NN-MSE,v_y,-0.05639876691373136
Baseline-NN-MSE,v_y,-0.024175949599766766
Baseline-NN-MSE,v_y,-0.004619286839170567
Baseline-NN-MSE,v_y,-0.020330047883318936
Baseline-NN-MSE,v_y,-0.02751736333741539
Baseline-NN-MSE,v_y,-0.010394729612079545
Baseline-NN-MSE,v_y,-0.0335808015633402
Baseline-NN-MSE,v_y,-0.01624406885499774
Baseline-NN-MSE,v_y,-0.012480550454717854
Baseline-NN-MSE,v_y,0.03350915316574443
Baseline-NN-MSE,v_y,0.027893293609131398
Baseline-NN-MSE,v_y,0.017197650235255713
Baseline-NN-MSE,v_y,0.0016465275638012922
Baseline-NN-MSE,v_y,-0.002511702236388469
Baseline-NN-MSE,v_y,0.00015186024375918317
Baseline-NN-MSE,v_y,-0.0016918568885719298
Baseline-NN-MSE,v_y,-0.0015814660799206015
Baseline-NN-MSE,v_y,0.003563340185242847
Baseline-NN-MSE,v_y,0.00979477022496078
Baseline-NN-MSE,v_y,0.03400438946428663
Baseline-NN-MSE,v_y,0.034172953464193745
Baseline-NN-MSE,v_y,0.04158332486406113
Baseline-NN-MSE,v_y,0.00812992924303052
Baseline-NN-MSE,v_y,0.004426935228952322
Baseline-NN-MSE,v_y,0.0152181795355745
Baseline-NN-MSE,v_y,0.005967778635368903
Baseline-NN-MSE,v_y,0.005628706416894225
Baseline-NN-MSE,v_y,0.018105736858851123
Baseline-NN-MSE,v_y,0.005614551150848877
Baseline-NN-MSE,v_y,0.0035883241486235687
Baseline-NN-MSE,v_y,0.002789304846562625
Baseline-NN-MSE,v_y,0.002024157272057292
Baseline-NN-MSE,v_y,0.0038193184098091384
Baseline-NN-MSE,v_y,0.0014667777778325205
Baseline-NN-MSE,v_y,0.002659767032299823
Baseline-NN-MSE,v_y,0.002020913263553947
Baseline-NN-MSE,v_y,0.004498330110239347
Baseline-NN-MSE,v_y,0.003980436495013832
Baseline-NN-MSE,v_y,0.0036844896032091935
Baseline-NN-MSE,v_y,0.004232582885254441
Baseline-NN-MSE,v_y,0.0014118503647840008
Baseline-NN-MSE,v_y,0.004225507975449608
Baseline-NN-MSE,v_y,0.0049886626256476045
Baseline-NN-MSE,v_y,0.0015882306408275312
Baseline-NN-MSE,v_y,0.004171847267419756
Baseline-NN-MSE,v_y,0.0056226585669416655
Baseline-NN-MSE,v_y,0.0011588424560640407
Baseline-NN-MSE,v_y,0.0032134754456972655
Baseline-NN-MSE,v_y,0.00320732390436608
Baseline-NN-MSE,v_y,0.005684328299827312
Baseline-NN-MSE,v_y,0.007444608755522612
Baseline-NN-MSE,v_y,0.00273942700807437
Baseline-NN-MSE,v_y,0.001975877190401017
Baseline-NN-MSE,v_y,0.012537113548113706
Baseline-NN-MSE,v_y,0.0031894631512506513
Baseline-NN-MSE,v_y,0.0028364784361776026
Baseline-NN-MSE,v_y,0.0055520980503635155
Baseline-NN-MSE,v_y,0.010291334393863556
Baseline-NN-MSE,v_y,0.004804896846978334
Baseline-NN-MSE,v_y,0.005168774912239153
Baseline-NN-MSE,v_y,0.004533336847058429
Baseline-NN-MSE,v_y,0.005690438061850482
Baseline-NN-MSE,v_y,0.002754413059165385
Baseline-NN-MSE,v_y,0.0069019088722327634
Baseline-NN-MSE,v_y,0.006766587706671572
Baseline-NN-MSE,v_y,0.0058532189718361275
Baseline-NN-MSE,v_y,0.005725631126599247
Baseline-NN-MSE,v_y,0.003973509523726441
Baseline-NN-MSE,v_y,0.0037499596874168636
Baseline-NN-MSE,v_y,0.0059693039323838
Baseline-NN-MSE,v_y,0.005796626627746599
Baseline-NN-MSE,v_y,0.00571790902835151
Baseline-NN-MSE,v_y,0.006703614686944224
Baseline-NN-MSE,v_y,0.002737065712568605
Baseline-NN-MSE,v_y,0.012075949732413119
Baseline-NN-MSE,v_y,0.00781543761448342
Baseline-NN-MSE,v_y,0.004190406114024443
Baseline-NN-MSE,v_y,0.006484278782699656
Baseline-NN-MSE,v_y,0.0014867118560327464
Baseline-NN-MSE,v_y,0.005089947804387592
Baseline-NN-MSE,v_y,0.0023386224209255187
Baseline-NN-MSE,v_y,0.00830454841326991
Baseline-NN-MSE,v_y,0.005165355220643545
Baseline-NN-MSE,v_y,0.0029937172102957703
Baseline-NN-MSE,v_y,0.005101422718697287
Baseline-NN-MSE,v_y,0.0029741124077730455
Baseline-NN-MSE,v_y,0.012073643119144285
Baseline-NN-MSE,v_y,0.01327413990620385
Baseline-NN-MSE,v_y,0.010282759607932145
Baseline-NN-MSE,v_y,0.007563532856408154
Baseline-NN-MSE,v_y,0.006060044621161852
Baseline-NN-MSE,v_y,0.004156962826120866
Baseline-NN-MSE,v_y,0.01183512833496687
Baseline-NN-MSE,v_y,0.007453781399066439
Baseline-NN-MSE,v_y,0.002439661250847422
Baseline-NN-MSE,v_y,0.008183348485460457
Baseline-NN-MSE,v_y,0.005872058706615432
Baseline-NN-MSE,v_y,0.005266072014346902
Baseline-NN-MSE,v_y,0.007713175182065643
Baseline-NN-MSE,v_y,0.0022902812604164366
Baseline-NN-MSE,v_y,0.004887219241070995
Baseline-NN-MSE,v_y,0.002224206700539421
Baseline-NN-MSE,v_y,0.0048289598933098695
Baseline-NN-MSE,v_y,0.009212298996056812
Baseline-NN-MSE,v_y,0.01275196895309487
Baseline-NN-MSE,v_y,0.005782710864247938
Baseline-NN-MSE,v_y,0.005989093834527738
Baseline-NN-MSE,v_y,0.0063579685141243805
Baseline-NN-MSE,v_y,0.006359343333496161
Baseline-NN-MSE,v_y,0.008774884975683163
Baseline-NN-MSE,v_y,0.0025291548475137524
Baseline-NN-MSE,v_y,0.004134169637816178
Baseline-NN-MSE,v_y,0.0047049406154201015
Baseline-NN-MSE,v_y,0.005498135534136278
Baseline-NN-MSE,v_y,0.00926589850817518
Baseline-NN-MSE,v_y,0.004161856138006469
Baseline-NN-MSE,v_y,0.002450044536889198
Baseline-NN-MSE,v_y,0.005005879243753092
Baseline-NN-MSE,v_y,0.0026473492494550263
Baseline-NN-MSE,v_y,0.007825497650917931
Baseline-NN-MSE,v_y,0.0014095975651212886
Baseline-NN-MSE,v_y,0.003027915969335271
Baseline-NN-MSE,v_y,0.005929731678639957
Baseline-NN-MSE,v_y,0.0042051039503887624
Baseline-NN-MSE,v_y,0.0080288679260863
Baseline-NN-MSE,v_y,0.008199049146640838
Baseline-NN-MSE,v_y,0.00338667659333285
Baseline-NN-MSE,v_y,0.004549302632443842
Baseline-NN-MSE,v_y,0.0037247608424745664
Baseline-NN-MSE,v_y,0.0015851922172391078
Baseline-NN-MSE,v_y,0.002819469603041247
Baseline-NN-MSE,v_y,0.004131326025697265
Baseline-NN-MSE,v_y,0.005863908979033588
Baseline-NN-MSE,v_y,-0.0010940223740649804
Baseline-NN-MSE,v_y,0.005015108109815081
Baseline-NN-MSE,v_y,0.01084323582990128
Baseline-NN-MSE,v_y,0.001226434818923705
Baseline-NN-MSE,v_y,0.0019556759108369515
Baseline-NN-MSE,v_y,0.005165242796108867
Baseline-NN-MSE,v_y,0.0015475822676084758
Baseline-NN-MSE,v_y,0.0026317236240161607
Baseline-NN-MSE,v_y,0.0016230547059149815
Baseline-NN-MSE,v_y,0.0034889951362209876
Baseline-NN-MSE,v_y,0.0028377739627080886
Baseline-NN-MSE,v_y,0.004781486857502345
Baseline-NN-MSE,v_y,0.0025059581864472907
Baseline-NN-MSE,v_y,0.004207622761826395
Baseline-NN-MSE,v_y,0.00471296079189518
Baseline-NN-MSE,v_y,0.0012605738885133576
Baseline-NN-MSE,v_y,0.004917246174428513
Baseline-NN-MSE,v_y,0.004049639573428444
Baseline-NN-MSE,v_y,0.005089585164569636
Baseline-NN-MSE,v_y,0.0024101243128846622
Baseline-NN-MSE,v_y,0.0036418598171800223
Baseline-NN-MSE,v_y,0.003941925793179243
Baseline-NN-MSE,v_y,0.0015243156148310663
Baseline-NN-MSE,v_y,0.004628351867560533
Baseline-NN-MSE,v_y,0.0044135588718760485
Baseline-NN-MSE,v_y,0.006846816809837425
Baseline-NN-MSE,v_y,0.011447219187773396
Baseline-NN-MSE,v_y,0.01148561092307454
Baseline-NN-MSE,v_y,0.01432931374708301
Baseline-NN-MSE,v_y,0.002868914588146851
Baseline-NN-MSE,v_y,0.002496286432356651
Baseline-NN-MSE,v_y,0.010861981808810588
Baseline-NN-MSE,v_y,0.003009967523141366
Baseline-NN-MSE,v_y,0.0013608309034996505
Baseline-NN-MSE,v_y,0.012679199274421536
Baseline-NN-MSE,v_y,0.0034854447689504214
Baseline-NN-MSE,v_y,0.008174596787662858
Baseline-NN-MSE,v_y,0.006503531916582206
Baseline-NN-MSE,v_y,0.0061841547400051655
Baseline-NN-MSE,v_y,0.002842794589353534
Baseline-NN-MSE,v_y,0.005956314422366146
Baseline-NN-MSE,v_y,0.0031348735862053306
Baseline-NN-MSE,v_y,0.011483325023430802
Baseline-NN-MSE,v_y,0.0024840463017224146
Baseline-NN-MSE,v_y,0.0030941425246231447
Baseline-NN-MSE,v_y,-0.0010202787099600902
Baseline-NN-MSE,v_y,0.006229896064033666
Baseline-NN-MSE,v_y,0.008235819116139076
Baseline-NN-MSE,v_y,0.006830326927142902
Baseline-NN-MSE,v_y,0.0036486923598677973
Baseline-NN-MSE,v_y,0.003468768227902902
Baseline-NN-MSE,v_y,0.014247532954348802
Baseline-NN-MSE,v_y,0.0037563875972368294
Baseline-NN-MSE,v_y,0.005179067132963511
Baseline-NN-MSE,v_y,0.009764529222959603
Baseline-NN-MSE,v_y,0.011324953238712882
Baseline-NN-MSE,v_y,0.00634722671923002
Baseline-NN-MSE,v_y,-0.001528092888394117
Baseline-NN-MSE,v_y,-0.005294110108740729
Baseline-NN-MSE,v_y,-0.0015694329681487373
Baseline-NN-MSE,v_y,-0.00045345089353028556
Baseline-NN-MSE,v_y,-0.013180420624706146
Baseline-NN-MSE,v_y,-0.0024821086267711873
Baseline-NN-MSE,v_y,-0.002101373666453188
Baseline-NN-MSE,v_y,0.007685227053477357
Baseline-NN-MSE,v_y,-0.0005784054657756998
Baseline-NN-MSE,v_y,0.0045275926961931
Baseline-NN-MSE,v_y,0.004406512749789801
Baseline-NN-MSE,v_y,-0.0014787982372835295
Baseline-NN-MSE,v_y,0.0006656153401264353
Baseline-NN-MSE,v_y,-0.0015441691367049093
Baseline-NN-MSE,v_y,-0.0004510400663596814
Baseline-NN-MSE,v_y,-0.0011198464162568422
Baseline-NN-MSE,v_y,-0.0009599861148056887
Baseline-NN-MSE,v_y,-0.0016461825934340757
Baseline-NN-MSE,v_y,-0.0003120008993074963
Baseline-NN-MSE,v_y,0.004136923319593727
Baseline-NN-MSE,v_y,0.0018182990323147852
Baseline-NN-MSE,v_y,0.021177345358484173
Baseline-NN-MSE,v_y,0.006192181305567701
Baseline-NN-MSE,v_y,0.009717771531093322
Baseline-NN-MSE,v_y,0.01034485615165559
Baseline-NN-MSE,v_y,0.03839800360755152
Baseline-NN-MSE,v_y,0.0519536003908756
Baseline-NN-MSE,v_y,0.05063172341155853
Baseline-NN-MSE,v_y,0.0463920350971988
Baseline-NN-MSE,v_y,0.008632236056829334
Baseline-NN-MSE,v_y,0.008470912794183438
Baseline-NN-MSE,v_y,0.04500200389930614
Baseline-NN-MSE,v_y,0.004528856309792384
Baseline-NN-MSE,v_y,0.006139463303708181
Baseline-NN-MSE,v_y,0.028397875903702685
Baseline-NN-MSE,v_y,0.05618169119728331
Baseline-NN-MSE,v_y,0.08073888901217846
Baseline-NN-MSE,v_y,0.05327247331065871
Baseline-NN-MSE,v_y,0.025465534529645062
Baseline-NN-MSE,v_y,0.021603963295173
Baseline-NN-MSE,v_y,0.04534594220205701
Baseline-NN-MSE,v_y,0.017589387074803342
Baseline-NN-MSE,v_y,0.04130100773060391
Baseline-NN-MSE,v_y,0.017561677347277427
Baseline-NN-MSE,v_y,0.034139968274613075
Baseline-NN-MSE,v_y,0.02977603075096391
Baseline-NN-MSE,v_y,0.020285528196848257
Baseline-NN-MSE,v_y,0.027356116007503206
Baseline-NN-MSE,v_y,0.006282305089510554
Baseline-NN-MSE,v_y,0.02339956356483819
Baseline-NN-MSE,v_y,0.008276250658062367
Baseline-NN-MSE,v_y,0.02149075118858526
Baseline-NN-MSE,v_y,0.04042960380091609
Baseline-NN-MSE,v_y,0.07409166777026882
Baseline-NN-MSE,v_y,0.05531753330192901
Baseline-NN-MSE,v_y,0.06737802135457027
Baseline-NN-MSE,v_y,0.1125890008074174
Baseline-NN-MSE,v_y,0.11688592807061338
Baseline-NN-MSE,v_y,0.025056049488863086
Baseline-NN-MSE,v_y,0.02446974489160636
Baseline-NN-MSE,v_y,0.11561499950107457
Baseline-NN-MSE,v_y,0.14707193003169422
Baseline-NN-MSE,v_y,0.10050392982763845
Baseline-NN-MSE,v_y,0.07517330898145475
Baseline-NN-MSE,v_y,0.05821081492052471
Baseline-NN-MSE,v_y,0.022184854796959752
Baseline-NN-MSE,v_y,0.010846250169628147
Baseline-NN-MSE,v_y,0.016982369560740396
Baseline-NN-MSE,v_y,0.009386935075527014
Baseline-NN-MSE,v_y,0.01510357788700123
Baseline-NN-MSE,v_y,0.005300059649286704
Baseline-NN-MSE,v_y,0.012113535293313438
Baseline-NN-MSE,v_y,0.012163016148229427
Baseline-NN-MSE,v_y,0.013108886114744644
Baseline-NN-MSE,v_y,0.010929417200443353
Baseline-NN-MSE,v_y,0.0076205853779464094
Baseline-NN-MSE,v_y,7.625001376426743e-05
Baseline-NN-MSE,v_y,0.021307425911312655
Baseline-NN-MSE,v_y,0.006767462748147823
Baseline-NN-MSE,v_y,0.005036084602374646
Baseline-NN-MSE,v_y,0.013315753850623946
Baseline-NN-MSE,v_y,0.023523349086611745
Baseline-NN-MSE,v_y,-0.0015745086591562596
Baseline-NN-MSE,v_y,-0.007023803117648941
Baseline-NN-MSE,v_y,-0.001146160178383815
Baseline-NN-MSE,v_y,0.0020872938268026164
Baseline-NN-MSE,v_y,0.019268360725546885
Baseline-NN-MSE,v_y,0.00720952562520244
Baseline-NN-MSE,v_y,-0.005568705358257597
Baseline-NN-MSE,v_y,-0.07036211414651689
Baseline-NN-MSE,v_y,-0.05367265063469895
Baseline-NN-MSE,v_y,-0.007914497422521927
Baseline-NN-MSE,v_y,-0.015224053347611455
Baseline-NN-MSE,v_y,-0.012319348095756077
Baseline-NN-MSE,v_y,-0.029215733768216026
Baseline-NN-MSE,v_y,-0.0098821850241132
Baseline-NN-MSE,v_y,-0.0098307313758879
Baseline-NN-MSE,v_y,-0.01381846553527976
Baseline-NN-MSE,v_y,-0.003570095192766222
Baseline-NN-MSE,v_y,-0.0118410007040375
Baseline-NN-MSE,v_y,-0.010398725511920733
Baseline-NN-MSE,v_y,-0.027933915131558157
Baseline-NN-MSE,v_y,-0.035615960255223456
Baseline-NN-MSE,v_y,-0.021730201729428716
Baseline-NN-MSE,v_y,-0.028425634038768965
Baseline-NN-MSE,v_y,-0.02701514326945803
Baseline-NN-MSE,v_y,-0.008962660024726843
Baseline-NN-MSE,v_y,-0.014128949991356166
Baseline-NN-MSE,v_y,-0.01928526575208034
Baseline-NN-MSE,v_y,-0.0021067467167481535
Baseline-NN-MSE,v_y,-0.018215860064957623
Baseline-NN-MSE,v_y,-0.006763981485737036
Baseline-NN-MSE,v_y,-0.015683195818466333
Baseline-NN-MSE,v_y,-0.006051139257167382
Baseline-NN-MSE,v_y,-0.005810944447843025
Baseline-NN-MSE,v_y,-0.014101192606561674
Baseline-NN-MSE,v_y,-0.009425636822651184
Baseline-NN-MSE,v_y,-0.016295694870934213
Baseline-NN-MSE,v_y,-0.016226048562279938
Baseline-NN-MSE,v_y,-0.001519317390279773
Baseline-NN-MSE,v_y,-0.018591337885914827
Baseline-NN-MSE,v_y,-0.009497628149505638
Baseline-NN-MSE,v_y,-0.010383853897404205
Baseline-NN-MSE,v_y,-0.0032895003673713286
Baseline-NN-MSE,v_y,-0.004463739031735969
Baseline-NN-MSE,v_y,-0.007781856429302569
Baseline-NN-MSE,v_y,-0.0029553885619810483
Baseline-NN-MSE,v_y,-0.0007873302360658085
Baseline-NN-MSE,v_y,-0.005336172636449726
Baseline-NN-MSE,v_y,-0.0020484117774726696
Baseline-NN-MSE,v_y,-0.005757136066039115
Baseline-NN-MSE,v_y,-0.0048315258270153205
Baseline-NN-MSE,v_y,-0.008613797102399179
Baseline-NN-MSE,v_y,-0.0007794605047877629
Baseline-NN-MSE,v_y,-0.0009962936836704211
Baseline-NN-MSE,v_y,-0.003942333167078704
Baseline-NN-MSE,v_y,-0.0026956592799031454
Baseline-NN-MSE,v_y,-0.0023581771443648425
Baseline-NN-MSE,v_y,-0.010195534397105882
Baseline-NN-MSE,v_y,-0.001780113706681928
Baseline-NN-MSE,v_y,-0.004030811261915224
Baseline-NN-MSE,v_y,-0.002441806941644877
Baseline-NN-MSE,v_y,-0.011429854668191446
Baseline-NN-MSE,v_y,-0.01150018826097793
Baseline-NN-MSE,v_y,-0.007740916062566421
Baseline-NN-MSE,v_y,-0.0029179306469966234
Baseline-NN-MSE,v_y,-0.008984864084816323
Baseline-NN-MSE,v_y,-0.005114303960831259
Baseline-NN-MSE,v_y,-0.003273756549382934
Baseline-NN-MSE,v_y,-0.006396018966301732
Baseline-NN-MSE,v_y,-0.006054445111293586
Baseline-NN-MSE,v_y,-0.0029963865423768
Baseline-NN-MSE,v_y,-0.0002492966577273374
Baseline-NN-MSE,v_y,0.00046582021635882195
Baseline-NN-MSE,v_y,-0.001839421907159744
Baseline-NN-MSE,v_y,-0.0023940878881237304
Baseline-NN-MSE,v_y,-0.004070411317866597
Baseline-NN-MSE,v_y,-0.0016888708831362814
Baseline-NN-MSE,v_y,-0.017837934432150544
Baseline-NN-MSE,v_y,-0.009612766347560475
Baseline-NN-MSE,v_y,-0.00479672559491982
Baseline-NN-MSE,v_y,-0.005667773037713566
Baseline-NN-MSE,v_y,-0.0048340740759762225
Baseline-NN-MSE,v_y,-0.009796422824567294
Baseline-NN-MSE,v_y,-0.002894818199425466
Baseline-NN-MSE,v_y,-0.002142718636708203
Baseline-NN-MSE,v_y,-0.004759254731708485
Baseline-NN-MSE,v_y,-0.002452258094535386
Baseline-NN-MSE,v_y,-0.005067795544469896
Baseline-NN-MSE,v_y,-0.0027461751600145984
Baseline-NN-MSE,v_y,-0.005374821541329501
Baseline-NN-MSE,v_y,-0.007926072750160615
Baseline-NN-MSE,v_y,-0.001972225729420128
Baseline-NN-MSE,v_y,-0.0030737670451749417
Baseline-NN-MSE,v_y,-0.0048323184019601435
Baseline-NN-MSE,v_y,-0.0027793690819774806
Baseline-NN-MSE,v_y,-0.0053662976396317025
Baseline-NN-MSE,v_y,-0.007478739262745683
Baseline-NN-MSE,v_y,-0.0024065226741506757
Baseline-NN-MSE,v_y,-0.0056984144731512774
Baseline-NN-MSE,v_y,-0.005726774188196486
Baseline-NN-MSE,v_y,-0.0068342269362537955
Baseline-NN-MSE,v_y,-0.013659909546687731
Baseline-NN-MSE,v_y,-0.013985031458007616
Baseline-NN-MSE,v_y,-0.006425509902506659
Baseline-NN-MSE,v_y,-0.005523468576865761
Baseline-NN-MSE,v_y,-0.00992903611243992
Baseline-NN-MSE,v_y,-0.011651402246864093
Baseline-NN-MSE,v_y,-0.04002004148753552
Baseline-NN-MSE,v_y,-0.037426779860605955
Baseline-NN-MSE,v_y,-0.05740924591398108
Baseline-NN-MSE,v_y,-0.05456300421899179
Baseline-NN-MSE,v_y,-0.06425528134798546
Baseline-NN-MSE,v_y,-0.031108385929638795
Baseline-NN-MSE,v_y,-0.1586565411674997
Baseline-NN-MSE,v_y,-0.030237416012137086
Baseline-NN-MSE,v_y,-0.034514803214922916
Baseline-NN-MSE,v_y,-0.18850532125988323
Baseline-NN-MSE,v_y,-0.041414762330749956
Baseline-NN-MSE,v_y,-0.1324598621450139
Baseline-NN-MSE,v_y,-0.1513217123011849
Baseline-NN-MSE,v_y,-0.1528682397033185
Baseline-NN-MSE,v_y,-0.08628762813958507
Baseline-NN-MSE,v_y,-0.22941493405999205
Baseline-NN-MSE,v_y,-0.15942526275295266
Baseline-NN-MSE,v_y,-0.08551712131741447
Baseline-NN-MSE,v_y,-0.07824387410967798
Baseline-NN-MSE,v_y,-0.17870301756975707
Baseline-NN-MSE,v_y,-0.1807592742956629
Baseline-NN-MSE,v_y,-0.20344599262005536
Baseline-NN-MSE,v_y,-0.20954075408954306
Baseline-NN-MSE,v_y,-0.08890764302645156
Baseline-NN-MSE,v_y,-0.17805465743147658
Baseline-NN-MSE,v_y,-0.09498826814671306
Baseline-NN-MSE,v_y,-0.15051537805538964
Baseline-NN-MSE,v_y,-0.06879260816532654
Baseline-NN-MSE,v_y,-0.13599796906522799
Baseline-NN-MSE,v_y,-0.2260682470342608
Baseline-NN-MSE,v_y,-0.23090864027450891
Baseline-NN-MSE,v_y,-0.11203432031010052
Baseline-NN-MSE,v_y,-0.08767212320584547
Baseline-NN-MSE,v_y,-0.03177408464152126
Baseline-NN-MSE,v_y,-0.11438446370067974
Baseline-NN-MSE,v_y,-0.031077157429569267
Baseline-NN-MSE,v_y,-0.01563342735727455
Baseline-NN-MSE,v_y,-0.05638689778923375
Baseline-NN-MSE,v_y,-0.013229314162532153
Baseline-NN-MSE,v_y,0.0011456656681745198
Baseline-NN-MSE,v_y,0.007394040575464181
Baseline-NN-MSE,v_y,0.011705944601419403
Baseline-NN-MSE,v_y,0.002632915978475793
Baseline-NN-MSE,v_y,0.03704244506417538
Baseline-NN-MSE,v_y,0.026739131255316042
Baseline-NN-MSE,v_y,0.007955740671296221
Baseline-NN-MSE,v_y,0.07018425472683916
Baseline-NN-MSE,v_y,0.03476372234312849
Baseline-NN-MSE,v_y,0.09988904125414887
Baseline-NN-MSE,v_y,0.06757578182410162
Baseline-NN-MSE,v_y,0.14349060218978582
Baseline-NN-MSE,v_y,0.028595972801667126
Baseline-NN-MSE,v_y,0.09264818537322732
Baseline-NN-MSE,v_y,0.036113019877757876
Baseline-NN-MSE,v_y,0.1014461209817453
Baseline-NN-MSE,v_y,0.17590684757953137
Baseline-NN-MSE,v_y,0.11666846418027725
Baseline-NN-MSE,v_y,0.25286837919524147
Baseline-NN-MSE,v_y,0.10988380688472808
Baseline-NN-MSE,v_y,0.2230578679035226
Baseline-NN-MSE,v_y,0.0902784408587911
Baseline-NN-MSE,v_y,0.17915740837601654
Baseline-NN-MSE,v_y,0.03482981121593964
Baseline-NN-MSE,v_y,0.041466770389767676
Baseline-NN-MSE,v_y,0.06650192794703196
Baseline-NN-MSE,v_y,0.03014127313712947
Baseline-NN-MSE,v_y,0.07270940228354789
Baseline-NN-MSE,v_y,0.024733608655431893
Baseline-NN-MSE,v_y,0.04198443272925673
Baseline-NN-MSE,v_y,0.029785341972993595
Baseline-NN-MSE,v_y,0.03499138602147324
Baseline-NN-MSE,v_y,0.029142688187403912
Baseline-NN-MSE,v_y,0.019361153346936166
Baseline-NN-MSE,v_y,0.03611491125671662
Baseline-NN-MSE,v_y,0.05323414767105031
Baseline-NN-MSE,v_y,0.019533687185998877
Baseline-NN-MSE,v_y,0.038168083718601364
Baseline-NN-MSE,v_y,0.03789412891382887
Baseline-NN-MSE,v_y,0.03713184126999419
Baseline-NN-MSE,v_y,0.04144499152490816
Baseline-NN-MSE,v_y,0.056192394250545286
Baseline-NN-MSE,v_y,0.016607817179798423
Baseline-NN-MSE,v_y,0.03192305008491783
Baseline-NN-MSE,v_y,0.04646901305633669
Baseline-NN-MSE,v_y,0.012062238955420052
Baseline-NN-MSE,v_y,0.0209634947424282
Baseline-NN-MSE,v_y,0.01965434581716405
Baseline-NN-MSE,v_y,0.011747459965290807
Baseline-NN-MSE,v_y,0.014098004933180336
Baseline-NN-MSE,v_y,0.0009877532265533395
Baseline-NN-MSE,v_y,0.009125498798247172
Baseline-NN-MSE,v_y,-0.0001227925711196065
Baseline-NN-MSE,v_y,0.007481808374965038
Baseline-NN-MSE,v_y,0.001956329803083301
Baseline-NN-MSE,v_y,-0.0008195836064927575
Baseline-NN-MSE,v_y,0.0025317268030703444
Baseline-NN-MSE,v_y,0.002357471133365957
Baseline-NN-MSE,v_y,0.006351174428377571
Baseline-NN-MSE,v_y,0.004087540313547633
Baseline-NN-MSE,v_y,0.004651367205160406
Baseline-NN-MSE,v_y,-0.0028061782122980605
Baseline-NN-MSE,v_y,0.008823803418112258
Baseline-NN-MSE,v_y,0.003833088024372072
Baseline-NN-MSE,v_y,0.00339751347260675
Baseline-NN-MSE,v_y,0.01926771610532768
Baseline-NN-MSE,v_y,0.02144233468101514
Baseline-NN-MSE,v_y,0.021405010577165984
Baseline-NN-MSE,v_y,0.02199278381719258
Baseline-NN-MSE,v_y,0.026228243245522115
Baseline-NN-MSE,v_y,0.010671572896823606
Baseline-NN-MSE,v_y,0.011405299485043069
Baseline-NN-MSE,v_y,0.03283423883265549
Baseline-NN-MSE,v_y,0.008884176740971278
Baseline-NN-MSE,v_y,0.018901532137084343
Baseline-NN-MSE,v_y,0.020795812435772276
Baseline-NN-MSE,v_y,0.015441194689443577
Baseline-NN-MSE,v_y,0.010666215930812961
Baseline-NN-MSE,v_y,0.025526798390334615
Baseline-NN-MSE,v_y,0.013077114919264693
Baseline-NN-MSE,v_y,0.029656118015610716
Baseline-NN-MSE,v_y,0.03848441681971365
Baseline-NN-MSE,v_y,0.029314115580771044
Baseline-NN-MSE,v_y,0.030181635291592068
Baseline-NN-MSE,v_y,0.029975366381538526
Baseline-NN-MSE,v_y,0.03560935000319637
Baseline-NN-MSE,v_y,0.044263386762401435
Baseline-NN-MSE,v_y,0.06028540437811747
Baseline-NN-MSE,v_y,0.04606137150533962
Baseline-NN-MSE,v_y,0.03879005207868813
Baseline-NN-MSE,v_y,0.04945905737745199
Baseline-NN-MSE,v_y,0.046996128136116755
Baseline-NN-MSE,v_y,0.025183199041576843
Baseline-NN-MSE,v_y,0.06036405734258571
Baseline-NN-MSE,v_y,0.057609569562132756
Baseline-NN-MSE,v_y,0.08528123402877807
Baseline-NN-MSE,v_y,0.02798783906672203
Baseline-NN-MSE,v_y,0.09994407334559807
Baseline-NN-MSE,v_y,0.07169182721915973
Baseline-NN-MSE,v_y,0.034136489878641596
Baseline-NN-MSE,v_y,0.11245441009972518
Baseline-NN-MSE,v_y,0.029072937280951727
Baseline-NN-MSE,v_y,0.06086515902228373
Baseline-NN-MSE,v_y,0.03824279583321344
Baseline-NN-MSE,v_y,0.04817740640757873
Baseline-NN-MSE,v_y,0.02462022588342133
Baseline-NN-MSE,v_y,0.007975797474222779
Baseline-NN-MSE,v_y,0.016429274818086703
Baseline-NN-MSE,v_y,0.0062707314153225835
Baseline-NN-MSE,v_y,0.019186402125430047
Baseline-NN-MSE,v_y,0.005872571178291652
Baseline-NN-MSE,v_y,0.006996095853664647
Baseline-NN-MSE,v_y,0.0422916457462352
Baseline-NN-MSE,v_y,0.02441514347668458
Baseline-NN-MSE,v_y,0.0004994901819437014
Baseline-NN-MSE,v_y,-0.0054019875088365255
Baseline-NN-MSE,v_y,0.001061225511335584
Baseline-NN-MSE,v_y,-0.0006451590037352406
Baseline-NN-MSE,v_y,-0.013574879497705639
Baseline-NN-MSE,v_y,-0.0076025870313344845
Baseline-NN-MSE,v_y,-0.0073646880605511
Baseline-NN-MSE,v_y,-0.03118662254330834
Baseline-NN-MSE,v_y,-0.010180063240097376
Baseline-NN-MSE,v_y,-0.006851602459246171
Baseline-NN-MSE,v_y,-0.0047818479975007405
Baseline-NN-MSE,v_y,-0.00351946604873056
Baseline-NN-MSE,v_y,-0.006262198506882151
Baseline-NN-MSE,v_y,0.03387506407371846
Baseline-NN-MSE,v_y,-0.0039740377790197165
Baseline-NN-MSE,v_y,-0.0056435727327725435
Baseline-NN-MSE,v_y,-0.005563976074250361
Baseline-NN-MSE,v_y,-0.0016291391761495688
Baseline-NN-MSE,v_y,-0.006647748405100769
Baseline-NN-MSE,v_y,-0.007043008213603097
Baseline-NN-MSE,v_y,-0.004553674820301366
Baseline-NN-MSE,v_y,-0.004509286364231044
Baseline-NN-MSE,v_y,-0.005220166909445711
Baseline-NN-MSE,v_y,-0.0022059089011057425
Baseline-NN-MSE,v_y,-0.00813568286115385
Baseline-NN-MSE,v_y,-0.005544264328386203
Baseline-NN-MSE,v_y,-0.011417764704257677
Baseline-NN-MSE,v_y,-0.0076633826309195465
Baseline-NN-MSE,v_y,-0.004211625181614883
Baseline-NN-MSE,v_y,-0.0011300015724825738
Baseline-NN-MSE,v_y,-0.001737032201909773
Baseline-NN-MSE,v_y,-0.0016702568186669556
Baseline-NN-MSE,v_y,-0.005437643810979435
Baseline-NN-MSE,v_y,-0.0019492198458433627
Baseline-NN-MSE,v_y,-0.006028606632841143
Baseline-NN-MSE,v_y,-0.002100465167540113
Baseline-NN-MSE,v_y,-0.005343635372713719
Baseline-NN-MSE,v_y,-0.005157784460813498
Baseline-NN-MSE,v_y,-0.0070784144889797646
Baseline-NN-MSE,v_y,-0.0013472457878219869
Baseline-NN-MSE,v_y,-0.002746882195504606
Baseline-NN-MSE,v_y,-0.005160790611557635
Baseline-NN-MSE,v_y,-0.001888654826746469
Baseline-NN-MSE,v_y,-0.0037809215258783006
Baseline-NN-MSE,v_y,-0.006141568034594693
Baseline-NN-MSE,v_y,-0.00713932450286687
Baseline-NN-MSE,v_y,-0.005851841690321583
Baseline-NN-MSE,v_y,-0.006338028206549924
Baseline-NN-MSE,v_y,-0.002074486069476876
Baseline-NN-MSE,v_y,-0.0015292099691642108
Baseline-NN-MSE,v_y,-0.003959060065825432
Baseline-NN-MSE,v_y,-0.010500691319429203
Baseline-NN-MSE,v_y,-0.0032163085842392483
Baseline-NN-MSE,v_y,-0.004036133932788389
Baseline-NN-MSE,v_y,-0.0026518884551187116
Baseline-NN-MSE,v_y,-0.005576515308529215
Baseline-NN-MSE,v_y,-0.003414778229466474
Baseline-NN-MSE,v_y,-0.005575029982051296
Baseline-NN-MSE,v_y,-0.0035807674612427075
Baseline-NN-MSE,v_y,-0.0018238328124547398
Baseline-NN-MSE,v_y,-0.003468490642027554
Baseline-NN-MSE,v_y,-0.0021599510597109777
Baseline-NN-MSE,v_y,-0.0068624264455516525
Baseline-NN-MSE,v_y,-0.00198675521801989
Baseline-NN-MSE,v_y,-0.004674405024805029
Baseline-NN-MSE,v_y,-0.0070803897685463475
Baseline-NN-MSE,v_y,-0.002520005575085322
Baseline-NN-MSE,v_y,-0.0046596927208575195
Baseline-NN-MSE,v_y,-0.005849722410972345
Baseline-NN-MSE,v_y,-0.011804470419692426
Baseline-NN-MSE,v_y,-0.00392923634060921
Baseline-NN-MSE,v_y,-0.002131769601125849
Baseline-NN-MSE,v_y,-0.002887487814881129
Baseline-NN-MSE,v_y,-0.0012964883534627748
Baseline-NN-MSE,v_y,-0.005961297805398811
Baseline-NN-MSE,v_y,-0.01466193000407542
Baseline-NN-MSE,v_y,-0.01977014681832686
Baseline-NN-MSE,v_y,0.06358803641456022
Baseline-NN-MSE,v_y,-0.11240475372144831
Baseline-NN-MSE,v_y,-0.019512265618674834
Baseline-NN-MSE,v_y,0.006949526678132756
Baseline-NN-MSE,v_y,0.04245283179579876
Baseline-NN-MSE,v_y,-0.000354679118168319
Baseline-NN-MSE,v_y,-0.00030464984716323945
Baseline-NN-MSE,v_y,-0.0034549129633210836
Baseline-NN-MSE,v_y,-0.002171785163832587
Baseline-NN-MSE,v_y,-0.0011533375811978346
Baseline-NN-MSE,v_y,-0.00033469734800287664
Baseline-NN-MSE,v_y,-0.0005110053526966168
Baseline-NN-MSE,v_y,-0.003695810744943479
Baseline-NN-MSE,v_y,-0.0004212059777734256
Baseline-NN-MSE,v_y,0.0006948684971340982
Baseline-NN-MSE,v_y,0.0004181364538004351
Baseline-NN-MSE,v_y,0.0021931687388265517
Baseline-NN-MSE,v_y,0.0045540550631706315
Baseline-NN-MSE,v_y,0.007149213958198814
Baseline-NN-MSE,v_y,0.00368240554096543
Baseline-NN-MSE,v_y,0.0031331621200417943
Baseline-NN-MSE,v_y,0.0033781518930769104
Baseline-NN-MSE,v_y,0.006304375177630758
Baseline-NN-MSE,v_y,0.0021555705891201614
Baseline-NN-MSE,v_y,0.004813942553659037
Baseline-NN-MSE,v_y,0.004851449182010324
Baseline-NN-MSE,v_y,0.004970747899931089
Baseline-NN-MSE,v_y,0.004352375500022765
Baseline-NN-MSE,v_y,0.0023293345513309104
Baseline-NN-MSE,v_y,0.0017686640753840372
Baseline-NN-MSE,v_y,0.0013306707428370453
Baseline-NN-MSE,v_y,0.0015557175300542864
Baseline-NN-MSE,v_y,0.001315919682866114
Baseline-NN-MSE,v_y,0.0003318620821347205
Baseline-NN-MSE,v_y,0.007303498947099097
Baseline-NN-MSE,v_y,0.023898533835572958
Baseline-NN-MSE,v_y,0.022402658933376618
Baseline-NN-MSE,v_y,0.014491657640706354
Baseline-NN-MSE,v_y,0.004309055607518791
Baseline-NN-MSE,v_y,0.0034943673463271735
Baseline-NN-MSE,v_y,0.017569194449929118
Baseline-NN-MSE,v_y,0.004699224894951143
Baseline-NN-MSE,v_y,0.0024302026683961087
Baseline-NN-MSE,v_y,0.016746141894467326
Baseline-NN-MSE,v_y,0.005338167398625054
Baseline-NN-MSE,v_y,0.00670908194097003
Baseline-NN-MSE,v_y,0.014923612117961449
Baseline-NN-MSE,v_y,0.005889072168854148
Baseline-NN-MSE,v_y,0.016688495299448936
Baseline-NN-MSE,v_y,0.02205009426487342
Baseline-NN-MSE,v_y,0.035929265620762985
Baseline-NN-MSE,v_y,0.011503279862235039
Baseline-NN-MSE,v_y,0.011588930490840088
Baseline-NN-MSE,v_y,0.033555066904338016
Baseline-NN-MSE,v_y,0.03169154050777545
Baseline-NN-MSE,v_y,0.04030021970739256
Baseline-NN-MSE,v_y,0.012431821328076798
Baseline-NN-MSE,v_y,0.046903783424441015
Baseline-NN-MSE,v_y,0.049723894269724844
Baseline-NN-MSE,v_y,0.025497365501488123
Baseline-NN-MSE,v_y,0.053895210524019244
Baseline-NN-MSE,v_y,0.020921913121979663
Baseline-NN-MSE,v_y,0.043125484961471894
Baseline-NN-MSE,v_y,0.013875481768807818
Baseline-NN-MSE,v_y,0.01946097657960988
Baseline-NN-MSE,v_y,0.02861270702570551
Baseline-NN-MSE,v_y,0.01932270559917243
Baseline-NN-MSE,v_y,0.025984225398089145
Baseline-NN-MSE,v_y,0.007320255075588034
Baseline-NN-MSE,v_y,0.0060057560360698425
Baseline-NN-MSE,v_y,0.009634551808783698
Baseline-NN-MSE,v_y,0.003874553069152409
Baseline-NN-MSE,v_y,0.008448292892779208
Baseline-NN-MSE,v_y,0.006694667359804174
Baseline-NN-MSE,v_y,0.003579616785889861
Baseline-NN-MSE,v_y,-0.0007316303046593919
Baseline-NN-MSE,v_y,0.005985741159645841
Baseline-NN-MSE,v_y,0.001230252724142733
Baseline-NN-MSE,v_y,-0.002785391464486031
Baseline-NN-MSE,v_y,-0.006310360485253019
Baseline-NN-MSE,v_y,0.0011435910900220447
Baseline-NN-MSE,v_y,-0.0072043138135756135
Baseline-NN-MSE,v_y,-0.0036939127301094943
Baseline-NN-MSE,v_y,-0.0007085473369810025
Baseline-NN-MSE,v_y,-0.004058569060992057
Baseline-NN-MSE,v_y,-0.014166655873510126
Baseline-NN-MSE,v_y,-0.008375678445027956
Baseline-NN-MSE,v_y,-0.003440288902241989
Baseline-NN-MSE,v_y,-0.019976845493105855
Baseline-NN-MSE,v_y,-0.005876070088566443
Baseline-NN-MSE,v_y,-0.006668112007716637
Baseline-NN-MSE,v_y,-0.024840373704131474
Baseline-NN-MSE,v_y,-0.03844826305543807
Baseline-NN-MSE,v_y,-0.0068029603415946105
Baseline-NN-MSE,v_y,-0.009799852585061823
Baseline-NN-MSE,v_y,-0.006494466881301723
Baseline-NN-MSE,v_y,-0.01056913419459168
Baseline-NN-MSE,v_y,-0.005713249280701049
Baseline-NN-MSE,v_y,-0.005732824725928204
Baseline-NN-MSE,v_y,-0.0025431898777358852
Baseline-NN-MSE,v_y,-0.016776330927156288
Baseline-NN-MSE,v_y,-0.0026324153994072563
Baseline-NN-MSE,v_y,-0.002853124019990244
Baseline-NN-MSE,v_y,-0.0009139747363141881
Baseline-NN-MSE,v_y,-0.006649618244288974
Baseline-NN-MSE,v_y,-0.0027323483012813843
Baseline-NN-MSE,v_y,-0.0014016148441192144
Baseline-NN-MSE,v_y,-0.014342757978861254
Baseline-NN-MSE,v_y,-0.0028804037665691173
Baseline-NN-MSE,v_y,-0.013252597625956486
Baseline-NN-MSE,v_y,0.003296653103247227
Baseline-NN-MSE,v_y,0.005618312128195857
Baseline-NN-MSE,v_y,0.009459375818682725
Baseline-NN-MSE,v_y,-0.003310049795385961
Baseline-NN-MSE,v_y,-0.006429007490215466
Baseline-NN-MSE,v_y,-0.017469522862467057
Baseline-NN-MSE,v_y,-0.005003380998759854
Baseline-NN-MSE,v_y,-0.03273070952837853
Baseline-NN-MSE,v_y,-0.013983782456757465
Baseline-NN-MSE,v_y,-0.020019776248148657
Baseline-NN-MSE,v_y,-0.030891477150969404
Baseline-NN-MSE,v_y,-0.033138935064386366
Baseline-NN-MSE,v_y,-0.025749951118451686
Baseline-NN-MSE,v_y,-0.00974886002862907
Baseline-NN-MSE,v_y,-0.02634893248747705
Baseline-NN-MSE,v_y,-0.027838951706830817
Baseline-NN-MSE,v_y,-0.007853357105694014
Baseline-NN-MSE,v_y,-0.02445742964700437
Baseline-NN-MSE,v_y,-0.019281267213290265
Baseline-NN-MSE,v_y,-0.004488732383226002
Baseline-NN-MSE,v_y,-0.017190956180141104
Baseline-NN-MSE,v_y,-0.009287639988547758
Baseline-NN-MSE,v_y,0.0017764041105416961
Baseline-NN-MSE,v_y,-0.008949516310532646
Baseline-NN-MSE,v_y,-0.0045867926174908424
Baseline-NN-MSE,v_y,-0.0037592002573524352
Baseline-NN-MSE,v_y,-0.0009450471543444028
Baseline-NN-MSE,v_y,-0.0038501180698813364
Baseline-NN-MSE,v_y,0.00069961456278822
Baseline-NN-MSE,v_y,0.014346273544052823
Baseline-NN-MSE,v_y,0.024916965508383238
Baseline-NN-MSE,v_y,0.006482357551641615
Baseline-NN-MSE,v_y,0.008029339078018616
Baseline-NN-MSE,v_y,0.012078949438928344
Baseline-NN-MSE,v_y,0.005507716765983994
Baseline-NN-MSE,v_y,0.015146219140666994
Baseline-NN-MSE,v_y,0.009550802745332432
Baseline-NN-MSE,v_y,0.007819847991466788
Baseline-NN-MSE,v_y,0.022113091003323926
Baseline-NN-MSE,v_y,0.009683816047213245
Baseline-NN-MSE,v_y,0.02065101734404845
Baseline-NN-MSE,v_y,0.01794972229489028
Baseline-NN-MSE,v_y,0.027413070537008116
Baseline-NN-MSE,v_y,0.012564072672464038
Baseline-NN-MSE,v_y,0.017889930971957124
Baseline-NN-MSE,v_y,0.00601474973320712
Baseline-NN-MSE,v_y,0.009693849672033336
Baseline-NN-MSE,v_y,0.0036588053215519944
Baseline-NN-MSE,v_y,0.00852067127606948
Baseline-NN-MSE,v_y,0.007133753203419316
Baseline-NN-MSE,v_y,0.0026693651116043646
Baseline-NN-MSE,v_y,0.004995684023330678
Baseline-NN-MSE,v_y,0.005161662915384717
Baseline-NN-MSE,v_y,0.0032566758546207566
Baseline-NN-MSE,v_y,0.0008462996122110683
Baseline-NN-MSE,v_y,0.0008963403736658437
Baseline-NN-MSE,v_y,0.0006988152013296875
Baseline-NN-MSE,v_y,-0.0003810945099869782
Baseline-NN-MSE,v_y,-0.0018447289120945703
Baseline-NN-MSE,v_y,-0.002928301174748474
Baseline-NN-MSE,v_y,-0.009696161040819008
Baseline-NN-MSE,v_y,-0.013223064030756631
Baseline-NN-MSE,v_y,-0.014062515593414763
Baseline-NN-MSE,v_y,-0.015145305280801599
Baseline-NN-MSE,v_y,-0.004104500213923843
Baseline-NN-MSE,v_y,-0.0060086481282040005
Baseline-NN-MSE,v_y,-0.022483171740781113
Baseline-NN-MSE,v_y,-0.0053562779673844265
Baseline-NN-MSE,v_y,-0.014850568282792243
Baseline-NN-MSE,v_y,-0.00845409993018958
Baseline-NN-MSE,v_y,-0.02846103416883029
Baseline-NN-MSE,v_y,-0.01544819631387239
Baseline-NN-MSE,v_y,-0.007805853473257485
Baseline-NN-MSE,v_y,-0.015448589253966125
Baseline-NN-MSE,v_y,-0.00666421605761925
Baseline-NN-MSE,v_y,-0.003143261666299829
Baseline-NN-MSE,v_y,-0.012106343983689052
Baseline-NN-MSE,v_y,-0.0015059376934402954
Baseline-NN-MSE,v_y,0.0032934747405756783
Baseline-NN-MSE,v_y,0.00401109478230597
Baseline-NN-MSE,v_y,0.015297843136325671
Baseline-NN-MSE,v_y,0.011174471110764382
Baseline-NN-MSE,v_y,0.013837996184014448
Baseline-NN-MSE,v_y,0.002162977474098854
Baseline-NN-MSE,v_y,0.024135338341992704
Baseline-NN-MSE,v_y,0.00916341675691354
Baseline-NN-MSE,v_y,0.03255160076691922
Baseline-NN-MSE,v_y,0.011886385122746632
Baseline-NN-MSE,v_y,0.03917709538710327
Baseline-NN-MSE,v_y,0.07821980055759487
Baseline-NN-MSE,v_y,0.05794203171560953
Baseline-NN-MSE,v_y,0.07028953417604064
Baseline-NN-MSE,v_y,0.039510388529832186
Baseline-NN-MSE,v_y,0.0727401343506782
Baseline-NN-MSE,v_y,0.03307616628659366
Baseline-NN-MSE,v_y,0.03218876147356467
Baseline-NN-MSE,v_y,0.026170725074066516
Baseline-NN-MSE,v_y,0.029402883571297493
Baseline-NN-MSE,v_y,0.0571371745672258
Baseline-NN-MSE,v_y,0.028034304733751396
Baseline-NN-MSE,v_y,0.05287929535302708
Baseline-NN-MSE,v_y,0.028006419616983465
Baseline-NN-MSE,v_y,0.02648783963907921
Baseline-NN-MSE,v_y,0.09510556602695086
Baseline-NN-MSE,v_y,0.11635700649156278
Baseline-NN-MSE,v_y,0.10705461957438106
Baseline-NN-MSE,v_y,0.06712308352704853
Baseline-NN-MSE,v_y,0.03658555311818326
Baseline-NN-MSE,v_y,0.10417780951104372
Baseline-NN-MSE,v_y,0.07465970188109869
Baseline-NN-MSE,v_y,0.04217455812923638
Baseline-NN-MSE,v_y,0.12430052164961278
Baseline-NN-MSE,v_y,0.08958188347134283
Baseline-NN-MSE,v_y,0.09911874582739684
Baseline-NN-MSE,v_y,0.10452390044448127
Baseline-NN-MSE,v_y,0.1381390341785142
Baseline-NN-MSE,v_y,0.046647866838952154
Baseline-NN-MSE,v_y,0.09146663148293327
Baseline-NN-MSE,v_y,0.042994525785456386
Baseline-NN-MSE,v_y,0.08261654159506741
Baseline-NN-MSE,v_y,0.03682062867340981
Baseline-NN-MSE,v_y,0.07913362685623235
Baseline-NN-MSE,v_y,0.06087480842690859
Baseline-NN-MSE,v_y,0.0490283969663053
Baseline-NN-MSE,v_y,0.05046941395211961
Baseline-NN-MSE,v_y,0.020891140070809916
Baseline-NN-MSE,v_y,0.04001424641957754
Baseline-NN-MSE,v_y,0.013746856608883307
Baseline-NN-MSE,v_y,0.008530591594002365
Baseline-NN-MSE,v_y,0.03161613528468482
Baseline-NN-MSE,v_y,0.004316702363426322
Baseline-NN-MSE,v_y,0.024280782146724564
Baseline-NN-MSE,v_y,0.016310306858161164
Baseline-NN-MSE,v_y,0.02331127396227578
Baseline-NN-MSE,v_y,0.0087504059238111
Baseline-NN-MSE,v_y,-0.00588064652138981
Baseline-NN-MSE,v_y,0.0013220339683930327
Baseline-NN-MSE,v_y,-0.006471176129661346
Baseline-NN-MSE,v_y,-0.0009963792912178332
Baseline-NN-MSE,v_y,0.0008349361329119676
Baseline-NN-MSE,v_y,0.007295198446161399
Baseline-NN-MSE,v_y,0.0064548538537376465
Baseline-NN-MSE,v_y,0.007554056496650478
Baseline-NN-MSE,v_y,0.011743357280124978
Baseline-NN-MSE,v_y,0.01738324432374451
Baseline-NN-MSE,v_y,0.006292050169196371
Baseline-NN-MSE,v_y,0.010816359589189865
Baseline-NN-MSE,v_y,0.016662998370255207
Baseline-NN-MSE,v_y,0.012374225487939712
Baseline-NN-MSE,v_y,0.01122230141930808
Baseline-NN-MSE,v_y,0.006630270066035827
Baseline-NN-MSE,v_y,0.0077976409090592565
Baseline-NN-MSE,v_y,0.0074183797653741175
Baseline-NN-MSE,v_y,0.007315379141468126
Baseline-NN-MSE,v_y,0.004094297041847661
Baseline-NN-MSE,v_y,0.006815883469878334
Baseline-NN-MSE,v_y,0.00974755779059282
Baseline-NN-MSE,v_y,0.002861721862349377
Baseline-NN-MSE,v_y,0.0056165241898156765
Baseline-NN-MSE,v_y,0.004166853403912846
Baseline-NN-MSE,v_y,0.006961009278500864
Baseline-NN-MSE,v_y,0.00578165379578641
Baseline-NN-MSE,v_y,0.0017613280971886386
Baseline-NN-MSE,v_y,-0.001626854829312508
Baseline-NN-MSE,v_y,2.7784158116380547e-05
Baseline-NN-MSE,v_y,-0.001852002980418009
Baseline-NN-MSE,v_y,-0.0003356727368247596
Baseline-NN-MSE,v_y,-0.0003083739015751555
Baseline-NN-MSE,v_y,-0.010742687630054079
Baseline-NN-MSE,v_y,-0.021150221650463992
Baseline-NN-MSE,v_y,-0.006763740776331517
Baseline-NN-MSE,v_y,-0.014561940895041946
Baseline-NN-MSE,v_y,-0.009930246907704311
Baseline-NN-MSE,v_y,-0.0072183124480495915
Baseline-NN-MSE,v_y,-0.011083509076018037
Baseline-NN-MSE,v_y,-0.0367507465468521
Baseline-NN-MSE,v_y,-0.01068392675103693
Baseline-NN-MSE,v_y,-0.020528061019413485
Baseline-NN-MSE,v_y,-0.04462175915510958
Baseline-NN-MSE,v_y,-0.07926709851172183
Baseline-NN-MSE,v_y,-0.09546658775560551
Baseline-NN-MSE,v_y,-0.10380735579739335
Baseline-NN-MSE,v_y,-0.02110263608892859
Baseline-NN-MSE,v_y,-0.023845386140529758
Baseline-NN-MSE,v_y,-0.1231308726326879
Baseline-NN-MSE,v_y,-0.027092887617398195
Baseline-NN-MSE,v_y,-0.030202833868646167
Baseline-NN-MSE,v_y,-0.1414384204183361
Baseline-NN-MSE,v_y,-0.19357653352373588
Baseline-NN-MSE,v_y,-0.26552802771971695
Baseline-NN-MSE,v_y,-0.17207586617794032
Baseline-NN-MSE,v_y,-0.07544648865633342
Baseline-NN-MSE,v_y,-0.07782047406513296
Baseline-NN-MSE,v_y,-0.08042312902634344
Baseline-NN-MSE,v_y,-0.1322713621800595
Baseline-NN-MSE,v_y,-0.09495210157895037
Baseline-NN-MSE,v_y,-0.09899822540991943
Baseline-NN-MSE,v_y,-0.10059806111437508
Baseline-NN-MSE,v_y,-0.09623102680943413
Baseline-NN-MSE,v_y,-0.10067185148037003
Baseline-NN-MSE,v_y,-0.15854938100661464
Baseline-NN-MSE,v_y,-0.11005944118685343
Baseline-NN-MSE,v_y,-0.05592944352580956
Baseline-NN-MSE,v_y,-0.10437050286197713
Baseline-NN-MSE,v_y,-0.05097109908546711
Baseline-NN-MSE,v_y,-0.09259633667979231
Baseline-NN-MSE,v_y,-0.08812449061742827
Baseline-NN-MSE,v_y,-0.08608708851286029
Baseline-NN-MSE,v_y,-0.04189517159980649
Baseline-NN-MSE,v_y,-0.14800519764851386
Baseline-NN-MSE,v_y,-0.03419899415558161
Baseline-NN-MSE,v_y,-0.03552753823236863
Baseline-NN-MSE,v_y,-0.08896991500228894
Baseline-NN-MSE,v_y,-0.022683204514030844
Baseline-NN-MSE,v_y,-0.05091617564159156
Baseline-NN-MSE,v_y,-0.037109035026481704
Baseline-NN-MSE,v_y,-0.030513891464420947
Baseline-NN-MSE,v_y,-0.011769994932707382
Baseline-NN-MSE,v_y,-0.02210046688976057
Baseline-NN-MSE,v_y,-0.006931261887327712
Baseline-NN-MSE,v_y,-0.012497522217801524
Baseline-NN-MSE,v_y,-0.005886477903042045
Baseline-NN-MSE,v_y,-0.008637093417320989
Baseline-NN-MSE,v_y,0.0059455086409322955
Baseline-NN-MSE,v_y,0.01146149297547605
Baseline-NN-MSE,v_y,0.040550294182179314
Baseline-NN-MSE,v_y,0.02116769673672861
Baseline-NN-MSE,v_y,0.008051634836937993
Baseline-NN-MSE,v_y,0.019311082410477548
Baseline-NN-MSE,v_y,0.009597629622939322
Baseline-NN-MSE,v_y,0.017405989875065225
Baseline-NN-MSE,v_y,0.042678158884518015
Baseline-NN-MSE,v_y,0.02183083257286253
Baseline-NN-MSE,v_y,0.018847248834932454
Baseline-NN-MSE,v_y,0.014048473488408276
Baseline-NN-MSE,v_y,0.014223436008006973
Baseline-NN-MSE,v_y,0.011438011685288473
Baseline-NN-MSE,v_y,0.0034123200790990016
Baseline-NN-MSE,v_y,0.015092354308442881
Baseline-NN-MSE,v_y,0.004253066776576748
Baseline-NN-MSE,v_y,0.005817722869603838
Baseline-NN-MSE,v_y,0.005706002131397544
Baseline-NN-MSE,v_y,0.004588544935793755
Baseline-NN-MSE,v_y,0.004614002929381765
Baseline-NN-MSE,v_y,0.005427397150457404
Baseline-NN-MSE,v_y,0.0063277348640545725
Baseline-NN-MSE,v_y,0.007777502206274697
Baseline-NN-MSE,v_y,0.010073782973101936
Baseline-NN-MSE,v_y,0.01526210896375918
Baseline-NN-MSE,v_y,0.01021340002154135
Baseline-NN-MSE,v_y,0.003940712145436245
Baseline-NN-MSE,v_y,0.01249443039254644
Baseline-NN-MSE,v_y,0.00845536679980416
Baseline-NN-MSE,v_y,0.010281396619546579
Baseline-NN-MSE,v_y,0.0068244893280723085
Baseline-NN-MSE,v_y,0.026481679144983034
Baseline-NN-MSE,v_y,0.030636135956860683
Baseline-NN-MSE,v_y,0.005846490115214237
Baseline-NN-MSE,v_y,0.0022299035317255855
Baseline-NN-MSE,v_y,0.008998101717546142
Baseline-NN-MSE,v_y,0.0024406121569032838
Baseline-NN-MSE,v_y,0.0014677647813547967
Baseline-NN-MSE,v_y,0.006602040761284081
Baseline-NN-MSE,v_y,0.002961568086188429
Baseline-NN-MSE,v_y,-6.302016537124144e-05
Baseline-NN-MSE,v_y,-0.0017958663877156444
Baseline-NN-MSE,v_y,-0.0022591460782414863
Baseline-NN-MSE,v_y,-0.002542108132245341
Baseline-NN-MSE,v_y,-0.0016700551361736315
Baseline-NN-MSE,v_y,-0.0017536511823016132
Baseline-NN-MSE,v_y,-0.00439745539044184
Baseline-NN-MSE,v_y,-0.008606201423020515
Baseline-NN-MSE,v_y,-0.01273259246807057
Baseline-NN-MSE,v_y,-0.012673485283279773
Baseline-NN-MSE,v_y,-0.020145030723242724
Baseline-NN-MSE,v_y,-0.003747483537747065
Baseline-NN-MSE,v_y,-0.008854890124206621
Baseline-NN-MSE,v_y,-0.01961831465005398
Baseline-NN-MSE,v_y,-0.036131845624967907
Baseline-NN-MSE,v_y,-0.024396842931294016
Baseline-NN-MSE,v_y,-0.06912370703246762
Baseline-NN-MSE,v_y,-0.07380456436281868
Baseline-NN-MSE,v_y,-0.04702939975362502
Baseline-NN-MSE,v_y,-0.08095612008386804
Baseline-NN-MSE,v_y,-0.05245828854919038
Baseline-NN-MSE,v_y,-0.027869054281099148
Baseline-NN-MSE,v_y,-0.07986135165017583
Baseline-NN-MSE,v_y,-0.02562457105112881
Baseline-NN-MSE,v_y,-0.05409858176752774
Baseline-NN-MSE,v_y,-0.015547067050041163
Baseline-NN-MSE,v_y,-0.0342632011182018
Baseline-NN-MSE,v_y,-0.022306266546245568
Baseline-NN-MSE,v_y,-0.006822715749767949
Baseline-NN-MSE,v_y,-0.006240336807644298
Baseline-NN-MSE,v_y,-0.009338205239353359
Baseline-NN-MSE,v_y,-0.0020009948900844843
Baseline-NN-MSE,v_y,0.003939797663849415
Baseline-NN-MSE,v_y,-0.0004387117586185374
Baseline-NN-MSE,v_y,-0.008227413239114079
Baseline-NN-MSE,v_y,0.020767140419949426
Baseline-NN-MSE,v_y,0.0021797009073888374
Baseline-NN-MSE,v_y,-0.0021558253654390958
Baseline-NN-MSE,v_y,0.0014689471428036005
Baseline-NN-MSE,v_y,0.005300517190845733
Baseline-NN-MSE,v_y,0.0026345851583096103
Baseline-NN-MSE,v_y,0.02392900398610326
Baseline-NN-MSE,v_y,0.00528431204776518
Baseline-NN-MSE,v_y,0.014812534870874833
Baseline-NN-MSE,v_y,0.008403868738008378
Baseline-NN-MSE,v_y,0.005605856202776758
Baseline-NN-MSE,v_y,0.0025605165540388414
Baseline-NN-MSE,v_y,0.004400984424109716
Baseline-NN-MSE,v_y,0.0032539660822742053
Baseline-NN-MSE,v_y,0.005864915972113388
Baseline-NN-MSE,v_y,0.0026792680133291974
Baseline-NN-MSE,v_y,0.007222206947787163
Baseline-NN-MSE,v_y,0.004979009080052166
Baseline-NN-MSE,v_y,0.006349281115842879
Baseline-NN-MSE,v_y,0.0057698405620046425
Baseline-NN-MSE,v_y,0.01236615205311441
Baseline-NN-MSE,v_y,0.003844584753312067
Baseline-NN-MSE,v_y,0.005467514089635
Baseline-NN-MSE,v_y,0.004232710451001517
Baseline-NN-MSE,v_y,0.005820318650321796
Baseline-NN-MSE,v_y,0.0056899935089541045
Baseline-NN-MSE,v_y,0.006496118532683497
Baseline-NN-MSE,v_y,0.006524719121692373
Baseline-NN-MSE,v_y,0.004883356412973971
Baseline-NN-MSE,v_y,0.005831960330154588
Baseline-NN-MSE,v_y,0.004854076928863176
Baseline-NN-MSE,v_y,0.008122736294188566
Baseline-NN-MSE,v_y,0.005247705162654732
Baseline-NN-MSE,v_y,0.0028183981078224035
Baseline-NN-MSE,v_y,0.007630325433261441
Baseline-NN-MSE,v_y,0.00450618602244113
Baseline-NN-MSE,v_y,0.004616797239038378
Baseline-NN-MSE,v_y,0.005402442965796722
Baseline-NN-MSE,v_y,0.0051072433754719105
Baseline-NN-MSE,v_y,0.007908757939774368
Baseline-NN-MSE,v_y,0.0024479776275630463
Baseline-NN-MSE,v_y,0.005158275263259499
Baseline-NN-MSE,v_y,0.007347539910961926
Baseline-NN-MSE,v_y,0.003000982075757032
Baseline-NN-MSE,v_y,0.004330403170380592
Baseline-NN-MSE,v_y,0.005325315084682779
Baseline-NN-MSE,v_y,0.007303119487361245
Baseline-NN-MSE,v_y,0.006595703383864029
Baseline-NN-MSE,v_y,0.006855916339662725
Baseline-NN-MSE,v_y,0.0026802946061630674
Baseline-NN-MSE,v_y,0.004578448639381918
Baseline-NN-MSE,v_y,0.011050658526606826
Baseline-NN-MSE,v_y,0.002164554333233225
Baseline-NN-MSE,v_y,0.00688257517968543
Baseline-NN-MSE,v_y,0.0037058681574837164
Baseline-NN-MSE,v_y,0.017565092368414848
Baseline-NN-MSE,v_y,0.012031669794135174
Baseline-NN-MSE,v_y,0.007728356023242413
Baseline-NN-MSE,v_y,0.0034705141753932182
Baseline-NN-MSE,v_y,0.012074882616042762
Baseline-NN-MSE,v_y,0.006858393048714301
Baseline-NN-MSE,v_y,0.007346860366669802
Baseline-NN-MSE,v_y,0.007651563328072004
Baseline-NN-MSE,v_y,0.007893472113320126
Baseline-NN-MSE,v_y,0.007034627060589542
Baseline-NN-MSE,v_y,0.006629603849956839
Baseline-NN-MSE,v_y,0.010374106778438905
Baseline-NN-MSE,v_y,0.007313576178295759
Baseline-NN-MSE,v_y,0.0075410391194385
Baseline-NN-MSE,v_y,0.0066356734363016145
Baseline-NN-MSE,v_y,0.003882120409374752
Baseline-NN-MSE,v_y,0.015186358721329958
Baseline-NN-MSE,v_y,0.0067954959960787945
Baseline-NN-MSE,v_y,0.006901216979209583
Baseline-NN-MSE,v_y,0.006704062287448104
Baseline-NN-MSE,v_y,0.0029467733629554224
Baseline-NN-MSE,v_y,0.009130290541050995
Baseline-NN-MSE,v_y,0.009083970547748269
Baseline-NN-MSE,v_y,0.0037133847868939477
Baseline-NN-MSE,v_y,0.00837479177118182
Baseline-NN-MSE,v_y,0.004395436566596241
Baseline-NN-MSE,v_y,0.008488897238859473
Baseline-NN-MSE,v_y,0.00783836516380821
Baseline-NN-MSE,v_y,0.006079309145472209
Baseline-NN-MSE,v_y,0.005197585512578193
Baseline-NN-MSE,v_y,0.0013446429766449594
Baseline-NN-MSE,v_y,0.001644184294652802
Baseline-NN-MSE,v_y,0.0012238436656608898
Baseline-NN-MSE,v_y,0.003115334563130366
Baseline-NN-MSE,v_y,0.000884577915459088
Baseline-NN-MSE,v_y,0.003067187247131002
Baseline-NN-MSE,v_y,0.005619099067709552
Baseline-NN-MSE,v_y,0.006379137759936851
Baseline-NN-MSE,v_y,0.007867464597308927
Baseline-NN-MSE,v_y,0.007501017252619365
Baseline-NN-MSE,v_y,0.00308340035152049
Baseline-NN-MSE,v_y,0.012084208816235186
Baseline-NN-MSE,v_y,0.001662411050641261
Baseline-NN-MSE,v_y,-0.00043181993006762356
Baseline-NN-MSE,v_y,0.0016309996455990978
Baseline-NN-MSE,v_y,0.0057764338691741815
Baseline-NN-MSE,v_y,0.0134831063084528
Baseline-NN-MSE,v_y,0.00383766371998389
Baseline-NN-MSE,v_y,0.00813025155053894
Baseline-NN-MSE,v_y,0.003985169897194066
Baseline-NN-MSE,v_y,0.003481486740558065
Baseline-NN-MSE,v_y,0.0018085614064859493
Baseline-NN-MSE,v_y,0.0012518425925963361
Baseline-NN-MSE,v_y,0.0021211002479175345
Baseline-NN-MSE,v_y,0.0012454834933444126
Baseline-NN-MSE,v_y,0.00261949728970292
Baseline-NN-MSE,v_y,0.011544991356735205
Baseline-NN-MSE,v_y,0.013672596012681618
Baseline-NN-MSE,v_y,0.00996826737075767
Baseline-NN-MSE,v_y,0.007249660010672076
Baseline-NN-MSE,v_y,0.0052234812504340315
Baseline-NN-MSE,v_y,0.0018040374872485693
Baseline-NN-MSE,v_y,0.006292962441293142
Baseline-NN-MSE,v_y,0.003243377783099067
Baseline-NN-MSE,v_y,0.001914840286771833
Baseline-NN-MSE,v_y,0.0031599926595922666
Baseline-NN-MSE,v_y,0.0032613462671252213
Baseline-NN-MSE,v_y,0.0032609741874855026
Baseline-NN-MSE,v_y,0.0051876801632575326
Baseline-NN-MSE,v_y,0.0017569031282372617
Baseline-NN-MSE,v_y,0.004043787356887285
Baseline-NN-MSE,v_y,0.0007422782456190419
Baseline-NN-MSE,v_y,0.0031533081223623673
Baseline-NN-MSE,v_y,0.013360623076367276
Baseline-NN-MSE,v_y,0.0029526864954363234
Baseline-NN-MSE,v_y,0.007905787307787735
Baseline-NN-MSE,v_y,0.012830956542254721
Baseline-NN-MSE,v_y,0.007763403789785821
Baseline-NN-MSE,v_y,0.007080884263588733
Baseline-NN-MSE,v_y,0.004133114451550349
Baseline-NN-MSE,v_y,0.006043309427579441
Baseline-NN-MSE,v_y,0.0017441265590761035
Baseline-NN-MSE,v_y,0.0018839004056461946
Baseline-NN-MSE,v_y,0.0013965668907991793
Baseline-NN-MSE,v_y,0.001076690801051286
Baseline-NN-MSE,v_y,0.00619242485815473
Baseline-NN-MSE,v_y,0.006646081774722753
Baseline-NN-MSE,v_y,0.005747685719588195
Baseline-NN-MSE,v_y,0.0030124451279426204
Baseline-NN-MSE,v_y,0.010575326438165639
Baseline-NN-MSE,v_y,0.00679476468946775
Baseline-NN-MSE,v_y,0.003333031103800569
Baseline-NN-MSE,v_y,0.008326562426953583
Baseline-NN-MSE,v_y,0.00589683261284943
Baseline-NN-MSE,v_y,0.002425646158079166
Baseline-NN-MSE,v_y,0.0032010797423494934
Baseline-NN-MSE,v_y,-0.01900265955894194
Baseline-NN-MSE,v_y,-0.0022336614421290604
Baseline-NN-MSE,v_y,0.0030603072661378183
Baseline-NN-MSE,v_y,-0.009917039445116627
Baseline-NN-MSE,v_y,-0.0032815170096896773
Baseline-NN-MSE,v_y,-3.1637907347059624e-05
Baseline-NN-MSE,v_y,-0.015417435797612289
Baseline-NN-MSE,v_y,-0.004453891929666304
Baseline-NN-MSE,v_y,-0.002067172061125472
Baseline-NN-MSE,v_y,-0.00981678742637454
Baseline-NN-MSE,v_y,-0.0045965117519904675
Baseline-NN-MSE,v_y,-0.01677916745598812
Baseline-NN-MSE,v_y,-0.004315485976636446
Baseline-NN-MSE,v_y,-0.021748100002803
Baseline-NN-MSE,v_y,-0.019336270294054797
Baseline-NN-MSE,v_y,-0.003199535545233778
Baseline-NN-MSE,v_y,-0.01773829821996839
Baseline-NN-MSE,v_y,-0.013157421271630249
Baseline-NN-MSE,v_y,-0.01965412135746672
Baseline-NN-MSE,v_y,-0.04797714107753298
Baseline-NN-MSE,v_y,-0.03644732239930126
Baseline-NN-MSE,v_y,-0.027282264226994757
Baseline-NN-MSE,v_y,-0.0142521190429859
Baseline-NN-MSE,v_y,-0.029590433694353824
Baseline-NN-MSE,v_y,-0.014420774072044618
Baseline-NN-MSE,v_y,-0.06408013001608803
Baseline-NN-MSE,v_y,-0.015896683829804137
Baseline-NN-MSE,v_y,-0.038255495700179
Baseline-NN-MSE,v_y,-0.0622679310360964
Baseline-NN-MSE,v_y,-0.07382209239651771
Baseline-NN-MSE,v_y,-0.11898872646509079
Baseline-NN-MSE,v_y,-0.03187345070117831
Baseline-NN-MSE,v_y,-0.09345873583829584
Baseline-NN-MSE,v_y,-0.058729976008814466
Baseline-NN-MSE,v_y,-0.052750011861801394
Baseline-NN-MSE,v_y,-0.0952892714935682
Baseline-NN-MSE,v_y,-0.06171017245513433
Baseline-NN-MSE,v_y,-0.06787322709298033
Baseline-NN-MSE,v_y,-0.05052329552660012
Baseline-NN-MSE,v_y,-0.05650073075554113
Baseline-NN-MSE,v_y,-0.02438003929221294
Baseline-NN-MSE,v_y,-0.11078514831117212
Baseline-NN-MSE,v_y,-0.022200552509125893
Baseline-NN-MSE,v_y,-0.021336280678653646
Baseline-NN-MSE,v_y,-0.10537680388859255
Baseline-NN-MSE,v_y,-0.02525716011602383
Baseline-NN-MSE,v_y,-0.042904869191302986
Baseline-NN-MSE,v_y,-0.04340610871220782
Baseline-NN-MSE,v_y,-0.045712586431191915
Baseline-NN-MSE,v_y,-0.023850832690843565
Baseline-NN-MSE,v_y,-0.08377763102889277
Baseline-NN-MSE,v_y,-0.04989285120215653
Baseline-NN-MSE,v_y,-0.026283695671845853
Baseline-NN-MSE,v_y,-0.13617599898099544
Baseline-NN-MSE,v_y,-0.13471069924753987
Baseline-NN-MSE,v_y,-0.07948471034281906
Baseline-NN-MSE,v_y,-0.08542295896907026
Baseline-NN-MSE,v_y,-0.09943672853660337
Baseline-NN-MSE,v_y,-0.09420616188104564
Baseline-NN-MSE,v_y,-0.04519123085118232
Baseline-NN-MSE,v_y,-0.09449796711358638
Baseline-NN-MSE,v_y,-0.06528727430962039
Baseline-NN-MSE,v_y,-0.04461827122767065
Baseline-NN-MSE,v_y,-0.04927753144943986
Baseline-NN-MSE,v_y,-0.020912950308297318
Baseline-NN-MSE,v_y,-0.044906817620939316
Baseline-NN-MSE,v_y,-0.02456518025493082
Baseline-NN-MSE,v_y,-0.013829027498322627
Baseline-NN-MSE,v_y,-0.026241024879916086
Baseline-NN-MSE,v_y,-0.009748649250420072
Baseline-NN-MSE,v_y,-0.039321265576630016
Baseline-NN-MSE,v_y,-0.010618658023138772
Baseline-NN-MSE,v_y,-0.011661308917404828
Baseline-NN-MSE,v_y,-0.029951551455382197
Baseline-NN-MSE,v_y,-0.02390689885379474
Baseline-NN-MSE,v_y,-0.01626307753701456
Baseline-NN-MSE,v_y,-0.010972341088814813
Baseline-NN-MSE,v_y,-0.003031275509490561
Baseline-NN-MSE,v_y,-0.0008510448509672364
Baseline-NN-MSE,v_y,-0.005078551589343269
Baseline-NN-MSE,v_y,-0.002475958976076359
Baseline-NN-MSE,v_y,-0.0013547143949511065
Baseline-NN-MSE,v_y,-0.0023041375504963824
Baseline-NN-MSE,v_y,-0.00032712968471344805
Baseline-NN-MSE,v_y,0.0016774832503703013
Baseline-NN-MSE,v_y,0.002076883244525131
Baseline-NN-MSE,v_y,-0.0014777692062155033
Baseline-NN-MSE,v_y,0.0013425228738410348
Baseline-NN-MSE,v_y,0.00026595324465255015
Baseline-NN-MSE,v_y,0.0006860475615036322
Baseline-NN-MSE,v_y,-0.0046480978150032805
Baseline-NN-MSE,v_y,-0.0014345606995259767
Baseline-NN-MSE,v_y,0.003424475534739596
Baseline-NN-MSE,v_y,-0.0015186684645017157
Baseline-NN-MSE,v_y,0.0025732511740598207
Baseline-NN-MSE,v_y,0.02044082479733496
Baseline-NN-MSE,v_y,0.03144415283145173
Baseline-NN-MSE,v_y,0.017362099940238546
Baseline-NN-MSE,v_y,0.008993335349377574
Baseline-NN-MSE,v_y,0.01906197829063838
Baseline-NN-MSE,v_y,0.01498849512360298
Baseline-NN-MSE,v_y,0.04505152325600287
Baseline-NN-MSE,v_y,0.013743389785351445
Baseline-NN-MSE,v_y,0.04678855507205157
Baseline-NN-MSE,v_y,0.030423200929672822
Baseline-NN-MSE,v_y,0.10715793740174068
Baseline-NN-MSE,v_y,0.07059955272679708
Baseline-NN-MSE,v_y,0.06576802560303607
Baseline-NN-MSE,v_y,0.02544199593312768
Baseline-NN-MSE,v_y,0.07739725140136833
Baseline-NN-MSE,v_y,0.05736160068768559
Baseline-NN-MSE,v_y,0.02569285893269313
Baseline-NN-MSE,v_y,0.11878141011929541
Baseline-NN-MSE,v_y,0.08421871445212137
Baseline-NN-MSE,v_y,0.059107489260022794
Baseline-NN-MSE,v_y,0.052815144630659394
Baseline-NN-MSE,v_y,0.027584230281529454
Baseline-NN-MSE,v_y,0.021298417178888418
Baseline-NN-MSE,v_y,0.08464130075600867
Baseline-NN-MSE,v_y,0.017934812910666842
Baseline-NN-MSE,v_y,0.017731402966383175
Baseline-NN-MSE,v_y,0.05449867350429652
Baseline-NN-MSE,v_y,0.03623860610024876
Baseline-NN-MSE,v_y,0.04187074813581773
Baseline-NN-MSE,v_y,0.04762467914123053
Baseline-NN-MSE,v_y,0.02123933829356972
Baseline-NN-MSE,v_y,0.055541879126032895
Baseline-NN-MSE,v_y,0.024053780336162817
Baseline-NN-MSE,v_y,0.05421327633052453
Baseline-NN-MSE,v_y,0.026414415161854776
Baseline-NN-MSE,v_y,0.05760408754008359
Baseline-NN-MSE,v_y,0.05580137420999659
Baseline-NN-MSE,v_y,0.05375799159196176
Baseline-NN-MSE,v_y,0.0529904294995181
Baseline-NN-MSE,v_y,0.05299455896060598
Baseline-NN-MSE,v_y,0.04861701873133559
Baseline-NN-MSE,v_y,0.045516995717549275
Baseline-NN-MSE,v_y,0.063172770742212
Baseline-NN-MSE,v_y,0.03744600458547487
Baseline-NN-MSE,v_y,0.045623844605117925
Baseline-NN-MSE,v_y,0.03930780122186478
Baseline-NN-MSE,v_y,0.0591571135301234
Baseline-NN-MSE,v_y,0.04608573180872655
Baseline-NN-MSE,v_y,0.04897056578512882
Baseline-NN-MSE,v_y,0.05286008240893758
Baseline-NN-MSE,v_y,0.06032638974103838
Baseline-NN-MSE,v_y,0.04453683830313143
Baseline-NN-MSE,v_y,0.019467988317226292
Baseline-NN-MSE,v_y,0.05801691683718402
Baseline-NN-MSE,v_y,0.037771058902812404
Baseline-NN-MSE,v_y,0.05037056286561603
Baseline-NN-MSE,v_y,0.04058146170034638
Baseline-NN-MSE,v_y,0.09237468792044984
Baseline-NN-MSE,v_y,0.06062985305470189
Baseline-NN-MSE,v_y,0.0645941517761876
Baseline-NN-MSE,v_y,0.021505998226834355
Baseline-NN-MSE,v_y,0.059993449929355236
Baseline-NN-MSE,v_y,0.019007488889809743
Baseline-NN-MSE,v_y,0.10613030964768388
Baseline-NN-MSE,v_y,0.07495554612412669
Baseline-NN-MSE,v_y,0.10704840645524127
Baseline-NN-MSE,v_y,0.09283796527844324
Baseline-NN-MSE,v_y,0.0665619008677037
Baseline-NN-MSE,v_y,0.044372258970197476
Baseline-NN-MSE,v_y,0.01779528607544556
Baseline-NN-MSE,v_y,0.040650395232332714
Baseline-NN-MSE,v_y,0.031181529331494262
Baseline-NN-MSE,v_y,0.0138991079771007
Baseline-NN-MSE,v_y,0.04121264608814729
Baseline-NN-MSE,v_y,0.03456318978721143
Baseline-NN-MSE,v_y,0.017293317577239536
Baseline-NN-MSE,v_y,0.01035258269837483
Baseline-NN-MSE,v_y,-0.000366021025957064
Baseline-NN-MSE,v_y,0.005708562977422449
Baseline-NN-MSE,v_y,-0.0022650882064702005
Baseline-NN-MSE,v_y,-0.0064457916850266805
Baseline-NN-MSE,v_y,0.0033788513056883795
Baseline-NN-MSE,v_y,0.001224586681330575
Baseline-NN-MSE,v_y,0.000558406185144189
Baseline-NN-MSE,v_y,-4.55944610893988e-05
Baseline-NN-MSE,v_y,-0.014166558910085364
Baseline-NN-MSE,v_y,-0.002040609113611369
Baseline-NN-MSE,v_y,-0.0068961667327867016
Baseline-NN-MSE,v_y,-0.009562960364740358
Baseline-NN-MSE,v_y,-0.007800067650095638
Baseline-NN-MSE,v_y,-0.01303434308784407
Baseline-NN-MSE,v_y,-0.006428413322227322
Baseline-NN-MSE,v_y,-0.0031824056742340567
Baseline-NN-MSE,v_y,-0.006143188330337182
Baseline-NN-MSE,v_y,-0.009132512833590303
Baseline-NN-MSE,v_y,-0.004697207430402778
Baseline-NN-MSE,v_y,-0.007626890615680185
Baseline-NN-MSE,v_y,-0.0034164428440971936
Baseline-NN-MSE,v_y,-0.006782946859831961
Baseline-NN-MSE,v_y,-0.0029592120993466448
Baseline-NN-MSE,v_y,-0.0018558080182115057
Baseline-NN-MSE,v_y,-0.002775710907833597
Baseline-NN-MSE,v_y,-0.0007078878102900581
Baseline-NN-MSE,v_y,0.0033699845310710165
Baseline-NN-MSE,v_y,0.0030344047374409114
Baseline-NN-MSE,v_y,0.0018844226602992772
Baseline-NN-MSE,v_y,0.005303929140263439
Baseline-NN-MSE,v_y,0.011082563307208887
Baseline-NN-MSE,v_y,0.0024125852865565373
Baseline-NN-MSE,v_y,0.006697736255716513
Baseline-NN-MSE,v_y,0.01911433814771954
Baseline-NN-MSE,v_y,0.010969820704585964
Baseline-NN-MSE,v_y,0.013187006387008288
Baseline-NN-MSE,v_y,0.014683245066025696
Baseline-NN-MSE,v_y,0.0037268314029128002
Baseline-NN-MSE,v_y,0.0033055666150459406
Baseline-NN-MSE,v_y,0.01323332960313095
Baseline-NN-MSE,v_y,-0.008973960214088555
Baseline-NN-MSE,v_y,0.004046491302611116
Baseline-NN-MSE,v_y,0.00800206871901854
Baseline-NN-MSE,v_y,0.015455854820949189
Baseline-NN-MSE,v_y,0.010794445289879412
Baseline-NN-MSE,v_y,0.011179984334202003
Baseline-NN-MSE,v_y,-0.00034869338602264155
Baseline-NN-MSE,v_y,0.0045332947496626586
Baseline-NN-MSE,v_y,0.009655535427131018
Baseline-NN-MSE,v_y,0.01446497592488441
Baseline-NN-MSE,v_y,0.0060125230935133
Baseline-NN-MSE,v_y,0.01370114330201716
Baseline-NN-MSE,v_y,0.014335458358709807
Baseline-NN-MSE,v_y,0.016947143726437297
Baseline-NN-MSE,v_y,0.024540203243962888
Baseline-NN-MSE,v_y,0.013016755705631988
Baseline-NN-MSE,v_y,0.010286513606806713
Baseline-NN-MSE,v_y,0.004939750466309234
Baseline-NN-MSE,v_y,0.0076137220519288396
Baseline-NN-MSE,v_y,0.005884315080038671
Baseline-NN-MSE,v_y,0.01600317110433047
Baseline-NN-MSE,v_y,0.006020769345675581
Baseline-NN-MSE,v_y,0.009800015351122793
Baseline-NN-MSE,v_y,0.007770398066790363
Baseline-NN-MSE,v_y,0.014386882737115136
Baseline-NN-MSE,v_y,0.021013950139083193
Baseline-NN-MSE,v_y,0.01073153981804953
Baseline-NN-MSE,v_y,0.006979744831912049
Baseline-NN-MSE,v_y,0.023669239046003487
Baseline-NN-MSE,v_y,0.011527591264627324
Baseline-NN-MSE,v_y,0.025854500951513038
Baseline-NN-MSE,v_y,0.010396775798655333
Baseline-NN-MSE,v_y,0.0226618217158272
Baseline-NN-MSE,v_y,0.03165931813613643
Baseline-NN-MSE,v_y,0.02831538063677086
Baseline-NN-MSE,v_y,0.009582155729041086
Baseline-NN-MSE,v_y,0.0375073730588531
Baseline-NN-MSE,v_y,0.024370559917358037
Baseline-NN-MSE,v_y,0.009837425144557543
Baseline-NN-MSE,v_y,0.0354581613282654
Baseline-NN-MSE,v_y,0.030888917361095336
Baseline-NN-MSE,v_y,0.010100503078294132
Baseline-NN-MSE,v_y,0.02805451992934238
Baseline-NN-MSE,v_y,0.043115540838909894
Baseline-NN-MSE,v_y,0.03592401717932747
Baseline-NN-MSE,v_y,0.03435313043402499
Baseline-NN-MSE,v_y,0.018442001175567047
Baseline-NN-MSE,v_y,0.02873708928467078
Baseline-NN-MSE,v_y,0.03685921393256886
Baseline-NN-MSE,v_y,0.008495349336958169
Baseline-NN-MSE,v_y,0.014393096900467861
Baseline-NN-MSE,v_y,0.012994609961155756
Baseline-NN-MSE,v_y,0.01753396839631982
Baseline-NN-MSE,v_y,0.01646555822454121
Baseline-NN-MSE,v_y,0.014179517386896323
Baseline-NN-MSE,v_y,0.004388059748140771
Baseline-NN-MSE,v_y,0.01822760446368965
Baseline-NN-MSE,v_y,0.02372503506082313
Baseline-NN-MSE,v_y,0.020941153182661154
Baseline-NN-MSE,v_y,0.020347438535821882
Baseline-NN-MSE,v_y,0.014959131355192834
Baseline-NN-MSE,v_y,0.004892395425664997
Baseline-NN-MSE,v_y,0.018637704169348124
Baseline-NN-MSE,v_y,-0.000398098080555076
Baseline-NN-MSE,v_y,0.012350577044672906
Baseline-NN-MSE,v_y,0.010864180210012675
Baseline-NN-MSE,v_y,0.0065808190170721925
Baseline-NN-MSE,v_y,0.01191291457875665
Baseline-NN-MSE,v_y,0.00923063644925437
Baseline-NN-MSE,v_y,0.004517251623959134
Baseline-NN-MSE,v_y,0.008660604892189394
Baseline-NN-MSE,v_y,0.008822372795722067
Baseline-NN-MSE,v_y,0.007899748385912286
Baseline-NN-MSE,v_y,0.006550690559797956
Baseline-NN-MSE,v_y,0.0004023910090694971
Baseline-NN-MSE,v_y,0.004349784684996777
Baseline-NN-MSE,v_y,0.0027434858264694384
Baseline-NN-MSE,v_y,0.005854697122872121
Baseline-NN-MSE,v_y,0.0020163446521373196
Baseline-NN-MSE,v_y,0.002131986770086136
Baseline-NN-MSE,v_y,0.008589429197095863
Baseline-NN-MSE,v_y,0.007815441047520397
Baseline-NN-MSE,v_y,0.003967632408226868
Baseline-NN-MSE,v_y,0.0028863845186811316
Baseline-NN-MSE,v_y,0.0021692046640360563
Baseline-NN-MSE,v_y,0.007641730226651058
Baseline-NN-MSE,v_y,0.002262511615181158
Baseline-NN-MSE,v_y,0.0029054785792381604
Baseline-NN-MSE,v_y,0.006840778797896059
Baseline-NN-MSE,v_y,0.004145735033917281
Baseline-NN-MSE,v_y,0.0076563678411458
Baseline-NN-MSE,v_y,0.0045427027752826775
Baseline-NN-MSE,v_y,0.008276304051184239
Baseline-NN-MSE,v_y,0.012031189583687563
Baseline-NN-MSE,v_y,0.0126039523322523
Baseline-NN-MSE,v_y,0.0036367994940079765
Baseline-NN-MSE,v_y,0.006499952551148651
Baseline-NN-MSE,v_y,0.003041891783898149
Baseline-NN-MSE,v_y,0.005046784907365445
Baseline-NN-MSE,v_y,0.003403889472557174
Baseline-NN-MSE,v_y,0.006255799804332059
Baseline-NN-MSE,v_y,0.010060270709969198
Baseline-NN-MSE,v_y,0.0060897416526298175
Baseline-NN-MSE,v_y,0.0068753921531346865
Baseline-NN-MSE,v_y,0.007587994582490425
Baseline-NN-MSE,v_y,0.00820703775674099
Baseline-NN-MSE,v_y,0.006999247483135025
Baseline-NN-MSE,v_y,0.015121869806517247
Baseline-NN-MSE,v_y,0.007845076382133827
Baseline-NN-MSE,v_y,0.01113003027369185
Baseline-NN-MSE,v_y,0.006121206963731279
Baseline-NN-MSE,v_y,0.018782970151158734
Baseline-NN-MSE,v_y,0.005471143687714824
Baseline-NN-MSE,v_y,0.005752007683866044
Baseline-NN-MSE,v_y,0.006275072452434274
Baseline-NN-MSE,v_y,0.010300123163121233
Baseline-NN-MSE,v_y,0.007311448261520692
Baseline-NN-MSE,v_y,0.00376016203084166
Baseline-NN-MSE,v_y,0.006560339627297112
Baseline-NN-MSE,v_y,0.003395413906638778
Baseline-NN-MSE,v_y,0.007301589856381574
Baseline-NN-MSE,v_y,0.016068506465470297
Baseline-NN-MSE,v_y,0.003810064354206777
Baseline-NN-MSE,v_y,0.007934044597514095
Baseline-NN-MSE,v_y,0.003022161410324971
Baseline-NN-MSE,v_y,0.0062614156587810395
Baseline-NN-MSE,v_y,0.0032092856608651812
Baseline-NN-MSE,v_y,0.005974217179086055
Baseline-NN-MSE,v_y,0.003359934590867142
Baseline-NN-MSE,v_y,0.014334972348245045
Baseline-NN-MSE,v_y,0.004331781327964808
Baseline-NN-MSE,v_y,0.005901690239124093
Baseline-NN-MSE,v_y,0.007478371593730774
Baseline-NN-MSE,v_y,0.006635257637896193
Baseline-NN-MSE,v_y,0.01399852010238381
Baseline-NN-MSE,v_y,0.0033131115642221903
Baseline-NN-MSE,v_y,0.0032046892830808887
Baseline-NN-MSE,v_y,0.004972201876398623
Baseline-NN-MSE,v_y,0.0025928218424955823
Baseline-NN-MSE,v_y,0.004884170484143597
Baseline-NN-MSE,v_y,0.0025704023871182258
Baseline-NN-MSE,v_y,0.004466185511178292
Baseline-NN-MSE,v_y,0.0046010322187955005
Baseline-NN-MSE,v_y,0.005346694362769612
Baseline-NN-MSE,v_y,0.0030248565618024754
Baseline-NN-MSE,v_y,0.012923668702492702
Baseline-NN-MSE,v_y,0.002839799326718847
Baseline-NN-MSE,v_y,0.0028942099333129565
Baseline-NN-MSE,v_y,0.011518619905753327
Baseline-NN-MSE,v_y,0.0027619950273306826
Baseline-NN-MSE,v_y,0.004930866063284562
Baseline-NN-MSE,v_y,0.005424418052722129
Baseline-NN-MSE,v_y,0.006207460430096085
Baseline-NN-MSE,v_y,0.006181518145844705
Baseline-NN-MSE,v_y,0.006681650066611179
Baseline-NN-MSE,v_y,0.006243419933726499
Baseline-NN-MSE,v_y,0.00558870927462797
Baseline-NN-MSE,v_y,0.00883419166534917
Baseline-NN-MSE,v_y,0.005454360601018289
Baseline-NN-MSE,v_y,0.0036750023412873978
Baseline-NN-MSE,v_y,0.01170721458655316
Baseline-NN-MSE,v_y,0.014214757559168449
Baseline-NN-MSE,v_y,0.009242831256317016
Baseline-NN-MSE,v_y,0.0047684158811046595
Baseline-NN-MSE,v_y,0.021175345997941686
Baseline-NN-MSE,v_y,0.010580438300731049
Baseline-NN-MSE,v_y,0.0064753295621566564
Baseline-NN-MSE,v_y,0.011008872799732006
Baseline-NN-MSE,v_y,0.00774713059678131
Baseline-NN-MSE,v_y,0.03270040106573405
Baseline-NN-MSE,v_y,0.009501255861763036
Baseline-NN-MSE,v_y,0.01619554644852278
Baseline-NN-MSE,v_y,0.01754691578632156
Baseline-NN-MSE,v_y,0.00905707547035356
Baseline-NN-MSE,v_y,0.02306900029397857
Baseline-NN-MSE,v_y,0.013855714721900947
Baseline-NN-MSE,v_y,0.050906029333490865
Baseline-NN-MSE,v_y,0.013678184797650206
Baseline-NN-MSE,v_y,0.014381737244355763
Baseline-NN-MSE,v_y,0.0378090502597509
Baseline-NN-MSE,v_y,0.01410761742930422
Baseline-NN-MSE,v_y,0.029748722364247693
Baseline-NN-MSE,v_y,0.07043875101591163
Baseline-NN-MSE,v_y,0.0717707600866358
Baseline-NN-MSE,v_y,0.04446114213224178
Baseline-NN-MSE,v_y,0.018634430369788735
Baseline-NN-MSE,v_y,0.06214237907689252
Baseline-NN-MSE,v_y,0.06242711314765009
Baseline-NN-MSE,v_y,0.02101809479350497
Baseline-NN-MSE,v_y,0.14135970744365478
Baseline-NN-MSE,v_y,0.1063385689293751
Baseline-NN-MSE,v_y,0.06542805203911373
Baseline-NN-MSE,v_y,0.044915397916892696
Baseline-NN-MSE,v_y,0.07147258711110238
Baseline-NN-MSE,v_y,0.11351527544279039
Baseline-NN-MSE,v_y,0.05069805048272913
Baseline-NN-MSE,v_y,0.044776256021940464
Baseline-NN-MSE,v_y,0.0827665084799063
Baseline-NN-MSE,v_y,0.023377342675294344
Baseline-NN-MSE,v_y,0.06715019676047107
Baseline-NN-MSE,v_y,0.031288004304167505
Baseline-NN-MSE,v_y,0.034608899485805034
Baseline-NN-MSE,v_y,0.033274714592001875
Baseline-NN-MSE,v_y,0.032954272666217976
Baseline-NN-MSE,v_y,0.05707280649588664
Baseline-NN-MSE,v_y,0.040630149799487425
Baseline-NN-MSE,v_y,0.01778432427875626
Baseline-NN-MSE,v_y,0.03678087607059777
Baseline-NN-MSE,v_y,0.018513430834286693
Baseline-NN-MSE,v_y,0.02018426076415525
Baseline-NN-MSE,v_y,0.017903747052549934
Baseline-NN-MSE,v_y,0.0284352534885145
Baseline-NN-MSE,v_y,0.016481938649623773
Baseline-NN-MSE,v_y,0.028180750774835228
Baseline-NN-MSE,v_y,0.028875697228104735
Baseline-NN-MSE,v_y,0.014061593813222972
Baseline-NN-MSE,v_y,0.031230529202790347
Baseline-NN-MSE,v_y,0.024093279325487216
Baseline-NN-MSE,v_y,0.020767607468812788
Baseline-NN-MSE,v_y,0.01587874045101695
Baseline-NN-MSE,v_y,0.01639158743887592
Baseline-NN-MSE,v_y,0.02097810089886587
Baseline-NN-MSE,v_y,0.005237159111237566
Baseline-NN-MSE,v_y,0.014373264959078313
Baseline-NN-MSE,v_y,0.006849008442750049
Baseline-NN-MSE,v_y,0.006824234967010789
Baseline-NN-MSE,v_y,0.011846159268463052
Baseline-NN-MSE,v_y,0.012634541930439114
Baseline-NN-MSE,v_y,0.008816764157195761
Baseline-NN-MSE,v_y,0.023401493959921915
Baseline-NN-MSE,v_y,0.006718779351876425
Baseline-NN-MSE,v_y,0.029483553703162524
Baseline-NN-MSE,v_y,0.0076866195163306505
Baseline-NN-MSE,v_y,0.012987797611837604
Baseline-NN-MSE,v_y,-0.010807798039100869
Baseline-NN-MSE,v_y,0.0034655956962363343
Baseline-NN-MSE,v_y,-0.0029189132162606712
Baseline-NN-MSE,v_y,0.002165987922339685
Baseline-NN-MSE,v_y,0.00031448885265486504
Baseline-NN-MSE,v_y,0.0065008088088051585
Baseline-NN-MSE,v_y,0.0064252071696060675
Baseline-NN-MSE,v_y,0.004416308797183313
Baseline-NN-MSE,v_y,0.008676894350890377
Baseline-NN-MSE,v_y,0.00402849584865958
Baseline-NN-MSE,v_y,0.012544193354905045
Baseline-NN-MSE,v_y,0.007419838074542218
Baseline-NN-MSE,v_y,0.008538671465652237
Baseline-NN-MSE,v_y,0.007330195074982643
Baseline-NN-MSE,v_y,0.005914742272701945
Baseline-NN-MSE,v_y,0.009075277084962668
Baseline-NN-MSE,v_y,0.0026284750419942327
Baseline-NN-MSE,v_y,0.0046015446106951186
Baseline-NN-MSE,v_y,0.007360727079160689
Baseline-NN-MSE,v_y,0.0028063379843173974
Baseline-NN-MSE,v_y,0.005512795279801308
Baseline-NN-MSE,v_y,0.005445771592365728
Baseline-NN-MSE,v_y,0.00642484044685665
Baseline-NN-MSE,v_y,0.002711164295850166
Baseline-NN-MSE,v_y,0.005182936297996932
Baseline-NN-MSE,v_y,0.002280969880916972
Baseline-NN-MSE,v_y,0.0039000710312812326
Baseline-NN-MSE,v_y,0.002282230866336804
Baseline-NN-MSE,v_y,0.002437314313701866
Baseline-NN-MSE,v_y,0.010396651399749351
Baseline-NN-MSE,v_y,0.005008350885937082
Baseline-NN-MSE,v_y,0.005737788955349404
Baseline-NN-MSE,v_y,0.005549441770250768
Baseline-NN-MSE,v_y,0.0027671537037648464
Baseline-NN-MSE,v_y,0.012483152262493219
Baseline-NN-MSE,v_y,0.002085146980650071
Baseline-NN-MSE,v_y,0.003235246946660081
Baseline-NN-MSE,v_y,0.000569377090456541
Baseline-NN-MSE,v_y,0.002787799194440138
Baseline-NN-MSE,v_y,0.0016807112960671444
Baseline-NN-MSE,v_y,0.007941610432707982
Baseline-NN-MSE,v_y,0.010965487081362663
Baseline-NN-MSE,v_y,0.012748397474295806
Baseline-NN-MSE,v_y,0.005446825569655908
Baseline-NN-MSE,v_y,0.013853901839266533
Baseline-NN-MSE,v_y,0.001922407909488541
Baseline-NN-MSE,v_y,0.0053588316909601585
Baseline-NN-MSE,v_y,-0.005317844859986043
Baseline-NN-MSE,v_y,0.0007708004851547379
Baseline-NN-MSE,v_y,0.0023247891778838403
Baseline-NN-MSE,v_y,-0.00224101491224267
Baseline-NN-MSE,v_y,0.004311434421492538
Baseline-NN-MSE,v_y,0.0040927464500925825
Baseline-NN-MSE,v_y,0.007074748811276482
Baseline-NN-MSE,v_y,0.006069822897223569
Baseline-NN-MSE,v_y,0.00543676223127227
Baseline-NN-MSE,v_y,0.0034060254539413706
Baseline-NN-MSE,v_y,0.0022063689375589196
Baseline-NN-MSE,v_y,0.009117306072684267
Baseline-NN-MSE,v_y,0.0035296297519243
Baseline-NN-MSE,v_y,0.002777263609207173
Baseline-NN-MSE,v_y,0.004578706810445254
Baseline-NN-MSE,v_y,0.002596886747412555
Baseline-NN-MSE,v_y,0.0036170089848126252
Baseline-NN-MSE,v_y,0.004681968175542624
Baseline-NN-MSE,v_y,0.0025102932871091596
Baseline-NN-MSE,v_y,0.004559693308638431
Baseline-NN-MSE,v_y,0.002287959853067796
Baseline-NN-MSE,v_y,0.008512215715287593
Baseline-NN-MSE,v_y,0.007839786668262967
Baseline-NN-MSE,v_y,0.007328986234084695
Baseline-NN-MSE,v_y,0.0021950769805854087
Baseline-NN-MSE,v_y,0.003119121643212097
Baseline-NN-MSE,v_y,0.005536611047346677
Baseline-NN-MSE,v_y,0.0023310049378044047
Baseline-NN-MSE,v_y,0.00389049902229629
Baseline-NN-MSE,v_y,0.005386362199401839
Baseline-NN-MSE,v_y,-0.0013548827768302737
Baseline-NN-MSE,v_y,-0.00048339872333991174
Baseline-NN-MSE,v_y,0.005942947423525427
Baseline-NN-MSE,v_y,0.00039368370641459927
Baseline-NN-MSE,v_y,-5.026532300039799e-05
Baseline-NN-MSE,v_y,-0.00018155696430860457
Baseline-NN-MSE,v_y,0.0005880618083619338
Baseline-NN-MSE,v_y,0.0004374460313171791
Baseline-NN-MSE,v_y,0.001997832447222986
Baseline-NN-MSE,v_y,-0.00033121176345332626
Baseline-NN-MSE,v_y,0.00047784474866294224
Baseline-NN-MSE,v_y,0.0019697323784201026
Baseline-NN-MSE,v_y,-0.0048669186909787165
Baseline-NN-MSE,v_y,-0.011108751282836282
Baseline-NN-MSE,v_y,0.00252019734475345
Baseline-NN-MSE,v_y,-0.0034885984647480273
Baseline-NN-MSE,v_y,-0.01194100839159834
Baseline-NN-MSE,v_y,-0.004097391282815888
Baseline-NN-MSE,v_y,-0.012441713939999988
Baseline-NN-MSE,v_y,-0.0027026009896075065
Baseline-NN-MSE,v_y,-0.013562080097316409
Baseline-NN-MSE,v_y,-0.008610797498994072
Baseline-NN-MSE,v_y,-0.014902959013293637
Baseline-NN-MSE,v_y,-0.009975301360087285
Baseline-NN-MSE,v_y,-0.03631067582436226
Baseline-NN-MSE,v_y,-0.019702164318956217
Baseline-NN-MSE,v_y,-0.007087905055436106
Baseline-NN-MSE,v_y,-0.005763501934366255
Baseline-NN-MSE,v_y,0.006603087282929576
Baseline-NN-MSE,v_y,-0.003958469669799736
Baseline-NN-MSE,v_y,-0.00674340046686428
Baseline-NN-MSE,v_y,0.010237081747064503
Baseline-NN-MSE,v_y,0.02496605192397866
Baseline-NN-MSE,v_y,0.011519849511794245
Baseline-NN-MSE,v_y,0.005381240116982766
Baseline-NN-MSE,v_y,0.005986280647260235
Baseline-NN-MSE,v_y,0.0037134534609855607
Baseline-NN-MSE,v_y,0.026541100809488703
Baseline-NN-MSE,v_y,0.03640859647521574
Baseline-NN-MSE,v_y,0.004580657736442423
Baseline-NN-MSE,v_y,0.009339459740197231
Baseline-NN-MSE,v_y,0.010221821031744266
Baseline-NN-MSE,v_y,0.005354964358617514
Baseline-NN-MSE,v_y,0.021900181571061356
Baseline-NN-MSE,v_y,0.008013768450853193
Baseline-NN-MSE,v_y,0.020962353918510424
Baseline-NN-MSE,v_y,0.014777649359713346
Baseline-NN-MSE,v_y,0.02231227348018841
Baseline-NN-MSE,v_y,0.026541034202041347
Baseline-NN-MSE,v_y,0.030765327990898872
Baseline-NN-MSE,v_y,0.018923437349726624
Baseline-NN-MSE,v_y,0.03674993861218151
Baseline-NN-MSE,v_y,0.022362698213290455
Baseline-NN-MSE,v_y,0.033429753508387505
Baseline-NN-MSE,v_y,0.025862619582877167
Baseline-NN-MSE,v_y,0.03707809346945001
Baseline-NN-MSE,v_y,0.12164046940343681
Baseline-NN-MSE,v_y,0.06820963760995613
Baseline-NN-MSE,v_y,0.05197373552630691
Baseline-NN-MSE,v_y,0.0751719508311045
Baseline-NN-MSE,v_y,0.0975050525737251
Baseline-NN-MSE,v_y,0.0790577876037789
Baseline-NN-MSE,v_y,0.025573360794352795
Baseline-NN-MSE,v_y,0.06133622214256995
Baseline-NN-MSE,v_y,0.048044778376560626
Baseline-NN-MSE,v_y,0.041025782976972125
Baseline-NN-MSE,v_y,0.04251084732064164
Baseline-NN-MSE,v_y,0.033903084257929594
Baseline-NN-MSE,v_y,0.010729763779941281
Baseline-NN-MSE,v_y,0.021455960648582018
Baseline-NN-MSE,v_y,0.019830326004768084
Baseline-NN-MSE,v_y,0.018945491175772433
Baseline-NN-MSE,v_y,0.010767868411073578
Baseline-NN-MSE,v_y,0.013427857571844504
Baseline-NN-MSE,v_y,0.006118633612312185
Baseline-NN-MSE,v_y,0.000642897717716473
Baseline-NN-MSE,v_y,0.0029763094531072287
Baseline-NN-MSE,v_y,0.0027010216712825275
Baseline-NN-MSE,v_y,0.016116026672958167
Baseline-NN-MSE,v_y,0.016680796952177362
Baseline-NN-MSE,v_y,0.01249013200783819
Baseline-NN-MSE,v_y,0.0019936936539326072
Baseline-NN-MSE,v_y,0.0008783787384563438
Baseline-NN-MSE,v_y,-0.001295042528336371
Baseline-NN-MSE,v_y,-0.00025629566474093257
Baseline-NN-MSE,v_y,-0.004098401202244414
Baseline-NN-MSE,v_y,-0.009587638130843183
Baseline-NN-MSE,v_y,-0.010457833821484417
Baseline-NN-MSE,v_y,-0.011245340252037089
Baseline-NN-MSE,v_y,-0.0062280218527006465
Baseline-NN-MSE,v_y,-0.008614774666915855
Baseline-NN-MSE,v_y,-0.014137971184391904
Baseline-NN-MSE,v_y,-0.004215073399538097
Baseline-NN-MSE,v_y,-0.004235519176613092
Baseline-NN-MSE,v_y,-0.01639888174720122
Baseline-NN-MSE,v_y,-0.012563343311741915
Baseline-NN-MSE,v_y,-0.014066818530292513
Baseline-NN-MSE,v_y,-0.01668539399133323
Baseline-NN-MSE,v_y,-0.018575496723301776
Baseline-NN-MSE,v_y,-0.014338389021563036
Baseline-NN-MSE,v_y,-0.031738245101162965
Baseline-NN-MSE,v_y,-0.02313862032622993
Baseline-NN-MSE,v_y,-0.040075638229098154
Baseline-NN-MSE,v_y,-0.03360555311868518
Baseline-NN-MSE,v_y,-0.03031092720660203
Baseline-NN-MSE,v_y,-0.02168156583712466
Baseline-NN-MSE,v_y,-0.024421159914677748
Baseline-NN-MSE,v_y,-0.052638539962689024
Baseline-NN-MSE,v_y,-0.02805523210187888
Baseline-NN-MSE,v_y,-0.036440457328650755
Baseline-NN-MSE,v_y,-0.04594564321823669
Baseline-NN-MSE,v_y,-0.0439238907844583
Baseline-NN-MSE,v_y,-0.06979080367817497
Baseline-NN-MSE,v_y,-0.04269602906789577
Baseline-NN-MSE,v_y,-0.06357189501115901
Baseline-NN-MSE,v_y,-0.10681190393040674
Baseline-NN-MSE,v_y,-0.060521805293940634
Baseline-NN-MSE,v_y,-0.03218917005898475
Baseline-NN-MSE,v_y,-0.030111774051091778
Baseline-NN-MSE,v_y,-0.10416296463884944
Baseline-NN-MSE,v_y,-0.12114315055455349
Baseline-NN-MSE,v_y,-0.01787546278459745
Baseline-NN-MSE,v_y,-0.030680133382979258
Baseline-NN-MSE,v_y,-0.00207540362057812
Baseline-NN-MSE,v_y,-0.0022025332395105846
Baseline-NN-MSE,v_y,0.0005323889721934871
Baseline-NN-MSE,v_y,-0.002023015916785789
Baseline-NN-MSE,v_y,-0.001110817886266588
Baseline-NN-MSE,v_y,-0.0038151191103881626
Baseline-NN-MSE,v_y,-0.0026381047673826735
Baseline-NN-MSE,v_y,0.0010612825246359425
Baseline-NN-MSE,v_y,0.002751588585555506
Baseline-NN-MSE,v_y,0.00654067150132593
Baseline-NN-MSE,v_y,0.002598477034684259
Baseline-NN-MSE,v_y,0.0013960065495585323
Baseline-NN-MSE,v_y,0.006432048679727534
Baseline-NN-MSE,v_y,0.004767794180546792
Baseline-NN-MSE,v_y,0.0035750075716026453
Baseline-NN-MSE,v_y,0.015244630019053101
Baseline-NN-MSE,v_y,0.016825288425303633
Baseline-NN-MSE,v_y,0.02192647932077907
Baseline-NN-MSE,v_y,0.014496103407205974
Baseline-NN-MSE,v_y,0.04841877597401431
Baseline-NN-MSE,v_y,0.01571498190936521
Baseline-NN-MSE,v_y,0.01905278670463767
Baseline-NN-MSE,v_y,0.03369123357206322
Baseline-NN-MSE,v_y,0.09915592342191659
Baseline-NN-MSE,v_y,0.05173896847289339
Baseline-NN-MSE,v_y,0.12454895038719493
Baseline-NN-MSE,v_y,0.047312163264395135
Baseline-NN-MSE,v_y,0.06052060218318822
Baseline-NN-MSE,v_y,0.04841435268483624
Baseline-NN-MSE,v_y,0.022786580542537294
Baseline-NN-MSE,v_y,0.047051557057049775
Baseline-NN-MSE,v_y,0.015496574161841914
Baseline-NN-MSE,v_y,0.04961528995501652
Baseline-NN-MSE,v_y,0.035091811110152915
Baseline-NN-MSE,v_y,0.033193139820808515
Baseline-NN-MSE,v_y,0.04973326481914897
Baseline-NN-MSE,v_y,0.046079603441813444
Baseline-NN-MSE,v_y,0.031357317418609476
Baseline-NN-MSE,v_y,0.07879708232637606
Baseline-NN-MSE,v_y,0.05197375257034431
Baseline-NN-MSE,v_y,0.022920406423881712
Baseline-NN-MSE,v_y,0.05323507390633797
Baseline-NN-MSE,v_y,0.023830654635860926
Baseline-NN-MSE,v_y,0.0753470494608588
Baseline-NN-MSE,v_y,0.11085816356052797
Baseline-NN-MSE,v_y,0.058192087536798665
Baseline-NN-MSE,v_y,0.06993192966246409
Baseline-NN-MSE,v_y,0.02645561861683632
Baseline-NN-MSE,v_y,0.08920377898846649
Baseline-NN-MSE,v_y,0.02528597873630828
Baseline-NN-MSE,v_y,0.022302147459085042
Baseline-NN-MSE,v_y,0.07812056950699542
Baseline-NN-MSE,v_y,0.09462335098579472
Baseline-NN-MSE,v_y,0.03459387782412193
Baseline-NN-MSE,v_y,0.016761675613782057
Baseline-NN-MSE,v_y,0.03244332086272844
Baseline-NN-MSE,v_y,0.014500644583298195
Baseline-NN-MSE,v_y,0.0426422415700507
Baseline-NN-MSE,v_y,0.030254063225493066
Baseline-NN-MSE,v_y,0.014408535486484408
Baseline-NN-MSE,v_y,0.044397626283358804
Baseline-NN-MSE,v_y,0.028022458256927618
Baseline-NN-MSE,v_y,0.02619870516084838
Baseline-NN-MSE,v_y,0.022507742120353114
Baseline-NN-MSE,v_y,0.0063345404948501605
Baseline-NN-MSE,v_y,0.0034402873825266633
Baseline-NN-MSE,v_y,0.013132190221602613
Baseline-NN-MSE,v_y,-0.001446800977772389
Baseline-NN-MSE,v_y,0.00823689820403592
Baseline-NN-MSE,v_y,0.01159480276522909
Baseline-NN-MSE,v_y,0.010027343195544214
Baseline-NN-MSE,v_y,0.007536402030095202
Baseline-NN-MSE,v_y,-0.002166470872065701
Baseline-NN-MSE,v_y,-0.002070368965531394
Baseline-NN-MSE,v_y,0.0013429720687493651
Baseline-NN-MSE,v_y,-0.006268833671920604
Baseline-NN-MSE,v_y,-0.007604179370375368
Baseline-NN-MSE,v_y,0.0004222180483605953
Baseline-NN-MSE,v_y,-0.004647678921985449
Baseline-NN-MSE,v_y,-0.006113289467398253
Baseline-NN-MSE,v_y,-0.003040406757839259
Baseline-NN-MSE,v_y,-0.018361373220728006
Baseline-NN-MSE,v_y,-0.027474526605048205
Baseline-NN-MSE,v_y,-0.01948314790257183
Baseline-NN-MSE,v_y,-0.007129273564870364
Baseline-NN-MSE,v_y,-0.04469657841790331
Baseline-NN-MSE,v_y,-0.02622756388761921
Baseline-NN-MSE,v_y,-0.011807484219457987
Baseline-NN-MSE,v_y,-0.051182514850047434
Baseline-NN-MSE,v_y,-0.0411922665163873
Baseline-NN-MSE,v_y,-0.019791999969026475
Baseline-NN-MSE,v_y,-0.013109703087769597
Baseline-NN-MSE,v_y,-0.006998922131426166
Baseline-NN-MSE,v_y,-0.010684788957545432
Baseline-NN-MSE,v_y,-0.06754505613234674
Baseline-NN-MSE,v_y,0.00845103897325472
