[INFO] [launch]: All log files can be found below /home/ebrahim/.ros/log/2026-09-18-21-42-37-628199-ebrahim-msi-210287
[INFO] [launch]: Default logging verbosity is set to INFO
[INFO] [pure_pursuit_node.py-1]: process started with pid [210341]
[INFO] [mpc_node-2]: process started with pid [210343]
[INFO] [adaptive_controller_manager_node-3]: process started with pid [210345]
[INFO] [adaptive_controller_benchmark_node-4]: process started with pid [210347]
[mpc_node-2] [INFO] [1789756957.860938618] [mpc_path_tracking]: ╔══════════════════════════════════════════════════════════════╗
[mpc_node-2] [INFO] [1789756957.861589118] [mpc_path_tracking]: ║          MPC PATH TRACKING — LOADED PARAMETERS              ║
[mpc_node-2] [INFO] [1789756957.861611511] [mpc_path_tracking]: ╚══════════════════════════════════════════════════════════════╝
[mpc_node-2] [INFO] [1789756957.861628439] [mpc_path_tracking]: ──── Topics ────
[mpc_node-2] [INFO] [1789756957.861642531] [mpc_path_tracking]:   odom_topic                : /odom
[mpc_node-2] [INFO] [1789756957.861655563] [mpc_path_tracking]:   waypoint_topic            : /raceline_waypoints
[mpc_node-2] [INFO] [1789756957.861667735] [mpc_path_tracking]:   drive_topic               : mpc/drive_cmd
[mpc_node-2] [INFO] [1789756957.861680343] [mpc_path_tracking]:   predicted_trajectory_topic : /mpc/predicted_path
[mpc_node-2] [INFO] [1789756957.861691888] [mpc_path_tracking]:   status_topic              : /mpc/status
[mpc_node-2] [INFO] [1789756957.861703344] [mpc_path_tracking]:   debug_topic_prefix        : /mpc/debug
[mpc_node-2] [INFO] [1789756957.861713648] [mpc_path_tracking]:   enable_topic              : Start_Working_mpc
[mpc_node-2] [INFO] [1789756957.861724877] [mpc_path_tracking]:   param_service             : mpc/update_params
[mpc_node-2] [INFO] [1789756957.861735038] [mpc_path_tracking]: ──── Mode ────
[mpc_node-2] [INFO] [1789756957.861748175] [mpc_path_tracking]:   standalone_mode           : false
[mpc_node-2] [INFO] [1789756957.861882209] [mpc_path_tracking]: ──── Horizon / Timing ────
[mpc_node-2] [INFO] [1789756957.861900459] [mpc_path_tracking]:   N                         : 20
[mpc_node-2] [INFO] [1789756957.861913520] [mpc_path_tracking]:   dt_min                    : 0.0200 s
[mpc_node-2] [INFO] [1789756957.861939316] [mpc_path_tracking]:   dt_max                    : 0.0700 s
[mpc_node-2] [INFO] [1789756957.861953424] [mpc_path_tracking]:   dt_adaptive               : false
[mpc_node-2] [INFO] [1789756957.861964723] [mpc_path_tracking]:   horizon_distance_m        : 5.50 m
[mpc_node-2] [INFO] [1789756957.861976804] [mpc_path_tracking]:   adaptive_distance         : true
[mpc_node-2] [INFO] [1789756957.861987701] [mpc_path_tracking]:   distance_gain             : 1.40 s
[mpc_node-2] [INFO] [1789756957.862002025] [mpc_path_tracking]:   distance_curvature_gain   : 40.00 m
[mpc_node-2] [INFO] [1789756957.862016212] [mpc_path_tracking]:   control_rate_hz           : 20.0 Hz
[mpc_node-2] [INFO] [1789756957.862027941] [mpc_path_tracking]: ──── Cost Matrices ────
[mpc_node-2] [INFO] [1789756957.862045001] [mpc_path_tracking]:   Q      [e_y, e_psi, vx_err, vy, r_err] : [10.0000, 5.0000, 25.0000, 0.0000, 100.0000]
[mpc_node-2] [INFO] [1789756957.862059219] [mpc_path_tracking]:   R      [steering, accel]                : [10.0000, 1.0000]
[mpc_node-2] [INFO] [1789756957.862072738] [mpc_path_tracking]:   R_rate [steering, accel]                : [10.0000, 50.0000]
[mpc_node-2] [INFO] [1789756957.862087484] [mpc_path_tracking]:   Qf     [e_y, e_psi, vx_err, vy, r_err] : [10.0000, 5.0000, 25.0000, 0.0000, 100.0000]
[mpc_node-2] [INFO] [1789756957.862098500] [mpc_path_tracking]: ──── Vehicle Geometry / Mass ────
[mpc_node-2] [INFO] [1789756957.862109409] [mpc_path_tracking]:   mass                      : 269.8400 kg
[mpc_node-2] [INFO] [1789756957.862124010] [mpc_path_tracking]:   Iz                        : 51.10000 kg·m²
[mpc_node-2] [INFO] [1789756957.862137333] [mpc_path_tracking]:   l_f                       : 0.7381 m
[mpc_node-2] [INFO] [1789756957.862149534] [mpc_path_tracking]:   l_r                       : 0.7954 m
[mpc_node-2] [INFO] [1789756957.862166749] [mpc_path_tracking]:   h_cg                      : 0.3154 m
[mpc_node-2] [INFO] [1789756957.862178999] [mpc_path_tracking]: ──── Pacejka Tire Model ────
[mpc_node-2] [INFO] [1789756957.862190900] [mpc_path_tracking]:   Front: Bf=10.0000  Cf=1.9000  Df=1.5000  Ef=0.9700
[mpc_node-2] [INFO] [1789756957.862222620] [mpc_path_tracking]:   Rear:  Br=10.0000  Cr=1.9000  Dr=1.5000  Er=0.9700
[mpc_node-2] [INFO] [1789756957.862239628] [mpc_path_tracking]: ──── Actuator Limits ────
[mpc_node-2] [INFO] [1789756957.862251104] [mpc_path_tracking]:   steering_angle_max        : 0.2793 rad
[mpc_node-2] [INFO] [1789756957.862296235] [mpc_path_tracking]:   steering_angle_min        : -0.2793 rad
[mpc_node-2] [INFO] [1789756957.862313130] [mpc_path_tracking]:   steering_rate_max         : 1.00 rad/s
[mpc_node-2] [INFO] [1789756957.862325999] [mpc_path_tracking]:   speed_max                 : 27.77 m/s
[mpc_node-2] [INFO] [1789756957.862340269] [mpc_path_tracking]:   speed_min                 : 0.00 m/s
[mpc_node-2] [INFO] [1789756957.862352115] [mpc_path_tracking]:   accel_max                 : 5.71 m/s²
[mpc_node-2] [INFO] [1789756957.862364283] [mpc_path_tracking]:   decel_max                 : 3.71 m/s²
[mpc_node-2] [INFO] [1789756957.862376669] [mpc_path_tracking]:   jerk_max                  : 1000.00 m/s³
[mpc_node-2] [INFO] [1789756957.862390490] [mpc_path_tracking]:   lateral_accel_max         : 6.50 m/s²
[mpc_node-2] [INFO] [1789756957.862403201] [mpc_path_tracking]:   grip_utilization          : 0.75 of identified ceiling
[mpc_node-2] [INFO] [1789756957.862441538] [mpc_path_tracking]:   friction_ellipse          : true (lateral and longitudinal budgets coupled)
[mpc_node-2] [INFO] [1789756957.862457061] [mpc_path_tracking]:   grip_rise_rate_per_s      : 0.50 m/s² per s (drops are instant)
[mpc_node-2] [INFO] [1789756957.862472057] [mpc_path_tracking]:   critical_speed_safety     : 0.90 of v_crit
[mpc_node-2] [INFO] [1789756957.862492246] [mpc_path_tracking]:   critical_speed_floor      : 3.00 m/s
[mpc_node-2] [INFO] [1789756957.862506573] [mpc_path_tracking]:   sigma_tighten_gain        : 1.00
[mpc_node-2] [INFO] [1789756957.862518703] [mpc_path_tracking]:   grip_utilization_min      : 0.20
[mpc_node-2] [INFO] [1789756957.862531357] [mpc_path_tracking]:   mu_fast.topic             : /sysid/friction (optional, D alone if silent)
[mpc_node-2] [INFO] [1789756957.862542829] [mpc_path_tracking]:   mu_fast.timeout_s         : 5.0 s
[mpc_node-2] [INFO] [1789756957.862556497] [mpc_path_tracking]:   drivetrain_tau_s          : 2.770 s
[mpc_node-2] [INFO] [1789756957.862569454] [mpc_path_tracking]:   drivetrain_tau_decel_s    : -0.200 s
[mpc_node-2] [INFO] [1789756957.862584307] [mpc_path_tracking]:   drivetrain_tau_auto       : true (identified online)
[mpc_node-2] [INFO] [1789756957.862595689] [mpc_path_tracking]: ──── Solver Settings ────
[mpc_node-2] [INFO] [1789756957.862607120] [mpc_path_tracking]:   solve_on_new_odom         : true (skip cycles with no new odom)
[mpc_node-2] [INFO] [1789756957.862620018] [mpc_path_tracking]:   backend                   : acados
[mpc_node-2] [INFO] [1789756957.862632618] [mpc_path_tracking]:   max_iter                  : 200
[mpc_node-2] [INFO] [1789756957.862645569] [mpc_path_tracking]:   eps_abs                   : 1.0e-04
[mpc_node-2] [INFO] [1789756957.862659581] [mpc_path_tracking]:   eps_rel                   : 1.0e-04
[mpc_node-2] [INFO] [1789756957.862672468] [mpc_path_tracking]:   warm_start                : true
[mpc_node-2] [INFO] [1789756957.862685324] [mpc_path_tracking]:   polish                    : true
[mpc_node-2] [INFO] [1789756957.862707007] [mpc_path_tracking]:   time_limit_ms             : 15.0 ms
[mpc_node-2] [INFO] [1789756957.862722689] [mpc_path_tracking]:   fallback_on_failure       : hold_last
[mpc_node-2] [INFO] [1789756957.862733535] [mpc_path_tracking]: ──── Acados Settings (used iff solver.backend == "acados") ────
[mpc_node-2] [INFO] [1789756957.862745350] [mpc_path_tracking]:   qp_solver                 : PARTIAL_CONDENSING_HPIPM
[mpc_node-2] [INFO] [1789756957.862756694] [mpc_path_tracking]:   cond_N                    : 5
[mpc_node-2] [INFO] [1789756957.862768030] [mpc_path_tracking]:   iter_max                  : 1000
[mpc_node-2] [INFO] [1789756957.862781065] [mpc_path_tracking]:   tol_stat/eq/ineq/comp     : 1.0e-04 / 1.0e-04 / 1.0e-04 / 1.0e-04
[mpc_node-2] [INFO] [1789756957.862798203] [mpc_path_tracking]:   warm_start                : true
[mpc_node-2] [INFO] [1789756957.862810096] [mpc_path_tracking]:   print_level               : 0
[mpc_node-2] [INFO] [1789756957.862820953] [mpc_path_tracking]: ──── Debug / Diagnostics ────
[mpc_node-2] [INFO] [1789756957.862832209] [mpc_path_tracking]:   enabled                   : true
[mpc_node-2] [INFO] [1789756957.862843089] [mpc_path_tracking]:   publish_predicted_path    : true
[mpc_node-2] [INFO] [1789756957.862854692] [mpc_path_tracking]:   publish_cost_breakdown    : true
[mpc_node-2] [INFO] [1789756957.862866727] [mpc_path_tracking]:   log_solve_time            : true
[mpc_node-2] [INFO] [1789756957.862878843] [mpc_path_tracking]:   log_level                 : info
[mpc_node-2] [INFO] [1789756957.862902582] [mpc_path_tracking]: ══════════════════════════════════════════════════════════════
[mpc_node-2] [WARN] [1789756957.862959002] [mpc_path_tracking]: horizon.dt_min=0.0200s is shorter than the control period (1/control_rate_hz=0.0500s) - raising dt_min to 0.0500s to keep the internal step >= the actual command-hold time
[mpc_node-2] [WARN] [1789756957.864043041] [mpc_path_tracking]: horizon.dt_min=0.0200s is shorter than the control period (1/control_rate_hz=0.0500s) - raising dt_min to 0.0500s to keep the internal step >= the actual command-hold time
[mpc_node-2] [INFO] [1789756957.879903821] [mpc_path_tracking]: mpc_path_tracking ready: odom=/odom waypoints=/raceline_waypoints drive=mpc/drive_cmd standalone=false backend=acados
[mpc_node-2] [WARN] [1789756957.879973842] [mpc_path_tracking]: model check: C_front=39129 N/rad C_rear=36314 N/rad -> OVERSTEERING, prediction model is open-loop unstable above v_crit=1844970076.0 m/s; every horizon stage linearized above that speed diverges and the QP becomes ill-conditioned
[mpc_node-2] [INFO] [1789756957.889221833] [mpc_path_tracking]: loaded 2916 raceline waypoints at speed cap 27.77 m/s, lateral cap 6.50 m/s^2 (0.66 g, limits.lateral_accel_max, no tire identification yet); reference now peaks at 4.98 m/s^2 (0.51 g)
[mpc_node-2] [WARN] [1789756957.889303752] [mpc_path_tracking]: raceline speed profile exceeds limits.speed_max=27.77 m/s at 1343/2916 waypoints (max 27.78 m/s, 1.0x the limit) - clamped. The raceline was optimized for a faster vehicle than this one; regenerate it with v_max=27.77 m/s for a usable speed profile. Raising limits.speed_max only helps if the VEHICLE can really go that fast - the cap must describe the plant, not the ambition.
[mpc_node-2] [WARN] [1789756957.930130372] [mpc_path_tracking]: fallback active (hold_last): no odometry received yet
[adaptive_controller_manager_node-3] [INFO] [1789756958.233162553] [adaptive_controller_manager]: adaptive_controller_manager ready, starting in BOOTSTRAP_PP
[adaptive_controller_manager_node-3] [INFO] [1789756958.253383163] [adaptive_controller_manager]: [status] active=BOOTSTRAP state=BOOTSTRAP_PP | pp: health=BAD state=idle | mpc: health=BAD | v_x=0.00 e_y=0.000 theta=0.000 | params: stored_v=0 fwd_v=0 pending=no
[adaptive_controller_benchmark_node-4] [INFO] [1789756958.506701331] [adaptive_controller_benchmark_node]: CSV logging enabled: /home/ebrahim/Ebrahim_Master_Thesis_repo/graphs/control/ours-decay-mu/raw/controller.csv
[adaptive_controller_benchmark_node-4] [INFO] [1789756958.507502469] [adaptive_controller_benchmark_node]: adaptive_controller_benchmark_node started
[adaptive_controller_benchmark_node-4] [INFO] [1789756958.508303050] [adaptive_controller_benchmark_node]: Driving tick topic: manager/state
[adaptive_controller_benchmark_node-4] [INFO] [1789756958.508963848] [adaptive_controller_benchmark_node]: Plot export enabled -> /home/ebrahim/Ebrahim_Master_Thesis_repo/graphs/control/ours-decay-mu (on shutdown)
[adaptive_controller_benchmark_node-4] [INFO] [1789756958.509668357] [adaptive_controller_benchmark_node]: CSV logging enabled -> /home/ebrahim/Ebrahim_Master_Thesis_repo/graphs/control/ours-decay-mu/raw/controller.csv
[mpc_node-2] [WARN] [1789756959.933880416] [mpc_path_tracking]: fallback active (hold_last): QP solve failed: acados MINSTEP (code 3, 1 iters, 1000 allowed) | worst stage k=2: rho(Ad)=34918.932 at v_ref=0.6 m/s, kappa=0.0001 1/m, dt=0.050 s -> prediction grows 1e+90.9 over N=20
[adaptive_controller_manager_node-3] [INFO] [1789756960.253429989] [adaptive_controller_manager]: [status] active=BOOTSTRAP state=BOOTSTRAP_PP | pp: health=BAD state=idle | mpc: health=BAD | v_x=0.00 e_y=2.628 theta=0.011 | params: stored_v=0 fwd_v=0 pending=no
[pure_pursuit_node.py-1] [INFO] [1789756961.026758048] [pure_pursuit]: Pure Pursuit Node initialized
[pure_pursuit_node.py-1] [INFO] [1789756961.028071301] [pure_pursuit]: Lookahead: FIXED at 5.50 m
[pure_pursuit_node.py-1] [INFO] [1789756961.028723804] [pure_pursuit]: Speed reference: FIXED at 11.00 m/s (per-waypoint vx_mps ignored)
[pure_pursuit_node.py-1] [INFO] [1789756961.068007874] [pure_pursuit]: Received 2916 waypoints
[mpc_node-2] [WARN] [1789756961.931705036] [mpc_path_tracking]: steering rate saturated: 0.0500 rad in 0.050 s = 1.00 rad/s at the limits.steering_rate_max cap of 1.00 rad/s
[mpc_node-2] [WARN] [1789756961.993509487] [mpc_path_tracking]: fallback active (hold_last): QP solve failed: acados MINSTEP (code 3, 239 iters, 1000 allowed) | worst stage k=2: rho(Ad)=16682.878 at v_ref=1.0 m/s, kappa=0.0001 1/m, dt=0.050 s -> prediction grows 1e+84.4 over N=20
[adaptive_controller_manager_node-3] [INFO] [1789756962.273340217] [adaptive_controller_manager]: [status] active=BOOTSTRAP state=BOOTSTRAP_PP | pp: health=BAD state=idle | mpc: health=ok | v_x=0.01 e_y=2.628 theta=0.011 | params: stored_v=0 fwd_v=0 pending=no
[adaptive_controller_manager_node-3] [INFO] [1789756962.433265556] [adaptive_controller_manager]: PP confirmed active - RUNNING_PP
[adaptive_controller_benchmark_node-4] [INFO] [1789756962.775092810] [adaptive_controller_benchmark_node]: [t=   4.2s] N=200 RMS(e_y)=2.6281m Max|e_y|=2.6301m RMS(heading)=0.0110rad switches=0 emergency_halts=0 laps=0
[adaptive_controller_manager_node-3] [INFO] [1789756964.293309185] [adaptive_controller_manager]: [status] active=PURE PURSUIT state=RUNNING_PP | pp: health=ok state=active | mpc: health=ok | v_x=6.78 e_y=0.302 theta=-0.195 | params: stored_v=0 fwd_v=0 pending=no
[adaptive_controller_manager_node-3] [INFO] [1789756966.293346300] [adaptive_controller_manager]: [status] active=PURE PURSUIT state=RUNNING_PP | pp: health=ok state=active | mpc: health=ok | v_x=11.05 e_y=-0.011 theta=0.002 | params: stored_v=0 fwd_v=0 pending=no
[adaptive_controller_benchmark_node-4] [INFO] [1789756966.774702970] [adaptive_controller_benchmark_node]: [t=   8.2s] N=400 RMS(e_y)=2.0574m Max|e_y|=2.6301m RMS(heading)=0.0986rad switches=0 emergency_halts=0 laps=0
[adaptive_controller_manager_node-3] [INFO] [1789756968.313361440] [adaptive_controller_manager]: [status] active=PURE PURSUIT state=RUNNING_PP | pp: health=ok state=active | mpc: health=ok | v_x=10.98 e_y=-0.005 theta=0.001 | params: stored_v=0 fwd_v=0 pending=no
[adaptive_controller_manager_node-3] [INFO] [1789756970.333262596] [adaptive_controller_manager]: [status] active=PURE PURSUIT state=RUNNING_PP | pp: health=ok state=active | mpc: health=ok | v_x=10.99 e_y=-0.010 theta=0.003 | params: stored_v=0 fwd_v=0 pending=no
[adaptive_controller_benchmark_node-4] [INFO] [1789756970.774385145] [adaptive_controller_benchmark_node]: [t=  12.2s] N=600 RMS(e_y)=1.6798m Max|e_y|=2.6301m RMS(heading)=0.0805rad switches=0 emergency_halts=0 laps=0
[adaptive_controller_manager_node-3] [INFO] [1789756972.333270162] [adaptive_controller_manager]: [status] active=PURE PURSUIT state=RUNNING_PP | pp: health=ok state=active | mpc: health=ok | v_x=11.00 e_y=-0.001 theta=0.000 | params: stored_v=0 fwd_v=0 pending=no
[adaptive_controller_manager_node-3] [INFO] [1789756974.353255038] [adaptive_controller_manager]: [status] active=PURE PURSUIT state=RUNNING_PP | pp: health=ok state=active | mpc: health=ok | v_x=11.00 e_y=0.003 theta=-0.001 | params: stored_v=0 fwd_v=0 pending=no
[adaptive_controller_benchmark_node-4] [INFO] [1789756974.774638433] [adaptive_controller_benchmark_node]: [t=  16.2s] N=800 RMS(e_y)=1.4548m Max|e_y|=2.6301m RMS(heading)=0.0697rad switches=0 emergency_halts=0 laps=0
[adaptive_controller_manager_node-3] [INFO] [1789756976.373171404] [adaptive_controller_manager]: [status] active=PURE PURSUIT state=RUNNING_PP | pp: health=ok state=active | mpc: health=ok | v_x=11.00 e_y=0.015 theta=-0.001 | params: stored_v=0 fwd_v=0 pending=no
[adaptive_controller_manager_node-3] [INFO] [1789756978.393154883] [adaptive_controller_manager]: [status] active=PURE PURSUIT state=RUNNING_PP | pp: health=ok state=active | mpc: health=ok | v_x=11.00 e_y=0.050 theta=0.009 | params: stored_v=0 fwd_v=0 pending=no
[adaptive_controller_benchmark_node-4] [INFO] [1789756978.774577100] [adaptive_controller_benchmark_node]: [t=  20.2s] N=1000 RMS(e_y)=1.3013m Max|e_y|=2.6301m RMS(heading)=0.0624rad switches=0 emergency_halts=0 laps=0
[adaptive_controller_manager_node-3] [INFO] [1789756980.393202960] [adaptive_controller_manager]: [status] active=PURE PURSUIT state=RUNNING_PP | pp: health=ok state=active | mpc: health=ok | v_x=11.00 e_y=0.043 theta=-0.003 | params: stored_v=0 fwd_v=0 pending=no
[adaptive_controller_manager_node-3] [INFO] [1789756982.413264152] [adaptive_controller_manager]: [status] active=PURE PURSUIT state=RUNNING_PP | pp: health=ok state=active | mpc: health=ok | v_x=11.00 e_y=0.019 theta=-0.005 | params: stored_v=0 fwd_v=0 pending=no
[adaptive_controller_benchmark_node-4] [INFO] [1789756982.774073111] [adaptive_controller_benchmark_node]: [t=  24.2s] N=1200 RMS(e_y)=1.1880m Max|e_y|=2.6301m RMS(heading)=0.0570rad switches=0 emergency_halts=0 laps=0
[adaptive_controller_manager_node-3] [INFO] [1789756984.433072614] [adaptive_controller_manager]: [status] active=PURE PURSUIT state=RUNNING_PP | pp: health=ok state=active | mpc: health=ok | v_x=11.00 e_y=0.002 theta=0.000 | params: stored_v=0 fwd_v=0 pending=no
[adaptive_controller_manager_node-3] [INFO] [1789756986.433109540] [adaptive_controller_manager]: [status] active=PURE PURSUIT state=RUNNING_PP | pp: health=ok state=active | mpc: health=ok | v_x=11.00 e_y=-0.010 theta=0.001 | params: stored_v=0 fwd_v=0 pending=no
[adaptive_controller_benchmark_node-4] [INFO] [1789756986.774887367] [adaptive_controller_benchmark_node]: [t=  28.2s] N=1400 RMS(e_y)=1.0999m Max|e_y|=2.6301m RMS(heading)=0.0527rad switches=0 emergency_halts=0 laps=0
[adaptive_controller_manager_node-3] [INFO] [1789756988.453100155] [adaptive_controller_manager]: [status] active=PURE PURSUIT state=RUNNING_PP | pp: health=ok state=active | mpc: health=ok | v_x=11.00 e_y=-0.023 theta=-0.001 | params: stored_v=0 fwd_v=0 pending=no
[adaptive_controller_manager_node-3] [INFO] [1789756990.473051215] [adaptive_controller_manager]: [status] active=PURE PURSUIT state=RUNNING_PP | pp: health=ok state=active | mpc: health=ok | v_x=11.00 e_y=-0.028 theta=0.004 | params: stored_v=0 fwd_v=0 pending=no
[adaptive_controller_benchmark_node-4] [INFO] [1789756990.774805718] [adaptive_controller_benchmark_node]: [t=  32.2s] N=1600 RMS(e_y)=1.0289m Max|e_y|=2.6301m RMS(heading)=0.0494rad switches=0 emergency_halts=0 laps=0
[adaptive_controller_manager_node-3] [INFO] [1789756992.493004107] [adaptive_controller_manager]: [status] active=PURE PURSUIT state=RUNNING_PP | pp: health=ok state=active | mpc: health=ok | v_x=11.00 e_y=-0.018 theta=0.005 | params: stored_v=0 fwd_v=0 pending=no
[adaptive_controller_manager_node-3] [INFO] [1789756994.493128684] [adaptive_controller_manager]: [status] active=PURE PURSUIT state=RUNNING_PP | pp: health=ok state=active | mpc: health=ok | v_x=11.00 e_y=-0.008 theta=-0.001 | params: stored_v=0 fwd_v=0 pending=no
[adaptive_controller_benchmark_node-4] [INFO] [1789756994.775492610] [adaptive_controller_benchmark_node]: [t=  36.2s] N=1800 RMS(e_y)=0.9701m Max|e_y|=2.6301m RMS(heading)=0.0465rad switches=0 emergency_halts=0 laps=0
[adaptive_controller_manager_node-3] [INFO] [1789756996.513047592] [adaptive_controller_manager]: [status] active=PURE PURSUIT state=RUNNING_PP | pp: health=ok state=active | mpc: health=ok | v_x=11.00 e_y=-0.002 theta=-0.002 | params: stored_v=0 fwd_v=0 pending=no
[adaptive_controller_manager_node-3] [INFO] [1789756998.532894143] [adaptive_controller_manager]: [status] active=PURE PURSUIT state=RUNNING_PP | pp: health=ok state=active | mpc: health=ok | v_x=11.00 e_y=-0.003 theta=0.000 | params: stored_v=0 fwd_v=0 pending=no
[adaptive_controller_benchmark_node-4] [INFO] [1789756998.775011015] [adaptive_controller_benchmark_node]: [t=  40.2s] N=2000 RMS(e_y)=0.9203m Max|e_y|=2.6301m RMS(heading)=0.0442rad switches=0 emergency_halts=0 laps=0
[adaptive_controller_manager_node-3] [INFO] [1789757000.532913347] [adaptive_controller_manager]: [status] active=PURE PURSUIT state=RUNNING_PP | pp: health=ok state=active | mpc: health=ok | v_x=11.00 e_y=-0.003 theta=0.000 | params: stored_v=0 fwd_v=0 pending=no
[adaptive_controller_manager_node-3] [INFO] [1789757002.533469121] [adaptive_controller_manager]: [status] active=PURE PURSUIT state=RUNNING_PP | pp: health=ok state=active | mpc: health=ok | v_x=11.00 e_y=0.018 theta=-0.000 | params: stored_v=0 fwd_v=0 pending=no
[adaptive_controller_benchmark_node-4] [INFO] [1789757002.775451080] [adaptive_controller_benchmark_node]: [t=  44.2s] N=2200 RMS(e_y)=0.8775m Max|e_y|=2.6301m RMS(heading)=0.0421rad switches=0 emergency_halts=0 laps=0
[adaptive_controller_manager_node-3] [INFO] [1789757004.552893249] [adaptive_controller_manager]: [status] active=PURE PURSUIT state=RUNNING_PP | pp: health=ok state=active | mpc: health=ok | v_x=11.00 e_y=0.119 theta=-0.004 | params: stored_v=0 fwd_v=0 pending=no
[adaptive_controller_manager_node-3] [INFO] [1789757006.552961524] [adaptive_controller_manager]: [status] active=PURE PURSUIT state=RUNNING_PP | pp: health=ok state=active | mpc: health=ok | v_x=11.00 e_y=0.161 theta=-0.008 | params: stored_v=0 fwd_v=0 pending=no
[adaptive_controller_benchmark_node-4] [INFO] [1789757006.774282443] [adaptive_controller_benchmark_node]: [t=  48.2s] N=2400 RMS(e_y)=0.8412m Max|e_y|=2.6301m RMS(heading)=0.0406rad switches=0 emergency_halts=0 laps=0
[adaptive_controller_manager_node-3] [INFO] [1789757008.552978607] [adaptive_controller_manager]: [status] active=PURE PURSUIT state=RUNNING_PP | pp: health=ok state=active | mpc: health=ok | v_x=11.00 e_y=0.026 theta=-0.004 | params: stored_v=0 fwd_v=0 pending=no
[adaptive_controller_manager_node-3] [INFO] [1789757010.572739015] [adaptive_controller_manager]: [status] active=PURE PURSUIT state=RUNNING_PP | pp: health=ok state=active | mpc: health=ok | v_x=11.00 e_y=-0.024 theta=-0.003 | params: stored_v=0 fwd_v=0 pending=no
[adaptive_controller_benchmark_node-4] [INFO] [1789757010.774132516] [adaptive_controller_benchmark_node]: [t=  52.2s] N=2600 RMS(e_y)=0.8083m Max|e_y|=2.6301m RMS(heading)=0.0391rad switches=0 emergency_halts=0 laps=0
[adaptive_controller_manager_node-3] [INFO] [1789757012.572756455] [adaptive_controller_manager]: [status] active=PURE PURSUIT state=RUNNING_PP | pp: health=ok state=active | mpc: health=ok | v_x=11.00 e_y=-0.180 theta=0.013 | params: stored_v=0 fwd_v=0 pending=no
[adaptive_controller_manager_node-3] [INFO] [1789757014.592738807] [adaptive_controller_manager]: [status] active=PURE PURSUIT state=RUNNING_PP | pp: health=ok state=active | mpc: health=ok | v_x=11.01 e_y=-0.243 theta=0.054 | params: stored_v=0 fwd_v=0 pending=no
[adaptive_controller_benchmark_node-4] [INFO] [1789757014.774894232] [adaptive_controller_benchmark_node]: [t=  56.2s] N=2800 RMS(e_y)=0.7807m Max|e_y|=2.6301m RMS(heading)=0.0381rad switches=0 emergency_halts=0 laps=0
[adaptive_controller_manager_node-3] [INFO] [1789757016.592758624] [adaptive_controller_manager]: [status] active=PURE PURSUIT state=RUNNING_PP | pp: health=ok state=active | mpc: health=ok | v_x=10.99 e_y=-0.026 theta=0.005 | params: stored_v=0 fwd_v=0 pending=no
[adaptive_controller_manager_node-3] [INFO] [1789757018.612799392] [adaptive_controller_manager]: [status] active=PURE PURSUIT state=RUNNING_PP | pp: health=ok state=active | mpc: health=ok | v_x=11.00 e_y=-0.005 theta=-0.001 | params: stored_v=0 fwd_v=0 pending=no
[adaptive_controller_benchmark_node-4] [INFO] [1789757018.773935031] [adaptive_controller_benchmark_node]: [t=  60.2s] N=3000 RMS(e_y)=0.7544m Max|e_y|=2.6301m RMS(heading)=0.0369rad switches=0 emergency_halts=0 laps=0
[adaptive_controller_manager_node-3] [INFO] [1789757020.613505141] [adaptive_controller_manager]: [status] active=PURE PURSUIT state=RUNNING_PP | pp: health=ok state=active | mpc: health=ok | v_x=11.00 e_y=-0.007 theta=-0.000 | params: stored_v=0 fwd_v=0 pending=no
[adaptive_controller_manager_node-3] [INFO] [1789757022.632711152] [adaptive_controller_manager]: [status] active=PURE PURSUIT state=RUNNING_PP | pp: health=ok state=active | mpc: health=ok | v_x=11.00 e_y=-0.031 theta=0.006 | params: stored_v=0 fwd_v=0 pending=no
[adaptive_controller_benchmark_node-4] [INFO] [1789757022.774354927] [adaptive_controller_benchmark_node]: [t=  64.2s] N=3200 RMS(e_y)=0.7305m Max|e_y|=2.6301m RMS(heading)=0.0358rad switches=0 emergency_halts=0 laps=0
[adaptive_controller_manager_node-3] [INFO] [1789757024.652741896] [adaptive_controller_manager]: [status] active=PURE PURSUIT state=RUNNING_PP | pp: health=ok state=active | mpc: health=ok | v_x=11.00 e_y=-0.069 theta=-0.004 | params: stored_v=0 fwd_v=0 pending=no
[adaptive_controller_manager_node-3] [INFO] [1789757026.672684788] [adaptive_controller_manager]: [status] active=PURE PURSUIT state=RUNNING_PP | pp: health=ok state=active | mpc: health=ok | v_x=11.00 e_y=-0.026 theta=-0.002 | params: stored_v=0 fwd_v=0 pending=no
[adaptive_controller_benchmark_node-4] [INFO] [1789757026.773883157] [adaptive_controller_benchmark_node]: [t=  68.2s] N=3400 RMS(e_y)=0.7088m Max|e_y|=2.6301m RMS(heading)=0.0347rad switches=0 emergency_halts=0 laps=0
[adaptive_controller_manager_node-3] [INFO] [1789757028.672701485] [adaptive_controller_manager]: [status] active=PURE PURSUIT state=RUNNING_PP | pp: health=ok state=active | mpc: health=ok | v_x=11.00 e_y=0.002 theta=-0.001 | params: stored_v=0 fwd_v=0 pending=no
[adaptive_controller_manager_node-3] [INFO] [1789757030.692682125] [adaptive_controller_manager]: [status] active=PURE PURSUIT state=RUNNING_PP | pp: health=ok state=active | mpc: health=ok | v_x=11.00 e_y=0.003 theta=-0.001 | params: stored_v=0 fwd_v=0 pending=no
[adaptive_controller_benchmark_node-4] [INFO] [1789757030.774427866] [adaptive_controller_benchmark_node]: [t=  72.2s] N=3600 RMS(e_y)=0.6888m Max|e_y|=2.6301m RMS(heading)=0.0338rad switches=0 emergency_halts=0 laps=0
[adaptive_controller_manager_node-3] [INFO] [1789757032.712696921] [adaptive_controller_manager]: [status] active=PURE PURSUIT state=RUNNING_PP | pp: health=ok state=active | mpc: health=ok | v_x=11.00 e_y=0.003 theta=-0.001 | params: stored_v=0 fwd_v=0 pending=no
[adaptive_controller_manager_node-3] [INFO] [1789757034.732615831] [adaptive_controller_manager]: [status] active=PURE PURSUIT state=RUNNING_PP | pp: health=ok state=active | mpc: health=ok | v_x=11.00 e_y=0.003 theta=-0.000 | params: stored_v=0 fwd_v=0 pending=no
[adaptive_controller_benchmark_node-4] [INFO] [1789757034.773658004] [adaptive_controller_benchmark_node]: [t=  76.2s] N=3800 RMS(e_y)=0.6704m Max|e_y|=2.6301m RMS(heading)=0.0329rad switches=0 emergency_halts=0 laps=0
[adaptive_controller_manager_node-3] [INFO] [1789757036.752615417] [adaptive_controller_manager]: [status] active=PURE PURSUIT state=RUNNING_PP | pp: health=ok state=active | mpc: health=ok | v_x=11.00 e_y=0.003 theta=-0.001 | params: stored_v=0 fwd_v=0 pending=no
[adaptive_controller_manager_node-3] [INFO] [1789757038.772597943] [adaptive_controller_manager]: [status] active=PURE PURSUIT state=RUNNING_PP | pp: health=ok state=active | mpc: health=ok | v_x=11.00 e_y=0.005 theta=-0.001 | params: stored_v=0 fwd_v=0 pending=no
[adaptive_controller_benchmark_node-4] [INFO] [1789757038.773776021] [adaptive_controller_benchmark_node]: [t=  80.2s] N=4000 RMS(e_y)=0.6535m Max|e_y|=2.6301m RMS(heading)=0.0320rad switches=0 emergency_halts=0 laps=0
[adaptive_controller_manager_node-3] [INFO] [1789757040.792549011] [adaptive_controller_manager]: [status] active=PURE PURSUIT state=RUNNING_PP | pp: health=ok state=active | mpc: health=ok | v_x=11.00 e_y=0.005 theta=-0.001 | params: stored_v=0 fwd_v=0 pending=no
[adaptive_controller_benchmark_node-4] [INFO] [1789757042.774415826] [adaptive_controller_benchmark_node]: [t=  84.2s] N=4200 RMS(e_y)=0.6377m Max|e_y|=2.6301m RMS(heading)=0.0313rad switches=0 emergency_halts=0 laps=0
[adaptive_controller_manager_node-3] [INFO] [1789757042.812656915] [adaptive_controller_manager]: [status] active=PURE PURSUIT state=RUNNING_PP | pp: health=ok state=active | mpc: health=ok | v_x=11.00 e_y=0.005 theta=-0.001 | params: stored_v=0 fwd_v=0 pending=no
[adaptive_controller_manager_node-3] [INFO] [1789757044.832429988] [adaptive_controller_manager]: [status] active=PURE PURSUIT state=RUNNING_PP | pp: health=ok state=active | mpc: health=ok | v_x=11.00 e_y=0.004 theta=-0.001 | params: stored_v=0 fwd_v=0 pending=no
[adaptive_controller_benchmark_node-4] [INFO] [1789757046.773768018] [adaptive_controller_benchmark_node]: [t=  88.2s] N=4400 RMS(e_y)=0.6231m Max|e_y|=2.6301m RMS(heading)=0.0305rad switches=0 emergency_halts=0 laps=0
[adaptive_controller_manager_node-3] [INFO] [1789757046.852503827] [adaptive_controller_manager]: [status] active=PURE PURSUIT state=RUNNING_PP | pp: health=ok state=active | mpc: health=ok | v_x=11.00 e_y=0.005 theta=-0.001 | params: stored_v=0 fwd_v=0 pending=no
[adaptive_controller_manager_node-3] [INFO] [1789757047.254459296] [adaptive_controller_manager]: sysid/update_params: accepted and stored new tire params
[adaptive_controller_manager_node-3] [INFO] [1789757047.272557163] [adaptive_controller_manager]: [status] stored params awaiting arming: all gates pass
[mpc_node-2] [INFO] [1789757047.272652606] [mpc_path_tracking]: tire params updated via mpc/update_params
[mpc_node-2] [INFO] [1789757047.272697666] [mpc_path_tracking]: model check: C_front=16739 N/rad C_rear=16381 N/rad -> understeering, linearization stable at all speeds
[mpc_node-2] [INFO] [1789757047.273216179] [mpc_path_tracking]: loaded 2916 raceline waypoints at speed cap 27.77 m/s, lateral cap 6.18 m/s^2 (0.63 g, grip ceiling 9.87 m/s^2 (Pacejka D 9.87 x fast mu ratio 1.00, D only) x 0.75 utilization (base 0.75, shape 0.75) x 0.84 binding axle under braking = 6.18, capped by limits.lateral_accel_max 6.50); reference now peaks at 4.98 m/s^2 (0.51 g)
[mpc_node-2] [WARN] [1789757047.273241274] [mpc_path_tracking]: raceline speed profile exceeds limits.speed_max=27.77 m/s at 1343/2916 waypoints (max 27.78 m/s, 1.0x the limit) - clamped. The raceline was optimized for a faster vehicle than this one; regenerate it with v_max=27.77 m/s for a usable speed profile. Raising limits.speed_max only helps if the VEHICLE can really go that fast - the cap must describe the plant, not the ambition.
[mpc_node-2] [INFO] [1789757047.274048026] [mpc_path_tracking]: loaded 2916 raceline waypoints at speed cap 27.77 m/s, lateral cap 6.18 m/s^2 (0.63 g, grip ceiling 9.87 m/s^2 (Pacejka D 9.87 x fast mu ratio 1.00, D only) x 0.75 utilization (base 0.75, shape 0.75) x 0.84 binding axle under braking = 6.18, capped by limits.lateral_accel_max 6.50); reference now peaks at 4.98 m/s^2 (0.51 g)
[mpc_node-2] [WARN] [1789757047.274083845] [mpc_path_tracking]: raceline speed profile exceeds limits.speed_max=27.77 m/s at 1343/2916 waypoints (max 27.78 m/s, 1.0x the limit) - clamped. The raceline was optimized for a faster vehicle than this one; regenerate it with v_max=27.77 m/s for a usable speed profile. Raising limits.speed_max only helps if the VEHICLE can really go that fast - the cap must describe the plant, not the ambition.
[adaptive_controller_manager_node-3] [INFO] [1789757047.292328354] [adaptive_controller_manager]: Beginning switch to MPC (v_frozen=11.00)
[adaptive_controller_manager_node-3] [INFO] [1789757048.312322005] [adaptive_controller_manager]: Switch to MPC complete
[adaptive_controller_manager_node-3] [INFO] [1789757048.872390136] [adaptive_controller_manager]: [status] active=MPC state=RUNNING_MPC | pp: health=ok state=active | mpc: health=ok | v_x=15.83 e_y=-0.027 theta=-0.002 | params: stored_v=1 fwd_v=1 pending=no
[adaptive_controller_benchmark_node-4] [INFO] [1789757050.773781767] [adaptive_controller_benchmark_node]: [t=  92.2s] N=4600 RMS(e_y)=0.6094m Max|e_y|=2.6301m RMS(heading)=0.0299rad switches=1 emergency_halts=0 laps=0
[adaptive_controller_manager_node-3] [INFO] [1789757050.872425769] [adaptive_controller_manager]: [status] active=MPC state=RUNNING_MPC | pp: health=ok state=active | mpc: health=ok | v_x=25.37 e_y=-0.066 theta=-0.000 | params: stored_v=1 fwd_v=1 pending=no
[adaptive_controller_manager_node-3] [INFO] [1789757052.892429870] [adaptive_controller_manager]: [status] active=MPC state=RUNNING_MPC | pp: health=ok state=active | mpc: health=ok | v_x=18.23 e_y=-0.061 theta=-0.001 | params: stored_v=1 fwd_v=1 pending=no
[adaptive_controller_benchmark_node-4] [INFO] [1789757054.773664769] [adaptive_controller_benchmark_node]: [t=  96.2s] N=4800 RMS(e_y)=0.5974m Max|e_y|=2.6301m RMS(heading)=0.0296rad switches=1 emergency_halts=0 laps=0
[adaptive_controller_manager_node-3] [INFO] [1789757054.912428293] [adaptive_controller_manager]: [status] active=MPC state=RUNNING_MPC | pp: health=ok state=active | mpc: health=ok | v_x=15.48 e_y=-0.161 theta=0.033 | params: stored_v=1 fwd_v=1 pending=no
[mpc_node-2] [INFO] [1789757055.237054329] [mpc_path_tracking]: fast friction estimate acquired on /sysid/friction: grip now follows mu as well as D
[mpc_node-2] [INFO] [1789757055.237582028] [mpc_path_tracking]: loaded 2916 raceline waypoints at speed cap 27.77 m/s, lateral cap 5.69 m/s^2 (0.58 g, grip ceiling 9.87 m/s^2 (Pacejka D 9.87 x fast mu ratio 1.00, fast mu live) x 0.69 utilization (base 0.75, shape 0.75) x 0.84 binding axle under braking = 5.69, capped by limits.lateral_accel_max 6.50); reference now peaks at 4.98 m/s^2 (0.51 g)
[mpc_node-2] [WARN] [1789757055.237610366] [mpc_path_tracking]: raceline speed profile exceeds limits.speed_max=27.77 m/s at 1343/2916 waypoints (max 27.78 m/s, 1.0x the limit) - clamped. The raceline was optimized for a faster vehicle than this one; regenerate it with v_max=27.77 m/s for a usable speed profile. Raising limits.speed_max only helps if the VEHICLE can really go that fast - the cap must describe the plant, not the ambition.
[mpc_node-2] [INFO] [1789757056.237688500] [mpc_path_tracking]: loaded 2916 raceline waypoints at speed cap 27.77 m/s, lateral cap 6.04 m/s^2 (0.62 g, grip ceiling 10.37 m/s^2 (Pacejka D 9.87 x fast mu ratio 1.06, fast mu live) x 0.70 utilization (base 0.75, shape 0.75) x 0.84 binding axle under braking = 6.04, capped by limits.lateral_accel_max 6.50); reference now peaks at 4.98 m/s^2 (0.51 g)
[mpc_node-2] [WARN] [1789757056.237745522] [mpc_path_tracking]: raceline speed profile exceeds limits.speed_max=27.77 m/s at 1343/2916 waypoints (max 27.78 m/s, 1.0x the limit) - clamped. The raceline was optimized for a faster vehicle than this one; regenerate it with v_max=27.77 m/s for a usable speed profile. Raising limits.speed_max only helps if the VEHICLE can really go that fast - the cap must describe the plant, not the ambition.
[adaptive_controller_manager_node-3] [INFO] [1789757056.932358460] [adaptive_controller_manager]: [status] active=MPC state=RUNNING_MPC | pp: health=ok state=active | mpc: health=ok | v_x=17.03 e_y=-0.378 theta=0.048 | params: stored_v=1 fwd_v=1 pending=no
[mpc_node-2] [INFO] [1789757057.235160909] [mpc_path_tracking]: loaded 2916 raceline waypoints at speed cap 27.77 m/s, lateral cap 5.83 m/s^2 (0.59 g, grip ceiling 9.65 m/s^2 (Pacejka D 9.87 x fast mu ratio 0.98, fast mu live) x 0.72 utilization (base 0.75, shape 0.75) x 0.84 binding axle under braking = 5.83, capped by limits.lateral_accel_max 6.50); reference now peaks at 4.98 m/s^2 (0.51 g)
[mpc_node-2] [WARN] [1789757057.235256146] [mpc_path_tracking]: raceline speed profile exceeds limits.speed_max=27.77 m/s at 1343/2916 waypoints (max 27.78 m/s, 1.0x the limit) - clamped. The raceline was optimized for a faster vehicle than this one; regenerate it with v_max=27.77 m/s for a usable speed profile. Raising limits.speed_max only helps if the VEHICLE can really go that fast - the cap must describe the plant, not the ambition.
[mpc_node-2] [INFO] [1789757058.234253609] [mpc_path_tracking]: loaded 2916 raceline waypoints at speed cap 27.77 m/s, lateral cap 5.69 m/s^2 (0.58 g, grip ceiling 9.39 m/s^2 (Pacejka D 9.87 x fast mu ratio 0.95, fast mu live) x 0.73 utilization (base 0.75, shape 0.75) x 0.84 binding axle under braking = 5.69, capped by limits.lateral_accel_max 6.50); reference now peaks at 4.98 m/s^2 (0.51 g)
[mpc_node-2] [WARN] [1789757058.234315675] [mpc_path_tracking]: raceline speed profile exceeds limits.speed_max=27.77 m/s at 1343/2916 waypoints (max 27.78 m/s, 1.0x the limit) - clamped. The raceline was optimized for a faster vehicle than this one; regenerate it with v_max=27.77 m/s for a usable speed profile. Raising limits.speed_max only helps if the VEHICLE can really go that fast - the cap must describe the plant, not the ambition.
[adaptive_controller_benchmark_node-4] [INFO] [1789757058.773727030] [adaptive_controller_benchmark_node]: [t= 100.2s] N=5000 RMS(e_y)=0.5877m Max|e_y|=2.6301m RMS(heading)=0.0293rad switches=1 emergency_halts=0 laps=0
[adaptive_controller_manager_node-3] [INFO] [1789757058.952454790] [adaptive_controller_manager]: [status] active=MPC state=RUNNING_MPC | pp: health=ok state=active | mpc: health=ok | v_x=17.10 e_y=0.090 theta=-0.004 | params: stored_v=1 fwd_v=1 pending=no
[mpc_node-2] [INFO] [1789757059.237690775] [mpc_path_tracking]: loaded 2916 raceline waypoints at speed cap 27.77 m/s, lateral cap 5.95 m/s^2 (0.61 g, grip ceiling 9.87 m/s^2 (Pacejka D 9.87 x fast mu ratio 1.00, fast mu live) x 0.72 utilization (base 0.75, shape 0.75) x 0.84 binding axle under braking = 5.95, capped by limits.lateral_accel_max 6.50); reference now peaks at 4.98 m/s^2 (0.51 g)
[mpc_node-2] [WARN] [1789757059.237754402] [mpc_path_tracking]: raceline speed profile exceeds limits.speed_max=27.77 m/s at 1343/2916 waypoints (max 27.78 m/s, 1.0x the limit) - clamped. The raceline was optimized for a faster vehicle than this one; regenerate it with v_max=27.77 m/s for a usable speed profile. Raising limits.speed_max only helps if the VEHICLE can really go that fast - the cap must describe the plant, not the ambition.
[mpc_node-2] [INFO] [1789757060.234956967] [mpc_path_tracking]: loaded 2916 raceline waypoints at speed cap 27.77 m/s, lateral cap 6.26 m/s^2 (0.64 g, grip ceiling 10.37 m/s^2 (Pacejka D 9.87 x fast mu ratio 1.05, fast mu live) x 0.72 utilization (base 0.75, shape 0.75) x 0.84 binding axle under braking = 6.26, capped by limits.lateral_accel_max 6.50); reference now peaks at 4.98 m/s^2 (0.51 g)
[mpc_node-2] [WARN] [1789757060.235000872] [mpc_path_tracking]: raceline speed profile exceeds limits.speed_max=27.77 m/s at 1343/2916 waypoints (max 27.78 m/s, 1.0x the limit) - clamped. The raceline was optimized for a faster vehicle than this one; regenerate it with v_max=27.77 m/s for a usable speed profile. Raising limits.speed_max only helps if the VEHICLE can really go that fast - the cap must describe the plant, not the ambition.
[adaptive_controller_manager_node-3] [INFO] [1789757060.952506508] [adaptive_controller_manager]: [status] active=MPC state=RUNNING_MPC | pp: health=ok state=active | mpc: health=ok | v_x=14.05 e_y=0.305 theta=-0.017 | params: stored_v=1 fwd_v=1 pending=no
[mpc_node-2] [INFO] [1789757061.235238070] [mpc_path_tracking]: loaded 2916 raceline waypoints at speed cap 27.77 m/s, lateral cap 6.09 m/s^2 (0.62 g, grip ceiling 9.99 m/s^2 (Pacejka D 9.87 x fast mu ratio 1.01, fast mu live) x 0.73 utilization (base 0.75, shape 0.75) x 0.84 binding axle under braking = 6.09, capped by limits.lateral_accel_max 6.50); reference now peaks at 4.98 m/s^2 (0.51 g)
[mpc_node-2] [WARN] [1789757061.235288499] [mpc_path_tracking]: raceline speed profile exceeds limits.speed_max=27.77 m/s at 1343/2916 waypoints (max 27.78 m/s, 1.0x the limit) - clamped. The raceline was optimized for a faster vehicle than this one; regenerate it with v_max=27.77 m/s for a usable speed profile. Raising limits.speed_max only helps if the VEHICLE can really go that fast - the cap must describe the plant, not the ambition.
[mpc_node-2] [INFO] [1789757062.233315374] [mpc_path_tracking]: loaded 2916 raceline waypoints at speed cap 27.77 m/s, lateral cap 6.08 m/s^2 (0.62 g, grip ceiling 9.99 m/s^2 (Pacejka D 9.87 x fast mu ratio 1.01, fast mu live) x 0.73 utilization (base 0.75, shape 0.75) x 0.84 binding axle under braking = 6.08, capped by limits.lateral_accel_max 6.50); reference now peaks at 4.98 m/s^2 (0.51 g)
[mpc_node-2] [WARN] [1789757062.233359189] [mpc_path_tracking]: raceline speed profile exceeds limits.speed_max=27.77 m/s at 1343/2916 waypoints (max 27.78 m/s, 1.0x the limit) - clamped. The raceline was optimized for a faster vehicle than this one; regenerate it with v_max=27.77 m/s for a usable speed profile. Raising limits.speed_max only helps if the VEHICLE can really go that fast - the cap must describe the plant, not the ambition.
[adaptive_controller_benchmark_node-4] [INFO] [1789757062.773166621] [adaptive_controller_benchmark_node]: [t= 104.2s] N=5200 RMS(e_y)=0.5799m Max|e_y|=2.6301m RMS(heading)=0.0294rad switches=1 emergency_halts=0 laps=0
[adaptive_controller_manager_node-3] [INFO] [1789757062.972232814] [adaptive_controller_manager]: [status] active=MPC state=RUNNING_MPC | pp: health=ok state=active | mpc: health=ok | v_x=15.79 e_y=0.368 theta=-0.029 | params: stored_v=1 fwd_v=1 pending=no
[mpc_node-2] [INFO] [1789757063.238020866] [mpc_path_tracking]: loaded 2916 raceline waypoints at speed cap 27.77 m/s, lateral cap 6.33 m/s^2 (0.65 g, grip ceiling 10.49 m/s^2 (Pacejka D 9.87 x fast mu ratio 1.11, fast mu live) x 0.72 utilization (base 0.75, shape 0.75) x 0.84 binding axle under braking = 6.33, capped by limits.lateral_accel_max 6.50); reference now peaks at 4.98 m/s^2 (0.51 g)
[mpc_node-2] [WARN] [1789757063.238070877] [mpc_path_tracking]: raceline speed profile exceeds limits.speed_max=27.77 m/s at 1343/2916 waypoints (max 27.78 m/s, 1.0x the limit) - clamped. The raceline was optimized for a faster vehicle than this one; regenerate it with v_max=27.77 m/s for a usable speed profile. Raising limits.speed_max only helps if the VEHICLE can really go that fast - the cap must describe the plant, not the ambition.
[mpc_node-2] [INFO] [1789757064.237535750] [mpc_path_tracking]: loaded 2916 raceline waypoints at speed cap 27.77 m/s, lateral cap 6.50 m/s^2 (0.66 g, grip ceiling 10.99 m/s^2 (Pacejka D 9.87 x fast mu ratio 1.14, fast mu live) x 0.72 utilization (base 0.75, shape 0.75) x 0.84 binding axle under braking = 6.63, capped by limits.lateral_accel_max 6.50); reference now peaks at 4.98 m/s^2 (0.51 g)
[mpc_node-2] [WARN] [1789757064.237591012] [mpc_path_tracking]: raceline speed profile exceeds limits.speed_max=27.77 m/s at 1343/2916 waypoints (max 27.78 m/s, 1.0x the limit) - clamped. The raceline was optimized for a faster vehicle than this one; regenerate it with v_max=27.77 m/s for a usable speed profile. Raising limits.speed_max only helps if the VEHICLE can really go that fast - the cap must describe the plant, not the ambition.
[adaptive_controller_manager_node-3] [INFO] [1789757064.972402092] [adaptive_controller_manager]: [status] active=MPC state=RUNNING_MPC | pp: health=ok state=active | mpc: health=ok | v_x=19.67 e_y=0.062 theta=-0.018 | params: stored_v=1 fwd_v=1 pending=no
[mpc_node-2] [INFO] [1789757065.235193407] [mpc_path_tracking]: loaded 2916 raceline waypoints at speed cap 27.77 m/s, lateral cap 6.50 m/s^2 (0.66 g, grip ceiling 10.84 m/s^2 (Pacejka D 9.87 x fast mu ratio 1.10, fast mu live) x 0.72 utilization (base 0.75, shape 0.75) x 0.84 binding axle under braking = 6.54, capped by limits.lateral_accel_max 6.50); reference now peaks at 4.98 m/s^2 (0.51 g)
[mpc_node-2] [WARN] [1789757065.235242230] [mpc_path_tracking]: raceline speed profile exceeds limits.speed_max=27.77 m/s at 1343/2916 waypoints (max 27.78 m/s, 1.0x the limit) - clamped. The raceline was optimized for a faster vehicle than this one; regenerate it with v_max=27.77 m/s for a usable speed profile. Raising limits.speed_max only helps if the VEHICLE can really go that fast - the cap must describe the plant, not the ambition.
[mpc_node-2] [INFO] [1789757066.238801197] [mpc_path_tracking]: loaded 2916 raceline waypoints at speed cap 27.77 m/s, lateral cap 6.48 m/s^2 (0.66 g, grip ceiling 10.78 m/s^2 (Pacejka D 9.87 x fast mu ratio 1.09, fast mu live) x 0.72 utilization (base 0.75, shape 0.75) x 0.84 binding axle under braking = 6.48, capped by limits.lateral_accel_max 6.50); reference now peaks at 4.98 m/s^2 (0.51 g)
[mpc_node-2] [WARN] [1789757066.238858282] [mpc_path_tracking]: raceline speed profile exceeds limits.speed_max=27.77 m/s at 1343/2916 waypoints (max 27.78 m/s, 1.0x the limit) - clamped. The raceline was optimized for a faster vehicle than this one; regenerate it with v_max=27.77 m/s for a usable speed profile. Raising limits.speed_max only helps if the VEHICLE can really go that fast - the cap must describe the plant, not the ambition.
[adaptive_controller_benchmark_node-4] [INFO] [1789757066.773699378] [adaptive_controller_benchmark_node]: [t= 108.2s] N=5400 RMS(e_y)=0.5705m Max|e_y|=2.6301m RMS(heading)=0.0292rad switches=1 emergency_halts=0 laps=0
[adaptive_controller_manager_node-3] [INFO] [1789757066.992297848] [adaptive_controller_manager]: [status] active=MPC state=RUNNING_MPC | pp: health=ok state=active | mpc: health=ok | v_x=26.76 e_y=0.002 theta=-0.008 | params: stored_v=1 fwd_v=1 pending=no
[mpc_node-2] [INFO] [1789757067.237527496] [mpc_path_tracking]: loaded 2916 raceline waypoints at speed cap 27.77 m/s, lateral cap 6.42 m/s^2 (0.65 g, grip ceiling 10.66 m/s^2 (Pacejka D 9.87 x fast mu ratio 1.08, fast mu live) x 0.72 utilization (base 0.75, shape 0.75) x 0.84 binding axle under braking = 6.42, capped by limits.lateral_accel_max 6.50); reference now peaks at 4.98 m/s^2 (0.51 g)
[mpc_node-2] [WARN] [1789757067.237578705] [mpc_path_tracking]: raceline speed profile exceeds limits.speed_max=27.77 m/s at 1343/2916 waypoints (max 27.78 m/s, 1.0x the limit) - clamped. The raceline was optimized for a faster vehicle than this one; regenerate it with v_max=27.77 m/s for a usable speed profile. Raising limits.speed_max only helps if the VEHICLE can really go that fast - the cap must describe the plant, not the ambition.
[mpc_node-2] [INFO] [1789757068.233694775] [mpc_path_tracking]: loaded 2916 raceline waypoints at speed cap 27.77 m/s, lateral cap 6.05 m/s^2 (0.62 g, grip ceiling 10.03 m/s^2 (Pacejka D 9.87 x fast mu ratio 1.02, fast mu live) x 0.72 utilization (base 0.75, shape 0.75) x 0.84 binding axle under braking = 6.05, capped by limits.lateral_accel_max 6.50); reference now peaks at 4.98 m/s^2 (0.51 g)
[mpc_node-2] [WARN] [1789757068.233756721] [mpc_path_tracking]: raceline speed profile exceeds limits.speed_max=27.77 m/s at 1343/2916 waypoints (max 27.78 m/s, 1.0x the limit) - clamped. The raceline was optimized for a faster vehicle than this one; regenerate it with v_max=27.77 m/s for a usable speed profile. Raising limits.speed_max only helps if the VEHICLE can really go that fast - the cap must describe the plant, not the ambition.
[adaptive_controller_manager_node-3] [INFO] [1789757069.012242181] [adaptive_controller_manager]: [status] active=MPC state=RUNNING_MPC | pp: health=ok state=active | mpc: health=ok | v_x=27.67 e_y=0.016 theta=-0.019 | params: stored_v=1 fwd_v=1 pending=no
[mpc_node-2] [INFO] [1789757069.237314227] [mpc_path_tracking]: loaded 2916 raceline waypoints at speed cap 27.77 m/s, lateral cap 5.78 m/s^2 (0.59 g, grip ceiling 9.64 m/s^2 (Pacejka D 9.87 x fast mu ratio 0.98, fast mu live) x 0.72 utilization (base 0.75, shape 0.75) x 0.84 binding axle under braking = 5.78, capped by limits.lateral_accel_max 6.50); reference now peaks at 4.98 m/s^2 (0.51 g)
[mpc_node-2] [WARN] [1789757069.237362869] [mpc_path_tracking]: raceline speed profile exceeds limits.speed_max=27.77 m/s at 1343/2916 waypoints (max 27.78 m/s, 1.0x the limit) - clamped. The raceline was optimized for a faster vehicle than this one; regenerate it with v_max=27.77 m/s for a usable speed profile. Raising limits.speed_max only helps if the VEHICLE can really go that fast - the cap must describe the plant, not the ambition.
[mpc_node-2] [INFO] [1789757070.239804367] [mpc_path_tracking]: loaded 2916 raceline waypoints at speed cap 27.77 m/s, lateral cap 5.22 m/s^2 (0.53 g, grip ceiling 9.26 m/s^2 (Pacejka D 9.87 x fast mu ratio 0.94, fast mu live) x 0.68 utilization (base 0.75, shape 0.75) x 0.84 binding axle under braking = 5.22, capped by limits.lateral_accel_max 6.50); reference now peaks at 4.98 m/s^2 (0.51 g)
[mpc_node-2] [WARN] [1789757070.239858159] [mpc_path_tracking]: raceline speed profile exceeds limits.speed_max=27.77 m/s at 1343/2916 waypoints (max 27.78 m/s, 1.0x the limit) - clamped. The raceline was optimized for a faster vehicle than this one; regenerate it with v_max=27.77 m/s for a usable speed profile. Raising limits.speed_max only helps if the VEHICLE can really go that fast - the cap must describe the plant, not the ambition.
[adaptive_controller_benchmark_node-4] [INFO] [1789757070.773334193] [adaptive_controller_benchmark_node]: [t= 112.2s] N=5600 RMS(e_y)=0.5604m Max|e_y|=2.6301m RMS(heading)=0.0289rad switches=1 emergency_halts=0 laps=0
[adaptive_controller_manager_node-3] [INFO] [1789757071.012320496] [adaptive_controller_manager]: [status] active=MPC state=RUNNING_MPC | pp: health=ok state=active | mpc: health=ok | v_x=27.77 e_y=0.050 theta=-0.031 | params: stored_v=1 fwd_v=1 pending=no
[mpc_node-2] [INFO] [1789757071.236548430] [mpc_path_tracking]: loaded 2916 raceline waypoints at speed cap 27.77 m/s, lateral cap 5.66 m/s^2 (0.58 g, grip ceiling 9.76 m/s^2 (Pacejka D 9.87 x fast mu ratio 1.01, fast mu live) x 0.69 utilization (base 0.75, shape 0.75) x 0.84 binding axle under braking = 5.66, capped by limits.lateral_accel_max 6.50); reference now peaks at 4.98 m/s^2 (0.51 g)
[mpc_node-2] [WARN] [1789757071.236607566] [mpc_path_tracking]: raceline speed profile exceeds limits.speed_max=27.77 m/s at 1343/2916 waypoints (max 27.78 m/s, 1.0x the limit) - clamped. The raceline was optimized for a faster vehicle than this one; regenerate it with v_max=27.77 m/s for a usable speed profile. Raising limits.speed_max only helps if the VEHICLE can really go that fast - the cap must describe the plant, not the ambition.
[mpc_node-2] [INFO] [1789757072.235841742] [mpc_path_tracking]: loaded 2916 raceline waypoints at speed cap 27.77 m/s, lateral cap 5.45 m/s^2 (0.56 g, grip ceiling 9.24 m/s^2 (Pacejka D 9.87 x fast mu ratio 0.94, fast mu live) x 0.71 utilization (base 0.75, shape 0.75) x 0.84 binding axle under braking = 5.45, capped by limits.lateral_accel_max 6.50); reference now peaks at 4.98 m/s^2 (0.51 g)
[mpc_node-2] [WARN] [1789757072.235899331] [mpc_path_tracking]: raceline speed profile exceeds limits.speed_max=27.77 m/s at 1343/2916 waypoints (max 27.78 m/s, 1.0x the limit) - clamped. The raceline was optimized for a faster vehicle than this one; regenerate it with v_max=27.77 m/s for a usable speed profile. Raising limits.speed_max only helps if the VEHICLE can really go that fast - the cap must describe the plant, not the ambition.
[adaptive_controller_manager_node-3] [INFO] [1789757073.032161914] [adaptive_controller_manager]: [status] active=MPC state=RUNNING_MPC | pp: health=ok state=active | mpc: health=ok | v_x=27.77 e_y=-0.020 theta=-0.004 | params: stored_v=1 fwd_v=1 pending=no
[mpc_node-2] [INFO] [1789757073.233883398] [mpc_path_tracking]: loaded 2916 raceline waypoints at speed cap 27.77 m/s, lateral cap 5.16 m/s^2 (0.53 g, grip ceiling 8.69 m/s^2 (Pacejka D 9.87 x fast mu ratio 0.88, fast mu live) x 0.71 utilization (base 0.75, shape 0.75) x 0.84 binding axle under braking = 5.16, capped by limits.lateral_accel_max 6.50); reference now peaks at 4.98 m/s^2 (0.51 g)
[mpc_node-2] [WARN] [1789757073.233935604] [mpc_path_tracking]: raceline speed profile exceeds limits.speed_max=27.77 m/s at 1343/2916 waypoints (max 27.78 m/s, 1.0x the limit) - clamped. The raceline was optimized for a faster vehicle than this one; regenerate it with v_max=27.77 m/s for a usable speed profile. Raising limits.speed_max only helps if the VEHICLE can really go that fast - the cap must describe the plant, not the ambition.
[mpc_node-2] [INFO] [1789757074.236098502] [mpc_path_tracking]: loaded 2916 raceline waypoints at speed cap 27.77 m/s, lateral cap 4.97 m/s^2 (0.51 g, grip ceiling 8.39 m/s^2 (Pacejka D 9.87 x fast mu ratio 0.85, fast mu live) x 0.71 utilization (base 0.75, shape 0.75) x 0.84 binding axle under braking = 4.97, capped by limits.lateral_accel_max 6.50); reference now peaks at 4.97 m/s^2 (0.51 g)
[mpc_node-2] [WARN] [1789757074.236159230] [mpc_path_tracking]: raceline demands up to 4.98 m/s^2 (0.51 g) of lateral acceleration, above limits.lateral_accel_max=4.97 m/s^2 (0.51 g) at 6/2916 waypoints - corner speeds cut to sqrt(a_lat_max/kappa) and the profile re-smoothed against decel_max/accel_max. The car will now brake for those corners, but it is driving a slower line than the raceline describes; regenerate the raceline for this vehicle's real grip.
[mpc_node-2] [WARN] [1789757074.236176181] [mpc_path_tracking]: raceline speed profile exceeds limits.speed_max=27.77 m/s at 1343/2916 waypoints (max 27.78 m/s, 1.0x the limit) - clamped. The raceline was optimized for a faster vehicle than this one; regenerate it with v_max=27.77 m/s for a usable speed profile. Raising limits.speed_max only helps if the VEHICLE can really go that fast - the cap must describe the plant, not the ambition.
[adaptive_controller_benchmark_node-4] [INFO] [1789757074.774111304] [adaptive_controller_benchmark_node]: [t= 116.2s] N=5800 RMS(e_y)=0.5507m Max|e_y|=2.6301m RMS(heading)=0.0285rad switches=1 emergency_halts=0 laps=0
[adaptive_controller_manager_node-3] [INFO] [1789757075.052361984] [adaptive_controller_manager]: [status] active=MPC state=RUNNING_MPC | pp: health=ok state=active | mpc: health=ok | v_x=27.77 e_y=-0.019 theta=-0.000 | params: stored_v=1 fwd_v=1 pending=no
[mpc_node-2] [INFO] [1789757075.236460073] [mpc_path_tracking]: loaded 2916 raceline waypoints at speed cap 27.77 m/s, lateral cap 4.95 m/s^2 (0.50 g, grip ceiling 8.36 m/s^2 (Pacejka D 9.87 x fast mu ratio 0.85, fast mu live) x 0.71 utilization (base 0.75, shape 0.75) x 0.84 binding axle under braking = 4.95, capped by limits.lateral_accel_max 6.50); reference now peaks at 4.95 m/s^2 (0.50 g)
[mpc_node-2] [WARN] [1789757075.236505291] [mpc_path_tracking]: raceline demands up to 4.98 m/s^2 (0.51 g) of lateral acceleration, above limits.lateral_accel_max=4.95 m/s^2 (0.50 g) at 29/2916 waypoints - corner speeds cut to sqrt(a_lat_max/kappa) and the profile re-smoothed against decel_max/accel_max. The car will now brake for those corners, but it is driving a slower line than the raceline describes; regenerate the raceline for this vehicle's real grip.
[mpc_node-2] [WARN] [1789757075.236521886] [mpc_path_tracking]: raceline speed profile exceeds limits.speed_max=27.77 m/s at 1343/2916 waypoints (max 27.78 m/s, 1.0x the limit) - clamped. The raceline was optimized for a faster vehicle than this one; regenerate it with v_max=27.77 m/s for a usable speed profile. Raising limits.speed_max only helps if the VEHICLE can really go that fast - the cap must describe the plant, not the ambition.
[mpc_node-2] [INFO] [1789757076.233742003] [mpc_path_tracking]: loaded 2916 raceline waypoints at speed cap 27.77 m/s, lateral cap 5.12 m/s^2 (0.52 g, grip ceiling 8.65 m/s^2 (Pacejka D 9.87 x fast mu ratio 0.88, fast mu live) x 0.71 utilization (base 0.75, shape 0.75) x 0.84 binding axle under braking = 5.12, capped by limits.lateral_accel_max 6.50); reference now peaks at 4.98 m/s^2 (0.51 g)
[mpc_node-2] [WARN] [1789757076.233777967] [mpc_path_tracking]: raceline speed profile exceeds limits.speed_max=27.77 m/s at 1343/2916 waypoints (max 27.78 m/s, 1.0x the limit) - clamped. The raceline was optimized for a faster vehicle than this one; regenerate it with v_max=27.77 m/s for a usable speed profile. Raising limits.speed_max only helps if the VEHICLE can really go that fast - the cap must describe the plant, not the ambition.
[adaptive_controller_manager_node-3] [INFO] [1789757077.072158508] [adaptive_controller_manager]: [status] active=MPC state=RUNNING_MPC | pp: health=ok state=active | mpc: health=ok | v_x=27.77 e_y=-0.012 theta=-0.001 | params: stored_v=1 fwd_v=1 pending=no
[adaptive_controller_benchmark_node-4] [INFO] [1789757078.773408061] [adaptive_controller_benchmark_node]: [t= 120.2s] N=6000 RMS(e_y)=0.5415m Max|e_y|=2.6301m RMS(heading)=0.0280rad switches=1 emergency_halts=0 laps=0
[adaptive_controller_manager_node-3] [INFO] [1789757079.092062996] [adaptive_controller_manager]: [status] active=MPC state=RUNNING_MPC | pp: health=ok state=active | mpc: health=ok | v_x=23.79 e_y=0.047 theta=0.002 | params: stored_v=1 fwd_v=1 pending=no
[adaptive_controller_manager_node-3] [INFO] [1789757081.092154272] [adaptive_controller_manager]: [status] active=MPC state=RUNNING_MPC | pp: health=ok state=active | mpc: health=ok | v_x=21.38 e_y=0.052 theta=-0.012 | params: stored_v=1 fwd_v=1 pending=no
[adaptive_controller_benchmark_node-4] [INFO] [1789757082.773163081] [adaptive_controller_benchmark_node]: [t= 124.2s] N=6200 RMS(e_y)=0.5331m Max|e_y|=2.6301m RMS(heading)=0.0277rad switches=1 emergency_halts=0 laps=0
[adaptive_controller_manager_node-3] [INFO] [1789757083.112066483] [adaptive_controller_manager]: [status] active=MPC state=RUNNING_MPC | pp: health=ok state=active | mpc: health=ok | v_x=21.14 e_y=0.409 theta=-0.051 | params: stored_v=1 fwd_v=1 pending=no
[adaptive_controller_manager_node-3] [INFO] [1789757085.131990650] [adaptive_controller_manager]: [status] active=MPC state=RUNNING_MPC | pp: health=ok state=active | mpc: health=ok | v_x=25.57 e_y=0.134 theta=-0.035 | params: stored_v=1 fwd_v=1 pending=no
[adaptive_controller_benchmark_node-4] [INFO] [1789757086.773052561] [adaptive_controller_benchmark_node]: [t= 128.2s] N=6400 RMS(e_y)=0.5259m Max|e_y|=2.6301m RMS(heading)=0.0278rad switches=1 emergency_halts=0 laps=0
[adaptive_controller_manager_node-3] [INFO] [1789757087.132010738] [adaptive_controller_manager]: [status] active=MPC state=RUNNING_MPC | pp: health=ok state=active | mpc: health=ok | v_x=27.47 e_y=-0.035 theta=-0.003 | params: stored_v=1 fwd_v=1 pending=no
[adaptive_controller_manager_node-3] [INFO] [1789757089.151938206] [adaptive_controller_manager]: [status] active=MPC state=RUNNING_MPC | pp: health=ok state=active | mpc: health=ok | v_x=27.73 e_y=-0.021 theta=-0.006 | params: stored_v=1 fwd_v=1 pending=no
[adaptive_controller_benchmark_node-4] [INFO] [1789757090.777463267] [adaptive_controller_benchmark_node]: [t= 132.2s] N=6600 RMS(e_y)=0.5179m Max|e_y|=2.6301m RMS(heading)=0.0274rad switches=1 emergency_halts=0 laps=0
[adaptive_controller_manager_node-3] [INFO] [1789757091.151973122] [adaptive_controller_manager]: [status] active=MPC state=RUNNING_MPC | pp: health=ok state=active | mpc: health=ok | v_x=27.77 e_y=-0.029 theta=-0.002 | params: stored_v=1 fwd_v=1 pending=no
[adaptive_controller_manager_node-3] [INFO] [1789757093.151978134] [adaptive_controller_manager]: [status] active=MPC state=RUNNING_MPC | pp: health=ok state=active | mpc: health=ok | v_x=27.77 e_y=-0.008 theta=0.002 | params: stored_v=1 fwd_v=1 pending=no
[adaptive_controller_benchmark_node-4] [INFO] [1789757094.773503284] [adaptive_controller_benchmark_node]: [t= 136.2s] N=6800 RMS(e_y)=0.5103m Max|e_y|=2.6301m RMS(heading)=0.0270rad switches=1 emergency_halts=0 laps=0
[adaptive_controller_manager_node-3] [INFO] [1789757095.151984716] [adaptive_controller_manager]: [status] active=MPC state=RUNNING_MPC | pp: health=ok state=active | mpc: health=ok | v_x=22.41 e_y=0.062 theta=0.026 | params: stored_v=1 fwd_v=1 pending=no
[adaptive_controller_manager_node-3] [INFO] [1789757097.171904078] [adaptive_controller_manager]: [status] active=MPC state=RUNNING_MPC | pp: health=ok state=active | mpc: health=ok | v_x=21.22 e_y=0.050 theta=-0.010 | params: stored_v=1 fwd_v=1 pending=no
[adaptive_controller_benchmark_node-4] [INFO] [1789757098.772869161] [adaptive_controller_benchmark_node]: [t= 140.2s] N=7000 RMS(e_y)=0.5035m Max|e_y|=2.6301m RMS(heading)=0.0268rad switches=1 emergency_halts=0 laps=0
[adaptive_controller_manager_node-3] [INFO] [1789757099.191928300] [adaptive_controller_manager]: [status] active=MPC state=RUNNING_MPC | pp: health=ok state=active | mpc: health=ok | v_x=22.26 e_y=0.169 theta=-0.041 | params: stored_v=1 fwd_v=1 pending=no
[adaptive_controller_manager_node-3] [INFO] [1789757101.192037892] [adaptive_controller_manager]: [status] active=MPC state=RUNNING_MPC | pp: health=ok state=active | mpc: health=ok | v_x=18.76 e_y=0.021 theta=-0.002 | params: stored_v=1 fwd_v=1 pending=no
[adaptive_controller_benchmark_node-4] [INFO] [1789757102.773504077] [adaptive_controller_benchmark_node]: [t= 144.2s] N=7200 RMS(e_y)=0.4969m Max|e_y|=2.6301m RMS(heading)=0.0266rad switches=1 emergency_halts=0 laps=0
[adaptive_controller_manager_node-3] [INFO] [1789757103.211889439] [adaptive_controller_manager]: [status] active=MPC state=RUNNING_MPC | pp: health=ok state=active | mpc: health=ok | v_x=19.45 e_y=-0.182 theta=0.017 | params: stored_v=1 fwd_v=1 pending=no
[adaptive_controller_manager_node-3] [INFO] [1789757105.231867171] [adaptive_controller_manager]: [status] active=MPC state=RUNNING_MPC | pp: health=ok state=active | mpc: health=ok | v_x=18.94 e_y=0.009 theta=-0.000 | params: stored_v=1 fwd_v=1 pending=no
[adaptive_controller_benchmark_node-4] [INFO] [1789757106.772906149] [adaptive_controller_benchmark_node]: [t= 148.2s] N=7400 RMS(e_y)=0.4916m Max|e_y|=2.6301m RMS(heading)=0.0266rad switches=1 emergency_halts=0 laps=0
[adaptive_controller_manager_node-3] [INFO] [1789757107.251861148] [adaptive_controller_manager]: [status] active=MPC state=RUNNING_MPC | pp: health=ok state=active | mpc: health=ok | v_x=18.52 e_y=0.254 theta=-0.040 | params: stored_v=1 fwd_v=1 pending=no
[adaptive_controller_manager_node-3] [INFO] [1789757109.271783451] [adaptive_controller_manager]: [status] active=MPC state=RUNNING_MPC | pp: health=ok state=active | mpc: health=ok | v_x=22.46 e_y=0.101 theta=-0.022 | params: stored_v=1 fwd_v=1 pending=no
[adaptive_controller_benchmark_node-4] [INFO] [1789757110.773121738] [adaptive_controller_benchmark_node]: [t= 152.2s] N=7600 RMS(e_y)=0.4863m Max|e_y|=2.6301m RMS(heading)=0.0268rad switches=1 emergency_halts=0 laps=0
[adaptive_controller_manager_node-3] [INFO] [1789757111.271788707] [adaptive_controller_manager]: [status] active=MPC state=RUNNING_MPC | pp: health=ok state=active | mpc: health=ok | v_x=25.33 e_y=-0.102 theta=0.008 | params: stored_v=1 fwd_v=1 pending=no
[adaptive_controller_manager_node-3] [INFO] [1789757113.291809996] [adaptive_controller_manager]: [status] active=MPC state=RUNNING_MPC | pp: health=ok state=active | mpc: health=ok | v_x=27.52 e_y=0.007 theta=-0.000 | params: stored_v=1 fwd_v=1 pending=no
[adaptive_controller_benchmark_node-4] [INFO] [1789757114.773261159] [adaptive_controller_benchmark_node]: [t= 156.2s] N=7800 RMS(e_y)=0.4804m Max|e_y|=2.6301m RMS(heading)=0.0266rad switches=1 emergency_halts=0 laps=0
[adaptive_controller_manager_node-3] [INFO] [1789757115.311695468] [adaptive_controller_manager]: [status] active=MPC state=RUNNING_MPC | pp: health=ok state=active | mpc: health=ok | v_x=27.75 e_y=-0.012 theta=-0.000 | params: stored_v=1 fwd_v=1 pending=no
[adaptive_controller_manager_node-3] [INFO] [1789757117.331703350] [adaptive_controller_manager]: [status] active=MPC state=RUNNING_MPC | pp: health=ok state=active | mpc: health=ok | v_x=27.77 e_y=-0.012 theta=-0.001 | params: stored_v=1 fwd_v=1 pending=no
[adaptive_controller_benchmark_node-4] [INFO] [1789757118.773416591] [adaptive_controller_benchmark_node]: [t= 160.2s] N=8000 RMS(e_y)=0.4744m Max|e_y|=2.6301m RMS(heading)=0.0263rad switches=1 emergency_halts=0 laps=0
[adaptive_controller_manager_node-3] [INFO] [1789757119.351726692] [adaptive_controller_manager]: [status] active=MPC state=RUNNING_MPC | pp: health=ok state=active | mpc: health=ok | v_x=27.77 e_y=-0.010 theta=-0.001 | params: stored_v=1 fwd_v=1 pending=no
[adaptive_controller_manager_node-3] [INFO] [1789757121.371672345] [adaptive_controller_manager]: [status] active=MPC state=RUNNING_MPC | pp: health=ok state=active | mpc: health=ok | v_x=27.77 e_y=-0.013 theta=-0.001 | params: stored_v=1 fwd_v=1 pending=no
[adaptive_controller_benchmark_node-4] [INFO] [1789757122.772808596] [adaptive_controller_benchmark_node]: [t= 164.2s] N=8200 RMS(e_y)=0.4686m Max|e_y|=2.6301m RMS(heading)=0.0259rad switches=1 emergency_halts=0 laps=0
[adaptive_controller_manager_node-3] [INFO] [1789757123.371691448] [adaptive_controller_manager]: [status] active=MPC state=RUNNING_MPC | pp: health=ok state=active | mpc: health=ok | v_x=27.77 e_y=-0.010 theta=-0.002 | params: stored_v=1 fwd_v=1 pending=no
[adaptive_controller_manager_node-3] [INFO] [1789757125.392023751] [adaptive_controller_manager]: [status] active=MPC state=RUNNING_MPC | pp: health=ok state=active | mpc: health=ok | v_x=22.27 e_y=0.069 theta=-0.005 | params: stored_v=1 fwd_v=1 pending=no
[adaptive_controller_benchmark_node-4] [INFO] [1789757126.773035410] [adaptive_controller_benchmark_node]: [t= 168.2s] N=8400 RMS(e_y)=0.4630m Max|e_y|=2.6301m RMS(heading)=0.0256rad switches=1 emergency_halts=0 laps=0
[adaptive_controller_manager_node-3] [INFO] [1789757127.411585622] [adaptive_controller_manager]: [status] active=MPC state=RUNNING_MPC | pp: health=ok state=active | mpc: health=ok | v_x=18.89 e_y=0.075 theta=-0.013 | params: stored_v=1 fwd_v=1 pending=no
[adaptive_controller_manager_node-3] [INFO] [1789757129.411640018] [adaptive_controller_manager]: [status] active=MPC state=RUNNING_MPC | pp: health=ok state=active | mpc: health=ok | v_x=18.53 e_y=0.128 theta=-0.022 | params: stored_v=1 fwd_v=1 pending=no
[adaptive_controller_manager_node-3] [INFO] [1789757129.720770910] [adaptive_controller_manager]: sysid/update_params: accepted and stored new tire params
[mpc_node-2] [INFO] [1789757129.731622479] [mpc_path_tracking]: tire params updated via mpc/update_params
[mpc_node-2] [INFO] [1789757129.731675684] [mpc_path_tracking]: model check: C_front=15530 N/rad C_rear=15706 N/rad -> understeering, linearization stable at all speeds
[mpc_node-2] [WARN] [1789757129.731703681] [mpc_path_tracking]: fast friction estimate stale by 53.5 s - reverting the grip ceiling to the identified Pacejka D alone. The recovery still ramps at limits.grip_rise_rate_per_s.
[mpc_node-2] [INFO] [1789757129.732186643] [mpc_path_tracking]: loaded 2916 raceline waypoints at speed cap 27.77 m/s, lateral cap 4.35 m/s^2 (0.44 g, grip ceiling 6.92 m/s^2 (Pacejka D 6.92 x fast mu ratio 1.00, D only) x 0.75 utilization (base 0.75, shape 0.75) x 0.84 binding axle under braking = 4.35, capped by limits.lateral_accel_max 6.50); reference now peaks at 4.35 m/s^2 (0.44 g)
[mpc_node-2] [WARN] [1789757129.732213753] [mpc_path_tracking]: raceline demands up to 4.98 m/s^2 (0.51 g) of lateral acceleration, above limits.lateral_accel_max=4.35 m/s^2 (0.44 g) at 272/2916 waypoints - corner speeds cut to sqrt(a_lat_max/kappa) and the profile re-smoothed against decel_max/accel_max. The car will now brake for those corners, but it is driving a slower line than the raceline describes; regenerate the raceline for this vehicle's real grip.
[mpc_node-2] [WARN] [1789757129.732230771] [mpc_path_tracking]: raceline speed profile exceeds limits.speed_max=27.77 m/s at 1343/2916 waypoints (max 27.78 m/s, 1.0x the limit) - clamped. The raceline was optimized for a faster vehicle than this one; regenerate it with v_max=27.77 m/s for a usable speed profile. Raising limits.speed_max only helps if the VEHICLE can really go that fast - the cap must describe the plant, not the ambition.
[mpc_node-2] [INFO] [1789757129.733194438] [mpc_path_tracking]: loaded 2916 raceline waypoints at speed cap 27.77 m/s, lateral cap 4.35 m/s^2 (0.44 g, grip ceiling 6.92 m/s^2 (Pacejka D 6.92 x fast mu ratio 1.00, D only) x 0.75 utilization (base 0.75, shape 0.75) x 0.84 binding axle under braking = 4.35, capped by limits.lateral_accel_max 6.50); reference now peaks at 4.35 m/s^2 (0.44 g)
[mpc_node-2] [WARN] [1789757129.733227930] [mpc_path_tracking]: raceline demands up to 4.98 m/s^2 (0.51 g) of lateral acceleration, above limits.lateral_accel_max=4.35 m/s^2 (0.44 g) at 272/2916 waypoints - corner speeds cut to sqrt(a_lat_max/kappa) and the profile re-smoothed against decel_max/accel_max. The car will now brake for those corners, but it is driving a slower line than the raceline describes; regenerate the raceline for this vehicle's real grip.
[mpc_node-2] [WARN] [1789757129.733238305] [mpc_path_tracking]: raceline speed profile exceeds limits.speed_max=27.77 m/s at 1343/2916 waypoints (max 27.78 m/s, 1.0x the limit) - clamped. The raceline was optimized for a faster vehicle than this one; regenerate it with v_max=27.77 m/s for a usable speed profile. Raising limits.speed_max only helps if the VEHICLE can really go that fast - the cap must describe the plant, not the ambition.
[adaptive_controller_benchmark_node-4] [INFO] [1789757130.772891222] [adaptive_controller_benchmark_node]: [t= 172.2s] N=8600 RMS(e_y)=0.4585m Max|e_y|=2.6301m RMS(heading)=0.0257rad switches=1 emergency_halts=0 laps=0
[adaptive_controller_manager_node-3] [INFO] [1789757131.412038292] [adaptive_controller_manager]: [status] active=MPC state=RUNNING_MPC | pp: health=ok state=active | mpc: health=ok | v_x=20.31 e_y=0.052 theta=-0.029 | params: stored_v=2 fwd_v=2 pending=no
[adaptive_controller_manager_node-3] [INFO] [1789757133.431444291] [adaptive_controller_manager]: [status] active=MPC state=RUNNING_MPC | pp: health=ok state=active | mpc: health=ok | v_x=27.00 e_y=-0.079 theta=0.008 | params: stored_v=2 fwd_v=2 pending=no
[adaptive_controller_benchmark_node-4] [INFO] [1789757134.772364886] [adaptive_controller_benchmark_node]: [t= 176.2s] N=8800 RMS(e_y)=0.4534m Max|e_y|=2.6301m RMS(heading)=0.0256rad switches=1 emergency_halts=0 laps=0
[adaptive_controller_manager_node-3] [INFO] [1789757135.431456428] [adaptive_controller_manager]: [status] active=MPC state=RUNNING_MPC | pp: health=ok state=active | mpc: health=ok | v_x=26.99 e_y=-0.003 theta=0.004 | params: stored_v=2 fwd_v=2 pending=no
[mpc_node-2] [INFO] [1789757136.653552991] [mpc_path_tracking]: fast friction estimate acquired on /sysid/friction: grip now follows mu as well as D
[mpc_node-2] [INFO] [1789757136.653997884] [mpc_path_tracking]: loaded 2916 raceline waypoints at speed cap 27.77 m/s, lateral cap 3.21 m/s^2 (0.33 g, grip ceiling 5.67 m/s^2 (Pacejka D 6.92 x fast mu ratio 0.82, fast mu live) x 0.68 utilization (base 0.75, shape 0.75) x 0.84 binding axle under braking = 3.21, capped by limits.lateral_accel_max 6.50); reference now peaks at 3.21 m/s^2 (0.33 g)
[mpc_node-2] [WARN] [1789757136.654036334] [mpc_path_tracking]: raceline demands up to 4.98 m/s^2 (0.51 g) of lateral acceleration, above limits.lateral_accel_max=3.21 m/s^2 (0.33 g) at 690/2916 waypoints - corner speeds cut to sqrt(a_lat_max/kappa) and the profile re-smoothed against decel_max/accel_max. The car will now brake for those corners, but it is driving a slower line than the raceline describes; regenerate the raceline for this vehicle's real grip.
[mpc_node-2] [WARN] [1789757136.654052892] [mpc_path_tracking]: raceline speed profile exceeds limits.speed_max=27.77 m/s at 1343/2916 waypoints (max 27.78 m/s, 1.0x the limit) - clamped. The raceline was optimized for a faster vehicle than this one; regenerate it with v_max=27.77 m/s for a usable speed profile. Raising limits.speed_max only helps if the VEHICLE can really go that fast - the cap must describe the plant, not the ambition.
[adaptive_controller_manager_node-3] [INFO] [1789757137.451420087] [adaptive_controller_manager]: [status] active=MPC state=RUNNING_MPC | pp: health=ok state=active | mpc: health=ok | v_x=16.24 e_y=0.047 theta=-0.001 | params: stored_v=2 fwd_v=2 pending=no
[mpc_node-2] [INFO] [1789757137.652969762] [mpc_path_tracking]: loaded 2916 raceline waypoints at speed cap 27.77 m/s, lateral cap 2.97 m/s^2 (0.30 g, grip ceiling 5.26 m/s^2 (Pacejka D 6.92 x fast mu ratio 0.76, fast mu live) x 0.67 utilization (base 0.75, shape 0.75) x 0.84 binding axle under braking = 2.97, capped by limits.lateral_accel_max 6.50); reference now peaks at 2.97 m/s^2 (0.30 g)
[mpc_node-2] [WARN] [1789757137.653025318] [mpc_path_tracking]: raceline demands up to 4.98 m/s^2 (0.51 g) of lateral acceleration, above limits.lateral_accel_max=2.97 m/s^2 (0.30 g) at 765/2916 waypoints - corner speeds cut to sqrt(a_lat_max/kappa) and the profile re-smoothed against decel_max/accel_max. The car will now brake for those corners, but it is driving a slower line than the raceline describes; regenerate the raceline for this vehicle's real grip.
[mpc_node-2] [WARN] [1789757137.653039769] [mpc_path_tracking]: raceline speed profile exceeds limits.speed_max=27.77 m/s at 1343/2916 waypoints (max 27.78 m/s, 1.0x the limit) - clamped. The raceline was optimized for a faster vehicle than this one; regenerate it with v_max=27.77 m/s for a usable speed profile. Raising limits.speed_max only helps if the VEHICLE can really go that fast - the cap must describe the plant, not the ambition.
[adaptive_controller_benchmark_node-4] [INFO] [1789757138.772740111] [adaptive_controller_benchmark_node]: [t= 180.2s] N=9000 RMS(e_y)=0.4484m Max|e_y|=2.6301m RMS(heading)=0.0253rad switches=1 emergency_halts=0 laps=0
[adaptive_controller_manager_node-3] [INFO] [1789757139.471472219] [adaptive_controller_manager]: [status] active=MPC state=RUNNING_MPC | pp: health=ok state=active | mpc: health=ok | v_x=9.70 e_y=0.005 theta=-0.001 | params: stored_v=2 fwd_v=2 pending=no
[adaptive_controller_manager_node-3] [INFO] [1789757141.491322163] [adaptive_controller_manager]: [status] active=MPC state=RUNNING_MPC | pp: health=ok state=active | mpc: health=ok | v_x=9.58 e_y=-0.285 theta=-0.007 | params: stored_v=2 fwd_v=2 pending=no
[adaptive_controller_benchmark_node-4] [INFO] [1789757142.772291174] [adaptive_controller_benchmark_node]: [t= 184.2s] N=9200 RMS(e_y)=0.4450m Max|e_y|=2.6301m RMS(heading)=0.0251rad switches=1 emergency_halts=0 laps=0
[adaptive_controller_manager_node-3] [INFO] [1789757143.491342797] [adaptive_controller_manager]: [status] active=MPC state=RUNNING_MPC | pp: health=ok state=active | mpc: health=ok | v_x=9.41 e_y=-0.313 theta=0.007 | params: stored_v=2 fwd_v=2 pending=no
[mpc_node-2] [INFO] [1789757143.657198857] [mpc_path_tracking]: loaded 2916 raceline waypoints at speed cap 27.77 m/s, lateral cap 2.82 m/s^2 (0.29 g, grip ceiling 4.87 m/s^2 (Pacejka D 6.92 x fast mu ratio 0.70, fast mu live) x 0.69 utilization (base 0.75, shape 0.75) x 0.84 binding axle under braking = 2.82, capped by limits.lateral_accel_max 6.50); reference now peaks at 2.82 m/s^2 (0.29 g)
[mpc_node-2] [WARN] [1789757143.657250943] [mpc_path_tracking]: raceline demands up to 4.98 m/s^2 (0.51 g) of lateral acceleration, above limits.lateral_accel_max=2.82 m/s^2 (0.29 g) at 828/2916 waypoints - corner speeds cut to sqrt(a_lat_max/kappa) and the profile re-smoothed against decel_max/accel_max. The car will now brake for those corners, but it is driving a slower line than the raceline describes; regenerate the raceline for this vehicle's real grip.
[mpc_node-2] [WARN] [1789757143.657262774] [mpc_path_tracking]: raceline speed profile exceeds limits.speed_max=27.77 m/s at 1343/2916 waypoints (max 27.78 m/s, 1.0x the limit) - clamped. The raceline was optimized for a faster vehicle than this one; regenerate it with v_max=27.77 m/s for a usable speed profile. Raising limits.speed_max only helps if the VEHICLE can really go that fast - the cap must describe the plant, not the ambition.
[mpc_node-2] [INFO] [1789757144.654905639] [mpc_path_tracking]: loaded 2916 raceline waypoints at speed cap 27.77 m/s, lateral cap 3.07 m/s^2 (0.31 g, grip ceiling 5.31 m/s^2 (Pacejka D 6.92 x fast mu ratio 0.77, fast mu live) x 0.69 utilization (base 0.75, shape 0.75) x 0.84 binding axle under braking = 3.07, capped by limits.lateral_accel_max 6.50); reference now peaks at 3.07 m/s^2 (0.31 g)
[mpc_node-2] [WARN] [1789757144.654957261] [mpc_path_tracking]: raceline demands up to 4.98 m/s^2 (0.51 g) of lateral acceleration, above limits.lateral_accel_max=3.07 m/s^2 (0.31 g) at 736/2916 waypoints - corner speeds cut to sqrt(a_lat_max/kappa) and the profile re-smoothed against decel_max/accel_max. The car will now brake for those corners, but it is driving a slower line than the raceline describes; regenerate the raceline for this vehicle's real grip.
[mpc_node-2] [WARN] [1789757144.654974094] [mpc_path_tracking]: raceline speed profile exceeds limits.speed_max=27.77 m/s at 1343/2916 waypoints (max 27.78 m/s, 1.0x the limit) - clamped. The raceline was optimized for a faster vehicle than this one; regenerate it with v_max=27.77 m/s for a usable speed profile. Raising limits.speed_max only helps if the VEHICLE can really go that fast - the cap must describe the plant, not the ambition.
[adaptive_controller_manager_node-3] [INFO] [1789757145.491352731] [adaptive_controller_manager]: [status] active=MPC state=RUNNING_MPC | pp: health=ok state=active | mpc: health=ok | v_x=9.64 e_y=0.422 theta=-0.006 | params: stored_v=2 fwd_v=2 pending=no
[mpc_node-2] [INFO] [1789757145.655584105] [mpc_path_tracking]: loaded 2916 raceline waypoints at speed cap 27.77 m/s, lateral cap 3.12 m/s^2 (0.32 g, grip ceiling 5.34 m/s^2 (Pacejka D 6.92 x fast mu ratio 0.77, fast mu live) x 0.70 utilization (base 0.75, shape 0.75) x 0.84 binding axle under braking = 3.12, capped by limits.lateral_accel_max 6.50); reference now peaks at 3.12 m/s^2 (0.32 g)
[mpc_node-2] [WARN] [1789757145.655631151] [mpc_path_tracking]: raceline demands up to 4.98 m/s^2 (0.51 g) of lateral acceleration, above limits.lateral_accel_max=3.12 m/s^2 (0.32 g) at 716/2916 waypoints - corner speeds cut to sqrt(a_lat_max/kappa) and the profile re-smoothed against decel_max/accel_max. The car will now brake for those corners, but it is driving a slower line than the raceline describes; regenerate the raceline for this vehicle's real grip.
[mpc_node-2] [WARN] [1789757145.655648496] [mpc_path_tracking]: raceline speed profile exceeds limits.speed_max=27.77 m/s at 1343/2916 waypoints (max 27.78 m/s, 1.0x the limit) - clamped. The raceline was optimized for a faster vehicle than this one; regenerate it with v_max=27.77 m/s for a usable speed profile. Raising limits.speed_max only helps if the VEHICLE can really go that fast - the cap must describe the plant, not the ambition.
[mpc_node-2] [INFO] [1789757146.657028613] [mpc_path_tracking]: loaded 2916 raceline waypoints at speed cap 27.77 m/s, lateral cap 3.03 m/s^2 (0.31 g, grip ceiling 5.13 m/s^2 (Pacejka D 6.92 x fast mu ratio 0.74, fast mu live) x 0.70 utilization (base 0.75, shape 0.75) x 0.84 binding axle under braking = 3.03, capped by limits.lateral_accel_max 6.50); reference now peaks at 3.03 m/s^2 (0.31 g)
[mpc_node-2] [WARN] [1789757146.657154393] [mpc_path_tracking]: raceline demands up to 4.98 m/s^2 (0.51 g) of lateral acceleration, above limits.lateral_accel_max=3.03 m/s^2 (0.31 g) at 750/2916 waypoints - corner speeds cut to sqrt(a_lat_max/kappa) and the profile re-smoothed against decel_max/accel_max. The car will now brake for those corners, but it is driving a slower line than the raceline describes; regenerate the raceline for this vehicle's real grip.
[mpc_node-2] [WARN] [1789757146.657179263] [mpc_path_tracking]: raceline speed profile exceeds limits.speed_max=27.77 m/s at 1343/2916 waypoints (max 27.78 m/s, 1.0x the limit) - clamped. The raceline was optimized for a faster vehicle than this one; regenerate it with v_max=27.77 m/s for a usable speed profile. Raising limits.speed_max only helps if the VEHICLE can really go that fast - the cap must describe the plant, not the ambition.
[adaptive_controller_benchmark_node-4] [INFO] [1789757146.772967285] [adaptive_controller_benchmark_node]: [t= 188.2s] N=9400 RMS(e_y)=0.4424m Max|e_y|=2.6301m RMS(heading)=0.0250rad switches=1 emergency_halts=0 laps=0
[adaptive_controller_manager_node-3] [INFO] [1789757147.491407754] [adaptive_controller_manager]: [status] active=MPC state=RUNNING_MPC | pp: health=ok state=active | mpc: health=ok | v_x=14.28 e_y=0.125 theta=-0.024 | params: stored_v=2 fwd_v=2 pending=no
[mpc_node-2] [INFO] [1789757147.655108663] [mpc_path_tracking]: loaded 2916 raceline waypoints at speed cap 27.77 m/s, lateral cap 3.17 m/s^2 (0.32 g, grip ceiling 5.44 m/s^2 (Pacejka D 6.92 x fast mu ratio 0.79, fast mu live) x 0.70 utilization (base 0.75, shape 0.75) x 0.84 binding axle under braking = 3.17, capped by limits.lateral_accel_max 6.50); reference now peaks at 3.17 m/s^2 (0.32 g)
[mpc_node-2] [WARN] [1789757147.655151530] [mpc_path_tracking]: raceline demands up to 4.98 m/s^2 (0.51 g) of lateral acceleration, above limits.lateral_accel_max=3.17 m/s^2 (0.32 g) at 701/2916 waypoints - corner speeds cut to sqrt(a_lat_max/kappa) and the profile re-smoothed against decel_max/accel_max. The car will now brake for those corners, but it is driving a slower line than the raceline describes; regenerate the raceline for this vehicle's real grip.
[mpc_node-2] [WARN] [1789757147.655162347] [mpc_path_tracking]: raceline speed profile exceeds limits.speed_max=27.77 m/s at 1343/2916 waypoints (max 27.78 m/s, 1.0x the limit) - clamped. The raceline was optimized for a faster vehicle than this one; regenerate it with v_max=27.77 m/s for a usable speed profile. Raising limits.speed_max only helps if the VEHICLE can really go that fast - the cap must describe the plant, not the ambition.
[mpc_node-2] [INFO] [1789757148.655407687] [mpc_path_tracking]: loaded 2916 raceline waypoints at speed cap 27.77 m/s, lateral cap 3.29 m/s^2 (0.33 g, grip ceiling 5.72 m/s^2 (Pacejka D 6.92 x fast mu ratio 0.83, fast mu live) x 0.68 utilization (base 0.75, shape 0.75) x 0.84 binding axle under braking = 3.29, capped by limits.lateral_accel_max 6.50); reference now peaks at 3.29 m/s^2 (0.33 g)
[mpc_node-2] [WARN] [1789757148.655463354] [mpc_path_tracking]: raceline demands up to 4.98 m/s^2 (0.51 g) of lateral acceleration, above limits.lateral_accel_max=3.29 m/s^2 (0.33 g) at 670/2916 waypoints - corner speeds cut to sqrt(a_lat_max/kappa) and the profile re-smoothed against decel_max/accel_max. The car will now brake for those corners, but it is driving a slower line than the raceline describes; regenerate the raceline for this vehicle's real grip.
[mpc_node-2] [WARN] [1789757148.655484278] [mpc_path_tracking]: raceline speed profile exceeds limits.speed_max=27.77 m/s at 1343/2916 waypoints (max 27.78 m/s, 1.0x the limit) - clamped. The raceline was optimized for a faster vehicle than this one; regenerate it with v_max=27.77 m/s for a usable speed profile. Raising limits.speed_max only helps if the VEHICLE can really go that fast - the cap must describe the plant, not the ambition.
[adaptive_controller_manager_node-3] [INFO] [1789757149.511477614] [adaptive_controller_manager]: [status] active=MPC state=RUNNING_MPC | pp: health=ok state=active | mpc: health=ok | v_x=18.89 e_y=0.016 theta=-0.016 | params: stored_v=2 fwd_v=2 pending=no
[mpc_node-2] [INFO] [1789757149.658894803] [mpc_path_tracking]: loaded 2916 raceline waypoints at speed cap 27.77 m/s, lateral cap 3.35 m/s^2 (0.34 g, grip ceiling 5.79 m/s^2 (Pacejka D 6.92 x fast mu ratio 0.84, fast mu live) x 0.69 utilization (base 0.75, shape 0.75) x 0.84 binding axle under braking = 3.35, capped by limits.lateral_accel_max 6.50); reference now peaks at 3.35 m/s^2 (0.34 g)
[mpc_node-2] [WARN] [1789757149.658928353] [mpc_path_tracking]: raceline demands up to 4.98 m/s^2 (0.51 g) of lateral acceleration, above limits.lateral_accel_max=3.35 m/s^2 (0.34 g) at 650/2916 waypoints - corner speeds cut to sqrt(a_lat_max/kappa) and the profile re-smoothed against decel_max/accel_max. The car will now brake for those corners, but it is driving a slower line than the raceline describes; regenerate the raceline for this vehicle's real grip.
[mpc_node-2] [WARN] [1789757149.658938238] [mpc_path_tracking]: raceline speed profile exceeds limits.speed_max=27.77 m/s at 1343/2916 waypoints (max 27.78 m/s, 1.0x the limit) - clamped. The raceline was optimized for a faster vehicle than this one; regenerate it with v_max=27.77 m/s for a usable speed profile. Raising limits.speed_max only helps if the VEHICLE can really go that fast - the cap must describe the plant, not the ambition.
[mpc_node-2] [INFO] [1789757150.657299432] [mpc_path_tracking]: loaded 2916 raceline waypoints at speed cap 27.77 m/s, lateral cap 3.30 m/s^2 (0.34 g, grip ceiling 5.67 m/s^2 (Pacejka D 6.92 x fast mu ratio 0.82, fast mu live) x 0.69 utilization (base 0.75, shape 0.75) x 0.84 binding axle under braking = 3.30, capped by limits.lateral_accel_max 6.50); reference now peaks at 3.30 m/s^2 (0.34 g)
[mpc_node-2] [WARN] [1789757150.657344775] [mpc_path_tracking]: raceline demands up to 4.98 m/s^2 (0.51 g) of lateral acceleration, above limits.lateral_accel_max=3.30 m/s^2 (0.34 g) at 662/2916 waypoints - corner speeds cut to sqrt(a_lat_max/kappa) and the profile re-smoothed against decel_max/accel_max. The car will now brake for those corners, but it is driving a slower line than the raceline describes; regenerate the raceline for this vehicle's real grip.
[mpc_node-2] [WARN] [1789757150.657360544] [mpc_path_tracking]: raceline speed profile exceeds limits.speed_max=27.77 m/s at 1343/2916 waypoints (max 27.78 m/s, 1.0x the limit) - clamped. The raceline was optimized for a faster vehicle than this one; regenerate it with v_max=27.77 m/s for a usable speed profile. Raising limits.speed_max only helps if the VEHICLE can really go that fast - the cap must describe the plant, not the ambition.
[adaptive_controller_benchmark_node-4] [INFO] [1789757150.773272487] [adaptive_controller_benchmark_node]: [t= 192.2s] N=9600 RMS(e_y)=0.4380m Max|e_y|=2.6301m RMS(heading)=0.0249rad switches=1 emergency_halts=0 laps=0
[adaptive_controller_manager_node-3] [INFO] [1789757151.531261651] [adaptive_controller_manager]: [status] active=MPC state=RUNNING_MPC | pp: health=ok state=active | mpc: health=ok | v_x=16.46 e_y=0.168 theta=-0.020 | params: stored_v=2 fwd_v=2 pending=no
[mpc_node-2] [INFO] [1789757152.655643027] [mpc_path_tracking]: loaded 2916 raceline waypoints at speed cap 27.77 m/s, lateral cap 3.75 m/s^2 (0.38 g, grip ceiling 6.67 m/s^2 (Pacejka D 6.92 x fast mu ratio 1.04, fast mu live) x 0.67 utilization (base 0.75, shape 0.75) x 0.84 binding axle under braking = 3.75, capped by limits.lateral_accel_max 6.50); reference now peaks at 3.75 m/s^2 (0.38 g)
[mpc_node-2] [WARN] [1789757152.655716044] [mpc_path_tracking]: raceline demands up to 4.98 m/s^2 (0.51 g) of lateral acceleration, above limits.lateral_accel_max=3.75 m/s^2 (0.38 g) at 501/2916 waypoints - corner speeds cut to sqrt(a_lat_max/kappa) and the profile re-smoothed against decel_max/accel_max. The car will now brake for those corners, but it is driving a slower line than the raceline describes; regenerate the raceline for this vehicle's real grip.
[mpc_node-2] [WARN] [1789757152.655730541] [mpc_path_tracking]: raceline speed profile exceeds limits.speed_max=27.77 m/s at 1343/2916 waypoints (max 27.78 m/s, 1.0x the limit) - clamped. The raceline was optimized for a faster vehicle than this one; regenerate it with v_max=27.77 m/s for a usable speed profile. Raising limits.speed_max only helps if the VEHICLE can really go that fast - the cap must describe the plant, not the ambition.
[adaptive_controller_manager_node-3] [INFO] [1789757153.531290254] [adaptive_controller_manager]: [status] active=MPC state=RUNNING_MPC | pp: health=ok state=active | mpc: health=ok | v_x=19.45 e_y=-0.002 theta=-0.008 | params: stored_v=2 fwd_v=2 pending=no
[mpc_node-2] [INFO] [1789757153.656798972] [mpc_path_tracking]: loaded 2916 raceline waypoints at speed cap 27.77 m/s, lateral cap 3.96 m/s^2 (0.40 g, grip ceiling 7.17 m/s^2 (Pacejka D 6.92 x fast mu ratio 1.07, fast mu live) x 0.66 utilization (base 0.75, shape 0.75) x 0.84 binding axle under braking = 3.96, capped by limits.lateral_accel_max 6.50); reference now peaks at 3.96 m/s^2 (0.40 g)
[mpc_node-2] [WARN] [1789757153.656841573] [mpc_path_tracking]: raceline demands up to 4.98 m/s^2 (0.51 g) of lateral acceleration, above limits.lateral_accel_max=3.96 m/s^2 (0.40 g) at 428/2916 waypoints - corner speeds cut to sqrt(a_lat_max/kappa) and the profile re-smoothed against decel_max/accel_max. The car will now brake for those corners, but it is driving a slower line than the raceline describes; regenerate the raceline for this vehicle's real grip.
[mpc_node-2] [WARN] [1789757153.656853328] [mpc_path_tracking]: raceline speed profile exceeds limits.speed_max=27.77 m/s at 1343/2916 waypoints (max 27.78 m/s, 1.0x the limit) - clamped. The raceline was optimized for a faster vehicle than this one; regenerate it with v_max=27.77 m/s for a usable speed profile. Raising limits.speed_max only helps if the VEHICLE can really go that fast - the cap must describe the plant, not the ambition.
[mpc_node-2] [INFO] [1789757154.657441607] [mpc_path_tracking]: loaded 2916 raceline waypoints at speed cap 27.77 m/s, lateral cap 3.93 m/s^2 (0.40 g, grip ceiling 7.15 m/s^2 (Pacejka D 6.92 x fast mu ratio 1.03, fast mu live) x 0.66 utilization (base 0.75, shape 0.75) x 0.84 binding axle under braking = 3.93, capped by limits.lateral_accel_max 6.50); reference now peaks at 3.93 m/s^2 (0.40 g)
[mpc_node-2] [WARN] [1789757154.657487703] [mpc_path_tracking]: raceline demands up to 4.98 m/s^2 (0.51 g) of lateral acceleration, above limits.lateral_accel_max=3.93 m/s^2 (0.40 g) at 439/2916 waypoints - corner speeds cut to sqrt(a_lat_max/kappa) and the profile re-smoothed against decel_max/accel_max. The car will now brake for those corners, but it is driving a slower line than the raceline describes; regenerate the raceline for this vehicle's real grip.
[mpc_node-2] [WARN] [1789757154.657503919] [mpc_path_tracking]: raceline speed profile exceeds limits.speed_max=27.77 m/s at 1343/2916 waypoints (max 27.78 m/s, 1.0x the limit) - clamped. The raceline was optimized for a faster vehicle than this one; regenerate it with v_max=27.77 m/s for a usable speed profile. Raising limits.speed_max only helps if the VEHICLE can really go that fast - the cap must describe the plant, not the ambition.
[adaptive_controller_benchmark_node-4] [INFO] [1789757154.772162402] [adaptive_controller_benchmark_node]: [t= 196.2s] N=9800 RMS(e_y)=0.4338m Max|e_y|=2.6301m RMS(heading)=0.0247rad switches=1 emergency_halts=0 laps=0
[adaptive_controller_manager_node-3] [INFO] [1789757155.551330199] [adaptive_controller_manager]: [status] active=MPC state=RUNNING_MPC | pp: health=ok state=active | mpc: health=ok | v_x=26.58 e_y=-0.059 theta=0.001 | params: stored_v=2 fwd_v=2 pending=no
[mpc_node-2] [INFO] [1789757155.656480607] [mpc_path_tracking]: loaded 2916 raceline waypoints at speed cap 27.77 m/s, lateral cap 3.67 m/s^2 (0.37 g, grip ceiling 6.74 m/s^2 (Pacejka D 6.92 x fast mu ratio 0.97, fast mu live) x 0.65 utilization (base 0.75, shape 0.75) x 0.84 binding axle under braking = 3.67, capped by limits.lateral_accel_max 6.50); reference now peaks at 3.67 m/s^2 (0.37 g)
[mpc_node-2] [WARN] [1789757155.656520227] [mpc_path_tracking]: raceline demands up to 4.98 m/s^2 (0.51 g) of lateral acceleration, above limits.lateral_accel_max=3.67 m/s^2 (0.37 g) at 529/2916 waypoints - corner speeds cut to sqrt(a_lat_max/kappa) and the profile re-smoothed against decel_max/accel_max. The car will now brake for those corners, but it is driving a slower line than the raceline describes; regenerate the raceline for this vehicle's real grip.
[mpc_node-2] [WARN] [1789757155.656529312] [mpc_path_tracking]: raceline speed profile exceeds limits.speed_max=27.77 m/s at 1343/2916 waypoints (max 27.78 m/s, 1.0x the limit) - clamped. The raceline was optimized for a faster vehicle than this one; regenerate it with v_max=27.77 m/s for a usable speed profile. Raising limits.speed_max only helps if the VEHICLE can really go that fast - the cap must describe the plant, not the ambition.
[adaptive_controller_manager_node-3] [INFO] [1789757157.571180323] [adaptive_controller_manager]: [status] active=MPC state=RUNNING_MPC | pp: health=ok state=active | mpc: health=ok | v_x=27.66 e_y=-0.021 theta=0.001 | params: stored_v=2 fwd_v=2 pending=no
[adaptive_controller_benchmark_node-4] [INFO] [1789757158.772820669] [adaptive_controller_benchmark_node]: [t= 200.2s] N=10000 RMS(e_y)=0.4294m Max|e_y|=2.6301m RMS(heading)=0.0245rad switches=1 emergency_halts=0 laps=0
[adaptive_controller_manager_node-3] [INFO] [1789757159.571191696] [adaptive_controller_manager]: [status] active=MPC state=RUNNING_MPC | pp: health=ok state=active | mpc: health=ok | v_x=27.76 e_y=-0.032 theta=-0.006 | params: stored_v=2 fwd_v=2 pending=no
[adaptive_controller_manager_node-3] [INFO] [1789757161.591214742] [adaptive_controller_manager]: [status] active=MPC state=RUNNING_MPC | pp: health=ok state=active | mpc: health=ok | v_x=21.85 e_y=0.038 theta=-0.001 | params: stored_v=2 fwd_v=2 pending=no
[adaptive_controller_benchmark_node-4] [INFO] [1789757162.772438535] [adaptive_controller_benchmark_node]: [t= 204.2s] N=10200 RMS(e_y)=0.4252m Max|e_y|=2.6301m RMS(heading)=0.0242rad switches=1 emergency_halts=0 laps=1
[adaptive_controller_manager_node-3] [INFO] [1789757163.591258225] [adaptive_controller_manager]: [status] active=MPC state=RUNNING_MPC | pp: health=ok state=active | mpc: health=ok | v_x=19.64 e_y=0.027 theta=-0.010 | params: stored_v=2 fwd_v=2 pending=no
[adaptive_controller_manager_node-3] [INFO] [1789757165.611114645] [adaptive_controller_manager]: [status] active=MPC state=RUNNING_MPC | pp: health=ok state=active | mpc: health=ok | v_x=17.55 e_y=0.138 theta=-0.016 | params: stored_v=2 fwd_v=2 pending=no
[adaptive_controller_benchmark_node-4] [INFO] [1789757166.771990132] [adaptive_controller_benchmark_node]: [t= 208.2s] N=10400 RMS(e_y)=0.4214m Max|e_y|=2.6301m RMS(heading)=0.0241rad switches=1 emergency_halts=0 laps=1
[adaptive_controller_manager_node-3] [INFO] [1789757167.611193096] [adaptive_controller_manager]: [status] active=MPC state=RUNNING_MPC | pp: health=ok state=active | mpc: health=ok | v_x=24.36 e_y=-0.070 theta=-0.012 | params: stored_v=2 fwd_v=2 pending=no
[adaptive_controller_manager_node-3] [INFO] [1789757169.611529478] [adaptive_controller_manager]: [status] active=MPC state=RUNNING_MPC | pp: health=ok state=active | mpc: health=ok | v_x=26.21 e_y=-0.048 theta=0.016 | params: stored_v=2 fwd_v=2 pending=no
[adaptive_controller_benchmark_node-4] [INFO] [1789757170.772417588] [adaptive_controller_benchmark_node]: [t= 212.2s] N=10600 RMS(e_y)=0.4174m Max|e_y|=2.6301m RMS(heading)=0.0240rad switches=1 emergency_halts=0 laps=1
[adaptive_controller_manager_node-3] [INFO] [1789757171.630970753] [adaptive_controller_manager]: [status] active=MPC state=RUNNING_MPC | pp: health=ok state=active | mpc: health=ok | v_x=23.70 e_y=-0.054 theta=0.020 | params: stored_v=2 fwd_v=2 pending=no
[adaptive_controller_manager_node-3] [INFO] [1789757173.630994934] [adaptive_controller_manager]: [status] active=MPC state=RUNNING_MPC | pp: health=ok state=active | mpc: health=ok | v_x=26.63 e_y=-0.051 theta=0.015 | params: stored_v=2 fwd_v=2 pending=no
[adaptive_controller_benchmark_node-4] [INFO] [1789757174.772014893] [adaptive_controller_benchmark_node]: [t= 216.2s] N=10800 RMS(e_y)=0.4137m Max|e_y|=2.6301m RMS(heading)=0.0239rad switches=1 emergency_halts=0 laps=1
[adaptive_controller_manager_node-3] [INFO] [1789757175.650986873] [adaptive_controller_manager]: [status] active=MPC state=RUNNING_MPC | pp: health=ok state=active | mpc: health=ok | v_x=18.61 e_y=0.033 theta=0.001 | params: stored_v=2 fwd_v=2 pending=no
[adaptive_controller_manager_node-3] [INFO] [1789757177.651002636] [adaptive_controller_manager]: [status] active=MPC state=RUNNING_MPC | pp: health=ok state=active | mpc: health=ok | v_x=11.73 e_y=0.015 theta=0.001 | params: stored_v=2 fwd_v=2 pending=no
[adaptive_controller_benchmark_node-4] [INFO] [1789757178.773363407] [adaptive_controller_benchmark_node]: [t= 220.2s] N=11000 RMS(e_y)=0.4100m Max|e_y|=2.6301m RMS(heading)=0.0237rad switches=1 emergency_halts=0 laps=1
[adaptive_controller_manager_node-3] [INFO] [1789757179.651821152] [adaptive_controller_manager]: [status] active=MPC state=RUNNING_MPC | pp: health=ok state=active | mpc: health=ok | v_x=11.83 e_y=0.166 theta=0.004 | params: stored_v=2 fwd_v=2 pending=no
[adaptive_controller_manager_node-3] [INFO] [1789757181.670914610] [adaptive_controller_manager]: [status] active=MPC state=RUNNING_MPC | pp: health=ok state=active | mpc: health=ok | v_x=10.12 e_y=0.418 theta=-0.002 | params: stored_v=2 fwd_v=2 pending=no
[adaptive_controller_benchmark_node-4] [INFO] [1789757182.771965220] [adaptive_controller_benchmark_node]: [t= 224.2s] N=11200 RMS(e_y)=0.4082m Max|e_y|=2.6301m RMS(heading)=0.0236rad switches=1 emergency_halts=0 laps=1
[adaptive_controller_manager_node-3] [INFO] [1789757183.671008004] [adaptive_controller_manager]: [status] active=MPC state=RUNNING_MPC | pp: health=ok state=active | mpc: health=ok | v_x=14.20 e_y=0.024 theta=-0.014 | params: stored_v=2 fwd_v=2 pending=no
[adaptive_controller_manager_node-3] [INFO] [1789757185.690907295] [adaptive_controller_manager]: [status] active=MPC state=RUNNING_MPC | pp: health=ok state=active | mpc: health=ok | v_x=11.15 e_y=-0.022 theta=-0.004 | params: stored_v=2 fwd_v=2 pending=no
[adaptive_controller_benchmark_node-4] [INFO] [1789757186.772153820] [adaptive_controller_benchmark_node]: [t= 228.2s] N=11400 RMS(e_y)=0.4047m Max|e_y|=2.6301m RMS(heading)=0.0235rad switches=1 emergency_halts=0 laps=1
[adaptive_controller_manager_node-3] [INFO] [1789757187.690910655] [adaptive_controller_manager]: [status] active=MPC state=RUNNING_MPC | pp: health=ok state=active | mpc: health=ok | v_x=10.90 e_y=-0.259 theta=-0.005 | params: stored_v=2 fwd_v=2 pending=no
[adaptive_controller_manager_node-3] [INFO] [1789757189.710914114] [adaptive_controller_manager]: [status] active=MPC state=RUNNING_MPC | pp: health=ok state=active | mpc: health=ok | v_x=9.54 e_y=-0.442 theta=0.026 | params: stored_v=2 fwd_v=2 pending=no
[adaptive_controller_benchmark_node-4] [INFO] [1789757190.772698895] [adaptive_controller_benchmark_node]: [t= 232.2s] N=11600 RMS(e_y)=0.4040m Max|e_y|=2.6301m RMS(heading)=0.0234rad switches=1 emergency_halts=0 laps=1
[adaptive_controller_manager_node-3] [INFO] [1789757191.730862410] [adaptive_controller_manager]: [status] active=MPC state=RUNNING_MPC | pp: health=ok state=active | mpc: health=ok | v_x=15.22 e_y=-0.156 theta=0.018 | params: stored_v=2 fwd_v=2 pending=no
[adaptive_controller_manager_node-3] [INFO] [1789757193.750828595] [adaptive_controller_manager]: [status] active=MPC state=RUNNING_MPC | pp: health=ok state=active | mpc: health=ok | v_x=20.35 e_y=-0.006 theta=0.012 | params: stored_v=2 fwd_v=2 pending=no
[adaptive_controller_benchmark_node-4] [INFO] [1789757194.772051506] [adaptive_controller_benchmark_node]: [t= 236.2s] N=11800 RMS(e_y)=0.4009m Max|e_y|=2.6301m RMS(heading)=0.0233rad switches=1 emergency_halts=0 laps=1
[adaptive_controller_manager_node-3] [INFO] [1789757195.750974345] [adaptive_controller_manager]: [status] active=MPC state=RUNNING_MPC | pp: health=ok state=active | mpc: health=ok | v_x=18.26 e_y=-0.080 theta=0.027 | params: stored_v=2 fwd_v=2 pending=no
[adaptive_controller_manager_node-3] [INFO] [1789757197.770820616] [adaptive_controller_manager]: [status] active=MPC state=RUNNING_MPC | pp: health=ok state=active | mpc: health=ok | v_x=18.89 e_y=-0.095 theta=0.012 | params: stored_v=2 fwd_v=2 pending=no
[adaptive_controller_benchmark_node-4] [INFO] [1789757198.772684821] [adaptive_controller_benchmark_node]: [t= 240.2s] N=12000 RMS(e_y)=0.3977m Max|e_y|=2.6301m RMS(heading)=0.0232rad switches=1 emergency_halts=0 laps=1
[adaptive_controller_manager_node-3] [INFO] [1789757199.770829902] [adaptive_controller_manager]: [status] active=MPC state=RUNNING_MPC | pp: health=ok state=active | mpc: health=ok | v_x=26.35 e_y=-0.040 theta=0.001 | params: stored_v=2 fwd_v=2 pending=no
[adaptive_controller_manager_node-3] [INFO] [1789757201.790783878] [adaptive_controller_manager]: [status] active=MPC state=RUNNING_MPC | pp: health=ok state=active | mpc: health=ok | v_x=27.63 e_y=-0.016 theta=-0.001 | params: stored_v=2 fwd_v=2 pending=no
[adaptive_controller_benchmark_node-4] [INFO] [1789757202.772349525] [adaptive_controller_benchmark_node]: [t= 244.2s] N=12200 RMS(e_y)=0.3945m Max|e_y|=2.6301m RMS(heading)=0.0230rad switches=1 emergency_halts=0 laps=1
[adaptive_controller_manager_node-3] [INFO] [1789757203.810748591] [adaptive_controller_manager]: [status] active=MPC state=RUNNING_MPC | pp: health=ok state=active | mpc: health=ok | v_x=27.75 e_y=-0.011 theta=-0.001 | params: stored_v=2 fwd_v=2 pending=no
[adaptive_controller_manager_node-3] [INFO] [1789757205.810759523] [adaptive_controller_manager]: [status] active=MPC state=RUNNING_MPC | pp: health=ok state=active | mpc: health=ok | v_x=27.77 e_y=-0.007 theta=-0.003 | params: stored_v=2 fwd_v=2 pending=no
[adaptive_controller_benchmark_node-4] [INFO] [1789757206.771857616] [adaptive_controller_benchmark_node]: [t= 248.2s] N=12400 RMS(e_y)=0.3913m Max|e_y|=2.6301m RMS(heading)=0.0228rad switches=1 emergency_halts=0 laps=1
[adaptive_controller_manager_node-3] [INFO] [1789757207.830672273] [adaptive_controller_manager]: [status] active=MPC state=RUNNING_MPC | pp: health=ok state=active | mpc: health=ok | v_x=27.77 e_y=-0.014 theta=-0.000 | params: stored_v=2 fwd_v=2 pending=no
[adaptive_controller_manager_node-3] [INFO] [1789757209.850711797] [adaptive_controller_manager]: [status] active=MPC state=RUNNING_MPC | pp: health=ok state=active | mpc: health=ok | v_x=20.33 e_y=0.050 theta=-0.001 | params: stored_v=2 fwd_v=2 pending=no
[adaptive_controller_benchmark_node-4] [INFO] [1789757210.772194093] [adaptive_controller_benchmark_node]: [t= 252.2s] N=12600 RMS(e_y)=0.3882m Max|e_y|=2.6301m RMS(heading)=0.0226rad switches=1 emergency_halts=0 laps=1
[adaptive_controller_manager_node-3] [INFO] [1789757211.870622531] [adaptive_controller_manager]: [status] active=MPC state=RUNNING_MPC | pp: health=ok state=active | mpc: health=ok | v_x=19.07 e_y=-0.131 theta=0.023 | params: stored_v=2 fwd_v=2 pending=no
[adaptive_controller_manager_node-3] [INFO] [1789757213.870698403] [adaptive_controller_manager]: [status] active=MPC state=RUNNING_MPC | pp: health=ok state=active | mpc: health=ok | v_x=14.02 e_y=-0.145 theta=0.002 | params: stored_v=2 fwd_v=2 pending=no
[adaptive_controller_manager_node-3] [INFO] [1789757214.219391997] [adaptive_controller_manager]: sysid/update_params: accepted and stored new tire params
[mpc_node-2] [INFO] [1789757214.230665295] [mpc_path_tracking]: tire params updated via mpc/update_params
[mpc_node-2] [INFO] [1789757214.230721095] [mpc_path_tracking]: model check: C_front=15357 N/rad C_rear=15315 N/rad -> understeering, linearization stable at all speeds
[mpc_node-2] [WARN] [1789757214.230756913] [mpc_path_tracking]: fast friction estimate stale by 58.6 s - reverting the grip ceiling to the identified Pacejka D alone. The recovery still ramps at limits.grip_rise_rate_per_s.
[mpc_node-2] [INFO] [1789757214.231314086] [mpc_path_tracking]: loaded 2916 raceline waypoints at speed cap 27.77 m/s, lateral cap 4.19 m/s^2 (0.43 g, grip ceiling 6.67 m/s^2 (Pacejka D 6.67 x fast mu ratio 1.00, D only) x 0.75 utilization (base 0.75, shape 0.75) x 0.84 binding axle under braking = 4.19, capped by limits.lateral_accel_max 6.50); reference now peaks at 4.19 m/s^2 (0.43 g)
[mpc_node-2] [WARN] [1789757214.231347156] [mpc_path_tracking]: raceline demands up to 4.98 m/s^2 (0.51 g) of lateral acceleration, above limits.lateral_accel_max=4.19 m/s^2 (0.43 g) at 335/2916 waypoints - corner speeds cut to sqrt(a_lat_max/kappa) and the profile re-smoothed against decel_max/accel_max. The car will now brake for those corners, but it is driving a slower line than the raceline describes; regenerate the raceline for this vehicle's real grip.
[mpc_node-2] [WARN] [1789757214.231376660] [mpc_path_tracking]: raceline speed profile exceeds limits.speed_max=27.77 m/s at 1343/2916 waypoints (max 27.78 m/s, 1.0x the limit) - clamped. The raceline was optimized for a faster vehicle than this one; regenerate it with v_max=27.77 m/s for a usable speed profile. Raising limits.speed_max only helps if the VEHICLE can really go that fast - the cap must describe the plant, not the ambition.
[mpc_node-2] [INFO] [1789757214.232214511] [mpc_path_tracking]: loaded 2916 raceline waypoints at speed cap 27.77 m/s, lateral cap 4.19 m/s^2 (0.43 g, grip ceiling 6.67 m/s^2 (Pacejka D 6.67 x fast mu ratio 1.00, D only) x 0.75 utilization (base 0.75, shape 0.75) x 0.84 binding axle under braking = 4.19, capped by limits.lateral_accel_max 6.50); reference now peaks at 4.19 m/s^2 (0.43 g)
[mpc_node-2] [WARN] [1789757214.232242323] [mpc_path_tracking]: raceline demands up to 4.98 m/s^2 (0.51 g) of lateral acceleration, above limits.lateral_accel_max=4.19 m/s^2 (0.43 g) at 335/2916 waypoints - corner speeds cut to sqrt(a_lat_max/kappa) and the profile re-smoothed against decel_max/accel_max. The car will now brake for those corners, but it is driving a slower line than the raceline describes; regenerate the raceline for this vehicle's real grip.
[mpc_node-2] [WARN] [1789757214.232258363] [mpc_path_tracking]: raceline speed profile exceeds limits.speed_max=27.77 m/s at 1343/2916 waypoints (max 27.78 m/s, 1.0x the limit) - clamped. The raceline was optimized for a faster vehicle than this one; regenerate it with v_max=27.77 m/s for a usable speed profile. Raising limits.speed_max only helps if the VEHICLE can really go that fast - the cap must describe the plant, not the ambition.
[adaptive_controller_benchmark_node-4] [INFO] [1789757214.771661246] [adaptive_controller_benchmark_node]: [t= 256.2s] N=12800 RMS(e_y)=0.3856m Max|e_y|=2.6301m RMS(heading)=0.0226rad switches=1 emergency_halts=0 laps=1
[adaptive_controller_manager_node-3] [INFO] [1789757215.890591525] [adaptive_controller_manager]: [status] active=MPC state=RUNNING_MPC | pp: health=ok state=active | mpc: health=ok | v_x=15.61 e_y=-0.221 theta=0.026 | params: stored_v=3 fwd_v=3 pending=no
[adaptive_controller_manager_node-3] [INFO] [1789757217.910897824] [adaptive_controller_manager]: [status] active=MPC state=RUNNING_MPC | pp: health=ok state=active | mpc: health=ok | v_x=16.64 e_y=0.115 theta=-0.016 | params: stored_v=3 fwd_v=3 pending=no
[adaptive_controller_benchmark_node-4] [INFO] [1789757218.771972198] [adaptive_controller_benchmark_node]: [t= 260.2s] N=13000 RMS(e_y)=0.3836m Max|e_y|=2.6301m RMS(heading)=0.0225rad switches=1 emergency_halts=0 laps=1
[adaptive_controller_manager_node-3] [INFO] [1789757219.930537642] [adaptive_controller_manager]: [status] active=MPC state=RUNNING_MPC | pp: health=ok state=active | mpc: health=ok | v_x=14.18 e_y=0.289 theta=-0.035 | params: stored_v=3 fwd_v=3 pending=no
[mpc_node-2] [INFO] [1789757221.118457279] [mpc_path_tracking]: fast friction estimate acquired on /sysid/friction: grip now follows mu as well as D
[mpc_node-2] [INFO] [1789757221.118992817] [mpc_path_tracking]: loaded 2916 raceline waypoints at speed cap 27.77 m/s, lateral cap 4.71 m/s^2 (0.48 g, grip ceiling 8.00 m/s^2 (Pacejka D 6.67 x fast mu ratio 1.20, fast mu live) x 0.70 utilization (base 0.75, shape 0.75) x 0.84 binding axle under braking = 4.71, capped by limits.lateral_accel_max 6.50); reference now peaks at 4.71 m/s^2 (0.48 g)
[mpc_node-2] [WARN] [1789757221.119026893] [mpc_path_tracking]: raceline demands up to 4.98 m/s^2 (0.51 g) of lateral acceleration, above limits.lateral_accel_max=4.71 m/s^2 (0.48 g) at 146/2916 waypoints - corner speeds cut to sqrt(a_lat_max/kappa) and the profile re-smoothed against decel_max/accel_max. The car will now brake for those corners, but it is driving a slower line than the raceline describes; regenerate the raceline for this vehicle's real grip.
[mpc_node-2] [WARN] [1789757221.119045557] [mpc_path_tracking]: raceline speed profile exceeds limits.speed_max=27.77 m/s at 1343/2916 waypoints (max 27.78 m/s, 1.0x the limit) - clamped. The raceline was optimized for a faster vehicle than this one; regenerate it with v_max=27.77 m/s for a usable speed profile. Raising limits.speed_max only helps if the VEHICLE can really go that fast - the cap must describe the plant, not the ambition.
[adaptive_controller_manager_node-3] [INFO] [1789757221.950534659] [adaptive_controller_manager]: [status] active=MPC state=RUNNING_MPC | pp: health=ok state=active | mpc: health=ok | v_x=15.94 e_y=0.348 theta=-0.024 | params: stored_v=3 fwd_v=3 pending=no
[mpc_node-2] [INFO] [1789757222.120246052] [mpc_path_tracking]: loaded 2916 raceline waypoints at speed cap 27.77 m/s, lateral cap 4.56 m/s^2 (0.47 g, grip ceiling 7.53 m/s^2 (Pacejka D 6.67 x fast mu ratio 1.13, fast mu live) x 0.72 utilization (base 0.75, shape 0.75) x 0.84 binding axle under braking = 4.56, capped by limits.lateral_accel_max 6.50); reference now peaks at 4.56 m/s^2 (0.47 g)
[mpc_node-2] [WARN] [1789757222.120284594] [mpc_path_tracking]: raceline demands up to 4.98 m/s^2 (0.51 g) of lateral acceleration, above limits.lateral_accel_max=4.56 m/s^2 (0.47 g) at 190/2916 waypoints - corner speeds cut to sqrt(a_lat_max/kappa) and the profile re-smoothed against decel_max/accel_max. The car will now brake for those corners, but it is driving a slower line than the raceline describes; regenerate the raceline for this vehicle's real grip.
[mpc_node-2] [WARN] [1789757222.120296176] [mpc_path_tracking]: raceline speed profile exceeds limits.speed_max=27.77 m/s at 1343/2916 waypoints (max 27.78 m/s, 1.0x the limit) - clamped. The raceline was optimized for a faster vehicle than this one; regenerate it with v_max=27.77 m/s for a usable speed profile. Raising limits.speed_max only helps if the VEHICLE can really go that fast - the cap must describe the plant, not the ambition.
[adaptive_controller_benchmark_node-4] [INFO] [1789757222.771943357] [adaptive_controller_benchmark_node]: [t= 264.2s] N=13200 RMS(e_y)=0.3824m Max|e_y|=2.6301m RMS(heading)=0.0227rad switches=1 emergency_halts=0 laps=1
[mpc_node-2] [INFO] [1789757223.115321963] [mpc_path_tracking]: loaded 2916 raceline waypoints at speed cap 27.77 m/s, lateral cap 4.13 m/s^2 (0.42 g, grip ceiling 6.70 m/s^2 (Pacejka D 6.67 x fast mu ratio 1.00, fast mu live) x 0.74 utilization (base 0.75, shape 0.75) x 0.84 binding axle under braking = 4.13, capped by limits.lateral_accel_max 6.50); reference now peaks at 4.13 m/s^2 (0.42 g)
[mpc_node-2] [WARN] [1789757223.115371964] [mpc_path_tracking]: raceline demands up to 4.98 m/s^2 (0.51 g) of lateral acceleration, above limits.lateral_accel_max=4.13 m/s^2 (0.42 g) at 358/2916 waypoints - corner speeds cut to sqrt(a_lat_max/kappa) and the profile re-smoothed against decel_max/accel_max. The car will now brake for those corners, but it is driving a slower line than the raceline describes; regenerate the raceline for this vehicle's real grip.
[mpc_node-2] [WARN] [1789757223.115389779] [mpc_path_tracking]: raceline speed profile exceeds limits.speed_max=27.77 m/s at 1343/2916 waypoints (max 27.78 m/s, 1.0x the limit) - clamped. The raceline was optimized for a faster vehicle than this one; regenerate it with v_max=27.77 m/s for a usable speed profile. Raising limits.speed_max only helps if the VEHICLE can really go that fast - the cap must describe the plant, not the ambition.
[adaptive_controller_manager_node-3] [INFO] [1789757223.970422165] [adaptive_controller_manager]: [status] active=MPC state=RUNNING_MPC | pp: health=ok state=active | mpc: health=ok | v_x=18.99 e_y=0.063 theta=-0.030 | params: stored_v=3 fwd_v=3 pending=no
[mpc_node-2] [INFO] [1789757224.123654165] [mpc_path_tracking]: loaded 2916 raceline waypoints at speed cap 27.77 m/s, lateral cap 4.18 m/s^2 (0.43 g, grip ceiling 6.81 m/s^2 (Pacejka D 6.67 x fast mu ratio 1.02, fast mu live) x 0.73 utilization (base 0.75, shape 0.75) x 0.84 binding axle under braking = 4.18, capped by limits.lateral_accel_max 6.50); reference now peaks at 4.18 m/s^2 (0.43 g)
[mpc_node-2] [WARN] [1789757224.123695067] [mpc_path_tracking]: raceline demands up to 4.98 m/s^2 (0.51 g) of lateral acceleration, above limits.lateral_accel_max=4.18 m/s^2 (0.43 g) at 338/2916 waypoints - corner speeds cut to sqrt(a_lat_max/kappa) and the profile re-smoothed against decel_max/accel_max. The car will now brake for those corners, but it is driving a slower line than the raceline describes; regenerate the raceline for this vehicle's real grip.
[mpc_node-2] [WARN] [1789757224.123707131] [mpc_path_tracking]: raceline speed profile exceeds limits.speed_max=27.77 m/s at 1343/2916 waypoints (max 27.78 m/s, 1.0x the limit) - clamped. The raceline was optimized for a faster vehicle than this one; regenerate it with v_max=27.77 m/s for a usable speed profile. Raising limits.speed_max only helps if the VEHICLE can really go that fast - the cap must describe the plant, not the ambition.
[mpc_node-2] [INFO] [1789757225.115173701] [mpc_path_tracking]: loaded 2916 raceline waypoints at speed cap 27.77 m/s, lateral cap 4.29 m/s^2 (0.44 g, grip ceiling 7.02 m/s^2 (Pacejka D 6.67 x fast mu ratio 1.05, fast mu live) x 0.73 utilization (base 0.75, shape 0.75) x 0.84 binding axle under braking = 4.29, capped by limits.lateral_accel_max 6.50); reference now peaks at 4.29 m/s^2 (0.44 g)
[mpc_node-2] [WARN] [1789757225.115224623] [mpc_path_tracking]: raceline demands up to 4.98 m/s^2 (0.51 g) of lateral acceleration, above limits.lateral_accel_max=4.29 m/s^2 (0.44 g) at 302/2916 waypoints - corner speeds cut to sqrt(a_lat_max/kappa) and the profile re-smoothed against decel_max/accel_max. The car will now brake for those corners, but it is driving a slower line than the raceline describes; regenerate the raceline for this vehicle's real grip.
[mpc_node-2] [WARN] [1789757225.115236180] [mpc_path_tracking]: raceline speed profile exceeds limits.speed_max=27.77 m/s at 1343/2916 waypoints (max 27.78 m/s, 1.0x the limit) - clamped. The raceline was optimized for a faster vehicle than this one; regenerate it with v_max=27.77 m/s for a usable speed profile. Raising limits.speed_max only helps if the VEHICLE can really go that fast - the cap must describe the plant, not the ambition.
[adaptive_controller_manager_node-3] [INFO] [1789757225.970471559] [adaptive_controller_manager]: [status] active=MPC state=RUNNING_MPC | pp: health=ok state=active | mpc: health=ok | v_x=26.55 e_y=-0.022 theta=-0.007 | params: stored_v=3 fwd_v=3 pending=no
[mpc_node-2] [INFO] [1789757226.114122679] [mpc_path_tracking]: loaded 2916 raceline waypoints at speed cap 27.77 m/s, lateral cap 4.26 m/s^2 (0.43 g, grip ceiling 6.97 m/s^2 (Pacejka D 6.67 x fast mu ratio 1.05, fast mu live) x 0.73 utilization (base 0.75, shape 0.75) x 0.84 binding axle under braking = 4.26, capped by limits.lateral_accel_max 6.50); reference now peaks at 4.26 m/s^2 (0.43 g)
[mpc_node-2] [WARN] [1789757226.114205682] [mpc_path_tracking]: raceline demands up to 4.98 m/s^2 (0.51 g) of lateral acceleration, above limits.lateral_accel_max=4.26 m/s^2 (0.43 g) at 314/2916 waypoints - corner speeds cut to sqrt(a_lat_max/kappa) and the profile re-smoothed against decel_max/accel_max. The car will now brake for those corners, but it is driving a slower line than the raceline describes; regenerate the raceline for this vehicle's real grip.
[mpc_node-2] [WARN] [1789757226.114231781] [mpc_path_tracking]: raceline speed profile exceeds limits.speed_max=27.77 m/s at 1343/2916 waypoints (max 27.78 m/s, 1.0x the limit) - clamped. The raceline was optimized for a faster vehicle than this one; regenerate it with v_max=27.77 m/s for a usable speed profile. Raising limits.speed_max only helps if the VEHICLE can really go that fast - the cap must describe the plant, not the ambition.
[adaptive_controller_benchmark_node-4] [INFO] [1789757226.771597899] [adaptive_controller_benchmark_node]: [t= 268.2s] N=13400 RMS(e_y)=0.3797m Max|e_y|=2.6301m RMS(heading)=0.0226rad switches=1 emergency_halts=0 laps=1
[mpc_node-2] [INFO] [1789757227.118188512] [mpc_path_tracking]: loaded 2916 raceline waypoints at speed cap 27.77 m/s, lateral cap 4.21 m/s^2 (0.43 g, grip ceiling 6.88 m/s^2 (Pacejka D 6.67 x fast mu ratio 1.03, fast mu live) x 0.73 utilization (base 0.75, shape 0.75) x 0.84 binding axle under braking = 4.21, capped by limits.lateral_accel_max 6.50); reference now peaks at 4.21 m/s^2 (0.43 g)
[mpc_node-2] [WARN] [1789757227.118242045] [mpc_path_tracking]: raceline demands up to 4.98 m/s^2 (0.51 g) of lateral acceleration, above limits.lateral_accel_max=4.21 m/s^2 (0.43 g) at 332/2916 waypoints - corner speeds cut to sqrt(a_lat_max/kappa) and the profile re-smoothed against decel_max/accel_max. The car will now brake for those corners, but it is driving a slower line than the raceline describes; regenerate the raceline for this vehicle's real grip.
[mpc_node-2] [WARN] [1789757227.118255716] [mpc_path_tracking]: raceline speed profile exceeds limits.speed_max=27.77 m/s at 1343/2916 waypoints (max 27.78 m/s, 1.0x the limit) - clamped. The raceline was optimized for a faster vehicle than this one; regenerate it with v_max=27.77 m/s for a usable speed profile. Raising limits.speed_max only helps if the VEHICLE can really go that fast - the cap must describe the plant, not the ambition.
[adaptive_controller_manager_node-3] [INFO] [1789757227.970475123] [adaptive_controller_manager]: [status] active=MPC state=RUNNING_MPC | pp: health=ok state=active | mpc: health=ok | v_x=27.65 e_y=-0.036 theta=-0.017 | params: stored_v=3 fwd_v=3 pending=no
[mpc_node-2] [INFO] [1789757228.115899257] [mpc_path_tracking]: loaded 2916 raceline waypoints at speed cap 27.77 m/s, lateral cap 4.04 m/s^2 (0.41 g, grip ceiling 6.61 m/s^2 (Pacejka D 6.67 x fast mu ratio 0.99, fast mu live) x 0.73 utilization (base 0.75, shape 0.75) x 0.84 binding axle under braking = 4.04, capped by limits.lateral_accel_max 6.50); reference now peaks at 4.04 m/s^2 (0.41 g)
[mpc_node-2] [WARN] [1789757228.115943386] [mpc_path_tracking]: raceline demands up to 4.98 m/s^2 (0.51 g) of lateral acceleration, above limits.lateral_accel_max=4.04 m/s^2 (0.41 g) at 388/2916 waypoints - corner speeds cut to sqrt(a_lat_max/kappa) and the profile re-smoothed against decel_max/accel_max. The car will now brake for those corners, but it is driving a slower line than the raceline describes; regenerate the raceline for this vehicle's real grip.
[mpc_node-2] [WARN] [1789757228.115955933] [mpc_path_tracking]: raceline speed profile exceeds limits.speed_max=27.77 m/s at 1343/2916 waypoints (max 27.78 m/s, 1.0x the limit) - clamped. The raceline was optimized for a faster vehicle than this one; regenerate it with v_max=27.77 m/s for a usable speed profile. Raising limits.speed_max only helps if the VEHICLE can really go that fast - the cap must describe the plant, not the ambition.
[mpc_node-2] [INFO] [1789757229.117224056] [mpc_path_tracking]: loaded 2916 raceline waypoints at speed cap 27.77 m/s, lateral cap 3.51 m/s^2 (0.36 g, grip ceiling 6.03 m/s^2 (Pacejka D 6.67 x fast mu ratio 0.90, fast mu live) x 0.70 utilization (base 0.75, shape 0.75) x 0.84 binding axle under braking = 3.51, capped by limits.lateral_accel_max 6.50); reference now peaks at 3.51 m/s^2 (0.36 g)
[mpc_node-2] [WARN] [1789757229.117282969] [mpc_path_tracking]: raceline demands up to 4.98 m/s^2 (0.51 g) of lateral acceleration, above limits.lateral_accel_max=3.51 m/s^2 (0.36 g) at 594/2916 waypoints - corner speeds cut to sqrt(a_lat_max/kappa) and the profile re-smoothed against decel_max/accel_max. The car will now brake for those corners, but it is driving a slower line than the raceline describes; regenerate the raceline for this vehicle's real grip.
[mpc_node-2] [WARN] [1789757229.117305540] [mpc_path_tracking]: raceline speed profile exceeds limits.speed_max=27.77 m/s at 1343/2916 waypoints (max 27.78 m/s, 1.0x the limit) - clamped. The raceline was optimized for a faster vehicle than this one; regenerate it with v_max=27.77 m/s for a usable speed profile. Raising limits.speed_max only helps if the VEHICLE can really go that fast - the cap must describe the plant, not the ambition.
[adaptive_controller_manager_node-3] [INFO] [1789757229.990370355] [adaptive_controller_manager]: [status] active=MPC state=RUNNING_MPC | pp: health=ok state=active | mpc: health=ok | v_x=26.24 e_y=-0.026 theta=-0.020 | params: stored_v=3 fwd_v=3 pending=no
[mpc_node-2] [INFO] [1789757230.114448993] [mpc_path_tracking]: loaded 2916 raceline waypoints at speed cap 27.77 m/s, lateral cap 3.78 m/s^2 (0.39 g, grip ceiling 6.38 m/s^2 (Pacejka D 6.67 x fast mu ratio 0.96, fast mu live) x 0.71 utilization (base 0.75, shape 0.75) x 0.84 binding axle under braking = 3.78, capped by limits.lateral_accel_max 6.50); reference now peaks at 3.78 m/s^2 (0.39 g)
[mpc_node-2] [WARN] [1789757230.114491507] [mpc_path_tracking]: raceline demands up to 4.98 m/s^2 (0.51 g) of lateral acceleration, above limits.lateral_accel_max=3.78 m/s^2 (0.39 g) at 487/2916 waypoints - corner speeds cut to sqrt(a_lat_max/kappa) and the profile re-smoothed against decel_max/accel_max. The car will now brake for those corners, but it is driving a slower line than the raceline describes; regenerate the raceline for this vehicle's real grip.
[mpc_node-2] [WARN] [1789757230.114503299] [mpc_path_tracking]: raceline speed profile exceeds limits.speed_max=27.77 m/s at 1343/2916 waypoints (max 27.78 m/s, 1.0x the limit) - clamped. The raceline was optimized for a faster vehicle than this one; regenerate it with v_max=27.77 m/s for a usable speed profile. Raising limits.speed_max only helps if the VEHICLE can really go that fast - the cap must describe the plant, not the ambition.
[adaptive_controller_benchmark_node-4] [INFO] [1789757230.771774876] [adaptive_controller_benchmark_node]: [t= 272.2s] N=13600 RMS(e_y)=0.3769m Max|e_y|=2.6301m RMS(heading)=0.0226rad switches=1 emergency_halts=0 laps=1
[mpc_node-2] [INFO] [1789757231.116567487] [mpc_path_tracking]: loaded 2916 raceline waypoints at speed cap 27.77 m/s, lateral cap 3.52 m/s^2 (0.36 g, grip ceiling 5.87 m/s^2 (Pacejka D 6.67 x fast mu ratio 0.88, fast mu live) x 0.72 utilization (base 0.75, shape 0.75) x 0.84 binding axle under braking = 3.52, capped by limits.lateral_accel_max 6.50); reference now peaks at 3.52 m/s^2 (0.36 g)
[mpc_node-2] [WARN] [1789757231.116673129] [mpc_path_tracking]: raceline demands up to 4.98 m/s^2 (0.51 g) of lateral acceleration, above limits.lateral_accel_max=3.52 m/s^2 (0.36 g) at 588/2916 waypoints - corner speeds cut to sqrt(a_lat_max/kappa) and the profile re-smoothed against decel_max/accel_max. The car will now brake for those corners, but it is driving a slower line than the raceline describes; regenerate the raceline for this vehicle's real grip.
[mpc_node-2] [WARN] [1789757231.116693610] [mpc_path_tracking]: raceline speed profile exceeds limits.speed_max=27.77 m/s at 1343/2916 waypoints (max 27.78 m/s, 1.0x the limit) - clamped. The raceline was optimized for a faster vehicle than this one; regenerate it with v_max=27.77 m/s for a usable speed profile. Raising limits.speed_max only helps if the VEHICLE can really go that fast - the cap must describe the plant, not the ambition.
[adaptive_controller_manager_node-3] [INFO] [1789757231.990496040] [adaptive_controller_manager]: [status] active=MPC state=RUNNING_MPC | pp: health=ok state=active | mpc: health=ok | v_x=27.63 e_y=-0.020 theta=-0.007 | params: stored_v=3 fwd_v=3 pending=no
[mpc_node-2] [INFO] [1789757232.115912040] [mpc_path_tracking]: loaded 2916 raceline waypoints at speed cap 27.77 m/s, lateral cap 3.43 m/s^2 (0.35 g, grip ceiling 5.68 m/s^2 (Pacejka D 6.67 x fast mu ratio 0.85, fast mu live) x 0.72 utilization (base 0.75, shape 0.75) x 0.84 binding axle under braking = 3.43, capped by limits.lateral_accel_max 6.50); reference now peaks at 3.43 m/s^2 (0.35 g)
[mpc_node-2] [WARN] [1789757232.115955248] [mpc_path_tracking]: raceline demands up to 4.98 m/s^2 (0.51 g) of lateral acceleration, above limits.lateral_accel_max=3.43 m/s^2 (0.35 g) at 626/2916 waypoints - corner speeds cut to sqrt(a_lat_max/kappa) and the profile re-smoothed against decel_max/accel_max. The car will now brake for those corners, but it is driving a slower line than the raceline describes; regenerate the raceline for this vehicle's real grip.
[mpc_node-2] [WARN] [1789757232.115965863] [mpc_path_tracking]: raceline speed profile exceeds limits.speed_max=27.77 m/s at 1343/2916 waypoints (max 27.78 m/s, 1.0x the limit) - clamped. The raceline was optimized for a faster vehicle than this one; regenerate it with v_max=27.77 m/s for a usable speed profile. Raising limits.speed_max only helps if the VEHICLE can really go that fast - the cap must describe the plant, not the ambition.
[mpc_node-2] [INFO] [1789757233.114635037] [mpc_path_tracking]: loaded 2916 raceline waypoints at speed cap 27.77 m/s, lateral cap 3.31 m/s^2 (0.34 g, grip ceiling 5.49 m/s^2 (Pacejka D 6.67 x fast mu ratio 0.82, fast mu live) x 0.72 utilization (base 0.75, shape 0.75) x 0.84 binding axle under braking = 3.31, capped by limits.lateral_accel_max 6.50); reference now peaks at 3.31 m/s^2 (0.34 g)
[mpc_node-2] [WARN] [1789757233.114680228] [mpc_path_tracking]: raceline demands up to 4.98 m/s^2 (0.51 g) of lateral acceleration, above limits.lateral_accel_max=3.31 m/s^2 (0.34 g) at 658/2916 waypoints - corner speeds cut to sqrt(a_lat_max/kappa) and the profile re-smoothed against decel_max/accel_max. The car will now brake for those corners, but it is driving a slower line than the raceline describes; regenerate the raceline for this vehicle's real grip.
[mpc_node-2] [WARN] [1789757233.114691273] [mpc_path_tracking]: raceline speed profile exceeds limits.speed_max=27.77 m/s at 1343/2916 waypoints (max 27.78 m/s, 1.0x the limit) - clamped. The raceline was optimized for a faster vehicle than this one; regenerate it with v_max=27.77 m/s for a usable speed profile. Raising limits.speed_max only helps if the VEHICLE can really go that fast - the cap must describe the plant, not the ambition.
[adaptive_controller_manager_node-3] [INFO] [1789757234.010392941] [adaptive_controller_manager]: [status] active=MPC state=RUNNING_MPC | pp: health=ok state=active | mpc: health=ok | v_x=27.74 e_y=-0.006 theta=-0.000 | params: stored_v=3 fwd_v=3 pending=no
[mpc_node-2] [INFO] [1789757234.113114876] [mpc_path_tracking]: loaded 2916 raceline waypoints at speed cap 27.77 m/s, lateral cap 3.27 m/s^2 (0.33 g, grip ceiling 5.44 m/s^2 (Pacejka D 6.67 x fast mu ratio 0.82, fast mu live) x 0.72 utilization (base 0.75, shape 0.75) x 0.84 binding axle under braking = 3.27, capped by limits.lateral_accel_max 6.50); reference now peaks at 3.27 m/s^2 (0.33 g)
[mpc_node-2] [WARN] [1789757234.113168923] [mpc_path_tracking]: raceline demands up to 4.98 m/s^2 (0.51 g) of lateral acceleration, above limits.lateral_accel_max=3.27 m/s^2 (0.33 g) at 673/2916 waypoints - corner speeds cut to sqrt(a_lat_max/kappa) and the profile re-smoothed against decel_max/accel_max. The car will now brake for those corners, but it is driving a slower line than the raceline describes; regenerate the raceline for this vehicle's real grip.
[mpc_node-2] [WARN] [1789757234.113184829] [mpc_path_tracking]: raceline speed profile exceeds limits.speed_max=27.77 m/s at 1343/2916 waypoints (max 27.78 m/s, 1.0x the limit) - clamped. The raceline was optimized for a faster vehicle than this one; regenerate it with v_max=27.77 m/s for a usable speed profile. Raising limits.speed_max only helps if the VEHICLE can really go that fast - the cap must describe the plant, not the ambition.
[adaptive_controller_benchmark_node-4] [INFO] [1789757234.771845671] [adaptive_controller_benchmark_node]: [t= 276.2s] N=13800 RMS(e_y)=0.3742m Max|e_y|=2.6301m RMS(heading)=0.0225rad switches=1 emergency_halts=0 laps=1
[mpc_node-2] [INFO] [1789757235.113090856] [mpc_path_tracking]: loaded 2916 raceline waypoints at speed cap 27.77 m/s, lateral cap 3.33 m/s^2 (0.34 g, grip ceiling 5.55 m/s^2 (Pacejka D 6.67 x fast mu ratio 0.83, fast mu live) x 0.72 utilization (base 0.75, shape 0.75) x 0.84 binding axle under braking = 3.33, capped by limits.lateral_accel_max 6.50); reference now peaks at 3.33 m/s^2 (0.34 g)
[mpc_node-2] [WARN] [1789757235.113147069] [mpc_path_tracking]: raceline demands up to 4.98 m/s^2 (0.51 g) of lateral acceleration, above limits.lateral_accel_max=3.33 m/s^2 (0.34 g) at 655/2916 waypoints - corner speeds cut to sqrt(a_lat_max/kappa) and the profile re-smoothed against decel_max/accel_max. The car will now brake for those corners, but it is driving a slower line than the raceline describes; regenerate the raceline for this vehicle's real grip.
[mpc_node-2] [WARN] [1789757235.113165982] [mpc_path_tracking]: raceline speed profile exceeds limits.speed_max=27.77 m/s at 1343/2916 waypoints (max 27.78 m/s, 1.0x the limit) - clamped. The raceline was optimized for a faster vehicle than this one; regenerate it with v_max=27.77 m/s for a usable speed profile. Raising limits.speed_max only helps if the VEHICLE can really go that fast - the cap must describe the plant, not the ambition.
[adaptive_controller_manager_node-3] [INFO] [1789757236.010672166] [adaptive_controller_manager]: [status] active=MPC state=RUNNING_MPC | pp: health=ok state=active | mpc: health=ok | v_x=27.77 e_y=-0.012 theta=-0.001 | params: stored_v=3 fwd_v=3 pending=no
[adaptive_controller_manager_node-3] [INFO] [1789757238.030444273] [adaptive_controller_manager]: [status] active=MPC state=RUNNING_MPC | pp: health=ok state=active | mpc: health=ok | v_x=24.94 e_y=0.028 theta=0.001 | params: stored_v=3 fwd_v=3 pending=no
[adaptive_controller_benchmark_node-4] [INFO] [1789757238.771705762] [adaptive_controller_benchmark_node]: [t= 280.2s] N=14000 RMS(e_y)=0.3715m Max|e_y|=2.6301m RMS(heading)=0.0223rad switches=1 emergency_halts=0 laps=1
[adaptive_controller_manager_node-3] [INFO] [1789757240.050451993] [adaptive_controller_manager]: [status] active=MPC state=RUNNING_MPC | pp: health=ok state=active | mpc: health=ok | v_x=20.90 e_y=0.077 theta=-0.020 | params: stored_v=3 fwd_v=3 pending=no
[adaptive_controller_manager_node-3] [INFO] [1789757242.070277480] [adaptive_controller_manager]: [status] active=MPC state=RUNNING_MPC | pp: health=ok state=active | mpc: health=ok | v_x=17.96 e_y=0.161 theta=-0.021 | params: stored_v=3 fwd_v=3 pending=no
[mpc_node-2] [INFO] [1789757242.114462462] [mpc_path_tracking]: loaded 2916 raceline waypoints at speed cap 27.77 m/s, lateral cap 3.53 m/s^2 (0.36 g, grip ceiling 6.10 m/s^2 (Pacejka D 6.67 x fast mu ratio 0.92, fast mu live) x 0.69 utilization (base 0.75, shape 0.75) x 0.84 binding axle under braking = 3.53, capped by limits.lateral_accel_max 6.50); reference now peaks at 3.53 m/s^2 (0.36 g)
[mpc_node-2] [WARN] [1789757242.114512284] [mpc_path_tracking]: raceline demands up to 4.98 m/s^2 (0.51 g) of lateral acceleration, above limits.lateral_accel_max=3.53 m/s^2 (0.36 g) at 585/2916 waypoints - corner speeds cut to sqrt(a_lat_max/kappa) and the profile re-smoothed against decel_max/accel_max. The car will now brake for those corners, but it is driving a slower line than the raceline describes; regenerate the raceline for this vehicle's real grip.
[mpc_node-2] [WARN] [1789757242.114537305] [mpc_path_tracking]: raceline speed profile exceeds limits.speed_max=27.77 m/s at 1343/2916 waypoints (max 27.78 m/s, 1.0x the limit) - clamped. The raceline was optimized for a faster vehicle than this one; regenerate it with v_max=27.77 m/s for a usable speed profile. Raising limits.speed_max only helps if the VEHICLE can really go that fast - the cap must describe the plant, not the ambition.
[adaptive_controller_benchmark_node-4] [INFO] [1789757242.771467323] [adaptive_controller_benchmark_node]: [t= 284.2s] N=14200 RMS(e_y)=0.3692m Max|e_y|=2.6301m RMS(heading)=0.0223rad switches=1 emergency_halts=0 laps=1
[mpc_node-2] [INFO] [1789757243.115471374] [mpc_path_tracking]: loaded 2916 raceline waypoints at speed cap 27.77 m/s, lateral cap 3.25 m/s^2 (0.33 g, grip ceiling 5.45 m/s^2 (Pacejka D 6.67 x fast mu ratio 0.82, fast mu live) x 0.71 utilization (base 0.75, shape 0.75) x 0.84 binding axle under braking = 3.25, capped by limits.lateral_accel_max 6.50); reference now peaks at 3.25 m/s^2 (0.33 g)
[mpc_node-2] [WARN] [1789757243.115526233] [mpc_path_tracking]: raceline demands up to 4.98 m/s^2 (0.51 g) of lateral acceleration, above limits.lateral_accel_max=3.25 m/s^2 (0.33 g) at 676/2916 waypoints - corner speeds cut to sqrt(a_lat_max/kappa) and the profile re-smoothed against decel_max/accel_max. The car will now brake for those corners, but it is driving a slower line than the raceline describes; regenerate the raceline for this vehicle's real grip.
[mpc_node-2] [WARN] [1789757243.115538444] [mpc_path_tracking]: raceline speed profile exceeds limits.speed_max=27.77 m/s at 1343/2916 waypoints (max 27.78 m/s, 1.0x the limit) - clamped. The raceline was optimized for a faster vehicle than this one; regenerate it with v_max=27.77 m/s for a usable speed profile. Raising limits.speed_max only helps if the VEHICLE can really go that fast - the cap must describe the plant, not the ambition.
[adaptive_controller_manager_node-3] [INFO] [1789757244.090286512] [adaptive_controller_manager]: [status] active=MPC state=RUNNING_MPC | pp: health=ok state=active | mpc: health=ok | v_x=24.54 e_y=-0.036 theta=-0.007 | params: stored_v=3 fwd_v=3 pending=no
[mpc_node-2] [INFO] [1789757244.117056176] [mpc_path_tracking]: loaded 2916 raceline waypoints at speed cap 27.77 m/s, lateral cap 3.31 m/s^2 (0.34 g, grip ceiling 5.50 m/s^2 (Pacejka D 6.67 x fast mu ratio 0.83, fast mu live) x 0.72 utilization (base 0.75, shape 0.75) x 0.84 binding axle under braking = 3.31, capped by limits.lateral_accel_max 6.50); reference now peaks at 3.31 m/s^2 (0.34 g)
[mpc_node-2] [WARN] [1789757244.117100057] [mpc_path_tracking]: raceline demands up to 4.98 m/s^2 (0.51 g) of lateral acceleration, above limits.lateral_accel_max=3.31 m/s^2 (0.34 g) at 658/2916 waypoints - corner speeds cut to sqrt(a_lat_max/kappa) and the profile re-smoothed against decel_max/accel_max. The car will now brake for those corners, but it is driving a slower line than the raceline describes; regenerate the raceline for this vehicle's real grip.
[mpc_node-2] [WARN] [1789757244.117112783] [mpc_path_tracking]: raceline speed profile exceeds limits.speed_max=27.77 m/s at 1343/2916 waypoints (max 27.78 m/s, 1.0x the limit) - clamped. The raceline was optimized for a faster vehicle than this one; regenerate it with v_max=27.77 m/s for a usable speed profile. Raising limits.speed_max only helps if the VEHICLE can really go that fast - the cap must describe the plant, not the ambition.
[adaptive_controller_manager_node-3] [INFO] [1789757246.110271612] [adaptive_controller_manager]: [status] active=MPC state=RUNNING_MPC | pp: health=ok state=active | mpc: health=ok | v_x=27.43 e_y=-0.021 theta=-0.006 | params: stored_v=3 fwd_v=3 pending=no
[adaptive_controller_benchmark_node-4] [INFO] [1789757246.771173656] [adaptive_controller_benchmark_node]: [t= 288.2s] N=14400 RMS(e_y)=0.3667m Max|e_y|=2.6301m RMS(heading)=0.0222rad switches=1 emergency_halts=0 laps=1
[adaptive_controller_manager_node-3] [INFO] [1789757248.130172903] [adaptive_controller_manager]: [status] active=MPC state=RUNNING_MPC | pp: health=ok state=active | mpc: health=ok | v_x=27.73 e_y=-0.034 theta=-0.005 | params: stored_v=3 fwd_v=3 pending=no
[adaptive_controller_manager_node-3] [INFO] [1789757250.130514781] [adaptive_controller_manager]: [status] active=MPC state=RUNNING_MPC | pp: health=ok state=active | mpc: health=ok | v_x=27.77 e_y=-0.019 theta=-0.002 | params: stored_v=3 fwd_v=3 pending=no
[adaptive_controller_benchmark_node-4] [INFO] [1789757250.771827157] [adaptive_controller_benchmark_node]: [t= 292.2s] N=14600 RMS(e_y)=0.3642m Max|e_y|=2.6301m RMS(heading)=0.0221rad switches=1 emergency_halts=0 laps=1
[adaptive_controller_manager_node-3] [INFO] [1789757252.150164637] [adaptive_controller_manager]: [status] active=MPC state=RUNNING_MPC | pp: health=ok state=active | mpc: health=ok | v_x=27.56 e_y=-0.032 theta=0.007 | params: stored_v=3 fwd_v=3 pending=no
[adaptive_controller_manager_node-3] [INFO] [1789757254.150184938] [adaptive_controller_manager]: [status] active=MPC state=RUNNING_MPC | pp: health=ok state=active | mpc: health=ok | v_x=21.57 e_y=0.026 theta=0.014 | params: stored_v=3 fwd_v=3 pending=no
[adaptive_controller_benchmark_node-4] [INFO] [1789757254.770996092] [adaptive_controller_benchmark_node]: [t= 296.2s] N=14800 RMS(e_y)=0.3618m Max|e_y|=2.6301m RMS(heading)=0.0220rad switches=1 emergency_halts=0 laps=1
[adaptive_controller_manager_node-3] [INFO] [1789757256.150198934] [adaptive_controller_manager]: [status] active=MPC state=RUNNING_MPC | pp: health=ok state=active | mpc: health=ok | v_x=18.87 e_y=0.152 theta=-0.019 | params: stored_v=3 fwd_v=3 pending=no
[adaptive_controller_manager_node-3] [INFO] [1789757258.170194994] [adaptive_controller_manager]: [status] active=MPC state=RUNNING_MPC | pp: health=ok state=active | mpc: health=ok | v_x=20.96 e_y=0.044 theta=-0.017 | params: stored_v=3 fwd_v=3 pending=no
[adaptive_controller_benchmark_node-4] [INFO] [1789757258.771050399] [adaptive_controller_benchmark_node]: [t= 300.2s] N=15000 RMS(e_y)=0.3596m Max|e_y|=2.6301m RMS(heading)=0.0219rad switches=1 emergency_halts=0 laps=1
[adaptive_controller_manager_node-3] [INFO] [1789757260.190115690] [adaptive_controller_manager]: [status] active=MPC state=RUNNING_MPC | pp: health=ok state=active | mpc: health=ok | v_x=19.49 e_y=-0.045 theta=0.001 | params: stored_v=3 fwd_v=3 pending=no
[adaptive_controller_manager_node-3] [INFO] [1789757262.210011891] [adaptive_controller_manager]: [status] active=MPC state=RUNNING_MPC | pp: health=ok state=active | mpc: health=ok | v_x=15.87 e_y=-0.105 theta=0.030 | params: stored_v=3 fwd_v=3 pending=no
[adaptive_controller_benchmark_node-4] [INFO] [1789757262.771574130] [adaptive_controller_benchmark_node]: [t= 304.2s] N=15200 RMS(e_y)=0.3574m Max|e_y|=2.6301m RMS(heading)=0.0219rad switches=1 emergency_halts=0 laps=1
[adaptive_controller_manager_node-3] [INFO] [1789757264.210073710] [adaptive_controller_manager]: [status] active=MPC state=RUNNING_MPC | pp: health=ok state=active | mpc: health=ok | v_x=19.22 e_y=-0.028 theta=0.006 | params: stored_v=3 fwd_v=3 pending=no
[adaptive_controller_manager_node-3] [INFO] [1789757266.211607900] [adaptive_controller_manager]: [status] active=MPC state=RUNNING_MPC | pp: health=ok state=active | mpc: health=ok | v_x=15.72 e_y=0.196 theta=-0.020 | params: stored_v=3 fwd_v=3 pending=no
[adaptive_controller_benchmark_node-4] [INFO] [1789757266.771204288] [adaptive_controller_benchmark_node]: [t= 308.2s] N=15400 RMS(e_y)=0.3554m Max|e_y|=2.6301m RMS(heading)=0.0218rad switches=1 emergency_halts=0 laps=1
[adaptive_controller_manager_node-3] [INFO] [1789757268.229973694] [adaptive_controller_manager]: [status] active=MPC state=RUNNING_MPC | pp: health=ok state=active | mpc: health=ok | v_x=16.22 e_y=0.209 theta=-0.037 | params: stored_v=3 fwd_v=3 pending=no
[adaptive_controller_manager_node-3] [INFO] [1789757270.230040541] [adaptive_controller_manager]: [status] active=MPC state=RUNNING_MPC | pp: health=ok state=active | mpc: health=ok | v_x=22.25 e_y=-0.018 theta=-0.010 | params: stored_v=3 fwd_v=3 pending=no
[adaptive_controller_benchmark_node-4] [INFO] [1789757270.771900692] [adaptive_controller_benchmark_node]: [t= 312.2s] N=15600 RMS(e_y)=0.3535m Max|e_y|=2.6301m RMS(heading)=0.0218rad switches=1 emergency_halts=0 laps=1
[adaptive_controller_manager_node-3] [INFO] [1789757272.250080936] [adaptive_controller_manager]: [status] active=MPC state=RUNNING_MPC | pp: health=ok state=active | mpc: health=ok | v_x=21.67 e_y=-0.054 theta=0.031 | params: stored_v=3 fwd_v=3 pending=no
[adaptive_controller_manager_node-3] [INFO] [1789757274.270119906] [adaptive_controller_manager]: [status] active=MPC state=RUNNING_MPC | pp: health=ok state=active | mpc: health=ok | v_x=26.62 e_y=-0.028 theta=0.001 | params: stored_v=3 fwd_v=3 pending=no
[adaptive_controller_benchmark_node-4] [INFO] [1789757274.771651996] [adaptive_controller_benchmark_node]: [t= 316.2s] N=15800 RMS(e_y)=0.3514m Max|e_y|=2.6301m RMS(heading)=0.0217rad switches=1 emergency_halts=0 laps=1
[adaptive_controller_manager_node-3] [INFO] [1789757276.289960534] [adaptive_controller_manager]: [status] active=MPC state=RUNNING_MPC | pp: health=ok state=active | mpc: health=ok | v_x=27.67 e_y=-0.012 theta=-0.000 | params: stored_v=3 fwd_v=3 pending=no
[adaptive_controller_manager_node-3] [INFO] [1789757278.309949491] [adaptive_controller_manager]: [status] active=MPC state=RUNNING_MPC | pp: health=ok state=active | mpc: health=ok | v_x=27.76 e_y=-0.012 theta=-0.001 | params: stored_v=3 fwd_v=3 pending=no
[adaptive_controller_benchmark_node-4] [INFO] [1789757278.772156261] [adaptive_controller_benchmark_node]: [t= 320.2s] N=16000 RMS(e_y)=0.3492m Max|e_y|=2.6301m RMS(heading)=0.0216rad switches=1 emergency_halts=0 laps=1
[adaptive_controller_manager_node-3] [INFO] [1789757280.329843192] [adaptive_controller_manager]: [status] active=MPC state=RUNNING_MPC | pp: health=ok state=active | mpc: health=ok | v_x=27.77 e_y=-0.012 theta=-0.001 | params: stored_v=3 fwd_v=3 pending=no
[adaptive_controller_manager_node-3] [INFO] [1789757282.349934389] [adaptive_controller_manager]: [status] active=MPC state=RUNNING_MPC | pp: health=ok state=active | mpc: health=ok | v_x=27.77 e_y=-0.014 theta=-0.001 | params: stored_v=3 fwd_v=3 pending=no
[adaptive_controller_benchmark_node-4] [INFO] [1789757282.771414476] [adaptive_controller_benchmark_node]: [t= 324.2s] N=16200 RMS(e_y)=0.3470m Max|e_y|=2.6301m RMS(heading)=0.0214rad switches=1 emergency_halts=0 laps=1
[adaptive_controller_manager_node-3] [INFO] [1789757284.369963655] [adaptive_controller_manager]: [status] active=MPC state=RUNNING_MPC | pp: health=ok state=active | mpc: health=ok | v_x=27.77 e_y=-0.017 theta=-0.003 | params: stored_v=3 fwd_v=3 pending=no
[adaptive_controller_manager_node-3] [INFO] [1789757286.389730343] [adaptive_controller_manager]: [status] active=MPC state=RUNNING_MPC | pp: health=ok state=active | mpc: health=ok | v_x=22.75 e_y=0.042 theta=-0.006 | params: stored_v=3 fwd_v=3 pending=no
[adaptive_controller_benchmark_node-4] [INFO] [1789757286.771570594] [adaptive_controller_benchmark_node]: [t= 328.2s] N=16400 RMS(e_y)=0.3449m Max|e_y|=2.6301m RMS(heading)=0.0213rad switches=1 emergency_halts=0 laps=1
[adaptive_controller_manager_node-3] [INFO] [1789757288.389749534] [adaptive_controller_manager]: [status] active=MPC state=RUNNING_MPC | pp: health=ok state=active | mpc: health=ok | v_x=19.06 e_y=0.086 theta=-0.013 | params: stored_v=3 fwd_v=3 pending=no
[adaptive_controller_manager_node-3] [INFO] [1789757290.409749491] [adaptive_controller_manager]: [status] active=MPC state=RUNNING_MPC | pp: health=ok state=active | mpc: health=ok | v_x=17.27 e_y=0.178 theta=-0.021 | params: stored_v=3 fwd_v=3 pending=no
[adaptive_controller_benchmark_node-4] [INFO] [1789757290.771815537] [adaptive_controller_benchmark_node]: [t= 332.2s] N=16600 RMS(e_y)=0.3431m Max|e_y|=2.6301m RMS(heading)=0.0213rad switches=1 emergency_halts=0 laps=1
[adaptive_controller_manager_node-3] [INFO] [1789757292.429675108] [adaptive_controller_manager]: [status] active=MPC state=RUNNING_MPC | pp: health=ok state=active | mpc: health=ok | v_x=17.99 e_y=0.095 theta=-0.017 | params: stored_v=3 fwd_v=3 pending=no
[adaptive_controller_manager_node-3] [INFO] [1789757294.429679468] [adaptive_controller_manager]: [status] active=MPC state=RUNNING_MPC | pp: health=ok state=active | mpc: health=ok | v_x=21.70 e_y=-0.045 theta=-0.003 | params: stored_v=3 fwd_v=3 pending=no
[adaptive_controller_benchmark_node-4] [INFO] [1789757294.770795819] [adaptive_controller_benchmark_node]: [t= 336.2s] N=16800 RMS(e_y)=0.3413m Max|e_y|=2.6301m RMS(heading)=0.0212rad switches=1 emergency_halts=0 laps=1
[adaptive_controller_manager_node-3] [INFO] [1789757296.382995806] [adaptive_controller_manager]: sysid/update_params: accepted and stored new tire params
[mpc_node-2] [INFO] [1789757296.389745554] [mpc_path_tracking]: tire params updated via mpc/update_params
[mpc_node-2] [INFO] [1789757296.389801985] [mpc_path_tracking]: model check: C_front=14956 N/rad C_rear=15164 N/rad -> understeering, linearization stable at all speeds
[mpc_node-2] [WARN] [1789757296.389834481] [mpc_path_tracking]: fast friction estimate stale by 52.3 s - reverting the grip ceiling to the identified Pacejka D alone. The recovery still ramps at limits.grip_rise_rate_per_s.
[mpc_node-2] [INFO] [1789757296.390396143] [mpc_path_tracking]: loaded 2916 raceline waypoints at speed cap 27.77 m/s, lateral cap 3.75 m/s^2 (0.38 g, grip ceiling 5.97 m/s^2 (Pacejka D 5.97 x fast mu ratio 1.00, D only) x 0.75 utilization (base 0.75, shape 0.75) x 0.84 binding axle under braking = 3.75, capped by limits.lateral_accel_max 6.50); reference now peaks at 3.75 m/s^2 (0.38 g)
[mpc_node-2] [WARN] [1789757296.390435634] [mpc_path_tracking]: raceline demands up to 4.98 m/s^2 (0.51 g) of lateral acceleration, above limits.lateral_accel_max=3.75 m/s^2 (0.38 g) at 501/2916 waypoints - corner speeds cut to sqrt(a_lat_max/kappa) and the profile re-smoothed against decel_max/accel_max. The car will now brake for those corners, but it is driving a slower line than the raceline describes; regenerate the raceline for this vehicle's real grip.
[mpc_node-2] [WARN] [1789757296.390455268] [mpc_path_tracking]: raceline speed profile exceeds limits.speed_max=27.77 m/s at 1343/2916 waypoints (max 27.78 m/s, 1.0x the limit) - clamped. The raceline was optimized for a faster vehicle than this one; regenerate it with v_max=27.77 m/s for a usable speed profile. Raising limits.speed_max only helps if the VEHICLE can really go that fast - the cap must describe the plant, not the ambition.
[mpc_node-2] [INFO] [1789757296.391377437] [mpc_path_tracking]: loaded 2916 raceline waypoints at speed cap 27.77 m/s, lateral cap 3.75 m/s^2 (0.38 g, grip ceiling 5.97 m/s^2 (Pacejka D 5.97 x fast mu ratio 1.00, D only) x 0.75 utilization (base 0.75, shape 0.75) x 0.84 binding axle under braking = 3.75, capped by limits.lateral_accel_max 6.50); reference now peaks at 3.75 m/s^2 (0.38 g)
[mpc_node-2] [WARN] [1789757296.391417363] [mpc_path_tracking]: raceline demands up to 4.98 m/s^2 (0.51 g) of lateral acceleration, above limits.lateral_accel_max=3.75 m/s^2 (0.38 g) at 501/2916 waypoints - corner speeds cut to sqrt(a_lat_max/kappa) and the profile re-smoothed against decel_max/accel_max. The car will now brake for those corners, but it is driving a slower line than the raceline describes; regenerate the raceline for this vehicle's real grip.
[mpc_node-2] [WARN] [1789757296.391432859] [mpc_path_tracking]: raceline speed profile exceeds limits.speed_max=27.77 m/s at 1343/2916 waypoints (max 27.78 m/s, 1.0x the limit) - clamped. The raceline was optimized for a faster vehicle than this one; regenerate it with v_max=27.77 m/s for a usable speed profile. Raising limits.speed_max only helps if the VEHICLE can really go that fast - the cap must describe the plant, not the ambition.
[adaptive_controller_manager_node-3] [INFO] [1789757296.431334377] [adaptive_controller_manager]: [status] active=MPC state=RUNNING_MPC | pp: health=ok state=active | mpc: health=ok | v_x=26.93 e_y=-0.046 theta=0.010 | params: stored_v=4 fwd_v=4 pending=no
[adaptive_controller_manager_node-3] [INFO] [1789757298.449606257] [adaptive_controller_manager]: [status] active=MPC state=RUNNING_MPC | pp: health=ok state=active | mpc: health=ok | v_x=23.44 e_y=0.049 theta=-0.001 | params: stored_v=4 fwd_v=4 pending=no
[adaptive_controller_benchmark_node-4] [INFO] [1789757298.770943081] [adaptive_controller_benchmark_node]: [t= 340.2s] N=17000 RMS(e_y)=0.3393m Max|e_y|=2.6301m RMS(heading)=0.0211rad switches=1 emergency_halts=0 laps=1
[adaptive_controller_manager_node-3] [INFO] [1789757300.449712755] [adaptive_controller_manager]: [status] active=MPC state=RUNNING_MPC | pp: health=ok state=active | mpc: health=ok | v_x=14.68 e_y=0.025 theta=0.001 | params: stored_v=4 fwd_v=4 pending=no
[adaptive_controller_manager_node-3] [INFO] [1789757302.469543931] [adaptive_controller_manager]: [status] active=MPC state=RUNNING_MPC | pp: health=ok state=active | mpc: health=ok | v_x=9.68 e_y=-0.068 theta=-0.023 | params: stored_v=4 fwd_v=4 pending=no
[adaptive_controller_benchmark_node-4] [INFO] [1789757302.770658422] [adaptive_controller_benchmark_node]: [t= 344.2s] N=17200 RMS(e_y)=0.3374m Max|e_y|=2.6301m RMS(heading)=0.0210rad switches=1 emergency_halts=0 laps=1
[adaptive_controller_manager_node-3] [INFO] [1789757304.469614026] [adaptive_controller_manager]: [status] active=MPC state=RUNNING_MPC | pp: health=ok state=active | mpc: health=ok | v_x=8.86 e_y=-0.534 theta=0.026 | params: stored_v=4 fwd_v=4 pending=no
[mpc_node-2] [INFO] [1789757305.255849659] [mpc_path_tracking]: fast friction estimate acquired on /sysid/friction: grip now follows mu as well as D
[mpc_node-2] [INFO] [1789757305.256442788] [mpc_path_tracking]: loaded 2916 raceline waypoints at speed cap 27.77 m/s, lateral cap 3.50 m/s^2 (0.36 g, grip ceiling 5.87 m/s^2 (Pacejka D 5.97 x fast mu ratio 0.98, fast mu live) x 0.71 utilization (base 0.75, shape 0.75) x 0.84 binding axle under braking = 3.50, capped by limits.lateral_accel_max 6.50); reference now peaks at 3.50 m/s^2 (0.36 g)
[mpc_node-2] [WARN] [1789757305.256468265] [mpc_path_tracking]: raceline demands up to 4.98 m/s^2 (0.51 g) of lateral acceleration, above limits.lateral_accel_max=3.50 m/s^2 (0.36 g) at 596/2916 waypoints - corner speeds cut to sqrt(a_lat_max/kappa) and the profile re-smoothed against decel_max/accel_max. The car will now brake for those corners, but it is driving a slower line than the raceline describes; regenerate the raceline for this vehicle's real grip.
[mpc_node-2] [WARN] [1789757305.256480846] [mpc_path_tracking]: raceline speed profile exceeds limits.speed_max=27.77 m/s at 1343/2916 waypoints (max 27.78 m/s, 1.0x the limit) - clamped. The raceline was optimized for a faster vehicle than this one; regenerate it with v_max=27.77 m/s for a usable speed profile. Raising limits.speed_max only helps if the VEHICLE can really go that fast - the cap must describe the plant, not the ambition.
[mpc_node-2] [INFO] [1789757306.252134613] [mpc_path_tracking]: loaded 2916 raceline waypoints at speed cap 27.77 m/s, lateral cap 3.54 m/s^2 (0.36 g, grip ceiling 5.92 m/s^2 (Pacejka D 5.97 x fast mu ratio 0.99, fast mu live) x 0.71 utilization (base 0.75, shape 0.75) x 0.84 binding axle under braking = 3.54, capped by limits.lateral_accel_max 6.50); reference now peaks at 3.54 m/s^2 (0.36 g)
[mpc_node-2] [WARN] [1789757306.252244515] [mpc_path_tracking]: raceline demands up to 4.98 m/s^2 (0.51 g) of lateral acceleration, above limits.lateral_accel_max=3.54 m/s^2 (0.36 g) at 579/2916 waypoints - corner speeds cut to sqrt(a_lat_max/kappa) and the profile re-smoothed against decel_max/accel_max. The car will now brake for those corners, but it is driving a slower line than the raceline describes; regenerate the raceline for this vehicle's real grip.
[mpc_node-2] [WARN] [1789757306.252267715] [mpc_path_tracking]: raceline speed profile exceeds limits.speed_max=27.77 m/s at 1343/2916 waypoints (max 27.78 m/s, 1.0x the limit) - clamped. The raceline was optimized for a faster vehicle than this one; regenerate it with v_max=27.77 m/s for a usable speed profile. Raising limits.speed_max only helps if the VEHICLE can really go that fast - the cap must describe the plant, not the ambition.
[adaptive_controller_manager_node-3] [INFO] [1789757306.489466981] [adaptive_controller_manager]: [status] active=MPC state=RUNNING_MPC | pp: health=ok state=active | mpc: health=ok | v_x=10.98 e_y=0.321 theta=0.031 | params: stored_v=4 fwd_v=4 pending=no
[adaptive_controller_benchmark_node-4] [INFO] [1789757306.770763277] [adaptive_controller_benchmark_node]: [t= 348.2s] N=17400 RMS(e_y)=0.3378m Max|e_y|=2.6301m RMS(heading)=0.0211rad switches=1 emergency_halts=0 laps=1
[mpc_node-2] [INFO] [1789757307.260395700] [mpc_path_tracking]: loaded 2916 raceline waypoints at speed cap 27.77 m/s, lateral cap 3.61 m/s^2 (0.37 g, grip ceiling 6.02 m/s^2 (Pacejka D 5.97 x fast mu ratio 1.01, fast mu live) x 0.71 utilization (base 0.75, shape 0.75) x 0.84 binding axle under braking = 3.61, capped by limits.lateral_accel_max 6.50); reference now peaks at 3.61 m/s^2 (0.37 g)
[mpc_node-2] [WARN] [1789757307.260458051] [mpc_path_tracking]: raceline demands up to 4.98 m/s^2 (0.51 g) of lateral acceleration, above limits.lateral_accel_max=3.61 m/s^2 (0.37 g) at 552/2916 waypoints - corner speeds cut to sqrt(a_lat_max/kappa) and the profile re-smoothed against decel_max/accel_max. The car will now brake for those corners, but it is driving a slower line than the raceline describes; regenerate the raceline for this vehicle's real grip.
[mpc_node-2] [WARN] [1789757307.260480651] [mpc_path_tracking]: raceline speed profile exceeds limits.speed_max=27.77 m/s at 1343/2916 waypoints (max 27.78 m/s, 1.0x the limit) - clamped. The raceline was optimized for a faster vehicle than this one; regenerate it with v_max=27.77 m/s for a usable speed profile. Raising limits.speed_max only helps if the VEHICLE can really go that fast - the cap must describe the plant, not the ambition.
[mpc_node-2] [INFO] [1789757308.253326847] [mpc_path_tracking]: loaded 2916 raceline waypoints at speed cap 27.77 m/s, lateral cap 3.62 m/s^2 (0.37 g, grip ceiling 6.03 m/s^2 (Pacejka D 5.97 x fast mu ratio 1.01, fast mu live) x 0.72 utilization (base 0.75, shape 0.75) x 0.84 binding axle under braking = 3.62, capped by limits.lateral_accel_max 6.50); reference now peaks at 3.62 m/s^2 (0.37 g)
[mpc_node-2] [WARN] [1789757308.253365766] [mpc_path_tracking]: raceline demands up to 4.98 m/s^2 (0.51 g) of lateral acceleration, above limits.lateral_accel_max=3.62 m/s^2 (0.37 g) at 550/2916 waypoints - corner speeds cut to sqrt(a_lat_max/kappa) and the profile re-smoothed against decel_max/accel_max. The car will now brake for those corners, but it is driving a slower line than the raceline describes; regenerate the raceline for this vehicle's real grip.
[mpc_node-2] [WARN] [1789757308.253375775] [mpc_path_tracking]: raceline speed profile exceeds limits.speed_max=27.77 m/s at 1343/2916 waypoints (max 27.78 m/s, 1.0x the limit) - clamped. The raceline was optimized for a faster vehicle than this one; regenerate it with v_max=27.77 m/s for a usable speed profile. Raising limits.speed_max only helps if the VEHICLE can really go that fast - the cap must describe the plant, not the ambition.
[adaptive_controller_manager_node-3] [INFO] [1789757308.489596562] [adaptive_controller_manager]: [status] active=MPC state=RUNNING_MPC | pp: health=ok state=active | mpc: health=ok | v_x=15.17 e_y=0.168 theta=-0.036 | params: stored_v=4 fwd_v=4 pending=no
[mpc_node-2] [INFO] [1789757309.256552165] [mpc_path_tracking]: loaded 2916 raceline waypoints at speed cap 27.77 m/s, lateral cap 3.78 m/s^2 (0.39 g, grip ceiling 6.36 m/s^2 (Pacejka D 5.97 x fast mu ratio 1.07, fast mu live) x 0.71 utilization (base 0.75, shape 0.75) x 0.84 binding axle under braking = 3.78, capped by limits.lateral_accel_max 6.50); reference now peaks at 3.78 m/s^2 (0.39 g)
[mpc_node-2] [WARN] [1789757309.256605926] [mpc_path_tracking]: raceline demands up to 4.98 m/s^2 (0.51 g) of lateral acceleration, above limits.lateral_accel_max=3.78 m/s^2 (0.39 g) at 487/2916 waypoints - corner speeds cut to sqrt(a_lat_max/kappa) and the profile re-smoothed against decel_max/accel_max. The car will now brake for those corners, but it is driving a slower line than the raceline describes; regenerate the raceline for this vehicle's real grip.
[mpc_node-2] [WARN] [1789757309.256625741] [mpc_path_tracking]: raceline speed profile exceeds limits.speed_max=27.77 m/s at 1343/2916 waypoints (max 27.78 m/s, 1.0x the limit) - clamped. The raceline was optimized for a faster vehicle than this one; regenerate it with v_max=27.77 m/s for a usable speed profile. Raising limits.speed_max only helps if the VEHICLE can really go that fast - the cap must describe the plant, not the ambition.
[mpc_node-2] [INFO] [1789757310.258698883] [mpc_path_tracking]: loaded 2916 raceline waypoints at speed cap 27.77 m/s, lateral cap 3.86 m/s^2 (0.39 g, grip ceiling 6.71 m/s^2 (Pacejka D 5.97 x fast mu ratio 1.12, fast mu live) x 0.69 utilization (base 0.75, shape 0.75) x 0.84 binding axle under braking = 3.86, capped by limits.lateral_accel_max 6.50); reference now peaks at 3.86 m/s^2 (0.39 g)
[mpc_node-2] [WARN] [1789757310.258754098] [mpc_path_tracking]: raceline demands up to 4.98 m/s^2 (0.51 g) of lateral acceleration, above limits.lateral_accel_max=3.86 m/s^2 (0.39 g) at 466/2916 waypoints - corner speeds cut to sqrt(a_lat_max/kappa) and the profile re-smoothed against decel_max/accel_max. The car will now brake for those corners, but it is driving a slower line than the raceline describes; regenerate the raceline for this vehicle's real grip.
[mpc_node-2] [WARN] [1789757310.258776280] [mpc_path_tracking]: raceline speed profile exceeds limits.speed_max=27.77 m/s at 1343/2916 waypoints (max 27.78 m/s, 1.0x the limit) - clamped. The raceline was optimized for a faster vehicle than this one; regenerate it with v_max=27.77 m/s for a usable speed profile. Raising limits.speed_max only helps if the VEHICLE can really go that fast - the cap must describe the plant, not the ambition.
[adaptive_controller_manager_node-3] [INFO] [1789757310.509460650] [adaptive_controller_manager]: [status] active=MPC state=RUNNING_MPC | pp: health=ok state=active | mpc: health=ok | v_x=19.78 e_y=0.028 theta=-0.012 | params: stored_v=4 fwd_v=4 pending=no
[adaptive_controller_benchmark_node-4] [INFO] [1789757310.770629869] [adaptive_controller_benchmark_node]: [t= 352.2s] N=17600 RMS(e_y)=0.3367m Max|e_y|=2.6301m RMS(heading)=0.0211rad switches=1 emergency_halts=0 laps=1
[mpc_node-2] [INFO] [1789757311.254482471] [mpc_path_tracking]: loaded 2916 raceline waypoints at speed cap 27.77 m/s, lateral cap 3.63 m/s^2 (0.37 g, grip ceiling 6.11 m/s^2 (Pacejka D 5.97 x fast mu ratio 1.02, fast mu live) x 0.71 utilization (base 0.75, shape 0.75) x 0.84 binding axle under braking = 3.63, capped by limits.lateral_accel_max 6.50); reference now peaks at 3.63 m/s^2 (0.37 g)
[mpc_node-2] [WARN] [1789757311.254575435] [mpc_path_tracking]: raceline demands up to 4.98 m/s^2 (0.51 g) of lateral acceleration, above limits.lateral_accel_max=3.63 m/s^2 (0.37 g) at 546/2916 waypoints - corner speeds cut to sqrt(a_lat_max/kappa) and the profile re-smoothed against decel_max/accel_max. The car will now brake for those corners, but it is driving a slower line than the raceline describes; regenerate the raceline for this vehicle's real grip.
[mpc_node-2] [WARN] [1789757311.254592110] [mpc_path_tracking]: raceline speed profile exceeds limits.speed_max=27.77 m/s at 1343/2916 waypoints (max 27.78 m/s, 1.0x the limit) - clamped. The raceline was optimized for a faster vehicle than this one; regenerate it with v_max=27.77 m/s for a usable speed profile. Raising limits.speed_max only helps if the VEHICLE can really go that fast - the cap must describe the plant, not the ambition.
[mpc_node-2] [INFO] [1789757312.256124922] [mpc_path_tracking]: loaded 2916 raceline waypoints at speed cap 27.77 m/s, lateral cap 3.73 m/s^2 (0.38 g, grip ceiling 6.24 m/s^2 (Pacejka D 5.97 x fast mu ratio 1.04, fast mu live) x 0.71 utilization (base 0.75, shape 0.75) x 0.84 binding axle under braking = 3.73, capped by limits.lateral_accel_max 6.50); reference now peaks at 3.73 m/s^2 (0.38 g)
[mpc_node-2] [WARN] [1789757312.256224484] [mpc_path_tracking]: raceline demands up to 4.98 m/s^2 (0.51 g) of lateral acceleration, above limits.lateral_accel_max=3.73 m/s^2 (0.38 g) at 511/2916 waypoints - corner speeds cut to sqrt(a_lat_max/kappa) and the profile re-smoothed against decel_max/accel_max. The car will now brake for those corners, but it is driving a slower line than the raceline describes; regenerate the raceline for this vehicle's real grip.
[mpc_node-2] [WARN] [1789757312.256246049] [mpc_path_tracking]: raceline speed profile exceeds limits.speed_max=27.77 m/s at 1343/2916 waypoints (max 27.78 m/s, 1.0x the limit) - clamped. The raceline was optimized for a faster vehicle than this one; regenerate it with v_max=27.77 m/s for a usable speed profile. Raising limits.speed_max only helps if the VEHICLE can really go that fast - the cap must describe the plant, not the ambition.
[adaptive_controller_manager_node-3] [INFO] [1789757312.529401331] [adaptive_controller_manager]: [status] active=MPC state=RUNNING_MPC | pp: health=ok state=active | mpc: health=ok | v_x=17.51 e_y=0.200 theta=-0.025 | params: stored_v=4 fwd_v=4 pending=no
[mpc_node-2] [INFO] [1789757313.256918091] [mpc_path_tracking]: loaded 2916 raceline waypoints at speed cap 27.77 m/s, lateral cap 3.81 m/s^2 (0.39 g, grip ceiling 6.39 m/s^2 (Pacejka D 5.97 x fast mu ratio 1.07, fast mu live) x 0.71 utilization (base 0.75, shape 0.75) x 0.84 binding axle under braking = 3.81, capped by limits.lateral_accel_max 6.50); reference now peaks at 3.81 m/s^2 (0.39 g)
[mpc_node-2] [WARN] [1789757313.256971119] [mpc_path_tracking]: raceline demands up to 4.98 m/s^2 (0.51 g) of lateral acceleration, above limits.lateral_accel_max=3.81 m/s^2 (0.39 g) at 480/2916 waypoints - corner speeds cut to sqrt(a_lat_max/kappa) and the profile re-smoothed against decel_max/accel_max. The car will now brake for those corners, but it is driving a slower line than the raceline describes; regenerate the raceline for this vehicle's real grip.
[mpc_node-2] [WARN] [1789757313.256989290] [mpc_path_tracking]: raceline speed profile exceeds limits.speed_max=27.77 m/s at 1343/2916 waypoints (max 27.78 m/s, 1.0x the limit) - clamped. The raceline was optimized for a faster vehicle than this one; regenerate it with v_max=27.77 m/s for a usable speed profile. Raising limits.speed_max only helps if the VEHICLE can really go that fast - the cap must describe the plant, not the ambition.
[mpc_node-2] [INFO] [1789757314.253618638] [mpc_path_tracking]: loaded 2916 raceline waypoints at speed cap 27.77 m/s, lateral cap 3.88 m/s^2 (0.40 g, grip ceiling 6.50 m/s^2 (Pacejka D 5.97 x fast mu ratio 1.09, fast mu live) x 0.71 utilization (base 0.75, shape 0.75) x 0.84 binding axle under braking = 3.88, capped by limits.lateral_accel_max 6.50); reference now peaks at 3.88 m/s^2 (0.40 g)
[mpc_node-2] [WARN] [1789757314.253661343] [mpc_path_tracking]: raceline demands up to 4.98 m/s^2 (0.51 g) of lateral acceleration, above limits.lateral_accel_max=3.88 m/s^2 (0.40 g) at 459/2916 waypoints - corner speeds cut to sqrt(a_lat_max/kappa) and the profile re-smoothed against decel_max/accel_max. The car will now brake for those corners, but it is driving a slower line than the raceline describes; regenerate the raceline for this vehicle's real grip.
[mpc_node-2] [WARN] [1789757314.253672051] [mpc_path_tracking]: raceline speed profile exceeds limits.speed_max=27.77 m/s at 1343/2916 waypoints (max 27.78 m/s, 1.0x the limit) - clamped. The raceline was optimized for a faster vehicle than this one; regenerate it with v_max=27.77 m/s for a usable speed profile. Raising limits.speed_max only helps if the VEHICLE can really go that fast - the cap must describe the plant, not the ambition.
[adaptive_controller_manager_node-3] [INFO] [1789757314.529429475] [adaptive_controller_manager]: [status] active=MPC state=RUNNING_MPC | pp: health=ok state=active | mpc: health=ok | v_x=20.58 e_y=-0.036 theta=-0.008 | params: stored_v=4 fwd_v=4 pending=no
[adaptive_controller_benchmark_node-4] [INFO] [1789757314.770371530] [adaptive_controller_benchmark_node]: [t= 356.2s] N=17800 RMS(e_y)=0.3351m Max|e_y|=2.6301m RMS(heading)=0.0211rad switches=1 emergency_halts=0 laps=1
[mpc_node-2] [INFO] [1789757315.255159799] [mpc_path_tracking]: loaded 2916 raceline waypoints at speed cap 27.77 m/s, lateral cap 3.91 m/s^2 (0.40 g, grip ceiling 6.58 m/s^2 (Pacejka D 5.97 x fast mu ratio 1.10, fast mu live) x 0.71 utilization (base 0.75, shape 0.75) x 0.84 binding axle under braking = 3.91, capped by limits.lateral_accel_max 6.50); reference now peaks at 3.91 m/s^2 (0.40 g)
[mpc_node-2] [WARN] [1789757315.255198852] [mpc_path_tracking]: raceline demands up to 4.98 m/s^2 (0.51 g) of lateral acceleration, above limits.lateral_accel_max=3.91 m/s^2 (0.40 g) at 448/2916 waypoints - corner speeds cut to sqrt(a_lat_max/kappa) and the profile re-smoothed against decel_max/accel_max. The car will now brake for those corners, but it is driving a slower line than the raceline describes; regenerate the raceline for this vehicle's real grip.
[mpc_node-2] [WARN] [1789757315.255217627] [mpc_path_tracking]: raceline speed profile exceeds limits.speed_max=27.77 m/s at 1343/2916 waypoints (max 27.78 m/s, 1.0x the limit) - clamped. The raceline was optimized for a faster vehicle than this one; regenerate it with v_max=27.77 m/s for a usable speed profile. Raising limits.speed_max only helps if the VEHICLE can really go that fast - the cap must describe the plant, not the ambition.
[mpc_node-2] [INFO] [1789757316.253722837] [mpc_path_tracking]: loaded 2916 raceline waypoints at speed cap 27.77 m/s, lateral cap 3.86 m/s^2 (0.39 g, grip ceiling 6.53 m/s^2 (Pacejka D 5.97 x fast mu ratio 1.09, fast mu live) x 0.70 utilization (base 0.75, shape 0.75) x 0.84 binding axle under braking = 3.86, capped by limits.lateral_accel_max 6.50); reference now peaks at 3.86 m/s^2 (0.39 g)
[mpc_node-2] [WARN] [1789757316.253928263] [mpc_path_tracking]: raceline demands up to 4.98 m/s^2 (0.51 g) of lateral acceleration, above limits.lateral_accel_max=3.86 m/s^2 (0.39 g) at 468/2916 waypoints - corner speeds cut to sqrt(a_lat_max/kappa) and the profile re-smoothed against decel_max/accel_max. The car will now brake for those corners, but it is driving a slower line than the raceline describes; regenerate the raceline for this vehicle's real grip.
[mpc_node-2] [WARN] [1789757316.253958662] [mpc_path_tracking]: raceline speed profile exceeds limits.speed_max=27.77 m/s at 1343/2916 waypoints (max 27.78 m/s, 1.0x the limit) - clamped. The raceline was optimized for a faster vehicle than this one; regenerate it with v_max=27.77 m/s for a usable speed profile. Raising limits.speed_max only helps if the VEHICLE can really go that fast - the cap must describe the plant, not the ambition.
[adaptive_controller_manager_node-3] [INFO] [1789757316.549477522] [adaptive_controller_manager]: [status] active=MPC state=RUNNING_MPC | pp: health=ok state=active | mpc: health=ok | v_x=26.84 e_y=-0.048 theta=0.002 | params: stored_v=4 fwd_v=4 pending=no
[mpc_node-2] [INFO] [1789757317.252543760] [mpc_path_tracking]: loaded 2916 raceline waypoints at speed cap 27.77 m/s, lateral cap 3.78 m/s^2 (0.39 g, grip ceiling 6.48 m/s^2 (Pacejka D 5.97 x fast mu ratio 1.08, fast mu live) x 0.70 utilization (base 0.75, shape 0.75) x 0.84 binding axle under braking = 3.78, capped by limits.lateral_accel_max 6.50); reference now peaks at 3.78 m/s^2 (0.39 g)
[mpc_node-2] [WARN] [1789757317.252591263] [mpc_path_tracking]: raceline demands up to 4.98 m/s^2 (0.51 g) of lateral acceleration, above limits.lateral_accel_max=3.78 m/s^2 (0.39 g) at 489/2916 waypoints - corner speeds cut to sqrt(a_lat_max/kappa) and the profile re-smoothed against decel_max/accel_max. The car will now brake for those corners, but it is driving a slower line than the raceline describes; regenerate the raceline for this vehicle's real grip.
[mpc_node-2] [WARN] [1789757317.252608204] [mpc_path_tracking]: raceline speed profile exceeds limits.speed_max=27.77 m/s at 1343/2916 waypoints (max 27.78 m/s, 1.0x the limit) - clamped. The raceline was optimized for a faster vehicle than this one; regenerate it with v_max=27.77 m/s for a usable speed profile. Raising limits.speed_max only helps if the VEHICLE can really go that fast - the cap must describe the plant, not the ambition.
[adaptive_controller_manager_node-3] [INFO] [1789757318.569460261] [adaptive_controller_manager]: [status] active=MPC state=RUNNING_MPC | pp: health=ok state=active | mpc: health=ok | v_x=27.68 e_y=-0.032 theta=0.001 | params: stored_v=4 fwd_v=4 pending=no
[adaptive_controller_benchmark_node-4] [INFO] [1789757318.770712057] [adaptive_controller_benchmark_node]: [t= 360.2s] N=18000 RMS(e_y)=0.3333m Max|e_y|=2.6301m RMS(heading)=0.0210rad switches=1 emergency_halts=0 laps=1
[adaptive_controller_manager_node-3] [INFO] [1789757320.589561492] [adaptive_controller_manager]: [status] active=MPC state=RUNNING_MPC | pp: health=ok state=active | mpc: health=ok | v_x=27.75 e_y=-0.050 theta=0.004 | params: stored_v=4 fwd_v=4 pending=no
[adaptive_controller_manager_node-3] [INFO] [1789757322.609459496] [adaptive_controller_manager]: [status] active=MPC state=RUNNING_MPC | pp: health=ok state=active | mpc: health=ok | v_x=20.93 e_y=0.027 theta=-0.001 | params: stored_v=4 fwd_v=4 pending=no
[adaptive_controller_benchmark_node-4] [INFO] [1789757322.770970334] [adaptive_controller_benchmark_node]: [t= 364.2s] N=18200 RMS(e_y)=0.3314m Max|e_y|=2.6301m RMS(heading)=0.0209rad switches=1 emergency_halts=0 laps=2
[adaptive_controller_manager_node-3] [INFO] [1789757324.629274557] [adaptive_controller_manager]: [status] active=MPC state=RUNNING_MPC | pp: health=ok state=active | mpc: health=ok | v_x=18.85 e_y=0.133 theta=-0.016 | params: stored_v=4 fwd_v=4 pending=no
[mpc_node-2] [INFO] [1789757326.255621371] [mpc_path_tracking]: loaded 2916 raceline waypoints at speed cap 27.77 m/s, lateral cap 3.66 m/s^2 (0.37 g, grip ceiling 6.15 m/s^2 (Pacejka D 5.97 x fast mu ratio 1.03, fast mu live) x 0.71 utilization (base 0.75, shape 0.75) x 0.84 binding axle under braking = 3.66, capped by limits.lateral_accel_max 6.50); reference now peaks at 3.66 m/s^2 (0.37 g)
[mpc_node-2] [WARN] [1789757326.256290059] [mpc_path_tracking]: raceline demands up to 4.98 m/s^2 (0.51 g) of lateral acceleration, above limits.lateral_accel_max=3.66 m/s^2 (0.37 g) at 531/2916 waypoints - corner speeds cut to sqrt(a_lat_max/kappa) and the profile re-smoothed against decel_max/accel_max. The car will now brake for those corners, but it is driving a slower line than the raceline describes; regenerate the raceline for this vehicle's real grip.
[mpc_node-2] [WARN] [1789757326.256315336] [mpc_path_tracking]: raceline speed profile exceeds limits.speed_max=27.77 m/s at 1343/2916 waypoints (max 27.78 m/s, 1.0x the limit) - clamped. The raceline was optimized for a faster vehicle than this one; regenerate it with v_max=27.77 m/s for a usable speed profile. Raising limits.speed_max only helps if the VEHICLE can really go that fast - the cap must describe the plant, not the ambition.
[adaptive_controller_manager_node-3] [INFO] [1789757326.649336581] [adaptive_controller_manager]: [status] active=MPC state=RUNNING_MPC | pp: health=ok state=active | mpc: health=ok | v_x=20.45 e_y=0.062 theta=-0.018 | params: stored_v=4 fwd_v=4 pending=no
[adaptive_controller_benchmark_node-4] [INFO] [1789757326.770787263] [adaptive_controller_benchmark_node]: [t= 368.2s] N=18400 RMS(e_y)=0.3298m Max|e_y|=2.6301m RMS(heading)=0.0209rad switches=1 emergency_halts=0 laps=2
[adaptive_controller_manager_node-3] [INFO] [1789757328.669326336] [adaptive_controller_manager]: [status] active=MPC state=RUNNING_MPC | pp: health=ok state=active | mpc: health=ok | v_x=26.38 e_y=-0.072 theta=0.001 | params: stored_v=4 fwd_v=4 pending=no
[adaptive_controller_manager_node-3] [INFO] [1789757330.689326531] [adaptive_controller_manager]: [status] active=MPC state=RUNNING_MPC | pp: health=ok state=active | mpc: health=ok | v_x=23.83 e_y=-0.005 theta=0.034 | params: stored_v=4 fwd_v=4 pending=no
[adaptive_controller_benchmark_node-4] [INFO] [1789757330.770647209] [adaptive_controller_benchmark_node]: [t= 372.2s] N=18600 RMS(e_y)=0.3281m Max|e_y|=2.6301m RMS(heading)=0.0208rad switches=1 emergency_halts=0 laps=2
[adaptive_controller_manager_node-3] [INFO] [1789757332.709229759] [adaptive_controller_manager]: [status] active=MPC state=RUNNING_MPC | pp: health=ok state=active | mpc: health=ok | v_x=26.05 e_y=-0.236 theta=0.031 | params: stored_v=4 fwd_v=4 pending=no
[adaptive_controller_manager_node-3] [INFO] [1789757334.729254452] [adaptive_controller_manager]: [status] active=MPC state=RUNNING_MPC | pp: health=ok state=active | mpc: health=ok | v_x=23.16 e_y=0.099 theta=0.003 | params: stored_v=4 fwd_v=4 pending=no
[adaptive_controller_benchmark_node-4] [INFO] [1789757334.770124674] [adaptive_controller_benchmark_node]: [t= 376.2s] N=18800 RMS(e_y)=0.3266m Max|e_y|=2.6301m RMS(heading)=0.0208rad switches=1 emergency_halts=0 laps=2
[adaptive_controller_manager_node-3] [INFO] [1789757336.749256831] [adaptive_controller_manager]: [status] active=MPC state=RUNNING_MPC | pp: health=ok state=active | mpc: health=ok | v_x=15.93 e_y=0.027 theta=0.001 | params: stored_v=4 fwd_v=4 pending=no
[adaptive_controller_manager_node-3] [INFO] [1789757338.769137200] [adaptive_controller_manager]: [status] active=MPC state=RUNNING_MPC | pp: health=ok state=active | mpc: health=ok | v_x=11.89 e_y=0.065 theta=-0.004 | params: stored_v=4 fwd_v=4 pending=no
[adaptive_controller_benchmark_node-4] [INFO] [1789757338.770277047] [adaptive_controller_benchmark_node]: [t= 380.2s] N=19000 RMS(e_y)=0.3249m Max|e_y|=2.6301m RMS(heading)=0.0207rad switches=1 emergency_halts=0 laps=2
[adaptive_controller_manager_node-3] [INFO] [1789757340.769148350] [adaptive_controller_manager]: [status] active=MPC state=RUNNING_MPC | pp: health=ok state=active | mpc: health=ok | v_x=11.27 e_y=0.329 theta=0.008 | params: stored_v=4 fwd_v=4 pending=no
[adaptive_controller_manager_node-3] [INFO] [1789757342.769171509] [adaptive_controller_manager]: [status] active=MPC state=RUNNING_MPC | pp: health=ok state=active | mpc: health=ok | v_x=12.95 e_y=0.222 theta=-0.023 | params: stored_v=4 fwd_v=4 pending=no
[adaptive_controller_benchmark_node-4] [INFO] [1789757342.770193458] [adaptive_controller_benchmark_node]: [t= 384.2s] N=19200 RMS(e_y)=0.3247m Max|e_y|=2.6301m RMS(heading)=0.0207rad switches=1 emergency_halts=0 laps=2
[adaptive_controller_manager_node-3] [INFO] [1789757344.789116728] [adaptive_controller_manager]: [status] active=MPC state=RUNNING_MPC | pp: health=ok state=active | mpc: health=ok | v_x=11.10 e_y=0.035 theta=-0.004 | params: stored_v=4 fwd_v=4 pending=no
[adaptive_controller_benchmark_node-4] [INFO] [1789757346.770144105] [adaptive_controller_benchmark_node]: [t= 388.2s] N=19400 RMS(e_y)=0.3231m Max|e_y|=2.6301m RMS(heading)=0.0207rad switches=1 emergency_halts=0 laps=2
[adaptive_controller_manager_node-3] [INFO] [1789757346.789141384] [adaptive_controller_manager]: [status] active=MPC state=RUNNING_MPC | pp: health=ok state=active | mpc: health=ok | v_x=11.19 e_y=-0.102 theta=-0.003 | params: stored_v=4 fwd_v=4 pending=no
[adaptive_controller_manager_node-3] [INFO] [1789757348.809015878] [adaptive_controller_manager]: [status] active=MPC state=RUNNING_MPC | pp: health=ok state=active | mpc: health=ok | v_x=9.62 e_y=-0.422 theta=0.042 | params: stored_v=4 fwd_v=4 pending=no
[adaptive_controller_benchmark_node-4] [INFO] [1789757350.769980956] [adaptive_controller_benchmark_node]: [t= 392.2s] N=19600 RMS(e_y)=0.3236m Max|e_y|=2.6301m RMS(heading)=0.0207rad switches=1 emergency_halts=0 laps=2
[adaptive_controller_manager_node-3] [INFO] [1789757350.828948262] [adaptive_controller_manager]: [status] active=MPC state=RUNNING_MPC | pp: health=ok state=active | mpc: health=ok | v_x=10.68 e_y=-0.340 theta=0.020 | params: stored_v=4 fwd_v=4 pending=no
[adaptive_controller_manager_node-3] [INFO] [1789757352.829010542] [adaptive_controller_manager]: [status] active=MPC state=RUNNING_MPC | pp: health=ok state=active | mpc: health=ok | v_x=18.57 e_y=-0.013 theta=0.003 | params: stored_v=4 fwd_v=4 pending=no
[adaptive_controller_benchmark_node-4] [INFO] [1789757354.770376473] [adaptive_controller_benchmark_node]: [t= 396.2s] N=19800 RMS(e_y)=0.3223m Max|e_y|=2.6301m RMS(heading)=0.0206rad switches=1 emergency_halts=0 laps=2
[adaptive_controller_manager_node-3] [INFO] [1789757354.829678362] [adaptive_controller_manager]: [status] active=MPC state=RUNNING_MPC | pp: health=ok state=active | mpc: health=ok | v_x=18.56 e_y=0.047 theta=-0.003 | params: stored_v=4 fwd_v=4 pending=no
[adaptive_controller_manager_node-3] [INFO] [1789757356.849049354] [adaptive_controller_manager]: [status] active=MPC state=RUNNING_MPC | pp: health=ok state=active | mpc: health=ok | v_x=16.20 e_y=-0.154 theta=0.032 | params: stored_v=4 fwd_v=4 pending=no
[adaptive_controller_benchmark_node-4] [INFO] [1789757358.770657921] [adaptive_controller_benchmark_node]: [t= 400.2s] N=20000 RMS(e_y)=0.3209m Max|e_y|=2.6301m RMS(heading)=0.0206rad switches=1 emergency_halts=0 laps=2
[adaptive_controller_manager_node-3] [INFO] [1789757358.849296148] [adaptive_controller_manager]: [status] active=MPC state=RUNNING_MPC | pp: health=ok state=active | mpc: health=ok | v_x=22.42 e_y=-0.032 theta=0.002 | params: stored_v=4 fwd_v=4 pending=no
[adaptive_controller_manager_node-3] [INFO] [1789757360.868930049] [adaptive_controller_manager]: [status] active=MPC state=RUNNING_MPC | pp: health=ok state=active | mpc: health=ok | v_x=27.26 e_y=-0.027 theta=0.000 | params: stored_v=4 fwd_v=4 pending=no
[adaptive_controller_benchmark_node-4] [INFO] [1789757362.770492990] [adaptive_controller_benchmark_node]: [t= 404.2s] N=20200 RMS(e_y)=0.3193m Max|e_y|=2.6301m RMS(heading)=0.0205rad switches=1 emergency_halts=0 laps=2
[adaptive_controller_manager_node-3] [INFO] [1789757362.868961868] [adaptive_controller_manager]: [status] active=MPC state=RUNNING_MPC | pp: health=ok state=active | mpc: health=ok | v_x=27.71 e_y=-0.012 theta=-0.000 | params: stored_v=4 fwd_v=4 pending=no
[adaptive_controller_manager_node-3] [INFO] [1789757364.888914280] [adaptive_controller_manager]: [status] active=MPC state=RUNNING_MPC | pp: health=ok state=active | mpc: health=ok | v_x=27.77 e_y=-0.006 theta=-0.002 | params: stored_v=4 fwd_v=4 pending=no
[adaptive_controller_benchmark_node-4] [INFO] [1789757366.770010695] [adaptive_controller_benchmark_node]: [t= 408.2s] N=20400 RMS(e_y)=0.3178m Max|e_y|=2.6301m RMS(heading)=0.0204rad switches=1 emergency_halts=0 laps=2
[adaptive_controller_manager_node-3] [INFO] [1789757366.908860120] [adaptive_controller_manager]: [status] active=MPC state=RUNNING_MPC | pp: health=ok state=active | mpc: health=ok | v_x=27.77 e_y=-0.022 theta=-0.000 | params: stored_v=4 fwd_v=4 pending=no
[adaptive_controller_manager_node-3] [INFO] [1789757368.908895433] [adaptive_controller_manager]: [status] active=MPC state=RUNNING_MPC | pp: health=ok state=active | mpc: health=ok | v_x=24.59 e_y=0.026 theta=0.001 | params: stored_v=4 fwd_v=4 pending=no
[adaptive_controller_benchmark_node-4] [INFO] [1789757370.770377849] [adaptive_controller_benchmark_node]: [t= 412.2s] N=20600 RMS(e_y)=0.3162m Max|e_y|=2.6301m RMS(heading)=0.0203rad switches=1 emergency_halts=0 laps=2
[adaptive_controller_manager_node-3] [INFO] [1789757370.928794912] [adaptive_controller_manager]: [status] active=MPC state=RUNNING_MPC | pp: health=ok state=active | mpc: health=ok | v_x=19.66 e_y=-0.037 theta=0.003 | params: stored_v=4 fwd_v=4 pending=no
[adaptive_controller_manager_node-3] [INFO] [1789757372.948936567] [adaptive_controller_manager]: [status] active=MPC state=RUNNING_MPC | pp: health=ok state=active | mpc: health=ok | v_x=16.02 e_y=-0.088 theta=0.029 | params: stored_v=4 fwd_v=4 pending=no
[adaptive_controller_benchmark_node-4] [INFO] [1789757374.769951617] [adaptive_controller_benchmark_node]: [t= 416.2s] N=20800 RMS(e_y)=0.3152m Max|e_y|=2.6301m RMS(heading)=0.0203rad switches=1 emergency_halts=0 laps=2
[adaptive_controller_manager_node-3] [INFO] [1789757374.968852569] [adaptive_controller_manager]: [status] active=MPC state=RUNNING_MPC | pp: health=ok state=active | mpc: health=ok | v_x=12.15 e_y=-0.385 theta=0.009 | params: stored_v=4 fwd_v=4 pending=no
[adaptive_controller_manager_node-3] [INFO] [1789757376.988772011] [adaptive_controller_manager]: [status] active=MPC state=RUNNING_MPC | pp: health=ok state=active | mpc: health=ok | v_x=17.32 e_y=0.002 theta=0.011 | params: stored_v=4 fwd_v=4 pending=no
[adaptive_controller_manager_node-3] [INFO] [1789757377.889577317] [adaptive_controller_manager]: sysid/update_params: accepted and stored new tire params
[mpc_node-2] [INFO] [1789757377.908786978] [mpc_path_tracking]: tire params updated via mpc/update_params
[mpc_node-2] [INFO] [1789757377.908831533] [mpc_path_tracking]: model check: C_front=14462 N/rad C_rear=14812 N/rad -> understeering, linearization stable at all speeds
[mpc_node-2] [WARN] [1789757377.908853467] [mpc_path_tracking]: fast friction estimate stale by 51.7 s - reverting the grip ceiling to the identified Pacejka D alone. The recovery still ramps at limits.grip_rise_rate_per_s.
[mpc_node-2] [INFO] [1789757377.909257307] [mpc_path_tracking]: loaded 2916 raceline waypoints at speed cap 27.77 m/s, lateral cap 3.24 m/s^2 (0.33 g, grip ceiling 5.15 m/s^2 (Pacejka D 5.15 x fast mu ratio 1.00, D only) x 0.75 utilization (base 0.75, shape 0.75) x 0.84 binding axle under braking = 3.24, capped by limits.lateral_accel_max 6.50); reference now peaks at 3.24 m/s^2 (0.33 g)
[mpc_node-2] [WARN] [1789757377.909274619] [mpc_path_tracking]: raceline demands up to 4.98 m/s^2 (0.51 g) of lateral acceleration, above limits.lateral_accel_max=3.24 m/s^2 (0.33 g) at 680/2916 waypoints - corner speeds cut to sqrt(a_lat_max/kappa) and the profile re-smoothed against decel_max/accel_max. The car will now brake for those corners, but it is driving a slower line than the raceline describes; regenerate the raceline for this vehicle's real grip.
[mpc_node-2] [WARN] [1789757377.909283124] [mpc_path_tracking]: raceline speed profile exceeds limits.speed_max=27.77 m/s at 1343/2916 waypoints (max 27.78 m/s, 1.0x the limit) - clamped. The raceline was optimized for a faster vehicle than this one; regenerate it with v_max=27.77 m/s for a usable speed profile. Raising limits.speed_max only helps if the VEHICLE can really go that fast - the cap must describe the plant, not the ambition.
[mpc_node-2] [INFO] [1789757377.910069245] [mpc_path_tracking]: loaded 2916 raceline waypoints at speed cap 27.77 m/s, lateral cap 3.24 m/s^2 (0.33 g, grip ceiling 5.15 m/s^2 (Pacejka D 5.15 x fast mu ratio 1.00, D only) x 0.75 utilization (base 0.75, shape 0.75) x 0.84 binding axle under braking = 3.24, capped by limits.lateral_accel_max 6.50); reference now peaks at 3.24 m/s^2 (0.33 g)
[mpc_node-2] [WARN] [1789757377.910082049] [mpc_path_tracking]: raceline demands up to 4.98 m/s^2 (0.51 g) of lateral acceleration, above limits.lateral_accel_max=3.24 m/s^2 (0.33 g) at 680/2916 waypoints - corner speeds cut to sqrt(a_lat_max/kappa) and the profile re-smoothed against decel_max/accel_max. The car will now brake for those corners, but it is driving a slower line than the raceline describes; regenerate the raceline for this vehicle's real grip.
[mpc_node-2] [WARN] [1789757377.910089731] [mpc_path_tracking]: raceline speed profile exceeds limits.speed_max=27.77 m/s at 1343/2916 waypoints (max 27.78 m/s, 1.0x the limit) - clamped. The raceline was optimized for a faster vehicle than this one; regenerate it with v_max=27.77 m/s for a usable speed profile. Raising limits.speed_max only helps if the VEHICLE can really go that fast - the cap must describe the plant, not the ambition.
[adaptive_controller_benchmark_node-4] [INFO] [1789757378.769744103] [adaptive_controller_benchmark_node]: [t= 420.2s] N=21000 RMS(e_y)=0.3143m Max|e_y|=2.6301m RMS(heading)=0.0203rad switches=1 emergency_halts=0 laps=2
[adaptive_controller_manager_node-3] [INFO] [1789757379.008782269] [adaptive_controller_manager]: [status] active=MPC state=RUNNING_MPC | pp: health=ok state=active | mpc: health=ok | v_x=13.20 e_y=0.245 theta=-0.006 | params: stored_v=5 fwd_v=5 pending=no
[adaptive_controller_manager_node-3] [INFO] [1789757381.028609018] [adaptive_controller_manager]: [status] active=MPC state=RUNNING_MPC | pp: health=ok state=active | mpc: health=ok | v_x=12.65 e_y=0.235 theta=0.002 | params: stored_v=5 fwd_v=5 pending=no
[adaptive_controller_benchmark_node-4] [INFO] [1789757382.770695836] [adaptive_controller_benchmark_node]: [t= 424.2s] N=21200 RMS(e_y)=0.3136m Max|e_y|=2.6301m RMS(heading)=0.0203rad switches=1 emergency_halts=0 laps=2
[adaptive_controller_manager_node-3] [INFO] [1789757383.028709327] [adaptive_controller_manager]: [status] active=MPC state=RUNNING_MPC | pp: health=ok state=active | mpc: health=ok | v_x=13.22 e_y=0.198 theta=-0.037 | params: stored_v=5 fwd_v=5 pending=no
[mpc_node-2] [INFO] [1789757384.723339525] [mpc_path_tracking]: fast friction estimate acquired on /sysid/friction: grip now follows mu as well as D
[mpc_node-2] [INFO] [1789757384.723816022] [mpc_path_tracking]: loaded 2916 raceline waypoints at speed cap 27.77 m/s, lateral cap 2.69 m/s^2 (0.27 g, grip ceiling 4.53 m/s^2 (Pacejka D 5.15 x fast mu ratio 0.88, fast mu live) x 0.71 utilization (base 0.75, shape 0.75) x 0.84 binding axle under braking = 2.69, capped by limits.lateral_accel_max 6.50); reference now peaks at 2.69 m/s^2 (0.27 g)
[mpc_node-2] [WARN] [1789757384.723847979] [mpc_path_tracking]: raceline demands up to 4.98 m/s^2 (0.51 g) of lateral acceleration, above limits.lateral_accel_max=2.69 m/s^2 (0.27 g) at 875/2916 waypoints - corner speeds cut to sqrt(a_lat_max/kappa) and the profile re-smoothed against decel_max/accel_max. The car will now brake for those corners, but it is driving a slower line than the raceline describes; regenerate the raceline for this vehicle's real grip.
[mpc_node-2] [WARN] [1789757384.723863599] [mpc_path_tracking]: raceline speed profile exceeds limits.speed_max=27.77 m/s at 1343/2916 waypoints (max 27.78 m/s, 1.0x the limit) - clamped. The raceline was optimized for a faster vehicle than this one; regenerate it with v_max=27.77 m/s for a usable speed profile. Raising limits.speed_max only helps if the VEHICLE can really go that fast - the cap must describe the plant, not the ambition.
[adaptive_controller_manager_node-3] [INFO] [1789757385.028801097] [adaptive_controller_manager]: [status] active=MPC state=RUNNING_MPC | pp: health=ok state=active | mpc: health=ok | v_x=18.19 e_y=-0.037 theta=-0.020 | params: stored_v=5 fwd_v=5 pending=no
[mpc_node-2] [INFO] [1789757385.723130732] [mpc_path_tracking]: loaded 2916 raceline waypoints at speed cap 27.77 m/s, lateral cap 2.98 m/s^2 (0.30 g, grip ceiling 5.03 m/s^2 (Pacejka D 5.15 x fast mu ratio 0.99, fast mu live) x 0.71 utilization (base 0.75, shape 0.75) x 0.84 binding axle under braking = 2.98, capped by limits.lateral_accel_max 6.50); reference now peaks at 2.98 m/s^2 (0.30 g)
[mpc_node-2] [WARN] [1789757385.723176217] [mpc_path_tracking]: raceline demands up to 4.98 m/s^2 (0.51 g) of lateral acceleration, above limits.lateral_accel_max=2.98 m/s^2 (0.30 g) at 764/2916 waypoints - corner speeds cut to sqrt(a_lat_max/kappa) and the profile re-smoothed against decel_max/accel_max. The car will now brake for those corners, but it is driving a slower line than the raceline describes; regenerate the raceline for this vehicle's real grip.
[mpc_node-2] [WARN] [1789757385.723187493] [mpc_path_tracking]: raceline speed profile exceeds limits.speed_max=27.77 m/s at 1343/2916 waypoints (max 27.78 m/s, 1.0x the limit) - clamped. The raceline was optimized for a faster vehicle than this one; regenerate it with v_max=27.77 m/s for a usable speed profile. Raising limits.speed_max only helps if the VEHICLE can really go that fast - the cap must describe the plant, not the ambition.
[mpc_node-2] [INFO] [1789757386.732464439] [mpc_path_tracking]: loaded 2916 raceline waypoints at speed cap 27.77 m/s, lateral cap 3.07 m/s^2 (0.31 g, grip ceiling 5.21 m/s^2 (Pacejka D 5.15 x fast mu ratio 1.01, fast mu live) x 0.70 utilization (base 0.75, shape 0.75) x 0.84 binding axle under braking = 3.07, capped by limits.lateral_accel_max 6.50); reference now peaks at 3.07 m/s^2 (0.31 g)
[mpc_node-2] [WARN] [1789757386.732536040] [mpc_path_tracking]: raceline demands up to 4.98 m/s^2 (0.51 g) of lateral acceleration, above limits.lateral_accel_max=3.07 m/s^2 (0.31 g) at 736/2916 waypoints - corner speeds cut to sqrt(a_lat_max/kappa) and the profile re-smoothed against decel_max/accel_max. The car will now brake for those corners, but it is driving a slower line than the raceline describes; regenerate the raceline for this vehicle's real grip.
[mpc_node-2] [WARN] [1789757386.732555269] [mpc_path_tracking]: raceline speed profile exceeds limits.speed_max=27.77 m/s at 1343/2916 waypoints (max 27.78 m/s, 1.0x the limit) - clamped. The raceline was optimized for a faster vehicle than this one; regenerate it with v_max=27.77 m/s for a usable speed profile. Raising limits.speed_max only helps if the VEHICLE can really go that fast - the cap must describe the plant, not the ambition.
[adaptive_controller_benchmark_node-4] [INFO] [1789757386.769895372] [adaptive_controller_benchmark_node]: [t= 428.2s] N=21400 RMS(e_y)=0.3124m Max|e_y|=2.6301m RMS(heading)=0.0203rad switches=1 emergency_halts=0 laps=2
[adaptive_controller_manager_node-3] [INFO] [1789757387.048637784] [adaptive_controller_manager]: [status] active=MPC state=RUNNING_MPC | pp: health=ok state=active | mpc: health=ok | v_x=24.54 e_y=-0.074 theta=-0.008 | params: stored_v=5 fwd_v=5 pending=no
[mpc_node-2] [INFO] [1789757387.722144816] [mpc_path_tracking]: loaded 2916 raceline waypoints at speed cap 27.77 m/s, lateral cap 3.31 m/s^2 (0.34 g, grip ceiling 5.71 m/s^2 (Pacejka D 5.15 x fast mu ratio 1.11, fast mu live) x 0.69 utilization (base 0.75, shape 0.75) x 0.84 binding axle under braking = 3.31, capped by limits.lateral_accel_max 6.50); reference now peaks at 3.31 m/s^2 (0.34 g)
[mpc_node-2] [WARN] [1789757387.722253645] [mpc_path_tracking]: raceline demands up to 4.98 m/s^2 (0.51 g) of lateral acceleration, above limits.lateral_accel_max=3.31 m/s^2 (0.34 g) at 658/2916 waypoints - corner speeds cut to sqrt(a_lat_max/kappa) and the profile re-smoothed against decel_max/accel_max. The car will now brake for those corners, but it is driving a slower line than the raceline describes; regenerate the raceline for this vehicle's real grip.
[mpc_node-2] [WARN] [1789757387.722277828] [mpc_path_tracking]: raceline speed profile exceeds limits.speed_max=27.77 m/s at 1343/2916 waypoints (max 27.78 m/s, 1.0x the limit) - clamped. The raceline was optimized for a faster vehicle than this one; regenerate it with v_max=27.77 m/s for a usable speed profile. Raising limits.speed_max only helps if the VEHICLE can really go that fast - the cap must describe the plant, not the ambition.
[mpc_node-2] [INFO] [1789757388.717274369] [mpc_path_tracking]: loaded 2916 raceline waypoints at speed cap 27.77 m/s, lateral cap 3.14 m/s^2 (0.32 g, grip ceiling 5.44 m/s^2 (Pacejka D 5.15 x fast mu ratio 1.06, fast mu live) x 0.69 utilization (base 0.75, shape 0.75) x 0.84 binding axle under braking = 3.14, capped by limits.lateral_accel_max 6.50); reference now peaks at 3.14 m/s^2 (0.32 g)
[mpc_node-2] [WARN] [1789757388.717424042] [mpc_path_tracking]: raceline demands up to 4.98 m/s^2 (0.51 g) of lateral acceleration, above limits.lateral_accel_max=3.14 m/s^2 (0.32 g) at 712/2916 waypoints - corner speeds cut to sqrt(a_lat_max/kappa) and the profile re-smoothed against decel_max/accel_max. The car will now brake for those corners, but it is driving a slower line than the raceline describes; regenerate the raceline for this vehicle's real grip.
[mpc_node-2] [WARN] [1789757388.717458688] [mpc_path_tracking]: raceline speed profile exceeds limits.speed_max=27.77 m/s at 1343/2916 waypoints (max 27.78 m/s, 1.0x the limit) - clamped. The raceline was optimized for a faster vehicle than this one; regenerate it with v_max=27.77 m/s for a usable speed profile. Raising limits.speed_max only helps if the VEHICLE can really go that fast - the cap must describe the plant, not the ambition.
[adaptive_controller_manager_node-3] [INFO] [1789757389.068634959] [adaptive_controller_manager]: [status] active=MPC state=RUNNING_MPC | pp: health=ok state=active | mpc: health=ok | v_x=27.46 e_y=-0.032 theta=-0.014 | params: stored_v=5 fwd_v=5 pending=no
[mpc_node-2] [INFO] [1789757389.718252938] [mpc_path_tracking]: loaded 2916 raceline waypoints at speed cap 27.77 m/s, lateral cap 2.82 m/s^2 (0.29 g, grip ceiling 4.89 m/s^2 (Pacejka D 5.15 x fast mu ratio 0.95, fast mu live) x 0.69 utilization (base 0.75, shape 0.75) x 0.84 binding axle under braking = 2.82, capped by limits.lateral_accel_max 6.50); reference now peaks at 2.82 m/s^2 (0.29 g)
[mpc_node-2] [WARN] [1789757389.718302221] [mpc_path_tracking]: raceline demands up to 4.98 m/s^2 (0.51 g) of lateral acceleration, above limits.lateral_accel_max=2.82 m/s^2 (0.29 g) at 830/2916 waypoints - corner speeds cut to sqrt(a_lat_max/kappa) and the profile re-smoothed against decel_max/accel_max. The car will now brake for those corners, but it is driving a slower line than the raceline describes; regenerate the raceline for this vehicle's real grip.
[mpc_node-2] [WARN] [1789757389.718315755] [mpc_path_tracking]: raceline speed profile exceeds limits.speed_max=27.77 m/s at 1343/2916 waypoints (max 27.78 m/s, 1.0x the limit) - clamped. The raceline was optimized for a faster vehicle than this one; regenerate it with v_max=27.77 m/s for a usable speed profile. Raising limits.speed_max only helps if the VEHICLE can really go that fast - the cap must describe the plant, not the ambition.
[mpc_node-2] [INFO] [1789757390.716738398] [mpc_path_tracking]: loaded 2916 raceline waypoints at speed cap 27.77 m/s, lateral cap 2.90 m/s^2 (0.30 g, grip ceiling 5.05 m/s^2 (Pacejka D 5.15 x fast mu ratio 0.98, fast mu live) x 0.69 utilization (base 0.75, shape 0.75) x 0.84 binding axle under braking = 2.90, capped by limits.lateral_accel_max 6.50); reference now peaks at 2.90 m/s^2 (0.30 g)
[mpc_node-2] [WARN] [1789757390.716782102] [mpc_path_tracking]: raceline demands up to 4.98 m/s^2 (0.51 g) of lateral acceleration, above limits.lateral_accel_max=2.90 m/s^2 (0.30 g) at 796/2916 waypoints - corner speeds cut to sqrt(a_lat_max/kappa) and the profile re-smoothed against decel_max/accel_max. The car will now brake for those corners, but it is driving a slower line than the raceline describes; regenerate the raceline for this vehicle's real grip.
[mpc_node-2] [WARN] [1789757390.716793900] [mpc_path_tracking]: raceline speed profile exceeds limits.speed_max=27.77 m/s at 1343/2916 waypoints (max 27.78 m/s, 1.0x the limit) - clamped. The raceline was optimized for a faster vehicle than this one; regenerate it with v_max=27.77 m/s for a usable speed profile. Raising limits.speed_max only helps if the VEHICLE can really go that fast - the cap must describe the plant, not the ambition.
[adaptive_controller_benchmark_node-4] [INFO] [1789757390.769903382] [adaptive_controller_benchmark_node]: [t= 432.2s] N=21600 RMS(e_y)=0.3110m Max|e_y|=2.6301m RMS(heading)=0.0203rad switches=1 emergency_halts=0 laps=2
[adaptive_controller_manager_node-3] [INFO] [1789757391.068653295] [adaptive_controller_manager]: [status] active=MPC state=RUNNING_MPC | pp: health=ok state=active | mpc: health=ok | v_x=22.78 e_y=0.082 theta=-0.024 | params: stored_v=5 fwd_v=5 pending=no
[mpc_node-2] [INFO] [1789757391.717714962] [mpc_path_tracking]: loaded 2916 raceline waypoints at speed cap 27.77 m/s, lateral cap 2.90 m/s^2 (0.30 g, grip ceiling 5.06 m/s^2 (Pacejka D 5.15 x fast mu ratio 0.98, fast mu live) x 0.68 utilization (base 0.75, shape 0.75) x 0.84 binding axle under braking = 2.90, capped by limits.lateral_accel_max 6.50); reference now peaks at 2.90 m/s^2 (0.30 g)
[mpc_node-2] [WARN] [1789757391.717844516] [mpc_path_tracking]: raceline demands up to 4.98 m/s^2 (0.51 g) of lateral acceleration, above limits.lateral_accel_max=2.90 m/s^2 (0.30 g) at 800/2916 waypoints - corner speeds cut to sqrt(a_lat_max/kappa) and the profile re-smoothed against decel_max/accel_max. The car will now brake for those corners, but it is driving a slower line than the raceline describes; regenerate the raceline for this vehicle's real grip.
[mpc_node-2] [WARN] [1789757391.717868715] [mpc_path_tracking]: raceline speed profile exceeds limits.speed_max=27.77 m/s at 1343/2916 waypoints (max 27.78 m/s, 1.0x the limit) - clamped. The raceline was optimized for a faster vehicle than this one; regenerate it with v_max=27.77 m/s for a usable speed profile. Raising limits.speed_max only helps if the VEHICLE can really go that fast - the cap must describe the plant, not the ambition.
[mpc_node-2] [INFO] [1789757392.717717452] [mpc_path_tracking]: loaded 2916 raceline waypoints at speed cap 27.77 m/s, lateral cap 2.53 m/s^2 (0.26 g, grip ceiling 4.29 m/s^2 (Pacejka D 5.15 x fast mu ratio 0.83, fast mu live) x 0.70 utilization (base 0.75, shape 0.75) x 0.84 binding axle under braking = 2.53, capped by limits.lateral_accel_max 6.50); reference now peaks at 2.53 m/s^2 (0.26 g)
[mpc_node-2] [WARN] [1789757392.717762750] [mpc_path_tracking]: raceline demands up to 4.98 m/s^2 (0.51 g) of lateral acceleration, above limits.lateral_accel_max=2.53 m/s^2 (0.26 g) at 929/2916 waypoints - corner speeds cut to sqrt(a_lat_max/kappa) and the profile re-smoothed against decel_max/accel_max. The car will now brake for those corners, but it is driving a slower line than the raceline describes; regenerate the raceline for this vehicle's real grip.
[mpc_node-2] [WARN] [1789757392.717777746] [mpc_path_tracking]: raceline speed profile exceeds limits.speed_max=27.77 m/s at 1343/2916 waypoints (max 27.78 m/s, 1.0x the limit) - clamped. The raceline was optimized for a faster vehicle than this one; regenerate it with v_max=27.77 m/s for a usable speed profile. Raising limits.speed_max only helps if the VEHICLE can really go that fast - the cap must describe the plant, not the ambition.
[adaptive_controller_manager_node-3] [INFO] [1789757393.088545889] [adaptive_controller_manager]: [status] active=MPC state=RUNNING_MPC | pp: health=ok state=active | mpc: health=ok | v_x=26.82 e_y=-0.107 theta=-0.003 | params: stored_v=5 fwd_v=5 pending=no
[mpc_node-2] [INFO] [1789757393.717319997] [mpc_path_tracking]: loaded 2916 raceline waypoints at speed cap 27.77 m/s, lateral cap 2.36 m/s^2 (0.24 g, grip ceiling 3.93 m/s^2 (Pacejka D 5.15 x fast mu ratio 0.76, fast mu live) x 0.71 utilization (base 0.75, shape 0.75) x 0.84 binding axle under braking = 2.36, capped by limits.lateral_accel_max 6.50); reference now peaks at 2.36 m/s^2 (0.24 g)
[mpc_node-2] [WARN] [1789757393.717382629] [mpc_path_tracking]: raceline demands up to 4.98 m/s^2 (0.51 g) of lateral acceleration, above limits.lateral_accel_max=2.36 m/s^2 (0.24 g) at 984/2916 waypoints - corner speeds cut to sqrt(a_lat_max/kappa) and the profile re-smoothed against decel_max/accel_max. The car will now brake for those corners, but it is driving a slower line than the raceline describes; regenerate the raceline for this vehicle's real grip.
[mpc_node-2] [WARN] [1789757393.717401658] [mpc_path_tracking]: raceline speed profile exceeds limits.speed_max=27.77 m/s at 1343/2916 waypoints (max 27.78 m/s, 1.0x the limit) - clamped. The raceline was optimized for a faster vehicle than this one; regenerate it with v_max=27.77 m/s for a usable speed profile. Raising limits.speed_max only helps if the VEHICLE can really go that fast - the cap must describe the plant, not the ambition.
[mpc_node-2] [INFO] [1789757394.712021176] [mpc_path_tracking]: loaded 2916 raceline waypoints at speed cap 27.77 m/s, lateral cap 2.30 m/s^2 (0.23 g, grip ceiling 3.82 m/s^2 (Pacejka D 5.15 x fast mu ratio 0.74, fast mu live) x 0.72 utilization (base 0.75, shape 0.75) x 0.84 binding axle under braking = 2.30, capped by limits.lateral_accel_max 6.50); reference now peaks at 2.30 m/s^2 (0.23 g)
[mpc_node-2] [WARN] [1789757394.712075224] [mpc_path_tracking]: raceline demands up to 4.98 m/s^2 (0.51 g) of lateral acceleration, above limits.lateral_accel_max=2.30 m/s^2 (0.23 g) at 1008/2916 waypoints - corner speeds cut to sqrt(a_lat_max/kappa) and the profile re-smoothed against decel_max/accel_max. The car will now brake for those corners, but it is driving a slower line than the raceline describes; regenerate the raceline for this vehicle's real grip.
[mpc_node-2] [WARN] [1789757394.712090874] [mpc_path_tracking]: raceline speed profile exceeds limits.speed_max=27.77 m/s at 1343/2916 waypoints (max 27.78 m/s, 1.0x the limit) - clamped. The raceline was optimized for a faster vehicle than this one; regenerate it with v_max=27.77 m/s for a usable speed profile. Raising limits.speed_max only helps if the VEHICLE can really go that fast - the cap must describe the plant, not the ambition.
[adaptive_controller_benchmark_node-4] [INFO] [1789757394.769820900] [adaptive_controller_benchmark_node]: [t= 436.2s] N=21800 RMS(e_y)=0.3096m Max|e_y|=2.6301m RMS(heading)=0.0203rad switches=1 emergency_halts=0 laps=2
[adaptive_controller_manager_node-3] [INFO] [1789757395.088641908] [adaptive_controller_manager]: [status] active=MPC state=RUNNING_MPC | pp: health=ok state=active | mpc: health=ok | v_x=27.66 e_y=-0.016 theta=-0.002 | params: stored_v=5 fwd_v=5 pending=no
[mpc_node-2] [INFO] [1789757395.717697333] [mpc_path_tracking]: loaded 2916 raceline waypoints at speed cap 27.77 m/s, lateral cap 2.29 m/s^2 (0.23 g, grip ceiling 3.82 m/s^2 (Pacejka D 5.15 x fast mu ratio 0.74, fast mu live) x 0.72 utilization (base 0.75, shape 0.75) x 0.84 binding axle under braking = 2.29, capped by limits.lateral_accel_max 6.50); reference now peaks at 2.29 m/s^2 (0.23 g)
[mpc_node-2] [WARN] [1789757395.717745645] [mpc_path_tracking]: raceline demands up to 4.98 m/s^2 (0.51 g) of lateral acceleration, above limits.lateral_accel_max=2.29 m/s^2 (0.23 g) at 1011/2916 waypoints - corner speeds cut to sqrt(a_lat_max/kappa) and the profile re-smoothed against decel_max/accel_max. The car will now brake for those corners, but it is driving a slower line than the raceline describes; regenerate the raceline for this vehicle's real grip.
[mpc_node-2] [WARN] [1789757395.717759455] [mpc_path_tracking]: raceline speed profile exceeds limits.speed_max=27.77 m/s at 1343/2916 waypoints (max 27.78 m/s, 1.0x the limit) - clamped. The raceline was optimized for a faster vehicle than this one; regenerate it with v_max=27.77 m/s for a usable speed profile. Raising limits.speed_max only helps if the VEHICLE can really go that fast - the cap must describe the plant, not the ambition.
[mpc_node-2] [INFO] [1789757396.714097208] [mpc_path_tracking]: loaded 2916 raceline waypoints at speed cap 27.77 m/s, lateral cap 2.22 m/s^2 (0.23 g, grip ceiling 3.72 m/s^2 (Pacejka D 5.15 x fast mu ratio 0.72, fast mu live) x 0.71 utilization (base 0.75, shape 0.75) x 0.84 binding axle under braking = 2.22, capped by limits.lateral_accel_max 6.50); reference now peaks at 2.22 m/s^2 (0.23 g)
[mpc_node-2] [WARN] [1789757396.714165052] [mpc_path_tracking]: raceline demands up to 4.98 m/s^2 (0.51 g) of lateral acceleration, above limits.lateral_accel_max=2.22 m/s^2 (0.23 g) at 1041/2916 waypoints - corner speeds cut to sqrt(a_lat_max/kappa) and the profile re-smoothed against decel_max/accel_max. The car will now brake for those corners, but it is driving a slower line than the raceline describes; regenerate the raceline for this vehicle's real grip.
[mpc_node-2] [WARN] [1789757396.714177272] [mpc_path_tracking]: raceline speed profile exceeds limits.speed_max=27.77 m/s at 1343/2916 waypoints (max 27.78 m/s, 1.0x the limit) - clamped. The raceline was optimized for a faster vehicle than this one; regenerate it with v_max=27.77 m/s for a usable speed profile. Raising limits.speed_max only helps if the VEHICLE can really go that fast - the cap must describe the plant, not the ambition.
[adaptive_controller_manager_node-3] [INFO] [1789757397.108494644] [adaptive_controller_manager]: [status] active=MPC state=RUNNING_MPC | pp: health=ok state=active | mpc: health=ok | v_x=27.75 e_y=-0.016 theta=-0.002 | params: stored_v=5 fwd_v=5 pending=no
[adaptive_controller_benchmark_node-4] [INFO] [1789757398.769905524] [adaptive_controller_benchmark_node]: [t= 440.2s] N=22000 RMS(e_y)=0.3082m Max|e_y|=2.6301m RMS(heading)=0.0202rad switches=1 emergency_halts=0 laps=2
[adaptive_controller_manager_node-3] [INFO] [1789757399.128357308] [adaptive_controller_manager]: [status] active=MPC state=RUNNING_MPC | pp: health=ok state=active | mpc: health=ok | v_x=27.29 e_y=-0.013 theta=-0.000 | params: stored_v=5 fwd_v=5 pending=no
[adaptive_controller_manager_node-3] [INFO] [1789757401.128553863] [adaptive_controller_manager]: [status] active=MPC state=RUNNING_MPC | pp: health=ok state=active | mpc: health=ok | v_x=20.74 e_y=0.037 theta=-0.007 | params: stored_v=5 fwd_v=5 pending=no
[adaptive_controller_benchmark_node-4] [INFO] [1789757402.769432889] [adaptive_controller_benchmark_node]: [t= 444.2s] N=22200 RMS(e_y)=0.3068m Max|e_y|=2.6301m RMS(heading)=0.0201rad switches=1 emergency_halts=0 laps=2
[adaptive_controller_manager_node-3] [INFO] [1789757403.148619631] [adaptive_controller_manager]: [status] active=MPC state=RUNNING_MPC | pp: health=ok state=active | mpc: health=ok | v_x=15.02 e_y=0.099 theta=-0.008 | params: stored_v=5 fwd_v=5 pending=no
[adaptive_controller_manager_node-3] [INFO] [1789757405.168379865] [adaptive_controller_manager]: [status] active=MPC state=RUNNING_MPC | pp: health=ok state=active | mpc: health=ok | v_x=15.97 e_y=0.067 theta=-0.022 | params: stored_v=5 fwd_v=5 pending=no
[adaptive_controller_benchmark_node-4] [INFO] [1789757406.769637712] [adaptive_controller_benchmark_node]: [t= 448.2s] N=22400 RMS(e_y)=0.3056m Max|e_y|=2.6301m RMS(heading)=0.0200rad switches=1 emergency_halts=0 laps=2
[adaptive_controller_manager_node-3] [INFO] [1789757407.168391995] [adaptive_controller_manager]: [status] active=MPC state=RUNNING_MPC | pp: health=ok state=active | mpc: health=ok | v_x=21.76 e_y=-0.023 theta=-0.014 | params: stored_v=5 fwd_v=5 pending=no
[adaptive_controller_manager_node-3] [INFO] [1789757409.168816877] [adaptive_controller_manager]: [status] active=MPC state=RUNNING_MPC | pp: health=ok state=active | mpc: health=ok | v_x=26.93 e_y=-0.034 theta=-0.005 | params: stored_v=5 fwd_v=5 pending=no
[adaptive_controller_benchmark_node-4] [INFO] [1789757410.769516997] [adaptive_controller_benchmark_node]: [t= 452.2s] N=22600 RMS(e_y)=0.3043m Max|e_y|=2.6301m RMS(heading)=0.0200rad switches=1 emergency_halts=0 laps=2
[adaptive_controller_manager_node-3] [INFO] [1789757411.188627621] [adaptive_controller_manager]: [status] active=MPC state=RUNNING_MPC | pp: health=ok state=active | mpc: health=ok | v_x=27.68 e_y=-0.050 theta=-0.005 | params: stored_v=5 fwd_v=5 pending=no
[adaptive_controller_manager_node-3] [INFO] [1789757413.208403792] [adaptive_controller_manager]: [status] active=MPC state=RUNNING_MPC | pp: health=ok state=active | mpc: health=ok | v_x=27.76 e_y=-0.025 theta=-0.001 | params: stored_v=5 fwd_v=5 pending=no
[adaptive_controller_benchmark_node-4] [INFO] [1789757414.769822687] [adaptive_controller_benchmark_node]: [t= 456.2s] N=22800 RMS(e_y)=0.3029m Max|e_y|=2.6301m RMS(heading)=0.0199rad switches=1 emergency_halts=0 laps=2
[adaptive_controller_manager_node-3] [INFO] [1789757415.208450163] [adaptive_controller_manager]: [status] active=MPC state=RUNNING_MPC | pp: health=ok state=active | mpc: health=ok | v_x=24.71 e_y=0.034 theta=0.013 | params: stored_v=5 fwd_v=5 pending=no
[adaptive_controller_manager_node-3] [INFO] [1789757417.228315115] [adaptive_controller_manager]: [status] active=MPC state=RUNNING_MPC | pp: health=ok state=active | mpc: health=ok | v_x=19.35 e_y=0.001 theta=0.005 | params: stored_v=5 fwd_v=5 pending=no
[adaptive_controller_benchmark_node-4] [INFO] [1789757418.769520617] [adaptive_controller_benchmark_node]: [t= 460.2s] N=23000 RMS(e_y)=0.3016m Max|e_y|=2.6301m RMS(heading)=0.0198rad switches=1 emergency_halts=0 laps=2
[adaptive_controller_manager_node-3] [INFO] [1789757419.248353205] [adaptive_controller_manager]: [status] active=MPC state=RUNNING_MPC | pp: health=ok state=active | mpc: health=ok | v_x=16.98 e_y=0.108 theta=-0.013 | params: stored_v=5 fwd_v=5 pending=no
[adaptive_controller_manager_node-3] [INFO] [1789757421.270066431] [adaptive_controller_manager]: [status] active=MPC state=RUNNING_MPC | pp: health=ok state=active | mpc: health=ok | v_x=15.41 e_y=0.093 theta=-0.012 | params: stored_v=5 fwd_v=5 pending=no
[adaptive_controller_benchmark_node-4] [INFO] [1789757422.769354816] [adaptive_controller_benchmark_node]: [t= 464.2s] N=23200 RMS(e_y)=0.3005m Max|e_y|=2.6301m RMS(heading)=0.0198rad switches=1 emergency_halts=0 laps=2
[adaptive_controller_manager_node-3] [INFO] [1789757423.288171183] [adaptive_controller_manager]: [status] active=MPC state=RUNNING_MPC | pp: health=ok state=active | mpc: health=ok | v_x=19.24 e_y=-0.036 theta=0.000 | params: stored_v=5 fwd_v=5 pending=no
[adaptive_controller_manager_node-3] [INFO] [1789757425.288340291] [adaptive_controller_manager]: [status] active=MPC state=RUNNING_MPC | pp: health=ok state=active | mpc: health=ok | v_x=15.53 e_y=-0.011 theta=0.006 | params: stored_v=5 fwd_v=5 pending=no
[adaptive_controller_benchmark_node-4] [INFO] [1789757426.769584149] [adaptive_controller_benchmark_node]: [t= 468.2s] N=23400 RMS(e_y)=0.2992m Max|e_y|=2.6301m RMS(heading)=0.0197rad switches=1 emergency_halts=0 laps=2
[adaptive_controller_manager_node-3] [INFO] [1789757427.308163831] [adaptive_controller_manager]: [status] active=MPC state=RUNNING_MPC | pp: health=ok state=active | mpc: health=ok | v_x=13.27 e_y=-0.144 theta=0.015 | params: stored_v=5 fwd_v=5 pending=no
[adaptive_controller_manager_node-3] [INFO] [1789757429.328246985] [adaptive_controller_manager]: [status] active=MPC state=RUNNING_MPC | pp: health=ok state=active | mpc: health=ok | v_x=16.98 e_y=0.021 theta=-0.001 | params: stored_v=5 fwd_v=5 pending=no
[adaptive_controller_benchmark_node-4] [INFO] [1789757430.768950680] [adaptive_controller_benchmark_node]: [t= 472.2s] N=23600 RMS(e_y)=0.2981m Max|e_y|=2.6301m RMS(heading)=0.0196rad switches=1 emergency_halts=0 laps=2
[adaptive_controller_manager_node-3] [INFO] [1789757431.348100917] [adaptive_controller_manager]: [status] active=MPC state=RUNNING_MPC | pp: health=ok state=active | mpc: health=ok | v_x=13.13 e_y=0.135 theta=-0.016 | params: stored_v=5 fwd_v=5 pending=no
[adaptive_controller_manager_node-3] [INFO] [1789757433.348125700] [adaptive_controller_manager]: [status] active=MPC state=RUNNING_MPC | pp: health=ok state=active | mpc: health=ok | v_x=13.06 e_y=0.145 theta=-0.025 | params: stored_v=5 fwd_v=5 pending=no
[adaptive_controller_benchmark_node-4] [INFO] [1789757434.769551702] [adaptive_controller_benchmark_node]: [t= 476.2s] N=23800 RMS(e_y)=0.2971m Max|e_y|=2.6301m RMS(heading)=0.0196rad switches=1 emergency_halts=0 laps=2
[adaptive_controller_manager_node-3] [INFO] [1789757435.368077994] [adaptive_controller_manager]: [status] active=MPC state=RUNNING_MPC | pp: health=ok state=active | mpc: health=ok | v_x=15.73 e_y=0.076 theta=-0.014 | params: stored_v=5 fwd_v=5 pending=no
[adaptive_controller_manager_node-3] [INFO] [1789757437.368084208] [adaptive_controller_manager]: [status] active=MPC state=RUNNING_MPC | pp: health=ok state=active | mpc: health=ok | v_x=20.42 e_y=-0.036 theta=0.009 | params: stored_v=5 fwd_v=5 pending=no
[adaptive_controller_benchmark_node-4] [INFO] [1789757438.769189667] [adaptive_controller_benchmark_node]: [t= 480.2s] N=24000 RMS(e_y)=0.2959m Max|e_y|=2.6301m RMS(heading)=0.0196rad switches=1 emergency_halts=0 laps=2
[adaptive_controller_manager_node-3] [INFO] [1789757439.368395630] [adaptive_controller_manager]: [status] active=MPC state=RUNNING_MPC | pp: health=ok state=active | mpc: health=ok | v_x=19.68 e_y=-0.083 theta=0.008 | params: stored_v=5 fwd_v=5 pending=no
[adaptive_controller_manager_node-3] [INFO] [1789757441.388101624] [adaptive_controller_manager]: [status] active=MPC state=RUNNING_MPC | pp: health=ok state=active | mpc: health=ok | v_x=26.39 e_y=-0.048 theta=0.002 | params: stored_v=5 fwd_v=5 pending=no
[adaptive_controller_benchmark_node-4] [INFO] [1789757442.769308552] [adaptive_controller_benchmark_node]: [t= 484.2s] N=24200 RMS(e_y)=0.2947m Max|e_y|=2.6301m RMS(heading)=0.0195rad switches=1 emergency_halts=0 laps=2
[adaptive_controller_manager_node-3] [INFO] [1789757443.408046511] [adaptive_controller_manager]: [status] active=MPC state=RUNNING_MPC | pp: health=ok state=active | mpc: health=ok | v_x=27.64 e_y=-0.013 theta=-0.000 | params: stored_v=5 fwd_v=5 pending=no
[adaptive_controller_manager_node-3] [INFO] [1789757445.427997020] [adaptive_controller_manager]: [status] active=MPC state=RUNNING_MPC | pp: health=ok state=active | mpc: health=ok | v_x=27.76 e_y=-0.012 theta=-0.001 | params: stored_v=5 fwd_v=5 pending=no
[adaptive_controller_benchmark_node-4] [INFO] [1789757446.768985064] [adaptive_controller_benchmark_node]: [t= 488.2s] N=24400 RMS(e_y)=0.2935m Max|e_y|=2.6301m RMS(heading)=0.0194rad switches=1 emergency_halts=0 laps=2
[adaptive_controller_manager_node-3] [INFO] [1789757447.448030187] [adaptive_controller_manager]: [status] active=MPC state=RUNNING_MPC | pp: health=ok state=active | mpc: health=ok | v_x=27.77 e_y=-0.016 theta=-0.001 | params: stored_v=5 fwd_v=5 pending=no
[adaptive_controller_manager_node-3] [INFO] [1789757449.467931400] [adaptive_controller_manager]: [status] active=MPC state=RUNNING_MPC | pp: health=ok state=active | mpc: health=ok | v_x=27.77 e_y=-0.018 theta=-0.001 | params: stored_v=5 fwd_v=5 pending=no
[adaptive_controller_benchmark_node-4] [INFO] [1789757450.769816314] [adaptive_controller_benchmark_node]: [t= 492.2s] N=24600 RMS(e_y)=0.2923m Max|e_y|=2.6301m RMS(heading)=0.0193rad switches=1 emergency_halts=0 laps=2
[adaptive_controller_manager_node-3] [INFO] [1789757451.467933256] [adaptive_controller_manager]: [status] active=MPC state=RUNNING_MPC | pp: health=ok state=active | mpc: health=ok | v_x=27.67 e_y=-0.018 theta=-0.003 | params: stored_v=5 fwd_v=5 pending=no
[adaptive_controller_manager_node-3] [INFO] [1789757453.487885510] [adaptive_controller_manager]: [status] active=MPC state=RUNNING_MPC | pp: health=ok state=active | mpc: health=ok | v_x=19.57 e_y=-0.000 theta=-0.003 | params: stored_v=5 fwd_v=5 pending=no
[adaptive_controller_benchmark_node-4] [INFO] [1789757454.768979874] [adaptive_controller_benchmark_node]: [t= 496.2s] N=24800 RMS(e_y)=0.2912m Max|e_y|=2.6301m RMS(heading)=0.0192rad switches=1 emergency_halts=0 laps=2
[adaptive_controller_manager_node-3] [INFO] [1789757455.487926134] [adaptive_controller_manager]: [status] active=MPC state=RUNNING_MPC | pp: health=ok state=active | mpc: health=ok | v_x=15.81 e_y=0.105 theta=-0.010 | params: stored_v=5 fwd_v=5 pending=no
[adaptive_controller_manager_node-3] [INFO] [1789757457.507978709] [adaptive_controller_manager]: [status] active=MPC state=RUNNING_MPC | pp: health=ok state=active | mpc: health=ok | v_x=14.33 e_y=0.108 theta=-0.004 | params: stored_v=5 fwd_v=5 pending=no
[adaptive_controller_benchmark_node-4] [INFO] [1789757458.769379100] [adaptive_controller_benchmark_node]: [t= 500.2s] N=25000 RMS(e_y)=0.2901m Max|e_y|=2.6301m RMS(heading)=0.0192rad switches=1 emergency_halts=0 laps=2
[adaptive_controller_manager_node-3] [INFO] [1789757458.791066010] [adaptive_controller_manager]: sysid/update_params: accepted and stored new tire params
[mpc_node-2] [INFO] [1789757458.807822601] [mpc_path_tracking]: tire params updated via mpc/update_params
[mpc_node-2] [INFO] [1789757458.807863998] [mpc_path_tracking]: model check: C_front=13845 N/rad C_rear=13620 N/rad -> understeering, linearization stable at all speeds
[mpc_node-2] [WARN] [1789757458.807888735] [mpc_path_tracking]: fast friction estimate stale by 62.1 s - reverting the grip ceiling to the identified Pacejka D alone. The recovery still ramps at limits.grip_rise_rate_per_s.
[mpc_node-2] [INFO] [1789757458.808304879] [mpc_path_tracking]: loaded 2916 raceline waypoints at speed cap 27.77 m/s, lateral cap 2.84 m/s^2 (0.29 g, grip ceiling 4.51 m/s^2 (Pacejka D 4.51 x fast mu ratio 1.00, D only) x 0.75 utilization (base 0.75, shape 0.75) x 0.84 binding axle under braking = 2.84, capped by limits.lateral_accel_max 6.50); reference now peaks at 2.84 m/s^2 (0.29 g)
[mpc_node-2] [WARN] [1789757458.808324707] [mpc_path_tracking]: raceline demands up to 4.98 m/s^2 (0.51 g) of lateral acceleration, above limits.lateral_accel_max=2.84 m/s^2 (0.29 g) at 824/2916 waypoints - corner speeds cut to sqrt(a_lat_max/kappa) and the profile re-smoothed against decel_max/accel_max. The car will now brake for those corners, but it is driving a slower line than the raceline describes; regenerate the raceline for this vehicle's real grip.
[mpc_node-2] [WARN] [1789757458.808337428] [mpc_path_tracking]: raceline speed profile exceeds limits.speed_max=27.77 m/s at 1343/2916 waypoints (max 27.78 m/s, 1.0x the limit) - clamped. The raceline was optimized for a faster vehicle than this one; regenerate it with v_max=27.77 m/s for a usable speed profile. Raising limits.speed_max only helps if the VEHICLE can really go that fast - the cap must describe the plant, not the ambition.
[mpc_node-2] [INFO] [1789757458.808954613] [mpc_path_tracking]: loaded 2916 raceline waypoints at speed cap 27.77 m/s, lateral cap 2.84 m/s^2 (0.29 g, grip ceiling 4.51 m/s^2 (Pacejka D 4.51 x fast mu ratio 1.00, D only) x 0.75 utilization (base 0.75, shape 0.75) x 0.84 binding axle under braking = 2.84, capped by limits.lateral_accel_max 6.50); reference now peaks at 2.84 m/s^2 (0.29 g)
[mpc_node-2] [WARN] [1789757458.808970945] [mpc_path_tracking]: raceline demands up to 4.98 m/s^2 (0.51 g) of lateral acceleration, above limits.lateral_accel_max=2.84 m/s^2 (0.29 g) at 824/2916 waypoints - corner speeds cut to sqrt(a_lat_max/kappa) and the profile re-smoothed against decel_max/accel_max. The car will now brake for those corners, but it is driving a slower line than the raceline describes; regenerate the raceline for this vehicle's real grip.
[mpc_node-2] [WARN] [1789757458.808979145] [mpc_path_tracking]: raceline speed profile exceeds limits.speed_max=27.77 m/s at 1343/2916 waypoints (max 27.78 m/s, 1.0x the limit) - clamped. The raceline was optimized for a faster vehicle than this one; regenerate it with v_max=27.77 m/s for a usable speed profile. Raising limits.speed_max only helps if the VEHICLE can really go that fast - the cap must describe the plant, not the ambition.
[adaptive_controller_manager_node-3] [INFO] [1789757459.527731786] [adaptive_controller_manager]: [status] active=MPC state=RUNNING_MPC | pp: health=ok state=active | mpc: health=ok | v_x=13.66 e_y=0.173 theta=-0.024 | params: stored_v=6 fwd_v=6 pending=no
[adaptive_controller_manager_node-3] [INFO] [1789757461.527738475] [adaptive_controller_manager]: [status] active=MPC state=RUNNING_MPC | pp: health=ok state=active | mpc: health=ok | v_x=18.87 e_y=0.002 theta=-0.016 | params: stored_v=6 fwd_v=6 pending=no
[adaptive_controller_benchmark_node-4] [INFO] [1789757462.768790040] [adaptive_controller_benchmark_node]: [t= 504.2s] N=25200 RMS(e_y)=0.2891m Max|e_y|=2.6301m RMS(heading)=0.0192rad switches=1 emergency_halts=0 laps=2
[adaptive_controller_manager_node-3] [INFO] [1789757463.547825066] [adaptive_controller_manager]: [status] active=MPC state=RUNNING_MPC | pp: health=ok state=active | mpc: health=ok | v_x=26.21 e_y=-0.171 theta=0.017 | params: stored_v=6 fwd_v=6 pending=no
[adaptive_controller_manager_node-3] [INFO] [1789757465.547838433] [adaptive_controller_manager]: [status] active=MPC state=RUNNING_MPC | pp: health=ok state=active | mpc: health=ok | v_x=24.33 e_y=0.027 theta=0.004 | params: stored_v=6 fwd_v=6 pending=no
[adaptive_controller_benchmark_node-4] [INFO] [1789757466.768816600] [adaptive_controller_benchmark_node]: [t= 508.2s] N=25400 RMS(e_y)=0.2881m Max|e_y|=2.6301m RMS(heading)=0.0191rad switches=1 emergency_halts=0 laps=2
[adaptive_controller_manager_node-3] [INFO] [1789757467.567688691] [adaptive_controller_manager]: [status] active=MPC state=RUNNING_MPC | pp: health=ok state=active | mpc: health=ok | v_x=15.81 e_y=0.018 theta=0.000 | params: stored_v=6 fwd_v=6 pending=no
[adaptive_controller_manager_node-3] [INFO] [1789757469.567731977] [adaptive_controller_manager]: [status] active=MPC state=RUNNING_MPC | pp: health=ok state=active | mpc: health=ok | v_x=9.67 e_y=0.002 theta=-0.001 | params: stored_v=6 fwd_v=6 pending=no
[adaptive_controller_benchmark_node-4] [INFO] [1789757470.768977799] [adaptive_controller_benchmark_node]: [t= 512.2s] N=25600 RMS(e_y)=0.2870m Max|e_y|=2.6301m RMS(heading)=0.0190rad switches=1 emergency_halts=0 laps=2
[adaptive_controller_manager_node-3] [INFO] [1789757471.587643805] [adaptive_controller_manager]: [status] active=MPC state=RUNNING_MPC | pp: health=ok state=active | mpc: health=ok | v_x=7.95 e_y=-0.531 theta=0.016 | params: stored_v=6 fwd_v=6 pending=no
[mpc_node-2] [INFO] [1789757472.575858494] [mpc_path_tracking]: fast friction estimate acquired on /sysid/friction: grip now follows mu as well as D
[mpc_node-2] [INFO] [1789757472.576410943] [mpc_path_tracking]: loaded 2916 raceline waypoints at speed cap 27.77 m/s, lateral cap 2.69 m/s^2 (0.27 g, grip ceiling 4.38 m/s^2 (Pacejka D 4.51 x fast mu ratio 0.97, fast mu live) x 0.73 utilization (base 0.75, shape 0.75) x 0.84 binding axle under braking = 2.69, capped by limits.lateral_accel_max 6.50); reference now peaks at 2.69 m/s^2 (0.27 g)
[mpc_node-2] [WARN] [1789757472.576438511] [mpc_path_tracking]: raceline demands up to 4.98 m/s^2 (0.51 g) of lateral acceleration, above limits.lateral_accel_max=2.69 m/s^2 (0.27 g) at 875/2916 waypoints - corner speeds cut to sqrt(a_lat_max/kappa) and the profile re-smoothed against decel_max/accel_max. The car will now brake for those corners, but it is driving a slower line than the raceline describes; regenerate the raceline for this vehicle's real grip.
[mpc_node-2] [WARN] [1789757472.576455084] [mpc_path_tracking]: raceline speed profile exceeds limits.speed_max=27.77 m/s at 1343/2916 waypoints (max 27.78 m/s, 1.0x the limit) - clamped. The raceline was optimized for a faster vehicle than this one; regenerate it with v_max=27.77 m/s for a usable speed profile. Raising limits.speed_max only helps if the VEHICLE can really go that fast - the cap must describe the plant, not the ambition.
[mpc_node-2] [INFO] [1789757473.578306212] [mpc_path_tracking]: loaded 2916 raceline waypoints at speed cap 27.77 m/s, lateral cap 2.85 m/s^2 (0.29 g, grip ceiling 4.72 m/s^2 (Pacejka D 4.51 x fast mu ratio 1.05, fast mu live) x 0.72 utilization (base 0.75, shape 0.75) x 0.84 binding axle under braking = 2.85, capped by limits.lateral_accel_max 6.50); reference now peaks at 2.85 m/s^2 (0.29 g)
[mpc_node-2] [WARN] [1789757473.578365139] [mpc_path_tracking]: raceline demands up to 4.98 m/s^2 (0.51 g) of lateral acceleration, above limits.lateral_accel_max=2.85 m/s^2 (0.29 g) at 816/2916 waypoints - corner speeds cut to sqrt(a_lat_max/kappa) and the profile re-smoothed against decel_max/accel_max. The car will now brake for those corners, but it is driving a slower line than the raceline describes; regenerate the raceline for this vehicle's real grip.
[mpc_node-2] [WARN] [1789757473.578386315] [mpc_path_tracking]: raceline speed profile exceeds limits.speed_max=27.77 m/s at 1343/2916 waypoints (max 27.78 m/s, 1.0x the limit) - clamped. The raceline was optimized for a faster vehicle than this one; regenerate it with v_max=27.77 m/s for a usable speed profile. Raising limits.speed_max only helps if the VEHICLE can really go that fast - the cap must describe the plant, not the ambition.
[adaptive_controller_manager_node-3] [INFO] [1789757473.587740769] [adaptive_controller_manager]: [status] active=MPC state=RUNNING_MPC | pp: health=ok state=active | mpc: health=ok | v_x=12.52 e_y=-0.024 theta=0.014 | params: stored_v=6 fwd_v=6 pending=no
[mpc_node-2] [INFO] [1789757474.573507653] [mpc_path_tracking]: loaded 2916 raceline waypoints at speed cap 27.77 m/s, lateral cap 2.74 m/s^2 (0.28 g, grip ceiling 4.51 m/s^2 (Pacejka D 4.51 x fast mu ratio 1.00, fast mu live) x 0.72 utilization (base 0.75, shape 0.75) x 0.84 binding axle under braking = 2.74, capped by limits.lateral_accel_max 6.50); reference now peaks at 2.74 m/s^2 (0.28 g)
[mpc_node-2] [WARN] [1789757474.573554381] [mpc_path_tracking]: raceline demands up to 4.98 m/s^2 (0.51 g) of lateral acceleration, above limits.lateral_accel_max=2.74 m/s^2 (0.28 g) at 858/2916 waypoints - corner speeds cut to sqrt(a_lat_max/kappa) and the profile re-smoothed against decel_max/accel_max. The car will now brake for those corners, but it is driving a slower line than the raceline describes; regenerate the raceline for this vehicle's real grip.
[mpc_node-2] [WARN] [1789757474.573569855] [mpc_path_tracking]: raceline speed profile exceeds limits.speed_max=27.77 m/s at 1343/2916 waypoints (max 27.78 m/s, 1.0x the limit) - clamped. The raceline was optimized for a faster vehicle than this one; regenerate it with v_max=27.77 m/s for a usable speed profile. Raising limits.speed_max only helps if the VEHICLE can really go that fast - the cap must describe the plant, not the ambition.
[adaptive_controller_benchmark_node-4] [INFO] [1789757474.769022185] [adaptive_controller_benchmark_node]: [t= 516.2s] N=25800 RMS(e_y)=0.2877m Max|e_y|=2.6301m RMS(heading)=0.0191rad switches=1 emergency_halts=0 laps=2
[mpc_node-2] [INFO] [1789757475.579475788] [mpc_path_tracking]: loaded 2916 raceline waypoints at speed cap 27.77 m/s, lateral cap 2.75 m/s^2 (0.28 g, grip ceiling 4.50 m/s^2 (Pacejka D 4.51 x fast mu ratio 1.00, fast mu live) x 0.73 utilization (base 0.75, shape 0.75) x 0.84 binding axle under braking = 2.75, capped by limits.lateral_accel_max 6.50); reference now peaks at 2.75 m/s^2 (0.28 g)
[mpc_node-2] [WARN] [1789757475.579526535] [mpc_path_tracking]: raceline demands up to 4.98 m/s^2 (0.51 g) of lateral acceleration, above limits.lateral_accel_max=2.75 m/s^2 (0.28 g) at 855/2916 waypoints - corner speeds cut to sqrt(a_lat_max/kappa) and the profile re-smoothed against decel_max/accel_max. The car will now brake for those corners, but it is driving a slower line than the raceline describes; regenerate the raceline for this vehicle's real grip.
[mpc_node-2] [WARN] [1789757475.579540159] [mpc_path_tracking]: raceline speed profile exceeds limits.speed_max=27.77 m/s at 1343/2916 waypoints (max 27.78 m/s, 1.0x the limit) - clamped. The raceline was optimized for a faster vehicle than this one; regenerate it with v_max=27.77 m/s for a usable speed profile. Raising limits.speed_max only helps if the VEHICLE can really go that fast - the cap must describe the plant, not the ambition.
[adaptive_controller_manager_node-3] [INFO] [1789757475.607677084] [adaptive_controller_manager]: [status] active=MPC state=RUNNING_MPC | pp: health=ok state=active | mpc: health=ok | v_x=10.48 e_y=0.246 theta=-0.041 | params: stored_v=6 fwd_v=6 pending=no
[mpc_node-2] [INFO] [1789757476.576640387] [mpc_path_tracking]: loaded 2916 raceline waypoints at speed cap 27.77 m/s, lateral cap 2.74 m/s^2 (0.28 g, grip ceiling 4.48 m/s^2 (Pacejka D 4.51 x fast mu ratio 0.99, fast mu live) x 0.73 utilization (base 0.75, shape 0.75) x 0.84 binding axle under braking = 2.74, capped by limits.lateral_accel_max 6.50); reference now peaks at 2.74 m/s^2 (0.28 g)
[mpc_node-2] [WARN] [1789757476.576762157] [mpc_path_tracking]: raceline demands up to 4.98 m/s^2 (0.51 g) of lateral acceleration, above limits.lateral_accel_max=2.74 m/s^2 (0.28 g) at 859/2916 waypoints - corner speeds cut to sqrt(a_lat_max/kappa) and the profile re-smoothed against decel_max/accel_max. The car will now brake for those corners, but it is driving a slower line than the raceline describes; regenerate the raceline for this vehicle's real grip.
[mpc_node-2] [WARN] [1789757476.576785993] [mpc_path_tracking]: raceline speed profile exceeds limits.speed_max=27.77 m/s at 1343/2916 waypoints (max 27.78 m/s, 1.0x the limit) - clamped. The raceline was optimized for a faster vehicle than this one; regenerate it with v_max=27.77 m/s for a usable speed profile. Raising limits.speed_max only helps if the VEHICLE can really go that fast - the cap must describe the plant, not the ambition.
[mpc_node-2] [INFO] [1789757477.573248759] [mpc_path_tracking]: loaded 2916 raceline waypoints at speed cap 27.77 m/s, lateral cap 2.73 m/s^2 (0.28 g, grip ceiling 4.52 m/s^2 (Pacejka D 4.51 x fast mu ratio 1.00, fast mu live) x 0.72 utilization (base 0.75, shape 0.75) x 0.84 binding axle under braking = 2.73, capped by limits.lateral_accel_max 6.50); reference now peaks at 2.73 m/s^2 (0.28 g)
[mpc_node-2] [WARN] [1789757477.573294965] [mpc_path_tracking]: raceline demands up to 4.98 m/s^2 (0.51 g) of lateral acceleration, above limits.lateral_accel_max=2.73 m/s^2 (0.28 g) at 862/2916 waypoints - corner speeds cut to sqrt(a_lat_max/kappa) and the profile re-smoothed against decel_max/accel_max. The car will now brake for those corners, but it is driving a slower line than the raceline describes; regenerate the raceline for this vehicle's real grip.
[mpc_node-2] [WARN] [1789757477.573306967] [mpc_path_tracking]: raceline speed profile exceeds limits.speed_max=27.77 m/s at 1343/2916 waypoints (max 27.78 m/s, 1.0x the limit) - clamped. The raceline was optimized for a faster vehicle than this one; regenerate it with v_max=27.77 m/s for a usable speed profile. Raising limits.speed_max only helps if the VEHICLE can really go that fast - the cap must describe the plant, not the ambition.
[adaptive_controller_manager_node-3] [INFO] [1789757477.627730243] [adaptive_controller_manager]: [status] active=MPC state=RUNNING_MPC | pp: health=ok state=active | mpc: health=ok | v_x=16.12 e_y=0.053 theta=-0.015 | params: stored_v=6 fwd_v=6 pending=no
[adaptive_controller_benchmark_node-4] [INFO] [1789757478.768718836] [adaptive_controller_benchmark_node]: [t= 520.2s] N=26000 RMS(e_y)=0.2872m Max|e_y|=2.6301m RMS(heading)=0.0191rad switches=1 emergency_halts=0 laps=2
[adaptive_controller_manager_node-3] [INFO] [1789757479.647591231] [adaptive_controller_manager]: [status] active=MPC state=RUNNING_MPC | pp: health=ok state=active | mpc: health=ok | v_x=18.50 e_y=0.117 theta=-0.013 | params: stored_v=6 fwd_v=6 pending=no
[mpc_node-2] [INFO] [1789757481.574169922] [mpc_path_tracking]: loaded 2916 raceline waypoints at speed cap 27.77 m/s, lateral cap 3.12 m/s^2 (0.32 g, grip ceiling 5.38 m/s^2 (Pacejka D 4.51 x fast mu ratio 1.19, fast mu live) x 0.69 utilization (base 0.75, shape 0.75) x 0.84 binding axle under braking = 3.12, capped by limits.lateral_accel_max 6.50); reference now peaks at 3.12 m/s^2 (0.32 g)
[mpc_node-2] [WARN] [1789757481.574221767] [mpc_path_tracking]: raceline demands up to 4.98 m/s^2 (0.51 g) of lateral acceleration, above limits.lateral_accel_max=3.12 m/s^2 (0.32 g) at 716/2916 waypoints - corner speeds cut to sqrt(a_lat_max/kappa) and the profile re-smoothed against decel_max/accel_max. The car will now brake for those corners, but it is driving a slower line than the raceline describes; regenerate the raceline for this vehicle's real grip.
[mpc_node-2] [WARN] [1789757481.574234401] [mpc_path_tracking]: raceline speed profile exceeds limits.speed_max=27.77 m/s at 1343/2916 waypoints (max 27.78 m/s, 1.0x the limit) - clamped. The raceline was optimized for a faster vehicle than this one; regenerate it with v_max=27.77 m/s for a usable speed profile. Raising limits.speed_max only helps if the VEHICLE can really go that fast - the cap must describe the plant, not the ambition.
[adaptive_controller_manager_node-3] [INFO] [1789757481.667677439] [adaptive_controller_manager]: [status] active=MPC state=RUNNING_MPC | pp: health=ok state=active | mpc: health=ok | v_x=14.15 e_y=0.170 theta=-0.017 | params: stored_v=6 fwd_v=6 pending=no
[mpc_node-2] [INFO] [1789757482.573201860] [mpc_path_tracking]: loaded 2916 raceline waypoints at speed cap 27.77 m/s, lateral cap 3.04 m/s^2 (0.31 g, grip ceiling 5.18 m/s^2 (Pacejka D 4.51 x fast mu ratio 1.15, fast mu live) x 0.70 utilization (base 0.75, shape 0.75) x 0.84 binding axle under braking = 3.04, capped by limits.lateral_accel_max 6.50); reference now peaks at 3.04 m/s^2 (0.31 g)
[mpc_node-2] [WARN] [1789757482.573248482] [mpc_path_tracking]: raceline demands up to 4.98 m/s^2 (0.51 g) of lateral acceleration, above limits.lateral_accel_max=3.04 m/s^2 (0.31 g) at 746/2916 waypoints - corner speeds cut to sqrt(a_lat_max/kappa) and the profile re-smoothed against decel_max/accel_max. The car will now brake for those corners, but it is driving a slower line than the raceline describes; regenerate the raceline for this vehicle's real grip.
[mpc_node-2] [WARN] [1789757482.573259189] [mpc_path_tracking]: raceline speed profile exceeds limits.speed_max=27.77 m/s at 1343/2916 waypoints (max 27.78 m/s, 1.0x the limit) - clamped. The raceline was optimized for a faster vehicle than this one; regenerate it with v_max=27.77 m/s for a usable speed profile. Raising limits.speed_max only helps if the VEHICLE can really go that fast - the cap must describe the plant, not the ambition.
[adaptive_controller_benchmark_node-4] [INFO] [1789757482.768501502] [adaptive_controller_benchmark_node]: [t= 524.2s] N=26200 RMS(e_y)=0.2863m Max|e_y|=2.6301m RMS(heading)=0.0191rad switches=1 emergency_halts=0 laps=2
[mpc_node-2] [INFO] [1789757483.573139098] [mpc_path_tracking]: loaded 2916 raceline waypoints at speed cap 27.77 m/s, lateral cap 3.11 m/s^2 (0.32 g, grip ceiling 5.41 m/s^2 (Pacejka D 4.51 x fast mu ratio 1.20, fast mu live) x 0.68 utilization (base 0.75, shape 0.75) x 0.84 binding axle under braking = 3.11, capped by limits.lateral_accel_max 6.50); reference now peaks at 3.11 m/s^2 (0.32 g)
[mpc_node-2] [WARN] [1789757483.573188309] [mpc_path_tracking]: raceline demands up to 4.98 m/s^2 (0.51 g) of lateral acceleration, above limits.lateral_accel_max=3.11 m/s^2 (0.32 g) at 723/2916 waypoints - corner speeds cut to sqrt(a_lat_max/kappa) and the profile re-smoothed against decel_max/accel_max. The car will now brake for those corners, but it is driving a slower line than the raceline describes; regenerate the raceline for this vehicle's real grip.
[mpc_node-2] [WARN] [1789757483.573203267] [mpc_path_tracking]: raceline speed profile exceeds limits.speed_max=27.77 m/s at 1343/2916 waypoints (max 27.78 m/s, 1.0x the limit) - clamped. The raceline was optimized for a faster vehicle than this one; regenerate it with v_max=27.77 m/s for a usable speed profile. Raising limits.speed_max only helps if the VEHICLE can really go that fast - the cap must describe the plant, not the ambition.
[adaptive_controller_manager_node-3] [INFO] [1789757483.687630962] [adaptive_controller_manager]: [status] active=MPC state=RUNNING_MPC | pp: health=ok state=active | mpc: health=ok | v_x=20.40 e_y=-0.054 theta=-0.004 | params: stored_v=6 fwd_v=6 pending=no
[mpc_node-2] [INFO] [1789757484.576119975] [mpc_path_tracking]: loaded 2916 raceline waypoints at speed cap 27.77 m/s, lateral cap 3.11 m/s^2 (0.32 g, grip ceiling 5.41 m/s^2 (Pacejka D 4.51 x fast mu ratio 1.20, fast mu live) x 0.69 utilization (base 0.75, shape 0.75) x 0.84 binding axle under braking = 3.11, capped by limits.lateral_accel_max 6.50); reference now peaks at 3.11 m/s^2 (0.32 g)
[mpc_node-2] [WARN] [1789757484.576171057] [mpc_path_tracking]: raceline demands up to 4.98 m/s^2 (0.51 g) of lateral acceleration, above limits.lateral_accel_max=3.11 m/s^2 (0.32 g) at 718/2916 waypoints - corner speeds cut to sqrt(a_lat_max/kappa) and the profile re-smoothed against decel_max/accel_max. The car will now brake for those corners, but it is driving a slower line than the raceline describes; regenerate the raceline for this vehicle's real grip.
[mpc_node-2] [WARN] [1789757484.576188754] [mpc_path_tracking]: raceline speed profile exceeds limits.speed_max=27.77 m/s at 1343/2916 waypoints (max 27.78 m/s, 1.0x the limit) - clamped. The raceline was optimized for a faster vehicle than this one; regenerate it with v_max=27.77 m/s for a usable speed profile. Raising limits.speed_max only helps if the VEHICLE can really go that fast - the cap must describe the plant, not the ambition.
[mpc_node-2] [INFO] [1789757485.578063515] [mpc_path_tracking]: loaded 2916 raceline waypoints at speed cap 27.77 m/s, lateral cap 2.99 m/s^2 (0.30 g, grip ceiling 5.41 m/s^2 (Pacejka D 4.51 x fast mu ratio 1.20, fast mu live) x 0.66 utilization (base 0.75, shape 0.75) x 0.84 binding axle under braking = 2.99, capped by limits.lateral_accel_max 6.50); reference now peaks at 2.99 m/s^2 (0.30 g)
[mpc_node-2] [WARN] [1789757485.578113394] [mpc_path_tracking]: raceline demands up to 4.98 m/s^2 (0.51 g) of lateral acceleration, above limits.lateral_accel_max=2.99 m/s^2 (0.30 g) at 762/2916 waypoints - corner speeds cut to sqrt(a_lat_max/kappa) and the profile re-smoothed against decel_max/accel_max. The car will now brake for those corners, but it is driving a slower line than the raceline describes; regenerate the raceline for this vehicle's real grip.
[mpc_node-2] [WARN] [1789757485.578129618] [mpc_path_tracking]: raceline speed profile exceeds limits.speed_max=27.77 m/s at 1343/2916 waypoints (max 27.78 m/s, 1.0x the limit) - clamped. The raceline was optimized for a faster vehicle than this one; regenerate it with v_max=27.77 m/s for a usable speed profile. Raising limits.speed_max only helps if the VEHICLE can really go that fast - the cap must describe the plant, not the ambition.
[adaptive_controller_manager_node-3] [INFO] [1789757485.707577990] [adaptive_controller_manager]: [status] active=MPC state=RUNNING_MPC | pp: health=ok state=active | mpc: health=ok | v_x=26.74 e_y=-0.045 theta=0.002 | params: stored_v=6 fwd_v=6 pending=no
[mpc_node-2] [INFO] [1789757486.575822825] [mpc_path_tracking]: loaded 2916 raceline waypoints at speed cap 27.77 m/s, lateral cap 2.92 m/s^2 (0.30 g, grip ceiling 5.41 m/s^2 (Pacejka D 4.51 x fast mu ratio 1.20, fast mu live) x 0.64 utilization (base 0.75, shape 0.75) x 0.84 binding axle under braking = 2.92, capped by limits.lateral_accel_max 6.50); reference now peaks at 2.92 m/s^2 (0.30 g)
[mpc_node-2] [WARN] [1789757486.575931355] [mpc_path_tracking]: raceline demands up to 4.98 m/s^2 (0.51 g) of lateral acceleration, above limits.lateral_accel_max=2.92 m/s^2 (0.30 g) at 790/2916 waypoints - corner speeds cut to sqrt(a_lat_max/kappa) and the profile re-smoothed against decel_max/accel_max. The car will now brake for those corners, but it is driving a slower line than the raceline describes; regenerate the raceline for this vehicle's real grip.
[mpc_node-2] [WARN] [1789757486.575956875] [mpc_path_tracking]: raceline speed profile exceeds limits.speed_max=27.77 m/s at 1343/2916 waypoints (max 27.78 m/s, 1.0x the limit) - clamped. The raceline was optimized for a faster vehicle than this one; regenerate it with v_max=27.77 m/s for a usable speed profile. Raising limits.speed_max only helps if the VEHICLE can really go that fast - the cap must describe the plant, not the ambition.
[adaptive_controller_benchmark_node-4] [INFO] [1789757486.768534833] [adaptive_controller_benchmark_node]: [t= 528.2s] N=26400 RMS(e_y)=0.2852m Max|e_y|=2.6301m RMS(heading)=0.0190rad switches=1 emergency_halts=0 laps=2
[adaptive_controller_manager_node-3] [INFO] [1789757487.727363939] [adaptive_controller_manager]: [status] active=MPC state=RUNNING_MPC | pp: health=ok state=active | mpc: health=ok | v_x=27.67 e_y=-0.019 theta=0.001 | params: stored_v=6 fwd_v=6 pending=no
[adaptive_controller_manager_node-3] [INFO] [1789757489.727364341] [adaptive_controller_manager]: [status] active=MPC state=RUNNING_MPC | pp: health=ok state=active | mpc: health=ok | v_x=27.75 e_y=-0.025 theta=-0.000 | params: stored_v=6 fwd_v=6 pending=no
[adaptive_controller_benchmark_node-4] [INFO] [1789757490.768792107] [adaptive_controller_benchmark_node]: [t= 532.2s] N=26600 RMS(e_y)=0.2842m Max|e_y|=2.6301m RMS(heading)=0.0190rad switches=1 emergency_halts=0 laps=3
[adaptive_controller_manager_node-3] [INFO] [1789757491.727404130] [adaptive_controller_manager]: [status] active=MPC state=RUNNING_MPC | pp: health=ok state=active | mpc: health=ok | v_x=22.03 e_y=0.033 theta=-0.001 | params: stored_v=6 fwd_v=6 pending=no
[adaptive_controller_manager_node-3] [INFO] [1789757493.727423621] [adaptive_controller_manager]: [status] active=MPC state=RUNNING_MPC | pp: health=ok state=active | mpc: health=ok | v_x=19.24 e_y=0.038 theta=-0.012 | params: stored_v=6 fwd_v=6 pending=no
[adaptive_controller_benchmark_node-4] [INFO] [1789757494.768714376] [adaptive_controller_benchmark_node]: [t= 536.2s] N=26800 RMS(e_y)=0.2832m Max|e_y|=2.6301m RMS(heading)=0.0189rad switches=1 emergency_halts=0 laps=3
[adaptive_controller_manager_node-3] [INFO] [1789757495.747426631] [adaptive_controller_manager]: [status] active=MPC state=RUNNING_MPC | pp: health=ok state=active | mpc: health=ok | v_x=15.72 e_y=0.148 theta=-0.024 | params: stored_v=6 fwd_v=6 pending=no
[adaptive_controller_manager_node-3] [INFO] [1789757497.767411073] [adaptive_controller_manager]: [status] active=MPC state=RUNNING_MPC | pp: health=ok state=active | mpc: health=ok | v_x=21.15 e_y=-0.014 theta=-0.020 | params: stored_v=6 fwd_v=6 pending=no
[adaptive_controller_benchmark_node-4] [INFO] [1789757498.768422915] [adaptive_controller_benchmark_node]: [t= 540.2s] N=27000 RMS(e_y)=0.2822m Max|e_y|=2.6301m RMS(heading)=0.0189rad switches=1 emergency_halts=0 laps=3
[adaptive_controller_manager_node-3] [INFO] [1789757499.787344205] [adaptive_controller_manager]: [status] active=MPC state=RUNNING_MPC | pp: health=ok state=active | mpc: health=ok | v_x=26.03 e_y=-0.068 theta=0.015 | params: stored_v=6 fwd_v=6 pending=no
[adaptive_controller_manager_node-3] [INFO] [1789757501.787406921] [adaptive_controller_manager]: [status] active=MPC state=RUNNING_MPC | pp: health=ok state=active | mpc: health=ok | v_x=20.73 e_y=-0.021 theta=0.008 | params: stored_v=6 fwd_v=6 pending=no
[adaptive_controller_benchmark_node-4] [INFO] [1789757502.768512928] [adaptive_controller_benchmark_node]: [t= 544.2s] N=27200 RMS(e_y)=0.2813m Max|e_y|=2.6301m RMS(heading)=0.0189rad switches=1 emergency_halts=0 laps=3
[adaptive_controller_manager_node-3] [INFO] [1789757503.807325018] [adaptive_controller_manager]: [status] active=MPC state=RUNNING_MPC | pp: health=ok state=active | mpc: health=ok | v_x=25.98 e_y=-0.101 theta=0.011 | params: stored_v=6 fwd_v=6 pending=no
[adaptive_controller_manager_node-3] [INFO] [1789757505.807371398] [adaptive_controller_manager]: [status] active=MPC state=RUNNING_MPC | pp: health=ok state=active | mpc: health=ok | v_x=17.25 e_y=0.029 theta=0.001 | params: stored_v=6 fwd_v=6 pending=no
[adaptive_controller_benchmark_node-4] [INFO] [1789757506.768371286] [adaptive_controller_benchmark_node]: [t= 548.2s] N=27400 RMS(e_y)=0.2804m Max|e_y|=2.6301m RMS(heading)=0.0188rad switches=1 emergency_halts=0 laps=3
[adaptive_controller_manager_node-3] [INFO] [1789757507.827237379] [adaptive_controller_manager]: [status] active=MPC state=RUNNING_MPC | pp: health=ok state=active | mpc: health=ok | v_x=11.79 e_y=0.057 theta=-0.003 | params: stored_v=6 fwd_v=6 pending=no
[adaptive_controller_manager_node-3] [INFO] [1789757509.847294064] [adaptive_controller_manager]: [status] active=MPC state=RUNNING_MPC | pp: health=ok state=active | mpc: health=ok | v_x=9.68 e_y=0.332 theta=0.026 | params: stored_v=6 fwd_v=6 pending=no
[adaptive_controller_benchmark_node-4] [INFO] [1789757510.769233966] [adaptive_controller_benchmark_node]: [t= 552.2s] N=27600 RMS(e_y)=0.2800m Max|e_y|=2.6301m RMS(heading)=0.0188rad switches=1 emergency_halts=0 laps=3
[adaptive_controller_manager_node-3] [INFO] [1789757511.867307229] [adaptive_controller_manager]: [status] active=MPC state=RUNNING_MPC | pp: health=ok state=active | mpc: health=ok | v_x=12.70 e_y=0.113 theta=-0.018 | params: stored_v=6 fwd_v=6 pending=no
[adaptive_controller_manager_node-3] [INFO] [1789757513.867327712] [adaptive_controller_manager]: [status] active=MPC state=RUNNING_MPC | pp: health=ok state=active | mpc: health=ok | v_x=11.09 e_y=-0.012 theta=-0.006 | params: stored_v=6 fwd_v=6 pending=no
[adaptive_controller_benchmark_node-4] [INFO] [1789757514.768374561] [adaptive_controller_benchmark_node]: [t= 556.2s] N=27800 RMS(e_y)=0.2793m Max|e_y|=2.6301m RMS(heading)=0.0188rad switches=1 emergency_halts=0 laps=3
[adaptive_controller_manager_node-3] [INFO] [1789757515.887138876] [adaptive_controller_manager]: [status] active=MPC state=RUNNING_MPC | pp: health=ok state=active | mpc: health=ok | v_x=9.70 e_y=-0.307 theta=0.004 | params: stored_v=6 fwd_v=6 pending=no
[adaptive_controller_manager_node-3] [INFO] [1789757517.907161076] [adaptive_controller_manager]: [status] active=MPC state=RUNNING_MPC | pp: health=ok state=active | mpc: health=ok | v_x=8.49 e_y=-0.386 theta=-0.003 | params: stored_v=6 fwd_v=6 pending=no
[adaptive_controller_benchmark_node-4] [INFO] [1789757518.768422575] [adaptive_controller_benchmark_node]: [t= 560.2s] N=28000 RMS(e_y)=0.2797m Max|e_y|=2.6301m RMS(heading)=0.0188rad switches=1 emergency_halts=0 laps=3
[adaptive_controller_manager_node-3] [INFO] [1789757519.927069820] [adaptive_controller_manager]: [status] active=MPC state=RUNNING_MPC | pp: health=ok state=active | mpc: health=ok | v_x=14.78 e_y=-0.097 theta=0.010 | params: stored_v=6 fwd_v=6 pending=no
[adaptive_controller_manager_node-3] [INFO] [1789757521.927121595] [adaptive_controller_manager]: [status] active=MPC state=RUNNING_MPC | pp: health=ok state=active | mpc: health=ok | v_x=18.53 e_y=0.043 theta=0.004 | params: stored_v=6 fwd_v=6 pending=no
[adaptive_controller_benchmark_node-4] [INFO] [1789757522.768434409] [adaptive_controller_benchmark_node]: [t= 564.2s] N=28200 RMS(e_y)=0.2789m Max|e_y|=2.6301m RMS(heading)=0.0188rad switches=1 emergency_halts=0 laps=3
[adaptive_controller_manager_node-3] [INFO] [1789757523.947010473] [adaptive_controller_manager]: [status] active=MPC state=RUNNING_MPC | pp: health=ok state=active | mpc: health=ok | v_x=15.77 e_y=-0.040 theta=0.026 | params: stored_v=6 fwd_v=6 pending=no
[adaptive_controller_manager_node-3] [INFO] [1789757525.947089533] [adaptive_controller_manager]: [status] active=MPC state=RUNNING_MPC | pp: health=ok state=active | mpc: health=ok | v_x=19.54 e_y=-0.099 theta=0.008 | params: stored_v=6 fwd_v=6 pending=no
[adaptive_controller_benchmark_node-4] [INFO] [1789757526.768254569] [adaptive_controller_benchmark_node]: [t= 568.2s] N=28400 RMS(e_y)=0.2780m Max|e_y|=2.6301m RMS(heading)=0.0187rad switches=1 emergency_halts=0 laps=3
[adaptive_controller_manager_node-3] [INFO] [1789757527.967121315] [adaptive_controller_manager]: [status] active=MPC state=RUNNING_MPC | pp: health=ok state=active | mpc: health=ok | v_x=26.85 e_y=-0.023 theta=-0.001 | params: stored_v=6 fwd_v=6 pending=no
[adaptive_controller_manager_node-3] [INFO] [1789757529.987038386] [adaptive_controller_manager]: [status] active=MPC state=RUNNING_MPC | pp: health=ok state=active | mpc: health=ok | v_x=27.69 e_y=-0.014 theta=0.000 | params: stored_v=6 fwd_v=6 pending=no
[adaptive_controller_benchmark_node-4] [INFO] [1789757530.768185647] [adaptive_controller_benchmark_node]: [t= 572.2s] N=28600 RMS(e_y)=0.2771m Max|e_y|=2.6301m RMS(heading)=0.0187rad switches=1 emergency_halts=0 laps=3
[adaptive_controller_manager_node-3] [INFO] [1789757532.007004764] [adaptive_controller_manager]: [status] active=MPC state=RUNNING_MPC | pp: health=ok state=active | mpc: health=ok | v_x=27.76 e_y=-0.010 theta=-0.001 | params: stored_v=6 fwd_v=6 pending=no
[adaptive_controller_manager_node-3] [INFO] [1789757534.026899703] [adaptive_controller_manager]: [status] active=MPC state=RUNNING_MPC | pp: health=ok state=active | mpc: health=ok | v_x=27.77 e_y=-0.017 theta=-0.000 | params: stored_v=6 fwd_v=6 pending=no
[adaptive_controller_benchmark_node-4] [INFO] [1789757534.768026927] [adaptive_controller_benchmark_node]: [t= 576.2s] N=28800 RMS(e_y)=0.2761m Max|e_y|=2.6301m RMS(heading)=0.0186rad switches=1 emergency_halts=0 laps=3
[adaptive_controller_manager_node-3] [INFO] [1789757536.046919054] [adaptive_controller_manager]: [status] active=MPC state=RUNNING_MPC | pp: health=ok state=active | mpc: health=ok | v_x=23.64 e_y=0.031 theta=0.002 | params: stored_v=6 fwd_v=6 pending=no
[adaptive_controller_manager_node-3] [INFO] [1789757538.066877255] [adaptive_controller_manager]: [status] active=MPC state=RUNNING_MPC | pp: health=ok state=active | mpc: health=ok | v_x=19.19 e_y=-0.076 theta=0.014 | params: stored_v=6 fwd_v=6 pending=no
[adaptive_controller_benchmark_node-4] [INFO] [1789757538.767899843] [adaptive_controller_benchmark_node]: [t= 580.2s] N=29000 RMS(e_y)=0.2752m Max|e_y|=2.6301m RMS(heading)=0.0186rad switches=1 emergency_halts=0 laps=3
[adaptive_controller_manager_node-3] [INFO] [1789757540.066945062] [adaptive_controller_manager]: [status] active=MPC state=RUNNING_MPC | pp: health=ok state=active | mpc: health=ok | v_x=13.95 e_y=-0.176 theta=0.007 | params: stored_v=6 fwd_v=6 pending=no
[adaptive_controller_manager_node-3] [INFO] [1789757542.086883646] [adaptive_controller_manager]: [status] active=MPC state=RUNNING_MPC | pp: health=ok state=active | mpc: health=ok | v_x=11.41 e_y=-0.251 theta=0.007 | params: stored_v=6 fwd_v=6 pending=no
[adaptive_controller_benchmark_node-4] [INFO] [1789757542.767977087] [adaptive_controller_benchmark_node]: [t= 584.2s] N=29200 RMS(e_y)=0.2747m Max|e_y|=2.6301m RMS(heading)=0.0186rad switches=1 emergency_halts=0 laps=3
[adaptive_controller_manager_node-3] [INFO] [1789757544.106809667] [adaptive_controller_manager]: [status] active=MPC state=RUNNING_MPC | pp: health=ok state=active | mpc: health=ok | v_x=16.24 e_y=0.045 theta=-0.001 | params: stored_v=6 fwd_v=6 pending=no
[adaptive_controller_manager_node-3] [INFO] [1789757546.106823034] [adaptive_controller_manager]: [status] active=MPC state=RUNNING_MPC | pp: health=ok state=active | mpc: health=ok | v_x=12.56 e_y=0.197 theta=-0.017 | params: stored_v=6 fwd_v=6 pending=no
[adaptive_controller_benchmark_node-4] [INFO] [1789757546.767682417] [adaptive_controller_benchmark_node]: [t= 588.2s] N=29400 RMS(e_y)=0.2741m Max|e_y|=2.6301m RMS(heading)=0.0186rad switches=1 emergency_halts=0 laps=3
[adaptive_controller_manager_node-3] [INFO] [1789757548.126688172] [adaptive_controller_manager]: [status] active=MPC state=RUNNING_MPC | pp: health=ok state=active | mpc: health=ok | v_x=12.31 e_y=0.226 theta=-0.007 | params: stored_v=6 fwd_v=6 pending=no
[adaptive_controller_manager_node-3] [INFO] [1789757550.146742790] [adaptive_controller_manager]: [status] active=MPC state=RUNNING_MPC | pp: health=ok state=active | mpc: health=ok | v_x=12.47 e_y=0.208 theta=-0.002 | params: stored_v=6 fwd_v=6 pending=no
[adaptive_controller_benchmark_node-4] [INFO] [1789757550.767990126] [adaptive_controller_benchmark_node]: [t= 592.2s] N=29600 RMS(e_y)=0.2738m Max|e_y|=2.6301m RMS(heading)=0.0185rad switches=1 emergency_halts=0 laps=3
[adaptive_controller_manager_node-3] [INFO] [1789757552.166761850] [adaptive_controller_manager]: [status] active=MPC state=RUNNING_MPC | pp: health=ok state=active | mpc: health=ok | v_x=16.69 e_y=0.040 theta=-0.012 | params: stored_v=6 fwd_v=6 pending=no
[adaptive_controller_manager_node-3] [INFO] [1789757554.186729336] [adaptive_controller_manager]: [status] active=MPC state=RUNNING_MPC | pp: health=ok state=active | mpc: health=ok | v_x=25.87 e_y=-0.076 theta=-0.006 | params: stored_v=6 fwd_v=6 pending=no
[adaptive_controller_benchmark_node-4] [INFO] [1789757554.768124072] [adaptive_controller_benchmark_node]: [t= 596.2s] N=29800 RMS(e_y)=0.2730m Max|e_y|=2.6301m RMS(heading)=0.0185rad switches=1 emergency_halts=0 laps=3
[adaptive_controller_manager_node-3] [INFO] [1789757556.206715133] [adaptive_controller_manager]: [status] active=MPC state=RUNNING_MPC | pp: health=ok state=active | mpc: health=ok | v_x=27.01 e_y=-0.005 theta=-0.021 | params: stored_v=6 fwd_v=6 pending=no
[adaptive_controller_manager_node-3] [INFO] [1789757558.226667544] [adaptive_controller_manager]: [status] active=MPC state=RUNNING_MPC | pp: health=ok state=active | mpc: health=ok | v_x=23.53 e_y=0.043 theta=-0.018 | params: stored_v=6 fwd_v=6 pending=no
[adaptive_controller_benchmark_node-4] [INFO] [1789757558.767628579] [adaptive_controller_benchmark_node]: [t= 600.2s] N=30000 RMS(e_y)=0.2721m Max|e_y|=2.6301m RMS(heading)=0.0185rad switches=1 emergency_halts=0 laps=3
[adaptive_controller_manager_node-3] [INFO] [1789757560.226670122] [adaptive_controller_manager]: [status] active=MPC state=RUNNING_MPC | pp: health=ok state=active | mpc: health=ok | v_x=27.24 e_y=-0.001 theta=-0.007 | params: stored_v=6 fwd_v=6 pending=no
[adaptive_controller_manager_node-3] [INFO] [1789757562.246583702] [adaptive_controller_manager]: [status] active=MPC state=RUNNING_MPC | pp: health=ok state=active | mpc: health=ok | v_x=27.71 e_y=-0.018 theta=-0.000 | params: stored_v=6 fwd_v=6 pending=no
[adaptive_controller_benchmark_node-4] [INFO] [1789757562.767873639] [adaptive_controller_benchmark_node]: [t= 604.2s] N=30200 RMS(e_y)=0.2712m Max|e_y|=2.6301m RMS(heading)=0.0185rad switches=1 emergency_halts=0 laps=3
[adaptive_controller_manager_node-3] [INFO] [1789757564.266570457] [adaptive_controller_manager]: [status] active=MPC state=RUNNING_MPC | pp: health=ok state=active | mpc: health=ok | v_x=27.76 e_y=-0.013 theta=-0.001 | params: stored_v=6 fwd_v=6 pending=no
[adaptive_controller_manager_node-3] [INFO] [1789757566.266594621] [adaptive_controller_manager]: [status] active=MPC state=RUNNING_MPC | pp: health=ok state=active | mpc: health=ok | v_x=25.89 e_y=0.010 theta=0.001 | params: stored_v=6 fwd_v=6 pending=no
[adaptive_controller_benchmark_node-4] [INFO] [1789757566.767851995] [adaptive_controller_benchmark_node]: [t= 608.2s] N=30400 RMS(e_y)=0.2703m Max|e_y|=2.6301m RMS(heading)=0.0184rad switches=1 emergency_halts=0 laps=3
[adaptive_controller_manager_node-3] [INFO] [1789757568.286571282] [adaptive_controller_manager]: [status] active=MPC state=RUNNING_MPC | pp: health=ok state=active | mpc: health=ok | v_x=20.63 e_y=0.058 theta=-0.011 | params: stored_v=6 fwd_v=6 pending=no
[adaptive_controller_manager_node-3] [INFO] [1789757570.306539133] [adaptive_controller_manager]: [status] active=MPC state=RUNNING_MPC | pp: health=ok state=active | mpc: health=ok | v_x=16.31 e_y=0.155 theta=-0.020 | params: stored_v=6 fwd_v=6 pending=no
[adaptive_controller_benchmark_node-4] [INFO] [1789757570.768255273] [adaptive_controller_benchmark_node]: [t= 612.2s] N=30600 RMS(e_y)=0.2696m Max|e_y|=2.6301m RMS(heading)=0.0184rad switches=1 emergency_halts=0 laps=3
[adaptive_controller_manager_node-3] [INFO] [1789757572.326414967] [adaptive_controller_manager]: [status] active=MPC state=RUNNING_MPC | pp: health=ok state=active | mpc: health=ok | v_x=22.30 e_y=0.025 theta=-0.026 | params: stored_v=6 fwd_v=6 pending=no
[adaptive_controller_manager_node-3] [INFO] [1789757574.346472784] [adaptive_controller_manager]: [status] active=MPC state=RUNNING_MPC | pp: health=ok state=active | mpc: health=ok | v_x=27.34 e_y=-0.021 theta=-0.006 | params: stored_v=6 fwd_v=6 pending=no
[adaptive_controller_benchmark_node-4] [INFO] [1789757574.768020804] [adaptive_controller_benchmark_node]: [t= 616.2s] N=30800 RMS(e_y)=0.2688m Max|e_y|=2.6301m RMS(heading)=0.0184rad switches=1 emergency_halts=0 laps=3
[adaptive_controller_manager_node-3] [INFO] [1789757576.346492171] [adaptive_controller_manager]: [status] active=MPC state=RUNNING_MPC | pp: health=ok state=active | mpc: health=ok | v_x=27.73 e_y=-0.040 theta=-0.004 | params: stored_v=6 fwd_v=6 pending=no
[adaptive_controller_manager_node-3] [INFO] [1789757578.366488014] [adaptive_controller_manager]: [status] active=MPC state=RUNNING_MPC | pp: health=ok state=active | mpc: health=ok | v_x=27.77 e_y=-0.017 theta=-0.000 | params: stored_v=6 fwd_v=6 pending=no
[adaptive_controller_benchmark_node-4] [INFO] [1789757578.767690147] [adaptive_controller_benchmark_node]: [t= 620.2s] N=31000 RMS(e_y)=0.2679m Max|e_y|=2.6301m RMS(heading)=0.0184rad switches=1 emergency_halts=0 laps=3
[adaptive_controller_manager_node-3] [INFO] [1789757580.386518701] [adaptive_controller_manager]: [status] active=MPC state=RUNNING_MPC | pp: health=ok state=active | mpc: health=ok | v_x=23.66 e_y=0.028 theta=0.026 | params: stored_v=6 fwd_v=6 pending=no
[adaptive_controller_manager_node-3] [INFO] [1789757582.406502929] [adaptive_controller_manager]: [status] active=MPC state=RUNNING_MPC | pp: health=ok state=active | mpc: health=ok | v_x=20.75 e_y=0.038 theta=-0.011 | params: stored_v=6 fwd_v=6 pending=no
[adaptive_controller_benchmark_node-4] [INFO] [1789757582.768204660] [adaptive_controller_benchmark_node]: [t= 624.2s] N=31200 RMS(e_y)=0.2671m Max|e_y|=2.6301m RMS(heading)=0.0184rad switches=1 emergency_halts=0 laps=3
[adaptive_controller_manager_node-3] [INFO] [1789757584.426356185] [adaptive_controller_manager]: [status] active=MPC state=RUNNING_MPC | pp: health=ok state=active | mpc: health=ok | v_x=18.08 e_y=0.080 theta=-0.015 | params: stored_v=6 fwd_v=6 pending=no
[adaptive_controller_manager_node-3] [INFO] [1789757586.426509368] [adaptive_controller_manager]: [status] active=MPC state=RUNNING_MPC | pp: health=ok state=active | mpc: health=ok | v_x=19.35 e_y=-0.012 theta=0.004 | params: stored_v=6 fwd_v=6 pending=no
[adaptive_controller_benchmark_node-4] [INFO] [1789757586.767978512] [adaptive_controller_benchmark_node]: [t= 628.2s] N=31400 RMS(e_y)=0.2664m Max|e_y|=2.6301m RMS(heading)=0.0184rad switches=1 emergency_halts=0 laps=3
[adaptive_controller_manager_node-3] [INFO] [1789757588.446359195] [adaptive_controller_manager]: [status] active=MPC state=RUNNING_MPC | pp: health=ok state=active | mpc: health=ok | v_x=15.26 e_y=-0.069 theta=0.011 | params: stored_v=6 fwd_v=6 pending=no
[adaptive_controller_manager_node-3] [INFO] [1789757590.446401043] [adaptive_controller_manager]: [status] active=MPC state=RUNNING_MPC | pp: health=ok state=active | mpc: health=ok | v_x=19.04 e_y=-0.016 theta=0.004 | params: stored_v=6 fwd_v=6 pending=no
[adaptive_controller_benchmark_node-4] [INFO] [1789757590.767579831] [adaptive_controller_benchmark_node]: [t= 632.2s] N=31600 RMS(e_y)=0.2657m Max|e_y|=2.6301m RMS(heading)=0.0184rad switches=1 emergency_halts=0 laps=3
[adaptive_controller_manager_node-3] [INFO] [1789757592.466354996] [adaptive_controller_manager]: [status] active=MPC state=RUNNING_MPC | pp: health=ok state=active | mpc: health=ok | v_x=15.15 e_y=0.124 theta=-0.015 | params: stored_v=6 fwd_v=6 pending=no
[adaptive_controller_manager_node-3] [INFO] [1789757594.486298867] [adaptive_controller_manager]: [status] active=MPC state=RUNNING_MPC | pp: health=ok state=active | mpc: health=ok | v_x=15.41 e_y=0.117 theta=-0.024 | params: stored_v=6 fwd_v=6 pending=no
[WARNING] [launch]: user interrupted with ctrl-c (SIGINT)
[adaptive_controller_benchmark_node-4] [INFO] [1789757594.767332889] [adaptive_controller_benchmark_node]: [t= 636.2s] N=31800 RMS(e_y)=0.2652m Max|e_y|=2.6301m RMS(heading)=0.0184rad switches=1 emergency_halts=0 laps=3
[adaptive_controller_manager_node-3] [INFO] [1789757596.506211374] [adaptive_controller_manager]: [status] active=MPC state=RUNNING_MPC | pp: health=ok state=active | mpc: health=ok | v_x=23.80 e_y=-0.075 theta=0.001 | params: stored_v=6 fwd_v=6 pending=no
[adaptive_controller_manager_node-3] [INFO] [1789757598.526093957] [adaptive_controller_manager]: [status] active=MPC state=RUNNING_MPC | pp: health=ok state=active | mpc: health=ok | v_x=22.14 e_y=-0.069 theta=0.010 | params: stored_v=6 fwd_v=6 pending=no
[adaptive_controller_benchmark_node-4] [INFO] [1789757598.767154473] [adaptive_controller_benchmark_node]: [t= 640.2s] N=32000 RMS(e_y)=0.2645m Max|e_y|=2.6301m RMS(heading)=0.0184rad switches=1 emergency_halts=0 laps=3
[ERROR] [adaptive_controller_benchmark_node-4]: process[adaptive_controller_benchmark_node-4] failed to terminate '5' seconds after receiving 'SIGINT', escalating to 'SIGTERM'
[ERROR] [adaptive_controller_manager_node-3]: process[adaptive_controller_manager_node-3] failed to terminate '5' seconds after receiving 'SIGINT', escalating to 'SIGTERM'
[ERROR] [mpc_node-2]: process[mpc_node-2] failed to terminate '5' seconds after receiving 'SIGINT', escalating to 'SIGTERM'
[ERROR] [pure_pursuit_node.py-1]: process[pure_pursuit_node.py-1] failed to terminate '5' seconds after receiving 'SIGINT', escalating to 'SIGTERM'
[INFO] [adaptive_controller_benchmark_node-4]: sending signal 'SIGTERM' to process[adaptive_controller_benchmark_node-4]
[INFO] [adaptive_controller_manager_node-3]: sending signal 'SIGTERM' to process[adaptive_controller_manager_node-3]
[INFO] [mpc_node-2]: sending signal 'SIGTERM' to process[mpc_node-2]
[INFO] [pure_pursuit_node.py-1]: sending signal 'SIGTERM' to process[pure_pursuit_node.py-1]
[mpc_node-2] [INFO] [1789757599.504422849] [rclcpp]: signal_handler(SIGINT/SIGTERM)
[pure_pursuit_node.py-1] RUNNING PURE-PURSUIT CODE.... 
[pure_pursuit_node.py-1] 
[pure_pursuit_node.py-1] 
[pure_pursuit_node.py-1] Traceback (most recent call last):
[pure_pursuit_node.py-1]   File "/home/ebrahim/Ebrahim_Master_Thesis_repo/install/pure_pursuit/lib/pure_pursuit/pure_pursuit_node.py", line 551, in main
[pure_pursuit_node.py-1]     rclpy.spin(node)
[pure_pursuit_node.py-1]   File "/opt/ros/humble/local/lib/python3.10/dist-packages/rclpy/__init__.py", line 229, in spin
[pure_pursuit_node.py-1]     executor.spin_once()
[pure_pursuit_node.py-1]   File "/opt/ros/humble/local/lib/python3.10/dist-packages/rclpy/executors.py", line 812, in spin_once
[pure_pursuit_node.py-1]     self._spin_once_impl(timeout_sec)
[pure_pursuit_node.py-1]   File "/opt/ros/humble/local/lib/python3.10/dist-packages/rclpy/executors.py", line 801, in _spin_once_impl
[pure_pursuit_node.py-1]     handler, entity, node = self.wait_for_ready_callbacks(timeout_sec=timeout_sec)
[pure_pursuit_node.py-1]   File "/opt/ros/humble/local/lib/python3.10/dist-packages/rclpy/executors.py", line 784, in wait_for_ready_callbacks
[pure_pursuit_node.py-1]     return next(self._cb_iter)
[pure_pursuit_node.py-1]   File "/opt/ros/humble/local/lib/python3.10/dist-packages/rclpy/executors.py", line 685, in _wait_for_ready_callbacks
[pure_pursuit_node.py-1]     raise ExternalShutdownException()
[pure_pursuit_node.py-1] rclpy.executors.ExternalShutdownException
[pure_pursuit_node.py-1] 
[pure_pursuit_node.py-1] During handling of the above exception, another exception occurred:
[pure_pursuit_node.py-1] 
[pure_pursuit_node.py-1] Traceback (most recent call last):
[pure_pursuit_node.py-1]   File "/home/ebrahim/Ebrahim_Master_Thesis_repo/install/pure_pursuit/lib/pure_pursuit/pure_pursuit_node.py", line 560, in <module>
[pure_pursuit_node.py-1]     main()
[pure_pursuit_node.py-1]   File "/home/ebrahim/Ebrahim_Master_Thesis_repo/install/pure_pursuit/lib/pure_pursuit/pure_pursuit_node.py", line 556, in main
[pure_pursuit_node.py-1]     rclpy.shutdown()
[pure_pursuit_node.py-1]   File "/opt/ros/humble/local/lib/python3.10/dist-packages/rclpy/__init__.py", line 130, in shutdown
[pure_pursuit_node.py-1]     _shutdown(context=context)
[pure_pursuit_node.py-1]   File "/opt/ros/humble/local/lib/python3.10/dist-packages/rclpy/utilities.py", line 58, in shutdown
[pure_pursuit_node.py-1]     return context.shutdown()
[pure_pursuit_node.py-1]   File "/opt/ros/humble/local/lib/python3.10/dist-packages/rclpy/context.py", line 102, in shutdown
[pure_pursuit_node.py-1]     self.__context.shutdown()
[pure_pursuit_node.py-1] rclpy._rclpy_pybind11.RCLError: failed to shutdown: rcl_shutdown already called on the given context, at ./src/rcl/init.c:241
[INFO] [mpc_node-2]: process has finished cleanly [pid 210343]
[INFO] [adaptive_controller_manager_node-3]: process has finished cleanly [pid 210345]
[ERROR] [pure_pursuit_node.py-1]: process has died [pid 210341, exit code 1, cmd '/home/ebrahim/Ebrahim_Master_Thesis_repo/install/pure_pursuit/lib/pure_pursuit/pure_pursuit_node.py --ros-args -r __node:=pure_pursuit --params-file /home/ebrahim/Ebrahim_Master_Thesis_repo/install/pure_pursuit/share/pure_pursuit/config/pure_pursuit.yaml --params-file /tmp/launch_params_dpry0i3_'].
[adaptive_controller_benchmark_node-4] [INFO] [1789757603.159080237] [adaptive_controller_benchmark_node]: Benchmark plots saved to: /home/ebrahim/Ebrahim_Master_Thesis_repo/graphs/control/ours-decay-mu
[adaptive_controller_benchmark_node-4] Failed to publish log message to rosout: publisher's context is invalid, at ./src/rcl/publisher.c:389
[adaptive_controller_benchmark_node-4] Traceback (most recent call last):
[adaptive_controller_benchmark_node-4]   File "/home/ebrahim/Ebrahim_Master_Thesis_repo/build/adaptive_controller_benchmark/adaptive_controller_benchmark/adaptive_controller_benchmark_node.py", line 781, in main
[adaptive_controller_benchmark_node-4]     rclpy.spin(node)
[adaptive_controller_benchmark_node-4]   File "/opt/ros/humble/local/lib/python3.10/dist-packages/rclpy/__init__.py", line 229, in spin
[adaptive_controller_benchmark_node-4]     executor.spin_once()
[adaptive_controller_benchmark_node-4]   File "/opt/ros/humble/local/lib/python3.10/dist-packages/rclpy/executors.py", line 812, in spin_once
[adaptive_controller_benchmark_node-4]     self._spin_once_impl(timeout_sec)
[adaptive_controller_benchmark_node-4]   File "/opt/ros/humble/local/lib/python3.10/dist-packages/rclpy/executors.py", line 801, in _spin_once_impl
[adaptive_controller_benchmark_node-4]     handler, entity, node = self.wait_for_ready_callbacks(timeout_sec=timeout_sec)
[adaptive_controller_benchmark_node-4]   File "/opt/ros/humble/local/lib/python3.10/dist-packages/rclpy/executors.py", line 784, in wait_for_ready_callbacks
[adaptive_controller_benchmark_node-4]     return next(self._cb_iter)
[adaptive_controller_benchmark_node-4]   File "/opt/ros/humble/local/lib/python3.10/dist-packages/rclpy/executors.py", line 657, in _wait_for_ready_callbacks
[adaptive_controller_benchmark_node-4]     wait_set = _rclpy.WaitSet(
[adaptive_controller_benchmark_node-4] rclpy._rclpy_pybind11.RCLError: failed to initialize wait set: the given context is not valid, either rcl_init() was not called or rcl_shutdown() was called., at ./src/rcl/wait.c:130
[adaptive_controller_benchmark_node-4] 
[adaptive_controller_benchmark_node-4] During handling of the above exception, another exception occurred:
[adaptive_controller_benchmark_node-4] 
[adaptive_controller_benchmark_node-4] Traceback (most recent call last):
[adaptive_controller_benchmark_node-4]   File "/home/ebrahim/Ebrahim_Master_Thesis_repo/install/adaptive_controller_benchmark/lib/adaptive_controller_benchmark/adaptive_controller_benchmark_node", line 33, in <module>
[adaptive_controller_benchmark_node-4]     sys.exit(load_entry_point('adaptive-controller-benchmark', 'console_scripts', 'adaptive_controller_benchmark_node')())
[adaptive_controller_benchmark_node-4]   File "/home/ebrahim/Ebrahim_Master_Thesis_repo/build/adaptive_controller_benchmark/adaptive_controller_benchmark/adaptive_controller_benchmark_node.py", line 786, in main
[adaptive_controller_benchmark_node-4]     rclpy.shutdown()
[adaptive_controller_benchmark_node-4]   File "/opt/ros/humble/local/lib/python3.10/dist-packages/rclpy/__init__.py", line 130, in shutdown
[adaptive_controller_benchmark_node-4]     _shutdown(context=context)
[adaptive_controller_benchmark_node-4]   File "/opt/ros/humble/local/lib/python3.10/dist-packages/rclpy/utilities.py", line 58, in shutdown
[adaptive_controller_benchmark_node-4]     return context.shutdown()
[adaptive_controller_benchmark_node-4]   File "/opt/ros/humble/local/lib/python3.10/dist-packages/rclpy/context.py", line 102, in shutdown
[adaptive_controller_benchmark_node-4]     self.__context.shutdown()
[adaptive_controller_benchmark_node-4] rclpy._rclpy_pybind11.RCLError: failed to shutdown: rcl_shutdown already called on the given context, at ./src/rcl/init.c:241
[ERROR] [adaptive_controller_benchmark_node-4]: process has died [pid 210347, exit code 1, cmd '/home/ebrahim/Ebrahim_Master_Thesis_repo/install/adaptive_controller_benchmark/lib/adaptive_controller_benchmark/adaptive_controller_benchmark_node --ros-args -r __node:=adaptive_controller_benchmark_node --params-file /home/ebrahim/Ebrahim_Master_Thesis_repo/install/adaptive_controller_benchmark/share/adaptive_controller_benchmark/config/benchmark_config.yaml --params-file /tmp/launch_params_cbcvw2aw'].
