t_run_s,state
0.0,BOOTSTRAP_PP
0.03765988349914551,BOOTSTRAP_PP
0.11703824996948242,BOOTSTRAP_PP
0.19695496559143066,BOOTSTRAP_PP
0.2773425579071045,BOOTSTRAP_PP
0.356860876083374,BOOTSTRAP_PP
0.43709850311279297,BOOTSTRAP_PP
0.5169353485107422,BOOTSTRAP_PP
0.5970196723937988,BOOTSTRAP_PP
0.6772081851959229,BOOTSTRAP_PP
0.7568840980529785,BOOTSTRAP_PP
0.8369879722595215,BOOTSTRAP_PP
0.9167683124542236,BOOTSTRAP_PP
0.9969937801361084,BOOTSTRAP_PP
1.0775926113128662,BOOTSTRAP_PP
1.1570322513580322,BOOTSTRAP_PP
1.2382643222808838,BOOTSTRAP_PP
1.3169519901275635,BOOTSTRAP_PP
1.3969130516052246,BOOTSTRAP_PP
1.4771087169647217,BOOTSTRAP_PP
1.556833028793335,BOOTSTRAP_PP
1.6375555992126465,BOOTSTRAP_PP
1.7168846130371094,BOOTSTRAP_PP
1.796891212463379,BOOTSTRAP_PP
1.8770039081573486,BOOTSTRAP_PP
1.9570226669311523,BOOTSTRAP_PP
2.0368881225585938,BOOTSTRAP_PP
2.116931438446045,BOOTSTRAP_PP
2.197441816329956,BOOTSTRAP_PP
2.276744842529297,BOOTSTRAP_PP
2.3571372032165527,BOOTSTRAP_PP
2.437100648880005,BOOTSTRAP_PP
2.5170323848724365,BOOTSTRAP_PP
2.5968291759490967,BOOTSTRAP_PP
2.6771457195281982,BOOTSTRAP_PP
2.7569169998168945,BOOTSTRAP_PP
2.837001085281372,BOOTSTRAP_PP
2.917025566101074,BOOTSTRAP_PP
3.3006439208984375,BOOTSTRAP_PP
3.377424955368042,BOOTSTRAP_PP
3.456705331802368,BOOTSTRAP_PP
3.5380077362060547,BOOTSTRAP_PP
3.6171529293060303,BOOTSTRAP_PP
3.696615695953369,BOOTSTRAP_PP
3.7769839763641357,BOOTSTRAP_PP
3.8570005893707275,BOOTSTRAP_PP
3.937429189682007,RUNNING_PP
4.017266035079956,RUNNING_PP
4.09735107421875,RUNNING_PP
4.1775617599487305,RUNNING_PP
4.256944894790649,RUNNING_PP
4.3367204666137695,RUNNING_PP
4.417135953903198,RUNNING_PP
4.496791362762451,RUNNING_PP
4.577442407608032,RUNNING_PP
4.656890869140625,RUNNING_PP
4.737492084503174,RUNNING_PP
4.817043781280518,RUNNING_PP
4.897237539291382,RUNNING_PP
4.977031946182251,RUNNING_PP
5.057137966156006,RUNNING_PP
5.136734485626221,RUNNING_PP
5.216799736022949,RUNNING_PP
5.296835422515869,RUNNING_PP
5.377591609954834,RUNNING_PP
5.45694375038147,RUNNING_PP
5.536742210388184,RUNNING_PP
5.617347717285156,RUNNING_PP
5.697004318237305,RUNNING_PP
5.7774152755737305,RUNNING_PP
5.857165813446045,RUNNING_PP
5.936837434768677,RUNNING_PP
6.016923427581787,RUNNING_PP
6.0968286991119385,RUNNING_PP
6.177509784698486,RUNNING_PP
6.256892681121826,RUNNING_PP
6.3367249965667725,RUNNING_PP
6.417003631591797,RUNNING_PP
6.496963739395142,RUNNING_PP
6.57750940322876,RUNNING_PP
6.656613349914551,RUNNING_PP
6.736786603927612,RUNNING_PP
6.817054510116577,RUNNING_PP
6.896870136260986,RUNNING_PP
6.977658271789551,RUNNING_PP
7.057543754577637,RUNNING_PP
7.137677192687988,RUNNING_PP
7.218087196350098,RUNNING_PP
7.297369480133057,RUNNING_PP
7.37706995010376,RUNNING_PP
7.458162069320679,RUNNING_PP
7.5375142097473145,RUNNING_PP
7.616952419281006,RUNNING_PP
7.697181701660156,RUNNING_PP
7.777597188949585,RUNNING_PP
7.857026815414429,RUNNING_PP
7.936902761459351,RUNNING_PP
8.01713514328003,RUNNING_PP
8.096599340438843,RUNNING_PP
8.176907062530518,RUNNING_PP
8.25658917427063,RUNNING_PP
8.336694240570068,RUNNING_PP
8.41680908203125,RUNNING_PP
8.497037410736084,RUNNING_PP
8.576924800872803,RUNNING_PP
8.656808614730835,RUNNING_PP
8.73690676689148,RUNNING_PP
8.817037582397461,RUNNING_PP
8.897448301315308,RUNNING_PP
8.977079391479492,RUNNING_PP
9.057073831558228,RUNNING_PP
9.137401580810547,RUNNING_PP
9.216845035552979,RUNNING_PP
9.297342300415039,RUNNING_PP
9.37693738937378,RUNNING_PP
9.457456827163696,RUNNING_PP
9.536887645721436,RUNNING_PP
9.616830825805664,RUNNING_PP
9.699435234069824,RUNNING_PP
9.777788639068604,RUNNING_PP
9.857999801635742,RUNNING_PP
9.936976194381714,RUNNING_PP
10.017317056655884,RUNNING_PP
10.096601963043213,RUNNING_PP
10.17764687538147,RUNNING_PP
10.256990432739258,RUNNING_PP
10.337299585342407,RUNNING_PP
10.41687297821045,RUNNING_PP
10.496846675872803,RUNNING_PP
10.577291488647461,RUNNING_PP
10.657024621963501,RUNNING_PP
10.737308263778687,RUNNING_PP
10.816962480545044,RUNNING_PP
10.89764952659607,RUNNING_PP
10.977810859680176,RUNNING_PP
11.056770086288452,RUNNING_PP
11.137180089950562,RUNNING_PP
11.2167489528656,RUNNING_PP
11.296961307525635,RUNNING_PP
11.376780271530151,RUNNING_PP
11.457106113433838,RUNNING_PP
11.53697681427002,RUNNING_PP
11.617413997650146,RUNNING_PP
11.697505950927734,RUNNING_PP
11.777313947677612,RUNNING_PP
11.858394145965576,RUNNING_PP
11.937078475952148,RUNNING_PP
12.017019510269165,RUNNING_PP
12.097356081008911,RUNNING_PP
12.176917791366577,RUNNING_PP
12.256824970245361,RUNNING_PP
12.336709022521973,RUNNING_PP
12.416806936264038,RUNNING_PP
12.4966561794281,RUNNING_PP
12.5767822265625,RUNNING_PP
12.656911134719849,RUNNING_PP
12.737223625183105,RUNNING_PP
12.816789388656616,RUNNING_PP
12.897095680236816,RUNNING_PP
12.977033138275146,RUNNING_PP
13.057061433792114,RUNNING_PP
13.13693380355835,RUNNING_PP
13.216801643371582,RUNNING_PP
13.2971031665802,RUNNING_PP
13.376840829849243,RUNNING_PP
13.457049369812012,RUNNING_PP
13.537628412246704,RUNNING_PP
13.616874694824219,RUNNING_PP
13.696757078170776,RUNNING_PP
13.776932954788208,RUNNING_PP
13.857100486755371,RUNNING_PP
13.937110662460327,RUNNING_PP
14.017293214797974,RUNNING_PP
14.096856117248535,RUNNING_PP
14.177346467971802,RUNNING_PP
14.25698208808899,RUNNING_PP
14.3370521068573,RUNNING_PP
14.41677975654602,RUNNING_PP
14.496869564056396,RUNNING_PP
14.577438116073608,RUNNING_PP
14.65719747543335,RUNNING_PP
14.73697543144226,RUNNING_PP
14.816969633102417,RUNNING_PP
14.897331237792969,RUNNING_PP
14.97744345664978,RUNNING_PP
15.056469440460205,RUNNING_PP
15.137118101119995,RUNNING_PP
15.216958284378052,RUNNING_PP
15.297385931015015,RUNNING_PP
15.376963138580322,RUNNING_PP
15.456994533538818,RUNNING_PP
15.53666090965271,RUNNING_PP
15.616670608520508,RUNNING_PP
15.697268724441528,RUNNING_PP
15.77712607383728,RUNNING_PP
15.85692811012268,RUNNING_PP
15.936836242675781,RUNNING_PP
16.01730489730835,RUNNING_PP
16.096821546554565,RUNNING_PP
16.177000761032104,RUNNING_PP
16.256913900375366,RUNNING_PP
16.336812019348145,RUNNING_PP
16.417165994644165,RUNNING_PP
16.496996879577637,RUNNING_PP
16.5767080783844,RUNNING_PP
16.65717649459839,RUNNING_PP
16.737096071243286,RUNNING_PP
16.81684374809265,RUNNING_PP
16.89695978164673,RUNNING_PP
16.976958751678467,RUNNING_PP
17.056853532791138,RUNNING_PP
17.137177228927612,RUNNING_PP
17.216800451278687,RUNNING_PP
17.296589612960815,RUNNING_PP
17.377381563186646,RUNNING_PP
17.45672583580017,RUNNING_PP
17.53702473640442,RUNNING_PP
17.616429328918457,RUNNING_PP
17.697264432907104,RUNNING_PP
17.777199029922485,RUNNING_PP
17.857091665267944,RUNNING_PP
17.936931371688843,RUNNING_PP
18.017484664916992,RUNNING_PP
18.096668481826782,RUNNING_PP
18.177221536636353,RUNNING_PP
18.257448434829712,RUNNING_PP
18.336860418319702,RUNNING_PP
18.417039394378662,RUNNING_PP
18.496728897094727,RUNNING_PP
18.577184200286865,RUNNING_PP
18.65694308280945,RUNNING_PP
18.736799478530884,RUNNING_PP
18.81685209274292,RUNNING_PP
18.89725112915039,RUNNING_PP
18.976820468902588,RUNNING_PP
19.05735182762146,RUNNING_PP
19.137531280517578,RUNNING_PP
19.217100381851196,RUNNING_PP
19.296589612960815,RUNNING_PP
19.37762212753296,RUNNING_PP
19.45759630203247,RUNNING_PP
19.537023782730103,RUNNING_PP
19.617573738098145,RUNNING_PP
19.697160482406616,RUNNING_PP
19.77723717689514,RUNNING_PP
19.857401847839355,RUNNING_PP
19.936788320541382,RUNNING_PP
20.016917943954468,RUNNING_PP
20.09690761566162,RUNNING_PP
20.176969528198242,RUNNING_PP
20.256689071655273,RUNNING_PP
20.33699345588684,RUNNING_PP
20.417112827301025,RUNNING_PP
20.496988773345947,RUNNING_PP
20.577274084091187,RUNNING_PP
20.65684413909912,RUNNING_PP
20.7368803024292,RUNNING_PP
20.817194938659668,RUNNING_PP
20.896660804748535,RUNNING_PP
20.977508544921875,RUNNING_PP
21.057125091552734,RUNNING_PP
21.1370587348938,RUNNING_PP
21.21668767929077,RUNNING_PP
21.29714035987854,RUNNING_PP
21.376840829849243,RUNNING_PP
21.45734930038452,RUNNING_PP
21.537513494491577,RUNNING_PP
21.617019414901733,RUNNING_PP
21.696951389312744,RUNNING_PP
21.777601957321167,RUNNING_PP
21.857831239700317,RUNNING_PP
21.936602115631104,RUNNING_PP
22.016602277755737,RUNNING_PP
22.096728324890137,RUNNING_PP
22.177356958389282,RUNNING_PP
22.256988286972046,RUNNING_PP
22.337146043777466,RUNNING_PP
22.417173624038696,RUNNING_PP
22.496694564819336,RUNNING_PP
22.576679944992065,RUNNING_PP
22.65671944618225,RUNNING_PP
22.736721754074097,RUNNING_PP
22.816569328308105,RUNNING_PP
22.897087812423706,RUNNING_PP
22.977487087249756,RUNNING_PP
23.05702519416809,RUNNING_PP
23.137563228607178,RUNNING_PP
23.216856956481934,RUNNING_PP
23.29668641090393,RUNNING_PP
23.377524614334106,RUNNING_PP
23.456726789474487,RUNNING_PP
23.536850214004517,RUNNING_PP
23.61667013168335,RUNNING_PP
23.697086811065674,RUNNING_PP
23.776999711990356,RUNNING_PP
23.857041835784912,RUNNING_PP
23.937548875808716,RUNNING_PP
24.016869068145752,RUNNING_PP
24.097199201583862,RUNNING_PP
24.17694616317749,RUNNING_PP
24.25697922706604,RUNNING_PP
24.33665442466736,RUNNING_PP
24.417484045028687,RUNNING_PP
24.496740341186523,RUNNING_PP
24.576865196228027,RUNNING_PP
24.656991481781006,RUNNING_PP
24.736526250839233,RUNNING_PP
24.81705117225647,RUNNING_PP
24.89752507209778,RUNNING_PP
24.977683782577515,RUNNING_PP
25.056955814361572,RUNNING_PP
25.136717557907104,RUNNING_PP
25.216672897338867,RUNNING_PP
25.29715347290039,RUNNING_PP
25.376891374588013,RUNNING_PP
25.456733226776123,RUNNING_PP
25.537310361862183,RUNNING_PP
25.61669683456421,RUNNING_PP
25.697929859161377,RUNNING_PP
25.777067184448242,RUNNING_PP
25.857101917266846,RUNNING_PP
25.936914443969727,RUNNING_PP
26.016950607299805,RUNNING_PP
26.096948862075806,RUNNING_PP
26.17690348625183,RUNNING_PP
26.256747722625732,RUNNING_PP
26.337505340576172,RUNNING_PP
26.416712522506714,RUNNING_PP
26.496984004974365,RUNNING_PP
26.576746225357056,RUNNING_PP
26.65681529045105,RUNNING_PP
26.736594438552856,RUNNING_PP
26.816802501678467,RUNNING_PP
26.89714002609253,RUNNING_PP
26.976648330688477,RUNNING_PP
27.056828260421753,RUNNING_PP
27.137328147888184,RUNNING_PP
27.21689462661743,RUNNING_PP
27.29648208618164,RUNNING_PP
27.376811742782593,RUNNING_PP
27.45683765411377,RUNNING_PP
27.537899017333984,RUNNING_PP
27.61674976348877,RUNNING_PP
27.696897268295288,RUNNING_PP
27.777010917663574,RUNNING_PP
27.857004642486572,RUNNING_PP
27.93676495552063,RUNNING_PP
28.016575813293457,RUNNING_PP
28.09701108932495,RUNNING_PP
28.176931142807007,RUNNING_PP
28.256978750228882,RUNNING_PP
28.336860179901123,RUNNING_PP
28.41694140434265,RUNNING_PP
28.496827363967896,RUNNING_PP
28.576975345611572,RUNNING_PP
28.656872987747192,RUNNING_PP
28.736977577209473,RUNNING_PP
28.816497325897217,RUNNING_PP
28.896727085113525,RUNNING_PP
28.976962327957153,RUNNING_PP
29.05703115463257,RUNNING_PP
29.13723659515381,RUNNING_PP
29.216756582260132,RUNNING_PP
29.296846389770508,RUNNING_PP
29.376756191253662,RUNNING_PP
29.456446886062622,RUNNING_PP
29.53680992126465,RUNNING_PP
29.617356538772583,RUNNING_PP
29.69712209701538,RUNNING_PP
29.776576042175293,RUNNING_PP
29.857033729553223,RUNNING_PP
29.93704652786255,RUNNING_PP
30.01783275604248,RUNNING_PP
30.097155570983887,RUNNING_PP
30.17669701576233,RUNNING_PP
30.256755113601685,RUNNING_PP
30.3370041847229,RUNNING_PP
30.416571378707886,RUNNING_PP
30.496825695037842,RUNNING_PP
30.577100038528442,RUNNING_PP
30.65693736076355,RUNNING_PP
30.737135887145996,RUNNING_PP
30.81697416305542,RUNNING_PP
30.896911144256592,RUNNING_PP
30.97672963142395,RUNNING_PP
31.05715775489807,RUNNING_PP
31.136632204055786,RUNNING_PP
31.216612577438354,RUNNING_PP
31.29649066925049,RUNNING_PP
31.37701988220215,RUNNING_PP
31.456542015075684,RUNNING_PP
31.53716802597046,RUNNING_PP
31.61661648750305,RUNNING_PP
31.69664692878723,RUNNING_PP
31.776855945587158,RUNNING_PP
31.857115268707275,RUNNING_PP
31.9364595413208,RUNNING_PP
32.016817569732666,RUNNING_PP
32.09707307815552,RUNNING_PP
32.176979303359985,RUNNING_PP
32.25754451751709,RUNNING_PP
32.33711910247803,RUNNING_PP
32.416784048080444,RUNNING_PP
32.49655866622925,RUNNING_PP
32.57704544067383,RUNNING_PP
32.65675163269043,RUNNING_PP
32.73691201210022,RUNNING_PP
32.817081689834595,RUNNING_PP
32.89692950248718,RUNNING_PP
32.97740888595581,RUNNING_PP
33.05732464790344,RUNNING_PP
33.13678765296936,RUNNING_PP
33.21709656715393,RUNNING_PP
33.29645013809204,RUNNING_PP
33.377174854278564,RUNNING_PP
33.45677971839905,RUNNING_PP
33.53745436668396,RUNNING_PP
33.61711072921753,RUNNING_PP
33.69695067405701,RUNNING_PP
33.77713871002197,RUNNING_PP
33.85681986808777,RUNNING_PP
33.936949253082275,RUNNING_PP
34.016680002212524,RUNNING_PP
34.09634733200073,RUNNING_PP
34.1774046421051,RUNNING_PP
34.25785732269287,RUNNING_PP
34.33657693862915,RUNNING_PP
34.416407108306885,RUNNING_PP
34.498037338256836,RUNNING_PP
34.576881647109985,RUNNING_PP
34.65657997131348,RUNNING_PP
34.736947536468506,RUNNING_PP
34.81647872924805,RUNNING_PP
34.896724224090576,RUNNING_PP
34.97684621810913,RUNNING_PP
35.0570330619812,RUNNING_PP
35.13675832748413,RUNNING_PP
35.2165162563324,RUNNING_PP
35.2964289188385,RUNNING_PP
35.376944065093994,RUNNING_PP
35.45674991607666,RUNNING_PP
35.53658580780029,RUNNING_PP
35.61657500267029,RUNNING_PP
35.69683122634888,RUNNING_PP
35.77649688720703,RUNNING_PP
35.857086181640625,RUNNING_PP
35.937808990478516,RUNNING_PP
36.01664614677429,RUNNING_PP
36.096867084503174,RUNNING_PP
36.177226305007935,RUNNING_PP
36.25691056251526,RUNNING_PP
36.33639430999756,RUNNING_PP
36.41638398170471,RUNNING_PP
36.49658226966858,RUNNING_PP
36.576987981796265,RUNNING_PP
36.65643286705017,RUNNING_PP
36.73653554916382,RUNNING_PP
36.81676530838013,RUNNING_PP
36.89689898490906,RUNNING_PP
36.97649025917053,RUNNING_PP
37.056609869003296,RUNNING_PP
37.13650369644165,RUNNING_PP
37.21640658378601,RUNNING_PP
37.29660105705261,RUNNING_PP
37.377177715301514,RUNNING_PP
37.457409620285034,RUNNING_PP
37.53670072555542,RUNNING_PP
37.61650848388672,RUNNING_PP
37.696362257003784,RUNNING_PP
37.77699589729309,RUNNING_PP
37.85660672187805,RUNNING_PP
37.93656301498413,RUNNING_PP
38.01643109321594,RUNNING_PP
38.09671902656555,RUNNING_PP
38.17722511291504,RUNNING_PP
38.25638461112976,RUNNING_PP
38.336387157440186,RUNNING_PP
38.418874979019165,RUNNING_PP
38.49636793136597,RUNNING_PP
38.576416015625,RUNNING_PP
38.65631294250488,RUNNING_PP
38.73651337623596,RUNNING_PP
38.81646990776062,RUNNING_PP
38.89639687538147,RUNNING_PP
38.976627588272095,RUNNING_PP
39.05678367614746,RUNNING_PP
39.136964082717896,RUNNING_PP
39.21656131744385,RUNNING_PP
39.29681181907654,RUNNING_PP
39.37667536735535,RUNNING_PP
39.4566535949707,RUNNING_PP
39.53677201271057,RUNNING_PP
39.61709213256836,RUNNING_PP
39.69708013534546,RUNNING_PP
39.77715563774109,RUNNING_PP
39.85692358016968,RUNNING_PP
39.93711853027344,RUNNING_PP
40.016892433166504,RUNNING_PP
40.098007678985596,RUNNING_PP
40.1767156124115,RUNNING_PP
40.2563054561615,RUNNING_PP
40.3365216255188,RUNNING_PP
40.41739630699158,RUNNING_PP
40.496657609939575,RUNNING_PP
40.57706904411316,RUNNING_PP
40.657017946243286,RUNNING_PP
40.73646068572998,RUNNING_PP
40.81707549095154,RUNNING_PP
40.89667582511902,RUNNING_PP
40.97638392448425,RUNNING_PP
41.05676627159119,RUNNING_PP
41.137410163879395,RUNNING_PP
41.21699833869934,RUNNING_PP
41.29686737060547,RUNNING_PP
41.37680959701538,RUNNING_PP
41.45653748512268,RUNNING_PP
41.53674125671387,RUNNING_PP
41.61636543273926,RUNNING_PP
41.69628858566284,RUNNING_PP
41.7765748500824,RUNNING_PP
41.85690903663635,RUNNING_PP
41.93647742271423,RUNNING_PP
42.016472816467285,RUNNING_PP
42.097153425216675,RUNNING_PP
42.17710900306702,RUNNING_PP
42.256346464157104,RUNNING_PP
42.336418867111206,RUNNING_PP
42.416441202163696,RUNNING_PP
42.4962944984436,RUNNING_PP
42.577120780944824,RUNNING_PP
42.65669322013855,RUNNING_PP
42.737114906311035,RUNNING_PP
42.816556215286255,RUNNING_PP
42.89663743972778,RUNNING_PP
42.97672438621521,RUNNING_PP
43.05651545524597,RUNNING_PP
43.13619565963745,RUNNING_PP
43.21654915809631,RUNNING_PP
43.296788454055786,RUNNING_PP
43.37654972076416,RUNNING_PP
43.456379413604736,RUNNING_PP
43.53651237487793,RUNNING_PP
43.61721730232239,RUNNING_PP
43.69639992713928,RUNNING_PP
43.7767448425293,RUNNING_PP
43.85683536529541,RUNNING_PP
43.93661880493164,RUNNING_PP
44.016525745391846,RUNNING_PP
44.09659385681152,RUNNING_PP
44.17682957649231,RUNNING_PP
44.256571531295776,RUNNING_PP
44.33675169944763,RUNNING_PP
44.41639685630798,RUNNING_PP
44.49651908874512,RUNNING_PP
44.576674938201904,RUNNING_PP
44.65635824203491,RUNNING_PP
44.73649215698242,RUNNING_PP
44.816946506500244,RUNNING_PP
44.89663553237915,RUNNING_PP
44.976441621780396,RUNNING_PP
45.05640268325806,RUNNING_PP
45.13711977005005,RUNNING_PP
45.2164409160614,RUNNING_PP
45.296128273010254,RUNNING_PP
45.377020597457886,RUNNING_PP
45.4567666053772,RUNNING_PP
45.5362606048584,RUNNING_PP
45.61720538139343,RUNNING_PP
45.696826696395874,RUNNING_PP
45.77639865875244,RUNNING_PP
45.8563916683197,RUNNING_PP
45.93654203414917,RUNNING_PP
46.016735792160034,RUNNING_PP
46.096251010894775,RUNNING_PP
46.176448345184326,RUNNING_PP
46.256357192993164,RUNNING_PP
46.33635401725769,RUNNING_PP
46.41648578643799,RUNNING_PP
46.496742963790894,RUNNING_PP
46.57650136947632,RUNNING_PP
46.65617299079895,RUNNING_PP
46.73620915412903,RUNNING_PP
46.81692552566528,RUNNING_PP
46.89675521850586,RUNNING_PP
46.97626066207886,RUNNING_PP
47.056278705596924,RUNNING_PP
47.13644075393677,RUNNING_PP
47.21652007102966,RUNNING_PP
47.29648041725159,RUNNING_PP
47.37712287902832,RUNNING_PP
47.45773148536682,RUNNING_PP
47.53627061843872,RUNNING_PP
47.61703824996948,RUNNING_PP
47.69615411758423,RUNNING_PP
47.77659869194031,RUNNING_PP
47.85703682899475,RUNNING_PP
47.936407804489136,RUNNING_PP
48.016552448272705,RUNNING_PP
48.09611392021179,RUNNING_PP
48.17646670341492,RUNNING_PP
48.256996393203735,RUNNING_PP
48.336623430252075,RUNNING_PP
48.41664171218872,RUNNING_PP
48.49639129638672,RUNNING_PP
48.576449394226074,RUNNING_PP
48.656543493270874,RUNNING_PP
48.73649048805237,RUNNING_PP
48.816386222839355,RUNNING_PP
48.89673948287964,RUNNING_PP
48.97650122642517,RUNNING_PP
49.05639338493347,RUNNING_PP
49.136412382125854,RUNNING_PP
49.21655988693237,RUNNING_PP
49.296260595321655,RUNNING_PP
49.3770854473114,RUNNING_PP
49.45635175704956,RUNNING_PP
49.53662061691284,RUNNING_PP
49.61631512641907,RUNNING_PP
49.69613242149353,RUNNING_PP
49.77667832374573,RUNNING_PP
49.8564248085022,RUNNING_PP
49.93660759925842,RUNNING_PP
50.01660370826721,RUNNING_PP
50.09656524658203,RUNNING_PP
50.176390647888184,RUNNING_PP
50.256439447402954,RUNNING_PP
50.33653283119202,RUNNING_PP
50.41649580001831,RUNNING_PP
50.49601411819458,RUNNING_PP
50.576369285583496,RUNNING_PP
50.65758991241455,RUNNING_PP
50.73646783828735,RUNNING_PP
50.81640124320984,RUNNING_PP
50.89634561538696,RUNNING_PP
50.976338148117065,RUNNING_PP
51.05640959739685,RUNNING_PP
51.13658857345581,RUNNING_PP
51.216469287872314,RUNNING_PP
51.29606032371521,RUNNING_PP
51.376333713531494,RUNNING_PP
51.456568479537964,RUNNING_PP
51.53634190559387,RUNNING_PP
51.616743326187134,RUNNING_PP
51.69765067100525,RUNNING_PP
51.77631974220276,RUNNING_PP
51.856255292892456,RUNNING_PP
51.93657827377319,RUNNING_PP
52.01636815071106,RUNNING_PP
52.09649729728699,RUNNING_PP
52.17624020576477,RUNNING_PP
52.25676107406616,RUNNING_PP
52.33651614189148,RUNNING_PP
52.41653060913086,RUNNING_PP
52.496134996414185,RUNNING_PP
52.57654070854187,RUNNING_PP
52.65625357627869,RUNNING_PP
52.73611927032471,RUNNING_PP
52.81616234779358,RUNNING_PP
52.89623475074768,RUNNING_PP
52.97668433189392,RUNNING_PP
53.05659461021423,RUNNING_PP
53.13701844215393,RUNNING_PP
53.21762013435364,RUNNING_PP
53.29638314247131,RUNNING_PP
53.37636923789978,RUNNING_PP
53.45634651184082,RUNNING_PP
53.538060426712036,RUNNING_PP
53.6164653301239,RUNNING_PP
53.696202754974365,RUNNING_PP
53.77633571624756,RUNNING_PP
53.85622525215149,RUNNING_PP
53.93633580207825,RUNNING_PP
54.01662468910217,RUNNING_PP
54.09743857383728,RUNNING_PP
54.176501750946045,RUNNING_PP
54.256255865097046,RUNNING_PP
54.33635640144348,RUNNING_PP
54.41622734069824,RUNNING_PP
54.49608397483826,RUNNING_PP
54.576255321502686,RUNNING_PP
54.656684160232544,RUNNING_PP
54.73630499839783,RUNNING_PP
54.81634283065796,RUNNING_PP
54.89617347717285,RUNNING_PP
54.97646880149841,RUNNING_PP
55.056296825408936,RUNNING_PP
55.13632392883301,RUNNING_PP
55.216184854507446,RUNNING_PP
55.29615020751953,RUNNING_PP
55.37659764289856,RUNNING_PP
55.4561653137207,RUNNING_PP
55.53632140159607,RUNNING_PP
55.616474628448486,RUNNING_PP
55.696242332458496,RUNNING_PP
55.77623915672302,RUNNING_PP
55.85610342025757,RUNNING_PP
55.936251163482666,RUNNING_PP
56.01624584197998,RUNNING_PP
56.096492767333984,RUNNING_PP
56.17639088630676,RUNNING_PP
56.25626516342163,RUNNING_PP
56.336106300354004,RUNNING_PP
56.417009353637695,RUNNING_PP
56.4962363243103,RUNNING_PP
56.57618951797485,RUNNING_PP
56.656195402145386,RUNNING_PP
56.73632025718689,RUNNING_PP
56.81645345687866,RUNNING_PP
56.89598846435547,RUNNING_PP
56.97644543647766,RUNNING_PP
57.05613660812378,RUNNING_PP
57.13639688491821,RUNNING_PP
57.216368436813354,RUNNING_PP
57.29605507850647,RUNNING_PP
57.37629413604736,RUNNING_PP
57.45641112327576,RUNNING_PP
57.53603148460388,RUNNING_PP
57.61697340011597,RUNNING_PP
57.69598913192749,RUNNING_PP
57.77619743347168,RUNNING_PP
57.85634994506836,RUNNING_PP
57.936145544052124,RUNNING_PP
58.016905784606934,RUNNING_PP
58.09679579734802,RUNNING_PP
58.176265239715576,RUNNING_PP
58.25639724731445,RUNNING_PP
58.33621788024902,RUNNING_PP
58.41667294502258,RUNNING_PP
58.49669146537781,RUNNING_PP
58.57611560821533,RUNNING_PP
58.65651726722717,RUNNING_PP
58.73662328720093,RUNNING_PP
58.81649923324585,RUNNING_PP
58.896793842315674,RUNNING_PP
58.9761643409729,RUNNING_PP
59.056132078170776,RUNNING_PP
59.1363091468811,RUNNING_PP
59.21630644798279,RUNNING_PP
59.296138286590576,RUNNING_PP
59.376243352890015,RUNNING_PP
59.45668077468872,RUNNING_PP
59.53624892234802,RUNNING_PP
59.616676807403564,RUNNING_PP
59.69621014595032,RUNNING_PP
59.77643156051636,RUNNING_PP
59.8563334941864,RUNNING_PP
59.93670129776001,RUNNING_PP
60.016422510147095,RUNNING_PP
60.096227407455444,RUNNING_PP
60.17797350883484,RUNNING_PP
60.2563111782074,RUNNING_PP
60.33623719215393,RUNNING_PP
60.41687846183777,RUNNING_PP
60.496570348739624,RUNNING_PP
60.57623839378357,RUNNING_PP
60.65631580352783,RUNNING_PP
60.73625087738037,RUNNING_PP
60.81646251678467,RUNNING_PP
60.89593052864075,RUNNING_PP
60.97627663612366,RUNNING_PP
61.05618071556091,RUNNING_PP
61.13664388656616,RUNNING_PP
61.216702461242676,RUNNING_PP
61.29606914520264,RUNNING_PP
61.37641787528992,RUNNING_PP
61.45640254020691,RUNNING_PP
61.53620791435242,RUNNING_PP
61.61620783805847,RUNNING_PP
61.696176528930664,RUNNING_PP
61.77648210525513,RUNNING_PP
61.85624670982361,RUNNING_PP
61.937472105026245,RUNNING_PP
62.01624035835266,RUNNING_PP
62.09743142127991,RUNNING_PP
62.176536321640015,RUNNING_PP
62.25627684593201,RUNNING_PP
62.33641219139099,RUNNING_PP
62.41623544692993,RUNNING_PP
62.49645233154297,RUNNING_PP
62.57619047164917,RUNNING_PP
62.65631055831909,RUNNING_PP
62.7364444732666,RUNNING_PP
62.81662082672119,RUNNING_PP
62.89600658416748,RUNNING_PP
62.97634506225586,RUNNING_PP
63.056323766708374,RUNNING_PP
63.13670468330383,RUNNING_PP
63.21675443649292,RUNNING_PP
63.296515464782715,RUNNING_PP
63.376431703567505,RUNNING_PP
63.45634317398071,RUNNING_PP
63.53645849227905,RUNNING_PP
63.61637258529663,RUNNING_PP
63.69610404968262,RUNNING_PP
63.7761754989624,RUNNING_PP
63.856276750564575,RUNNING_PP
63.93634080886841,RUNNING_PP
64.01640677452087,RUNNING_PP
64.09618473052979,RUNNING_PP
64.1767692565918,RUNNING_PP
64.25638890266418,RUNNING_PP
64.33624410629272,RUNNING_PP
64.41700387001038,RUNNING_PP
64.49595832824707,RUNNING_PP
64.57614660263062,RUNNING_PP
64.65629172325134,RUNNING_PP
64.7363669872284,RUNNING_PP
64.81643414497375,RUNNING_PP
64.89602160453796,RUNNING_PP
64.97664165496826,RUNNING_PP
65.05657267570496,RUNNING_PP
65.13620090484619,RUNNING_PP
65.21618962287903,RUNNING_PP
65.29615831375122,RUNNING_PP
65.37736511230469,RUNNING_PP
65.45636105537415,RUNNING_PP
65.53616762161255,RUNNING_PP
65.61633324623108,RUNNING_PP
65.69608426094055,RUNNING_PP
65.77622032165527,RUNNING_PP
65.85638117790222,RUNNING_PP
65.93610835075378,RUNNING_PP
66.01669001579285,RUNNING_PP
66.09610390663147,RUNNING_PP
66.17633414268494,RUNNING_PP
66.25690293312073,RUNNING_PP
66.33630323410034,RUNNING_PP
66.41649150848389,RUNNING_PP
66.49648928642273,RUNNING_PP
66.57621455192566,RUNNING_PP
66.65655612945557,RUNNING_PP
66.73627781867981,RUNNING_PP
66.81621098518372,RUNNING_PP
66.89602971076965,RUNNING_PP
66.97636771202087,RUNNING_PP
67.05618238449097,RUNNING_PP
67.1365020275116,RUNNING_PP
67.2163987159729,RUNNING_PP
67.29604768753052,RUNNING_PP
67.37622022628784,RUNNING_PP
67.4566216468811,RUNNING_PP
67.5364830493927,RUNNING_PP
67.61624431610107,RUNNING_PP
67.69603061676025,RUNNING_PP
67.77633500099182,RUNNING_PP
67.85639834403992,RUNNING_PP
67.93623495101929,RUNNING_PP
68.01639795303345,RUNNING_PP
68.09624409675598,RUNNING_PP
68.17633867263794,RUNNING_PP
68.25622630119324,RUNNING_PP
68.33794808387756,RUNNING_PP
68.41615796089172,RUNNING_PP
68.49691343307495,RUNNING_PP
68.57623934745789,RUNNING_PP
68.65620994567871,RUNNING_PP
68.73627424240112,RUNNING_PP
68.8164484500885,RUNNING_PP
68.89643239974976,RUNNING_PP
68.97638940811157,RUNNING_PP
69.05637240409851,RUNNING_PP
69.13619995117188,RUNNING_PP
69.21726989746094,RUNNING_PP
69.29591536521912,RUNNING_PP
69.37626767158508,RUNNING_PP
69.45708870887756,RUNNING_PP
69.53628635406494,RUNNING_PP
69.6162371635437,RUNNING_PP
69.69641900062561,RUNNING_PP
69.7763979434967,RUNNING_PP
69.85622501373291,RUNNING_PP
69.93627738952637,RUNNING_PP
70.0163562297821,RUNNING_PP
70.09623646736145,RUNNING_PP
70.17682313919067,RUNNING_PP
70.25638008117676,RUNNING_PP
70.3362340927124,RUNNING_PP
70.41693449020386,RUNNING_PP
70.4959945678711,RUNNING_PP
70.57656359672546,RUNNING_PP
70.65665316581726,RUNNING_PP
70.73660182952881,RUNNING_PP
70.81735324859619,RUNNING_PP
70.89635396003723,RUNNING_PP
70.97622537612915,RUNNING_PP
71.05610537528992,RUNNING_PP
71.13636064529419,RUNNING_PP
71.21612286567688,RUNNING_PP
71.29602599143982,RUNNING_PP
71.37617039680481,RUNNING_PP
71.45634341239929,RUNNING_PP
71.53648376464844,RUNNING_PP
71.61981296539307,RUNNING_PP
71.69612169265747,RUNNING_PP
71.77614688873291,RUNNING_PP
71.85621428489685,RUNNING_PP
71.93642997741699,RUNNING_PP
72.01641154289246,RUNNING_PP
72.09665274620056,RUNNING_PP
72.17631578445435,RUNNING_PP
72.25668716430664,RUNNING_PP
72.3362295627594,RUNNING_PP
72.41610765457153,RUNNING_PP
72.49656534194946,RUNNING_PP
72.57659649848938,RUNNING_PP
72.65635871887207,RUNNING_PP
72.7362322807312,RUNNING_PP
72.81767868995667,RUNNING_PP
72.89603066444397,RUNNING_PP
72.97764921188354,RUNNING_PP
73.05643057823181,RUNNING_PP
73.13630318641663,RUNNING_PP
73.2162504196167,RUNNING_PP
73.29598140716553,RUNNING_PP
73.37630891799927,RUNNING_PP
73.45613598823547,RUNNING_PP
73.53625988960266,RUNNING_PP
73.61680030822754,RUNNING_PP
73.69613456726074,RUNNING_PP
73.77642297744751,RUNNING_PP
73.85624170303345,RUNNING_PP
73.93629145622253,RUNNING_PP
74.01668095588684,RUNNING_PP
74.09650158882141,RUNNING_PP
74.1762444972992,RUNNING_PP
74.25624251365662,RUNNING_PP
74.33608841896057,RUNNING_PP
74.41668963432312,RUNNING_PP
74.49596452713013,RUNNING_PP
74.57636404037476,RUNNING_PP
74.6566731929779,RUNNING_PP
74.7361810207367,RUNNING_PP
74.81635165214539,RUNNING_PP
74.89610052108765,RUNNING_PP
74.97637629508972,RUNNING_PP
75.05634546279907,RUNNING_PP
75.13621282577515,RUNNING_PP
75.21607542037964,RUNNING_PP
75.2963879108429,RUNNING_PP
75.37614679336548,RUNNING_PP
75.45616030693054,RUNNING_PP
75.5360939502716,RUNNING_PP
75.61636400222778,RUNNING_PP
75.69602012634277,RUNNING_PP
75.7762303352356,RUNNING_PP
75.85612392425537,RUNNING_PP
75.936030626297,RUNNING_PP
76.01607656478882,RUNNING_PP
76.09778499603271,RUNNING_PP
76.17625427246094,RUNNING_PP
76.2561891078949,RUNNING_PP
76.33625054359436,RUNNING_PP
76.41626405715942,RUNNING_PP
76.49648952484131,RUNNING_PP
76.57614779472351,RUNNING_PP
76.65625524520874,RUNNING_PP
76.7363965511322,RUNNING_PP
76.81652498245239,RUNNING_PP
76.89645957946777,RUNNING_PP
76.97628927230835,RUNNING_PP
77.0561261177063,RUNNING_PP
77.13617706298828,RUNNING_PP
77.21618509292603,RUNNING_PP
77.2960569858551,RUNNING_PP
77.37614011764526,RUNNING_PP
77.45605826377869,RUNNING_PP
77.53601694107056,RUNNING_PP
77.61617422103882,RUNNING_PP
77.69605016708374,RUNNING_PP
77.77631092071533,RUNNING_PP
77.8561372756958,RUNNING_PP
77.93611216545105,RUNNING_PP
78.01620745658875,RUNNING_PP
78.09613227844238,RUNNING_PP
78.17629981040955,RUNNING_PP
78.25623798370361,RUNNING_PP
78.33623695373535,RUNNING_PP
78.41615009307861,RUNNING_PP
78.49607229232788,RUNNING_PP
78.5761308670044,RUNNING_PP
78.65614676475525,RUNNING_PP
78.73707342147827,RUNNING_PP
78.81611895561218,RUNNING_PP
78.89614868164062,RUNNING_PP
78.97617387771606,RUNNING_PP
79.05630302429199,RUNNING_PP
79.13614463806152,RUNNING_PP
79.21637964248657,RUNNING_PP
79.29581832885742,RUNNING_PP
79.37629270553589,RUNNING_PP
79.45636081695557,RUNNING_PP
79.53616547584534,RUNNING_PP
79.61619257926941,RUNNING_PP
79.69644331932068,RUNNING_PP
79.77609610557556,RUNNING_PP
79.85616040229797,RUNNING_PP
79.93604469299316,RUNNING_PP
80.01649761199951,RUNNING_PP
80.09592628479004,RUNNING_PP
80.176025390625,RUNNING_PP
80.25603365898132,RUNNING_PP
80.33611512184143,RUNNING_PP
80.41615533828735,RUNNING_PP
80.49652218818665,RUNNING_PP
80.57647800445557,RUNNING_PP
80.65600490570068,RUNNING_PP
80.73622417449951,RUNNING_PP
80.816077709198,RUNNING_PP
80.89605903625488,RUNNING_PP
80.97597241401672,RUNNING_PP
81.05607628822327,RUNNING_PP
81.1362612247467,RUNNING_PP
81.21616053581238,RUNNING_PP
81.2960090637207,RUNNING_PP
81.3759696483612,RUNNING_PP
81.45603442192078,RUNNING_PP
81.5360655784607,RUNNING_PP
81.61658430099487,RUNNING_PP
81.69667673110962,RUNNING_PP
81.77604985237122,RUNNING_PP
81.85606265068054,RUNNING_PP
81.93605852127075,RUNNING_PP
82.01612901687622,RUNNING_PP
82.09594249725342,RUNNING_PP
82.1762228012085,RUNNING_PP
82.25637984275818,RUNNING_PP
82.33611726760864,RUNNING_PP
82.41600751876831,RUNNING_PP
82.49603748321533,RUNNING_PP
82.5768609046936,RUNNING_PP
82.65670871734619,RUNNING_PP
82.73602366447449,RUNNING_PP
82.81603837013245,RUNNING_PP
82.89595532417297,RUNNING_PP
82.9760856628418,RUNNING_PP
83.05615448951721,RUNNING_PP
83.13595652580261,RUNNING_PP
83.21613454818726,RUNNING_PP
83.29576444625854,RUNNING_PP
83.37661933898926,RUNNING_PP
83.45633721351624,RUNNING_PP
83.53598046302795,RUNNING_PP
83.61633086204529,RUNNING_PP
83.69580936431885,RUNNING_PP
83.77615213394165,RUNNING_PP
83.85603427886963,RUNNING_PP
83.93656373023987,RUNNING_PP
84.01638078689575,RUNNING_PP
84.09672331809998,RUNNING_PP
84.17696356773376,RUNNING_PP
84.25630497932434,RUNNING_PP
84.33677816390991,RUNNING_PP
84.41624212265015,RUNNING_PP
84.49617052078247,RUNNING_PP
84.57622981071472,RUNNING_PP
84.65621447563171,RUNNING_PP
84.73613953590393,RUNNING_PP
84.81690740585327,RUNNING_PP
84.89640784263611,RUNNING_PP
84.97604012489319,RUNNING_PP
85.05615210533142,RUNNING_PP
85.13637280464172,RUNNING_PP
85.2160153388977,RUNNING_PP
85.2959349155426,RUNNING_PP
85.37613558769226,RUNNING_PP
85.45639300346375,RUNNING_PP
85.53607058525085,RUNNING_PP
85.61620855331421,RUNNING_PP
85.69616556167603,RUNNING_PP
85.77626633644104,RUNNING_PP
85.85605812072754,RUNNING_PP
85.93614292144775,RUNNING_PP
86.01596069335938,RUNNING_PP
86.09581995010376,RUNNING_PP
86.17619848251343,RUNNING_PP
86.255943775177,RUNNING_PP
86.33595871925354,RUNNING_PP
86.41626071929932,RUNNING_PP
86.4964234828949,RUNNING_PP
86.57595992088318,RUNNING_PP
86.65634155273438,RUNNING_PP
86.73603534698486,RUNNING_PP
86.8162784576416,RUNNING_PP
86.89579653739929,RUNNING_PP
86.97595357894897,RUNNING_PP
87.055979013443,RUNNING_PP
87.13611245155334,RUNNING_PP
87.21690368652344,RUNNING_PP
87.29596877098083,RUNNING_PP
87.37613821029663,RUNNING_PP
87.45610189437866,RUNNING_PP
87.53623747825623,RUNNING_PP
87.61684727668762,RUNNING_PP
87.6960244178772,RUNNING_PP
87.77629661560059,RUNNING_PP
87.8562445640564,RUNNING_PP
87.93634748458862,RUNNING_PP
88.01601219177246,RUNNING_PP
88.09595251083374,RUNNING_PP
88.17615938186646,RUNNING_PP
88.25680780410767,RUNNING_PP
88.33605790138245,RUNNING_PP
88.41607308387756,RUNNING_PP
88.49633431434631,RUNNING_PP
88.57611775398254,RUNNING_PP
88.65603137016296,RUNNING_PP
88.7386314868927,RUNNING_PP
88.81628680229187,SWITCHING_TO_MPC
88.89650201797485,SWITCHING_TO_MPC
88.97652649879456,SWITCHING_TO_MPC
89.05615639686584,SWITCHING_TO_MPC
89.13627123832703,SWITCHING_TO_MPC
89.21612691879272,SWITCHING_TO_MPC
89.29616165161133,SWITCHING_TO_MPC
89.37625765800476,SWITCHING_TO_MPC
89.45593094825745,SWITCHING_TO_MPC
89.53626275062561,SWITCHING_TO_MPC
89.61629462242126,SWITCHING_TO_MPC
89.69626092910767,SWITCHING_TO_MPC
89.77637887001038,RUNNING_MPC
89.85590934753418,RUNNING_MPC
89.9363386631012,RUNNING_MPC
90.01617574691772,RUNNING_MPC
90.0957703590393,RUNNING_MPC
90.17590236663818,RUNNING_MPC
90.25603675842285,RUNNING_MPC
90.33615255355835,RUNNING_MPC
90.4158353805542,RUNNING_MPC
90.4958803653717,RUNNING_MPC
90.57608580589294,RUNNING_MPC
90.65584969520569,RUNNING_MPC
90.73591208457947,RUNNING_MPC
90.81596302986145,RUNNING_MPC
90.89597511291504,RUNNING_MPC
90.97623467445374,RUNNING_MPC
91.05600118637085,RUNNING_MPC
91.13594484329224,RUNNING_MPC
91.21602725982666,RUNNING_MPC
91.29608988761902,RUNNING_MPC
91.37599873542786,RUNNING_MPC
91.4558036327362,RUNNING_MPC
91.53588604927063,RUNNING_MPC
91.61595273017883,RUNNING_MPC
91.69578289985657,RUNNING_MPC
91.77604699134827,RUNNING_MPC
91.85583901405334,RUNNING_MPC
91.93600654602051,RUNNING_MPC
92.01594018936157,RUNNING_MPC
92.09634900093079,RUNNING_MPC
92.1761531829834,RUNNING_MPC
92.25585126876831,RUNNING_MPC
92.33600974082947,RUNNING_MPC
92.41602945327759,RUNNING_MPC
92.49567604064941,RUNNING_MPC
92.57609176635742,RUNNING_MPC
92.65587663650513,RUNNING_MPC
92.73615002632141,RUNNING_MPC
92.81597399711609,RUNNING_MPC
92.8956549167633,RUNNING_MPC
92.97598195075989,RUNNING_MPC
93.0559732913971,RUNNING_MPC
93.13619303703308,RUNNING_MPC
93.2161386013031,RUNNING_MPC
93.29577302932739,RUNNING_MPC
93.37649726867676,RUNNING_MPC
93.4559895992279,RUNNING_MPC
93.53609609603882,RUNNING_MPC
93.61593246459961,RUNNING_MPC
93.69565677642822,RUNNING_MPC
93.77665591239929,RUNNING_MPC
93.8558759689331,RUNNING_MPC
93.9358217716217,RUNNING_MPC
94.01592683792114,RUNNING_MPC
94.09597301483154,RUNNING_MPC
94.17610692977905,RUNNING_MPC
94.25610280036926,RUNNING_MPC
94.33596587181091,RUNNING_MPC
94.41640973091125,RUNNING_MPC
94.49639821052551,RUNNING_MPC
94.57596755027771,RUNNING_MPC
94.65630722045898,RUNNING_MPC
94.73600435256958,RUNNING_MPC
94.81590485572815,RUNNING_MPC
94.89631152153015,RUNNING_MPC
94.97603154182434,RUNNING_MPC
95.05631351470947,RUNNING_MPC
95.13588905334473,RUNNING_MPC
95.21597242355347,RUNNING_MPC
95.29566431045532,RUNNING_MPC
95.3760175704956,RUNNING_MPC
95.45590949058533,RUNNING_MPC
95.53584671020508,RUNNING_MPC
95.61593222618103,RUNNING_MPC
95.69582390785217,RUNNING_MPC
95.77581810951233,RUNNING_MPC
95.85585904121399,RUNNING_MPC
95.9362404346466,RUNNING_MPC
96.01608896255493,RUNNING_MPC
96.09593558311462,RUNNING_MPC
96.17591404914856,RUNNING_MPC
96.25585913658142,RUNNING_MPC
96.33577632904053,RUNNING_MPC
96.41593909263611,RUNNING_MPC
96.4960515499115,RUNNING_MPC
96.575998544693,RUNNING_MPC
96.65730285644531,RUNNING_MPC
96.73589563369751,RUNNING_MPC
96.81596040725708,RUNNING_MPC
96.89637017250061,RUNNING_MPC
96.97582197189331,RUNNING_MPC
97.05584692955017,RUNNING_MPC
97.13587689399719,RUNNING_MPC
97.21590518951416,RUNNING_MPC
97.29551792144775,RUNNING_MPC
97.37600922584534,RUNNING_MPC
97.45909523963928,RUNNING_MPC
97.53582882881165,RUNNING_MPC
97.6159520149231,RUNNING_MPC
97.6956946849823,RUNNING_MPC
97.77643728256226,RUNNING_MPC
97.8559820652008,RUNNING_MPC
97.93605899810791,RUNNING_MPC
98.0161337852478,RUNNING_MPC
98.09595060348511,RUNNING_MPC
98.17583346366882,RUNNING_MPC
98.25580167770386,RUNNING_MPC
98.33615231513977,RUNNING_MPC
98.41584014892578,RUNNING_MPC
98.4957275390625,RUNNING_MPC
98.57628726959229,RUNNING_MPC
98.65580081939697,RUNNING_MPC
98.736013174057,RUNNING_MPC
98.81681513786316,RUNNING_MPC
98.89574027061462,RUNNING_MPC
98.97588682174683,RUNNING_MPC
99.05579733848572,RUNNING_MPC
99.1357970237732,RUNNING_MPC
99.2159674167633,RUNNING_MPC
99.295649766922,RUNNING_MPC
99.37602400779724,RUNNING_MPC
99.455983877182,RUNNING_MPC
99.53641200065613,RUNNING_MPC
99.61568784713745,RUNNING_MPC
99.69625163078308,RUNNING_MPC
99.77589702606201,RUNNING_MPC
99.85578346252441,RUNNING_MPC
99.93570733070374,RUNNING_MPC
100.01588869094849,RUNNING_MPC
100.09714579582214,RUNNING_MPC
100.17631697654724,RUNNING_MPC
100.25592923164368,RUNNING_MPC
100.33577871322632,RUNNING_MPC
100.41582918167114,RUNNING_MPC
100.4957332611084,RUNNING_MPC
100.57582473754883,RUNNING_MPC
100.65584778785706,RUNNING_MPC
100.7366693019867,RUNNING_MPC
100.81594157218933,RUNNING_MPC
100.89564609527588,RUNNING_MPC
100.97615337371826,RUNNING_MPC
101.05592179298401,RUNNING_MPC
101.13584613800049,RUNNING_MPC
101.21592974662781,RUNNING_MPC
101.29549312591553,RUNNING_MPC
101.37596869468689,RUNNING_MPC
101.45581007003784,RUNNING_MPC
101.53596782684326,RUNNING_MPC
101.61583542823792,RUNNING_MPC
101.69649004936218,RUNNING_MPC
101.77594494819641,RUNNING_MPC
101.85601568222046,RUNNING_MPC
101.93593573570251,RUNNING_MPC
102.01747155189514,RUNNING_MPC
102.09616827964783,RUNNING_MPC
102.17609691619873,RUNNING_MPC
102.25586557388306,RUNNING_MPC
102.33587312698364,RUNNING_MPC
102.41595506668091,RUNNING_MPC
102.49561619758606,RUNNING_MPC
102.57583808898926,RUNNING_MPC
102.65622067451477,RUNNING_MPC
102.73579454421997,RUNNING_MPC
102.81586122512817,RUNNING_MPC
102.89576387405396,RUNNING_MPC
102.97694516181946,RUNNING_MPC
103.05590009689331,RUNNING_MPC
103.13578724861145,RUNNING_MPC
103.21596312522888,RUNNING_MPC
103.29566717147827,RUNNING_MPC
103.37579560279846,RUNNING_MPC
103.45584177970886,RUNNING_MPC
103.53647828102112,RUNNING_MPC
103.61585831642151,RUNNING_MPC
103.69556951522827,RUNNING_MPC
103.77604675292969,RUNNING_MPC
103.8558440208435,RUNNING_MPC
103.93589329719543,RUNNING_MPC
104.01576733589172,RUNNING_MPC
104.09560823440552,RUNNING_MPC
104.17593455314636,RUNNING_MPC
104.25579380989075,RUNNING_MPC
104.33614301681519,RUNNING_MPC
104.41589283943176,RUNNING_MPC
104.49599194526672,RUNNING_MPC
104.57576513290405,RUNNING_MPC
104.65581679344177,RUNNING_MPC
104.73602986335754,RUNNING_MPC
104.81616640090942,RUNNING_MPC
104.89606380462646,RUNNING_MPC
104.9759132862091,RUNNING_MPC
105.05579686164856,RUNNING_MPC
105.13588571548462,RUNNING_MPC
105.21582245826721,RUNNING_MPC
105.2958676815033,RUNNING_MPC
105.37622547149658,RUNNING_MPC
105.45582509040833,RUNNING_MPC
105.53568267822266,RUNNING_MPC
105.61579036712646,RUNNING_MPC
105.69550609588623,RUNNING_MPC
105.77592372894287,RUNNING_MPC
105.85586166381836,RUNNING_MPC
105.93582248687744,RUNNING_MPC
106.01653623580933,RUNNING_MPC
106.09570813179016,RUNNING_MPC
106.17652106285095,RUNNING_MPC
106.25566864013672,RUNNING_MPC
106.33622455596924,RUNNING_MPC
106.41631317138672,RUNNING_MPC
106.49605202674866,RUNNING_MPC
106.57600140571594,RUNNING_MPC
106.65578699111938,RUNNING_MPC
106.73574018478394,RUNNING_MPC
106.81646347045898,RUNNING_MPC
106.89560627937317,RUNNING_MPC
106.97589945793152,RUNNING_MPC
107.0556583404541,RUNNING_MPC
107.13571381568909,RUNNING_MPC
107.21596813201904,RUNNING_MPC
107.29562878608704,RUNNING_MPC
107.37579560279846,RUNNING_MPC
107.45563650131226,RUNNING_MPC
107.53581523895264,RUNNING_MPC
107.61577153205872,RUNNING_MPC
107.69612050056458,RUNNING_MPC
107.77582430839539,RUNNING_MPC
107.85575366020203,RUNNING_MPC
107.93576097488403,RUNNING_MPC
108.01740622520447,RUNNING_MPC
108.09562420845032,RUNNING_MPC
108.17602396011353,RUNNING_MPC
108.25571775436401,RUNNING_MPC
108.3358223438263,RUNNING_MPC
108.4160668849945,RUNNING_MPC
108.49553108215332,RUNNING_MPC
108.57585120201111,RUNNING_MPC
108.6557445526123,RUNNING_MPC
108.73575448989868,RUNNING_MPC
108.81595373153687,RUNNING_MPC
108.89590525627136,RUNNING_MPC
108.97632265090942,RUNNING_MPC
109.0556857585907,RUNNING_MPC
109.1358151435852,RUNNING_MPC
109.21593832969666,RUNNING_MPC
109.29581212997437,RUNNING_MPC
109.37593603134155,RUNNING_MPC
109.45579028129578,RUNNING_MPC
109.53571057319641,RUNNING_MPC
109.61578822135925,RUNNING_MPC
109.69566679000854,RUNNING_MPC
109.77633166313171,RUNNING_MPC
109.85585570335388,RUNNING_MPC
109.93571734428406,RUNNING_MPC
110.01583552360535,RUNNING_MPC
110.0959153175354,RUNNING_MPC
110.17637491226196,RUNNING_MPC
110.25593447685242,RUNNING_MPC
110.33649015426636,RUNNING_MPC
110.41592025756836,RUNNING_MPC
110.49549174308777,RUNNING_MPC
110.57585072517395,RUNNING_MPC
110.65577983856201,RUNNING_MPC
110.73580956459045,RUNNING_MPC
110.81583333015442,RUNNING_MPC
110.89571356773376,RUNNING_MPC
110.97582077980042,RUNNING_MPC
111.05558228492737,RUNNING_MPC
111.13568449020386,RUNNING_MPC
111.21580719947815,RUNNING_MPC
111.29559111595154,RUNNING_MPC
111.37588691711426,RUNNING_MPC
111.45587301254272,RUNNING_MPC
111.5358374118805,RUNNING_MPC
111.61561965942383,RUNNING_MPC
111.6955349445343,RUNNING_MPC
111.77679014205933,RUNNING_MPC
111.85576295852661,RUNNING_MPC
111.93578672409058,RUNNING_MPC
112.01578664779663,RUNNING_MPC
112.09601879119873,RUNNING_MPC
112.17566394805908,RUNNING_MPC
112.25576877593994,RUNNING_MPC
112.33564877510071,RUNNING_MPC
112.41592121124268,RUNNING_MPC
112.4956431388855,RUNNING_MPC
112.57616114616394,RUNNING_MPC
112.65590000152588,RUNNING_MPC
112.73574638366699,RUNNING_MPC
112.8160457611084,RUNNING_MPC
112.89552044868469,RUNNING_MPC
112.97566437721252,RUNNING_MPC
113.0555522441864,RUNNING_MPC
113.13590717315674,RUNNING_MPC
113.21614575386047,RUNNING_MPC
113.2954216003418,RUNNING_MPC
113.37567353248596,RUNNING_MPC
113.455810546875,RUNNING_MPC
113.5357735157013,RUNNING_MPC
113.6159782409668,RUNNING_MPC
113.69634437561035,RUNNING_MPC
113.77604794502258,RUNNING_MPC
113.85569715499878,RUNNING_MPC
113.9359290599823,RUNNING_MPC
114.0158965587616,RUNNING_MPC
114.09568309783936,RUNNING_MPC
114.17584490776062,RUNNING_MPC
114.25579047203064,RUNNING_MPC
114.33632493019104,RUNNING_MPC
114.41565370559692,RUNNING_MPC
114.49715948104858,RUNNING_MPC
114.57571697235107,RUNNING_MPC
114.65554904937744,RUNNING_MPC
114.73578882217407,RUNNING_MPC
114.81589078903198,RUNNING_MPC
114.89565777778625,RUNNING_MPC
114.97693490982056,RUNNING_MPC
115.05584287643433,RUNNING_MPC
115.13569235801697,RUNNING_MPC
115.21570491790771,RUNNING_MPC
115.29558515548706,RUNNING_MPC
115.37597560882568,RUNNING_MPC
115.45572710037231,RUNNING_MPC
115.53567409515381,RUNNING_MPC
115.61572933197021,RUNNING_MPC
115.69568848609924,RUNNING_MPC
115.77560353279114,RUNNING_MPC
115.85559678077698,RUNNING_MPC
115.93569564819336,RUNNING_MPC
116.01573181152344,RUNNING_MPC
116.09573364257812,RUNNING_MPC
116.17557048797607,RUNNING_MPC
116.25600075721741,RUNNING_MPC
116.33831143379211,RUNNING_MPC
116.41593217849731,RUNNING_MPC
116.4956591129303,RUNNING_MPC
116.5756447315216,RUNNING_MPC
116.65555500984192,RUNNING_MPC
116.73563194274902,RUNNING_MPC
116.81592869758606,RUNNING_MPC
116.89542746543884,RUNNING_MPC
116.97591423988342,RUNNING_MPC
117.05757331848145,RUNNING_MPC
117.13590550422668,RUNNING_MPC
117.21589183807373,RUNNING_MPC
117.29732894897461,RUNNING_MPC
117.37582349777222,RUNNING_MPC
117.4558675289154,RUNNING_MPC
117.53574657440186,RUNNING_MPC
117.61580300331116,RUNNING_MPC
117.69555020332336,RUNNING_MPC
117.77584719657898,RUNNING_MPC
117.85589075088501,RUNNING_MPC
117.93564128875732,RUNNING_MPC
118.01570773124695,RUNNING_MPC
118.09537625312805,RUNNING_MPC
118.17559862136841,RUNNING_MPC
118.25555658340454,RUNNING_MPC
118.33558559417725,RUNNING_MPC
118.41592240333557,RUNNING_MPC
118.49537324905396,RUNNING_MPC
118.57626581192017,RUNNING_MPC
118.65568852424622,RUNNING_MPC
118.73570251464844,RUNNING_MPC
118.81588959693909,RUNNING_MPC
118.89574003219604,RUNNING_MPC
118.9756031036377,RUNNING_MPC
119.05556392669678,RUNNING_MPC
119.13565421104431,RUNNING_MPC
119.21572995185852,RUNNING_MPC
119.29563331604004,RUNNING_MPC
119.37568402290344,RUNNING_MPC
119.4556348323822,RUNNING_MPC
119.53565907478333,RUNNING_MPC
119.6157534122467,RUNNING_MPC
119.69600915908813,RUNNING_MPC
119.77556443214417,RUNNING_MPC
119.85632300376892,RUNNING_MPC
119.93576383590698,RUNNING_MPC
120.01574444770813,RUNNING_MPC
120.0957384109497,RUNNING_MPC
120.17555928230286,RUNNING_MPC
120.2556004524231,RUNNING_MPC
120.33565855026245,RUNNING_MPC
120.41574621200562,RUNNING_MPC
120.49559235572815,RUNNING_MPC
120.5761923789978,RUNNING_MPC
120.65566515922546,RUNNING_MPC
120.73564982414246,RUNNING_MPC
120.81613540649414,RUNNING_MPC
120.89551162719727,RUNNING_MPC
120.97608757019043,RUNNING_MPC
121.0556571483612,RUNNING_MPC
121.13562512397766,RUNNING_MPC
121.21553444862366,RUNNING_MPC
121.29552245140076,RUNNING_MPC
121.37580561637878,RUNNING_MPC
121.4555892944336,RUNNING_MPC
121.5355372428894,RUNNING_MPC
121.61554265022278,RUNNING_MPC
121.69614577293396,RUNNING_MPC
121.77570652961731,RUNNING_MPC
121.85557055473328,RUNNING_MPC
121.93576145172119,RUNNING_MPC
122.0159239768982,RUNNING_MPC
122.0956163406372,RUNNING_MPC
122.17564582824707,RUNNING_MPC
122.25562477111816,RUNNING_MPC
122.33543944358826,RUNNING_MPC
122.4157600402832,RUNNING_MPC
122.4956624507904,RUNNING_MPC
122.57673144340515,RUNNING_MPC
122.6559329032898,RUNNING_MPC
122.73609614372253,RUNNING_MPC
122.81556439399719,RUNNING_MPC
122.8955512046814,RUNNING_MPC
122.97564458847046,RUNNING_MPC
123.05555009841919,RUNNING_MPC
123.13603353500366,RUNNING_MPC
123.21691274642944,RUNNING_MPC
123.29544138908386,RUNNING_MPC
123.37566828727722,RUNNING_MPC
123.45558834075928,RUNNING_MPC
123.53565287590027,RUNNING_MPC
123.6156268119812,RUNNING_MPC
123.69572329521179,RUNNING_MPC
123.77579808235168,RUNNING_MPC
123.85569357872009,RUNNING_MPC
123.93593835830688,RUNNING_MPC
124.01555919647217,RUNNING_MPC
124.09558081626892,RUNNING_MPC
124.17558288574219,RUNNING_MPC
124.2554862499237,RUNNING_MPC
124.33615064620972,RUNNING_MPC
124.41599607467651,RUNNING_MPC
124.49559378623962,RUNNING_MPC
124.57569742202759,RUNNING_MPC
124.6555540561676,RUNNING_MPC
124.7355604171753,RUNNING_MPC
124.81559205055237,RUNNING_MPC
124.89544534683228,RUNNING_MPC
124.97610664367676,RUNNING_MPC
125.05572533607483,RUNNING_MPC
125.13566851615906,RUNNING_MPC
125.21565580368042,RUNNING_MPC
125.29561734199524,RUNNING_MPC
125.3763313293457,RUNNING_MPC
125.45579504966736,RUNNING_MPC
125.53566837310791,RUNNING_MPC
125.61583185195923,RUNNING_MPC
125.69554495811462,RUNNING_MPC
125.7755970954895,RUNNING_MPC
125.85570621490479,RUNNING_MPC
125.93571996688843,RUNNING_MPC
126.01562142372131,RUNNING_MPC
126.09541821479797,RUNNING_MPC
126.17551755905151,RUNNING_MPC
126.25559115409851,RUNNING_MPC
126.33546233177185,RUNNING_MPC
126.41548752784729,RUNNING_MPC
126.49560785293579,RUNNING_MPC
126.57553386688232,RUNNING_MPC
126.65544652938843,RUNNING_MPC
126.73558378219604,RUNNING_MPC
126.8154845237732,RUNNING_MPC
126.89589762687683,RUNNING_MPC
126.976069688797,RUNNING_MPC
127.05571627616882,RUNNING_MPC
127.13565421104431,RUNNING_MPC
127.21573805809021,RUNNING_MPC
127.29542708396912,RUNNING_MPC
127.37571048736572,RUNNING_MPC
127.45666909217834,RUNNING_MPC
127.53573274612427,RUNNING_MPC
127.61614561080933,RUNNING_MPC
127.69571685791016,RUNNING_MPC
127.77799987792969,RUNNING_MPC
127.85553073883057,RUNNING_MPC
127.93633151054382,RUNNING_MPC
128.01648616790771,RUNNING_MPC
128.09546160697937,RUNNING_MPC
128.1760070323944,RUNNING_MPC
128.2555272579193,RUNNING_MPC
128.33554124832153,RUNNING_MPC
128.41566610336304,RUNNING_MPC
128.49556016921997,RUNNING_MPC
128.57549619674683,RUNNING_MPC
128.65560221672058,RUNNING_MPC
128.73554825782776,RUNNING_MPC
128.81562209129333,RUNNING_MPC
128.89547634124756,RUNNING_MPC
128.9759485721588,RUNNING_MPC
129.05551600456238,RUNNING_MPC
129.13588500022888,RUNNING_MPC
129.21634984016418,RUNNING_MPC
129.29533457756042,RUNNING_MPC
129.37548065185547,RUNNING_MPC
129.45557951927185,RUNNING_MPC
129.53571557998657,RUNNING_MPC
129.61554884910583,RUNNING_MPC
129.6952965259552,RUNNING_MPC
129.77561235427856,RUNNING_MPC
129.85543775558472,RUNNING_MPC
129.9354555606842,RUNNING_MPC
130.0153579711914,RUNNING_MPC
130.0952272415161,RUNNING_MPC
130.17558097839355,RUNNING_MPC
130.25648069381714,RUNNING_MPC
130.33583426475525,RUNNING_MPC
130.41553115844727,RUNNING_MPC
130.49532556533813,RUNNING_MPC
130.575749874115,RUNNING_MPC
130.6552929878235,RUNNING_MPC
130.73539876937866,RUNNING_MPC
130.81550359725952,RUNNING_MPC
130.89597630500793,RUNNING_MPC
130.97604537010193,RUNNING_MPC
131.0558590888977,RUNNING_MPC
131.13572335243225,RUNNING_MPC
131.21597123146057,RUNNING_MPC
131.295494556427,RUNNING_MPC
131.37536311149597,RUNNING_MPC
131.45552682876587,RUNNING_MPC
131.53554105758667,RUNNING_MPC
131.61560821533203,RUNNING_MPC
131.69524574279785,RUNNING_MPC
131.7755787372589,RUNNING_MPC
131.85568642616272,RUNNING_MPC
131.93559169769287,RUNNING_MPC
132.01558017730713,RUNNING_MPC
132.0955114364624,RUNNING_MPC
132.17793774604797,RUNNING_MPC
132.2571074962616,RUNNING_MPC
132.33553910255432,RUNNING_MPC
132.41688799858093,RUNNING_MPC
132.49571061134338,RUNNING_MPC
132.57548189163208,RUNNING_MPC
132.65563416481018,RUNNING_MPC
132.73560881614685,RUNNING_MPC
132.8153896331787,RUNNING_MPC
132.89565539360046,RUNNING_MPC
132.97539854049683,RUNNING_MPC
133.0555124282837,RUNNING_MPC
133.13617873191833,RUNNING_MPC
133.215660572052,RUNNING_MPC
133.29578948020935,RUNNING_MPC
133.3754801750183,RUNNING_MPC
133.4554886817932,RUNNING_MPC
133.53547072410583,RUNNING_MPC
133.61563754081726,RUNNING_MPC
133.69522309303284,RUNNING_MPC
133.7753779888153,RUNNING_MPC
133.85550665855408,RUNNING_MPC
133.93555402755737,RUNNING_MPC
134.01556134223938,RUNNING_MPC
134.0958595275879,RUNNING_MPC
134.17539238929749,RUNNING_MPC
134.25554585456848,RUNNING_MPC
134.33570885658264,RUNNING_MPC
134.41569542884827,RUNNING_MPC
134.495365858078,RUNNING_MPC
134.57560181617737,RUNNING_MPC
134.65553283691406,RUNNING_MPC
134.73531818389893,RUNNING_MPC
134.81576490402222,RUNNING_MPC
134.89568066596985,RUNNING_MPC
134.97550010681152,RUNNING_MPC
135.05546140670776,RUNNING_MPC
135.13527655601501,RUNNING_MPC
135.21576023101807,RUNNING_MPC
135.2953429222107,RUNNING_MPC
135.37544322013855,RUNNING_MPC
135.45545744895935,RUNNING_MPC
135.53561067581177,RUNNING_MPC
135.61578488349915,RUNNING_MPC
135.69518113136292,RUNNING_MPC
135.77531933784485,RUNNING_MPC
135.8555805683136,RUNNING_MPC
135.93551778793335,RUNNING_MPC
136.0155746936798,RUNNING_MPC
136.09523940086365,RUNNING_MPC
136.17560935020447,RUNNING_MPC
136.255375623703,RUNNING_MPC
136.33558416366577,RUNNING_MPC
136.41557669639587,RUNNING_MPC
136.4951686859131,RUNNING_MPC
136.5754590034485,RUNNING_MPC
136.6560447216034,RUNNING_MPC
136.73560762405396,RUNNING_MPC
136.81546258926392,RUNNING_MPC
136.8954930305481,RUNNING_MPC
136.97591638565063,RUNNING_MPC
137.0557861328125,RUNNING_MPC
137.13536095619202,RUNNING_MPC
137.2154200077057,RUNNING_MPC
137.29546284675598,RUNNING_MPC
137.3755977153778,RUNNING_MPC
137.45571851730347,RUNNING_MPC
137.535715341568,RUNNING_MPC
137.61563539505005,RUNNING_MPC
137.69530391693115,RUNNING_MPC
137.77544355392456,RUNNING_MPC
137.85559034347534,RUNNING_MPC
137.93859314918518,RUNNING_MPC
138.01542448997498,RUNNING_MPC
138.09522819519043,RUNNING_MPC
138.17695474624634,RUNNING_MPC
138.2554910182953,RUNNING_MPC
138.33559012413025,RUNNING_MPC
138.41534328460693,RUNNING_MPC
138.4953351020813,RUNNING_MPC
138.5756709575653,RUNNING_MPC
138.6554296016693,RUNNING_MPC
138.73551273345947,RUNNING_MPC
138.8156168460846,RUNNING_MPC
138.89537286758423,RUNNING_MPC
138.97545528411865,RUNNING_MPC
139.05560731887817,RUNNING_MPC
139.13537740707397,RUNNING_MPC
139.2153935432434,RUNNING_MPC
139.29544377326965,RUNNING_MPC
139.37529611587524,RUNNING_MPC
139.45540952682495,RUNNING_MPC
139.53538703918457,RUNNING_MPC
139.6154363155365,RUNNING_MPC
139.6960690021515,RUNNING_MPC
139.7761902809143,RUNNING_MPC
139.85546398162842,RUNNING_MPC
139.93541955947876,RUNNING_MPC
140.01547861099243,RUNNING_MPC
140.09555435180664,RUNNING_MPC
140.1754972934723,RUNNING_MPC
140.2553219795227,RUNNING_MPC
140.3354229927063,RUNNING_MPC
140.41551661491394,RUNNING_MPC
140.49532461166382,RUNNING_MPC
140.5754907131195,RUNNING_MPC
140.65563535690308,RUNNING_MPC
140.73542094230652,RUNNING_MPC
140.81549191474915,RUNNING_MPC
140.8951346874237,RUNNING_MPC
140.97893047332764,RUNNING_MPC
141.0570046901703,RUNNING_MPC
141.13612818717957,RUNNING_MPC
141.21911787986755,RUNNING_MPC
141.29534602165222,RUNNING_MPC
141.37535786628723,RUNNING_MPC
141.45557022094727,RUNNING_MPC
141.53547477722168,RUNNING_MPC
141.61588764190674,RUNNING_MPC
141.69551277160645,RUNNING_MPC
141.77532315254211,RUNNING_MPC
141.85550236701965,RUNNING_MPC
141.93548011779785,RUNNING_MPC
142.01570343971252,RUNNING_MPC
142.09650588035583,RUNNING_MPC
142.1753990650177,RUNNING_MPC
142.25573563575745,RUNNING_MPC
142.33539056777954,RUNNING_MPC
142.41533279418945,RUNNING_MPC
142.4950499534607,RUNNING_MPC
142.5759527683258,RUNNING_MPC
142.65559720993042,RUNNING_MPC
142.73533034324646,RUNNING_MPC
142.81543254852295,RUNNING_MPC
142.8954336643219,RUNNING_MPC
142.97562170028687,RUNNING_MPC
143.05560541152954,RUNNING_MPC
143.13548803329468,RUNNING_MPC
143.2153708934784,RUNNING_MPC
143.29510760307312,RUNNING_MPC
143.37540864944458,RUNNING_MPC
143.45527243614197,RUNNING_MPC
143.53545379638672,RUNNING_MPC
143.61538100242615,RUNNING_MPC
143.69543838500977,RUNNING_MPC
143.7753393650055,RUNNING_MPC
143.85519647598267,RUNNING_MPC
143.93532490730286,RUNNING_MPC
144.01554536819458,RUNNING_MPC
144.0950710773468,RUNNING_MPC
144.17536687850952,RUNNING_MPC
144.255375623703,RUNNING_MPC
144.33546423912048,RUNNING_MPC
144.41593074798584,RUNNING_MPC
144.4951343536377,RUNNING_MPC
144.57535982131958,RUNNING_MPC
144.6553008556366,RUNNING_MPC
144.73526573181152,RUNNING_MPC
144.81639885902405,RUNNING_MPC
144.89508748054504,RUNNING_MPC
144.97526335716248,RUNNING_MPC
145.0554358959198,RUNNING_MPC
145.13536930084229,RUNNING_MPC
145.21572017669678,RUNNING_MPC
145.29531264305115,RUNNING_MPC
145.37531805038452,RUNNING_MPC
145.45915246009827,RUNNING_MPC
145.5354518890381,RUNNING_MPC
145.61637949943542,RUNNING_MPC
145.695157289505,RUNNING_MPC
145.775949716568,RUNNING_MPC
145.85536217689514,RUNNING_MPC
145.93526816368103,RUNNING_MPC
146.015367269516,RUNNING_MPC
146.09519934654236,RUNNING_MPC
146.1756236553192,RUNNING_MPC
146.25547075271606,RUNNING_MPC
146.33533310890198,RUNNING_MPC
146.4154839515686,RUNNING_MPC
146.49513459205627,RUNNING_MPC
146.5759003162384,RUNNING_MPC
146.6555244922638,RUNNING_MPC
146.73545789718628,RUNNING_MPC
146.81530475616455,RUNNING_MPC
146.89540076255798,RUNNING_MPC
146.97620511054993,RUNNING_MPC
147.05547094345093,RUNNING_MPC
147.13543105125427,RUNNING_MPC
147.21567511558533,RUNNING_MPC
147.2957799434662,RUNNING_MPC
147.37535858154297,RUNNING_MPC
147.45555901527405,RUNNING_MPC
147.53562021255493,RUNNING_MPC
147.61530447006226,RUNNING_MPC
147.69505381584167,RUNNING_MPC
147.7754430770874,RUNNING_MPC
147.8556547164917,RUNNING_MPC
147.93532586097717,RUNNING_MPC
148.01556944847107,RUNNING_MPC
148.0955092906952,RUNNING_MPC
148.17549586296082,RUNNING_MPC
148.2553050518036,RUNNING_MPC
148.33578419685364,RUNNING_MPC
148.4154839515686,RUNNING_MPC
148.49519634246826,RUNNING_MPC
148.57532691955566,RUNNING_MPC
148.6558485031128,RUNNING_MPC
148.7352921962738,RUNNING_MPC
148.81540942192078,RUNNING_MPC
148.89522528648376,RUNNING_MPC
148.97536659240723,RUNNING_MPC
149.05529975891113,RUNNING_MPC
149.1355185508728,RUNNING_MPC
149.21644639968872,RUNNING_MPC
149.29523491859436,RUNNING_MPC
149.3755931854248,RUNNING_MPC
149.45547366142273,RUNNING_MPC
149.53533744812012,RUNNING_MPC
149.6156222820282,RUNNING_MPC
149.69538831710815,RUNNING_MPC
149.77542686462402,RUNNING_MPC
149.85574436187744,RUNNING_MPC
149.93537616729736,RUNNING_MPC
150.01556491851807,RUNNING_MPC
150.09512329101562,RUNNING_MPC
150.17534184455872,RUNNING_MPC
150.2552080154419,RUNNING_MPC
150.3352975845337,RUNNING_MPC
150.4154758453369,RUNNING_MPC
150.49544405937195,RUNNING_MPC
150.57530093193054,RUNNING_MPC
150.65523266792297,RUNNING_MPC
150.7352979183197,RUNNING_MPC
150.81552958488464,RUNNING_MPC
150.89512300491333,RUNNING_MPC
150.97537350654602,RUNNING_MPC
151.05526971817017,RUNNING_MPC
151.1353256702423,RUNNING_MPC
151.21543407440186,RUNNING_MPC
151.29530811309814,RUNNING_MPC
151.37527704238892,RUNNING_MPC
151.45544958114624,RUNNING_MPC
151.5353467464447,RUNNING_MPC
151.61541867256165,RUNNING_MPC
151.69525241851807,RUNNING_MPC
151.7753505706787,RUNNING_MPC
151.8556933403015,RUNNING_MPC
151.93543529510498,RUNNING_MPC
152.01564812660217,RUNNING_MPC
152.09534883499146,RUNNING_MPC
152.17548632621765,RUNNING_MPC
152.2553994655609,RUNNING_MPC
152.3351469039917,RUNNING_MPC
152.41538381576538,RUNNING_MPC
152.4950499534607,RUNNING_MPC
152.575270652771,RUNNING_MPC
152.65514469146729,RUNNING_MPC
152.73551034927368,RUNNING_MPC
152.8153533935547,RUNNING_MPC
152.89515662193298,RUNNING_MPC
152.9753773212433,RUNNING_MPC
153.05622553825378,RUNNING_MPC
153.13581705093384,RUNNING_MPC
153.21515607833862,RUNNING_MPC
153.29514479637146,RUNNING_MPC
153.3753218650818,RUNNING_MPC
153.4555025100708,RUNNING_MPC
153.5356457233429,RUNNING_MPC
153.61589121818542,RUNNING_MPC
153.69519090652466,RUNNING_MPC
153.77629017829895,RUNNING_MPC
153.85538291931152,RUNNING_MPC
153.93553042411804,RUNNING_MPC
154.0157835483551,RUNNING_MPC
154.0959084033966,RUNNING_MPC
154.17516422271729,RUNNING_MPC
154.25533413887024,RUNNING_MPC
154.3352756500244,RUNNING_MPC
154.41523027420044,RUNNING_MPC
154.49504709243774,RUNNING_MPC
154.575190782547,RUNNING_MPC
154.65518617630005,RUNNING_MPC
154.7351794242859,RUNNING_MPC
154.81522059440613,RUNNING_MPC
154.89525890350342,RUNNING_MPC
154.97531127929688,RUNNING_MPC
155.05523371696472,RUNNING_MPC
155.13551449775696,RUNNING_MPC
155.21527886390686,RUNNING_MPC
155.29503417015076,RUNNING_MPC
155.37541437149048,RUNNING_MPC
155.45677208900452,RUNNING_MPC
155.53517484664917,RUNNING_MPC
155.61533951759338,RUNNING_MPC
155.69507217407227,RUNNING_MPC
155.77523231506348,RUNNING_MPC
155.8554425239563,RUNNING_MPC
155.93530893325806,RUNNING_MPC
156.0153408050537,RUNNING_MPC
156.09514737129211,RUNNING_MPC
156.1753489971161,RUNNING_MPC
156.25523495674133,RUNNING_MPC
156.33533930778503,RUNNING_MPC
156.41530323028564,RUNNING_MPC
156.495135307312,RUNNING_MPC
156.5752351284027,RUNNING_MPC
156.65509867668152,RUNNING_MPC
156.73532605171204,RUNNING_MPC
156.8152620792389,RUNNING_MPC
156.89520144462585,RUNNING_MPC
156.9775311946869,RUNNING_MPC
157.0553262233734,RUNNING_MPC
157.13532972335815,RUNNING_MPC
157.21518206596375,RUNNING_MPC
157.29511332511902,RUNNING_MPC
157.37512350082397,RUNNING_MPC
157.4553680419922,RUNNING_MPC
157.5368309020996,RUNNING_MPC
157.615886926651,RUNNING_MPC
157.6953158378601,RUNNING_MPC
157.77507710456848,RUNNING_MPC
157.8555338382721,RUNNING_MPC
157.93519067764282,RUNNING_MPC
158.01521158218384,RUNNING_MPC
158.0950689315796,RUNNING_MPC
158.1751844882965,RUNNING_MPC
158.25512099266052,RUNNING_MPC
158.33549904823303,RUNNING_MPC
158.415203332901,RUNNING_MPC
158.4951503276825,RUNNING_MPC
158.57533645629883,RUNNING_MPC
158.65512371063232,RUNNING_MPC
158.73529887199402,RUNNING_MPC
158.81736302375793,RUNNING_MPC
158.89518022537231,RUNNING_MPC
158.97516465187073,RUNNING_MPC
159.0552463531494,RUNNING_MPC
159.13568496704102,RUNNING_MPC
159.21581315994263,RUNNING_MPC
159.29527187347412,RUNNING_MPC
159.3752143383026,RUNNING_MPC
159.45508456230164,RUNNING_MPC
159.53537154197693,RUNNING_MPC
159.6151568889618,RUNNING_MPC
159.69516706466675,RUNNING_MPC
159.7754204273224,RUNNING_MPC
159.85521006584167,RUNNING_MPC
159.93516874313354,RUNNING_MPC
160.01596450805664,RUNNING_MPC
160.095698595047,RUNNING_MPC
160.17558193206787,RUNNING_MPC
160.25527596473694,RUNNING_MPC
160.33591842651367,RUNNING_MPC
160.4166338443756,RUNNING_MPC
160.49530220031738,RUNNING_MPC
160.57518196105957,RUNNING_MPC
160.65520572662354,RUNNING_MPC
160.73526215553284,RUNNING_MPC
160.8154330253601,RUNNING_MPC
160.8949282169342,RUNNING_MPC
160.9754672050476,RUNNING_MPC
161.05529141426086,RUNNING_MPC
161.13524913787842,RUNNING_MPC
161.2154576778412,RUNNING_MPC
161.29494667053223,RUNNING_MPC
161.375328540802,RUNNING_MPC
161.45560431480408,RUNNING_MPC
161.53533625602722,RUNNING_MPC
161.61512923240662,RUNNING_MPC
161.69511151313782,RUNNING_MPC
161.77540278434753,RUNNING_MPC
161.85520315170288,RUNNING_MPC
161.93494844436646,RUNNING_MPC
162.01565170288086,RUNNING_MPC
162.0950620174408,RUNNING_MPC
162.1754388809204,RUNNING_MPC
162.2553687095642,RUNNING_MPC
162.33526968955994,RUNNING_MPC
162.41537261009216,RUNNING_MPC
162.4955382347107,RUNNING_MPC
162.575670003891,RUNNING_MPC
162.65626573562622,RUNNING_MPC
162.73544335365295,RUNNING_MPC
162.81530380249023,RUNNING_MPC
162.89504671096802,RUNNING_MPC
162.9755403995514,RUNNING_MPC
163.05508708953857,RUNNING_MPC
163.13563060760498,RUNNING_MPC
163.2151391506195,RUNNING_MPC
163.29516768455505,RUNNING_MPC
163.37513494491577,RUNNING_MPC
163.4551603794098,RUNNING_MPC
163.5352156162262,RUNNING_MPC
163.6151580810547,RUNNING_MPC
163.69529056549072,RUNNING_MPC
163.77524590492249,RUNNING_MPC
163.85556197166443,RUNNING_MPC
163.93525052070618,RUNNING_MPC
164.01567769050598,RUNNING_MPC
164.09507942199707,RUNNING_MPC
164.17510795593262,RUNNING_MPC
164.25507616996765,RUNNING_MPC
164.33512496948242,RUNNING_MPC
164.41518425941467,RUNNING_MPC
164.4950716495514,RUNNING_MPC
164.57558608055115,RUNNING_MPC
164.6557273864746,RUNNING_MPC
164.73560094833374,RUNNING_MPC
164.81532192230225,RUNNING_MPC
164.895085811615,RUNNING_MPC
164.97566103935242,RUNNING_MPC
165.05517864227295,RUNNING_MPC
165.13500833511353,RUNNING_MPC
165.2154881954193,RUNNING_MPC
165.2951066493988,RUNNING_MPC
165.37580585479736,RUNNING_MPC
165.45553016662598,RUNNING_MPC
165.53509044647217,RUNNING_MPC
165.61562371253967,RUNNING_MPC
165.6952862739563,RUNNING_MPC
165.77522730827332,RUNNING_MPC
165.85517239570618,RUNNING_MPC
165.93561267852783,RUNNING_MPC
166.01550340652466,RUNNING_MPC
166.09509134292603,RUNNING_MPC
166.17502069473267,RUNNING_MPC
166.25557732582092,RUNNING_MPC
166.3352255821228,RUNNING_MPC
166.41521859169006,RUNNING_MPC
166.4955768585205,RUNNING_MPC
166.5751941204071,RUNNING_MPC
166.655118227005,RUNNING_MPC
166.73520421981812,RUNNING_MPC
166.8152289390564,RUNNING_MPC
166.89503717422485,RUNNING_MPC
166.97530698776245,RUNNING_MPC
167.05516695976257,RUNNING_MPC
167.1350405216217,RUNNING_MPC
167.21496319770813,RUNNING_MPC
167.29510712623596,RUNNING_MPC
167.3749647140503,RUNNING_MPC
167.45504665374756,RUNNING_MPC
167.53649973869324,RUNNING_MPC
167.61525464057922,RUNNING_MPC
167.69483304023743,RUNNING_MPC
167.77532410621643,RUNNING_MPC
167.8563675880432,RUNNING_MPC
167.93513798713684,RUNNING_MPC
168.01498866081238,RUNNING_MPC
168.0949683189392,RUNNING_MPC
168.17524123191833,RUNNING_MPC
168.25518226623535,RUNNING_MPC
168.33548665046692,RUNNING_MPC
168.41589736938477,RUNNING_MPC
168.49484205245972,RUNNING_MPC
168.5751302242279,RUNNING_MPC
168.65506148338318,RUNNING_MPC
168.73525261878967,RUNNING_MPC
168.81522512435913,RUNNING_MPC
168.89518880844116,RUNNING_MPC
168.97522640228271,RUNNING_MPC
169.05529141426086,RUNNING_MPC
169.13566327095032,RUNNING_MPC
169.2150661945343,RUNNING_MPC
169.29486989974976,RUNNING_MPC
169.37513136863708,RUNNING_MPC
169.4551601409912,RUNNING_MPC
169.5352966785431,RUNNING_MPC
169.61644196510315,RUNNING_MPC
169.69564485549927,RUNNING_MPC
169.77507424354553,RUNNING_MPC
169.8551504611969,RUNNING_MPC
169.93521189689636,RUNNING_MPC
170.01505494117737,RUNNING_MPC
170.09531998634338,RUNNING_MPC
170.17520332336426,RUNNING_MPC
170.25529265403748,RUNNING_MPC
170.33534359931946,RUNNING_MPC
170.41543579101562,RUNNING_MPC
170.4952199459076,RUNNING_MPC
170.57524418830872,RUNNING_MPC
170.65534090995789,RUNNING_MPC
170.73525547981262,RUNNING_MPC
170.8152723312378,RUNNING_MPC
170.89530396461487,RUNNING_MPC
170.97502040863037,RUNNING_MPC
171.0549657344818,RUNNING_MPC
171.13539028167725,RUNNING_MPC
171.21504926681519,RUNNING_MPC
171.2951636314392,RUNNING_MPC
171.37526869773865,RUNNING_MPC
171.45500946044922,RUNNING_MPC
171.53501915931702,RUNNING_MPC
171.61541891098022,RUNNING_MPC
171.69508290290833,RUNNING_MPC
171.77544593811035,RUNNING_MPC
171.8550500869751,RUNNING_MPC
171.93508172035217,RUNNING_MPC
172.01500988006592,RUNNING_MPC
172.09477639198303,RUNNING_MPC
172.17498350143433,RUNNING_MPC
172.25485968589783,RUNNING_MPC
172.33509016036987,RUNNING_MPC
172.41543173789978,RUNNING_MPC
172.4949507713318,RUNNING_MPC
172.57539343833923,RUNNING_MPC
172.6548969745636,RUNNING_MPC
172.7350890636444,RUNNING_MPC
172.81498193740845,RUNNING_MPC
172.89485573768616,RUNNING_MPC
172.9750475883484,RUNNING_MPC
173.05475544929504,RUNNING_MPC
173.13497233390808,RUNNING_MPC
173.2150342464447,RUNNING_MPC
173.29507327079773,RUNNING_MPC
173.37503337860107,RUNNING_MPC
173.4549536705017,RUNNING_MPC
173.53507542610168,RUNNING_MPC
173.6154363155365,RUNNING_MPC
173.69539403915405,RUNNING_MPC
173.77519130706787,RUNNING_MPC
173.8550319671631,RUNNING_MPC
173.9348180294037,RUNNING_MPC
174.0150270462036,RUNNING_MPC
174.09497499465942,RUNNING_MPC
174.17493963241577,RUNNING_MPC
174.25515389442444,RUNNING_MPC
174.33507776260376,RUNNING_MPC
174.4149944782257,RUNNING_MPC
174.4951822757721,RUNNING_MPC
174.57488870620728,RUNNING_MPC
174.65543413162231,RUNNING_MPC
174.7350902557373,RUNNING_MPC
174.8153955936432,RUNNING_MPC
174.8949761390686,RUNNING_MPC
174.97499346733093,RUNNING_MPC
175.0552430152893,RUNNING_MPC
175.13494682312012,RUNNING_MPC
175.2150616645813,RUNNING_MPC
175.2948648929596,RUNNING_MPC
175.37501764297485,RUNNING_MPC
175.45488858222961,RUNNING_MPC
175.53497552871704,RUNNING_MPC
175.6149730682373,RUNNING_MPC
175.6948881149292,RUNNING_MPC
175.774831533432,RUNNING_MPC
175.85486936569214,RUNNING_MPC
175.9350185394287,RUNNING_MPC
176.01501393318176,RUNNING_MPC
176.09489727020264,RUNNING_MPC
176.17493629455566,RUNNING_MPC
176.2548804283142,RUNNING_MPC
176.33499145507812,RUNNING_MPC
176.41535210609436,RUNNING_MPC
176.4948651790619,RUNNING_MPC
176.57675051689148,RUNNING_MPC
176.65501928329468,RUNNING_MPC
176.7350935935974,RUNNING_MPC
176.81500673294067,RUNNING_MPC
176.89495539665222,RUNNING_MPC
176.97480630874634,RUNNING_MPC
177.05486750602722,RUNNING_MPC
177.1350061893463,RUNNING_MPC
177.21503949165344,RUNNING_MPC
177.29475593566895,RUNNING_MPC
177.37494158744812,RUNNING_MPC
177.4549343585968,RUNNING_MPC
177.53500938415527,RUNNING_MPC
177.614985704422,RUNNING_MPC
177.6949121952057,RUNNING_MPC
177.77487087249756,RUNNING_MPC
177.85506224632263,RUNNING_MPC
177.93553161621094,RUNNING_MPC
178.01511406898499,RUNNING_MPC
178.0946843624115,RUNNING_MPC
178.1751265525818,RUNNING_MPC
178.25493955612183,RUNNING_MPC
178.33489990234375,RUNNING_MPC
178.4148678779602,RUNNING_MPC
178.49476742744446,RUNNING_MPC
178.57482719421387,RUNNING_MPC
178.65544819831848,RUNNING_MPC
178.73532032966614,RUNNING_MPC
178.8151466846466,RUNNING_MPC
178.89509439468384,RUNNING_MPC
178.97500467300415,RUNNING_MPC
179.05506134033203,RUNNING_MPC
179.13483810424805,RUNNING_MPC
179.21528601646423,RUNNING_MPC
179.2950234413147,RUNNING_MPC
179.37502336502075,RUNNING_MPC
179.45499777793884,RUNNING_MPC
179.53497648239136,RUNNING_MPC
179.61507034301758,RUNNING_MPC
179.69502186775208,RUNNING_MPC
179.77546763420105,RUNNING_MPC
179.85576343536377,RUNNING_MPC
179.93487071990967,RUNNING_MPC
180.01498317718506,RUNNING_MPC
180.09507822990417,RUNNING_MPC
180.17487621307373,RUNNING_MPC
180.25502252578735,RUNNING_MPC
180.33500909805298,RUNNING_MPC
180.4148826599121,RUNNING_MPC
180.49490809440613,RUNNING_MPC
180.57482266426086,RUNNING_MPC
180.65480589866638,RUNNING_MPC
180.7350914478302,RUNNING_MPC
180.81499910354614,RUNNING_MPC
180.8953459262848,RUNNING_MPC
180.97490644454956,RUNNING_MPC
181.05494499206543,RUNNING_MPC
181.13493418693542,RUNNING_MPC
181.21499681472778,RUNNING_MPC
181.29483675956726,RUNNING_MPC
181.37502765655518,RUNNING_MPC
181.4548213481903,RUNNING_MPC
181.53491854667664,RUNNING_MPC
181.61491084098816,RUNNING_MPC
181.69460248947144,RUNNING_MPC
181.7748475074768,RUNNING_MPC
181.85492134094238,RUNNING_MPC
181.9348475933075,RUNNING_MPC
182.0148766040802,RUNNING_MPC
182.0945541858673,RUNNING_MPC
182.17489409446716,RUNNING_MPC
182.25530362129211,RUNNING_MPC
182.33485555648804,RUNNING_MPC
182.4153697490692,RUNNING_MPC
182.494722366333,RUNNING_MPC
182.57504987716675,RUNNING_MPC
182.65508008003235,RUNNING_MPC
182.73500800132751,RUNNING_MPC
182.8153030872345,RUNNING_MPC
182.89476227760315,RUNNING_MPC
182.97483038902283,RUNNING_MPC
183.05495929718018,RUNNING_MPC
183.1349470615387,RUNNING_MPC
183.21493363380432,RUNNING_MPC
183.2946412563324,RUNNING_MPC
183.3749659061432,RUNNING_MPC
183.4555025100708,RUNNING_MPC
183.53487038612366,RUNNING_MPC
183.61489009857178,RUNNING_MPC
183.69558954238892,RUNNING_MPC
183.77497553825378,RUNNING_MPC
183.85489463806152,RUNNING_MPC
183.93500971794128,RUNNING_MPC
184.01479506492615,RUNNING_MPC
184.09471940994263,RUNNING_MPC
184.17489099502563,RUNNING_MPC
184.25493502616882,RUNNING_MPC
184.3355357646942,RUNNING_MPC
184.41497206687927,RUNNING_MPC
184.49469661712646,RUNNING_MPC
184.57489490509033,RUNNING_MPC
184.65505957603455,RUNNING_MPC
184.73488473892212,RUNNING_MPC
184.8149812221527,RUNNING_MPC
184.89487433433533,RUNNING_MPC
184.97485184669495,RUNNING_MPC
185.054949760437,RUNNING_MPC
185.13487768173218,RUNNING_MPC
185.21493577957153,RUNNING_MPC
185.2945990562439,RUNNING_MPC
185.3747854232788,RUNNING_MPC
185.45493984222412,RUNNING_MPC
185.53486371040344,RUNNING_MPC
185.61495208740234,RUNNING_MPC
185.69480347633362,RUNNING_MPC
185.77504658699036,RUNNING_MPC
185.85478687286377,RUNNING_MPC
185.93473291397095,RUNNING_MPC
186.01513147354126,RUNNING_MPC
186.09465742111206,RUNNING_MPC
186.17493271827698,RUNNING_MPC
186.25507187843323,RUNNING_MPC
186.3349769115448,RUNNING_MPC
186.41487646102905,RUNNING_MPC
186.4945890903473,RUNNING_MPC
186.5747287273407,RUNNING_MPC
186.65516304969788,RUNNING_MPC
186.73505210876465,RUNNING_MPC
186.8148112297058,RUNNING_MPC
186.89490389823914,RUNNING_MPC
186.97502779960632,RUNNING_MPC
187.05487990379333,RUNNING_MPC
187.13492512702942,RUNNING_MPC
187.2149088382721,RUNNING_MPC
187.29510164260864,RUNNING_MPC
187.37519001960754,RUNNING_MPC
187.45494532585144,RUNNING_MPC
187.53485369682312,RUNNING_MPC
187.6149959564209,RUNNING_MPC
187.69458532333374,RUNNING_MPC
187.77486419677734,RUNNING_MPC
187.85472011566162,RUNNING_MPC
187.93470788002014,RUNNING_MPC
188.01513767242432,RUNNING_MPC
188.09466218948364,RUNNING_MPC
188.1749472618103,RUNNING_MPC
188.25487613677979,RUNNING_MPC
188.33490014076233,RUNNING_MPC
188.41484546661377,RUNNING_MPC
188.49495029449463,RUNNING_MPC
188.57489228248596,RUNNING_MPC
188.65542697906494,RUNNING_MPC
188.73481345176697,RUNNING_MPC
188.81494212150574,RUNNING_MPC
188.89490342140198,RUNNING_MPC
188.975426197052,RUNNING_MPC
189.05515432357788,RUNNING_MPC
189.1350040435791,RUNNING_MPC
189.2148633003235,RUNNING_MPC
189.29461479187012,RUNNING_MPC
189.37470197677612,RUNNING_MPC
189.45481204986572,RUNNING_MPC
189.5347137451172,RUNNING_MPC
189.6150360107422,RUNNING_MPC
189.69461154937744,RUNNING_MPC
189.77484822273254,RUNNING_MPC
189.8548185825348,RUNNING_MPC
189.93486857414246,RUNNING_MPC
190.01493453979492,RUNNING_MPC
190.0948703289032,RUNNING_MPC
190.17514395713806,RUNNING_MPC
190.25489449501038,RUNNING_MPC
190.33499264717102,RUNNING_MPC
190.4150514602661,RUNNING_MPC
190.49469184875488,RUNNING_MPC
190.5747480392456,RUNNING_MPC
190.65486931800842,RUNNING_MPC
190.73489809036255,RUNNING_MPC
190.81495308876038,RUNNING_MPC
190.89489459991455,RUNNING_MPC
190.97543597221375,RUNNING_MPC
191.05513906478882,RUNNING_MPC
191.13488864898682,RUNNING_MPC
191.21496510505676,RUNNING_MPC
191.29621028900146,RUNNING_MPC
191.3748881816864,RUNNING_MPC
191.455228805542,RUNNING_MPC
191.53553938865662,RUNNING_MPC
191.614999294281,RUNNING_MPC
191.69605374336243,RUNNING_MPC
191.77497839927673,RUNNING_MPC
191.85478162765503,RUNNING_MPC
191.93477416038513,RUNNING_MPC
192.0148525238037,RUNNING_MPC
192.09495735168457,RUNNING_MPC
192.17494177818298,RUNNING_MPC
192.25505375862122,RUNNING_MPC
192.33491492271423,RUNNING_MPC
192.41486263275146,RUNNING_MPC
192.49513912200928,RUNNING_MPC
192.57491612434387,RUNNING_MPC
192.65483140945435,RUNNING_MPC
192.7347514629364,RUNNING_MPC
192.8149871826172,RUNNING_MPC
192.8947615623474,RUNNING_MPC
192.97486066818237,RUNNING_MPC
193.05474710464478,RUNNING_MPC
193.1348316669464,RUNNING_MPC
193.21477913856506,RUNNING_MPC
193.29525327682495,RUNNING_MPC
193.3747501373291,RUNNING_MPC
193.45488452911377,RUNNING_MPC
193.5350375175476,RUNNING_MPC
193.61461734771729,RUNNING_MPC
193.6947271823883,RUNNING_MPC
193.77489638328552,RUNNING_MPC
193.85472869873047,RUNNING_MPC
193.93478059768677,RUNNING_MPC
194.01495885849,RUNNING_MPC
194.09451937675476,RUNNING_MPC
194.17483758926392,RUNNING_MPC
194.25481128692627,RUNNING_MPC
194.33473014831543,RUNNING_MPC
194.41547536849976,RUNNING_MPC
194.49526000022888,RUNNING_MPC
194.57476997375488,RUNNING_MPC
194.6547749042511,RUNNING_MPC
194.7357895374298,RUNNING_MPC
194.81478309631348,RUNNING_MPC
194.8950116634369,RUNNING_MPC
194.97483372688293,RUNNING_MPC
195.0545575618744,RUNNING_MPC
195.13486909866333,RUNNING_MPC
195.21494483947754,RUNNING_MPC
195.29501724243164,RUNNING_MPC
195.37493705749512,RUNNING_MPC
195.454829454422,RUNNING_MPC
195.5348925590515,RUNNING_MPC
195.61506533622742,RUNNING_MPC
195.6945629119873,RUNNING_MPC
195.77478790283203,RUNNING_MPC
195.85465598106384,RUNNING_MPC
195.93450045585632,RUNNING_MPC
196.01499843597412,RUNNING_MPC
196.09492802619934,RUNNING_MPC
196.17470288276672,RUNNING_MPC
196.2547311782837,RUNNING_MPC
196.33494019508362,RUNNING_MPC
196.4147756099701,RUNNING_MPC
196.4948079586029,RUNNING_MPC
196.57481169700623,RUNNING_MPC
196.65519332885742,RUNNING_MPC
196.7348701953888,RUNNING_MPC
196.8146595954895,RUNNING_MPC
196.8948302268982,RUNNING_MPC
196.9747724533081,RUNNING_MPC
197.05485081672668,RUNNING_MPC
197.13468098640442,RUNNING_MPC
197.21484088897705,RUNNING_MPC
197.2944884300232,RUNNING_MPC
197.37471437454224,RUNNING_MPC
197.4547824859619,RUNNING_MPC
197.5345799922943,RUNNING_MPC
197.61489272117615,RUNNING_MPC
197.694833278656,RUNNING_MPC
197.77489042282104,RUNNING_MPC
197.854647397995,RUNNING_MPC
197.93472528457642,RUNNING_MPC
198.01514983177185,RUNNING_MPC
198.09486436843872,RUNNING_MPC
198.17478942871094,RUNNING_MPC
198.2546136379242,RUNNING_MPC
198.33498215675354,RUNNING_MPC
198.41515922546387,RUNNING_MPC
198.49455547332764,RUNNING_MPC
198.57461738586426,RUNNING_MPC
198.65467524528503,RUNNING_MPC
198.73480010032654,RUNNING_MPC
198.8146035671234,RUNNING_MPC
198.894624710083,RUNNING_MPC
198.9747531414032,RUNNING_MPC
199.0547490119934,RUNNING_MPC
199.13463878631592,RUNNING_MPC
199.21480560302734,RUNNING_MPC
199.29461431503296,RUNNING_MPC
199.3747181892395,RUNNING_MPC
199.45480394363403,RUNNING_MPC
199.53477811813354,RUNNING_MPC
199.6147289276123,RUNNING_MPC
199.6947877407074,RUNNING_MPC
199.77462601661682,RUNNING_MPC
199.85479831695557,RUNNING_MPC
199.93469548225403,RUNNING_MPC
200.0147843360901,RUNNING_MPC
200.09482407569885,RUNNING_MPC
200.17469906806946,RUNNING_MPC
200.25498032569885,RUNNING_MPC
200.3346664905548,RUNNING_MPC
200.41479539871216,RUNNING_MPC
200.49508213996887,RUNNING_MPC
200.57473039627075,RUNNING_MPC
200.65468072891235,RUNNING_MPC
200.73482608795166,RUNNING_MPC
200.8146665096283,RUNNING_MPC
200.89464902877808,RUNNING_MPC
200.97463512420654,RUNNING_MPC
201.05467414855957,RUNNING_MPC
201.13475894927979,RUNNING_MPC
201.21480107307434,RUNNING_MPC
201.29596066474915,RUNNING_MPC
201.3745653629303,RUNNING_MPC
201.454740524292,RUNNING_MPC
201.53463339805603,RUNNING_MPC
201.61486053466797,RUNNING_MPC
201.69446277618408,RUNNING_MPC
201.7748601436615,RUNNING_MPC
201.85466861724854,RUNNING_MPC
201.93475604057312,RUNNING_MPC
202.01461791992188,RUNNING_MPC
202.09447765350342,RUNNING_MPC
202.17513179779053,RUNNING_MPC
202.25481367111206,RUNNING_MPC
202.33470940589905,RUNNING_MPC
202.41460299491882,RUNNING_MPC
202.49586534500122,RUNNING_MPC
202.57464122772217,RUNNING_MPC
202.65475416183472,RUNNING_MPC
202.7347218990326,RUNNING_MPC
202.81451725959778,RUNNING_MPC
202.8944845199585,RUNNING_MPC
202.97471380233765,RUNNING_MPC
203.05464553833008,RUNNING_MPC
203.13454174995422,RUNNING_MPC
203.21496057510376,RUNNING_MPC
203.29452061653137,RUNNING_MPC
203.37456607818604,RUNNING_MPC
203.45461583137512,RUNNING_MPC
203.5352761745453,RUNNING_MPC
203.61474013328552,RUNNING_MPC
203.69444751739502,RUNNING_MPC
203.77469277381897,RUNNING_MPC
203.854656457901,RUNNING_MPC
203.93463015556335,RUNNING_MPC
204.01461505889893,RUNNING_MPC
204.0945336818695,RUNNING_MPC
204.17456197738647,RUNNING_MPC
204.25451064109802,RUNNING_MPC
204.33466506004333,RUNNING_MPC
204.414733171463,RUNNING_MPC
204.49455428123474,RUNNING_MPC
204.57486033439636,RUNNING_MPC
204.65468835830688,RUNNING_MPC
204.73482489585876,RUNNING_MPC
204.81458163261414,RUNNING_MPC
204.89468240737915,RUNNING_MPC
204.97483921051025,RUNNING_MPC
205.05474996566772,RUNNING_MPC
205.13465356826782,RUNNING_MPC
205.21504426002502,RUNNING_MPC
205.2951376438141,RUNNING_MPC
205.37461924552917,RUNNING_MPC
205.45451641082764,RUNNING_MPC
205.53480672836304,RUNNING_MPC
205.61456727981567,RUNNING_MPC
205.69625115394592,RUNNING_MPC
205.77462911605835,RUNNING_MPC
205.85472178459167,RUNNING_MPC
205.9348340034485,RUNNING_MPC
206.01466250419617,RUNNING_MPC
206.09456706047058,RUNNING_MPC
206.17459774017334,RUNNING_MPC
206.25459909439087,RUNNING_MPC
206.33466291427612,RUNNING_MPC
206.41609048843384,RUNNING_MPC
206.49466705322266,RUNNING_MPC
206.57473015785217,RUNNING_MPC
206.65463256835938,RUNNING_MPC
206.73460841178894,RUNNING_MPC
206.81498432159424,RUNNING_MPC
206.89463806152344,RUNNING_MPC
206.97459149360657,RUNNING_MPC
207.05463004112244,RUNNING_MPC
207.13520979881287,RUNNING_MPC
207.21473383903503,RUNNING_MPC
207.2952721118927,RUNNING_MPC
207.3749074935913,RUNNING_MPC
207.45473551750183,RUNNING_MPC
207.53463411331177,RUNNING_MPC
207.61517119407654,RUNNING_MPC
207.69466829299927,RUNNING_MPC
207.7745156288147,RUNNING_MPC
207.854674577713,RUNNING_MPC
207.9346342086792,RUNNING_MPC
208.0145161151886,RUNNING_MPC
208.09449410438538,RUNNING_MPC
208.1746871471405,RUNNING_MPC
208.2545337677002,RUNNING_MPC
208.33473014831543,RUNNING_MPC
208.41454362869263,RUNNING_MPC
208.49460411071777,RUNNING_MPC
208.57660746574402,RUNNING_MPC
208.65479183197021,RUNNING_MPC
208.734472990036,RUNNING_MPC
208.81444096565247,RUNNING_MPC
208.8952338695526,RUNNING_MPC
208.97488117218018,RUNNING_MPC
209.0546839237213,RUNNING_MPC
209.13457560539246,RUNNING_MPC
209.21455812454224,RUNNING_MPC
209.29443454742432,RUNNING_MPC
209.37468314170837,RUNNING_MPC
209.4545304775238,RUNNING_MPC
209.5345778465271,RUNNING_MPC
209.61461186408997,RUNNING_MPC
209.69490694999695,RUNNING_MPC
209.77465963363647,RUNNING_MPC
209.8551802635193,RUNNING_MPC
209.93472480773926,RUNNING_MPC
210.0178940296173,RUNNING_MPC
210.09537029266357,RUNNING_MPC
210.17799544334412,RUNNING_MPC
210.25457382202148,RUNNING_MPC
210.33472657203674,RUNNING_MPC
210.41475343704224,RUNNING_MPC
210.49446988105774,RUNNING_MPC
210.5744571685791,RUNNING_MPC
210.6547372341156,RUNNING_MPC
210.73459696769714,RUNNING_MPC
210.81451201438904,RUNNING_MPC
210.89463353157043,RUNNING_MPC
210.97461128234863,RUNNING_MPC
211.05451774597168,RUNNING_MPC
211.13484263420105,RUNNING_MPC
211.21471333503723,RUNNING_MPC
211.29459166526794,RUNNING_MPC
211.37464952468872,RUNNING_MPC
211.4544370174408,RUNNING_MPC
211.53445744514465,RUNNING_MPC
211.61463165283203,RUNNING_MPC
211.69446182250977,RUNNING_MPC
211.77465200424194,RUNNING_MPC
211.854674577713,RUNNING_MPC
211.9347279071808,RUNNING_MPC
212.0145525932312,RUNNING_MPC
212.09473657608032,RUNNING_MPC
212.17467594146729,RUNNING_MPC
212.2545485496521,RUNNING_MPC
212.33479833602905,RUNNING_MPC
212.41471409797668,RUNNING_MPC
212.49476838111877,RUNNING_MPC
212.5745918750763,RUNNING_MPC
212.65458703041077,RUNNING_MPC
212.73478150367737,RUNNING_MPC
212.81460690498352,RUNNING_MPC
212.89468789100647,RUNNING_MPC
212.9745602607727,RUNNING_MPC
213.05465173721313,RUNNING_MPC
213.1345489025116,RUNNING_MPC
213.2146987915039,RUNNING_MPC
213.29463911056519,RUNNING_MPC
213.37456464767456,RUNNING_MPC
213.45463943481445,RUNNING_MPC
213.53442192077637,RUNNING_MPC
213.61466121673584,RUNNING_MPC
213.69439601898193,RUNNING_MPC
213.77455687522888,RUNNING_MPC
213.85499572753906,RUNNING_MPC
213.93445587158203,RUNNING_MPC
214.01511883735657,RUNNING_MPC
214.09446263313293,RUNNING_MPC
214.17478394508362,RUNNING_MPC
214.25462865829468,RUNNING_MPC
214.3346347808838,RUNNING_MPC
214.41496539115906,RUNNING_MPC
214.49423503875732,RUNNING_MPC
214.5748815536499,RUNNING_MPC
214.65460205078125,RUNNING_MPC
214.73516058921814,RUNNING_MPC
214.81484603881836,RUNNING_MPC
214.89486002922058,RUNNING_MPC
214.9744884967804,RUNNING_MPC
215.05453944206238,RUNNING_MPC
215.13508868217468,RUNNING_MPC
215.21452713012695,RUNNING_MPC
215.29471230506897,RUNNING_MPC
215.37477135658264,RUNNING_MPC
215.45467257499695,RUNNING_MPC
215.53465604782104,RUNNING_MPC
215.6146683692932,RUNNING_MPC
215.6944556236267,RUNNING_MPC
215.77484464645386,RUNNING_MPC
215.85479998588562,RUNNING_MPC
215.93445205688477,RUNNING_MPC
216.01470923423767,RUNNING_MPC
216.09473776817322,RUNNING_MPC
216.17453050613403,RUNNING_MPC
216.2545247077942,RUNNING_MPC
216.3345766067505,RUNNING_MPC
216.41458535194397,RUNNING_MPC
216.49428820610046,RUNNING_MPC
216.57480692863464,RUNNING_MPC
216.65465450286865,RUNNING_MPC
216.73453950881958,RUNNING_MPC
216.81464457511902,RUNNING_MPC
216.8945016860962,RUNNING_MPC
216.97461223602295,RUNNING_MPC
217.0547158718109,RUNNING_MPC
217.13454413414001,RUNNING_MPC
217.21469616889954,RUNNING_MPC
217.29442262649536,RUNNING_MPC
217.37482047080994,RUNNING_MPC
217.45462822914124,RUNNING_MPC
217.5349259376526,RUNNING_MPC
217.61449790000916,RUNNING_MPC
217.69437336921692,RUNNING_MPC
217.7744472026825,RUNNING_MPC
217.85464549064636,RUNNING_MPC
217.93450045585632,RUNNING_MPC
218.01451349258423,RUNNING_MPC
218.094420671463,RUNNING_MPC
218.1745204925537,RUNNING_MPC
218.25450539588928,RUNNING_MPC
218.3345718383789,RUNNING_MPC
218.4148223400116,RUNNING_MPC
218.49441003799438,RUNNING_MPC
218.5746111869812,RUNNING_MPC
218.65444231033325,RUNNING_MPC
218.73521375656128,RUNNING_MPC
218.81444144248962,RUNNING_MPC
218.8968858718872,RUNNING_MPC
218.9780044555664,RUNNING_MPC
219.05491375923157,RUNNING_MPC
219.1346673965454,RUNNING_MPC
219.21466708183289,RUNNING_MPC
219.29443287849426,RUNNING_MPC
219.37456154823303,RUNNING_MPC
219.45448756217957,RUNNING_MPC
219.53459334373474,RUNNING_MPC
219.61448764801025,RUNNING_MPC
219.69455003738403,RUNNING_MPC
219.77487659454346,RUNNING_MPC
219.85468864440918,RUNNING_MPC
219.93455147743225,RUNNING_MPC
220.0146198272705,RUNNING_MPC
220.0948269367218,RUNNING_MPC
220.1744306087494,RUNNING_MPC
220.25442218780518,RUNNING_MPC
220.3343813419342,RUNNING_MPC
220.41468572616577,RUNNING_MPC
220.49500012397766,RUNNING_MPC
220.57475638389587,RUNNING_MPC
220.65435981750488,RUNNING_MPC
220.73458528518677,RUNNING_MPC
220.81437730789185,RUNNING_MPC
220.89429688453674,RUNNING_MPC
220.97458505630493,RUNNING_MPC
221.05447125434875,RUNNING_MPC
221.13463521003723,RUNNING_MPC
221.21451783180237,RUNNING_MPC
221.29441618919373,RUNNING_MPC
221.3747968673706,RUNNING_MPC
221.45438981056213,RUNNING_MPC
221.53461575508118,RUNNING_MPC
221.61443781852722,RUNNING_MPC
221.69426703453064,RUNNING_MPC
221.7755482196808,RUNNING_MPC
221.85451984405518,RUNNING_MPC
221.93456625938416,RUNNING_MPC
222.01454329490662,RUNNING_MPC
222.094304561615,RUNNING_MPC
222.1744830608368,RUNNING_MPC
222.25451683998108,RUNNING_MPC
222.33462500572205,RUNNING_MPC
222.4144070148468,RUNNING_MPC
222.49471807479858,RUNNING_MPC
222.57455229759216,RUNNING_MPC
222.6544704437256,RUNNING_MPC
222.7345597743988,RUNNING_MPC
222.81446075439453,RUNNING_MPC
222.89443683624268,RUNNING_MPC
222.97443652153015,RUNNING_MPC
223.05497813224792,RUNNING_MPC
223.13449430465698,RUNNING_MPC
223.21449899673462,RUNNING_MPC
223.29440546035767,RUNNING_MPC
223.37602710723877,RUNNING_MPC
223.4544653892517,RUNNING_MPC
223.53784465789795,RUNNING_MPC
223.61717247962952,RUNNING_MPC
223.6950879096985,RUNNING_MPC
223.77445197105408,RUNNING_MPC
223.8545982837677,RUNNING_MPC
223.93439507484436,RUNNING_MPC
224.0146119594574,RUNNING_MPC
224.09430050849915,RUNNING_MPC
224.1743483543396,RUNNING_MPC
224.2546088695526,RUNNING_MPC
224.33446645736694,RUNNING_MPC
224.41457271575928,RUNNING_MPC
224.49450731277466,RUNNING_MPC
224.57444763183594,RUNNING_MPC
224.6544337272644,RUNNING_MPC
224.734375,RUNNING_MPC
224.81445121765137,RUNNING_MPC
224.8943202495575,RUNNING_MPC
224.97447657585144,RUNNING_MPC
225.05433344841003,RUNNING_MPC
225.13497924804688,RUNNING_MPC
225.21466755867004,RUNNING_MPC
225.29437637329102,RUNNING_MPC
225.37479305267334,RUNNING_MPC
225.45437240600586,RUNNING_MPC
225.53467226028442,RUNNING_MPC
225.61444878578186,RUNNING_MPC
225.69419407844543,RUNNING_MPC
225.77453136444092,RUNNING_MPC
225.85551691055298,RUNNING_MPC
225.934579372406,RUNNING_MPC
226.01450395584106,RUNNING_MPC
226.09447360038757,RUNNING_MPC
226.1744041442871,RUNNING_MPC
226.2545783519745,RUNNING_MPC
226.33475971221924,RUNNING_MPC
226.4144320487976,RUNNING_MPC
226.49438285827637,RUNNING_MPC
226.57499599456787,RUNNING_MPC
226.6550509929657,RUNNING_MPC
226.73461771011353,RUNNING_MPC
226.8150372505188,RUNNING_MPC
226.89414405822754,RUNNING_MPC
226.97437405586243,RUNNING_MPC
227.0543999671936,RUNNING_MPC
227.13484501838684,RUNNING_MPC
227.2145230770111,RUNNING_MPC
227.29436016082764,RUNNING_MPC
227.37465977668762,RUNNING_MPC
227.45457077026367,RUNNING_MPC
227.53459286689758,RUNNING_MPC
227.61454796791077,RUNNING_MPC
227.6943542957306,RUNNING_MPC
227.77515125274658,RUNNING_MPC
227.85531425476074,RUNNING_MPC
227.93594408035278,RUNNING_MPC
228.01905226707458,RUNNING_MPC
228.0948531627655,RUNNING_MPC
228.17496919631958,RUNNING_MPC
228.25435662269592,RUNNING_MPC
228.33440160751343,RUNNING_MPC
228.41451144218445,RUNNING_MPC
228.4943299293518,RUNNING_MPC
228.57517457008362,RUNNING_MPC
228.65446376800537,RUNNING_MPC
228.7343761920929,RUNNING_MPC
228.81487321853638,RUNNING_MPC
228.89443230628967,RUNNING_MPC
228.97503066062927,RUNNING_MPC
229.0544512271881,RUNNING_MPC
229.13461470603943,RUNNING_MPC
229.21445059776306,RUNNING_MPC
229.2946240901947,RUNNING_MPC
229.374591588974,RUNNING_MPC
229.45438694953918,RUNNING_MPC
229.5346987247467,RUNNING_MPC
229.61438179016113,RUNNING_MPC
229.69423174858093,RUNNING_MPC
229.77492141723633,RUNNING_MPC
229.85467267036438,RUNNING_MPC
229.93439936637878,RUNNING_MPC
230.01446557044983,RUNNING_MPC
230.09409260749817,RUNNING_MPC
230.17503786087036,RUNNING_MPC
230.25451827049255,RUNNING_MPC
230.33435153961182,RUNNING_MPC
230.41437220573425,RUNNING_MPC
230.49417996406555,RUNNING_MPC
230.57444214820862,RUNNING_MPC
230.65490317344666,RUNNING_MPC
230.73452925682068,RUNNING_MPC
230.8145546913147,RUNNING_MPC
230.89459443092346,RUNNING_MPC
230.97467470169067,RUNNING_MPC
231.05503749847412,RUNNING_MPC
231.1348419189453,RUNNING_MPC
231.2144274711609,RUNNING_MPC
231.29419684410095,RUNNING_MPC
231.3745198249817,RUNNING_MPC
231.45440030097961,RUNNING_MPC
231.53510570526123,RUNNING_MPC
231.61493754386902,RUNNING_MPC
231.6943883895874,RUNNING_MPC
231.77566361427307,RUNNING_MPC
231.85436749458313,RUNNING_MPC
231.93455410003662,RUNNING_MPC
232.01456093788147,RUNNING_MPC
232.09440803527832,RUNNING_MPC
232.17443919181824,RUNNING_MPC
232.25546598434448,RUNNING_MPC
232.33430123329163,RUNNING_MPC
232.41444206237793,RUNNING_MPC
232.49425768852234,RUNNING_MPC
232.57475185394287,RUNNING_MPC
232.65450143814087,RUNNING_MPC
232.73467755317688,RUNNING_MPC
232.81483435630798,RUNNING_MPC
232.89514541625977,RUNNING_MPC
232.97505402565002,RUNNING_MPC
233.05487871170044,RUNNING_MPC
233.13424468040466,RUNNING_MPC
233.2145025730133,RUNNING_MPC
233.29440474510193,RUNNING_MPC
233.37456703186035,RUNNING_MPC
233.4543342590332,RUNNING_MPC
233.5343677997589,RUNNING_MPC
233.61498856544495,RUNNING_MPC
233.69458651542664,RUNNING_MPC
233.77449488639832,RUNNING_MPC
233.85425925254822,RUNNING_MPC
233.9346263408661,RUNNING_MPC
234.01456904411316,RUNNING_MPC
234.0943102836609,RUNNING_MPC
234.17436861991882,RUNNING_MPC
234.25436568260193,RUNNING_MPC
234.3343062400818,RUNNING_MPC
234.41482019424438,RUNNING_MPC
234.49430441856384,RUNNING_MPC
234.57508182525635,RUNNING_MPC
234.65474796295166,RUNNING_MPC
234.73454594612122,RUNNING_MPC
234.81442189216614,RUNNING_MPC
234.8943440914154,RUNNING_MPC
234.9745512008667,RUNNING_MPC
235.05427312850952,RUNNING_MPC
235.13556909561157,RUNNING_MPC
235.21453619003296,RUNNING_MPC
235.2945327758789,RUNNING_MPC
235.37482690811157,RUNNING_MPC
235.45435070991516,RUNNING_MPC
235.53470540046692,RUNNING_MPC
235.61444234848022,RUNNING_MPC
235.6945698261261,RUNNING_MPC
235.77439403533936,RUNNING_MPC
235.8544716835022,RUNNING_MPC
235.93442845344543,RUNNING_MPC
236.01447319984436,RUNNING_MPC
236.09416890144348,RUNNING_MPC
236.17438745498657,RUNNING_MPC
236.25449657440186,RUNNING_MPC
236.33453011512756,RUNNING_MPC
236.4144561290741,RUNNING_MPC
236.49480628967285,RUNNING_MPC
236.57453751564026,RUNNING_MPC
236.6546471118927,RUNNING_MPC
236.73445439338684,RUNNING_MPC
236.81448364257812,RUNNING_MPC
236.89410161972046,RUNNING_MPC
236.97438502311707,RUNNING_MPC
237.05445170402527,RUNNING_MPC
237.13450622558594,RUNNING_MPC
237.21429109573364,RUNNING_MPC
237.2941608428955,RUNNING_MPC
237.3748767375946,RUNNING_MPC
237.45454096794128,RUNNING_MPC
237.53446340560913,RUNNING_MPC
237.61451125144958,RUNNING_MPC
237.69447684288025,RUNNING_MPC
237.77456307411194,RUNNING_MPC
237.85454440116882,RUNNING_MPC
237.93459701538086,RUNNING_MPC
238.01436114311218,RUNNING_MPC
238.09412908554077,RUNNING_MPC
238.17442536354065,RUNNING_MPC
238.25492811203003,RUNNING_MPC
238.33444237709045,RUNNING_MPC
238.4143807888031,RUNNING_MPC
238.4943721294403,RUNNING_MPC
238.57472467422485,RUNNING_MPC
238.65437412261963,RUNNING_MPC
238.73448586463928,RUNNING_MPC
238.81485795974731,RUNNING_MPC
238.89411807060242,RUNNING_MPC
238.97446417808533,RUNNING_MPC
239.0544731616974,RUNNING_MPC
239.13438844680786,RUNNING_MPC
239.2142460346222,RUNNING_MPC
239.29419779777527,RUNNING_MPC
239.37450170516968,RUNNING_MPC
239.45445489883423,RUNNING_MPC
239.53437495231628,RUNNING_MPC
239.61458897590637,RUNNING_MPC
239.6940746307373,RUNNING_MPC
239.77452611923218,RUNNING_MPC
239.8544363975525,RUNNING_MPC
239.9345281124115,RUNNING_MPC
240.01438641548157,RUNNING_MPC
240.0943067073822,RUNNING_MPC
240.1742241382599,RUNNING_MPC
240.25433588027954,RUNNING_MPC
240.33434462547302,RUNNING_MPC
240.41429352760315,RUNNING_MPC
240.49417662620544,RUNNING_MPC
240.5745711326599,RUNNING_MPC
240.65429544448853,RUNNING_MPC
240.73433566093445,RUNNING_MPC
240.8144862651825,RUNNING_MPC
240.89402174949646,RUNNING_MPC
240.97416281700134,RUNNING_MPC
241.05430698394775,RUNNING_MPC
241.13511657714844,RUNNING_MPC
241.2151906490326,RUNNING_MPC
241.29434084892273,RUNNING_MPC
241.37453031539917,RUNNING_MPC
241.4542670249939,RUNNING_MPC
241.5344693660736,RUNNING_MPC
241.61418390274048,RUNNING_MPC
241.6942093372345,RUNNING_MPC
241.77448678016663,RUNNING_MPC
241.8544135093689,RUNNING_MPC
241.93457555770874,RUNNING_MPC
242.0142138004303,RUNNING_MPC
242.09399890899658,RUNNING_MPC
242.17420148849487,RUNNING_MPC
242.25432586669922,RUNNING_MPC
242.33449578285217,RUNNING_MPC
242.41424679756165,RUNNING_MPC
242.49456000328064,RUNNING_MPC
242.57425999641418,RUNNING_MPC
242.65421795845032,RUNNING_MPC
242.73424768447876,RUNNING_MPC
242.81445598602295,RUNNING_MPC
242.8941330909729,RUNNING_MPC
242.97427535057068,RUNNING_MPC
243.05427074432373,RUNNING_MPC
243.13437676429749,RUNNING_MPC
243.2144410610199,RUNNING_MPC
243.29423308372498,RUNNING_MPC
243.3741979598999,RUNNING_MPC
243.45493745803833,RUNNING_MPC
243.53502202033997,RUNNING_MPC
243.61417937278748,RUNNING_MPC
243.6942458152771,RUNNING_MPC
243.77452063560486,RUNNING_MPC
243.85540866851807,RUNNING_MPC
243.9344458580017,RUNNING_MPC
244.01443123817444,RUNNING_MPC
244.09408926963806,RUNNING_MPC
244.17422437667847,RUNNING_MPC
244.25427532196045,RUNNING_MPC
244.33419275283813,RUNNING_MPC
244.41424989700317,RUNNING_MPC
244.49438858032227,RUNNING_MPC
244.57426285743713,RUNNING_MPC
244.65425944328308,RUNNING_MPC
244.73467659950256,RUNNING_MPC
244.81422519683838,RUNNING_MPC
244.89408016204834,RUNNING_MPC
244.97445964813232,RUNNING_MPC
245.0541832447052,RUNNING_MPC
245.13433027267456,RUNNING_MPC
245.21452689170837,RUNNING_MPC
245.2940936088562,RUNNING_MPC
245.37435126304626,RUNNING_MPC
245.45424151420593,RUNNING_MPC
245.5344636440277,RUNNING_MPC
245.61487698554993,RUNNING_MPC
245.69407200813293,RUNNING_MPC
245.7747404575348,RUNNING_MPC
245.85430145263672,RUNNING_MPC
245.93438124656677,RUNNING_MPC
246.01423621177673,RUNNING_MPC
246.09455609321594,RUNNING_MPC
246.1740641593933,RUNNING_MPC
246.25414323806763,RUNNING_MPC
246.3343644142151,RUNNING_MPC
246.41444301605225,RUNNING_MPC
246.494389295578,RUNNING_MPC
246.5741412639618,RUNNING_MPC
246.6543517112732,RUNNING_MPC
246.7345404624939,RUNNING_MPC
246.81419205665588,RUNNING_MPC
246.8943431377411,RUNNING_MPC
246.9742715358734,RUNNING_MPC
247.0541775226593,RUNNING_MPC
247.13423442840576,RUNNING_MPC
247.21485447883606,RUNNING_MPC
247.2940285205841,RUNNING_MPC
247.37443709373474,RUNNING_MPC
247.4542634487152,RUNNING_MPC
247.53415894508362,RUNNING_MPC
247.61422491073608,RUNNING_MPC
247.6947524547577,RUNNING_MPC
247.7742555141449,RUNNING_MPC
247.85425281524658,RUNNING_MPC
247.93422031402588,RUNNING_MPC
248.01431488990784,RUNNING_MPC
248.09426140785217,RUNNING_MPC
248.17436504364014,RUNNING_MPC
248.2543785572052,RUNNING_MPC
248.334321975708,RUNNING_MPC
248.41438961029053,RUNNING_MPC
248.49427771568298,RUNNING_MPC
248.5742597579956,RUNNING_MPC
248.65462493896484,RUNNING_MPC
248.7343397140503,RUNNING_MPC
248.81435775756836,RUNNING_MPC
248.8939642906189,RUNNING_MPC
248.97433257102966,RUNNING_MPC
249.0542528629303,RUNNING_MPC
249.13465809822083,RUNNING_MPC
249.21454191207886,RUNNING_MPC
249.29429364204407,RUNNING_MPC
249.37496280670166,RUNNING_MPC
249.45420026779175,RUNNING_MPC
249.53434920310974,RUNNING_MPC
249.61417174339294,RUNNING_MPC
249.69468116760254,RUNNING_MPC
249.7744221687317,RUNNING_MPC
249.8543357849121,RUNNING_MPC
249.93444442749023,RUNNING_MPC
250.01456212997437,RUNNING_MPC
250.0944468975067,RUNNING_MPC
250.17426800727844,RUNNING_MPC
250.25426816940308,RUNNING_MPC
250.3343381881714,RUNNING_MPC
250.41468405723572,RUNNING_MPC
250.49404883384705,RUNNING_MPC
250.57424116134644,RUNNING_MPC
250.65429186820984,RUNNING_MPC
250.7347810268402,RUNNING_MPC
250.81430006027222,RUNNING_MPC
250.89401531219482,RUNNING_MPC
250.97428727149963,RUNNING_MPC
251.05411100387573,RUNNING_MPC
251.13424372673035,RUNNING_MPC
251.21440291404724,RUNNING_MPC
251.294983625412,RUNNING_MPC
251.3742654323578,RUNNING_MPC
251.45406532287598,RUNNING_MPC
251.53415513038635,RUNNING_MPC
251.61476635932922,RUNNING_MPC
251.69432854652405,RUNNING_MPC
251.77447748184204,RUNNING_MPC
251.85465693473816,RUNNING_MPC
251.93414282798767,RUNNING_MPC
252.01411533355713,RUNNING_MPC
252.09406423568726,RUNNING_MPC
252.17453575134277,RUNNING_MPC
252.25417304039001,RUNNING_MPC
252.33446979522705,RUNNING_MPC
252.41448426246643,RUNNING_MPC
252.49399375915527,RUNNING_MPC
252.5743043422699,RUNNING_MPC
252.65437483787537,RUNNING_MPC
252.73477435112,RUNNING_MPC
252.81422448158264,RUNNING_MPC
252.89402079582214,RUNNING_MPC
252.97419810295105,RUNNING_MPC
253.05409026145935,RUNNING_MPC
253.13409185409546,RUNNING_MPC
253.2149510383606,RUNNING_MPC
253.29419374465942,RUNNING_MPC
253.3750138282776,RUNNING_MPC
253.4545874595642,RUNNING_MPC
253.53429245948792,RUNNING_MPC
253.61425828933716,RUNNING_MPC
253.6938202381134,RUNNING_MPC
253.77425742149353,RUNNING_MPC
253.85422778129578,RUNNING_MPC
253.9340431690216,RUNNING_MPC
254.014315366745,RUNNING_MPC
254.0944046974182,RUNNING_MPC
254.17433905601501,RUNNING_MPC
254.25408554077148,RUNNING_MPC
254.33419060707092,RUNNING_MPC
254.41458582878113,RUNNING_MPC
254.49480819702148,RUNNING_MPC
254.57433199882507,RUNNING_MPC
254.65421271324158,RUNNING_MPC
254.73481106758118,RUNNING_MPC
254.81435012817383,RUNNING_MPC
254.89388585090637,RUNNING_MPC
254.97427701950073,RUNNING_MPC
255.05484008789062,RUNNING_MPC
255.13419032096863,RUNNING_MPC
255.21426558494568,RUNNING_MPC
255.2945683002472,RUNNING_MPC
255.37420105934143,RUNNING_MPC
255.45415115356445,RUNNING_MPC
255.53424549102783,RUNNING_MPC
255.61409425735474,RUNNING_MPC
255.6940519809723,RUNNING_MPC
255.77414345741272,RUNNING_MPC
255.85418009757996,RUNNING_MPC
255.9342737197876,RUNNING_MPC
256.01414155960083,RUNNING_MPC
256.09471678733826,RUNNING_MPC
256.1742706298828,RUNNING_MPC
256.25413179397583,RUNNING_MPC
256.3342077732086,RUNNING_MPC
256.4141056537628,RUNNING_MPC
256.4940311908722,RUNNING_MPC
256.5743169784546,RUNNING_MPC
256.6540777683258,RUNNING_MPC
256.7339382171631,RUNNING_MPC
256.81399869918823,RUNNING_MPC
256.89397072792053,RUNNING_MPC
256.9742217063904,RUNNING_MPC
257.05387687683105,RUNNING_MPC
257.13415908813477,RUNNING_MPC
257.2141304016113,RUNNING_MPC
257.29381585121155,RUNNING_MPC
257.37421345710754,RUNNING_MPC
257.45411705970764,RUNNING_MPC
257.53396487236023,RUNNING_MPC
257.6151211261749,RUNNING_MPC
257.6937937736511,RUNNING_MPC
257.7746510505676,RUNNING_MPC
257.85429859161377,RUNNING_MPC
257.93440437316895,RUNNING_MPC
258.01514077186584,RUNNING_MPC
258.0945017337799,RUNNING_MPC
258.1746029853821,RUNNING_MPC
258.25406289100647,RUNNING_MPC
258.3339190483093,RUNNING_MPC
258.4145460128784,RUNNING_MPC
258.49409556388855,RUNNING_MPC
258.5741159915924,RUNNING_MPC
258.65403294563293,RUNNING_MPC
258.7339129447937,RUNNING_MPC
258.814414024353,RUNNING_MPC
258.8941111564636,RUNNING_MPC
258.97405433654785,RUNNING_MPC
259.05398440361023,RUNNING_MPC
259.1341390609741,RUNNING_MPC
259.21423292160034,RUNNING_MPC
259.2938406467438,RUNNING_MPC
259.37479639053345,RUNNING_MPC
259.4540615081787,RUNNING_MPC
259.53434562683105,RUNNING_MPC
259.61403799057007,RUNNING_MPC
259.69413590431213,RUNNING_MPC
259.7740275859833,RUNNING_MPC
259.85397815704346,RUNNING_MPC
259.93430519104004,RUNNING_MPC
260.0139639377594,RUNNING_MPC
260.09386587142944,RUNNING_MPC
260.17435002326965,RUNNING_MPC
260.25410747528076,RUNNING_MPC
260.33457374572754,RUNNING_MPC
260.414071559906,RUNNING_MPC
260.4939270019531,RUNNING_MPC
260.57406210899353,RUNNING_MPC
260.65398693084717,RUNNING_MPC
260.7342221736908,RUNNING_MPC
260.81399154663086,RUNNING_MPC
260.8939890861511,RUNNING_MPC
260.97425627708435,RUNNING_MPC
261.05405139923096,RUNNING_MPC
261.1340341567993,RUNNING_MPC
261.2141318321228,RUNNING_MPC
261.29395055770874,RUNNING_MPC
261.3740448951721,RUNNING_MPC
261.4539489746094,RUNNING_MPC
261.5340325832367,RUNNING_MPC
261.6139979362488,RUNNING_MPC
261.69376015663147,RUNNING_MPC
261.7739496231079,RUNNING_MPC
261.85412883758545,RUNNING_MPC
261.9339418411255,RUNNING_MPC
262.01416969299316,RUNNING_MPC
262.09414553642273,RUNNING_MPC
262.17411756515503,RUNNING_MPC
262.2540066242218,RUNNING_MPC
262.3340280056,RUNNING_MPC
262.41406989097595,RUNNING_MPC
262.4938917160034,RUNNING_MPC
262.57456707954407,RUNNING_MPC
262.6539740562439,RUNNING_MPC
262.73400020599365,RUNNING_MPC
262.8140661716461,RUNNING_MPC
262.8947219848633,RUNNING_MPC
262.97412109375,RUNNING_MPC
263.05479073524475,RUNNING_MPC
263.1339361667633,RUNNING_MPC
263.21405386924744,RUNNING_MPC
263.29384088516235,RUNNING_MPC
263.37450098991394,RUNNING_MPC
263.4538950920105,RUNNING_MPC
263.53412318229675,RUNNING_MPC
263.61390209198,RUNNING_MPC
263.6939170360565,RUNNING_MPC
263.7739670276642,RUNNING_MPC
263.8543014526367,RUNNING_MPC
263.93389797210693,RUNNING_MPC
264.013934135437,RUNNING_MPC
264.0939373970032,RUNNING_MPC
264.1741499900818,RUNNING_MPC
264.2539019584656,RUNNING_MPC
264.3338391780853,RUNNING_MPC
264.41444730758667,RUNNING_MPC
264.4937779903412,RUNNING_MPC
264.57427191734314,RUNNING_MPC
264.6543114185333,RUNNING_MPC
264.73408222198486,RUNNING_MPC
264.81413531303406,RUNNING_MPC
264.8942229747772,RUNNING_MPC
264.9740080833435,RUNNING_MPC
265.05435037612915,RUNNING_MPC
265.1344578266144,RUNNING_MPC
265.2139027118683,RUNNING_MPC
265.29393696784973,RUNNING_MPC
265.37417912483215,RUNNING_MPC
265.4540505409241,RUNNING_MPC
265.53403329849243,RUNNING_MPC
265.614013671875,RUNNING_MPC
265.6938033103943,RUNNING_MPC
265.77569794654846,RUNNING_MPC
265.8538279533386,RUNNING_MPC
265.93407678604126,RUNNING_MPC
266.0146789550781,RUNNING_MPC
266.09392786026,RUNNING_MPC
266.17394185066223,RUNNING_MPC
266.2540557384491,RUNNING_MPC
266.3340950012207,RUNNING_MPC
266.4140872955322,RUNNING_MPC
266.4938540458679,RUNNING_MPC
266.5739357471466,RUNNING_MPC
266.65395951271057,RUNNING_MPC
266.73402309417725,RUNNING_MPC
266.81394147872925,RUNNING_MPC
266.89391446113586,RUNNING_MPC
266.9738552570343,RUNNING_MPC
267.0536904335022,RUNNING_MPC
267.133873462677,RUNNING_MPC
267.21426367759705,RUNNING_MPC
267.29397988319397,RUNNING_MPC
267.3742425441742,RUNNING_MPC
267.45401883125305,RUNNING_MPC
267.5347261428833,RUNNING_MPC
267.6139545440674,RUNNING_MPC
267.6938135623932,RUNNING_MPC
267.7739055156708,RUNNING_MPC
267.85417652130127,RUNNING_MPC
267.93407559394836,RUNNING_MPC
268.01397609710693,RUNNING_MPC
268.09370279312134,RUNNING_MPC
268.1740679740906,RUNNING_MPC
268.2541620731354,RUNNING_MPC
268.33433508872986,RUNNING_MPC
268.4146292209625,RUNNING_MPC
268.49426102638245,RUNNING_MPC
268.5743980407715,RUNNING_MPC
268.6551401615143,RUNNING_MPC
268.7340497970581,RUNNING_MPC
268.81417989730835,RUNNING_MPC
268.894189119339,RUNNING_MPC
268.9743571281433,RUNNING_MPC
269.05456352233887,RUNNING_MPC
269.13405108451843,RUNNING_MPC
269.2139105796814,RUNNING_MPC
269.2937550544739,RUNNING_MPC
269.3740258216858,RUNNING_MPC
269.4543662071228,RUNNING_MPC
269.53397965431213,RUNNING_MPC
269.61400604248047,RUNNING_MPC
269.69380474090576,RUNNING_MPC
269.77445912361145,RUNNING_MPC
269.8540680408478,RUNNING_MPC
269.93403458595276,RUNNING_MPC
270.0140414237976,RUNNING_MPC
270.0936553478241,RUNNING_MPC
270.17404794692993,RUNNING_MPC
270.25426292419434,RUNNING_MPC
270.33412408828735,RUNNING_MPC
270.41426038742065,RUNNING_MPC
270.4936499595642,RUNNING_MPC
270.5742371082306,RUNNING_MPC
270.65394020080566,RUNNING_MPC
270.73401856422424,RUNNING_MPC
270.8139705657959,RUNNING_MPC
270.89384937286377,RUNNING_MPC
270.9739100933075,RUNNING_MPC
271.0539047718048,RUNNING_MPC
271.1341903209686,RUNNING_MPC
271.21423077583313,RUNNING_MPC
271.2940459251404,RUNNING_MPC
271.3744010925293,RUNNING_MPC
271.4538404941559,RUNNING_MPC
271.5343494415283,RUNNING_MPC
271.6139590740204,RUNNING_MPC
271.6939673423767,RUNNING_MPC
271.77401638031006,RUNNING_MPC
271.85399055480957,RUNNING_MPC
271.93387818336487,RUNNING_MPC
272.01408982276917,RUNNING_MPC
272.09370017051697,RUNNING_MPC
272.17385745048523,RUNNING_MPC
272.25421237945557,RUNNING_MPC
272.3341886997223,RUNNING_MPC
272.41456961631775,RUNNING_MPC
272.4938771724701,RUNNING_MPC
272.57412004470825,RUNNING_MPC
272.65420603752136,RUNNING_MPC
272.7339286804199,RUNNING_MPC
272.8142304420471,RUNNING_MPC
272.89374804496765,RUNNING_MPC
272.97411942481995,RUNNING_MPC
273.05387806892395,RUNNING_MPC
273.13391852378845,RUNNING_MPC
273.21447587013245,RUNNING_MPC
273.29368329048157,RUNNING_MPC
273.37392807006836,RUNNING_MPC
273.4541640281677,RUNNING_MPC
273.53429889678955,RUNNING_MPC
273.6147816181183,RUNNING_MPC
273.6940746307373,RUNNING_MPC
273.7739300727844,RUNNING_MPC
273.85389852523804,RUNNING_MPC
273.9341330528259,RUNNING_MPC
274.01389336586,RUNNING_MPC
274.0936827659607,RUNNING_MPC
274.17405366897583,RUNNING_MPC
274.2538604736328,RUNNING_MPC
274.33467292785645,RUNNING_MPC
274.4138984680176,RUNNING_MPC
274.4939126968384,RUNNING_MPC
274.57477140426636,RUNNING_MPC
274.6539816856384,RUNNING_MPC
274.73400926589966,RUNNING_MPC
274.81416511535645,RUNNING_MPC
274.89371395111084,RUNNING_MPC
274.97406673431396,RUNNING_MPC
275.05388832092285,RUNNING_MPC
275.13377380371094,RUNNING_MPC
275.2139902114868,RUNNING_MPC
275.2939169406891,RUNNING_MPC
275.3740653991699,RUNNING_MPC
275.4539487361908,RUNNING_MPC
275.53398299217224,RUNNING_MPC
275.61411690711975,RUNNING_MPC
275.69467520713806,RUNNING_MPC
275.7742636203766,RUNNING_MPC
275.8539023399353,RUNNING_MPC
275.934130191803,RUNNING_MPC
276.01391792297363,RUNNING_MPC
276.09373593330383,RUNNING_MPC
276.1740126609802,RUNNING_MPC
276.25400829315186,RUNNING_MPC
276.33413910865784,RUNNING_MPC
276.4144253730774,RUNNING_MPC
276.49383211135864,RUNNING_MPC
276.5739812850952,RUNNING_MPC
276.65421056747437,RUNNING_MPC
276.73396944999695,RUNNING_MPC
276.81392908096313,RUNNING_MPC
276.89368319511414,RUNNING_MPC
276.9742591381073,RUNNING_MPC
277.05374026298523,RUNNING_MPC
277.13411045074463,RUNNING_MPC
277.21379351615906,RUNNING_MPC
277.29463744163513,RUNNING_MPC
277.37427616119385,RUNNING_MPC
277.4538764953613,RUNNING_MPC
277.5338680744171,RUNNING_MPC
277.61414861679077,RUNNING_MPC
277.69402956962585,RUNNING_MPC
277.7739095687866,RUNNING_MPC
277.85392451286316,RUNNING_MPC
277.9340715408325,RUNNING_MPC
278.01390194892883,RUNNING_MPC
278.09382247924805,RUNNING_MPC
278.1739149093628,RUNNING_MPC
278.25385451316833,RUNNING_MPC
278.3336703777313,RUNNING_MPC
278.41385555267334,RUNNING_MPC
278.4937825202942,RUNNING_MPC
278.5739800930023,RUNNING_MPC
278.6538543701172,RUNNING_MPC
278.7342231273651,RUNNING_MPC
278.81466007232666,RUNNING_MPC
278.89376974105835,RUNNING_MPC
278.9738914966583,RUNNING_MPC
279.0536799430847,RUNNING_MPC
279.1337933540344,RUNNING_MPC
279.21394872665405,RUNNING_MPC
279.2937982082367,RUNNING_MPC
279.3739433288574,RUNNING_MPC
279.45378971099854,RUNNING_MPC
279.53398275375366,RUNNING_MPC
279.61398816108704,RUNNING_MPC
279.69361329078674,RUNNING_MPC
279.7741205692291,RUNNING_MPC
279.85388445854187,RUNNING_MPC
279.93404603004456,RUNNING_MPC
280.0138998031616,RUNNING_MPC
280.0937170982361,RUNNING_MPC
280.17386960983276,RUNNING_MPC
280.25385665893555,RUNNING_MPC
280.3339936733246,RUNNING_MPC
280.4137978553772,RUNNING_MPC
280.49380016326904,RUNNING_MPC
280.5737199783325,RUNNING_MPC
280.65369486808777,RUNNING_MPC
280.7339017391205,RUNNING_MPC
280.8138430118561,RUNNING_MPC
280.89438366889954,RUNNING_MPC
280.9739046096802,RUNNING_MPC
281.05386304855347,RUNNING_MPC
281.13398146629333,RUNNING_MPC
281.2139503955841,RUNNING_MPC
281.2938885688782,RUNNING_MPC
281.37547969818115,RUNNING_MPC
281.4539563655853,RUNNING_MPC
281.53402638435364,RUNNING_MPC
281.6140706539154,RUNNING_MPC
281.69380044937134,RUNNING_MPC
281.7746002674103,RUNNING_MPC
281.8539500236511,RUNNING_MPC
281.93388652801514,RUNNING_MPC
282.01404190063477,RUNNING_MPC
282.094224691391,RUNNING_MPC
282.17384815216064,RUNNING_MPC
282.25377655029297,RUNNING_MPC
282.33383655548096,RUNNING_MPC
282.4138357639313,RUNNING_MPC
282.4937844276428,RUNNING_MPC
282.5737988948822,RUNNING_MPC
282.65387535095215,RUNNING_MPC
282.73399472236633,RUNNING_MPC
282.8141436576843,RUNNING_MPC
282.89440870285034,RUNNING_MPC
282.97381472587585,RUNNING_MPC
283.05372381210327,RUNNING_MPC
283.1338224411011,RUNNING_MPC
283.21379804611206,RUNNING_MPC
283.2934744358063,RUNNING_MPC
283.37373876571655,RUNNING_MPC
283.4542062282562,RUNNING_MPC
283.53383469581604,RUNNING_MPC
283.6139006614685,RUNNING_MPC
283.69361686706543,RUNNING_MPC
283.7737054824829,RUNNING_MPC
283.8537802696228,RUNNING_MPC
283.93405318260193,RUNNING_MPC
284.01397609710693,RUNNING_MPC
284.0934429168701,RUNNING_MPC
284.1738178730011,RUNNING_MPC
284.2537453174591,RUNNING_MPC
284.33375358581543,RUNNING_MPC
284.4140100479126,RUNNING_MPC
284.49357891082764,RUNNING_MPC
284.57381987571716,RUNNING_MPC
284.6538474559784,RUNNING_MPC
284.73380517959595,RUNNING_MPC
284.8137757778168,RUNNING_MPC
284.8935866355896,RUNNING_MPC
284.9738380908966,RUNNING_MPC
285.0537669658661,RUNNING_MPC
285.1339864730835,RUNNING_MPC
285.2142279148102,RUNNING_MPC
285.2934727668762,RUNNING_MPC
285.3738067150116,RUNNING_MPC
285.45376348495483,RUNNING_MPC
285.533677816391,RUNNING_MPC
285.61383032798767,RUNNING_MPC
285.69359159469604,RUNNING_MPC
285.7739293575287,RUNNING_MPC
285.85564708709717,RUNNING_MPC
285.933965921402,RUNNING_MPC
286.0138301849365,RUNNING_MPC
286.09357213974,RUNNING_MPC
286.1737656593323,RUNNING_MPC
286.2536790370941,RUNNING_MPC
286.3337240219116,RUNNING_MPC
286.4136953353882,RUNNING_MPC
286.4936602115631,RUNNING_MPC
286.57367277145386,RUNNING_MPC
286.65369486808777,RUNNING_MPC
286.73451232910156,RUNNING_MPC
286.8141107559204,RUNNING_MPC
286.89361906051636,RUNNING_MPC
286.97386598587036,RUNNING_MPC
287.05362010002136,RUNNING_MPC
287.13385677337646,RUNNING_MPC
287.21388959884644,RUNNING_MPC
287.29351329803467,RUNNING_MPC
287.3738136291504,RUNNING_MPC
287.45377016067505,RUNNING_MPC
287.53366112709045,RUNNING_MPC
287.61368894577026,RUNNING_MPC
287.6936855316162,RUNNING_MPC
287.773845911026,RUNNING_MPC
287.85363936424255,RUNNING_MPC
287.93377161026,RUNNING_MPC
288.0137972831726,RUNNING_MPC
288.09343361854553,RUNNING_MPC
288.17384457588196,RUNNING_MPC
288.25356340408325,RUNNING_MPC
288.3336682319641,RUNNING_MPC
288.413950920105,RUNNING_MPC
288.4938015937805,RUNNING_MPC
288.57378816604614,RUNNING_MPC
288.65374636650085,RUNNING_MPC
288.733993768692,RUNNING_MPC
288.8138744831085,RUNNING_MPC
288.8936867713928,RUNNING_MPC
288.97404980659485,RUNNING_MPC
289.05354928970337,RUNNING_MPC
289.1339018344879,RUNNING_MPC
289.2136561870575,RUNNING_MPC
289.2935314178467,RUNNING_MPC
289.3737030029297,RUNNING_MPC
289.4537076950073,RUNNING_MPC
289.53375029563904,RUNNING_MPC
289.61373114585876,RUNNING_MPC
289.6936490535736,RUNNING_MPC
289.77376079559326,RUNNING_MPC
289.8537406921387,RUNNING_MPC
289.93370246887207,RUNNING_MPC
290.01368165016174,RUNNING_MPC
290.0939564704895,RUNNING_MPC
290.17370676994324,RUNNING_MPC
290.25377464294434,RUNNING_MPC
290.33376240730286,RUNNING_MPC
290.4136905670166,RUNNING_MPC
290.49382424354553,RUNNING_MPC
290.5739734172821,RUNNING_MPC
290.6536808013916,RUNNING_MPC
290.7336826324463,RUNNING_MPC
290.8137044906616,RUNNING_MPC
290.8935649394989,RUNNING_MPC
290.97376775741577,RUNNING_MPC
291.0537283420563,RUNNING_MPC
291.13410115242004,RUNNING_MPC
291.21366810798645,RUNNING_MPC
291.2934410572052,RUNNING_MPC
291.3737850189209,RUNNING_MPC
291.45356369018555,RUNNING_MPC
291.5336880683899,RUNNING_MPC
291.6137065887451,RUNNING_MPC
291.69350028038025,RUNNING_MPC
291.77368450164795,RUNNING_MPC
291.8535692691803,RUNNING_MPC
291.933705329895,RUNNING_MPC
292.01366353034973,RUNNING_MPC
292.0934236049652,RUNNING_MPC
292.17383551597595,RUNNING_MPC
292.25387263298035,RUNNING_MPC
292.3338432312012,RUNNING_MPC
292.41374135017395,RUNNING_MPC
292.49361848831177,RUNNING_MPC
292.57357025146484,RUNNING_MPC
292.65389609336853,RUNNING_MPC
292.7338423728943,RUNNING_MPC
292.81385231018066,RUNNING_MPC
292.89354372024536,RUNNING_MPC
292.9737162590027,RUNNING_MPC
293.0538823604584,RUNNING_MPC
293.13367319107056,RUNNING_MPC
293.21385169029236,RUNNING_MPC
293.29352617263794,RUNNING_MPC
293.37393593788147,RUNNING_MPC
293.45368814468384,RUNNING_MPC
293.5338909626007,RUNNING_MPC
293.613605260849,RUNNING_MPC
293.69351172447205,RUNNING_MPC
293.7737307548523,RUNNING_MPC
293.85366439819336,RUNNING_MPC
293.9336085319519,RUNNING_MPC
294.0136387348175,RUNNING_MPC
294.0938730239868,RUNNING_MPC
294.1736764907837,RUNNING_MPC
294.2537200450897,RUNNING_MPC
294.33368253707886,RUNNING_MPC
294.41363310813904,RUNNING_MPC
294.49623107910156,RUNNING_MPC
294.573668718338,RUNNING_MPC
294.65467524528503,RUNNING_MPC
294.7345700263977,RUNNING_MPC
294.81376934051514,RUNNING_MPC
294.89363718032837,RUNNING_MPC
294.97367882728577,RUNNING_MPC
295.0538680553436,RUNNING_MPC
295.13362550735474,RUNNING_MPC
295.2135851383209,RUNNING_MPC
295.2936737537384,RUNNING_MPC
295.3739695549011,RUNNING_MPC
295.45360136032104,RUNNING_MPC
295.5338091850281,RUNNING_MPC
295.6137671470642,RUNNING_MPC
295.69379448890686,RUNNING_MPC
295.77382349967957,RUNNING_MPC
295.85368943214417,RUNNING_MPC
295.9337167739868,RUNNING_MPC
296.01380681991577,RUNNING_MPC
296.093820810318,RUNNING_MPC
296.1736843585968,RUNNING_MPC
296.25359416007996,RUNNING_MPC
296.33378887176514,RUNNING_MPC
296.4137816429138,RUNNING_MPC
296.49389123916626,RUNNING_MPC
296.57361030578613,RUNNING_MPC
296.6537082195282,RUNNING_MPC
296.7338261604309,RUNNING_MPC
296.8136911392212,RUNNING_MPC
296.8938150405884,RUNNING_MPC
296.9738292694092,RUNNING_MPC
297.05364632606506,RUNNING_MPC
297.13412499427795,RUNNING_MPC
297.21365761756897,RUNNING_MPC
297.29345512390137,RUNNING_MPC
297.37383365631104,RUNNING_MPC
297.45375394821167,RUNNING_MPC
297.5336802005768,RUNNING_MPC
297.61381220817566,RUNNING_MPC
297.69348788261414,RUNNING_MPC
297.7736060619354,RUNNING_MPC
297.853711605072,RUNNING_MPC
297.9335527420044,RUNNING_MPC
298.01365876197815,RUNNING_MPC
298.093444108963,RUNNING_MPC
298.17431807518005,RUNNING_MPC
298.25361466407776,RUNNING_MPC
298.33393120765686,RUNNING_MPC
298.4138171672821,RUNNING_MPC
298.49387216567993,RUNNING_MPC
298.5736620426178,RUNNING_MPC
298.6540460586548,RUNNING_MPC
298.73593950271606,RUNNING_MPC
298.8136827945709,RUNNING_MPC
298.8939678668976,RUNNING_MPC
298.97366404533386,RUNNING_MPC
299.05335807800293,RUNNING_MPC
299.1337308883667,RUNNING_MPC
299.2137544155121,RUNNING_MPC
299.2933568954468,RUNNING_MPC
299.3736333847046,RUNNING_MPC
299.4537763595581,RUNNING_MPC
299.5338397026062,RUNNING_MPC
299.6137137413025,RUNNING_MPC
299.69329261779785,RUNNING_MPC
299.7740967273712,RUNNING_MPC
299.8535029888153,RUNNING_MPC
299.9334628582001,RUNNING_MPC
300.0135521888733,RUNNING_MPC
300.0936691761017,RUNNING_MPC
300.1737730503082,RUNNING_MPC
300.2536554336548,RUNNING_MPC
300.3336646556854,RUNNING_MPC
300.4137508869171,RUNNING_MPC
300.49342107772827,RUNNING_MPC
300.5736315250397,RUNNING_MPC
300.65403032302856,RUNNING_MPC
300.73348331451416,RUNNING_MPC
300.81365609169006,RUNNING_MPC
300.89339876174927,RUNNING_MPC
300.9738402366638,RUNNING_MPC
301.0537152290344,RUNNING_MPC
301.13371658325195,RUNNING_MPC
301.2136652469635,RUNNING_MPC
301.29343819618225,RUNNING_MPC
301.3735547065735,RUNNING_MPC
301.45363545417786,RUNNING_MPC
301.53372502326965,RUNNING_MPC
301.61356139183044,RUNNING_MPC
301.6935074329376,RUNNING_MPC
301.77371430397034,RUNNING_MPC
301.8535478115082,RUNNING_MPC
301.9337086677551,RUNNING_MPC
302.01399517059326,RUNNING_MPC
302.0935158729553,RUNNING_MPC
302.173583984375,RUNNING_MPC
302.25344800949097,RUNNING_MPC
302.33364820480347,RUNNING_MPC
302.4135820865631,RUNNING_MPC
302.4936261177063,RUNNING_MPC
302.57351183891296,RUNNING_MPC
302.6536135673523,RUNNING_MPC
302.7335479259491,RUNNING_MPC
302.813449382782,RUNNING_MPC
302.8935022354126,RUNNING_MPC
302.9739615917206,RUNNING_MPC
303.05476546287537,RUNNING_MPC
303.1336979866028,RUNNING_MPC
303.2136483192444,RUNNING_MPC
303.2932479381561,RUNNING_MPC
303.3735089302063,RUNNING_MPC
303.45364713668823,RUNNING_MPC
303.5336580276489,RUNNING_MPC
303.61364698410034,RUNNING_MPC
303.6934139728546,RUNNING_MPC
303.7736532688141,RUNNING_MPC
303.8533835411072,RUNNING_MPC
303.93394112586975,RUNNING_MPC
304.0134735107422,RUNNING_MPC
304.0933439731598,RUNNING_MPC
304.17357897758484,RUNNING_MPC
304.25377464294434,RUNNING_MPC
304.3335723876953,RUNNING_MPC
304.4141125679016,RUNNING_MPC
304.49349069595337,RUNNING_MPC
304.5736606121063,RUNNING_MPC
304.65384459495544,RUNNING_MPC
304.7337591648102,RUNNING_MPC
304.8137285709381,RUNNING_MPC
304.89351987838745,RUNNING_MPC
304.97365164756775,RUNNING_MPC
305.053644657135,RUNNING_MPC
305.1337947845459,RUNNING_MPC
305.213711977005,RUNNING_MPC
305.2933168411255,RUNNING_MPC
305.3736708164215,RUNNING_MPC
305.45367074012756,RUNNING_MPC
305.53344678878784,RUNNING_MPC
305.61356139183044,RUNNING_MPC
305.69357442855835,RUNNING_MPC
305.77359914779663,RUNNING_MPC
305.85352516174316,RUNNING_MPC
305.9339711666107,RUNNING_MPC
306.0134468078613,RUNNING_MPC
306.0943224430084,RUNNING_MPC
306.17345333099365,RUNNING_MPC
306.25339126586914,RUNNING_MPC
306.3336224555969,RUNNING_MPC
306.41368675231934,RUNNING_MPC
306.49333477020264,RUNNING_MPC
306.5735409259796,RUNNING_MPC
306.6539833545685,RUNNING_MPC
306.7334175109863,RUNNING_MPC
306.8136582374573,RUNNING_MPC
306.8935396671295,RUNNING_MPC
306.9734094142914,RUNNING_MPC
307.05348682403564,RUNNING_MPC
307.1339385509491,RUNNING_MPC
307.21403455734253,RUNNING_MPC
307.29349541664124,RUNNING_MPC
307.3735613822937,RUNNING_MPC
307.45351672172546,RUNNING_MPC
307.5334475040436,RUNNING_MPC
307.6134777069092,RUNNING_MPC
307.69511795043945,RUNNING_MPC
307.77366304397583,RUNNING_MPC
307.8535408973694,RUNNING_MPC
307.93355321884155,RUNNING_MPC
308.0136754512787,RUNNING_MPC
308.09324169158936,RUNNING_MPC
308.1735143661499,RUNNING_MPC
308.2535631656647,RUNNING_MPC
308.3347108364105,RUNNING_MPC
308.41360783576965,RUNNING_MPC
308.4933476448059,RUNNING_MPC
308.5734586715698,RUNNING_MPC
308.6534013748169,RUNNING_MPC
308.733430147171,RUNNING_MPC
308.81344842910767,RUNNING_MPC
308.89346647262573,RUNNING_MPC
308.9736793041229,RUNNING_MPC
309.0542721748352,RUNNING_MPC
309.1334173679352,RUNNING_MPC
309.2136833667755,RUNNING_MPC
309.2933828830719,RUNNING_MPC
309.3736870288849,RUNNING_MPC
309.45344495773315,RUNNING_MPC
309.5338010787964,RUNNING_MPC
309.6136224269867,RUNNING_MPC
309.6934814453125,RUNNING_MPC
309.77403569221497,RUNNING_MPC
309.85372495651245,RUNNING_MPC
309.93361353874207,RUNNING_MPC
310.01363825798035,RUNNING_MPC
310.09331464767456,RUNNING_MPC
310.1737320423126,RUNNING_MPC
310.25344491004944,RUNNING_MPC
310.3336036205292,RUNNING_MPC
310.4136595726013,RUNNING_MPC
310.4933578968048,RUNNING_MPC
310.5736663341522,RUNNING_MPC
310.6534526348114,RUNNING_MPC
310.7333915233612,RUNNING_MPC
310.813414812088,RUNNING_MPC
310.8933744430542,RUNNING_MPC
310.97345447540283,RUNNING_MPC
311.05406522750854,RUNNING_MPC
311.1334502696991,RUNNING_MPC
311.2134885787964,RUNNING_MPC
311.29327368736267,RUNNING_MPC
311.3737516403198,RUNNING_MPC
311.45359349250793,RUNNING_MPC
311.5338177680969,RUNNING_MPC
311.61338686943054,RUNNING_MPC
311.6935942173004,RUNNING_MPC
311.7735393047333,RUNNING_MPC
311.8535861968994,RUNNING_MPC
311.93358516693115,RUNNING_MPC
312.01343607902527,RUNNING_MPC
312.0950894355774,RUNNING_MPC
312.17605805397034,RUNNING_MPC
312.25353145599365,RUNNING_MPC
312.3337519168854,RUNNING_MPC
312.41351795196533,RUNNING_MPC
312.4936273097992,RUNNING_MPC
312.573744058609,RUNNING_MPC
312.6534278392792,RUNNING_MPC
312.7339508533478,RUNNING_MPC
312.8136577606201,RUNNING_MPC
312.8934247493744,RUNNING_MPC
312.97369384765625,RUNNING_MPC
313.0534818172455,RUNNING_MPC
313.1334638595581,RUNNING_MPC
313.2139022350311,RUNNING_MPC
313.29315423965454,RUNNING_MPC
313.3739037513733,RUNNING_MPC
313.4535901546478,RUNNING_MPC
313.53366255760193,RUNNING_MPC
313.61358189582825,RUNNING_MPC
313.6943590641022,RUNNING_MPC
313.7735860347748,RUNNING_MPC
313.8533992767334,RUNNING_MPC
313.93369460105896,RUNNING_MPC
314.01377058029175,RUNNING_MPC
314.0934627056122,RUNNING_MPC
314.17351031303406,RUNNING_MPC
314.2533071041107,RUNNING_MPC
314.33344650268555,RUNNING_MPC
314.4134223461151,RUNNING_MPC
314.4934015274048,RUNNING_MPC
314.5735218524933,RUNNING_MPC
314.6534638404846,RUNNING_MPC
314.73343992233276,RUNNING_MPC
314.8138542175293,RUNNING_MPC
314.89342641830444,RUNNING_MPC
314.97360157966614,RUNNING_MPC
315.0538477897644,RUNNING_MPC
315.1335816383362,RUNNING_MPC
315.21387696266174,RUNNING_MPC
315.29336857795715,RUNNING_MPC
315.3736433982849,RUNNING_MPC
315.4535701274872,RUNNING_MPC
315.5337634086609,RUNNING_MPC
315.61375522613525,RUNNING_MPC
315.69334149360657,RUNNING_MPC
315.77347922325134,RUNNING_MPC
315.8551731109619,RUNNING_MPC
315.933842420578,RUNNING_MPC
316.01355242729187,RUNNING_MPC
316.09331035614014,RUNNING_MPC
316.1736421585083,RUNNING_MPC
316.2534987926483,RUNNING_MPC
316.33346033096313,RUNNING_MPC
316.4133548736572,RUNNING_MPC
316.49329447746277,RUNNING_MPC
316.5735294818878,RUNNING_MPC
316.65356612205505,RUNNING_MPC
316.73348736763,RUNNING_MPC
316.8135612010956,RUNNING_MPC
316.8939435482025,RUNNING_MPC
316.9746468067169,RUNNING_MPC
317.05354142189026,RUNNING_MPC
317.1334054470062,RUNNING_MPC
317.21360540390015,RUNNING_MPC
317.2938451766968,RUNNING_MPC
317.37353682518005,RUNNING_MPC
317.45429134368896,RUNNING_MPC
317.5334208011627,RUNNING_MPC
317.61344957351685,RUNNING_MPC
317.6932415962219,RUNNING_MPC
317.773854970932,RUNNING_MPC
317.85363125801086,RUNNING_MPC
317.9334614276886,RUNNING_MPC
318.01334381103516,RUNNING_MPC
318.09385871887207,RUNNING_MPC
318.1735122203827,RUNNING_MPC
318.2533962726593,RUNNING_MPC
318.33357524871826,RUNNING_MPC
318.4133207798004,RUNNING_MPC
318.4931137561798,RUNNING_MPC
318.57358622550964,RUNNING_MPC
318.6532723903656,RUNNING_MPC
318.7333574295044,RUNNING_MPC
318.81378078460693,RUNNING_MPC
318.8933458328247,RUNNING_MPC
318.9735310077667,RUNNING_MPC
319.0535373687744,RUNNING_MPC
319.13346123695374,RUNNING_MPC
319.2134895324707,RUNNING_MPC
319.2931544780731,RUNNING_MPC
319.37350487709045,RUNNING_MPC
319.45401978492737,RUNNING_MPC
319.5334441661835,RUNNING_MPC
319.6134240627289,RUNNING_MPC
319.6933331489563,RUNNING_MPC
319.77347111701965,RUNNING_MPC
319.8534348011017,RUNNING_MPC
319.93355655670166,RUNNING_MPC
320.0136225223541,RUNNING_MPC
320.09321212768555,RUNNING_MPC
320.17354226112366,RUNNING_MPC
320.2532765865326,RUNNING_MPC
320.3337473869324,RUNNING_MPC
320.41342210769653,RUNNING_MPC
320.4934446811676,RUNNING_MPC
320.5736451148987,RUNNING_MPC
320.65337204933167,RUNNING_MPC
320.7332615852356,RUNNING_MPC
320.8135452270508,RUNNING_MPC
320.8931152820587,RUNNING_MPC
320.9734330177307,RUNNING_MPC
321.0535328388214,RUNNING_MPC
321.13350009918213,RUNNING_MPC
321.21340703964233,RUNNING_MPC
321.293509721756,RUNNING_MPC
321.37376165390015,RUNNING_MPC
321.4535050392151,RUNNING_MPC
321.53353905677795,RUNNING_MPC
321.6133806705475,RUNNING_MPC
321.69345331192017,RUNNING_MPC
321.77368688583374,RUNNING_MPC
321.85389280319214,RUNNING_MPC
321.9338824748993,RUNNING_MPC
322.01385283470154,RUNNING_MPC
322.0931718349457,RUNNING_MPC
322.1734986305237,RUNNING_MPC
322.2533390522003,RUNNING_MPC
322.33343601226807,RUNNING_MPC
322.41352939605713,RUNNING_MPC
322.49332785606384,RUNNING_MPC
322.57361912727356,RUNNING_MPC
322.6534221172333,RUNNING_MPC
322.7332682609558,RUNNING_MPC
322.8135974407196,RUNNING_MPC
322.8930687904358,RUNNING_MPC
322.9735565185547,RUNNING_MPC
323.0540132522583,RUNNING_MPC
323.13348412513733,RUNNING_MPC
323.2138783931732,RUNNING_MPC
323.2933158874512,RUNNING_MPC
323.3736958503723,RUNNING_MPC
323.45400404930115,RUNNING_MPC
323.5344150066376,RUNNING_MPC
323.61345410346985,RUNNING_MPC
323.69337224960327,RUNNING_MPC
323.7736303806305,RUNNING_MPC
323.85362434387207,RUNNING_MPC
323.9337589740753,RUNNING_MPC
324.0135974884033,RUNNING_MPC
324.0932357311249,RUNNING_MPC
324.1734046936035,RUNNING_MPC
324.25331234931946,RUNNING_MPC
324.33383345603943,RUNNING_MPC
324.4135217666626,RUNNING_MPC
324.4932098388672,RUNNING_MPC
324.573606967926,RUNNING_MPC
324.6534056663513,RUNNING_MPC
324.7336091995239,RUNNING_MPC
324.8136923313141,RUNNING_MPC
324.8931860923767,RUNNING_MPC
324.9734539985657,RUNNING_MPC
325.05452585220337,RUNNING_MPC
325.1333861351013,RUNNING_MPC
325.21345806121826,RUNNING_MPC
325.2933533191681,RUNNING_MPC
325.373788356781,RUNNING_MPC
325.45355892181396,RUNNING_MPC
325.53372073173523,RUNNING_MPC
325.6135265827179,RUNNING_MPC
325.6930305957794,RUNNING_MPC
325.7738299369812,RUNNING_MPC
325.8537275791168,RUNNING_MPC
325.9336197376251,RUNNING_MPC
326.013854265213,RUNNING_MPC
326.09347319602966,RUNNING_MPC
326.17349338531494,RUNNING_MPC
326.2537508010864,RUNNING_MPC
326.333393573761,RUNNING_MPC
326.4133598804474,RUNNING_MPC
326.4931671619415,RUNNING_MPC
326.57349586486816,RUNNING_MPC
326.65356516838074,RUNNING_MPC
326.733598947525,RUNNING_MPC
326.813355922699,RUNNING_MPC
326.8933048248291,RUNNING_MPC
326.9735915660858,RUNNING_MPC
327.05349922180176,RUNNING_MPC
327.13351464271545,RUNNING_MPC
327.21334409713745,RUNNING_MPC
327.29320549964905,RUNNING_MPC
327.37313866615295,RUNNING_MPC
327.45338010787964,RUNNING_MPC
327.53351283073425,RUNNING_MPC
327.6135301589966,RUNNING_MPC
327.6933422088623,RUNNING_MPC
327.77342557907104,RUNNING_MPC
327.8534359931946,RUNNING_MPC
327.9333863258362,RUNNING_MPC
328.0134844779968,RUNNING_MPC
328.0937340259552,RUNNING_MPC
328.17342805862427,RUNNING_MPC
328.2532892227173,RUNNING_MPC
328.3335928916931,RUNNING_MPC
328.4133315086365,RUNNING_MPC
328.4933514595032,RUNNING_MPC
328.5738606452942,RUNNING_MPC
328.65332770347595,RUNNING_MPC
328.73346877098083,RUNNING_MPC
328.8132514953613,RUNNING_MPC
328.8932979106903,RUNNING_MPC
328.9734764099121,RUNNING_MPC
329.05347990989685,RUNNING_MPC
329.1339931488037,RUNNING_MPC
329.21330666542053,RUNNING_MPC
329.2932276725769,RUNNING_MPC
329.37356185913086,RUNNING_MPC
329.4535129070282,RUNNING_MPC
329.5335488319397,RUNNING_MPC
329.6133267879486,RUNNING_MPC
329.69318413734436,RUNNING_MPC
329.77525782585144,RUNNING_MPC
329.8533570766449,RUNNING_MPC
329.93342304229736,RUNNING_MPC
330.0132734775543,RUNNING_MPC
330.09329199790955,RUNNING_MPC
330.1735646724701,RUNNING_MPC
330.25371956825256,RUNNING_MPC
330.3333649635315,RUNNING_MPC
330.41341376304626,RUNNING_MPC
330.49315094947815,RUNNING_MPC
330.57342505455017,RUNNING_MPC
330.6532759666443,RUNNING_MPC
330.73323011398315,RUNNING_MPC
330.8132514953613,RUNNING_MPC
330.89310598373413,RUNNING_MPC
330.97322511672974,RUNNING_MPC
331.0533199310303,RUNNING_MPC
331.13341784477234,RUNNING_MPC
331.21355295181274,RUNNING_MPC
331.2931697368622,RUNNING_MPC
331.37324714660645,RUNNING_MPC
331.4532735347748,RUNNING_MPC
331.53344655036926,RUNNING_MPC
331.61326241493225,RUNNING_MPC
331.6932656764984,RUNNING_MPC
331.7732741832733,RUNNING_MPC
331.853257894516,RUNNING_MPC
331.93342876434326,RUNNING_MPC
332.01344299316406,RUNNING_MPC
332.0931112766266,RUNNING_MPC
332.1734154224396,RUNNING_MPC
332.25352668762207,RUNNING_MPC
332.3332006931305,RUNNING_MPC
332.4137089252472,RUNNING_MPC
332.493145942688,RUNNING_MPC
332.57325530052185,RUNNING_MPC
332.6537847518921,RUNNING_MPC
332.73335456848145,RUNNING_MPC
332.81412982940674,RUNNING_MPC
332.8935434818268,RUNNING_MPC
332.9734642505646,RUNNING_MPC
333.05334544181824,RUNNING_MPC
333.1333603858948,RUNNING_MPC
333.21320128440857,RUNNING_MPC
333.2933261394501,RUNNING_MPC
333.3733448982239,RUNNING_MPC
333.4535858631134,RUNNING_MPC
333.53334879875183,RUNNING_MPC
333.61400747299194,RUNNING_MPC
333.69287109375,RUNNING_MPC
333.77353405952454,RUNNING_MPC
333.85344195365906,RUNNING_MPC
333.9351124763489,RUNNING_MPC
334.0133640766144,RUNNING_MPC
334.09312868118286,RUNNING_MPC
334.17331743240356,RUNNING_MPC
334.25329637527466,RUNNING_MPC
334.33321833610535,RUNNING_MPC
334.41330122947693,RUNNING_MPC
334.4932281970978,RUNNING_MPC
334.5732982158661,RUNNING_MPC
334.6533110141754,RUNNING_MPC
334.7331144809723,RUNNING_MPC
334.8138325214386,RUNNING_MPC
334.8932716846466,RUNNING_MPC
334.97377038002014,RUNNING_MPC
335.0538840293884,RUNNING_MPC
335.13375067710876,RUNNING_MPC
335.2133071422577,RUNNING_MPC
335.29358410835266,RUNNING_MPC
335.3731880187988,RUNNING_MPC
335.4533922672272,RUNNING_MPC
335.5332522392273,RUNNING_MPC
335.61337065696716,RUNNING_MPC
335.6931972503662,RUNNING_MPC
335.77377438545227,RUNNING_MPC
335.8536534309387,RUNNING_MPC
335.9334273338318,RUNNING_MPC
336.013267993927,RUNNING_MPC
336.0930621623993,RUNNING_MPC
336.17337250709534,RUNNING_MPC
336.25312638282776,RUNNING_MPC
336.33330631256104,RUNNING_MPC
336.413578748703,RUNNING_MPC
336.4930474758148,RUNNING_MPC
336.57318687438965,RUNNING_MPC
336.65336179733276,RUNNING_MPC
336.7330939769745,RUNNING_MPC
336.8130826950073,RUNNING_MPC
336.8935990333557,RUNNING_MPC
336.9740586280823,RUNNING_MPC
337.0530619621277,RUNNING_MPC
337.13484930992126,RUNNING_MPC
337.2132132053375,RUNNING_MPC
337.29293847084045,RUNNING_MPC
337.3748300075531,RUNNING_MPC
337.4535882472992,RUNNING_MPC
337.53331089019775,RUNNING_MPC
337.61337757110596,RUNNING_MPC
337.69309854507446,RUNNING_MPC
337.7733874320984,RUNNING_MPC
337.8534622192383,RUNNING_MPC
337.93324756622314,RUNNING_MPC
338.0134119987488,RUNNING_MPC
338.09321117401123,RUNNING_MPC
338.1742367744446,RUNNING_MPC
338.25348234176636,RUNNING_MPC
338.3338599205017,RUNNING_MPC
338.41316771507263,RUNNING_MPC
338.49307680130005,RUNNING_MPC
338.5732419490814,RUNNING_MPC
338.6531512737274,RUNNING_MPC
338.7335150241852,RUNNING_MPC
338.81347155570984,RUNNING_MPC
338.89286613464355,RUNNING_MPC
338.9730896949768,RUNNING_MPC
339.05325984954834,RUNNING_MPC
339.13299894332886,RUNNING_MPC
339.21343064308167,RUNNING_MPC
339.2931308746338,RUNNING_MPC
339.3731834888458,RUNNING_MPC
339.453143119812,RUNNING_MPC
339.5331003665924,RUNNING_MPC
339.6135468482971,RUNNING_MPC
339.69326424598694,RUNNING_MPC
339.77323627471924,RUNNING_MPC
339.85318899154663,RUNNING_MPC
339.933171749115,RUNNING_MPC
340.0132005214691,RUNNING_MPC
340.0936105251312,RUNNING_MPC
340.1731426715851,RUNNING_MPC
340.25310611724854,RUNNING_MPC
340.3337686061859,RUNNING_MPC
340.41380977630615,RUNNING_MPC
340.49299788475037,RUNNING_MPC
340.57360339164734,RUNNING_MPC
340.6530432701111,RUNNING_MPC
340.7331681251526,RUNNING_MPC
340.8133842945099,RUNNING_MPC
340.8929748535156,RUNNING_MPC
340.973121881485,RUNNING_MPC
341.05321431159973,RUNNING_MPC
341.13316798210144,RUNNING_MPC
341.2134041786194,RUNNING_MPC
341.2929277420044,RUNNING_MPC
341.37310886383057,RUNNING_MPC
341.45325326919556,RUNNING_MPC
341.53303360939026,RUNNING_MPC
341.61334800720215,RUNNING_MPC
341.69292521476746,RUNNING_MPC
341.773225069046,RUNNING_MPC
341.8534240722656,RUNNING_MPC
341.9331738948822,RUNNING_MPC
342.01473665237427,RUNNING_MPC
342.09274911880493,RUNNING_MPC
342.1731524467468,RUNNING_MPC
342.25303053855896,RUNNING_MPC
342.33300280570984,RUNNING_MPC
342.4131531715393,RUNNING_MPC
342.49342226982117,RUNNING_MPC
342.5730435848236,RUNNING_MPC
342.65289664268494,RUNNING_MPC
342.73313069343567,RUNNING_MPC
342.8129577636719,RUNNING_MPC
342.89285588264465,RUNNING_MPC
342.9731659889221,RUNNING_MPC
343.0531406402588,RUNNING_MPC
343.133088350296,RUNNING_MPC
343.21338295936584,RUNNING_MPC
343.2929015159607,RUNNING_MPC
343.3731846809387,RUNNING_MPC
343.4531226158142,RUNNING_MPC
343.5330686569214,RUNNING_MPC
343.61313009262085,RUNNING_MPC
343.6929337978363,RUNNING_MPC
343.7731339931488,RUNNING_MPC
343.8535237312317,RUNNING_MPC
343.9329900741577,RUNNING_MPC
344.0133125782013,RUNNING_MPC
344.0929594039917,RUNNING_MPC
344.1731288433075,RUNNING_MPC
344.2530300617218,RUNNING_MPC
344.3330936431885,RUNNING_MPC
344.41309237480164,RUNNING_MPC
344.49284839630127,RUNNING_MPC
344.57331705093384,RUNNING_MPC
344.6531512737274,RUNNING_MPC
344.7329797744751,RUNNING_MPC
344.81320333480835,RUNNING_MPC
344.893075466156,RUNNING_MPC
344.9735949039459,RUNNING_MPC
345.05299186706543,RUNNING_MPC
345.13313937187195,RUNNING_MPC
345.21311926841736,RUNNING_MPC
345.2933843135834,RUNNING_MPC
345.3731782436371,RUNNING_MPC
345.45371103286743,RUNNING_MPC
345.53314542770386,RUNNING_MPC
345.6131925582886,RUNNING_MPC
345.69291949272156,RUNNING_MPC
345.7733373641968,RUNNING_MPC
345.8533742427826,RUNNING_MPC
345.9332311153412,RUNNING_MPC
346.01333570480347,RUNNING_MPC
346.09374046325684,RUNNING_MPC
346.1732449531555,RUNNING_MPC
346.2531909942627,RUNNING_MPC
346.33345460891724,RUNNING_MPC
346.4132127761841,RUNNING_MPC
346.4928660392761,RUNNING_MPC
346.57327008247375,RUNNING_MPC
346.6532711982727,RUNNING_MPC
346.73320031166077,RUNNING_MPC
346.8132164478302,RUNNING_MPC
346.89295983314514,RUNNING_MPC
346.9732370376587,RUNNING_MPC
347.0530860424042,RUNNING_MPC
347.13322281837463,RUNNING_MPC
347.21333026885986,RUNNING_MPC
347.2929344177246,RUNNING_MPC
347.3731231689453,RUNNING_MPC
347.4530906677246,RUNNING_MPC
347.53308272361755,RUNNING_MPC
347.61331486701965,RUNNING_MPC
347.6929051876068,RUNNING_MPC
347.77331924438477,RUNNING_MPC
347.85291862487793,RUNNING_MPC
347.9329078197479,RUNNING_MPC
348.0131015777588,RUNNING_MPC
348.09286642074585,RUNNING_MPC
348.17286825180054,RUNNING_MPC
348.25308537483215,RUNNING_MPC
348.3332636356354,RUNNING_MPC
348.41363048553467,RUNNING_MPC
348.4930582046509,RUNNING_MPC
348.5736815929413,RUNNING_MPC
348.65313029289246,RUNNING_MPC
348.7331142425537,RUNNING_MPC
348.81430888175964,RUNNING_MPC
348.89297795295715,RUNNING_MPC
348.9730908870697,RUNNING_MPC
349.0531027317047,RUNNING_MPC
349.13316464424133,RUNNING_MPC
349.2134807109833,RUNNING_MPC
349.2930009365082,RUNNING_MPC
349.3731164932251,RUNNING_MPC
349.45290422439575,RUNNING_MPC
349.5330898761749,RUNNING_MPC
349.6131241321564,RUNNING_MPC
349.69283962249756,RUNNING_MPC
349.7730484008789,RUNNING_MPC
349.8529546260834,RUNNING_MPC
349.9330356121063,RUNNING_MPC
350.0133066177368,RUNNING_MPC
350.0927355289459,RUNNING_MPC
350.1729700565338,RUNNING_MPC
350.2530663013458,RUNNING_MPC
350.3334791660309,RUNNING_MPC
350.4136064052582,RUNNING_MPC
350.49295353889465,RUNNING_MPC
350.5730574131012,RUNNING_MPC
350.65300154685974,RUNNING_MPC
350.7354826927185,RUNNING_MPC
350.8129343986511,RUNNING_MPC
350.8927381038666,RUNNING_MPC
350.97289752960205,RUNNING_MPC
351.05313086509705,RUNNING_MPC
351.1349630355835,RUNNING_MPC
351.2133421897888,RUNNING_MPC
351.2928419113159,RUNNING_MPC
351.373010635376,RUNNING_MPC
351.45291090011597,RUNNING_MPC
351.532906293869,RUNNING_MPC
351.61310338974,RUNNING_MPC
351.6932632923126,RUNNING_MPC
351.77296352386475,RUNNING_MPC
351.85296869277954,RUNNING_MPC
351.93295097351074,RUNNING_MPC
352.0130064487457,RUNNING_MPC
352.092759847641,RUNNING_MPC
352.1730043888092,RUNNING_MPC
352.2531006336212,RUNNING_MPC
352.3329927921295,RUNNING_MPC
352.41306018829346,RUNNING_MPC
352.4929280281067,RUNNING_MPC
352.5729444026947,RUNNING_MPC
352.65294575691223,RUNNING_MPC
352.7330152988434,RUNNING_MPC
352.81330251693726,RUNNING_MPC
352.8927080631256,RUNNING_MPC
352.9729218482971,RUNNING_MPC
353.05302906036377,RUNNING_MPC
353.1330497264862,RUNNING_MPC
353.21314692497253,RUNNING_MPC
353.29272747039795,RUNNING_MPC
353.37284874916077,RUNNING_MPC
353.45349168777466,RUNNING_MPC
353.53294563293457,RUNNING_MPC
353.6134867668152,RUNNING_MPC
353.69292306900024,RUNNING_MPC
353.77343106269836,RUNNING_MPC
353.85292983055115,RUNNING_MPC
353.93297934532166,RUNNING_MPC
354.01348876953125,RUNNING_MPC
354.0933780670166,RUNNING_MPC
354.17279601097107,RUNNING_MPC
354.25290727615356,RUNNING_MPC
354.33292865753174,RUNNING_MPC
354.4129467010498,RUNNING_MPC
354.4930725097656,RUNNING_MPC
354.5730698108673,RUNNING_MPC
354.6535224914551,RUNNING_MPC
354.733035326004,RUNNING_MPC
354.81291675567627,RUNNING_MPC
354.8925895690918,RUNNING_MPC
354.9729175567627,RUNNING_MPC
355.05295300483704,RUNNING_MPC
355.13285088539124,RUNNING_MPC
355.2129473686218,RUNNING_MPC
355.29262804985046,RUNNING_MPC
355.373250246048,RUNNING_MPC
355.4529082775116,RUNNING_MPC
355.53300762176514,RUNNING_MPC
355.61332392692566,RUNNING_MPC
355.69276428222656,RUNNING_MPC
355.7729187011719,RUNNING_MPC
355.8528742790222,RUNNING_MPC
355.9331500530243,RUNNING_MPC
356.01301097869873,RUNNING_MPC
356.0929207801819,RUNNING_MPC
356.1735625267029,RUNNING_MPC
356.2529549598694,RUNNING_MPC
356.3330204486847,RUNNING_MPC
356.4129304885864,RUNNING_MPC
356.49286937713623,RUNNING_MPC
356.5730357170105,RUNNING_MPC
356.65306663513184,RUNNING_MPC
356.7330758571625,RUNNING_MPC
356.81301283836365,RUNNING_MPC
356.8926730155945,RUNNING_MPC
356.9728510379791,RUNNING_MPC
357.0539677143097,RUNNING_MPC
357.1330325603485,RUNNING_MPC
357.2129805088043,RUNNING_MPC
357.29285168647766,RUNNING_MPC
357.37320280075073,RUNNING_MPC
357.4533815383911,RUNNING_MPC
357.5335819721222,RUNNING_MPC
357.6130702495575,RUNNING_MPC
357.6926989555359,RUNNING_MPC
357.77302169799805,RUNNING_MPC
357.85288095474243,RUNNING_MPC
357.9328079223633,RUNNING_MPC
358.0130350589752,RUNNING_MPC
358.09262347221375,RUNNING_MPC
358.1729562282562,RUNNING_MPC
358.25300574302673,RUNNING_MPC
358.3329701423645,RUNNING_MPC
358.41298627853394,RUNNING_MPC
358.49269676208496,RUNNING_MPC
358.572940826416,RUNNING_MPC
358.6529190540314,RUNNING_MPC
358.73304748535156,RUNNING_MPC
358.81310963630676,RUNNING_MPC
358.89263439178467,RUNNING_MPC
358.97286224365234,RUNNING_MPC
359.0529851913452,RUNNING_MPC
359.13291335105896,RUNNING_MPC
359.21312856674194,RUNNING_MPC
359.2926778793335,RUNNING_MPC
359.3736436367035,RUNNING_MPC
359.4536364078522,RUNNING_MPC
359.53289771080017,RUNNING_MPC
359.61299896240234,RUNNING_MPC
359.6929454803467,RUNNING_MPC
359.77289962768555,RUNNING_MPC
359.8528070449829,RUNNING_MPC
359.93299889564514,RUNNING_MPC
360.0130317211151,RUNNING_MPC
360.09316325187683,RUNNING_MPC
360.17290353775024,RUNNING_MPC
360.25290536880493,RUNNING_MPC
360.3330166339874,RUNNING_MPC
360.41288685798645,RUNNING_MPC
360.49276900291443,RUNNING_MPC
360.57305908203125,RUNNING_MPC
360.6533393859863,RUNNING_MPC
360.73301100730896,RUNNING_MPC
360.8129892349243,RUNNING_MPC
360.8927426338196,RUNNING_MPC
360.9730203151703,RUNNING_MPC
361.0536229610443,RUNNING_MPC
361.13303661346436,RUNNING_MPC
361.21336460113525,RUNNING_MPC
361.29295325279236,RUNNING_MPC
361.37315940856934,RUNNING_MPC
361.4537298679352,RUNNING_MPC
361.5328893661499,RUNNING_MPC
361.6131007671356,RUNNING_MPC
361.69314885139465,RUNNING_MPC
361.77318048477173,RUNNING_MPC
361.85334181785583,RUNNING_MPC
361.9329261779785,RUNNING_MPC
362.0129904747009,RUNNING_MPC
362.09283781051636,RUNNING_MPC
362.1729955673218,RUNNING_MPC
362.25298380851746,RUNNING_MPC
362.3333055973053,RUNNING_MPC
362.4128427505493,RUNNING_MPC
362.4929418563843,RUNNING_MPC
362.57331705093384,RUNNING_MPC
362.65314841270447,RUNNING_MPC
362.7332499027252,RUNNING_MPC
362.8132948875427,RUNNING_MPC
362.89284229278564,RUNNING_MPC
362.97292375564575,RUNNING_MPC
363.05307817459106,RUNNING_MPC
363.1329493522644,RUNNING_MPC
363.2129936218262,RUNNING_MPC
363.29263734817505,RUNNING_MPC
363.37289667129517,RUNNING_MPC
363.4539439678192,RUNNING_MPC
363.53304171562195,RUNNING_MPC
363.6129684448242,RUNNING_MPC
363.6934549808502,RUNNING_MPC
363.7730314731598,RUNNING_MPC
363.8527343273163,RUNNING_MPC
363.93292331695557,RUNNING_MPC
364.0129325389862,RUNNING_MPC
364.09276509284973,RUNNING_MPC
364.17288303375244,RUNNING_MPC
364.25283193588257,RUNNING_MPC
364.3330614566803,RUNNING_MPC
364.41318440437317,RUNNING_MPC
364.492959022522,RUNNING_MPC
364.57319617271423,RUNNING_MPC
364.65291261672974,RUNNING_MPC
364.73312425613403,RUNNING_MPC
364.81301760673523,RUNNING_MPC
364.89302253723145,RUNNING_MPC
364.9730603694916,RUNNING_MPC
365.05308270454407,RUNNING_MPC
365.1330015659332,RUNNING_MPC
365.2128472328186,RUNNING_MPC
365.2925205230713,RUNNING_MPC
365.37290239334106,RUNNING_MPC
365.45282649993896,RUNNING_MPC
365.5329213142395,RUNNING_MPC
365.6130163669586,RUNNING_MPC
365.69260239601135,RUNNING_MPC
365.7728967666626,RUNNING_MPC
365.8527421951294,RUNNING_MPC
365.93318605422974,RUNNING_MPC
366.01302695274353,RUNNING_MPC
366.0926296710968,RUNNING_MPC
366.172794342041,RUNNING_MPC
366.2537829875946,RUNNING_MPC
366.33298563957214,RUNNING_MPC
366.41324043273926,RUNNING_MPC
366.49282789230347,RUNNING_MPC
366.57289361953735,RUNNING_MPC
366.6532702445984,RUNNING_MPC
366.73298048973083,RUNNING_MPC
366.8130786418915,RUNNING_MPC
366.89286756515503,RUNNING_MPC
366.9726860523224,RUNNING_MPC
367.0532386302948,RUNNING_MPC
367.13293385505676,RUNNING_MPC
367.2128837108612,RUNNING_MPC
367.29282331466675,RUNNING_MPC
367.3728528022766,RUNNING_MPC
367.45283222198486,RUNNING_MPC
367.53315329551697,RUNNING_MPC
367.6128911972046,RUNNING_MPC
367.6926612854004,RUNNING_MPC
367.7734649181366,RUNNING_MPC
367.852685213089,RUNNING_MPC
367.93351674079895,RUNNING_MPC
368.0128219127655,RUNNING_MPC
368.0926241874695,RUNNING_MPC
368.1728105545044,RUNNING_MPC
368.25353050231934,RUNNING_MPC
368.3329255580902,RUNNING_MPC
368.41495966911316,RUNNING_MPC
368.49277901649475,RUNNING_MPC
368.5728394985199,RUNNING_MPC
368.6530451774597,RUNNING_MPC
368.733008146286,RUNNING_MPC
368.8130886554718,RUNNING_MPC
368.8929045200348,RUNNING_MPC
368.97294759750366,RUNNING_MPC
369.05293798446655,RUNNING_MPC
369.1329905986786,RUNNING_MPC
369.21413111686707,RUNNING_MPC
369.2925624847412,RUNNING_MPC
369.37296056747437,RUNNING_MPC
369.45284938812256,RUNNING_MPC
369.53263211250305,RUNNING_MPC
369.6127772331238,RUNNING_MPC
369.6931893825531,RUNNING_MPC
369.7728497982025,RUNNING_MPC
369.85276222229004,RUNNING_MPC
369.9329435825348,RUNNING_MPC
370.0128927230835,RUNNING_MPC
370.0925590991974,RUNNING_MPC
370.1728618144989,RUNNING_MPC
370.25284576416016,RUNNING_MPC
370.3337891101837,RUNNING_MPC
370.4129636287689,RUNNING_MPC
370.493070602417,RUNNING_MPC
370.57291316986084,RUNNING_MPC
370.65294122695923,RUNNING_MPC
370.73384976387024,RUNNING_MPC
370.81320309638977,RUNNING_MPC
370.8930480480194,RUNNING_MPC
370.9747693538666,RUNNING_MPC
371.0528984069824,RUNNING_MPC
371.1328635215759,RUNNING_MPC
371.2129900455475,RUNNING_MPC
371.2932560443878,RUNNING_MPC
371.3727171421051,RUNNING_MPC
371.4532606601715,RUNNING_MPC
371.5334372520447,RUNNING_MPC
371.61292910575867,RUNNING_MPC
371.6926643848419,RUNNING_MPC
371.773442029953,RUNNING_MPC
371.85346841812134,RUNNING_MPC
371.9328546524048,RUNNING_MPC
372.01295351982117,RUNNING_MPC
372.0926990509033,RUNNING_MPC
372.17280530929565,RUNNING_MPC
372.25275444984436,RUNNING_MPC
372.3330194950104,RUNNING_MPC
372.41290950775146,RUNNING_MPC
372.49296855926514,RUNNING_MPC
372.57284784317017,RUNNING_MPC
372.6536326408386,RUNNING_MPC
372.73283219337463,RUNNING_MPC
372.81287717819214,RUNNING_MPC
372.8928349018097,RUNNING_MPC
372.9729835987091,RUNNING_MPC
373.0537884235382,RUNNING_MPC
373.13283348083496,RUNNING_MPC
373.2132213115692,RUNNING_MPC
373.29274225234985,RUNNING_MPC
373.37291145324707,RUNNING_MPC
373.452796459198,RUNNING_MPC
373.533221244812,RUNNING_MPC
373.6132321357727,RUNNING_MPC
373.69247245788574,RUNNING_MPC
373.77303099632263,RUNNING_MPC
373.8531150817871,RUNNING_MPC
373.93286514282227,RUNNING_MPC
374.01275396347046,RUNNING_MPC
374.09264874458313,RUNNING_MPC
374.17267203330994,RUNNING_MPC
374.2527666091919,RUNNING_MPC
374.33280420303345,RUNNING_MPC
374.41288900375366,RUNNING_MPC
374.4928689002991,RUNNING_MPC
374.5727963447571,RUNNING_MPC
374.6527223587036,RUNNING_MPC
374.7328453063965,RUNNING_MPC
374.81414103507996,RUNNING_MPC
374.8925778865814,RUNNING_MPC
374.9727919101715,RUNNING_MPC
375.05274748802185,RUNNING_MPC
375.13318610191345,RUNNING_MPC
375.2136187553406,RUNNING_MPC
375.29255533218384,RUNNING_MPC
375.3729405403137,RUNNING_MPC
375.4528548717499,RUNNING_MPC
375.5328731536865,RUNNING_MPC
375.612667798996,RUNNING_MPC
375.69264817237854,RUNNING_MPC
375.7725875377655,RUNNING_MPC
375.8527042865753,RUNNING_MPC
375.9326560497284,RUNNING_MPC
376.0133843421936,RUNNING_MPC
376.09262585639954,RUNNING_MPC
376.1727137565613,RUNNING_MPC
376.2528729438782,RUNNING_MPC
376.3327944278717,RUNNING_MPC
376.41310596466064,RUNNING_MPC
376.4935941696167,RUNNING_MPC
376.5727770328522,RUNNING_MPC
376.65276861190796,RUNNING_MPC
376.7326428890228,RUNNING_MPC
376.81289291381836,RUNNING_MPC
376.89254808425903,RUNNING_MPC
376.97279834747314,RUNNING_MPC
377.0527880191803,RUNNING_MPC
377.1327691078186,RUNNING_MPC
377.2127022743225,RUNNING_MPC
377.29588747024536,RUNNING_MPC
377.3750116825104,RUNNING_MPC
377.45284056663513,RUNNING_MPC
377.53332901000977,RUNNING_MPC
377.6128053665161,RUNNING_MPC
377.6926975250244,RUNNING_MPC
377.77274775505066,RUNNING_MPC
377.8527202606201,RUNNING_MPC
377.93280243873596,RUNNING_MPC
378.01284098625183,RUNNING_MPC
378.092533826828,RUNNING_MPC
378.17282128334045,RUNNING_MPC
378.25267601013184,RUNNING_MPC
378.3336217403412,RUNNING_MPC
378.4127109050751,RUNNING_MPC
378.49253273010254,RUNNING_MPC
378.5726795196533,RUNNING_MPC
378.6526427268982,RUNNING_MPC
378.732750415802,RUNNING_MPC
378.81263041496277,RUNNING_MPC
378.8924708366394,RUNNING_MPC
378.97281289100647,RUNNING_MPC
379.052880525589,RUNNING_MPC
379.13291907310486,RUNNING_MPC
379.2126636505127,RUNNING_MPC
379.2928283214569,RUNNING_MPC
379.37293672561646,RUNNING_MPC
379.4528102874756,RUNNING_MPC
379.5325770378113,RUNNING_MPC
379.6128947734833,RUNNING_MPC
379.6924903392792,RUNNING_MPC
379.77261304855347,RUNNING_MPC
379.85280084609985,RUNNING_MPC
379.9326636791229,RUNNING_MPC
380.0127167701721,RUNNING_MPC
380.09249663352966,RUNNING_MPC
380.1726830005646,RUNNING_MPC
380.2528054714203,RUNNING_MPC
380.33276748657227,RUNNING_MPC
380.41263341903687,RUNNING_MPC
380.4926178455353,RUNNING_MPC
380.57294249534607,RUNNING_MPC
380.65311312675476,RUNNING_MPC
380.732812166214,RUNNING_MPC
380.8126640319824,RUNNING_MPC
380.89263582229614,RUNNING_MPC
380.97281289100647,RUNNING_MPC
381.0541470050812,RUNNING_MPC
381.13260984420776,RUNNING_MPC
381.2127254009247,RUNNING_MPC
381.292439699173,RUNNING_MPC
381.372576713562,RUNNING_MPC
381.45278573036194,RUNNING_MPC
381.5327742099762,RUNNING_MPC
381.6160867214203,RUNNING_MPC
381.69315099716187,RUNNING_MPC
381.7724914550781,RUNNING_MPC
381.8525996208191,RUNNING_MPC
381.93271923065186,RUNNING_MPC
382.0130090713501,RUNNING_MPC
382.092524766922,RUNNING_MPC
382.17275166511536,RUNNING_MPC
382.25285363197327,RUNNING_MPC
382.3325095176697,RUNNING_MPC
382.4127893447876,RUNNING_MPC
382.4924647808075,RUNNING_MPC
382.5726454257965,RUNNING_MPC
382.6526527404785,RUNNING_MPC
382.7326955795288,RUNNING_MPC
382.8128128051758,RUNNING_MPC
382.8925015926361,RUNNING_MPC
382.9726152420044,RUNNING_MPC
383.0525839328766,RUNNING_MPC
383.132621049881,RUNNING_MPC
383.212637424469,RUNNING_MPC
383.29255175590515,RUNNING_MPC
383.3724617958069,RUNNING_MPC
383.4525578022003,RUNNING_MPC
383.53292059898376,RUNNING_MPC
383.61280250549316,RUNNING_MPC
383.692990064621,RUNNING_MPC
383.77265644073486,RUNNING_MPC
383.8529095649719,RUNNING_MPC
383.93249464035034,RUNNING_MPC
384.012610912323,RUNNING_MPC
384.09236097335815,RUNNING_MPC
384.17268109321594,RUNNING_MPC
384.25257897377014,RUNNING_MPC
384.3326036930084,RUNNING_MPC
384.4126400947571,RUNNING_MPC
384.4925072193146,RUNNING_MPC
384.5725417137146,RUNNING_MPC
384.6526868343353,RUNNING_MPC
384.73256039619446,RUNNING_MPC
384.81266832351685,RUNNING_MPC
384.8924367427826,RUNNING_MPC
384.9728844165802,RUNNING_MPC
385.05281591415405,RUNNING_MPC
385.1326732635498,RUNNING_MPC
385.2128791809082,RUNNING_MPC
385.2925729751587,RUNNING_MPC
385.37257838249207,RUNNING_MPC
385.4527223110199,RUNNING_MPC
385.532607793808,RUNNING_MPC
385.61271595954895,RUNNING_MPC
385.69263076782227,RUNNING_MPC
385.77300786972046,RUNNING_MPC
385.8525769710541,RUNNING_MPC
385.9326009750366,RUNNING_MPC
386.01623129844666,RUNNING_MPC
386.09359788894653,RUNNING_MPC
386.17321157455444,RUNNING_MPC
386.2527425289154,RUNNING_MPC
386.33246874809265,RUNNING_MPC
386.41249680519104,RUNNING_MPC
386.4922499656677,RUNNING_MPC
386.5726993083954,RUNNING_MPC
386.65258526802063,RUNNING_MPC
386.73260593414307,RUNNING_MPC
386.8126437664032,RUNNING_MPC
386.89251255989075,RUNNING_MPC
386.97251987457275,RUNNING_MPC
387.05261731147766,RUNNING_MPC
387.13255167007446,RUNNING_MPC
387.2128620147705,RUNNING_MPC
387.2926824092865,RUNNING_MPC
387.3725121021271,RUNNING_MPC
387.4527552127838,RUNNING_MPC
387.5327076911926,RUNNING_MPC
387.61278104782104,RUNNING_MPC
387.6926815509796,RUNNING_MPC
387.7725887298584,RUNNING_MPC
387.85274505615234,RUNNING_MPC
387.93269753456116,RUNNING_MPC
388.01265048980713,RUNNING_MPC
388.0924594402313,RUNNING_MPC
388.1730623245239,RUNNING_MPC
388.2526590824127,RUNNING_MPC
388.332551240921,RUNNING_MPC
388.41266560554504,RUNNING_MPC
388.49246406555176,RUNNING_MPC
388.57258558273315,RUNNING_MPC
388.652583360672,RUNNING_MPC
388.73247265815735,RUNNING_MPC
388.81250643730164,RUNNING_MPC
388.89267683029175,RUNNING_MPC
388.9729416370392,RUNNING_MPC
389.05255818367004,RUNNING_MPC
389.13243293762207,RUNNING_MPC
389.2127478122711,RUNNING_MPC
389.2924370765686,RUNNING_MPC
389.3725643157959,RUNNING_MPC
389.4524166584015,RUNNING_MPC
389.53254199028015,RUNNING_MPC
389.61284160614014,RUNNING_MPC
389.6922652721405,RUNNING_MPC
389.7726511955261,RUNNING_MPC
389.8526713848114,RUNNING_MPC
389.9326493740082,RUNNING_MPC
390.01266717910767,RUNNING_MPC
390.09259128570557,RUNNING_MPC
390.17268681526184,RUNNING_MPC
390.25269770622253,RUNNING_MPC
390.3329086303711,RUNNING_MPC
390.4124345779419,RUNNING_MPC
390.49257922172546,RUNNING_MPC
390.57256722450256,RUNNING_MPC
390.6565206050873,RUNNING_MPC
390.7326691150665,RUNNING_MPC
390.81276202201843,RUNNING_MPC
390.89302158355713,RUNNING_MPC
390.972895860672,RUNNING_MPC
391.0523943901062,RUNNING_MPC
391.1326115131378,RUNNING_MPC
391.2131621837616,RUNNING_MPC
391.2925024032593,RUNNING_MPC
391.3730137348175,RUNNING_MPC
391.4525797367096,RUNNING_MPC
391.53249168395996,RUNNING_MPC
391.6126856803894,RUNNING_MPC
391.69239830970764,RUNNING_MPC
391.7724575996399,RUNNING_MPC
391.85255575180054,RUNNING_MPC
391.9325954914093,RUNNING_MPC
392.0137975215912,RUNNING_MPC
392.0921936035156,RUNNING_MPC
392.17261815071106,RUNNING_MPC
392.2524800300598,RUNNING_MPC
392.33257842063904,RUNNING_MPC
392.4126708507538,RUNNING_MPC
392.49239015579224,RUNNING_MPC
392.5724608898163,RUNNING_MPC
392.6525020599365,RUNNING_MPC
392.73256254196167,RUNNING_MPC
392.8130111694336,RUNNING_MPC
392.892343044281,RUNNING_MPC
392.972496509552,RUNNING_MPC
393.05257844924927,RUNNING_MPC
393.13236451148987,RUNNING_MPC
393.2133803367615,RUNNING_MPC
393.2926414012909,RUNNING_MPC
393.37290143966675,RUNNING_MPC
393.452819108963,RUNNING_MPC
393.53281831741333,RUNNING_MPC
393.6126048564911,RUNNING_MPC
393.6926066875458,RUNNING_MPC
393.7730300426483,RUNNING_MPC
393.85261583328247,RUNNING_MPC
393.9326400756836,RUNNING_MPC
394.01333928108215,RUNNING_MPC
394.09260082244873,RUNNING_MPC
394.17248463630676,RUNNING_MPC
394.2525177001953,RUNNING_MPC
394.3325889110565,RUNNING_MPC
394.41268396377563,RUNNING_MPC
394.4924886226654,RUNNING_MPC
394.5725133419037,RUNNING_MPC
394.65247631073,RUNNING_MPC
394.73253655433655,RUNNING_MPC
394.81333327293396,RUNNING_MPC
394.89239525794983,RUNNING_MPC
394.97254157066345,RUNNING_MPC
395.0560269355774,RUNNING_MPC
395.13408732414246,RUNNING_MPC
395.2126500606537,RUNNING_MPC
395.2940466403961,RUNNING_MPC
395.3726053237915,RUNNING_MPC
395.45258831977844,RUNNING_MPC
395.5326211452484,RUNNING_MPC
395.61246037483215,RUNNING_MPC
395.6924092769623,RUNNING_MPC
395.7728192806244,RUNNING_MPC
395.8527970314026,RUNNING_MPC
395.9325511455536,RUNNING_MPC
396.01272082328796,RUNNING_MPC
396.09236431121826,RUNNING_MPC
396.1725170612335,RUNNING_MPC
396.2528955936432,RUNNING_MPC
396.33243680000305,RUNNING_MPC
396.4134376049042,RUNNING_MPC
396.492378950119,RUNNING_MPC
396.57263255119324,RUNNING_MPC
396.6525549888611,RUNNING_MPC
396.7325322628021,RUNNING_MPC
396.81288862228394,RUNNING_MPC
396.89236664772034,RUNNING_MPC
396.97260546684265,RUNNING_MPC
397.05281162261963,RUNNING_MPC
397.1325795650482,RUNNING_MPC
397.21277689933777,RUNNING_MPC
397.2924544811249,RUNNING_MPC
397.37260365486145,RUNNING_MPC
397.45246839523315,RUNNING_MPC
397.5330665111542,RUNNING_MPC
397.61267590522766,RUNNING_MPC
397.6923553943634,RUNNING_MPC
397.7724895477295,RUNNING_MPC
397.85262632369995,RUNNING_MPC
397.9324975013733,RUNNING_MPC
398.01247930526733,RUNNING_MPC
398.09271001815796,RUNNING_MPC
398.17245745658875,RUNNING_MPC
398.2524390220642,RUNNING_MPC
398.33273124694824,RUNNING_MPC
398.41270637512207,RUNNING_MPC
398.4925866127014,RUNNING_MPC
398.57249546051025,RUNNING_MPC
398.65302634239197,RUNNING_MPC
398.7329933643341,RUNNING_MPC
398.81275963783264,RUNNING_MPC
398.89235854148865,RUNNING_MPC
398.9726815223694,RUNNING_MPC
399.0528178215027,RUNNING_MPC
399.1328134536743,RUNNING_MPC
399.21267080307007,RUNNING_MPC
399.29288721084595,RUNNING_MPC
399.37233996391296,RUNNING_MPC
399.45301723480225,RUNNING_MPC
399.53289270401,RUNNING_MPC
399.61245131492615,RUNNING_MPC
399.6923747062683,RUNNING_MPC
399.7725627422333,RUNNING_MPC
399.85312151908875,RUNNING_MPC
399.9325158596039,RUNNING_MPC
400.01265478134155,RUNNING_MPC
400.0928909778595,RUNNING_MPC
400.17236948013306,RUNNING_MPC
400.25255703926086,RUNNING_MPC
400.33242869377136,RUNNING_MPC
400.41251850128174,RUNNING_MPC
400.4924111366272,RUNNING_MPC
400.57252192497253,RUNNING_MPC
400.6527364253998,RUNNING_MPC
400.7326784133911,RUNNING_MPC
400.8127632141113,RUNNING_MPC
400.8924984931946,RUNNING_MPC
400.972763299942,RUNNING_MPC
401.05241656303406,RUNNING_MPC
401.1326057910919,RUNNING_MPC
401.2126786708832,RUNNING_MPC
401.29269075393677,RUNNING_MPC
401.3727798461914,RUNNING_MPC
401.45250701904297,RUNNING_MPC
401.5324776172638,RUNNING_MPC
401.6123604774475,RUNNING_MPC
401.692182302475,RUNNING_MPC
401.7732107639313,RUNNING_MPC
401.8526692390442,RUNNING_MPC
401.93350744247437,RUNNING_MPC
402.01258635520935,RUNNING_MPC
402.09277057647705,RUNNING_MPC
402.17247319221497,RUNNING_MPC
402.2526090145111,RUNNING_MPC
402.33258032798767,RUNNING_MPC
402.41295862197876,RUNNING_MPC
402.49314999580383,RUNNING_MPC
402.5724992752075,RUNNING_MPC
402.6525876522064,RUNNING_MPC
402.7325839996338,RUNNING_MPC
402.8123631477356,RUNNING_MPC
402.89310336112976,RUNNING_MPC
402.97256326675415,RUNNING_MPC
403.0525109767914,RUNNING_MPC
403.1324870586395,RUNNING_MPC
403.2125241756439,RUNNING_MPC
403.2923073768616,RUNNING_MPC
403.3724715709686,RUNNING_MPC
403.4524230957031,RUNNING_MPC
403.5330100059509,RUNNING_MPC
403.6124658584595,RUNNING_MPC
403.69242429733276,RUNNING_MPC
403.77230501174927,RUNNING_MPC
403.8524968624115,RUNNING_MPC
403.9325249195099,RUNNING_MPC
404.01249957084656,RUNNING_MPC
404.0927503108978,RUNNING_MPC
404.17249155044556,RUNNING_MPC
404.2524435520172,RUNNING_MPC
404.33263897895813,RUNNING_MPC
404.41244435310364,RUNNING_MPC
404.49235010147095,RUNNING_MPC
404.57238721847534,RUNNING_MPC
404.65241622924805,RUNNING_MPC
404.73273181915283,RUNNING_MPC
404.81281447410583,RUNNING_MPC
404.89220786094666,RUNNING_MPC
404.9734787940979,RUNNING_MPC
405.0524682998657,RUNNING_MPC
405.13272738456726,RUNNING_MPC
405.21246886253357,RUNNING_MPC
405.29246830940247,RUNNING_MPC
405.37245202064514,RUNNING_MPC
405.45257091522217,RUNNING_MPC
405.53255820274353,RUNNING_MPC
405.61229634284973,RUNNING_MPC
405.6923391819,RUNNING_MPC
405.77278208732605,RUNNING_MPC
405.85235691070557,RUNNING_MPC
405.9324281215668,RUNNING_MPC
406.013165473938,RUNNING_MPC
406.0927731990814,RUNNING_MPC
406.1723721027374,RUNNING_MPC
406.25253462791443,RUNNING_MPC
406.3325800895691,RUNNING_MPC
406.4124639034271,RUNNING_MPC
406.4924683570862,RUNNING_MPC
406.572434425354,RUNNING_MPC
406.6524715423584,RUNNING_MPC
406.7324929237366,RUNNING_MPC
406.8125958442688,RUNNING_MPC
406.89248299598694,RUNNING_MPC
406.9725205898285,RUNNING_MPC
407.0524892807007,RUNNING_MPC
407.1325786113739,RUNNING_MPC
407.2126371860504,RUNNING_MPC
407.2923593521118,RUNNING_MPC
407.37307572364807,RUNNING_MPC
407.45240116119385,RUNNING_MPC
407.5323350429535,RUNNING_MPC
407.6123785972595,RUNNING_MPC
407.6923096179962,RUNNING_MPC
407.7725477218628,RUNNING_MPC
407.852486371994,RUNNING_MPC
407.93230080604553,RUNNING_MPC
408.01226353645325,RUNNING_MPC
408.09217715263367,RUNNING_MPC
408.17249035835266,RUNNING_MPC
408.25250482559204,RUNNING_MPC
408.332998752594,RUNNING_MPC
408.412394285202,RUNNING_MPC
408.4921226501465,RUNNING_MPC
408.5724906921387,RUNNING_MPC
408.6524703502655,RUNNING_MPC
408.7326650619507,RUNNING_MPC
408.8123450279236,RUNNING_MPC
408.89231753349304,RUNNING_MPC
408.9724748134613,RUNNING_MPC
409.05307269096375,RUNNING_MPC
409.1326005458832,RUNNING_MPC
409.21257400512695,RUNNING_MPC
409.2933177947998,RUNNING_MPC
409.3723213672638,RUNNING_MPC
409.45243883132935,RUNNING_MPC
409.5323431491852,RUNNING_MPC
409.6123971939087,RUNNING_MPC
409.692298412323,RUNNING_MPC
409.77232217788696,RUNNING_MPC
409.8523907661438,RUNNING_MPC
409.93230175971985,RUNNING_MPC
410.0122745037079,RUNNING_MPC
410.09221959114075,RUNNING_MPC
410.1728370189667,RUNNING_MPC
410.2525668144226,RUNNING_MPC
410.33241176605225,RUNNING_MPC
410.41260409355164,RUNNING_MPC
410.492552280426,RUNNING_MPC
410.5723283290863,RUNNING_MPC
410.652752161026,RUNNING_MPC
410.73269748687744,RUNNING_MPC
410.812686920166,RUNNING_MPC
410.89317989349365,RUNNING_MPC
410.97234892845154,RUNNING_MPC
411.0525758266449,RUNNING_MPC
411.1323857307434,RUNNING_MPC
411.2124617099762,RUNNING_MPC
411.2922420501709,RUNNING_MPC
411.3723340034485,RUNNING_MPC
411.45244121551514,RUNNING_MPC
411.53256583213806,RUNNING_MPC
411.61242938041687,RUNNING_MPC
411.6926112174988,RUNNING_MPC
411.7724652290344,RUNNING_MPC
411.85230898857117,RUNNING_MPC
411.9324655532837,RUNNING_MPC
412.01251792907715,RUNNING_MPC
412.0923852920532,RUNNING_MPC
412.17236256599426,RUNNING_MPC
412.25242042541504,RUNNING_MPC
412.33218121528625,RUNNING_MPC
412.41269040107727,RUNNING_MPC
412.4925684928894,RUNNING_MPC
412.5725030899048,RUNNING_MPC
412.6525375843048,RUNNING_MPC
412.7322955131531,RUNNING_MPC
412.8123981952667,RUNNING_MPC
412.89219307899475,RUNNING_MPC
412.9723930358887,RUNNING_MPC
413.0523507595062,RUNNING_MPC
413.13308358192444,RUNNING_MPC
413.2130138874054,RUNNING_MPC
413.29206800460815,RUNNING_MPC
413.3721857070923,RUNNING_MPC
413.4522933959961,RUNNING_MPC
413.53277373313904,RUNNING_MPC
413.6122612953186,RUNNING_MPC
413.6922152042389,RUNNING_MPC
413.7724027633667,RUNNING_MPC
413.85236954689026,RUNNING_MPC
413.9323375225067,RUNNING_MPC
414.01231241226196,RUNNING_MPC
414.09198355674744,RUNNING_MPC
414.1723256111145,RUNNING_MPC
414.2525556087494,RUNNING_MPC
414.33284854888916,RUNNING_MPC
414.4127745628357,RUNNING_MPC
414.4922022819519,RUNNING_MPC
414.5731511116028,RUNNING_MPC
414.65244126319885,RUNNING_MPC
414.7324378490448,RUNNING_MPC
414.81237053871155,RUNNING_MPC
414.89239144325256,RUNNING_MPC
414.9753966331482,RUNNING_MPC
415.05253434181213,RUNNING_MPC
415.1325249671936,RUNNING_MPC
415.2124755382538,RUNNING_MPC
415.2922341823578,RUNNING_MPC
415.37235140800476,RUNNING_MPC
415.4528410434723,RUNNING_MPC
415.53236722946167,RUNNING_MPC
415.61245226860046,RUNNING_MPC
415.69236397743225,RUNNING_MPC
415.772403717041,RUNNING_MPC
415.85275435447693,RUNNING_MPC
415.9324688911438,RUNNING_MPC
416.012348651886,RUNNING_MPC
416.0923647880554,RUNNING_MPC
416.17226243019104,RUNNING_MPC
416.2523424625397,RUNNING_MPC
416.3324544429779,RUNNING_MPC
416.4124391078949,RUNNING_MPC
416.4920334815979,RUNNING_MPC
416.5726172924042,RUNNING_MPC
416.6525824069977,RUNNING_MPC
416.73254108428955,RUNNING_MPC
416.81235218048096,RUNNING_MPC
416.8922381401062,RUNNING_MPC
416.972430229187,RUNNING_MPC
417.05277705192566,RUNNING_MPC
417.13247179985046,RUNNING_MPC
417.2125918865204,RUNNING_MPC
417.2922761440277,RUNNING_MPC
417.37230038642883,RUNNING_MPC
417.4531650543213,RUNNING_MPC
417.5321445465088,RUNNING_MPC
417.61244225502014,RUNNING_MPC
417.6919996738434,RUNNING_MPC
417.7722749710083,RUNNING_MPC
417.85247445106506,RUNNING_MPC
417.9323365688324,RUNNING_MPC
418.0122630596161,RUNNING_MPC
418.0920829772949,RUNNING_MPC
418.1722323894501,RUNNING_MPC
418.25242805480957,RUNNING_MPC
418.33246660232544,RUNNING_MPC
418.4124479293823,RUNNING_MPC
418.49217414855957,RUNNING_MPC
418.57226753234863,RUNNING_MPC
418.65232729911804,RUNNING_MPC
418.73224115371704,RUNNING_MPC
418.8123767375946,RUNNING_MPC
418.891987323761,RUNNING_MPC
418.9723107814789,RUNNING_MPC
419.0524015426636,RUNNING_MPC
419.1323983669281,RUNNING_MPC
419.21265745162964,RUNNING_MPC
419.29231429100037,RUNNING_MPC
419.3721749782562,RUNNING_MPC
419.45218777656555,RUNNING_MPC
419.532164812088,RUNNING_MPC
419.6122317314148,RUNNING_MPC
419.6921319961548,RUNNING_MPC
419.7722473144531,RUNNING_MPC
419.85253381729126,RUNNING_MPC
419.93223309516907,RUNNING_MPC
420.01230478286743,RUNNING_MPC
420.0919814109802,RUNNING_MPC
420.1722526550293,RUNNING_MPC
420.2523617744446,RUNNING_MPC
420.33213448524475,RUNNING_MPC
420.4124791622162,RUNNING_MPC
420.492075920105,RUNNING_MPC
420.572377204895,RUNNING_MPC
420.6523551940918,RUNNING_MPC
420.7321925163269,RUNNING_MPC
420.8124723434448,RUNNING_MPC
420.89210748672485,RUNNING_MPC
420.9724826812744,RUNNING_MPC
421.0527968406677,RUNNING_MPC
421.132390499115,RUNNING_MPC
421.21246218681335,RUNNING_MPC
421.2920706272125,RUNNING_MPC
421.3722114562988,RUNNING_MPC
421.4524438381195,RUNNING_MPC
421.53198313713074,RUNNING_MPC
421.6120789051056,RUNNING_MPC
421.69208312034607,RUNNING_MPC
421.7723090648651,RUNNING_MPC
421.85255575180054,RUNNING_MPC
421.9321291446686,RUNNING_MPC
422.01213550567627,RUNNING_MPC
422.09205770492554,RUNNING_MPC
422.17216873168945,RUNNING_MPC
422.25238490104675,RUNNING_MPC
422.33285903930664,RUNNING_MPC
422.412312746048,RUNNING_MPC
422.49206137657166,RUNNING_MPC
422.57224130630493,RUNNING_MPC
422.6520712375641,RUNNING_MPC
422.7321915626526,RUNNING_MPC
422.8136348724365,RUNNING_MPC
422.8918421268463,RUNNING_MPC
422.9724335670471,RUNNING_MPC
423.05221819877625,RUNNING_MPC
423.1321403980255,RUNNING_MPC
423.21222972869873,RUNNING_MPC
423.29216289520264,RUNNING_MPC
423.37220287323,RUNNING_MPC
423.45215249061584,RUNNING_MPC
423.532559633255,RUNNING_MPC
423.61236238479614,RUNNING_MPC
423.6921272277832,RUNNING_MPC
423.77208709716797,RUNNING_MPC
423.85218691825867,RUNNING_MPC
423.93224000930786,RUNNING_MPC
424.01227378845215,RUNNING_MPC
424.091903924942,RUNNING_MPC
424.1721725463867,RUNNING_MPC
424.25279784202576,RUNNING_MPC
424.3328492641449,RUNNING_MPC
424.41213726997375,RUNNING_MPC
424.49234771728516,RUNNING_MPC
424.5725884437561,RUNNING_MPC
424.65239238739014,RUNNING_MPC
424.7323877811432,RUNNING_MPC
424.8122022151947,RUNNING_MPC
424.8919322490692,RUNNING_MPC
424.9722526073456,RUNNING_MPC
425.0522904396057,RUNNING_MPC
425.1321852207184,RUNNING_MPC
425.2123906612396,RUNNING_MPC
425.29190325737,RUNNING_MPC
425.3720200061798,RUNNING_MPC
425.45223903656006,RUNNING_MPC
425.53204822540283,RUNNING_MPC
425.61225628852844,RUNNING_MPC
425.69196677207947,RUNNING_MPC
425.77240800857544,RUNNING_MPC
425.8523714542389,RUNNING_MPC
425.9323351383209,RUNNING_MPC
426.0123472213745,RUNNING_MPC
426.0919523239136,RUNNING_MPC
426.1721475124359,RUNNING_MPC
426.252236366272,RUNNING_MPC
426.33224630355835,RUNNING_MPC
426.4123637676239,RUNNING_MPC
426.49225401878357,RUNNING_MPC
426.57203698158264,RUNNING_MPC
426.6522104740143,RUNNING_MPC
426.7321345806122,RUNNING_MPC
426.8120629787445,RUNNING_MPC
426.8920216560364,RUNNING_MPC
426.97213411331177,RUNNING_MPC
427.0522367954254,RUNNING_MPC
427.1326937675476,RUNNING_MPC
427.2124047279358,RUNNING_MPC
427.2919273376465,RUNNING_MPC
427.37202739715576,RUNNING_MPC
427.4521863460541,RUNNING_MPC
427.53217911720276,RUNNING_MPC
427.61222529411316,RUNNING_MPC
427.6924149990082,RUNNING_MPC
427.772176027298,RUNNING_MPC
427.8530361652374,RUNNING_MPC
427.93211364746094,RUNNING_MPC
428.0122244358063,RUNNING_MPC
428.09224224090576,RUNNING_MPC
428.1722536087036,RUNNING_MPC
428.2519702911377,RUNNING_MPC
428.3322536945343,RUNNING_MPC
428.412184715271,RUNNING_MPC
428.4920883178711,RUNNING_MPC
428.57211327552795,RUNNING_MPC
428.6521141529083,RUNNING_MPC
428.7322018146515,RUNNING_MPC
428.81229400634766,RUNNING_MPC
428.8918490409851,RUNNING_MPC
428.97220396995544,RUNNING_MPC
429.05308628082275,RUNNING_MPC
429.1323456764221,RUNNING_MPC
429.2127637863159,RUNNING_MPC
429.2919352054596,RUNNING_MPC
429.37221240997314,RUNNING_MPC
429.4521903991699,RUNNING_MPC
429.53216314315796,RUNNING_MPC
429.6121368408203,RUNNING_MPC
429.6920967102051,RUNNING_MPC
429.7723159790039,RUNNING_MPC
429.85211277008057,RUNNING_MPC
429.932249546051,RUNNING_MPC
430.0123016834259,RUNNING_MPC
430.09214878082275,RUNNING_MPC
430.1720073223114,RUNNING_MPC
430.25217056274414,RUNNING_MPC
430.33201241493225,RUNNING_MPC
430.41233348846436,RUNNING_MPC
430.4920222759247,RUNNING_MPC
430.5721986293793,RUNNING_MPC
430.6523711681366,RUNNING_MPC
430.7328929901123,RUNNING_MPC
430.8121609687805,RUNNING_MPC
430.8920636177063,RUNNING_MPC
430.9721128940582,RUNNING_MPC
431.05235052108765,RUNNING_MPC
431.13296270370483,RUNNING_MPC
431.212331533432,RUNNING_MPC
431.2921447753906,RUNNING_MPC
431.37213468551636,RUNNING_MPC
431.4523174762726,RUNNING_MPC
431.53242683410645,RUNNING_MPC
431.61225867271423,RUNNING_MPC
431.69201731681824,RUNNING_MPC
431.77215361595154,RUNNING_MPC
431.8519546985626,RUNNING_MPC
431.9321300983429,RUNNING_MPC
432.0120515823364,RUNNING_MPC
432.092022895813,RUNNING_MPC
432.1723144054413,RUNNING_MPC
432.2527425289154,RUNNING_MPC
432.3320827484131,RUNNING_MPC
432.4121162891388,RUNNING_MPC
432.49201798439026,RUNNING_MPC
432.5721204280853,RUNNING_MPC
432.65256547927856,RUNNING_MPC
432.7320954799652,RUNNING_MPC
432.81219506263733,RUNNING_MPC
432.8921399116516,RUNNING_MPC
432.97242403030396,RUNNING_MPC
433.0523827075958,RUNNING_MPC
433.1321783065796,RUNNING_MPC
433.2121431827545,RUNNING_MPC
433.29233407974243,RUNNING_MPC
433.3720021247864,RUNNING_MPC
433.45191073417664,RUNNING_MPC
433.5323133468628,RUNNING_MPC
433.61319398880005,RUNNING_MPC
433.6921317577362,RUNNING_MPC
433.7721908092499,RUNNING_MPC
433.852294921875,RUNNING_MPC
433.93254375457764,RUNNING_MPC
434.0123815536499,RUNNING_MPC
434.09192395210266,RUNNING_MPC
434.1722643375397,RUNNING_MPC
434.2522084712982,RUNNING_MPC
434.33221435546875,RUNNING_MPC
434.4121832847595,RUNNING_MPC
434.49206733703613,RUNNING_MPC
434.5720889568329,RUNNING_MPC
434.6522343158722,RUNNING_MPC
434.73234009742737,RUNNING_MPC
434.81217527389526,RUNNING_MPC
434.89230275154114,RUNNING_MPC
434.9722936153412,RUNNING_MPC
435.0522630214691,RUNNING_MPC
435.1320445537567,RUNNING_MPC
435.21262407302856,RUNNING_MPC
435.2924404144287,RUNNING_MPC
435.3720979690552,RUNNING_MPC
435.4521059989929,RUNNING_MPC
435.53248715400696,RUNNING_MPC
435.61217975616455,RUNNING_MPC
435.6921019554138,RUNNING_MPC
435.7722613811493,RUNNING_MPC
435.85215997695923,RUNNING_MPC
435.9319236278534,RUNNING_MPC
436.01208305358887,RUNNING_MPC
436.0920889377594,RUNNING_MPC
436.1720542907715,RUNNING_MPC
436.25211930274963,RUNNING_MPC
436.33215403556824,RUNNING_MPC
436.4123866558075,RUNNING_MPC
436.4928078651428,RUNNING_MPC
436.5726788043976,RUNNING_MPC
436.6523416042328,RUNNING_MPC
436.7326400279999,RUNNING_MPC
436.8120291233063,RUNNING_MPC
436.89198327064514,RUNNING_MPC
436.97210907936096,RUNNING_MPC
437.0523250102997,RUNNING_MPC
437.13296842575073,RUNNING_MPC
437.2122440338135,RUNNING_MPC
437.2919862270355,RUNNING_MPC
437.37263083457947,RUNNING_MPC
437.4520745277405,RUNNING_MPC
437.5318868160248,RUNNING_MPC
437.61214232444763,RUNNING_MPC
437.6918730735779,RUNNING_MPC
437.77205657958984,RUNNING_MPC
437.85196137428284,RUNNING_MPC
437.932071685791,RUNNING_MPC
438.0121319293976,RUNNING_MPC
438.09174633026123,RUNNING_MPC
438.17202520370483,RUNNING_MPC
438.25295329093933,RUNNING_MPC
438.333877325058,RUNNING_MPC
438.4122235774994,RUNNING_MPC
438.49202966690063,RUNNING_MPC
438.57196140289307,RUNNING_MPC
438.6522421836853,RUNNING_MPC
438.7319564819336,RUNNING_MPC
438.81317257881165,RUNNING_MPC
438.89222478866577,RUNNING_MPC
438.9721179008484,RUNNING_MPC
439.0522131919861,RUNNING_MPC
439.1321671009064,RUNNING_MPC
439.21305751800537,RUNNING_MPC
439.2919023036957,RUNNING_MPC
439.37303161621094,RUNNING_MPC
439.4519374370575,RUNNING_MPC
439.5320110321045,RUNNING_MPC
439.6120765209198,RUNNING_MPC
439.692223072052,RUNNING_MPC
439.7720046043396,RUNNING_MPC
439.8522140979767,RUNNING_MPC
439.9322295188904,RUNNING_MPC
440.0120484828949,RUNNING_MPC
440.0918323993683,RUNNING_MPC
440.171941280365,RUNNING_MPC
440.25196409225464,RUNNING_MPC
440.3319227695465,RUNNING_MPC
440.41237354278564,RUNNING_MPC
440.49168038368225,RUNNING_MPC
440.5720474720001,RUNNING_MPC
440.65234422683716,RUNNING_MPC
440.73207569122314,RUNNING_MPC
440.8122465610504,RUNNING_MPC
440.89213705062866,RUNNING_MPC
440.9727478027344,RUNNING_MPC
441.05209946632385,RUNNING_MPC
441.13212180137634,RUNNING_MPC
441.2118480205536,RUNNING_MPC
441.29171872138977,RUNNING_MPC
441.3720362186432,RUNNING_MPC
441.4519419670105,RUNNING_MPC
441.5319766998291,RUNNING_MPC
441.61187767982483,RUNNING_MPC
441.6919322013855,RUNNING_MPC
441.7720150947571,RUNNING_MPC
441.8521077632904,RUNNING_MPC
441.9320912361145,RUNNING_MPC
442.0120937824249,RUNNING_MPC
442.09211444854736,RUNNING_MPC
442.17257261276245,RUNNING_MPC
442.2526695728302,RUNNING_MPC
442.3320004940033,RUNNING_MPC
442.41200280189514,RUNNING_MPC
442.49227499961853,RUNNING_MPC
442.5719635486603,RUNNING_MPC
442.65201210975647,RUNNING_MPC
442.73194217681885,RUNNING_MPC
442.8118712902069,RUNNING_MPC
442.8918595314026,RUNNING_MPC
442.97203373908997,RUNNING_MPC
443.0526213645935,RUNNING_MPC
443.13198256492615,RUNNING_MPC
443.21276211738586,RUNNING_MPC
443.29200434684753,RUNNING_MPC
443.3721525669098,RUNNING_MPC
443.45213174819946,RUNNING_MPC
443.5319721698761,RUNNING_MPC
443.6119258403778,RUNNING_MPC
443.6920163631439,RUNNING_MPC
443.77197337150574,RUNNING_MPC
443.8521840572357,RUNNING_MPC
443.93206000328064,RUNNING_MPC
444.0118989944458,RUNNING_MPC
444.0919859409332,RUNNING_MPC
444.17188692092896,RUNNING_MPC
444.25221824645996,RUNNING_MPC
444.3319339752197,RUNNING_MPC
444.411958694458,RUNNING_MPC
444.49198746681213,RUNNING_MPC
444.57197880744934,RUNNING_MPC
444.65198826789856,RUNNING_MPC
444.7320625782013,RUNNING_MPC
444.8120336532593,RUNNING_MPC
444.89177417755127,RUNNING_MPC
444.97195053100586,RUNNING_MPC
445.0522110462189,RUNNING_MPC
445.13189220428467,RUNNING_MPC
445.21186089515686,RUNNING_MPC
445.29192066192627,RUNNING_MPC
445.3719654083252,RUNNING_MPC
445.4519875049591,RUNNING_MPC
445.5320255756378,RUNNING_MPC
445.6118006706238,RUNNING_MPC
445.69184851646423,RUNNING_MPC
445.77209758758545,RUNNING_MPC
445.85234236717224,RUNNING_MPC
445.93197083473206,RUNNING_MPC
446.01187229156494,RUNNING_MPC
446.09292697906494,RUNNING_MPC
446.1720039844513,RUNNING_MPC
446.2520294189453,RUNNING_MPC
446.3322699069977,RUNNING_MPC
446.41180324554443,RUNNING_MPC
446.4919550418854,RUNNING_MPC
446.57201647758484,RUNNING_MPC
446.65199756622314,RUNNING_MPC
446.7319209575653,RUNNING_MPC
446.8119390010834,RUNNING_MPC
446.89176893234253,RUNNING_MPC
446.97191047668457,RUNNING_MPC
447.0520091056824,RUNNING_MPC
447.1321177482605,RUNNING_MPC
447.2118923664093,RUNNING_MPC
447.291695356369,RUNNING_MPC
447.3720533847809,RUNNING_MPC
447.45209789276123,RUNNING_MPC
447.53200817108154,RUNNING_MPC
447.6118097305298,RUNNING_MPC
447.69176959991455,RUNNING_MPC
447.7718873023987,RUNNING_MPC
447.8520154953003,RUNNING_MPC
447.9320755004883,RUNNING_MPC
448.01198172569275,RUNNING_MPC
448.09158539772034,RUNNING_MPC
448.1720070838928,RUNNING_MPC
448.2520728111267,RUNNING_MPC
448.3319253921509,RUNNING_MPC
448.41206789016724,RUNNING_MPC
448.49166655540466,RUNNING_MPC
448.5721387863159,RUNNING_MPC
448.6520564556122,RUNNING_MPC
448.7319350242615,RUNNING_MPC
448.8122522830963,RUNNING_MPC
448.89158606529236,RUNNING_MPC
448.97225642204285,RUNNING_MPC
449.052054643631,RUNNING_MPC
449.13215494155884,RUNNING_MPC
449.21190643310547,RUNNING_MPC
449.29204416275024,RUNNING_MPC
449.37186455726624,RUNNING_MPC
449.4523208141327,RUNNING_MPC
449.5319359302521,RUNNING_MPC
449.6117293834686,RUNNING_MPC
449.6918363571167,RUNNING_MPC
449.77187943458557,RUNNING_MPC
449.85236716270447,RUNNING_MPC
449.93215322494507,RUNNING_MPC
450.01190972328186,RUNNING_MPC
450.0917317867279,RUNNING_MPC
450.1718406677246,RUNNING_MPC
450.25203824043274,RUNNING_MPC
450.33189368247986,RUNNING_MPC
450.4118616580963,RUNNING_MPC
450.4915807247162,RUNNING_MPC
450.5719268321991,RUNNING_MPC
450.6526207923889,RUNNING_MPC
450.7326807975769,RUNNING_MPC
450.81245732307434,RUNNING_MPC
450.8918192386627,RUNNING_MPC
450.971951007843,RUNNING_MPC
451.0520899295807,RUNNING_MPC
451.13172912597656,RUNNING_MPC
451.2120325565338,RUNNING_MPC
451.29172229766846,RUNNING_MPC
451.3719971179962,RUNNING_MPC
451.4522702693939,RUNNING_MPC
451.53200602531433,RUNNING_MPC
451.6119546890259,RUNNING_MPC
451.69312500953674,RUNNING_MPC
451.7719519138336,RUNNING_MPC
451.8525152206421,RUNNING_MPC
451.93195724487305,RUNNING_MPC
452.01195216178894,RUNNING_MPC
452.0916676521301,RUNNING_MPC
452.1717920303345,RUNNING_MPC
452.25185775756836,RUNNING_MPC
452.33178782463074,RUNNING_MPC
452.4119756221771,RUNNING_MPC
452.49197578430176,RUNNING_MPC
452.5720977783203,RUNNING_MPC
452.6523404121399,RUNNING_MPC
452.731769323349,RUNNING_MPC
452.81200218200684,RUNNING_MPC
452.89181637763977,RUNNING_MPC
452.9721076488495,RUNNING_MPC
453.05205035209656,RUNNING_MPC
453.1318771839142,RUNNING_MPC
453.2118179798126,RUNNING_MPC
453.29170536994934,RUNNING_MPC
453.3719868659973,RUNNING_MPC
453.45184445381165,RUNNING_MPC
453.5321846008301,RUNNING_MPC
453.6120750904083,RUNNING_MPC
453.6916854381561,RUNNING_MPC
453.7719798088074,RUNNING_MPC
453.8517806529999,RUNNING_MPC
453.9317660331726,RUNNING_MPC
454.01201343536377,RUNNING_MPC
454.0917899608612,RUNNING_MPC
454.17190170288086,RUNNING_MPC
454.25190806388855,RUNNING_MPC
454.33189702033997,RUNNING_MPC
454.4118957519531,RUNNING_MPC
454.49309611320496,RUNNING_MPC
454.57191133499146,RUNNING_MPC
454.65212202072144,RUNNING_MPC
454.73205041885376,RUNNING_MPC
454.81185150146484,RUNNING_MPC
454.893034696579,RUNNING_MPC
454.9719021320343,RUNNING_MPC
455.05218482017517,RUNNING_MPC
455.131813287735,RUNNING_MPC
455.21197962760925,RUNNING_MPC
455.2915961742401,RUNNING_MPC
455.3719120025635,RUNNING_MPC
455.45183062553406,RUNNING_MPC
455.5320110321045,RUNNING_MPC
455.6117935180664,RUNNING_MPC
455.69168615341187,RUNNING_MPC
455.7717492580414,RUNNING_MPC
455.8518466949463,RUNNING_MPC
455.9317932128906,RUNNING_MPC
456.01197814941406,RUNNING_MPC
456.0916485786438,RUNNING_MPC
456.17185401916504,RUNNING_MPC
456.25226187705994,RUNNING_MPC
456.3318438529968,RUNNING_MPC
456.41199016571045,RUNNING_MPC
456.4916729927063,RUNNING_MPC
456.57249307632446,RUNNING_MPC
456.65318274497986,RUNNING_MPC
456.7320992946625,RUNNING_MPC
456.81216526031494,RUNNING_MPC
456.89189553260803,RUNNING_MPC
456.97185826301575,RUNNING_MPC
457.0528373718262,RUNNING_MPC
457.1320424079895,RUNNING_MPC
457.2117726802826,RUNNING_MPC
457.2918496131897,RUNNING_MPC
457.37196159362793,RUNNING_MPC
457.45182943344116,RUNNING_MPC
457.53240847587585,RUNNING_MPC
457.612313747406,RUNNING_MPC
457.69178009033203,RUNNING_MPC
457.7717616558075,RUNNING_MPC
457.8519973754883,RUNNING_MPC
457.93178606033325,RUNNING_MPC
458.0122194290161,RUNNING_MPC
458.09180521965027,RUNNING_MPC
458.17166209220886,RUNNING_MPC
458.25161027908325,RUNNING_MPC
458.33184933662415,RUNNING_MPC
458.4117794036865,RUNNING_MPC
458.49174404144287,RUNNING_MPC
458.5719242095947,RUNNING_MPC
458.6521043777466,RUNNING_MPC
458.73214626312256,RUNNING_MPC
458.8119008541107,RUNNING_MPC
458.8918740749359,RUNNING_MPC
458.9723119735718,RUNNING_MPC
459.0520701408386,RUNNING_MPC
459.1318848133087,RUNNING_MPC
459.2119891643524,RUNNING_MPC
459.29326367378235,RUNNING_MPC
459.37184023857117,RUNNING_MPC
459.45327258110046,RUNNING_MPC
459.5319883823395,RUNNING_MPC
459.6116681098938,RUNNING_MPC
459.6915476322174,RUNNING_MPC
459.7718081474304,RUNNING_MPC
459.8519275188446,RUNNING_MPC
459.93194556236267,RUNNING_MPC
460.0118772983551,RUNNING_MPC
460.09144711494446,RUNNING_MPC
460.17187690734863,RUNNING_MPC
460.2522382736206,RUNNING_MPC
460.3315691947937,RUNNING_MPC
460.41198992729187,RUNNING_MPC
460.49178814888,RUNNING_MPC
460.57202339172363,RUNNING_MPC
460.65202617645264,RUNNING_MPC
460.7319505214691,RUNNING_MPC
460.8119719028473,RUNNING_MPC
460.89149355888367,RUNNING_MPC
460.97193241119385,RUNNING_MPC
461.0523192882538,RUNNING_MPC
461.1318106651306,RUNNING_MPC
461.21191668510437,RUNNING_MPC
461.2915208339691,RUNNING_MPC
461.3719322681427,RUNNING_MPC
461.4517698287964,RUNNING_MPC
461.53208112716675,RUNNING_MPC
461.61197566986084,RUNNING_MPC
461.6916472911835,RUNNING_MPC
461.77157711982727,RUNNING_MPC
461.8518123626709,RUNNING_MPC
461.9318301677704,RUNNING_MPC
462.0118794441223,RUNNING_MPC
462.0915949344635,RUNNING_MPC
462.17181968688965,RUNNING_MPC
462.2519648075104,RUNNING_MPC
462.3319766521454,RUNNING_MPC
462.4119565486908,RUNNING_MPC
462.49168634414673,RUNNING_MPC
462.5719692707062,RUNNING_MPC
462.65175437927246,RUNNING_MPC
462.7349331378937,RUNNING_MPC
462.81240344047546,RUNNING_MPC
462.8916289806366,RUNNING_MPC
462.97186040878296,RUNNING_MPC
463.05206751823425,RUNNING_MPC
463.1319818496704,RUNNING_MPC
463.2127134799957,RUNNING_MPC
463.2915334701538,RUNNING_MPC
463.3717739582062,RUNNING_MPC
463.45187973976135,RUNNING_MPC
463.53176522254944,RUNNING_MPC
463.61169815063477,RUNNING_MPC
463.6914167404175,RUNNING_MPC
463.77168440818787,RUNNING_MPC
463.8519096374512,RUNNING_MPC
463.9322097301483,RUNNING_MPC
464.0120413303375,RUNNING_MPC
464.0915868282318,RUNNING_MPC
464.17165207862854,RUNNING_MPC
464.2518062591553,RUNNING_MPC
464.33174180984497,RUNNING_MPC
464.4116973876953,RUNNING_MPC
464.4915997982025,RUNNING_MPC
464.5719118118286,RUNNING_MPC
464.6517426967621,RUNNING_MPC
464.7315979003906,RUNNING_MPC
464.8116216659546,RUNNING_MPC
464.89142084121704,RUNNING_MPC
464.9716215133667,RUNNING_MPC
465.0516233444214,RUNNING_MPC
465.13179898262024,RUNNING_MPC
465.21175479888916,RUNNING_MPC
465.2914397716522,RUNNING_MPC
465.3716652393341,RUNNING_MPC
465.45175671577454,RUNNING_MPC
465.53167390823364,RUNNING_MPC
465.6120398044586,RUNNING_MPC
465.6915934085846,RUNNING_MPC
465.7716429233551,RUNNING_MPC
465.85221672058105,RUNNING_MPC
465.93159437179565,RUNNING_MPC
466.0120220184326,RUNNING_MPC
466.09147095680237,RUNNING_MPC
466.17186546325684,RUNNING_MPC
466.2518136501312,RUNNING_MPC
466.331835269928,RUNNING_MPC
466.41168332099915,RUNNING_MPC
466.4922549724579,RUNNING_MPC
466.5716323852539,RUNNING_MPC
466.6516418457031,RUNNING_MPC
466.7315983772278,RUNNING_MPC
466.81173849105835,RUNNING_MPC
466.8915345668793,RUNNING_MPC
466.97173404693604,RUNNING_MPC
467.0517454147339,RUNNING_MPC
467.1317002773285,RUNNING_MPC
467.21623706817627,RUNNING_MPC
467.2931160926819,RUNNING_MPC
467.37275195121765,RUNNING_MPC
467.4519307613373,RUNNING_MPC
467.53171038627625,RUNNING_MPC
467.6117467880249,RUNNING_MPC
467.6916995048523,RUNNING_MPC
467.771666765213,RUNNING_MPC
467.851646900177,RUNNING_MPC
467.93154311180115,RUNNING_MPC
468.01167154312134,RUNNING_MPC
468.0919225215912,RUNNING_MPC
468.17188715934753,RUNNING_MPC
468.2521011829376,RUNNING_MPC
468.33155488967896,RUNNING_MPC
468.41176772117615,RUNNING_MPC
468.4914879798889,RUNNING_MPC
468.571674823761,RUNNING_MPC
468.6528904438019,RUNNING_MPC
468.7316086292267,RUNNING_MPC
468.81162428855896,RUNNING_MPC
468.8914124965668,RUNNING_MPC
468.97167778015137,RUNNING_MPC
469.0516195297241,RUNNING_MPC
469.1316292285919,RUNNING_MPC
469.21168780326843,RUNNING_MPC
469.29148173332214,RUNNING_MPC
469.3716802597046,RUNNING_MPC
469.4527790546417,RUNNING_MPC
469.5315957069397,RUNNING_MPC
469.6115827560425,RUNNING_MPC
469.6916015148163,RUNNING_MPC
469.7729172706604,RUNNING_MPC
469.8516037464142,RUNNING_MPC
469.9316761493683,RUNNING_MPC
470.01173067092896,RUNNING_MPC
470.0915606021881,RUNNING_MPC
470.1715393066406,RUNNING_MPC
470.2516689300537,RUNNING_MPC
470.3319528102875,RUNNING_MPC
470.41170740127563,RUNNING_MPC
470.491660118103,RUNNING_MPC
470.57197642326355,RUNNING_MPC
470.6515395641327,RUNNING_MPC
470.73166036605835,RUNNING_MPC
470.81177854537964,RUNNING_MPC
470.8915846347809,RUNNING_MPC
470.9716694355011,RUNNING_MPC
471.0516793727875,RUNNING_MPC
471.1317386627197,RUNNING_MPC
471.21165680885315,RUNNING_MPC
471.2915997505188,RUNNING_MPC
471.37161779403687,RUNNING_MPC
471.45183801651,RUNNING_MPC
471.5317163467407,RUNNING_MPC
471.61163210868835,RUNNING_MPC
471.6932601928711,RUNNING_MPC
471.7720773220062,RUNNING_MPC
471.8516824245453,RUNNING_MPC
471.9319100379944,RUNNING_MPC
472.0118703842163,RUNNING_MPC
472.0915102958679,RUNNING_MPC
472.17160749435425,RUNNING_MPC
472.25152230262756,RUNNING_MPC
472.33161187171936,RUNNING_MPC
472.41180753707886,RUNNING_MPC
472.49143528938293,RUNNING_MPC
472.5717487335205,RUNNING_MPC
472.6515362262726,RUNNING_MPC
472.7315526008606,RUNNING_MPC
472.8116660118103,RUNNING_MPC
472.8918342590332,RUNNING_MPC
472.9716763496399,RUNNING_MPC
473.05173921585083,RUNNING_MPC
473.13164043426514,RUNNING_MPC
473.21149826049805,RUNNING_MPC
473.29168605804443,RUNNING_MPC
473.3715567588806,RUNNING_MPC
473.4517171382904,RUNNING_MPC
473.53148913383484,RUNNING_MPC
473.6120102405548,RUNNING_MPC
473.6912989616394,RUNNING_MPC
473.7714946269989,RUNNING_MPC
473.85157322883606,RUNNING_MPC
473.93173456192017,RUNNING_MPC
474.0116012096405,RUNNING_MPC
474.0917706489563,RUNNING_MPC
474.17149233818054,RUNNING_MPC
474.25164818763733,RUNNING_MPC
474.33181738853455,RUNNING_MPC
474.4117286205292,RUNNING_MPC
474.49169635772705,RUNNING_MPC
474.57171869277954,RUNNING_MPC
474.65157198905945,RUNNING_MPC
474.73192739486694,RUNNING_MPC
474.8117220401764,RUNNING_MPC
474.8919551372528,RUNNING_MPC
474.97173619270325,RUNNING_MPC
475.05180859565735,RUNNING_MPC
475.1317584514618,RUNNING_MPC
475.21156430244446,RUNNING_MPC
475.2917776107788,RUNNING_MPC
475.37162017822266,RUNNING_MPC
475.4515280723572,RUNNING_MPC
475.5317225456238,RUNNING_MPC
475.61162877082825,RUNNING_MPC
475.6918432712555,RUNNING_MPC
475.7717618942261,RUNNING_MPC
475.85198068618774,RUNNING_MPC
475.9316918849945,RUNNING_MPC
476.0116786956787,RUNNING_MPC
476.09210562705994,RUNNING_MPC
476.1759786605835,RUNNING_MPC
476.25267934799194,RUNNING_MPC
476.3323905467987,RUNNING_MPC
476.41398000717163,RUNNING_MPC
476.49132442474365,RUNNING_MPC
476.5717239379883,RUNNING_MPC
476.6522009372711,RUNNING_MPC
476.7316379547119,RUNNING_MPC
476.81162452697754,RUNNING_MPC
476.89144706726074,RUNNING_MPC
476.9717721939087,RUNNING_MPC
477.05166721343994,RUNNING_MPC
477.1319899559021,RUNNING_MPC
477.2118248939514,RUNNING_MPC
477.2915515899658,RUNNING_MPC
477.37171697616577,RUNNING_MPC
477.4515748023987,RUNNING_MPC
477.5314955711365,RUNNING_MPC
477.61155462265015,RUNNING_MPC
477.6915457248688,RUNNING_MPC
477.77173495292664,RUNNING_MPC
477.85167717933655,RUNNING_MPC
477.9318013191223,RUNNING_MPC
478.01168751716614,RUNNING_MPC
478.09145069122314,RUNNING_MPC
478.1715977191925,RUNNING_MPC
478.2518677711487,RUNNING_MPC
478.3315567970276,RUNNING_MPC
478.41188287734985,RUNNING_MPC
478.491726398468,RUNNING_MPC
478.5715820789337,RUNNING_MPC
478.65200543403625,RUNNING_MPC
478.73161578178406,RUNNING_MPC
478.8116455078125,RUNNING_MPC
478.8913130760193,RUNNING_MPC
478.9715669155121,RUNNING_MPC
479.0516707897186,RUNNING_MPC
479.13169288635254,RUNNING_MPC
479.21199440956116,RUNNING_MPC
479.29150581359863,RUNNING_MPC
479.37158942222595,RUNNING_MPC
479.45179319381714,RUNNING_MPC
479.53259205818176,RUNNING_MPC
479.61210012435913,RUNNING_MPC
479.6913163661957,RUNNING_MPC
479.7715151309967,RUNNING_MPC
479.8515498638153,RUNNING_MPC
479.93171215057373,RUNNING_MPC
480.01253604888916,RUNNING_MPC
480.091411113739,RUNNING_MPC
480.1716163158417,RUNNING_MPC
480.2517294883728,RUNNING_MPC
480.3315989971161,RUNNING_MPC
480.41153287887573,RUNNING_MPC
480.49147057533264,RUNNING_MPC
480.57177662849426,RUNNING_MPC
480.6516602039337,RUNNING_MPC
480.73263120651245,RUNNING_MPC
480.8122081756592,RUNNING_MPC
480.8914511203766,RUNNING_MPC
480.9720525741577,RUNNING_MPC
481.0516993999481,RUNNING_MPC
481.1320433616638,RUNNING_MPC
481.2117910385132,RUNNING_MPC
481.2918872833252,RUNNING_MPC
481.3716413974762,RUNNING_MPC
481.45202016830444,RUNNING_MPC
481.5317602157593,RUNNING_MPC
481.6116976737976,RUNNING_MPC
481.6913995742798,RUNNING_MPC
481.7716414928436,RUNNING_MPC
481.8514823913574,RUNNING_MPC
481.93177938461304,RUNNING_MPC
482.0116527080536,RUNNING_MPC
482.0917274951935,RUNNING_MPC
482.1716833114624,RUNNING_MPC
482.25162839889526,RUNNING_MPC
482.33154916763306,RUNNING_MPC
482.41144347190857,RUNNING_MPC
482.4915292263031,RUNNING_MPC
482.5716915130615,RUNNING_MPC
482.6517958641052,RUNNING_MPC
482.73148941993713,RUNNING_MPC
482.811527967453,RUNNING_MPC
482.89159655570984,RUNNING_MPC
482.9716155529022,RUNNING_MPC
483.051842212677,RUNNING_MPC
483.13180327415466,RUNNING_MPC
483.2123203277588,RUNNING_MPC
483.2913942337036,RUNNING_MPC
483.3719153404236,RUNNING_MPC
483.4519929885864,RUNNING_MPC
483.53163862228394,RUNNING_MPC
483.61165380477905,RUNNING_MPC
483.6913945674896,RUNNING_MPC
483.77154517173767,RUNNING_MPC
483.8517701625824,RUNNING_MPC
483.93153047561646,RUNNING_MPC
484.01187658309937,RUNNING_MPC
484.09155082702637,RUNNING_MPC
484.1717879772186,RUNNING_MPC
484.2532765865326,RUNNING_MPC
484.3316161632538,RUNNING_MPC
484.4115319252014,RUNNING_MPC
484.49153757095337,RUNNING_MPC
484.57166814804077,RUNNING_MPC
484.651896238327,RUNNING_MPC
484.73182010650635,RUNNING_MPC
484.8114764690399,RUNNING_MPC
484.89156794548035,RUNNING_MPC
484.9715528488159,RUNNING_MPC
485.05164885520935,RUNNING_MPC
485.1316292285919,RUNNING_MPC
485.21149158477783,RUNNING_MPC
485.29150891304016,RUNNING_MPC
485.37155842781067,RUNNING_MPC
485.45190477371216,RUNNING_MPC
485.53158044815063,RUNNING_MPC
485.61140036582947,RUNNING_MPC
485.6923933029175,RUNNING_MPC
485.7717773914337,RUNNING_MPC
485.8515510559082,RUNNING_MPC
485.9318914413452,RUNNING_MPC
486.0114459991455,RUNNING_MPC
486.09140491485596,RUNNING_MPC
486.17140102386475,RUNNING_MPC
486.2516324520111,RUNNING_MPC
486.33151721954346,RUNNING_MPC
486.4114532470703,RUNNING_MPC
486.49133348464966,RUNNING_MPC
486.5716371536255,RUNNING_MPC
486.6518702507019,RUNNING_MPC
486.73205041885376,RUNNING_MPC
486.8117005825043,RUNNING_MPC
486.89158177375793,RUNNING_MPC
486.97174429893494,RUNNING_MPC
487.05236434936523,RUNNING_MPC
487.1320586204529,RUNNING_MPC
487.21213698387146,RUNNING_MPC
487.291734457016,RUNNING_MPC
487.3713607788086,RUNNING_MPC
487.4515323638916,RUNNING_MPC
487.5314884185791,RUNNING_MPC
487.61167097091675,RUNNING_MPC
487.69122314453125,RUNNING_MPC
487.7714400291443,RUNNING_MPC
487.85140228271484,RUNNING_MPC
487.93162989616394,RUNNING_MPC
488.0115876197815,RUNNING_MPC
488.09134221076965,RUNNING_MPC
488.17172384262085,RUNNING_MPC
488.25161576271057,RUNNING_MPC
488.33174753189087,RUNNING_MPC
488.41153502464294,RUNNING_MPC
488.491308927536,RUNNING_MPC
488.5715174674988,RUNNING_MPC
488.65169072151184,RUNNING_MPC
488.73165464401245,RUNNING_MPC
488.81163811683655,RUNNING_MPC
488.8918526172638,RUNNING_MPC
488.9716320037842,RUNNING_MPC
489.0522162914276,RUNNING_MPC
489.1315932273865,RUNNING_MPC
489.2113506793976,RUNNING_MPC
489.2914414405823,RUNNING_MPC
489.3714826107025,RUNNING_MPC
489.4514093399048,RUNNING_MPC
489.53192615509033,RUNNING_MPC
489.6115529537201,RUNNING_MPC
489.691189289093,RUNNING_MPC
489.77153277397156,RUNNING_MPC
489.8514223098755,RUNNING_MPC
489.9315359592438,RUNNING_MPC
490.01180362701416,RUNNING_MPC
490.0912561416626,RUNNING_MPC
490.1715590953827,RUNNING_MPC
490.2516038417816,RUNNING_MPC
490.3316869735718,RUNNING_MPC
490.4119906425476,RUNNING_MPC
490.491849899292,RUNNING_MPC
490.5715432167053,RUNNING_MPC
490.65154337882996,RUNNING_MPC
490.73146176338196,RUNNING_MPC
490.811598777771,RUNNING_MPC
490.89135551452637,RUNNING_MPC
490.97138357162476,RUNNING_MPC
491.051953792572,RUNNING_MPC
491.13149309158325,RUNNING_MPC
491.2115116119385,RUNNING_MPC
491.2918801307678,RUNNING_MPC
491.371488571167,RUNNING_MPC
491.4525499343872,RUNNING_MPC
491.5318124294281,RUNNING_MPC
491.61141443252563,RUNNING_MPC
491.6916015148163,RUNNING_MPC
491.77147483825684,RUNNING_MPC
491.8512399196625,RUNNING_MPC
491.93156480789185,RUNNING_MPC
492.01175332069397,RUNNING_MPC
492.09144735336304,RUNNING_MPC
492.17150235176086,RUNNING_MPC
492.2514762878418,RUNNING_MPC
492.3312921524048,RUNNING_MPC
492.41147470474243,RUNNING_MPC
492.4915175437927,RUNNING_MPC
492.5717251300812,RUNNING_MPC
492.65160369873047,RUNNING_MPC
492.7314832210541,RUNNING_MPC
492.81182384490967,RUNNING_MPC
492.89124274253845,RUNNING_MPC
492.9715459346771,RUNNING_MPC
493.0516839027405,RUNNING_MPC
493.13170647621155,RUNNING_MPC
493.2115914821625,RUNNING_MPC
493.2911069393158,RUNNING_MPC
493.3716447353363,RUNNING_MPC
493.45145535469055,RUNNING_MPC
493.5313334465027,RUNNING_MPC
493.6121699810028,RUNNING_MPC
493.6914746761322,RUNNING_MPC
493.77160835266113,RUNNING_MPC
493.8516619205475,RUNNING_MPC
493.9326150417328,RUNNING_MPC
494.0114085674286,RUNNING_MPC
494.09150314331055,RUNNING_MPC
494.1714072227478,RUNNING_MPC
494.2520258426666,RUNNING_MPC
494.3319492340088,RUNNING_MPC
494.41162276268005,RUNNING_MPC
494.49160385131836,RUNNING_MPC
494.571729183197,RUNNING_MPC
494.6515657901764,RUNNING_MPC
494.73178791999817,RUNNING_MPC
494.81140637397766,RUNNING_MPC
494.8925037384033,RUNNING_MPC
494.97233295440674,RUNNING_MPC
495.052374124527,RUNNING_MPC
495.1315174102783,RUNNING_MPC
495.2114315032959,RUNNING_MPC
495.29109144210815,RUNNING_MPC
495.3721024990082,RUNNING_MPC
495.4515187740326,RUNNING_MPC
495.53145027160645,RUNNING_MPC
495.61133337020874,RUNNING_MPC
495.6915280818939,RUNNING_MPC
495.77190923690796,RUNNING_MPC
495.8515577316284,RUNNING_MPC
495.9318768978119,RUNNING_MPC
496.01132106781006,RUNNING_MPC
496.0911817550659,RUNNING_MPC
496.17159509658813,RUNNING_MPC
496.2514979839325,RUNNING_MPC
496.3314468860626,RUNNING_MPC
496.41145491600037,RUNNING_MPC
496.4916796684265,RUNNING_MPC
496.5715265274048,RUNNING_MPC
496.65166187286377,RUNNING_MPC
496.73170495033264,RUNNING_MPC
496.8114244937897,RUNNING_MPC
496.8912034034729,RUNNING_MPC
496.9714069366455,RUNNING_MPC
497.0514030456543,RUNNING_MPC
497.1313033103943,RUNNING_MPC
497.2113564014435,RUNNING_MPC
497.29202032089233,RUNNING_MPC
497.3714964389801,RUNNING_MPC
497.45125341415405,RUNNING_MPC
497.5315914154053,RUNNING_MPC
497.6117031574249,RUNNING_MPC
497.69113945961,RUNNING_MPC
497.77127718925476,RUNNING_MPC
497.85135293006897,RUNNING_MPC
497.9317378997803,RUNNING_MPC
498.0115385055542,RUNNING_MPC
498.0912744998932,RUNNING_MPC
498.1715278625488,RUNNING_MPC
498.25168561935425,RUNNING_MPC
498.3312885761261,RUNNING_MPC
498.41135811805725,RUNNING_MPC
498.49116945266724,RUNNING_MPC
498.57144355773926,RUNNING_MPC
498.65143513679504,RUNNING_MPC
498.73196816444397,RUNNING_MPC
498.8114562034607,RUNNING_MPC
498.8918399810791,RUNNING_MPC
498.9718370437622,RUNNING_MPC
499.05156779289246,RUNNING_MPC
499.1316442489624,RUNNING_MPC
499.2110846042633,RUNNING_MPC
499.2913122177124,RUNNING_MPC
499.37231826782227,RUNNING_MPC
499.45168685913086,RUNNING_MPC
499.5315124988556,RUNNING_MPC
499.61126947402954,RUNNING_MPC
499.6913797855377,RUNNING_MPC
499.7713813781738,RUNNING_MPC
499.8519494533539,RUNNING_MPC
499.9313838481903,RUNNING_MPC
500.01139974594116,RUNNING_MPC
500.09121656417847,RUNNING_MPC
500.17131543159485,RUNNING_MPC
500.25160932540894,RUNNING_MPC
500.3314745426178,RUNNING_MPC
500.41156554222107,RUNNING_MPC
500.4915277957916,RUNNING_MPC
500.5713429450989,RUNNING_MPC
500.651495218277,RUNNING_MPC
500.7314248085022,RUNNING_MPC
500.81139945983887,RUNNING_MPC
500.8910791873932,RUNNING_MPC
500.9713273048401,RUNNING_MPC
501.05148935317993,RUNNING_MPC
501.1313798427582,RUNNING_MPC
501.2115378379822,RUNNING_MPC
501.2914140224457,RUNNING_MPC
501.3712205886841,RUNNING_MPC
501.451420545578,RUNNING_MPC
501.531396150589,RUNNING_MPC
501.6113896369934,RUNNING_MPC
501.69106221199036,RUNNING_MPC
501.7712736129761,RUNNING_MPC
501.85128569602966,RUNNING_MPC
501.931494474411,RUNNING_MPC
502.01132249832153,RUNNING_MPC
502.09105229377747,RUNNING_MPC
502.1715657711029,RUNNING_MPC
502.25143241882324,RUNNING_MPC
502.3312244415283,RUNNING_MPC
502.41127133369446,RUNNING_MPC
502.491206407547,RUNNING_MPC
502.57133412361145,RUNNING_MPC
502.65122413635254,RUNNING_MPC
502.7313771247864,RUNNING_MPC
502.8112361431122,RUNNING_MPC
502.8911671638489,RUNNING_MPC
502.9713816642761,RUNNING_MPC
503.05164217948914,RUNNING_MPC
503.13137888908386,RUNNING_MPC
503.2112169265747,RUNNING_MPC
503.29117822647095,RUNNING_MPC
503.37136244773865,RUNNING_MPC
503.4513158798218,RUNNING_MPC
503.53149223327637,RUNNING_MPC
503.611713886261,RUNNING_MPC
503.69118571281433,RUNNING_MPC
503.77130246162415,RUNNING_MPC
503.8512568473816,RUNNING_MPC
503.93132185935974,RUNNING_MPC
504.011189699173,RUNNING_MPC
504.09092473983765,RUNNING_MPC
504.1711575984955,RUNNING_MPC
504.2511944770813,RUNNING_MPC
504.3314709663391,RUNNING_MPC
504.41942381858826,RUNNING_MPC
504.49123072624207,RUNNING_MPC
504.57185411453247,RUNNING_MPC
504.65199041366577,RUNNING_MPC
504.7313189506531,RUNNING_MPC
504.81127285957336,RUNNING_MPC
504.8912477493286,RUNNING_MPC
504.9711835384369,RUNNING_MPC
505.0511920452118,RUNNING_MPC
505.131219625473,RUNNING_MPC
505.2118036746979,RUNNING_MPC
505.29108786582947,RUNNING_MPC
505.3715341091156,RUNNING_MPC
505.4515492916107,RUNNING_MPC
505.53138756752014,RUNNING_MPC
505.6112599372864,RUNNING_MPC
505.6910765171051,RUNNING_MPC
505.77111077308655,RUNNING_MPC
505.8514869213104,RUNNING_MPC
505.93129897117615,RUNNING_MPC
506.0114049911499,RUNNING_MPC
506.091002702713,RUNNING_MPC
506.17112946510315,RUNNING_MPC
506.25124621391296,RUNNING_MPC
506.33145356178284,RUNNING_MPC
506.41121912002563,RUNNING_MPC
506.4910657405853,RUNNING_MPC
506.5713291168213,RUNNING_MPC
506.65115308761597,RUNNING_MPC
506.7312948703766,RUNNING_MPC
506.8113965988159,RUNNING_MPC
506.89112758636475,RUNNING_MPC
506.97115564346313,RUNNING_MPC
507.05117559432983,RUNNING_MPC
507.1312692165375,RUNNING_MPC
507.21144127845764,RUNNING_MPC
507.29088950157166,RUNNING_MPC
507.3712019920349,RUNNING_MPC
507.4511947631836,RUNNING_MPC
507.53169465065,RUNNING_MPC
507.6113369464874,RUNNING_MPC
507.69104862213135,RUNNING_MPC
507.7716166973114,RUNNING_MPC
507.85159492492676,RUNNING_MPC
507.93126583099365,RUNNING_MPC
508.01115369796753,RUNNING_MPC
508.0912609100342,RUNNING_MPC
508.17134046554565,RUNNING_MPC
508.25164818763733,RUNNING_MPC
508.33135747909546,RUNNING_MPC
508.41131806373596,RUNNING_MPC
508.4911916255951,RUNNING_MPC
508.5712022781372,RUNNING_MPC
508.6512281894684,RUNNING_MPC
508.731183052063,RUNNING_MPC
508.81117272377014,RUNNING_MPC
508.8909614086151,RUNNING_MPC
508.97141432762146,RUNNING_MPC
509.0513379573822,RUNNING_MPC
509.1311926841736,RUNNING_MPC
509.211394071579,RUNNING_MPC
509.2910237312317,RUNNING_MPC
509.37125420570374,RUNNING_MPC
509.45140981674194,RUNNING_MPC
509.5312361717224,RUNNING_MPC
509.6110394001007,RUNNING_MPC
509.6910321712494,RUNNING_MPC
509.7713189125061,RUNNING_MPC
509.8512177467346,RUNNING_MPC
509.93126368522644,RUNNING_MPC
510.01139187812805,RUNNING_MPC
510.0911202430725,RUNNING_MPC
510.171147108078,RUNNING_MPC
510.25181007385254,RUNNING_MPC
510.3315107822418,RUNNING_MPC
510.41113686561584,RUNNING_MPC
510.4909825325012,RUNNING_MPC
510.5712206363678,RUNNING_MPC
510.6515567302704,RUNNING_MPC
510.73176980018616,RUNNING_MPC
510.81117248535156,RUNNING_MPC
510.89080476760864,RUNNING_MPC
510.9714014530182,RUNNING_MPC
511.05115485191345,RUNNING_MPC
511.131450176239,RUNNING_MPC
511.21121430397034,RUNNING_MPC
511.2909414768219,RUNNING_MPC
511.37129497528076,RUNNING_MPC
511.451101064682,RUNNING_MPC
511.5311658382416,RUNNING_MPC
511.61128640174866,RUNNING_MPC
511.6909017562866,RUNNING_MPC
511.77137875556946,RUNNING_MPC
511.85131454467773,RUNNING_MPC
511.9311521053314,RUNNING_MPC
512.0112104415894,RUNNING_MPC
512.0909519195557,RUNNING_MPC
512.171238899231,RUNNING_MPC
512.2510862350464,RUNNING_MPC
512.3311522006989,RUNNING_MPC
512.411484003067,RUNNING_MPC
512.4909660816193,RUNNING_MPC
512.5717167854309,RUNNING_MPC
512.6510813236237,RUNNING_MPC
512.7311894893646,RUNNING_MPC
512.8111896514893,RUNNING_MPC
512.8910138607025,RUNNING_MPC
512.9712147712708,RUNNING_MPC
513.0512957572937,RUNNING_MPC
513.1310992240906,RUNNING_MPC
513.2110924720764,RUNNING_MPC
513.2909364700317,RUNNING_MPC
513.371150970459,RUNNING_MPC
513.4512567520142,RUNNING_MPC
513.5312180519104,RUNNING_MPC
513.6113786697388,RUNNING_MPC
513.6912705898285,RUNNING_MPC
513.7712540626526,RUNNING_MPC
513.8510236740112,RUNNING_MPC
513.9311344623566,RUNNING_MPC
514.01122879982,RUNNING_MPC
514.0910243988037,RUNNING_MPC
514.17156291008,RUNNING_MPC
514.25115442276,RUNNING_MPC
514.3315443992615,RUNNING_MPC
514.4112515449524,RUNNING_MPC
514.4912486076355,RUNNING_MPC
514.5712921619415,RUNNING_MPC
514.6511952877045,RUNNING_MPC
514.7320458889008,RUNNING_MPC
514.8113203048706,RUNNING_MPC
514.8912098407745,RUNNING_MPC
514.9712960720062,RUNNING_MPC
515.0512681007385,RUNNING_MPC
515.1311614513397,RUNNING_MPC
515.2111456394196,RUNNING_MPC
515.2909791469574,RUNNING_MPC
515.3713552951813,RUNNING_MPC
515.4509925842285,RUNNING_MPC
515.5313296318054,RUNNING_MPC
515.6110260486603,RUNNING_MPC
515.6909847259521,RUNNING_MPC
515.7710952758789,RUNNING_MPC
515.8515260219574,RUNNING_MPC
515.9318361282349,RUNNING_MPC
516.011164188385,RUNNING_MPC
516.0908782482147,RUNNING_MPC
516.171234369278,RUNNING_MPC
516.251354932785,RUNNING_MPC
516.3311805725098,RUNNING_MPC
516.4110255241394,RUNNING_MPC
516.4910047054291,RUNNING_MPC
516.5715243816376,RUNNING_MPC
516.6512520313263,RUNNING_MPC
516.7312386035919,RUNNING_MPC
516.8111410140991,RUNNING_MPC
516.8911666870117,RUNNING_MPC
516.9712610244751,RUNNING_MPC
517.0513343811035,RUNNING_MPC
517.1311779022217,RUNNING_MPC
517.2116634845734,RUNNING_MPC
517.290867805481,RUNNING_MPC
517.3718469142914,RUNNING_MPC
517.4510984420776,RUNNING_MPC
517.5311796665192,RUNNING_MPC
517.6109490394592,RUNNING_MPC
517.6910073757172,RUNNING_MPC
517.7710008621216,RUNNING_MPC
517.8511762619019,RUNNING_MPC
517.9312953948975,RUNNING_MPC
518.010954618454,RUNNING_MPC
518.0912616252899,RUNNING_MPC
518.1709921360016,RUNNING_MPC
518.2511808872223,RUNNING_MPC
518.3313670158386,RUNNING_MPC
518.4110975265503,RUNNING_MPC
518.4910914897919,RUNNING_MPC
518.5711727142334,RUNNING_MPC
518.6515328884125,RUNNING_MPC
518.7313301563263,RUNNING_MPC
518.8111650943756,RUNNING_MPC
518.8907635211945,RUNNING_MPC
518.9714479446411,RUNNING_MPC
519.0511183738708,RUNNING_MPC
519.1315472126007,RUNNING_MPC
519.2112367153168,RUNNING_MPC
519.2908341884613,RUNNING_MPC
519.370935678482,RUNNING_MPC
519.4510130882263,RUNNING_MPC
519.531263589859,RUNNING_MPC
519.6111690998077,RUNNING_MPC
519.690833568573,RUNNING_MPC
519.7711551189423,RUNNING_MPC
519.8512420654297,RUNNING_MPC
519.9312083721161,RUNNING_MPC
520.011381149292,RUNNING_MPC
520.0909116268158,RUNNING_MPC
520.1709911823273,RUNNING_MPC
520.2510821819305,RUNNING_MPC
520.3310494422913,RUNNING_MPC
520.4111576080322,RUNNING_MPC
520.4908576011658,RUNNING_MPC
520.5711104869843,RUNNING_MPC
520.6510465145111,RUNNING_MPC
520.7310345172882,RUNNING_MPC
520.8111033439636,RUNNING_MPC
520.8909523487091,RUNNING_MPC
520.9710178375244,RUNNING_MPC
521.051008939743,RUNNING_MPC
521.1316950321198,RUNNING_MPC
521.2110619544983,RUNNING_MPC
521.2909786701202,RUNNING_MPC
521.3710858821869,RUNNING_MPC
521.451099395752,RUNNING_MPC
521.5311453342438,RUNNING_MPC
521.6109523773193,RUNNING_MPC
521.6909675598145,RUNNING_MPC
521.7710864543915,RUNNING_MPC
521.8512146472931,RUNNING_MPC
521.9309940338135,RUNNING_MPC
522.0110380649567,RUNNING_MPC
522.0908677577972,RUNNING_MPC
522.1709389686584,RUNNING_MPC
522.2509572505951,RUNNING_MPC
522.3309831619263,RUNNING_MPC
522.4110190868378,RUNNING_MPC
522.490748167038,RUNNING_MPC
522.5710818767548,RUNNING_MPC
522.6512212753296,RUNNING_MPC
522.7310094833374,RUNNING_MPC
522.8114857673645,RUNNING_MPC
522.891040802002,RUNNING_MPC
522.9709572792053,RUNNING_MPC
523.05104637146,RUNNING_MPC
523.1310746669769,RUNNING_MPC
523.211083650589,RUNNING_MPC
523.2908461093903,RUNNING_MPC
523.3710551261902,RUNNING_MPC
523.4514956474304,RUNNING_MPC
523.530993938446,RUNNING_MPC
523.6117217540741,RUNNING_MPC
523.6907522678375,RUNNING_MPC
523.7711100578308,RUNNING_MPC
523.850992679596,RUNNING_MPC
523.9310081005096,RUNNING_MPC
524.0109894275665,RUNNING_MPC
524.0908226966858,RUNNING_MPC
524.1711294651031,RUNNING_MPC
524.2509815692902,RUNNING_MPC
524.3310868740082,RUNNING_MPC
524.4109399318695,RUNNING_MPC
524.4908721446991,RUNNING_MPC
524.5711178779602,RUNNING_MPC
524.6511497497559,RUNNING_MPC
524.7311313152313,RUNNING_MPC
524.8109035491943,RUNNING_MPC
524.8908216953278,RUNNING_MPC
524.9711277484894,RUNNING_MPC
525.0510594844818,RUNNING_MPC
525.1311156749725,RUNNING_MPC
525.2110748291016,RUNNING_MPC
525.2908589839935,RUNNING_MPC
525.3710329532623,RUNNING_MPC
525.4508655071259,RUNNING_MPC
525.5310907363892,RUNNING_MPC
525.6109726428986,RUNNING_MPC
525.6908588409424,RUNNING_MPC
525.7710194587708,RUNNING_MPC
525.8511333465576,RUNNING_MPC
525.9310431480408,RUNNING_MPC
526.0110502243042,RUNNING_MPC
526.0908131599426,RUNNING_MPC
526.1712589263916,RUNNING_MPC
526.2511713504791,RUNNING_MPC
526.3310244083405,RUNNING_MPC
526.4113070964813,RUNNING_MPC
526.4909553527832,RUNNING_MPC
526.5711796283722,RUNNING_MPC
526.6510856151581,RUNNING_MPC
526.7310593128204,RUNNING_MPC
526.8115096092224,RUNNING_MPC
526.8910019397736,RUNNING_MPC
526.971029996872,RUNNING_MPC
527.0511736869812,RUNNING_MPC
527.1311428546906,RUNNING_MPC
527.2114646434784,RUNNING_MPC
527.2908935546875,RUNNING_MPC
527.3717932701111,RUNNING_MPC
527.4511148929596,RUNNING_MPC
527.5309371948242,RUNNING_MPC
527.611013174057,RUNNING_MPC
527.6908411979675,RUNNING_MPC
527.7714478969574,RUNNING_MPC
527.8511545658112,RUNNING_MPC
527.930911064148,RUNNING_MPC
528.0110306739807,RUNNING_MPC
528.090975522995,RUNNING_MPC
528.1708526611328,RUNNING_MPC
528.2519102096558,RUNNING_MPC
528.3312227725983,RUNNING_MPC
528.4110298156738,RUNNING_MPC
528.4909236431122,RUNNING_MPC
528.5710146427155,RUNNING_MPC
528.6510062217712,RUNNING_MPC
528.7321021556854,RUNNING_MPC
528.8109822273254,RUNNING_MPC
528.8906214237213,RUNNING_MPC
528.9709460735321,RUNNING_MPC
529.050950050354,RUNNING_MPC
529.1310086250305,RUNNING_MPC
529.2111279964447,RUNNING_MPC
529.2907226085663,RUNNING_MPC
529.3709886074066,RUNNING_MPC
529.4509918689728,RUNNING_MPC
529.5312428474426,RUNNING_MPC
529.6112642288208,RUNNING_MPC
529.6907768249512,RUNNING_MPC
529.7709877490997,RUNNING_MPC
529.8508577346802,RUNNING_MPC
529.9310963153839,RUNNING_MPC
530.0113246440887,RUNNING_MPC
530.0906970500946,RUNNING_MPC
530.1713461875916,RUNNING_MPC
530.2510137557983,RUNNING_MPC
530.3309264183044,RUNNING_MPC
530.4110808372498,RUNNING_MPC
530.4910037517548,RUNNING_MPC
530.570992231369,RUNNING_MPC
530.6509115695953,RUNNING_MPC
530.7309484481812,RUNNING_MPC
530.8110110759735,RUNNING_MPC
530.8912448883057,RUNNING_MPC
530.9708926677704,RUNNING_MPC
531.0507943630219,RUNNING_MPC
531.1313936710358,RUNNING_MPC
531.2109174728394,RUNNING_MPC
531.2907869815826,RUNNING_MPC
531.3708696365356,RUNNING_MPC
531.4508767127991,RUNNING_MPC
531.5310089588165,RUNNING_MPC
531.6113319396973,RUNNING_MPC
531.6906912326813,RUNNING_MPC
531.771094083786,RUNNING_MPC
531.8509204387665,RUNNING_MPC
531.9308383464813,RUNNING_MPC
532.0110342502594,RUNNING_MPC
532.0907771587372,RUNNING_MPC
532.1712136268616,RUNNING_MPC
532.2515456676483,RUNNING_MPC
532.3309164047241,RUNNING_MPC
532.4108791351318,RUNNING_MPC
532.4907567501068,RUNNING_MPC
532.570885181427,RUNNING_MPC
532.6509754657745,RUNNING_MPC
532.7309806346893,RUNNING_MPC
532.8110167980194,RUNNING_MPC
532.8909139633179,RUNNING_MPC
532.9709560871124,RUNNING_MPC
533.0509543418884,RUNNING_MPC
533.1309862136841,RUNNING_MPC
533.2110152244568,RUNNING_MPC
533.2909469604492,RUNNING_MPC
533.3712480068207,RUNNING_MPC
533.451064825058,RUNNING_MPC
533.5310649871826,RUNNING_MPC
533.6109788417816,RUNNING_MPC
533.6908695697784,RUNNING_MPC
533.7710251808167,RUNNING_MPC
533.8509933948517,RUNNING_MPC
533.9312710762024,RUNNING_MPC
534.0109596252441,RUNNING_MPC
534.0919463634491,RUNNING_MPC
534.1709072589874,RUNNING_MPC
534.2511322498322,RUNNING_MPC
534.3311219215393,RUNNING_MPC
534.4112141132355,RUNNING_MPC
534.4909036159515,RUNNING_MPC
534.5710647106171,RUNNING_MPC
534.6509916782379,RUNNING_MPC
534.732335805893,RUNNING_MPC
534.8109259605408,RUNNING_MPC
534.8907263278961,RUNNING_MPC
534.9708907604218,RUNNING_MPC
535.0509829521179,RUNNING_MPC
535.1312215328217,RUNNING_MPC
535.2111203670502,RUNNING_MPC
535.2911779880524,RUNNING_MPC
535.3709583282471,RUNNING_MPC
535.4510154724121,RUNNING_MPC
535.5311362743378,RUNNING_MPC
535.6111330986023,RUNNING_MPC
535.6907665729523,RUNNING_MPC
535.7709517478943,RUNNING_MPC
535.8510720729828,RUNNING_MPC
535.9314155578613,RUNNING_MPC
536.0110893249512,RUNNING_MPC
536.090943813324,RUNNING_MPC
536.1710841655731,RUNNING_MPC
536.2509107589722,RUNNING_MPC
536.3309514522552,RUNNING_MPC
536.4113278388977,RUNNING_MPC
536.4906299114227,RUNNING_MPC
536.5708603858948,RUNNING_MPC
536.6516609191895,RUNNING_MPC
536.7309765815735,RUNNING_MPC
536.8107526302338,RUNNING_MPC
536.8908545970917,RUNNING_MPC
536.970992565155,RUNNING_MPC
537.0509014129639,RUNNING_MPC
537.1310632228851,RUNNING_MPC
537.2112076282501,RUNNING_MPC
537.2906658649445,RUNNING_MPC
537.3709664344788,RUNNING_MPC
537.4508683681488,RUNNING_MPC
537.5310146808624,RUNNING_MPC
537.6112952232361,RUNNING_MPC
537.6906864643097,RUNNING_MPC
537.7716202735901,RUNNING_MPC
537.8508155345917,RUNNING_MPC
537.931277513504,RUNNING_MPC
538.0109798908234,RUNNING_MPC
538.0907504558563,RUNNING_MPC
538.1710619926453,RUNNING_MPC
538.2508835792542,RUNNING_MPC
538.3310317993164,RUNNING_MPC
538.4109635353088,RUNNING_MPC
538.4907529354095,RUNNING_MPC
538.571323633194,RUNNING_MPC
538.6509902477264,RUNNING_MPC
538.7308881282806,RUNNING_MPC
538.8116042613983,RUNNING_MPC
538.8909254074097,RUNNING_MPC
538.9709875583649,RUNNING_MPC
539.0509369373322,RUNNING_MPC
539.1309611797333,RUNNING_MPC
539.2108502388,RUNNING_MPC
539.2912275791168,RUNNING_MPC
539.3707344532013,RUNNING_MPC
539.4510216712952,RUNNING_MPC
539.5313146114349,RUNNING_MPC
539.6109066009521,RUNNING_MPC
539.6911447048187,RUNNING_MPC
539.7709677219391,RUNNING_MPC
539.8508911132812,RUNNING_MPC
539.9310867786407,RUNNING_MPC
540.0116925239563,RUNNING_MPC
540.0906157493591,RUNNING_MPC
540.1710147857666,RUNNING_MPC
540.2510190010071,RUNNING_MPC
540.3308279514313,RUNNING_MPC
540.4109694957733,RUNNING_MPC
540.4907422065735,RUNNING_MPC
540.5709285736084,RUNNING_MPC
540.6508250236511,RUNNING_MPC
540.7310073375702,RUNNING_MPC
540.8109529018402,RUNNING_MPC
540.8907222747803,RUNNING_MPC
540.9708523750305,RUNNING_MPC
541.050775051117,RUNNING_MPC
541.1308138370514,RUNNING_MPC
541.2107310295105,RUNNING_MPC
541.2906105518341,RUNNING_MPC
541.3710405826569,RUNNING_MPC
541.4508647918701,RUNNING_MPC
541.5309309959412,RUNNING_MPC
541.6108431816101,RUNNING_MPC
541.6906609535217,RUNNING_MPC
541.7706592082977,RUNNING_MPC
541.8508188724518,RUNNING_MPC
541.9308617115021,RUNNING_MPC
542.0107061862946,RUNNING_MPC
542.0906081199646,RUNNING_MPC
542.1713287830353,RUNNING_MPC
542.2508072853088,RUNNING_MPC
542.3308548927307,RUNNING_MPC
542.4109179973602,RUNNING_MPC
542.4907758235931,RUNNING_MPC
542.5708060264587,RUNNING_MPC
542.651359796524,RUNNING_MPC
542.7309765815735,RUNNING_MPC
542.8107805252075,RUNNING_MPC
542.8908257484436,RUNNING_MPC
542.9713859558105,RUNNING_MPC
543.0508477687836,RUNNING_MPC
543.1309399604797,RUNNING_MPC
543.2109515666962,RUNNING_MPC
543.2910876274109,RUNNING_MPC
543.3708860874176,RUNNING_MPC
543.4506404399872,RUNNING_MPC
543.5308289527893,RUNNING_MPC
543.6108093261719,RUNNING_MPC
543.690515756607,RUNNING_MPC
543.7707715034485,RUNNING_MPC
543.8509049415588,RUNNING_MPC
543.9314210414886,RUNNING_MPC
544.0108606815338,RUNNING_MPC
544.0905923843384,RUNNING_MPC
544.1710362434387,RUNNING_MPC
544.250919342041,RUNNING_MPC
544.3308539390564,RUNNING_MPC
544.411479473114,RUNNING_MPC
544.4907467365265,RUNNING_MPC
544.5707733631134,RUNNING_MPC
544.6509046554565,RUNNING_MPC
544.7309980392456,RUNNING_MPC
544.8106939792633,RUNNING_MPC
544.8906483650208,RUNNING_MPC
544.9707660675049,RUNNING_MPC
545.0508723258972,RUNNING_MPC
545.1309385299683,RUNNING_MPC
545.2108285427094,RUNNING_MPC
545.2907457351685,RUNNING_MPC
545.370790719986,RUNNING_MPC
545.4509196281433,RUNNING_MPC
545.5310890674591,RUNNING_MPC
545.6110525131226,RUNNING_MPC
545.6911680698395,RUNNING_MPC
545.7706489562988,RUNNING_MPC
545.8507633209229,RUNNING_MPC
545.9310278892517,RUNNING_MPC
546.0108783245087,RUNNING_MPC
546.0905833244324,RUNNING_MPC
546.170737028122,RUNNING_MPC
546.2508656978607,RUNNING_MPC
546.3316264152527,RUNNING_MPC
546.4108510017395,RUNNING_MPC
546.490564584732,RUNNING_MPC
546.5707540512085,RUNNING_MPC
546.6507971286774,RUNNING_MPC
546.7308909893036,RUNNING_MPC
546.8111810684204,RUNNING_MPC
546.8905377388,RUNNING_MPC
546.9708385467529,RUNNING_MPC
547.0509648323059,RUNNING_MPC
547.1306571960449,RUNNING_MPC
547.2107536792755,RUNNING_MPC
547.2906346321106,RUNNING_MPC
547.3707823753357,RUNNING_MPC
547.4507625102997,RUNNING_MPC
547.5309028625488,RUNNING_MPC
547.610778093338,RUNNING_MPC
547.6907200813293,RUNNING_MPC
547.7706696987152,RUNNING_MPC
547.8508303165436,RUNNING_MPC
547.9309284687042,RUNNING_MPC
548.0109157562256,RUNNING_MPC
548.0905983448029,RUNNING_MPC
548.170581817627,RUNNING_MPC
548.2509191036224,RUNNING_MPC
548.3308539390564,RUNNING_MPC
548.4107663631439,RUNNING_MPC
548.4907388687134,RUNNING_MPC
548.5705695152283,RUNNING_MPC
548.6508405208588,RUNNING_MPC
548.7307343482971,RUNNING_MPC
548.8108592033386,RUNNING_MPC
548.8907504081726,RUNNING_MPC
548.9707717895508,RUNNING_MPC
549.0508255958557,RUNNING_MPC
549.1309053897858,RUNNING_MPC
549.2109007835388,RUNNING_MPC
549.29070353508,RUNNING_MPC
549.3711268901825,RUNNING_MPC
549.450845003128,RUNNING_MPC
549.5309965610504,RUNNING_MPC
549.6107912063599,RUNNING_MPC
549.6904988288879,RUNNING_MPC
549.7708292007446,RUNNING_MPC
549.8506941795349,RUNNING_MPC
549.9313306808472,RUNNING_MPC
550.0107922554016,RUNNING_MPC
550.0905902385712,RUNNING_MPC
550.170660495758,RUNNING_MPC
550.2506227493286,RUNNING_MPC
550.3308072090149,RUNNING_MPC
550.4108583927155,RUNNING_MPC
550.4906148910522,RUNNING_MPC
550.5708546638489,RUNNING_MPC
550.6507253646851,RUNNING_MPC
550.7309694290161,RUNNING_MPC
550.8108448982239,RUNNING_MPC
550.8905780315399,RUNNING_MPC
550.9707984924316,RUNNING_MPC
551.0507919788361,RUNNING_MPC
551.1307947635651,RUNNING_MPC
551.210727930069,RUNNING_MPC
551.2910764217377,RUNNING_MPC
551.370688199997,RUNNING_MPC
551.4506185054779,RUNNING_MPC
551.5309178829193,RUNNING_MPC
551.6108145713806,RUNNING_MPC
551.6904218196869,RUNNING_MPC
551.7707421779633,RUNNING_MPC
551.8506352901459,RUNNING_MPC
551.9307198524475,RUNNING_MPC
552.0110750198364,RUNNING_MPC
552.0906012058258,RUNNING_MPC
552.1706540584564,RUNNING_MPC
552.2506637573242,RUNNING_MPC
552.3307273387909,RUNNING_MPC
552.4108526706696,RUNNING_MPC
552.4905061721802,RUNNING_MPC
552.5706465244293,RUNNING_MPC
552.6506586074829,RUNNING_MPC
552.7307305335999,RUNNING_MPC
552.8107459545135,RUNNING_MPC
552.8910162448883,RUNNING_MPC
552.9706287384033,RUNNING_MPC
553.0506255626678,RUNNING_MPC
553.1308410167694,RUNNING_MPC
553.2106800079346,RUNNING_MPC
553.2907283306122,RUNNING_MPC
553.3706305027008,RUNNING_MPC
553.4506809711456,RUNNING_MPC
553.5307426452637,RUNNING_MPC
553.6106607913971,RUNNING_MPC
553.6907436847687,RUNNING_MPC
553.7705857753754,RUNNING_MPC
553.850670337677,RUNNING_MPC
553.9305670261383,RUNNING_MPC
554.0107266902924,RUNNING_MPC
554.0904166698456,RUNNING_MPC
554.171010017395,RUNNING_MPC
554.2509710788727,RUNNING_MPC
554.330926656723,RUNNING_MPC
554.4106616973877,RUNNING_MPC
554.4905288219452,RUNNING_MPC
554.5706617832184,RUNNING_MPC
554.6506705284119,RUNNING_MPC
554.7307434082031,RUNNING_MPC
554.8106961250305,RUNNING_MPC
554.8904733657837,RUNNING_MPC
554.9706716537476,RUNNING_MPC
555.0509116649628,RUNNING_MPC
555.1307759284973,RUNNING_MPC
555.2107546329498,RUNNING_MPC
555.2908885478973,RUNNING_MPC
555.3708229064941,RUNNING_MPC
555.4507830142975,RUNNING_MPC
555.5307047367096,RUNNING_MPC
555.6107079982758,RUNNING_MPC
555.6908941268921,RUNNING_MPC
555.7706217765808,RUNNING_MPC
555.8505258560181,RUNNING_MPC
555.9308488368988,RUNNING_MPC
556.010660648346,RUNNING_MPC
556.0905041694641,RUNNING_MPC
556.1709344387054,RUNNING_MPC
556.2506537437439,RUNNING_MPC
556.3306078910828,RUNNING_MPC
556.4107084274292,RUNNING_MPC
556.4906008243561,RUNNING_MPC
556.5707349777222,RUNNING_MPC
556.6508648395538,RUNNING_MPC
556.7308969497681,RUNNING_MPC
556.8106942176819,RUNNING_MPC
556.8906443119049,RUNNING_MPC
556.9707548618317,RUNNING_MPC
557.0508253574371,RUNNING_MPC
557.1307139396667,RUNNING_MPC
557.2105662822723,RUNNING_MPC
557.2906668186188,RUNNING_MPC
557.3707027435303,RUNNING_MPC
557.4505786895752,RUNNING_MPC
557.5308194160461,RUNNING_MPC
557.610563993454,RUNNING_MPC
557.6903755664825,RUNNING_MPC
557.7706797122955,RUNNING_MPC
557.8506009578705,RUNNING_MPC
557.9305636882782,RUNNING_MPC
558.0106136798859,RUNNING_MPC
558.0906817913055,RUNNING_MPC
558.1707000732422,RUNNING_MPC
558.2507538795471,RUNNING_MPC
558.3306913375854,RUNNING_MPC
558.4106116294861,RUNNING_MPC
558.4904539585114,RUNNING_MPC
558.5708498954773,RUNNING_MPC
558.6506969928741,RUNNING_MPC
558.7306098937988,RUNNING_MPC
558.8107113838196,RUNNING_MPC
558.8903589248657,RUNNING_MPC
558.9706404209137,RUNNING_MPC
559.0507538318634,RUNNING_MPC
559.1306803226471,RUNNING_MPC
559.2107291221619,RUNNING_MPC
559.2905089855194,RUNNING_MPC
559.370751619339,RUNNING_MPC
559.4508037567139,RUNNING_MPC
559.5307848453522,RUNNING_MPC
559.6107325553894,RUNNING_MPC
559.6904225349426,RUNNING_MPC
559.7710936069489,RUNNING_MPC
559.8507213592529,RUNNING_MPC
559.9307279586792,RUNNING_MPC
560.0105459690094,RUNNING_MPC
560.0905187129974,RUNNING_MPC
560.1708614826202,RUNNING_MPC
560.2507793903351,RUNNING_MPC
560.3305909633636,RUNNING_MPC
560.4107632637024,RUNNING_MPC
560.4915015697479,RUNNING_MPC
560.5706343650818,RUNNING_MPC
560.6506681442261,RUNNING_MPC
560.7305665016174,RUNNING_MPC
560.8107554912567,RUNNING_MPC
560.8903517723083,RUNNING_MPC
560.9707450866699,RUNNING_MPC
561.0506937503815,RUNNING_MPC
561.1306619644165,RUNNING_MPC
561.2105531692505,RUNNING_MPC
561.2903442382812,RUNNING_MPC
561.3706479072571,RUNNING_MPC
561.4506318569183,RUNNING_MPC
561.5309295654297,RUNNING_MPC
561.610965013504,RUNNING_MPC
561.6903805732727,RUNNING_MPC
561.7706365585327,RUNNING_MPC
561.8506271839142,RUNNING_MPC
561.9309096336365,RUNNING_MPC
562.0106248855591,RUNNING_MPC
562.0906758308411,RUNNING_MPC
562.170818567276,RUNNING_MPC
562.250659942627,RUNNING_MPC
562.3308231830597,RUNNING_MPC
562.4107339382172,RUNNING_MPC
562.4907703399658,RUNNING_MPC
562.5703747272491,RUNNING_MPC
562.65127825737,RUNNING_MPC
562.7306632995605,RUNNING_MPC
562.8106415271759,RUNNING_MPC
562.8904175758362,RUNNING_MPC
562.9709491729736,RUNNING_MPC
563.0505003929138,RUNNING_MPC
563.1307666301727,RUNNING_MPC
563.2105538845062,RUNNING_MPC
563.290381193161,RUNNING_MPC
563.3704979419708,RUNNING_MPC
563.4505627155304,RUNNING_MPC
563.5305733680725,RUNNING_MPC
563.6105613708496,RUNNING_MPC
563.6904067993164,RUNNING_MPC
563.770649433136,RUNNING_MPC
563.8507215976715,RUNNING_MPC
563.9308195114136,RUNNING_MPC
564.0105395317078,RUNNING_MPC
564.0905456542969,RUNNING_MPC
564.1703872680664,RUNNING_MPC
564.2505540847778,RUNNING_MPC
564.3306045532227,RUNNING_MPC
564.4105565547943,RUNNING_MPC
564.4903793334961,RUNNING_MPC
564.5710701942444,RUNNING_MPC
564.6507892608643,RUNNING_MPC
564.7309181690216,RUNNING_MPC
564.8105158805847,RUNNING_MPC
564.8903846740723,RUNNING_MPC
564.9704933166504,RUNNING_MPC
565.0507199764252,RUNNING_MPC
565.1306209564209,RUNNING_MPC
565.2115769386292,RUNNING_MPC
565.2905118465424,RUNNING_MPC
565.3705697059631,RUNNING_MPC
565.4517941474915,RUNNING_MPC
565.5305936336517,RUNNING_MPC
565.6105337142944,RUNNING_MPC
565.6903483867645,RUNNING_MPC
565.7706830501556,RUNNING_MPC
565.8506646156311,RUNNING_MPC
565.9311032295227,RUNNING_MPC
566.0104687213898,RUNNING_MPC
566.0905213356018,RUNNING_MPC
566.1706328392029,RUNNING_MPC
566.2506947517395,RUNNING_MPC
566.3305885791779,RUNNING_MPC
566.4105968475342,RUNNING_MPC
566.490718126297,RUNNING_MPC
566.5707535743713,RUNNING_MPC
566.6505172252655,RUNNING_MPC
566.7308685779572,RUNNING_MPC
566.8106212615967,RUNNING_MPC
566.8904314041138,RUNNING_MPC
566.9705154895782,RUNNING_MPC
567.0504851341248,RUNNING_MPC
567.1305735111237,RUNNING_MPC
567.210515499115,RUNNING_MPC
567.2904281616211,RUNNING_MPC
567.3706274032593,RUNNING_MPC
567.4504451751709,RUNNING_MPC
567.5306832790375,RUNNING_MPC
567.6104831695557,RUNNING_MPC
567.690375328064,RUNNING_MPC
567.7706508636475,RUNNING_MPC
567.8504884243011,RUNNING_MPC
567.9307136535645,RUNNING_MPC
568.0105593204498,RUNNING_MPC
568.0903136730194,RUNNING_MPC
568.1704797744751,RUNNING_MPC
568.2506277561188,RUNNING_MPC
568.3305470943451,RUNNING_MPC
568.410521030426,RUNNING_MPC
568.4904811382294,RUNNING_MPC
568.570620059967,RUNNING_MPC
568.6505918502808,RUNNING_MPC
568.7306945323944,RUNNING_MPC
568.8104531764984,RUNNING_MPC
568.8902666568756,RUNNING_MPC
568.9704666137695,RUNNING_MPC
569.0506410598755,RUNNING_MPC
569.130667924881,RUNNING_MPC
569.2105259895325,RUNNING_MPC
569.290323972702,RUNNING_MPC
569.3705253601074,RUNNING_MPC
569.4505929946899,RUNNING_MPC
569.5304410457611,RUNNING_MPC
569.6103734970093,RUNNING_MPC
569.690554857254,RUNNING_MPC
569.7706272602081,RUNNING_MPC
569.8505067825317,RUNNING_MPC
569.9306991100311,RUNNING_MPC
570.0104081630707,RUNNING_MPC
570.0903792381287,RUNNING_MPC
570.170857667923,RUNNING_MPC
570.2504122257233,RUNNING_MPC
570.3305356502533,RUNNING_MPC
570.410373210907,RUNNING_MPC
570.4902973175049,RUNNING_MPC
570.5705280303955,RUNNING_MPC
570.650518655777,RUNNING_MPC
570.7305879592896,RUNNING_MPC
570.8110501766205,RUNNING_MPC
570.89035820961,RUNNING_MPC
570.9705145359039,RUNNING_MPC
571.0506436824799,RUNNING_MPC
571.1307809352875,RUNNING_MPC
571.2105593681335,RUNNING_MPC
571.2905611991882,RUNNING_MPC
571.3706970214844,RUNNING_MPC
571.4506344795227,RUNNING_MPC
571.5303709506989,RUNNING_MPC
571.610399723053,RUNNING_MPC
571.6903235912323,RUNNING_MPC
571.770491361618,RUNNING_MPC
571.8506407737732,RUNNING_MPC
571.9305229187012,RUNNING_MPC
572.0104427337646,RUNNING_MPC
572.090372800827,RUNNING_MPC
572.1705000400543,RUNNING_MPC
572.2505178451538,RUNNING_MPC
572.3307557106018,RUNNING_MPC
572.4103813171387,RUNNING_MPC
572.490401506424,RUNNING_MPC
572.570549249649,RUNNING_MPC
572.6505513191223,RUNNING_MPC
572.7306416034698,RUNNING_MPC
572.8105392456055,RUNNING_MPC
572.8906164169312,RUNNING_MPC
572.9706394672394,RUNNING_MPC
573.0505993366241,RUNNING_MPC
573.1307039260864,RUNNING_MPC
573.210663318634,RUNNING_MPC
573.2905254364014,RUNNING_MPC
573.3705232143402,RUNNING_MPC
573.4505004882812,RUNNING_MPC
573.5304663181305,RUNNING_MPC
573.6104955673218,RUNNING_MPC
573.6908316612244,RUNNING_MPC
573.7705087661743,RUNNING_MPC
573.8504657745361,RUNNING_MPC
573.9305219650269,RUNNING_MPC
574.0105347633362,RUNNING_MPC
574.0901560783386,RUNNING_MPC
574.1702945232391,RUNNING_MPC
574.2507121562958,RUNNING_MPC
574.3309371471405,RUNNING_MPC
574.4104719161987,RUNNING_MPC
574.4902029037476,RUNNING_MPC
574.5705618858337,RUNNING_MPC
574.6505854129791,RUNNING_MPC
574.7306971549988,RUNNING_MPC
574.8104729652405,RUNNING_MPC
574.8906235694885,RUNNING_MPC
574.9704780578613,RUNNING_MPC
575.0503559112549,RUNNING_MPC
575.1304304599762,RUNNING_MPC
575.2104856967926,RUNNING_MPC
575.290463924408,RUNNING_MPC
575.3705306053162,RUNNING_MPC
575.4505405426025,RUNNING_MPC
575.5304915904999,RUNNING_MPC
575.6104106903076,RUNNING_MPC
575.6904261112213,RUNNING_MPC
575.770524263382,RUNNING_MPC
575.8505392074585,RUNNING_MPC
575.9305746555328,RUNNING_MPC
576.0106365680695,RUNNING_MPC
576.0902907848358,RUNNING_MPC
576.1704695224762,RUNNING_MPC
576.2504281997681,RUNNING_MPC
576.3305611610413,RUNNING_MPC
576.4106175899506,RUNNING_MPC
576.4901607036591,RUNNING_MPC
576.5704689025879,RUNNING_MPC
576.6505007743835,RUNNING_MPC
576.7305536270142,RUNNING_MPC
576.8103334903717,RUNNING_MPC
576.8904259204865,RUNNING_MPC
576.9703166484833,RUNNING_MPC
577.0504488945007,RUNNING_MPC
577.130441904068,RUNNING_MPC
577.210462808609,RUNNING_MPC
577.2901771068573,RUNNING_MPC
577.3704967498779,RUNNING_MPC
577.450612783432,RUNNING_MPC
577.5305080413818,RUNNING_MPC
577.6104483604431,RUNNING_MPC
577.6901609897614,RUNNING_MPC
577.7703778743744,RUNNING_MPC
577.8506052494049,RUNNING_MPC
577.9306292533875,RUNNING_MPC
578.0105905532837,RUNNING_MPC
578.0902051925659,RUNNING_MPC
578.1705267429352,RUNNING_MPC
578.250440120697,RUNNING_MPC
578.3304264545441,RUNNING_MPC
578.4103846549988,RUNNING_MPC
578.4902536869049,RUNNING_MPC
578.5704643726349,RUNNING_MPC
578.6506369113922,RUNNING_MPC
578.7306237220764,RUNNING_MPC
578.8104548454285,RUNNING_MPC
578.8904094696045,RUNNING_MPC
578.9709973335266,RUNNING_MPC
579.0506947040558,RUNNING_MPC
579.1304261684418,RUNNING_MPC
579.2107920646667,RUNNING_MPC
579.290328502655,RUNNING_MPC
579.3707242012024,RUNNING_MPC
579.4509122371674,RUNNING_MPC
579.5303454399109,RUNNING_MPC
579.610428571701,RUNNING_MPC
579.6902492046356,RUNNING_MPC
579.7705595493317,RUNNING_MPC
579.8504631519318,RUNNING_MPC
579.9305648803711,RUNNING_MPC
580.0105724334717,RUNNING_MPC
580.0908772945404,RUNNING_MPC
580.1703903675079,RUNNING_MPC
580.2504444122314,RUNNING_MPC
580.3303561210632,RUNNING_MPC
580.410370349884,RUNNING_MPC
580.4906368255615,RUNNING_MPC
580.5704715251923,RUNNING_MPC
580.6504530906677,RUNNING_MPC
580.7305159568787,RUNNING_MPC
580.8103682994843,RUNNING_MPC
580.8902671337128,RUNNING_MPC
580.9708631038666,RUNNING_MPC
581.0503554344177,RUNNING_MPC
581.1304285526276,RUNNING_MPC
581.210643529892,RUNNING_MPC
581.2901740074158,RUNNING_MPC
581.3704180717468,RUNNING_MPC
581.4504461288452,RUNNING_MPC
581.5306022167206,RUNNING_MPC
581.6103782653809,RUNNING_MPC
581.6901214122772,RUNNING_MPC
581.770565032959,RUNNING_MPC
581.8504221439362,RUNNING_MPC
581.9304122924805,RUNNING_MPC
582.0103478431702,RUNNING_MPC
582.0902626514435,RUNNING_MPC
582.1705842018127,RUNNING_MPC
582.2502999305725,RUNNING_MPC
582.3308157920837,RUNNING_MPC
582.4104337692261,RUNNING_MPC
582.4902284145355,RUNNING_MPC
582.5703983306885,RUNNING_MPC
582.6503131389618,RUNNING_MPC
582.7304265499115,RUNNING_MPC
582.8104133605957,RUNNING_MPC
582.8899984359741,RUNNING_MPC
582.9702730178833,RUNNING_MPC
583.0504779815674,RUNNING_MPC
583.1302525997162,RUNNING_MPC
583.2104573249817,RUNNING_MPC
583.2902269363403,RUNNING_MPC
583.3702538013458,RUNNING_MPC
583.4504187107086,RUNNING_MPC
583.5304641723633,RUNNING_MPC
583.610288143158,RUNNING_MPC
583.6902594566345,RUNNING_MPC
583.7703697681427,RUNNING_MPC
583.8503367900848,RUNNING_MPC
583.9303834438324,RUNNING_MPC
584.0104539394379,RUNNING_MPC
584.090003490448,RUNNING_MPC
584.1704397201538,RUNNING_MPC
584.2502422332764,RUNNING_MPC
584.3303480148315,RUNNING_MPC
584.4104177951813,RUNNING_MPC
584.4900364875793,RUNNING_MPC
584.5704264640808,RUNNING_MPC
584.6504738330841,RUNNING_MPC
584.7303910255432,RUNNING_MPC
584.8103740215302,RUNNING_MPC
584.8901307582855,RUNNING_MPC
584.9706726074219,RUNNING_MPC
585.0506761074066,RUNNING_MPC
585.1304633617401,RUNNING_MPC
585.2100648880005,RUNNING_MPC
585.2918734550476,RUNNING_MPC
585.3702404499054,RUNNING_MPC
585.4504194259644,RUNNING_MPC
585.5303146839142,RUNNING_MPC
585.6109354496002,RUNNING_MPC
585.6901013851166,RUNNING_MPC
585.7701976299286,RUNNING_MPC
585.8508336544037,RUNNING_MPC
585.9305164813995,RUNNING_MPC
586.0104060173035,RUNNING_MPC
586.0905528068542,RUNNING_MPC
586.170339345932,RUNNING_MPC
586.2503354549408,RUNNING_MPC
586.3302943706512,RUNNING_MPC
586.4105274677277,RUNNING_MPC
586.4901292324066,RUNNING_MPC
586.5705780982971,RUNNING_MPC
586.6503279209137,RUNNING_MPC
586.7304394245148,RUNNING_MPC
586.8104920387268,RUNNING_MPC
586.8903529644012,RUNNING_MPC
586.9705579280853,RUNNING_MPC
587.0504314899445,RUNNING_MPC
587.1306295394897,RUNNING_MPC
587.2104222774506,RUNNING_MPC
587.2901458740234,RUNNING_MPC
587.3705124855042,RUNNING_MPC
587.4503166675568,RUNNING_MPC
587.5303118228912,RUNNING_MPC
587.610270023346,RUNNING_MPC
587.6901643276215,RUNNING_MPC
587.7702329158783,RUNNING_MPC
587.8503329753876,RUNNING_MPC
587.9302642345428,RUNNING_MPC
588.0102028846741,RUNNING_MPC
588.0904643535614,RUNNING_MPC
588.1700921058655,RUNNING_MPC
588.2502937316895,RUNNING_MPC
588.3304431438446,RUNNING_MPC
588.4103529453278,RUNNING_MPC
588.4901080131531,RUNNING_MPC
588.5705044269562,RUNNING_MPC
588.6503648757935,RUNNING_MPC
588.7304055690765,RUNNING_MPC
588.8107137680054,RUNNING_MPC
588.8900113105774,RUNNING_MPC
588.9708895683289,RUNNING_MPC
589.0503895282745,RUNNING_MPC
589.1304893493652,RUNNING_MPC
589.2104380130768,RUNNING_MPC
589.2899978160858,RUNNING_MPC
589.3706133365631,RUNNING_MPC
589.4503531455994,RUNNING_MPC
589.5304307937622,RUNNING_MPC
589.610324382782,RUNNING_MPC
589.6901466846466,RUNNING_MPC
589.7702279090881,RUNNING_MPC
589.8504784107208,RUNNING_MPC
589.9303903579712,RUNNING_MPC
590.0101840496063,RUNNING_MPC
590.0900084972382,RUNNING_MPC
590.1702547073364,RUNNING_MPC
590.2510013580322,RUNNING_MPC
590.3301436901093,RUNNING_MPC
590.4102096557617,RUNNING_MPC
590.4900438785553,RUNNING_MPC
590.5704481601715,RUNNING_MPC
590.6503133773804,RUNNING_MPC
590.7304728031158,RUNNING_MPC
590.8102762699127,RUNNING_MPC
590.8902299404144,RUNNING_MPC
590.9704504013062,RUNNING_MPC
591.0503704547882,RUNNING_MPC
591.1304225921631,RUNNING_MPC
591.21058344841,RUNNING_MPC
591.2906124591827,RUNNING_MPC
591.3704266548157,RUNNING_MPC
591.4502263069153,RUNNING_MPC
591.5304629802704,RUNNING_MPC
591.6101942062378,RUNNING_MPC
591.6900672912598,RUNNING_MPC
591.770105600357,RUNNING_MPC
591.8504133224487,RUNNING_MPC
591.9302141666412,RUNNING_MPC
592.0102756023407,RUNNING_MPC
592.0901765823364,RUNNING_MPC
592.1703839302063,RUNNING_MPC
592.2502677440643,RUNNING_MPC
592.330141544342,RUNNING_MPC
592.4106278419495,RUNNING_MPC
592.4904820919037,RUNNING_MPC
592.5704717636108,RUNNING_MPC
592.6504476070404,RUNNING_MPC
592.7305529117584,RUNNING_MPC
592.81032538414,RUNNING_MPC
592.8901453018188,RUNNING_MPC
592.9702186584473,RUNNING_MPC
593.0501294136047,RUNNING_MPC
593.1300961971283,RUNNING_MPC
593.2100939750671,RUNNING_MPC
593.2899453639984,RUNNING_MPC
593.3700084686279,RUNNING_MPC
593.4503383636475,RUNNING_MPC
593.5302011966705,RUNNING_MPC
593.6101760864258,RUNNING_MPC
593.6899814605713,RUNNING_MPC
593.7703540325165,RUNNING_MPC
593.8503930568695,RUNNING_MPC
593.9302232265472,RUNNING_MPC
594.0103743076324,RUNNING_MPC
594.0902166366577,RUNNING_MPC
594.1701755523682,RUNNING_MPC
594.2503378391266,RUNNING_MPC
594.3302638530731,RUNNING_MPC
594.4101293087006,RUNNING_MPC
594.4901697635651,RUNNING_MPC
594.5702078342438,RUNNING_MPC
594.6503744125366,RUNNING_MPC
594.7301723957062,RUNNING_MPC
594.8104591369629,RUNNING_MPC
594.8901581764221,RUNNING_MPC
594.97017121315,RUNNING_MPC
595.0501537322998,RUNNING_MPC
595.1302433013916,RUNNING_MPC
595.2107565402985,RUNNING_MPC
595.29052567482,RUNNING_MPC
595.3700845241547,RUNNING_MPC
595.4502553939819,RUNNING_MPC
595.5302011966705,RUNNING_MPC
595.6102967262268,RUNNING_MPC
595.6900029182434,RUNNING_MPC
595.7701005935669,RUNNING_MPC
595.8502566814423,RUNNING_MPC
595.9301223754883,RUNNING_MPC
596.0098881721497,RUNNING_MPC
596.0900037288666,RUNNING_MPC
596.170081615448,RUNNING_MPC
596.2501230239868,RUNNING_MPC
596.3303670883179,RUNNING_MPC
596.4102032184601,RUNNING_MPC
596.4899141788483,RUNNING_MPC
596.5701570510864,RUNNING_MPC
596.6501247882843,RUNNING_MPC
596.7303025722504,RUNNING_MPC
596.810201883316,RUNNING_MPC
596.8899087905884,RUNNING_MPC
596.9703006744385,RUNNING_MPC
597.0504267215729,RUNNING_MPC
597.1302301883698,RUNNING_MPC
597.2100281715393,RUNNING_MPC
597.289927482605,RUNNING_MPC
597.3701350688934,RUNNING_MPC
597.4501645565033,RUNNING_MPC
597.5302526950836,RUNNING_MPC
597.6104116439819,RUNNING_MPC
597.6900324821472,RUNNING_MPC
597.7701997756958,RUNNING_MPC
597.8501420021057,RUNNING_MPC
597.9304218292236,RUNNING_MPC
598.0102715492249,RUNNING_MPC
598.0898771286011,RUNNING_MPC
598.1701760292053,RUNNING_MPC
598.2506291866302,RUNNING_MPC
598.3302416801453,RUNNING_MPC
598.4101898670197,RUNNING_MPC
598.4900364875793,RUNNING_MPC
598.5700891017914,RUNNING_MPC
598.6502764225006,RUNNING_MPC
598.7301268577576,RUNNING_MPC
598.8102025985718,RUNNING_MPC
598.8900744915009,RUNNING_MPC
598.9698202610016,RUNNING_MPC
599.050164937973,RUNNING_MPC
599.1302282810211,RUNNING_MPC
599.210324048996,RUNNING_MPC
599.2900950908661,RUNNING_MPC
599.370199918747,RUNNING_MPC
599.450220823288,RUNNING_MPC
599.5303130149841,RUNNING_MPC
599.6101913452148,RUNNING_MPC
599.6901330947876,RUNNING_MPC
599.7701511383057,RUNNING_MPC
599.8501551151276,RUNNING_MPC
599.9300496578217,RUNNING_MPC
600.0099756717682,RUNNING_MPC
600.0900232791901,RUNNING_MPC
600.170257806778,RUNNING_MPC
600.2500457763672,RUNNING_MPC
600.3301723003387,RUNNING_MPC
600.4101574420929,RUNNING_MPC
600.4899220466614,RUNNING_MPC
600.57031083107,RUNNING_MPC
600.6503632068634,RUNNING_MPC
600.7306241989136,RUNNING_MPC
600.810051202774,RUNNING_MPC
600.8899667263031,RUNNING_MPC
600.9701340198517,RUNNING_MPC
601.0502698421478,RUNNING_MPC
601.1301200389862,RUNNING_MPC
601.2104139328003,RUNNING_MPC
601.2900352478027,RUNNING_MPC
601.3702571392059,RUNNING_MPC
601.4500830173492,RUNNING_MPC
601.5303254127502,RUNNING_MPC
601.6102027893066,RUNNING_MPC
601.6902678012848,RUNNING_MPC
601.7701530456543,RUNNING_MPC
601.8504767417908,RUNNING_MPC
601.9302315711975,RUNNING_MPC
602.0103416442871,RUNNING_MPC
602.090128660202,RUNNING_MPC
602.1702737808228,RUNNING_MPC
602.2509484291077,RUNNING_MPC
602.3303098678589,RUNNING_MPC
602.4102098941803,RUNNING_MPC
602.4902369976044,RUNNING_MPC
602.5700874328613,RUNNING_MPC
602.6499214172363,RUNNING_MPC
602.7301361560822,RUNNING_MPC
602.8106136322021,RUNNING_MPC
602.8900063037872,RUNNING_MPC
602.9701099395752,RUNNING_MPC
603.0501050949097,RUNNING_MPC
603.1302564144135,RUNNING_MPC
603.2101216316223,RUNNING_MPC
603.289883852005,RUNNING_MPC
603.3702676296234,RUNNING_MPC
603.4501521587372,RUNNING_MPC
603.5301072597504,RUNNING_MPC
603.6101357936859,RUNNING_MPC
603.689977645874,RUNNING_MPC
603.7704246044159,RUNNING_MPC
603.850349187851,RUNNING_MPC
603.9301655292511,RUNNING_MPC
604.0100297927856,RUNNING_MPC
604.0899443626404,RUNNING_MPC
604.1700565814972,RUNNING_MPC
604.2502536773682,RUNNING_MPC
604.3301825523376,RUNNING_MPC
604.4101338386536,RUNNING_MPC
604.4900171756744,RUNNING_MPC
604.5701940059662,RUNNING_MPC
604.6501452922821,RUNNING_MPC
604.7301545143127,RUNNING_MPC
604.8100109100342,RUNNING_MPC
604.89013838768,RUNNING_MPC
604.9699795246124,RUNNING_MPC
605.0501074790955,RUNNING_MPC
605.1303265094757,RUNNING_MPC
605.2100274562836,RUNNING_MPC
605.2898855209351,RUNNING_MPC
605.3705279827118,RUNNING_MPC
605.4500815868378,RUNNING_MPC
605.5302278995514,RUNNING_MPC
605.6102693080902,RUNNING_MPC
605.6899509429932,RUNNING_MPC
605.7702739238739,RUNNING_MPC
605.8499300479889,RUNNING_MPC
605.930201292038,RUNNING_MPC
606.0100891590118,RUNNING_MPC
606.0898458957672,RUNNING_MPC
606.1701843738556,RUNNING_MPC
606.2501454353333,RUNNING_MPC
606.3301260471344,RUNNING_MPC
606.4100131988525,RUNNING_MPC
606.4900553226471,RUNNING_MPC
606.5701265335083,RUNNING_MPC
606.6502304077148,RUNNING_MPC
606.7309520244598,RUNNING_MPC
606.8099594116211,RUNNING_MPC
606.8897676467896,RUNNING_MPC
606.9704611301422,RUNNING_MPC
607.0500786304474,RUNNING_MPC
607.1301529407501,RUNNING_MPC
607.2101490497589,RUNNING_MPC
607.290088891983,RUNNING_MPC
607.3700461387634,RUNNING_MPC
607.4500405788422,RUNNING_MPC
607.530038356781,RUNNING_MPC
607.6099901199341,RUNNING_MPC
607.6901996135712,RUNNING_MPC
607.7700324058533,RUNNING_MPC
607.8500244617462,RUNNING_MPC
607.9301943778992,RUNNING_MPC
608.0102202892303,RUNNING_MPC
608.0899119377136,RUNNING_MPC
608.1701519489288,RUNNING_MPC
608.2500998973846,RUNNING_MPC
608.3300344944,RUNNING_MPC
608.4101672172546,RUNNING_MPC
608.4912912845612,RUNNING_MPC
608.5700583457947,RUNNING_MPC
608.6500277519226,RUNNING_MPC
608.7302048206329,RUNNING_MPC
608.8101029396057,RUNNING_MPC
608.8899123668671,RUNNING_MPC
608.9702608585358,RUNNING_MPC
609.0500202178955,RUNNING_MPC
609.13005900383,RUNNING_MPC
609.2099096775055,RUNNING_MPC
609.2898948192596,RUNNING_MPC
609.3700129985809,RUNNING_MPC
609.4499700069427,RUNNING_MPC
609.5301628112793,RUNNING_MPC
609.6102070808411,RUNNING_MPC
609.6899998188019,RUNNING_MPC
609.7701420783997,RUNNING_MPC
609.8500332832336,RUNNING_MPC
609.9300646781921,RUNNING_MPC
610.0098748207092,RUNNING_MPC
610.0898356437683,RUNNING_MPC
610.169992685318,RUNNING_MPC
610.2501261234283,RUNNING_MPC
610.3301882743835,RUNNING_MPC
610.4099867343903,RUNNING_MPC
610.4898746013641,RUNNING_MPC
610.5700891017914,RUNNING_MPC
610.6501727104187,RUNNING_MPC
610.7300193309784,RUNNING_MPC
610.8098816871643,RUNNING_MPC
610.89000248909,RUNNING_MPC
610.9702365398407,RUNNING_MPC
611.0502214431763,RUNNING_MPC
611.1300945281982,RUNNING_MPC
611.2100031375885,RUNNING_MPC
611.2897720336914,RUNNING_MPC
611.3706161975861,RUNNING_MPC
611.450112581253,RUNNING_MPC
611.5302937030792,RUNNING_MPC
611.6099905967712,RUNNING_MPC
611.6899635791779,RUNNING_MPC
611.7700364589691,RUNNING_MPC
611.850093126297,RUNNING_MPC
611.9300358295441,RUNNING_MPC
612.0101380348206,RUNNING_MPC
612.0900864601135,RUNNING_MPC
612.170051574707,RUNNING_MPC
612.2500920295715,RUNNING_MPC
612.3300340175629,RUNNING_MPC
612.41059923172,RUNNING_MPC
612.4897720813751,RUNNING_MPC
612.5701570510864,RUNNING_MPC
612.6501159667969,RUNNING_MPC
612.7300109863281,RUNNING_MPC
612.8099505901337,RUNNING_MPC
612.8897249698639,RUNNING_MPC
612.9700546264648,RUNNING_MPC
613.0503580570221,RUNNING_MPC
613.130439043045,RUNNING_MPC
613.2098870277405,RUNNING_MPC
613.2896313667297,RUNNING_MPC
613.3701643943787,RUNNING_MPC
613.4498219490051,RUNNING_MPC
613.5300078392029,RUNNING_MPC
613.6099286079407,RUNNING_MPC
613.6898558139801,RUNNING_MPC
613.7700135707855,RUNNING_MPC
613.8499295711517,RUNNING_MPC
613.930380821228,RUNNING_MPC
614.0098793506622,RUNNING_MPC
614.0898599624634,RUNNING_MPC
614.1699244976044,RUNNING_MPC
614.2499630451202,RUNNING_MPC
614.3299794197083,RUNNING_MPC
614.4101223945618,RUNNING_MPC
614.4897186756134,RUNNING_MPC
614.5701355934143,RUNNING_MPC
614.6499352455139,RUNNING_MPC
614.7300817966461,RUNNING_MPC
614.8099343776703,RUNNING_MPC
614.8898327350616,RUNNING_MPC
614.970153093338,RUNNING_MPC
615.0500915050507,RUNNING_MPC
615.1301882266998,RUNNING_MPC
615.2098543643951,RUNNING_MPC
615.2896211147308,RUNNING_MPC
615.369824886322,RUNNING_MPC
615.4502427577972,RUNNING_MPC
615.5297951698303,RUNNING_MPC
615.6100261211395,RUNNING_MPC
615.6899509429932,RUNNING_MPC
615.7700128555298,RUNNING_MPC
615.8499636650085,RUNNING_MPC
615.9301507472992,RUNNING_MPC
616.0100729465485,RUNNING_MPC
616.0897707939148,RUNNING_MPC
616.1700105667114,RUNNING_MPC
616.2502202987671,RUNNING_MPC
616.330090045929,RUNNING_MPC
616.409990310669,RUNNING_MPC
616.4899687767029,RUNNING_MPC
616.5705869197845,RUNNING_MPC
616.6499440670013,RUNNING_MPC
616.7301962375641,RUNNING_MPC
616.8102042675018,RUNNING_MPC
616.8901078701019,RUNNING_MPC
616.9699516296387,RUNNING_MPC
617.0499241352081,RUNNING_MPC
617.129958152771,RUNNING_MPC
617.2099666595459,RUNNING_MPC
617.2896547317505,RUNNING_MPC
617.3701677322388,RUNNING_MPC
617.45006275177,RUNNING_MPC
617.5299189090729,RUNNING_MPC
617.6097886562347,RUNNING_MPC
617.6899831295013,RUNNING_MPC
617.7700614929199,RUNNING_MPC
617.8500604629517,RUNNING_MPC
617.9304184913635,RUNNING_MPC
618.010003566742,RUNNING_MPC
618.0897459983826,RUNNING_MPC
618.1702992916107,RUNNING_MPC
618.2500741481781,RUNNING_MPC
618.3299565315247,RUNNING_MPC
618.4100668430328,RUNNING_MPC
618.4897785186768,RUNNING_MPC
618.569892168045,RUNNING_MPC
618.6502528190613,RUNNING_MPC
618.7301077842712,RUNNING_MPC
618.8098540306091,RUNNING_MPC
618.8897774219513,RUNNING_MPC
618.9700801372528,RUNNING_MPC
619.0499472618103,RUNNING_MPC
619.1299922466278,RUNNING_MPC
619.2099685668945,RUNNING_MPC
619.2897636890411,RUNNING_MPC
619.3705332279205,RUNNING_MPC
619.4498093128204,RUNNING_MPC
619.5302262306213,RUNNING_MPC
619.6100580692291,RUNNING_MPC
619.6898336410522,RUNNING_MPC
619.7703530788422,RUNNING_MPC
619.8500783443451,RUNNING_MPC
619.930008649826,RUNNING_MPC
620.0097887516022,RUNNING_MPC
620.0898241996765,RUNNING_MPC
620.1704330444336,RUNNING_MPC
620.249963760376,RUNNING_MPC
620.3300213813782,RUNNING_MPC
620.409914970398,RUNNING_MPC
620.4898076057434,RUNNING_MPC
620.5698640346527,RUNNING_MPC
620.6503710746765,RUNNING_MPC
620.7299058437347,RUNNING_MPC
620.8098704814911,RUNNING_MPC
620.8898062705994,RUNNING_MPC
620.9699788093567,RUNNING_MPC
621.0499114990234,RUNNING_MPC
621.129830121994,RUNNING_MPC
621.2098758220673,RUNNING_MPC
621.2897455692291,RUNNING_MPC
621.3698661327362,RUNNING_MPC
621.4498629570007,RUNNING_MPC
621.5301380157471,RUNNING_MPC
621.6121783256531,RUNNING_MPC
621.6918940544128,RUNNING_MPC
621.7701668739319,RUNNING_MPC
621.8506548404694,RUNNING_MPC
621.9297857284546,RUNNING_MPC
622.0098714828491,RUNNING_MPC
622.0900917053223,RUNNING_MPC
622.1699993610382,RUNNING_MPC
622.2508599758148,RUNNING_MPC
622.3300139904022,RUNNING_MPC
622.4099321365356,RUNNING_MPC
622.4897439479828,RUNNING_MPC
622.5699439048767,RUNNING_MPC
622.6499519348145,RUNNING_MPC
622.7301859855652,RUNNING_MPC
622.809897184372,RUNNING_MPC
622.8896362781525,RUNNING_MPC
622.9699065685272,RUNNING_MPC
623.0500288009644,RUNNING_MPC
623.1299321651459,RUNNING_MPC
623.2100193500519,RUNNING_MPC
623.2909870147705,RUNNING_MPC
623.3697688579559,RUNNING_MPC
623.4499635696411,RUNNING_MPC
623.5298149585724,RUNNING_MPC
623.6099786758423,RUNNING_MPC
623.6897311210632,RUNNING_MPC
623.7707850933075,RUNNING_MPC
623.8507690429688,RUNNING_MPC
623.9301660060883,RUNNING_MPC
624.010106086731,RUNNING_MPC
624.0896768569946,RUNNING_MPC
624.170018196106,RUNNING_MPC
624.2500901222229,RUNNING_MPC
624.3298285007477,RUNNING_MPC
624.410120010376,RUNNING_MPC
624.489807844162,RUNNING_MPC
624.5698108673096,RUNNING_MPC
624.6500668525696,RUNNING_MPC
624.7298808097839,RUNNING_MPC
624.8098301887512,RUNNING_MPC
624.8897008895874,RUNNING_MPC
624.9698691368103,RUNNING_MPC
625.0499453544617,RUNNING_MPC
625.1298849582672,RUNNING_MPC
625.2099726200104,RUNNING_MPC
625.28986120224,RUNNING_MPC
625.3701450824738,RUNNING_MPC
625.4498970508575,RUNNING_MPC
625.5300590991974,RUNNING_MPC
625.6100859642029,RUNNING_MPC
625.690149307251,RUNNING_MPC
625.7703945636749,RUNNING_MPC
625.8498969078064,RUNNING_MPC
625.9300096035004,RUNNING_MPC
626.0098900794983,RUNNING_MPC
626.0899369716644,RUNNING_MPC
626.170089006424,RUNNING_MPC
626.2498617172241,RUNNING_MPC
626.3298218250275,RUNNING_MPC
626.410019159317,RUNNING_MPC
626.4896326065063,RUNNING_MPC
626.5702257156372,RUNNING_MPC
626.6498329639435,RUNNING_MPC
626.7306437492371,RUNNING_MPC
626.8098614215851,RUNNING_MPC
626.8897440433502,RUNNING_MPC
626.9701490402222,RUNNING_MPC
627.0500297546387,RUNNING_MPC
627.129994392395,RUNNING_MPC
627.2100675106049,RUNNING_MPC
627.2897818088531,RUNNING_MPC
627.3698973655701,RUNNING_MPC
627.4500212669373,RUNNING_MPC
627.5301687717438,RUNNING_MPC
627.6099624633789,RUNNING_MPC
627.6897819042206,RUNNING_MPC
627.7698519229889,RUNNING_MPC
627.8502223491669,RUNNING_MPC
627.9299809932709,RUNNING_MPC
628.009934425354,RUNNING_MPC
628.0895435810089,RUNNING_MPC
628.1705882549286,RUNNING_MPC
628.2499756813049,RUNNING_MPC
628.3300957679749,RUNNING_MPC
628.410459280014,RUNNING_MPC
628.4896419048309,RUNNING_MPC
628.5699899196625,RUNNING_MPC
628.6498529911041,RUNNING_MPC
628.7298748493195,RUNNING_MPC
628.8098483085632,RUNNING_MPC
628.8896815776825,RUNNING_MPC
628.9698758125305,RUNNING_MPC
629.0499250888824,RUNNING_MPC
629.1300675868988,RUNNING_MPC
629.2097516059875,RUNNING_MPC
629.2898077964783,RUNNING_MPC
629.370080947876,RUNNING_MPC
629.4499535560608,RUNNING_MPC
629.5299084186554,RUNNING_MPC
629.6116871833801,RUNNING_MPC
629.6900594234467,RUNNING_MPC
629.769825220108,RUNNING_MPC
629.8498582839966,RUNNING_MPC
629.9298822879791,RUNNING_MPC
630.0102338790894,RUNNING_MPC
630.0895819664001,RUNNING_MPC
630.1700234413147,RUNNING_MPC
630.2504658699036,RUNNING_MPC
630.3301630020142,RUNNING_MPC
630.4100253582001,RUNNING_MPC
630.4896810054779,RUNNING_MPC
630.569970369339,RUNNING_MPC
630.6500203609467,RUNNING_MPC
630.7299289703369,RUNNING_MPC
630.8098645210266,RUNNING_MPC
630.890686750412,RUNNING_MPC
630.9698212146759,RUNNING_MPC
631.0500118732452,RUNNING_MPC
631.1299846172333,RUNNING_MPC
631.2098162174225,RUNNING_MPC
631.2899353504181,RUNNING_MPC
631.3697326183319,RUNNING_MPC
631.4497542381287,RUNNING_MPC
631.5301361083984,RUNNING_MPC
631.6098546981812,RUNNING_MPC
631.6897175312042,RUNNING_MPC
631.7700202465057,RUNNING_MPC
631.8509788513184,RUNNING_MPC
631.9299936294556,RUNNING_MPC
632.0098721981049,RUNNING_MPC
632.0896098613739,RUNNING_MPC
632.1700444221497,RUNNING_MPC
632.2499747276306,RUNNING_MPC
632.3299810886383,RUNNING_MPC
632.4099795818329,RUNNING_MPC
632.4898853302002,RUNNING_MPC
632.5697114467621,RUNNING_MPC
632.6499123573303,RUNNING_MPC
632.7297122478485,RUNNING_MPC
632.8097927570343,RUNNING_MPC
632.8896610736847,RUNNING_MPC
632.9698991775513,RUNNING_MPC
633.0497109889984,RUNNING_MPC
633.1298422813416,RUNNING_MPC
633.2097411155701,RUNNING_MPC
633.289612531662,RUNNING_MPC
633.3699045181274,RUNNING_MPC
633.4498980045319,RUNNING_MPC
633.529908657074,RUNNING_MPC
633.6098830699921,RUNNING_MPC
633.6909215450287,RUNNING_MPC
633.7706191539764,RUNNING_MPC
633.8498120307922,RUNNING_MPC
633.930027961731,RUNNING_MPC
634.0097396373749,RUNNING_MPC
634.0896511077881,RUNNING_MPC
634.1699287891388,RUNNING_MPC
634.2501060962677,RUNNING_MPC
634.3296692371368,RUNNING_MPC
634.409782409668,RUNNING_MPC
634.4897429943085,RUNNING_MPC
634.5697064399719,RUNNING_MPC
634.6496608257294,RUNNING_MPC
634.7301943302155,RUNNING_MPC
634.8097593784332,RUNNING_MPC
634.8894476890564,RUNNING_MPC
634.9696962833405,RUNNING_MPC
635.0497403144836,RUNNING_MPC
635.1305017471313,RUNNING_MPC
635.209682226181,RUNNING_MPC
635.2894744873047,RUNNING_MPC
635.3697497844696,RUNNING_MPC
635.449711561203,RUNNING_MPC
635.5300359725952,RUNNING_MPC
635.6098806858063,RUNNING_MPC
635.6895565986633,RUNNING_MPC
635.7697396278381,RUNNING_MPC
635.8497741222382,RUNNING_MPC
635.9299614429474,RUNNING_MPC
636.0099427700043,RUNNING_MPC
636.0897238254547,RUNNING_MPC
636.1698107719421,RUNNING_MPC
636.2497618198395,RUNNING_MPC
636.3298740386963,RUNNING_MPC
636.4098899364471,RUNNING_MPC
636.4897029399872,RUNNING_MPC
636.5700771808624,RUNNING_MPC
636.6494052410126,RUNNING_MPC
636.7300570011139,RUNNING_MPC
636.809731721878,RUNNING_MPC
636.8894391059875,RUNNING_MPC
636.9695515632629,RUNNING_MPC
637.049676656723,RUNNING_MPC
637.1297934055328,RUNNING_MPC
637.2097611427307,RUNNING_MPC
637.2894823551178,RUNNING_MPC
637.3697655200958,RUNNING_MPC
637.4498269557953,RUNNING_MPC
637.5298237800598,RUNNING_MPC
637.6096384525299,RUNNING_MPC
637.6895022392273,RUNNING_MPC
637.7696187496185,RUNNING_MPC
637.8503949642181,RUNNING_MPC
637.929621219635,RUNNING_MPC
638.0103974342346,RUNNING_MPC
638.089430809021,RUNNING_MPC
638.1698966026306,RUNNING_MPC
638.2496502399445,RUNNING_MPC
638.3295998573303,RUNNING_MPC
638.4095900058746,RUNNING_MPC
638.4894025325775,RUNNING_MPC
638.5696272850037,RUNNING_MPC
638.6495532989502,RUNNING_MPC
638.729772567749,RUNNING_MPC
638.8095898628235,RUNNING_MPC
638.88951587677,RUNNING_MPC
638.9697821140289,RUNNING_MPC
639.0497498512268,RUNNING_MPC
639.1297130584717,RUNNING_MPC
639.2097544670105,RUNNING_MPC
639.2894399166107,RUNNING_MPC
639.3694598674774,RUNNING_MPC
639.4496483802795,RUNNING_MPC
639.5296425819397,RUNNING_MPC
639.6095268726349,RUNNING_MPC
639.6894454956055,RUNNING_MPC
639.7700691223145,RUNNING_MPC
639.8497452735901,RUNNING_MPC
639.9297955036163,RUNNING_MPC
640.0095193386078,RUNNING_MPC
640.089536190033,RUNNING_MPC
640.1696960926056,RUNNING_MPC
640.2496674060822,RUNNING_MPC
640.3297431468964,RUNNING_MPC
640.4096298217773,RUNNING_MPC
640.4895217418671,RUNNING_MPC
640.5696775913239,RUNNING_MPC
640.6496751308441,RUNNING_MPC
640.7299733161926,RUNNING_MPC
640.8095977306366,RUNNING_MPC
640.8894319534302,RUNNING_MPC
