x_m,y_m,state
-318.3138122558594,-148.23687744140625,RUNNING_MPC
-315.0783996582031,-143.79515075683594,RUNNING_MPC
-312.9195251464844,-140.8349609375,RUNNING_MPC
-310.7674255371094,-137.86941528320312,RUNNING_MPC
-308.09149169921875,-134.1554718017578,RUNNING_MPC
-306.4934997558594,-131.92501831054688,RUNNING_MPC
-304.3708190917969,-128.95166015625,RUNNING_MPC
-302.25726318359375,-125.9835205078125,RUNNING_MPC
-300.67852783203125,-123.7649154663086,RUNNING_MPC
-298.5837707519531,-120.82321166992188,RUNNING_MPC
-296.503173828125,-117.90642547607422,RUNNING_MPC
-294.9543762207031,-115.73917388916016,RUNNING_MPC
-292.9079895019531,-112.88114929199219,RUNNING_MPC
-290.88616943359375,-110.06233215332031,RUNNING_MPC
-288.8919372558594,-107.28472137451172,RUNNING_MPC
-287.4154968261719,-105.22880554199219,RUNNING_MPC
-285.4728088378906,-102.52330780029297,RUNNING_MPC
-283.55926513671875,-99.85709381103516,RUNNING_MPC
-282.1419982910156,-97.88191223144531,RUNNING_MPC
-280.2752380371094,-95.28016662597656,RUNNING_MPC
-278.43280029296875,-92.71300506591797,RUNNING_MPC
-277.0656433105469,-90.80946350097656,RUNNING_MPC
-275.2616271972656,-88.30046081542969,RUNNING_MPC
-273.4784851074219,-85.824462890625,RUNNING_MPC
-272.1549377441406,-83.9891128540039,RUNNING_MPC
-270.40887451171875,-81.571044921875,RUNNING_MPC
-268.6846008300781,-79.18645477294922,RUNNING_MPC
-266.98223876953125,-76.83537292480469,RUNNING_MPC
-265.72003173828125,-75.09385681152344,RUNNING_MPC
-264.0562744140625,-72.80072784423828,RUNNING_MPC
-262.41375732421875,-70.5398941040039,RUNNING_MPC
-261.19549560546875,-68.86481475830078,RUNNING_MPC
-259.5882873535156,-66.6572265625,RUNNING_MPC
-257.9994201660156,-64.47643280029297,RUNNING_MPC
-256.8185729980469,-62.85655975341797,RUNNING_MPC
-255.25648498535156,-60.71452331542969,RUNNING_MPC
-253.70614624023438,-58.58921432495117,RUNNING_MPC
-252.16470336914062,-56.476600646972656,RUNNING_MPC
-251.0127410888672,-54.89817428588867,RUNNING_MPC
-249.47987365722656,-52.79845428466797,RUNNING_MPC
-247.94821166992188,-50.70207595825195,RUNNING_MPC
-246.7987060546875,-49.13130187988281,RUNNING_MPC
-245.26199340820312,-47.03816223144531,RUNNING_MPC
-243.71755981445312,-44.94719314575195,RUNNING_MPC
-242.55245971679688,-43.38174057006836,RUNNING_MPC
-240.988037109375,-41.299888610839844,RUNNING_MPC
-239.40928649902344,-39.226531982421875,RUNNING_MPC
-237.814697265625,-37.164737701416016,RUNNING_MPC
-236.6074981689453,-35.6275520324707,RUNNING_MPC
-234.9812774658203,-33.59284210205078,RUNNING_MPC
-233.33547973632812,-31.57868766784668,RUNNING_MPC
-232.0872344970703,-30.0830078125,RUNNING_MPC
-230.4029998779297,-28.109804153442383,RUNNING_MPC
-228.6951141357422,-26.163808822631836,RUNNING_MPC
-226.96185302734375,-24.24711036682129,RUNNING_MPC
-225.2020721435547,-22.364633560180664,RUNNING_MPC
-223.41859436035156,-20.519725799560547,RUNNING_MPC
-221.6077880859375,-18.716224670410156,RUNNING_MPC
-219.77186584472656,-16.960206985473633,RUNNING_MPC
-217.91165161132812,-15.260577201843262,RUNNING_MPC
-216.03216552734375,-13.622900009155273,RUNNING_MPC
-214.13780212402344,-12.05007266998291,RUNNING_MPC
-212.23171997070312,-10.543757438659668,RUNNING_MPC
-210.31504821777344,-9.109301567077637,RUNNING_MPC
-208.38986206054688,-7.748176097869873,RUNNING_MPC
-206.94085693359375,-6.776431560516357,RUNNING_MPC
-205.00140380859375,-5.543495178222656,RUNNING_MPC
-203.05088806152344,-4.380181789398193,RUNNING_MPC
-201.5790557861328,-3.552945137023926,RUNNING_MPC
-199.6005096435547,-2.5053346157073975,RUNNING_MPC
-198.10214233398438,-1.7595783472061157,RUNNING_MPC
-196.08322143554688,-0.8152998089790344,RUNNING_MPC
-194.03677368164062,0.0755603015422821,RUNNING_MPC
-192.48194885253906,0.7109326124191284,RUNNING_MPC
-190.3826141357422,1.5142903327941895,RUNNING_MPC
-188.786376953125,2.0857245922088623,RUNNING_MPC
-186.62730407714844,2.809049367904663,RUNNING_MPC
-184.4319610595703,3.4896109104156494,RUNNING_MPC
-182.19677734375,4.127810478210449,RUNNING_MPC
-180.49403381347656,4.579073905944824,RUNNING_MPC
-178.1885528564453,5.144924163818359,RUNNING_MPC
-175.84046936035156,5.668497085571289,RUNNING_MPC
-174.05198669433594,6.035521030426025,RUNNING_MPC
-171.62747192382812,6.487440586090088,RUNNING_MPC
-169.77943420410156,6.7995452880859375,RUNNING_MPC
-167.27667236328125,7.180177688598633,RUNNING_MPC
-165.36985778808594,7.437461853027344,RUNNING_MPC
-162.78823852539062,7.7410807609558105,RUNNING_MPC
-160.822265625,7.939854621887207,RUNNING_MPC
-158.1625518798828,8.167579650878906,RUNNING_MPC
-155.45726013183594,8.349087715148926,RUNNING_MPC
-152.70753479003906,8.48727798461914,RUNNING_MPC
-150.61688232421875,8.560965538024902,RUNNING_MPC
-147.79078674316406,8.620672225952148,RUNNING_MPC
-144.92198181152344,8.634749412536621,RUNNING_MPC
-142.74143981933594,8.616982460021973,RUNNING_MPC
-139.797607421875,8.558235168457031,RUNNING_MPC
-136.81124877929688,8.456068992614746,RUNNING_MPC
-134.54331970214844,8.35274887084961,RUNNING_MPC
-131.48301696777344,8.181622505187988,RUNNING_MPC
-128.38218688964844,7.969673156738281,RUNNING_MPC
-125.23934173583984,7.71878719329834,RUNNING_MPC
-122.85523223876953,7.506857872009277,RUNNING_MPC
-119.64240264892578,7.19656229019165,RUNNING_MPC
-117.2086181640625,6.939674377441406,RUNNING_MPC
-113.93179321289062,6.5706787109375,RUNNING_MPC
-110.62239837646484,6.172873020172119,RUNNING_MPC
-108.12156677246094,5.857779026031494,RUNNING_MPC
-104.76547241210938,5.418791770935059,RUNNING_MPC
-101.38805389404297,4.964171409606934,RUNNING_MPC
-97.99392700195312,4.492993354797363,RUNNING_MPC
-94.58248901367188,4.00956392288208,RUNNING_MPC
-91.15632629394531,3.5187065601348877,RUNNING_MPC
-87.71680450439453,3.023662567138672,RUNNING_MPC
-85.99239349365234,2.7757034301757812,RUNNING_MPC
-84.2650146484375,2.5279321670532227,RUNNING_MPC
-81.66876220703125,2.1578481197357178,RUNNING_MPC
-79.06683349609375,1.791292428970337,RUNNING_MPC
-75.59013366699219,1.3112198114395142,RUNNING_MPC
-72.1075668334961,0.8447985053062439,RUNNING_MPC
-69.49372100830078,0.50665283203125,RUNNING_MPC
-66.0086669921875,0.07390432804822922,RUNNING_MPC
-62.52424240112305,-0.3326161205768585,RUNNING_MPC
-59.04251480102539,-0.7109830379486084,RUNNING_MPC
-56.43379592895508,-0.9733917117118835,RUNNING_MPC
-52.96000289916992,-1.2907087802886963,RUNNING_MPC
-49.49287033081055,-1.566794753074646,RUNNING_MPC
-46.898109436035156,-1.743420124053955,RUNNING_MPC
-43.447723388671875,-1.9343889951705933,RUNNING_MPC
-40.8689079284668,-2.0420758724212646,RUNNING_MPC
-37.4466438293457,-2.1352272033691406,RUNNING_MPC
-34.047359466552734,-2.1695961952209473,RUNNING_MPC
-31.516664505004883,-2.157116413116455,RUNNING_MPC
-28.172197341918945,-2.0912282466888428,RUNNING_MPC
-24.86617088317871,-1.9707562923431396,RUNNING_MPC
-22.41356658935547,-1.8456836938858032,RUNNING_MPC
-19.182861328125,-1.6306411027908325,RUNNING_MPC
-16.790205001831055,-1.432639718055725,RUNNING_MPC
-13.639033317565918,-1.1206059455871582,RUNNING_MPC
-11.304361343383789,-0.8501018285751343,RUNNING_MPC
-8.225610733032227,-0.4411011338233948,RUNNING_MPC
-5.184572696685791,0.02603621408343315,RUNNING_MPC
-2.9262492656707764,0.4169462025165558,RUNNING_MPC
0.06128135696053505,0.9925268888473511,RUNNING_MPC
3.028709650039673,1.625335931777954,RUNNING_MPC
5.241898059844971,2.13857364654541,RUNNING_MPC
8.181264877319336,2.8734500408172607,RUNNING_MPC
10.380338668823242,3.4612843990325928,RUNNING_MPC
13.307549476623535,4.294389724731445,RUNNING_MPC
15.501240730285645,4.955954551696777,RUNNING_MPC
18.42583656311035,5.887518405914307,RUNNING_MPC
21.352153778076172,6.876821517944336,RUNNING_MPC
23.5490665435791,7.6558709144592285,RUNNING_MPC
26.482694625854492,8.747385025024414,RUNNING_MPC
28.686281204223633,9.604080200195312,RUNNING_MPC
31.629432678222656,10.802496910095215,RUNNING_MPC
33.84092330932617,11.74191951751709,RUNNING_MPC
36.79486083984375,13.05148983001709,RUNNING_MPC
39.01402282714844,14.077143669128418,RUNNING_MPC
41.97812271118164,15.504725456237793,RUNNING_MPC
44.94642639160156,16.99900245666504,RUNNING_MPC
47.17413330078125,18.166563034057617,RUNNING_MPC
50.14483642578125,19.78044319152832,RUNNING_MPC
52.37067413330078,21.036067962646484,RUNNING_MPC
55.33409118652344,22.763864517211914,RUNNING_MPC
58.28862762451172,24.55280303955078,RUNNING_MPC
61.23174285888672,26.398046493530273,RUNNING_MPC
64.89006805419922,28.77535057067871,RUNNING_MPC
67.79790496826172,30.73187255859375,RUNNING_MPC
69.96773529052734,32.227657318115234,RUNNING_MPC
71.4091796875,33.23583984375,RUNNING_MPC
74.27875518798828,35.283660888671875,RUNNING_MPC
75.70741271972656,36.32132339477539,RUNNING_MPC
78.55299377441406,38.422813415527344,RUNNING_MPC
80.67567443847656,40.02051544189453,RUNNING_MPC
83.4880142211914,42.175575256347656,RUNNING_MPC
86.27498626708984,44.35693359375,RUNNING_MPC
89.0314712524414,46.55998611450195,RUNNING_MPC
91.07479095458984,48.22188186645508,RUNNING_MPC
93.76216888427734,50.44501876831055,RUNNING_MPC
96.40218353271484,52.669315338134766,RUNNING_MPC
98.99073028564453,54.88656997680664,RUNNING_MPC
100.89862060546875,56.53985595703125,RUNNING_MPC
103.3914794921875,58.732078552246094,RUNNING_MPC
105.82880401611328,60.9039306640625,RUNNING_MPC
107.62216186523438,62.51756286621094,RUNNING_MPC
109.97132873535156,64.6478042602539,RUNNING_MPC
112.27369689941406,66.7537612915039,RUNNING_MPC
113.97323608398438,68.31640625,RUNNING_MPC
116.20601654052734,70.3779525756836,RUNNING_MPC
118.40254974365234,72.41497039794922,RUNNING_MPC
120.02716827392578,73.92669677734375,RUNNING_MPC
122.16373443603516,75.92076873779297,RUNNING_MPC
124.26677703857422,77.89009857177734,RUNNING_MPC
126.33563232421875,79.83493041992188,RUNNING_MPC
127.86461639404297,81.27690124511719,RUNNING_MPC
129.8726043701172,83.17627716064453,RUNNING_MPC
131.84519958496094,85.04827880859375,RUNNING_MPC
133.30152893066406,86.43359375,RUNNING_MPC
135.21226501464844,88.25496673583984,RUNNING_MPC
137.08775329589844,90.04653930664062,RUNNING_MPC
138.92855834960938,91.80755615234375,RUNNING_MPC
140.286865234375,93.10787200927734,RUNNING_MPC
142.0685577392578,94.81438446044922,RUNNING_MPC
143.8175048828125,96.48931121826172,RUNNING_MPC
145.10826110839844,97.72471618652344,RUNNING_MPC
146.80189514160156,99.3438949584961,RUNNING_MPC
148.46438598632812,100.93101501464844,RUNNING_MPC
150.09629821777344,102.48643493652344,RUNNING_MPC
151.30010986328125,103.63187408447266,RUNNING_MPC
152.87852478027344,105.1307373046875,RUNNING_MPC
154.4267120361328,106.59700775146484,RUNNING_MPC
155.94400024414062,108.03016662597656,RUNNING_MPC
157.06222534179688,109.08344268798828,RUNNING_MPC
158.52694702148438,110.45858764648438,RUNNING_MPC
159.96109008789062,111.79960632324219,RUNNING_MPC
161.36488342285156,113.10652923583984,RUNNING_MPC
162.3976287841797,114.06436157226562,RUNNING_MPC
163.748046875,115.31172943115234,RUNNING_MPC
165.06851196289062,116.52559661865234,RUNNING_MPC
166.36032104492188,117.70711517333984,RUNNING_MPC
167.62535095214844,118.85785675048828,RUNNING_MPC
168.8656463623047,119.97975158691406,RUNNING_MPC
170.3857421875,121.345703125,RUNNING_MPC
171.581298828125,122.41297912597656,RUNNING_MPC
172.7623748779297,123.46115112304688,RUNNING_MPC
173.34878540039062,123.97920989990234,RUNNING_MPC
173.93304443359375,124.49381256103516,RUNNING_MPC
174.51573181152344,125.00540924072266,RUNNING_MPC
175.67884826660156,126.02149200439453,RUNNING_MPC
176.84288024902344,127.03063201904297,RUNNING_MPC
177.71932983398438,127.78451538085938,RUNNING_MPC
178.89512634277344,128.78689575195312,RUNNING_MPC
180.081787109375,129.78675842285156,RUNNING_MPC
181.2808380126953,130.78280639648438,RUNNING_MPC
182.18862915039062,131.52603149414062,RUNNING_MPC
183.41061401367188,132.51036071777344,RUNNING_MPC
184.6453857421875,133.48472595214844,RUNNING_MPC
185.8911895751953,134.4453125,RUNNING_MPC
187.14645385742188,135.388916015625,RUNNING_MPC
188.0934600830078,136.083984375,RUNNING_MPC
189.36300659179688,136.99191284179688,RUNNING_MPC
190.6398162841797,137.87652587890625,RUNNING_MPC
191.60235595703125,138.52398681640625,RUNNING_MPC
192.89315795898438,139.3649444580078,RUNNING_MPC
194.19384765625,140.17974853515625,RUNNING_MPC
195.1769561767578,140.77325439453125,RUNNING_MPC
196.5,141.54087829589844,RUNNING_MPC
197.839599609375,142.28091430664062,RUNNING_MPC
199.19915771484375,142.9923553466797,RUNNING_MPC
200.2327880859375,143.50584411621094,RUNNING_MPC
201.6311798095703,144.16259765625,RUNNING_MPC
203.05384826660156,144.78518676757812,RUNNING_MPC
204.49937438964844,145.37042236328125,RUNNING_MPC
205.96636962890625,145.91586303710938,RUNNING_MPC
207.07923889160156,146.29611206054688,RUNNING_MPC
208.57785034179688,146.76394653320312,RUNNING_MPC
209.7107696533203,147.08375549316406,RUNNING_MPC
211.2303924560547,147.46685791015625,RUNNING_MPC
212.7566680908203,147.7983856201172,RUNNING_MPC
213.90435791015625,148.01260375976562,RUNNING_MPC
215.43621826171875,148.25057983398438,RUNNING_MPC
216.9656524658203,148.43167114257812,RUNNING_MPC
218.10968017578125,148.52883911132812,RUNNING_MPC
219.62879943847656,148.6064910888672,RUNNING_MPC
221.1379852294922,148.62396240234375,RUNNING_MPC
222.260986328125,148.5959930419922,RUNNING_MPC
223.74240112304688,148.50341796875,RUNNING_MPC
225.20323181152344,148.34788513183594,RUNNING_MPC
226.28260803222656,148.1901397705078,RUNNING_MPC
227.69569396972656,147.92471313476562,RUNNING_MPC
229.07725524902344,147.59849548339844,RUNNING_MPC
230.09197998046875,147.31520080566406,RUNNING_MPC
231.41259765625,146.88626098632812,RUNNING_MPC
232.3773956298828,146.52674865722656,RUNNING_MPC
233.6311798095703,145.99867248535156,RUNNING_MPC
234.8465576171875,145.4160919189453,RUNNING_MPC
236.02455139160156,144.77960205078125,RUNNING_MPC
237.1668243408203,144.09019470214844,RUNNING_MPC
238.27902221679688,143.34739685058594,RUNNING_MPC
239.62757873535156,142.34234619140625,RUNNING_MPC
240.41482543945312,141.69757080078125,RUNNING_MPC
240.9311065673828,141.2504425048828,RUNNING_MPC
241.94317626953125,140.31410217285156,RUNNING_MPC
242.43931579589844,139.82443237304688,RUNNING_MPC
243.17071533203125,139.063232421875,RUNNING_MPC
244.1224365234375,137.9977569580078,RUNNING_MPC
245.04786682128906,136.87428283691406,RUNNING_MPC
245.9472198486328,135.69259643554688,RUNNING_MPC
246.82028198242188,134.45294189453125,RUNNING_MPC
247.66856384277344,133.15548706054688,RUNNING_MPC
248.49185180664062,131.80064392089844,RUNNING_MPC
249.0947265625,130.74789428710938,RUNNING_MPC
249.87863159179688,129.29458618164062,RUNNING_MPC
250.6424102783203,127.78677368164062,RUNNING_MPC
251.38619995117188,126.22269439697266,RUNNING_MPC
252.1112823486328,124.60518646240234,RUNNING_MPC
252.8159942626953,122.93355560302734,RUNNING_MPC
253.4964599609375,121.21089935302734,RUNNING_MPC
254.14991760253906,119.44566345214844,RUNNING_MPC
254.7737274169922,117.64932250976562,RUNNING_MPC
255.36505126953125,115.83448791503906,RUNNING_MPC
255.92706298828125,114.01559448242188,RUNNING_MPC
256.4627380371094,112.20730590820312,RUNNING_MPC
256.97430419921875,110.42195129394531,RUNNING_MPC
257.46282958984375,108.66896057128906,RUNNING_MPC
257.9284362792969,106.95613098144531,RUNNING_MPC
258.3717041015625,105.2882308959961,RUNNING_MPC
258.79339599609375,103.66773986816406,RUNNING_MPC
259.1946716308594,102.09428405761719,RUNNING_MPC
259.5772705078125,100.5644302368164,RUNNING_MPC
259.94329833984375,99.07315826416016,RUNNING_MPC
260.20867919921875,97.97579956054688,RUNNING_MPC
260.5520935058594,96.53447723388672,RUNNING_MPC
260.8861999511719,95.11094665527344,RUNNING_MPC
261.2131652832031,93.69850158691406,RUNNING_MPC
261.5351257324219,92.29119873046875,RUNNING_MPC
261.85443115234375,90.88356018066406,RUNNING_MPC
262.1730651855469,89.4710464477539,RUNNING_MPC
262.4929504394531,88.04985046386719,RUNNING_MPC
262.81549072265625,86.61837005615234,RUNNING_MPC
263.14208984375,85.1764144897461,RUNNING_MPC
263.4737548828125,83.72586822509766,RUNNING_MPC
263.8113098144531,82.26932525634766,RUNNING_MPC
264.0686340332031,81.17546081542969,RUNNING_MPC
264.4173889160156,79.71820831298828,RUNNING_MPC
264.7726745605469,78.26600646972656,RUNNING_MPC
265.1347961425781,76.82257080078125,RUNNING_MPC
265.5041198730469,75.3900375366211,RUNNING_MPC
265.88055419921875,73.97005462646484,RUNNING_MPC
266.2648620605469,72.56220245361328,RUNNING_MPC
266.6581726074219,71.16534423828125,RUNNING_MPC
267.06182861328125,69.7775650024414,RUNNING_MPC
267.4776611328125,68.396484375,RUNNING_MPC
268.0168762207031,66.67501831054688,RUNNING_MPC
268.466064453125,65.29839324951172,RUNNING_MPC
269.05279541015625,63.57524871826172,RUNNING_MPC
269.5448303222656,62.19348907470703,RUNNING_MPC
270.0592956542969,60.80973815917969,RUNNING_MPC
270.4609375,59.7722053527832,RUNNING_MPC
271.01824951171875,58.392024993896484,RUNNING_MPC
271.6014099121094,57.01835632324219,RUNNING_MPC
272.21112060546875,55.65569305419922,RUNNING_MPC
272.8472900390625,54.30882263183594,RUNNING_MPC
273.6794738769531,52.652488708496094,RUNNING_MPC
274.37554931640625,51.3524169921875,RUNNING_MPC
275.09954833984375,50.076595306396484,RUNNING_MPC
276.04534912109375,48.51775360107422,RUNNING_MPC
276.8369140625,47.29999923706055,RUNNING_MPC
277.6617126464844,46.10908508300781,RUNNING_MPC
278.5213928222656,44.945106506347656,RUNNING_MPC
279.6473693847656,43.53038787841797,RUNNING_MPC
280.5901794433594,42.43439865112305,RUNNING_MPC
281.57037353515625,41.37453079223633,RUNNING_MPC
282.8452453613281,40.10903549194336,RUNNING_MPC
283.8996276855469,39.15195846557617,RUNNING_MPC
284.97943115234375,38.25168991088867,RUNNING_MPC
286.08026123046875,37.41511535644531,RUNNING_MPC
287.4798278808594,36.46756362915039,RUNNING_MPC
288.6138916015625,35.79140090942383,RUNNING_MPC
289.75823974609375,35.18682861328125,RUNNING_MPC
290.9115295410156,34.6497688293457,RUNNING_MPC
292.07586669921875,34.1733283996582,RUNNING_MPC
293.2535400390625,33.75101089477539,RUNNING_MPC
294.44744873046875,33.37930679321289,RUNNING_MPC
295.66015625,33.0583381652832,RUNNING_MPC
296.8944091796875,32.7894172668457,RUNNING_MPC
298.1524353027344,32.574668884277344,RUNNING_MPC
299.43524169921875,32.41621398925781,RUNNING_MPC
300.4123840332031,32.336849212646484,RUNNING_MPC
301.7326965332031,32.28520584106445,RUNNING_MPC
303.066162109375,32.29846954345703,RUNNING_MPC
304.40277099609375,32.37957000732422,RUNNING_MPC
305.4020690917969,32.4855842590332,RUNNING_MPC
306.72119140625,32.68739318847656,RUNNING_MPC
308.0158386230469,32.9567756652832,RUNNING_MPC
309.27850341796875,33.29046630859375,RUNNING_MPC
310.5043640136719,33.684783935546875,RUNNING_MPC
311.39849853515625,34.01752853393555,RUNNING_MPC
312.5592956542969,34.50776672363281,RUNNING_MPC
313.6878967285156,35.04876708984375,RUNNING_MPC
314.5169982910156,35.48769760131836,RUNNING_MPC
315.60101318359375,36.116905212402344,RUNNING_MPC
316.6627197265625,36.79723358154297,RUNNING_MPC
317.7041320800781,37.52949523925781,RUNNING_MPC
318.7265625,38.31462478637695,RUNNING_MPC
319.7308044433594,39.15315246582031,RUNNING_MPC
320.7176208496094,40.04529571533203,RUNNING_MPC
321.6878662109375,40.991737365722656,RUNNING_MPC
322.6419982910156,41.9930419921875,RUNNING_MPC
323.5802001953125,43.049644470214844,RUNNING_MPC
324.50177001953125,44.162166595458984,RUNNING_MPC
325.6307067871094,45.63329315185547,RUNNING_MPC
326.51507568359375,46.874149322509766,RUNNING_MPC
327.3832092285156,48.17316818237305,RUNNING_MPC
328.2337341308594,49.52952194213867,RUNNING_MPC
329.0665588378906,50.9440803527832,RUNNING_MPC
329.88006591796875,52.417625427246094,RUNNING_MPC
330.67626953125,53.94895935058594,RUNNING_MPC
331.45330810546875,55.5380859375,RUNNING_MPC
332.2148742675781,57.18360900878906,RUNNING_MPC
332.9598693847656,58.88555908203125,RUNNING_MPC
333.691162109375,60.64474105834961,RUNNING_MPC
334.4103698730469,62.45993423461914,RUNNING_MPC
335.1189880371094,64.32855987548828,RUNNING_MPC
335.81695556640625,66.2524185180664,RUNNING_MPC
336.509521484375,68.22928619384766,RUNNING_MPC
337.201171875,70.25672912597656,RUNNING_MPC
337.8929138183594,72.33570098876953,RUNNING_MPC
338.5907287597656,74.4651107788086,RUNNING_MPC
339.296630859375,76.64375305175781,RUNNING_MPC
340.0118408203125,78.87200927734375,RUNNING_MPC
340.7362365722656,81.14939880371094,RUNNING_MPC
341.4692077636719,83.47649383544922,RUNNING_MPC
342.21044921875,85.8534927368164,RUNNING_MPC
342.9562683105469,88.28199768066406,RUNNING_MPC
343.7045593261719,90.75963592529297,RUNNING_MPC
344.6391296386719,93.92443084716797,RUNNING_MPC
345.38421630859375,96.5179214477539,RUNNING_MPC
346.1226501464844,99.1627197265625,RUNNING_MPC
346.8504943847656,101.85370635986328,RUNNING_MPC
347.5640563964844,104.5838623046875,RUNNING_MPC
348.2597961425781,107.3441390991211,RUNNING_MPC
348.93572998046875,110.12267303466797,RUNNING_MPC
349.59014892578125,112.90711975097656,RUNNING_MPC
350.2214050292969,115.68637084960938,RUNNING_MPC
350.97418212890625,119.1363754272461,RUNNING_MPC
351.5445251464844,121.8668441772461,RUNNING_MPC
352.08428955078125,124.56405639648438,RUNNING_MPC
352.592529296875,127.22294616699219,RUNNING_MPC
353.0707702636719,129.84109497070312,RUNNING_MPC
353.5207824707031,132.4180908203125,RUNNING_MPC
353.9454345703125,134.9550323486328,RUNNING_MPC
354.3478698730469,137.45648193359375,RUNNING_MPC
354.7296447753906,139.9288787841797,RUNNING_MPC
355.0909423828125,142.3801727294922,RUNNING_MPC
355.43115234375,144.8187255859375,RUNNING_MPC
355.7489318847656,147.2522430419922,RUNNING_MPC
356.04205322265625,149.68679809570312,RUNNING_MPC
356.3076171875,152.1278839111328,RUNNING_MPC
356.5426330566406,154.58055114746094,RUNNING_MPC
356.7436218261719,157.04823303222656,RUNNING_MPC
356.90631103515625,159.53277587890625,RUNNING_MPC
357.02740478515625,162.0338592529297,RUNNING_MPC
357.1031494140625,164.54885864257812,RUNNING_MPC
357.1312561035156,167.7041015625,RUNNING_MPC
357.0979309082031,170.23187255859375,RUNNING_MPC
357.01470947265625,172.75672912597656,RUNNING_MPC
356.8405456542969,175.8995819091797,RUNNING_MPC
356.6466979980469,178.39801025390625,RUNNING_MPC
356.4051818847656,180.87904357910156,RUNNING_MPC
356.0363464355469,183.95237731933594,RUNNING_MPC
355.6877136230469,186.3855743408203,RUNNING_MPC
355.2907409667969,188.79454040527344,RUNNING_MPC
354.8426208496094,191.1735382080078,RUNNING_MPC
354.3441467285156,193.52044677734375,RUNNING_MPC
353.79498291015625,195.83309936523438,RUNNING_MPC
353.3475036621094,197.54107666015625,RUNNING_MPC
352.5361633300781,200.3322296142578,RUNNING_MPC
351.6463317871094,203.04953002929688,RUNNING_MPC
350.8795166015625,205.16769409179688,RUNNING_MPC
350.2727966308594,206.72279357910156,RUNNING_MPC
349.20068359375,209.25071716308594,RUNNING_MPC
348.52093505859375,210.73130798339844,RUNNING_MPC
347.5711975097656,212.6654510498047,RUNNING_MPC
346.571044921875,214.55921936035156,RUNNING_MPC
345.5210876464844,216.42140197753906,RUNNING_MPC
344.4197082519531,218.25572204589844,RUNNING_MPC
342.9720764160156,220.51235961914062,RUNNING_MPC
341.75994873046875,222.29823303222656,RUNNING_MPC
340.5010986328125,224.07131958007812,RUNNING_MPC
339.1961975097656,225.83421325683594,RUNNING_MPC
337.4969482421875,228.0282745361328,RUNNING_MPC
336.08392333984375,229.77793884277344,RUNNING_MPC
334.6201171875,231.52420043945312,RUNNING_MPC
333.1064758300781,233.26905822753906,RUNNING_MPC
331.1436767578125,235.449462890625,RUNNING_MPC
329.5158996582031,237.1951141357422,RUNNING_MPC
327.8349609375,238.94430541992188,RUNNING_MPC
326.10247802734375,240.6986846923828,RUNNING_MPC
324.3195495605469,242.4589385986328,RUNNING_MPC
322.0204162597656,244.66702270507812,RUNNING_MPC
320.1246337890625,246.44398498535156,RUNNING_MPC
318.18145751953125,248.23097229003906,RUNNING_MPC
316.19189453125,250.03024291992188,RUNNING_MPC
313.64190673828125,252.30039978027344,RUNNING_MPC
311.5566101074219,254.134765625,RUNNING_MPC
309.4266357421875,255.98683166503906,RUNNING_MPC
307.25738525390625,257.8612976074219,RUNNING_MPC
305.05126953125,259.7609558105469,RUNNING_MPC
302.8106384277344,261.6884460449219,RUNNING_MPC
299.9632263183594,264.139404296875,RUNNING_MPC
297.6488952636719,266.1335754394531,RUNNING_MPC
295.3021545410156,268.15875244140625,RUNNING_MPC
292.9222412109375,270.2140808105469,RUNNING_MPC
290.5090637207031,272.2985534667969,RUNNING_MPC
287.4505310058594,274.9405212402344,RUNNING_MPC
284.9683837890625,277.0823669433594,RUNNING_MPC
282.4549560546875,279.24871826171875,RUNNING_MPC
279.2762756347656,281.9848327636719,RUNNING_MPC
276.707763671875,284.1917419433594,RUNNING_MPC
274.119873046875,286.4119567871094,RUNNING_MPC
270.86236572265625,289.2024841308594,RUNNING_MPC
268.2413635253906,291.44586181640625,RUNNING_MPC
264.9488525390625,294.2631530761719,RUNNING_MPC
262.3032531738281,296.52667236328125,RUNNING_MPC
259.6480407714844,298.79803466796875,RUNNING_MPC
256.31597900390625,301.64801025390625,RUNNING_MPC
253.64085388183594,303.9364013671875,RUNNING_MPC
250.95700073242188,306.23291015625,RUNNING_MPC
248.2646942138672,308.5368957519531,RUNNING_MPC
244.88717651367188,311.42620849609375,RUNNING_MPC
242.17630004882812,313.7444152832031,RUNNING_MPC
239.4576873779297,316.0677185058594,RUNNING_MPC
236.7317352294922,318.3952941894531,RUNNING_MPC
234.6830291748047,320.1432800292969,RUNNING_MPC
231.2615966796875,323.0597839355469,RUNNING_MPC
227.8319549560547,325.97998046875,RUNNING_MPC
225.08274841308594,328.31793212890625,RUNNING_MPC
221.64056396484375,331.2419738769531,RUNNING_MPC
218.8832244873047,333.582763671875,RUNNING_MPC
216.12252807617188,335.9249572753906,RUNNING_MPC
213.359375,338.2688293457031,RUNNING_MPC
210.59402465820312,340.614990234375,RUNNING_MPC
207.8264923095703,342.96392822265625,RUNNING_MPC
204.36447143554688,345.90380859375,RUNNING_MPC
201.59384155273438,348.2586975097656,RUNNING_MPC
198.12872314453125,351.20648193359375,RUNNING_MPC
196.0487518310547,352.97705078125,RUNNING_MPC
191.8876953125,356.5216369628906,RUNNING_MPC
189.11265563964844,358.8869934082031,RUNNING_MPC
186.33604431152344,361.2540283203125,RUNNING_MPC
182.8636474609375,364.2124938964844,RUNNING_MPC
180.08380126953125,366.5784606933594,RUNNING_MPC
177.30233764648438,368.9442443847656,RUNNING_MPC
174.51901245117188,371.3103332519531,RUNNING_MPC
171.73377990722656,373.6752014160156,RUNNING_MPC
168.9463653564453,376.0390930175781,RUNNING_MPC
165.45870971679688,378.9914245605469,RUNNING_MPC
162.66619873046875,381.35211181640625,RUNNING_MPC
159.87245178222656,383.7120666503906,RUNNING_MPC
156.37863159179688,386.6622619628906,RUNNING_MPC
153.58282470703125,389.0222473144531,RUNNING_MPC
150.0882110595703,391.9732360839844,RUNNING_MPC
147.2918243408203,394.3351135253906,RUNNING_MPC
144.49534606933594,396.6975402832031,RUNNING_MPC
141.00067138671875,399.65155029296875,RUNNING_MPC
138.20492553710938,402.0158386230469,RUNNING_MPC
134.71060180664062,404.9728088378906,RUNNING_MPC
131.915771484375,407.33905029296875,RUNNING_MPC
129.12074279785156,409.7057189941406,RUNNING_MPC
125.62672424316406,412.66455078125,RUNNING_MPC
122.83187103271484,415.0325012207031,RUNNING_MPC
119.33890533447266,417.992919921875,RUNNING_MPC
116.5442123413086,420.3619079589844,RUNNING_MPC
113.75018310546875,422.73162841796875,RUNNING_MPC
110.25799560546875,425.69427490234375,RUNNING_MPC
107.46420288085938,428.0647888183594,RUNNING_MPC
104.67025756835938,430.4352722167969,RUNNING_MPC
101.87583923339844,432.80596923828125,RUNNING_MPC
99.08072662353516,435.17584228515625,RUNNING_MPC
96.28558349609375,437.5451965332031,RUNNING_MPC
93.49024200439453,439.91461181640625,RUNNING_MPC
90.69511413574219,442.2847900390625,RUNNING_MPC
87.90135192871094,444.6566162109375,RUNNING_MPC
84.41162109375,447.62432861328125,RUNNING_MPC
81.62263488769531,450.001953125,RUNNING_MPC
78.13988494873047,452.9783020019531,RUNNING_MPC
75.35629272460938,455.3623046875,RUNNING_MPC
72.57392120361328,457.7483215332031,RUNNING_MPC
69.09640502929688,460.73138427734375,RUNNING_MPC
66.313232421875,463.11669921875,RUNNING_MPC
63.52840042114258,465.4993591308594,RUNNING_MPC
60.74131774902344,467.8796081542969,RUNNING_MPC
57.95212936401367,470.2575378417969,RUNNING_MPC
54.46322250366211,473.2268371582031,RUNNING_MPC
51.67137145996094,475.6018371582031,RUNNING_MPC
48.18212127685547,478.5716247558594,RUNNING_MPC
45.39143753051758,480.9482421875,RUNNING_MPC
42.60118103027344,483.3250427246094,RUNNING_MPC
39.80936050415039,485.7003479003906,RUNNING_MPC
37.01445388793945,488.07171630859375,RUNNING_MPC
34.21567153930664,490.43890380859375,RUNNING_MPC
31.414833068847656,492.8036193847656,RUNNING_MPC
28.614242553710938,495.1681823730469,RUNNING_MPC
25.81583595275879,497.5353088378906,RUNNING_MPC
23.719112396240234,499.3133850097656,RUNNING_MPC
19.532501220703125,502.8779602050781,RUNNING_MPC
16.746057510375977,505.25933837890625,RUNNING_MPC
13.962310791015625,507.6432800292969,RUNNING_MPC
11.179375648498535,510.0285339355469,RUNNING_MPC
8.39581298828125,512.4134521484375,RUNNING_MPC
5.610785007476807,514.7968139648438,RUNNING_MPC
2.82456636428833,517.1781005859375,RUNNING_MPC
-0.660753607749939,520.1527099609375,RUNNING_MPC
-3.4499666690826416,522.5307006835938,RUNNING_MPC
-6.937930107116699,525.5028686523438,RUNNING_MPC
-9.727530479431152,527.880126953125,RUNNING_MPC
-12.51730728149414,530.2577514648438,RUNNING_MPC
-16.003398895263672,533.2315673828125,RUNNING_MPC
-18.790870666503906,535.6114501953125,RUNNING_MPC
-22.274240493774414,538.5875244140625,RUNNING_MPC
-25.060834884643555,540.9690551757812,RUNNING_MPC
-27.84760856628418,543.3502197265625,RUNNING_MPC
-30.63460350036621,545.7310180664062,RUNNING_MPC
-33.42253494262695,548.1102905273438,RUNNING_MPC
-36.90829086303711,551.0811157226562,RUNNING_MPC
-39.69654083251953,553.4542236328125,RUNNING_MPC
-42.48380661010742,555.8217163085938,RUNNING_MPC
-45.26677322387695,558.1823120117188,RUNNING_MPC
-47.34849548339844,559.9461669921875,RUNNING_MPC
-51.48856735229492,563.4519653320312,RUNNING_MPC
-54.22380828857422,565.7684936523438,RUNNING_MPC
-56.93136978149414,568.0638427734375,RUNNING_MPC
-59.60531234741211,570.333984375,RUNNING_MPC
-62.242088317871094,572.5755615234375,RUNNING_MPC
-65.48188018798828,575.333251953125,RUNNING_MPC
-68.02793884277344,577.5014038085938,RUNNING_MPC
-70.53374481201172,579.6341552734375,RUNNING_MPC
-73.6131362915039,582.2498168945312,RUNNING_MPC
-76.03730773925781,584.30322265625,RUNNING_MPC
-79.02146911621094,586.822998046875,RUNNING_MPC
-81.3729248046875,588.803466796875,RUNNING_MPC
-83.69219207763672,590.7550048828125,RUNNING_MPC
-86.54495239257812,593.1563720703125,RUNNING_MPC
-88.78948211669922,595.048095703125,RUNNING_MPC
-91.00000762939453,596.914306640625,RUNNING_MPC
-93.715087890625,599.210693359375,RUNNING_MPC
-95.84937286376953,601.0189208984375,RUNNING_MPC
-98.47211456298828,603.2435913085938,RUNNING_MPC
-100.53766632080078,604.9965209960938,RUNNING_MPC
-102.5771484375,606.7275390625,RUNNING_MPC
-104.09188842773438,608.0126342773438,RUNNING_MPC
-106.5939712524414,610.13232421875,RUNNING_MPC
-108.58132934570312,611.8109741210938,RUNNING_MPC
-110.56220245361328,613.4763793945312,RUNNING_MPC
-113.03836822509766,615.540771484375,RUNNING_MPC
-115.02536010742188,617.1795043945312,RUNNING_MPC
-117.02295684814453,618.8072509765625,RUNNING_MPC
-119.03421783447266,620.4235229492188,RUNNING_MPC
-121.57080078125,622.4263305664062,RUNNING_MPC
-123.61957550048828,624.0126953125,RUNNING_MPC
-125.68671417236328,625.5822143554688,RUNNING_MPC
-128.29615783691406,627.5155029296875,RUNNING_MPC
-130.9329071044922,629.411865234375,RUNNING_MPC
-133.06155395507812,630.8990478515625,RUNNING_MPC
-135.20733642578125,632.3565063476562,RUNNING_MPC
-137.9129638671875,634.1322021484375,RUNNING_MPC
-140.096923828125,635.51416015625,RUNNING_MPC
-142.2965850830078,636.8610229492188,RUNNING_MPC
-145.0748748779297,638.4898071289062,RUNNING_MPC
-147.8832244873047,640.0569458007812,RUNNING_MPC
-150.15176391601562,641.2620239257812,RUNNING_MPC
-153.0135955810547,642.70166015625,RUNNING_MPC
-155.3217010498047,643.7938842773438,RUNNING_MPC
-157.64279174804688,644.8294067382812,RUNNING_MPC
-160.55368041992188,646.034912109375,RUNNING_MPC
-162.88232421875,646.9238891601562,RUNNING_MPC
-165.7829132080078,647.9391479492188,RUNNING_MPC
-168.08872985839844,648.6722412109375,RUNNING_MPC
-170.3776092529297,649.3372802734375,RUNNING_MPC
-173.2132568359375,650.0621948242188,RUNNING_MPC
-175.46096801757812,650.5601196289062,RUNNING_MPC
-177.13470458984375,650.8858642578125,RUNNING_MPC
-180.45455932617188,651.4219970703125,RUNNING_MPC
-182.65098571777344,651.7021484375,RUNNING_MPC
-184.83865356445312,651.9216918945312,RUNNING_MPC
-187.5583038330078,652.112548828125,RUNNING_MPC
-190.26022338867188,652.2144165039062,RUNNING_MPC
-192.40570068359375,652.234130859375,RUNNING_MPC
-195.0615234375,652.1809692382812,RUNNING_MPC
-197.15914916992188,652.0748901367188,RUNNING_MPC
-199.7376251220703,651.8569946289062,RUNNING_MPC
-201.2559356689453,651.680908203125,RUNNING_MPC
-204.2241973876953,651.2327880859375,RUNNING_MPC
-205.67300415039062,650.9630126953125,RUNNING_MPC
-208.49819946289062,650.3318481445312,RUNNING_MPC
-210.78538513183594,649.7217407226562,RUNNING_MPC
-212.57711791992188,649.1823120117188,RUNNING_MPC
-214.3414764404297,648.5985107421875,RUNNING_MPC
-216.51675415039062,647.8057861328125,RUNNING_MPC
-218.23580932617188,647.1184692382812,RUNNING_MPC
-219.938232421875,646.3812255859375,RUNNING_MPC
-221.62405395507812,645.5921020507812,RUNNING_MPC
-223.28965759277344,644.7490234375,RUNNING_MPC
-225.3358154296875,643.6189575195312,RUNNING_MPC
-226.93630981445312,642.6547241210938,RUNNING_MPC
-228.493896484375,641.6393432617188,RUNNING_MPC
-229.63058471679688,640.8465576171875,RUNNING_MPC
-231.81356811523438,639.1878051757812,RUNNING_MPC
-233.1953887939453,638.0303344726562,RUNNING_MPC
-234.836181640625,636.5267333984375,RUNNING_MPC
-236.3783416748047,634.9616088867188,RUNNING_MPC
-237.5410614013672,633.6653442382812,RUNNING_MPC
-238.90919494628906,631.989013671875,RUNNING_MPC
-239.9329833984375,630.600830078125,RUNNING_MPC
-241.3573455810547,628.4365234375,RUNNING_MPC
-242.4486846923828,626.5562133789062,RUNNING_MPC
-243.46104431152344,624.6075439453125,RUNNING_MPC
-244.21951293945312,622.9988403320312,RUNNING_MPC
-245.27859497070312,620.5054321289062,RUNNING_MPC
-245.93673706054688,618.7883911132812,RUNNING_MPC
-246.8573455810547,616.1302490234375,RUNNING_MPC
-247.4277801513672,614.3012084960938,RUNNING_MPC
-248.2231903076172,611.4718017578125,RUNNING_MPC
-248.71145629882812,609.5272827148438,RUNNING_MPC
-249.27317810058594,607.02978515625,RUNNING_MPC
-249.68228149414062,604.9768676757812,RUNNING_MPC
-250.1424560546875,602.3418579101562,RUNNING_MPC
-250.46653747558594,600.1783447265625,RUNNING_MPC
-250.75196838378906,597.9697265625,RUNNING_MPC
-251.04904174804688,595.1549682617188,RUNNING_MPC
-251.24188232421875,592.87158203125,RUNNING_MPC
-251.43240356445312,589.9985961914062,RUNNING_MPC
-251.55093383789062,587.700439453125,RUNNING_MPC
-251.6244659423828,585.9849853515625,RUNNING_MPC
-251.7443084716797,582.5914306640625,RUNNING_MPC
-251.8291778564453,579.8125,RUNNING_MPC
-251.91122436523438,577.080322265625,RUNNING_MPC
-251.99986267089844,574.3885498046875,RUNNING_MPC
-252.10169982910156,571.7254028320312,RUNNING_MPC
-252.22140502929688,569.0770874023438,RUNNING_MPC
-252.3638458251953,566.430908203125,RUNNING_MPC
-252.49835205078125,564.3089599609375,RUNNING_MPC
-252.74046325683594,561.1079711914062,RUNNING_MPC
-252.98643493652344,558.4168090820312,RUNNING_MPC
-253.28099060058594,555.7026977539062,RUNNING_MPC
-253.55699157714844,553.516845703125,RUNNING_MPC
-254.05075073242188,550.2255859375,RUNNING_MPC
-254.43919372558594,548.0352172851562,RUNNING_MPC
-255.12234497070312,544.7760620117188,RUNNING_MPC
-255.6475067138672,542.634033203125,RUNNING_MPC
-256.5453796386719,539.4917602539062,RUNNING_MPC
-257.2167053222656,537.4531860351562,RUNNING_MPC
-258.1363525390625,534.9769897460938,RUNNING_MPC
-259.14697265625,532.5881958007812,RUNNING_MPC
-260.0205383300781,530.741455078125,RUNNING_MPC
-261.4389343261719,528.0744018554688,RUNNING_MPC
-262.4560852050781,526.361328125,RUNNING_MPC
-263.8089294433594,524.286376953125,RUNNING_MPC
-265.2535400390625,522.2811889648438,RUNNING_MPC
-266.47698974609375,520.7265625,RUNNING_MPC
-268.42529296875,518.47802734375,RUNNING_MPC
-269.79998779296875,517.0382080078125,RUNNING_MPC
-271.2326965332031,515.6513061523438,RUNNING_MPC
-273.1004638671875,513.996826171875,RUNNING_MPC
-275.44354248046875,512.1359252929688,RUNNING_MPC
-276.6514892578125,511.2587890625,RUNNING_MPC
-279.1318054199219,509.6163024902344,RUNNING_MPC
-281.681640625,508.12506103515625,RUNNING_MPC
-283.4141845703125,507.21502685546875,RUNNING_MPC
-285.6110534667969,506.1739196777344,RUNNING_MPC
-287.390380859375,505.4189758300781,RUNNING_MPC
-290.08990478515625,504.41839599609375,RUNNING_MPC
-292.3623046875,503.70831298828125,RUNNING_MPC
-294.1918029785156,503.22271728515625,RUNNING_MPC
-296.4884948730469,502.7212829589844,RUNNING_MPC
-298.3305358886719,502.40557861328125,RUNNING_MPC
-301.0959167480469,502.0735168457031,RUNNING_MPC
-302.47802734375,501.97308349609375,RUNNING_MPC
-305.69879150390625,501.90289306640625,RUNNING_MPC
-307.9969177246094,501.9864807128906,RUNNING_MPC
-309.83941650390625,502.1312255859375,RUNNING_MPC
-312.6132507324219,502.4755859375,RUNNING_MPC
-314.47149658203125,502.7910461425781,RUNNING_MPC
-316.8062744140625,503.28472900390625,RUNNING_MPC
-319.1503601074219,503.8951416015625,RUNNING_MPC
-321.0295104980469,504.46923828125,RUNNING_MPC
-322.90447998046875,505.12127685546875,RUNNING_MPC
-325.6895751953125,506.2463684082031,RUNNING_MPC
-327.9618225097656,507.31298828125,RUNNING_MPC
-330.1677551269531,508.4900207519531,RUNNING_MPC
-332.29498291015625,509.7666015625,RUNNING_MPC
-333.5314025878906,510.5754089355469,RUNNING_MPC
-335.91961669921875,512.2796630859375,RUNNING_MPC
-337.8349914550781,513.79052734375,RUNNING_MPC
-339.68939208984375,515.3863525390625,RUNNING_MPC
-340.7735900878906,516.3872680664062,RUNNING_MPC
-342.8763122558594,518.4920043945312,RUNNING_MPC
-344.5592041015625,520.3572387695312,RUNNING_MPC
-345.8565979003906,521.92626953125,RUNNING_MPC
-347.412841796875,523.9863891601562,RUNNING_MPC
-348.60162353515625,525.7157592773438,RUNNING_MPC
-350.2762756347656,528.4419555664062,RUNNING_MPC
-351.3108825683594,530.3412475585938,RUNNING_MPC
-352.4984436035156,532.7943115234375,RUNNING_MPC
-353.35589599609375,534.8067626953125,RUNNING_MPC
-353.941162109375,536.3367309570312,RUNNING_MPC
-354.95556640625,539.4287109375,RUNNING_MPC
-355.6419372558594,542.0147705078125,RUNNING_MPC
-355.9876403808594,543.5643920898438,RUNNING_MPC
-356.54132080078125,546.6517333984375,RUNNING_MPC
-356.8767395019531,549.2174682617188,RUNNING_MPC
-357.1125793457031,551.7872314453125,RUNNING_MPC
-357.2339782714844,553.8502807617188,RUNNING_MPC
-357.3045959472656,556.4439086914062,RUNNING_MPC
-357.2840576171875,559.0589599609375,RUNNING_MPC
-357.2270202636719,560.6401977539062,RUNNING_MPC
-357.0125732421875,563.8364868164062,RUNNING_MPC
-356.7863464355469,565.9887084960938,RUNNING_MPC
-356.4129333496094,568.7088012695312,RUNNING_MPC
-356.0416259765625,570.90771484375,RUNNING_MPC
-355.4874267578125,573.6873779296875,RUNNING_MPC
-354.8382873535156,576.5035400390625,RUNNING_MPC
-354.25048828125,578.7840576171875,RUNNING_MPC
-353.43585205078125,581.6695556640625,RUNNING_MPC
-352.7198791503906,584.0072021484375,RUNNING_MPC
-351.7503356933594,586.9667358398438,RUNNING_MPC
-351.1282653808594,588.7632446289062,RUNNING_MPC
-349.8011779785156,592.4021606445312,RUNNING_MPC
-348.85498046875,594.8623046875,RUNNING_MPC
-347.60931396484375,597.9788818359375,RUNNING_MPC
-346.5623474121094,600.505859375,RUNNING_MPC
-345.1979675292969,603.7096557617188,RUNNING_MPC
-344.065185546875,606.3087158203125,RUNNING_MPC
-342.5983581542969,609.604736328125,RUNNING_MPC
-341.3887939453125,612.2807006835938,RUNNING_MPC
-339.52117919921875,616.3629760742188,RUNNING_MPC
-338.245849609375,619.1314697265625,RUNNING_MPC
-336.6174011230469,622.6472778320312,RUNNING_MPC
-335.28924560546875,625.5044555664062,RUNNING_MPC
-333.6005859375,629.1250610351562,RUNNING_MPC
-331.8747253417969,632.8052368164062,RUNNING_MPC
-330.82080078125,635.0380859375,RUNNING_MPC
-328.67218017578125,639.5512084960938,RUNNING_MPC
-327.2110595703125,642.5884399414062,RUNNING_MPC
-325.3562316894531,646.4078369140625,RUNNING_MPC
-323.4647521972656,650.2470703125,RUNNING_MPC
-321.5399475097656,654.1009521484375,RUNNING_MPC
-319.976806640625,657.190673828125,RUNNING_MPC
-318.3924865722656,660.28515625,RUNNING_MPC
-316.38177490234375,664.1575927734375,RUNNING_MPC
-314.33514404296875,668.0330200195312,RUNNING_MPC
-312.6736145019531,671.1344604492188,RUNNING_MPC
-310.5584411621094,675.0098266601562,RUNNING_MPC
-309.2701416015625,677.3345947265625,RUNNING_MPC
-306.6485595703125,681.9800415039062,RUNNING_MPC
-304.4178161621094,685.8450927734375,RUNNING_MPC
-302.6030578613281,688.9303588867188,RUNNING_MPC
-300.76129150390625,692.0084228515625,RUNNING_MPC
-298.4198303222656,695.8429565429688,RUNNING_MPC
-296.03515625,699.6608276367188,RUNNING_MPC
-294.0943298339844,702.701416015625,RUNNING_MPC
-292.619140625,704.97265625,RUNNING_MPC
-290.1241455078125,708.7384033203125,RUNNING_MPC
-288.6014709472656,710.9841918945312,RUNNING_MPC
-285.4963073730469,715.4421997070312,RUNNING_MPC
-283.3788757324219,718.3848266601562,RUNNING_MPC
-281.2230529785156,721.3041381835938,RUNNING_MPC
-279.0308837890625,724.1998901367188,RUNNING_MPC
-277.3622131347656,726.355224609375,RUNNING_MPC
-274.5375671386719,729.9192504882812,RUNNING_MPC
-271.6638488769531,733.4484252929688,RUNNING_MPC
-269.3302001953125,736.2464599609375,RUNNING_MPC
-266.9686584472656,739.0233154296875,RUNNING_MPC
-264.57843017578125,741.7769165039062,RUNNING_MPC
-260.9383239746094,745.8646850585938,RUNNING_MPC
-258.4749450683594,748.5575561523438,RUNNING_MPC
-255.34779357910156,751.8814697265625,RUNNING_MPC
-252.80694580078125,754.5046997070312,RUNNING_MPC
-250.23167419433594,757.0946044921875,RUNNING_MPC
-247.6182403564453,759.648193359375,RUNNING_MPC
-243.6190643310547,763.4015502929688,RUNNING_MPC
-240.90081787109375,765.8483276367188,RUNNING_MPC
-237.44093322753906,768.8409423828125,RUNNING_MPC
-233.91448974609375,771.7542114257812,RUNNING_MPC
-231.04812622070312,774.0298461914062,RUNNING_MPC
-228.872802734375,775.7051391601562,RUNNING_MPC
-225.2055206298828,778.4418334960938,RUNNING_MPC
-222.23501586914062,780.5817260742188,RUNNING_MPC
-219.23545837402344,782.6762084960938,RUNNING_MPC
-216.20860290527344,784.72216796875,RUNNING_MPC
-213.15625,786.7155151367188,RUNNING_MPC
-210.0771484375,788.6526489257812,RUNNING_MPC
-206.97344970703125,790.5240478515625,RUNNING_MPC
-203.84803771972656,792.3245239257812,RUNNING_MPC
-200.7071075439453,794.0527954101562,RUNNING_MPC
-198.34300231933594,795.3011474609375,RUNNING_MPC
-194.39120483398438,797.2850341796875,RUNNING_MPC
-191.2224884033203,798.7900390625,RUNNING_MPC
-187.25469970703125,800.5831909179688,RUNNING_MPC
-184.06825256347656,801.9559326171875,RUNNING_MPC
-180.06704711914062,803.6126098632812,RUNNING_MPC
-177.6547393798828,804.5792236328125,RUNNING_MPC
-172.79701232910156,806.4602661132812,RUNNING_MPC
-169.52943420410156,807.67724609375,RUNNING_MPC
-166.23487854003906,808.864501953125,RUNNING_MPC
-162.90972900390625,810.01904296875,RUNNING_MPC
-159.55189514160156,811.1375122070312,RUNNING_MPC
-155.30833435058594,812.4774780273438,RUNNING_MPC
-151.88043212890625,813.4992065429688,RUNNING_MPC
-148.42437744140625,814.4710693359375,RUNNING_MPC
-144.94383239746094,815.3909301757812,RUNNING_MPC
-141.4446258544922,816.2626953125,RUNNING_MPC
-137.0489501953125,817.2879638671875,RUNNING_MPC
-134.4039764404297,817.874267578125,RUNNING_MPC
-130.87017822265625,818.6267700195312,RUNNING_MPC
-127.33042907714844,819.3514404296875,RUNNING_MPC
-122.89847564697266,820.2274169921875,RUNNING_MPC
-119.34716796875,820.908447265625,RUNNING_MPC
-115.79044342041016,821.5739135742188,RUNNING_MPC
-112.22743225097656,822.2239379882812,RUNNING_MPC
-108.65734100341797,822.8577270507812,RUNNING_MPC
-105.07955169677734,823.4730224609375,RUNNING_MPC
-100.59610748291016,824.21435546875,RUNNING_MPC
-97.0025405883789,824.7861328125,RUNNING_MPC
-93.40099334716797,825.336181640625,RUNNING_MPC
-89.79380798339844,825.8681640625,RUNNING_MPC
-86.18193817138672,826.3840942382812,RUNNING_MPC
-82.56635284423828,826.8859252929688,RUNNING_MPC
-78.94833374023438,827.37646484375,RUNNING_MPC
-75.32877349853516,827.8578491210938,RUNNING_MPC
-71.7078628540039,828.3319091796875,RUNNING_MPC
-68.99172973632812,828.6838989257812,RUNNING_MPC
-64.46348571777344,829.2646484375,RUNNING_MPC
-60.83970260620117,829.7257690429688,RUNNING_MPC
-57.2151985168457,830.1847534179688,RUNNING_MPC
-53.589412689208984,830.6424560546875,RUNNING_MPC
-49.96205139160156,831.100341796875,RUNNING_MPC
-45.42659378051758,831.6724243164062,RUNNING_MPC
-41.79716873168945,832.1304321289062,RUNNING_MPC
-38.16717529296875,832.5890502929688,RUNNING_MPC
-34.536376953125,833.0477905273438,RUNNING_MPC
-30.904865264892578,833.505615234375,RUNNING_MPC
-27.273216247558594,833.9639892578125,RUNNING_MPC
-23.640504837036133,834.4202880859375,RUNNING_MPC
-19.09908103942871,834.9889526367188,RUNNING_MPC
-15.465377807617188,835.44287109375,RUNNING_MPC
-11.831459999084473,835.8968505859375,RUNNING_MPC
-8.197494506835938,836.3530883789062,RUNNING_MPC
-3.6553847789764404,836.9261474609375,RUNNING_MPC
-0.022006835788488388,837.384521484375,RUNNING_MPC
3.6121764183044434,837.8432006835938,RUNNING_MPC
6.336999893188477,838.1859130859375,RUNNING_MPC
11.789196968078613,838.8666381835938,RUNNING_MPC
15.423928260803223,839.3170166015625,RUNNING_MPC
19.060253143310547,839.764892578125,RUNNING_MPC
22.69679069519043,840.2145385742188,RUNNING_MPC
27.24354362487793,840.778076171875,RUNNING_MPC
30.880775451660156,841.2308349609375,RUNNING_MPC
34.517635345458984,841.6846923828125,RUNNING_MPC
38.154541015625,842.1360473632812,RUNNING_MPC
42.700653076171875,842.6948852539062,RUNNING_MPC
46.338069915771484,843.1385498046875,RUNNING_MPC
49.9758186340332,843.580322265625,RUNNING_MPC
53.61383819580078,844.0198974609375,RUNNING_MPC
58.16145706176758,844.5697631835938,RUNNING_MPC
61.79876708984375,845.0084838867188,RUNNING_MPC
65.43675994873047,845.4478759765625,RUNNING_MPC
69.07518768310547,845.8878173828125,RUNNING_MPC
72.71382904052734,846.327880859375,RUNNING_MPC
75.44307708740234,846.6578979492188,RUNNING_MPC
80.9023666381836,847.3161010742188,RUNNING_MPC
84.54151916503906,847.753173828125,RUNNING_MPC
88.18084716796875,848.187744140625,RUNNING_MPC
91.82071685791016,848.620849609375,RUNNING_MPC
96.37100982666016,849.1593627929688,RUNNING_MPC
100.01103973388672,849.5877685546875,RUNNING_MPC
103.65103912353516,850.015625,RUNNING_MPC
106.38140106201172,850.3350830078125,RUNNING_MPC
111.8426513671875,850.971923828125,RUNNING_MPC
115.48368835449219,851.394287109375,RUNNING_MPC
119.12458038330078,851.8151245117188,RUNNING_MPC
122.7661361694336,852.2348022460938,RUNNING_MPC
126.40772247314453,852.6527099609375,RUNNING_MPC
130.04942321777344,853.068603515625,RUNNING_MPC
133.69151306152344,853.4828491210938,RUNNING_MPC
137.333740234375,853.895263671875,RUNNING_MPC
140.06558227539062,854.2035522460938,RUNNING_MPC
144.6188201904297,854.7156982421875,RUNNING_MPC
148.26145935058594,855.1236572265625,RUNNING_MPC
152.81312561035156,855.6315307617188,RUNNING_MPC
155.5424346923828,855.9353637695312,RUNNING_MPC
160.0848846435547,856.439697265625,RUNNING_MPC
163.7081756591797,856.8403930664062,RUNNING_MPC
167.31700134277344,857.2380981445312,RUNNING_MPC
170.90443420410156,857.63232421875,RUNNING_MPC
174.4638671875,858.0226440429688,RUNNING_MPC
178.8632354736328,858.5047607421875,RUNNING_MPC
182.33628845214844,858.8846435546875,RUNNING_MPC
186.61257934570312,859.3514404296875,RUNNING_MPC
189.97923278808594,859.7188110351562,RUNNING_MPC
193.29771423339844,860.080078125,RUNNING_MPC
197.3795928955078,860.5217895507812,RUNNING_MPC
199.7948760986328,860.7813110351562,RUNNING_MPC
202.97789001464844,861.1205444335938,RUNNING_MPC
206.11959838867188,861.4512329101562,RUNNING_MPC
209.22140502929688,861.7731323242188,RUNNING_MPC
212.2845001220703,862.0864868164062,RUNNING_MPC
215.30946350097656,862.3909912109375,RUNNING_MPC
219.0379638671875,862.7582397460938,RUNNING_MPC
221.24822998046875,862.9698486328125,RUNNING_MPC
224.88961791992188,863.304443359375,RUNNING_MPC
227.7657012939453,863.5526123046875,RUNNING_MPC
229.90286254882812,863.72607421875,RUNNING_MPC
233.4326934814453,863.9892578125,RUNNING_MPC
236.92796325683594,864.2172241210938,RUNNING_MPC
239.7050018310547,864.3726196289062,RUNNING_MPC
242.47010803222656,864.50341796875,RUNNING_MPC
245.22789001464844,864.6079711914062,RUNNING_MPC
247.9818572998047,864.6842041015625,RUNNING_MPC
251.42398071289062,864.7372436523438,RUNNING_MPC
254.1802520751953,864.7426147460938,RUNNING_MPC
256.94085693359375,864.7127075195312,RUNNING_MPC
259.7043151855469,864.6445922851562,RUNNING_MPC
262.46917724609375,864.5354614257812,RUNNING_MPC
264.542236328125,864.42578125,RUNNING_MPC
267.3022155761719,864.2405395507812,RUNNING_MPC
270.0525207519531,864.0089721679688,RUNNING_MPC
272.7861633300781,863.7318725585938,RUNNING_MPC
274.82269287109375,863.4924926757812,RUNNING_MPC
277.5126037597656,863.1329345703125,RUNNING_MPC
279.5066223144531,862.8323364257812,RUNNING_MPC
282.130126953125,862.391845703125,RUNNING_MPC
284.7087097167969,861.907958984375,RUNNING_MPC
287.2381896972656,861.375732421875,RUNNING_MPC
289.7157897949219,860.7977294921875,RUNNING_MPC
292.13983154296875,860.1736450195312,RUNNING_MPC
294.5119323730469,859.5054321289062,RUNNING_MPC
297.41015625,858.610595703125,RUNNING_MPC
299.673828125,857.8402099609375,RUNNING_MPC
302.4381408691406,856.8114624023438,RUNNING_MPC
304.6036376953125,855.9373168945312,RUNNING_MPC
306.7275390625,855.0170288085938,RUNNING_MPC
308.8144836425781,854.0491943359375,RUNNING_MPC
311.37261962890625,852.7719116210938,RUNNING_MPC
313.37933349609375,851.6958618164062,RUNNING_MPC
315.8424987792969,850.2822265625,RUNNING_MPC
317.7792053222656,849.0965576171875,RUNNING_MPC
320.16119384765625,847.5415649414062,RUNNING_MPC
322.0406494140625,846.2393798828125,RUNNING_MPC
323.89947509765625,844.8851318359375,RUNNING_MPC
326.65521240234375,842.7504272460938,RUNNING_MPC
328.9266357421875,840.8780517578125,RUNNING_MPC
330.72882080078125,839.3153686523438,RUNNING_MPC
332.9656677246094,837.28076171875,RUNNING_MPC
334.7426452636719,835.5877075195312,RUNNING_MPC
336.9480895996094,833.385009765625,RUNNING_MPC
339.1353759765625,831.0863037109375,RUNNING_MPC
340.8692932128906,829.1760864257812,RUNNING_MPC
343.01495361328125,826.6978149414062,RUNNING_MPC
345.13311767578125,824.1141967773438,RUNNING_MPC
347.2215576171875,821.426513671875,RUNNING_MPC
349.27557373046875,818.6331176757812,RUNNING_MPC
351.2913513183594,815.7362060546875,RUNNING_MPC
352.8720703125,813.3427124023438,RUNNING_MPC
354.80718994140625,810.26513671875,RUNNING_MPC
356.6906433105469,807.09521484375,RUNNING_MPC
358.5208435058594,803.8410034179688,RUNNING_MPC
359.9435119628906,801.1830444335938,RUNNING_MPC
362.0085754394531,797.12451171875,RUNNING_MPC
363.3388671875,794.3793334960938,RUNNING_MPC
364.9554138183594,790.9154663085938,RUNNING_MPC
366.2178039550781,788.1174926757812,RUNNING_MPC
368.0753479003906,783.8748779296875,RUNNING_MPC
369.29443359375,781.0115356445312,RUNNING_MPC
371.0990905761719,776.6580810546875,RUNNING_MPC
372.5796813964844,772.9723510742188,RUNNING_MPC
374.03546142578125,769.228271484375,RUNNING_MPC
375.1823425292969,766.187744140625,RUNNING_MPC
376.59222412109375,762.3312377929688,RUNNING_MPC
377.9753112792969,758.4076538085938,RUNNING_MPC
378.521240234375,756.8201904296875,RUNNING_MPC
379.5996398925781,753.615478515625,RUNNING_MPC
380.9194030761719,749.557861328125,RUNNING_MPC
381.94842529296875,746.2721557617188,RUNNING_MPC
382.9557189941406,742.9579467773438,RUNNING_MPC
383.9383850097656,739.6188354492188,RUNNING_MPC
384.6634216308594,737.1001586914062,RUNNING_MPC
385.8544006347656,732.8805541992188,RUNNING_MPC
386.7956848144531,729.4902954101562,RUNNING_MPC
387.73101806640625,726.08984375,RUNNING_MPC
388.6618957519531,722.679931640625,RUNNING_MPC
389.3569030761719,720.1160888671875,RUNNING_MPC
390.7364807128906,714.9718017578125,RUNNING_MPC
391.4193420410156,712.3906860351562,RUNNING_MPC
392.3209228515625,708.9388427734375,RUNNING_MPC
393.21014404296875,705.474853515625,RUNNING_MPC
394.0863952636719,701.9986572265625,RUNNING_MPC
394.94873046875,698.5106811523438,RUNNING_MPC
395.7961730957031,695.0115966796875,RUNNING_MPC
396.6289367675781,691.5026245117188,RUNNING_MPC
397.447998046875,687.9846801757812,RUNNING_MPC
398.25341796875,684.459228515625,RUNNING_MPC
399.0462341308594,680.9267578125,RUNNING_MPC
399.82659912109375,677.3882446289062,RUNNING_MPC
400.5943603515625,673.8438110351562,RUNNING_MPC
401.3498840332031,670.2943115234375,RUNNING_MPC
402.0926513671875,666.7401123046875,RUNNING_MPC
402.8224792480469,663.18115234375,RUNNING_MPC
403.5386962890625,659.6166381835938,RUNNING_MPC
404.24114990234375,656.0473022460938,RUNNING_MPC
404.92974853515625,652.472900390625,RUNNING_MPC
405.77044677734375,647.9978637695312,RUNNING_MPC
406.4273376464844,644.4127807617188,RUNNING_MPC
407.07061767578125,640.8230590820312,RUNNING_MPC
407.7008056640625,637.2290649414062,RUNNING_MPC
408.318359375,633.6315307617188,RUNNING_MPC
408.9236755371094,630.030517578125,RUNNING_MPC
409.51715087890625,626.426025390625,RUNNING_MPC
410.0982360839844,622.81884765625,RUNNING_MPC
410.6664733886719,619.2086181640625,RUNNING_MPC
411.2206115722656,615.5953369140625,RUNNING_MPC
411.7603454589844,611.9794921875,RUNNING_MPC
412.2853088378906,608.3607788085938,RUNNING_MPC
412.7960510253906,604.7391357421875,RUNNING_MPC
413.2928771972656,601.1151123046875,RUNNING_MPC
413.7784423828125,597.4890747070312,RUNNING_MPC
414.2544860839844,593.861328125,RUNNING_MPC
414.7232971191406,590.23193359375,RUNNING_MPC
415.1861572265625,586.6011962890625,RUNNING_MPC
415.75579833984375,582.0609130859375,RUNNING_MPC
416.3117370605469,577.5178833007812,RUNNING_MPC
416.8465881347656,572.9725341796875,RUNNING_MPC
417.3558349609375,568.4232177734375,RUNNING_MPC
417.7447814941406,564.7813720703125,RUNNING_MPC
418.2103271484375,560.226806640625,RUNNING_MPC
418.5714416503906,556.5823974609375,RUNNING_MPC
418.9234924316406,552.9361572265625,RUNNING_MPC
419.2704162597656,549.2889404296875,RUNNING_MPC
419.6130676269531,545.6414794921875,RUNNING_MPC
419.9513244628906,541.993408203125,RUNNING_MPC
420.2853088378906,538.3447875976562,RUNNING_MPC
420.61480712890625,534.6962280273438,RUNNING_MPC
420.9386291503906,531.0466918945312,RUNNING_MPC
421.2562255859375,527.3961181640625,RUNNING_MPC
421.5677185058594,523.7448120117188,RUNNING_MPC
421.8732604980469,520.0928955078125,RUNNING_MPC
422.1728820800781,516.4411010742188,RUNNING_MPC
422.466796875,512.7883911132812,RUNNING_MPC
422.6839294433594,510.0482177734375,RUNNING_MPC
422.97076416015625,506.3953857421875,RUNNING_MPC
423.2529602050781,502.7408142089844,RUNNING_MPC
423.531005859375,499.0865783691406,RUNNING_MPC
423.8060302734375,495.43206787109375,RUNNING_MPC
424.07855224609375,491.7767333984375,RUNNING_MPC
424.3485412597656,488.1219482421875,RUNNING_MPC
424.61651611328125,484.466796875,RUNNING_MPC
424.8824157714844,480.8110046386719,RUNNING_MPC
425.1463623046875,477.1557312011719,RUNNING_MPC
425.4089050292969,473.5001525878906,RUNNING_MPC
425.6705627441406,469.8443298339844,RUNNING_MPC
425.9314270019531,466.18804931640625,RUNNING_MPC
426.1924133300781,462.5318298339844,RUNNING_MPC
426.4530029296875,458.87548828125,RUNNING_MPC
426.7152099609375,455.2196044921875,RUNNING_MPC
426.9791259765625,451.5638122558594,RUNNING_MPC
427.2459716796875,447.9082336425781,RUNNING_MPC
427.5179138183594,444.25250244140625,RUNNING_MPC
427.7977294921875,440.5973815917969,RUNNING_MPC
428.0884704589844,436.94366455078125,RUNNING_MPC
428.3931579589844,433.29156494140625,RUNNING_MPC
428.7142028808594,429.6401062011719,RUNNING_MPC
428.9670715332031,426.90240478515625,RUNNING_MPC
429.321044921875,423.2541198730469,RUNNING_MPC
429.6962890625,419.6085510253906,RUNNING_MPC
430.09381103515625,415.96728515625,RUNNING_MPC
430.5141296386719,412.3317565917969,RUNNING_MPC
430.9592590332031,408.70465087890625,RUNNING_MPC
431.4319152832031,405.0915222167969,RUNNING_MPC
431.9339294433594,401.498046875,RUNNING_MPC
432.4693603515625,397.9307861328125,RUNNING_MPC
433.0379943847656,394.3963928222656,RUNNING_MPC
433.4859619140625,391.7724609375,RUNNING_MPC
434.2738037109375,387.45758056640625,RUNNING_MPC
434.9389343261719,384.06298828125,RUNNING_MPC
435.8166198730469,379.8973083496094,RUNNING_MPC
436.74530029296875,375.81878662109375,RUNNING_MPC
437.52239990234375,372.6167907714844,RUNNING_MPC
437.9244079589844,371.0365295410156,RUNNING_MPC
438.54217529296875,368.6910705566406,RUNNING_MPC
438.96282958984375,367.1432189941406,RUNNING_MPC
439.8270568847656,364.0857238769531,RUNNING_MPC
440.4939880371094,361.8259582519531,RUNNING_MPC
441.40740966796875,358.8557434082031,RUNNING_MPC
442.34820556640625,355.9338073730469,RUNNING_MPC
443.07269287109375,353.7735900878906,RUNNING_MPC
444.06591796875,350.93572998046875,RUNNING_MPC
445.091552734375,348.143310546875,RUNNING_MPC
446.1549377441406,345.3979187011719,RUNNING_MPC
447.25494384765625,342.6961975097656,RUNNING_MPC
448.3893127441406,340.0344543457031,RUNNING_MPC
449.259521484375,338.0595703125,RUNNING_MPC
450.445068359375,335.45355224609375,RUNNING_MPC
451.65240478515625,332.87030029296875,RUNNING_MPC
452.8756103515625,330.3023681640625,RUNNING_MPC
454.1092224121094,327.7433776855469,RUNNING_MPC
455.34991455078125,325.18841552734375,RUNNING_MPC
456.5968017578125,322.634765625,RUNNING_MPC
457.8492431640625,320.080810546875,RUNNING_MPC
459.1062927246094,317.5254211425781,RUNNING_MPC
460.05096435546875,315.6074523925781,RUNNING_MPC
461.30914306640625,313.04779052734375,RUNNING_MPC
462.56005859375,310.4845886230469,RUNNING_MPC
463.7998352050781,307.9165344238281,RUNNING_MPC
465.0226745605469,305.3424987792969,RUNNING_MPC
466.22503662109375,302.7626037597656,RUNNING_MPC
467.11260986328125,300.8241271972656,RUNNING_MPC
468.2737121582031,298.23638916015625,RUNNING_MPC
469.4072570800781,295.6471252441406,RUNNING_MPC
470.5098571777344,293.0584716796875,RUNNING_MPC
471.5762023925781,290.472900390625,RUNNING_MPC
472.3484191894531,288.5378723144531,RUNNING_MPC
473.33721923828125,285.9681091308594,RUNNING_MPC
474.2750244140625,283.4139099121094,RUNNING_MPC
475.1575012207031,280.8797912597656,RUNNING_MPC
475.9826965332031,278.36944580078125,RUNNING_MPC
476.7453308105469,275.8847351074219,RUNNING_MPC
477.4437255859375,273.4275207519531,RUNNING_MPC
478.0787658691406,270.9977722167969,RUNNING_MPC
478.5111083984375,269.1925048828125,RUNNING_MPC
479.02984619140625,266.8064880371094,RUNNING_MPC
479.4845886230469,264.4415283203125,RUNNING_MPC
479.8725280761719,262.0929870605469,RUNNING_MPC
480.1185302734375,260.3405456542969,RUNNING_MPC
480.38922119140625,258.0123596191406,RUNNING_MPC
480.59613037109375,255.68983459472656,RUNNING_MPC
480.7437438964844,253.3665771484375,RUNNING_MPC
480.8326110839844,251.0404052734375,RUNNING_MPC
480.8653259277344,248.70628356933594,RUNNING_MPC
480.8421630859375,246.36073303222656,RUNNING_MPC
480.7386474609375,243.40774536132812,RUNNING_MPC
480.5542907714844,240.42843627929688,RUNNING_MPC
480.4065856933594,238.62599182128906,RUNNING_MPC
480.2301940917969,236.8109130859375,RUNNING_MPC
480.09759521484375,235.5934295654297,RUNNING_MPC
479.8772277832031,233.75599670410156,RUNNING_MPC
479.5397644042969,231.28341674804688,RUNNING_MPC
479.15545654296875,228.78427124023438,RUNNING_MPC
478.7244873046875,226.2583770751953,RUNNING_MPC
478.3695983886719,224.34584045410156,RUNNING_MPC
477.857421875,221.77032470703125,RUNNING_MPC
477.30120849609375,219.16571044921875,RUNNING_MPC
476.7027282714844,216.530517578125,RUNNING_MPC
476.0632019042969,213.86582946777344,RUNNING_MPC
475.38336181640625,211.172607421875,RUNNING_MPC
474.6676330566406,208.45773315429688,RUNNING_MPC
474.1058349609375,206.41204833984375,RUNNING_MPC
473.32855224609375,203.67990112304688,RUNNING_MPC
472.52398681640625,200.9527130126953,RUNNING_MPC
471.6992492675781,198.2412109375,RUNNING_MPC
470.8629455566406,195.55503845214844,RUNNING_MPC
470.0234680175781,192.90333557128906,RUNNING_MPC
469.1875915527344,190.2914276123047,RUNNING_MPC
468.361328125,187.7240753173828,RUNNING_MPC
467.5470886230469,185.20114135742188,RUNNING_MPC
466.74664306640625,182.72056579589844,RUNNING_MPC
466.1549377441406,180.88507080078125,RUNNING_MPC
465.3768005371094,178.46449279785156,RUNNING_MPC
464.6083984375,176.06629943847656,RUNNING_MPC
463.8479919433594,173.68125915527344,RUNNING_MPC
463.0947570800781,171.30213928222656,RUNNING_MPC
462.34814453125,168.92344665527344,RUNNING_MPC
461.6084289550781,166.5387420654297,RUNNING_MPC
460.87689208984375,164.14218139648438,RUNNING_MPC
460.3348693847656,162.33409118652344,RUNNING_MPC
459.62335205078125,159.90692138671875,RUNNING_MPC
458.9273681640625,157.46014404296875,RUNNING_MPC
458.25146484375,154.994140625,RUNNING_MPC
457.60052490234375,152.51100158691406,RUNNING_MPC
456.9796447753906,150.0143280029297,RUNNING_MPC
456.3937683105469,147.50770568847656,RUNNING_MPC
455.8475341796875,144.9952850341797,RUNNING_MPC
455.3443298339844,142.4804229736328,RUNNING_MPC
454.9967956542969,140.59442138671875,RUNNING_MPC
454.5746765136719,138.08213806152344,RUNNING_MPC
454.19964599609375,135.5746612548828,RUNNING_MPC
453.8740234375,133.07164001464844,RUNNING_MPC
453.5968933105469,130.57371520996094,RUNNING_MPC
453.3683776855469,128.08192443847656,RUNNING_MPC
453.1907958984375,125.60070037841797,RUNNING_MPC
453.0924377441406,123.74617767333984,RUNNING_MPC
453.0091552734375,121.2853012084961,RUNNING_MPC
452.98272705078125,118.23812103271484,RUNNING_MPC
453.02435302734375,115.82789611816406,RUNNING_MPC
453.15338134765625,112.8578109741211,RUNNING_MPC
453.3172607421875,110.5216293334961,RUNNING_MPC
453.5953063964844,107.65354919433594,RUNNING_MPC
453.8790283203125,105.40459442138672,RUNNING_MPC
454.2133483886719,103.19657897949219,RUNNING_MPC
454.4978332519531,101.56697845458984,RUNNING_MPC
454.9225158691406,99.42964935302734,RUNNING_MPC
455.3962707519531,97.33057403564453,RUNNING_MPC
455.7840576171875,95.77972412109375,RUNNING_MPC
456.4954833984375,93.23768615722656,RUNNING_MPC
456.9601135253906,91.73592376708984,RUNNING_MPC
457.6222229003906,89.75588989257812,RUNNING_MPC
458.3359375,87.79837036132812,RUNNING_MPC
459.1010437011719,85.8587417602539,RUNNING_MPC
459.7079162597656,84.41252899169922,RUNNING_MPC
460.5583190917969,82.4928970336914,RUNNING_MPC
461.4567565917969,80.57913208007812,RUNNING_MPC
462.4037780761719,78.6667251586914,RUNNING_MPC
463.1451416015625,77.23173522949219,RUNNING_MPC
464.1716613769531,75.31598663330078,RUNNING_MPC
464.97381591796875,73.87557220458984,RUNNING_MPC
466.0827941894531,71.94792938232422,RUNNING_MPC
467.23663330078125,70.00983428955078,RUNNING_MPC
468.13043212890625,68.54865264892578,RUNNING_MPC
469.3635559082031,66.58829498291016,RUNNING_MPC
470.3169860839844,65.1079330444336,RUNNING_MPC
471.6240539550781,63.11934280395508,RUNNING_MPC
472.6326599121094,61.615257263183594,RUNNING_MPC
474.01116943359375,59.5919303894043,RUNNING_MPC
475.4246520996094,57.54925537109375,RUNNING_MPC
476.5041809082031,56.0059700012207,RUNNING_MPC
477.96209716796875,53.93680953979492,RUNNING_MPC
479.4347839355469,51.85944366455078,RUNNING_MPC
480.54229736328125,50.298133850097656,RUNNING_MPC
482.01513671875,48.21614456176758,RUNNING_MPC
483.4752502441406,46.137733459472656,RUNNING_MPC
484.9153137207031,44.06544494628906,RUNNING_MPC
486.3293762207031,41.99972152709961,RUNNING_MPC
487.37017822265625,40.45427703857422,RUNNING_MPC
488.7294006347656,38.397300720214844,RUNNING_MPC
490.05328369140625,36.34223175048828,RUNNING_MPC
491.33807373046875,34.28599166870117,RUNNING_MPC
492.2734680175781,32.742286682128906,RUNNING_MPC
493.4803161621094,30.682035446166992,RUNNING_MPC
494.63763427734375,28.621044158935547,RUNNING_MPC
495.47100830078125,27.075565338134766,RUNNING_MPC
496.5340881347656,25.017602920532227,RUNNING_MPC
497.5350036621094,22.96493148803711,RUNNING_MPC
498.2445068359375,21.432104110717773,RUNNING_MPC
499.1347961425781,19.399547576904297,RUNNING_MPC
499.9594421386719,17.3807315826416,RUNNING_MPC
500.7197570800781,15.375520706176758,RUNNING_MPC
501.2426452636719,13.878243446350098,RUNNING_MPC
501.8800354003906,11.888754844665527,RUNNING_MPC
502.45013427734375,9.903616905212402,RUNNING_MPC
503.07373046875,7.420981407165527,RUNNING_MPC
503.50738525390625,5.428336143493652,RUNNING_MPC
503.9768371582031,2.923048734664917,RUNNING_MPC
504.2970275878906,0.9025073051452637,RUNNING_MPC
504.5701904296875,-1.1365123987197876,RUNNING_MPC
504.7956848144531,-3.195765733718872,RUNNING_MPC
504.9326171875,-4.754644870758057,RUNNING_MPC
505.0699462890625,-6.851022243499756,RUNNING_MPC
505.1517333984375,-8.963842391967773,RUNNING_MPC
505.1770935058594,-11.085379600524902,RUNNING_MPC
505.15631103515625,-12.677399635314941,RUNNING_MPC
505.0787658691406,-14.791693687438965,RUNNING_MPC
504.94000244140625,-16.8901309967041,RUNNING_MPC
504.7443542480469,-18.963972091674805,RUNNING_MPC
504.4924621582031,-21.006803512573242,RUNNING_MPC
504.2668151855469,-22.516525268554688,RUNNING_MPC
503.9176940917969,-24.498859405517578,RUNNING_MPC
503.5152893066406,-26.449569702148438,RUNNING_MPC
503.17913818359375,-27.894981384277344,RUNNING_MPC
502.6861877441406,-29.804880142211914,RUNNING_MPC
502.1426696777344,-31.698976516723633,RUNNING_MPC
501.54913330078125,-33.58273696899414,RUNNING_MPC
500.90460205078125,-35.45869445800781,RUNNING_MPC
500.3861999511719,-36.86176681518555,RUNNING_MPC
499.64837646484375,-38.729766845703125,RUNNING_MPC
498.8529052734375,-40.59574890136719,RUNNING_MPC
497.9974060058594,-42.46035385131836,RUNNING_MPC
497.3160095214844,-43.85723114013672,RUNNING_MPC
496.35162353515625,-45.71410369873047,RUNNING_MPC
495.3236999511719,-47.5620002746582,RUNNING_MPC
494.2331848144531,-49.3947639465332,RUNNING_MPC
493.0832214355469,-51.20924377441406,RUNNING_MPC
491.8778381347656,-53.003055572509766,RUNNING_MPC
490.9378662109375,-54.33332443237305,RUNNING_MPC
489.64111328125,-56.088539123535156,RUNNING_MPC
488.2957763671875,-57.822914123535156,RUNNING_MPC
486.9029846191406,-59.540916442871094,RUNNING_MPC
485.4617614746094,-61.24769973754883,RUNNING_MPC
483.97222900390625,-62.945194244384766,RUNNING_MPC
482.4328918457031,-64.63458251953125,RUNNING_MPC
480.8429260253906,-66.31725311279297,RUNNING_MPC
479.61517333984375,-67.57479095458984,RUNNING_MPC
477.9343566894531,-69.24684143066406,RUNNING_MPC
476.19384765625,-70.9106674194336,RUNNING_MPC
474.39544677734375,-72.56853485107422,RUNNING_MPC
472.53857421875,-74.2189712524414,RUNNING_MPC
470.6233215332031,-75.8628921508789,RUNNING_MPC
468.64764404296875,-77.49971771240234,RUNNING_MPC
466.6153259277344,-79.13043975830078,RUNNING_MPC
464.525390625,-80.75472259521484,RUNNING_MPC
462.38031005859375,-82.37623596191406,RUNNING_MPC
460.18463134765625,-83.99919128417969,RUNNING_MPC
457.9354248046875,-85.62340545654297,RUNNING_MPC
455.6370544433594,-87.25324249267578,RUNNING_MPC
453.2878723144531,-88.88969421386719,RUNNING_MPC
450.2844543457031,-90.94549560546875,RUNNING_MPC
447.82861328125,-92.5999984741211,RUNNING_MPC
444.6955261230469,-94.68363189697266,RUNNING_MPC
442.13720703125,-96.36489868164062,RUNNING_MPC
440.84185791015625,-97.21156311035156,RUNNING_MPC
437.5630798339844,-99.34922790527344,RUNNING_MPC
435.5645751953125,-100.64662170410156,RUNNING_MPC
433.5458984375,-101.95879364013672,RUNNING_MPC
430.82763671875,-103.73399353027344,RUNNING_MPC
428.0869140625,-105.5404281616211,RUNNING_MPC
424.6440124511719,-107.84007263183594,RUNNING_MPC
421.8938903808594,-109.71578979492188,RUNNING_MPC
418.4786682128906,-112.10240173339844,RUNNING_MPC
415.7787780761719,-114.03858947753906,RUNNING_MPC
412.459716796875,-116.48667907714844,RUNNING_MPC
409.85955810546875,-118.46427154541016,RUNNING_MPC
406.69091796875,-120.95889282226562,RUNNING_MPC
404.2284240722656,-122.97279357910156,RUNNING_MPC
401.2483825683594,-125.51377868652344,RUNNING_MPC
398.9493408203125,-127.56690979003906,RUNNING_MPC
396.1833190917969,-130.16146850585938,RUNNING_MPC
394.06097412109375,-132.26162719726562,RUNNING_MPC
392.01593017578125,-134.38565063476562,RUNNING_MPC
389.56396484375,-137.07713317871094,RUNNING_MPC
387.68017578125,-139.26123046875,RUNNING_MPC
385.85211181640625,-141.47206115722656,RUNNING_MPC
383.625732421875,-144.27157592773438,RUNNING_MPC
381.88128662109375,-146.5392303466797,RUNNING_MPC
380.1566467285156,-148.82859802246094,RUNNING_MPC
378.0199279785156,-151.72166442871094,RUNNING_MPC
376.7458801269531,-153.4770050048828,RUNNING_MPC
374.6379089355469,-156.44149780273438,RUNNING_MPC
372.5502014160156,-159.46058654785156,RUNNING_MPC
370.4847106933594,-162.5414581298828,RUNNING_MPC
368.854248046875,-165.0575408935547,RUNNING_MPC
366.8415832519531,-168.26705932617188,RUNNING_MPC
365.6474609375,-170.22976684570312,RUNNING_MPC
363.2837829589844,-174.23480224609375,RUNNING_MPC
361.3336486816406,-177.65347290039062,RUNNING_MPC
359.7793273925781,-180.43878173828125,RUNNING_MPC
357.83599853515625,-183.9805450439453,RUNNING_MPC
356.2755126953125,-186.85708618164062,RUNNING_MPC
354.3205871582031,-190.5104522705078,RUNNING_MPC
352.74920654296875,-193.47450256347656,RUNNING_MPC
350.7776184082031,-197.222900390625,RUNNING_MPC
349.1951904296875,-200.25399780273438,RUNNING_MPC
347.2127990722656,-204.07505798339844,RUNNING_MPC
345.6225280761719,-207.15237426757812,RUNNING_MPC
343.6297302246094,-211.01869201660156,RUNNING_MPC
342.0307312011719,-214.12603759765625,RUNNING_MPC
340.4289855957031,-217.24319458007812,RUNNING_MPC
338.42279052734375,-221.15283203125,RUNNING_MPC
336.8140563964844,-224.2913818359375,RUNNING_MPC
335.6053771972656,-226.65174865722656,RUNNING_MPC
333.5876770019531,-230.59706115722656,RUNNING_MPC
331.56561279296875,-234.557373046875,RUNNING_MPC
329.94482421875,-237.73641967773438,RUNNING_MPC
328.32257080078125,-240.92442321777344,RUNNING_MPC
326.29156494140625,-244.92138671875,RUNNING_MPC
324.2586364746094,-248.930419921875,RUNNING_MPC
322.63140869140625,-252.14511108398438,RUNNING_MPC
320.5970764160156,-256.171630859375,RUNNING_MPC
318.9699401855469,-259.3985595703125,RUNNING_MPC
317.7499084472656,-261.82135009765625,RUNNING_MPC
315.31005859375,-266.6737060546875,RUNNING_MPC
313.2774658203125,-270.7230224609375,RUNNING_MPC
311.6513671875,-273.9663391113281,RUNNING_MPC
309.6192932128906,-278.0251159667969,RUNNING_MPC
307.9938659667969,-281.2752380371094,RUNNING_MPC
306.3694763183594,-284.52801513671875,RUNNING_MPC
304.3388366699219,-288.5985412597656,RUNNING_MPC
302.7152404785156,-291.8580322265625,RUNNING_MPC
301.0918884277344,-295.1205139160156,RUNNING_MPC
299.06304931640625,-299.2021179199219,RUNNING_MPC
297.03521728515625,-303.286865234375,RUNNING_MPC
295.4131774902344,-306.55694580078125,RUNNING_MPC
293.3864440917969,-310.6465148925781,RUNNING_MPC
291.7654724121094,-313.9197082519531,RUNNING_MPC
290.14453125,-317.1941223144531,RUNNING_MPC
288.1187744140625,-321.2885437011719,RUNNING_MPC
286.4990539550781,-324.5653076171875,RUNNING_MPC
284.8796081542969,-327.84307861328125,RUNNING_MPC
282.8556823730469,-331.9419860839844,RUNNING_MPC
280.83221435546875,-336.04168701171875,RUNNING_MPC
279.2137451171875,-339.32269287109375,RUNNING_MPC
277.191650390625,-343.42535400390625,RUNNING_MPC
275.5758056640625,-346.70892333984375,RUNNING_MPC
273.55859375,-350.8160095214844,RUNNING_MPC
271.545166015625,-354.9256286621094,RUNNING_MPC
269.9369201660156,-358.2149963378906,RUNNING_MPC
267.9285888671875,-362.3283386230469,RUNNING_MPC
265.9222106933594,-366.44268798828125,RUNNING_MPC
264.31817626953125,-369.73468017578125,RUNNING_MPC
262.3126525878906,-373.8504333496094,RUNNING_MPC
260.3058776855469,-377.9662170410156,RUNNING_MPC
258.6995849609375,-381.2585754394531,RUNNING_MPC
256.6912536621094,-385.37396240234375,RUNNING_MPC
255.0844268798828,-388.66644287109375,RUNNING_MPC
253.4777069091797,-391.9591979980469,RUNNING_MPC
251.46981811523438,-396.0753479003906,RUNNING_MPC
249.46282958984375,-400.1921081542969,RUNNING_MPC
247.85800170898438,-403.48583984375,RUNNING_MPC
246.25369262695312,-406.7801208496094,RUNNING_MPC
244.64955139160156,-410.0747985839844,RUNNING_MPC
242.64405822753906,-414.19354248046875,RUNNING_MPC
240.63876342773438,-418.3122253417969,RUNNING_MPC
239.0351104736328,-421.6073303222656,RUNNING_MPC
237.029541015625,-425.72607421875,RUNNING_MPC
235.42413330078125,-429.02069091796875,RUNNING_MPC
233.41531372070312,-433.1380615234375,RUNNING_MPC
231.8067169189453,-436.43115234375,RUNNING_MPC
229.79388427734375,-440.546630859375,RUNNING_MPC
227.78005981445312,-444.66168212890625,RUNNING_MPC
226.16848754882812,-447.9537658691406,RUNNING_MPC
224.15426635742188,-452.06842041015625,RUNNING_MPC
222.54380798339844,-455.36083984375,RUNNING_MPC
220.53204345703125,-459.4775695800781,RUNNING_MPC
218.5222930908203,-463.59515380859375,RUNNING_MPC
216.915283203125,-466.8894958496094,RUNNING_MPC
214.90711975097656,-471.007568359375,RUNNING_MPC
213.300537109375,-474.3020324707031,RUNNING_MPC
211.29193115234375,-478.4200744628906,RUNNING_MPC
209.68435668945312,-481.7141418457031,RUNNING_MPC
207.6736602783203,-485.83099365234375,RUNNING_MPC
206.0635528564453,-489.1239318847656,RUNNING_MPC
204.0493927001953,-493.2394714355469,RUNNING_MPC
202.84022521972656,-495.70843505859375,RUNNING_MPC
200.42005920410156,-500.64544677734375,RUNNING_MPC
198.8048858642578,-503.9361877441406,RUNNING_MPC
196.784423828125,-508.0484313964844,RUNNING_MPC
195.166748046875,-511.33782958984375,RUNNING_MPC
193.14308166503906,-515.4486694335938,RUNNING_MPC
191.52252197265625,-518.7367553710938,RUNNING_MPC
189.49473571777344,-522.845703125,RUNNING_MPC
187.4652099609375,-526.953857421875,RUNNING_MPC
186.24661254882812,-529.418212890625,RUNNING_MPC
183.80715942382812,-534.3458862304688,RUNNING_MPC
181.77197265625,-538.450927734375,RUNNING_MPC
180.14198303222656,-541.7340087890625,RUNNING_MPC
178.101806640625,-545.8369140625,RUNNING_MPC
176.87669372558594,-548.2979736328125,RUNNING_MPC
174.423583984375,-553.2185668945312,RUNNING_MPC
172.3760528564453,-557.3175048828125,RUNNING_MPC
170.7362823486328,-560.5955200195312,RUNNING_MPC
168.68487548828125,-564.691650390625,RUNNING_MPC
166.628662109375,-568.7860717773438,RUNNING_MPC
164.98150634765625,-572.061279296875,RUNNING_MPC
162.92164611816406,-576.1537475585938,RUNNING_MPC
161.271484375,-579.4263305664062,RUNNING_MPC
159.6193084716797,-582.6981811523438,RUNNING_MPC
157.550537109375,-586.7855834960938,RUNNING_MPC
155.4781036376953,-590.8719482421875,RUNNING_MPC
153.81797790527344,-594.1396484375,RUNNING_MPC
151.73977661132812,-598.22265625,RUNNING_MPC
150.49185180664062,-600.6724243164062,RUNNING_MPC
147.9929962158203,-605.5698852539062,RUNNING_MPC
146.32562255859375,-608.833984375,RUNNING_MPC
144.65684509277344,-612.0977172851562,RUNNING_MPC
142.5689239501953,-616.1760864257812,RUNNING_MPC
140.47740173339844,-620.2523803710938,RUNNING_MPC
138.38360595703125,-624.328125,RUNNING_MPC
136.7059326171875,-627.5873413085938,RUNNING_MPC
134.60580444335938,-631.6595458984375,RUNNING_MPC
132.5012664794922,-635.7289428710938,RUNNING_MPC
130.81410217285156,-638.9830322265625,RUNNING_MPC
128.70004272460938,-643.0486450195312,RUNNING_MPC
127.00660705566406,-646.2989501953125,RUNNING_MPC
124.88296508789062,-650.3578491210938,RUNNING_MPC
122.75314331054688,-654.4146118164062,RUNNING_MPC
121.04466247558594,-657.6577758789062,RUNNING_MPC
118.90276336669922,-661.7090454101562,RUNNING_MPC
117.18418884277344,-664.9473876953125,RUNNING_MPC
115.03047943115234,-668.991943359375,RUNNING_MPC
113.7347412109375,-671.4168701171875,RUNNING_MPC
111.13456726074219,-676.2623901367188,RUNNING_MPC
109.39503479003906,-679.48974609375,RUNNING_MPC
107.65245056152344,-682.71435546875,RUNNING_MPC
105.46537017822266,-686.740478515625,RUNNING_MPC
103.27177429199219,-690.763671875,RUNNING_MPC
101.5113525390625,-693.9794311523438,RUNNING_MPC
99.30542755126953,-697.9954833984375,RUNNING_MPC
97.97757720947266,-700.4022216796875,RUNNING_MPC
95.31260681152344,-705.2117919921875,RUNNING_MPC
93.52903747558594,-708.4144897460938,RUNNING_MPC
91.29179382324219,-712.4133911132812,RUNNING_MPC
89.04637145996094,-716.4061279296875,RUNNING_MPC
86.79214477539062,-720.3909912109375,RUNNING_MPC
84.98580932617188,-723.56982421875,RUNNING_MPC
82.72111511230469,-727.5269165039062,RUNNING_MPC
80.45574951171875,-731.4588012695312,RUNNING_MPC
78.6458740234375,-734.5790405273438,RUNNING_MPC
76.3896484375,-738.4378051757812,RUNNING_MPC
74.1471939086914,-742.2411499023438,RUNNING_MPC
72.36801147460938,-745.2392578125,RUNNING_MPC
70.16331481933594,-748.9213256835938,RUNNING_MPC
67.98072052001953,-752.527587890625,RUNNING_MPC
66.25054168701172,-755.3589477539062,RUNNING_MPC
64.1053695678711,-758.8271484375,RUNNING_MPC
62.82656478881836,-760.8724975585938,RUNNING_MPC
60.28485870361328,-764.88623046875,RUNNING_MPC
58.60285568237305,-767.5069580078125,RUNNING_MPC
56.51662826538086,-770.7241821289062,RUNNING_MPC
54.8604621887207,-773.2540283203125,RUNNING_MPC
52.80958557128906,-776.357177734375,RUNNING_MPC
51.18601989746094,-778.7957153320312,RUNNING_MPC
49.57859420776367,-781.1947631835938,RUNNING_MPC
47.59217071533203,-784.1375732421875,RUNNING_MPC
45.628662109375,-787.0166015625,RUNNING_MPC
44.071136474609375,-789.2728881835938,RUNNING_MPC
42.136634826660156,-792.0354614257812,RUNNING_MPC
40.210227966308594,-794.7339477539062,RUNNING_MPC
38.67080307006836,-796.849609375,RUNNING_MPC
36.74366760253906,-799.4428100585938,RUNNING_MPC
35.19647216796875,-801.480712890625,RUNNING_MPC
32.86099624633789,-804.4839477539062,RUNNING_MPC
31.290973663330078,-806.4557495117188,RUNNING_MPC
29.31014633178711,-808.8921508789062,RUNNING_MPC
27.30516242980957,-811.3013305664062,RUNNING_MPC
25.68040657043457,-813.2116088867188,RUNNING_MPC
23.203826904296875,-816.0498046875,RUNNING_MPC
21.946619033813477,-817.4557495117188,RUNNING_MPC
19.390846252441406,-820.2389526367188,RUNNING_MPC
17.653839111328125,-822.0697631835938,RUNNING_MPC
15.442686080932617,-824.32373046875,RUNNING_MPC
13.641396522521973,-826.09521484375,RUNNING_MPC
11.811832427978516,-827.8357543945312,RUNNING_MPC
9.012351036071777,-830.380615234375,RUNNING_MPC
7.109979629516602,-832.0281982421875,RUNNING_MPC
4.693367004394531,-834.0296020507812,RUNNING_MPC
2.730668544769287,-835.5797729492188,RUNNING_MPC
0.7462668418884277,-837.0813598632812,RUNNING_MPC
-1.760086178779602,-838.8851928710938,RUNNING_MPC
-3.7790229320526123,-840.26513671875,RUNNING_MPC
-6.310088157653809,-841.910888671875,RUNNING_MPC
-8.837543487548828,-843.4638671875,RUNNING_MPC
-11.351370811462402,-844.9228515625,RUNNING_MPC
-13.846675872802734,-846.289794921875,RUNNING_MPC
-15.830477714538574,-847.3111572265625,RUNNING_MPC
-18.297767639160156,-848.4970703125,RUNNING_MPC
-20.265830993652344,-849.3650512695312,RUNNING_MPC
-22.723773956298828,-850.3552856445312,RUNNING_MPC
-24.693674087524414,-851.0755004882812,RUNNING_MPC
-27.6651554107666,-852.0496826171875,RUNNING_MPC
-30.1640625,-852.7756958007812,RUNNING_MPC
-32.18265914916992,-853.3057861328125,RUNNING_MPC
-34.734825134277344,-853.9107666015625,RUNNING_MPC
-37.325157165527344,-854.453125,RUNNING_MPC
-39.42835998535156,-854.841796875,RUNNING_MPC
-41.56141662597656,-855.1897583007812,RUNNING_MPC
-43.72799301147461,-855.4938354492188,RUNNING_MPC
-46.48359298706055,-855.8092651367188,RUNNING_MPC
-49.28555679321289,-856.0439453125,RUNNING_MPC
-50.98303985595703,-856.143310546875,RUNNING_MPC
-54.39866256713867,-856.2386474609375,RUNNING_MPC
-56.673011779785156,-856.22412109375,RUNNING_MPC
-59.48894500732422,-856.117919921875,RUNNING_MPC
-61.708553314208984,-855.9663696289062,RUNNING_MPC
-64.427001953125,-855.6951904296875,RUNNING_MPC
-66.55081939697266,-855.4130859375,RUNNING_MPC
-69.14046478271484,-854.9829711914062,RUNNING_MPC
-70.66004180908203,-854.6848754882812,RUNNING_MPC
-73.63019561767578,-854.0039672851562,RUNNING_MPC
-75.56570434570312,-853.486328125,RUNNING_MPC
-77.94612121582031,-852.7700805664062,RUNNING_MPC
-79.82457733154297,-852.14013671875,RUNNING_MPC
-82.1447525024414,-851.2796630859375,RUNNING_MPC
-83.98372650146484,-850.5299682617188,RUNNING_MPC
-86.26598358154297,-849.5157470703125,RUNNING_MPC
-88.53421020507812,-848.411865234375,RUNNING_MPC
-90.341064453125,-847.462158203125,RUNNING_MPC
-92.59284210205078,-846.1920776367188,RUNNING_MPC
-94.390625,-845.111328125,RUNNING_MPC
-96.1872329711914,-843.9721069335938,RUNNING_MPC
-98.43279266357422,-842.4656982421875,RUNNING_MPC
-100.23151397705078,-841.196044921875,RUNNING_MPC
-102.48340606689453,-839.52734375,RUNNING_MPC
-104.2890396118164,-838.1275634765625,RUNNING_MPC
-105.64495086669922,-837.0375366210938,RUNNING_MPC
-108.36277770996094,-834.7557373046875,RUNNING_MPC
-109.72438049316406,-833.5640258789062,RUNNING_MPC
-111.99532318115234,-831.5025024414062,RUNNING_MPC
-113.81112670898438,-829.7846069335938,RUNNING_MPC
-115.62078857421875,-828.0056762695312,RUNNING_MPC
-117.86946105957031,-825.6997680664062,RUNNING_MPC
-119.6506576538086,-823.7918701171875,RUNNING_MPC
-121.84651184082031,-821.330810546875,RUNNING_MPC
-123.57261657714844,-819.3051147460938,RUNNING_MPC
-125.27035522460938,-817.236328125,RUNNING_MPC
-127.3504638671875,-814.5989379882812,RUNNING_MPC
-128.98300170898438,-812.4577026367188,RUNNING_MPC
-130.58712768554688,-810.2936401367188,RUNNING_MPC
-132.5488739013672,-807.5631103515625,RUNNING_MPC
-134.45310974121094,-804.8052368164062,RUNNING_MPC
-135.93138122558594,-802.5773315429688,RUNNING_MPC
-137.37423706054688,-800.3284912109375,RUNNING_MPC
-139.14613342285156,-797.4889526367188,RUNNING_MPC
-140.551025390625,-795.1956176757812,RUNNING_MPC
-141.95126342773438,-792.8815307617188,RUNNING_MPC
-143.34986877441406,-790.5450439453125,RUNNING_MPC
-144.748779296875,-788.184814453125,RUNNING_MPC
-146.49923706054688,-785.1939086914062,RUNNING_MPC
-147.90359497070312,-782.7674560546875,RUNNING_MPC
-149.3130340576172,-780.309814453125,RUNNING_MPC
-150.7296600341797,-777.8212890625,RUNNING_MPC
-152.15443420410156,-775.2986450195312,RUNNING_MPC
-153.59066772460938,-772.7421875,RUNNING_MPC
-155.0404510498047,-770.1535034179688,RUNNING_MPC
-156.5048065185547,-767.5299072265625,RUNNING_MPC
-158.36105346679688,-764.203125,RUNNING_MPC
-159.86895751953125,-761.5045776367188,RUNNING_MPC
-161.40023803710938,-758.7737426757812,RUNNING_MPC
-163.35186767578125,-755.3157348632812,RUNNING_MPC
-164.94590759277344,-752.516845703125,RUNNING_MPC
-166.57550048828125,-749.6914672851562,RUNNING_MPC
-168.6661834716797,-746.1283569335938,RUNNING_MPC
-170.38528442382812,-743.2612915039062,RUNNING_MPC
-172.1487274169922,-740.385986328125,RUNNING_MPC
-174.41693115234375,-736.786865234375,RUNNING_MPC
-176.2776336669922,-733.908203125,RUNNING_MPC
-178.18150329589844,-731.0341796875,RUNNING_MPC
-180.1234588623047,-728.1665649414062,RUNNING_MPC
-182.1012725830078,-725.3069458007812,RUNNING_MPC
-184.1119842529297,-722.4559936523438,RUNNING_MPC
-186.1512908935547,-719.613037109375,RUNNING_MPC
-188.2186279296875,-716.7766723632812,RUNNING_MPC
-189.78512573242188,-714.6521606445312,RUNNING_MPC
-192.42494201660156,-711.1150512695312,RUNNING_MPC
-194.560302734375,-708.28857421875,RUNNING_MPC
-196.71778869628906,-705.4657592773438,RUNNING_MPC
-198.8961944580078,-702.64599609375,RUNNING_MPC
-201.09585571289062,-699.8301391601562,RUNNING_MPC
-203.31591796875,-697.0195922851562,RUNNING_MPC
-206.12049865722656,-693.515869140625,RUNNING_MPC
-208.38848876953125,-690.7222290039062,RUNNING_MPC
-211.25411987304688,-687.2444458007812,RUNNING_MPC
-213.57046508789062,-684.4750366210938,RUNNING_MPC
-216.49432373046875,-681.0300903320312,RUNNING_MPC
-219.44395446777344,-677.6011352539062,RUNNING_MPC
-222.4172821044922,-674.1843872070312,RUNNING_MPC
-224.8069610595703,-671.457275390625,RUNNING_MPC
-227.80372619628906,-668.056884765625,RUNNING_MPC
-230.80303955078125,-664.670166015625,RUNNING_MPC
-233.80123901367188,-661.3072509765625,RUNNING_MPC
-236.19497680664062,-658.6422729492188,RUNNING_MPC
-239.77037048339844,-654.7010498046875,RUNNING_MPC
-242.13597106933594,-652.1181640625,RUNNING_MPC
-245.06349182128906,-648.942626953125,RUNNING_MPC
-247.95252990722656,-645.8269653320312,RUNNING_MPC
-250.23306274414062,-643.376708984375,RUNNING_MPC
-253.04339599609375,-640.3638305664062,RUNNING_MPC
-255.80848693847656,-637.4017333984375,RUNNING_MPC
-257.9888916015625,-635.0645141601562,RUNNING_MPC
-261.20721435546875,-631.6083374023438,RUNNING_MPC
-263.3183288574219,-629.3358764648438,RUNNING_MPC
-265.9193115234375,-626.5306396484375,RUNNING_MPC
-268.4787902832031,-623.7655639648438,RUNNING_MPC
-270.49725341796875,-621.5833129882812,RUNNING_MPC
-272.9841613769531,-618.8947143554688,RUNNING_MPC
-275.4297180175781,-616.25048828125,RUNNING_MPC
-277.8326110839844,-613.6520385742188,RUNNING_MPC
-280.1932067871094,-611.0983276367188,RUNNING_MPC
-281.5875244140625,-609.5875854492188,RUNNING_MPC
-284.3251953125,-606.611328125,RUNNING_MPC
-286.5517578125,-604.1734619140625,RUNNING_MPC
-288.29547119140625,-602.25,RUNNING_MPC
-290.0068359375,-600.350341796875,RUNNING_MPC
-292.5160217285156,-597.5455322265625,RUNNING_MPC
-294.55487060546875,-595.2517700195312,RUNNING_MPC
-296.54876708984375,-592.9989624023438,RUNNING_MPC
-298.1126708984375,-591.2269897460938,RUNNING_MPC
-299.6492004394531,-589.4829711914062,RUNNING_MPC
-301.9035949707031,-586.919189453125,RUNNING_MPC
-303.7357482910156,-584.8307495117188,RUNNING_MPC
-305.52557373046875,-582.7858276367188,RUNNING_MPC
-306.5791320800781,-581.5796508789062,RUNNING_MPC
-308.6399230957031,-579.2146606445312,RUNNING_MPC
-310.3101806640625,-577.291748046875,RUNNING_MPC
-311.6155090332031,-575.7849731445312,RUNNING_MPC
-313.2093505859375,-573.940673828125,RUNNING_MPC
-314.7616271972656,-572.1395874023438,RUNNING_MPC
-316.27288818359375,-570.3822021484375,RUNNING_MPC
-317.1600646972656,-569.3487548828125,RUNNING_MPC
-318.8902587890625,-567.3291015625,RUNNING_MPC
-320.2873840332031,-565.6944580078125,RUNNING_MPC
-321.6441650390625,-564.1041259765625,RUNNING_MPC
-322.7010803222656,-562.863525390625,RUNNING_MPC
-323.987060546875,-561.352294921875,RUNNING_MPC
-325.2347106933594,-559.8843383789062,RUNNING_MPC
-326.4452819824219,-558.4583740234375,RUNNING_MPC
-327.6208190917969,-557.0721435546875,RUNNING_MPC
-328.5381164550781,-555.9899291992188,RUNNING_MPC
-329.6578369140625,-554.6676025390625,RUNNING_MPC
-330.7503356933594,-553.3763427734375,RUNNING_MPC
-331.8210754394531,-552.10986328125,RUNNING_MPC
-332.87353515625,-550.8641967773438,RUNNING_MPC
-333.7048645019531,-549.8799438476562,RUNNING_MPC
-334.73553466796875,-548.66015625,RUNNING_MPC
-335.76092529296875,-547.4500122070312,RUNNING_MPC
-336.5812683105469,-546.4861450195312,RUNNING_MPC
-337.6114501953125,-545.2853393554688,RUNNING_MPC
-338.65142822265625,-544.0899658203125,RUNNING_MPC
-339.7063903808594,-542.9017333984375,RUNNING_MPC
-340.78076171875,-541.7258911132812,RUNNING_MPC
-341.43670654296875,-541.0284423828125,RUNNING_MPC
-342.77764892578125,-539.6577758789062,RUNNING_MPC
-343.9269714355469,-538.5473022460938,RUNNING_MPC
-345.107177734375,-537.4713745117188,RUNNING_MPC
-345.830810546875,-536.8446655273438,RUNNING_MPC
-347.3133850097656,-535.638671875,RUNNING_MPC
-348.58624267578125,-534.6863403320312,RUNNING_MPC
-349.8938903808594,-533.7876586914062,RUNNING_MPC
-351.2370910644531,-532.94677734375,RUNNING_MPC
-352.6170654296875,-532.1677856445312,RUNNING_MPC
-354.033935546875,-531.4551391601562,RUNNING_MPC
-355.48663330078125,-530.8150634765625,RUNNING_MPC
-356.3739013671875,-530.4691162109375,RUNNING_MPC
-357.8740234375,-529.9599609375,RUNNING_MPC
-359.70245361328125,-529.4702758789062,RUNNING_MPC
-361.2366027832031,-529.1715698242188,RUNNING_MPC
-362.76519775390625,-528.9823608398438,RUNNING_MPC
-364.27545166015625,-528.9022216796875,RUNNING_MPC
-365.46392822265625,-528.9219360351562,RUNNING_MPC
-366.91729736328125,-529.0472412109375,RUNNING_MPC
-367.7697448730469,-529.1749877929688,RUNNING_MPC
-369.43487548828125,-529.543212890625,RUNNING_MPC
-370.25189208984375,-529.77783203125,RUNNING_MPC
-371.86181640625,-530.3346557617188,RUNNING_MPC
-372.9222106933594,-530.7662963867188,RUNNING_MPC
-374.2389831542969,-531.3718872070312,RUNNING_MPC
-375.28753662109375,-531.9110717773438,RUNNING_MPC
-376.5959167480469,-532.6528930664062,RUNNING_MPC
-377.9025573730469,-533.4703979492188,RUNNING_MPC
-378.94854736328125,-534.1788940429688,RUNNING_MPC
-380.2600402832031,-535.1309204101562,RUNNING_MPC
-381.315185546875,-535.9456176757812,RUNNING_MPC
-382.37799072265625,-536.8052368164062,RUNNING_MPC
-383.719482421875,-537.9428100585938,RUNNING_MPC
-385.0813903808594,-539.1464233398438,RUNNING_MPC
-385.9104919433594,-539.8997802734375,RUNNING_MPC
-387.6025695800781,-541.4721069335938,RUNNING_MPC
-388.75823974609375,-542.5650634765625,RUNNING_MPC
-390.2326965332031,-543.9768676757812,RUNNING_MPC
-391.7408142089844,-545.4262084960938,RUNNING_MPC
-392.9670104980469,-546.6001586914062,RUNNING_MPC
-394.51910400390625,-548.0662841796875,RUNNING_MPC
-395.7713317871094,-549.2225952148438,RUNNING_MPC
-397.34405517578125,-550.6296997070312,RUNNING_MPC
-398.9211120605469,-551.9790649414062,RUNNING_MPC
-400.50054931640625,-553.2576293945312,RUNNING_MPC
-402.0843200683594,-554.4569091796875,RUNNING_MPC
-403.67498779296875,-555.5711669921875,RUNNING_MPC
-405.2765197753906,-556.59375,RUNNING_MPC
-406.8902587890625,-557.51904296875,RUNNING_MPC
-408.51708984375,-558.3473510742188,RUNNING_MPC
-410.1607666015625,-559.0693359375,RUNNING_MPC
-411.48675537109375,-559.5693969726562,RUNNING_MPC
-412.8219299316406,-560.0007934570312,RUNNING_MPC
-414.8410339355469,-560.5202026367188,RUNNING_MPC
-416.5373840332031,-560.8372192382812,RUNNING_MPC
-418.2506408691406,-561.0546264648438,RUNNING_MPC
-419.9830322265625,-561.1719360351562,RUNNING_MPC
-420.6822814941406,-561.19189453125,RUNNING_MPC
-422.80328369140625,-561.1637573242188,RUNNING_MPC
-424.5996398925781,-561.0423583984375,RUNNING_MPC
-426.0574645996094,-560.8833618164062,RUNNING_MPC
-427.9068603515625,-560.6060180664062,RUNNING_MPC
-429.7880859375,-560.2431640625,RUNNING_MPC
-431.3161926269531,-559.8900756835938,RUNNING_MPC
-433.2558898925781,-559.3695068359375,RUNNING_MPC
-434.8307189941406,-558.88671875,RUNNING_MPC
-436.8276062011719,-558.1986083984375,RUNNING_MPC
-438.85369873046875,-557.4130249023438,RUNNING_MPC
-440.9051818847656,-556.524169921875,RUNNING_MPC
-442.9750671386719,-555.5321655273438,RUNNING_MPC
-445.0526123046875,-554.43359375,RUNNING_MPC
-447.1248474121094,-553.2302856445312,RUNNING_MPC
-448.77069091796875,-552.1942749023438,RUNNING_MPC
-450.8045349121094,-550.8128662109375,RUNNING_MPC
-452.8057861328125,-549.338623046875,RUNNING_MPC
-454.77105712890625,-547.77783203125,RUNNING_MPC
-456.7038879394531,-546.1319580078125,RUNNING_MPC
-458.23089599609375,-544.7540893554688,RUNNING_MPC
-460.11944580078125,-542.9555053710938,RUNNING_MPC
-461.9906921386719,-541.0729370117188,RUNNING_MPC
-463.8489990234375,-539.1075439453125,RUNNING_MPC
-465.6978759765625,-537.059814453125,RUNNING_MPC
-467.1733093261719,-535.3627319335938,RUNNING_MPC
-469.0150146484375,-533.1688842773438,RUNNING_MPC
-470.1194152832031,-531.8134155273438,RUNNING_MPC
-472.3280334472656,-529.011474609375,RUNNING_MPC
-473.80267333984375,-527.0774536132812,RUNNING_MPC
-475.6468200683594,-524.583740234375,RUNNING_MPC
-477.49609375,-522.0087890625,RUNNING_MPC
-479.3483581542969,-519.3515625,RUNNING_MPC
-480.46240234375,-517.7183837890625,RUNNING_MPC
-482.6936340332031,-514.3699340820312,RUNNING_MPC
-484.5443115234375,-511.5050964355469,RUNNING_MPC
-486.3775329589844,-508.5856018066406,RUNNING_MPC
-487.8230895996094,-506.223388671875,RUNNING_MPC
-489.59124755859375,-503.2521667480469,RUNNING_MPC
-490.966552734375,-500.8704528808594,RUNNING_MPC
-492.3005676269531,-498.49261474609375,RUNNING_MPC
-493.5877685546875,-496.12432861328125,RUNNING_MPC
-495.1246337890625,-493.18475341796875,RUNNING_MPC
-496.2945556640625,-490.85284423828125,RUNNING_MPC
-497.6787414550781,-487.9637451171875,RUNNING_MPC
-498.97894287109375,-485.0978698730469,RUNNING_MPC
-499.9585876464844,-482.81671142578125,RUNNING_MPC
-501.1153259277344,-479.97186279296875,RUNNING_MPC
-501.7765197753906,-478.2637634277344,RUNNING_MPC
-503.0255432128906,-474.835693359375,RUNNING_MPC
-503.99993896484375,-471.95892333984375,RUNNING_MPC
-504.9143981933594,-469.05474853515625,RUNNING_MPC
-505.7669677734375,-466.1205749511719,RUNNING_MPC
-506.4018249511719,-463.751953125,RUNNING_MPC
-507.1315002441406,-460.7649841308594,RUNNING_MPC
-507.7850646972656,-457.7536926269531,RUNNING_MPC
-508.24945068359375,-455.3302307128906,RUNNING_MPC
-508.7529296875,-452.2887268066406,RUNNING_MPC
-509.092529296875,-449.8503112792969,RUNNING_MPC
-509.4353942871094,-446.7977600097656,RUNNING_MPC
-509.68218994140625,-443.7470703125,RUNNING_MPC
-509.8094787597656,-441.3116760253906,RUNNING_MPC
-509.8637390136719,-439.49072265625,RUNNING_MPC
-509.86578369140625,-435.86737060546875,RUNNING_MPC
-509.8141784667969,-434.0673828125,RUNNING_MPC
-509.60595703125,-430.5007019042969,RUNNING_MPC
-509.38800048828125,-428.1517333984375,RUNNING_MPC
-509.0320129394531,-425.2517395019531,RUNNING_MPC
-508.67779541015625,-422.9627990722656,RUNNING_MPC
-508.14306640625,-420.14794921875,RUNNING_MPC
-507.5124816894531,-417.3854675292969,RUNNING_MPC
-506.9436950683594,-415.21514892578125,RUNNING_MPC
-506.1531982421875,-412.55316162109375,RUNNING_MPC
-505.638671875,-410.9831237792969,RUNNING_MPC
-504.52069091796875,-407.9022216796875,RUNNING_MPC
-503.5036926269531,-405.3879699707031,RUNNING_MPC
-502.6368103027344,-403.3996887207031,RUNNING_MPC
-501.4897155761719,-400.9363708496094,RUNNING_MPC
-500.5257263183594,-398.97491455078125,RUNNING_MPC
-499.5226745605469,-397.0166320800781,RUNNING_MPC
-498.48077392578125,-395.05780029296875,RUNNING_MPC
-497.1244812011719,-392.6037292480469,RUNNING_MPC
-495.9952697753906,-390.63177490234375,RUNNING_MPC
-494.5317077636719,-388.15289306640625,RUNNING_MPC
-493.6204528808594,-386.6576843261719,RUNNING_MPC
-492.05078125,-384.1480712890625,RUNNING_MPC
-490.41131591796875,-381.61749267578125,RUNNING_MPC
-489.0505065917969,-379.576171875,RUNNING_MPC
-487.6427917480469,-377.51904296875,RUNNING_MPC
-486.18939208984375,-375.4457092285156,RUNNING_MPC
-484.69195556640625,-373.35369873046875,RUNNING_MPC
-483.15130615234375,-371.2413330078125,RUNNING_MPC
-481.1690979003906,-368.5728759765625,RUNNING_MPC
-479.5360412597656,-366.4128723144531,RUNNING_MPC
-477.86749267578125,-364.2254638671875,RUNNING_MPC
-475.7353515625,-361.4521789550781,RUNNING_MPC
-474.00006103515625,-359.193115234375,RUNNING_MPC
-471.79803466796875,-356.3174133300781,RUNNING_MPC
-470.0105895996094,-353.9746398925781,RUNNING_MPC
-468.2014465332031,-351.59674072265625,RUNNING_MPC
-465.9084777832031,-348.57135009765625,RUNNING_MPC
-464.0453796386719,-346.10595703125,RUNNING_MPC
-462.1589660644531,-343.6026611328125,RUNNING_MPC
-460.24713134765625,-341.0635986328125,RUNNING_MPC
-457.819091796875,-337.8431091308594,RUNNING_MPC
-455.84783935546875,-335.2339782714844,RUNNING_MPC
-453.8518981933594,-332.59466552734375,RUNNING_MPC
-451.3258972167969,-329.2599792480469,RUNNING_MPC
-449.79595947265625,-327.2420349121094,RUNNING_MPC
-447.2276611328125,-323.85382080078125,RUNNING_MPC
-444.6406555175781,-320.4389343261719,RUNNING_MPC
-443.081787109375,-318.3783264160156,RUNNING_MPC
-440.47509765625,-314.9266662597656,RUNNING_MPC
-437.8601989746094,-311.4544677734375,RUNNING_MPC
-435.7597961425781,-308.6649475097656,RUNNING_MPC
-433.65545654296875,-305.8639221191406,RUNNING_MPC
-431.54595947265625,-303.05224609375,RUNNING_MPC
-428.9058532714844,-299.52447509765625,RUNNING_MPC
-427.3186950683594,-297.3981628417969,RUNNING_MPC
-424.6684265136719,-293.8383483886719,RUNNING_MPC
-422.5437316894531,-290.9783020019531,RUNNING_MPC
-419.88238525390625,-287.3912353515625,RUNNING_MPC
-417.748046875,-284.5130920410156,RUNNING_MPC
-415.0748291015625,-280.90740966796875,RUNNING_MPC
-412.9326171875,-278.0175476074219,RUNNING_MPC
-410.2503662109375,-274.3986511230469,RUNNING_MPC
-408.1018981933594,-271.49859619140625,RUNNING_MPC
-405.95220947265625,-268.5951232910156,RUNNING_MPC
-403.8017578125,-265.6882629394531,RUNNING_MPC
-401.6504211425781,-262.7775573730469,RUNNING_MPC
-398.96002197265625,-259.13397216796875,RUNNING_MPC
-396.806640625,-256.21551513671875,RUNNING_MPC
-394.6521301269531,-253.293701171875,RUNNING_MPC
-392.4969787597656,-250.368896484375,RUNNING_MPC
-389.80230712890625,-246.70843505859375,RUNNING_MPC
-387.10736083984375,-243.04327392578125,RUNNING_MPC
-385.49017333984375,-240.84207153320312,RUNNING_MPC
-382.2554931640625,-236.4359130859375,RUNNING_MPC
-380.0993347167969,-233.4959716796875,RUNNING_MPC
-377.9432678222656,-230.55581665039062,RUNNING_MPC
-375.78607177734375,-227.61257934570312,RUNNING_MPC
-373.6286315917969,-224.66769409179688,RUNNING_MPC
-371.4716796875,-221.72085571289062,RUNNING_MPC
-368.77740478515625,-218.03396606445312,RUNNING_MPC
-366.6240234375,-215.08172607421875,RUNNING_MPC
-364.47222900390625,-212.12730407714844,RUNNING_MPC
-362.3221435546875,-209.1713409423828,RUNNING_MPC
-359.6361389160156,-205.4739227294922,RUNNING_MPC
-357.48834228515625,-202.5146026611328,RUNNING_MPC
-355.3405456542969,-199.5542755126953,RUNNING_MPC
-352.6554870605469,-195.85183715820312,RUNNING_MPC
-350.5076904296875,-192.8883514404297,RUNNING_MPC
-347.8242492675781,-189.1835174560547,RUNNING_MPC
-345.67779541015625,-186.2191619873047,RUNNING_MPC
-342.99542236328125,-182.51202392578125,RUNNING_MPC
-340.8503112792969,-179.54458618164062,RUNNING_MPC
-338.70623779296875,-176.57603454589844,RUNNING_MPC
-336.5638122558594,-173.60626220703125,RUNNING_MPC
-333.8893737792969,-169.8912811279297,RUNNING_MPC
-331.7520751953125,-166.91722106933594,RUNNING_MPC
-329.6153564453125,-163.9423370361328,RUNNING_MPC
-326.94354248046875,-160.22438049316406,RUNNING_MPC
-324.80517578125,-157.2503662109375,RUNNING_MPC
-322.1328125,-153.5321044921875,RUNNING_MPC
-319.99334716796875,-150.55850219726562,RUNNING_MPC
