signal,unit,controller,abs_error
|e_y|,m,RUNNING_PP,2.627856133836743
|e_y|,m,RUNNING_PP,2.627874189506265
|e_y|,m,RUNNING_PP,2.627926769719581
|e_y|,m,RUNNING_PP,2.6280294497997083
|e_y|,m,RUNNING_PP,2.62804591867398
|e_y|,m,RUNNING_PP,2.6280869907060307
|e_y|,m,RUNNING_PP,2.627983324752419
|e_y|,m,RUNNING_PP,2.6272090420205476
|e_y|,m,RUNNING_PP,2.6254397727063714
|e_y|,m,RUNNING_PP,2.6233409725878856
|e_y|,m,RUNNING_PP,2.620033198506589
|e_y|,m,RUNNING_PP,2.613486067184232
|e_y|,m,RUNNING_PP,2.605481218341926
|e_y|,m,RUNNING_PP,2.5905663360297964
|e_y|,m,RUNNING_PP,2.567114240559931
|e_y|,m,RUNNING_PP,2.533904079938866
|e_y|,m,RUNNING_PP,2.497539469922378
|e_y|,m,RUNNING_PP,2.4358315436745728
|e_y|,m,RUNNING_PP,2.3541926770530894
|e_y|,m,RUNNING_PP,2.271628480955718
|e_y|,m,RUNNING_PP,2.1711321685166167
|e_y|,m,RUNNING_PP,2.053063433334642
|e_y|,m,RUNNING_PP,1.8419913345549606
|e_y|,m,RUNNING_PP,1.6363663358836817
|e_y|,m,RUNNING_PP,1.4548871742477656
|e_y|,m,RUNNING_PP,1.2170810165171377
|e_y|,m,RUNNING_PP,0.9653999783938044
|e_y|,m,RUNNING_PP,0.762559304402384
|e_y|,m,RUNNING_PP,0.5175248826502488
|e_y|,m,RUNNING_PP,0.37901472819684584
|e_y|,m,RUNNING_PP,0.13243131894225638
|e_y|,m,RUNNING_PP,0.031208385130544934
|e_y|,m,RUNNING_PP,0.1281920698552616
|e_y|,m,RUNNING_PP,0.20679863691212913
|e_y|,m,RUNNING_PP,0.23729138876082348
|e_y|,m,RUNNING_PP,0.2265011157281207
|e_y|,m,RUNNING_PP,0.1931245390223318
|e_y|,m,RUNNING_PP,0.13527416642917828
|e_y|,m,RUNNING_PP,0.0974536707991604
|e_y|,m,RUNNING_PP,0.03915910569942527
|e_y|,m,RUNNING_PP,0.004698022227856369
|e_y|,m,RUNNING_PP,0.03022549985902298
|e_y|,m,RUNNING_PP,0.03802634753597603
|e_y|,m,RUNNING_PP,0.03568816976221817
|e_y|,m,RUNNING_PP,0.02785577673704831
|e_y|,m,RUNNING_PP,0.017659942091675776
|e_y|,m,RUNNING_PP,0.005124210777526828
|e_y|,m,RUNNING_PP,0.004840343341873027
|e_y|,m,RUNNING_PP,0.010117563997181833
|e_y|,m,RUNNING_PP,0.013023509115887955
|e_y|,m,RUNNING_PP,0.013820419269288314
|e_y|,m,RUNNING_PP,0.012362353879159467
|e_y|,m,RUNNING_PP,0.01036275810000245
|e_y|,m,RUNNING_PP,0.0070917358485926285
|e_y|,m,RUNNING_PP,0.004653851278685922
|e_y|,m,RUNNING_PP,0.0033651030330795195
|e_y|,m,RUNNING_PP,0.0020788107137615225
|e_y|,m,RUNNING_PP,0.0011585016148655258
|e_y|,m,RUNNING_PP,0.001044640602656674
|e_y|,m,RUNNING_PP,0.0014935360810311438
|e_y|,m,RUNNING_PP,0.0021231157866969386
|e_y|,m,RUNNING_PP,0.0028022027741782807
|e_y|,m,RUNNING_PP,0.0034986394651583125
|e_y|,m,RUNNING_PP,0.004517070043461267
|e_y|,m,RUNNING_PP,0.004984016546846909
|e_y|,m,RUNNING_PP,0.005197290544129818
|e_y|,m,RUNNING_PP,0.0052566639964780615
|e_y|,m,RUNNING_PP,0.005338640087343381
|e_y|,m,RUNNING_PP,0.005195543919750273
|e_y|,m,RUNNING_PP,0.005127170158008759
|e_y|,m,RUNNING_PP,0.004946507979467496
|e_y|,m,RUNNING_PP,0.004965849233172337
|e_y|,m,RUNNING_PP,0.005004139996233725
|e_y|,m,RUNNING_PP,0.00513704902394177
|e_y|,m,RUNNING_PP,0.005118745953560835
|e_y|,m,RUNNING_PP,0.005020752050432342
|e_y|,m,RUNNING_PP,0.004881088948971241
|e_y|,m,RUNNING_PP,0.004633968530506571
|e_y|,m,RUNNING_PP,0.004300208767505254
|e_y|,m,RUNNING_PP,0.0037872261348032565
|e_y|,m,RUNNING_PP,0.003617029926268167
|e_y|,m,RUNNING_PP,0.0030997382338639745
|e_y|,m,RUNNING_PP,0.0031315336169125962
|e_y|,m,RUNNING_PP,0.0033267899139243773
|e_y|,m,RUNNING_PP,0.003848145063062247
|e_y|,m,RUNNING_PP,0.004900296192267145
|e_y|,m,RUNNING_PP,0.006242617953707744
|e_y|,m,RUNNING_PP,0.007512770132780011
|e_y|,m,RUNNING_PP,0.008037708023508588
|e_y|,m,RUNNING_PP,0.007309438205125085
|e_y|,m,RUNNING_PP,0.002554745870297026
|e_y|,m,RUNNING_PP,0.0050506856157332
|e_y|,m,RUNNING_PP,0.011981324717738356
|e_y|,m,RUNNING_PP,0.009315875286884504
|e_y|,m,RUNNING_PP,0.003401445382923418
|e_y|,m,RUNNING_PP,0.0063713262710611285
|e_y|,m,RUNNING_PP,0.013809461328604389
|e_y|,m,RUNNING_PP,0.017142098239764758
|e_y|,m,RUNNING_PP,0.016602795739546025
|e_y|,m,RUNNING_PP,0.012990968395519192
|e_y|,m,RUNNING_PP,0.007724344166727286
|e_y|,m,RUNNING_PP,0.0035548473942025316
|e_y|,m,RUNNING_PP,0.00020773385204064798
|e_y|,m,RUNNING_PP,0.0023792875544638714
|e_y|,m,RUNNING_PP,0.0031646726717228235
|e_y|,m,RUNNING_PP,0.002844472157101152
|e_y|,m,RUNNING_PP,0.0014208538201157805
|e_y|,m,RUNNING_PP,0.0001612132651975795
|e_y|,m,RUNNING_PP,0.0012481124754588069
|e_y|,m,RUNNING_PP,0.002286100360741339
|e_y|,m,RUNNING_PP,0.0027083015584734027
|e_y|,m,RUNNING_PP,0.002601913264183714
|e_y|,m,RUNNING_PP,0.0021904272262870533
|e_y|,m,RUNNING_PP,0.0014958739492668682
|e_y|,m,RUNNING_PP,0.0008051303320802672
|e_y|,m,RUNNING_PP,0.0004048222325084838
|e_y|,m,RUNNING_PP,0.0001585532385390831
|e_y|,m,RUNNING_PP,0.0001438966998162372
|e_y|,m,RUNNING_PP,0.0003796338699386115
|e_y|,m,RUNNING_PP,0.0005743591735294928
|e_y|,m,RUNNING_PP,0.0010308726589557393
|e_y|,m,RUNNING_PP,0.00125778572721863
|e_y|,m,RUNNING_PP,0.0012996334578255775
|e_y|,m,RUNNING_PP,0.0012702815898467668
|e_y|,m,RUNNING_PP,0.0010088807487221435
|e_y|,m,RUNNING_PP,0.0006972363912555865
|e_y|,m,RUNNING_PP,0.00046344847390494825
|e_y|,m,RUNNING_PP,0.00012036072737803272
|e_y|,m,RUNNING_PP,0.0001781158399208338
|e_y|,m,RUNNING_PP,0.00033072356005026116
|e_y|,m,RUNNING_PP,0.0005374864581969563
|e_y|,m,RUNNING_PP,0.0007416012786383708
|e_y|,m,RUNNING_PP,0.0010205238850530263
|e_y|,m,RUNNING_PP,0.001331784334598407
|e_y|,m,RUNNING_PP,0.0014583092031945633
|e_y|,m,RUNNING_PP,0.0016434402705914342
|e_y|,m,RUNNING_PP,0.0018718854582297356
|e_y|,m,RUNNING_PP,0.0020582531938891646
|e_y|,m,RUNNING_PP,0.0022633929335132974
|e_y|,m,RUNNING_PP,0.0024522381946846528
|e_y|,m,RUNNING_PP,0.0026205846935284383
|e_y|,m,RUNNING_PP,0.0028951895766990976
|e_y|,m,RUNNING_PP,0.003073711457041245
|e_y|,m,RUNNING_PP,0.003184380477057186
|e_y|,m,RUNNING_PP,0.003325331530289438
|e_y|,m,RUNNING_PP,0.0033021573672144533
|e_y|,m,RUNNING_PP,0.003242060018572357
|e_y|,m,RUNNING_PP,0.0031357716390698065
|e_y|,m,RUNNING_PP,0.003193049461936756
|e_y|,m,RUNNING_PP,0.002560230038879452
|e_y|,m,RUNNING_PP,0.002096508553050519
|e_y|,m,RUNNING_PP,0.0017451282823914283
|e_y|,m,RUNNING_PP,0.0012110543695119658
|e_y|,m,RUNNING_PP,0.000628976571217077
|e_y|,m,RUNNING_PP,0.000344349563340951
|e_y|,m,RUNNING_PP,0.00018162288935193172
|e_y|,m,RUNNING_PP,2.7642559776996922e-06
|e_y|,m,RUNNING_PP,6.811221003405477e-05
|e_y|,m,RUNNING_PP,0.00020643559653626964
|e_y|,m,RUNNING_PP,0.0004519991927858791
|e_y|,m,RUNNING_PP,0.0005810907576934143
|e_y|,m,RUNNING_PP,0.0010106173222844683
|e_y|,m,RUNNING_PP,0.0014231089195715918
|e_y|,m,RUNNING_PP,0.0014644909981438858
|e_y|,m,RUNNING_PP,0.0010967617170333233
|e_y|,m,RUNNING_PP,2.3457371017943096e-05
|e_y|,m,RUNNING_PP,0.0019149333397789903
|e_y|,m,RUNNING_PP,0.0034709449112709234
|e_y|,m,RUNNING_PP,0.0058407259366903
|e_y|,m,RUNNING_PP,0.008359937847910753
|e_y|,m,RUNNING_PP,0.00964852876192146
|e_y|,m,RUNNING_PP,0.011335664466503192
|e_y|,m,RUNNING_PP,0.012596251961473126
|e_y|,m,RUNNING_PP,0.014940657213387554
|e_y|,m,RUNNING_PP,0.016173756554483276
|e_y|,m,RUNNING_PP,0.016499114029648765
|e_y|,m,RUNNING_PP,0.019121285558277856
|e_y|,m,RUNNING_PP,0.020487394032342177
|e_y|,m,RUNNING_PP,0.02201030275109131
|e_y|,m,RUNNING_PP,0.02120221791798743
|e_y|,m,RUNNING_PP,0.023917261620969243
|e_y|,m,RUNNING_PP,0.024954268517349998
|e_y|,m,RUNNING_PP,0.02574130484144921
|e_y|,m,RUNNING_PP,0.029318332089142043
|e_y|,m,RUNNING_PP,0.031200077676678536
|e_y|,m,RUNNING_PP,0.03292243225152383
|e_y|,m,RUNNING_PP,0.03139273137370563
|e_y|,m,RUNNING_PP,0.034518025754237236
|e_y|,m,RUNNING_PP,0.035352608210268144
|e_y|,m,RUNNING_PP,0.0381531503275071
|e_y|,m,RUNNING_PP,0.04069298354102466
|e_y|,m,RUNNING_PP,0.04173695824480528
|e_y|,m,RUNNING_PP,0.04483417162356615
|e_y|,m,RUNNING_PP,0.04633405307454075
|e_y|,m,RUNNING_PP,0.04764848793455001
|e_y|,m,RUNNING_PP,0.050689558270801294
|e_y|,m,RUNNING_PP,0.050392822094476264
|e_y|,m,RUNNING_PP,0.0570745464687091
|e_y|,m,RUNNING_PP,0.060461334446311146
|e_y|,m,RUNNING_PP,0.062283448392126795
|e_y|,m,RUNNING_PP,0.06033564299109245
|e_y|,m,RUNNING_PP,0.06493396868958018
|e_y|,m,RUNNING_PP,0.06521631588436183
|e_y|,m,RUNNING_PP,0.06910308097268522
|e_y|,m,RUNNING_PP,0.06870849308734424
|e_y|,m,RUNNING_PP,0.06564785052488847
|e_y|,m,RUNNING_PP,0.05998978707284691
|e_y|,m,RUNNING_PP,0.06328138167493016
|e_y|,m,RUNNING_PP,0.05678755224702142
|e_y|,m,RUNNING_PP,0.05588708671172676
|e_y|,m,RUNNING_PP,0.05261937289292894
|e_y|,m,RUNNING_PP,0.0467608249053163
|e_y|,m,RUNNING_PP,0.04485953777689583
|e_y|,m,RUNNING_PP,0.04621213679498756
|e_y|,m,RUNNING_PP,0.04605615105683877
|e_y|,m,RUNNING_PP,0.044786807492505645
|e_y|,m,RUNNING_PP,0.04155512856044105
|e_y|,m,RUNNING_PP,0.040607541086261106
|e_y|,m,RUNNING_PP,0.04354785010475654
|e_y|,m,RUNNING_PP,0.04185211564382933
|e_y|,m,RUNNING_PP,0.04126018740590916
|e_y|,m,RUNNING_PP,0.039574169320401226
|e_y|,m,RUNNING_PP,0.035681747892044355
|e_y|,m,RUNNING_PP,0.03456411449408564
|e_y|,m,RUNNING_PP,0.03687884094659783
|e_y|,m,RUNNING_PP,0.035462378135355355
|e_y|,m,RUNNING_PP,0.03281535316640638
|e_y|,m,RUNNING_PP,0.03107063331740692
|e_y|,m,RUNNING_PP,0.030442720127784803
|e_y|,m,RUNNING_PP,0.03179331313530001
|e_y|,m,RUNNING_PP,0.03087694480471799
|e_y|,m,RUNNING_PP,0.028475192004156356
|e_y|,m,RUNNING_PP,0.026460455916686828
|e_y|,m,RUNNING_PP,0.027429565021229323
|e_y|,m,RUNNING_PP,0.027354901331324878
|e_y|,m,RUNNING_PP,0.025555128944461478
|e_y|,m,RUNNING_PP,0.02370685167044792
|e_y|,m,RUNNING_PP,0.02419304189417315
|e_y|,m,RUNNING_PP,0.022757307481510135
|e_y|,m,RUNNING_PP,0.022276322033517548
|e_y|,m,RUNNING_PP,0.020849332628400788
|e_y|,m,RUNNING_PP,0.019604240478379466
|e_y|,m,RUNNING_PP,0.019511464531613447
|e_y|,m,RUNNING_PP,0.019566216873261003
|e_y|,m,RUNNING_PP,0.019746256074803733
|e_y|,m,RUNNING_PP,0.017485118108501965
|e_y|,m,RUNNING_PP,0.017202959171504224
|e_y|,m,RUNNING_PP,0.01792519085834777
|e_y|,m,RUNNING_PP,0.01655825407619673
|e_y|,m,RUNNING_PP,0.015966755295691797
|e_y|,m,RUNNING_PP,0.015372740222784644
|e_y|,m,RUNNING_PP,0.013814336644591446
|e_y|,m,RUNNING_PP,0.01252145229944357
|e_y|,m,RUNNING_PP,0.01182982337049844
|e_y|,m,RUNNING_PP,0.012171644980848464
|e_y|,m,RUNNING_PP,0.010768775996549303
|e_y|,m,RUNNING_PP,0.009661417949902239
|e_y|,m,RUNNING_PP,0.007972923326958342
|e_y|,m,RUNNING_PP,0.006384595254387032
|e_y|,m,RUNNING_PP,0.005458270818842162
|e_y|,m,RUNNING_PP,0.004961279693930268
|e_y|,m,RUNNING_PP,0.004143326727377347
|e_y|,m,RUNNING_PP,0.003366678067756229
|e_y|,m,RUNNING_PP,0.0028288193648753623
|e_y|,m,RUNNING_PP,0.0027272393039076
|e_y|,m,RUNNING_PP,0.0026000242808787988
|e_y|,m,RUNNING_PP,0.00204644210535866
|e_y|,m,RUNNING_PP,0.001566217861777991
|e_y|,m,RUNNING_PP,0.0003909439030001377
|e_y|,m,RUNNING_PP,0.00033584809237999225
|e_y|,m,RUNNING_PP,0.001215852823432395
|e_y|,m,RUNNING_PP,0.001715676252011189
|e_y|,m,RUNNING_PP,0.002549284403761759
|e_y|,m,RUNNING_PP,0.003149690610062761
|e_y|,m,RUNNING_PP,0.0037243458721607503
|e_y|,m,RUNNING_PP,0.0042656189268852965
|e_y|,m,RUNNING_PP,0.004972833558256161
|e_y|,m,RUNNING_PP,0.0053558837575319596
|e_y|,m,RUNNING_PP,0.005858945824614645
|e_y|,m,RUNNING_PP,0.006246104533418256
|e_y|,m,RUNNING_PP,0.0068059344593327485
|e_y|,m,RUNNING_PP,0.007422297702354724
|e_y|,m,RUNNING_PP,0.007476694575906009
|e_y|,m,RUNNING_PP,0.008457938642960537
|e_y|,m,RUNNING_PP,0.0082276414563148
|e_y|,m,RUNNING_PP,0.00899007409869012
|e_y|,m,RUNNING_PP,0.009214362197108016
|e_y|,m,RUNNING_PP,0.009338349456898255
|e_y|,m,RUNNING_PP,0.009085217371886875
|e_y|,m,RUNNING_PP,0.008909858981257734
|e_y|,m,RUNNING_PP,0.009623766444974285
|e_y|,m,RUNNING_PP,0.010587819568710695
|e_y|,m,RUNNING_PP,0.011240235246580191
|e_y|,m,RUNNING_PP,0.01097157601847272
|e_y|,m,RUNNING_PP,0.01145347967290715
|e_y|,m,RUNNING_PP,0.012830471548716096
|e_y|,m,RUNNING_PP,0.014593935991165038
|e_y|,m,RUNNING_PP,0.014597324833840346
|e_y|,m,RUNNING_PP,0.01506676757178136
|e_y|,m,RUNNING_PP,0.016732996520083095
|e_y|,m,RUNNING_PP,0.017791150583536502
|e_y|,m,RUNNING_PP,0.020089926787493988
|e_y|,m,RUNNING_PP,0.0216307613679623
|e_y|,m,RUNNING_PP,0.020544547015941217
|e_y|,m,RUNNING_PP,0.020155929865716085
|e_y|,m,RUNNING_PP,0.021727746859962895
|e_y|,m,RUNNING_PP,0.020544215574732936
|e_y|,m,RUNNING_PP,0.018309493787657737
|e_y|,m,RUNNING_PP,0.015921350472909806
|e_y|,m,RUNNING_PP,0.014108489288379416
|e_y|,m,RUNNING_PP,0.015805115931999635
|e_y|,m,RUNNING_PP,0.016136569254701243
|e_y|,m,RUNNING_PP,0.01733517261813502
|e_y|,m,RUNNING_PP,0.017249357016431266
|e_y|,m,RUNNING_PP,0.019249796241427534
|e_y|,m,RUNNING_PP,0.023246080073710155
|e_y|,m,RUNNING_PP,0.02551698223053076
|e_y|,m,RUNNING_PP,0.027019542951873733
|e_y|,m,RUNNING_PP,0.025327033347245675
|e_y|,m,RUNNING_PP,0.02705184462975571
|e_y|,m,RUNNING_PP,0.027204988567873546
|e_y|,m,RUNNING_PP,0.029134803487260524
|e_y|,m,RUNNING_PP,0.029209218328286275
|e_y|,m,RUNNING_PP,0.029158619590688273
|e_y|,m,RUNNING_PP,0.027398043490239665
|e_y|,m,RUNNING_PP,0.028793657068838963
|e_y|,m,RUNNING_PP,0.031001408413938725
|e_y|,m,RUNNING_PP,0.03209160910544352
|e_y|,m,RUNNING_PP,0.029957270802018737
|e_y|,m,RUNNING_PP,0.03216662881305146
|e_y|,m,RUNNING_PP,0.03247883769087352
|e_y|,m,RUNNING_PP,0.03430156287022912
|e_y|,m,RUNNING_PP,0.03394956271224471
|e_y|,m,RUNNING_PP,0.03094275479413866
|e_y|,m,RUNNING_PP,0.031918944409091154
|e_y|,m,RUNNING_PP,0.03150905142625382
|e_y|,m,RUNNING_PP,0.030935323269875692
|e_y|,m,RUNNING_PP,0.029540461437601542
|e_y|,m,RUNNING_PP,0.026706645354791114
|e_y|,m,RUNNING_PP,0.02845229428682101
|e_y|,m,RUNNING_PP,0.027209811169250503
|e_y|,m,RUNNING_PP,0.026912003128796616
|e_y|,m,RUNNING_PP,0.024223060870941948
|e_y|,m,RUNNING_PP,0.023680484621732223
|e_y|,m,RUNNING_PP,0.024744173394429303
|e_y|,m,RUNNING_PP,0.024914198946136404
|e_y|,m,RUNNING_PP,0.02441805709744535
|e_y|,m,RUNNING_PP,0.023801730350460876
|e_y|,m,RUNNING_PP,0.023049218959198536
|e_y|,m,RUNNING_PP,0.02545275783764478
|e_y|,m,RUNNING_PP,0.02546325604471572
|e_y|,m,RUNNING_PP,0.025909454938577492
|e_y|,m,RUNNING_PP,0.02390858598336104
|e_y|,m,RUNNING_PP,0.023954368826938688
|e_y|,m,RUNNING_PP,0.025273489424796125
|e_y|,m,RUNNING_PP,0.025645455967073415
|e_y|,m,RUNNING_PP,0.024906639186342325
|e_y|,m,RUNNING_PP,0.022481204225464346
|e_y|,m,RUNNING_PP,0.021315615101466068
|e_y|,m,RUNNING_PP,0.02215590509887147
|e_y|,m,RUNNING_PP,0.021864142802087774
|e_y|,m,RUNNING_PP,0.021552608902896647
|e_y|,m,RUNNING_PP,0.02080689015394882
|e_y|,m,RUNNING_PP,0.01886280653963246
|e_y|,m,RUNNING_PP,0.018867563882882243
|e_y|,m,RUNNING_PP,0.020216657241909936
|e_y|,m,RUNNING_PP,0.020148511463075558
|e_y|,m,RUNNING_PP,0.01874904969094715
|e_y|,m,RUNNING_PP,0.01859173702640965
|e_y|,m,RUNNING_PP,0.019216187315082532
|e_y|,m,RUNNING_PP,0.01845674681655224
|e_y|,m,RUNNING_PP,0.018132222665843162
|e_y|,m,RUNNING_PP,0.017611736363717635
|e_y|,m,RUNNING_PP,0.015439146080349353
|e_y|,m,RUNNING_PP,0.014994949976952388
|e_y|,m,RUNNING_PP,0.014803923523086904
|e_y|,m,RUNNING_PP,0.01345784218028584
|e_y|,m,RUNNING_PP,0.014415473145645345
|e_y|,m,RUNNING_PP,0.013566744269168145
|e_y|,m,RUNNING_PP,0.012893036741929948
|e_y|,m,RUNNING_PP,0.01172834207821527
|e_y|,m,RUNNING_PP,0.010538146743326315
|e_y|,m,RUNNING_PP,0.009517727584621327
|e_y|,m,RUNNING_PP,0.009878929740924969
|e_y|,m,RUNNING_PP,0.009537130632412322
|e_y|,m,RUNNING_PP,0.008638819727224953
|e_y|,m,RUNNING_PP,0.007816378327342638
|e_y|,m,RUNNING_PP,0.00622145642810229
|e_y|,m,RUNNING_PP,0.005760925766917724
|e_y|,m,RUNNING_PP,0.006355668781472659
|e_y|,m,RUNNING_PP,0.005727656536054872
|e_y|,m,RUNNING_PP,0.005222093205989181
|e_y|,m,RUNNING_PP,0.004079208122182654
|e_y|,m,RUNNING_PP,0.004153001399894496
|e_y|,m,RUNNING_PP,0.0048526865455124045
|e_y|,m,RUNNING_PP,0.004227263494366362
|e_y|,m,RUNNING_PP,0.004179938242154346
|e_y|,m,RUNNING_PP,0.003811686955668414
|e_y|,m,RUNNING_PP,0.004058917476792712
|e_y|,m,RUNNING_PP,0.0041779888178626046
|e_y|,m,RUNNING_PP,0.004092187802384878
|e_y|,m,RUNNING_PP,0.0034659222740066054
|e_y|,m,RUNNING_PP,0.002348154649574441
|e_y|,m,RUNNING_PP,0.0021849985325755328
|e_y|,m,RUNNING_PP,0.0021446404831416688
|e_y|,m,RUNNING_PP,0.002523817072421171
|e_y|,m,RUNNING_PP,0.0023045439344025406
|e_y|,m,RUNNING_PP,0.0019013197635837087
|e_y|,m,RUNNING_PP,0.0019424467004850732
|e_y|,m,RUNNING_PP,0.002081608868862113
|e_y|,m,RUNNING_PP,0.0019179764411155764
|e_y|,m,RUNNING_PP,0.001694366696151084
|e_y|,m,RUNNING_PP,0.002112551402136509
|e_y|,m,RUNNING_PP,0.0024970530143380576
|e_y|,m,RUNNING_PP,0.002426042888272334
|e_y|,m,RUNNING_PP,0.0018234400651684357
|e_y|,m,RUNNING_PP,0.001932228608796993
|e_y|,m,RUNNING_PP,0.002107347601004589
|e_y|,m,RUNNING_PP,0.0018303999682527938
|e_y|,m,RUNNING_PP,0.0018562899036577707
|e_y|,m,RUNNING_PP,0.0018467301568328987
|e_y|,m,RUNNING_PP,0.001987636344700283
|e_y|,m,RUNNING_PP,0.0019990250095145434
|e_y|,m,RUNNING_PP,0.0015403598223682202
|e_y|,m,RUNNING_PP,0.001757920558833212
|e_y|,m,RUNNING_PP,0.0018985372852639779
|e_y|,m,RUNNING_PP,0.0019580656810881114
|e_y|,m,RUNNING_PP,0.002027674790100631
|e_y|,m,RUNNING_PP,0.0020574548718615415
|e_y|,m,RUNNING_PP,0.0023728278624593757
|e_y|,m,RUNNING_PP,0.002450245962301839
|e_y|,m,RUNNING_PP,0.002511626355726382
|e_y|,m,RUNNING_PP,0.002648351321672668
|e_y|,m,RUNNING_PP,0.0026703432188604076
|e_y|,m,RUNNING_PP,0.0026635124896517703
|e_y|,m,RUNNING_PP,0.0027232656498912267
|e_y|,m,RUNNING_PP,0.0028902818583245726
|e_y|,m,RUNNING_PP,0.0029723742693529287
|e_y|,m,RUNNING_PP,0.003062189280044536
|e_y|,m,RUNNING_PP,0.003075789511399113
|e_y|,m,RUNNING_PP,0.0032154749932016835
|e_y|,m,RUNNING_PP,0.003688611802572836
|e_y|,m,RUNNING_PP,0.003984367744551354
|e_y|,m,RUNNING_PP,0.00447005553466906
|e_y|,m,RUNNING_PP,0.004738951130436098
|e_y|,m,RUNNING_PP,0.004805201773993073
|e_y|,m,RUNNING_PP,0.00503396465917727
|e_y|,m,RUNNING_PP,0.005038628049672367
|e_y|,m,RUNNING_PP,0.005008371769253561
|e_y|,m,RUNNING_PP,0.00508157071693649
|e_y|,m,RUNNING_PP,0.0049706352899080986
|e_y|,m,RUNNING_PP,0.004395203059366054
|e_y|,m,RUNNING_PP,0.004013026245187179
|e_y|,m,RUNNING_PP,0.003745223010785087
|e_y|,m,RUNNING_PP,0.004025287269969313
|e_y|,m,RUNNING_PP,0.003724033557814782
|e_y|,m,RUNNING_PP,0.003854664989434809
|e_y|,m,RUNNING_PP,0.003932682116421643
|e_y|,m,RUNNING_PP,0.004307194011312909
|e_y|,m,RUNNING_PP,0.004544481784733878
|e_y|,m,RUNNING_PP,0.004243026322623744
|e_y|,m,RUNNING_PP,0.004098125835986205
|e_y|,m,RUNNING_PP,0.004236448415532557
|e_y|,m,RUNNING_PP,0.0044480986290538205
|e_y|,m,RUNNING_PP,0.004629774123620534
|e_y|,m,RUNNING_PP,0.004344268965466691
|e_y|,m,RUNNING_PP,0.0036967445821756775
|e_y|,m,RUNNING_PP,0.0029933593275555948
|e_y|,m,RUNNING_PP,0.0029765961595481505
|e_y|,m,RUNNING_PP,0.0025151107900060476
|e_y|,m,RUNNING_PP,0.0011917984517307856
|e_y|,m,RUNNING_PP,0.00028075401507207665
|e_y|,m,RUNNING_PP,0.004623797350652062
|e_y|,m,RUNNING_PP,0.005122546576339204
|e_y|,m,RUNNING_PP,0.011546648709917257
|e_y|,m,RUNNING_PP,0.018395142658438668
|e_y|,m,RUNNING_PP,0.022804296735423002
|e_y|,m,RUNNING_PP,0.03012535589194855
|e_y|,m,RUNNING_PP,0.02973699089879872
|e_y|,m,RUNNING_PP,0.03475914024734983
|e_y|,m,RUNNING_PP,0.04010987652610132
|e_y|,m,RUNNING_PP,0.04422891257230264
|e_y|,m,RUNNING_PP,0.044923957021188704
|e_y|,m,RUNNING_PP,0.04683135687976647
|e_y|,m,RUNNING_PP,0.04882951055198209
|e_y|,m,RUNNING_PP,0.05724291532174969
|e_y|,m,RUNNING_PP,0.06466619514928547
|e_y|,m,RUNNING_PP,0.06755598292383927
|e_y|,m,RUNNING_PP,0.07214296173087856
|e_y|,m,RUNNING_PP,0.07882691668023903
|e_y|,m,RUNNING_PP,0.08320410991693246
|e_y|,m,RUNNING_PP,0.08735703208291326
|e_y|,m,RUNNING_PP,0.0926337445069112
|e_y|,m,RUNNING_PP,0.09964968951760408
|e_y|,m,RUNNING_PP,0.10308626591245601
|e_y|,m,RUNNING_PP,0.09809388039004215
|e_y|,m,RUNNING_PP,0.1035594589927645
|e_y|,m,RUNNING_PP,0.11326245412113894
|e_y|,m,RUNNING_PP,0.11282716899595938
|e_y|,m,RUNNING_PP,0.11420517665672125
|e_y|,m,RUNNING_PP,0.1226183024258117
|e_y|,m,RUNNING_PP,0.13192196471208478
|e_y|,m,RUNNING_PP,0.14046146134909487
|e_y|,m,RUNNING_PP,0.14719801347337277
|e_y|,m,RUNNING_PP,0.15991585279850856
|e_y|,m,RUNNING_PP,0.15653256168541416
|e_y|,m,RUNNING_PP,0.17517691107515088
|e_y|,m,RUNNING_PP,0.18050888802111287
|e_y|,m,RUNNING_PP,0.19982047365838984
|e_y|,m,RUNNING_PP,0.21023420792994135
|e_y|,m,RUNNING_PP,0.20472312490528827
|e_y|,m,RUNNING_PP,0.21652567608594664
|e_y|,m,RUNNING_PP,0.22452301926029386
|e_y|,m,RUNNING_PP,0.23479282012869396
|e_y|,m,RUNNING_PP,0.23114145870733993
|e_y|,m,RUNNING_PP,0.22111474077787818
|e_y|,m,RUNNING_PP,0.20543372969630658
|e_y|,m,RUNNING_PP,0.18884289571789298
|e_y|,m,RUNNING_PP,0.1892851255094013
|e_y|,m,RUNNING_PP,0.1760646205452815
|e_y|,m,RUNNING_PP,0.1629610492455168
|e_y|,m,RUNNING_PP,0.1431141034479772
|e_y|,m,RUNNING_PP,0.1418186485872102
|e_y|,m,RUNNING_PP,0.11573177746825197
|e_y|,m,RUNNING_PP,0.11169702072426645
|e_y|,m,RUNNING_PP,0.09281295242498233
|e_y|,m,RUNNING_PP,0.0852247959720178
|e_y|,m,RUNNING_PP,0.07676198659421668
|e_y|,m,RUNNING_PP,0.0680451195959364
|e_y|,m,RUNNING_PP,0.06576828025533543
|e_y|,m,RUNNING_PP,0.06372820307408567
|e_y|,m,RUNNING_PP,0.062099095909943974
|e_y|,m,RUNNING_PP,0.05939461567445868
|e_y|,m,RUNNING_PP,0.054935985269292366
|e_y|,m,RUNNING_PP,0.04971238676530457
|e_y|,m,RUNNING_PP,0.04216170907288186
|e_y|,m,RUNNING_PP,0.03606504564707361
|e_y|,m,RUNNING_PP,0.03262593674284486
|e_y|,m,RUNNING_PP,0.029646271344452857
|e_y|,m,RUNNING_PP,0.02766941157733266
|e_y|,m,RUNNING_PP,0.026435683222336807
|e_y|,m,RUNNING_PP,0.025312686814902355
|e_y|,m,RUNNING_PP,0.023399032872767567
|e_y|,m,RUNNING_PP,0.02234623437831698
|e_y|,m,RUNNING_PP,0.020288144919918066
|e_y|,m,RUNNING_PP,0.02041540603668622
|e_y|,m,RUNNING_PP,0.017075891690672987
|e_y|,m,RUNNING_PP,0.014262978655498557
|e_y|,m,RUNNING_PP,0.011874050053924834
|e_y|,m,RUNNING_PP,0.00969643796577993
|e_y|,m,RUNNING_PP,0.007311404845193659
|e_y|,m,RUNNING_PP,0.005016370062843195
|e_y|,m,RUNNING_PP,0.0028357717165909124
|e_y|,m,RUNNING_PP,0.0005247171397046446
|e_y|,m,RUNNING_PP,0.0014071392902098231
|e_y|,m,RUNNING_PP,0.0026574239537402178
|e_y|,m,RUNNING_PP,0.005798025021592684
|e_y|,m,RUNNING_PP,0.006509376771384995
|e_y|,m,RUNNING_PP,0.009639973827325399
|e_y|,m,RUNNING_PP,0.012874244656558925
|e_y|,m,RUNNING_PP,0.017280866952467278
|e_y|,m,RUNNING_PP,0.021806226322066094
|e_y|,m,RUNNING_PP,0.026165120050387236
|e_y|,m,RUNNING_PP,0.026791148814174964
|e_y|,m,RUNNING_PP,0.031039129794820125
|e_y|,m,RUNNING_PP,0.032490700007572204
|e_y|,m,RUNNING_PP,0.03371508945215851
|e_y|,m,RUNNING_PP,0.03703891855303093
|e_y|,m,RUNNING_PP,0.046055033404157994
|e_y|,m,RUNNING_PP,0.052421384314667745
|e_y|,m,RUNNING_PP,0.060891103997109626
|e_y|,m,RUNNING_PP,0.06771380029157437
|e_y|,m,RUNNING_PP,0.07429717460904992
|e_y|,m,RUNNING_PP,0.07417246011423029
|e_y|,m,RUNNING_PP,0.08547129097061401
|e_y|,m,RUNNING_PP,0.09574018335110876
|e_y|,m,RUNNING_PP,0.09996982567358326
|e_y|,m,RUNNING_PP,0.10652283285076114
|e_y|,m,RUNNING_PP,0.12030755393377471
|e_y|,m,RUNNING_PP,0.12676225825327633
|e_y|,m,RUNNING_PP,0.13608035187096634
|e_y|,m,RUNNING_PP,0.14736134254477917
|e_y|,m,RUNNING_PP,0.15667387602200397
|e_y|,m,RUNNING_PP,0.17118379823860674
|e_y|,m,RUNNING_PP,0.17861474298009727
|e_y|,m,RUNNING_PP,0.21775861533496443
|e_y|,m,RUNNING_PP,0.25836649084121616
|e_y|,m,RUNNING_PP,0.2758020535491414
|e_y|,m,RUNNING_PP,0.2624490860265431
|e_y|,m,RUNNING_PP,0.25071124572107384
|e_y|,m,RUNNING_PP,0.2516379093819389
|e_y|,m,RUNNING_PP,0.23448760219776169
|e_y|,m,RUNNING_PP,0.21689330686079933
|e_y|,m,RUNNING_PP,0.20079873302811854
|e_y|,m,RUNNING_PP,0.215881104730792
|e_y|,m,RUNNING_PP,0.22345438767925244
|e_y|,m,RUNNING_PP,0.2310036420598341
|e_y|,m,RUNNING_PP,0.22859081370614945
|e_y|,m,RUNNING_PP,0.2585761262108883
|e_y|,m,RUNNING_PP,0.2699092600925528
|e_y|,m,RUNNING_PP,0.2678785841508434
|e_y|,m,RUNNING_PP,0.283561753219954
|e_y|,m,RUNNING_PP,0.29245803323393865
|e_y|,m,RUNNING_PP,0.28252565989939815
|e_y|,m,RUNNING_PP,0.26486039175517007
|e_y|,m,RUNNING_PP,0.2355147899138883
|e_y|,m,RUNNING_PP,0.22951324861570901
|e_y|,m,RUNNING_PP,0.21303975639435616
|e_y|,m,RUNNING_PP,0.1897809287510112
|e_y|,m,RUNNING_PP,0.1647116797251864
|e_y|,m,RUNNING_PP,0.1591749293310319
|e_y|,m,RUNNING_PP,0.13762089974470937
|e_y|,m,RUNNING_PP,0.13297245201478383
|e_y|,m,RUNNING_PP,0.11837913236500158
|e_y|,m,RUNNING_PP,0.10177801592905522
|e_y|,m,RUNNING_PP,0.09630644957532186
|e_y|,m,RUNNING_PP,0.0912557686125049
|e_y|,m,RUNNING_PP,0.08660712787356711
|e_y|,m,RUNNING_PP,0.08315251263197099
|e_y|,m,RUNNING_PP,0.07718084154413124
|e_y|,m,RUNNING_PP,0.06878260096209848
|e_y|,m,RUNNING_PP,0.06574830066779527
|e_y|,m,RUNNING_PP,0.060279581617680406
|e_y|,m,RUNNING_PP,0.05553722225808399
|e_y|,m,RUNNING_PP,0.047990305399976646
|e_y|,m,RUNNING_PP,0.039894911100687186
|e_y|,m,RUNNING_PP,0.031528738218368935
|e_y|,m,RUNNING_PP,0.025502725104094986
|e_y|,m,RUNNING_PP,0.02247890107681428
|e_y|,m,RUNNING_PP,0.016757819416081565
|e_y|,m,RUNNING_PP,0.0070106993683774765
|e_y|,m,RUNNING_PP,0.0011672856675798426
|e_y|,m,RUNNING_PP,0.003072330633953485
|e_y|,m,RUNNING_PP,0.004269616575942943
|e_y|,m,RUNNING_PP,0.004321043978065242
|e_y|,m,RUNNING_PP,0.003514074955844715
|e_y|,m,RUNNING_PP,0.001442667595420194
|e_y|,m,RUNNING_PP,0.0006096562943295747
|e_y|,m,RUNNING_PP,0.002924727780087691
|e_y|,m,RUNNING_PP,0.0050930069953533386
|e_y|,m,RUNNING_PP,0.0057171939840639785
|e_y|,m,RUNNING_PP,0.007069065866314922
|e_y|,m,RUNNING_PP,0.007001815332036365
|e_y|,m,RUNNING_PP,0.006878463081030073
|e_y|,m,RUNNING_PP,0.006737090000436923
|e_y|,m,RUNNING_PP,0.00592090639333772
|e_y|,m,RUNNING_PP,0.0046363149299445405
|e_y|,m,RUNNING_PP,0.0046875708952350825
|e_y|,m,RUNNING_PP,0.005176622207687338
|e_y|,m,RUNNING_PP,0.005125662547613362
|e_y|,m,RUNNING_PP,0.004709637171435271
|e_y|,m,RUNNING_PP,0.004542947336499403
|e_y|,m,RUNNING_PP,0.003984050987508869
|e_y|,m,RUNNING_PP,0.003753904791504753
|e_y|,m,RUNNING_PP,0.0044223574027227736
|e_y|,m,RUNNING_PP,0.004498167210119877
|e_y|,m,RUNNING_PP,0.003976926643356943
|e_y|,m,RUNNING_PP,0.003865749659044737
|e_y|,m,RUNNING_PP,0.005163020610487956
|e_y|,m,RUNNING_PP,0.006244892819918413
|e_y|,m,RUNNING_PP,0.007564658633878174
|e_y|,m,RUNNING_PP,0.008848140734017643
|e_y|,m,RUNNING_PP,0.010025258456616254
|e_y|,m,RUNNING_PP,0.010110239390202905
|e_y|,m,RUNNING_PP,0.010606869729259644
|e_y|,m,RUNNING_PP,0.011109230607273288
|e_y|,m,RUNNING_PP,0.010267454694684576
|e_y|,m,RUNNING_PP,0.009199623123617603
|e_y|,m,RUNNING_PP,0.007129486008127767
|e_y|,m,RUNNING_PP,0.004768727804514761
|e_y|,m,RUNNING_PP,0.00454820633775406
|e_y|,m,RUNNING_PP,0.0036141547316652783
|e_y|,m,RUNNING_PP,0.005283863627017417
|e_y|,m,RUNNING_PP,0.0051311668643979624
|e_y|,m,RUNNING_PP,0.007486304436179619
|e_y|,m,RUNNING_PP,0.011187493888327484
|e_y|,m,RUNNING_PP,0.014110849434832361
|e_y|,m,RUNNING_PP,0.016590800867108405
|e_y|,m,RUNNING_PP,0.01844308621155141
|e_y|,m,RUNNING_PP,0.017739459060124627
|e_y|,m,RUNNING_PP,0.02090269121537061
|e_y|,m,RUNNING_PP,0.022528985443851506
|e_y|,m,RUNNING_PP,0.024193181213200785
|e_y|,m,RUNNING_PP,0.024813722176452994
|e_y|,m,RUNNING_PP,0.02362553292252989
|e_y|,m,RUNNING_PP,0.025954428297132626
|e_y|,m,RUNNING_PP,0.0287014539888752
|e_y|,m,RUNNING_PP,0.029681510612658838
|e_y|,m,RUNNING_PP,0.029493859885481612
|e_y|,m,RUNNING_PP,0.029172610927942377
|e_y|,m,RUNNING_PP,0.02866779357232508
|e_y|,m,RUNNING_PP,0.030200657936064006
|e_y|,m,RUNNING_PP,0.03139594041618298
|e_y|,m,RUNNING_PP,0.032497673923925344
|e_y|,m,RUNNING_PP,0.03301452862324145
|e_y|,m,RUNNING_PP,0.0315230710616355
|e_y|,m,RUNNING_PP,0.0345144512927686
|e_y|,m,RUNNING_PP,0.03520095849757521
|e_y|,m,RUNNING_PP,0.03574275666316136
|e_y|,m,RUNNING_PP,0.03797297267864826
|e_y|,m,RUNNING_PP,0.03659323486054597
|e_y|,m,RUNNING_PP,0.037088099524735435
|e_y|,m,RUNNING_PP,0.04191431170140323
|e_y|,m,RUNNING_PP,0.04434691421848407
|e_y|,m,RUNNING_PP,0.04536387589744748
|e_y|,m,RUNNING_PP,0.046571156442132125
|e_y|,m,RUNNING_PP,0.045063975421535896
|e_y|,m,RUNNING_PP,0.048712959009592674
|e_y|,m,RUNNING_PP,0.05314994484717947
|e_y|,m,RUNNING_PP,0.05533353685541469
|e_y|,m,RUNNING_PP,0.055463006042193674
|e_y|,m,RUNNING_PP,0.05626796505077977
|e_y|,m,RUNNING_PP,0.05659144707547786
|e_y|,m,RUNNING_PP,0.06264274092534348
|e_y|,m,RUNNING_PP,0.0650296731703323
|e_y|,m,RUNNING_PP,0.06578923996695318
|e_y|,m,RUNNING_PP,0.07034741746410332
|e_y|,m,RUNNING_PP,0.06944604504794935
|e_y|,m,RUNNING_PP,0.0716412399510214
|e_y|,m,RUNNING_PP,0.0764782512478176
|e_y|,m,RUNNING_PP,0.08072239534243114
|e_y|,m,RUNNING_PP,0.07988394154548456
|e_y|,m,RUNNING_PP,0.07548708726265141
|e_y|,m,RUNNING_PP,0.06873594372171238
|e_y|,m,RUNNING_PP,0.0676407752466579
|e_y|,m,RUNNING_PP,0.05912597818848317
|e_y|,m,RUNNING_PP,0.056253698464194174
|e_y|,m,RUNNING_PP,0.05110227490882062
|e_y|,m,RUNNING_PP,0.04623718077818878
|e_y|,m,RUNNING_PP,0.04312593130384634
|e_y|,m,RUNNING_PP,0.0448542556812524
|e_y|,m,RUNNING_PP,0.04476525227570202
|e_y|,m,RUNNING_PP,0.044435494521617186
|e_y|,m,RUNNING_PP,0.04284936540150258
|e_y|,m,RUNNING_PP,0.04081543668666909
|e_y|,m,RUNNING_PP,0.039966299863027355
|e_y|,m,RUNNING_PP,0.03651917540008681
|e_y|,m,RUNNING_PP,0.03458318368021196
|e_y|,m,RUNNING_PP,0.03311234139610261
|e_y|,m,RUNNING_PP,0.030272388410844106
|e_y|,m,RUNNING_PP,0.02707605531816687
|e_y|,m,RUNNING_PP,0.0257959931370344
|e_y|,m,RUNNING_PP,0.02528169498249694
|e_y|,m,RUNNING_PP,0.02393989685468497
|e_y|,m,RUNNING_PP,0.022316819232536866
|e_y|,m,RUNNING_PP,0.021162234573757037
|e_y|,m,RUNNING_PP,0.01908343404559998
|e_y|,m,RUNNING_PP,0.016928246272213454
|e_y|,m,RUNNING_PP,0.01663521918439173
|e_y|,m,RUNNING_PP,0.014489698426668751
|e_y|,m,RUNNING_PP,0.013831149850398475
|e_y|,m,RUNNING_PP,0.012460272932113547
|e_y|,m,RUNNING_PP,0.01106476381156346
|e_y|,m,RUNNING_PP,0.009278257247648025
|e_y|,m,RUNNING_PP,0.008046719894512888
|e_y|,m,RUNNING_PP,0.004840431941311042
|e_y|,m,RUNNING_PP,0.0006846421494050223
|e_y|,m,RUNNING_PP,0.0012835284980272088
|e_y|,m,RUNNING_PP,0.0034975964273313287
|e_y|,m,RUNNING_PP,0.004450626608072772
|e_y|,m,RUNNING_PP,0.004503504530391028
|e_y|,m,RUNNING_PP,0.004281097734956885
|e_y|,m,RUNNING_PP,0.003810160070917834
|e_y|,m,RUNNING_PP,0.002943651195133179
|e_y|,m,RUNNING_PP,0.00227111242774284
|e_y|,m,RUNNING_PP,0.0016686067420532413
|e_y|,m,RUNNING_PP,0.0016257124698687564
|e_y|,m,RUNNING_PP,0.0018920187043233172
|e_y|,m,RUNNING_PP,0.0022232929434704007
|e_y|,m,RUNNING_PP,0.0027700409943287596
|e_y|,m,RUNNING_PP,0.0032054081879503565
|e_y|,m,RUNNING_PP,0.00340583709172404
|e_y|,m,RUNNING_PP,0.0036494598420820368
|e_y|,m,RUNNING_PP,0.0037322590529338395
|e_y|,m,RUNNING_PP,0.0038560344430945137
|e_y|,m,RUNNING_PP,0.003740801193327703
|e_y|,m,RUNNING_PP,0.003329397035873753
|e_y|,m,RUNNING_MPC,0.013918099452879851
|e_y|,m,RUNNING_MPC,0.016276809758198132
|e_y|,m,RUNNING_MPC,0.019614308496095023
|e_y|,m,RUNNING_MPC,0.021597309532646658
|e_y|,m,RUNNING_MPC,0.024562675539873846
|e_y|,m,RUNNING_MPC,0.0244365295216864
|e_y|,m,RUNNING_MPC,0.028825189769118135
|e_y|,m,RUNNING_MPC,0.031720783747818226
|e_y|,m,RUNNING_MPC,0.03341108533415543
|e_y|,m,RUNNING_MPC,0.03632178462878122
|e_y|,m,RUNNING_MPC,0.03917567741829381
|e_y|,m,RUNNING_MPC,0.04188020989714197
|e_y|,m,RUNNING_MPC,0.0435212057879009
|e_y|,m,RUNNING_MPC,0.04646737803655278
|e_y|,m,RUNNING_MPC,0.04832374969315352
|e_y|,m,RUNNING_MPC,0.05091768472506288
|e_y|,m,RUNNING_MPC,0.0534757906165898
|e_y|,m,RUNNING_MPC,0.05421706245548713
|e_y|,m,RUNNING_MPC,0.056086953464914366
|e_y|,m,RUNNING_MPC,0.057585159373232095
|e_y|,m,RUNNING_MPC,0.058077706093478065
|e_y|,m,RUNNING_MPC,0.05840570906170217
|e_y|,m,RUNNING_MPC,0.05892792549996348
|e_y|,m,RUNNING_MPC,0.059081281277779785
|e_y|,m,RUNNING_MPC,0.0584482199257512
|e_y|,m,RUNNING_MPC,0.057880094338417676
|e_y|,m,RUNNING_MPC,0.057079161636065384
|e_y|,m,RUNNING_MPC,0.05599230795546217
|e_y|,m,RUNNING_MPC,0.05457405187429362
|e_y|,m,RUNNING_MPC,0.053149310923955584
|e_y|,m,RUNNING_MPC,0.051705766133515796
|e_y|,m,RUNNING_MPC,0.049840346893256865
|e_y|,m,RUNNING_MPC,0.04653528216592648
|e_y|,m,RUNNING_MPC,0.043215083531136456
|e_y|,m,RUNNING_MPC,0.038132333536796625
|e_y|,m,RUNNING_MPC,0.03437793684943152
|e_y|,m,RUNNING_MPC,0.03265618427728094
|e_y|,m,RUNNING_MPC,0.030939146771562454
|e_y|,m,RUNNING_MPC,0.02358217836773016
|e_y|,m,RUNNING_MPC,0.01808780878412175
|e_y|,m,RUNNING_MPC,0.011344656939993175
|e_y|,m,RUNNING_MPC,0.0004083183893789921
|e_y|,m,RUNNING_MPC,0.008774794757019866
|e_y|,m,RUNNING_MPC,0.012460506429941204
|e_y|,m,RUNNING_MPC,0.023769396247506194
|e_y|,m,RUNNING_MPC,0.024743637715997583
|e_y|,m,RUNNING_MPC,0.023301142296967753
|e_y|,m,RUNNING_MPC,0.01724628683588908
|e_y|,m,RUNNING_MPC,0.011009063008372899
|e_y|,m,RUNNING_MPC,8.252800139025435e-05
|e_y|,m,RUNNING_MPC,0.005722374657857132
|e_y|,m,RUNNING_MPC,0.01799638356329797
|e_y|,m,RUNNING_MPC,0.026068290025172525
|e_y|,m,RUNNING_MPC,0.029693625771616217
|e_y|,m,RUNNING_MPC,0.03304520401808435
|e_y|,m,RUNNING_MPC,0.03304725600235825
|e_y|,m,RUNNING_MPC,0.02883841182529967
|e_y|,m,RUNNING_MPC,0.02752866600075489
|e_y|,m,RUNNING_MPC,0.0147844185403129
|e_y|,m,RUNNING_MPC,8.752778501319725e-06
|e_y|,m,RUNNING_MPC,0.012366103056103472
|e_y|,m,RUNNING_MPC,0.01897816525410914
|e_y|,m,RUNNING_MPC,0.028914914513934797
|e_y|,m,RUNNING_MPC,0.03263556116159333
|e_y|,m,RUNNING_MPC,0.03356705280080887
|e_y|,m,RUNNING_MPC,0.0309121992962047
|e_y|,m,RUNNING_MPC,0.025263335903980333
|e_y|,m,RUNNING_MPC,0.01823552774593598
|e_y|,m,RUNNING_MPC,0.0042222049523144844
|e_y|,m,RUNNING_MPC,0.004078859626155368
|e_y|,m,RUNNING_MPC,0.018953766577374576
|e_y|,m,RUNNING_MPC,0.035760178323754804
|e_y|,m,RUNNING_MPC,0.046137994490726045
|e_y|,m,RUNNING_MPC,0.04981662043714297
|e_y|,m,RUNNING_MPC,0.04828745532600798
|e_y|,m,RUNNING_MPC,0.045443635661851806
|e_y|,m,RUNNING_MPC,0.02491399408516687
|e_y|,m,RUNNING_MPC,0.011986510982503668
|e_y|,m,RUNNING_MPC,0.0053113105899549595
|e_y|,m,RUNNING_MPC,0.003701652641733749
|e_y|,m,RUNNING_MPC,0.0013902594107077781
|e_y|,m,RUNNING_MPC,0.008359892493137566
|e_y|,m,RUNNING_MPC,0.020142638621450937
|e_y|,m,RUNNING_MPC,0.029879528453803372
|e_y|,m,RUNNING_MPC,0.03363303538797405
|e_y|,m,RUNNING_MPC,0.03107123976905371
|e_y|,m,RUNNING_MPC,0.026437334790593417
|e_y|,m,RUNNING_MPC,0.014608140159822092
|e_y|,m,RUNNING_MPC,0.0032602876936672076
|e_y|,m,RUNNING_MPC,0.017627166408920494
|e_y|,m,RUNNING_MPC,0.030249523946888277
|e_y|,m,RUNNING_MPC,0.03815255696501982
|e_y|,m,RUNNING_MPC,0.045286812294779655
|e_y|,m,RUNNING_MPC,0.04618330050740749
|e_y|,m,RUNNING_MPC,0.041689719722904056
|e_y|,m,RUNNING_MPC,0.03649072280162567
|e_y|,m,RUNNING_MPC,0.022180768136855766
|e_y|,m,RUNNING_MPC,0.013661596715512703
|e_y|,m,RUNNING_MPC,0.004025128302506287
|e_y|,m,RUNNING_MPC,0.019435353568680452
|e_y|,m,RUNNING_MPC,0.026666052668784412
|e_y|,m,RUNNING_MPC,0.03107718099351066
|e_y|,m,RUNNING_MPC,0.030428532032945738
|e_y|,m,RUNNING_MPC,0.02524025941355218
|e_y|,m,RUNNING_MPC,0.017212926810097673
|e_y|,m,RUNNING_MPC,0.0036050426080014852
|e_y|,m,RUNNING_MPC,0.010133439339077911
|e_y|,m,RUNNING_MPC,0.018000465628396745
|e_y|,m,RUNNING_MPC,0.02632262610565872
|e_y|,m,RUNNING_MPC,0.028490861982253386
|e_y|,m,RUNNING_MPC,0.029123442978461977
|e_y|,m,RUNNING_MPC,0.028706830847463116
|e_y|,m,RUNNING_MPC,0.025951602298421556
|e_y|,m,RUNNING_MPC,0.023349281480086276
|e_y|,m,RUNNING_MPC,0.0199245484286229
|e_y|,m,RUNNING_MPC,0.017073113407655955
|e_y|,m,RUNNING_MPC,0.012619105822746057
|e_y|,m,RUNNING_MPC,0.009324149493599887
|e_y|,m,RUNNING_MPC,0.0036189514010408486
|e_y|,m,RUNNING_MPC,0.01899025131522636
|e_y|,m,RUNNING_MPC,0.029110559031861744
|e_y|,m,RUNNING_MPC,0.03800797805188738
|e_y|,m,RUNNING_MPC,0.04972552315051798
|e_y|,m,RUNNING_MPC,0.05189906090985284
|e_y|,m,RUNNING_MPC,0.05650106359826068
|e_y|,m,RUNNING_MPC,0.059507652580418444
|e_y|,m,RUNNING_MPC,0.059509667224003915
|e_y|,m,RUNNING_MPC,0.05493904304360364
|e_y|,m,RUNNING_MPC,0.040771266863019795
|e_y|,m,RUNNING_MPC,0.026116783192093818
|e_y|,m,RUNNING_MPC,0.009783998098716579
|e_y|,m,RUNNING_MPC,0.004478870218073028
|e_y|,m,RUNNING_MPC,0.012023185820206006
|e_y|,m,RUNNING_MPC,0.029253168914749383
|e_y|,m,RUNNING_MPC,0.04410770474554837
|e_y|,m,RUNNING_MPC,0.060626726825981275
|e_y|,m,RUNNING_MPC,0.07945280617294911
|e_y|,m,RUNNING_MPC,0.09101407379015225
|e_y|,m,RUNNING_MPC,0.11720163348078572
|e_y|,m,RUNNING_MPC,0.1470225689673135
|e_y|,m,RUNNING_MPC,0.16603006351523286
|e_y|,m,RUNNING_MPC,0.19960057766592101
|e_y|,m,RUNNING_MPC,0.21651155973357428
|e_y|,m,RUNNING_MPC,0.2519908616211403
|e_y|,m,RUNNING_MPC,0.2701551382985648
|e_y|,m,RUNNING_MPC,0.3090906853708259
|e_y|,m,RUNNING_MPC,0.349137469453928
|e_y|,m,RUNNING_MPC,0.3741740845460083
|e_y|,m,RUNNING_MPC,0.40753935853436984
|e_y|,m,RUNNING_MPC,0.41812616911187084
|e_y|,m,RUNNING_MPC,0.44675399750531875
|e_y|,m,RUNNING_MPC,0.483178609461884
|e_y|,m,RUNNING_MPC,0.4951401252737062
|e_y|,m,RUNNING_MPC,0.5468679976995905
|e_y|,m,RUNNING_MPC,0.5921324835989333
|e_y|,m,RUNNING_MPC,0.6214608506145017
|e_y|,m,RUNNING_MPC,0.614557308012005
|e_y|,m,RUNNING_MPC,0.6033731628067714
|e_y|,m,RUNNING_MPC,0.5565158405437123
|e_y|,m,RUNNING_MPC,0.5092802281823166
|e_y|,m,RUNNING_MPC,0.4646263096122555
|e_y|,m,RUNNING_MPC,0.44612194696603
|e_y|,m,RUNNING_MPC,0.4314546332366441
|e_y|,m,RUNNING_MPC,0.4088795350478798
|e_y|,m,RUNNING_MPC,0.3904811812684943
|e_y|,m,RUNNING_MPC,0.36512736302610804
|e_y|,m,RUNNING_MPC,0.3495619307186797
|e_y|,m,RUNNING_MPC,0.3283195624726677
|e_y|,m,RUNNING_MPC,0.3149238917189112
|e_y|,m,RUNNING_MPC,0.3025173088160663
|e_y|,m,RUNNING_MPC,0.2996822665659614
|e_y|,m,RUNNING_MPC,0.3004145532134734
|e_y|,m,RUNNING_MPC,0.3119548324145177
|e_y|,m,RUNNING_MPC,0.3102144827645359
|e_y|,m,RUNNING_MPC,0.34459259772109974
|e_y|,m,RUNNING_MPC,0.3577791714932577
|e_y|,m,RUNNING_MPC,0.388736694230142
|e_y|,m,RUNNING_MPC,0.40346518067119225
|e_y|,m,RUNNING_MPC,0.44670399743521083
|e_y|,m,RUNNING_MPC,0.4877904843735198
|e_y|,m,RUNNING_MPC,0.5274347436567003
|e_y|,m,RUNNING_MPC,0.5876287321240634
|e_y|,m,RUNNING_MPC,0.6135528624025512
|e_y|,m,RUNNING_MPC,0.6686188392093215
|e_y|,m,RUNNING_MPC,0.6993013738506137
|e_y|,m,RUNNING_MPC,0.7226523067006314
|e_y|,m,RUNNING_MPC,0.7000441389409906
|e_y|,m,RUNNING_MPC,0.6771140623686774
|e_y|,m,RUNNING_MPC,0.6237683369450255
|e_y|,m,RUNNING_MPC,0.6057013359022745
|e_y|,m,RUNNING_MPC,0.5396141415751522
|e_y|,m,RUNNING_MPC,0.5022470996966155
|e_y|,m,RUNNING_MPC,0.4483544406760228
|e_y|,m,RUNNING_MPC,0.4142098742425286
|e_y|,m,RUNNING_MPC,0.4005867825351456
|e_y|,m,RUNNING_MPC,0.3731472886988963
|e_y|,m,RUNNING_MPC,0.32909362555768495
|e_y|,m,RUNNING_MPC,0.2929678468361154
|e_y|,m,RUNNING_MPC,0.2704772533289733
|e_y|,m,RUNNING_MPC,0.19626494346167003
|e_y|,m,RUNNING_MPC,0.08752220947312145
|e_y|,m,RUNNING_MPC,0.03696918596505402
|e_y|,m,RUNNING_MPC,0.019537449711732977
|e_y|,m,RUNNING_MPC,0.06533811980261166
|e_y|,m,RUNNING_MPC,0.09412013760145467
|e_y|,m,RUNNING_MPC,0.12688506149747236
|e_y|,m,RUNNING_MPC,0.14188923743231996
|e_y|,m,RUNNING_MPC,0.15337979559426948
|e_y|,m,RUNNING_MPC,0.16568079613651698
|e_y|,m,RUNNING_MPC,0.17450822403033361
|e_y|,m,RUNNING_MPC,0.17755854665571924
|e_y|,m,RUNNING_MPC,0.18597292472443605
|e_y|,m,RUNNING_MPC,0.19703694849294012
|e_y|,m,RUNNING_MPC,0.2009992010519862
|e_y|,m,RUNNING_MPC,0.22770959436300026
|e_y|,m,RUNNING_MPC,0.248098354082905
|e_y|,m,RUNNING_MPC,0.28449436878194745
|e_y|,m,RUNNING_MPC,0.3234021881254667
|e_y|,m,RUNNING_MPC,0.35787356158809247
|e_y|,m,RUNNING_MPC,0.42088945448779025
|e_y|,m,RUNNING_MPC,0.46405523017219064
|e_y|,m,RUNNING_MPC,0.5054142281285184
|e_y|,m,RUNNING_MPC,0.5415293754039199
|e_y|,m,RUNNING_MPC,0.5911845734684057
|e_y|,m,RUNNING_MPC,0.6135650642620252
|e_y|,m,RUNNING_MPC,0.624443972091952
|e_y|,m,RUNNING_MPC,0.6312993225819278
|e_y|,m,RUNNING_MPC,0.6309144983581075
|e_y|,m,RUNNING_MPC,0.6252648527260646
|e_y|,m,RUNNING_MPC,0.608016521124251
|e_y|,m,RUNNING_MPC,0.6053158618413849
|e_y|,m,RUNNING_MPC,0.5784201398662963
|e_y|,m,RUNNING_MPC,0.5632657537557946
|e_y|,m,RUNNING_MPC,0.5453747941734944
|e_y|,m,RUNNING_MPC,0.5265258922523881
|e_y|,m,RUNNING_MPC,0.517192748958492
|e_y|,m,RUNNING_MPC,0.5126240314940733
|e_y|,m,RUNNING_MPC,0.5104621796000031
|e_y|,m,RUNNING_MPC,0.5049327996102709
|e_y|,m,RUNNING_MPC,0.507905588413151
|e_y|,m,RUNNING_MPC,0.5262072986768522
|e_y|,m,RUNNING_MPC,0.5319893484295664
|e_y|,m,RUNNING_MPC,0.561362573311569
|e_y|,m,RUNNING_MPC,0.575927363006953
|e_y|,m,RUNNING_MPC,0.5907095178002759
|e_y|,m,RUNNING_MPC,0.60608581546471
|e_y|,m,RUNNING_MPC,0.6093796650984568
|e_y|,m,RUNNING_MPC,0.6167376133962291
|e_y|,m,RUNNING_MPC,0.61012131896917
|e_y|,m,RUNNING_MPC,0.6063170099529899
|e_y|,m,RUNNING_MPC,0.6075246592479135
|e_y|,m,RUNNING_MPC,0.606015033245368
|e_y|,m,RUNNING_MPC,0.5964197361801251
|e_y|,m,RUNNING_MPC,0.6026401798131837
|e_y|,m,RUNNING_MPC,0.6042740022991346
|e_y|,m,RUNNING_MPC,0.6011137451258214
|e_y|,m,RUNNING_MPC,0.5972056252410404
|e_y|,m,RUNNING_MPC,0.592709592033047
|e_y|,m,RUNNING_MPC,0.586280687042022
|e_y|,m,RUNNING_MPC,0.5684167951489205
|e_y|,m,RUNNING_MPC,0.5639572880179051
|e_y|,m,RUNNING_MPC,0.5629760346939229
|e_y|,m,RUNNING_MPC,0.560591122704535
|e_y|,m,RUNNING_MPC,0.563144743684878
|e_y|,m,RUNNING_MPC,0.5685784235112131
|e_y|,m,RUNNING_MPC,0.5708985634075878
|e_y|,m,RUNNING_MPC,0.5626414435513839
|e_y|,m,RUNNING_MPC,0.5578290801603966
|e_y|,m,RUNNING_MPC,0.5582428716055989
|e_y|,m,RUNNING_MPC,0.550967731829564
|e_y|,m,RUNNING_MPC,0.5450351230638402
|e_y|,m,RUNNING_MPC,0.5422355823636749
|e_y|,m,RUNNING_MPC,0.5353442761761265
|e_y|,m,RUNNING_MPC,0.5240045920287942
|e_y|,m,RUNNING_MPC,0.4996974917309454
|e_y|,m,RUNNING_MPC,0.48219951718408316
|e_y|,m,RUNNING_MPC,0.45703917735410426
|e_y|,m,RUNNING_MPC,0.4552012775662584
|e_y|,m,RUNNING_MPC,0.4314229918340401
|e_y|,m,RUNNING_MPC,0.41376389235612077
|e_y|,m,RUNNING_MPC,0.39837747536718093
|e_y|,m,RUNNING_MPC,0.3780374947901809
|e_y|,m,RUNNING_MPC,0.3567406768198163
|e_y|,m,RUNNING_MPC,0.33717328592234125
|e_y|,m,RUNNING_MPC,0.3139879281752053
|e_y|,m,RUNNING_MPC,0.28690968946457374
|e_y|,m,RUNNING_MPC,0.2519031404378917
|e_y|,m,RUNNING_MPC,0.2238278614334826
|e_y|,m,RUNNING_MPC,0.2042221143697012
|e_y|,m,RUNNING_MPC,0.17712185305074646
|e_y|,m,RUNNING_MPC,0.15425288693809494
|e_y|,m,RUNNING_MPC,0.13198095077319766
|e_y|,m,RUNNING_MPC,0.11332979592873674
|e_y|,m,RUNNING_MPC,0.09967986312301341
|e_y|,m,RUNNING_MPC,0.08812574167614426
|e_y|,m,RUNNING_MPC,0.06155521876621198
|e_y|,m,RUNNING_MPC,0.030115456277094513
|e_y|,m,RUNNING_MPC,0.011151964024940023
|e_y|,m,RUNNING_MPC,0.02497095048575837
|e_y|,m,RUNNING_MPC,0.0461331855962438
|e_y|,m,RUNNING_MPC,0.05822600581640591
|e_y|,m,RUNNING_MPC,0.06031748459734998
|e_y|,m,RUNNING_MPC,0.05819738898536933
|e_y|,m,RUNNING_MPC,0.046400119193661105
|e_y|,m,RUNNING_MPC,0.028503348719804145
|e_y|,m,RUNNING_MPC,0.01121605930457345
|e_y|,m,RUNNING_MPC,0.005678458944824279
|e_y|,m,RUNNING_MPC,0.015122449066893362
|e_y|,m,RUNNING_MPC,0.033666995279849336
|e_y|,m,RUNNING_MPC,0.047826760867230374
|e_y|,m,RUNNING_MPC,0.060998170182094386
|e_y|,m,RUNNING_MPC,0.07139468889964164
|e_y|,m,RUNNING_MPC,0.08099426462678871
|e_y|,m,RUNNING_MPC,0.09579549753888673
|e_y|,m,RUNNING_MPC,0.10605157174945282
|e_y|,m,RUNNING_MPC,0.11446085103654174
|e_y|,m,RUNNING_MPC,0.12029914490703399
|e_y|,m,RUNNING_MPC,0.12418742746758449
|e_y|,m,RUNNING_MPC,0.12763083950872306
|e_y|,m,RUNNING_MPC,0.12779486176947488
|e_y|,m,RUNNING_MPC,0.12306910629511611
|e_y|,m,RUNNING_MPC,0.11859218060252186
|e_y|,m,RUNNING_MPC,0.11840244831538715
|e_y|,m,RUNNING_MPC,0.12218410576307193
|e_y|,m,RUNNING_MPC,0.13338008142006624
|e_y|,m,RUNNING_MPC,0.14529038288197207
|e_y|,m,RUNNING_MPC,0.15263047434279797
|e_y|,m,RUNNING_MPC,0.1625334942192715
|e_y|,m,RUNNING_MPC,0.16582327155716808
|e_y|,m,RUNNING_MPC,0.16566281649184994
|e_y|,m,RUNNING_MPC,0.16641251867398876
|e_y|,m,RUNNING_MPC,0.16841443022991656
|e_y|,m,RUNNING_MPC,0.17279904998315204
|e_y|,m,RUNNING_MPC,0.17781894944280255
|e_y|,m,RUNNING_MPC,0.18547441603634596
|e_y|,m,RUNNING_MPC,0.18952308196215772
|e_y|,m,RUNNING_MPC,0.19434529115803478
|e_y|,m,RUNNING_MPC,0.20076826807947692
|e_y|,m,RUNNING_MPC,0.2154039984714072
|e_y|,m,RUNNING_MPC,0.23755786573390097
|e_y|,m,RUNNING_MPC,0.26149279119226404
|e_y|,m,RUNNING_MPC,0.2759189109343745
|e_y|,m,RUNNING_MPC,0.2956918032210359
|e_y|,m,RUNNING_MPC,0.30149089883442043
|e_y|,m,RUNNING_MPC,0.29764931801364886
|e_y|,m,RUNNING_MPC,0.29471041756978605
|e_y|,m,RUNNING_MPC,0.27855642860699753
|e_y|,m,RUNNING_MPC,0.2623141775434465
|e_y|,m,RUNNING_MPC,0.2544424438300107
|e_y|,m,RUNNING_MPC,0.2533945825048761
|e_y|,m,RUNNING_MPC,0.2621128648239025
|e_y|,m,RUNNING_MPC,0.275250799610226
|e_y|,m,RUNNING_MPC,0.2981502505978211
|e_y|,m,RUNNING_MPC,0.32180176806849553
|e_y|,m,RUNNING_MPC,0.336958989185211
|e_y|,m,RUNNING_MPC,0.3439033722739544
|e_y|,m,RUNNING_MPC,0.343483309183641
|e_y|,m,RUNNING_MPC,0.3330754058860213
|e_y|,m,RUNNING_MPC,0.3195159077684989
|e_y|,m,RUNNING_MPC,0.2993779616881958
|e_y|,m,RUNNING_MPC,0.27427626119002585
|e_y|,m,RUNNING_MPC,0.244038241196526
|e_y|,m,RUNNING_MPC,0.22847965636889483
|e_y|,m,RUNNING_MPC,0.2077570060425199
|e_y|,m,RUNNING_MPC,0.19166420368066195
|e_y|,m,RUNNING_MPC,0.18533470664888768
|e_y|,m,RUNNING_MPC,0.18823821941839183
|e_y|,m,RUNNING_MPC,0.19989890414437755
|e_y|,m,RUNNING_MPC,0.2106710370449466
|e_y|,m,RUNNING_MPC,0.21423736787732714
|e_y|,m,RUNNING_MPC,0.21074541066635977
|e_y|,m,RUNNING_MPC,0.19979059031952268
|e_y|,m,RUNNING_MPC,0.19603131307225669
|e_y|,m,RUNNING_MPC,0.17270626115676282
|e_y|,m,RUNNING_MPC,0.1610928495186817
|e_y|,m,RUNNING_MPC,0.1420448182759107
|e_y|,m,RUNNING_MPC,0.12936423494368746
|e_y|,m,RUNNING_MPC,0.11794798052411701
|e_y|,m,RUNNING_MPC,0.10968236437935228
|e_y|,m,RUNNING_MPC,0.1046980652998388
|e_y|,m,RUNNING_MPC,0.100578350669925
|e_y|,m,RUNNING_MPC,0.0979137133917428
|e_y|,m,RUNNING_MPC,0.09472331153546582
|e_y|,m,RUNNING_MPC,0.09109369910338377
|e_y|,m,RUNNING_MPC,0.08732260949989547
|e_y|,m,RUNNING_MPC,0.08053549184835583
|e_y|,m,RUNNING_MPC,0.07219198409751584
|e_y|,m,RUNNING_MPC,0.06285363940022215
|e_y|,m,RUNNING_MPC,0.05593404983161249
|e_y|,m,RUNNING_MPC,0.04895671884199155
|e_y|,m,RUNNING_MPC,0.03702140438759546
|e_y|,m,RUNNING_MPC,0.030801728253472355
|e_y|,m,RUNNING_MPC,0.026799271142801853
|e_y|,m,RUNNING_MPC,0.024524999816752074
|e_y|,m,RUNNING_MPC,0.02210260576864337
|e_y|,m,RUNNING_MPC,0.020882611368771373
|e_y|,m,RUNNING_MPC,0.018366829605582988
|e_y|,m,RUNNING_MPC,0.014958581678070959
|e_y|,m,RUNNING_MPC,0.011638442571297147
|e_y|,m,RUNNING_MPC,0.005116373764493573
|e_y|,m,RUNNING_MPC,0.00203409126192218
|e_y|,m,RUNNING_MPC,0.006365567540989544
|e_y|,m,RUNNING_MPC,0.01178622936504431
|e_y|,m,RUNNING_MPC,0.016130998761705942
|e_y|,m,RUNNING_MPC,0.01928706622279099
|e_y|,m,RUNNING_MPC,0.021844559349713487
|e_y|,m,RUNNING_MPC,0.022111243330698888
|e_y|,m,RUNNING_MPC,0.021071880667880745
|e_y|,m,RUNNING_MPC,0.018919423088134716
|e_y|,m,RUNNING_MPC,0.01639365154571476
|e_y|,m,RUNNING_MPC,0.011668193007696703
|e_y|,m,RUNNING_MPC,0.00783356917040022
|e_y|,m,RUNNING_MPC,0.002072820723720628
|e_y|,m,RUNNING_MPC,0.0022247366726470584
|e_y|,m,RUNNING_MPC,0.005210717869094883
|e_y|,m,RUNNING_MPC,0.006803537468306989
|e_y|,m,RUNNING_MPC,0.006852685673416851
|e_y|,m,RUNNING_MPC,0.0060490837356097366
|e_y|,m,RUNNING_MPC,0.0037777725624235214
|e_y|,m,RUNNING_MPC,0.0007079606352460716
|e_y|,m,RUNNING_MPC,0.0030284120731953884
|e_y|,m,RUNNING_MPC,0.005676134926798046
|e_y|,m,RUNNING_MPC,0.00836237916114612
|e_y|,m,RUNNING_MPC,0.010261972973941949
|e_y|,m,RUNNING_MPC,0.011452539101941786
|e_y|,m,RUNNING_MPC,0.01155834996591009
|e_y|,m,RUNNING_MPC,0.010080416202924658
|e_y|,m,RUNNING_MPC,0.008758037413078512
|e_y|,m,RUNNING_MPC,0.00387444453464021
|e_y|,m,RUNNING_MPC,6.032200666611365e-05
|e_y|,m,RUNNING_MPC,0.004212365733682458
|e_y|,m,RUNNING_MPC,0.007736335930465394
|e_y|,m,RUNNING_MPC,0.00932249672974006
|e_y|,m,RUNNING_MPC,0.009906428335309109
|e_y|,m,RUNNING_MPC,0.008931409105044245
|e_y|,m,RUNNING_MPC,0.006408856718798171
|e_y|,m,RUNNING_MPC,0.003032592171760065
|e_y|,m,RUNNING_MPC,0.00047230288503859186
|e_y|,m,RUNNING_MPC,0.004094466306860551
|e_y|,m,RUNNING_MPC,0.007658723015038248
|e_y|,m,RUNNING_MPC,0.009868264649248074
|e_y|,m,RUNNING_MPC,0.010610630871530479
|e_y|,m,RUNNING_MPC,0.010245849707858475
|e_y|,m,RUNNING_MPC,0.009584163051641462
|e_y|,m,RUNNING_MPC,0.0058307254305854025
|e_y|,m,RUNNING_MPC,0.0002484036439652365
|e_y|,m,RUNNING_MPC,0.004307129099724721
|e_y|,m,RUNNING_MPC,0.006840986433348503
|e_y|,m,RUNNING_MPC,0.009711765935209032
|e_y|,m,RUNNING_MPC,0.010760761721113978
|e_y|,m,RUNNING_MPC,0.01086039065618555
|e_y|,m,RUNNING_MPC,0.007575380209640398
|e_y|,m,RUNNING_MPC,0.0037314045768956083
|e_y|,m,RUNNING_MPC,0.0002496206584001216
|e_y|,m,RUNNING_MPC,0.005739993617017726
|e_y|,m,RUNNING_MPC,0.01005771661283076
|e_y|,m,RUNNING_MPC,0.013204652241560172
|e_y|,m,RUNNING_MPC,0.014936952662382083
|e_y|,m,RUNNING_MPC,0.015027017147688051
|e_y|,m,RUNNING_MPC,0.013086917675379006
|e_y|,m,RUNNING_MPC,0.010740039868034634
|e_y|,m,RUNNING_MPC,0.004216144575878239
|e_y|,m,RUNNING_MPC,0.0004036220798555139
|e_y|,m,RUNNING_MPC,0.0036863186534407677
|e_y|,m,RUNNING_MPC,0.00800650703652607
|e_y|,m,RUNNING_MPC,0.010137909824579627
|e_y|,m,RUNNING_MPC,0.010759542687136369
|e_y|,m,RUNNING_MPC,0.009686190775604918
|e_y|,m,RUNNING_MPC,0.00667902105572761
|e_y|,m,RUNNING_MPC,0.0015817009162414006
|e_y|,m,RUNNING_MPC,0.004239924179726712
|e_y|,m,RUNNING_MPC,0.008456606339786548
|e_y|,m,RUNNING_MPC,0.011475994311761717
|e_y|,m,RUNNING_MPC,0.01294652880278898
|e_y|,m,RUNNING_MPC,0.013035052369828062
|e_y|,m,RUNNING_MPC,0.010730003883093066
|e_y|,m,RUNNING_MPC,0.006663049495196929
|e_y|,m,RUNNING_MPC,0.0026683221607497034
|e_y|,m,RUNNING_MPC,0.01775634551447712
|e_y|,m,RUNNING_MPC,0.038479103936018846
|e_y|,m,RUNNING_MPC,0.055945249001439726
|e_y|,m,RUNNING_MPC,0.0828214315602717
|e_y|,m,RUNNING_MPC,0.10935193145606895
|e_y|,m,RUNNING_MPC,0.14266202858142227
|e_y|,m,RUNNING_MPC,0.16913023460292095
|e_y|,m,RUNNING_MPC,0.18963963597876587
|e_y|,m,RUNNING_MPC,0.20753163688238896
|e_y|,m,RUNNING_MPC,0.22308440024316673
|e_y|,m,RUNNING_MPC,0.23390692453793943
|e_y|,m,RUNNING_MPC,0.2454888110970274
|e_y|,m,RUNNING_MPC,0.2504188514794745
|e_y|,m,RUNNING_MPC,0.25608370128472946
|e_y|,m,RUNNING_MPC,0.2605830050111741
|e_y|,m,RUNNING_MPC,0.2625205754670093
|e_y|,m,RUNNING_MPC,0.267249583640484
|e_y|,m,RUNNING_MPC,0.27044021257306144
|e_y|,m,RUNNING_MPC,0.27051502581224174
|e_y|,m,RUNNING_MPC,0.27455764352641665
|e_y|,m,RUNNING_MPC,0.2791110222921929
|e_y|,m,RUNNING_MPC,0.2831342703617804
|e_y|,m,RUNNING_MPC,0.29537905202776715
|e_y|,m,RUNNING_MPC,0.31047412766872695
|e_y|,m,RUNNING_MPC,0.32779544114416925
|e_y|,m,RUNNING_MPC,0.3447660634991049
|e_y|,m,RUNNING_MPC,0.38339022313182175
|e_y|,m,RUNNING_MPC,0.4140875304388473
|e_y|,m,RUNNING_MPC,0.44199631046970167
|e_y|,m,RUNNING_MPC,0.48260022580180095
|e_y|,m,RUNNING_MPC,0.5150938807369995
|e_y|,m,RUNNING_MPC,0.5503278697092808
|e_y|,m,RUNNING_MPC,0.58125880551154
|e_y|,m,RUNNING_MPC,0.6130605300442631
|e_y|,m,RUNNING_MPC,0.6357926258202021
|e_y|,m,RUNNING_MPC,0.6468967093917332
|e_y|,m,RUNNING_MPC,0.6609299381053128
|e_y|,m,RUNNING_MPC,0.65980064126763
|e_y|,m,RUNNING_MPC,0.643428284100117
|e_y|,m,RUNNING_MPC,0.621956435498465
|e_y|,m,RUNNING_MPC,0.5896045549389387
|e_y|,m,RUNNING_MPC,0.5773009288326808
|e_y|,m,RUNNING_MPC,0.5290699145757715
|e_y|,m,RUNNING_MPC,0.4880989729593904
|e_y|,m,RUNNING_MPC,0.4521693321629605
|e_y|,m,RUNNING_MPC,0.42726666868583396
|e_y|,m,RUNNING_MPC,0.40740831349660306
|e_y|,m,RUNNING_MPC,0.3965092103138889
|e_y|,m,RUNNING_MPC,0.39005868167711155
|e_y|,m,RUNNING_MPC,0.3861565272406049
|e_y|,m,RUNNING_MPC,0.3859704585955132
|e_y|,m,RUNNING_MPC,0.389726541747148
|e_y|,m,RUNNING_MPC,0.3947859111166606
|e_y|,m,RUNNING_MPC,0.39645894872180915
|e_y|,m,RUNNING_MPC,0.3934230202565368
|e_y|,m,RUNNING_MPC,0.38236697158450744
|e_y|,m,RUNNING_MPC,0.36885289935730736
|e_y|,m,RUNNING_MPC,0.32376574963568494
|e_y|,m,RUNNING_MPC,0.2775801435495272
|e_y|,m,RUNNING_MPC,0.2257257021644616
|e_y|,m,RUNNING_MPC,0.1751117912995509
|e_y|,m,RUNNING_MPC,0.13122734105031536
|e_y|,m,RUNNING_MPC,0.09779321787147693
|e_y|,m,RUNNING_MPC,0.08137426763893296
|e_y|,m,RUNNING_MPC,0.056774095445412745
|e_y|,m,RUNNING_MPC,0.0468832667852869
|e_y|,m,RUNNING_MPC,0.05973573286972733
|e_y|,m,RUNNING_MPC,0.1039559316644057
|e_y|,m,RUNNING_MPC,0.14706620213483615
|e_y|,m,RUNNING_MPC,0.16647734971878583
|e_y|,m,RUNNING_MPC,0.17368842888074554
|e_y|,m,RUNNING_MPC,0.1630042285567487
|e_y|,m,RUNNING_MPC,0.1419065580228775
|e_y|,m,RUNNING_MPC,0.11843711892781117
|e_y|,m,RUNNING_MPC,0.09918925727902829
|e_y|,m,RUNNING_MPC,0.06301666025696558
|e_y|,m,RUNNING_MPC,0.03555856947090616
|e_y|,m,RUNNING_MPC,0.02231101871747084
|e_y|,m,RUNNING_MPC,0.016815998314691348
|e_y|,m,RUNNING_MPC,0.018311724769388707
|e_y|,m,RUNNING_MPC,0.024814472645260766
|e_y|,m,RUNNING_MPC,0.029679946904858145
|e_y|,m,RUNNING_MPC,0.040535465681821
|e_y|,m,RUNNING_MPC,0.047953128520945576
|e_y|,m,RUNNING_MPC,0.05152198685514438
|e_y|,m,RUNNING_MPC,0.05197690048699021
|e_y|,m,RUNNING_MPC,0.050210604439413234
|e_y|,m,RUNNING_MPC,0.04403478659283992
|e_y|,m,RUNNING_MPC,0.03966985673973567
|e_y|,m,RUNNING_MPC,0.03660619584678265
|e_y|,m,RUNNING_MPC,0.03540053758837049
|e_y|,m,RUNNING_MPC,0.036719262980337654
|e_y|,m,RUNNING_MPC,0.039590395515687396
|e_y|,m,RUNNING_MPC,0.04165931747101931
|e_y|,m,RUNNING_MPC,0.045271970151645885
|e_y|,m,RUNNING_MPC,0.049582986961109715
|e_y|,m,RUNNING_MPC,0.05155958695079202
|e_y|,m,RUNNING_MPC,0.05228844802744348
|e_y|,m,RUNNING_MPC,0.05230132790137024
|e_y|,m,RUNNING_MPC,0.05232574356369323
|e_y|,m,RUNNING_MPC,0.05125008597922981
|e_y|,m,RUNNING_MPC,0.05130753438961111
|e_y|,m,RUNNING_MPC,0.05214052657658361
|e_y|,m,RUNNING_MPC,0.050854184508366276
|e_y|,m,RUNNING_MPC,0.04684028423589239
|e_y|,m,RUNNING_MPC,0.03595933759329952
|e_y|,m,RUNNING_MPC,0.027465518661345625
|e_y|,m,RUNNING_MPC,0.01667190842625621
|e_y|,m,RUNNING_MPC,0.00987492697716405
|e_y|,m,RUNNING_MPC,0.0099534051379596
|e_y|,m,RUNNING_MPC,0.019896166109210564
|e_y|,m,RUNNING_MPC,0.03939361114001509
|e_y|,m,RUNNING_MPC,0.049545101770075595
|e_y|,m,RUNNING_MPC,0.055308074687955115
|e_y|,m,RUNNING_MPC,0.05349583941210338
|e_y|,m,RUNNING_MPC,0.048209178626520126
|e_y|,m,RUNNING_MPC,0.03918073387991113
|e_y|,m,RUNNING_MPC,0.033549296453868775
|e_y|,m,RUNNING_MPC,0.02314337399717916
|e_y|,m,RUNNING_MPC,0.015339682360058823
|e_y|,m,RUNNING_MPC,0.010076070698729789
|e_y|,m,RUNNING_MPC,0.006753867334476707
|e_y|,m,RUNNING_MPC,0.005537211321729227
|e_y|,m,RUNNING_MPC,0.005523878798731542
|e_y|,m,RUNNING_MPC,0.007266844078670953
|e_y|,m,RUNNING_MPC,0.009263456076051377
|e_y|,m,RUNNING_MPC,0.010893606288002705
|e_y|,m,RUNNING_MPC,0.011901556823236688
|e_y|,m,RUNNING_MPC,0.012866085977691719
|e_y|,m,RUNNING_MPC,0.012038122385025482
|e_y|,m,RUNNING_MPC,0.009973799376753766
|e_y|,m,RUNNING_MPC,0.008298656889052205
|e_y|,m,RUNNING_MPC,0.00486416631018886
|e_y|,m,RUNNING_MPC,0.000430081963686213
|e_y|,m,RUNNING_MPC,0.0027600488162140002
|e_y|,m,RUNNING_MPC,0.006704933264262275
|e_y|,m,RUNNING_MPC,0.009194681869122916
|e_y|,m,RUNNING_MPC,0.01220085242299921
|e_y|,m,RUNNING_MPC,0.012906434742021522
|e_y|,m,RUNNING_MPC,0.014120906268426443
|e_y|,m,RUNNING_MPC,0.01288054539786962
|e_y|,m,RUNNING_MPC,0.01027586299924202
|e_y|,m,RUNNING_MPC,0.009426656461970884
|e_y|,m,RUNNING_MPC,0.013875737025349957
|e_y|,m,RUNNING_MPC,0.02190718704045165
|e_y|,m,RUNNING_MPC,0.03518098244908719
|e_y|,m,RUNNING_MPC,0.04987250442182792
|e_y|,m,RUNNING_MPC,0.058558610610090114
|e_y|,m,RUNNING_MPC,0.07738970357278693
|e_y|,m,RUNNING_MPC,0.09136945627914796
|e_y|,m,RUNNING_MPC,0.10375398072126908
|e_y|,m,RUNNING_MPC,0.1126805552357841
|e_y|,m,RUNNING_MPC,0.12191843114870524
|e_y|,m,RUNNING_MPC,0.12982089507525132
|e_y|,m,RUNNING_MPC,0.1365142153897959
|e_y|,m,RUNNING_MPC,0.14292523748963984
|e_y|,m,RUNNING_MPC,0.15830450778085817
|e_y|,m,RUNNING_MPC,0.1647089140787815
|e_y|,m,RUNNING_MPC,0.18246894331856114
|e_y|,m,RUNNING_MPC,0.1993135684825387
|e_y|,m,RUNNING_MPC,0.21214956567761062
|e_y|,m,RUNNING_MPC,0.22458255046653003
|e_y|,m,RUNNING_MPC,0.24704254517922244
|e_y|,m,RUNNING_MPC,0.2599077277304114
|e_y|,m,RUNNING_MPC,0.27477494378946954
|e_y|,m,RUNNING_MPC,0.28520522829998873
|e_y|,m,RUNNING_MPC,0.3099537947655401
|e_y|,m,RUNNING_MPC,0.34315907706816795
|e_y|,m,RUNNING_MPC,0.38145920572499886
|e_y|,m,RUNNING_MPC,0.38774308167783633
|e_y|,m,RUNNING_MPC,0.3746976519803563
|e_y|,m,RUNNING_MPC,0.32741833244160723
|e_y|,m,RUNNING_MPC,0.2707386803012168
|e_y|,m,RUNNING_MPC,0.1806716227301613
|e_y|,m,RUNNING_MPC,0.1090607064980463
|e_y|,m,RUNNING_MPC,0.046609731342747984
|e_y|,m,RUNNING_MPC,0.01595371717423827
|e_y|,m,RUNNING_MPC,0.05460190231816886
|e_y|,m,RUNNING_MPC,0.09977679303490106
|e_y|,m,RUNNING_MPC,0.12480657434872641
|e_y|,m,RUNNING_MPC,0.15280107944027718
|e_y|,m,RUNNING_MPC,0.172576275045752
|e_y|,m,RUNNING_MPC,0.18079937516715486
|e_y|,m,RUNNING_MPC,0.1854242106427323
|e_y|,m,RUNNING_MPC,0.1839634812838582
|e_y|,m,RUNNING_MPC,0.18197753318180573
|e_y|,m,RUNNING_MPC,0.18229662369324812
|e_y|,m,RUNNING_MPC,0.18751019102532135
|e_y|,m,RUNNING_MPC,0.20368602123465995
|e_y|,m,RUNNING_MPC,0.21603997762692745
|e_y|,m,RUNNING_MPC,0.25854845819000066
|e_y|,m,RUNNING_MPC,0.2920237970021779
|e_y|,m,RUNNING_MPC,0.31860803558311135
|e_y|,m,RUNNING_MPC,0.3804053126569706
|e_y|,m,RUNNING_MPC,0.44078714365159355
|e_y|,m,RUNNING_MPC,0.479218700824687
|e_y|,m,RUNNING_MPC,0.5547114852686296
|e_y|,m,RUNNING_MPC,0.6189534081220744
|e_y|,m,RUNNING_MPC,0.6628462019092415
|e_y|,m,RUNNING_MPC,0.6923784350024825
|e_y|,m,RUNNING_MPC,0.6995754373722191
|e_y|,m,RUNNING_MPC,0.6896212429733595
|e_y|,m,RUNNING_MPC,0.6581929989863877
|e_y|,m,RUNNING_MPC,0.593723370589482
|e_y|,m,RUNNING_MPC,0.5233408994358952
|e_y|,m,RUNNING_MPC,0.4965481352897625
|e_y|,m,RUNNING_MPC,0.39885700986054484
|e_y|,m,RUNNING_MPC,0.33193094105853876
|e_y|,m,RUNNING_MPC,0.29723424056642045
|e_y|,m,RUNNING_MPC,0.23698363843114267
|e_y|,m,RUNNING_MPC,0.19796428197200916
|e_y|,m,RUNNING_MPC,0.17803200064352925
|e_y|,m,RUNNING_MPC,0.1483652964195329
|e_y|,m,RUNNING_MPC,0.13635812643939557
|e_y|,m,RUNNING_MPC,0.12554547762526452
|e_y|,m,RUNNING_MPC,0.11442321849735054
|e_y|,m,RUNNING_MPC,0.09725301942219741
|e_y|,m,RUNNING_MPC,0.06831201440709134
|e_y|,m,RUNNING_MPC,0.031891617240707826
|e_y|,m,RUNNING_MPC,0.01536429646602274
|e_y|,m,RUNNING_MPC,0.03694048865612562
|e_y|,m,RUNNING_MPC,0.06858550610034123
|e_y|,m,RUNNING_MPC,0.09805089522214974
|e_y|,m,RUNNING_MPC,0.11036588766595887
|e_y|,m,RUNNING_MPC,0.13175379936920786
|e_y|,m,RUNNING_MPC,0.14000175702601567
|e_y|,m,RUNNING_MPC,0.15632822016333778
|e_y|,m,RUNNING_MPC,0.17695289180694992
|e_y|,m,RUNNING_MPC,0.18968327718042688
|e_y|,m,RUNNING_MPC,0.21025012549752717
|e_y|,m,RUNNING_MPC,0.23786017267678905
|e_y|,m,RUNNING_MPC,0.25410836498485345
|e_y|,m,RUNNING_MPC,0.2673099459633687
|e_y|,m,RUNNING_MPC,0.2732456043527786
|e_y|,m,RUNNING_MPC,0.2678197076451921
|e_y|,m,RUNNING_MPC,0.2551939954771107
|e_y|,m,RUNNING_MPC,0.24836021538582598
|e_y|,m,RUNNING_MPC,0.2302869222959076
|e_y|,m,RUNNING_MPC,0.22746038417201273
|e_y|,m,RUNNING_MPC,0.23030454037476417
|e_y|,m,RUNNING_MPC,0.23929773142044347
|e_y|,m,RUNNING_MPC,0.2542639903818607
|e_y|,m,RUNNING_MPC,0.2983483921040839
|e_y|,m,RUNNING_MPC,0.34565365365001255
|e_y|,m,RUNNING_MPC,0.38791891800691075
|e_y|,m,RUNNING_MPC,0.46111884889524146
|e_y|,m,RUNNING_MPC,0.5037172099761482
|e_y|,m,RUNNING_MPC,0.5699025009795035
|e_y|,m,RUNNING_MPC,0.6295319750359574
|e_y|,m,RUNNING_MPC,0.6647828513582111
|e_y|,m,RUNNING_MPC,0.7068263197188164
|e_y|,m,RUNNING_MPC,0.6974699096677519
|e_y|,m,RUNNING_MPC,0.6421558283207442
|e_y|,m,RUNNING_MPC,0.5298792737670325
|e_y|,m,RUNNING_MPC,0.38022251342044894
|e_y|,m,RUNNING_MPC,0.24523290150565302
|e_y|,m,RUNNING_MPC,0.0920280296384795
|e_y|,m,RUNNING_MPC,0.014069297158378069
|e_y|,m,RUNNING_MPC,0.1324127180802316
|e_y|,m,RUNNING_MPC,0.15803897483067958
|e_y|,m,RUNNING_MPC,0.1693784245838757
|e_y|,m,RUNNING_MPC,0.1600501776512217
|e_y|,m,RUNNING_MPC,0.1312119751884507
|e_y|,m,RUNNING_MPC,0.09515095457947803
|e_y|,m,RUNNING_MPC,0.07306905281550774
|e_y|,m,RUNNING_MPC,0.04097998397342359
|e_y|,m,RUNNING_MPC,0.01479803443301883
|e_y|,m,RUNNING_MPC,0.00551718462853007
|e_y|,m,RUNNING_MPC,0.007140948778781853
|e_y|,m,RUNNING_MPC,0.01823928665936471
|e_y|,m,RUNNING_MPC,0.044404090173248284
|e_y|,m,RUNNING_MPC,0.06693336726711396
|e_y|,m,RUNNING_MPC,0.09473785139553276
|e_y|,m,RUNNING_MPC,0.1278739572340648
|e_y|,m,RUNNING_MPC,0.14959927489907943
|e_y|,m,RUNNING_MPC,0.18155552078997703
|e_y|,m,RUNNING_MPC,0.21641154436529014
|e_y|,m,RUNNING_MPC,0.24515439023156113
|e_y|,m,RUNNING_MPC,0.2752375735546644
|e_y|,m,RUNNING_MPC,0.32477459451910234
|e_y|,m,RUNNING_MPC,0.35889461751821894
|e_y|,m,RUNNING_MPC,0.3816571107211956
|e_y|,m,RUNNING_MPC,0.3946037554124021
|e_y|,m,RUNNING_MPC,0.3784178173120183
|e_y|,m,RUNNING_MPC,0.34795172420152687
|e_y|,m,RUNNING_MPC,0.2951503154152929
|e_y|,m,RUNNING_MPC,0.2565712532181192
|e_y|,m,RUNNING_MPC,0.22663723362534446
|e_y|,m,RUNNING_MPC,0.20266479030466583
|e_y|,m,RUNNING_MPC,0.19696602519997197
|e_y|,m,RUNNING_MPC,0.1958572141527989
|e_y|,m,RUNNING_MPC,0.2169151393650951
|e_y|,m,RUNNING_MPC,0.2324568380572911
|e_y|,m,RUNNING_MPC,0.2605925464835466
|e_y|,m,RUNNING_MPC,0.2732205876258048
|e_y|,m,RUNNING_MPC,0.28679394730969776
|e_y|,m,RUNNING_MPC,0.29086703058475843
|e_y|,m,RUNNING_MPC,0.30188531291141607
|e_y|,m,RUNNING_MPC,0.3042633599795505
|e_y|,m,RUNNING_MPC,0.3083614205858257
|e_y|,m,RUNNING_MPC,0.3035592814983606
|e_y|,m,RUNNING_MPC,0.2949787268598678
|e_y|,m,RUNNING_MPC,0.26965833524886973
|e_y|,m,RUNNING_MPC,0.23634391206154212
|e_y|,m,RUNNING_MPC,0.1960515916140299
|e_y|,m,RUNNING_MPC,0.15096907152409256
|e_y|,m,RUNNING_MPC,0.1299199828734614
|e_y|,m,RUNNING_MPC,0.10057630639009779
|e_y|,m,RUNNING_MPC,0.09540729404036172
|e_y|,m,RUNNING_MPC,0.10836199816204134
|e_y|,m,RUNNING_MPC,0.1295444442755747
|e_y|,m,RUNNING_MPC,0.14956591412263393
|e_y|,m,RUNNING_MPC,0.1577970096165833
|e_y|,m,RUNNING_MPC,0.15716276748422842
|e_y|,m,RUNNING_MPC,0.1465511034464321
|e_y|,m,RUNNING_MPC,0.11606103394396233
|e_y|,m,RUNNING_MPC,0.09535284708751296
|e_y|,m,RUNNING_MPC,0.058625895299228514
|e_y|,m,RUNNING_MPC,0.03529272073196105
|e_y|,m,RUNNING_MPC,0.02347150529127534
|e_y|,m,RUNNING_MPC,0.010446753052212043
|e_y|,m,RUNNING_MPC,0.00039592646668401565
|e_y|,m,RUNNING_MPC,0.01634947691706673
|e_y|,m,RUNNING_MPC,0.035328911367647764
|e_y|,m,RUNNING_MPC,0.052772108316525373
|e_y|,m,RUNNING_MPC,0.06834026277895425
|e_y|,m,RUNNING_MPC,0.08381148778275682
|e_y|,m,RUNNING_MPC,0.07990674690330021
|e_y|,m,RUNNING_MPC,0.07024219433624765
|e_y|,m,RUNNING_MPC,0.05518279024723449
|e_y|,m,RUNNING_MPC,0.04919639150748433
|e_y|,m,RUNNING_MPC,0.046695411918858676
|e_y|,m,RUNNING_MPC,0.04772489243964878
|e_y|,m,RUNNING_MPC,0.07078236319542158
|e_y|,m,RUNNING_MPC,0.11788166845982592
|e_y|,m,RUNNING_MPC,0.16539710503696417
|e_y|,m,RUNNING_MPC,0.22734865370332635
|e_y|,m,RUNNING_MPC,0.2785342403011717
|e_y|,m,RUNNING_MPC,0.30013106202979345
|e_y|,m,RUNNING_MPC,0.3057018354386677
|e_y|,m,RUNNING_MPC,0.2995840923890677
|e_y|,m,RUNNING_MPC,0.2619551558393561
|e_y|,m,RUNNING_MPC,0.20416014046517883
|e_y|,m,RUNNING_MPC,0.1473119305364161
|e_y|,m,RUNNING_MPC,0.0928049464516233
|e_y|,m,RUNNING_MPC,0.05226781922167889
|e_y|,m,RUNNING_MPC,0.006793942741095624
|e_y|,m,RUNNING_MPC,0.004898419364517126
|e_y|,m,RUNNING_MPC,0.04118995972781894
|e_y|,m,RUNNING_MPC,0.05800856575220711
|e_y|,m,RUNNING_MPC,0.07449816450779043
|e_y|,m,RUNNING_MPC,0.07599546937222708
|e_y|,m,RUNNING_MPC,0.06537292590503205
|e_y|,m,RUNNING_MPC,0.03645223976136469
|e_y|,m,RUNNING_MPC,0.013306492059790273
|e_y|,m,RUNNING_MPC,0.014883813572364457
|e_y|,m,RUNNING_MPC,0.025054914443834175
|e_y|,m,RUNNING_MPC,0.029352311786850493
|e_y|,m,RUNNING_MPC,0.02806667960435444
|e_y|,m,RUNNING_MPC,0.025405389284474666
|e_y|,m,RUNNING_MPC,0.020469763006862533
|e_y|,m,RUNNING_MPC,0.017014302553692517
|e_y|,m,RUNNING_MPC,0.012566267446763285
|e_y|,m,RUNNING_MPC,0.011200720241660925
|e_y|,m,RUNNING_MPC,0.007450162559638429
|e_y|,m,RUNNING_MPC,0.004912348110847967
|e_y|,m,RUNNING_MPC,0.0036354809410806543
|e_y|,m,RUNNING_MPC,0.0032156174491931727
|e_y|,m,RUNNING_MPC,0.004325615407944974
|e_y|,m,RUNNING_MPC,0.0063040548688493014
|e_y|,m,RUNNING_MPC,0.009300842707708284
|e_y|,m,RUNNING_MPC,0.011272740064433129
|e_y|,m,RUNNING_MPC,0.015239369803681901
|e_y|,m,RUNNING_MPC,0.01674202871370739
|e_y|,m,RUNNING_MPC,0.018185197794946477
|e_y|,m,RUNNING_MPC,0.01848754436915273
|e_y|,m,RUNNING_MPC,0.017116114200806165
|e_y|,m,RUNNING_MPC,0.014625280470864657
|e_y|,m,RUNNING_MPC,0.011562599869080259
|e_y|,m,RUNNING_MPC,0.0072355247850458895
|e_y|,m,RUNNING_MPC,0.004396707065039335
|e_y|,m,RUNNING_MPC,0.0021621253658584694
|e_y|,m,RUNNING_MPC,0.0007710481108410628
|e_y|,m,RUNNING_MPC,0.0011415565417702
|e_y|,m,RUNNING_MPC,0.002915132119819447
|e_y|,m,RUNNING_MPC,0.004997657916275856
|e_y|,m,RUNNING_MPC,0.008689354809143401
|e_y|,m,RUNNING_MPC,0.010155598066415028
|e_y|,m,RUNNING_MPC,0.01524962001784802
|e_y|,m,RUNNING_MPC,0.016383267429242787
|e_y|,m,RUNNING_MPC,0.016403809589154716
|e_y|,m,RUNNING_MPC,0.015025652650525356
|e_y|,m,RUNNING_MPC,0.013293520323605701
|e_y|,m,RUNNING_MPC,0.010828282487250098
|e_y|,m,RUNNING_MPC,0.00952686987146667
|e_y|,m,RUNNING_MPC,0.0081638249358425
|e_y|,m,RUNNING_MPC,0.008000375554093199
|e_y|,m,RUNNING_MPC,0.008152617398657469
|e_y|,m,RUNNING_MPC,0.00843522139370495
|e_y|,m,RUNNING_MPC,0.009047955575515715
|e_y|,m,RUNNING_MPC,0.00968413903768095
|e_y|,m,RUNNING_MPC,0.009401359334418574
|e_y|,m,RUNNING_MPC,0.00855750310243969
|e_y|,m,RUNNING_MPC,0.008358994686763155
|e_y|,m,RUNNING_MPC,0.008475057087812224
|e_y|,m,RUNNING_MPC,0.008602182493735705
|e_y|,m,RUNNING_MPC,0.008553928829118596
|e_y|,m,RUNNING_MPC,0.00781864786510654
|e_y|,m,RUNNING_MPC,0.0071890984288081605
|e_y|,m,RUNNING_MPC,0.006051970518653749
|e_y|,m,RUNNING_MPC,0.004869340864232741
|e_y|,m,RUNNING_MPC,0.004006980981983044
|e_y|,m,RUNNING_MPC,0.0036286732353061624
|e_y|,m,RUNNING_MPC,0.004318144483386993
|e_y|,m,RUNNING_MPC,0.005592177953674393
|e_y|,m,RUNNING_MPC,0.0054262806995787755
|e_y|,m,RUNNING_MPC,0.005652300140478433
|e_y|,m,RUNNING_MPC,0.0055261926205741885
|e_y|,m,RUNNING_MPC,0.005485430117709994
|e_y|,m,RUNNING_MPC,0.0052227455223041175
|e_y|,m,RUNNING_MPC,0.005235077357943707
|e_y|,m,RUNNING_MPC,0.005571666056303727
|e_y|,m,RUNNING_MPC,0.0057849190559642605
|e_y|,m,RUNNING_MPC,0.006746612682887898
|e_y|,m,RUNNING_MPC,0.007729594900962771
|e_y|,m,RUNNING_MPC,0.009078284412634918
|e_y|,m,RUNNING_MPC,0.009634173974054111
|e_y|,m,RUNNING_MPC,0.009670452577451
|e_y|,m,RUNNING_MPC,0.009420069641985551
|e_y|,m,RUNNING_MPC,0.009040424280159765
|e_y|,m,RUNNING_MPC,0.008521417724691477
|e_y|,m,RUNNING_MPC,0.007469886093434519
|e_y|,m,RUNNING_MPC,0.006687301252774274
|e_y|,m,RUNNING_MPC,0.006173747693899223
|e_y|,m,RUNNING_MPC,0.00622661640852562
|e_y|,m,RUNNING_MPC,0.006013249405115613
|e_y|,m,RUNNING_MPC,0.005840599094762866
|e_y|,m,RUNNING_MPC,0.005812909410903344
|e_y|,m,RUNNING_MPC,0.005838697455697733
|e_y|,m,RUNNING_MPC,0.00567061899268001
|e_y|,m,RUNNING_MPC,0.0054519471401708085
|e_y|,m,RUNNING_MPC,0.005808637615612261
|e_y|,m,RUNNING_MPC,0.006286263709501028
|e_y|,m,RUNNING_MPC,0.006869523127151611
|e_y|,m,RUNNING_MPC,0.007404750092279644
|e_y|,m,RUNNING_MPC,0.007757263869473646
|e_y|,m,RUNNING_MPC,0.007867877566886408
|e_y|,m,RUNNING_MPC,0.00792391650662888
|e_y|,m,RUNNING_MPC,0.007992895943277956
|e_y|,m,RUNNING_MPC,0.008458410257836474
|e_y|,m,RUNNING_MPC,0.008512129583806649
|e_y|,m,RUNNING_MPC,0.008374783724413734
|e_y|,m,RUNNING_MPC,0.00818760226289117
|e_y|,m,RUNNING_MPC,0.007899109875403487
|e_y|,m,RUNNING_MPC,0.007274658015426511
|e_y|,m,RUNNING_MPC,0.007194604726467574
|e_y|,m,RUNNING_MPC,0.007460695305309184
|e_y|,m,RUNNING_MPC,0.006518986351074757
|e_y|,m,RUNNING_MPC,0.005532838028304232
|e_y|,m,RUNNING_MPC,0.004750515710541012
|e_y|,m,RUNNING_MPC,0.005053477535904571
|e_y|,m,RUNNING_MPC,0.005847585321637039
|e_y|,m,RUNNING_MPC,0.006472410134386639
|e_y|,m,RUNNING_MPC,0.0077261206872628885
|e_y|,m,RUNNING_MPC,0.008383277230600894
|e_y|,m,RUNNING_MPC,0.008861382595085086
|e_y|,m,RUNNING_MPC,0.008477217430267747
|e_y|,m,RUNNING_MPC,0.007808414137612629
|e_y|,m,RUNNING_MPC,0.007234235943404527
|e_y|,m,RUNNING_MPC,0.00763072122281841
|e_y|,m,RUNNING_MPC,0.007121257715295148
|e_y|,m,RUNNING_MPC,0.0068961420138125284
|e_y|,m,RUNNING_MPC,0.006518994393631405
|e_y|,m,RUNNING_MPC,0.0063995311775026514
|e_y|,m,RUNNING_MPC,0.006528283132284263
|e_y|,m,RUNNING_MPC,0.006695385157167666
|e_y|,m,RUNNING_MPC,0.005684231317436009
|e_y|,m,RUNNING_MPC,0.005826105542350718
|e_y|,m,RUNNING_MPC,0.0053073737554589495
|e_y|,m,RUNNING_MPC,0.004714249646504517
|e_y|,m,RUNNING_MPC,0.0041059120697217455
|e_y|,m,RUNNING_MPC,0.0034625954277634485
|e_y|,m,RUNNING_MPC,0.0027366967538985792
|e_y|,m,RUNNING_MPC,0.0015197965264223123
|e_y|,m,RUNNING_MPC,0.0012727276555766776
|e_y|,m,RUNNING_MPC,0.0016977557433665302
|e_y|,m,RUNNING_MPC,0.0021689417701282188
|e_y|,m,RUNNING_MPC,0.0017705915683796005
|e_y|,m,RUNNING_MPC,0.002114198168341047
|e_y|,m,RUNNING_MPC,0.002681607390397245
|e_y|,m,RUNNING_MPC,0.002636379800078987
|e_y|,m,RUNNING_MPC,0.0027607882760616043
|e_y|,m,RUNNING_MPC,0.0031033027780723033
|e_y|,m,RUNNING_MPC,0.0034247018754201344
|e_y|,m,RUNNING_MPC,0.0038449019479777635
|e_y|,m,RUNNING_MPC,0.0033436988295543757
|e_y|,m,RUNNING_MPC,0.002769511665638602
|e_y|,m,RUNNING_MPC,0.0007038807968956506
|e_y|,m,RUNNING_MPC,0.0004216663168064849
|e_y|,m,RUNNING_MPC,0.0006539419628650012
|e_y|,m,RUNNING_MPC,0.002303968563166281
|e_y|,m,RUNNING_MPC,0.0035802243083380286
|e_y|,m,RUNNING_MPC,0.004102130551632166
|e_y|,m,RUNNING_MPC,0.004635210138946744
|e_y|,m,RUNNING_MPC,0.007148930668485862
|e_y|,m,RUNNING_MPC,0.006750103494796322
|e_y|,m,RUNNING_MPC,0.007504722641584749
|e_y|,m,RUNNING_MPC,0.0075573980931612494
|e_y|,m,RUNNING_MPC,0.009810830702555994
|e_y|,m,RUNNING_MPC,0.010456069105285307
|e_y|,m,RUNNING_MPC,0.009844961091216964
|e_y|,m,RUNNING_MPC,0.006426335147722784
|e_y|,m,RUNNING_MPC,0.004379237780051037
|e_y|,m,RUNNING_MPC,0.001491411903164097
|e_y|,m,RUNNING_MPC,0.002326081239506547
|e_y|,m,RUNNING_MPC,0.0004797567863407681
|e_y|,m,RUNNING_MPC,0.01569186448758908
|e_y|,m,RUNNING_MPC,0.030604505266812965
|e_y|,m,RUNNING_MPC,0.05973338924211401
|e_y|,m,RUNNING_MPC,0.07820529453183267
|e_y|,m,RUNNING_MPC,0.10230476821911694
|e_y|,m,RUNNING_MPC,0.11290927229844466
|e_y|,m,RUNNING_MPC,0.11536907805136878
|e_y|,m,RUNNING_MPC,0.11334050013519231
|e_y|,m,RUNNING_MPC,0.10488474852425597
|e_y|,m,RUNNING_MPC,0.09443222847512545
|e_y|,m,RUNNING_MPC,0.09003718587468379
|e_y|,m,RUNNING_MPC,0.08361353556256063
|e_y|,m,RUNNING_MPC,0.08365737684471135
|e_y|,m,RUNNING_MPC,0.08326622447478746
|e_y|,m,RUNNING_MPC,0.08817940314663233
|e_y|,m,RUNNING_MPC,0.09335392917882951
|e_y|,m,RUNNING_MPC,0.10739219751318052
|e_y|,m,RUNNING_MPC,0.11755528870465634
|e_y|,m,RUNNING_MPC,0.13374101392872248
|e_y|,m,RUNNING_MPC,0.14004412225510543
|e_y|,m,RUNNING_MPC,0.14451551710316546
|e_y|,m,RUNNING_MPC,0.1461869371082662
|e_y|,m,RUNNING_MPC,0.14478837599364275
|e_y|,m,RUNNING_MPC,0.13315263546525055
|e_y|,m,RUNNING_MPC,0.12418180207787065
|e_y|,m,RUNNING_MPC,0.11156430037999393
|e_y|,m,RUNNING_MPC,0.10521715417813685
|e_y|,m,RUNNING_MPC,0.11235359775011322
|e_y|,m,RUNNING_MPC,0.15792144743944286
|e_y|,m,RUNNING_MPC,0.20057636008905178
|e_y|,m,RUNNING_MPC,0.2657557138516707
|e_y|,m,RUNNING_MPC,0.29057288629865907
|e_y|,m,RUNNING_MPC,0.31347053288024956
|e_y|,m,RUNNING_MPC,0.30490576650850676
|e_y|,m,RUNNING_MPC,0.29078787985940524
|e_y|,m,RUNNING_MPC,0.25780701251684024
|e_y|,m,RUNNING_MPC,0.23672003552870435
|e_y|,m,RUNNING_MPC,0.2070515672620691
|e_y|,m,RUNNING_MPC,0.19192182168934394
|e_y|,m,RUNNING_MPC,0.17934221572479084
|e_y|,m,RUNNING_MPC,0.17195546011548563
|e_y|,m,RUNNING_MPC,0.17155366719444226
|e_y|,m,RUNNING_MPC,0.1871574322488198
|e_y|,m,RUNNING_MPC,0.20414399970991542
|e_y|,m,RUNNING_MPC,0.24415505590568218
|e_y|,m,RUNNING_MPC,0.26798579836449815
|e_y|,m,RUNNING_MPC,0.2836898733890124
|e_y|,m,RUNNING_MPC,0.31443084471199106
|e_y|,m,RUNNING_MPC,0.33609793162267454
|e_y|,m,RUNNING_MPC,0.352156025628287
|e_y|,m,RUNNING_MPC,0.35686427478356264
|e_y|,m,RUNNING_MPC,0.3547893671139369
|e_y|,m,RUNNING_MPC,0.35215062718237305
|e_y|,m,RUNNING_MPC,0.34927485947935955
|e_y|,m,RUNNING_MPC,0.3045549952340384
|e_y|,m,RUNNING_MPC,0.2734663469346104
|e_y|,m,RUNNING_MPC,0.23830646052416377
|e_y|,m,RUNNING_MPC,0.1917870623326341
|e_y|,m,RUNNING_MPC,0.16219274752870472
|e_y|,m,RUNNING_MPC,0.14900175826222883
|e_y|,m,RUNNING_MPC,0.13387622858535736
|e_y|,m,RUNNING_MPC,0.12713356406058812
|e_y|,m,RUNNING_MPC,0.12359290079740781
|e_y|,m,RUNNING_MPC,0.12170702846348896
|e_y|,m,RUNNING_MPC,0.12645661729603774
|e_y|,m,RUNNING_MPC,0.13739807993365
|e_y|,m,RUNNING_MPC,0.15708597058643925
|e_y|,m,RUNNING_MPC,0.1720255060908374
|e_y|,m,RUNNING_MPC,0.16555856356989207
|e_y|,m,RUNNING_MPC,0.13088756943748306
|e_y|,m,RUNNING_MPC,0.0946289585108728
|e_y|,m,RUNNING_MPC,0.0899871349484797
|e_y|,m,RUNNING_MPC,0.10973897960692186
|e_y|,m,RUNNING_MPC,0.1019050402554118
|e_y|,m,RUNNING_MPC,0.03950707612535487
|e_y|,m,RUNNING_MPC,0.02915861972314235
|e_y|,m,RUNNING_MPC,0.0821665265659117
|e_y|,m,RUNNING_MPC,0.10946868818708072
|e_y|,m,RUNNING_MPC,0.12149201928769046
|e_y|,m,RUNNING_MPC,0.11773286783303019
|e_y|,m,RUNNING_MPC,0.10227062939124643
|e_y|,m,RUNNING_MPC,0.08269951789916803
|e_y|,m,RUNNING_MPC,0.06103235195697043
|e_y|,m,RUNNING_MPC,0.041140074503866864
|e_y|,m,RUNNING_MPC,0.02518210069807897
|e_y|,m,RUNNING_MPC,0.0133502070460092
|e_y|,m,RUNNING_MPC,0.009793502128836062
|e_y|,m,RUNNING_MPC,0.014992679344788429
|e_y|,m,RUNNING_MPC,0.03898806905826141
|e_y|,m,RUNNING_MPC,0.06947649133385084
|e_y|,m,RUNNING_MPC,0.11042779249955692
|e_y|,m,RUNNING_MPC,0.1264303649042801
|e_y|,m,RUNNING_MPC,0.12474929735720795
|e_y|,m,RUNNING_MPC,0.11612757166142806
|e_y|,m,RUNNING_MPC,0.08344393702066183
|e_y|,m,RUNNING_MPC,0.0625356518692672
|e_y|,m,RUNNING_MPC,0.038021947845701676
|e_y|,m,RUNNING_MPC,0.022714227637704587
|e_y|,m,RUNNING_MPC,0.007625820612411405
|e_y|,m,RUNNING_MPC,0.004140210040211312
|e_y|,m,RUNNING_MPC,0.006362738841279109
|e_y|,m,RUNNING_MPC,0.010987516995931979
|e_y|,m,RUNNING_MPC,0.017323913094512422
|e_y|,m,RUNNING_MPC,0.023589462049552534
|e_y|,m,RUNNING_MPC,0.03516133633817792
|e_y|,m,RUNNING_MPC,0.045910452017060954
|e_y|,m,RUNNING_MPC,0.05552917405574492
|e_y|,m,RUNNING_MPC,0.05897426166076675
|e_y|,m,RUNNING_MPC,0.05866929492402195
|e_y|,m,RUNNING_MPC,0.05611309303430495
|e_y|,m,RUNNING_MPC,0.049117653776640596
|e_y|,m,RUNNING_MPC,0.037033716555819926
|e_y|,m,RUNNING_MPC,0.024816976448231665
|e_y|,m,RUNNING_MPC,0.013265597825415323
|e_y|,m,RUNNING_MPC,0.0096614295470977
|e_y|,m,RUNNING_MPC,0.01121824264173113
|e_y|,m,RUNNING_MPC,0.01590720720648109
|e_y|,m,RUNNING_MPC,0.022130649214925857
|e_y|,m,RUNNING_MPC,0.026727090541673743
|e_y|,m,RUNNING_MPC,0.030149643379228264
|e_y|,m,RUNNING_MPC,0.03260036240931938
|e_y|,m,RUNNING_MPC,0.03396734637447395
|e_y|,m,RUNNING_MPC,0.03412907683151556
|e_y|,m,RUNNING_MPC,0.032136024971028354
|e_y|,m,RUNNING_MPC,0.028399451912724027
|e_y|,m,RUNNING_MPC,0.02306728424532939
|e_y|,m,RUNNING_MPC,0.017853160074026014
|e_y|,m,RUNNING_MPC,0.012406608867060298
|e_y|,m,RUNNING_MPC,0.007272258363209938
|e_y|,m,RUNNING_MPC,0.0024874551257552113
|e_y|,m,RUNNING_MPC,0.0028347381766295476
|e_y|,m,RUNNING_MPC,0.007299811757204233
|e_y|,m,RUNNING_MPC,0.012663555390046044
|e_y|,m,RUNNING_MPC,0.016833564944233936
|e_y|,m,RUNNING_MPC,0.020718509733662516
|e_y|,m,RUNNING_MPC,0.03012735356110957
|e_y|,m,RUNNING_MPC,0.04327776850828552
|e_y|,m,RUNNING_MPC,0.05411583516355856
|e_y|,m,RUNNING_MPC,0.06549839979598551
|e_y|,m,RUNNING_MPC,0.07240836602758143
|e_y|,m,RUNNING_MPC,0.07345000409378155
|e_y|,m,RUNNING_MPC,0.06911701995548153
|e_y|,m,RUNNING_MPC,0.06327005089625659
|e_y|,m,RUNNING_MPC,0.05456737048493737
|e_y|,m,RUNNING_MPC,0.04784195092070387
|e_y|,m,RUNNING_MPC,0.04228211766752421
|e_y|,m,RUNNING_MPC,0.037956194845504804
|e_y|,m,RUNNING_MPC,0.03340285585572739
|e_y|,m,RUNNING_MPC,0.03113002067423115
|e_y|,m,RUNNING_MPC,0.029815156557252476
|e_y|,m,RUNNING_MPC,0.029341314397891116
|e_y|,m,RUNNING_MPC,0.029411581991885122
|e_y|,m,RUNNING_MPC,0.02958888799446202
|e_y|,m,RUNNING_MPC,0.030072851218165275
|e_y|,m,RUNNING_MPC,0.031212670058018754
|e_y|,m,RUNNING_MPC,0.031817690000554844
|e_y|,m,RUNNING_MPC,0.03251092383702947
|e_y|,m,RUNNING_MPC,0.033221271827388876
|e_y|,m,RUNNING_MPC,0.033284702979397174
|e_y|,m,RUNNING_MPC,0.03290084237205876
|e_y|,m,RUNNING_MPC,0.032327397401272384
|e_y|,m,RUNNING_MPC,0.0316619367117945
|e_y|,m,RUNNING_MPC,0.030065791729798147
|e_y|,m,RUNNING_MPC,0.028790424222474464
|e_y|,m,RUNNING_MPC,0.027172507768591925
|e_y|,m,RUNNING_MPC,0.025583688604533722
|e_y|,m,RUNNING_MPC,0.022560970959412955
|e_y|,m,RUNNING_MPC,0.01961218351522062
|e_y|,m,RUNNING_MPC,0.016454160427631204
|e_y|,m,RUNNING_MPC,0.013587955315241845
|e_y|,m,RUNNING_MPC,0.009527953550825238
|e_y|,m,RUNNING_MPC,0.005074558481718339
|e_y|,m,RUNNING_MPC,0.0013379678520908933
|e_y|,m,RUNNING_MPC,0.003820169906625648
|e_y|,m,RUNNING_MPC,0.00836612074686241
|e_y|,m,RUNNING_MPC,0.012676818802248468
|e_y|,m,RUNNING_MPC,0.021334201824540322
|e_y|,m,RUNNING_MPC,0.03292919535663706
|e_y|,m,RUNNING_MPC,0.05027224355900114
|e_y|,m,RUNNING_MPC,0.06222033468985011
|e_y|,m,RUNNING_MPC,0.07934592656368761
|e_y|,m,RUNNING_MPC,0.10769947314057454
|e_y|,m,RUNNING_MPC,0.12314251397444242
|e_y|,m,RUNNING_MPC,0.15321090281363672
|e_y|,m,RUNNING_MPC,0.17603111669601568
|e_y|,m,RUNNING_MPC,0.2081131801693085
|e_y|,m,RUNNING_MPC,0.22206248971688883
|e_y|,m,RUNNING_MPC,0.2524427282787915
|e_y|,m,RUNNING_MPC,0.2775911663735732
|e_y|,m,RUNNING_MPC,0.3135004126670698
|e_y|,m,RUNNING_MPC,0.3467189071485099
|e_y|,m,RUNNING_MPC,0.36422990679514117
|e_y|,m,RUNNING_MPC,0.38992384589316614
|e_y|,m,RUNNING_MPC,0.4349564186083387
|e_y|,m,RUNNING_MPC,0.4771488753961386
|e_y|,m,RUNNING_MPC,0.49844029400211604
|e_y|,m,RUNNING_MPC,0.5320418450898575
|e_y|,m,RUNNING_MPC,0.569931590761941
|e_y|,m,RUNNING_MPC,0.6159652488181124
|e_y|,m,RUNNING_MPC,0.6536452904392088
|e_y|,m,RUNNING_MPC,0.6747887875663052
|e_y|,m,RUNNING_MPC,0.6985929851797769
|e_y|,m,RUNNING_MPC,0.6968467345347216
|e_y|,m,RUNNING_MPC,0.6722450594066788
|e_y|,m,RUNNING_MPC,0.6343638619565043
|e_y|,m,RUNNING_MPC,0.5919539848382567
|e_y|,m,RUNNING_MPC,0.5622365873169995
|e_y|,m,RUNNING_MPC,0.5255030462191721
|e_y|,m,RUNNING_MPC,0.4825042970292081
|e_y|,m,RUNNING_MPC,0.44503043469762205
|e_y|,m,RUNNING_MPC,0.3763815770404111
|e_y|,m,RUNNING_MPC,0.3269838068595887
|e_y|,m,RUNNING_MPC,0.24179463483343444
|e_y|,m,RUNNING_MPC,0.18487135040909727
|e_y|,m,RUNNING_MPC,0.10274363120871977
|e_y|,m,RUNNING_MPC,0.0561752049602155
|e_y|,m,RUNNING_MPC,0.014988808595185955
|e_y|,m,RUNNING_MPC,0.035783165234911096
|e_y|,m,RUNNING_MPC,0.06425838526033796
|e_y|,m,RUNNING_MPC,0.09813077047140095
|e_y|,m,RUNNING_MPC,0.11964651409579158
|e_y|,m,RUNNING_MPC,0.14671616118743028
|e_y|,m,RUNNING_MPC,0.16759665526810047
|e_y|,m,RUNNING_MPC,0.19453352655429884
|e_y|,m,RUNNING_MPC,0.2038482884894073
|e_y|,m,RUNNING_MPC,0.2328701252764891
|e_y|,m,RUNNING_MPC,0.3071186643529388
|e_y|,m,RUNNING_MPC,0.32856294540337894
|e_y|,m,RUNNING_MPC,0.39035153634699393
|e_y|,m,RUNNING_MPC,0.44216501588951995
|e_y|,m,RUNNING_MPC,0.5337594757810347
|e_y|,m,RUNNING_MPC,0.575551707112163
|e_y|,m,RUNNING_MPC,0.5933353551168461
|e_y|,m,RUNNING_MPC,0.5982248433730102
|e_y|,m,RUNNING_MPC,0.5798610559186341
|e_y|,m,RUNNING_MPC,0.5452872537214007
|e_y|,m,RUNNING_MPC,0.4994219614594918
|e_y|,m,RUNNING_MPC,0.45539046963241114
|e_y|,m,RUNNING_MPC,0.3993867529145738
|e_y|,m,RUNNING_MPC,0.3611859593251971
|e_y|,m,RUNNING_MPC,0.3214693117998642
|e_y|,m,RUNNING_MPC,0.28769948193126416
|e_y|,m,RUNNING_MPC,0.2697180612313722
|e_y|,m,RUNNING_MPC,0.24563960560809478
|e_y|,m,RUNNING_MPC,0.2417197825602782
|e_y|,m,RUNNING_MPC,0.24716940482001265
|e_y|,m,RUNNING_MPC,0.2513111925248956
|e_y|,m,RUNNING_MPC,0.2566336814698249
|e_y|,m,RUNNING_MPC,0.26105720759323453
|e_y|,m,RUNNING_MPC,0.2717860556117773
|e_y|,m,RUNNING_MPC,0.26580008800503313
|e_y|,m,RUNNING_MPC,0.2624594611645328
|e_y|,m,RUNNING_MPC,0.23693915201676088
|e_y|,m,RUNNING_MPC,0.19570828642304725
|e_y|,m,RUNNING_MPC,0.158811172162657
|e_y|,m,RUNNING_MPC,0.10681401085996839
|e_y|,m,RUNNING_MPC,0.07794632893521908
|e_y|,m,RUNNING_MPC,0.05937917031949627
|e_y|,m,RUNNING_MPC,0.03553066895594886
|e_y|,m,RUNNING_MPC,0.023224224329794985
|e_y|,m,RUNNING_MPC,0.021089040287637584
|e_y|,m,RUNNING_MPC,0.020057562577109084
|e_y|,m,RUNNING_MPC,0.020985764648760896
|e_y|,m,RUNNING_MPC,0.026956559422321877
|e_y|,m,RUNNING_MPC,0.028311676685189607
|e_y|,m,RUNNING_MPC,0.03219191260881396
|e_y|,m,RUNNING_MPC,0.03513254763315532
|e_y|,m,RUNNING_MPC,0.044585341894867236
|e_y|,m,RUNNING_MPC,0.05255907636065965
|e_y|,m,RUNNING_MPC,0.0715525277239665
|e_y|,m,RUNNING_MPC,0.07585306967290015
|e_y|,m,RUNNING_MPC,0.09233296514319844
|e_y|,m,RUNNING_MPC,0.10581366201187806
|e_y|,m,RUNNING_MPC,0.11361351255260754
|e_y|,m,RUNNING_MPC,0.13087953819794973
|e_y|,m,RUNNING_MPC,0.1485725292912513
|e_y|,m,RUNNING_MPC,0.16135925870717505
|e_y|,m,RUNNING_MPC,0.16943091634532814
|e_y|,m,RUNNING_MPC,0.1739278421291247
|e_y|,m,RUNNING_MPC,0.1712790408499032
|e_y|,m,RUNNING_MPC,0.17247818294565354
|e_y|,m,RUNNING_MPC,0.1728495478547769
|e_y|,m,RUNNING_MPC,0.17248760623011955
|e_y|,m,RUNNING_MPC,0.1748124978054827
|e_y|,m,RUNNING_MPC,0.18179144974720268
|e_y|,m,RUNNING_MPC,0.1868952081251283
|e_y|,m,RUNNING_MPC,0.19411336012987568
|e_y|,m,RUNNING_MPC,0.19901658591977306
|e_y|,m,RUNNING_MPC,0.20128416859529033
|e_y|,m,RUNNING_MPC,0.21391296587588388
|e_y|,m,RUNNING_MPC,0.22153599603886767
|e_y|,m,RUNNING_MPC,0.23063884878539578
|e_y|,m,RUNNING_MPC,0.2466878696052631
|e_y|,m,RUNNING_MPC,0.25839738508785237
|e_y|,m,RUNNING_MPC,0.27056025409389595
|e_y|,m,RUNNING_MPC,0.292467965578411
|e_y|,m,RUNNING_MPC,0.30259613840257993
|e_y|,m,RUNNING_MPC,0.31502011273799874
|e_y|,m,RUNNING_MPC,0.31687528888981586
|e_y|,m,RUNNING_MPC,0.3159776885135871
|e_y|,m,RUNNING_MPC,0.3184075987507691
|e_y|,m,RUNNING_MPC,0.3165859645715585
|e_y|,m,RUNNING_MPC,0.31193579147005746
|e_y|,m,RUNNING_MPC,0.2861321524186162
|e_y|,m,RUNNING_MPC,0.25648533969316817
|e_y|,m,RUNNING_MPC,0.21706366756597145
|e_y|,m,RUNNING_MPC,0.17627742588644782
|e_y|,m,RUNNING_MPC,0.12762955866950731
|e_y|,m,RUNNING_MPC,0.0930923312887881
|e_y|,m,RUNNING_MPC,0.06480165180469621
|e_y|,m,RUNNING_MPC,0.047181848181540434
|e_y|,m,RUNNING_MPC,0.032189479580754354
|e_y|,m,RUNNING_MPC,0.021875231754144686
|e_y|,m,RUNNING_MPC,0.016768160387871676
|e_y|,m,RUNNING_MPC,0.008939255023199977
|e_y|,m,RUNNING_MPC,0.004899899362931143
|e_y|,m,RUNNING_MPC,0.0009795931776868105
|e_y|,m,RUNNING_MPC,0.0012599897046516803
|e_y|,m,RUNNING_MPC,0.0029770866767236948
|e_y|,m,RUNNING_MPC,0.011939950314876158
|e_y|,m,RUNNING_MPC,0.024799293573372114
|e_y|,m,RUNNING_MPC,0.04442905298601374
|e_y|,m,RUNNING_MPC,0.06913699554934116
|e_y|,m,RUNNING_MPC,0.08609232766167
|e_y|,m,RUNNING_MPC,0.10165050420515831
|e_y|,m,RUNNING_MPC,0.10654143255843912
|e_y|,m,RUNNING_MPC,0.10533087207408648
|e_y|,m,RUNNING_MPC,0.09737431523605022
|e_y|,m,RUNNING_MPC,0.0873095307997746
|e_y|,m,RUNNING_MPC,0.07635317177860193
|e_y|,m,RUNNING_MPC,0.0642378980460988
|e_y|,m,RUNNING_MPC,0.05303278175627246
|e_y|,m,RUNNING_MPC,0.041179230678117074
|e_y|,m,RUNNING_MPC,0.03345403907311359
|e_y|,m,RUNNING_MPC,0.02740745900947332
|e_y|,m,RUNNING_MPC,0.021149394036910983
|e_y|,m,RUNNING_MPC,0.016547255634769997
|e_y|,m,RUNNING_MPC,0.011661054970365847
|e_y|,m,RUNNING_MPC,0.007257603203857932
|e_y|,m,RUNNING_MPC,0.0058789511516972315
|e_y|,m,RUNNING_MPC,0.008027560756523215
|e_y|,m,RUNNING_MPC,0.012296668040223557
|e_y|,m,RUNNING_MPC,0.017147419760766947
|e_y|,m,RUNNING_MPC,0.021041434998919584
|e_y|,m,RUNNING_MPC,0.0237138487852063
|e_y|,m,RUNNING_MPC,0.025175982576195216
|e_y|,m,RUNNING_MPC,0.026340823916086983
|e_y|,m,RUNNING_MPC,0.029022691180415894
|e_y|,m,RUNNING_MPC,0.030822856324425107
|e_y|,m,RUNNING_MPC,0.032436139485466475
|e_y|,m,RUNNING_MPC,0.03231008102656718
|e_y|,m,RUNNING_MPC,0.03091135803215913
|e_y|,m,RUNNING_MPC,0.027086385928467932
|e_y|,m,RUNNING_MPC,0.02293671665004174
|e_y|,m,RUNNING_MPC,0.019393701796647247
|e_y|,m,RUNNING_MPC,0.01292018549594437
|e_y|,m,RUNNING_MPC,0.010041887696523089
|e_y|,m,RUNNING_MPC,0.008465334384654893
|e_y|,m,RUNNING_MPC,0.008273835192412649
|e_y|,m,RUNNING_MPC,0.008621840235930989
|e_y|,m,RUNNING_MPC,0.012237157162096002
|e_y|,m,RUNNING_MPC,0.015269183041413087
|e_y|,m,RUNNING_MPC,0.018078591153793344
|e_y|,m,RUNNING_MPC,0.023141447707837326
|e_y|,m,RUNNING_MPC,0.02714971054121687
|e_y|,m,RUNNING_MPC,0.03083259987496701
|e_y|,m,RUNNING_MPC,0.03255480532068722
|e_y|,m,RUNNING_MPC,0.03245916526285438
|e_y|,m,RUNNING_MPC,0.03033209399395429
|e_y|,m,RUNNING_MPC,0.027237624113696207
|e_y|,m,RUNNING_MPC,0.02345931811128482
|e_y|,m,RUNNING_MPC,0.018972270004033565
|e_y|,m,RUNNING_MPC,0.015916405143067247
|e_y|,m,RUNNING_MPC,0.013770743937834999
|e_y|,m,RUNNING_MPC,0.012694454304973235
|e_y|,m,RUNNING_MPC,0.013413926629178063
|e_y|,m,RUNNING_MPC,0.015214152032343553
|e_y|,m,RUNNING_MPC,0.0184339029313344
|e_y|,m,RUNNING_MPC,0.021373730315836892
|e_y|,m,RUNNING_MPC,0.024459418347066865
|e_y|,m,RUNNING_MPC,0.02733200195248811
|e_y|,m,RUNNING_MPC,0.0294720471825603
|e_y|,m,RUNNING_MPC,0.030244354356123826
|e_y|,m,RUNNING_MPC,0.031091441031997624
|e_y|,m,RUNNING_MPC,0.03218674010425013
|e_y|,m,RUNNING_MPC,0.03271327564563553
|e_y|,m,RUNNING_MPC,0.030782791843173007
|e_y|,m,RUNNING_MPC,0.028946493725442113
|e_y|,m,RUNNING_MPC,0.020344594047651432
|e_y|,m,RUNNING_MPC,0.018801160584023202
|e_y|,m,RUNNING_MPC,0.02311238983119692
|e_y|,m,RUNNING_MPC,0.027803112875635916
|e_y|,m,RUNNING_MPC,0.02126981302999109
|e_y|,m,RUNNING_MPC,0.006288661699263898
|e_y|,m,RUNNING_MPC,0.0033652642775302555
|e_y|,m,RUNNING_MPC,0.026432056300319397
|e_y|,m,RUNNING_MPC,0.04996194202940896
|e_y|,m,RUNNING_MPC,0.05741768390603677
|e_y|,m,RUNNING_MPC,0.054466074923037525
|e_y|,m,RUNNING_MPC,0.04753695274771286
|e_y|,m,RUNNING_MPC,0.03918270283307346
|e_y|,m,RUNNING_MPC,0.03057327538689527
|e_y|,m,RUNNING_MPC,0.020692487835122203
|e_y|,m,RUNNING_MPC,0.013930783724610526
|e_y|,m,RUNNING_MPC,0.009926189646509681
|e_y|,m,RUNNING_MPC,0.0059596539573759655
|e_y|,m,RUNNING_MPC,0.006110491051525158
|e_y|,m,RUNNING_MPC,0.009225302307056649
|e_y|,m,RUNNING_MPC,0.012038016956055803
|e_y|,m,RUNNING_MPC,0.013983856699044173
|e_y|,m,RUNNING_MPC,0.016575554335750364
|e_y|,m,RUNNING_MPC,0.01756696104413802
|e_y|,m,RUNNING_MPC,0.017140327066196004
|e_y|,m,RUNNING_MPC,0.015230951927037939
|e_y|,m,RUNNING_MPC,0.01318487078125527
|e_y|,m,RUNNING_MPC,0.008533966260117237
|e_y|,m,RUNNING_MPC,0.002140588458075271
|e_y|,m,RUNNING_MPC,0.004053550793336136
|e_y|,m,RUNNING_MPC,0.01303821978763775
|e_y|,m,RUNNING_MPC,0.018544324734667217
|e_y|,m,RUNNING_MPC,0.028260310258278715
|e_y|,m,RUNNING_MPC,0.0323398068470995
|e_y|,m,RUNNING_MPC,0.03879655185622011
|e_y|,m,RUNNING_MPC,0.041701299934796265
|e_y|,m,RUNNING_MPC,0.043133107372694435
|e_y|,m,RUNNING_MPC,0.043461946580006405
|e_y|,m,RUNNING_MPC,0.04234658288937648
|e_y|,m,RUNNING_MPC,0.04221028813326977
|e_y|,m,RUNNING_MPC,0.04528078461669216
|e_y|,m,RUNNING_MPC,0.04989508721562075
|e_y|,m,RUNNING_MPC,0.0542914998391536
|e_y|,m,RUNNING_MPC,0.061001777892156245
|e_y|,m,RUNNING_MPC,0.06510198988349042
|e_y|,m,RUNNING_MPC,0.07087009381264933
|e_y|,m,RUNNING_MPC,0.07529150070930019
|e_y|,m,RUNNING_MPC,0.07877731926370768
|e_y|,m,RUNNING_MPC,0.08525346300439546
|e_y|,m,RUNNING_MPC,0.08889206995146232
|e_y|,m,RUNNING_MPC,0.09669418661300423
|e_y|,m,RUNNING_MPC,0.10083608356843415
|e_y|,m,RUNNING_MPC,0.11094769722533118
|e_y|,m,RUNNING_MPC,0.12058933077193731
|e_y|,m,RUNNING_MPC,0.1307288319583768
|e_y|,m,RUNNING_MPC,0.142675496063237
|e_y|,m,RUNNING_MPC,0.15649157685726836
|e_y|,m,RUNNING_MPC,0.17067097622377983
|e_y|,m,RUNNING_MPC,0.18869378605524928
|e_y|,m,RUNNING_MPC,0.20446595392627637
|e_y|,m,RUNNING_MPC,0.22493947020454957
|e_y|,m,RUNNING_MPC,0.23930138446673516
|e_y|,m,RUNNING_MPC,0.2610481877996865
|e_y|,m,RUNNING_MPC,0.2874179316364083
|e_y|,m,RUNNING_MPC,0.29614220270421476
|e_y|,m,RUNNING_MPC,0.29832566429507446
|e_y|,m,RUNNING_MPC,0.2941965658036283
|e_y|,m,RUNNING_MPC,0.2672145027387516
|e_y|,m,RUNNING_MPC,0.24699155605899484
|e_y|,m,RUNNING_MPC,0.20876834704620598
|e_y|,m,RUNNING_MPC,0.18061953678097942
|e_y|,m,RUNNING_MPC,0.14536224051994104
|e_y|,m,RUNNING_MPC,0.10976943199193603
|e_y|,m,RUNNING_MPC,0.07671579632191111
|e_y|,m,RUNNING_MPC,0.05610900372543455
|e_y|,m,RUNNING_MPC,0.04330429482225526
|e_y|,m,RUNNING_MPC,0.03209434057279156
|e_y|,m,RUNNING_MPC,0.027933853418121504
|e_y|,m,RUNNING_MPC,0.022710101251548504
|e_y|,m,RUNNING_MPC,0.021739309092496942
|e_y|,m,RUNNING_MPC,0.019530154425009986
|e_y|,m,RUNNING_MPC,0.016315669323499774
|e_y|,m,RUNNING_MPC,0.011187469071346792
|e_y|,m,RUNNING_MPC,0.008537185628883948
|e_y|,m,RUNNING_MPC,0.005876430698067349
|e_y|,m,RUNNING_MPC,0.0035269894308861786
|e_y|,m,RUNNING_MPC,0.0012756195221009618
|e_y|,m,RUNNING_MPC,0.011371233230360836
|e_y|,m,RUNNING_MPC,0.025149100423373816
|e_y|,m,RUNNING_MPC,0.0366801486950252
|e_y|,m,RUNNING_MPC,0.059160186882176446
|e_y|,m,RUNNING_MPC,0.0801639464389017
|e_y|,m,RUNNING_MPC,0.09179633309055618
|e_y|,m,RUNNING_MPC,0.09639027182124416
|e_y|,m,RUNNING_MPC,0.09269524770388375
|e_y|,m,RUNNING_MPC,0.08347664857462124
|e_y|,m,RUNNING_MPC,0.06748415422137029
|e_y|,m,RUNNING_MPC,0.05020155965612805
|e_y|,m,RUNNING_MPC,0.03878689968459249
|e_y|,m,RUNNING_MPC,0.029206672391206404
|e_y|,m,RUNNING_MPC,0.026638604081914652
|e_y|,m,RUNNING_MPC,0.028216258646025505
|e_y|,m,RUNNING_MPC,0.03513710899710396
|e_y|,m,RUNNING_MPC,0.04196653099947523
|e_y|,m,RUNNING_MPC,0.05475347459516663
|e_y|,m,RUNNING_MPC,0.06475003255956127
|e_y|,m,RUNNING_MPC,0.07563309618322395
|e_y|,m,RUNNING_MPC,0.08770393199798773
|e_y|,m,RUNNING_MPC,0.10020534054428983
|e_y|,m,RUNNING_MPC,0.10599505239635514
|e_y|,m,RUNNING_MPC,0.10572694124270834
|e_y|,m,RUNNING_MPC,0.09095225588465225
|e_y|,m,RUNNING_MPC,0.06683796927292439
|e_y|,m,RUNNING_MPC,0.04988128234242571
|e_y|,m,RUNNING_MPC,0.04085578994444079
|e_y|,m,RUNNING_MPC,0.04783365048945577
|e_y|,m,RUNNING_MPC,0.05471254327900974
|e_y|,m,RUNNING_MPC,0.0890930042455238
|e_y|,m,RUNNING_MPC,0.1194593367959214
|e_y|,m,RUNNING_MPC,0.1482652118857158
|e_y|,m,RUNNING_MPC,0.1980706309195362
|e_y|,m,RUNNING_MPC,0.24714545093180942
|e_y|,m,RUNNING_MPC,0.27509114222343806
|e_y|,m,RUNNING_MPC,0.2878280214626727
|e_y|,m,RUNNING_MPC,0.2884855706081352
|e_y|,m,RUNNING_MPC,0.2575635501085849
|e_y|,m,RUNNING_MPC,0.21726098149001438
|e_y|,m,RUNNING_MPC,0.16445548551448638
|e_y|,m,RUNNING_MPC,0.09405377778302237
|e_y|,m,RUNNING_MPC,0.045084674538188124
|e_y|,m,RUNNING_MPC,0.007916139493934049
|e_y|,m,RUNNING_MPC,0.014273051275174198
|e_y|,m,RUNNING_MPC,0.017021902165617997
|e_y|,m,RUNNING_MPC,0.008868969670362548
|e_y|,m,RUNNING_MPC,0.007666154042041448
|e_y|,m,RUNNING_MPC,0.03045403134165456
|e_y|,m,RUNNING_MPC,0.0491569912636398
|e_y|,m,RUNNING_MPC,0.06707438524854276
|e_y|,m,RUNNING_MPC,0.07533426599940349
|e_y|,m,RUNNING_MPC,0.07822652101702256
|e_y|,m,RUNNING_MPC,0.07171220194804157
|e_y|,m,RUNNING_MPC,0.05712646981251371
|e_y|,m,RUNNING_MPC,0.037341208538066606
|e_y|,m,RUNNING_MPC,0.01578399869310977
|e_y|,m,RUNNING_MPC,0.0006735408374639595
|e_y|,m,RUNNING_MPC,0.01519786014415131
|e_y|,m,RUNNING_MPC,0.02416910688565137
|e_y|,m,RUNNING_MPC,0.02597423320397857
|e_y|,m,RUNNING_MPC,0.020727221217300223
|e_y|,m,RUNNING_MPC,0.015476519169298306
|e_y|,m,RUNNING_MPC,0.0007401961663254797
|e_y|,m,RUNNING_MPC,0.00688128774476382
|e_y|,m,RUNNING_MPC,0.016553647954046194
|e_y|,m,RUNNING_MPC,0.024341899977310816
|e_y|,m,RUNNING_MPC,0.027763659339924807
|e_y|,m,RUNNING_MPC,0.028049744313620707
|e_y|,m,RUNNING_MPC,0.02438558022724771
|e_y|,m,RUNNING_MPC,0.018035903476501525
|e_y|,m,RUNNING_MPC,0.009084653205749305
|e_y|,m,RUNNING_MPC,0.00493845314864891
|e_y|,m,RUNNING_MPC,0.015198932950212962
|e_y|,m,RUNNING_MPC,0.02446635497922406
|e_y|,m,RUNNING_MPC,0.03664297647013198
|e_y|,m,RUNNING_MPC,0.04273135893642263
|e_y|,m,RUNNING_MPC,0.046315838347578575
|e_y|,m,RUNNING_MPC,0.04992116231682758
|e_y|,m,RUNNING_MPC,0.05151442827024441
|e_y|,m,RUNNING_MPC,0.051632256939242005
|e_y|,m,RUNNING_MPC,0.050014605821442015
|e_y|,m,RUNNING_MPC,0.04760436014361355
|e_y|,m,RUNNING_MPC,0.04501463028466374
|e_y|,m,RUNNING_MPC,0.04299169681152004
|e_y|,m,RUNNING_MPC,0.041049342172000236
|e_y|,m,RUNNING_MPC,0.040308925217195826
|e_y|,m,RUNNING_MPC,0.039347581014553046
|e_y|,m,RUNNING_MPC,0.038391457925881424
|e_y|,m,RUNNING_MPC,0.03705376321335152
|e_y|,m,RUNNING_MPC,0.036393576289340146
|e_y|,m,RUNNING_MPC,0.03568639504555955
|e_y|,m,RUNNING_MPC,0.03436124582884244
|e_y|,m,RUNNING_MPC,0.03228886594581354
|e_y|,m,RUNNING_MPC,0.031493799354478436
|e_y|,m,RUNNING_MPC,0.031063900785042453
|e_y|,m,RUNNING_MPC,0.03295220148950809
|e_y|,m,RUNNING_MPC,0.03570847199232596
|e_y|,m,RUNNING_MPC,0.044138083692555896
|e_y|,m,RUNNING_MPC,0.051848796797114294
|e_y|,m,RUNNING_MPC,0.05968046295208462
|e_y|,m,RUNNING_MPC,0.0723590678398568
|e_y|,m,RUNNING_MPC,0.08398210510154164
|e_y|,m,RUNNING_MPC,0.09372643876637884
|e_y|,m,RUNNING_MPC,0.10494953415913491
|e_y|,m,RUNNING_MPC,0.1145647827090116
|e_y|,m,RUNNING_MPC,0.12354595776548602
|e_y|,m,RUNNING_MPC,0.13051172260116184
|e_y|,m,RUNNING_MPC,0.13812388562991892
|e_y|,m,RUNNING_MPC,0.14577612996487316
|e_y|,m,RUNNING_MPC,0.14824098616061548
|e_y|,m,RUNNING_MPC,0.1555614396966223
|e_y|,m,RUNNING_MPC,0.1682047515132464
|e_y|,m,RUNNING_MPC,0.17986893895136807
|e_y|,m,RUNNING_MPC,0.19170663089872847
|e_y|,m,RUNNING_MPC,0.20025538325178094
|e_y|,m,RUNNING_MPC,0.21068428260592986
|e_y|,m,RUNNING_MPC,0.214665304077141
|e_y|,m,RUNNING_MPC,0.22078010158210665
|e_y|,m,RUNNING_MPC,0.23191150907390598
|e_y|,m,RUNNING_MPC,0.24683314241208384
|e_y|,m,RUNNING_MPC,0.2580964754932506
|e_y|,m,RUNNING_MPC,0.2714938098525089
|e_y|,m,RUNNING_MPC,0.2773968349821936
|e_y|,m,RUNNING_MPC,0.293093178871334
|e_y|,m,RUNNING_MPC,0.31690345947440746
|e_y|,m,RUNNING_MPC,0.34166690886133605
|e_y|,m,RUNNING_MPC,0.35065283662416397
|e_y|,m,RUNNING_MPC,0.38737228070451574
|e_y|,m,RUNNING_MPC,0.398853869246913
|e_y|,m,RUNNING_MPC,0.4210901749124655
|e_y|,m,RUNNING_MPC,0.44664567738093863
|e_y|,m,RUNNING_MPC,0.4713114762798545
|e_y|,m,RUNNING_MPC,0.49498397075749323
|e_y|,m,RUNNING_MPC,0.5087278092922629
|e_y|,m,RUNNING_MPC,0.5135309789870947
|e_y|,m,RUNNING_MPC,0.5077984353113744
|e_y|,m,RUNNING_MPC,0.49519785816634265
|e_y|,m,RUNNING_MPC,0.4764954395946203
|e_y|,m,RUNNING_MPC,0.44928572870572564
|e_y|,m,RUNNING_MPC,0.41704772434992937
|e_y|,m,RUNNING_MPC,0.37655601744662837
|e_y|,m,RUNNING_MPC,0.3315746607711063
|e_y|,m,RUNNING_MPC,0.2834267704016153
|e_y|,m,RUNNING_MPC,0.2359815023439314
|e_y|,m,RUNNING_MPC,0.20122589601924007
|e_y|,m,RUNNING_MPC,0.1725933548068259
|e_y|,m,RUNNING_MPC,0.13652579302163548
|e_y|,m,RUNNING_MPC,0.12310821445152936
|e_y|,m,RUNNING_MPC,0.11649160413471124
|e_y|,m,RUNNING_MPC,0.10664057268878857
|e_y|,m,RUNNING_MPC,0.09125908524756188
|e_y|,m,RUNNING_MPC,0.07431782369603984
|e_y|,m,RUNNING_MPC,0.048683691823756294
|e_y|,m,RUNNING_MPC,0.01511613615107904
|e_y|,m,RUNNING_MPC,0.0032916127796448758
|e_y|,m,RUNNING_MPC,0.02067484600699973
|e_y|,m,RUNNING_MPC,0.026957536294215427
|e_y|,m,RUNNING_MPC,0.03207705466848805
|e_y|,m,RUNNING_MPC,0.029145463922365597
|e_y|,m,RUNNING_MPC,0.02432370855589369
|e_y|,m,RUNNING_MPC,0.015493013229608582
|e_y|,m,RUNNING_MPC,0.009789829770392264
|e_y|,m,RUNNING_MPC,0.0025155831268543483
|e_y|,m,RUNNING_MPC,0.0025155831268543483
|e_y|,m,RUNNING_MPC,0.003043058070213142
|e_y|,m,RUNNING_MPC,0.004035867955056824
|e_y|,m,RUNNING_MPC,0.0033285708016878544
|e_y|,m,RUNNING_MPC,0.0008292912496160841
|e_y|,m,RUNNING_MPC,0.00304772173233821
|e_y|,m,RUNNING_MPC,0.00801614615026109
|e_y|,m,RUNNING_MPC,0.01527707664575978
|e_y|,m,RUNNING_MPC,0.015443463818385683
|e_y|,m,RUNNING_MPC,0.024557116745626273
|e_y|,m,RUNNING_MPC,0.038519105369870965
|e_y|,m,RUNNING_MPC,0.05175903834658524
|e_y|,m,RUNNING_MPC,0.0696901170999743
|e_y|,m,RUNNING_MPC,0.08964140480683357
|e_y|,m,RUNNING_MPC,0.10137359015169256
|e_y|,m,RUNNING_MPC,0.1269391632488773
|e_y|,m,RUNNING_MPC,0.1536838007051806
|e_y|,m,RUNNING_MPC,0.16916619091403046
|e_y|,m,RUNNING_MPC,0.19083545484036885
|e_y|,m,RUNNING_MPC,0.20735856877124315
|e_y|,m,RUNNING_MPC,0.2313559482835265
|e_y|,m,RUNNING_MPC,0.2512327044143551
|e_y|,m,RUNNING_MPC,0.2738449384395401
|e_y|,m,RUNNING_MPC,0.2923554392194163
|e_y|,m,RUNNING_MPC,0.30928997449737594
|e_y|,m,RUNNING_MPC,0.32414386194794187
|e_y|,m,RUNNING_MPC,0.32081458051930556
|e_y|,m,RUNNING_MPC,0.34112360149679616
|e_y|,m,RUNNING_MPC,0.37472987912412103
|e_y|,m,RUNNING_MPC,0.42363311163001205
|e_y|,m,RUNNING_MPC,0.47062730858666835
|e_y|,m,RUNNING_MPC,0.5027801519009106
|e_y|,m,RUNNING_MPC,0.5106514339685446
|e_y|,m,RUNNING_MPC,0.5148900248768159
|e_y|,m,RUNNING_MPC,0.5196765853975521
|e_y|,m,RUNNING_MPC,0.5292606269321327
|e_y|,m,RUNNING_MPC,0.5211409401429957
|e_y|,m,RUNNING_MPC,0.525368173513256
|e_y|,m,RUNNING_MPC,0.5143452259124089
|e_y|,m,RUNNING_MPC,0.526655457897909
|e_y|,m,RUNNING_MPC,0.5273770084126557
|e_y|,m,RUNNING_MPC,0.5229104616876503
|e_y|,m,RUNNING_MPC,0.5088247240325855
|e_y|,m,RUNNING_MPC,0.5286068641239341
|e_y|,m,RUNNING_MPC,0.5285242208775227
|e_y|,m,RUNNING_MPC,0.5245793376965684
|e_y|,m,RUNNING_MPC,0.5174733515130936
|e_y|,m,RUNNING_MPC,0.5022686376822305
|e_y|,m,RUNNING_MPC,0.5088331431126586
|e_y|,m,RUNNING_MPC,0.5017212881477003
|e_y|,m,RUNNING_MPC,0.4895031438141516
|e_y|,m,RUNNING_MPC,0.47696099268871717
|e_y|,m,RUNNING_MPC,0.4528410963654285
|e_y|,m,RUNNING_MPC,0.42250457961512133
|e_y|,m,RUNNING_MPC,0.3961484522772084
|e_y|,m,RUNNING_MPC,0.3615789074841647
|e_y|,m,RUNNING_MPC,0.32615240669316337
|e_y|,m,RUNNING_MPC,0.30108615101472247
|e_y|,m,RUNNING_MPC,0.2761114736828613
|e_y|,m,RUNNING_MPC,0.23839052625137944
|e_y|,m,RUNNING_MPC,0.21185572795937596
|e_y|,m,RUNNING_MPC,0.18926328070686566
|e_y|,m,RUNNING_MPC,0.16223254082995742
|e_y|,m,RUNNING_MPC,0.14443800853887068
|e_y|,m,RUNNING_MPC,0.12097137860135676
|e_y|,m,RUNNING_MPC,0.10747394380418537
|e_y|,m,RUNNING_MPC,0.07088617009629579
|e_y|,m,RUNNING_MPC,0.03809762160188079
|e_y|,m,RUNNING_MPC,0.01863136082412485
|e_y|,m,RUNNING_MPC,0.0027828012474763186
|e_y|,m,RUNNING_MPC,0.0004351693086943331
|e_y|,m,RUNNING_MPC,0.0061200306260455195
|e_y|,m,RUNNING_MPC,0.021154531701516856
|e_y|,m,RUNNING_MPC,0.0406365695347007
|e_y|,m,RUNNING_MPC,0.05362704647204313
|e_y|,m,RUNNING_MPC,0.07467632846353392
|e_y|,m,RUNNING_MPC,0.09704508187317722
|e_y|,m,RUNNING_MPC,0.10775483644931558
|e_y|,m,RUNNING_MPC,0.11910651123148844
|e_y|,m,RUNNING_MPC,0.12181317050062485
|e_y|,m,RUNNING_MPC,0.11618865026256656
|e_y|,m,RUNNING_MPC,0.1105147748888163
|e_y|,m,RUNNING_MPC,0.10001509204538542
|e_y|,m,RUNNING_MPC,0.08330458314915812
|e_y|,m,RUNNING_MPC,0.06928124638601471
|e_y|,m,RUNNING_MPC,0.03227209442611148
|e_y|,m,RUNNING_MPC,0.006777102766217416
|e_y|,m,RUNNING_MPC,0.0034049952423093055
|e_y|,m,RUNNING_MPC,0.007375910051238263
|e_y|,m,RUNNING_MPC,0.00286909627138332
|e_y|,m,RUNNING_MPC,0.010322063964130258
|e_y|,m,RUNNING_MPC,0.021159821290199
|e_y|,m,RUNNING_MPC,0.041830014560086046
|e_y|,m,RUNNING_MPC,0.060741372109717764
|e_y|,m,RUNNING_MPC,0.07013330466388773
|e_y|,m,RUNNING_MPC,0.07132180240690983
|e_y|,m,RUNNING_MPC,0.06923980217158451
|e_y|,m,RUNNING_MPC,0.06378069867539628
|e_y|,m,RUNNING_MPC,0.04859052954777813
|e_y|,m,RUNNING_MPC,0.03890298735588553
|e_y|,m,RUNNING_MPC,0.03409256940660904
|e_y|,m,RUNNING_MPC,0.044310551223376314
|e_y|,m,RUNNING_MPC,0.061999364111763905
|e_y|,m,RUNNING_MPC,0.08877133515496978
|e_y|,m,RUNNING_MPC,0.12035586523246575
|e_y|,m,RUNNING_MPC,0.1746795178584657
|e_y|,m,RUNNING_MPC,0.21607058299853382
|e_y|,m,RUNNING_MPC,0.255053854720781
|e_y|,m,RUNNING_MPC,0.2964871576140545
|e_y|,m,RUNNING_MPC,0.3345443894946337
|e_y|,m,RUNNING_MPC,0.35892904638296796
|e_y|,m,RUNNING_MPC,0.3732583393110833
|e_y|,m,RUNNING_MPC,0.38459729120952535
|e_y|,m,RUNNING_MPC,0.3654230329402374
|e_y|,m,RUNNING_MPC,0.3230340949307218
|e_y|,m,RUNNING_MPC,0.26128817745605104
|e_y|,m,RUNNING_MPC,0.21271790735362184
|e_y|,m,RUNNING_MPC,0.15413847465581415
|e_y|,m,RUNNING_MPC,0.12326493928064454
|e_y|,m,RUNNING_MPC,0.09402295270359345
|e_y|,m,RUNNING_MPC,0.08409936447881866
|e_y|,m,RUNNING_MPC,0.08097707927601722
|e_y|,m,RUNNING_MPC,0.08427110223366874
|e_y|,m,RUNNING_MPC,0.09120661370130395
|e_y|,m,RUNNING_MPC,0.09177670805633026
|e_y|,m,RUNNING_MPC,0.09621121584958836
|e_y|,m,RUNNING_MPC,0.09442734058044033
|e_y|,m,RUNNING_MPC,0.0955279741211944
|e_y|,m,RUNNING_MPC,0.09622536788735264
|e_y|,m,RUNNING_MPC,0.08839656476754579
|e_y|,m,RUNNING_MPC,0.07557066060526718
|e_y|,m,RUNNING_MPC,0.05270349057731122
|e_y|,m,RUNNING_MPC,0.039642461437299326
|e_y|,m,RUNNING_MPC,0.02896670855655853
|e_y|,m,RUNNING_MPC,0.025487719335551107
|e_y|,m,RUNNING_MPC,0.025879562481732454
|e_y|,m,RUNNING_MPC,0.03065340980132436
|e_y|,m,RUNNING_MPC,0.03561508064695579
|e_y|,m,RUNNING_MPC,0.03937831810310627
|e_y|,m,RUNNING_MPC,0.04050460537400949
|e_y|,m,RUNNING_MPC,0.038566491004820125
|e_y|,m,RUNNING_MPC,0.03156566281244475
|e_y|,m,RUNNING_MPC,0.023443456788964534
|e_y|,m,RUNNING_MPC,0.01491726961724854
|e_y|,m,RUNNING_MPC,0.008330751132017325
|e_y|,m,RUNNING_MPC,0.0019435595032573083
|e_y|,m,RUNNING_MPC,0.005121437800285511
|e_y|,m,RUNNING_MPC,0.009826286335578555
|e_y|,m,RUNNING_MPC,0.011053382490021135
|e_y|,m,RUNNING_MPC,0.008863743906721455
|e_y|,m,RUNNING_MPC,0.0040612190942972415
|e_y|,m,RUNNING_MPC,0.002412776827274865
|e_y|,m,RUNNING_MPC,0.009107333526384927
|e_y|,m,RUNNING_MPC,0.015378316147869664
|e_y|,m,RUNNING_MPC,0.018506771683742762
|e_y|,m,RUNNING_MPC,0.0223921105306088
|e_y|,m,RUNNING_MPC,0.02360712141681101
|e_y|,m,RUNNING_MPC,0.021846874064634925
|e_y|,m,RUNNING_MPC,0.018139581290281703
|e_y|,m,RUNNING_MPC,0.013854562621984465
|e_y|,m,RUNNING_MPC,0.007446005318147764
|e_y|,m,RUNNING_MPC,0.0035913835036966435
|e_y|,m,RUNNING_MPC,0.00022788775623319019
|e_y|,m,RUNNING_MPC,0.002242123229486054
|e_y|,m,RUNNING_MPC,0.0024132026118747207
|e_y|,m,RUNNING_MPC,0.00019847998077887619
|e_y|,m,RUNNING_MPC,0.002948713290745142
|e_y|,m,RUNNING_MPC,0.008836980455292714
|e_y|,m,RUNNING_MPC,0.01269893304950448
|e_y|,m,RUNNING_MPC,0.015913356989352895
|e_y|,m,RUNNING_MPC,0.01715356533299721
|e_y|,m,RUNNING_MPC,0.017521658200398887
|e_y|,m,RUNNING_MPC,0.01778036924611842
|e_y|,m,RUNNING_MPC,0.01703967249425402
|e_y|,m,RUNNING_MPC,0.01409168702668856
|e_y|,m,RUNNING_MPC,0.010717705228696639
|e_y|,m,RUNNING_MPC,0.006412328587249494
|e_y|,m,RUNNING_MPC,0.004019900747315341
|e_y|,m,RUNNING_MPC,0.0011116846809113012
|e_y|,m,RUNNING_MPC,0.00062177098562477
|e_y|,m,RUNNING_MPC,0.00032938000138243995
|e_y|,m,RUNNING_MPC,0.001153785879442204
|e_y|,m,RUNNING_MPC,0.0031808478540273355
|e_y|,m,RUNNING_MPC,0.005417175589104645
|e_y|,m,RUNNING_MPC,0.007990508533390228
|e_y|,m,RUNNING_MPC,0.009910061091401589
|e_y|,m,RUNNING_MPC,0.01253457365011347
|e_y|,m,RUNNING_MPC,0.013546775521247029
|e_y|,m,RUNNING_MPC,0.012468299475140221
|e_y|,m,RUNNING_MPC,0.010431892107066854
|e_y|,m,RUNNING_MPC,0.009021006001197374
|e_y|,m,RUNNING_MPC,0.006167777483100045
|e_y|,m,RUNNING_MPC,0.002996461846584475
|e_y|,m,RUNNING_MPC,0.0013004616624529008
|e_y|,m,RUNNING_MPC,0.00045111413752245075
|e_y|,m,RUNNING_MPC,0.0005652281455548747
|e_y|,m,RUNNING_MPC,0.0022355373029623316
|e_y|,m,RUNNING_MPC,0.005057173623416011
|e_y|,m,RUNNING_MPC,0.007571645508877234
|e_y|,m,RUNNING_MPC,0.009823241196589783
|e_y|,m,RUNNING_MPC,0.010890856955347347
|e_y|,m,RUNNING_MPC,0.010969684139208846
|e_y|,m,RUNNING_MPC,0.010552650276477116
|e_y|,m,RUNNING_MPC,0.008430251012277845
|e_y|,m,RUNNING_MPC,0.00576628745639321
|e_y|,m,RUNNING_MPC,0.004417457948101423
|e_y|,m,RUNNING_MPC,0.003576506249063721
|e_y|,m,RUNNING_MPC,0.004060337436377487
|e_y|,m,RUNNING_MPC,0.0054270767519029595
|e_y|,m,RUNNING_MPC,0.007568310786781107
|e_y|,m,RUNNING_MPC,0.010561645813863929
|e_y|,m,RUNNING_MPC,0.012612457380936304
|e_y|,m,RUNNING_MPC,0.013820640367179615
|e_y|,m,RUNNING_MPC,0.013245339414732576
|e_y|,m,RUNNING_MPC,0.01095175997906922
|e_y|,m,RUNNING_MPC,0.008103873604885459
|e_y|,m,RUNNING_MPC,0.004570543418857468
|e_y|,m,RUNNING_MPC,0.0015801304645097214
|e_y|,m,RUNNING_MPC,0.0030605699477426473
|e_y|,m,RUNNING_MPC,0.012350433534514534
|e_y|,m,RUNNING_MPC,0.021860540738110557
|e_y|,m,RUNNING_MPC,0.026583220791665713
|e_y|,m,RUNNING_MPC,0.026159596662871445
|e_y|,m,RUNNING_MPC,0.018354341734885565
|e_y|,m,RUNNING_MPC,0.01064830817230817
|e_y|,m,RUNNING_MPC,0.0015659228385951074
|e_y|,m,RUNNING_MPC,0.008914538202289435
|e_y|,m,RUNNING_MPC,0.010711988227797786
|e_y|,m,RUNNING_MPC,0.007486488907476441
|e_y|,m,RUNNING_MPC,0.0003689072945757821
|e_y|,m,RUNNING_MPC,0.008950208848895469
|e_y|,m,RUNNING_MPC,0.014109462794570177
|e_y|,m,RUNNING_MPC,0.018275270949064365
|e_y|,m,RUNNING_MPC,0.019342665827800483
|e_y|,m,RUNNING_MPC,0.018519481219853653
|e_y|,m,RUNNING_MPC,0.015974978377838456
|e_y|,m,RUNNING_MPC,0.014695755012784528
|e_y|,m,RUNNING_MPC,0.010283053424453275
|e_y|,m,RUNNING_MPC,0.007622733823999056
|e_y|,m,RUNNING_MPC,0.006271095733814874
|e_y|,m,RUNNING_MPC,0.004950528701906761
|e_y|,m,RUNNING_MPC,0.00453977148692436
|e_y|,m,RUNNING_MPC,0.00442287870745714
|e_y|,m,RUNNING_MPC,0.005543820390976006
|e_y|,m,RUNNING_MPC,0.006997153032362438
|e_y|,m,RUNNING_MPC,0.00840290537349525
|e_y|,m,RUNNING_MPC,0.01140974171661556
|e_y|,m,RUNNING_MPC,0.012628838724173808
|e_y|,m,RUNNING_MPC,0.01311252542321062
|e_y|,m,RUNNING_MPC,0.012224993858720945
|e_y|,m,RUNNING_MPC,0.010871338200868857
|e_y|,m,RUNNING_MPC,0.006983890982062424
|e_y|,m,RUNNING_MPC,0.0030985796679931232
|e_y|,m,RUNNING_MPC,0.0008543940760072366
|e_y|,m,RUNNING_MPC,0.0005827141815837322
|e_y|,m,RUNNING_MPC,0.00010011171892490567
|e_y|,m,RUNNING_MPC,0.002963453021713844
|e_y|,m,RUNNING_MPC,0.007488742368045531
|e_y|,m,RUNNING_MPC,0.014733908312706545
|e_y|,m,RUNNING_MPC,0.01898057366139891
|e_y|,m,RUNNING_MPC,0.018978675677335105
|e_y|,m,RUNNING_MPC,0.013674218047764475
|e_y|,m,RUNNING_MPC,0.005817006271674252
|e_y|,m,RUNNING_MPC,0.0033712831136285537
|e_y|,m,RUNNING_MPC,0.01065255123567066
|e_y|,m,RUNNING_MPC,0.015736781119529197
|e_y|,m,RUNNING_MPC,0.024584782526894097
|e_y|,m,RUNNING_MPC,0.02985065591047925
|e_y|,m,RUNNING_MPC,0.036577208689694274
|e_y|,m,RUNNING_MPC,0.039094684660161305
|e_y|,m,RUNNING_MPC,0.035664801690599636
|e_y|,m,RUNNING_MPC,0.02194913446791269
|e_y|,m,RUNNING_MPC,0.006524561430398562
|e_y|,m,RUNNING_MPC,0.004857205800755049
|e_y|,m,RUNNING_MPC,0.016179745009690126
|e_y|,m,RUNNING_MPC,0.02023508474170438
|e_y|,m,RUNNING_MPC,0.02054888774564345
|e_y|,m,RUNNING_MPC,0.019552089533309613
|e_y|,m,RUNNING_MPC,0.017518301312766608
|e_y|,m,RUNNING_MPC,0.018764967764057117
|e_y|,m,RUNNING_MPC,0.02300167237639364
|e_y|,m,RUNNING_MPC,0.04060703140480909
|e_y|,m,RUNNING_MPC,0.06322094373656637
|e_y|,m,RUNNING_MPC,0.08583910045886389
|e_y|,m,RUNNING_MPC,0.11567900724733735
|e_y|,m,RUNNING_MPC,0.1346481231311425
|e_y|,m,RUNNING_MPC,0.16178200511043214
|e_y|,m,RUNNING_MPC,0.17996606020999034
|e_y|,m,RUNNING_MPC,0.19591442630635875
|e_y|,m,RUNNING_MPC,0.20342119320576219
|e_y|,m,RUNNING_MPC,0.20867957170790044
|e_y|,m,RUNNING_MPC,0.20613914578492737
|e_y|,m,RUNNING_MPC,0.20642855294395934
|e_y|,m,RUNNING_MPC,0.20717036959000018
|e_y|,m,RUNNING_MPC,0.20726797251442297
|e_y|,m,RUNNING_MPC,0.2185694402169235
|e_y|,m,RUNNING_MPC,0.2192643804083627
|e_y|,m,RUNNING_MPC,0.21703478206222798
|e_y|,m,RUNNING_MPC,0.2065744653584758
|e_y|,m,RUNNING_MPC,0.18222464796393217
|e_y|,m,RUNNING_MPC,0.1560181226937112
|e_y|,m,RUNNING_MPC,0.14478379590549045
|e_y|,m,RUNNING_MPC,0.13337663357254953
|e_y|,m,RUNNING_MPC,0.1378644935310893
|e_y|,m,RUNNING_MPC,0.14698154924465368
|e_y|,m,RUNNING_MPC,0.1624923588344547
|e_y|,m,RUNNING_MPC,0.16300987019901278
|e_y|,m,RUNNING_MPC,0.1659646789382067
|e_y|,m,RUNNING_MPC,0.16023948886142517
|e_y|,m,RUNNING_MPC,0.14967065513739686
|e_y|,m,RUNNING_MPC,0.13978973183205795
|e_y|,m,RUNNING_MPC,0.14168010438427117
|e_y|,m,RUNNING_MPC,0.15265456546857234
|e_y|,m,RUNNING_MPC,0.17035802664240657
|e_y|,m,RUNNING_MPC,0.18691920364445153
|e_y|,m,RUNNING_MPC,0.19702310319420727
|e_y|,m,RUNNING_MPC,0.23944968190567156
|e_y|,m,RUNNING_MPC,0.2772314770046423
|e_y|,m,RUNNING_MPC,0.30483632617392575
|e_y|,m,RUNNING_MPC,0.3378039288227872
|e_y|,m,RUNNING_MPC,0.3758310950985059
|e_y|,m,RUNNING_MPC,0.3858831225599091
|e_y|,m,RUNNING_MPC,0.43266675532967697
|e_y|,m,RUNNING_MPC,0.4553609410598283
|e_y|,m,RUNNING_MPC,0.47409290638701274
|e_y|,m,RUNNING_MPC,0.4681970379159661
|e_y|,m,RUNNING_MPC,0.4565539721111457
|e_y|,m,RUNNING_MPC,0.42129379018866087
|e_y|,m,RUNNING_MPC,0.381262197080363
|e_y|,m,RUNNING_MPC,0.33013383953343906
|e_y|,m,RUNNING_MPC,0.281529658056059
|e_y|,m,RUNNING_MPC,0.23712438387844426
|e_y|,m,RUNNING_MPC,0.22270887954772697
|e_y|,m,RUNNING_MPC,0.19223345420058602
|e_y|,m,RUNNING_MPC,0.18384267986405525
|e_y|,m,RUNNING_MPC,0.17915980680899482
|e_y|,m,RUNNING_MPC,0.19059978854116796
|e_y|,m,RUNNING_MPC,0.201275174248011
|e_y|,m,RUNNING_MPC,0.2099139743076528
|e_y|,m,RUNNING_MPC,0.20866740860251687
|e_y|,m,RUNNING_MPC,0.18668145617602622
|e_y|,m,RUNNING_MPC,0.16163107231165588
|e_y|,m,RUNNING_MPC,0.12794671927127751
|e_y|,m,RUNNING_MPC,0.06730165926226976
|e_y|,m,RUNNING_MPC,0.016609334755742753
|e_y|,m,RUNNING_MPC,0.028467217813574048
|e_y|,m,RUNNING_MPC,0.06401783782286857
|e_y|,m,RUNNING_MPC,0.08909815317471115
|e_y|,m,RUNNING_MPC,0.10603024431696545
|e_y|,m,RUNNING_MPC,0.11329084957720834
|e_y|,m,RUNNING_MPC,0.1154450416011338
|e_y|,m,RUNNING_MPC,0.11759440940574283
|e_y|,m,RUNNING_MPC,0.11641004274320338
|e_y|,m,RUNNING_MPC,0.113763891126928
|e_y|,m,RUNNING_MPC,0.11166620832480197
|e_y|,m,RUNNING_MPC,0.11863785267598832
|e_y|,m,RUNNING_MPC,0.12481241309399368
|e_y|,m,RUNNING_MPC,0.1352468435520097
|e_y|,m,RUNNING_MPC,0.16403501059191694
|e_y|,m,RUNNING_MPC,0.18118978181438244
|e_y|,m,RUNNING_MPC,0.20512024480222013
|e_y|,m,RUNNING_MPC,0.23913044198653394
|e_y|,m,RUNNING_MPC,0.2636622038609679
|e_y|,m,RUNNING_MPC,0.29718880618034116
|e_y|,m,RUNNING_MPC,0.30338281473521733
|e_y|,m,RUNNING_MPC,0.32815561141013816
|e_y|,m,RUNNING_MPC,0.3298089331999221
|e_y|,m,RUNNING_MPC,0.3295815531931094
|e_y|,m,RUNNING_MPC,0.32605110477524935
|e_y|,m,RUNNING_MPC,0.32022284739844054
|e_y|,m,RUNNING_MPC,0.3254406902259414
|e_y|,m,RUNNING_MPC,0.3185091119750398
|e_y|,m,RUNNING_MPC,0.31791691012120005
|e_y|,m,RUNNING_MPC,0.30175815290657165
|e_y|,m,RUNNING_MPC,0.2943171629181307
|e_y|,m,RUNNING_MPC,0.2925019409987509
|e_y|,m,RUNNING_MPC,0.2850444782980341
|e_y|,m,RUNNING_MPC,0.28312340370919303
|e_y|,m,RUNNING_MPC,0.276101000178802
|e_y|,m,RUNNING_MPC,0.27866850088879647
|e_y|,m,RUNNING_MPC,0.29238110254852334
|e_y|,m,RUNNING_MPC,0.30266819118954164
|e_y|,m,RUNNING_MPC,0.31086466145262487
|e_y|,m,RUNNING_MPC,0.3266557711160235
|e_y|,m,RUNNING_MPC,0.33945800860358105
|e_y|,m,RUNNING_MPC,0.3636717454284399
|e_y|,m,RUNNING_MPC,0.37440544718914204
|e_y|,m,RUNNING_MPC,0.3711732863317994
|e_y|,m,RUNNING_MPC,0.3729427831273911
|e_y|,m,RUNNING_MPC,0.3573701408970156
|e_y|,m,RUNNING_MPC,0.3468557635310866
|e_y|,m,RUNNING_MPC,0.32792399342340295
|e_y|,m,RUNNING_MPC,0.30770758267062537
|e_y|,m,RUNNING_MPC,0.3056019178184498
|e_y|,m,RUNNING_MPC,0.2965656798433127
|e_y|,m,RUNNING_MPC,0.2830565602964515
|e_y|,m,RUNNING_MPC,0.28500139953160625
|e_y|,m,RUNNING_MPC,0.2863531785250797
|e_y|,m,RUNNING_MPC,0.28394128665242385
|e_y|,m,RUNNING_MPC,0.2784590519827753
|e_y|,m,RUNNING_MPC,0.2870471963817431
|e_y|,m,RUNNING_MPC,0.290306287433559
|e_y|,m,RUNNING_MPC,0.29368180578651054
|e_y|,m,RUNNING_MPC,0.29836714605572684
|e_y|,m,RUNNING_MPC,0.3052041946194488
|e_y|,m,RUNNING_MPC,0.3156838663311112
|e_y|,m,RUNNING_MPC,0.3293554263400975
|e_y|,m,RUNNING_MPC,0.33115573048915226
|e_y|,m,RUNNING_MPC,0.33096749071628223
|e_y|,m,RUNNING_MPC,0.32486553030496657
|e_y|,m,RUNNING_MPC,0.31176141366240745
|e_y|,m,RUNNING_MPC,0.28936118990849324
|e_y|,m,RUNNING_MPC,0.28807857674230136
|e_y|,m,RUNNING_MPC,0.2818897813918948
|e_y|,m,RUNNING_MPC,0.2776115340011987
|e_y|,m,RUNNING_MPC,0.2762216190132786
|e_y|,m,RUNNING_MPC,0.2616531094229
|e_y|,m,RUNNING_MPC,0.257351028367657
|e_y|,m,RUNNING_MPC,0.24933038550307526
|e_y|,m,RUNNING_MPC,0.2350607980723905
|e_y|,m,RUNNING_MPC,0.2250483262136213
|e_y|,m,RUNNING_MPC,0.22326027447736568
|e_y|,m,RUNNING_MPC,0.21286087735150283
|e_y|,m,RUNNING_MPC,0.20690113047947764
|e_y|,m,RUNNING_MPC,0.19158910788642824
|e_y|,m,RUNNING_MPC,0.17572157782316672
|e_y|,m,RUNNING_MPC,0.15585091081292754
|e_y|,m,RUNNING_MPC,0.12828549260162517
|e_y|,m,RUNNING_MPC,0.11365151624948044
|e_y|,m,RUNNING_MPC,0.08331933798313346
|e_y|,m,RUNNING_MPC,0.06230599416185334
|e_y|,m,RUNNING_MPC,0.04639407022855273
|e_y|,m,RUNNING_MPC,0.031109498168400862
|e_y|,m,RUNNING_MPC,0.018586916664250414
|e_y|,m,RUNNING_MPC,0.014463167286859036
|e_y|,m,RUNNING_MPC,0.0033267601609048847
|e_y|,m,RUNNING_MPC,0.0012214915113888686
|e_y|,m,RUNNING_MPC,0.002232077888274314
|e_y|,m,RUNNING_MPC,0.006372376162817772
|e_y|,m,RUNNING_MPC,0.020245998651355068
|e_y|,m,RUNNING_MPC,0.03591170354793853
|e_y|,m,RUNNING_MPC,0.051350820930269214
|e_y|,m,RUNNING_MPC,0.06309840365036812
|e_y|,m,RUNNING_MPC,0.0687283518494618
|e_y|,m,RUNNING_MPC,0.07075870959309942
|e_y|,m,RUNNING_MPC,0.06251068639291835
|e_y|,m,RUNNING_MPC,0.055636026185393095
|e_y|,m,RUNNING_MPC,0.03949234389191031
|e_y|,m,RUNNING_MPC,0.027547884844890208
|e_y|,m,RUNNING_MPC,0.017499644785265715
|e_y|,m,RUNNING_MPC,0.012295499769103574
|e_y|,m,RUNNING_MPC,0.010270968577941374
|e_y|,m,RUNNING_MPC,0.009752623182109621
|e_y|,m,RUNNING_MPC,0.00905732880979726
|e_y|,m,RUNNING_MPC,0.006261441404077847
|e_y|,m,RUNNING_MPC,0.0029199192045705202
|e_y|,m,RUNNING_MPC,0.0012132418759230046
|e_y|,m,RUNNING_MPC,0.007770580747467351
|e_y|,m,RUNNING_MPC,0.012291004011752593
|e_y|,m,RUNNING_MPC,0.017539027119112427
|e_y|,m,RUNNING_MPC,0.02262450870130836
|e_y|,m,RUNNING_MPC,0.024306494312124702
|e_y|,m,RUNNING_MPC,0.024970660480076373
|e_y|,m,RUNNING_MPC,0.02232616738605825
|e_y|,m,RUNNING_MPC,0.015341687346251853
|e_y|,m,RUNNING_MPC,0.008569085723958675
|e_y|,m,RUNNING_MPC,0.0003606794123798829
|e_y|,m,RUNNING_MPC,0.0008399024362993682
|e_y|,m,RUNNING_MPC,0.0022584616490061438
|e_y|,m,RUNNING_MPC,0.011399780231334145
|e_y|,m,RUNNING_MPC,0.01676921437757714
|e_y|,m,RUNNING_MPC,0.02241900861964463
|e_y|,m,RUNNING_MPC,0.023285011540480627
|e_y|,m,RUNNING_MPC,0.019868805311849903
|e_y|,m,RUNNING_MPC,0.014656782020272388
|e_y|,m,RUNNING_MPC,0.010600105657673442
|e_y|,m,RUNNING_MPC,0.009077283585058687
|e_y|,m,RUNNING_MPC,0.010021103127094443
|e_y|,m,RUNNING_MPC,0.010915761172766825
|e_y|,m,RUNNING_MPC,0.014752414025845012
|e_y|,m,RUNNING_MPC,0.017761315003491623
|e_y|,m,RUNNING_MPC,0.019977389014823543
|e_y|,m,RUNNING_MPC,0.024501610308130528
|e_y|,m,RUNNING_MPC,0.02974038787558042
|e_y|,m,RUNNING_MPC,0.04400440359802665
|e_y|,m,RUNNING_MPC,0.04909010190533619
|e_y|,m,RUNNING_MPC,0.07168008423248501
|e_y|,m,RUNNING_MPC,0.08369721045886944
|e_y|,m,RUNNING_MPC,0.0865218440760058
|e_y|,m,RUNNING_MPC,0.08133347086036719
|e_y|,m,RUNNING_MPC,0.06896985874924516
|e_y|,m,RUNNING_MPC,0.05459469331850603
|e_y|,m,RUNNING_MPC,0.03756281741355913
|e_y|,m,RUNNING_MPC,0.029246058533808683
|e_y|,m,RUNNING_MPC,0.02467495208656048
|e_y|,m,RUNNING_MPC,0.02884393368194793
|e_y|,m,RUNNING_MPC,0.04472579364169588
|e_y|,m,RUNNING_MPC,0.058943923582996466
|e_y|,m,RUNNING_MPC,0.0835673638394413
|e_y|,m,RUNNING_MPC,0.10212684679447703
|e_y|,m,RUNNING_MPC,0.10720250961936018
|e_y|,m,RUNNING_MPC,0.11326534657627567
|e_y|,m,RUNNING_MPC,0.1062762236129206
|e_y|,m,RUNNING_MPC,0.0939291424615345
|e_y|,m,RUNNING_MPC,0.07792674551408632
|e_y|,m,RUNNING_MPC,0.06272926660511088
|e_y|,m,RUNNING_MPC,0.0465286786639872
|e_y|,m,RUNNING_MPC,0.02920701522491287
|e_y|,m,RUNNING_MPC,0.011306900448391485
|e_y|,m,RUNNING_MPC,0.0008243981088517094
|e_y|,m,RUNNING_MPC,0.0070166153409472465
|e_y|,m,RUNNING_MPC,0.00538138844657212
|e_y|,m,RUNNING_MPC,0.003025739840956776
|e_y|,m,RUNNING_MPC,0.02109784387363034
|e_y|,m,RUNNING_MPC,0.03630098305480969
|e_y|,m,RUNNING_MPC,0.05599895344730413
|e_y|,m,RUNNING_MPC,0.06062370164567646
|e_y|,m,RUNNING_MPC,0.05684260204385684
|e_y|,m,RUNNING_MPC,0.04620141015742299
|e_y|,m,RUNNING_MPC,0.03175575614015255
|e_y|,m,RUNNING_MPC,0.018407536369236116
|e_y|,m,RUNNING_MPC,0.004880209363231164
|e_y|,m,RUNNING_MPC,0.006376759323515113
|e_y|,m,RUNNING_MPC,0.015591386345705477
|e_y|,m,RUNNING_MPC,0.019938357122732536
|e_y|,m,RUNNING_MPC,0.019704699377956887
|e_y|,m,RUNNING_MPC,0.017451298394344145
|e_y|,m,RUNNING_MPC,0.014254642857011612
|e_y|,m,RUNNING_MPC,0.010212776599699797
|e_y|,m,RUNNING_MPC,0.006656469957759131
|e_y|,m,RUNNING_MPC,0.00455604648512746
|e_y|,m,RUNNING_MPC,0.003614719280555477
|e_y|,m,RUNNING_MPC,0.004293929410000924
|e_y|,m,RUNNING_MPC,0.006037470869799111
|e_y|,m,RUNNING_MPC,0.008566091271174789
|e_y|,m,RUNNING_MPC,0.011775393030843295
|e_y|,m,RUNNING_MPC,0.01371420248897108
|e_y|,m,RUNNING_MPC,0.01523181424269611
|e_y|,m,RUNNING_MPC,0.01635655129348742
|e_y|,m,RUNNING_MPC,0.016925301326410028
|e_y|,m,RUNNING_MPC,0.017427777876360233
|e_y|,m,RUNNING_MPC,0.018211489385840843
|e_y|,m,RUNNING_MPC,0.018827006657267997
|e_y|,m,RUNNING_MPC,0.01911979586135902
|e_y|,m,RUNNING_MPC,0.018506897205258905
|e_y|,m,RUNNING_MPC,0.016820040712891386
|e_y|,m,RUNNING_MPC,0.015236365016437717
|e_y|,m,RUNNING_MPC,0.013007793740876369
|e_y|,m,RUNNING_MPC,0.011035081452414032
|e_y|,m,RUNNING_MPC,0.00887382410543297
|e_y|,m,RUNNING_MPC,0.006550489307284954
|e_y|,m,RUNNING_MPC,0.006274032759961301
|e_y|,m,RUNNING_MPC,0.006701639628273562
|e_y|,m,RUNNING_MPC,0.008347390569432345
|e_y|,m,RUNNING_MPC,0.009955916809049559
|e_y|,m,RUNNING_MPC,0.011762662701612152
|e_y|,m,RUNNING_MPC,0.01187569721822107
|e_y|,m,RUNNING_MPC,0.011580715712553119
|e_y|,m,RUNNING_MPC,0.010726711112570782
|e_y|,m,RUNNING_MPC,0.009038221422127797
|e_y|,m,RUNNING_MPC,0.006463376482623795
|e_y|,m,RUNNING_MPC,0.006482598577737677
|e_y|,m,RUNNING_MPC,0.006409623009170723
|e_y|,m,RUNNING_MPC,0.006078490167853237
|e_y|,m,RUNNING_MPC,0.0068991191610233565
|e_y|,m,RUNNING_MPC,0.008384012036185357
|e_y|,m,RUNNING_MPC,0.009817275045593696
|e_y|,m,RUNNING_MPC,0.010753243902094454
|e_y|,m,RUNNING_MPC,0.01137583284963331
|e_y|,m,RUNNING_MPC,0.011813920097066388
|e_y|,m,RUNNING_MPC,0.011376559207604792
|e_y|,m,RUNNING_MPC,0.010205626156980695
|e_y|,m,RUNNING_MPC,0.008855563469748425
|e_y|,m,RUNNING_MPC,0.008076173051371819
|e_y|,m,RUNNING_MPC,0.006700109431741957
|e_y|,m,RUNNING_MPC,0.005848123827001728
|e_y|,m,RUNNING_MPC,0.005221376926745222
|e_y|,m,RUNNING_MPC,0.004808426284497097
|e_y|,m,RUNNING_MPC,0.004771567680746686
|e_y|,m,RUNNING_MPC,0.005247912215401884
|e_y|,m,RUNNING_MPC,0.00614961817270554
|e_y|,m,RUNNING_MPC,0.007323018221958792
|e_y|,m,RUNNING_MPC,0.008219172657251902
|e_y|,m,RUNNING_MPC,0.009461674428225
|e_y|,m,RUNNING_MPC,0.008944874376255185
|e_y|,m,RUNNING_MPC,0.008851131633295557
|e_y|,m,RUNNING_MPC,0.008290060257292127
|e_y|,m,RUNNING_MPC,0.008022819511198584
|e_y|,m,RUNNING_MPC,0.008013712666378153
|e_y|,m,RUNNING_MPC,0.007440404556274788
|e_y|,m,RUNNING_MPC,0.0071425276494195555
|e_y|,m,RUNNING_MPC,0.007562333760543081
|e_y|,m,RUNNING_MPC,0.00826992811136499
|e_y|,m,RUNNING_MPC,0.008845102346872495
|e_y|,m,RUNNING_MPC,0.009393928600782808
|e_y|,m,RUNNING_MPC,0.010039928268676945
|e_y|,m,RUNNING_MPC,0.010360897936523672
|e_y|,m,RUNNING_MPC,0.010530037011189777
|e_y|,m,RUNNING_MPC,0.010157457860832844
|e_y|,m,RUNNING_MPC,0.009653213843349606
|e_y|,m,RUNNING_MPC,0.009111500119876957
|e_y|,m,RUNNING_MPC,0.00869355379736561
|e_y|,m,RUNNING_MPC,0.008587501220454727
|e_y|,m,RUNNING_MPC,0.008677439770745698
|e_y|,m,RUNNING_MPC,0.008880517572869367
|e_y|,m,RUNNING_MPC,0.009274746884251783
|e_y|,m,RUNNING_MPC,0.009930158106185957
|e_y|,m,RUNNING_MPC,0.011011020063627974
|e_y|,m,RUNNING_MPC,0.011154152752210406
|e_y|,m,RUNNING_MPC,0.010827679676959918
|e_y|,m,RUNNING_MPC,0.010435822670343431
|e_y|,m,RUNNING_MPC,0.008580969873832068
|e_y|,m,RUNNING_MPC,0.0073384219120254945
|e_y|,m,RUNNING_MPC,0.006324552418738009
|e_y|,m,RUNNING_MPC,0.004774096699720915
|e_y|,m,RUNNING_MPC,0.0010543411240090395
|e_y|,m,RUNNING_MPC,0.010433079735015286
|e_y|,m,RUNNING_MPC,0.023012624751031496
|e_y|,m,RUNNING_MPC,0.03954225889412537
|e_y|,m,RUNNING_MPC,0.06117469711957699
|e_y|,m,RUNNING_MPC,0.077338039829527
|e_y|,m,RUNNING_MPC,0.09325283819399542
|e_y|,m,RUNNING_MPC,0.11037054080462211
|e_y|,m,RUNNING_MPC,0.11738951477827142
|e_y|,m,RUNNING_MPC,0.12481079339262191
|e_y|,m,RUNNING_MPC,0.1260353497813989
|e_y|,m,RUNNING_MPC,0.12619711685083934
|e_y|,m,RUNNING_MPC,0.12374633935076725
|e_y|,m,RUNNING_MPC,0.1213020324310374
|e_y|,m,RUNNING_MPC,0.11869203302053241
|e_y|,m,RUNNING_MPC,0.11741700337240293
|e_y|,m,RUNNING_MPC,0.12060686539666904
|e_y|,m,RUNNING_MPC,0.12281094116034184
|e_y|,m,RUNNING_MPC,0.12241880586668388
|e_y|,m,RUNNING_MPC,0.13003395055759828
|e_y|,m,RUNNING_MPC,0.1382987537771961
|e_y|,m,RUNNING_MPC,0.14481874316968776
|e_y|,m,RUNNING_MPC,0.15845650827255978
|e_y|,m,RUNNING_MPC,0.1662042477636409
|e_y|,m,RUNNING_MPC,0.18173390732806421
|e_y|,m,RUNNING_MPC,0.18939804850124575
|e_y|,m,RUNNING_MPC,0.20871830118739068
|e_y|,m,RUNNING_MPC,0.2174845826493467
|e_y|,m,RUNNING_MPC,0.22697061097922402
|e_y|,m,RUNNING_MPC,0.2427904621829363
|e_y|,m,RUNNING_MPC,0.2552199422406784
|e_y|,m,RUNNING_MPC,0.2733783570953475
|e_y|,m,RUNNING_MPC,0.2899963746924745
|e_y|,m,RUNNING_MPC,0.30804171966289395
|e_y|,m,RUNNING_MPC,0.31140836735800803
|e_y|,m,RUNNING_MPC,0.30373488703456275
|e_y|,m,RUNNING_MPC,0.2920398750367085
|e_y|,m,RUNNING_MPC,0.26481701891506115
|e_y|,m,RUNNING_MPC,0.24602120413004044
|e_y|,m,RUNNING_MPC,0.21613606119791853
|e_y|,m,RUNNING_MPC,0.19657810721091434
|e_y|,m,RUNNING_MPC,0.18201598192857552
|e_y|,m,RUNNING_MPC,0.17352709961212368
|e_y|,m,RUNNING_MPC,0.17051085514601538
|e_y|,m,RUNNING_MPC,0.16349338577965467
|e_y|,m,RUNNING_MPC,0.15521761845846788
|e_y|,m,RUNNING_MPC,0.14855293777691214
|e_y|,m,RUNNING_MPC,0.12718400616509545
|e_y|,m,RUNNING_MPC,0.12403679481888041
|e_y|,m,RUNNING_MPC,0.10648305949125153
|e_y|,m,RUNNING_MPC,0.0918655200022953
|e_y|,m,RUNNING_MPC,0.07838310164486556
|e_y|,m,RUNNING_MPC,0.05770596044523013
|e_y|,m,RUNNING_MPC,0.04293514403049924
|e_y|,m,RUNNING_MPC,0.013117694620495973
|e_y|,m,RUNNING_MPC,0.00834233757311792
|e_y|,m,RUNNING_MPC,0.03544614063140612
|e_y|,m,RUNNING_MPC,0.05215831949147809
|e_y|,m,RUNNING_MPC,0.06343980232855159
|e_y|,m,RUNNING_MPC,0.06840207064412132
|e_y|,m,RUNNING_MPC,0.07250630067550401
|e_y|,m,RUNNING_MPC,0.07197603775449506
|e_y|,m,RUNNING_MPC,0.061759656620535675
|e_y|,m,RUNNING_MPC,0.01602371322864149
|e_y|,m,RUNNING_MPC,0.02830985217781265
|e_y|,m,RUNNING_MPC,0.061280064598445844
|e_y|,m,RUNNING_MPC,0.06715757266603317
|e_y|,m,RUNNING_MPC,0.05792910177273167
|e_y|,m,RUNNING_MPC,0.027364686444422415
|e_y|,m,RUNNING_MPC,0.0039360606378610885
|e_y|,m,RUNNING_MPC,0.026276220018130472
|e_y|,m,RUNNING_MPC,0.0404879821706203
|e_y|,m,RUNNING_MPC,0.04835874389468062
|e_y|,m,RUNNING_MPC,0.047396521872084776
|e_y|,m,RUNNING_MPC,0.045320918273529964
|e_y|,m,RUNNING_MPC,0.03477912527122698
|e_y|,m,RUNNING_MPC,0.019422525018842188
|e_y|,m,RUNNING_MPC,0.004593832002839526
|e_y|,m,RUNNING_MPC,0.003798360145091363
|e_y|,m,RUNNING_MPC,0.009703546718182438
|e_y|,m,RUNNING_MPC,0.013654741099271867
|e_y|,m,RUNNING_MPC,0.014053451826185476
|e_y|,m,RUNNING_MPC,0.009565458481335332
|e_y|,m,RUNNING_MPC,0.0054215147899666916
|e_y|,m,RUNNING_MPC,0.0005063006510762635
|e_y|,m,RUNNING_MPC,0.005578036773880052
|e_y|,m,RUNNING_MPC,0.00851709261316562
|e_y|,m,RUNNING_MPC,0.010826036458853355
|e_y|,m,RUNNING_MPC,0.011143834521612078
|e_y|,m,RUNNING_MPC,0.010469290667728962
|e_y|,m,RUNNING_MPC,0.009241358968410412
|e_y|,m,RUNNING_MPC,0.007893346608889323
|e_y|,m,RUNNING_MPC,0.007346035978088719
|e_y|,m,RUNNING_MPC,0.0073384171802296574
|e_y|,m,RUNNING_MPC,0.007413860671138195
|e_y|,m,RUNNING_MPC,0.005488110167661554
|e_y|,m,RUNNING_MPC,0.0030985065293760994
|e_y|,m,RUNNING_MPC,0.0005148546619440086
|e_y|,m,RUNNING_MPC,0.002912247596405987
|e_y|,m,RUNNING_MPC,0.004518743365993921
|e_y|,m,RUNNING_MPC,0.0034269243907377386
|e_y|,m,RUNNING_MPC,0.005843338571558901
|e_y|,m,RUNNING_MPC,0.01501827093553812
|e_y|,m,RUNNING_MPC,0.02862612640157328
|e_y|,m,RUNNING_MPC,0.03254524784388238
|e_y|,m,RUNNING_MPC,0.037477828198018884
|e_y|,m,RUNNING_MPC,0.031712824249634786
|e_y|,m,RUNNING_MPC,0.011101445792496514
|e_y|,m,RUNNING_MPC,0.0035694871350317875
|e_y|,m,RUNNING_MPC,0.016894273692128137
|e_y|,m,RUNNING_MPC,0.014450724655522815
|e_y|,m,RUNNING_MPC,0.008011232159822822
|e_y|,m,RUNNING_MPC,0.00048592863903609493
|e_y|,m,RUNNING_MPC,0.010891740737183159
|e_y|,m,RUNNING_MPC,0.013288073081359528
|e_y|,m,RUNNING_MPC,0.017718946983815945
|e_y|,m,RUNNING_MPC,0.01721326814020397
|e_y|,m,RUNNING_MPC,0.013508046813321418
|e_y|,m,RUNNING_MPC,0.011344809745579519
|e_y|,m,RUNNING_MPC,0.009603459193448495
|e_y|,m,RUNNING_MPC,0.007572012768555028
|e_y|,m,RUNNING_MPC,0.007134358432939032
|e_y|,m,RUNNING_MPC,0.007511014949775963
|e_y|,m,RUNNING_MPC,0.008102978510429702
|e_y|,m,RUNNING_MPC,0.00829794812488251
|e_y|,m,RUNNING_MPC,0.008481687356898499
|e_y|,m,RUNNING_MPC,0.00921271523191225
|e_y|,m,RUNNING_MPC,0.00934265932038545
|e_y|,m,RUNNING_MPC,0.009310254448588282
|e_y|,m,RUNNING_MPC,0.009207851788329002
|e_y|,m,RUNNING_MPC,0.009144879290951643
|e_y|,m,RUNNING_MPC,0.009682121251512701
|e_y|,m,RUNNING_MPC,0.010225577573449642
|e_y|,m,RUNNING_MPC,0.011032153216533478
|e_y|,m,RUNNING_MPC,0.012543597665719268
|e_y|,m,RUNNING_MPC,0.013454135428969949
|e_y|,m,RUNNING_MPC,0.014040383357350278
|e_y|,m,RUNNING_MPC,0.012493074764103183
|e_y|,m,RUNNING_MPC,0.011766987021210908
|e_y|,m,RUNNING_MPC,0.013985791109895724
|e_y|,m,RUNNING_MPC,0.02274665947457267
|e_y|,m,RUNNING_MPC,0.03325728649408713
|e_y|,m,RUNNING_MPC,0.039403077992644975
|e_y|,m,RUNNING_MPC,0.04482111095832414
|e_y|,m,RUNNING_MPC,0.047832744152659486
|e_y|,m,RUNNING_MPC,0.04852968277263174
|e_y|,m,RUNNING_MPC,0.04881653423479318
|e_y|,m,RUNNING_MPC,0.0490926653581105
|e_y|,m,RUNNING_MPC,0.047426599767789346
|e_y|,m,RUNNING_MPC,0.04636358170348674
|e_y|,m,RUNNING_MPC,0.04613016833049017
|e_y|,m,RUNNING_MPC,0.04585328201407135
|e_y|,m,RUNNING_MPC,0.04658282114933479
|e_y|,m,RUNNING_MPC,0.05115645004871898
|e_y|,m,RUNNING_MPC,0.05503403126732265
|e_y|,m,RUNNING_MPC,0.05882264107256125
|e_y|,m,RUNNING_MPC,0.06431865947030613
|e_y|,m,RUNNING_MPC,0.07399359890231041
|e_y|,m,RUNNING_MPC,0.08069331477181488
|e_y|,m,RUNNING_MPC,0.08450093274368649
|e_y|,m,RUNNING_MPC,0.09092891905571315
|e_y|,m,RUNNING_MPC,0.10077940776020808
|e_y|,m,RUNNING_MPC,0.12839012290422533
|e_y|,m,RUNNING_MPC,0.1510990094033658
|e_y|,m,RUNNING_MPC,0.15684740745783662
|e_y|,m,RUNNING_MPC,0.13825577725996863
|e_y|,m,RUNNING_MPC,0.10184781924934318
|e_y|,m,RUNNING_MPC,0.025801594656321578
|e_y|,m,RUNNING_MPC,0.06282008792513658
|e_y|,m,RUNNING_MPC,0.12349318364733042
|e_y|,m,RUNNING_MPC,0.1707869080257781
|e_y|,m,RUNNING_MPC,0.18576037897085246
|e_y|,m,RUNNING_MPC,0.17809974871140075
|e_y|,m,RUNNING_MPC,0.15885872148596936
|e_y|,m,RUNNING_MPC,0.142457529138815
|e_y|,m,RUNNING_MPC,0.12660361144903945
|e_y|,m,RUNNING_MPC,0.11376445257830958
|e_y|,m,RUNNING_MPC,0.10323369869615327
|e_y|,m,RUNNING_MPC,0.08508138703020188
|e_y|,m,RUNNING_MPC,0.07332098508752469
|e_y|,m,RUNNING_MPC,0.07041780190841662
|e_y|,m,RUNNING_MPC,0.07015715720074361
|e_y|,m,RUNNING_MPC,0.08232867583481324
|e_y|,m,RUNNING_MPC,0.09884443726371384
|e_y|,m,RUNNING_MPC,0.12056093174943949
|e_y|,m,RUNNING_MPC,0.13354040398687617
|e_y|,m,RUNNING_MPC,0.16449793767500825
|e_y|,m,RUNNING_MPC,0.18895547173217656
|e_y|,m,RUNNING_MPC,0.22083189213545462
|e_y|,m,RUNNING_MPC,0.2569897893871948
|e_y|,m,RUNNING_MPC,0.2758890830185025
|e_y|,m,RUNNING_MPC,0.2960566974160253
|e_y|,m,RUNNING_MPC,0.311606358507114
|e_y|,m,RUNNING_MPC,0.29871248338706236
|e_y|,m,RUNNING_MPC,0.26599406283369886
|e_y|,m,RUNNING_MPC,0.2298995674813941
|e_y|,m,RUNNING_MPC,0.17644104962835092
|e_y|,m,RUNNING_MPC,0.12179302224502242
|e_y|,m,RUNNING_MPC,0.07518876449737762
|e_y|,m,RUNNING_MPC,0.0526505614210927
|e_y|,m,RUNNING_MPC,0.031043373222471894
|e_y|,m,RUNNING_MPC,0.021578935671634533
|e_y|,m,RUNNING_MPC,0.02078092565285275
|e_y|,m,RUNNING_MPC,0.024200754769023072
|e_y|,m,RUNNING_MPC,0.03036630291931869
|e_y|,m,RUNNING_MPC,0.03627681136190568
|e_y|,m,RUNNING_MPC,0.037598075672473946
|e_y|,m,RUNNING_MPC,0.03238442090697906
|e_y|,m,RUNNING_MPC,0.017804594119802453
|e_y|,m,RUNNING_MPC,0.013140851339569298
|e_y|,m,RUNNING_MPC,0.04992461971427009
|e_y|,m,RUNNING_MPC,0.07192101441411858
|e_y|,m,RUNNING_MPC,0.10474067008143075
|e_y|,m,RUNNING_MPC,0.1164414018532842
|e_y|,m,RUNNING_MPC,0.11408935560835914
|e_y|,m,RUNNING_MPC,0.10434764945342806
|e_y|,m,RUNNING_MPC,0.0906078785259983
|e_y|,m,RUNNING_MPC,0.06825254020499094
|e_y|,m,RUNNING_MPC,0.052155241379488126
|e_y|,m,RUNNING_MPC,0.04216821475485924
|e_y|,m,RUNNING_MPC,0.042784667136120974
|e_y|,m,RUNNING_MPC,0.05142369737696826
|e_y|,m,RUNNING_MPC,0.05964449317991474
|e_y|,m,RUNNING_MPC,0.07761576976107837
|e_y|,m,RUNNING_MPC,0.08526961910599214
|e_y|,m,RUNNING_MPC,0.08366104042790258
|e_y|,m,RUNNING_MPC,0.07690765729030508
|e_y|,m,RUNNING_MPC,0.06352878208268241
|e_y|,m,RUNNING_MPC,0.05526392960860123
|e_y|,m,RUNNING_MPC,0.0487146525297577
|e_y|,m,RUNNING_MPC,0.045720326371588814
|e_y|,m,RUNNING_MPC,0.05810354224918336
|e_y|,m,RUNNING_MPC,0.08814708383333128
|e_y|,m,RUNNING_MPC,0.12538182666138212
|e_y|,m,RUNNING_MPC,0.18094812538261856
|e_y|,m,RUNNING_MPC,0.23446824625801466
|e_y|,m,RUNNING_MPC,0.2985513994195579
|e_y|,m,RUNNING_MPC,0.33468440903156493
|e_y|,m,RUNNING_MPC,0.40497800150270813
|e_y|,m,RUNNING_MPC,0.450593075369653
|e_y|,m,RUNNING_MPC,0.4876280390704111
|e_y|,m,RUNNING_MPC,0.4976623137755292
|e_y|,m,RUNNING_MPC,0.4812084576961084
|e_y|,m,RUNNING_MPC,0.4319448423105785
|e_y|,m,RUNNING_MPC,0.3700607453199514
|e_y|,m,RUNNING_MPC,0.2748607145540963
|e_y|,m,RUNNING_MPC,0.192194333938087
|e_y|,m,RUNNING_MPC,0.07579355271358493
|e_y|,m,RUNNING_MPC,0.010510029958841899
|e_y|,m,RUNNING_MPC,0.048647248329777876
|e_y|,m,RUNNING_MPC,0.08236286427190992
|e_y|,m,RUNNING_MPC,0.09266752260420619
|e_y|,m,RUNNING_MPC,0.09167259848587558
|e_y|,m,RUNNING_MPC,0.07826830861308995
|e_y|,m,RUNNING_MPC,0.061543731917946126
|e_y|,m,RUNNING_MPC,0.04795284013159984
|e_y|,m,RUNNING_MPC,0.03412633560283736
|e_y|,m,RUNNING_MPC,0.02391258249562389
|e_y|,m,RUNNING_MPC,0.021122491276914457
|e_y|,m,RUNNING_MPC,0.021832168830004543
|e_y|,m,RUNNING_MPC,0.028465271150289684
|e_y|,m,RUNNING_MPC,0.04437230800203126
|e_y|,m,RUNNING_MPC,0.06307543190577111
|e_y|,m,RUNNING_MPC,0.07980070145561186
|e_y|,m,RUNNING_MPC,0.09929579028832139
|e_y|,m,RUNNING_MPC,0.12469438245906303
|e_y|,m,RUNNING_MPC,0.14916862773294956
|e_y|,m,RUNNING_MPC,0.17205088483307743
|e_y|,m,RUNNING_MPC,0.19866331749843608
|e_y|,m,RUNNING_MPC,0.24344388403619674
|e_y|,m,RUNNING_MPC,0.27916724992932734
|e_y|,m,RUNNING_MPC,0.32597662336016164
|e_y|,m,RUNNING_MPC,0.3495501665376426
|e_y|,m,RUNNING_MPC,0.3594929244651892
|e_y|,m,RUNNING_MPC,0.3468422244246274
|e_y|,m,RUNNING_MPC,0.3144514111495953
|e_y|,m,RUNNING_MPC,0.2578719529629383
|e_y|,m,RUNNING_MPC,0.21525263506109793
|e_y|,m,RUNNING_MPC,0.18758613227508433
|e_y|,m,RUNNING_MPC,0.16980221386653938
|e_y|,m,RUNNING_MPC,0.16029198955910118
|e_y|,m,RUNNING_MPC,0.15930094221825966
|e_y|,m,RUNNING_MPC,0.16494255278206732
|e_y|,m,RUNNING_MPC,0.18721262682324846
|e_y|,m,RUNNING_MPC,0.21117812755144214
|e_y|,m,RUNNING_MPC,0.2347478767481617
|e_y|,m,RUNNING_MPC,0.2584140837567228
|e_y|,m,RUNNING_MPC,0.26794920854413473
|e_y|,m,RUNNING_MPC,0.280995140215311
|e_y|,m,RUNNING_MPC,0.2816232986889443
|e_y|,m,RUNNING_MPC,0.2911206917202238
|e_y|,m,RUNNING_MPC,0.2955576474900894
|e_y|,m,RUNNING_MPC,0.2940902520129753
|e_y|,m,RUNNING_MPC,0.294909358418128
|e_y|,m,RUNNING_MPC,0.28197006939007174
|e_y|,m,RUNNING_MPC,0.26780741017575255
|e_y|,m,RUNNING_MPC,0.23990795428415373
|e_y|,m,RUNNING_MPC,0.21743897051707778
|e_y|,m,RUNNING_MPC,0.18206599997735728
|e_y|,m,RUNNING_MPC,0.1359638636717539
|e_y|,m,RUNNING_MPC,0.09914156587838496
|e_y|,m,RUNNING_MPC,0.07479255866027285
|e_y|,m,RUNNING_MPC,0.06416897837076223
|e_y|,m,RUNNING_MPC,0.06723972987666688
|e_y|,m,RUNNING_MPC,0.08214089000719865
|e_y|,m,RUNNING_MPC,0.10072190049161056
|e_y|,m,RUNNING_MPC,0.11861603272492749
|e_y|,m,RUNNING_MPC,0.13061511555059468
|e_y|,m,RUNNING_MPC,0.13170993464728487
|e_y|,m,RUNNING_MPC,0.11828089943781983
|e_y|,m,RUNNING_MPC,0.0968117721455953
|e_y|,m,RUNNING_MPC,0.07617803620899233
|e_y|,m,RUNNING_MPC,0.04230960459732175
|e_y|,m,RUNNING_MPC,0.018134856040700684
|e_y|,m,RUNNING_MPC,0.003733700058487499
|e_y|,m,RUNNING_MPC,0.011924164955664951
|e_y|,m,RUNNING_MPC,0.024005280653138505
|e_y|,m,RUNNING_MPC,0.034441676772789837
|e_y|,m,RUNNING_MPC,0.04730158604690462
|e_y|,m,RUNNING_MPC,0.06260266739177922
|e_y|,m,RUNNING_MPC,0.07532752487357952
|e_y|,m,RUNNING_MPC,0.09118605259640017
|e_y|,m,RUNNING_MPC,0.10592824510351728
|e_y|,m,RUNNING_MPC,0.11116594568619724
|e_y|,m,RUNNING_MPC,0.09986719952905176
|e_y|,m,RUNNING_MPC,0.08059286817675296
|e_y|,m,RUNNING_MPC,0.06487834952296889
|e_y|,m,RUNNING_MPC,0.05042153094089945
|e_y|,m,RUNNING_MPC,0.04302425262606657
|e_y|,m,RUNNING_MPC,0.04838154543716766
|e_y|,m,RUNNING_MPC,0.07110338473965006
|e_y|,m,RUNNING_MPC,0.10080157887527275
|e_y|,m,RUNNING_MPC,0.15403656053172665
|e_y|,m,RUNNING_MPC,0.2054549230487857
|e_y|,m,RUNNING_MPC,0.2620848886890662
|e_y|,m,RUNNING_MPC,0.295553950639356
|e_y|,m,RUNNING_MPC,0.2999760341247587
|e_y|,m,RUNNING_MPC,0.2920720165520671
|e_y|,m,RUNNING_MPC,0.25595022282606944
|e_y|,m,RUNNING_MPC,0.20168101508681263
|e_y|,m,RUNNING_MPC,0.14986166149649605
|e_y|,m,RUNNING_MPC,0.08530293879583462
|e_y|,m,RUNNING_MPC,0.036657100270176435
|e_y|,m,RUNNING_MPC,0.0077486579645345
|e_y|,m,RUNNING_MPC,0.02659296077188063
|e_y|,m,RUNNING_MPC,0.048180168261486245
|e_y|,m,RUNNING_MPC,0.0522868344113549
|e_y|,m,RUNNING_MPC,0.05548440665100421
|e_y|,m,RUNNING_MPC,0.05854214891465631
|e_y|,m,RUNNING_MPC,0.056013080511782234
|e_y|,m,RUNNING_MPC,0.0438207986461526
|e_y|,m,RUNNING_MPC,0.027058195584888173
|e_y|,m,RUNNING_MPC,0.0029726604455060854
|e_y|,m,RUNNING_MPC,0.0177077404380232
|e_y|,m,RUNNING_MPC,0.026199293660891992
|e_y|,m,RUNNING_MPC,0.02438205743412651
|e_y|,m,RUNNING_MPC,0.016383069784165816
|e_y|,m,RUNNING_MPC,0.0038902733892567584
|e_y|,m,RUNNING_MPC,0.00612210124102882
|e_y|,m,RUNNING_MPC,0.012356952242445735
|e_y|,m,RUNNING_MPC,0.01386631724404841
|e_y|,m,RUNNING_MPC,0.012200429656996194
|e_y|,m,RUNNING_MPC,0.007934828624690637
|e_y|,m,RUNNING_MPC,0.003469228083628817
|e_y|,m,RUNNING_MPC,0.0026494198642377023
|e_y|,m,RUNNING_MPC,0.006049824552387256
|e_y|,m,RUNNING_MPC,0.012028277308268664
|e_y|,m,RUNNING_MPC,0.01627733467957103
|e_y|,m,RUNNING_MPC,0.018553743740538753
|e_y|,m,RUNNING_MPC,0.02062547156618061
|e_y|,m,RUNNING_MPC,0.021515261784692763
|e_y|,m,RUNNING_MPC,0.02124959090458839
|e_y|,m,RUNNING_MPC,0.02032756082723139
|e_y|,m,RUNNING_MPC,0.018204127643076773
|e_y|,m,RUNNING_MPC,0.015447384927487928
|e_y|,m,RUNNING_MPC,0.013608793005337932
|e_y|,m,RUNNING_MPC,0.00932143332687091
|e_y|,m,RUNNING_MPC,0.006876654883889513
|e_y|,m,RUNNING_MPC,0.00337407230748743
|e_y|,m,RUNNING_MPC,0.002260263136692031
|e_y|,m,RUNNING_MPC,0.001648249603792007
|e_y|,m,RUNNING_MPC,0.002342269488808821
|e_y|,m,RUNNING_MPC,0.00440722917311373
|e_y|,m,RUNNING_MPC,0.006864654232397294
|e_y|,m,RUNNING_MPC,0.009730777772241128
|e_y|,m,RUNNING_MPC,0.011774593152051732
|e_y|,m,RUNNING_MPC,0.01328540227811275
|e_y|,m,RUNNING_MPC,0.014560268745806015
|e_y|,m,RUNNING_MPC,0.01419599184807857
|e_y|,m,RUNNING_MPC,0.012140194885724986
|e_y|,m,RUNNING_MPC,0.009010267525057361
|e_y|,m,RUNNING_MPC,0.006230273474590875
|e_y|,m,RUNNING_MPC,0.003970039017397037
|e_y|,m,RUNNING_MPC,0.0023746012097657643
|e_y|,m,RUNNING_MPC,0.00309384597141487
|e_y|,m,RUNNING_MPC,0.004347223490378138
|e_y|,m,RUNNING_MPC,0.006856629969858169
|e_y|,m,RUNNING_MPC,0.00910954509159384
|e_y|,m,RUNNING_MPC,0.011641244208751298
|e_y|,m,RUNNING_MPC,0.013029758033904992
|e_y|,m,RUNNING_MPC,0.013333302790457746
|e_y|,m,RUNNING_MPC,0.012642224794626372
|e_y|,m,RUNNING_MPC,0.009716793951011327
|e_y|,m,RUNNING_MPC,0.006854690946674208
|e_y|,m,RUNNING_MPC,0.005819101073507471
|e_y|,m,RUNNING_MPC,0.00461960264722612
|e_y|,m,RUNNING_MPC,0.00413007564423265
|e_y|,m,RUNNING_MPC,0.0038483739747296464
|e_y|,m,RUNNING_MPC,0.004043815164784692
|e_y|,m,RUNNING_MPC,0.004302589438572341
|e_y|,m,RUNNING_MPC,0.0046972359991149515
|e_y|,m,RUNNING_MPC,0.005228763069365094
|e_y|,m,RUNNING_MPC,0.005816556290399358
|e_y|,m,RUNNING_MPC,0.007351909631235748
|e_y|,m,RUNNING_MPC,0.009132212915270166
|e_y|,m,RUNNING_MPC,0.009729506936957233
|e_y|,m,RUNNING_MPC,0.009331981098686382
|e_y|,m,RUNNING_MPC,0.008441544756820851
|e_y|,m,RUNNING_MPC,0.007484356884928267
|e_y|,m,RUNNING_MPC,0.006083191081663997
|e_y|,m,RUNNING_MPC,0.005129026539574338
|e_y|,m,RUNNING_MPC,0.004768651207416583
|e_y|,m,RUNNING_MPC,0.0043637006354810826
|e_y|,m,RUNNING_MPC,0.005137399351367367
|e_y|,m,RUNNING_MPC,0.006762404329875654
|e_y|,m,RUNNING_MPC,0.008396813041871294
|e_y|,m,RUNNING_MPC,0.009642132805613844
|e_y|,m,RUNNING_MPC,0.009746277018144511
|e_y|,m,RUNNING_MPC,0.009771452928661717
|e_y|,m,RUNNING_MPC,0.009327021900579189
|e_y|,m,RUNNING_MPC,0.008781531180227925
|e_y|,m,RUNNING_MPC,0.00780498062300003
|e_y|,m,RUNNING_MPC,0.006934204929269383
|e_y|,m,RUNNING_MPC,0.006358743560459734
|e_y|,m,RUNNING_MPC,0.00621863052385499
|e_y|,m,RUNNING_MPC,0.006185589999720083
|e_y|,m,RUNNING_MPC,0.005940478907481894
|e_y|,m,RUNNING_MPC,0.005761091107782335
|e_y|,m,RUNNING_MPC,0.005983271479809982
|e_y|,m,RUNNING_MPC,0.006166871721240308
|e_y|,m,RUNNING_MPC,0.006463088761147595
|e_y|,m,RUNNING_MPC,0.0068036392052727435
|e_y|,m,RUNNING_MPC,0.008623410504981832
|e_y|,m,RUNNING_MPC,0.010454475784797412
|e_y|,m,RUNNING_MPC,0.011717673481277835
|e_y|,m,RUNNING_MPC,0.012146834140772327
|e_y|,m,RUNNING_MPC,0.012401427952109911
|e_y|,m,RUNNING_MPC,0.012027347730221793
|e_y|,m,RUNNING_MPC,0.011284733261794994
|e_y|,m,RUNNING_MPC,0.011020706782888245
|e_y|,m,RUNNING_MPC,0.010630562943654942
|e_y|,m,RUNNING_MPC,0.010269047681429055
|e_y|,m,RUNNING_MPC,0.009974428993673068
|e_y|,m,RUNNING_MPC,0.009637802173349273
|e_y|,m,RUNNING_MPC,0.009245827885846505
|e_y|,m,RUNNING_MPC,0.008995946151934692
|e_y|,m,RUNNING_MPC,0.009290802412372512
|e_y|,m,RUNNING_MPC,0.009179119617634346
|e_y|,m,RUNNING_MPC,0.00866457290906368
|e_y|,m,RUNNING_MPC,0.00848553428435797
|e_y|,m,RUNNING_MPC,0.008435368636611429
|e_y|,m,RUNNING_MPC,0.008986589664653044
|e_y|,m,RUNNING_MPC,0.009177553743612676
|e_y|,m,RUNNING_MPC,0.009571625554420107
|e_y|,m,RUNNING_MPC,0.010310458928984079
|e_y|,m,RUNNING_MPC,0.010231979925697854
|e_y|,m,RUNNING_MPC,0.010128090708178772
|e_y|,m,RUNNING_MPC,0.009662151934493561
|e_y|,m,RUNNING_MPC,0.008500376255821507
|e_y|,m,RUNNING_MPC,0.007745345466121878
|e_y|,m,RUNNING_MPC,0.008030113889207519
|e_y|,m,RUNNING_MPC,0.007294765053460911
|e_y|,m,RUNNING_MPC,0.0069267787977372874
|e_y|,m,RUNNING_MPC,0.006053699548480812
|e_y|,m,RUNNING_MPC,0.005622104918373075
|e_y|,m,RUNNING_MPC,0.005534098371745195
|e_y|,m,RUNNING_MPC,0.005704214082640546
|e_y|,m,RUNNING_MPC,0.004997647079095099
|e_y|,m,RUNNING_MPC,0.0054771230382239505
|e_y|,m,RUNNING_MPC,0.005541747219067805
|e_y|,m,RUNNING_MPC,0.00537973437110531
|e_y|,m,RUNNING_MPC,0.005054398496540713
|e_y|,m,RUNNING_MPC,0.0047559034665796834
|e_y|,m,RUNNING_MPC,0.004108148242254639
|e_y|,m,RUNNING_MPC,0.0035484613266575926
|e_y|,m,RUNNING_MPC,0.0037397694564567756
|e_y|,m,RUNNING_MPC,0.004670922502342356
|e_y|,m,RUNNING_MPC,0.0051107891601382405
|e_y|,m,RUNNING_MPC,0.004977116815307964
|e_y|,m,RUNNING_MPC,0.005504098555094816
|e_y|,m,RUNNING_MPC,0.005942296583452522
|e_y|,m,RUNNING_MPC,0.0057383917921193794
|e_y|,m,RUNNING_MPC,0.00575487528472117
|e_y|,m,RUNNING_MPC,0.005731868840344045
|e_y|,m,RUNNING_MPC,0.005837922792838235
|e_y|,m,RUNNING_MPC,0.006158641326736353
|e_y|,m,RUNNING_MPC,0.005463443679618858
|e_y|,m,RUNNING_MPC,0.005412467825964759
|e_y|,m,RUNNING_MPC,0.0037331988490257595
|e_y|,m,RUNNING_MPC,0.0039519312018758135
|e_y|,m,RUNNING_MPC,0.0038059461151538354
|e_y|,m,RUNNING_MPC,0.001936818284794417
|e_y|,m,RUNNING_MPC,0.0012978080193269265
|e_y|,m,RUNNING_MPC,0.0015178148799215863
|e_y|,m,RUNNING_MPC,8.621791118978983e-05
|e_y|,m,RUNNING_MPC,0.0014179924973612423
|e_y|,m,RUNNING_MPC,0.0014378883322547498
|e_y|,m,RUNNING_MPC,0.0019315976159611954
|e_y|,m,RUNNING_MPC,0.002355953790153964
|e_y|,m,RUNNING_MPC,0.003788039214735639
|e_y|,m,RUNNING_MPC,0.004337066307865789
|e_y|,m,RUNNING_MPC,0.00295497648538047
|e_y|,m,RUNNING_MPC,0.0008114163778672745
|e_y|,m,RUNNING_MPC,0.002776675862881217
|e_y|,m,RUNNING_MPC,0.009503768147808234
|e_y|,m,RUNNING_MPC,0.010828635817161016
|e_y|,m,RUNNING_MPC,0.005631528001390128
|e_y|,m,RUNNING_MPC,0.0042786326731144575
|e_y|,m,RUNNING_MPC,0.03040526656650501
|e_y|,m,RUNNING_MPC,0.05528249565923271
|e_y|,m,RUNNING_MPC,0.07824738259617242
|e_y|,m,RUNNING_MPC,0.0963063205624255
|e_y|,m,RUNNING_MPC,0.1046380513386613
|e_y|,m,RUNNING_MPC,0.10585638408946638
|e_y|,m,RUNNING_MPC,0.09679596765411685
|e_y|,m,RUNNING_MPC,0.08884369629984101
|e_y|,m,RUNNING_MPC,0.07981563223870936
|e_y|,m,RUNNING_MPC,0.07308343921936294
|e_y|,m,RUNNING_MPC,0.06770919697415057
|e_y|,m,RUNNING_MPC,0.07087320297147585
|e_y|,m,RUNNING_MPC,0.07173807769264828
|e_y|,m,RUNNING_MPC,0.08117883556327926
|e_y|,m,RUNNING_MPC,0.08748168828309016
|e_y|,m,RUNNING_MPC,0.09464704594574735
|e_y|,m,RUNNING_MPC,0.11217454269753149
|e_y|,m,RUNNING_MPC,0.12653722245383364
|e_y|,m,RUNNING_MPC,0.13077681527377816
|e_y|,m,RUNNING_MPC,0.13581035018578003
|e_y|,m,RUNNING_MPC,0.13077553751484683
|e_y|,m,RUNNING_MPC,0.12425450896121407
|e_y|,m,RUNNING_MPC,0.1103021924608035
|e_y|,m,RUNNING_MPC,0.10189464062519224
|e_y|,m,RUNNING_MPC,0.08384395079233617
|e_y|,m,RUNNING_MPC,0.08102278937700402
|e_y|,m,RUNNING_MPC,0.0985423701200069
|e_y|,m,RUNNING_MPC,0.13133810150317132
|e_y|,m,RUNNING_MPC,0.19895103568961275
|e_y|,m,RUNNING_MPC,0.24359516595632855
|e_y|,m,RUNNING_MPC,0.27359069665083413
|e_y|,m,RUNNING_MPC,0.29520328296357234
|e_y|,m,RUNNING_MPC,0.2786364630962751
|e_y|,m,RUNNING_MPC,0.23829269222476035
|e_y|,m,RUNNING_MPC,0.19453036492952086
|e_y|,m,RUNNING_MPC,0.1532467434460119
|e_y|,m,RUNNING_MPC,0.12267690903942938
|e_y|,m,RUNNING_MPC,0.10670253995898817
|e_y|,m,RUNNING_MPC,0.09287819758150828
|e_y|,m,RUNNING_MPC,0.09983282305895731
|e_y|,m,RUNNING_MPC,0.11179529358364948
|e_y|,m,RUNNING_MPC,0.1396793519443196
|e_y|,m,RUNNING_MPC,0.15959527721080055
|e_y|,m,RUNNING_MPC,0.21036439903919602
|e_y|,m,RUNNING_MPC,0.25502128646481836
|e_y|,m,RUNNING_MPC,0.3040062037623623
|e_y|,m,RUNNING_MPC,0.3414652585747838
|e_y|,m,RUNNING_MPC,0.3695367157857354
|e_y|,m,RUNNING_MPC,0.39663594873600266
|e_y|,m,RUNNING_MPC,0.41252208465931894
|e_y|,m,RUNNING_MPC,0.41249635015058633
|e_y|,m,RUNNING_MPC,0.40076526016082603
|e_y|,m,RUNNING_MPC,0.37874236459891975
|e_y|,m,RUNNING_MPC,0.3422463876338617
|e_y|,m,RUNNING_MPC,0.2839099321929345
|e_y|,m,RUNNING_MPC,0.20604950119386872
|e_y|,m,RUNNING_MPC,0.16249051878450446
|e_y|,m,RUNNING_MPC,0.11179469257301389
|e_y|,m,RUNNING_MPC,0.08516507764935408
|e_y|,m,RUNNING_MPC,0.07021160294639239
|e_y|,m,RUNNING_MPC,0.0699823430096409
|e_y|,m,RUNNING_MPC,0.07074269869574829
|e_y|,m,RUNNING_MPC,0.07949836713840197
|e_y|,m,RUNNING_MPC,0.09344251799999324
|e_y|,m,RUNNING_MPC,0.10567428433025922
|e_y|,m,RUNNING_MPC,0.1333178302749196
|e_y|,m,RUNNING_MPC,0.16373684096618632
|e_y|,m,RUNNING_MPC,0.17145588444041324
|e_y|,m,RUNNING_MPC,0.15227483383813536
|e_y|,m,RUNNING_MPC,0.10928680159139684
|e_y|,m,RUNNING_MPC,0.08767602475416075
|e_y|,m,RUNNING_MPC,0.08387251866174539
|e_y|,m,RUNNING_MPC,0.09792034676156955
|e_y|,m,RUNNING_MPC,0.07633519875050776
|e_y|,m,RUNNING_MPC,0.0019547415134454904
|e_y|,m,RUNNING_MPC,0.07472227574956958
|e_y|,m,RUNNING_MPC,0.12733506617695256
|e_y|,m,RUNNING_MPC,0.14964111473324798
|e_y|,m,RUNNING_MPC,0.151520867380082
|e_y|,m,RUNNING_MPC,0.13842909158498368
|e_y|,m,RUNNING_MPC,0.1104035595049046
|e_y|,m,RUNNING_MPC,0.09224295975419523
|e_y|,m,RUNNING_MPC,0.06787108944418402
|e_y|,m,RUNNING_MPC,0.03553280344837824
|e_y|,m,RUNNING_MPC,0.0202145442409324
|e_y|,m,RUNNING_MPC,0.009142977546155149
|e_y|,m,RUNNING_MPC,0.006085310677792777
|e_y|,m,RUNNING_MPC,0.01038546655695502
|e_y|,m,RUNNING_MPC,0.02355978030832473
|e_y|,m,RUNNING_MPC,0.05682465812438875
|e_y|,m,RUNNING_MPC,0.09327805515300217
|e_y|,m,RUNNING_MPC,0.13318176247274432
|e_y|,m,RUNNING_MPC,0.15506435963678816
|e_y|,m,RUNNING_MPC,0.156986332240921
|e_y|,m,RUNNING_MPC,0.14063645774571157
|e_y|,m,RUNNING_MPC,0.11432822718293811
|e_y|,m,RUNNING_MPC,0.08333382934711447
|e_y|,m,RUNNING_MPC,0.043953050901893
|e_y|,m,RUNNING_MPC,0.017490943027739736
|e_y|,m,RUNNING_MPC,0.007559364183836237
|e_y|,m,RUNNING_MPC,0.020626900935120485
|e_y|,m,RUNNING_MPC,0.022187368366730242
|e_y|,m,RUNNING_MPC,0.016793742075300794
|e_y|,m,RUNNING_MPC,0.005578020056825603
|e_y|,m,RUNNING_MPC,0.0051756031251201096
|e_y|,m,RUNNING_MPC,0.01416428834093627
|e_y|,m,RUNNING_MPC,0.029896310272536086
|e_y|,m,RUNNING_MPC,0.04104962519417579
|e_y|,m,RUNNING_MPC,0.052450661760186035
|e_y|,m,RUNNING_MPC,0.05797032201634301
|e_y|,m,RUNNING_MPC,0.05720974390528985
|e_y|,m,RUNNING_MPC,0.050141642201061376
|e_y|,m,RUNNING_MPC,0.036561818415738134
|e_y|,m,RUNNING_MPC,0.024594489873849754
|e_y|,m,RUNNING_MPC,0.00791678512282501
|e_y|,m,RUNNING_MPC,0.0012243232777309557
|e_y|,m,RUNNING_MPC,0.004582444680213182
|e_y|,m,RUNNING_MPC,0.0016560589830403039
|e_y|,m,RUNNING_MPC,0.008912173998032569
|e_y|,m,RUNNING_MPC,0.012968134472230566
|e_y|,m,RUNNING_MPC,0.019258916341223786
|e_y|,m,RUNNING_MPC,0.022986728275997514
|e_y|,m,RUNNING_MPC,0.025342321989540645
|e_y|,m,RUNNING_MPC,0.02661594370328017
|e_y|,m,RUNNING_MPC,0.0248376122311591
|e_y|,m,RUNNING_MPC,0.021920538330618577
|e_y|,m,RUNNING_MPC,0.017412230904655657
|e_y|,m,RUNNING_MPC,0.013078096434178118
|e_y|,m,RUNNING_MPC,0.0074739499156454
|e_y|,m,RUNNING_MPC,0.0024751517672552126
|e_y|,m,RUNNING_MPC,0.0009448610493640319
|e_y|,m,RUNNING_MPC,0.0054221515595994085
|e_y|,m,RUNNING_MPC,0.010052024160402379
|e_y|,m,RUNNING_MPC,0.014052237319668509
|e_y|,m,RUNNING_MPC,0.02119887890213676
|e_y|,m,RUNNING_MPC,0.029113588746476127
|e_y|,m,RUNNING_MPC,0.04244434033349509
|e_y|,m,RUNNING_MPC,0.05446284440638961
|e_y|,m,RUNNING_MPC,0.06214182554071293
|e_y|,m,RUNNING_MPC,0.06525482634141294
|e_y|,m,RUNNING_MPC,0.06258914078586475
|e_y|,m,RUNNING_MPC,0.05371668355045678
|e_y|,m,RUNNING_MPC,0.046192683092594444
|e_y|,m,RUNNING_MPC,0.040958044892601964
|e_y|,m,RUNNING_MPC,0.03534249363299313
|e_y|,m,RUNNING_MPC,0.03250728900027089
|e_y|,m,RUNNING_MPC,0.03115399818573395
|e_y|,m,RUNNING_MPC,0.030017811682897216
|e_y|,m,RUNNING_MPC,0.02935600702703617
|e_y|,m,RUNNING_MPC,0.029677980781052937
|e_y|,m,RUNNING_MPC,0.02984783517025294
|e_y|,m,RUNNING_MPC,0.02985686019992423
|e_y|,m,RUNNING_MPC,0.030185532888765465
|e_y|,m,RUNNING_MPC,0.0304730344698651
|e_y|,m,RUNNING_MPC,0.030384616770637307
|e_y|,m,RUNNING_MPC,0.03027599775482742
|e_y|,m,RUNNING_MPC,0.030054350175083067
|e_y|,m,RUNNING_MPC,0.029412740009330474
|e_y|,m,RUNNING_MPC,0.02867037654492549
|e_y|,m,RUNNING_MPC,0.028215935087645083
|e_y|,m,RUNNING_MPC,0.027078900271387596
|e_y|,m,RUNNING_MPC,0.026238690921889067
|e_y|,m,RUNNING_MPC,0.02569693051034644
|e_y|,m,RUNNING_MPC,0.023202866738128325
|e_y|,m,RUNNING_MPC,0.02164173868855282
|e_y|,m,RUNNING_MPC,0.019661554469426384
|e_y|,m,RUNNING_MPC,0.01624432164792594
|e_y|,m,RUNNING_MPC,0.012942551033088112
|e_y|,m,RUNNING_MPC,0.008673104297555106
|e_y|,m,RUNNING_MPC,0.004513811883909341
|e_y|,m,RUNNING_MPC,0.003259046102743135
|e_y|,m,RUNNING_MPC,0.007357162231080905
|e_y|,m,RUNNING_MPC,0.02329864209575408
|e_y|,m,RUNNING_MPC,0.0400130968042785
|e_y|,m,RUNNING_MPC,0.059008074194249166
|e_y|,m,RUNNING_MPC,0.07841159579000084
|e_y|,m,RUNNING_MPC,0.09650857478742457
|e_y|,m,RUNNING_MPC,0.12174159573720746
|e_y|,m,RUNNING_MPC,0.15261987113962833
|e_y|,m,RUNNING_MPC,0.18373873905235605
|e_y|,m,RUNNING_MPC,0.19699359852008813
|e_y|,m,RUNNING_MPC,0.23032404001985027
|e_y|,m,RUNNING_MPC,0.25292711186893774
|e_y|,m,RUNNING_MPC,0.2720843821781872
|e_y|,m,RUNNING_MPC,0.29853787148987576
|e_y|,m,RUNNING_MPC,0.33379227051821553
|e_y|,m,RUNNING_MPC,0.3638292896383081
|e_y|,m,RUNNING_MPC,0.3690966679467108
|e_y|,m,RUNNING_MPC,0.4075686549381551
|e_y|,m,RUNNING_MPC,0.4493642003116418
|e_y|,m,RUNNING_MPC,0.46311630904090684
|e_y|,m,RUNNING_MPC,0.5275943312598911
|e_y|,m,RUNNING_MPC,0.5343074940963758
|e_y|,m,RUNNING_MPC,0.5980017175982358
|e_y|,m,RUNNING_MPC,0.6378907064836368
|e_y|,m,RUNNING_MPC,0.682080887604598
|e_y|,m,RUNNING_MPC,0.6935851736275254
|e_y|,m,RUNNING_MPC,0.6817537405747838
|e_y|,m,RUNNING_MPC,0.6528866061577073
|e_y|,m,RUNNING_MPC,0.6340363933355281
|e_y|,m,RUNNING_MPC,0.5969237671889437
|e_y|,m,RUNNING_MPC,0.55455815986199
|e_y|,m,RUNNING_MPC,0.5405320754730244
|e_y|,m,RUNNING_MPC,0.4503939265721451
|e_y|,m,RUNNING_MPC,0.406999980268523
|e_y|,m,RUNNING_MPC,0.3250972798926465
|e_y|,m,RUNNING_MPC,0.2743516014835756
|e_y|,m,RUNNING_MPC,0.20155036158281275
|e_y|,m,RUNNING_MPC,0.1304015193695065
|e_y|,m,RUNNING_MPC,0.07880858064158028
|e_y|,m,RUNNING_MPC,0.010866948292997503
|e_y|,m,RUNNING_MPC,0.008711825603341182
|e_y|,m,RUNNING_MPC,0.057413242600993064
|e_y|,m,RUNNING_MPC,0.09352427084436132
|e_y|,m,RUNNING_MPC,0.11975009370864842
|e_y|,m,RUNNING_MPC,0.14320667215829647
|e_y|,m,RUNNING_MPC,0.16390454896095727
|e_y|,m,RUNNING_MPC,0.18545150883543438
|e_y|,m,RUNNING_MPC,0.197163182115543
|e_y|,m,RUNNING_MPC,0.22763836300181695
|e_y|,m,RUNNING_MPC,0.2618018669122491
|e_y|,m,RUNNING_MPC,0.29178924432886927
|e_y|,m,RUNNING_MPC,0.34527633791117784
|e_y|,m,RUNNING_MPC,0.3533590300429555
|e_y|,m,RUNNING_MPC,0.43321675787938907
|e_y|,m,RUNNING_MPC,0.5002727494062668
|e_y|,m,RUNNING_MPC,0.5446633874284583
|e_y|,m,RUNNING_MPC,0.5524794061950459
|e_y|,m,RUNNING_MPC,0.5700988929182564
|e_y|,m,RUNNING_MPC,0.5537284363677659
|e_y|,m,RUNNING_MPC,0.530236600471117
|e_y|,m,RUNNING_MPC,0.47782930245824273
|e_y|,m,RUNNING_MPC,0.4536096732570125
|e_y|,m,RUNNING_MPC,0.3953806875465238
|e_y|,m,RUNNING_MPC,0.3479780383013731
|e_y|,m,RUNNING_MPC,0.318352647639357
|e_y|,m,RUNNING_MPC,0.29200587256057225
|e_y|,m,RUNNING_MPC,0.2581110967546524
|e_y|,m,RUNNING_MPC,0.244281792175515
|e_y|,m,RUNNING_MPC,0.23927303827227145
|e_y|,m,RUNNING_MPC,0.2326560516832185
|e_y|,m,RUNNING_MPC,0.24052278039168573
|e_y|,m,RUNNING_MPC,0.2416371684052649
|e_y|,m,RUNNING_MPC,0.2518404951381993
|e_y|,m,RUNNING_MPC,0.2508657105365194
|e_y|,m,RUNNING_MPC,0.24441416680930095
|e_y|,m,RUNNING_MPC,0.21762272099562646
|e_y|,m,RUNNING_MPC,0.18021172838974941
|e_y|,m,RUNNING_MPC,0.12670948250022607
|e_y|,m,RUNNING_MPC,0.08376910617249539
|e_y|,m,RUNNING_MPC,0.02827667799233957
|e_y|,m,RUNNING_MPC,0.008581848573125495
|e_y|,m,RUNNING_MPC,0.010645871433663764
|e_y|,m,RUNNING_MPC,0.012495522369728423
|e_y|,m,RUNNING_MPC,0.01284236072996875
|e_y|,m,RUNNING_MPC,0.004107625469984555
|e_y|,m,RUNNING_MPC,0.008565455960821727
|e_y|,m,RUNNING_MPC,0.017254470902868135
|e_y|,m,RUNNING_MPC,0.02414424461385506
|e_y|,m,RUNNING_MPC,0.026840768663147663
|e_y|,m,RUNNING_MPC,0.03253707623845009
|e_y|,m,RUNNING_MPC,0.03884027368732728
|e_y|,m,RUNNING_MPC,0.04503074111956312
|e_y|,m,RUNNING_MPC,0.05322879881934886
|e_y|,m,RUNNING_MPC,0.061101144204712576
|e_y|,m,RUNNING_MPC,0.07246204517338033
|e_y|,m,RUNNING_MPC,0.08939751191422401
|e_y|,m,RUNNING_MPC,0.09820215399029827
|e_y|,m,RUNNING_MPC,0.11671492807626901
|e_y|,m,RUNNING_MPC,0.12557455278946295
|e_y|,m,RUNNING_MPC,0.13242856424998678
|e_y|,m,RUNNING_MPC,0.13663506714606516
|e_y|,m,RUNNING_MPC,0.13681735636525846
|e_y|,m,RUNNING_MPC,0.13993399275286064
|e_y|,m,RUNNING_MPC,0.1487769573928473
|e_y|,m,RUNNING_MPC,0.1598123625119142
|e_y|,m,RUNNING_MPC,0.1718341184641627
|e_y|,m,RUNNING_MPC,0.18269050344481563
|e_y|,m,RUNNING_MPC,0.19493920910867887
|e_y|,m,RUNNING_MPC,0.20001363546381756
|e_y|,m,RUNNING_MPC,0.19890593760382946
|e_y|,m,RUNNING_MPC,0.19571316796924057
|e_y|,m,RUNNING_MPC,0.20120781715491912
|e_y|,m,RUNNING_MPC,0.20330652270402264
|e_y|,m,RUNNING_MPC,0.2170919703650416
|e_y|,m,RUNNING_MPC,0.2218348893109351
|e_y|,m,RUNNING_MPC,0.2446651512829278
|e_y|,m,RUNNING_MPC,0.2527059692497615
|e_y|,m,RUNNING_MPC,0.25991874268194004
|e_y|,m,RUNNING_MPC,0.2567012114169516
|e_y|,m,RUNNING_MPC,0.25222490041278556
|e_y|,m,RUNNING_MPC,0.24592893301245516
|e_y|,m,RUNNING_MPC,0.25627421568061365
|e_y|,m,RUNNING_MPC,0.2448907758930129
|e_y|,m,RUNNING_MPC,0.231356584498885
|e_y|,m,RUNNING_MPC,0.2038038485238386
|e_y|,m,RUNNING_MPC,0.1554754779604239
|e_y|,m,RUNNING_MPC,0.12122880560077184
|e_y|,m,RUNNING_MPC,0.08155716136960764
|e_y|,m,RUNNING_MPC,0.058631420955805924
|e_y|,m,RUNNING_MPC,0.045328283604614834
|e_y|,m,RUNNING_MPC,0.028498872100636008
|e_y|,m,RUNNING_MPC,0.02325488578440793
|e_y|,m,RUNNING_MPC,0.016584266495409783
|e_y|,m,RUNNING_MPC,0.012081882945486455
|e_y|,m,RUNNING_MPC,0.004327780182703855
|e_y|,m,RUNNING_MPC,0.0016476042485319975
|e_y|,m,RUNNING_MPC,0.00476080101824522
|e_y|,m,RUNNING_MPC,0.006907033124306525
|e_y|,m,RUNNING_MPC,0.013543774699537076
|e_y|,m,RUNNING_MPC,0.02918960583368818
|e_y|,m,RUNNING_MPC,0.046315372951169276
|e_y|,m,RUNNING_MPC,0.066647383965553
|e_y|,m,RUNNING_MPC,0.07947559993930986
|e_y|,m,RUNNING_MPC,0.08781166112621441
|e_y|,m,RUNNING_MPC,0.09094648482780804
|e_y|,m,RUNNING_MPC,0.08688325751300424
|e_y|,m,RUNNING_MPC,0.08212577513449901
|e_y|,m,RUNNING_MPC,0.07004426305756994
|e_y|,m,RUNNING_MPC,0.0616422133502066
|e_y|,m,RUNNING_MPC,0.051875106181883596
|e_y|,m,RUNNING_MPC,0.04520131799296334
|e_y|,m,RUNNING_MPC,0.03778140645160784
|e_y|,m,RUNNING_MPC,0.032505879091489776
|e_y|,m,RUNNING_MPC,0.028311966959029385
|e_y|,m,RUNNING_MPC,0.023982497808681724
|e_y|,m,RUNNING_MPC,0.017865799964549373
|e_y|,m,RUNNING_MPC,0.011663470016064634
|e_y|,m,RUNNING_MPC,0.008121213569199426
|e_y|,m,RUNNING_MPC,0.008407360832261485
|e_y|,m,RUNNING_MPC,0.012549564582708714
|e_y|,m,RUNNING_MPC,0.01672734299046097
|e_y|,m,RUNNING_MPC,0.019384125616329184
|e_y|,m,RUNNING_MPC,0.019801994820089056
|e_y|,m,RUNNING_MPC,0.02019130393390739
|e_y|,m,RUNNING_MPC,0.021209464567059327
|e_y|,m,RUNNING_MPC,0.02384290402129796
|e_y|,m,RUNNING_MPC,0.026520584941534392
|e_y|,m,RUNNING_MPC,0.029894205657914785
|e_y|,m,RUNNING_MPC,0.031608770230422856
|e_y|,m,RUNNING_MPC,0.03116814197252961
|e_y|,m,RUNNING_MPC,0.028137835852019594
|e_y|,m,RUNNING_MPC,0.02509915981937111
|e_y|,m,RUNNING_MPC,0.01902428685720864
|e_y|,m,RUNNING_MPC,0.013449012785003905
|e_y|,m,RUNNING_MPC,0.009910248996752302
|e_y|,m,RUNNING_MPC,0.007373662095915834
|e_y|,m,RUNNING_MPC,0.006890767013921356
|e_y|,m,RUNNING_MPC,0.008335526331140819
|e_y|,m,RUNNING_MPC,0.010106922494304171
|e_y|,m,RUNNING_MPC,0.015831258117261493
|e_y|,m,RUNNING_MPC,0.021700042669898445
|e_y|,m,RUNNING_MPC,0.026122883641326953
|e_y|,m,RUNNING_MPC,0.0320309922904117
|e_y|,m,RUNNING_MPC,0.03386350948393274
|e_y|,m,RUNNING_MPC,0.034147177083881146
|e_y|,m,RUNNING_MPC,0.0323316568797907
|e_y|,m,RUNNING_MPC,0.028979040449894855
|e_y|,m,RUNNING_MPC,0.023466224698072413
|e_y|,m,RUNNING_MPC,0.019201232693847547
|e_y|,m,RUNNING_MPC,0.014945493768071354
|e_y|,m,RUNNING_MPC,0.0109955796540352
|e_y|,m,RUNNING_MPC,0.009189595723690519
|e_y|,m,RUNNING_MPC,0.009632885634563895
|e_y|,m,RUNNING_MPC,0.011818841529440446
|e_y|,m,RUNNING_MPC,0.014445836180071947
|e_y|,m,RUNNING_MPC,0.018786619802000887
|e_y|,m,RUNNING_MPC,0.022526969674134645
|e_y|,m,RUNNING_MPC,0.02657499978616934
|e_y|,m,RUNNING_MPC,0.028984843953670347
|e_y|,m,RUNNING_MPC,0.031750449410432924
|e_y|,m,RUNNING_MPC,0.03355708406652416
|e_y|,m,RUNNING_MPC,0.034534771471267434
|e_y|,m,RUNNING_MPC,0.030507301639807638
|e_y|,m,RUNNING_MPC,0.0238908205972993
|e_y|,m,RUNNING_MPC,0.016214617864059033
|e_y|,m,RUNNING_MPC,0.014731823982685223
|e_y|,m,RUNNING_MPC,0.017745324556516673
|e_y|,m,RUNNING_MPC,0.017324067217534045
|e_y|,m,RUNNING_MPC,0.0006541496322093054
|e_y|,m,RUNNING_MPC,0.01729820789164077
|e_y|,m,RUNNING_MPC,0.001196002305592081
|e_y|,m,RUNNING_MPC,0.016837084551805603
|e_y|,m,RUNNING_MPC,0.02055184005063765
|e_y|,m,RUNNING_MPC,0.016128315372972768
|e_y|,m,RUNNING_MPC,0.008879870780466759
|e_y|,m,RUNNING_MPC,0.0047623229021197255
|e_y|,m,RUNNING_MPC,0.002172048815159311
|e_y|,m,RUNNING_MPC,0.0017199607844626862
|e_y|,m,RUNNING_MPC,0.0021671134693138777
|e_y|,m,RUNNING_MPC,0.003680002232371221
|e_y|,m,RUNNING_MPC,0.005884680341116541
|e_y|,m,RUNNING_MPC,0.009478345414235853
|e_y|,m,RUNNING_MPC,0.012920003156896759
|e_y|,m,RUNNING_MPC,0.01446200545106946
|e_y|,m,RUNNING_MPC,0.01605099216009609
|e_y|,m,RUNNING_MPC,0.01663054757152277
|e_y|,m,RUNNING_MPC,0.015921985078789114
|e_y|,m,RUNNING_MPC,0.014771533897690092
|e_y|,m,RUNNING_MPC,0.012352515529609198
|e_y|,m,RUNNING_MPC,0.008687550752200124
|e_y|,m,RUNNING_MPC,0.003498717062875606
|e_y|,m,RUNNING_MPC,0.0010757651064423612
|e_y|,m,RUNNING_MPC,0.009290108540953745
|e_y|,m,RUNNING_MPC,0.017154275577193234
|e_y|,m,RUNNING_MPC,0.021331705645464827
|e_y|,m,RUNNING_MPC,0.02817200412126733
|e_y|,m,RUNNING_MPC,0.03213913671742777
|e_y|,m,RUNNING_MPC,0.03381402511130674
|e_y|,m,RUNNING_MPC,0.03549590308440507
|e_y|,m,RUNNING_MPC,0.035293401906063726
|e_y|,m,RUNNING_MPC,0.03451564928333027
|e_y|,m,RUNNING_MPC,0.0368372574138259
|e_y|,m,RUNNING_MPC,0.042379047234004597
|e_y|,m,RUNNING_MPC,0.05068991529406758
|e_y|,m,RUNNING_MPC,0.058168843792789894
|e_y|,m,RUNNING_MPC,0.06439037029889175
|e_y|,m,RUNNING_MPC,0.07303153519533408
|e_y|,m,RUNNING_MPC,0.07814128022487926
|e_y|,m,RUNNING_MPC,0.08081866895716283
|e_y|,m,RUNNING_MPC,0.08545909292059184
|e_y|,m,RUNNING_MPC,0.0921993517390056
|e_y|,m,RUNNING_MPC,0.09385730998232716
|e_y|,m,RUNNING_MPC,0.10061377481666141
|e_y|,m,RUNNING_MPC,0.10609266087021418
|e_y|,m,RUNNING_MPC,0.11396246121943156
|e_y|,m,RUNNING_MPC,0.12401675169246662
|e_y|,m,RUNNING_MPC,0.13545080550130753
|e_y|,m,RUNNING_MPC,0.1440224788942583
|e_y|,m,RUNNING_MPC,0.15871489394073224
|e_y|,m,RUNNING_MPC,0.16798699857571914
|e_y|,m,RUNNING_MPC,0.18768514425582655
|e_y|,m,RUNNING_MPC,0.19899081755661674
|e_y|,m,RUNNING_MPC,0.2238544466900228
|e_y|,m,RUNNING_MPC,0.246871515621025
|e_y|,m,RUNNING_MPC,0.2607146541828967
|e_y|,m,RUNNING_MPC,0.2799629291666472
|e_y|,m,RUNNING_MPC,0.2808703678041299
|e_y|,m,RUNNING_MPC,0.2791577936088644
|e_y|,m,RUNNING_MPC,0.260364709246732
|e_y|,m,RUNNING_MPC,0.24656804514836472
|e_y|,m,RUNNING_MPC,0.2151442682904375
|e_y|,m,RUNNING_MPC,0.19786742245353517
|e_y|,m,RUNNING_MPC,0.16833852625853346
|e_y|,m,RUNNING_MPC,0.13882154800863059
|e_y|,m,RUNNING_MPC,0.11502142973760274
|e_y|,m,RUNNING_MPC,0.10105725095003704
|e_y|,m,RUNNING_MPC,0.08585361247375775
|e_y|,m,RUNNING_MPC,0.07603376874121795
|e_y|,m,RUNNING_MPC,0.06316179843308073
|e_y|,m,RUNNING_MPC,0.05632898499759534
|e_y|,m,RUNNING_MPC,0.046347879291266915
|e_y|,m,RUNNING_MPC,0.03617081567943908
|e_y|,m,RUNNING_MPC,0.02380204814565416
|e_y|,m,RUNNING_MPC,0.013348710077494637
|e_y|,m,RUNNING_MPC,0.007077667507079495
|e_y|,m,RUNNING_MPC,0.0029199287238112826
|e_y|,m,RUNNING_MPC,0.008905408753334246
|e_y|,m,RUNNING_MPC,0.01764856255994986
|e_y|,m,RUNNING_MPC,0.02766073112410891
|e_y|,m,RUNNING_MPC,0.04042023667708584
|e_y|,m,RUNNING_MPC,0.055891168465912425
|e_y|,m,RUNNING_MPC,0.06825665778746759
|e_y|,m,RUNNING_MPC,0.08779476246873105
|e_y|,m,RUNNING_MPC,0.10171592025204157
|e_y|,m,RUNNING_MPC,0.10646570860252143
|e_y|,m,RUNNING_MPC,0.10290763972664992
|e_y|,m,RUNNING_MPC,0.09349582091278957
|e_y|,m,RUNNING_MPC,0.07593022924366485
|e_y|,m,RUNNING_MPC,0.06039299863802322
|e_y|,m,RUNNING_MPC,0.042698278100099255
|e_y|,m,RUNNING_MPC,0.032717026061468556
|e_y|,m,RUNNING_MPC,0.026619747778498647
|e_y|,m,RUNNING_MPC,0.02743895682621741
|e_y|,m,RUNNING_MPC,0.03161281581381628
|e_y|,m,RUNNING_MPC,0.04301257195377004
|e_y|,m,RUNNING_MPC,0.05467601266358271
|e_y|,m,RUNNING_MPC,0.06946016481778983
|e_y|,m,RUNNING_MPC,0.0863859125709354
|e_y|,m,RUNNING_MPC,0.10340720877379188
|e_y|,m,RUNNING_MPC,0.11814088435078099
|e_y|,m,RUNNING_MPC,0.12295066326694121
|e_y|,m,RUNNING_MPC,0.11538460631905538
|e_y|,m,RUNNING_MPC,0.10394716073358155
|e_y|,m,RUNNING_MPC,0.07693787199240304
|e_y|,m,RUNNING_MPC,0.056337642554571965
|e_y|,m,RUNNING_MPC,0.043356441003756296
|e_y|,m,RUNNING_MPC,0.04198951412723337
|e_y|,m,RUNNING_MPC,0.04710428379713178
|e_y|,m,RUNNING_MPC,0.05981910546528643
|e_y|,m,RUNNING_MPC,0.0815433664497332
|e_y|,m,RUNNING_MPC,0.12670154558661184
|e_y|,m,RUNNING_MPC,0.1674207646425708
|e_y|,m,RUNNING_MPC,0.2146169624118956
|e_y|,m,RUNNING_MPC,0.24691610902998198
|e_y|,m,RUNNING_MPC,0.279638465077511
|e_y|,m,RUNNING_MPC,0.2993260539422593
|e_y|,m,RUNNING_MPC,0.2984915131674904
|e_y|,m,RUNNING_MPC,0.2769018304692674
|e_y|,m,RUNNING_MPC,0.24163814040739062
|e_y|,m,RUNNING_MPC,0.19090911880542372
|e_y|,m,RUNNING_MPC,0.14899316931382062
|e_y|,m,RUNNING_MPC,0.09499861173128554
|e_y|,m,RUNNING_MPC,0.04665157970135114
|e_y|,m,RUNNING_MPC,0.012655456723667885
|e_y|,m,RUNNING_MPC,0.007182556295795686
|e_y|,m,RUNNING_MPC,0.01634053169826863
|e_y|,m,RUNNING_MPC,0.01436347331303911
|e_y|,m,RUNNING_MPC,0.0017839529159257156
|e_y|,m,RUNNING_MPC,0.009019105946823647
|e_y|,m,RUNNING_MPC,0.029736165743838805
|e_y|,m,RUNNING_MPC,0.04936860055499151
|e_y|,m,RUNNING_MPC,0.06477980616891327
|e_y|,m,RUNNING_MPC,0.07981176755898545
|e_y|,m,RUNNING_MPC,0.08633031245481694
|e_y|,m,RUNNING_MPC,0.08409514505399107
|e_y|,m,RUNNING_MPC,0.07450424789035137
|e_y|,m,RUNNING_MPC,0.06016921152765657
|e_y|,m,RUNNING_MPC,0.04093654764122967
|e_y|,m,RUNNING_MPC,0.019469863439465496
|e_y|,m,RUNNING_MPC,0.00115659903889187
|e_y|,m,RUNNING_MPC,0.014008055902374597
|e_y|,m,RUNNING_MPC,0.026892262554156554
|e_y|,m,RUNNING_MPC,0.030792312416651202
|e_y|,m,RUNNING_MPC,0.028549363268882577
|e_y|,m,RUNNING_MPC,0.023763664887032243
|e_y|,m,RUNNING_MPC,0.014375527542654809
|e_y|,m,RUNNING_MPC,0.0013114158399846962
|e_y|,m,RUNNING_MPC,0.012966875589961097
|e_y|,m,RUNNING_MPC,0.024033136983670433
|e_y|,m,RUNNING_MPC,0.03024432883454216
|e_y|,m,RUNNING_MPC,0.031454362473048336
|e_y|,m,RUNNING_MPC,0.0308852917443887
|e_y|,m,RUNNING_MPC,0.02726128194576971
|e_y|,m,RUNNING_MPC,0.019119918330009367
|e_y|,m,RUNNING_MPC,0.006520268555806286
|e_y|,m,RUNNING_MPC,0.004339428740433415
|e_y|,m,RUNNING_MPC,0.01954296944237091
|e_y|,m,RUNNING_MPC,0.03170796677991794
|e_y|,m,RUNNING_MPC,0.04608397549645421
|e_y|,m,RUNNING_MPC,0.055356544904073435
|e_y|,m,RUNNING_MPC,0.06301053728056077
|e_y|,m,RUNNING_MPC,0.06546429669026033
|e_y|,m,RUNNING_MPC,0.0659720002563624
|e_y|,m,RUNNING_MPC,0.06361628555158869
|e_y|,m,RUNNING_MPC,0.05943067498008919
|e_y|,m,RUNNING_MPC,0.05289101168580508
|e_y|,m,RUNNING_MPC,0.047538658993750704
|e_y|,m,RUNNING_MPC,0.04341163753380456
|e_y|,m,RUNNING_MPC,0.03941685091465813
|e_y|,m,RUNNING_MPC,0.03776765855773212
|e_y|,m,RUNNING_MPC,0.037511334609078184
|e_y|,m,RUNNING_MPC,0.03737383191485924
|e_y|,m,RUNNING_MPC,0.03746354676817415
|e_y|,m,RUNNING_MPC,0.03824939900612642
|e_y|,m,RUNNING_MPC,0.0384665745719697
|e_y|,m,RUNNING_MPC,0.03823253436955365
|e_y|,m,RUNNING_MPC,0.03748685105519728
|e_y|,m,RUNNING_MPC,0.03564279152634969
|e_y|,m,RUNNING_MPC,0.03468558536348454
|e_y|,m,RUNNING_MPC,0.034115302855960705
|e_y|,m,RUNNING_MPC,0.0341873910097449
|e_y|,m,RUNNING_MPC,0.03332935842669893
|e_y|,m,RUNNING_MPC,0.034354571112328425
|e_y|,m,RUNNING_MPC,0.0368648674779192
|e_y|,m,RUNNING_MPC,0.04114410596080124
|e_y|,m,RUNNING_MPC,0.04251990800694577
|e_y|,m,RUNNING_MPC,0.05270432388538843
|e_y|,m,RUNNING_MPC,0.057786305901211976
|e_y|,m,RUNNING_MPC,0.06707794647538282
|e_y|,m,RUNNING_MPC,0.07620040276050813
|e_y|,m,RUNNING_MPC,0.08311305585881866
|e_y|,m,RUNNING_MPC,0.0852782777266351
|e_y|,m,RUNNING_MPC,0.09398068931084536
|e_y|,m,RUNNING_MPC,0.10268323885056074
|e_y|,m,RUNNING_MPC,0.11108461888204094
|e_y|,m,RUNNING_MPC,0.11979309044954727
|e_y|,m,RUNNING_MPC,0.12993897140150856
|e_y|,m,RUNNING_MPC,0.13865526058900082
|e_y|,m,RUNNING_MPC,0.14532187393932725
|e_y|,m,RUNNING_MPC,0.1545607171214144
|e_y|,m,RUNNING_MPC,0.17144095141542431
|e_y|,m,RUNNING_MPC,0.18602516330202476
|e_y|,m,RUNNING_MPC,0.196713060201991
|e_y|,m,RUNNING_MPC,0.20268164672009542
|e_y|,m,RUNNING_MPC,0.2177584532429705
|e_y|,m,RUNNING_MPC,0.23301914530767787
|e_y|,m,RUNNING_MPC,0.24710800721867582
|e_y|,m,RUNNING_MPC,0.25574300370565484
|e_y|,m,RUNNING_MPC,0.25873389432566285
|e_y|,m,RUNNING_MPC,0.27647248185623446
|e_y|,m,RUNNING_MPC,0.2918960349090722
|e_y|,m,RUNNING_MPC,0.3029914399749647
|e_y|,m,RUNNING_MPC,0.3102011349600173
|e_y|,m,RUNNING_MPC,0.32829975465278194
|e_y|,m,RUNNING_MPC,0.3530801492118475
|e_y|,m,RUNNING_MPC,0.3744362541417259
|e_y|,m,RUNNING_MPC,0.3897820282716022
|e_y|,m,RUNNING_MPC,0.3986326361474634
|e_y|,m,RUNNING_MPC,0.42657978551387743
|e_y|,m,RUNNING_MPC,0.451936400624766
|e_y|,m,RUNNING_MPC,0.46981703142251485
|e_y|,m,RUNNING_MPC,0.4901677862757805
|e_y|,m,RUNNING_MPC,0.493287912179904
|e_y|,m,RUNNING_MPC,0.5061829253650163
|e_y|,m,RUNNING_MPC,0.5112731307391899
|e_y|,m,RUNNING_MPC,0.5124406253320619
|e_y|,m,RUNNING_MPC,0.5024176901451592
|e_y|,m,RUNNING_MPC,0.48636455575205695
|e_y|,m,RUNNING_MPC,0.4628745712775114
|e_y|,m,RUNNING_MPC,0.4320570750374837
|e_y|,m,RUNNING_MPC,0.39816396756115796
|e_y|,m,RUNNING_MPC,0.357984631829673
|e_y|,m,RUNNING_MPC,0.3126036079019768
|e_y|,m,RUNNING_MPC,0.2728478378055124
|e_y|,m,RUNNING_MPC,0.22677571501343846
|e_y|,m,RUNNING_MPC,0.18737396816124086
|e_y|,m,RUNNING_MPC,0.1604960686102383
|e_y|,m,RUNNING_MPC,0.13491950195675106
|e_y|,m,RUNNING_MPC,0.12333663257390101
|e_y|,m,RUNNING_MPC,0.10736922791102518
|e_y|,m,RUNNING_MPC,0.10264572933812752
|e_y|,m,RUNNING_MPC,0.08191736173126175
|e_y|,m,RUNNING_MPC,0.0559700390173086
|e_y|,m,RUNNING_MPC,0.026332388654927513
|e_y|,m,RUNNING_MPC,0.004060596598933167
|e_y|,m,RUNNING_MPC,0.030913955377318614
|e_y|,m,RUNNING_MPC,0.043908765405073796
|e_y|,m,RUNNING_MPC,0.05916910939833908
|e_y|,m,RUNNING_MPC,0.06352343674853009
|e_y|,m,RUNNING_MPC,0.06159549131157868
|e_y|,m,RUNNING_MPC,0.0548389588697934
|e_y|,m,RUNNING_MPC,0.04721509582607619
|e_y|,m,RUNNING_MPC,0.03759241842218711
|e_y|,m,RUNNING_MPC,0.028691667459789225
|e_y|,m,RUNNING_MPC,0.023347830372575207
|e_y|,m,RUNNING_MPC,0.016776368382472914
|e_y|,m,RUNNING_MPC,0.013971225088475168
|e_y|,m,RUNNING_MPC,0.010315367884499271
|e_y|,m,RUNNING_MPC,0.011107121489409205
|e_y|,m,RUNNING_MPC,0.013151464797229312
|e_y|,m,RUNNING_MPC,0.015240805082808617
|e_y|,m,RUNNING_MPC,0.019088668189086944
|e_y|,m,RUNNING_MPC,0.02260391516476523
|e_y|,m,RUNNING_MPC,0.02709376414175986
|e_y|,m,RUNNING_MPC,0.03656476142378213
|e_y|,m,RUNNING_MPC,0.04748526094552541
|e_y|,m,RUNNING_MPC,0.054626710800575795
|e_y|,m,RUNNING_MPC,0.07575354842149826
|e_y|,m,RUNNING_MPC,0.09563973085823221
|e_y|,m,RUNNING_MPC,0.12291891245273914
|e_y|,m,RUNNING_MPC,0.14081037215997008
|e_y|,m,RUNNING_MPC,0.1632404552965197
|e_y|,m,RUNNING_MPC,0.18106251046481703
|e_y|,m,RUNNING_MPC,0.20845669416169632
|e_y|,m,RUNNING_MPC,0.2362338797894583
|e_y|,m,RUNNING_MPC,0.25713207868153876
|e_y|,m,RUNNING_MPC,0.268455240302936
|e_y|,m,RUNNING_MPC,0.29620196702547624
|e_y|,m,RUNNING_MPC,0.32104728167610563
|e_y|,m,RUNNING_MPC,0.3473106719828374
|e_y|,m,RUNNING_MPC,0.36591679740052785
|e_y|,m,RUNNING_MPC,0.3917099546312438
|e_y|,m,RUNNING_MPC,0.41180562605828297
|e_y|,m,RUNNING_MPC,0.4485459046586028
|e_y|,m,RUNNING_MPC,0.4928978119409279
|e_y|,m,RUNNING_MPC,0.5114931769735217
|e_y|,m,RUNNING_MPC,0.5160237725876521
|e_y|,m,RUNNING_MPC,0.5039640253778601
|e_y|,m,RUNNING_MPC,0.5136700241887724
|e_y|,m,RUNNING_MPC,0.51282471362174
|e_y|,m,RUNNING_MPC,0.5024605480752101
|e_y|,m,RUNNING_MPC,0.5042544562036541
|e_y|,m,RUNNING_MPC,0.5165666578718056
|e_y|,m,RUNNING_MPC,0.5198220346852284
|e_y|,m,RUNNING_MPC,0.5125751444308828
|e_y|,m,RUNNING_MPC,0.5244525873406237
|e_y|,m,RUNNING_MPC,0.5388326004117507
|e_y|,m,RUNNING_MPC,0.5413009568772518
|e_y|,m,RUNNING_MPC,0.5302893866247289
|e_y|,m,RUNNING_MPC,0.5437529512087775
|e_y|,m,RUNNING_MPC,0.5435016874225435
|e_y|,m,RUNNING_MPC,0.5283777640087162
|e_y|,m,RUNNING_MPC,0.5129938957337247
|e_y|,m,RUNNING_MPC,0.5117947927974488
|e_y|,m,RUNNING_MPC,0.500083723181255
|e_y|,m,RUNNING_MPC,0.4820564557004045
|e_y|,m,RUNNING_MPC,0.45875432142874484
|e_y|,m,RUNNING_MPC,0.44255827222861766
|e_y|,m,RUNNING_MPC,0.41849045128691015
|e_y|,m,RUNNING_MPC,0.39129407885689477
|e_y|,m,RUNNING_MPC,0.37317194855355074
|e_y|,m,RUNNING_MPC,0.3431461829315132
|e_y|,m,RUNNING_MPC,0.3237620208520592
|e_y|,m,RUNNING_MPC,0.2948592108904543
|e_y|,m,RUNNING_MPC,0.27509866766212066
|e_y|,m,RUNNING_MPC,0.24670139341260344
|e_y|,m,RUNNING_MPC,0.2269992911847638
|e_y|,m,RUNNING_MPC,0.20939601796162638
|e_y|,m,RUNNING_MPC,0.1885642884326763
|e_y|,m,RUNNING_MPC,0.16862862410887103
|e_y|,m,RUNNING_MPC,0.15190967804237968
|e_y|,m,RUNNING_MPC,0.12556594869663407
|e_y|,m,RUNNING_MPC,0.10527522578271475
|e_y|,m,RUNNING_MPC,0.07792851708044818
|e_y|,m,RUNNING_MPC,0.04354629174377081
|e_y|,m,RUNNING_MPC,0.020579010405662568
|e_y|,m,RUNNING_MPC,0.008705040016703969
|e_y|,m,RUNNING_MPC,0.002181867825794659
|e_y|,m,RUNNING_MPC,0.00016010157006240977
|e_y|,m,RUNNING_MPC,0.008667396151428843
|e_y|,m,RUNNING_MPC,0.023794105364560725
|e_y|,m,RUNNING_MPC,0.034661467735146806
|e_y|,m,RUNNING_MPC,0.05364979700955824
|e_y|,m,RUNNING_MPC,0.07181538537869438
|e_y|,m,RUNNING_MPC,0.08727203370201031
|e_y|,m,RUNNING_MPC,0.09688489422821742
|e_y|,m,RUNNING_MPC,0.10596715756151437
|e_y|,m,RUNNING_MPC,0.11533169357457812
|e_y|,m,RUNNING_MPC,0.11880247728128308
|e_y|,m,RUNNING_MPC,0.11973563352713928
|e_y|,m,RUNNING_MPC,0.12014557353003544
|e_y|,m,RUNNING_MPC,0.11711112150533742
|e_y|,m,RUNNING_MPC,0.10600617218014712
|e_y|,m,RUNNING_MPC,0.08212316767145872
|e_y|,m,RUNNING_MPC,0.05974447220615212
|e_y|,m,RUNNING_MPC,0.03655583505783236
|e_y|,m,RUNNING_MPC,0.02435152239739967
|e_y|,m,RUNNING_MPC,0.01987862965092434
|e_y|,m,RUNNING_MPC,0.02082727155138804
|e_y|,m,RUNNING_MPC,0.02997499143483536
|e_y|,m,RUNNING_MPC,0.042935476476640484
|e_y|,m,RUNNING_MPC,0.05543972566983176
|e_y|,m,RUNNING_MPC,0.06862599618521224
|e_y|,m,RUNNING_MPC,0.07444174127675815
|e_y|,m,RUNNING_MPC,0.07881772660497904
|e_y|,m,RUNNING_MPC,0.07133121142573155
|e_y|,m,RUNNING_MPC,0.06551383284441462
|e_y|,m,RUNNING_MPC,0.049597920564042317
|e_y|,m,RUNNING_MPC,0.041310257906875536
|e_y|,m,RUNNING_MPC,0.029321778406111547
|e_y|,m,RUNNING_MPC,0.031237528484978766
|e_y|,m,RUNNING_MPC,0.04449770183776363
|e_y|,m,RUNNING_MPC,0.06734546902656677
|e_y|,m,RUNNING_MPC,0.08995366151198297
|e_y|,m,RUNNING_MPC,0.1432198783776979
|e_y|,m,RUNNING_MPC,0.17935134188917104
|e_y|,m,RUNNING_MPC,0.21600277895628683
|e_y|,m,RUNNING_MPC,0.2607392024484079
|e_y|,m,RUNNING_MPC,0.3193084035030074
|e_y|,m,RUNNING_MPC,0.36190145465073825
|e_y|,m,RUNNING_MPC,0.4005818141489955
|e_y|,m,RUNNING_MPC,0.43220066015313896
|e_y|,m,RUNNING_MPC,0.4405989620670895
|e_y|,m,RUNNING_MPC,0.42326116985561874
|e_y|,m,RUNNING_MPC,0.37309150989666057
|e_y|,m,RUNNING_MPC,0.31735756490925304
|e_y|,m,RUNNING_MPC,0.2554118339163345
|e_y|,m,RUNNING_MPC,0.19086836904438903
|e_y|,m,RUNNING_MPC,0.11139311816242242
|e_y|,m,RUNNING_MPC,0.08162650820984285
|e_y|,m,RUNNING_MPC,0.04786106103776816
|e_y|,m,RUNNING_MPC,0.043135404890144405
|e_y|,m,RUNNING_MPC,0.047065319005470174
|e_y|,m,RUNNING_MPC,0.05526670712266349
|e_y|,m,RUNNING_MPC,0.07361711957902364
|e_y|,m,RUNNING_MPC,0.08786642085338725
|e_y|,m,RUNNING_MPC,0.09614579605536705
|e_y|,m,RUNNING_MPC,0.1073575000160365
|e_y|,m,RUNNING_MPC,0.1075952311010658
|e_y|,m,RUNNING_MPC,0.09826180318863315
|e_y|,m,RUNNING_MPC,0.07741280108147697
|e_y|,m,RUNNING_MPC,0.053580808825423265
|e_y|,m,RUNNING_MPC,0.037403082495958695
|e_y|,m,RUNNING_MPC,0.024484023124568433
|e_y|,m,RUNNING_MPC,0.02027010465890766
|e_y|,m,RUNNING_MPC,0.01848709698762993
|e_y|,m,RUNNING_MPC,0.021846382847361845
|e_y|,m,RUNNING_MPC,0.025556996242840288
|e_y|,m,RUNNING_MPC,0.03021626494526372
|e_y|,m,RUNNING_MPC,0.032004616980326
|e_y|,m,RUNNING_MPC,0.030574853245218553
|e_y|,m,RUNNING_MPC,0.027456945608182903
|e_y|,m,RUNNING_MPC,0.017891546152192545
|e_y|,m,RUNNING_MPC,0.008512094125492725
|e_y|,m,RUNNING_MPC,0.0004957504993906015
|e_y|,m,RUNNING_MPC,0.007892338325108439
|e_y|,m,RUNNING_MPC,0.012457802900982529
|e_y|,m,RUNNING_MPC,0.013152013651132846
|e_y|,m,RUNNING_MPC,0.010115738870451946
|e_y|,m,RUNNING_MPC,0.003781123888053517
|e_y|,m,RUNNING_MPC,0.003062160451401761
|e_y|,m,RUNNING_MPC,0.012629077590817633
|e_y|,m,RUNNING_MPC,0.019596609277405697
|e_y|,m,RUNNING_MPC,0.026381125627332108
|e_y|,m,RUNNING_MPC,0.02997169967849911
|e_y|,m,RUNNING_MPC,0.030341409477810277
|e_y|,m,RUNNING_MPC,0.02613129555862226
|e_y|,m,RUNNING_MPC,0.020873781091325677
|e_y|,m,RUNNING_MPC,0.01490735299138439
|e_y|,m,RUNNING_MPC,0.0054328787853943905
|e_y|,m,RUNNING_MPC,0.00014837362341946214
|e_y|,m,RUNNING_MPC,0.0035036964423765804
|e_y|,m,RUNNING_MPC,0.007131843345003719
|e_y|,m,RUNNING_MPC,0.007395685858631942
|e_y|,m,RUNNING_MPC,0.0047308841855359385
|e_y|,m,RUNNING_MPC,0.001643804401395721
|e_y|,m,RUNNING_MPC,0.00640187346952345
|e_y|,m,RUNNING_MPC,0.01411609096705374
|e_y|,m,RUNNING_MPC,0.020952447867038204
|e_y|,m,RUNNING_MPC,0.024033775027586413
|e_y|,m,RUNNING_MPC,0.026172066018658624
|e_y|,m,RUNNING_MPC,0.023654450460074028
|e_y|,m,RUNNING_MPC,0.019993323597024434
|e_y|,m,RUNNING_MPC,0.014621111789785618
|e_y|,m,RUNNING_MPC,0.00866916155551653
|e_y|,m,RUNNING_MPC,0.00414913913390938
|e_y|,m,RUNNING_MPC,0.0010029359905995294
|e_y|,m,RUNNING_MPC,0.004112187956715682
|e_y|,m,RUNNING_MPC,0.004745516725864485
|e_y|,m,RUNNING_MPC,0.003483462041801
|e_y|,m,RUNNING_MPC,0.0002983132903136704
|e_y|,m,RUNNING_MPC,0.004193986737121763
|e_y|,m,RUNNING_MPC,0.009228329211530883
|e_y|,m,RUNNING_MPC,0.013123482136433884
|e_y|,m,RUNNING_MPC,0.01620979241297152
|e_y|,m,RUNNING_MPC,0.01864619083644692
|e_y|,m,RUNNING_MPC,0.018092173266063605
|e_y|,m,RUNNING_MPC,0.015763196929427264
|e_y|,m,RUNNING_MPC,0.010995578128703887
|e_y|,m,RUNNING_MPC,0.006232147225680631
|e_y|,m,RUNNING_MPC,0.0009616967970280943
|e_y|,m,RUNNING_MPC,0.00285168286407414
|e_y|,m,RUNNING_MPC,0.006584625958778956
|e_y|,m,RUNNING_MPC,0.006468305950587061
|e_y|,m,RUNNING_MPC,0.004447097968208941
|e_y|,m,RUNNING_MPC,0.0008821803496416314
|e_y|,m,RUNNING_MPC,0.005480572326015187
|e_y|,m,RUNNING_MPC,0.012483411567607877
|e_y|,m,RUNNING_MPC,0.018228253523476012
|e_y|,m,RUNNING_MPC,0.02076112721574817
|e_y|,m,RUNNING_MPC,0.02031369683444581
|e_y|,m,RUNNING_MPC,0.016845121757414927
|e_y|,m,RUNNING_MPC,0.01206264214391782
|e_y|,m,RUNNING_MPC,0.006501014016327911
|e_y|,m,RUNNING_MPC,0.0008604475255208355
|e_y|,m,RUNNING_MPC,0.004188915385267611
|e_y|,m,RUNNING_MPC,0.004563809911214654
|e_y|,m,RUNNING_MPC,0.002350909234334647
|e_y|,m,RUNNING_MPC,0.0023618877479227862
|e_y|,m,RUNNING_MPC,0.005681500291984942
|e_y|,m,RUNNING_MPC,0.012058386550716726
|e_y|,m,RUNNING_MPC,0.01492195416919151
|e_y|,m,RUNNING_MPC,0.015800029489638323
|e_y|,m,RUNNING_MPC,0.014504337167861203
|e_y|,m,RUNNING_MPC,0.012105287530571829
|e_y|,m,RUNNING_MPC,0.007690107002832791
|e_y|,m,RUNNING_MPC,0.0073174589928063916
|e_y|,m,RUNNING_MPC,0.010836203713575673
|e_y|,m,RUNNING_MPC,0.022610504237941365
|e_y|,m,RUNNING_MPC,0.028477446244474458
|e_y|,m,RUNNING_MPC,0.02359016306212408
|e_y|,m,RUNNING_MPC,0.016325901842362288
|e_y|,m,RUNNING_MPC,0.0005339258786274947
|e_y|,m,RUNNING_MPC,0.008889632747893284
|e_y|,m,RUNNING_MPC,0.012058335131049813
|e_y|,m,RUNNING_MPC,0.008355813008313506
|e_y|,m,RUNNING_MPC,0.0015105973825260688
|e_y|,m,RUNNING_MPC,0.008631018340299945
|e_y|,m,RUNNING_MPC,0.01695435967589423
|e_y|,m,RUNNING_MPC,0.02240165889694643
|e_y|,m,RUNNING_MPC,0.024216284467812627
|e_y|,m,RUNNING_MPC,0.02299189739781904
|e_y|,m,RUNNING_MPC,0.021155081791890684
|e_y|,m,RUNNING_MPC,0.01595477360488956
|e_y|,m,RUNNING_MPC,0.010143195899801283
|e_y|,m,RUNNING_MPC,0.006828782896744046
|e_y|,m,RUNNING_MPC,0.0031193135714599474
|e_y|,m,RUNNING_MPC,0.001597033088996891
|e_y|,m,RUNNING_MPC,0.0009311589295243894
|e_y|,m,RUNNING_MPC,0.001551629799954296
|e_y|,m,RUNNING_MPC,0.0029506197355991803
|e_y|,m,RUNNING_MPC,0.005628750063412236
|e_y|,m,RUNNING_MPC,0.009201050584825787
|e_y|,m,RUNNING_MPC,0.012786134690369884
|e_y|,m,RUNNING_MPC,0.014379494151869232
|e_y|,m,RUNNING_MPC,0.013947108938490466
|e_y|,m,RUNNING_MPC,0.01277210565642728
|e_y|,m,RUNNING_MPC,0.008740073791498975
|e_y|,m,RUNNING_MPC,0.0032445228028405437
|e_y|,m,RUNNING_MPC,0.0002122542374464187
|e_y|,m,RUNNING_MPC,0.002204300550105509
|e_y|,m,RUNNING_MPC,0.0031444744311975997
|e_y|,m,RUNNING_MPC,0.0011584518480900474
|e_y|,m,RUNNING_MPC,0.0054611431871745275
|e_y|,m,RUNNING_MPC,0.013347518575881678
|e_y|,m,RUNNING_MPC,0.022405522906089825
|e_y|,m,RUNNING_MPC,0.02652224606009418
|e_y|,m,RUNNING_MPC,0.025971969652379273
|e_y|,m,RUNNING_MPC,0.01978120693654742
|e_y|,m,RUNNING_MPC,0.009134513159781983
|e_y|,m,RUNNING_MPC,0.004275089900695535
|e_y|,m,RUNNING_MPC,0.01519631998137716
|e_y|,m,RUNNING_MPC,0.02806215235920695
|e_y|,m,RUNNING_MPC,0.03901926826454333
|e_y|,m,RUNNING_MPC,0.04540057105545903
|e_y|,m,RUNNING_MPC,0.04691047531251141
|e_y|,m,RUNNING_MPC,0.03621317427909118
|e_y|,m,RUNNING_MPC,0.0269488169699984
|e_y|,m,RUNNING_MPC,0.006512068418818129
|e_y|,m,RUNNING_MPC,0.008891533789891548
|e_y|,m,RUNNING_MPC,0.018085105388951223
|e_y|,m,RUNNING_MPC,0.020910578794855694
|e_y|,m,RUNNING_MPC,0.021246673230005564
|e_y|,m,RUNNING_MPC,0.020641744402690898
|e_y|,m,RUNNING_MPC,0.02352351741686262
|e_y|,m,RUNNING_MPC,0.027721477552252793
|e_y|,m,RUNNING_MPC,0.04352878424214196
|e_y|,m,RUNNING_MPC,0.05593078510718791
|e_y|,m,RUNNING_MPC,0.0812881573392572
|e_y|,m,RUNNING_MPC,0.10173741606252854
|e_y|,m,RUNNING_MPC,0.12112705900836268
|e_y|,m,RUNNING_MPC,0.13864088927537543
|e_y|,m,RUNNING_MPC,0.15563064547222671
|e_y|,m,RUNNING_MPC,0.18181204829031866
|e_y|,m,RUNNING_MPC,0.2071727626276456
|e_y|,m,RUNNING_MPC,0.2267040891157209
|e_y|,m,RUNNING_MPC,0.23855109095658056
|e_y|,m,RUNNING_MPC,0.24036215324492796
|e_y|,m,RUNNING_MPC,0.25449917249309817
|e_y|,m,RUNNING_MPC,0.27522801833265365
|e_y|,m,RUNNING_MPC,0.3003458269138985
|e_y|,m,RUNNING_MPC,0.3093092727577623
|e_y|,m,RUNNING_MPC,0.3241662262072265
|e_y|,m,RUNNING_MPC,0.3241384263410885
|e_y|,m,RUNNING_MPC,0.2953421811638154
|e_y|,m,RUNNING_MPC,0.24821348406747923
|e_y|,m,RUNNING_MPC,0.21721213659066996
|e_y|,m,RUNNING_MPC,0.19219384071467388
|e_y|,m,RUNNING_MPC,0.1804794392871894
|e_y|,m,RUNNING_MPC,0.17027980295061818
|e_y|,m,RUNNING_MPC,0.17387734722009174
|e_y|,m,RUNNING_MPC,0.17042733796782192
|e_y|,m,RUNNING_MPC,0.16414100720713637
|e_y|,m,RUNNING_MPC,0.16392244789401272
|e_y|,m,RUNNING_MPC,0.15963326049294851
|e_y|,m,RUNNING_MPC,0.15656878585217182
|e_y|,m,RUNNING_MPC,0.16391140362380088
|e_y|,m,RUNNING_MPC,0.18585696514972522
|e_y|,m,RUNNING_MPC,0.20101827082097012
|e_y|,m,RUNNING_MPC,0.23519523759989988
|e_y|,m,RUNNING_MPC,0.25867531757509327
|e_y|,m,RUNNING_MPC,0.2900000644206583
|e_y|,m,RUNNING_MPC,0.30810934736373435
|e_y|,m,RUNNING_MPC,0.34668749202967586
|e_y|,m,RUNNING_MPC,0.380971875944513
|e_y|,m,RUNNING_MPC,0.40481580686537777
|e_y|,m,RUNNING_MPC,0.4484813401023031
|e_y|,m,RUNNING_MPC,0.4716606320077872
|e_y|,m,RUNNING_MPC,0.4963526935951971
|e_y|,m,RUNNING_MPC,0.5075142552843315
|e_y|,m,RUNNING_MPC,0.5146032779746752
|e_y|,m,RUNNING_MPC,0.508621783975919
|e_y|,m,RUNNING_MPC,0.47057830753116875
|e_y|,m,RUNNING_MPC,0.417161868846075
|e_y|,m,RUNNING_MPC,0.37725709511368843
|e_y|,m,RUNNING_MPC,0.3280407442902621
|e_y|,m,RUNNING_MPC,0.3149810371049965
|e_y|,m,RUNNING_MPC,0.2765603768686587
|e_y|,m,RUNNING_MPC,0.2375736063099696
|e_y|,m,RUNNING_MPC,0.22206949598237372
|e_y|,m,RUNNING_MPC,0.21345715737370732
|e_y|,m,RUNNING_MPC,0.2196452184112791
|e_y|,m,RUNNING_MPC,0.22845508930192826
|e_y|,m,RUNNING_MPC,0.23035366435187393
|e_y|,m,RUNNING_MPC,0.2302712279108378
|e_y|,m,RUNNING_MPC,0.21165348047690266
|e_y|,m,RUNNING_MPC,0.16822573090610954
|e_y|,m,RUNNING_MPC,0.10857341440002395
|e_y|,m,RUNNING_MPC,0.06642765744913284
|e_y|,m,RUNNING_MPC,0.045000657276938194
|e_y|,m,RUNNING_MPC,0.013155377796373885
|e_y|,m,RUNNING_MPC,0.059594309313642534
|e_y|,m,RUNNING_MPC,0.09122158657219218
|e_y|,m,RUNNING_MPC,0.10580725039588935
|e_y|,m,RUNNING_MPC,0.1174680487667395
|e_y|,m,RUNNING_MPC,0.12165780680672006
|e_y|,m,RUNNING_MPC,0.12354199479586059
|e_y|,m,RUNNING_MPC,0.1286340962415516
|e_y|,m,RUNNING_MPC,0.13029814080385896
|e_y|,m,RUNNING_MPC,0.13490205052181842
|e_y|,m,RUNNING_MPC,0.14245428494101017
|e_y|,m,RUNNING_MPC,0.15659596718634017
|e_y|,m,RUNNING_MPC,0.16719475626389668
|e_y|,m,RUNNING_MPC,0.1884952068929051
|e_y|,m,RUNNING_MPC,0.22559906058378792
|e_y|,m,RUNNING_MPC,0.24504811047412095
|e_y|,m,RUNNING_MPC,0.2799675847639799
|e_y|,m,RUNNING_MPC,0.3029353378387709
|e_y|,m,RUNNING_MPC,0.32338274408623424
|e_y|,m,RUNNING_MPC,0.3492605641351403
|e_y|,m,RUNNING_MPC,0.3533363037649934
|e_y|,m,RUNNING_MPC,0.37129695863379997
|e_y|,m,RUNNING_MPC,0.36710923373030613
|e_y|,m,RUNNING_MPC,0.3699634683727953
|e_y|,m,RUNNING_MPC,0.3672358080080784
|e_y|,m,RUNNING_MPC,0.35655466678062986
|e_y|,m,RUNNING_MPC,0.35966358550115896
|e_y|,m,RUNNING_MPC,0.3512660152231417
|e_y|,m,RUNNING_MPC,0.3373694878872645
|e_y|,m,RUNNING_MPC,0.328464397087027
|e_y|,m,RUNNING_MPC,0.3174806524007262
|e_y|,m,RUNNING_MPC,0.31295729220843405
|e_y|,m,RUNNING_MPC,0.30793481215229823
|e_y|,m,RUNNING_MPC,0.3026726035508473
|e_y|,m,RUNNING_MPC,0.3021085350936311
|e_y|,m,RUNNING_MPC,0.30442059200078936
|e_y|,m,RUNNING_MPC,0.3060732232133388
|e_y|,m,RUNNING_MPC,0.32349820573854254
|e_y|,m,RUNNING_MPC,0.3553648839694285
|e_y|,m,RUNNING_MPC,0.37977288110165813
|e_y|,m,RUNNING_MPC,0.40374195371449506
|e_y|,m,RUNNING_MPC,0.41761751196851254
|e_y|,m,RUNNING_MPC,0.42239053910505514
|e_y|,m,RUNNING_MPC,0.42496998008616216
|e_y|,m,RUNNING_MPC,0.41026459764433254
|e_y|,m,RUNNING_MPC,0.38364690634932613
|e_y|,m,RUNNING_MPC,0.36722658200422265
|e_y|,m,RUNNING_MPC,0.34360013564587577
|e_y|,m,RUNNING_MPC,0.3315877613772062
|e_y|,m,RUNNING_MPC,0.3312607395009976
|e_y|,m,RUNNING_MPC,0.3307114583179367
|e_y|,m,RUNNING_MPC,0.3318221041618975
|e_y|,m,RUNNING_MPC,0.3354828900278908
|e_y|,m,RUNNING_MPC,0.34160834129481066
|e_y|,m,RUNNING_MPC,0.35272502373859427
|e_y|,m,RUNNING_MPC,0.35764279202189264
|e_y|,m,RUNNING_MPC,0.36822033718406444
|e_y|,m,RUNNING_MPC,0.3726439998375641
|e_y|,m,RUNNING_MPC,0.37442329972958854
|e_y|,m,RUNNING_MPC,0.37412413355589785
|e_y|,m,RUNNING_MPC,0.37842803154870386
|e_y|,m,RUNNING_MPC,0.3817348854442438
|e_y|,m,RUNNING_MPC,0.3780412533483425
|e_y|,m,RUNNING_MPC,0.36993043907336864
|e_y|,m,RUNNING_MPC,0.3602306434792414
|e_y|,m,RUNNING_MPC,0.3482354397182115
|e_y|,m,RUNNING_MPC,0.33358176186050514
|e_y|,m,RUNNING_MPC,0.3253135210979833
|e_y|,m,RUNNING_MPC,0.337355964315261
|e_y|,m,RUNNING_MPC,0.3352848923332024
|e_y|,m,RUNNING_MPC,0.33718447837423404
|e_y|,m,RUNNING_MPC,0.3323396655438024
|e_y|,m,RUNNING_MPC,0.3208550453701133
|e_y|,m,RUNNING_MPC,0.29819484580875666
|e_y|,m,RUNNING_MPC,0.2872697204098987
|e_y|,m,RUNNING_MPC,0.27314778730103245
|e_y|,m,RUNNING_MPC,0.2523275048647219
|e_y|,m,RUNNING_MPC,0.23838260346394569
|e_y|,m,RUNNING_MPC,0.21731453367079495
|e_y|,m,RUNNING_MPC,0.20008852974285832
|e_y|,m,RUNNING_MPC,0.18247741090296005
|e_y|,m,RUNNING_MPC,0.15820547607475804
|e_y|,m,RUNNING_MPC,0.13519382147605705
|e_y|,m,RUNNING_MPC,0.11074367431719512
|e_y|,m,RUNNING_MPC,0.09544125727836057
|e_y|,m,RUNNING_MPC,0.0695914114449666
|e_y|,m,RUNNING_MPC,0.047705563022977515
|e_y|,m,RUNNING_MPC,0.03134736902888166
|e_y|,m,RUNNING_MPC,0.021247549964314508
|e_y|,m,RUNNING_MPC,0.012071520727120089
|e_y|,m,RUNNING_MPC,0.006090266975891101
|e_y|,m,RUNNING_MPC,0.004858696937831086
|e_y|,m,RUNNING_MPC,0.003154966795001213
|e_y|,m,RUNNING_MPC,0.023256035743460274
|e_y|,m,RUNNING_MPC,0.04358790350624778
|e_y|,m,RUNNING_MPC,0.06703918590747675
|e_y|,m,RUNNING_MPC,0.08406376090930393
|e_y|,m,RUNNING_MPC,0.08951551196579483
|e_y|,m,RUNNING_MPC,0.085460357761903
|e_y|,m,RUNNING_MPC,0.07226268133605826
|e_y|,m,RUNNING_MPC,0.053267050129530966
|e_y|,m,RUNNING_MPC,0.031711517645243215
|e_y|,m,RUNNING_MPC,0.01695097573690421
|e_y|,m,RUNNING_MPC,0.004065180543558568
|e_y|,m,RUNNING_MPC,0.003544091223770071
|e_y|,m,RUNNING_MPC,0.0074395347456379934
|e_y|,m,RUNNING_MPC,0.00927313346899089
|e_y|,m,RUNNING_MPC,0.011294712078136163
|e_y|,m,RUNNING_MPC,0.013446293663808229
|e_y|,m,RUNNING_MPC,0.01668800469395476
|e_y|,m,RUNNING_MPC,0.020593182829140876
|e_y|,m,RUNNING_MPC,0.024052034590252513
|e_y|,m,RUNNING_MPC,0.030118843659362793
|e_y|,m,RUNNING_MPC,0.03423726133954663
|e_y|,m,RUNNING_MPC,0.03859835801805731
|e_y|,m,RUNNING_MPC,0.04146882204217378
|e_y|,m,RUNNING_MPC,0.040980133037187894
|e_y|,m,RUNNING_MPC,0.0380811388966536
|e_y|,m,RUNNING_MPC,0.03051934163363265
|e_y|,m,RUNNING_MPC,0.02588349952878477
|e_y|,m,RUNNING_MPC,0.02521063835661591
|e_y|,m,RUNNING_MPC,0.03268203638088138
|e_y|,m,RUNNING_MPC,0.04000471787959825
|e_y|,m,RUNNING_MPC,0.044012415663413074
|e_y|,m,RUNNING_MPC,0.04617740470856442
|e_y|,m,RUNNING_MPC,0.04237099822782109
|e_y|,m,RUNNING_MPC,0.036944322116593126
|e_y|,m,RUNNING_MPC,0.03227600764260874
|e_y|,m,RUNNING_MPC,0.02901455833039951
|e_y|,m,RUNNING_MPC,0.030033610845254133
|e_y|,m,RUNNING_MPC,0.032193265858909415
|e_y|,m,RUNNING_MPC,0.034206720140525226
|e_y|,m,RUNNING_MPC,0.04080079720892325
|e_y|,m,RUNNING_MPC,0.04438676022458146
|e_y|,m,RUNNING_MPC,0.052187977589376544
|e_y|,m,RUNNING_MPC,0.06631626544967635
|e_y|,m,RUNNING_MPC,0.08226719415749725
|e_y|,m,RUNNING_MPC,0.1108117367567219
|e_y|,m,RUNNING_MPC,0.13304314154992503
|e_y|,m,RUNNING_MPC,0.14590650661606316
|e_y|,m,RUNNING_MPC,0.15865433954302244
|e_y|,m,RUNNING_MPC,0.1604538345173542
|e_y|,m,RUNNING_MPC,0.15153489896102368
|e_y|,m,RUNNING_MPC,0.13537953079135737
|e_y|,m,RUNNING_MPC,0.11969421629915382
|e_y|,m,RUNNING_MPC,0.10517215526377749
|e_y|,m,RUNNING_MPC,0.09275118265337876
|e_y|,m,RUNNING_MPC,0.09279311444818225
|e_y|,m,RUNNING_MPC,0.10144905923417065
|e_y|,m,RUNNING_MPC,0.11504798576966696
|e_y|,m,RUNNING_MPC,0.12866109926097338
|e_y|,m,RUNNING_MPC,0.1379372613753641
|e_y|,m,RUNNING_MPC,0.14055417906051348
|e_y|,m,RUNNING_MPC,0.1372279223718071
|e_y|,m,RUNNING_MPC,0.12847539364850485
|e_y|,m,RUNNING_MPC,0.11375179088551833
|e_y|,m,RUNNING_MPC,0.09565701943187312
|e_y|,m,RUNNING_MPC,0.07735308473207167
|e_y|,m,RUNNING_MPC,0.05678064491035539
|e_y|,m,RUNNING_MPC,0.04645740139429781
|e_y|,m,RUNNING_MPC,0.02559716513644822
|e_y|,m,RUNNING_MPC,0.021274719621682453
|e_y|,m,RUNNING_MPC,0.025582603380171043
|e_y|,m,RUNNING_MPC,0.037104173041649535
|e_y|,m,RUNNING_MPC,0.05602333750136548
|e_y|,m,RUNNING_MPC,0.07276615903734605
|e_y|,m,RUNNING_MPC,0.07854244654917455
|e_y|,m,RUNNING_MPC,0.07585513813819364
|e_y|,m,RUNNING_MPC,0.0636317486835426
|e_y|,m,RUNNING_MPC,0.049418003035366295
|e_y|,m,RUNNING_MPC,0.03509103565637096
|e_y|,m,RUNNING_MPC,0.018098293019386542
|e_y|,m,RUNNING_MPC,0.008040616244527385
|e_y|,m,RUNNING_MPC,0.0001835552334571236
|e_y|,m,RUNNING_MPC,0.002648960286573271
|e_y|,m,RUNNING_MPC,0.0027904386393411973
|e_y|,m,RUNNING_MPC,0.0007463725868003257
|e_y|,m,RUNNING_MPC,0.0026989141572094505
|e_y|,m,RUNNING_MPC,0.0049185147853249706
|e_y|,m,RUNNING_MPC,0.006307418985211165
|e_y|,m,RUNNING_MPC,0.006269122083915626
|e_y|,m,RUNNING_MPC,0.004825607253566809
|e_y|,m,RUNNING_MPC,0.003398046715266681
|e_y|,m,RUNNING_MPC,0.0005541940064024697
|e_y|,m,RUNNING_MPC,0.0032317012437124565
|e_y|,m,RUNNING_MPC,0.005520039154616159
|e_y|,m,RUNNING_MPC,0.008276824057458672
|e_y|,m,RUNNING_MPC,0.00953158902105064
|e_y|,m,RUNNING_MPC,0.010751943866832495
|e_y|,m,RUNNING_MPC,0.011920327079026988
|e_y|,m,RUNNING_MPC,0.013280550501095265
|e_y|,m,RUNNING_MPC,0.015407941305945999
|e_y|,m,RUNNING_MPC,0.016614025829632076
|e_y|,m,RUNNING_MPC,0.01744594404342517
|e_y|,m,RUNNING_MPC,0.016911402872881863
|e_y|,m,RUNNING_MPC,0.015711768389401352
|e_y|,m,RUNNING_MPC,0.013595615538341505
|e_y|,m,RUNNING_MPC,0.012172928807092614
|e_y|,m,RUNNING_MPC,0.01006936703518839
|e_y|,m,RUNNING_MPC,0.008058649173170021
|e_y|,m,RUNNING_MPC,0.007015499842618688
|e_y|,m,RUNNING_MPC,0.006983039434687546
|e_y|,m,RUNNING_MPC,0.007078899940019423
|e_y|,m,RUNNING_MPC,0.007484648630250418
|e_y|,m,RUNNING_MPC,0.008284713583196386
|e_y|,m,RUNNING_MPC,0.007978959641007088
|e_y|,m,RUNNING_MPC,0.007983075001514031
|e_y|,m,RUNNING_MPC,0.007854099896940896
|e_y|,m,RUNNING_MPC,0.007763106111416333
|e_y|,m,RUNNING_MPC,0.007053615192075084
|e_y|,m,RUNNING_MPC,0.006566000395126677
|e_y|,m,RUNNING_MPC,0.006516772044431417
|e_y|,m,RUNNING_MPC,0.0060563924229446175
|e_y|,m,RUNNING_MPC,0.005070029709083004
|e_y|,m,RUNNING_MPC,0.004787977239551586
|e_y|,m,RUNNING_MPC,0.004745713810466769
|e_y|,m,RUNNING_MPC,0.004912436825455693
|e_y|,m,RUNNING_MPC,0.0057301627565994745
|e_y|,m,RUNNING_MPC,0.006262013773922437
|e_y|,m,RUNNING_MPC,0.007225939520695952
|e_y|,m,RUNNING_MPC,0.007776866045129893
|e_y|,m,RUNNING_MPC,0.008123256427427242
|e_y|,m,RUNNING_MPC,0.007833009485197485
|e_y|,m,RUNNING_MPC,0.007725236656568681
|e_y|,m,RUNNING_MPC,0.008007230979209544
|e_y|,m,RUNNING_MPC,0.007741324556312889
|e_y|,m,RUNNING_MPC,0.007494100150366681
|e_y|,m,RUNNING_MPC,0.007038371623180689
|e_y|,m,RUNNING_MPC,0.006526611117112419
|e_y|,m,RUNNING_MPC,0.006432693427480839
|e_y|,m,RUNNING_MPC,0.006843258553914391
|e_y|,m,RUNNING_MPC,0.006895061306443107
|e_y|,m,RUNNING_MPC,0.007255817904199227
|e_y|,m,RUNNING_MPC,0.007665811483397171
|e_y|,m,RUNNING_MPC,0.007030313043778602
|e_y|,m,RUNNING_MPC,0.006763409411325569
|e_y|,m,RUNNING_MPC,0.0065265464552959895
|e_y|,m,RUNNING_MPC,0.006497977555211169
|e_y|,m,RUNNING_MPC,0.006610790924234063
|e_y|,m,RUNNING_MPC,0.00628613923506369
|e_y|,m,RUNNING_MPC,0.006208367766995265
|e_y|,m,RUNNING_MPC,0.00664927156187646
|e_y|,m,RUNNING_MPC,0.007103309674883707
|e_y|,m,RUNNING_MPC,0.007763361968789864
|e_y|,m,RUNNING_MPC,0.008219735530473421
|e_y|,m,RUNNING_MPC,0.008539930101151689
|e_y|,m,RUNNING_MPC,0.008978120614952984
|e_y|,m,RUNNING_MPC,0.009399995070656239
|e_y|,m,RUNNING_MPC,0.009340898941422163
|e_y|,m,RUNNING_MPC,0.0089095147487889
|e_y|,m,RUNNING_MPC,0.008559829276666708
|e_y|,m,RUNNING_MPC,0.008184580275147287
|e_y|,m,RUNNING_MPC,0.007820155943271678
|e_y|,m,RUNNING_MPC,0.007745501493675917
|e_y|,m,RUNNING_MPC,0.00773719793454565
|e_y|,m,RUNNING_MPC,0.007751241656051885
|e_y|,m,RUNNING_MPC,0.008174895759455963
|e_y|,m,RUNNING_MPC,0.008928862602467239
|e_y|,m,RUNNING_MPC,0.009540944206990476
|e_y|,m,RUNNING_MPC,0.009463869536455352
|e_y|,m,RUNNING_MPC,0.009360024492091536
|e_y|,m,RUNNING_MPC,0.008894242219669724
|e_y|,m,RUNNING_MPC,0.00782591396239582
|e_y|,m,RUNNING_MPC,0.006669859769759854
|e_y|,m,RUNNING_MPC,0.005782667070732883
|e_y|,m,RUNNING_MPC,0.004584053271552511
|e_y|,m,RUNNING_MPC,0.0031386886097349714
|e_y|,m,RUNNING_MPC,0.002324665712566447
|e_y|,m,RUNNING_MPC,0.013073394355490438
|e_y|,m,RUNNING_MPC,0.026182143845433374
|e_y|,m,RUNNING_MPC,0.043368530830391785
|e_y|,m,RUNNING_MPC,0.06156435026485996
|e_y|,m,RUNNING_MPC,0.0756722589816828
|e_y|,m,RUNNING_MPC,0.09200706576242534
|e_y|,m,RUNNING_MPC,0.10940387935845806
|e_y|,m,RUNNING_MPC,0.12063607479804195
|e_y|,m,RUNNING_MPC,0.12913977262785156
|e_y|,m,RUNNING_MPC,0.13383265669485875
|e_y|,m,RUNNING_MPC,0.13650594571144217
|e_y|,m,RUNNING_MPC,0.1398805816712456
|e_y|,m,RUNNING_MPC,0.1378483986078826
|e_y|,m,RUNNING_MPC,0.1347390902877918
|e_y|,m,RUNNING_MPC,0.1365752232195247
|e_y|,m,RUNNING_MPC,0.1370238932356701
|e_y|,m,RUNNING_MPC,0.13688513902179056
|e_y|,m,RUNNING_MPC,0.1413670776847292
|e_y|,m,RUNNING_MPC,0.1434628867396418
|e_y|,m,RUNNING_MPC,0.14506831448302168
|e_y|,m,RUNNING_MPC,0.1459127098153625
|e_y|,m,RUNNING_MPC,0.15277138654601458
|e_y|,m,RUNNING_MPC,0.1562400894244163
|e_y|,m,RUNNING_MPC,0.1638533046956296
|e_y|,m,RUNNING_MPC,0.17456739941989088
|e_y|,m,RUNNING_MPC,0.18138477184599494
|e_y|,m,RUNNING_MPC,0.19662574143156086
|e_y|,m,RUNNING_MPC,0.20795721803447023
|e_y|,m,RUNNING_MPC,0.2185137038651521
|e_y|,m,RUNNING_MPC,0.2329580155886587
|e_y|,m,RUNNING_MPC,0.2485017320929701
|e_y|,m,RUNNING_MPC,0.27357133078659274
|e_y|,m,RUNNING_MPC,0.29526214017709107
|e_y|,m,RUNNING_MPC,0.31371913402072304
|e_y|,m,RUNNING_MPC,0.3467151446884653
|e_y|,m,RUNNING_MPC,0.36992391101025346
|e_y|,m,RUNNING_MPC,0.39765621957782465
|e_y|,m,RUNNING_MPC,0.40241479029614985
|e_y|,m,RUNNING_MPC,0.3975554628421806
|e_y|,m,RUNNING_MPC,0.373986336164178
|e_y|,m,RUNNING_MPC,0.3413703750837132
|e_y|,m,RUNNING_MPC,0.30211435541270837
|e_y|,m,RUNNING_MPC,0.2575535927420896
|e_y|,m,RUNNING_MPC,0.2239269957249598
|e_y|,m,RUNNING_MPC,0.1926110900587634
|e_y|,m,RUNNING_MPC,0.17156045792807534
|e_y|,m,RUNNING_MPC,0.16216149142889646
|e_y|,m,RUNNING_MPC,0.16377768809791637
|e_y|,m,RUNNING_MPC,0.16955859772368914
|e_y|,m,RUNNING_MPC,0.17029844886653445
|e_y|,m,RUNNING_MPC,0.17591780447368666
|e_y|,m,RUNNING_MPC,0.17311908469751866
|e_y|,m,RUNNING_MPC,0.16674832277265272
|e_y|,m,RUNNING_MPC,0.15727148725725776
|e_y|,m,RUNNING_MPC,0.14251742361689335
|e_y|,m,RUNNING_MPC,0.12281641874679493
|e_y|,m,RUNNING_MPC,0.10215142009577105
|e_y|,m,RUNNING_MPC,0.08088477859311552
|e_y|,m,RUNNING_MPC,0.04388615235778377
|e_y|,m,RUNNING_MPC,0.013700585116511246
|e_y|,m,RUNNING_MPC,0.011174786748602172
|e_y|,m,RUNNING_MPC,0.025852463756223645
|e_y|,m,RUNNING_MPC,0.03692503757151663
|e_y|,m,RUNNING_MPC,0.03744886620367721
|e_y|,m,RUNNING_MPC,0.03897767098943383
|e_y|,m,RUNNING_MPC,0.037116466209001275
|e_y|,m,RUNNING_MPC,0.02705967375070335
|e_y|,m,RUNNING_MPC,0.00878356652924761
|e_y|,m,RUNNING_MPC,0.06605996843268327
|e_y|,m,RUNNING_MPC,0.085750962589071
|e_y|,m,RUNNING_MPC,0.08194402701404635
|e_y|,m,RUNNING_MPC,0.06558678980824924
|e_y|,m,RUNNING_MPC,0.034963296206745514
|e_y|,m,RUNNING_MPC,0.0036747787983758273
|e_y|,m,RUNNING_MPC,0.023104527252751583
|e_y|,m,RUNNING_MPC,0.03988628860642779
|e_y|,m,RUNNING_MPC,0.04508289997374726
|e_y|,m,RUNNING_MPC,0.039929011544913205
|e_y|,m,RUNNING_MPC,0.028872763694156145
|e_y|,m,RUNNING_MPC,0.014984734639225325
|e_y|,m,RUNNING_MPC,0.0032021429612391905
|e_y|,m,RUNNING_MPC,0.009037247400988192
|e_y|,m,RUNNING_MPC,0.01591593923111012
|e_y|,m,RUNNING_MPC,0.02077704482157225
|e_y|,m,RUNNING_MPC,0.02074163004863258
|e_y|,m,RUNNING_MPC,0.017460538972512984
|e_y|,m,RUNNING_MPC,0.012087856298967123
|e_y|,m,RUNNING_MPC,0.0068621367854872495
|e_y|,m,RUNNING_MPC,0.0021842560526129373
|e_y|,m,RUNNING_MPC,0.0021568436499645183
|e_y|,m,RUNNING_MPC,0.007043325261960359
|e_y|,m,RUNNING_MPC,0.008154905098797183
|e_y|,m,RUNNING_MPC,0.006676876790833591
|e_y|,m,RUNNING_MPC,0.0035376609812538193
|e_y|,m,RUNNING_MPC,0.0012619714270509091
|e_y|,m,RUNNING_MPC,0.0016944162408429886
|e_y|,m,RUNNING_MPC,0.0032337018050227553
|e_y|,m,RUNNING_MPC,0.0037595481484287985
|e_y|,m,RUNNING_MPC,0.003914039128765756
|e_y|,m,RUNNING_MPC,0.0045334831651195895
|e_y|,m,RUNNING_MPC,0.00508842677141752
|e_y|,m,RUNNING_MPC,0.006160258344045752
|e_y|,m,RUNNING_MPC,0.008654074731352022
|e_y|,m,RUNNING_MPC,0.009142376627184576
|e_y|,m,RUNNING_MPC,0.005254888204916139
|e_y|,m,RUNNING_MPC,0.0029570006442254312
|e_y|,m,RUNNING_MPC,0.01304121474723241
|e_y|,m,RUNNING_MPC,0.018800307739014817
|e_y|,m,RUNNING_MPC,0.02715668131819017
|e_y|,m,RUNNING_MPC,0.024828283867106282
|e_y|,m,RUNNING_MPC,0.01411317584828951
|e_y|,m,RUNNING_MPC,0.004552096689426945
|e_y|,m,RUNNING_MPC,0.019429408316117808
|e_y|,m,RUNNING_MPC,0.02328535535854752
|e_y|,m,RUNNING_MPC,0.016337320875527223
|e_y|,m,RUNNING_MPC,0.009688009165870093
|e_y|,m,RUNNING_MPC,0.006401250379398343
|e_y|,m,RUNNING_MPC,0.013611426175946684
|e_y|,m,RUNNING_MPC,0.01779223443776413
|e_y|,m,RUNNING_MPC,0.020035075269673526
|e_y|,m,RUNNING_MPC,0.018641861147546138
|e_y|,m,RUNNING_MPC,0.013900439576202876
|e_y|,m,RUNNING_MPC,0.010800018970816637
|e_y|,m,RUNNING_MPC,0.006244270601841018
|e_y|,m,RUNNING_MPC,0.0035412469575160244
|e_y|,m,RUNNING_MPC,0.0013126400709360247
|e_y|,m,RUNNING_MPC,0.0007859694079845672
|e_y|,m,RUNNING_MPC,0.0010354143107602128
|e_y|,m,RUNNING_MPC,0.0015798838004758356
|e_y|,m,RUNNING_MPC,0.0039036065672440994
|e_y|,m,RUNNING_MPC,0.006421682540173099
|e_y|,m,RUNNING_MPC,0.009613908875786649
|e_y|,m,RUNNING_MPC,0.01148030417838592
|e_y|,m,RUNNING_MPC,0.013776953148437354
|e_y|,m,RUNNING_MPC,0.015183892592632697
|e_y|,m,RUNNING_MPC,0.015629000323631487
|e_y|,m,RUNNING_MPC,0.015000464922052682
|e_y|,m,RUNNING_MPC,0.013754460347048345
|e_y|,m,RUNNING_MPC,0.011306145178316393
|e_y|,m,RUNNING_MPC,0.010174080918451664
|e_y|,m,RUNNING_MPC,0.007805226922762653
|e_y|,m,RUNNING_MPC,0.005815577304000737
|e_y|,m,RUNNING_MPC,0.003925405943587139
|e_y|,m,RUNNING_MPC,0.004617855753712506
|e_y|,m,RUNNING_MPC,0.009774571574635293
|e_y|,m,RUNNING_MPC,0.016606993533515572
|e_y|,m,RUNNING_MPC,0.025968744449464246
|e_y|,m,RUNNING_MPC,0.030217039331574554
|e_y|,m,RUNNING_MPC,0.03440141236402491
|e_y|,m,RUNNING_MPC,0.03766438101739365
|e_y|,m,RUNNING_MPC,0.03892002321650574
|e_y|,m,RUNNING_MPC,0.041082971642804195
|e_y|,m,RUNNING_MPC,0.04299482006291064
|e_y|,m,RUNNING_MPC,0.04368637963803805
|e_y|,m,RUNNING_MPC,0.0461670498679828
|e_y|,m,RUNNING_MPC,0.04796734587962741
|e_y|,m,RUNNING_MPC,0.05256967265671954
|e_y|,m,RUNNING_MPC,0.058905390417137674
|e_y|,m,RUNNING_MPC,0.06482858875430067
|e_y|,m,RUNNING_MPC,0.07071810062092025
|e_y|,m,RUNNING_MPC,0.08180972317436805
|e_y|,m,RUNNING_MPC,0.08850367001273106
|e_y|,m,RUNNING_MPC,0.10006588720504869
|e_y|,m,RUNNING_MPC,0.11064911056965382
|e_y|,m,RUNNING_MPC,0.1203872585412975
|e_y|,m,RUNNING_MPC,0.125841932544716
|e_y|,m,RUNNING_MPC,0.1323495488509554
|e_y|,m,RUNNING_MPC,0.14761236564106686
|e_y|,m,RUNNING_MPC,0.16805048891002752
|e_y|,m,RUNNING_MPC,0.18785260100858597
|e_y|,m,RUNNING_MPC,0.20519377619443338
|e_y|,m,RUNNING_MPC,0.20259405892866245
|e_y|,m,RUNNING_MPC,0.16173889894903823
|e_y|,m,RUNNING_MPC,0.1099206802652972
|e_y|,m,RUNNING_MPC,0.02264924300499175
|e_y|,m,RUNNING_MPC,0.04943865737760417
|e_y|,m,RUNNING_MPC,0.11926541241986116
|e_y|,m,RUNNING_MPC,0.1527671412587017
|e_y|,m,RUNNING_MPC,0.16893771221017134
|e_y|,m,RUNNING_MPC,0.16963506728235614
|e_y|,m,RUNNING_MPC,0.16073830832128175
|e_y|,m,RUNNING_MPC,0.14833595411039505
|e_y|,m,RUNNING_MPC,0.13882505444114185
|e_y|,m,RUNNING_MPC,0.12601815944061318
|e_y|,m,RUNNING_MPC,0.11541357112166158
|e_y|,m,RUNNING_MPC,0.09877271055648706
|e_y|,m,RUNNING_MPC,0.08829835442107811
|e_y|,m,RUNNING_MPC,0.07731102652984945
|e_y|,m,RUNNING_MPC,0.07543392958770168
|e_y|,m,RUNNING_MPC,0.08037441905621398
|e_y|,m,RUNNING_MPC,0.08804909492748089
|e_y|,m,RUNNING_MPC,0.11347067496164319
|e_y|,m,RUNNING_MPC,0.13853720355303295
|e_y|,m,RUNNING_MPC,0.15878196810422285
|e_y|,m,RUNNING_MPC,0.18974454336231697
|e_y|,m,RUNNING_MPC,0.22921029643252663
|e_y|,m,RUNNING_MPC,0.2590169217058772
|e_y|,m,RUNNING_MPC,0.29485408500693483
|e_y|,m,RUNNING_MPC,0.3265458036373652
|e_y|,m,RUNNING_MPC,0.3573796018005709
|e_y|,m,RUNNING_MPC,0.370196737572495
|e_y|,m,RUNNING_MPC,0.37070180243264195
|e_y|,m,RUNNING_MPC,0.3566814991398442
|e_y|,m,RUNNING_MPC,0.32121945148796355
|e_y|,m,RUNNING_MPC,0.28279158482446426
|e_y|,m,RUNNING_MPC,0.24747780554074864
|e_y|,m,RUNNING_MPC,0.2027988110677152
|e_y|,m,RUNNING_MPC,0.17437040516862506
|e_y|,m,RUNNING_MPC,0.13960252265238185
|e_y|,m,RUNNING_MPC,0.11621195260301703
|e_y|,m,RUNNING_MPC,0.0921641384351867
|e_y|,m,RUNNING_MPC,0.07509286732720227
|e_y|,m,RUNNING_MPC,0.059631994919386144
|e_y|,m,RUNNING_MPC,0.052603403098318784
|e_y|,m,RUNNING_MPC,0.04688772903940997
|e_y|,m,RUNNING_MPC,0.03894849222867117
|e_y|,m,RUNNING_MPC,0.03653511512670293
|e_y|,m,RUNNING_MPC,0.03060937681808215
|e_y|,m,RUNNING_MPC,0.013860501596267005
|e_y|,m,RUNNING_MPC,0.005814127344091015
|e_y|,m,RUNNING_MPC,0.03742786462982744
|e_y|,m,RUNNING_MPC,0.068922119071047
|e_y|,m,RUNNING_MPC,0.09344570063604066
|e_y|,m,RUNNING_MPC,0.10331723548046973
|e_y|,m,RUNNING_MPC,0.11047520991562793
|e_y|,m,RUNNING_MPC,0.10623148712500638
|e_y|,m,RUNNING_MPC,0.09786131781866445
|e_y|,m,RUNNING_MPC,0.08501751397956869
|e_y|,m,RUNNING_MPC,0.07357846674499122
|e_y|,m,RUNNING_MPC,0.06772639101067113
|e_y|,m,RUNNING_MPC,0.06397564036726017
|e_y|,m,RUNNING_MPC,0.06845581701482205
|e_y|,m,RUNNING_MPC,0.07956801061864287
|e_y|,m,RUNNING_MPC,0.08327467340982533
|e_y|,m,RUNNING_MPC,0.09140499297156152
|e_y|,m,RUNNING_MPC,0.0933256633316137
|e_y|,m,RUNNING_MPC,0.08673215546789362
|e_y|,m,RUNNING_MPC,0.07582761367152802
|e_y|,m,RUNNING_MPC,0.06892360256497415
|e_y|,m,RUNNING_MPC,0.059452684073454345
|e_y|,m,RUNNING_MPC,0.059255734390505625
|e_y|,m,RUNNING_MPC,0.07062497581900427
|e_y|,m,RUNNING_MPC,0.08439795625693242
|e_y|,m,RUNNING_MPC,0.12633681278351042
|e_y|,m,RUNNING_MPC,0.18461731524671054
|e_y|,m,RUNNING_MPC,0.22865804118050503
|e_y|,m,RUNNING_MPC,0.2824555909973445
|e_y|,m,RUNNING_MPC,0.3324957115422978
|e_y|,m,RUNNING_MPC,0.3823539868900422
|e_y|,m,RUNNING_MPC,0.42966904480173995
|e_y|,m,RUNNING_MPC,0.4794011856509066
|e_y|,m,RUNNING_MPC,0.5169262859898529
|e_y|,m,RUNNING_MPC,0.5434741929636655
|e_y|,m,RUNNING_MPC,0.5460783546866239
|e_y|,m,RUNNING_MPC,0.5302404431765012
|e_y|,m,RUNNING_MPC,0.4609916859257704
|e_y|,m,RUNNING_MPC,0.39286202442775703
|e_y|,m,RUNNING_MPC,0.2854290623904731
|e_y|,m,RUNNING_MPC,0.19228401292088726
|e_y|,m,RUNNING_MPC,0.10020340218160273
|e_y|,m,RUNNING_MPC,0.002920563857660069
|e_y|,m,RUNNING_MPC,0.06906826691332463
|e_y|,m,RUNNING_MPC,0.10128266876695835
|e_y|,m,RUNNING_MPC,0.11798099761108735
|e_y|,m,RUNNING_MPC,0.11596315450468675
|e_y|,m,RUNNING_MPC,0.09930407866987861
|e_y|,m,RUNNING_MPC,0.08086765924181033
|e_y|,m,RUNNING_MPC,0.056704450035898746
|e_y|,m,RUNNING_MPC,0.04347679095895063
|e_y|,m,RUNNING_MPC,0.023336934159156886
|e_y|,m,RUNNING_MPC,0.017366526081337652
|e_y|,m,RUNNING_MPC,0.016810745684871287
|e_y|,m,RUNNING_MPC,0.02499437332770299
|e_y|,m,RUNNING_MPC,0.03839379419998238
|e_y|,m,RUNNING_MPC,0.05608088516355303
|e_y|,m,RUNNING_MPC,0.07858292465134238
|e_y|,m,RUNNING_MPC,0.10613254349075119
|e_y|,m,RUNNING_MPC,0.12632181233705456
|e_y|,m,RUNNING_MPC,0.16792915848513768
|e_y|,m,RUNNING_MPC,0.202974208709359
|e_y|,m,RUNNING_MPC,0.23789288105054546
|e_y|,m,RUNNING_MPC,0.2807812472965302
|e_y|,m,RUNNING_MPC,0.3287002786202756
|e_y|,m,RUNNING_MPC,0.3760502419684809
|e_y|,m,RUNNING_MPC,0.4039417109350042
|e_y|,m,RUNNING_MPC,0.41020614816794737
|e_y|,m,RUNNING_MPC,0.4022180976773038
|e_y|,m,RUNNING_MPC,0.36228794298650446
|e_y|,m,RUNNING_MPC,0.3135935922161378
|e_y|,m,RUNNING_MPC,0.27549111165446133
|e_y|,m,RUNNING_MPC,0.25165067507042194
|e_y|,m,RUNNING_MPC,0.22033119456650324
|e_y|,m,RUNNING_MPC,0.20458820923676452
|e_y|,m,RUNNING_MPC,0.20978691673152008
|e_y|,m,RUNNING_MPC,0.2215284795128751
|e_y|,m,RUNNING_MPC,0.24660852130004046
|e_y|,m,RUNNING_MPC,0.27557566544896317
|e_y|,m,RUNNING_MPC,0.303687339274006
|e_y|,m,RUNNING_MPC,0.3194899389581666
|e_y|,m,RUNNING_MPC,0.32697473333694427
|e_y|,m,RUNNING_MPC,0.3351038461175892
|e_y|,m,RUNNING_MPC,0.33229535653778514
|e_y|,m,RUNNING_MPC,0.3363640572037208
|e_y|,m,RUNNING_MPC,0.3298181217653975
|e_y|,m,RUNNING_MPC,0.3201818094606485
|e_y|,m,RUNNING_MPC,0.30079803235042707
|e_y|,m,RUNNING_MPC,0.27362220837690615
|e_y|,m,RUNNING_MPC,0.2316394703100667
|e_y|,m,RUNNING_MPC,0.20157525264532183
|e_y|,m,RUNNING_MPC,0.15282114099142344
|e_y|,m,RUNNING_MPC,0.12883030587180777
|e_y|,m,RUNNING_MPC,0.10847912343876887
|e_y|,m,RUNNING_MPC,0.10117839464095524
|e_y|,m,RUNNING_MPC,0.11667032196747718
|e_y|,m,RUNNING_MPC,0.1291879038534141
|e_y|,m,RUNNING_MPC,0.14857094393503031
|e_y|,m,RUNNING_MPC,0.16047795439783957
|e_y|,m,RUNNING_MPC,0.15835353037887312
|e_y|,m,RUNNING_MPC,0.1489959085455636
|e_y|,m,RUNNING_MPC,0.11573011815256765
|e_y|,m,RUNNING_MPC,0.08991960351143816
|e_y|,m,RUNNING_MPC,0.05296211621808264
|e_y|,m,RUNNING_MPC,0.03537210767957623
|e_y|,m,RUNNING_MPC,0.013917031801955373
|e_y|,m,RUNNING_MPC,0.00012116390064231819
|e_y|,m,RUNNING_MPC,0.006188418248149197
|e_y|,m,RUNNING_MPC,0.02153216160041404
|e_y|,m,RUNNING_MPC,0.03909523000974787
|e_y|,m,RUNNING_MPC,0.05357998860808105
|e_y|,m,RUNNING_MPC,0.07885753308178978
|e_y|,m,RUNNING_MPC,0.10083843050108582
|e_y|,m,RUNNING_MPC,0.11178052876852917
|e_y|,m,RUNNING_MPC,0.11702469521699231
|e_y|,m,RUNNING_MPC,0.10794593176428008
|e_y|,m,RUNNING_MPC,0.09965559623585762
|e_y|,m,RUNNING_MPC,0.08873766410171613
|e_y|,m,RUNNING_MPC,0.08404205878471763
|e_y|,m,RUNNING_MPC,0.0815094568836157
|e_y|,m,RUNNING_MPC,0.09059413009470912
|e_y|,m,RUNNING_MPC,0.11401825341295241
|e_y|,m,RUNNING_MPC,0.1556802992595655
|e_y|,m,RUNNING_MPC,0.20726311737282677
|e_y|,m,RUNNING_MPC,0.24943161662724406
|e_y|,m,RUNNING_MPC,0.28488154748880135
|e_y|,m,RUNNING_MPC,0.2948074388272222
|e_y|,m,RUNNING_MPC,0.2837289765955412
|e_y|,m,RUNNING_MPC,0.2616510490559423
|e_y|,m,RUNNING_MPC,0.22646885963607377
|e_y|,m,RUNNING_MPC,0.18456994806227459
|e_y|,m,RUNNING_MPC,0.14524285720244895
|e_y|,m,RUNNING_MPC,0.11146564993777214
|e_y|,m,RUNNING_MPC,0.07074025945580459
|e_y|,m,RUNNING_MPC,0.033021322588282775
|e_y|,m,RUNNING_MPC,0.003983360725409668
|e_y|,m,RUNNING_MPC,0.028201391062982778
|e_y|,m,RUNNING_MPC,0.060587970296018534
|e_y|,m,RUNNING_MPC,0.08010255984479131
|e_y|,m,RUNNING_MPC,0.07835087759550186
|e_y|,m,RUNNING_MPC,0.07198803261890674
|e_y|,m,RUNNING_MPC,0.027382355345752035
|e_y|,m,RUNNING_MPC,0.0032176536241247944
|e_y|,m,RUNNING_MPC,0.015545511020662428
|e_y|,m,RUNNING_MPC,0.029073411381211445
|e_y|,m,RUNNING_MPC,0.030446555139123643
|e_y|,m,RUNNING_MPC,0.02792478633007165
|e_y|,m,RUNNING_MPC,0.02446985061940199
|e_y|,m,RUNNING_MPC,0.018068783053080795
|e_y|,m,RUNNING_MPC,0.016040222356803663
|e_y|,m,RUNNING_MPC,0.00836694766023599
|e_y|,m,RUNNING_MPC,0.004935720971422558
|e_y|,m,RUNNING_MPC,0.001314059213925356
|e_y|,m,RUNNING_MPC,0.00018495599939932772
|e_y|,m,RUNNING_MPC,0.002196681980623172
|e_y|,m,RUNNING_MPC,0.0011309767464426634
|e_y|,m,RUNNING_MPC,0.0007360570207871064
|e_y|,m,RUNNING_MPC,0.005761246252456068
|e_y|,m,RUNNING_MPC,0.008941524241598747
|e_y|,m,RUNNING_MPC,0.015142680037195821
|e_y|,m,RUNNING_MPC,0.019589452528007364
|e_y|,m,RUNNING_MPC,0.021874610431851044
|e_y|,m,RUNNING_MPC,0.023002242282705726
|e_y|,m,RUNNING_MPC,0.022667668199186627
|e_y|,m,RUNNING_MPC,0.017814707449858747
|e_y|,m,RUNNING_MPC,0.016093431294788796
|e_y|,m,RUNNING_MPC,0.010088335119885432
|e_y|,m,RUNNING_MPC,0.004426764682001316
|e_y|,m,RUNNING_MPC,0.0013108940857725904
|e_y|,m,RUNNING_MPC,0.0012170669720187877
|e_y|,m,RUNNING_MPC,0.001172115419560471
|e_y|,m,RUNNING_MPC,0.0007284297440000725
|e_y|,m,RUNNING_MPC,0.003315043258671435
|e_y|,m,RUNNING_MPC,0.004869446472251571
|e_y|,m,RUNNING_MPC,0.010020891484285883
|e_y|,m,RUNNING_MPC,0.0156896558096441
|e_y|,m,RUNNING_MPC,0.01943956329768501
|e_y|,m,RUNNING_MPC,0.02052633696537874
|e_y|,m,RUNNING_MPC,0.020328997503120498
|e_y|,m,RUNNING_MPC,0.019636877035142136
|e_y|,m,RUNNING_MPC,0.017644433435697146
|e_y|,m,RUNNING_MPC,0.015357425997037655
|e_y|,m,RUNNING_MPC,0.013895253619360573
|e_y|,m,RUNNING_MPC,0.011648116458117697
|e_y|,m,RUNNING_MPC,0.010961463144150196
|e_y|,m,RUNNING_MPC,0.009691298306735499
|e_y|,m,RUNNING_MPC,0.0088605817469119
|e_y|,m,RUNNING_MPC,0.008943565268861448
|e_y|,m,RUNNING_MPC,0.008697734102750765
|e_y|,m,RUNNING_MPC,0.008368971881050402
|e_y|,m,RUNNING_MPC,0.008935671994483765
|e_y|,m,RUNNING_MPC,0.009623794308524003
|e_y|,m,RUNNING_MPC,0.010618346149640433
|e_y|,m,RUNNING_MPC,0.010875472104672497
|e_y|,m,RUNNING_MPC,0.010632363062885841
|e_y|,m,RUNNING_MPC,0.008745350627687276
|e_y|,m,RUNNING_MPC,0.0072242635973740164
|e_y|,m,RUNNING_MPC,0.005591749783100092
|e_y|,m,RUNNING_MPC,0.0032604379554503904
|e_y|,m,RUNNING_MPC,0.0021890669618927494
|e_y|,m,RUNNING_MPC,0.0021938684097094763
|e_y|,m,RUNNING_MPC,0.0035108361703945212
|e_y|,m,RUNNING_MPC,0.004330587973026351
|e_y|,m,RUNNING_MPC,0.00507855820720754
|e_y|,m,RUNNING_MPC,0.005892954420867423
|e_y|,m,RUNNING_MPC,0.006208702249013265
|e_y|,m,RUNNING_MPC,0.006788546074717905
|e_y|,m,RUNNING_MPC,0.007177058817847139
|e_y|,m,RUNNING_MPC,0.007253151189666934
|e_y|,m,RUNNING_MPC,0.0069042670416375185
|e_y|,m,RUNNING_MPC,0.006896488597251116
|e_y|,m,RUNNING_MPC,0.007435559789566171
|e_y|,m,RUNNING_MPC,0.008236819385720212
|e_y|,m,RUNNING_MPC,0.008512626936435126
|e_y|,m,RUNNING_MPC,0.007743260518057848
|e_y|,m,RUNNING_MPC,0.007430646920598527
|e_y|,m,RUNNING_MPC,0.00614392444299304
|e_y|,m,RUNNING_MPC,0.004954173466175993
|e_y|,m,RUNNING_MPC,0.004275099592338516
|e_y|,m,RUNNING_MPC,0.0039347214400992925
|e_y|,m,RUNNING_MPC,0.003979358475129202
|e_y|,m,RUNNING_MPC,0.0046777442297856325
|e_y|,m,RUNNING_MPC,0.005625024704949189
|e_y|,m,RUNNING_MPC,0.006382062381704134
|e_y|,m,RUNNING_MPC,0.00682045628153688
|e_y|,m,RUNNING_MPC,0.0077193879422783815
|e_y|,m,RUNNING_MPC,0.007884007305024782
|e_y|,m,RUNNING_MPC,0.007818339513333284
|e_y|,m,RUNNING_MPC,0.007728064737526852
|e_y|,m,RUNNING_MPC,0.007857455386870035
|e_y|,m,RUNNING_MPC,0.008052052068310056
|e_y|,m,RUNNING_MPC,0.007627468321351638
|e_y|,m,RUNNING_MPC,0.007282259628033971
|e_y|,m,RUNNING_MPC,0.0070236993496372024
|e_y|,m,RUNNING_MPC,0.006861821483438224
|e_y|,m,RUNNING_MPC,0.007025007644061498
|e_y|,m,RUNNING_MPC,0.00756981524937661
|e_y|,m,RUNNING_MPC,0.008140528609500125
|e_y|,m,RUNNING_MPC,0.00822882367108968
|e_y|,m,RUNNING_MPC,0.00873569756484982
|e_y|,m,RUNNING_MPC,0.008640615234729865
|e_y|,m,RUNNING_MPC,0.008678241676074616
|e_y|,m,RUNNING_MPC,0.00883430190039558
|e_y|,m,RUNNING_MPC,0.008923934149873927
|e_y|,m,RUNNING_MPC,0.007537646536744935
|e_y|,m,RUNNING_MPC,0.007143080718342354
|e_y|,m,RUNNING_MPC,0.005794134141403792
|e_y|,m,RUNNING_MPC,0.005412311315814711
|e_y|,m,RUNNING_MPC,0.005316896425910045
|e_y|,m,RUNNING_MPC,0.005570462762722578
|e_y|,m,RUNNING_MPC,0.006482976049943967
|e_y|,m,RUNNING_MPC,0.007000311154714611
|e_y|,m,RUNNING_MPC,0.007843707011049333
|e_y|,m,RUNNING_MPC,0.008242877789220449
|e_y|,m,RUNNING_MPC,0.008185689344771124
|e_y|,m,RUNNING_MPC,0.007883453544999586
|e_y|,m,RUNNING_MPC,0.008816942546539946
|e_y|,m,RUNNING_MPC,0.00851444636763939
|e_y|,m,RUNNING_MPC,0.008132316441078688
|e_y|,m,RUNNING_MPC,0.0073140602087582995
|e_y|,m,RUNNING_MPC,0.007104595409214959
|e_y|,m,RUNNING_MPC,0.00597261952148237
|e_y|,m,RUNNING_MPC,0.005224328696795899
|e_y|,m,RUNNING_MPC,0.004834311693443533
|e_y|,m,RUNNING_MPC,0.0034854043070073337
|e_y|,m,RUNNING_MPC,0.003278831895182577
|e_y|,m,RUNNING_MPC,0.00297649965502067
|e_y|,m,RUNNING_MPC,0.0029373353244628864
|e_y|,m,RUNNING_MPC,0.002437795837398171
|e_y|,m,RUNNING_MPC,0.002084824731535484
|e_y|,m,RUNNING_MPC,0.0011593109278056624
|e_y|,m,RUNNING_MPC,0.0012376703484156676
|e_y|,m,RUNNING_MPC,0.0014429828581360438
|e_y|,m,RUNNING_MPC,0.0019716021824759955
|e_y|,m,RUNNING_MPC,0.0013582517915193687
|e_y|,m,RUNNING_MPC,0.002114876005831212
|e_y|,m,RUNNING_MPC,0.0024085344585422636
|e_y|,m,RUNNING_MPC,0.0024147959799052376
|e_y|,m,RUNNING_MPC,0.002458565701309534
|e_y|,m,RUNNING_MPC,0.0024806237981990775
|e_y|,m,RUNNING_MPC,0.0029157421842119224
|e_y|,m,RUNNING_MPC,0.0033245990334468956
|e_y|,m,RUNNING_MPC,0.0030460663832719004
|e_y|,m,RUNNING_MPC,0.003363236718184781
|e_y|,m,RUNNING_MPC,0.0032862051465215036
|e_y|,m,RUNNING_MPC,0.0017029397169766054
|e_y|,m,RUNNING_MPC,0.002407177474698874
|e_y|,m,RUNNING_MPC,0.0002165370223484453
|e_y|,m,RUNNING_MPC,0.000634509526694034
|e_y|,m,RUNNING_MPC,0.0011257286735975591
|e_y|,m,RUNNING_MPC,0.0022488524690550335
|e_y|,m,RUNNING_MPC,0.004099780667395997
|e_y|,m,RUNNING_MPC,0.0043287875897016215
|e_y|,m,RUNNING_MPC,0.004969115911929852
|e_y|,m,RUNNING_MPC,0.006042032678764797
|e_y|,m,RUNNING_MPC,0.008338005670825155
|e_y|,m,RUNNING_MPC,0.010006798700694201
|e_y|,m,RUNNING_MPC,0.009853629084958793
|e_y|,m,RUNNING_MPC,0.007711137448705829
|e_y|,m,RUNNING_MPC,0.0049923047277708466
|e_y|,m,RUNNING_MPC,0.00073935036730155
|e_y|,m,RUNNING_MPC,0.003028950379866724
|e_y|,m,RUNNING_MPC,0.0009212724719053211
|e_y|,m,RUNNING_MPC,0.014115419873579393
|e_y|,m,RUNNING_MPC,0.020868033450166357
|e_y|,m,RUNNING_MPC,0.04926903188357963
|e_y|,m,RUNNING_MPC,0.0799676463229593
|e_y|,m,RUNNING_MPC,0.09828166054436133
|e_y|,m,RUNNING_MPC,0.12145294831230402
|e_y|,m,RUNNING_MPC,0.12749147202982267
|e_y|,m,RUNNING_MPC,0.12789640505422983
|e_y|,m,RUNNING_MPC,0.12048033291602983
|e_y|,m,RUNNING_MPC,0.11428067587868437
|e_y|,m,RUNNING_MPC,0.1016969330555533
|e_y|,m,RUNNING_MPC,0.09761155724902659
|e_y|,m,RUNNING_MPC,0.09021177353767171
|e_y|,m,RUNNING_MPC,0.08780064432094908
|e_y|,m,RUNNING_MPC,0.09250079610293435
|e_y|,m,RUNNING_MPC,0.09819934000179892
|e_y|,m,RUNNING_MPC,0.10469657213733341
|e_y|,m,RUNNING_MPC,0.11304746954416467
|e_y|,m,RUNNING_MPC,0.12846045719414323
|e_y|,m,RUNNING_MPC,0.14178945322936515
|e_y|,m,RUNNING_MPC,0.14464227526265677
|e_y|,m,RUNNING_MPC,0.14891621748218986
|e_y|,m,RUNNING_MPC,0.14645263966552435
|e_y|,m,RUNNING_MPC,0.1358267279140146
|e_y|,m,RUNNING_MPC,0.12084973713188468
|e_y|,m,RUNNING_MPC,0.10937777836234408
|e_y|,m,RUNNING_MPC,0.10277319791459814
|e_y|,m,RUNNING_MPC,0.10880480157502703
|e_y|,m,RUNNING_MPC,0.1217271598287237
|e_y|,m,RUNNING_MPC,0.18780910293251718
|e_y|,m,RUNNING_MPC,0.23720604777228593
|e_y|,m,RUNNING_MPC,0.2748687567597693
|e_y|,m,RUNNING_MPC,0.3015163763161768
|e_y|,m,RUNNING_MPC,0.2894763226650414
|e_y|,m,RUNNING_MPC,0.2604531212287314
|e_y|,m,RUNNING_MPC,0.22935581014831127
|e_y|,m,RUNNING_MPC,0.182609415077508
|e_y|,m,RUNNING_MPC,0.16543538645038036
|e_y|,m,RUNNING_MPC,0.13738813468293865
|e_y|,m,RUNNING_MPC,0.12475893835305978
|e_y|,m,RUNNING_MPC,0.1273525102449896
|e_y|,m,RUNNING_MPC,0.13843618737619945
|e_y|,m,RUNNING_MPC,0.14613131529023637
|e_y|,m,RUNNING_MPC,0.17691739485808497
|e_y|,m,RUNNING_MPC,0.22354699004057688
|e_y|,m,RUNNING_MPC,0.2624724871655016
|e_y|,m,RUNNING_MPC,0.30993405503897886
|e_y|,m,RUNNING_MPC,0.3556295961147269
|e_y|,m,RUNNING_MPC,0.3698169436527718
|e_y|,m,RUNNING_MPC,0.3928845653386103
|e_y|,m,RUNNING_MPC,0.40063571532663
|e_y|,m,RUNNING_MPC,0.4042728691559072
|e_y|,m,RUNNING_MPC,0.39180967974495384
|e_y|,m,RUNNING_MPC,0.3790131754379206
|e_y|,m,RUNNING_MPC,0.3387858765485529
|e_y|,m,RUNNING_MPC,0.2953512936390954
|e_y|,m,RUNNING_MPC,0.25419207808717953
|e_y|,m,RUNNING_MPC,0.2363748833998679
|e_y|,m,RUNNING_MPC,0.18444490919039125
|e_y|,m,RUNNING_MPC,0.15107914714506465
|e_y|,m,RUNNING_MPC,0.13308605665402612
|e_y|,m,RUNNING_MPC,0.12993336775209624
|e_y|,m,RUNNING_MPC,0.12898352281738848
|e_y|,m,RUNNING_MPC,0.12874675626386856
|e_y|,m,RUNNING_MPC,0.13691983322090012
|e_y|,m,RUNNING_MPC,0.14860944428626197
|e_y|,m,RUNNING_MPC,0.17064923190555442
|e_y|,m,RUNNING_MPC,0.1807652630607526
|e_y|,m,RUNNING_MPC,0.18682129249656418
|e_y|,m,RUNNING_MPC,0.15101057134871665
|e_y|,m,RUNNING_MPC,0.1339228187304377
|e_y|,m,RUNNING_MPC,0.11093333772811398
|e_y|,m,RUNNING_MPC,0.12905019591188654
|e_y|,m,RUNNING_MPC,0.12042187038165314
|e_y|,m,RUNNING_MPC,0.05400490669196073
|e_y|,m,RUNNING_MPC,0.006566315406289797
|e_y|,m,RUNNING_MPC,0.05801385349183028
|e_y|,m,RUNNING_MPC,0.10447180990035776
|e_y|,m,RUNNING_MPC,0.12019141505974529
|e_y|,m,RUNNING_MPC,0.12852496228582144
|e_y|,m,RUNNING_MPC,0.11720007171289559
|e_y|,m,RUNNING_MPC,0.09674540846682586
|e_y|,m,RUNNING_MPC,0.07594842313215615
|e_y|,m,RUNNING_MPC,0.047040399808436884
|e_y|,m,RUNNING_MPC,0.03146334925229856
|e_y|,m,RUNNING_MPC,0.017583115761184653
|e_y|,m,RUNNING_MPC,0.010790151436550932
|e_y|,m,RUNNING_MPC,0.01560301673310499
|e_y|,m,RUNNING_MPC,0.033598287856503956
|e_y|,m,RUNNING_MPC,0.08008469090807299
|e_y|,m,RUNNING_MPC,0.12446522651099926
|e_y|,m,RUNNING_MPC,0.1492193192422931
|e_y|,m,RUNNING_MPC,0.15936285004962564
|e_y|,m,RUNNING_MPC,0.14984440710459349
|e_y|,m,RUNNING_MPC,0.11637960895935406
|e_y|,m,RUNNING_MPC,0.08018301318770595
|e_y|,m,RUNNING_MPC,0.045092155753079594
|e_y|,m,RUNNING_MPC,0.02211067331924893
|e_y|,m,RUNNING_MPC,0.0048050905121576615
|e_y|,m,RUNNING_MPC,0.005942337929954994
|e_y|,m,RUNNING_MPC,0.005285407366853956
|e_y|,m,RUNNING_MPC,0.0023705178758671175
|e_y|,m,RUNNING_MPC,0.011296885242509089
|e_y|,m,RUNNING_MPC,0.020477399172703303
|e_y|,m,RUNNING_MPC,0.03484240116782422
|e_y|,m,RUNNING_MPC,0.04714131648934261
|e_y|,m,RUNNING_MPC,0.05788431676018746
|e_y|,m,RUNNING_MPC,0.06516404410405013
|e_y|,m,RUNNING_MPC,0.06626887762228192
|e_y|,m,RUNNING_MPC,0.0623328468597657
|e_y|,m,RUNNING_MPC,0.0509914180279146
|e_y|,m,RUNNING_MPC,0.03595803354623589
|e_y|,m,RUNNING_MPC,0.019176040505786418
|e_y|,m,RUNNING_MPC,0.010503070590992286
|e_y|,m,RUNNING_MPC,0.007077337456733501
|e_y|,m,RUNNING_MPC,0.01125846290424927
|e_y|,m,RUNNING_MPC,0.01788343352122923
|e_y|,m,RUNNING_MPC,0.021655422608517494
|e_y|,m,RUNNING_MPC,0.025965435139282733
|e_y|,m,RUNNING_MPC,0.027811196543804137
|e_y|,m,RUNNING_MPC,0.02872707717273426
|e_y|,m,RUNNING_MPC,0.02848593704291605
|e_y|,m,RUNNING_MPC,0.026485904268462923
|e_y|,m,RUNNING_MPC,0.023140349226303147
|e_y|,m,RUNNING_MPC,0.019297450356534712
|e_y|,m,RUNNING_MPC,0.012367327577833043
|e_y|,m,RUNNING_MPC,0.0075902372570966214
|e_y|,m,RUNNING_MPC,0.0019281307091642552
|e_y|,m,RUNNING_MPC,0.003396796360598975
|e_y|,m,RUNNING_MPC,0.007759133688174727
|e_y|,m,RUNNING_MPC,0.012706905883965086
|e_y|,m,RUNNING_MPC,0.01884998959304618
|e_y|,m,RUNNING_MPC,0.02716661564623174
|e_y|,m,RUNNING_MPC,0.03864164810549725
|e_y|,m,RUNNING_MPC,0.047990106516225206
|e_y|,m,RUNNING_MPC,0.05851459344728277
|e_y|,m,RUNNING_MPC,0.061957367314515635
|e_y|,m,RUNNING_MPC,0.06117442658214632
|e_y|,m,RUNNING_MPC,0.05736310885717004
|e_y|,m,RUNNING_MPC,0.04877498732571888
|e_y|,m,RUNNING_MPC,0.04179597040051253
|e_y|,m,RUNNING_MPC,0.0376510821989762
|e_y|,m,RUNNING_MPC,0.03478312530458608
|e_y|,m,RUNNING_MPC,0.031550563135343546
|e_y|,m,RUNNING_MPC,0.031344079798031554
|e_y|,m,RUNNING_MPC,0.03142707649872922
|e_y|,m,RUNNING_MPC,0.03197511074175918
|e_y|,m,RUNNING_MPC,0.03245517456099628
|e_y|,m,RUNNING_MPC,0.03288932360123725
|e_y|,m,RUNNING_MPC,0.03270068607779769
|e_y|,m,RUNNING_MPC,0.032708460588369515
|e_y|,m,RUNNING_MPC,0.0325696215735608
|e_y|,m,RUNNING_MPC,0.03196593884148061
|e_y|,m,RUNNING_MPC,0.031001623209995277
|e_y|,m,RUNNING_MPC,0.030248362463646428
|e_y|,m,RUNNING_MPC,0.029250629346640578
|e_y|,m,RUNNING_MPC,0.028213787160783765
|e_y|,m,RUNNING_MPC,0.02702670740876273
|e_y|,m,RUNNING_MPC,0.02571866504920728
|e_y|,m,RUNNING_MPC,0.0244541708375689
|e_y|,m,RUNNING_MPC,0.02331076633928139
|e_y|,m,RUNNING_MPC,0.02238634869824041
|e_y|,m,RUNNING_MPC,0.020634244965941073
|e_y|,m,RUNNING_MPC,0.01813374894930464
|e_y|,m,RUNNING_MPC,0.016064523251859152
|e_y|,m,RUNNING_MPC,0.013783173795617776
|e_y|,m,RUNNING_MPC,0.009120086604761546
|e_y|,m,RUNNING_MPC,0.0027758197483257474
|e_y|,m,RUNNING_MPC,0.0062382494240345865
|e_y|,m,RUNNING_MPC,0.0148014349880764
|e_y|,m,RUNNING_MPC,0.025321129139695198
|e_y|,m,RUNNING_MPC,0.04732939278114462
|e_y|,m,RUNNING_MPC,0.07195063494735893
|e_y|,m,RUNNING_MPC,0.09893940070536995
|e_y|,m,RUNNING_MPC,0.11683940392234199
|e_y|,m,RUNNING_MPC,0.14266465453544708
|e_y|,m,RUNNING_MPC,0.17465552685367924
|e_y|,m,RUNNING_MPC,0.2096404147094214
|e_y|,m,RUNNING_MPC,0.23551926139308638
|e_y|,m,RUNNING_MPC,0.254858328407894
|e_y|,m,RUNNING_MPC,0.28587079497916124
|e_y|,m,RUNNING_MPC,0.313014679102368
|e_y|,m,RUNNING_MPC,0.34395878358594695
|e_y|,m,RUNNING_MPC,0.3490334401785911
|e_y|,m,RUNNING_MPC,0.3823072628532534
|e_y|,m,RUNNING_MPC,0.41753433305616316
|e_y|,m,RUNNING_MPC,0.43482011743041316
|e_y|,m,RUNNING_MPC,0.4687612833417863
|e_y|,m,RUNNING_MPC,0.4924792706747036
|e_y|,m,RUNNING_MPC,0.5274410573416708
|e_y|,m,RUNNING_MPC,0.5389069885079215
|e_y|,m,RUNNING_MPC,0.5907706702766276
|e_y|,m,RUNNING_MPC,0.6469167788391915
|e_y|,m,RUNNING_MPC,0.679685591993672
|e_y|,m,RUNNING_MPC,0.6834955882017157
|e_y|,m,RUNNING_MPC,0.6833852143628598
|e_y|,m,RUNNING_MPC,0.6609595519968243
|e_y|,m,RUNNING_MPC,0.6386937917153381
|e_y|,m,RUNNING_MPC,0.6027183429993522
|e_y|,m,RUNNING_MPC,0.5735910637802926
|e_y|,m,RUNNING_MPC,0.5502473560002379
|e_y|,m,RUNNING_MPC,0.5062699216547344
|e_y|,m,RUNNING_MPC,0.4530016828342167
|e_y|,m,RUNNING_MPC,0.39174233936016045
|e_y|,m,RUNNING_MPC,0.34599719285255426
|e_y|,m,RUNNING_MPC,0.27393456667544125
|e_y|,m,RUNNING_MPC,0.2294624716172402
|e_y|,m,RUNNING_MPC,0.1509124986924537
|e_y|,m,RUNNING_MPC,0.07785119409320129
|e_y|,m,RUNNING_MPC,0.013456197669339975
|e_y|,m,RUNNING_MPC,0.04145946657917943
|e_y|,m,RUNNING_MPC,0.07963742976199084
|e_y|,m,RUNNING_MPC,0.11281246293498301
|e_y|,m,RUNNING_MPC,0.14060424828085843
|e_y|,m,RUNNING_MPC,0.16231849902086037
|e_y|,m,RUNNING_MPC,0.1840199492294493
|e_y|,m,RUNNING_MPC,0.20871972080032836
|e_y|,m,RUNNING_MPC,0.23372510006718936
|e_y|,m,RUNNING_MPC,0.2611949787238902
|e_y|,m,RUNNING_MPC,0.28933853083551136
|e_y|,m,RUNNING_MPC,0.3169992187862731
|e_y|,m,RUNNING_MPC,0.34499549440718585
|e_y|,m,RUNNING_MPC,0.3753345592571862
|e_y|,m,RUNNING_MPC,0.4294899709826644
|e_y|,m,RUNNING_MPC,0.4918103012909226
|e_y|,m,RUNNING_MPC,0.5505657952508761
|e_y|,m,RUNNING_MPC,0.5949920510403564
|e_y|,m,RUNNING_MPC,0.6222410890320185
|e_y|,m,RUNNING_MPC,0.6392835121458641
|e_y|,m,RUNNING_MPC,0.6252876329387881
|e_y|,m,RUNNING_MPC,0.6032904552731029
|e_y|,m,RUNNING_MPC,0.5689766945511775
|e_y|,m,RUNNING_MPC,0.5185005850595052
|e_y|,m,RUNNING_MPC,0.4652546837369992
|e_y|,m,RUNNING_MPC,0.4122038768270526
|e_y|,m,RUNNING_MPC,0.3823628868516002
|e_y|,m,RUNNING_MPC,0.3338104206349942
|e_y|,m,RUNNING_MPC,0.2984262574742558
|e_y|,m,RUNNING_MPC,0.27201486032167455
|e_y|,m,RUNNING_MPC,0.2645820519606243
|e_y|,m,RUNNING_MPC,0.2602395987800964
|e_y|,m,RUNNING_MPC,0.2620688348077963
|e_y|,m,RUNNING_MPC,0.26072554775441936
|e_y|,m,RUNNING_MPC,0.2685340731643743
|e_y|,m,RUNNING_MPC,0.27689033220577636
|e_y|,m,RUNNING_MPC,0.2748023810992063
|e_y|,m,RUNNING_MPC,0.27512122793274907
|e_y|,m,RUNNING_MPC,0.2628138779496193
|e_y|,m,RUNNING_MPC,0.23294417738476556
|e_y|,m,RUNNING_MPC,0.19088824346928285
|e_y|,m,RUNNING_MPC,0.14708008352849877
|e_y|,m,RUNNING_MPC,0.10016984291414083
|e_y|,m,RUNNING_MPC,0.06325239001260596
|e_y|,m,RUNNING_MPC,0.034781819169411324
|e_y|,m,RUNNING_MPC,0.015407745439468129
|e_y|,m,RUNNING_MPC,0.005185462479348868
|e_y|,m,RUNNING_MPC,0.002993986279931079
|e_y|,m,RUNNING_MPC,0.004933757051951565
|e_y|,m,RUNNING_MPC,0.007909579148281498
|e_y|,m,RUNNING_MPC,0.013588789740755058
|e_y|,m,RUNNING_MPC,0.02152617573767529
|e_y|,m,RUNNING_MPC,0.02614109178587226
|e_y|,m,RUNNING_MPC,0.04406629748112517
|e_y|,m,RUNNING_MPC,0.06166421572083658
|e_y|,m,RUNNING_MPC,0.08432872741054069
|e_y|,m,RUNNING_MPC,0.0967083324167721
|e_y|,m,RUNNING_MPC,0.1189932449135622
|e_y|,m,RUNNING_MPC,0.13235096142474284
|e_y|,m,RUNNING_MPC,0.1505362646700472
|e_y|,m,RUNNING_MPC,0.16306941784910828
|e_y|,m,RUNNING_MPC,0.16906390882399494
|e_y|,m,RUNNING_MPC,0.17909955265569658
|e_y|,m,RUNNING_MPC,0.18450480919360607
|e_y|,m,RUNNING_MPC,0.18658008741558507
|e_y|,m,RUNNING_MPC,0.1824986404984572
|e_y|,m,RUNNING_MPC,0.17663185396732764
|e_y|,m,RUNNING_MPC,0.1747272993566535
|e_y|,m,RUNNING_MPC,0.17012774026514127
|e_y|,m,RUNNING_MPC,0.1716865383864043
|e_y|,m,RUNNING_MPC,0.17216076470390085
|e_y|,m,RUNNING_MPC,0.1840121461813643
|e_y|,m,RUNNING_MPC,0.18924209967942185
|e_y|,m,RUNNING_MPC,0.19908017547473042
|e_y|,m,RUNNING_MPC,0.2030780804771271
|e_y|,m,RUNNING_MPC,0.21377251911461395
|e_y|,m,RUNNING_MPC,0.22266714205875293
|e_y|,m,RUNNING_MPC,0.2312457769759234
|e_y|,m,RUNNING_MPC,0.24543464636028897
|e_y|,m,RUNNING_MPC,0.2613199603534375
|e_y|,m,RUNNING_MPC,0.2708822119812468
|e_y|,m,RUNNING_MPC,0.29551084429747104
|e_y|,m,RUNNING_MPC,0.3005051431057037
|e_y|,m,RUNNING_MPC,0.3008547665374204
|e_y|,m,RUNNING_MPC,0.29469883079404635
|e_y|,m,RUNNING_MPC,0.2796677514744443
|e_y|,m,RUNNING_MPC,0.2818646085344432
|e_y|,m,RUNNING_MPC,0.27689395693337887
|e_y|,m,RUNNING_MPC,0.2658625078816245
|e_y|,m,RUNNING_MPC,0.2484815387045341
|e_y|,m,RUNNING_MPC,0.22829687676504593
|e_y|,m,RUNNING_MPC,0.1894223703679388
|e_y|,m,RUNNING_MPC,0.1473121945228186
|e_y|,m,RUNNING_MPC,0.11133946443453217
|e_y|,m,RUNNING_MPC,0.07753834725281994
|e_y|,m,RUNNING_MPC,0.05478953285667887
|e_y|,m,RUNNING_MPC,0.040837134944355
|e_y|,m,RUNNING_MPC,0.028998290122604298
|e_y|,m,RUNNING_MPC,0.02465296387595385
|e_y|,m,RUNNING_MPC,0.01884710845115356
|e_y|,m,RUNNING_MPC,0.019401413200693954
|e_y|,m,RUNNING_MPC,0.015217650401681576
|e_y|,m,RUNNING_MPC,0.01346531005195506
|e_y|,m,RUNNING_MPC,0.012251660847555301
|e_y|,m,RUNNING_MPC,0.011667946011986285
|e_y|,m,RUNNING_MPC,0.00838375237245717
|e_y|,m,RUNNING_MPC,0.003418966517162038
|e_y|,m,RUNNING_MPC,0.021918649391728606
|e_y|,m,RUNNING_MPC,0.03862307896439299
|e_y|,m,RUNNING_MPC,0.07040689562337682
|e_y|,m,RUNNING_MPC,0.08616324821887358
|e_y|,m,RUNNING_MPC,0.09459785854003966
|e_y|,m,RUNNING_MPC,0.09777267046309551
|e_y|,m,RUNNING_MPC,0.09411215261179047
|e_y|,m,RUNNING_MPC,0.08870733431389283
|e_y|,m,RUNNING_MPC,0.07701435219970149
|e_y|,m,RUNNING_MPC,0.06797535350387185
|e_y|,m,RUNNING_MPC,0.05566039697039038
|e_y|,m,RUNNING_MPC,0.047399456891797156
|e_y|,m,RUNNING_MPC,0.04043337387666937
|e_y|,m,RUNNING_MPC,0.03461262719485281
|e_y|,m,RUNNING_MPC,0.028040932703369603
|e_y|,m,RUNNING_MPC,0.02315320189787956
|e_y|,m,RUNNING_MPC,0.019366864543531814
|e_y|,m,RUNNING_MPC,0.011146193391040476
|e_y|,m,RUNNING_MPC,0.007443109431725881
|e_y|,m,RUNNING_MPC,0.005913585878826899
|e_y|,m,RUNNING_MPC,0.0085763504428992
|e_y|,m,RUNNING_MPC,0.014546359003018372
|e_y|,m,RUNNING_MPC,0.019327946090469825
|e_y|,m,RUNNING_MPC,0.0226382493879842
|e_y|,m,RUNNING_MPC,0.024739134872740765
|e_y|,m,RUNNING_MPC,0.02661043115197846
|e_y|,m,RUNNING_MPC,0.02804328898992714
|e_y|,m,RUNNING_MPC,0.03165343224571823
|e_y|,m,RUNNING_MPC,0.033688399162142224
|e_y|,m,RUNNING_MPC,0.03497344089781512
|e_y|,m,RUNNING_MPC,0.03451436001675967
|e_y|,m,RUNNING_MPC,0.03251408490483865
|e_y|,m,RUNNING_MPC,0.02906770258804036
|e_y|,m,RUNNING_MPC,0.023276372012118365
|e_y|,m,RUNNING_MPC,0.017997259570378454
|e_y|,m,RUNNING_MPC,0.013199014469582382
|e_y|,m,RUNNING_MPC,0.00919239138585115
|e_y|,m,RUNNING_MPC,0.007583603291758334
|e_y|,m,RUNNING_MPC,0.007475005193517787
|e_y|,m,RUNNING_MPC,0.009308100996432478
|e_y|,m,RUNNING_MPC,0.012317247448212248
|e_y|,m,RUNNING_MPC,0.016217042642773016
|e_y|,m,RUNNING_MPC,0.022471991131684188
|e_y|,m,RUNNING_MPC,0.02733418348329325
|e_y|,m,RUNNING_MPC,0.031263693598020975
|e_y|,m,RUNNING_MPC,0.0352323275875554
|e_y|,m,RUNNING_MPC,0.03624200836813984
|e_y|,m,RUNNING_MPC,0.03561973490175602
|e_y|,m,RUNNING_MPC,0.033531691157441756
|e_y|,m,RUNNING_MPC,0.029271528908983213
|e_y|,m,RUNNING_MPC,0.024968529783229165
|e_y|,m,RUNNING_MPC,0.021756701444862303
|e_y|,m,RUNNING_MPC,0.016839433269897452
|e_y|,m,RUNNING_MPC,0.013283547914736071
|e_y|,m,RUNNING_MPC,0.012098005714998417
|e_y|,m,RUNNING_MPC,0.012136788323746206
|e_y|,m,RUNNING_MPC,0.014238095791725913
|e_y|,m,RUNNING_MPC,0.016731884838730532
|e_y|,m,RUNNING_MPC,0.019813069477993495
|e_y|,m,RUNNING_MPC,0.02318568992055392
|e_y|,m,RUNNING_MPC,0.02718507049597013
|e_y|,m,RUNNING_MPC,0.028837779085611304
|e_y|,m,RUNNING_MPC,0.030077881074451807
|e_y|,m,RUNNING_MPC,0.03129944418255137
|e_y|,m,RUNNING_MPC,0.032290215390715304
|e_y|,m,RUNNING_MPC,0.032329207806958915
|e_y|,m,RUNNING_MPC,0.03007860272008278
|e_y|,m,RUNNING_MPC,0.023770934261152288
|e_y|,m,RUNNING_MPC,0.01799716813168023
|e_y|,m,RUNNING_MPC,0.01565561210943822
|e_y|,m,RUNNING_MPC,0.018385968346881762
|e_y|,m,RUNNING_MPC,0.02224042457644114
|e_y|,m,RUNNING_MPC,0.007615097921411851
|e_y|,m,RUNNING_MPC,0.01770661068557433
|e_y|,m,RUNNING_MPC,0.006267322843696577
|e_y|,m,RUNNING_MPC,0.01850223911117005
|e_y|,m,RUNNING_MPC,0.03533979754958161
|e_y|,m,RUNNING_MPC,0.052901165038528666
|e_y|,m,RUNNING_MPC,0.05444330518714646
|e_y|,m,RUNNING_MPC,0.05103662670273923
|e_y|,m,RUNNING_MPC,0.046612473936970156
|e_y|,m,RUNNING_MPC,0.03492020731406997
|e_y|,m,RUNNING_MPC,0.026459153592249374
|e_y|,m,RUNNING_MPC,0.018307977678375775
|e_y|,m,RUNNING_MPC,0.009933577572605254
|e_y|,m,RUNNING_MPC,0.005948711601783285
|e_y|,m,RUNNING_MPC,0.004581282826879141
|e_y|,m,RUNNING_MPC,0.005379128428236228
|e_y|,m,RUNNING_MPC,0.008036628637731177
|e_y|,m,RUNNING_MPC,0.010580652250461287
|e_y|,m,RUNNING_MPC,0.01312951443269711
|e_y|,m,RUNNING_MPC,0.014937449000590325
|e_y|,m,RUNNING_MPC,0.015891131989371365
|e_y|,m,RUNNING_MPC,0.015499208433448099
|e_y|,m,RUNNING_MPC,0.014894904644057266
|e_y|,m,RUNNING_MPC,0.010009054166731396
|e_y|,m,RUNNING_MPC,0.005166227284552516
|e_y|,m,RUNNING_MPC,0.00263244653909106
|e_y|,m,RUNNING_MPC,0.010153054135942904
|e_y|,m,RUNNING_MPC,0.017854510818577918
|e_y|,m,RUNNING_MPC,0.026585903130075028
|e_y|,m,RUNNING_MPC,0.030948819059891247
|e_y|,m,RUNNING_MPC,0.03733151018076078
|e_y|,m,RUNNING_MPC,0.04010826238133569
|e_y|,m,RUNNING_MPC,0.042064795380735986
|e_y|,m,RUNNING_MPC,0.04240119508268464
|e_y|,m,RUNNING_MPC,0.04197716986289268
|e_y|,m,RUNNING_MPC,0.041234772717687274
|e_y|,m,RUNNING_MPC,0.0441654579131182
|e_y|,m,RUNNING_MPC,0.04989275357508738
|e_y|,m,RUNNING_MPC,0.05723655830660551
|e_y|,m,RUNNING_MPC,0.06659944352702404
|e_y|,m,RUNNING_MPC,0.07503750953671479
|e_y|,m,RUNNING_MPC,0.08152930279033882
|e_y|,m,RUNNING_MPC,0.08787478140280891
|e_y|,m,RUNNING_MPC,0.0939103686800605
|e_y|,m,RUNNING_MPC,0.09490340329826835
|e_y|,m,RUNNING_MPC,0.09905482289070844
|e_y|,m,RUNNING_MPC,0.09984136480549555
|e_y|,m,RUNNING_MPC,0.10456171072312906
|e_y|,m,RUNNING_MPC,0.1059356216045736
|e_y|,m,RUNNING_MPC,0.1117261325960357
|e_y|,m,RUNNING_MPC,0.12105652958935231
|e_y|,m,RUNNING_MPC,0.1302880681796254
|e_y|,m,RUNNING_MPC,0.14325091999526673
|e_y|,m,RUNNING_MPC,0.15503021280395476
|e_y|,m,RUNNING_MPC,0.16841933253643382
|e_y|,m,RUNNING_MPC,0.19391107999951274
|e_y|,m,RUNNING_MPC,0.20816944741267035
|e_y|,m,RUNNING_MPC,0.23841477176627277
|e_y|,m,RUNNING_MPC,0.2606839979548471
|e_y|,m,RUNNING_MPC,0.28528441099327834
|e_y|,m,RUNNING_MPC,0.3105227312963706
|e_y|,m,RUNNING_MPC,0.32450523227540407
|e_y|,m,RUNNING_MPC,0.32932704651531675
|e_y|,m,RUNNING_MPC,0.32861210708418725
|e_y|,m,RUNNING_MPC,0.3168660024076875
|e_y|,m,RUNNING_MPC,0.29095058368257437
|e_y|,m,RUNNING_MPC,0.2670786548006352
|e_y|,m,RUNNING_MPC,0.23734378950801735
|e_y|,m,RUNNING_MPC,0.21173055615005124
|e_y|,m,RUNNING_MPC,0.1892167261082988
|e_y|,m,RUNNING_MPC,0.15354522361186804
|e_y|,m,RUNNING_MPC,0.12619013514048683
|e_y|,m,RUNNING_MPC,0.10362147436949709
|e_y|,m,RUNNING_MPC,0.08484166179989863
|e_y|,m,RUNNING_MPC,0.06887175601774502
|e_y|,m,RUNNING_MPC,0.055902447415021005
|e_y|,m,RUNNING_MPC,0.04474824077501262
|e_y|,m,RUNNING_MPC,0.03728607131670471
|e_y|,m,RUNNING_MPC,0.02990224198086286
|e_y|,m,RUNNING_MPC,0.02332646787501394
|e_y|,m,RUNNING_MPC,0.01657169959205703
|e_y|,m,RUNNING_MPC,0.011638491049194285
|e_y|,m,RUNNING_MPC,0.008345982047552002
|e_y|,m,RUNNING_MPC,0.0047062178977795195
|e_y|,m,RUNNING_MPC,0.0014491871347353802
|e_y|,m,RUNNING_MPC,0.004696954136271317
|e_y|,m,RUNNING_MPC,0.012011699779466596
|e_y|,m,RUNNING_MPC,0.02200531445593812
|e_y|,m,RUNNING_MPC,0.036449038157958726
|e_y|,m,RUNNING_MPC,0.049973424044416265
|e_y|,m,RUNNING_MPC,0.05868841209529037
|e_y|,m,RUNNING_MPC,0.06753774091343301
|e_y|,m,RUNNING_MPC,0.0695328077976386
|e_y|,m,RUNNING_MPC,0.06504831985324619
|e_y|,m,RUNNING_MPC,0.05779430783063631
|e_y|,m,RUNNING_MPC,0.04894767119245684
|e_y|,m,RUNNING_MPC,0.04013911364515682
|e_y|,m,RUNNING_MPC,0.033292335147533755
|e_y|,m,RUNNING_MPC,0.029536433303024086
|e_y|,m,RUNNING_MPC,0.028996214309736014
|e_y|,m,RUNNING_MPC,0.03412839421271687
|e_y|,m,RUNNING_MPC,0.040245468630871944
|e_y|,m,RUNNING_MPC,0.04744337626434644
|e_y|,m,RUNNING_MPC,0.060354073692310835
|e_y|,m,RUNNING_MPC,0.07075847809332653
|e_y|,m,RUNNING_MPC,0.08368700734416235
|e_y|,m,RUNNING_MPC,0.09096971978834784
|e_y|,m,RUNNING_MPC,0.10269140300591383
|e_y|,m,RUNNING_MPC,0.11461086504410287
|e_y|,m,RUNNING_MPC,0.1192531277696217
|e_y|,m,RUNNING_MPC,0.1164055474882818
|e_y|,m,RUNNING_MPC,0.1070438724588052
|e_y|,m,RUNNING_MPC,0.09290323553007546
|e_y|,m,RUNNING_MPC,0.08143848153646555
|e_y|,m,RUNNING_MPC,0.08270250524704109
|e_y|,m,RUNNING_MPC,0.09100516252395058
|e_y|,m,RUNNING_MPC,0.10439453007385122
|e_y|,m,RUNNING_MPC,0.13012788203854675
|e_y|,m,RUNNING_MPC,0.16894383049857503
|e_y|,m,RUNNING_MPC,0.20963065989414018
|e_y|,m,RUNNING_MPC,0.24930003124504513
|e_y|,m,RUNNING_MPC,0.28723873343103934
|e_y|,m,RUNNING_MPC,0.32190222275221614
|e_y|,m,RUNNING_MPC,0.3403076629824043
|e_y|,m,RUNNING_MPC,0.34092203608156485
|e_y|,m,RUNNING_MPC,0.332754470488151
|e_y|,m,RUNNING_MPC,0.30399636748238945
|e_y|,m,RUNNING_MPC,0.26269218746405676
|e_y|,m,RUNNING_MPC,0.21381837303939977
|e_y|,m,RUNNING_MPC,0.16353080420205554
|e_y|,m,RUNNING_MPC,0.11709475814715226
|e_y|,m,RUNNING_MPC,0.0848322926771915
|e_y|,m,RUNNING_MPC,0.06263380024921306
|e_y|,m,RUNNING_MPC,0.05084843728649798
|e_y|,m,RUNNING_MPC,0.049695097593159876
|e_y|,m,RUNNING_MPC,0.05868422379467475
|e_y|,m,RUNNING_MPC,0.06675862319335746
|e_y|,m,RUNNING_MPC,0.08201474976929718
|e_y|,m,RUNNING_MPC,0.09332328644389942
|e_y|,m,RUNNING_MPC,0.09578348441808188
|e_y|,m,RUNNING_MPC,0.09629996437079857
|e_y|,m,RUNNING_MPC,0.09098290555866934
|e_y|,m,RUNNING_MPC,0.07613598463005272
|e_y|,m,RUNNING_MPC,0.05823127192404676
|e_y|,m,RUNNING_MPC,0.03842842669925847
|e_y|,m,RUNNING_MPC,0.027227197213623502
|e_y|,m,RUNNING_MPC,0.008148986181406304
|e_y|,m,RUNNING_MPC,0.0005085795996989662
|e_y|,m,RUNNING_MPC,0.001181414759471422
|e_y|,m,RUNNING_MPC,0.0022968092674635066
|e_y|,m,RUNNING_MPC,0.007797561516369511
|e_y|,m,RUNNING_MPC,0.020771386939461067
|e_y|,m,RUNNING_MPC,0.030736821471924913
|e_y|,m,RUNNING_MPC,0.0367148948251953
|e_y|,m,RUNNING_MPC,0.038851655936462226
|e_y|,m,RUNNING_MPC,0.03604455746028973
|e_y|,m,RUNNING_MPC,0.031798488024650934
|e_y|,m,RUNNING_MPC,0.02345384566101197
|e_y|,m,RUNNING_MPC,0.016955539146973175
|e_y|,m,RUNNING_MPC,0.0034706963167210683
|e_y|,m,RUNNING_MPC,0.008015535377099259
|e_y|,m,RUNNING_MPC,0.015312255197639568
|e_y|,m,RUNNING_MPC,0.028064258955454863
|e_y|,m,RUNNING_MPC,0.03716079509520667
|e_y|,m,RUNNING_MPC,0.04136653209928537
|e_y|,m,RUNNING_MPC,0.04713501035470519
|e_y|,m,RUNNING_MPC,0.04935087645278158
|e_y|,m,RUNNING_MPC,0.050133676364218116
|e_y|,m,RUNNING_MPC,0.04976419092386303
|e_y|,m,RUNNING_MPC,0.048051564586634704
|e_y|,m,RUNNING_MPC,0.04672444838028317
|e_y|,m,RUNNING_MPC,0.04444550509663647
|e_y|,m,RUNNING_MPC,0.043053293785676267
|e_y|,m,RUNNING_MPC,0.04273460720576866
|e_y|,m,RUNNING_MPC,0.04305549146682347
|e_y|,m,RUNNING_MPC,0.04409684986412517
|e_y|,m,RUNNING_MPC,0.04436951731141031
|e_y|,m,RUNNING_MPC,0.04466014650460587
|e_y|,m,RUNNING_MPC,0.04490902201619646
|e_y|,m,RUNNING_MPC,0.04347110808720345
|e_y|,m,RUNNING_MPC,0.042109373008535456
|e_y|,m,RUNNING_MPC,0.04104822595336155
|e_y|,m,RUNNING_MPC,0.040311744910399974
|e_y|,m,RUNNING_MPC,0.03983007663681226
|e_y|,m,RUNNING_MPC,0.04134255679126808
|e_y|,m,RUNNING_MPC,0.04452491094032894
|e_y|,m,RUNNING_MPC,0.05106131314333723
|e_y|,m,RUNNING_MPC,0.058721385338346255
|e_y|,m,RUNNING_MPC,0.06941717326063923
|e_y|,m,RUNNING_MPC,0.08090882827580868
|e_y|,m,RUNNING_MPC,0.0891446707258016
|e_y|,m,RUNNING_MPC,0.09951457807596364
|e_y|,m,RUNNING_MPC,0.10854074021102372
|e_y|,m,RUNNING_MPC,0.11627975986290157
|e_y|,m,RUNNING_MPC,0.1257950388337528
|e_y|,m,RUNNING_MPC,0.13217938727965128
|e_y|,m,RUNNING_MPC,0.14317401001584068
|e_y|,m,RUNNING_MPC,0.15262520308178124
|e_y|,m,RUNNING_MPC,0.16329716926901766
|e_y|,m,RUNNING_MPC,0.1699186690130763
|e_y|,m,RUNNING_MPC,0.1772945634808682
|e_y|,m,RUNNING_MPC,0.19409573945964276
|e_y|,m,RUNNING_MPC,0.20912974796151393
|e_y|,m,RUNNING_MPC,0.22294797482674594
|e_y|,m,RUNNING_MPC,0.23145544348787506
|e_y|,m,RUNNING_MPC,0.24355078621044762
|e_y|,m,RUNNING_MPC,0.255463644905853
|e_y|,m,RUNNING_MPC,0.2583455786392101
|e_y|,m,RUNNING_MPC,0.27628660844075376
|e_y|,m,RUNNING_MPC,0.2923422188707988
|e_y|,m,RUNNING_MPC,0.30703442613277965
|e_y|,m,RUNNING_MPC,0.3233804459075528
|e_y|,m,RUNNING_MPC,0.3333599192108035
|e_y|,m,RUNNING_MPC,0.3438997935229463
|e_y|,m,RUNNING_MPC,0.3707607664878766
|e_y|,m,RUNNING_MPC,0.3855251107337658
|e_y|,m,RUNNING_MPC,0.41783844071085335
|e_y|,m,RUNNING_MPC,0.4332951734809024
|e_y|,m,RUNNING_MPC,0.45825451415489016
|e_y|,m,RUNNING_MPC,0.466858688233334
|e_y|,m,RUNNING_MPC,0.49407953750929
|e_y|,m,RUNNING_MPC,0.5244242690766243
|e_y|,m,RUNNING_MPC,0.5413880422252199
|e_y|,m,RUNNING_MPC,0.5488460048322749
|e_y|,m,RUNNING_MPC,0.5450998125729345
|e_y|,m,RUNNING_MPC,0.5324964501838514
|e_y|,m,RUNNING_MPC,0.5162757051891141
|e_y|,m,RUNNING_MPC,0.48811786953741276
|e_y|,m,RUNNING_MPC,0.4510748793587045
|e_y|,m,RUNNING_MPC,0.40587655251860033
|e_y|,m,RUNNING_MPC,0.3556959374858521
|e_y|,m,RUNNING_MPC,0.31963482069536264
|e_y|,m,RUNNING_MPC,0.25055881505475647
|e_y|,m,RUNNING_MPC,0.2018496503030313
|e_y|,m,RUNNING_MPC,0.17426700389377484
|e_y|,m,RUNNING_MPC,0.14321423237072356
|e_y|,m,RUNNING_MPC,0.12756818618031554
|e_y|,m,RUNNING_MPC,0.11794985849067532
|e_y|,m,RUNNING_MPC,0.10378555248020599
|e_y|,m,RUNNING_MPC,0.08929258436500594
|e_y|,m,RUNNING_MPC,0.06751858297677725
|e_y|,m,RUNNING_MPC,0.0562766242551444
|e_y|,m,RUNNING_MPC,0.026156326497173754
|e_y|,m,RUNNING_MPC,0.001100624602255875
|e_y|,m,RUNNING_MPC,0.014079964303627901
|e_y|,m,RUNNING_MPC,0.02152538707227933
|e_y|,m,RUNNING_MPC,0.022374086489945266
|e_y|,m,RUNNING_MPC,0.019742727007580535
|e_y|,m,RUNNING_MPC,0.015731912729432238
|e_y|,m,RUNNING_MPC,0.008425793246132435
|e_y|,m,RUNNING_MPC,0.0036254338551048593
|e_y|,m,RUNNING_MPC,0.0010591073840163223
|e_y|,m,RUNNING_MPC,0.004799096556395167
|e_y|,m,RUNNING_MPC,0.006807049206104088
|e_y|,m,RUNNING_MPC,0.007250351295095339
|e_y|,m,RUNNING_MPC,0.008049219645378775
|e_y|,m,RUNNING_MPC,0.0032863305987104047
|e_y|,m,RUNNING_MPC,0.0005231687681633013
|e_y|,m,RUNNING_MPC,0.006884196963663054
|e_y|,m,RUNNING_MPC,0.008633314156967081
|e_y|,m,RUNNING_MPC,0.01850887103388088
|e_y|,m,RUNNING_MPC,0.02698769737597395
|e_y|,m,RUNNING_MPC,0.03965525195064111
|e_y|,m,RUNNING_MPC,0.052366396815831225
|e_y|,m,RUNNING_MPC,0.07304066533940654
|e_y|,m,RUNNING_MPC,0.09664983209319664
|e_y|,m,RUNNING_MPC,0.1124646595551658
|e_y|,m,RUNNING_MPC,0.1332780251991048
|e_y|,m,RUNNING_MPC,0.1546327350918565
|e_y|,m,RUNNING_MPC,0.1741670192950724
|e_y|,m,RUNNING_MPC,0.19967813420330252
|e_y|,m,RUNNING_MPC,0.22506714927312182
|e_y|,m,RUNNING_MPC,0.24938634608824048
|e_y|,m,RUNNING_MPC,0.2618601720144499
|e_y|,m,RUNNING_MPC,0.2879601086768583
|e_y|,m,RUNNING_MPC,0.3099153240391512
|e_y|,m,RUNNING_MPC,0.31843429299224996
|e_y|,m,RUNNING_MPC,0.329839604308915
|e_y|,m,RUNNING_MPC,0.34724909128079756
|e_y|,m,RUNNING_MPC,0.3651077281296313
|e_y|,m,RUNNING_MPC,0.39720598150859177
|e_y|,m,RUNNING_MPC,0.4427288039532703
|e_y|,m,RUNNING_MPC,0.4903041019462303
|e_y|,m,RUNNING_MPC,0.5117016760132925
|e_y|,m,RUNNING_MPC,0.534281843430572
|e_y|,m,RUNNING_MPC,0.5497969493035164
|e_y|,m,RUNNING_MPC,0.5565037892542233
|e_y|,m,RUNNING_MPC,0.56024003464535
|e_y|,m,RUNNING_MPC,0.5526021934293035
|e_y|,m,RUNNING_MPC,0.5467413573696892
|e_y|,m,RUNNING_MPC,0.5604452455970664
|e_y|,m,RUNNING_MPC,0.5593287154083669
|e_y|,m,RUNNING_MPC,0.5557036735930426
|e_y|,m,RUNNING_MPC,0.5414631207204174
|e_y|,m,RUNNING_MPC,0.5532867864172446
|e_y|,m,RUNNING_MPC,0.5546163635121222
|e_y|,m,RUNNING_MPC,0.5534767851415295
|e_y|,m,RUNNING_MPC,0.5420597876832363
|e_y|,m,RUNNING_MPC,0.5414865320143081
|e_y|,m,RUNNING_MPC,0.5457358562313761
|e_y|,m,RUNNING_MPC,0.5397404303605194
|e_y|,m,RUNNING_MPC,0.5333212225312526
|e_y|,m,RUNNING_MPC,0.5185024467000346
|e_y|,m,RUNNING_MPC,0.5064406258540987
|e_y|,m,RUNNING_MPC,0.48892443627701304
|e_y|,m,RUNNING_MPC,0.4662454944279319
|e_y|,m,RUNNING_MPC,0.4369426114882444
|e_y|,m,RUNNING_MPC,0.4079880277374587
|e_y|,m,RUNNING_MPC,0.37595627151338357
|e_y|,m,RUNNING_MPC,0.34783394498022574
|e_y|,m,RUNNING_MPC,0.31705542505161344
|e_y|,m,RUNNING_MPC,0.2849271718766707
|e_y|,m,RUNNING_MPC,0.2679509092467613
|e_y|,m,RUNNING_MPC,0.231601711638206
|e_y|,m,RUNNING_MPC,0.2107567869043912
|e_y|,m,RUNNING_MPC,0.1872176475864893
|e_y|,m,RUNNING_MPC,0.16155301287411436
|e_y|,m,RUNNING_MPC,0.13903203631881922
|e_y|,m,RUNNING_MPC,0.10443453740011291
|e_y|,m,RUNNING_MPC,0.08136454737769447
|e_y|,m,RUNNING_MPC,0.040126879279285516
|e_y|,m,RUNNING_MPC,0.017452588303377203
|e_y|,m,RUNNING_MPC,0.008248039438143506
|e_y|,m,RUNNING_MPC,0.013481207806974038
|e_y|,m,RUNNING_MPC,0.020469393254275346
|e_y|,m,RUNNING_MPC,0.04128537877767377
|e_y|,m,RUNNING_MPC,0.05332580720062305
|e_y|,m,RUNNING_MPC,0.07710474329164621
|e_y|,m,RUNNING_MPC,0.09578943760421135
|e_y|,m,RUNNING_MPC,0.11112699365758305
|e_y|,m,RUNNING_MPC,0.12136452161662677
|e_y|,m,RUNNING_MPC,0.12795489546031538
|e_y|,m,RUNNING_MPC,0.12674102852427366
|e_y|,m,RUNNING_MPC,0.1260861548021903
|e_y|,m,RUNNING_MPC,0.1209026740595956
|e_y|,m,RUNNING_MPC,0.11512298540674926
|e_y|,m,RUNNING_MPC,0.09829155276495913
|e_y|,m,RUNNING_MPC,0.07075719629413793
|e_y|,m,RUNNING_MPC,0.052764411796609526
|e_y|,m,RUNNING_MPC,0.026618895413700425
|e_y|,m,RUNNING_MPC,0.017048489089376118
|e_y|,m,RUNNING_MPC,0.01992409524577282
|e_y|,m,RUNNING_MPC,0.024170275321437493
|e_y|,m,RUNNING_MPC,0.04218658429595752
|e_y|,m,RUNNING_MPC,0.058626069192074276
|e_y|,m,RUNNING_MPC,0.08136222078199529
|e_y|,m,RUNNING_MPC,0.09467207695047136
|e_y|,m,RUNNING_MPC,0.10051461487897106
|e_y|,m,RUNNING_MPC,0.1026659020753092
|e_y|,m,RUNNING_MPC,0.09756562562943938
|e_y|,m,RUNNING_MPC,0.08990294997831726
|e_y|,m,RUNNING_MPC,0.08331610581041984
|e_y|,m,RUNNING_MPC,0.07151208838866444
|e_y|,m,RUNNING_MPC,0.07545183511910364
|e_y|,m,RUNNING_MPC,0.08916299301665448
|e_y|,m,RUNNING_MPC,0.10983093106518046
|e_y|,m,RUNNING_MPC,0.1397058730456626
|e_y|,m,RUNNING_MPC,0.16971908328530236
|e_y|,m,RUNNING_MPC,0.21818152719398182
|e_y|,m,RUNNING_MPC,0.26373465677686486
|e_y|,m,RUNNING_MPC,0.2962243099823608
|e_y|,m,RUNNING_MPC,0.3369814166530364
|e_y|,m,RUNNING_MPC,0.35999829600411465
|e_y|,m,RUNNING_MPC,0.40236133229165394
|e_y|,m,RUNNING_MPC,0.4294040838847344
|e_y|,m,RUNNING_MPC,0.42433285786265396
|e_y|,m,RUNNING_MPC,0.4062936820584996
|e_y|,m,RUNNING_MPC,0.3445535051266814
|e_y|,m,RUNNING_MPC,0.2948241010001174
|e_y|,m,RUNNING_MPC,0.2258509200160242
|e_y|,m,RUNNING_MPC,0.16983594076900257
|e_y|,m,RUNNING_MPC,0.12792122915912052
|e_y|,m,RUNNING_MPC,0.1054689082550257
|e_y|,m,RUNNING_MPC,0.09198685717132932
|e_y|,m,RUNNING_MPC,0.087052193985312
|e_y|,m,RUNNING_MPC,0.09086952709360285
|e_y|,m,RUNNING_MPC,0.09684519471317893
|e_y|,m,RUNNING_MPC,0.10303229205456169
|e_y|,m,RUNNING_MPC,0.10579991177100545
|e_y|,m,RUNNING_MPC,0.11095462314642046
|e_y|,m,RUNNING_MPC,0.1129897674314517
|e_y|,m,RUNNING_MPC,0.10789809857623439
|e_y|,m,RUNNING_MPC,0.09213267971151551
|e_y|,m,RUNNING_MPC,0.07555274414827307
|e_y|,m,RUNNING_MPC,0.0520994189905824
|e_y|,m,RUNNING_MPC,0.0404925691490744
|e_y|,m,RUNNING_MPC,0.031956029901825694
|e_y|,m,RUNNING_MPC,0.028953652928051708
|e_y|,m,RUNNING_MPC,0.02939563893529854
|e_y|,m,RUNNING_MPC,0.030407150437725336
|e_y|,m,RUNNING_MPC,0.035022183268903995
|e_y|,m,RUNNING_MPC,0.037422452930325756
|e_y|,m,RUNNING_MPC,0.038063042863095725
|e_y|,m,RUNNING_MPC,0.0361170934201937
|e_y|,m,RUNNING_MPC,0.03057521957843784
|e_y|,m,RUNNING_MPC,0.02259362484193514
|e_y|,m,RUNNING_MPC,0.013890208858797548
|e_y|,m,RUNNING_MPC,0.0049195122838322294
|e_y|,m,RUNNING_MPC,0.0032937308585578584
|e_y|,m,RUNNING_MPC,0.008295991678384074
|e_y|,m,RUNNING_MPC,0.011443091574298014
|e_y|,m,RUNNING_MPC,0.010127528527423948
|e_y|,m,RUNNING_MPC,0.005831017112081949
|e_y|,m,RUNNING_MPC,0.001015944742217889
|e_y|,m,RUNNING_MPC,0.008783245696310393
|e_y|,m,RUNNING_MPC,0.016350161551143605
|e_y|,m,RUNNING_MPC,0.02140023277050085
|e_y|,m,RUNNING_MPC,0.025112053455589572
|e_y|,m,RUNNING_MPC,0.02706026987748611
|e_y|,m,RUNNING_MPC,0.02579105061195225
|e_y|,m,RUNNING_MPC,0.020770003458855685
|e_y|,m,RUNNING_MPC,0.014467127131787187
|e_y|,m,RUNNING_MPC,0.007179026541643249
|e_y|,m,RUNNING_MPC,0.0043965334901907155
|e_y|,m,RUNNING_MPC,0.0028261859408251766
|e_y|,m,RUNNING_MPC,0.006986580346550766
|e_y|,m,RUNNING_MPC,0.007026094814460648
|e_y|,m,RUNNING_MPC,0.004986576838906853
|e_y|,m,RUNNING_MPC,0.0009906587176631843
|e_y|,m,RUNNING_MPC,0.001975631250744514
|e_y|,m,RUNNING_MPC,0.008327419718436868
|e_y|,m,RUNNING_MPC,0.013632509400474113
|e_y|,m,RUNNING_MPC,0.015093628976567852
|e_y|,m,RUNNING_MPC,0.01576783483042362
|e_y|,m,RUNNING_MPC,0.015632897825444483
|e_y|,m,RUNNING_MPC,0.014995813516336054
|e_y|,m,RUNNING_MPC,0.01388758168508139
|e_y|,m,RUNNING_MPC,0.010698084385758755
|e_y|,m,RUNNING_MPC,0.005844584970516764
|e_y|,m,RUNNING_MPC,0.002793229423280544
|e_y|,m,RUNNING_MPC,2.4451749741499773e-05
|e_y|,m,RUNNING_MPC,0.001897830419705565
|e_y|,m,RUNNING_MPC,0.0020342513052959144
|e_y|,m,RUNNING_MPC,0.0007319346862428855
|e_y|,m,RUNNING_MPC,0.00039723452861922803
|e_y|,m,RUNNING_MPC,0.0037936468579926608
|e_y|,m,RUNNING_MPC,0.00701502299724549
|e_y|,m,RUNNING_MPC,0.01067785159046869
|e_y|,m,RUNNING_MPC,0.013744088361483497
|e_y|,m,RUNNING_MPC,0.015075171198560722
|e_y|,m,RUNNING_MPC,0.014899783406824865
|e_y|,m,RUNNING_MPC,0.014539406688445194
|e_y|,m,RUNNING_MPC,0.010920905849573531
|e_y|,m,RUNNING_MPC,0.008195613394324508
|e_y|,m,RUNNING_MPC,0.00546067942371329
|e_y|,m,RUNNING_MPC,0.003548698399060385
|e_y|,m,RUNNING_MPC,0.0028943158767935073
|e_y|,m,RUNNING_MPC,0.004112948190170274
|e_y|,m,RUNNING_MPC,0.005747558967304223
|e_y|,m,RUNNING_MPC,0.008938564631904455
|e_y|,m,RUNNING_MPC,0.010146944706508773
|e_y|,m,RUNNING_MPC,0.01102887233732247
|e_y|,m,RUNNING_MPC,0.010495726007643646
|e_y|,m,RUNNING_MPC,0.00903980391390452
|e_y|,m,RUNNING_MPC,0.0061499944815479185
|e_y|,m,RUNNING_MPC,0.004590973965923673
|e_y|,m,RUNNING_MPC,0.0039613313926697424
|e_y|,m,RUNNING_MPC,0.0046331169436854
|e_y|,m,RUNNING_MPC,0.006594599991761433
|e_y|,m,RUNNING_MPC,0.00936952134019614
|e_y|,m,RUNNING_MPC,0.010397913659653507
|e_y|,m,RUNNING_MPC,0.012459948363723328
|e_y|,m,RUNNING_MPC,0.011698889442960846
|e_y|,m,RUNNING_MPC,0.008682612120440802
|e_y|,m,RUNNING_MPC,0.004796751817759737
|e_y|,m,RUNNING_MPC,0.00044407827183595705
|e_y|,m,RUNNING_MPC,3.201655203938225e-05
|e_y|,m,RUNNING_MPC,0.007596925047757164
|e_y|,m,RUNNING_MPC,0.022667052970178986
|e_y|,m,RUNNING_MPC,0.028215036315964226
|e_y|,m,RUNNING_MPC,0.02113836728747623
|e_y|,m,RUNNING_MPC,0.009253255262473142
|e_y|,m,RUNNING_MPC,0.002951699803373342
|e_y|,m,RUNNING_MPC,0.015710420890170256
|e_y|,m,RUNNING_MPC,0.018345209840164356
|e_y|,m,RUNNING_MPC,0.015170428014900733
|e_y|,m,RUNNING_MPC,0.00795984953923512
|e_y|,m,RUNNING_MPC,0.003499907285967996
|e_y|,m,RUNNING_MPC,0.012826562319412399
|e_y|,m,RUNNING_MPC,0.018525922471089293
|e_y|,m,RUNNING_MPC,0.020153595137204883
|e_y|,m,RUNNING_MPC,0.019741248346783202
|e_y|,m,RUNNING_MPC,0.016475181722868867
|e_y|,m,RUNNING_MPC,0.0127688367223205
|e_y|,m,RUNNING_MPC,0.009209654963843655
|e_y|,m,RUNNING_MPC,0.006990994877444284
|e_y|,m,RUNNING_MPC,0.0048818131637269335
|e_y|,m,RUNNING_MPC,0.004246655436522528
|e_y|,m,RUNNING_MPC,0.004594478318501238
|e_y|,m,RUNNING_MPC,0.00521814966362516
|e_y|,m,RUNNING_MPC,0.0072644657408729996
|e_y|,m,RUNNING_MPC,0.009622005918671288
|e_y|,m,RUNNING_MPC,0.012922007713790457
|e_y|,m,RUNNING_MPC,0.015101754898687383
|e_y|,m,RUNNING_MPC,0.016052517079771657
|e_y|,m,RUNNING_MPC,0.015108248183282338
|e_y|,m,RUNNING_MPC,0.012446224934759026
|e_y|,m,RUNNING_MPC,0.008548454772034475
|e_y|,m,RUNNING_MPC,0.0039215825138418925
|e_y|,m,RUNNING_MPC,0.0004393442754891397
|e_y|,m,RUNNING_MPC,0.0010138277177997868
|e_y|,m,RUNNING_MPC,0.0010594397092190538
|e_y|,m,RUNNING_MPC,0.0008806826468577
|e_y|,m,RUNNING_MPC,0.005844089573181499
|e_y|,m,RUNNING_MPC,0.009666099574278691
|e_y|,m,RUNNING_MPC,0.014901100848820181
|e_y|,m,RUNNING_MPC,0.015359484006777807
|e_y|,m,RUNNING_MPC,0.01179360739007565
|e_y|,m,RUNNING_MPC,0.007427362606484911
|e_y|,m,RUNNING_MPC,0.0013339993226555297
|e_y|,m,RUNNING_MPC,0.009451740867255764
|e_y|,m,RUNNING_MPC,0.01684101872780882
|e_y|,m,RUNNING_MPC,0.02217509539376139
|e_y|,m,RUNNING_MPC,0.02928485883091094
|e_y|,m,RUNNING_MPC,0.033233762492914154
|e_y|,m,RUNNING_MPC,0.03328825017041272
|e_y|,m,RUNNING_MPC,0.02442581985961334
|e_y|,m,RUNNING_MPC,0.010985904695278936
|e_y|,m,RUNNING_MPC,0.0031634220808853947
|e_y|,m,RUNNING_MPC,0.012154845024150596
|e_y|,m,RUNNING_MPC,0.02128854653027129
|e_y|,m,RUNNING_MPC,0.023906020644636355
|e_y|,m,RUNNING_MPC,0.023459863345449528
|e_y|,m,RUNNING_MPC,0.023892510463395432
|e_y|,m,RUNNING_MPC,0.0240130543743462
|e_y|,m,RUNNING_MPC,0.031700635967831986
|e_y|,m,RUNNING_MPC,0.038975558364770735
|e_y|,m,RUNNING_MPC,0.06003890766883896
|e_y|,m,RUNNING_MPC,0.07592103143899448
|e_y|,m,RUNNING_MPC,0.10778248866883089
|e_y|,m,RUNNING_MPC,0.1205511503621468
|e_y|,m,RUNNING_MPC,0.15325311398836955
|e_y|,m,RUNNING_MPC,0.18328969907663706
|e_y|,m,RUNNING_MPC,0.2002216891272514
|e_y|,m,RUNNING_MPC,0.22199008849717106
|e_y|,m,RUNNING_MPC,0.22740146126033245
|e_y|,m,RUNNING_MPC,0.23603126035307598
|e_y|,m,RUNNING_MPC,0.2422697997237805
|e_y|,m,RUNNING_MPC,0.24957953329276175
|e_y|,m,RUNNING_MPC,0.2615883919985605
|e_y|,m,RUNNING_MPC,0.26993846317310266
|e_y|,m,RUNNING_MPC,0.2784090463804674
|e_y|,m,RUNNING_MPC,0.27881271554699444
|e_y|,m,RUNNING_MPC,0.2637796342206071
|e_y|,m,RUNNING_MPC,0.22794721397904857
|e_y|,m,RUNNING_MPC,0.21315131593117345
|e_y|,m,RUNNING_MPC,0.16712109674949516
|e_y|,m,RUNNING_MPC,0.1501239984748556
|e_y|,m,RUNNING_MPC,0.1517315137256548
|e_y|,m,RUNNING_MPC,0.15887553214933275
|e_y|,m,RUNNING_MPC,0.16951993519861386
|e_y|,m,RUNNING_MPC,0.17057407231220473
|e_y|,m,RUNNING_MPC,0.177849440650812
|e_y|,m,RUNNING_MPC,0.17406899445551038
|e_y|,m,RUNNING_MPC,0.17229310924010255
|e_y|,m,RUNNING_MPC,0.17100524348842908
|e_y|,m,RUNNING_MPC,0.1778168852295986
|e_y|,m,RUNNING_MPC,0.18851655020912142
|e_y|,m,RUNNING_MPC,0.2050733075507838
|e_y|,m,RUNNING_MPC,0.2275066401403062
|e_y|,m,RUNNING_MPC,0.25236366815094746
|e_y|,m,RUNNING_MPC,0.28931031965836074
|e_y|,m,RUNNING_MPC,0.32580535148000245
|e_y|,m,RUNNING_MPC,0.3511268524162648
|e_y|,m,RUNNING_MPC,0.37735150950366103
|e_y|,m,RUNNING_MPC,0.42376031085371346
|e_y|,m,RUNNING_MPC,0.4576562194221351
|e_y|,m,RUNNING_MPC,0.49094090441245836
|e_y|,m,RUNNING_MPC,0.5344682846452506
|e_y|,m,RUNNING_MPC,0.5621138014064773
|e_y|,m,RUNNING_MPC,0.56078625940182
|e_y|,m,RUNNING_MPC,0.5547084407876037
|e_y|,m,RUNNING_MPC,0.5037020305354033
|e_y|,m,RUNNING_MPC,0.46329894407236494
|e_y|,m,RUNNING_MPC,0.4198394645635265
|e_y|,m,RUNNING_MPC,0.3568831758041503
|e_y|,m,RUNNING_MPC,0.3097747989747037
|e_y|,m,RUNNING_MPC,0.2842858045801939
|e_y|,m,RUNNING_MPC,0.24346463720530126
|e_y|,m,RUNNING_MPC,0.2258494078029534
|e_y|,m,RUNNING_MPC,0.22032210195649116
|e_y|,m,RUNNING_MPC,0.22247467131763987
|e_y|,m,RUNNING_MPC,0.2262529574701793
|e_y|,m,RUNNING_MPC,0.21847983585794717
|e_y|,m,RUNNING_MPC,0.19981876997048692
|e_y|,m,RUNNING_MPC,0.18720219723489845
|e_y|,m,RUNNING_MPC,0.14238280886383325
|e_y|,m,RUNNING_MPC,0.08707332608475703
|e_y|,m,RUNNING_MPC,0.030441208010169682
|e_y|,m,RUNNING_MPC,0.0030900296481396012
|e_y|,m,RUNNING_MPC,0.03749092755883747
|e_y|,m,RUNNING_MPC,0.06280583237468515
|e_y|,m,RUNNING_MPC,0.07072802801981336
|e_y|,m,RUNNING_MPC,0.09210958254733338
|e_y|,m,RUNNING_MPC,0.09774868668754053
|e_y|,m,RUNNING_MPC,0.10209767345769277
|e_y|,m,RUNNING_MPC,0.10765187370776508
|e_y|,m,RUNNING_MPC,0.10989818005841909
|e_y|,m,RUNNING_MPC,0.11593490863071898
|e_y|,m,RUNNING_MPC,0.12314054665120308
|e_y|,m,RUNNING_MPC,0.13434325660921173
|e_y|,m,RUNNING_MPC,0.14748932485371646
|e_y|,m,RUNNING_MPC,0.16862555935540505
|e_y|,m,RUNNING_MPC,0.2000292603696297
|e_y|,m,RUNNING_MPC,0.22010387614362498
|e_y|,m,RUNNING_MPC,0.2632993024767658
|e_y|,m,RUNNING_MPC,0.29124943322005403
|e_y|,m,RUNNING_MPC,0.33611384681333534
|e_y|,m,RUNNING_MPC,0.36574344957815846
|e_y|,m,RUNNING_MPC,0.3906775034164717
|e_y|,m,RUNNING_MPC,0.4085883614813266
|e_y|,m,RUNNING_MPC,0.42102208611849423
|e_y|,m,RUNNING_MPC,0.42658940077145274
|e_y|,m,RUNNING_MPC,0.4250489899966982
|e_y|,m,RUNNING_MPC,0.4201788149436525
|e_y|,m,RUNNING_MPC,0.4082621475809875
|e_y|,m,RUNNING_MPC,0.38447837890009073
|e_y|,m,RUNNING_MPC,0.37243857222873916
|e_y|,m,RUNNING_MPC,0.33301200160739575
|e_y|,m,RUNNING_MPC,0.31099101295752035
|e_y|,m,RUNNING_MPC,0.29559353756824935
|e_y|,m,RUNNING_MPC,0.27470895279237684
|e_y|,m,RUNNING_MPC,0.2678705728596702
|e_y|,m,RUNNING_MPC,0.2708960680059781
|e_y|,m,RUNNING_MPC,0.2768928230965077
|e_y|,m,RUNNING_MPC,0.28459564289997435
|e_y|,m,RUNNING_MPC,0.2946986220994623
|e_y|,m,RUNNING_MPC,0.31087835257155205
|e_y|,m,RUNNING_MPC,0.3291159115528476
|e_y|,m,RUNNING_MPC,0.36637671082004786
|e_y|,m,RUNNING_MPC,0.38348639328695766
|e_y|,m,RUNNING_MPC,0.3941437753839683
|e_y|,m,RUNNING_MPC,0.4043421030462742
|e_y|,m,RUNNING_MPC,0.3976367214819746
|e_y|,m,RUNNING_MPC,0.3967464860601398
|e_y|,m,RUNNING_MPC,0.37340310737775195
|e_y|,m,RUNNING_MPC,0.3617783055990377
|e_y|,m,RUNNING_MPC,0.35271791671222086
|e_y|,m,RUNNING_MPC,0.3465719609257313
|e_y|,m,RUNNING_MPC,0.33961333345256123
|e_y|,m,RUNNING_MPC,0.33317283990319135
|e_y|,m,RUNNING_MPC,0.32682133159674226
|e_y|,m,RUNNING_MPC,0.33183399707117134
|e_y|,m,RUNNING_MPC,0.3281921914264665
|e_y|,m,RUNNING_MPC,0.3341531264944226
|e_y|,m,RUNNING_MPC,0.3491205614457316
|e_y|,m,RUNNING_MPC,0.3549326712447401
|e_y|,m,RUNNING_MPC,0.3646770626241308
|e_y|,m,RUNNING_MPC,0.36678350523040243
|e_y|,m,RUNNING_MPC,0.38277422794912486
|e_y|,m,RUNNING_MPC,0.38692883774677145
|e_y|,m,RUNNING_MPC,0.3954515007512263
|e_y|,m,RUNNING_MPC,0.40375752726488
|e_y|,m,RUNNING_MPC,0.3990485270838414
|e_y|,m,RUNNING_MPC,0.3752597447826904
|e_y|,m,RUNNING_MPC,0.36445625823416194
|e_y|,m,RUNNING_MPC,0.3469400855565532
|e_y|,m,RUNNING_MPC,0.33715902069508363
|e_y|,m,RUNNING_MPC,0.3294238825821205
|e_y|,m,RUNNING_MPC,0.32354629058371137
|e_y|,m,RUNNING_MPC,0.3111006096590119
|e_y|,m,RUNNING_MPC,0.29624171928100684
|e_y|,m,RUNNING_MPC,0.28636668355737827
|e_y|,m,RUNNING_MPC,0.2750911898455224
|e_y|,m,RUNNING_MPC,0.26335201197656577
|e_y|,m,RUNNING_MPC,0.2517703058291638
|e_y|,m,RUNNING_MPC,0.24032093597755128
|e_y|,m,RUNNING_MPC,0.2299866460459577
|e_y|,m,RUNNING_MPC,0.21396509856179374
|e_y|,m,RUNNING_MPC,0.1956854928685932
|e_y|,m,RUNNING_MPC,0.17922725066213133
|e_y|,m,RUNNING_MPC,0.14977233922027303
|e_y|,m,RUNNING_MPC,0.13651185204580962
|e_y|,m,RUNNING_MPC,0.11042865692386941
|e_y|,m,RUNNING_MPC,0.08657359011662821
|e_y|,m,RUNNING_MPC,0.06858864769589956
|e_y|,m,RUNNING_MPC,0.05171693500641417
|e_y|,m,RUNNING_MPC,0.03881773117301729
|e_y|,m,RUNNING_MPC,0.02344020188065926
|e_y|,m,RUNNING_MPC,0.010789155690855132
|e_y|,m,RUNNING_MPC,0.0012111419376762411
|e_y|,m,RUNNING_MPC,0.010989087328694525
|e_y|,m,RUNNING_MPC,0.03656647871718268
|e_y|,m,RUNNING_MPC,0.06055246349917273
|e_y|,m,RUNNING_MPC,0.07644558594760048
|e_y|,m,RUNNING_MPC,0.08762135663185883
|e_y|,m,RUNNING_MPC,0.08642071186482006
|e_y|,m,RUNNING_MPC,0.07434174536777902
|e_y|,m,RUNNING_MPC,0.056497715029582764
|e_y|,m,RUNNING_MPC,0.04415770532729997
|e_y|,m,RUNNING_MPC,0.019327960250392684
|e_y|,m,RUNNING_MPC,0.0007384516858623957
|e_y|,m,RUNNING_MPC,0.00972782108613442
|e_y|,m,RUNNING_MPC,0.014229988649841041
|e_y|,m,RUNNING_MPC,0.014751327506888068
|e_y|,m,RUNNING_MPC,0.014087742994573917
|e_y|,m,RUNNING_MPC,0.013280945604176836
|e_y|,m,RUNNING_MPC,0.013302120094407122
|e_y|,m,RUNNING_MPC,0.015589492748708245
|e_y|,m,RUNNING_MPC,0.01822896058141582
|e_y|,m,RUNNING_MPC,0.02461857680847085
|e_y|,m,RUNNING_MPC,0.030134429726833223
|e_y|,m,RUNNING_MPC,0.03557255519847491
|e_y|,m,RUNNING_MPC,0.04112622410252026
|e_y|,m,RUNNING_MPC,0.045235853946821114
|e_y|,m,RUNNING_MPC,0.04529051113746896
|e_y|,m,RUNNING_MPC,0.04195025356582127
|e_y|,m,RUNNING_MPC,0.03591782899829038
|e_y|,m,RUNNING_MPC,0.03428602769634714
|e_y|,m,RUNNING_MPC,0.037355642903606205
|e_y|,m,RUNNING_MPC,0.04188257787777255
|e_y|,m,RUNNING_MPC,0.04819113132258376
|e_y|,m,RUNNING_MPC,0.04796233158463303
|e_y|,m,RUNNING_MPC,0.04710576244128084
|e_y|,m,RUNNING_MPC,0.04197428281714613
|e_y|,m,RUNNING_MPC,0.03329450670446671
|e_y|,m,RUNNING_MPC,0.027366043616052438
|e_y|,m,RUNNING_MPC,0.024698020753787076
|e_y|,m,RUNNING_MPC,0.02567054217278958
|e_y|,m,RUNNING_MPC,0.02925249715690731
|e_y|,m,RUNNING_MPC,0.033007300132209205
|e_y|,m,RUNNING_MPC,0.03921521472694553
|e_y|,m,RUNNING_MPC,0.05099260325383945
|e_y|,m,RUNNING_MPC,0.06199749102239255
|e_y|,m,RUNNING_MPC,0.07833438518544619
|e_y|,m,RUNNING_MPC,0.09794486470779076
|e_y|,m,RUNNING_MPC,0.11500061952157586
|e_y|,m,RUNNING_MPC,0.12122798404211105
|e_y|,m,RUNNING_MPC,0.1257208857939785
|e_y|,m,RUNNING_MPC,0.11847844176412438
|e_y|,m,RUNNING_MPC,0.0982886574800052
|e_y|,m,RUNNING_MPC,0.07750371911587256
|e_y|,m,RUNNING_MPC,0.061788893268095196
|e_y|,m,RUNNING_MPC,0.046809251165501664
|e_y|,m,RUNNING_MPC,0.045172127473732615
|e_y|,m,RUNNING_MPC,0.053376505279058184
|e_y|,m,RUNNING_MPC,0.0820934445713708
|e_y|,m,RUNNING_MPC,0.11509420044356045
|e_y|,m,RUNNING_MPC,0.145093602275811
|e_y|,m,RUNNING_MPC,0.17220490538612027
|e_y|,m,RUNNING_MPC,0.1828676504199167
|e_y|,m,RUNNING_MPC,0.1818749151724617
|e_y|,m,RUNNING_MPC,0.16589222047601085
|e_y|,m,RUNNING_MPC,0.14556821752536206
|e_y|,m,RUNNING_MPC,0.11607587936079891
|e_y|,m,RUNNING_MPC,0.07650002081752968
|e_y|,m,RUNNING_MPC,0.036281762419999614
|e_y|,m,RUNNING_MPC,0.00804344003089319
|e_y|,m,RUNNING_MPC,0.012245030444930999
|e_y|,m,RUNNING_MPC,0.024061411309829698
|e_y|,m,RUNNING_MPC,0.021956078235792445
|e_y|,m,RUNNING_MPC,0.0010444993274853764
|e_y|,m,RUNNING_MPC,0.026684055558939393
|e_y|,m,RUNNING_MPC,0.059186194580509666
|e_y|,m,RUNNING_MPC,0.07816015886652487
|e_y|,m,RUNNING_MPC,0.08145568737451597
|e_y|,m,RUNNING_MPC,0.07383614487714604
|e_y|,m,RUNNING_MPC,0.06190366032149558
|e_y|,m,RUNNING_MPC,0.047315094086551435
|e_y|,m,RUNNING_MPC,0.03388012680068686
|e_y|,m,RUNNING_MPC,0.017422878585920995
|e_y|,m,RUNNING_MPC,0.007959688652204597
|e_y|,m,RUNNING_MPC,0.0002071350888247364
|e_y|,m,RUNNING_MPC,0.0034525894322002537
|e_y|,m,RUNNING_MPC,0.0038269831223136513
|e_y|,m,RUNNING_MPC,0.002007282935753432
|e_y|,m,RUNNING_MPC,0.00011570606078817325
|e_y|,m,RUNNING_MPC,0.0019502656579384325
|e_y|,m,RUNNING_MPC,0.0035255227756060964
|e_y|,m,RUNNING_MPC,0.0032313401015733045
|e_y|,m,RUNNING_MPC,0.0027145578508867667
|e_y|,m,RUNNING_MPC,0.00029442762522580157
|e_y|,m,RUNNING_MPC,0.0031848630245793763
|e_y|,m,RUNNING_MPC,0.007499200119617314
|e_y|,m,RUNNING_MPC,0.009840779087525911
|e_y|,m,RUNNING_MPC,0.012841061361380381
|e_y|,m,RUNNING_MPC,0.014189592516405787
|e_y|,m,RUNNING_MPC,0.016022944856647278
|e_y|,m,RUNNING_MPC,0.017510188024261505
|e_y|,m,RUNNING_MPC,0.019198825298426155
|e_y|,m,RUNNING_MPC,0.020389271964799838
|e_y|,m,RUNNING_MPC,0.020493438189474245
|e_y|,m,RUNNING_MPC,0.01925005785739197
|e_y|,m,RUNNING_MPC,0.017568788496814886
|e_y|,m,RUNNING_MPC,0.01368142843697615
|e_y|,m,RUNNING_MPC,0.01083917894828687
|e_y|,m,RUNNING_MPC,0.007423122483160738
|e_y|,m,RUNNING_MPC,0.005704622394923017
|e_y|,m,RUNNING_MPC,0.004923106835589719
|e_y|,m,RUNNING_MPC,0.004575511416319858
|e_y|,m,RUNNING_MPC,0.00622699732051416
|e_y|,m,RUNNING_MPC,0.008138350279916481
|e_y|,m,RUNNING_MPC,0.010068871342355148
|e_y|,m,RUNNING_MPC,0.011830304636033904
|e_y|,m,RUNNING_MPC,0.012687523259275413
|e_y|,m,RUNNING_MPC,0.013626695503063418
|e_y|,m,RUNNING_MPC,0.013869561388438492
|e_y|,m,RUNNING_MPC,0.013354944577582323
|e_y|,m,RUNNING_MPC,0.0115687269620552
|e_y|,m,RUNNING_MPC,0.010501011867955407
|e_y|,m,RUNNING_MPC,0.00820378146914097
|e_y|,m,RUNNING_MPC,0.0068247000122198115
|e_y|,m,RUNNING_MPC,0.0064697950445220115
|e_y|,m,RUNNING_MPC,0.006320634237313327
|e_y|,m,RUNNING_MPC,0.006404009847375207
|e_y|,m,RUNNING_MPC,0.006575431603410578
|e_y|,m,RUNNING_MPC,0.007080725065870562
|e_y|,m,RUNNING_MPC,0.007210922311156817
|e_y|,m,RUNNING_MPC,0.008040778980316486
|e_y|,m,RUNNING_MPC,0.007424150484547386
|e_y|,m,RUNNING_MPC,0.007313187093722317
|e_y|,m,RUNNING_MPC,0.007414463353224747
|e_y|,m,RUNNING_MPC,0.00707355402504628
|e_y|,m,RUNNING_MPC,0.006582373739223331
|e_y|,m,RUNNING_MPC,0.0060036128868509245
|e_y|,m,RUNNING_MPC,0.005553392217869352
|e_y|,m,RUNNING_MPC,0.005235134488729858
|e_y|,m,RUNNING_MPC,0.0056116086788781105
|e_y|,m,RUNNING_MPC,0.005822704128248632
|e_y|,m,RUNNING_MPC,0.006463187726663627
|e_y|,m,RUNNING_MPC,0.007212765876767389
|e_y|,m,RUNNING_MPC,0.006936536146063724
|e_y|,m,RUNNING_MPC,0.007016175443246845
|e_y|,m,RUNNING_MPC,0.006772553132213147
|e_y|,m,RUNNING_MPC,0.006593266425154946
|e_y|,m,RUNNING_MPC,0.006695947526604764
|e_y|,m,RUNNING_MPC,0.006334423069773505
|e_y|,m,RUNNING_MPC,0.006230460768798046
|e_y|,m,RUNNING_MPC,0.006522523907089035
|e_y|,m,RUNNING_MPC,0.007255866558328827
|e_y|,m,RUNNING_MPC,0.007889548142946498
|e_y|,m,RUNNING_MPC,0.008566320005577124
|e_y|,m,RUNNING_MPC,0.008961372736295471
|e_y|,m,RUNNING_MPC,0.009254613146138888
|e_y|,m,RUNNING_MPC,0.009577485742245971
|e_y|,m,RUNNING_MPC,0.009261387293098642
|e_y|,m,RUNNING_MPC,0.008584887656386861
|e_y|,m,RUNNING_MPC,0.008043894886514968
|e_y|,m,RUNNING_MPC,0.0075686089514944155
|e_y|,m,RUNNING_MPC,0.007221188265180242
|e_y|,m,RUNNING_MPC,0.007104573328882882
|e_y|,m,RUNNING_MPC,0.006926509453935414
|e_y|,m,RUNNING_MPC,0.006835509636880316
|e_y|,m,RUNNING_MPC,0.007810409621877368
|e_y|,m,RUNNING_MPC,0.008544395962096732
|e_y|,m,RUNNING_MPC,0.008873483714768822
|e_y|,m,RUNNING_MPC,0.008870307930690616
|e_y|,m,RUNNING_MPC,0.008257101874936341
|e_y|,m,RUNNING_MPC,0.007244868343493097
|e_y|,m,RUNNING_MPC,0.00583818236632197
|e_y|,m,RUNNING_MPC,0.0046708835796134135
|e_y|,m,RUNNING_MPC,0.0031590219850806123
|e_y|,m,RUNNING_MPC,0.0016864946350050466
|e_y|,m,RUNNING_MPC,0.01095200768164454
|e_y|,m,RUNNING_MPC,0.021215397818734025
|e_y|,m,RUNNING_MPC,0.04077799458503366
|e_y|,m,RUNNING_MPC,0.06262907540184082
|e_y|,m,RUNNING_MPC,0.07594329225039084
|e_y|,m,RUNNING_MPC,0.09930058999016013
|e_y|,m,RUNNING_MPC,0.11003191510400344
|e_y|,m,RUNNING_MPC,0.12568761301554618
|e_y|,m,RUNNING_MPC,0.13137068060454715
|e_y|,m,RUNNING_MPC,0.14048115460061908
|e_y|,m,RUNNING_MPC,0.14692728813010186
|e_y|,m,RUNNING_MPC,0.145803586520384
|e_y|,m,RUNNING_MPC,0.14500131547003955
|e_y|,m,RUNNING_MPC,0.14287683934565215
|e_y|,m,RUNNING_MPC,0.1428572569319025
|e_y|,m,RUNNING_MPC,0.1432719729694582
|e_y|,m,RUNNING_MPC,0.1443708281339164
|e_y|,m,RUNNING_MPC,0.1478895083530874
|e_y|,m,RUNNING_MPC,0.1510130030460609
|e_y|,m,RUNNING_MPC,0.15568614686239496
|e_y|,m,RUNNING_MPC,0.16547392374937786
|e_y|,m,RUNNING_MPC,0.17601735613027453
|e_y|,m,RUNNING_MPC,0.1853820208848095
|e_y|,m,RUNNING_MPC,0.19282410179565249
|e_y|,m,RUNNING_MPC,0.20820538883423728
|e_y|,m,RUNNING_MPC,0.22112341965290963
|e_y|,m,RUNNING_MPC,0.23088282579897818
|e_y|,m,RUNNING_MPC,0.24487761226162158
|e_y|,m,RUNNING_MPC,0.2714305842768728
|e_y|,m,RUNNING_MPC,0.28993499842042336
|e_y|,m,RUNNING_MPC,0.31823980863478574
|e_y|,m,RUNNING_MPC,0.33501825685054054
|e_y|,m,RUNNING_MPC,0.36091063951368346
|e_y|,m,RUNNING_MPC,0.3624886639139777
|e_y|,m,RUNNING_MPC,0.34923667178414813
|e_y|,m,RUNNING_MPC,0.33226297251345777
|e_y|,m,RUNNING_MPC,0.2927486203196109
|e_y|,m,RUNNING_MPC,0.2568890701140125
|e_y|,m,RUNNING_MPC,0.22443196885113043
|e_y|,m,RUNNING_MPC,0.1977654125781501
|e_y|,m,RUNNING_MPC,0.1808267843863547
|e_y|,m,RUNNING_MPC,0.17897461225585032
|e_y|,m,RUNNING_MPC,0.1749161635036888
|e_y|,m,RUNNING_MPC,0.17491225031058724
|e_y|,m,RUNNING_MPC,0.17225487585478877
|e_y|,m,RUNNING_MPC,0.16699921200450105
|e_y|,m,RUNNING_MPC,0.16347144122004856
|e_y|,m,RUNNING_MPC,0.16172232508101925
|e_y|,m,RUNNING_MPC,0.15576670836840806
|e_y|,m,RUNNING_MPC,0.15289947479559352
|e_y|,m,RUNNING_MPC,0.1457873973570763
|e_y|,m,RUNNING_MPC,0.13315822946154515
|e_y|,m,RUNNING_MPC,0.1152085046792815
|e_y|,m,RUNNING_MPC,0.08656770385985599
|e_y|,m,RUNNING_MPC,0.06502278669920608
|e_y|,m,RUNNING_MPC,0.02138163298618169
|e_y|,m,RUNNING_MPC,0.006669105465588188
|e_y|,m,RUNNING_MPC,0.03534381868384602
|e_y|,m,RUNNING_MPC,0.04730131136229816
|e_y|,m,RUNNING_MPC,0.05783536145516624
|e_y|,m,RUNNING_MPC,0.05804298207830455
|e_y|,m,RUNNING_MPC,0.04072543833990411
|e_y|,m,RUNNING_MPC,0.0074242777021152895
|e_y|,m,RUNNING_MPC,0.048324904868140166
|e_y|,m,RUNNING_MPC,0.06589706344009544
|e_y|,m,RUNNING_MPC,0.0685968341927446
|e_y|,m,RUNNING_MPC,0.05767887965020356
|e_y|,m,RUNNING_MPC,0.03733123216697616
|e_y|,m,RUNNING_MPC,0.015636353339582836
|e_y|,m,RUNNING_MPC,0.0002298131998487718
|e_y|,m,RUNNING_MPC,0.01786260116072727
|e_y|,m,RUNNING_MPC,0.02298165392473367
|e_y|,m,RUNNING_MPC,0.02558872022759702
|e_y|,m,RUNNING_MPC,0.021505527835369187
|e_y|,m,RUNNING_MPC,0.013925912109904293
|e_y|,m,RUNNING_MPC,0.003493827227952745
|e_y|,m,RUNNING_MPC,0.004969655805464823
|e_y|,m,RUNNING_MPC,0.01524602920837935
|e_y|,m,RUNNING_MPC,0.019492903237323694
|e_y|,m,RUNNING_MPC,0.022993414792860056
|e_y|,m,RUNNING_MPC,0.023009997192459608
|e_y|,m,RUNNING_MPC,0.019630042372609985
|e_y|,m,RUNNING_MPC,0.013502859871637816
|e_y|,m,RUNNING_MPC,0.008262761121664852
|e_y|,m,RUNNING_MPC,0.0010617930393994335
|e_y|,m,RUNNING_MPC,0.002917516684562131
|e_y|,m,RUNNING_MPC,0.0060836229488745105
|e_y|,m,RUNNING_MPC,0.007200555025213898
|e_y|,m,RUNNING_MPC,0.0068636219917844535
|e_y|,m,RUNNING_MPC,0.005646814327735755
|e_y|,m,RUNNING_MPC,0.0034610218027529074
|e_y|,m,RUNNING_MPC,0.0013823740778109023
|e_y|,m,RUNNING_MPC,0.000458089748922752
|e_y|,m,RUNNING_MPC,0.0008724994726430901
|e_y|,m,RUNNING_MPC,0.00221012344214426
|e_y|,m,RUNNING_MPC,0.00316303084743616
|e_y|,m,RUNNING_MPC,0.0057634210414151815
|e_y|,m,RUNNING_MPC,0.00850185542324694
|e_y|,m,RUNNING_MPC,0.010038404986533904
|e_y|,m,RUNNING_MPC,0.007514167046119347
|e_y|,m,RUNNING_MPC,0.0004886129218856323
|e_y|,m,RUNNING_MPC,0.008510026427663603
|e_y|,m,RUNNING_MPC,0.012245946410786362
|e_y|,m,RUNNING_MPC,0.023394894192124455
|e_y|,m,RUNNING_MPC,0.02193543943501048
|e_y|,m,RUNNING_MPC,0.014573899064426278
|e_y|,m,RUNNING_MPC,0.0028029552687904025
|e_y|,m,RUNNING_MPC,0.015160206026418654
|e_y|,m,RUNNING_MPC,0.01856663967315915
|e_y|,m,RUNNING_MPC,0.015346473114659205
|e_y|,m,RUNNING_MPC,0.006417787682701695
|e_y|,m,RUNNING_MPC,0.0007383583503174675
|e_y|,m,RUNNING_MPC,0.01015448752747886
|e_y|,m,RUNNING_MPC,0.014455169130440482
|e_y|,m,RUNNING_MPC,0.0175064065276182
|e_y|,m,RUNNING_MPC,0.018044205146968514
|e_y|,m,RUNNING_MPC,0.017130371574476055
|e_y|,m,RUNNING_MPC,0.015112840231933204
|e_y|,m,RUNNING_MPC,0.013157973920708686
|e_y|,m,RUNNING_MPC,0.011158469858500254
|e_y|,m,RUNNING_MPC,0.009404609306909124
|e_y|,m,RUNNING_MPC,0.007815889717498184
|e_y|,m,RUNNING_MPC,0.0072467857657097096
|e_y|,m,RUNNING_MPC,0.006643348784373712
|e_y|,m,RUNNING_MPC,0.007401953709024682
|e_y|,m,RUNNING_MPC,0.008315966841138625
|e_y|,m,RUNNING_MPC,0.009183838386906052
|e_y|,m,RUNNING_MPC,0.010599472860236069
|e_y|,m,RUNNING_MPC,0.01156614572792572
|e_y|,m,RUNNING_MPC,0.012719955609918029
|e_y|,m,RUNNING_MPC,0.013340684987078695
|e_y|,m,RUNNING_MPC,0.013197311019278124
|e_y|,m,RUNNING_MPC,0.012387561659240025
|e_y|,m,RUNNING_MPC,0.011220983989837605
|e_y|,m,RUNNING_MPC,0.009771881750084768
|e_y|,m,RUNNING_MPC,0.007876765970599213
|e_y|,m,RUNNING_MPC,0.004749508075712339
|e_y|,m,RUNNING_MPC,0.0043246187240719575
|e_y|,m,RUNNING_MPC,0.007594353856562833
|e_y|,m,RUNNING_MPC,0.011931956363586314
|e_y|,m,RUNNING_MPC,0.017836780689037435
|e_y|,m,RUNNING_MPC,0.019515474215889526
|e_y|,m,RUNNING_MPC,0.025069742699871347
|e_y|,m,RUNNING_MPC,0.03307450890085133
|e_y|,m,RUNNING_MPC,0.03578048478703574
|e_y|,m,RUNNING_MPC,0.0391816974292542
|e_y|,m,RUNNING_MPC,0.04387194975421663
|e_y|,m,RUNNING_MPC,0.04487849014842857
|e_y|,m,RUNNING_MPC,0.04615235895734529
|e_y|,m,RUNNING_MPC,0.04745592013249733
|e_y|,m,RUNNING_MPC,0.050869006280678836
|e_y|,m,RUNNING_MPC,0.05365763067034786
|e_y|,m,RUNNING_MPC,0.05735235523153548
|e_y|,m,RUNNING_MPC,0.06650229282637742
|e_y|,m,RUNNING_MPC,0.07440678304156648
|e_y|,m,RUNNING_MPC,0.08703176024337445
|e_y|,m,RUNNING_MPC,0.09740498286749369
|e_y|,m,RUNNING_MPC,0.10833242721127564
|e_y|,m,RUNNING_MPC,0.1171652330122088
|e_y|,m,RUNNING_MPC,0.12904438201669474
|e_y|,m,RUNNING_MPC,0.15140031612068344
|e_y|,m,RUNNING_MPC,0.17312752815478716
|e_y|,m,RUNNING_MPC,0.20820759996485927
|e_y|,m,RUNNING_MPC,0.21360293484826803
|e_y|,m,RUNNING_MPC,0.1950951156262758
|e_y|,m,RUNNING_MPC,0.14083047443783606
|e_y|,m,RUNNING_MPC,0.05317453793308782
|e_y|,m,RUNNING_MPC,0.006294364442202351
|e_y|,m,RUNNING_MPC,0.11164182368059072
|e_y|,m,RUNNING_MPC,0.16595462110848083
|e_y|,m,RUNNING_MPC,0.18883714606875893
|e_y|,m,RUNNING_MPC,0.18876461514253526
|e_y|,m,RUNNING_MPC,0.1763926948393137
|e_y|,m,RUNNING_MPC,0.16118663364778085
|e_y|,m,RUNNING_MPC,0.14505930399159106
|e_y|,m,RUNNING_MPC,0.133742673137979
|e_y|,m,RUNNING_MPC,0.10863911610603091
|e_y|,m,RUNNING_MPC,0.08971804139167963
|e_y|,m,RUNNING_MPC,0.07694779526358306
|e_y|,m,RUNNING_MPC,0.07303038564234715
|e_y|,m,RUNNING_MPC,0.07923301579113223
|e_y|,m,RUNNING_MPC,0.09247707853191411
|e_y|,m,RUNNING_MPC,0.11308373904431222
|e_y|,m,RUNNING_MPC,0.1339675797352282
|e_y|,m,RUNNING_MPC,0.18213550943303974
|e_y|,m,RUNNING_MPC,0.2063831099005138
|e_y|,m,RUNNING_MPC,0.2412220956916756
|e_y|,m,RUNNING_MPC,0.27623982924482887
|e_y|,m,RUNNING_MPC,0.29811625677066533
|e_y|,m,RUNNING_MPC,0.329085619209607
|e_y|,m,RUNNING_MPC,0.3523144623730051
|e_y|,m,RUNNING_MPC,0.3601749986684106
|e_y|,m,RUNNING_MPC,0.35207684418065593
|e_y|,m,RUNNING_MPC,0.3405389428731661
|e_y|,m,RUNNING_MPC,0.2964738893948333
|e_y|,m,RUNNING_MPC,0.2562910388716929
|e_y|,m,RUNNING_MPC,0.221619909440817
|e_y|,m,RUNNING_MPC,0.17004277783824254
|e_y|,m,RUNNING_MPC,0.14698566720145403
|e_y|,m,RUNNING_MPC,0.1060422837980502
|e_y|,m,RUNNING_MPC,0.08228781184738279
|e_y|,m,RUNNING_MPC,0.06419896936055906
|e_y|,m,RUNNING_MPC,0.05169663992404869
|e_y|,m,RUNNING_MPC,0.045502299262916185
|e_y|,m,RUNNING_MPC,0.039513388578504255
|e_y|,m,RUNNING_MPC,0.036225713307108914
|e_y|,m,RUNNING_MPC,0.030546020544362756
|e_y|,m,RUNNING_MPC,0.010798902997343346
|e_y|,m,RUNNING_MPC,0.006769363061146949
|e_y|,m,RUNNING_MPC,0.04804386249680764
|e_y|,m,RUNNING_MPC,0.07985610144191646
|e_y|,m,RUNNING_MPC,0.10033549862982188
|e_y|,m,RUNNING_MPC,0.10813163029965078
|e_y|,m,RUNNING_MPC,0.10666621246132818
|e_y|,m,RUNNING_MPC,0.09575155234351414
|e_y|,m,RUNNING_MPC,0.0820326746385023
|e_y|,m,RUNNING_MPC,0.0677924546288065
|e_y|,m,RUNNING_MPC,0.05815636417238364
|e_y|,m,RUNNING_MPC,0.05429987353239918
|e_y|,m,RUNNING_MPC,0.0586522529450426
|e_y|,m,RUNNING_MPC,0.06248343522632627
|e_y|,m,RUNNING_MPC,0.07733935210005129
|e_y|,m,RUNNING_MPC,0.08897569228300517
|e_y|,m,RUNNING_MPC,0.09411440583589589
|e_y|,m,RUNNING_MPC,0.0916060545863489
|e_y|,m,RUNNING_MPC,0.08217877723377727
|e_y|,m,RUNNING_MPC,0.07263797982617154
|e_y|,m,RUNNING_MPC,0.06986933557846123
|e_y|,m,RUNNING_MPC,0.07075927025745063
|e_y|,m,RUNNING_MPC,0.07754392576712706
|e_y|,m,RUNNING_MPC,0.1021758793809138
|e_y|,m,RUNNING_MPC,0.1385316823702897
|e_y|,m,RUNNING_MPC,0.17571281304569725
|e_y|,m,RUNNING_MPC,0.221060967492066
|e_y|,m,RUNNING_MPC,0.2547795515468603
|e_y|,m,RUNNING_MPC,0.2854406871529471
|e_y|,m,RUNNING_MPC,0.3449930935749567
|e_y|,m,RUNNING_MPC,0.41379399439198966
|e_y|,m,RUNNING_MPC,0.45455733658851316
|e_y|,m,RUNNING_MPC,0.48685655905294967
|e_y|,m,RUNNING_MPC,0.5088649737905406
|e_y|,m,RUNNING_MPC,0.5022560011089403
|e_y|,m,RUNNING_MPC,0.4472409007064282
|e_y|,m,RUNNING_MPC,0.3669727148270866
|e_y|,m,RUNNING_MPC,0.2589857236255365
|e_y|,m,RUNNING_MPC,0.17183248563561593
|e_y|,m,RUNNING_MPC,0.08647734976203772
|e_y|,m,RUNNING_MPC,0.018763150194876788
|e_y|,m,RUNNING_MPC,0.08369482920594887
|e_y|,m,RUNNING_MPC,0.11452791408327655
|e_y|,m,RUNNING_MPC,0.13186060131308575
|e_y|,m,RUNNING_MPC,0.1260089485994903
|e_y|,m,RUNNING_MPC,0.11223737386616853
|e_y|,m,RUNNING_MPC,0.09336401103082737
|e_y|,m,RUNNING_MPC,0.06305953869447506
|e_y|,m,RUNNING_MPC,0.04228957078117464
|e_y|,m,RUNNING_MPC,0.026796707619789417
|e_y|,m,RUNNING_MPC,0.021633860408287353
|e_y|,m,RUNNING_MPC,0.019983808316493323
|e_y|,m,RUNNING_MPC,0.027912878238138705
|e_y|,m,RUNNING_MPC,0.03989067998412821
|e_y|,m,RUNNING_MPC,0.05109268979645193
|e_y|,m,RUNNING_MPC,0.08013195838682027
|e_y|,m,RUNNING_MPC,0.11151096802725963
|e_y|,m,RUNNING_MPC,0.1397960665573672
|e_y|,m,RUNNING_MPC,0.17355385501768278
|e_y|,m,RUNNING_MPC,0.21549822914533534
|e_y|,m,RUNNING_MPC,0.24198916381705568
|e_y|,m,RUNNING_MPC,0.3016974981105511
|e_y|,m,RUNNING_MPC,0.344073470356168
|e_y|,m,RUNNING_MPC,0.38296469081055906
|e_y|,m,RUNNING_MPC,0.39325321215947745
|e_y|,m,RUNNING_MPC,0.3863646669747131
|e_y|,m,RUNNING_MPC,0.35520591831587
|e_y|,m,RUNNING_MPC,0.3220067510346165
|e_y|,m,RUNNING_MPC,0.28559168985118616
|e_y|,m,RUNNING_MPC,0.25231741201570623
|e_y|,m,RUNNING_MPC,0.23791864837423896
|e_y|,m,RUNNING_MPC,0.23031910933169722
|e_y|,m,RUNNING_MPC,0.2338130032526949
|e_y|,m,RUNNING_MPC,0.2442868607990492
|e_y|,m,RUNNING_MPC,0.26118295827022714
|e_y|,m,RUNNING_MPC,0.2867406849043792
|e_y|,m,RUNNING_MPC,0.29796528580965775
|e_y|,m,RUNNING_MPC,0.31191734356354184
|e_y|,m,RUNNING_MPC,0.314021932854776
|e_y|,m,RUNNING_MPC,0.3098148579871931
|e_y|,m,RUNNING_MPC,0.3141275177907724
|e_y|,m,RUNNING_MPC,0.3112579081748682
|e_y|,m,RUNNING_MPC,0.30821921257404405
|e_y|,m,RUNNING_MPC,0.2957458775440227
|e_y|,m,RUNNING_MPC,0.28356573231871707
|e_y|,m,RUNNING_MPC,0.26404115941217465
|e_y|,m,RUNNING_MPC,0.23806727394117216
|e_y|,m,RUNNING_MPC,0.19829099614445173
|e_y|,m,RUNNING_MPC,0.17156433632106594
|e_y|,m,RUNNING_MPC,0.14440210643188234
|e_y|,m,RUNNING_MPC,0.11542639661633222
|e_y|,m,RUNNING_MPC,0.1063231286255369
|e_y|,m,RUNNING_MPC,0.10965735195965742
|e_y|,m,RUNNING_MPC,0.12594579260727473
|e_y|,m,RUNNING_MPC,0.1471268903432343
|e_y|,m,RUNNING_MPC,0.15973970911346375
|e_y|,m,RUNNING_MPC,0.16747810396574297
|e_y|,m,RUNNING_MPC,0.1610667037981353
|e_y|,m,RUNNING_MPC,0.13646982681772316
|e_y|,m,RUNNING_MPC,0.11192332352957182
|e_y|,m,RUNNING_MPC,0.08290989328200238
|e_y|,m,RUNNING_MPC,0.049799382085319754
|e_y|,m,RUNNING_MPC,0.026210008928972434
|e_y|,m,RUNNING_MPC,0.012199957034651654
|e_y|,m,RUNNING_MPC,0.0009306769534040138
|e_y|,m,RUNNING_MPC,0.013632445553212705
|e_y|,m,RUNNING_MPC,0.022396613831028228
|e_y|,m,RUNNING_MPC,0.05175145661622299
|e_y|,m,RUNNING_MPC,0.07812605247420812
|e_y|,m,RUNNING_MPC,0.09140370570047188
|e_y|,m,RUNNING_MPC,0.10441696453986185
|e_y|,m,RUNNING_MPC,0.09880363639138195
|e_y|,m,RUNNING_MPC,0.08672991404478335
|e_y|,m,RUNNING_MPC,0.07136816628314134
|e_y|,m,RUNNING_MPC,0.06369071248463914
|e_y|,m,RUNNING_MPC,0.05812501898410086
|e_y|,m,RUNNING_MPC,0.06241342177899212
|e_y|,m,RUNNING_MPC,0.08480882659535516
|e_y|,m,RUNNING_MPC,0.12316046981950096
|e_y|,m,RUNNING_MPC,0.157526248504181
|e_y|,m,RUNNING_MPC,0.2174308069176688
|e_y|,m,RUNNING_MPC,0.27985964916238704
|e_y|,m,RUNNING_MPC,0.3058092102398643
|e_y|,m,RUNNING_MPC,0.3070059640004403
|e_y|,m,RUNNING_MPC,0.29635569721974453
|e_y|,m,RUNNING_MPC,0.2486765458335481
|e_y|,m,RUNNING_MPC,0.1948338136100673
|e_y|,m,RUNNING_MPC,0.1379221306207637
|e_y|,m,RUNNING_MPC,0.08271505594960821
|e_y|,m,RUNNING_MPC,0.046076081294715854
|e_y|,m,RUNNING_MPC,0.015327607398317483
|e_y|,m,RUNNING_MPC,0.0007028483821468479
|e_y|,m,RUNNING_MPC,0.010550791111971622
|e_y|,m,RUNNING_MPC,0.02080316481281745
|e_y|,m,RUNNING_MPC,0.031552625263624345
|e_y|,m,RUNNING_MPC,0.040455143526097484
|e_y|,m,RUNNING_MPC,0.037846946251559446
|e_y|,m,RUNNING_MPC,0.02379111596101903
|e_y|,m,RUNNING_MPC,0.0026371611806611517
|e_y|,m,RUNNING_MPC,0.010351633587571518
|e_y|,m,RUNNING_MPC,0.02996073180791199
|e_y|,m,RUNNING_MPC,0.033711485330874896
|e_y|,m,RUNNING_MPC,0.0288002129618955
|e_y|,m,RUNNING_MPC,0.019229984389363186
|e_y|,m,RUNNING_MPC,0.011435050489538662
|e_y|,m,RUNNING_MPC,0.00012680490652333676
|e_y|,m,RUNNING_MPC,0.0070566399031051635
|e_y|,m,RUNNING_MPC,0.010403592306475196
|e_y|,m,RUNNING_MPC,0.012035981591644374
|e_y|,m,RUNNING_MPC,0.011499032019065325
|e_y|,m,RUNNING_MPC,0.007463086363586457
|e_y|,m,RUNNING_MPC,0.0025809607925711686
|e_y|,m,RUNNING_MPC,0.002835180631101608
|e_y|,m,RUNNING_MPC,0.010121007368434881
|e_y|,m,RUNNING_MPC,0.0158970596217326
|e_y|,m,RUNNING_MPC,0.02085809065358002
|e_y|,m,RUNNING_MPC,0.025237562872265334
|e_y|,m,RUNNING_MPC,0.026032651143976255
|e_y|,m,RUNNING_MPC,0.024399372835059552
|e_y|,m,RUNNING_MPC,0.02178380430194103
|e_y|,m,RUNNING_MPC,0.01753022917107742
|e_y|,m,RUNNING_MPC,0.012468792700146364
|e_y|,m,RUNNING_MPC,0.007725695174484348
|e_y|,m,RUNNING_MPC,0.004862005532165703
|e_y|,m,RUNNING_MPC,0.001023967054310293
|e_y|,m,RUNNING_MPC,0.0008991124774869463
|e_y|,m,RUNNING_MPC,0.0009740589360048291
|e_y|,m,RUNNING_MPC,0.0008199919392333777
|e_y|,m,RUNNING_MPC,0.0036385880983171304
|e_y|,m,RUNNING_MPC,0.0060097117577050385
|e_y|,m,RUNNING_MPC,0.01160364529962954
|e_y|,m,RUNNING_MPC,0.014495673608875992
|e_y|,m,RUNNING_MPC,0.01833478881234704
|e_y|,m,RUNNING_MPC,0.019545401833578835
|e_y|,m,RUNNING_MPC,0.019432250565871445
|e_y|,m,RUNNING_MPC,0.01714242551994858
|e_y|,m,RUNNING_MPC,0.013776552046450619
|e_y|,m,RUNNING_MPC,0.010251671118435612
|e_y|,m,RUNNING_MPC,0.007838042526513146
|e_y|,m,RUNNING_MPC,0.005495996159456951
|e_y|,m,RUNNING_MPC,0.004670891369536551
|e_y|,m,RUNNING_MPC,0.005013819618538806
|e_y|,m,RUNNING_MPC,0.005779091471103004
|e_y|,m,RUNNING_MPC,0.007305277915572617
|e_y|,m,RUNNING_MPC,0.008575984354250762
|e_y|,m,RUNNING_MPC,0.0107587036286651
|e_y|,m,RUNNING_MPC,0.010910308203932129
|e_y|,m,RUNNING_MPC,0.010676769013411885
|e_y|,m,RUNNING_MPC,0.00992563276375058
|e_y|,m,RUNNING_MPC,0.009448282473005882
|e_y|,m,RUNNING_MPC,0.008540234571018254
|e_y|,m,RUNNING_MPC,0.007304342631271887
|e_y|,m,RUNNING_MPC,0.006185206359954523
|e_y|,m,RUNNING_MPC,0.004505474875555693
|e_y|,m,RUNNING_MPC,0.003488959706569955
|e_y|,m,RUNNING_MPC,0.003137035541856792
|e_y|,m,RUNNING_MPC,0.002728281499112084
|e_y|,m,RUNNING_MPC,0.004030469666266856
|e_y|,m,RUNNING_MPC,0.0066509470716605845
|e_y|,m,RUNNING_MPC,0.008527740680017937
|e_y|,m,RUNNING_MPC,0.00987570385172893
|e_y|,m,RUNNING_MPC,0.010562421533565014
|e_y|,m,RUNNING_MPC,0.010926602464733426
|e_y|,m,RUNNING_MPC,0.010616596596827788
|e_y|,m,RUNNING_MPC,0.01003315364394175
|e_y|,m,RUNNING_MPC,0.009381911325272024
|e_y|,m,RUNNING_MPC,0.00866439837871269
|e_y|,m,RUNNING_MPC,0.008262676026648819
|e_y|,m,RUNNING_MPC,0.008385234496429597
|e_y|,m,RUNNING_MPC,0.008663629115140292
|e_y|,m,RUNNING_MPC,0.008651665720421975
|e_y|,m,RUNNING_MPC,0.008326849875128967
|e_y|,m,RUNNING_MPC,0.007886870714992944
|e_y|,m,RUNNING_MPC,0.0076314466737253395
|e_y|,m,RUNNING_MPC,0.007539501621170178
|e_y|,m,RUNNING_MPC,0.007528158600383861
|e_y|,m,RUNNING_MPC,0.007529396510598724
|e_y|,m,RUNNING_MPC,0.007502339731676966
|e_y|,m,RUNNING_MPC,0.007912425370444509
|e_y|,m,RUNNING_MPC,0.008149286726856109
|e_y|,m,RUNNING_MPC,0.008107475435765024
|e_y|,m,RUNNING_MPC,0.007255542776483825
|e_y|,m,RUNNING_MPC,0.0070207353274473125
|e_y|,m,RUNNING_MPC,0.006377552819045146
|e_y|,m,RUNNING_MPC,0.005953623766426275
|e_y|,m,RUNNING_MPC,0.005233876467192908
|e_y|,m,RUNNING_MPC,0.005703608692051276
|e_y|,m,RUNNING_MPC,0.006475553046710908
|e_y|,m,RUNNING_MPC,0.007161584549219141
|e_y|,m,RUNNING_MPC,0.007750689428212776
|e_y|,m,RUNNING_MPC,0.00856585903211321
|e_y|,m,RUNNING_MPC,0.008778106852700085
|e_y|,m,RUNNING_MPC,0.008805540852717453
|e_y|,m,RUNNING_MPC,0.008873015834220697
|e_y|,m,RUNNING_MPC,0.00868556522044156
|e_y|,m,RUNNING_MPC,0.008095827450134624
|e_y|,m,RUNNING_MPC,0.007846431237266017
|e_y|,m,RUNNING_MPC,0.007470138031644952
|e_y|,m,RUNNING_MPC,0.007184640529098868
|e_y|,m,RUNNING_MPC,0.007187013675661765
|e_y|,m,RUNNING_MPC,0.008364707199970123
|e_y|,m,RUNNING_MPC,0.008429670376353421
|e_y|,m,RUNNING_MPC,0.008285346830327542
|e_y|,m,RUNNING_MPC,0.008389929058742418
|e_y|,m,RUNNING_MPC,0.008424928413357874
|e_y|,m,RUNNING_MPC,0.009436425814545596
|e_y|,m,RUNNING_MPC,0.010143176101510665
|e_y|,m,RUNNING_MPC,0.011432749937721256
|e_y|,m,RUNNING_MPC,0.012025934518701015
|e_y|,m,RUNNING_MPC,0.012425569868967923
|e_y|,m,RUNNING_MPC,0.012326421558965177
|e_y|,m,RUNNING_MPC,0.01195445101176304
|e_y|,m,RUNNING_MPC,0.009243335146910198
|e_y|,m,RUNNING_MPC,0.008113534013065499
|e_y|,m,RUNNING_MPC,0.00752516233701328
|e_y|,m,RUNNING_MPC,0.005584709638219082
|e_y|,m,RUNNING_MPC,0.004732721041142279
|e_y|,m,RUNNING_MPC,0.004191565775494177
|e_y|,m,RUNNING_MPC,0.003975745283060897
|e_y|,m,RUNNING_MPC,0.004482656426684717
|e_y|,m,RUNNING_MPC,0.005089509179168561
|e_y|,m,RUNNING_MPC,0.004792328152813288
|e_y|,m,RUNNING_MPC,0.0053373696439316665
|e_y|,m,RUNNING_MPC,0.005389877383570496
|e_y|,m,RUNNING_MPC,0.005197491165077823
|e_y|,m,RUNNING_MPC,0.004508280834463696
|e_y|,m,RUNNING_MPC,0.0034437753073276595
|e_y|,m,RUNNING_MPC,0.0022866533000661937
|e_y|,m,RUNNING_MPC,0.0012441541661774025
|e_y|,m,RUNNING_MPC,0.0011281950559473009
|e_y|,m,RUNNING_MPC,0.0010716442866440523
|e_y|,m,RUNNING_MPC,0.0013844715251689066
|e_y|,m,RUNNING_MPC,0.0006997852523178832
|e_y|,m,RUNNING_MPC,0.0015150834761072374
|e_y|,m,RUNNING_MPC,0.0019177984035854134
|e_y|,m,RUNNING_MPC,0.002068462238476426
|e_y|,m,RUNNING_MPC,0.0024110046251478168
|e_y|,m,RUNNING_MPC,0.0025599165007853253
|e_y|,m,RUNNING_MPC,0.0029761175884763513
|e_y|,m,RUNNING_MPC,0.003116537920965945
|e_y|,m,RUNNING_MPC,0.0020876776981434003
|e_y|,m,RUNNING_MPC,0.0016745183859434298
|e_y|,m,RUNNING_MPC,0.0004629633443499065
|e_y|,m,RUNNING_MPC,0.0003540804861346227
|e_y|,m,RUNNING_MPC,0.0004427236596295514
|e_y|,m,RUNNING_MPC,0.0021833936360483586
|e_y|,m,RUNNING_MPC,0.003288545334424589
|e_y|,m,RUNNING_MPC,0.00326017828948022
|e_y|,m,RUNNING_MPC,0.005492461762182876
|e_y|,m,RUNNING_MPC,0.006188416695475374
|e_y|,m,RUNNING_MPC,0.006049396862384537
|e_y|,m,RUNNING_MPC,0.0066287759056095075
|e_y|,m,RUNNING_MPC,0.008775402616046285
|e_y|,m,RUNNING_MPC,0.009683967615239819
|e_y|,m,RUNNING_MPC,0.010508918095429781
|e_y|,m,RUNNING_MPC,0.00872117265378275
|e_y|,m,RUNNING_MPC,0.005708043537067081
|e_y|,m,RUNNING_MPC,0.0018607852675616432
|e_y|,m,RUNNING_MPC,0.0020322456546131296
|e_y|,m,RUNNING_MPC,0.0024464971157042714
|e_y|,m,RUNNING_MPC,0.0009241996424048105
|e_y|,m,RUNNING_MPC,0.011092520237846001
|e_y|,m,RUNNING_MPC,0.029228350193275965
|heading error|,rad,RUNNING_PP,0.010786866480357982
|heading error|,rad,RUNNING_PP,0.010786267269112691
|heading error|,rad,RUNNING_PP,0.010782805159695652
|heading error|,rad,RUNNING_PP,0.010774083307125593
|heading error|,rad,RUNNING_PP,0.010768623826891033
|heading error|,rad,RUNNING_PP,0.0107650951384467
|heading error|,rad,RUNNING_PP,0.01049658192153946
|heading error|,rad,RUNNING_PP,0.00947872175291109
|heading error|,rad,RUNNING_PP,0.005695501687371873
|heading error|,rad,RUNNING_PP,0.0023181473719604546
|heading error|,rad,RUNNING_PP,0.004026567609044296
|heading error|,rad,RUNNING_PP,0.017892715298705286
|heading error|,rad,RUNNING_PP,0.0305471246923803
|heading error|,rad,RUNNING_PP,0.046271959085834924
|heading error|,rad,RUNNING_PP,0.07360500240684975
|heading error|,rad,RUNNING_PP,0.10078282764721758
|heading error|,rad,RUNNING_PP,0.12479861514630708
|heading error|,rad,RUNNING_PP,0.1574614203887744
|heading error|,rad,RUNNING_PP,0.19123236696082413
|heading error|,rad,RUNNING_PP,0.21800565803160865
|heading error|,rad,RUNNING_PP,0.24371424150713017
|heading error|,rad,RUNNING_PP,0.26661003660978644
|heading error|,rad,RUNNING_PP,0.2932217403814307
|heading error|,rad,RUNNING_PP,0.3064824183972622
|heading error|,rad,RUNNING_PP,0.31061603677415267
|heading error|,rad,RUNNING_PP,0.30699546927219
|heading error|,rad,RUNNING_PP,0.2884740109913402
|heading error|,rad,RUNNING_PP,0.27461385541413186
|heading error|,rad,RUNNING_PP,0.24395587784027584
|heading error|,rad,RUNNING_PP,0.2139089259922632
|heading error|,rad,RUNNING_PP,0.16133812607409914
|heading error|,rad,RUNNING_PP,0.11475014937797756
|heading error|,rad,RUNNING_PP,0.0782479979499975
|heading error|,rad,RUNNING_PP,0.03724656953393579
|heading error|,rad,RUNNING_PP,0.0038082541380176638
|heading error|,rad,RUNNING_PP,0.013306151133212984
|heading error|,rad,RUNNING_PP,0.03468523837768822
|heading error|,rad,RUNNING_PP,0.03806634823984401
|heading error|,rad,RUNNING_PP,0.03746999989274791
|heading error|,rad,RUNNING_PP,0.029395653643554787
|heading error|,rad,RUNNING_PP,0.018280375326145126
|heading error|,rad,RUNNING_PP,0.007534875348583436
|heading error|,rad,RUNNING_PP,0.003730749468486838
|heading error|,rad,RUNNING_PP,0.005137372703862164
|heading error|,rad,RUNNING_PP,0.00704965552459369
|heading error|,rad,RUNNING_PP,0.007479474697553279
|heading error|,rad,RUNNING_PP,0.006268818482487282
|heading error|,rad,RUNNING_PP,0.004619633325847472
|heading error|,rad,RUNNING_PP,0.0023162010759913976
|heading error|,rad,RUNNING_PP,0.0005159041790978591
|heading error|,rad,RUNNING_PP,0.0008903177758127212
|heading error|,rad,RUNNING_PP,0.0017073903319542172
|heading error|,rad,RUNNING_PP,0.0019143079376877645
|heading error|,rad,RUNNING_PP,0.001852854160870887
|heading error|,rad,RUNNING_PP,0.0015378758616619859
|heading error|,rad,RUNNING_PP,0.0014117751840468928
|heading error|,rad,RUNNING_PP,0.001021204944236409
|heading error|,rad,RUNNING_PP,0.0005809754263980117
|heading error|,rad,RUNNING_PP,0.0002727805329840738
|heading error|,rad,RUNNING_PP,5.943600873381527e-05
|heading error|,rad,RUNNING_PP,8.858581348059057e-05
|heading error|,rad,RUNNING_PP,6.821932571399181e-06
|heading error|,rad,RUNNING_PP,1.1595005335318653e-05
|heading error|,rad,RUNNING_PP,0.00012139586352089005
|heading error|,rad,RUNNING_PP,0.00021032193306613767
|heading error|,rad,RUNNING_PP,0.00045093853755506785
|heading error|,rad,RUNNING_PP,0.0006096083729519863
|heading error|,rad,RUNNING_PP,0.0006050191325275289
|heading error|,rad,RUNNING_PP,0.0006289334314634186
|heading error|,rad,RUNNING_PP,0.0006224577820043152
|heading error|,rad,RUNNING_PP,0.0005105652450662079
|heading error|,rad,RUNNING_PP,0.0005135542534225879
|heading error|,rad,RUNNING_PP,0.0007682856116887349
|heading error|,rad,RUNNING_PP,0.00065395402135493
|heading error|,rad,RUNNING_PP,0.000647041886971178
|heading error|,rad,RUNNING_PP,0.0005363086481333657
|heading error|,rad,RUNNING_PP,0.0005905464579321063
|heading error|,rad,RUNNING_PP,0.0005964719913575944
|heading error|,rad,RUNNING_PP,0.0006079189930117135
|heading error|,rad,RUNNING_PP,0.0005858952593748024
|heading error|,rad,RUNNING_PP,0.0007726383172551589
|heading error|,rad,RUNNING_PP,0.0005629536169414751
|heading error|,rad,RUNNING_PP,0.0005646846716501619
|heading error|,rad,RUNNING_PP,0.0005211628597192597
|heading error|,rad,RUNNING_PP,0.0006263412402066626
|heading error|,rad,RUNNING_PP,0.00013847266946764855
|heading error|,rad,RUNNING_PP,0.000183645714242342
|heading error|,rad,RUNNING_PP,0.00031476942387631546
|heading error|,rad,RUNNING_PP,0.0016964912857402314
|heading error|,rad,RUNNING_PP,0.0002001454635868205
|heading error|,rad,RUNNING_PP,0.001344699938011451
|heading error|,rad,RUNNING_PP,0.004437348171493771
|heading error|,rad,RUNNING_PP,0.0012505121399258856
|heading error|,rad,RUNNING_PP,0.00319282031015744
|heading error|,rad,RUNNING_PP,0.005616497344213434
|heading error|,rad,RUNNING_PP,0.0033251801213360905
|heading error|,rad,RUNNING_PP,0.0027093456971392094
|heading error|,rad,RUNNING_PP,0.0007863486636185968
|heading error|,rad,RUNNING_PP,0.0020652530637185196
|heading error|,rad,RUNNING_PP,0.0032637181367257684
|heading error|,rad,RUNNING_PP,0.00369369300771405
|heading error|,rad,RUNNING_PP,0.00279760587992961
|heading error|,rad,RUNNING_PP,0.0018278000340269385
|heading error|,rad,RUNNING_PP,0.0007815587245172395
|heading error|,rad,RUNNING_PP,0.00011076670854692772
|heading error|,rad,RUNNING_PP,0.0004922821502232333
|heading error|,rad,RUNNING_PP,0.0008801627652681443
|heading error|,rad,RUNNING_PP,0.000846125248742946
|heading error|,rad,RUNNING_PP,0.0006224862962036504
|heading error|,rad,RUNNING_PP,0.0003166680231382335
|heading error|,rad,RUNNING_PP,1.7499563043976707e-05
|heading error|,rad,RUNNING_PP,0.00020059056748555903
|heading error|,rad,RUNNING_PP,0.0003709629307142581
|heading error|,rad,RUNNING_PP,0.0004220306421983677
|heading error|,rad,RUNNING_PP,0.0003341168994545063
|heading error|,rad,RUNNING_PP,0.00010355372808090735
|heading error|,rad,RUNNING_PP,2.1807970023157708e-05
|heading error|,rad,RUNNING_PP,0.00012708780321313284
|heading error|,rad,RUNNING_PP,0.00019726499003702713
|heading error|,rad,RUNNING_PP,0.00024295181376943198
|heading error|,rad,RUNNING_PP,0.00018894850697181997
|heading error|,rad,RUNNING_PP,0.00012134520017403892
|heading error|,rad,RUNNING_PP,3.0930881165569524e-05
|heading error|,rad,RUNNING_PP,2.675474939817235e-05
|heading error|,rad,RUNNING_PP,6.576033139260584e-05
|heading error|,rad,RUNNING_PP,7.080637244116783e-05
|heading error|,rad,RUNNING_PP,6.889158830802877e-05
|heading error|,rad,RUNNING_PP,3.437248295989903e-05
|heading error|,rad,RUNNING_PP,0.0001169513383607601
|heading error|,rad,RUNNING_PP,0.00015808859196775327
|heading error|,rad,RUNNING_PP,0.0001380765887958324
|heading error|,rad,RUNNING_PP,0.00014892754450712697
|heading error|,rad,RUNNING_PP,0.00015651983909426015
|heading error|,rad,RUNNING_PP,0.0001951416715919585
|heading error|,rad,RUNNING_PP,0.00032097603309844125
|heading error|,rad,RUNNING_PP,0.00037388264669369065
|heading error|,rad,RUNNING_PP,0.00035079288043304846
|heading error|,rad,RUNNING_PP,0.0004140932447018742
|heading error|,rad,RUNNING_PP,0.00044247648892947744
|heading error|,rad,RUNNING_PP,0.00038923755695730033
|heading error|,rad,RUNNING_PP,0.0003441249775205657
|heading error|,rad,RUNNING_PP,0.00041972335986661946
|heading error|,rad,RUNNING_PP,0.0006327762470732523
|heading error|,rad,RUNNING_PP,0.0007097772889572695
|heading error|,rad,RUNNING_PP,0.0006302889587109782
|heading error|,rad,RUNNING_PP,0.0004580866027303898
|heading error|,rad,RUNNING_PP,0.0005215903345082706
|heading error|,rad,RUNNING_PP,0.0005175631834287708
|heading error|,rad,RUNNING_PP,0.0006653686239284085
|heading error|,rad,RUNNING_PP,0.0007605862600178481
|heading error|,rad,RUNNING_PP,0.0007050481168001665
|heading error|,rad,RUNNING_PP,0.0005709187610239975
|heading error|,rad,RUNNING_PP,0.0005264799705471113
|heading error|,rad,RUNNING_PP,0.000461709771376162
|heading error|,rad,RUNNING_PP,0.000383898172617414
|heading error|,rad,RUNNING_PP,0.00035999630183403136
|heading error|,rad,RUNNING_PP,0.00028835279890082616
|heading error|,rad,RUNNING_PP,0.0002782687762020731
|heading error|,rad,RUNNING_PP,0.0003038781501917276
|heading error|,rad,RUNNING_PP,0.00032478375225875045
|heading error|,rad,RUNNING_PP,0.00020400939682341243
|heading error|,rad,RUNNING_PP,0.00028396168719813103
|heading error|,rad,RUNNING_PP,0.00033624629644479764
|heading error|,rad,RUNNING_PP,1.4601994967944343e-05
|heading error|,rad,RUNNING_PP,0.00051921101874286
|heading error|,rad,RUNNING_PP,0.0012354759987039943
|heading error|,rad,RUNNING_PP,0.0018527984965538424
|heading error|,rad,RUNNING_PP,0.0006906535025265059
|heading error|,rad,RUNNING_PP,0.00010430347775813864
|heading error|,rad,RUNNING_PP,0.0006573682118138358
|heading error|,rad,RUNNING_PP,0.0014799159401172046
|heading error|,rad,RUNNING_PP,0.001923946727948822
|heading error|,rad,RUNNING_PP,0.0025908069724124294
|heading error|,rad,RUNNING_PP,0.0020669602380217755
|heading error|,rad,RUNNING_PP,0.0020641352449091155
|heading error|,rad,RUNNING_PP,0.0016361942958174058
|heading error|,rad,RUNNING_PP,0.002711886516548967
|heading error|,rad,RUNNING_PP,0.00029259038448725683
|heading error|,rad,RUNNING_PP,0.0010971239651561548
|heading error|,rad,RUNNING_PP,0.0037945708126647664
|heading error|,rad,RUNNING_PP,0.003129241235491298
|heading error|,rad,RUNNING_PP,0.005384818190465102
|heading error|,rad,RUNNING_PP,0.00467046511974778
|heading error|,rad,RUNNING_PP,0.0009489271997519255
|heading error|,rad,RUNNING_PP,0.0003440454172091157
|heading error|,rad,RUNNING_PP,0.0016830644600548395
|heading error|,rad,RUNNING_PP,0.0051422880873002175
|heading error|,rad,RUNNING_PP,0.004068360488585943
|heading error|,rad,RUNNING_PP,0.005879999996219687
|heading error|,rad,RUNNING_PP,0.006506695128875029
|heading error|,rad,RUNNING_PP,0.00521136220547036
|heading error|,rad,RUNNING_PP,0.003164828807247222
|heading error|,rad,RUNNING_PP,0.001689255993414629
|heading error|,rad,RUNNING_PP,0.007582294216813001
|heading error|,rad,RUNNING_PP,0.005988207810530999
|heading error|,rad,RUNNING_PP,0.005956136257501798
|heading error|,rad,RUNNING_PP,0.012494928128809368
|heading error|,rad,RUNNING_PP,0.006482778895179786
|heading error|,rad,RUNNING_PP,0.004679104475785234
|heading error|,rad,RUNNING_PP,0.0020388709578591513
|heading error|,rad,RUNNING_PP,0.009059085009882062
|heading error|,rad,RUNNING_PP,0.006169266634755033
|heading error|,rad,RUNNING_PP,0.012727625643579432
|heading error|,rad,RUNNING_PP,0.006226356014456036
|heading error|,rad,RUNNING_PP,0.004503838860811016
|heading error|,rad,RUNNING_PP,0.0015844510744709717
|heading error|,rad,RUNNING_PP,0.015337807124110703
|heading error|,rad,RUNNING_PP,0.004866792551586119
|heading error|,rad,RUNNING_PP,0.010484597123010586
|heading error|,rad,RUNNING_PP,0.0005452809218065013
|heading error|,rad,RUNNING_PP,0.002066727960604808
|heading error|,rad,RUNNING_PP,0.01290093332823794
|heading error|,rad,RUNNING_PP,0.00587883485285573
|heading error|,rad,RUNNING_PP,0.007941839361192138
|heading error|,rad,RUNNING_PP,0.005886602858654221
|heading error|,rad,RUNNING_PP,0.0025453692543059843
|heading error|,rad,RUNNING_PP,0.010635680244932166
|heading error|,rad,RUNNING_PP,0.005701409658633083
|heading error|,rad,RUNNING_PP,0.0037581718228419936
|heading error|,rad,RUNNING_PP,0.005316854919109909
|heading error|,rad,RUNNING_PP,0.0007377136601364187
|heading error|,rad,RUNNING_PP,0.0007497155531703548
|heading error|,rad,RUNNING_PP,0.005005307838974238
|heading error|,rad,RUNNING_PP,0.006197079549362382
|heading error|,rad,RUNNING_PP,0.001955607204582016
|heading error|,rad,RUNNING_PP,0.000512532515527353
|heading error|,rad,RUNNING_PP,0.003515604952626733
|heading error|,rad,RUNNING_PP,0.004209193394770772
|heading error|,rad,RUNNING_PP,0.007886003884345629
|heading error|,rad,RUNNING_PP,0.001617424225561076
|heading error|,rad,RUNNING_PP,0.002633464088571777
|heading error|,rad,RUNNING_PP,0.003200406605995104
|heading error|,rad,RUNNING_PP,0.004270417331666429
|heading error|,rad,RUNNING_PP,0.0023480747705876964
|heading error|,rad,RUNNING_PP,0.001160884425758374
|heading error|,rad,RUNNING_PP,0.0019681328623803104
|heading error|,rad,RUNNING_PP,0.002924719600090466
|heading error|,rad,RUNNING_PP,0.0030364981033483007
|heading error|,rad,RUNNING_PP,0.0018942717817944082
|heading error|,rad,RUNNING_PP,0.0007816915350979794
|heading error|,rad,RUNNING_PP,0.0019792686481796638
|heading error|,rad,RUNNING_PP,0.002838792061542701
|heading error|,rad,RUNNING_PP,0.002309000537634186
|heading error|,rad,RUNNING_PP,0.0030389912317787607
|heading error|,rad,RUNNING_PP,0.0005776578763421676
|heading error|,rad,RUNNING_PP,0.0032639241051215725
|heading error|,rad,RUNNING_PP,0.004433264751912323
|heading error|,rad,RUNNING_PP,0.0021266320230444724
|heading error|,rad,RUNNING_PP,0.002785060136484635
|heading error|,rad,RUNNING_PP,0.0019495671442949364
|heading error|,rad,RUNNING_PP,9.515681782201746e-05
|heading error|,rad,RUNNING_PP,0.0019131401490962293
|heading error|,rad,RUNNING_PP,0.002301281139692788
|heading error|,rad,RUNNING_PP,0.003247606406190637
|heading error|,rad,RUNNING_PP,0.0005895446328518933
|heading error|,rad,RUNNING_PP,0.0009979802323098197
|heading error|,rad,RUNNING_PP,0.0012667223139239125
|heading error|,rad,RUNNING_PP,0.0008083855520864132
|heading error|,rad,RUNNING_PP,0.0023490915258251306
|heading error|,rad,RUNNING_PP,0.0016639295202330734
|heading error|,rad,RUNNING_PP,0.00041996449040061784
|heading error|,rad,RUNNING_PP,0.001294792703054659
|heading error|,rad,RUNNING_PP,0.0010449486110373774
|heading error|,rad,RUNNING_PP,0.001282825583453634
|heading error|,rad,RUNNING_PP,0.0007430327353912526
|heading error|,rad,RUNNING_PP,0.0008594689526392196
|heading error|,rad,RUNNING_PP,0.00013807629192749693
|heading error|,rad,RUNNING_PP,0.0005905312928045913
|heading error|,rad,RUNNING_PP,0.0005770446990576162
|heading error|,rad,RUNNING_PP,0.0003743030213459175
|heading error|,rad,RUNNING_PP,0.00011489740973771868
|heading error|,rad,RUNNING_PP,0.00029074543552864984
|heading error|,rad,RUNNING_PP,0.00034815959235084964
|heading error|,rad,RUNNING_PP,0.00016714786200949797
|heading error|,rad,RUNNING_PP,0.0003261413699610638
|heading error|,rad,RUNNING_PP,0.0003445826887644166
|heading error|,rad,RUNNING_PP,0.00019643941876484883
|heading error|,rad,RUNNING_PP,8.104916755441449e-05
|heading error|,rad,RUNNING_PP,0.00010776510003618345
|heading error|,rad,RUNNING_PP,0.0012107160213916113
|heading error|,rad,RUNNING_PP,0.0005474640653631012
|heading error|,rad,RUNNING_PP,0.000710728219022877
|heading error|,rad,RUNNING_PP,0.00033852416149129927
|heading error|,rad,RUNNING_PP,0.00020795935004111474
|heading error|,rad,RUNNING_PP,0.0018480925576625507
|heading error|,rad,RUNNING_PP,0.0011496415531932203
|heading error|,rad,RUNNING_PP,0.00030468425906765573
|heading error|,rad,RUNNING_PP,0.0007732512025601657
|heading error|,rad,RUNNING_PP,0.0005643225107756639
|heading error|,rad,RUNNING_PP,0.0017615325824882483
|heading error|,rad,RUNNING_PP,0.00034689135734976284
|heading error|,rad,RUNNING_PP,0.0006632011703764373
|heading error|,rad,RUNNING_PP,0.000950466780860762
|heading error|,rad,RUNNING_PP,0.0027442230724425147
|heading error|,rad,RUNNING_PP,0.0031324829588728897
|heading error|,rad,RUNNING_PP,0.0027403991230097458
|heading error|,rad,RUNNING_PP,0.0005682154457258005
|heading error|,rad,RUNNING_PP,0.0028146135403804423
|heading error|,rad,RUNNING_PP,0.0037967673521461243
|heading error|,rad,RUNNING_PP,0.002450584123881036
|heading error|,rad,RUNNING_PP,0.003368283109924535
|heading error|,rad,RUNNING_PP,0.000763704888117403
|heading error|,rad,RUNNING_PP,0.0004074229685667313
|heading error|,rad,RUNNING_PP,0.0032612503440137067
|heading error|,rad,RUNNING_PP,0.00481986439307416
|heading error|,rad,RUNNING_PP,0.0011366248501554765
|heading error|,rad,RUNNING_PP,0.0006500738522622982
|heading error|,rad,RUNNING_PP,0.0015497189345061568
|heading error|,rad,RUNNING_PP,0.0025979128232049772
|heading error|,rad,RUNNING_PP,0.004868763073054731
|heading error|,rad,RUNNING_PP,0.00044919918738535805
|heading error|,rad,RUNNING_PP,0.000942502431935003
|heading error|,rad,RUNNING_PP,0.004250312023254949
|heading error|,rad,RUNNING_PP,0.005640358671538566
|heading error|,rad,RUNNING_PP,0.004494034540648971
|heading error|,rad,RUNNING_PP,0.0017089487951569766
|heading error|,rad,RUNNING_PP,0.0011442870512837627
|heading error|,rad,RUNNING_PP,0.0003530401808728295
|heading error|,rad,RUNNING_PP,0.005030660218592303
|heading error|,rad,RUNNING_PP,0.003844811740423893
|heading error|,rad,RUNNING_PP,0.005363883321608906
|heading error|,rad,RUNNING_PP,0.0020102699399639767
|heading error|,rad,RUNNING_PP,0.001485070330027455
|heading error|,rad,RUNNING_PP,0.0027693388820704823
|heading error|,rad,RUNNING_PP,0.007005535905334731
|heading error|,rad,RUNNING_PP,0.005850982208543465
|heading error|,rad,RUNNING_PP,0.00203970005413856
|heading error|,rad,RUNNING_PP,0.0007162335049566704
|heading error|,rad,RUNNING_PP,0.005614718688660314
|heading error|,rad,RUNNING_PP,0.004112728061304749
|heading error|,rad,RUNNING_PP,0.006080837261353
|heading error|,rad,RUNNING_PP,0.0025651052939769377
|heading error|,rad,RUNNING_PP,0.0033247603592695403
|heading error|,rad,RUNNING_PP,0.00435177055349839
|heading error|,rad,RUNNING_PP,0.00505824284218756
|heading error|,rad,RUNNING_PP,0.0038558354183886867
|heading error|,rad,RUNNING_PP,0.0003931385296601087
|heading error|,rad,RUNNING_PP,0.00299980390476029
|heading error|,rad,RUNNING_PP,0.005801377576220067
|heading error|,rad,RUNNING_PP,0.0023727942072138686
|heading error|,rad,RUNNING_PP,0.0011830950645974614
|heading error|,rad,RUNNING_PP,3.0173563647040158e-05
|heading error|,rad,RUNNING_PP,0.006151116434057913
|heading error|,rad,RUNNING_PP,0.0029606834236839963
|heading error|,rad,RUNNING_PP,0.0018650976693310728
|heading error|,rad,RUNNING_PP,0.0027326295016293907
|heading error|,rad,RUNNING_PP,0.002430755881634828
|heading error|,rad,RUNNING_PP,0.0035097201170837256
|heading error|,rad,RUNNING_PP,0.0046443555022736005
|heading error|,rad,RUNNING_PP,0.0015048168756922609
|heading error|,rad,RUNNING_PP,0.00044381490143935437
|heading error|,rad,RUNNING_PP,0.0005468959716419253
|heading error|,rad,RUNNING_PP,0.0055384271191891155
|heading error|,rad,RUNNING_PP,0.004176564316777209
|heading error|,rad,RUNNING_PP,0.0036792948457657904
|heading error|,rad,RUNNING_PP,0.0008445312455608865
|heading error|,rad,RUNNING_PP,0.003838603364374027
|heading error|,rad,RUNNING_PP,0.0055661502881591
|heading error|,rad,RUNNING_PP,0.0037270144826672125
|heading error|,rad,RUNNING_PP,0.0034438130684800727
|heading error|,rad,RUNNING_PP,0.002381540095027945
|heading error|,rad,RUNNING_PP,0.0003644750883229353
|heading error|,rad,RUNNING_PP,0.0013004978950656998
|heading error|,rad,RUNNING_PP,0.003901754599426876
|heading error|,rad,RUNNING_PP,0.0011620131867634551
|heading error|,rad,RUNNING_PP,0.0019913144887050427
|heading error|,rad,RUNNING_PP,0.0004924167936175561
|heading error|,rad,RUNNING_PP,0.0028793690690079865
|heading error|,rad,RUNNING_PP,0.0035698749847824507
|heading error|,rad,RUNNING_PP,0.0011261012712717733
|heading error|,rad,RUNNING_PP,0.0018303183882050211
|heading error|,rad,RUNNING_PP,0.0004980303280002207
|heading error|,rad,RUNNING_PP,0.00022335330700118394
|heading error|,rad,RUNNING_PP,0.003355040096506334
|heading error|,rad,RUNNING_PP,0.0037726442449816933
|heading error|,rad,RUNNING_PP,0.002889784840690246
|heading error|,rad,RUNNING_PP,0.0033804618008901333
|heading error|,rad,RUNNING_PP,5.274731299997893e-05
|heading error|,rad,RUNNING_PP,0.0006277432738138744
|heading error|,rad,RUNNING_PP,5.708940437887388e-05
|heading error|,rad,RUNNING_PP,0.0030854591256673776
|heading error|,rad,RUNNING_PP,0.0026558501313529437
|heading error|,rad,RUNNING_PP,0.002948598321439455
|heading error|,rad,RUNNING_PP,0.0013747108131682007
|heading error|,rad,RUNNING_PP,0.00024177754446519373
|heading error|,rad,RUNNING_PP,0.0008678162301275493
|heading error|,rad,RUNNING_PP,0.0014916582225876773
|heading error|,rad,RUNNING_PP,0.0014660484840542942
|heading error|,rad,RUNNING_PP,0.001751993791229589
|heading error|,rad,RUNNING_PP,0.0007576741204817771
|heading error|,rad,RUNNING_PP,0.000394978191508466
|heading error|,rad,RUNNING_PP,0.0014534553420882945
|heading error|,rad,RUNNING_PP,0.0032558933746117402
|heading error|,rad,RUNNING_PP,0.0012023714482354286
|heading error|,rad,RUNNING_PP,0.0010486161319163134
|heading error|,rad,RUNNING_PP,0.0023482547984963183
|heading error|,rad,RUNNING_PP,0.0019439525800520885
|heading error|,rad,RUNNING_PP,0.0006218033931573164
|heading error|,rad,RUNNING_PP,0.00014575391706861399
|heading error|,rad,RUNNING_PP,0.0003118969950344219
|heading error|,rad,RUNNING_PP,0.0014770378966666442
|heading error|,rad,RUNNING_PP,0.0018086103783494512
|heading error|,rad,RUNNING_PP,0.0004291773066170679
|heading error|,rad,RUNNING_PP,0.0008014383575414285
|heading error|,rad,RUNNING_PP,0.00035040768964833546
|heading error|,rad,RUNNING_PP,0.001335939401588715
|heading error|,rad,RUNNING_PP,0.0010476606445692926
|heading error|,rad,RUNNING_PP,0.0019397369295200972
|heading error|,rad,RUNNING_PP,0.00011693632141540622
|heading error|,rad,RUNNING_PP,0.001034820736759423
|heading error|,rad,RUNNING_PP,0.001759335124783323
|heading error|,rad,RUNNING_PP,0.0019563193477092344
|heading error|,rad,RUNNING_PP,0.0001150873481543524
|heading error|,rad,RUNNING_PP,0.0005830126807166991
|heading error|,rad,RUNNING_PP,0.0011499609146941037
|heading error|,rad,RUNNING_PP,0.0005991367102426981
|heading error|,rad,RUNNING_PP,0.00041940320997069236
|heading error|,rad,RUNNING_PP,0.0001802862620261525
|heading error|,rad,RUNNING_PP,0.0010413738838068731
|heading error|,rad,RUNNING_PP,0.001147597383396759
|heading error|,rad,RUNNING_PP,0.00020736836054424665
|heading error|,rad,RUNNING_PP,0.0006135390037784738
|heading error|,rad,RUNNING_PP,0.0006559970470093601
|heading error|,rad,RUNNING_PP,0.00037038523710719584
|heading error|,rad,RUNNING_PP,0.00023530789616788006
|heading error|,rad,RUNNING_PP,0.0002791489814192305
|heading error|,rad,RUNNING_PP,0.00033041765301433657
|heading error|,rad,RUNNING_PP,0.00036828966176238875
|heading error|,rad,RUNNING_PP,0.00021780551513683744
|heading error|,rad,RUNNING_PP,4.794299303190197e-05
|heading error|,rad,RUNNING_PP,0.00013618036756679608
|heading error|,rad,RUNNING_PP,0.0002585666850100088
|heading error|,rad,RUNNING_PP,9.729909494915479e-05
|heading error|,rad,RUNNING_PP,0.0001811829864359904
|heading error|,rad,RUNNING_PP,0.00018658112593605836
|heading error|,rad,RUNNING_PP,0.00018046991151898786
|heading error|,rad,RUNNING_PP,0.0002446520937897656
|heading error|,rad,RUNNING_PP,0.00026927578678748176
|heading error|,rad,RUNNING_PP,0.000279928431147769
|heading error|,rad,RUNNING_PP,0.00033255781727958844
|heading error|,rad,RUNNING_PP,0.00046489164266594335
|heading error|,rad,RUNNING_PP,0.00043827541223484534
|heading error|,rad,RUNNING_PP,0.0006441909141277069
|heading error|,rad,RUNNING_PP,0.00035017792978320195
|heading error|,rad,RUNNING_PP,0.00047460502015073125
|heading error|,rad,RUNNING_PP,0.00086775092949265
|heading error|,rad,RUNNING_PP,0.0012476379045088803
|heading error|,rad,RUNNING_PP,0.0005938984359217248
|heading error|,rad,RUNNING_PP,0.0013524661674777505
|heading error|,rad,RUNNING_PP,0.001599249380359824
|heading error|,rad,RUNNING_PP,0.0004045553153504411
|heading error|,rad,RUNNING_PP,0.0008557161801810985
|heading error|,rad,RUNNING_PP,0.0013153444632224565
|heading error|,rad,RUNNING_PP,0.0014911911299736458
|heading error|,rad,RUNNING_PP,0.00038850928062628126
|heading error|,rad,RUNNING_PP,0.0008947666462421067
|heading error|,rad,RUNNING_PP,0.0011177416068128831
|heading error|,rad,RUNNING_PP,0.0013957219368879725
|heading error|,rad,RUNNING_PP,0.002188205027851997
|heading error|,rad,RUNNING_PP,0.0002891048545166086
|heading error|,rad,RUNNING_PP,0.0005822073705799014
|heading error|,rad,RUNNING_PP,0.0019619854156698313
|heading error|,rad,RUNNING_PP,0.0023410293714649644
|heading error|,rad,RUNNING_PP,0.0027545046953153514
|heading error|,rad,RUNNING_PP,0.00023848325546294014
|heading error|,rad,RUNNING_PP,0.0005978051055584022
|heading error|,rad,RUNNING_PP,0.0024484434901379526
|heading error|,rad,RUNNING_PP,0.002153766633763099
|heading error|,rad,RUNNING_PP,0.003590841421493018
|heading error|,rad,RUNNING_PP,0.00030722746605593704
|heading error|,rad,RUNNING_PP,2.5381864230511475e-05
|heading error|,rad,RUNNING_PP,0.003813629195439372
|heading error|,rad,RUNNING_PP,0.0038636072747351147
|heading error|,rad,RUNNING_PP,0.0020727785321333903
|heading error|,rad,RUNNING_PP,0.0008375044118923425
|heading error|,rad,RUNNING_PP,0.0009634055095982806
|heading error|,rad,RUNNING_PP,0.005459078941436268
|heading error|,rad,RUNNING_PP,0.003506198646449299
|heading error|,rad,RUNNING_PP,0.006454423304610657
|heading error|,rad,RUNNING_PP,0.009685191685966599
|heading error|,rad,RUNNING_PP,0.005373652697886255
|heading error|,rad,RUNNING_PP,0.0002136889420523147
|heading error|,rad,RUNNING_PP,0.006343548228188611
|heading error|,rad,RUNNING_PP,0.009563651811435592
|heading error|,rad,RUNNING_PP,0.004684426468056002
|heading error|,rad,RUNNING_PP,0.007249589975538706
|heading error|,rad,RUNNING_PP,0.000695338018713354
|heading error|,rad,RUNNING_PP,0.009611874162441025
|heading error|,rad,RUNNING_PP,0.008754882611399506
|heading error|,rad,RUNNING_PP,0.012948754366600257
|heading error|,rad,RUNNING_PP,0.009764029959547893
|heading error|,rad,RUNNING_PP,0.012793490212841816
|heading error|,rad,RUNNING_PP,0.01538588333447749
|heading error|,rad,RUNNING_PP,0.012891542872407569
|heading error|,rad,RUNNING_PP,0.005212699400213239
|heading error|,rad,RUNNING_PP,0.016744715556834853
|heading error|,rad,RUNNING_PP,0.022599261780855414
|heading error|,rad,RUNNING_PP,0.011094282060214594
|heading error|,rad,RUNNING_PP,0.010443804026521092
|heading error|,rad,RUNNING_PP,0.024291864328031296
|heading error|,rad,RUNNING_PP,0.01986574248947131
|heading error|,rad,RUNNING_PP,0.004435471539858595
|heading error|,rad,RUNNING_PP,0.010420383778315374
|heading error|,rad,RUNNING_PP,0.010457134692224548
|heading error|,rad,RUNNING_PP,0.01630295148202489
|heading error|,rad,RUNNING_PP,0.02276590207569884
|heading error|,rad,RUNNING_PP,0.017240363971219225
|heading error|,rad,RUNNING_PP,0.023295337684792528
|heading error|,rad,RUNNING_PP,0.013889148903979685
|heading error|,rad,RUNNING_PP,0.008443992191499494
|heading error|,rad,RUNNING_PP,0.03427772002970403
|heading error|,rad,RUNNING_PP,0.01698161266519016
|heading error|,rad,RUNNING_PP,0.035177429258934086
|heading error|,rad,RUNNING_PP,0.018215190021609762
|heading error|,rad,RUNNING_PP,0.002399717443353988
|heading error|,rad,RUNNING_PP,0.0014973103603820315
|heading error|,rad,RUNNING_PP,0.006294594825227096
|heading error|,rad,RUNNING_PP,0.04773428578975569
|heading error|,rad,RUNNING_PP,0.02986917111708587
|heading error|,rad,RUNNING_PP,0.023131716253229406
|heading error|,rad,RUNNING_PP,0.00892815841737016
|heading error|,rad,RUNNING_PP,0.0035818593658281106
|heading error|,rad,RUNNING_PP,0.01952172888088166
|heading error|,rad,RUNNING_PP,0.027616212717919586
|heading error|,rad,RUNNING_PP,0.00968460886927991
|heading error|,rad,RUNNING_PP,0.015949898483591296
|heading error|,rad,RUNNING_PP,0.005987715781035519
|heading error|,rad,RUNNING_PP,0.001809010773542008
|heading error|,rad,RUNNING_PP,0.005948642352443745
|heading error|,rad,RUNNING_PP,0.011840874255121923
|heading error|,rad,RUNNING_PP,0.008811280429216417
|heading error|,rad,RUNNING_PP,0.009900064691513277
|heading error|,rad,RUNNING_PP,0.007907365513205809
|heading error|,rad,RUNNING_PP,0.006688836684364262
|heading error|,rad,RUNNING_PP,0.0122168933170963
|heading error|,rad,RUNNING_PP,0.00036513764544721106
|heading error|,rad,RUNNING_PP,0.0004915983132536271
|heading error|,rad,RUNNING_PP,0.00808893111297726
|heading error|,rad,RUNNING_PP,0.002556200679131093
|heading error|,rad,RUNNING_PP,0.002649487742848011
|heading error|,rad,RUNNING_PP,0.0029157378658097866
|heading error|,rad,RUNNING_PP,0.0008937249363463186
|heading error|,rad,RUNNING_PP,0.0005133370379002412
|heading error|,rad,RUNNING_PP,0.004954532154195945
|heading error|,rad,RUNNING_PP,0.0009318026202442821
|heading error|,rad,RUNNING_PP,0.0023723064538678784
|heading error|,rad,RUNNING_PP,0.0029480074272318912
|heading error|,rad,RUNNING_PP,0.0030717490809382126
|heading error|,rad,RUNNING_PP,0.002921628472459359
|heading error|,rad,RUNNING_PP,0.0026886018770773124
|heading error|,rad,RUNNING_PP,0.0020455408486992344
|heading error|,rad,RUNNING_PP,0.0016131460345845117
|heading error|,rad,RUNNING_PP,0.0014326964316293544
|heading error|,rad,RUNNING_PP,0.0006176909773827344
|heading error|,rad,RUNNING_PP,0.001907389275481064
|heading error|,rad,RUNNING_PP,0.003762050531968209
|heading error|,rad,RUNNING_PP,0.003477932030685693
|heading error|,rad,RUNNING_PP,0.00619799573323121
|heading error|,rad,RUNNING_PP,0.0006145034932460992
|heading error|,rad,RUNNING_PP,0.0020373161623739033
|heading error|,rad,RUNNING_PP,0.0014209777842273397
|heading error|,rad,RUNNING_PP,0.0017068895766267913
|heading error|,rad,RUNNING_PP,5.7589797807899856e-05
|heading error|,rad,RUNNING_PP,0.006506948725701012
|heading error|,rad,RUNNING_PP,0.004921194480186797
|heading error|,rad,RUNNING_PP,0.008193542307908475
|heading error|,rad,RUNNING_PP,0.01036767061946775
|heading error|,rad,RUNNING_PP,0.0025527575586845597
|heading error|,rad,RUNNING_PP,0.003348642534578339
|heading error|,rad,RUNNING_PP,0.003560193531582101
|heading error|,rad,RUNNING_PP,0.006053120471439576
|heading error|,rad,RUNNING_PP,0.00324701345854983
|heading error|,rad,RUNNING_PP,0.0065170389589293
|heading error|,rad,RUNNING_PP,0.017221942195505324
|heading error|,rad,RUNNING_PP,0.010592445124418372
|heading error|,rad,RUNNING_PP,0.00016437504837119032
|heading error|,rad,RUNNING_PP,0.011543811923954594
|heading error|,rad,RUNNING_PP,0.01600041091210136
|heading error|,rad,RUNNING_PP,0.012588774165310901
|heading error|,rad,RUNNING_PP,0.014950841509144053
|heading error|,rad,RUNNING_PP,0.021518389414093342
|heading error|,rad,RUNNING_PP,0.0017077578982165331
|heading error|,rad,RUNNING_PP,0.0035358816198549636
|heading error|,rad,RUNNING_PP,0.010713064759019786
|heading error|,rad,RUNNING_PP,0.01551268039164455
|heading error|,rad,RUNNING_PP,0.0045966269495285594
|heading error|,rad,RUNNING_PP,0.01684657087077629
|heading error|,rad,RUNNING_PP,0.008001813313917583
|heading error|,rad,RUNNING_PP,0.04928703534919382
|heading error|,rad,RUNNING_PP,0.00488117272095276
|heading error|,rad,RUNNING_PP,0.03373710986444775
|heading error|,rad,RUNNING_PP,0.011140417931469193
|heading error|,rad,RUNNING_PP,0.0009519767023828535
|heading error|,rad,RUNNING_PP,0.049726118790251184
|heading error|,rad,RUNNING_PP,0.012246725055192384
|heading error|,rad,RUNNING_PP,0.014498755207852099
|heading error|,rad,RUNNING_PP,0.02365319997374242
|heading error|,rad,RUNNING_PP,0.0335750608944284
|heading error|,rad,RUNNING_PP,0.02630087560252442
|heading error|,rad,RUNNING_PP,0.009854519216601132
|heading error|,rad,RUNNING_PP,0.04981377145419236
|heading error|,rad,RUNNING_PP,0.046059120756109795
|heading error|,rad,RUNNING_PP,0.029440668063733192
|heading error|,rad,RUNNING_PP,0.013156921821157908
|heading error|,rad,RUNNING_PP,0.05224114108402478
|heading error|,rad,RUNNING_PP,0.05608334203934084
|heading error|,rad,RUNNING_PP,0.035627225165933196
|heading error|,rad,RUNNING_PP,0.006495954343750054
|heading error|,rad,RUNNING_PP,0.009726343770699586
|heading error|,rad,RUNNING_PP,0.005347087731706335
|heading error|,rad,RUNNING_PP,0.028970738970190868
|heading error|,rad,RUNNING_PP,0.005993353631138065
|heading error|,rad,RUNNING_PP,0.008212189968566761
|heading error|,rad,RUNNING_PP,0.029735991056641597
|heading error|,rad,RUNNING_PP,0.02952774464136476
|heading error|,rad,RUNNING_PP,0.023175565071389185
|heading error|,rad,RUNNING_PP,0.017794935899448694
|heading error|,rad,RUNNING_PP,0.013242086946443132
|heading error|,rad,RUNNING_PP,0.0003170474942539858
|heading error|,rad,RUNNING_PP,0.0022805685958877664
|heading error|,rad,RUNNING_PP,0.003773831370679437
|heading error|,rad,RUNNING_PP,0.01226252629128721
|heading error|,rad,RUNNING_PP,0.009609269241600327
|heading error|,rad,RUNNING_PP,0.004437366470535498
|heading error|,rad,RUNNING_PP,0.00045135559844422524
|heading error|,rad,RUNNING_PP,2.0630897046292063e-06
|heading error|,rad,RUNNING_PP,0.010112889046525186
|heading error|,rad,RUNNING_PP,0.007097042293159994
|heading error|,rad,RUNNING_PP,0.0032552794180293887
|heading error|,rad,RUNNING_PP,0.006276901990833306
|heading error|,rad,RUNNING_PP,0.0017414296917801497
|heading error|,rad,RUNNING_PP,0.0037079078406945243
|heading error|,rad,RUNNING_PP,0.0018715057794724819
|heading error|,rad,RUNNING_PP,0.00036554452749504307
|heading error|,rad,RUNNING_PP,0.0017546221064694834
|heading error|,rad,RUNNING_PP,0.003430333581825984
|heading error|,rad,RUNNING_PP,0.004100245824875115
|heading error|,rad,RUNNING_PP,0.0007301486234339016
|heading error|,rad,RUNNING_PP,0.002624922208207092
|heading error|,rad,RUNNING_PP,0.0026077333584493267
|heading error|,rad,RUNNING_PP,0.0034815280971149942
|heading error|,rad,RUNNING_PP,0.002412592072861708
|heading error|,rad,RUNNING_PP,0.001412506200818786
|heading error|,rad,RUNNING_PP,0.0010598389172844502
|heading error|,rad,RUNNING_PP,0.00027436536771729964
|heading error|,rad,RUNNING_PP,0.0008309961158994295
|heading error|,rad,RUNNING_PP,0.001691283752514705
|heading error|,rad,RUNNING_PP,0.0011458014116456638
|heading error|,rad,RUNNING_PP,0.00021224666956287663
|heading error|,rad,RUNNING_PP,0.0006870210925293829
|heading error|,rad,RUNNING_PP,0.0020114544503166965
|heading error|,rad,RUNNING_PP,0.002403754608914843
|heading error|,rad,RUNNING_PP,0.0027706274240157924
|heading error|,rad,RUNNING_PP,0.0013621991136234526
|heading error|,rad,RUNNING_PP,9.318416011372398e-05
|heading error|,rad,RUNNING_PP,0.0003790634148359561
|heading error|,rad,RUNNING_PP,0.00275423712103251
|heading error|,rad,RUNNING_PP,0.003466316872863473
|heading error|,rad,RUNNING_PP,0.00043734465297484704
|heading error|,rad,RUNNING_PP,7.076867111366347e-05
|heading error|,rad,RUNNING_PP,0.0007069932904024689
|heading error|,rad,RUNNING_PP,0.0012171253115467184
|heading error|,rad,RUNNING_PP,0.001680301351177027
|heading error|,rad,RUNNING_PP,0.0006913767575931207
|heading error|,rad,RUNNING_PP,0.0015089392665832426
|heading error|,rad,RUNNING_PP,0.00016190508039159998
|heading error|,rad,RUNNING_PP,0.0009224871863329209
|heading error|,rad,RUNNING_PP,0.0002040455946950015
|heading error|,rad,RUNNING_PP,0.0014730881746931601
|heading error|,rad,RUNNING_PP,0.0022999625673034707
|heading error|,rad,RUNNING_PP,0.0012363158861583567
|heading error|,rad,RUNNING_PP,0.0028200618250180387
|heading error|,rad,RUNNING_PP,0.0020981559947341744
|heading error|,rad,RUNNING_PP,0.0016004421271680336
|heading error|,rad,RUNNING_PP,0.005694452739740896
|heading error|,rad,RUNNING_PP,0.0012242036919880572
|heading error|,rad,RUNNING_PP,0.001736258130199175
|heading error|,rad,RUNNING_PP,0.002309622973505121
|heading error|,rad,RUNNING_PP,0.0028985939545032036
|heading error|,rad,RUNNING_PP,0.005707860568231693
|heading error|,rad,RUNNING_PP,0.0022443384467452088
|heading error|,rad,RUNNING_PP,0.0006666538820483403
|heading error|,rad,RUNNING_PP,0.0004672615083181064
|heading error|,rad,RUNNING_PP,0.0028877763351928816
|heading error|,rad,RUNNING_PP,0.006306105401050699
|heading error|,rad,RUNNING_PP,0.005422722355767685
|heading error|,rad,RUNNING_PP,0.0021340232528008762
|heading error|,rad,RUNNING_PP,0.0010869671793380942
|heading error|,rad,RUNNING_PP,0.0024520610365583724
|heading error|,rad,RUNNING_PP,0.0036104719585834393
|heading error|,rad,RUNNING_PP,0.004940222287989071
|heading error|,rad,RUNNING_PP,0.0051751293224042705
|heading error|,rad,RUNNING_PP,0.003951654177827946
|heading error|,rad,RUNNING_PP,3.192177755506619e-05
|heading error|,rad,RUNNING_PP,0.001455289014017369
|heading error|,rad,RUNNING_PP,0.006657232298582283
|heading error|,rad,RUNNING_PP,0.002670985001782533
|heading error|,rad,RUNNING_PP,0.0041454088995693805
|heading error|,rad,RUNNING_PP,0.003055452758362387
|heading error|,rad,RUNNING_PP,0.0016631707042258357
|heading error|,rad,RUNNING_PP,0.007578797226676315
|heading error|,rad,RUNNING_PP,0.009397714300356519
|heading error|,rad,RUNNING_PP,0.0046748459211540805
|heading error|,rad,RUNNING_PP,0.0032391291376083764
|heading error|,rad,RUNNING_PP,0.001953541859998076
|heading error|,rad,RUNNING_PP,0.003890204967088362
|heading error|,rad,RUNNING_PP,0.011060515076507516
|heading error|,rad,RUNNING_PP,0.009584037034495285
|heading error|,rad,RUNNING_PP,0.003960861699974894
|heading error|,rad,RUNNING_PP,0.0020737179998913113
|heading error|,rad,RUNNING_PP,0.004078872603464623
|heading error|,rad,RUNNING_PP,0.006347866065101516
|heading error|,rad,RUNNING_PP,0.008879238725346683
|heading error|,rad,RUNNING_PP,0.004630178536298102
|heading error|,rad,RUNNING_PP,0.007031674562879564
|heading error|,rad,RUNNING_PP,0.004896517043205817
|heading error|,rad,RUNNING_PP,0.0028100595025541963
|heading error|,rad,RUNNING_PP,0.012418827716900616
|heading error|,rad,RUNNING_PP,0.015160004188655485
|heading error|,rad,RUNNING_PP,0.012836597118950355
|heading error|,rad,RUNNING_PP,0.006292575978913195
|heading error|,rad,RUNNING_PP,0.005228174762919479
|heading error|,rad,RUNNING_PP,0.00012132598211866963
|heading error|,rad,RUNNING_PP,0.016429021770233643
|heading error|,rad,RUNNING_PP,0.010367927444888014
|heading error|,rad,RUNNING_PP,0.011547807186156778
|heading error|,rad,RUNNING_PP,0.0021078346991383334
|heading error|,rad,RUNNING_PP,0.00261455473591532
|heading error|,rad,RUNNING_PP,0.0029533266481984732
|heading error|,rad,RUNNING_PP,0.004892803611151297
|heading error|,rad,RUNNING_PP,0.007081833914281076
|heading error|,rad,RUNNING_PP,0.005305926159043128
|heading error|,rad,RUNNING_PP,0.0009950417403432612
|heading error|,rad,RUNNING_PP,0.0001284514236741252
|heading error|,rad,RUNNING_PP,0.0010476969089174837
|heading error|,rad,RUNNING_PP,0.003972361745881781
|heading error|,rad,RUNNING_PP,0.007438800528657641
|heading error|,rad,RUNNING_PP,0.005949699727748392
|heading error|,rad,RUNNING_PP,0.0006492839066796208
|heading error|,rad,RUNNING_PP,0.0014034828737021776
|heading error|,rad,RUNNING_PP,0.006798514609984707
|heading error|,rad,RUNNING_PP,0.005309277484233821
|heading error|,rad,RUNNING_PP,0.0007971922473379857
|heading error|,rad,RUNNING_PP,0.0014423693950829097
|heading error|,rad,RUNNING_PP,0.0020535293875143523
|heading error|,rad,RUNNING_PP,0.001301657534998224
|heading error|,rad,RUNNING_PP,0.0005542005459022725
|heading error|,rad,RUNNING_PP,0.004238424151804311
|heading error|,rad,RUNNING_PP,0.0023090379988675025
|heading error|,rad,RUNNING_PP,0.002454624311500009
|heading error|,rad,RUNNING_PP,0.0007417403421987601
|heading error|,rad,RUNNING_PP,0.0005405104592592913
|heading error|,rad,RUNNING_PP,0.0004011189813089011
|heading error|,rad,RUNNING_PP,0.00021103573802072617
|heading error|,rad,RUNNING_PP,0.0013378191952333474
|heading error|,rad,RUNNING_PP,0.0013855226038770319
|heading error|,rad,RUNNING_PP,0.0011464030774264167
|heading error|,rad,RUNNING_PP,0.0006221377522797056
|heading error|,rad,RUNNING_PP,0.000396568007949405
|heading error|,rad,RUNNING_PP,0.0002750365023000967
|heading error|,rad,RUNNING_PP,0.0007361555538363262
|heading error|,rad,RUNNING_PP,0.0010440471100969795
|heading error|,rad,RUNNING_PP,0.0011612942836025653
|heading error|,rad,RUNNING_PP,0.0009399855970166904
|heading error|,rad,RUNNING_PP,0.0009769085213320317
|heading error|,rad,RUNNING_PP,0.0007085374521271781
|heading error|,rad,RUNNING_PP,0.0006483330025894852
|heading error|,rad,RUNNING_PP,0.0004415431550501836
|heading error|,rad,RUNNING_PP,0.00036164832234808486
|heading error|,rad,RUNNING_PP,0.00040972722817711476
|heading error|,rad,RUNNING_PP,0.0004847640670866404
|heading error|,rad,RUNNING_PP,0.0005858662007884874
|heading error|,rad,RUNNING_PP,0.0006910641277979579
|heading error|,rad,RUNNING_PP,0.0006931946566703928
|heading error|,rad,RUNNING_PP,0.0007823820365944202
|heading error|,rad,RUNNING_PP,0.0008529620244521752
|heading error|,rad,RUNNING_PP,0.000849540869569676
|heading error|,rad,RUNNING_MPC,0.0022379896715070124
|heading error|,rad,RUNNING_MPC,0.002148534711310379
|heading error|,rad,RUNNING_MPC,0.002014706012583023
|heading error|,rad,RUNNING_MPC,0.0019700626815000173
|heading error|,rad,RUNNING_MPC,0.0019428160739760614
|heading error|,rad,RUNNING_MPC,0.0019116570892223628
|heading error|,rad,RUNNING_MPC,0.0020332811562777664
|heading error|,rad,RUNNING_MPC,0.0019042555822128548
|heading error|,rad,RUNNING_MPC,0.0018541343059075288
|heading error|,rad,RUNNING_MPC,0.0017919665131449491
|heading error|,rad,RUNNING_MPC,0.0018655199056207827
|heading error|,rad,RUNNING_MPC,0.0017827164470443078
|heading error|,rad,RUNNING_MPC,0.0017485572498001643
|heading error|,rad,RUNNING_MPC,0.001609290326575863
|heading error|,rad,RUNNING_MPC,0.0014378698894530473
|heading error|,rad,RUNNING_MPC,0.0013645324737838749
|heading error|,rad,RUNNING_MPC,0.001188364377463724
|heading error|,rad,RUNNING_MPC,0.0012136251923622332
|heading error|,rad,RUNNING_MPC,0.000957183266443451
|heading error|,rad,RUNNING_MPC,0.000940395340115252
|heading error|,rad,RUNNING_MPC,0.0009523140880944858
|heading error|,rad,RUNNING_MPC,0.0010389970488366984
|heading error|,rad,RUNNING_MPC,0.0009018925385873011
|heading error|,rad,RUNNING_MPC,0.0008319166967099002
|heading error|,rad,RUNNING_MPC,0.0008336642648396619
|heading error|,rad,RUNNING_MPC,0.0007822561246579873
|heading error|,rad,RUNNING_MPC,0.0009764060086241422
|heading error|,rad,RUNNING_MPC,0.0007359630418108942
|heading error|,rad,RUNNING_MPC,0.0005162430600242907
|heading error|,rad,RUNNING_MPC,0.0003174967560575226
|heading error|,rad,RUNNING_MPC,0.00013129675605760838
|heading error|,rad,RUNNING_MPC,2.3237771303641352e-05
|heading error|,rad,RUNNING_MPC,0.00032487317040663655
|heading error|,rad,RUNNING_MPC,0.0003529566168407605
|heading error|,rad,RUNNING_MPC,0.0004539529869083126
|heading error|,rad,RUNNING_MPC,0.0005497162801999522
|heading error|,rad,RUNNING_MPC,0.0007960201941124012
|heading error|,rad,RUNNING_MPC,0.001105603135277189
|heading error|,rad,RUNNING_MPC,0.0016558631325489512
|heading error|,rad,RUNNING_MPC,0.0019777766025863563
|heading error|,rad,RUNNING_MPC,0.00227920449248753
|heading error|,rad,RUNNING_MPC,0.002132200316151245
|heading error|,rad,RUNNING_MPC,0.0014964069189682405
|heading error|,rad,RUNNING_MPC,0.0010569326947442725
|heading error|,rad,RUNNING_MPC,0.0012124112042979363
|heading error|,rad,RUNNING_MPC,0.0022078493485055972
|heading error|,rad,RUNNING_MPC,0.0026886447276108782
|heading error|,rad,RUNNING_MPC,0.003315154142734755
|heading error|,rad,RUNNING_MPC,0.0035453124097291067
|heading error|,rad,RUNNING_MPC,0.0034958105795848127
|heading error|,rad,RUNNING_MPC,0.003464679090106948
|heading error|,rad,RUNNING_MPC,0.0029739568228404067
|heading error|,rad,RUNNING_MPC,0.0023303500574662905
|heading error|,rad,RUNNING_MPC,0.0017077685929547393
|heading error|,rad,RUNNING_MPC,0.0006513433420249903
|heading error|,rad,RUNNING_MPC,0.0006984381939760809
|heading error|,rad,RUNNING_MPC,0.0017530901009994437
|heading error|,rad,RUNNING_MPC,0.001985317748054438
|heading error|,rad,RUNNING_MPC,0.0030293720619809505
|heading error|,rad,RUNNING_MPC,0.0026803836000284242
|heading error|,rad,RUNNING_MPC,0.00163817481159656
|heading error|,rad,RUNNING_MPC,0.0008250473055424479
|heading error|,rad,RUNNING_MPC,0.0009662997485193615
|heading error|,rad,RUNNING_MPC,0.002163785380567607
|heading error|,rad,RUNNING_MPC,0.0026093252139185448
|heading error|,rad,RUNNING_MPC,0.0036195593747025967
|heading error|,rad,RUNNING_MPC,0.003804254521740713
|heading error|,rad,RUNNING_MPC,0.004182741487463559
|heading error|,rad,RUNNING_MPC,0.004211842508780261
|heading error|,rad,RUNNING_MPC,0.004006838868069185
|heading error|,rad,RUNNING_MPC,0.003500135368358581
|heading error|,rad,RUNNING_MPC,0.0024276510004739293
|heading error|,rad,RUNNING_MPC,0.001117715464882263
|heading error|,rad,RUNNING_MPC,0.00023257858483782812
|heading error|,rad,RUNNING_MPC,0.0017870498015333247
|heading error|,rad,RUNNING_MPC,0.00242836290730164
|heading error|,rad,RUNNING_MPC,0.00339030006054708
|heading error|,rad,RUNNING_MPC,0.00249612561503465
|heading error|,rad,RUNNING_MPC,0.0013449161411784871
|heading error|,rad,RUNNING_MPC,0.0012329287720329598
|heading error|,rad,RUNNING_MPC,0.0012937075867944792
|heading error|,rad,RUNNING_MPC,0.0017315225618612653
|heading error|,rad,RUNNING_MPC,0.0008925742132803727
|heading error|,rad,RUNNING_MPC,0.0011732234836410171
|heading error|,rad,RUNNING_MPC,0.0027536084889963064
|heading error|,rad,RUNNING_MPC,0.003788889155459163
|heading error|,rad,RUNNING_MPC,0.004229203403967485
|heading error|,rad,RUNNING_MPC,0.004536777294277261
|heading error|,rad,RUNNING_MPC,0.00425929357464172
|heading error|,rad,RUNNING_MPC,0.00360620531440059
|heading error|,rad,RUNNING_MPC,0.0026889588782323948
|heading error|,rad,RUNNING_MPC,0.0017981725088467293
|heading error|,rad,RUNNING_MPC,0.0002829696358288558
|heading error|,rad,RUNNING_MPC,0.00027111417487457595
|heading error|,rad,RUNNING_MPC,0.0023490944271347125
|heading error|,rad,RUNNING_MPC,0.0028733655266952596
|heading error|,rad,RUNNING_MPC,0.0035123987053164996
|heading error|,rad,RUNNING_MPC,0.003494857538291818
|heading error|,rad,RUNNING_MPC,0.0028103502568699312
|heading error|,rad,RUNNING_MPC,0.0013552234078635372
|heading error|,rad,RUNNING_MPC,0.00032054443054452264
|heading error|,rad,RUNNING_MPC,0.0013664062730267543
|heading error|,rad,RUNNING_MPC,0.001992752971618383
|heading error|,rad,RUNNING_MPC,0.002873782600596453
|heading error|,rad,RUNNING_MPC,0.003368200236190777
|heading error|,rad,RUNNING_MPC,0.003297401762777152
|heading error|,rad,RUNNING_MPC,0.0031566361947841237
|heading error|,rad,RUNNING_MPC,0.0025989865233078113
|heading error|,rad,RUNNING_MPC,0.0017615989308934485
|heading error|,rad,RUNNING_MPC,0.0010982653987809954
|heading error|,rad,RUNNING_MPC,0.0006306234229289664
|heading error|,rad,RUNNING_MPC,0.00014582429246745576
|heading error|,rad,RUNNING_MPC,0.0006891799250028363
|heading error|,rad,RUNNING_MPC,0.001056201212086716
|heading error|,rad,RUNNING_MPC,0.0018948397009852513
|heading error|,rad,RUNNING_MPC,0.002343025909793184
|heading error|,rad,RUNNING_MPC,0.002771499962659796
|heading error|,rad,RUNNING_MPC,0.003140081457527089
|heading error|,rad,RUNNING_MPC,0.0031147775543929335
|heading error|,rad,RUNNING_MPC,0.002501117689322374
|heading error|,rad,RUNNING_MPC,0.0019655744688842347
|heading error|,rad,RUNNING_MPC,0.0013823700996358215
|heading error|,rad,RUNNING_MPC,0.00014864399874481293
|heading error|,rad,RUNNING_MPC,2.680770760932205e-08
|heading error|,rad,RUNNING_MPC,0.00012561361120155823
|heading error|,rad,RUNNING_MPC,6.778139318575072e-05
|heading error|,rad,RUNNING_MPC,0.0004984247742010338
|heading error|,rad,RUNNING_MPC,0.001900335551374699
|heading error|,rad,RUNNING_MPC,0.0018191082734291264
|heading error|,rad,RUNNING_MPC,0.0015597859277405313
|heading error|,rad,RUNNING_MPC,0.0005821371425192012
|heading error|,rad,RUNNING_MPC,0.001176729039408908
|heading error|,rad,RUNNING_MPC,0.003995536779348274
|heading error|,rad,RUNNING_MPC,0.0025807811504434675
|heading error|,rad,RUNNING_MPC,0.0017154693826535452
|heading error|,rad,RUNNING_MPC,0.0017187151037938442
|heading error|,rad,RUNNING_MPC,0.0028245897804057844
|heading error|,rad,RUNNING_MPC,0.004062114225368951
|heading error|,rad,RUNNING_MPC,0.004533773775525773
|heading error|,rad,RUNNING_MPC,0.0031653178705579603
|heading error|,rad,RUNNING_MPC,0.006400496120436915
|heading error|,rad,RUNNING_MPC,0.005866834586015557
|heading error|,rad,RUNNING_MPC,0.005668054881256879
|heading error|,rad,RUNNING_MPC,0.005184969979941556
|heading error|,rad,RUNNING_MPC,0.005597400368911654
|heading error|,rad,RUNNING_MPC,0.006557565435810542
|heading error|,rad,RUNNING_MPC,0.013986996802102247
|heading error|,rad,RUNNING_MPC,0.01873031682435755
|heading error|,rad,RUNNING_MPC,0.02424440473242173
|heading error|,rad,RUNNING_MPC,0.019114943493641068
|heading error|,rad,RUNNING_MPC,0.02154691510176399
|heading error|,rad,RUNNING_MPC,0.021104786852866212
|heading error|,rad,RUNNING_MPC,0.01235680079011603
|heading error|,rad,RUNNING_MPC,0.013823509394865763
|heading error|,rad,RUNNING_MPC,0.01858517623625389
|heading error|,rad,RUNNING_MPC,0.05134348325568494
|heading error|,rad,RUNNING_MPC,0.03887725505760198
|heading error|,rad,RUNNING_MPC,0.05433850308216684
|heading error|,rad,RUNNING_MPC,0.048050599687595064
|heading error|,rad,RUNNING_MPC,0.038366261377304145
|heading error|,rad,RUNNING_MPC,0.023763993518325144
|heading error|,rad,RUNNING_MPC,0.023979229641670763
|heading error|,rad,RUNNING_MPC,0.024477845631451167
|heading error|,rad,RUNNING_MPC,0.04106599528664301
|heading error|,rad,RUNNING_MPC,0.04032747459809105
|heading error|,rad,RUNNING_MPC,0.03851558130297006
|heading error|,rad,RUNNING_MPC,0.019226864709584124
|heading error|,rad,RUNNING_MPC,0.026499694327118295
|heading error|,rad,RUNNING_MPC,0.012470926669634341
|heading error|,rad,RUNNING_MPC,0.01571217122110058
|heading error|,rad,RUNNING_MPC,0.021805483795201752
|heading error|,rad,RUNNING_MPC,0.0037472601907353464
|heading error|,rad,RUNNING_MPC,0.009118816759121184
|heading error|,rad,RUNNING_MPC,0.013039011220749241
|heading error|,rad,RUNNING_MPC,0.009085525622551938
|heading error|,rad,RUNNING_MPC,0.0057074938557284405
|heading error|,rad,RUNNING_MPC,0.004987989821225724
|heading error|,rad,RUNNING_MPC,0.010428539595045638
|heading error|,rad,RUNNING_MPC,0.003276635845820053
|heading error|,rad,RUNNING_MPC,0.020338618864845334
|heading error|,rad,RUNNING_MPC,0.017329093638765333
|heading error|,rad,RUNNING_MPC,0.010331305357965002
|heading error|,rad,RUNNING_MPC,0.013718637182104752
|heading error|,rad,RUNNING_MPC,0.001612731920254351
|heading error|,rad,RUNNING_MPC,0.007601635756357971
|heading error|,rad,RUNNING_MPC,0.035813520888517525
|heading error|,rad,RUNNING_MPC,0.028235580513154224
|heading error|,rad,RUNNING_MPC,0.05388994445194162
|heading error|,rad,RUNNING_MPC,0.04898803181074185
|heading error|,rad,RUNNING_MPC,0.03688924420864592
|heading error|,rad,RUNNING_MPC,0.028022358567133976
|heading error|,rad,RUNNING_MPC,0.028914778748868386
|heading error|,rad,RUNNING_MPC,0.040023540994661655
|heading error|,rad,RUNNING_MPC,0.03093423099815551
|heading error|,rad,RUNNING_MPC,0.028281151325731058
|heading error|,rad,RUNNING_MPC,0.021873077808705288
|heading error|,rad,RUNNING_MPC,0.023282747067559617
|heading error|,rad,RUNNING_MPC,0.028663956200789542
|heading error|,rad,RUNNING_MPC,0.035040362798766315
|heading error|,rad,RUNNING_MPC,0.03222602997473323
|heading error|,rad,RUNNING_MPC,0.025400951711324282
|heading error|,rad,RUNNING_MPC,0.022909454542218377
|heading error|,rad,RUNNING_MPC,0.018444514949733648
|heading error|,rad,RUNNING_MPC,0.01249526561701231
|heading error|,rad,RUNNING_MPC,0.01147339871919506
|heading error|,rad,RUNNING_MPC,0.0043582093278737855
|heading error|,rad,RUNNING_MPC,0.0018776564543063756
|heading error|,rad,RUNNING_MPC,0.0002631587519459355
|heading error|,rad,RUNNING_MPC,0.005324116513779842
|heading error|,rad,RUNNING_MPC,0.0022262338812280014
|heading error|,rad,RUNNING_MPC,0.0008059437828746852
|heading error|,rad,RUNNING_MPC,0.008391636385354007
|heading error|,rad,RUNNING_MPC,0.00014648621960278163
|heading error|,rad,RUNNING_MPC,0.010601257710926903
|heading error|,rad,RUNNING_MPC,0.01270217831390008
|heading error|,rad,RUNNING_MPC,0.015421018207188998
|heading error|,rad,RUNNING_MPC,0.001031357281862988
|heading error|,rad,RUNNING_MPC,0.012022578720167765
|heading error|,rad,RUNNING_MPC,0.01728498556417568
|heading error|,rad,RUNNING_MPC,0.0095147196588512
|heading error|,rad,RUNNING_MPC,0.01710918790925353
|heading error|,rad,RUNNING_MPC,0.02484306382492374
|heading error|,rad,RUNNING_MPC,0.03222162799984618
|heading error|,rad,RUNNING_MPC,0.02439155303585716
|heading error|,rad,RUNNING_MPC,0.014248974177532679
|heading error|,rad,RUNNING_MPC,0.034382472018531285
|heading error|,rad,RUNNING_MPC,0.017986449623454526
|heading error|,rad,RUNNING_MPC,0.036506644812059896
|heading error|,rad,RUNNING_MPC,0.03555300310676435
|heading error|,rad,RUNNING_MPC,0.01501569061932262
|heading error|,rad,RUNNING_MPC,0.03326446935687244
|heading error|,rad,RUNNING_MPC,0.011230388165996086
|heading error|,rad,RUNNING_MPC,0.02710045757684476
|heading error|,rad,RUNNING_MPC,0.03405007450875175
|heading error|,rad,RUNNING_MPC,0.04101252128212617
|heading error|,rad,RUNNING_MPC,0.010227469219797225
|heading error|,rad,RUNNING_MPC,0.039681498243855806
|heading error|,rad,RUNNING_MPC,0.019761506934833136
|heading error|,rad,RUNNING_MPC,0.04047988190276364
|heading error|,rad,RUNNING_MPC,0.04073319966109512
|heading error|,rad,RUNNING_MPC,0.019378915846649747
|heading error|,rad,RUNNING_MPC,0.006075804101600912
|heading error|,rad,RUNNING_MPC,0.027741969556521532
|heading error|,rad,RUNNING_MPC,0.017704539871006977
|heading error|,rad,RUNNING_MPC,0.0375951459034356
|heading error|,rad,RUNNING_MPC,0.02792873846363175
|heading error|,rad,RUNNING_MPC,0.0384474427382866
|heading error|,rad,RUNNING_MPC,0.01937529790458692
|heading error|,rad,RUNNING_MPC,0.03960398885812345
|heading error|,rad,RUNNING_MPC,0.04042789961703308
|heading error|,rad,RUNNING_MPC,0.022304439615353555
|heading error|,rad,RUNNING_MPC,0.024845414790718223
|heading error|,rad,RUNNING_MPC,0.05020554598498839
|heading error|,rad,RUNNING_MPC,0.043108158487815906
|heading error|,rad,RUNNING_MPC,0.03952569756776204
|heading error|,rad,RUNNING_MPC,0.021814529619478495
|heading error|,rad,RUNNING_MPC,0.047251154917912874
|heading error|,rad,RUNNING_MPC,0.03264396567308081
|heading error|,rad,RUNNING_MPC,0.03300837977794391
|heading error|,rad,RUNNING_MPC,0.014455357513087908
|heading error|,rad,RUNNING_MPC,0.014359924019465174
|heading error|,rad,RUNNING_MPC,0.033231724395935025
|heading error|,rad,RUNNING_MPC,0.014523878612082706
|heading error|,rad,RUNNING_MPC,0.03392670789977048
|heading error|,rad,RUNNING_MPC,0.01836879195672081
|heading error|,rad,RUNNING_MPC,0.02209865682685619
|heading error|,rad,RUNNING_MPC,0.04681660229702156
|heading error|,rad,RUNNING_MPC,0.014622124938669991
|heading error|,rad,RUNNING_MPC,0.028846635302074652
|heading error|,rad,RUNNING_MPC,0.021103927467645667
|heading error|,rad,RUNNING_MPC,0.04401928521418408
|heading error|,rad,RUNNING_MPC,0.030311274257287746
|heading error|,rad,RUNNING_MPC,0.03335080634144694
|heading error|,rad,RUNNING_MPC,0.035822267911604484
|heading error|,rad,RUNNING_MPC,0.04617900009078957
|heading error|,rad,RUNNING_MPC,0.03229839408078328
|heading error|,rad,RUNNING_MPC,0.042443907793000564
|heading error|,rad,RUNNING_MPC,0.028956991412878445
|heading error|,rad,RUNNING_MPC,0.018630719649774585
|heading error|,rad,RUNNING_MPC,0.035941121816135624
|heading error|,rad,RUNNING_MPC,0.02249841692819454
|heading error|,rad,RUNNING_MPC,0.0337990317174921
|heading error|,rad,RUNNING_MPC,0.037647361304562255
|heading error|,rad,RUNNING_MPC,0.027525793533573092
|heading error|,rad,RUNNING_MPC,0.030786454950853637
|heading error|,rad,RUNNING_MPC,0.02270842491569902
|heading error|,rad,RUNNING_MPC,0.02062444063029889
|heading error|,rad,RUNNING_MPC,0.02813500931822288
|heading error|,rad,RUNNING_MPC,0.019006575878276255
|heading error|,rad,RUNNING_MPC,0.025259972827190058
|heading error|,rad,RUNNING_MPC,0.01979552341923574
|heading error|,rad,RUNNING_MPC,0.015860521831055685
|heading error|,rad,RUNNING_MPC,0.01251300466850336
|heading error|,rad,RUNNING_MPC,0.01368414124993822
|heading error|,rad,RUNNING_MPC,0.010527661408029187
|heading error|,rad,RUNNING_MPC,0.012105672788467858
|heading error|,rad,RUNNING_MPC,0.011310388827965312
|heading error|,rad,RUNNING_MPC,0.010584613340568039
|heading error|,rad,RUNNING_MPC,0.006851361364034415
|heading error|,rad,RUNNING_MPC,0.004456284703541424
|heading error|,rad,RUNNING_MPC,0.0026121557835241394
|heading error|,rad,RUNNING_MPC,0.001721659384090746
|heading error|,rad,RUNNING_MPC,0.0011906457348884736
|heading error|,rad,RUNNING_MPC,0.0004655032354361488
|heading error|,rad,RUNNING_MPC,8.772776415266748e-05
|heading error|,rad,RUNNING_MPC,0.0009159177755853065
|heading error|,rad,RUNNING_MPC,0.0008646662049491827
|heading error|,rad,RUNNING_MPC,0.0032093373300250416
|heading error|,rad,RUNNING_MPC,0.0026580214090898835
|heading error|,rad,RUNNING_MPC,0.0033967252163167316
|heading error|,rad,RUNNING_MPC,0.0041773349698071005
|heading error|,rad,RUNNING_MPC,0.0034440316978185948
|heading error|,rad,RUNNING_MPC,0.002641375326628559
|heading error|,rad,RUNNING_MPC,0.005331677528464418
|heading error|,rad,RUNNING_MPC,0.006728107821418083
|heading error|,rad,RUNNING_MPC,0.008293773224488321
|heading error|,rad,RUNNING_MPC,0.007910325409661743
|heading error|,rad,RUNNING_MPC,0.007474139512329447
|heading error|,rad,RUNNING_MPC,0.01133069576616319
|heading error|,rad,RUNNING_MPC,0.011010122003708989
|heading error|,rad,RUNNING_MPC,0.01253990247489267
|heading error|,rad,RUNNING_MPC,0.014224448531173106
|heading error|,rad,RUNNING_MPC,0.011369622463220264
|heading error|,rad,RUNNING_MPC,0.008977457763388763
|heading error|,rad,RUNNING_MPC,0.009952889627527162
|heading error|,rad,RUNNING_MPC,0.010637928872953784
|heading error|,rad,RUNNING_MPC,0.008720011942469297
|heading error|,rad,RUNNING_MPC,0.012094633876921002
|heading error|,rad,RUNNING_MPC,0.010804955928836566
|heading error|,rad,RUNNING_MPC,0.009283661143701383
|heading error|,rad,RUNNING_MPC,0.011784685635845449
|heading error|,rad,RUNNING_MPC,0.012069368211364728
|heading error|,rad,RUNNING_MPC,0.01325285867542092
|heading error|,rad,RUNNING_MPC,0.012178124808019053
|heading error|,rad,RUNNING_MPC,0.014513114545516514
|heading error|,rad,RUNNING_MPC,0.01365049225779058
|heading error|,rad,RUNNING_MPC,0.019145907754951286
|heading error|,rad,RUNNING_MPC,0.01713150992940038
|heading error|,rad,RUNNING_MPC,0.01195039490797223
|heading error|,rad,RUNNING_MPC,0.012730922973791192
|heading error|,rad,RUNNING_MPC,0.01503762849034218
|heading error|,rad,RUNNING_MPC,0.018827595756386706
|heading error|,rad,RUNNING_MPC,0.01750652655620233
|heading error|,rad,RUNNING_MPC,0.018828452203844437
|heading error|,rad,RUNNING_MPC,0.020547086426437544
|heading error|,rad,RUNNING_MPC,0.019557045001443174
|heading error|,rad,RUNNING_MPC,0.02457811448791114
|heading error|,rad,RUNNING_MPC,0.02050460365359763
|heading error|,rad,RUNNING_MPC,0.02136229524477573
|heading error|,rad,RUNNING_MPC,0.017773211001885558
|heading error|,rad,RUNNING_MPC,0.01824530278696601
|heading error|,rad,RUNNING_MPC,0.015547827768760734
|heading error|,rad,RUNNING_MPC,0.01861909848196919
|heading error|,rad,RUNNING_MPC,0.02040151045153765
|heading error|,rad,RUNNING_MPC,0.02329971529220526
|heading error|,rad,RUNNING_MPC,0.02620315773972331
|heading error|,rad,RUNNING_MPC,0.024801819487700993
|heading error|,rad,RUNNING_MPC,0.026813347139070076
|heading error|,rad,RUNNING_MPC,0.02890719306661288
|heading error|,rad,RUNNING_MPC,0.025448059563974668
|heading error|,rad,RUNNING_MPC,0.021662787896809865
|heading error|,rad,RUNNING_MPC,0.020215537345372736
|heading error|,rad,RUNNING_MPC,0.02064205510808087
|heading error|,rad,RUNNING_MPC,0.01720302573990279
|heading error|,rad,RUNNING_MPC,0.020818983873319097
|heading error|,rad,RUNNING_MPC,0.016857044960289946
|heading error|,rad,RUNNING_MPC,0.016503350221484636
|heading error|,rad,RUNNING_MPC,0.014123069688073642
|heading error|,rad,RUNNING_MPC,0.013592453569137741
|heading error|,rad,RUNNING_MPC,0.019120695533576874
|heading error|,rad,RUNNING_MPC,0.018321814956928834
|heading error|,rad,RUNNING_MPC,0.016718545897142056
|heading error|,rad,RUNNING_MPC,0.018788354696351678
|heading error|,rad,RUNNING_MPC,0.01484750585252237
|heading error|,rad,RUNNING_MPC,0.01537939377240169
|heading error|,rad,RUNNING_MPC,0.015708194918853197
|heading error|,rad,RUNNING_MPC,0.011857551342187578
|heading error|,rad,RUNNING_MPC,0.009335078032719185
|heading error|,rad,RUNNING_MPC,0.010826685610879017
|heading error|,rad,RUNNING_MPC,0.007391834334754516
|heading error|,rad,RUNNING_MPC,0.009361897439339184
|heading error|,rad,RUNNING_MPC,0.007939285126656037
|heading error|,rad,RUNNING_MPC,0.008214069457612994
|heading error|,rad,RUNNING_MPC,0.0075619152497381215
|heading error|,rad,RUNNING_MPC,0.007118978171817197
|heading error|,rad,RUNNING_MPC,0.009091587357100084
|heading error|,rad,RUNNING_MPC,0.008092221984184134
|heading error|,rad,RUNNING_MPC,0.006912974994854826
|heading error|,rad,RUNNING_MPC,0.006905505070122553
|heading error|,rad,RUNNING_MPC,0.006750603615211292
|heading error|,rad,RUNNING_MPC,0.004581138656126554
|heading error|,rad,RUNNING_MPC,0.0045953444717353464
|heading error|,rad,RUNNING_MPC,0.0033763983911609674
|heading error|,rad,RUNNING_MPC,0.0031675319947629538
|heading error|,rad,RUNNING_MPC,0.0021161846197315093
|heading error|,rad,RUNNING_MPC,0.002236453858668136
|heading error|,rad,RUNNING_MPC,0.0023299638094788355
|heading error|,rad,RUNNING_MPC,0.0025557230371406336
|heading error|,rad,RUNNING_MPC,0.002624763273853664
|heading error|,rad,RUNNING_MPC,0.0026351305506302214
|heading error|,rad,RUNNING_MPC,0.0025090829218505782
|heading error|,rad,RUNNING_MPC,0.0023870018215465115
|heading error|,rad,RUNNING_MPC,0.002088674204785465
|heading error|,rad,RUNNING_MPC,0.001705225433142013
|heading error|,rad,RUNNING_MPC,0.001142173111978423
|heading error|,rad,RUNNING_MPC,0.0006311116898414376
|heading error|,rad,RUNNING_MPC,9.613301620403636e-05
|heading error|,rad,RUNNING_MPC,0.00037235593144123447
|heading error|,rad,RUNNING_MPC,0.0007397202051013519
|heading error|,rad,RUNNING_MPC,0.0008527887156233455
|heading error|,rad,RUNNING_MPC,0.0008362066850075844
|heading error|,rad,RUNNING_MPC,0.0006744071904625505
|heading error|,rad,RUNNING_MPC,0.00019561731238201818
|heading error|,rad,RUNNING_MPC,0.0003068318538245324
|heading error|,rad,RUNNING_MPC,0.0008088968254814088
|heading error|,rad,RUNNING_MPC,0.0010381180411991042
|heading error|,rad,RUNNING_MPC,0.0018213445258744992
|heading error|,rad,RUNNING_MPC,0.0021377009930184238
|heading error|,rad,RUNNING_MPC,0.0023504675824529697
|heading error|,rad,RUNNING_MPC,0.002300869958938731
|heading error|,rad,RUNNING_MPC,0.0021905478434505327
|heading error|,rad,RUNNING_MPC,0.0018526611814096289
|heading error|,rad,RUNNING_MPC,0.001421862384614045
|heading error|,rad,RUNNING_MPC,0.0009576894852654783
|heading error|,rad,RUNNING_MPC,0.0006563882211020194
|heading error|,rad,RUNNING_MPC,0.00023841520045411735
|heading error|,rad,RUNNING_MPC,8.651118243740985e-05
|heading error|,rad,RUNNING_MPC,0.00014990273875968574
|heading error|,rad,RUNNING_MPC,0.00044594603930082905
|heading error|,rad,RUNNING_MPC,0.00023988218009025897
|heading error|,rad,RUNNING_MPC,0.00031745064479325735
|heading error|,rad,RUNNING_MPC,0.0008647356894277564
|heading error|,rad,RUNNING_MPC,0.0013755606065060239
|heading error|,rad,RUNNING_MPC,0.0020626985686406363
|heading error|,rad,RUNNING_MPC,0.0023889888411605252
|heading error|,rad,RUNNING_MPC,0.0025312736428250854
|heading error|,rad,RUNNING_MPC,0.0024806148706851827
|heading error|,rad,RUNNING_MPC,0.0024109634297767024
|heading error|,rad,RUNNING_MPC,0.0020415362682900118
|heading error|,rad,RUNNING_MPC,0.0015664172167534351
|heading error|,rad,RUNNING_MPC,0.0011871305850064129
|heading error|,rad,RUNNING_MPC,0.0006120549857277501
|heading error|,rad,RUNNING_MPC,0.00012850302895685284
|heading error|,rad,RUNNING_MPC,6.198335994408999e-05
|heading error|,rad,RUNNING_MPC,0.0002364469657774454
|heading error|,rad,RUNNING_MPC,5.9297933149182747e-05
|heading error|,rad,RUNNING_MPC,0.00032823057602189565
|heading error|,rad,RUNNING_MPC,0.0007302059734031335
|heading error|,rad,RUNNING_MPC,0.0014073881059265545
|heading error|,rad,RUNNING_MPC,0.0018424662439388423
|heading error|,rad,RUNNING_MPC,0.0020283330760956925
|heading error|,rad,RUNNING_MPC,0.002601012448101167
|heading error|,rad,RUNNING_MPC,0.0026530792196703123
|heading error|,rad,RUNNING_MPC,0.0026850556381212
|heading error|,rad,RUNNING_MPC,0.0023803039849080304
|heading error|,rad,RUNNING_MPC,0.0018262659122524475
|heading error|,rad,RUNNING_MPC,0.0011462628177594247
|heading error|,rad,RUNNING_MPC,0.0007488834870735263
|heading error|,rad,RUNNING_MPC,9.696338380220382e-05
|heading error|,rad,RUNNING_MPC,0.00013935957099246723
|heading error|,rad,RUNNING_MPC,0.0004773808470506236
|heading error|,rad,RUNNING_MPC,0.00032328946220820665
|heading error|,rad,RUNNING_MPC,0.00012149170661643338
|heading error|,rad,RUNNING_MPC,0.000258278311038751
|heading error|,rad,RUNNING_MPC,0.0007080165463133892
|heading error|,rad,RUNNING_MPC,0.00144704949274356
|heading error|,rad,RUNNING_MPC,0.0019356693943649028
|heading error|,rad,RUNNING_MPC,0.0023712450344684777
|heading error|,rad,RUNNING_MPC,0.002645817610620299
|heading error|,rad,RUNNING_MPC,0.002800248655725812
|heading error|,rad,RUNNING_MPC,0.0025601606794648096
|heading error|,rad,RUNNING_MPC,0.002012709481278463
|heading error|,rad,RUNNING_MPC,0.0013513821681988003
|heading error|,rad,RUNNING_MPC,0.0011172929277746546
|heading error|,rad,RUNNING_MPC,0.00037529620427836913
|heading error|,rad,RUNNING_MPC,0.00027906010037018203
|heading error|,rad,RUNNING_MPC,0.00026791576760998304
|heading error|,rad,RUNNING_MPC,0.0016451448285039194
|heading error|,rad,RUNNING_MPC,0.0033069108282976073
|heading error|,rad,RUNNING_MPC,0.001327012149089993
|heading error|,rad,RUNNING_MPC,0.00017933468572368938
|heading error|,rad,RUNNING_MPC,0.0012141904594018815
|heading error|,rad,RUNNING_MPC,0.0025271275245033614
|heading error|,rad,RUNNING_MPC,0.004084334998481882
|heading error|,rad,RUNNING_MPC,0.0029083029660874893
|heading error|,rad,RUNNING_MPC,0.00773355782361855
|heading error|,rad,RUNNING_MPC,0.004844992285099239
|heading error|,rad,RUNNING_MPC,0.009037647145742672
|heading error|,rad,RUNNING_MPC,0.013417060957796094
|heading error|,rad,RUNNING_MPC,0.008741367323563412
|heading error|,rad,RUNNING_MPC,0.016540176904423862
|heading error|,rad,RUNNING_MPC,0.00956714873001304
|heading error|,rad,RUNNING_MPC,0.013591183770417799
|heading error|,rad,RUNNING_MPC,0.01816161571707199
|heading error|,rad,RUNNING_MPC,0.010982053579819545
|heading error|,rad,RUNNING_MPC,0.015742699846038558
|heading error|,rad,RUNNING_MPC,0.020694665325856468
|heading error|,rad,RUNNING_MPC,0.012534117296235325
|heading error|,rad,RUNNING_MPC,0.017811338758865924
|heading error|,rad,RUNNING_MPC,0.02334567086026798
|heading error|,rad,RUNNING_MPC,0.01386128881587348
|heading error|,rad,RUNNING_MPC,0.020623020171262968
|heading error|,rad,RUNNING_MPC,0.01059137468464344
|heading error|,rad,RUNNING_MPC,0.012512040580952288
|heading error|,rad,RUNNING_MPC,0.015850600496527978
|heading error|,rad,RUNNING_MPC,0.023061994712295305
|heading error|,rad,RUNNING_MPC,0.011634826325144287
|heading error|,rad,RUNNING_MPC,0.022763688701654516
|heading error|,rad,RUNNING_MPC,0.03366419399479742
|heading error|,rad,RUNNING_MPC,0.02104238027654798
|heading error|,rad,RUNNING_MPC,0.030517567559296466
|heading error|,rad,RUNNING_MPC,0.024109598269143162
|heading error|,rad,RUNNING_MPC,0.03328347202114301
|heading error|,rad,RUNNING_MPC,0.02225330968284367
|heading error|,rad,RUNNING_MPC,0.03185195539266927
|heading error|,rad,RUNNING_MPC,0.033771986736909176
|heading error|,rad,RUNNING_MPC,0.04553952187434984
|heading error|,rad,RUNNING_MPC,0.03448020383356876
|heading error|,rad,RUNNING_MPC,0.049203902341512507
|heading error|,rad,RUNNING_MPC,0.044532925700704995
|heading error|,rad,RUNNING_MPC,0.04600548637146318
|heading error|,rad,RUNNING_MPC,0.040070198901677734
|heading error|,rad,RUNNING_MPC,0.03560359460561913
|heading error|,rad,RUNNING_MPC,0.040943825272243606
|heading error|,rad,RUNNING_MPC,0.03511916091721212
|heading error|,rad,RUNNING_MPC,0.03259818237586842
|heading error|,rad,RUNNING_MPC,0.02555304433955297
|heading error|,rad,RUNNING_MPC,0.024829954573013735
|heading error|,rad,RUNNING_MPC,0.032121456590843867
|heading error|,rad,RUNNING_MPC,0.023514892795468034
|heading error|,rad,RUNNING_MPC,0.025056413271961727
|heading error|,rad,RUNNING_MPC,0.03271450072694804
|heading error|,rad,RUNNING_MPC,0.025107714912486312
|heading error|,rad,RUNNING_MPC,0.027832462759864285
|heading error|,rad,RUNNING_MPC,0.031271755518694766
|heading error|,rad,RUNNING_MPC,0.03585709264664127
|heading error|,rad,RUNNING_MPC,0.027754212912516344
|heading error|,rad,RUNNING_MPC,0.026137010130673488
|heading error|,rad,RUNNING_MPC,0.023110022191695778
|heading error|,rad,RUNNING_MPC,0.01916233757810404
|heading error|,rad,RUNNING_MPC,0.015290256765800425
|heading error|,rad,RUNNING_MPC,0.01078008449611323
|heading error|,rad,RUNNING_MPC,0.009982715656626562
|heading error|,rad,RUNNING_MPC,0.005800913375104466
|heading error|,rad,RUNNING_MPC,0.00334403549950002
|heading error|,rad,RUNNING_MPC,0.001391202867390362
|heading error|,rad,RUNNING_MPC,0.006168585038990759
|heading error|,rad,RUNNING_MPC,0.008472730691847064
|heading error|,rad,RUNNING_MPC,0.009871383826848046
|heading error|,rad,RUNNING_MPC,0.013467913816244126
|heading error|,rad,RUNNING_MPC,0.0122144943544642
|heading error|,rad,RUNNING_MPC,0.013657992850424128
|heading error|,rad,RUNNING_MPC,0.011468683063222018
|heading error|,rad,RUNNING_MPC,0.010140544305079935
|heading error|,rad,RUNNING_MPC,0.006337236146310543
|heading error|,rad,RUNNING_MPC,0.004546105841696457
|heading error|,rad,RUNNING_MPC,0.0032674740712079764
|heading error|,rad,RUNNING_MPC,0.0025002082026255312
|heading error|,rad,RUNNING_MPC,0.0025362880622408213
|heading error|,rad,RUNNING_MPC,0.0033497857993067814
|heading error|,rad,RUNNING_MPC,0.003267053920152696
|heading error|,rad,RUNNING_MPC,0.0033995018369330494
|heading error|,rad,RUNNING_MPC,0.005592029699446943
|heading error|,rad,RUNNING_MPC,0.005914100035273151
|heading error|,rad,RUNNING_MPC,0.006732971015390055
|heading error|,rad,RUNNING_MPC,0.005437441602861304
|heading error|,rad,RUNNING_MPC,0.005105670213490843
|heading error|,rad,RUNNING_MPC,0.0038983188558399102
|heading error|,rad,RUNNING_MPC,0.0035754280408752948
|heading error|,rad,RUNNING_MPC,0.003385781982723657
|heading error|,rad,RUNNING_MPC,0.003327195900287183
|heading error|,rad,RUNNING_MPC,0.003755772552970882
|heading error|,rad,RUNNING_MPC,0.003981173911170588
|heading error|,rad,RUNNING_MPC,0.0033620378850465205
|heading error|,rad,RUNNING_MPC,0.004041463674570256
|heading error|,rad,RUNNING_MPC,0.0046845517860019115
|heading error|,rad,RUNNING_MPC,0.005284231201058365
|heading error|,rad,RUNNING_MPC,0.005077500936589763
|heading error|,rad,RUNNING_MPC,0.005624850217399224
|heading error|,rad,RUNNING_MPC,0.00408770001623604
|heading error|,rad,RUNNING_MPC,0.004845534096731052
|heading error|,rad,RUNNING_MPC,0.006066465782091246
|heading error|,rad,RUNNING_MPC,0.0056179801128675155
|heading error|,rad,RUNNING_MPC,0.004839752963272437
|heading error|,rad,RUNNING_MPC,0.005119109168055136
|heading error|,rad,RUNNING_MPC,0.003604373503230729
|heading error|,rad,RUNNING_MPC,0.002237110758322558
|heading error|,rad,RUNNING_MPC,0.0028479021549945305
|heading error|,rad,RUNNING_MPC,0.002312332070921297
|heading error|,rad,RUNNING_MPC,0.0017881040146128233
|heading error|,rad,RUNNING_MPC,0.0025635003670820833
|heading error|,rad,RUNNING_MPC,0.00405947667705342
|heading error|,rad,RUNNING_MPC,0.00492069423433894
|heading error|,rad,RUNNING_MPC,0.005296359531110184
|heading error|,rad,RUNNING_MPC,0.005311836931908508
|heading error|,rad,RUNNING_MPC,0.004375640987811512
|heading error|,rad,RUNNING_MPC,0.004364433951215219
|heading error|,rad,RUNNING_MPC,0.0038004945751797248
|heading error|,rad,RUNNING_MPC,0.003204104536706387
|heading error|,rad,RUNNING_MPC,0.0026856518629805315
|heading error|,rad,RUNNING_MPC,0.0019932015148789173
|heading error|,rad,RUNNING_MPC,0.0017008978653689777
|heading error|,rad,RUNNING_MPC,0.0016086075135501865
|heading error|,rad,RUNNING_MPC,0.0010750868149935755
|heading error|,rad,RUNNING_MPC,0.001364457672697439
|heading error|,rad,RUNNING_MPC,0.001969021239190294
|heading error|,rad,RUNNING_MPC,0.00224447768681868
|heading error|,rad,RUNNING_MPC,0.002012062408194293
|heading error|,rad,RUNNING_MPC,0.0021887494855508116
|heading error|,rad,RUNNING_MPC,0.002303225378350815
|heading error|,rad,RUNNING_MPC,0.0022731183407649347
|heading error|,rad,RUNNING_MPC,0.0019431332668884414
|heading error|,rad,RUNNING_MPC,0.0020034141752072188
|heading error|,rad,RUNNING_MPC,0.001534146463723074
|heading error|,rad,RUNNING_MPC,0.001328511141611477
|heading error|,rad,RUNNING_MPC,0.000860276223913159
|heading error|,rad,RUNNING_MPC,0.0007469529960402177
|heading error|,rad,RUNNING_MPC,0.000182512334284457
|heading error|,rad,RUNNING_MPC,0.000424185947205391
|heading error|,rad,RUNNING_MPC,0.0005925349214890296
|heading error|,rad,RUNNING_MPC,6.681561830723659e-05
|heading error|,rad,RUNNING_MPC,0.00031702366567132323
|heading error|,rad,RUNNING_MPC,0.0009438156341547989
|heading error|,rad,RUNNING_MPC,0.0003080097754939448
|heading error|,rad,RUNNING_MPC,0.0007736077837701139
|heading error|,rad,RUNNING_MPC,0.0019639050057775886
|heading error|,rad,RUNNING_MPC,0.0018510335087322807
|heading error|,rad,RUNNING_MPC,0.003566736407265791
|heading error|,rad,RUNNING_MPC,0.005401496602399192
|heading error|,rad,RUNNING_MPC,0.005220824164325011
|heading error|,rad,RUNNING_MPC,0.006738573570516548
|heading error|,rad,RUNNING_MPC,0.007891405614315117
|heading error|,rad,RUNNING_MPC,0.00659193992203777
|heading error|,rad,RUNNING_MPC,0.005162688225633483
|heading error|,rad,RUNNING_MPC,0.009139332428341751
|heading error|,rad,RUNNING_MPC,0.011370954408767231
|heading error|,rad,RUNNING_MPC,0.009036345119133538
|heading error|,rad,RUNNING_MPC,0.010319737061327716
|heading error|,rad,RUNNING_MPC,0.00898961228640971
|heading error|,rad,RUNNING_MPC,0.014916608049470037
|heading error|,rad,RUNNING_MPC,0.012327160274895999
|heading error|,rad,RUNNING_MPC,0.01155089539639387
|heading error|,rad,RUNNING_MPC,0.01291086121130025
|heading error|,rad,RUNNING_MPC,0.011159797894580548
|heading error|,rad,RUNNING_MPC,0.01741372799967822
|heading error|,rad,RUNNING_MPC,0.021664147679113066
|heading error|,rad,RUNNING_MPC,0.02343644526857513
|heading error|,rad,RUNNING_MPC,0.024683175398090288
|heading error|,rad,RUNNING_MPC,0.02967806843606069
|heading error|,rad,RUNNING_MPC,0.032783709776034176
|heading error|,rad,RUNNING_MPC,0.036296147035579374
|heading error|,rad,RUNNING_MPC,0.0327593521250622
|heading error|,rad,RUNNING_MPC,0.02602849813625019
|heading error|,rad,RUNNING_MPC,0.02221193047469927
|heading error|,rad,RUNNING_MPC,0.015888833405459657
|heading error|,rad,RUNNING_MPC,0.012133465053535852
|heading error|,rad,RUNNING_MPC,0.007719700691855014
|heading error|,rad,RUNNING_MPC,0.0036880952351341367
|heading error|,rad,RUNNING_MPC,0.0014150181201861844
|heading error|,rad,RUNNING_MPC,0.0012269284463120034
|heading error|,rad,RUNNING_MPC,0.0037942683854672588
|heading error|,rad,RUNNING_MPC,0.00689205616111388
|heading error|,rad,RUNNING_MPC,0.007345710176431818
|heading error|,rad,RUNNING_MPC,0.013378293987242884
|heading error|,rad,RUNNING_MPC,0.007347910216792153
|heading error|,rad,RUNNING_MPC,0.014829577143093742
|heading error|,rad,RUNNING_MPC,0.012655791286013239
|heading error|,rad,RUNNING_MPC,0.013557840118414877
|heading error|,rad,RUNNING_MPC,0.006800155415950915
|heading error|,rad,RUNNING_MPC,0.014643333925391964
|heading error|,rad,RUNNING_MPC,0.017369720976459613
|heading error|,rad,RUNNING_MPC,0.02334903509506958
|heading error|,rad,RUNNING_MPC,0.022026171427055537
|heading error|,rad,RUNNING_MPC,0.024376838670661538
|heading error|,rad,RUNNING_MPC,0.030188421799233197
|heading error|,rad,RUNNING_MPC,0.03006829889679885
|heading error|,rad,RUNNING_MPC,0.02784030725353825
|heading error|,rad,RUNNING_MPC,0.03911451078106776
|heading error|,rad,RUNNING_MPC,0.051270568090631574
|heading error|,rad,RUNNING_MPC,0.05090617886714055
|heading error|,rad,RUNNING_MPC,0.041884763110848766
|heading error|,rad,RUNNING_MPC,0.04358222149365276
|heading error|,rad,RUNNING_MPC,0.037747687898076254
|heading error|,rad,RUNNING_MPC,0.046844380391514395
|heading error|,rad,RUNNING_MPC,0.03615460393393932
|heading error|,rad,RUNNING_MPC,0.0302973276094467
|heading error|,rad,RUNNING_MPC,0.02900327766190802
|heading error|,rad,RUNNING_MPC,0.026085961454132445
|heading error|,rad,RUNNING_MPC,0.021428438660146654
|heading error|,rad,RUNNING_MPC,0.02058818787144623
|heading error|,rad,RUNNING_MPC,0.019375072176748498
|heading error|,rad,RUNNING_MPC,0.015065883993935714
|heading error|,rad,RUNNING_MPC,0.015525324437370314
|heading error|,rad,RUNNING_MPC,0.013614298741001065
|heading error|,rad,RUNNING_MPC,0.016602786530287128
|heading error|,rad,RUNNING_MPC,0.015882245225231406
|heading error|,rad,RUNNING_MPC,0.01219855276907622
|heading error|,rad,RUNNING_MPC,0.007698375518077061
|heading error|,rad,RUNNING_MPC,0.0048671162473632465
|heading error|,rad,RUNNING_MPC,0.0006224652959967436
|heading error|,rad,RUNNING_MPC,0.0015170640079733564
|heading error|,rad,RUNNING_MPC,0.0036980867453149102
|heading error|,rad,RUNNING_MPC,0.00893054065592547
|heading error|,rad,RUNNING_MPC,0.011430771687206409
|heading error|,rad,RUNNING_MPC,0.012582559150496886
|heading error|,rad,RUNNING_MPC,0.006077406057835688
|heading error|,rad,RUNNING_MPC,0.014180073674401772
|heading error|,rad,RUNNING_MPC,0.005367991350356371
|heading error|,rad,RUNNING_MPC,0.017749794767025984
|heading error|,rad,RUNNING_MPC,0.012442337982731644
|heading error|,rad,RUNNING_MPC,0.019819713648520088
|heading error|,rad,RUNNING_MPC,0.022976963020613583
|heading error|,rad,RUNNING_MPC,0.028181484888523345
|heading error|,rad,RUNNING_MPC,0.016136833158902242
|heading error|,rad,RUNNING_MPC,0.018550657381803504
|heading error|,rad,RUNNING_MPC,0.011708853195895319
|heading error|,rad,RUNNING_MPC,0.011857535331299296
|heading error|,rad,RUNNING_MPC,0.012773180507371638
|heading error|,rad,RUNNING_MPC,0.014377814085674068
|heading error|,rad,RUNNING_MPC,0.017020231232824035
|heading error|,rad,RUNNING_MPC,0.0125841650864158
|heading error|,rad,RUNNING_MPC,0.0025676453428511432
|heading error|,rad,RUNNING_MPC,0.00834208801809111
|heading error|,rad,RUNNING_MPC,0.007166834205907913
|heading error|,rad,RUNNING_MPC,0.006220426508520616
|heading error|,rad,RUNNING_MPC,0.0026615214992642407
|heading error|,rad,RUNNING_MPC,0.02006630050924274
|heading error|,rad,RUNNING_MPC,0.026600960327565204
|heading error|,rad,RUNNING_MPC,0.0641658338577189
|heading error|,rad,RUNNING_MPC,0.07322177753568848
|heading error|,rad,RUNNING_MPC,0.07422227249013824
|heading error|,rad,RUNNING_MPC,0.07475171395659096
|heading error|,rad,RUNNING_MPC,0.0798914749488917
|heading error|,rad,RUNNING_MPC,0.062133872407915236
|heading error|,rad,RUNNING_MPC,0.05511368803518979
|heading error|,rad,RUNNING_MPC,0.04443189956344806
|heading error|,rad,RUNNING_MPC,0.014799141678815799
|heading error|,rad,RUNNING_MPC,0.006601551810214712
|heading error|,rad,RUNNING_MPC,0.0007453536112019821
|heading error|,rad,RUNNING_MPC,0.005345419957666908
|heading error|,rad,RUNNING_MPC,0.010549767899359797
|heading error|,rad,RUNNING_MPC,0.010997584310935338
|heading error|,rad,RUNNING_MPC,0.010945960142529132
|heading error|,rad,RUNNING_MPC,0.008668233740060205
|heading error|,rad,RUNNING_MPC,0.004963212294872399
|heading error|,rad,RUNNING_MPC,0.00568410234907235
|heading error|,rad,RUNNING_MPC,0.0017714270419000309
|heading error|,rad,RUNNING_MPC,0.00033896489420981446
|heading error|,rad,RUNNING_MPC,0.0013273215575761999
|heading error|,rad,RUNNING_MPC,0.002875109156012634
|heading error|,rad,RUNNING_MPC,0.0016187954465722854
|heading error|,rad,RUNNING_MPC,0.010209240190092173
|heading error|,rad,RUNNING_MPC,0.017385064599581
|heading error|,rad,RUNNING_MPC,0.01133884509787264
|heading error|,rad,RUNNING_MPC,0.008992358468367545
|heading error|,rad,RUNNING_MPC,0.015182076714262527
|heading error|,rad,RUNNING_MPC,0.02205820817854942
|heading error|,rad,RUNNING_MPC,0.013787033090059797
|heading error|,rad,RUNNING_MPC,0.025607562312969456
|heading error|,rad,RUNNING_MPC,0.02241616241909794
|heading error|,rad,RUNNING_MPC,0.04200031778601154
|heading error|,rad,RUNNING_MPC,0.05307809553468767
|heading error|,rad,RUNNING_MPC,0.04448204094788366
|heading error|,rad,RUNNING_MPC,0.05621853563595059
|heading error|,rad,RUNNING_MPC,0.03943473365919248
|heading error|,rad,RUNNING_MPC,0.04148214956670504
|heading error|,rad,RUNNING_MPC,0.042351113860952916
|heading error|,rad,RUNNING_MPC,0.03374965858190371
|heading error|,rad,RUNNING_MPC,0.03783937980167296
|heading error|,rad,RUNNING_MPC,0.022327408036589835
|heading error|,rad,RUNNING_MPC,0.028622364772373787
|heading error|,rad,RUNNING_MPC,0.026426633585895587
|heading error|,rad,RUNNING_MPC,0.017421041456169517
|heading error|,rad,RUNNING_MPC,0.026373115939181346
|heading error|,rad,RUNNING_MPC,0.043565864187231185
|heading error|,rad,RUNNING_MPC,0.03238512084767309
|heading error|,rad,RUNNING_MPC,0.04162915596443861
|heading error|,rad,RUNNING_MPC,0.04284280482752045
|heading error|,rad,RUNNING_MPC,0.03588131974615827
|heading error|,rad,RUNNING_MPC,0.036558653479209724
|heading error|,rad,RUNNING_MPC,0.03639029369970048
|heading error|,rad,RUNNING_MPC,0.048469282045394475
|heading error|,rad,RUNNING_MPC,0.037433073300292996
|heading error|,rad,RUNNING_MPC,0.026143260457164978
|heading error|,rad,RUNNING_MPC,0.02294943726074594
|heading error|,rad,RUNNING_MPC,0.01703517571950508
|heading error|,rad,RUNNING_MPC,0.024239525328506595
|heading error|,rad,RUNNING_MPC,0.02007640820037704
|heading error|,rad,RUNNING_MPC,0.011556006264644479
|heading error|,rad,RUNNING_MPC,0.014860096487447459
|heading error|,rad,RUNNING_MPC,0.022096739771674034
|heading error|,rad,RUNNING_MPC,0.02712658106913679
|heading error|,rad,RUNNING_MPC,0.023899364273822776
|heading error|,rad,RUNNING_MPC,0.025342053456612668
|heading error|,rad,RUNNING_MPC,0.024795474272742087
|heading error|,rad,RUNNING_MPC,0.015412328765942007
|heading error|,rad,RUNNING_MPC,0.01205994329359017
|heading error|,rad,RUNNING_MPC,0.012928603910734804
|heading error|,rad,RUNNING_MPC,0.008721612065653694
|heading error|,rad,RUNNING_MPC,0.008415416020700839
|heading error|,rad,RUNNING_MPC,0.005659229135267285
|heading error|,rad,RUNNING_MPC,0.004087075495986969
|heading error|,rad,RUNNING_MPC,0.0003657434292865247
|heading error|,rad,RUNNING_MPC,0.002861214686563418
|heading error|,rad,RUNNING_MPC,0.006564392177548229
|heading error|,rad,RUNNING_MPC,0.013861359294782716
|heading error|,rad,RUNNING_MPC,0.013797629118519781
|heading error|,rad,RUNNING_MPC,0.01961870805976096
|heading error|,rad,RUNNING_MPC,0.017674352656104286
|heading error|,rad,RUNNING_MPC,0.01620699728764352
|heading error|,rad,RUNNING_MPC,0.02093599529515844
|heading error|,rad,RUNNING_MPC,0.011997389401518621
|heading error|,rad,RUNNING_MPC,0.01756455650225286
|heading error|,rad,RUNNING_MPC,0.013555908570070052
|heading error|,rad,RUNNING_MPC,0.01942816893578625
|heading error|,rad,RUNNING_MPC,0.02702481868292672
|heading error|,rad,RUNNING_MPC,0.028040791368021623
|heading error|,rad,RUNNING_MPC,0.03570105639180676
|heading error|,rad,RUNNING_MPC,0.034375093611703544
|heading error|,rad,RUNNING_MPC,0.03090065420354815
|heading error|,rad,RUNNING_MPC,0.03737754431273866
|heading error|,rad,RUNNING_MPC,0.028246180104042118
|heading error|,rad,RUNNING_MPC,0.026808968649360665
|heading error|,rad,RUNNING_MPC,0.029516917409282865
|heading error|,rad,RUNNING_MPC,0.019324497783073546
|heading error|,rad,RUNNING_MPC,0.016706206149493585
|heading error|,rad,RUNNING_MPC,0.013825016130705858
|heading error|,rad,RUNNING_MPC,0.009471922058877258
|heading error|,rad,RUNNING_MPC,0.00450867360262075
|heading error|,rad,RUNNING_MPC,0.0009562612685045657
|heading error|,rad,RUNNING_MPC,0.0026137643936579025
|heading error|,rad,RUNNING_MPC,0.004430099631522744
|heading error|,rad,RUNNING_MPC,0.002545914410706729
|heading error|,rad,RUNNING_MPC,0.0011996228504869144
|heading error|,rad,RUNNING_MPC,0.0006115610424832774
|heading error|,rad,RUNNING_MPC,0.0014236066296802186
|heading error|,rad,RUNNING_MPC,0.0011854098258332613
|heading error|,rad,RUNNING_MPC,0.0013880452595791404
|heading error|,rad,RUNNING_MPC,0.001133841559147086
|heading error|,rad,RUNNING_MPC,0.000964468549153441
|heading error|,rad,RUNNING_MPC,0.0010693826968055653
|heading error|,rad,RUNNING_MPC,0.0009620556265104164
|heading error|,rad,RUNNING_MPC,0.0005827385373184946
|heading error|,rad,RUNNING_MPC,0.0004299028617156253
|heading error|,rad,RUNNING_MPC,5.750427765827126e-05
|heading error|,rad,RUNNING_MPC,0.00023634948887529816
|heading error|,rad,RUNNING_MPC,0.00046717161415132935
|heading error|,rad,RUNNING_MPC,0.0006797695205946752
|heading error|,rad,RUNNING_MPC,0.0006691798042672836
|heading error|,rad,RUNNING_MPC,0.0008006218506193541
|heading error|,rad,RUNNING_MPC,0.0005594060951019664
|heading error|,rad,RUNNING_MPC,0.00022027128804813503
|heading error|,rad,RUNNING_MPC,0.00016628250983030668
|heading error|,rad,RUNNING_MPC,0.0004937897207524244
|heading error|,rad,RUNNING_MPC,0.0008409323849973838
|heading error|,rad,RUNNING_MPC,0.0010234308280554494
|heading error|,rad,RUNNING_MPC,0.000874797933414051
|heading error|,rad,RUNNING_MPC,0.0007308662823684031
|heading error|,rad,RUNNING_MPC,0.00031945638254216036
|heading error|,rad,RUNNING_MPC,0.00011098851928004194
|heading error|,rad,RUNNING_MPC,0.0005565599183885439
|heading error|,rad,RUNNING_MPC,0.0008827487847540283
|heading error|,rad,RUNNING_MPC,0.0010782322713338566
|heading error|,rad,RUNNING_MPC,0.001209922037594513
|heading error|,rad,RUNNING_MPC,0.001273666339070001
|heading error|,rad,RUNNING_MPC,0.0011470330292371322
|heading error|,rad,RUNNING_MPC,0.0007405288421225009
|heading error|,rad,RUNNING_MPC,0.0003852183048267399
|heading error|,rad,RUNNING_MPC,9.300925397148774e-05
|heading error|,rad,RUNNING_MPC,0.00011175690056974831
|heading error|,rad,RUNNING_MPC,0.00038494705166769444
|heading error|,rad,RUNNING_MPC,0.0003054114367757599
|heading error|,rad,RUNNING_MPC,0.00011644560635870604
|heading error|,rad,RUNNING_MPC,8.867064479822773e-05
|heading error|,rad,RUNNING_MPC,0.0001710281918936296
|heading error|,rad,RUNNING_MPC,0.0003465149647032817
|heading error|,rad,RUNNING_MPC,0.0003326848500337931
|heading error|,rad,RUNNING_MPC,0.0004555087653108636
|heading error|,rad,RUNNING_MPC,0.0005070948810712572
|heading error|,rad,RUNNING_MPC,0.00051600533708962
|heading error|,rad,RUNNING_MPC,0.0005642469692399564
|heading error|,rad,RUNNING_MPC,0.0006136075315033018
|heading error|,rad,RUNNING_MPC,0.0006087885406782512
|heading error|,rad,RUNNING_MPC,0.0005399415287392628
|heading error|,rad,RUNNING_MPC,0.0004113181794442866
|heading error|,rad,RUNNING_MPC,0.00034003958696127157
|heading error|,rad,RUNNING_MPC,0.0002863846267651126
|heading error|,rad,RUNNING_MPC,0.00030872663297154546
|heading error|,rad,RUNNING_MPC,0.00042013557219355846
|heading error|,rad,RUNNING_MPC,0.0005828945569472666
|heading error|,rad,RUNNING_MPC,0.000682757222556063
|heading error|,rad,RUNNING_MPC,0.0008742525203837559
|heading error|,rad,RUNNING_MPC,0.0008997152163479072
|heading error|,rad,RUNNING_MPC,0.0009262269972412085
|heading error|,rad,RUNNING_MPC,0.0009634057718583833
|heading error|,rad,RUNNING_MPC,0.0011024300719721936
|heading error|,rad,RUNNING_MPC,0.0009898226094047224
|heading error|,rad,RUNNING_MPC,0.0009312068852329602
|heading error|,rad,RUNNING_MPC,0.0010394643835449635
|heading error|,rad,RUNNING_MPC,0.000903867134149916
|heading error|,rad,RUNNING_MPC,0.0008171722710921259
|heading error|,rad,RUNNING_MPC,0.0007167498520472826
|heading error|,rad,RUNNING_MPC,0.0007450979861576279
|heading error|,rad,RUNNING_MPC,0.000622428494461591
|heading error|,rad,RUNNING_MPC,0.0004794465648259027
|heading error|,rad,RUNNING_MPC,0.0004946817351592081
|heading error|,rad,RUNNING_MPC,0.0005164001394359907
|heading error|,rad,RUNNING_MPC,0.0004886422367111898
|heading error|,rad,RUNNING_MPC,0.0005104444614807413
|heading error|,rad,RUNNING_MPC,0.0006536121631750547
|heading error|,rad,RUNNING_MPC,0.000729726694673527
|heading error|,rad,RUNNING_MPC,0.0007850275847789413
|heading error|,rad,RUNNING_MPC,0.000937591292272888
|heading error|,rad,RUNNING_MPC,0.0009061001002819146
|heading error|,rad,RUNNING_MPC,0.000839649114709129
|heading error|,rad,RUNNING_MPC,0.0009706231871535742
|heading error|,rad,RUNNING_MPC,0.0008587216605668857
|heading error|,rad,RUNNING_MPC,0.0010271984229062172
|heading error|,rad,RUNNING_MPC,0.0010210802213301842
|heading error|,rad,RUNNING_MPC,0.000986456488188736
|heading error|,rad,RUNNING_MPC,0.0011467553660144958
|heading error|,rad,RUNNING_MPC,0.0010503242104507038
|heading error|,rad,RUNNING_MPC,0.0009249080515094654
|heading error|,rad,RUNNING_MPC,0.0010582045733564804
|heading error|,rad,RUNNING_MPC,0.0009924456091687797
|heading error|,rad,RUNNING_MPC,0.0011603895777216875
|heading error|,rad,RUNNING_MPC,0.0011343477536489566
|heading error|,rad,RUNNING_MPC,0.0009661727313767798
|heading error|,rad,RUNNING_MPC,0.000838769566569475
|heading error|,rad,RUNNING_MPC,0.0009567204013518626
|heading error|,rad,RUNNING_MPC,0.0008349304431689575
|heading error|,rad,RUNNING_MPC,0.0010121903385953424
|heading error|,rad,RUNNING_MPC,0.0009066092491316624
|heading error|,rad,RUNNING_MPC,0.0008665327502055398
|heading error|,rad,RUNNING_MPC,0.0010058731896824826
|heading error|,rad,RUNNING_MPC,0.0008756149031108328
|heading error|,rad,RUNNING_MPC,0.0008306481630113716
|heading error|,rad,RUNNING_MPC,0.0011931389917232416
|heading error|,rad,RUNNING_MPC,0.0011855169780803365
|heading error|,rad,RUNNING_MPC,0.001329042633424038
|heading error|,rad,RUNNING_MPC,0.0012810039947246388
|heading error|,rad,RUNNING_MPC,0.0011914796956022933
|heading error|,rad,RUNNING_MPC,0.0010431828408319355
|heading error|,rad,RUNNING_MPC,0.0008666764602942578
|heading error|,rad,RUNNING_MPC,0.0006996256568561066
|heading error|,rad,RUNNING_MPC,0.000938298364281831
|heading error|,rad,RUNNING_MPC,0.0009673040985513914
|heading error|,rad,RUNNING_MPC,0.0009458702227358451
|heading error|,rad,RUNNING_MPC,0.0011979676346882684
|heading error|,rad,RUNNING_MPC,0.0011244241831724901
|heading error|,rad,RUNNING_MPC,0.0010764820056081703
|heading error|,rad,RUNNING_MPC,0.0014178867087699665
|heading error|,rad,RUNNING_MPC,0.001303284646558822
|heading error|,rad,RUNNING_MPC,0.0013863818665873495
|heading error|,rad,RUNNING_MPC,0.0014918092110742798
|heading error|,rad,RUNNING_MPC,0.0013783842852590487
|heading error|,rad,RUNNING_MPC,0.0019143352013211157
|heading error|,rad,RUNNING_MPC,0.0017233975144286262
|heading error|,rad,RUNNING_MPC,0.0015851454272510779
|heading error|,rad,RUNNING_MPC,0.002183215981396369
|heading error|,rad,RUNNING_MPC,0.002023154954997608
|heading error|,rad,RUNNING_MPC,0.0018361622070539594
|heading error|,rad,RUNNING_MPC,0.0023932594682158914
|heading error|,rad,RUNNING_MPC,0.002090388775049412
|heading error|,rad,RUNNING_MPC,0.0026604246239867457
|heading error|,rad,RUNNING_MPC,0.0023688282255434068
|heading error|,rad,RUNNING_MPC,0.002617960555193921
|heading error|,rad,RUNNING_MPC,0.002241498336121861
|heading error|,rad,RUNNING_MPC,0.0024808180456958873
|heading error|,rad,RUNNING_MPC,0.0022777250950505312
|heading error|,rad,RUNNING_MPC,0.002828382048938316
|heading error|,rad,RUNNING_MPC,0.0025053033673674285
|heading error|,rad,RUNNING_MPC,0.0030401122478549425
|heading error|,rad,RUNNING_MPC,0.0028965112676728744
|heading error|,rad,RUNNING_MPC,0.0030806919762591534
|heading error|,rad,RUNNING_MPC,0.0033933058928328212
|heading error|,rad,RUNNING_MPC,0.0033028273620514526
|heading error|,rad,RUNNING_MPC,0.0027619687553146473
|heading error|,rad,RUNNING_MPC,0.004050151060987606
|heading error|,rad,RUNNING_MPC,0.003889503576115505
|heading error|,rad,RUNNING_MPC,0.0034568097784770653
|heading error|,rad,RUNNING_MPC,0.004946212794475269
|heading error|,rad,RUNNING_MPC,0.004530728220037528
|heading error|,rad,RUNNING_MPC,0.004058426888343014
|heading error|,rad,RUNNING_MPC,0.005850040927330102
|heading error|,rad,RUNNING_MPC,0.006149163815460046
|heading error|,rad,RUNNING_MPC,0.004936135455593238
|heading error|,rad,RUNNING_MPC,0.0053258892770085
|heading error|,rad,RUNNING_MPC,0.004720679036450015
|heading error|,rad,RUNNING_MPC,0.005862485401369355
|heading error|,rad,RUNNING_MPC,0.004830306791288486
|heading error|,rad,RUNNING_MPC,0.003546407278959496
|heading error|,rad,RUNNING_MPC,0.0029998364967047664
|heading error|,rad,RUNNING_MPC,0.0004236871621108307
|heading error|,rad,RUNNING_MPC,0.0006771736079342894
|heading error|,rad,RUNNING_MPC,0.0016985086193215262
|heading error|,rad,RUNNING_MPC,0.00042231009841087186
|heading error|,rad,RUNNING_MPC,0.0049868129176444675
|heading error|,rad,RUNNING_MPC,0.003109367738928892
|heading error|,rad,RUNNING_MPC,0.008055333669318987
|heading error|,rad,RUNNING_MPC,0.008131304869843703
|heading error|,rad,RUNNING_MPC,0.00888951978133834
|heading error|,rad,RUNNING_MPC,0.00910040792125466
|heading error|,rad,RUNNING_MPC,0.011154398847961655
|heading error|,rad,RUNNING_MPC,0.009359176915705536
|heading error|,rad,RUNNING_MPC,0.006551178707792538
|heading error|,rad,RUNNING_MPC,0.008394205120158205
|heading error|,rad,RUNNING_MPC,0.010201132230706289
|heading error|,rad,RUNNING_MPC,0.007569390665314479
|heading error|,rad,RUNNING_MPC,0.010368668561702155
|heading error|,rad,RUNNING_MPC,0.01406922829764845
|heading error|,rad,RUNNING_MPC,0.008535279817082575
|heading error|,rad,RUNNING_MPC,0.0139727960037348
|heading error|,rad,RUNNING_MPC,0.02012011892430765
|heading error|,rad,RUNNING_MPC,0.010719242209149549
|heading error|,rad,RUNNING_MPC,0.011763062741514398
|heading error|,rad,RUNNING_MPC,0.017537153212003886
|heading error|,rad,RUNNING_MPC,0.023229698460554893
|heading error|,rad,RUNNING_MPC,0.023023851260869144
|heading error|,rad,RUNNING_MPC,0.027443649841184303
|heading error|,rad,RUNNING_MPC,0.02224750737501635
|heading error|,rad,RUNNING_MPC,0.02475340154890748
|heading error|,rad,RUNNING_MPC,0.01732914087830295
|heading error|,rad,RUNNING_MPC,0.001997230549016127
|heading error|,rad,RUNNING_MPC,0.02663865936846621
|heading error|,rad,RUNNING_MPC,0.02861849359699775
|heading error|,rad,RUNNING_MPC,0.030635491770147016
|heading error|,rad,RUNNING_MPC,0.023617217643144617
|heading error|,rad,RUNNING_MPC,0.02919112740119667
|heading error|,rad,RUNNING_MPC,0.024601899731919286
|heading error|,rad,RUNNING_MPC,0.027807154204661177
|heading error|,rad,RUNNING_MPC,0.019187268270153268
|heading error|,rad,RUNNING_MPC,0.024509084900480982
|heading error|,rad,RUNNING_MPC,0.02775643354887647
|heading error|,rad,RUNNING_MPC,0.03126782598369049
|heading error|,rad,RUNNING_MPC,0.02490776543055098
|heading error|,rad,RUNNING_MPC,0.01891792109024415
|heading error|,rad,RUNNING_MPC,0.024307408068939832
|heading error|,rad,RUNNING_MPC,0.003325548522380206
|heading error|,rad,RUNNING_MPC,0.011845512478874998
|heading error|,rad,RUNNING_MPC,0.019781161135187464
|heading error|,rad,RUNNING_MPC,0.018357978315878046
|heading error|,rad,RUNNING_MPC,0.01749972322589155
|heading error|,rad,RUNNING_MPC,0.04526006099746338
|heading error|,rad,RUNNING_MPC,0.024647053188549872
|heading error|,rad,RUNNING_MPC,0.04805244260956165
|heading error|,rad,RUNNING_MPC,0.029567857187358992
|heading error|,rad,RUNNING_MPC,0.046575602856932186
|heading error|,rad,RUNNING_MPC,0.03567273561496398
|heading error|,rad,RUNNING_MPC,0.040031612851442855
|heading error|,rad,RUNNING_MPC,0.04282246632244435
|heading error|,rad,RUNNING_MPC,0.035886375013204574
|heading error|,rad,RUNNING_MPC,0.019562502129690795
|heading error|,rad,RUNNING_MPC,0.022372528821196447
|heading error|,rad,RUNNING_MPC,0.01908890521167317
|heading error|,rad,RUNNING_MPC,0.01947476211683341
|heading error|,rad,RUNNING_MPC,0.015277544519512354
|heading error|,rad,RUNNING_MPC,0.017820025057948108
|heading error|,rad,RUNNING_MPC,0.01959594869539938
|heading error|,rad,RUNNING_MPC,0.014036908196416675
|heading error|,rad,RUNNING_MPC,0.014432388266758966
|heading error|,rad,RUNNING_MPC,0.024231981568142658
|heading error|,rad,RUNNING_MPC,0.029017125128539597
|heading error|,rad,RUNNING_MPC,0.03630575545679804
|heading error|,rad,RUNNING_MPC,0.0237215922116758
|heading error|,rad,RUNNING_MPC,0.01498270536561419
|heading error|,rad,RUNNING_MPC,0.01724594040099303
|heading error|,rad,RUNNING_MPC,0.031238682412257024
|heading error|,rad,RUNNING_MPC,0.029071443031381428
|heading error|,rad,RUNNING_MPC,0.021122337371572097
|heading error|,rad,RUNNING_MPC,0.012965172007270096
|heading error|,rad,RUNNING_MPC,0.005811098866064235
|heading error|,rad,RUNNING_MPC,0.003501356405510414
|heading error|,rad,RUNNING_MPC,0.0019451667400938177
|heading error|,rad,RUNNING_MPC,0.003547073544623025
|heading error|,rad,RUNNING_MPC,0.004503713011725807
|heading error|,rad,RUNNING_MPC,0.004665563299115938
|heading error|,rad,RUNNING_MPC,0.004415159749472153
|heading error|,rad,RUNNING_MPC,0.003847770449325605
|heading error|,rad,RUNNING_MPC,0.004181727756703335
|heading error|,rad,RUNNING_MPC,0.004138763830889847
|heading error|,rad,RUNNING_MPC,0.006339174244892387
|heading error|,rad,RUNNING_MPC,0.0007405409361571635
|heading error|,rad,RUNNING_MPC,0.006977115736258366
|heading error|,rad,RUNNING_MPC,0.008605169709560379
|heading error|,rad,RUNNING_MPC,0.013464292887607865
|heading error|,rad,RUNNING_MPC,0.01619175206340362
|heading error|,rad,RUNNING_MPC,0.01834138797701179
|heading error|,rad,RUNNING_MPC,0.017610009717560438
|heading error|,rad,RUNNING_MPC,0.014872877544637841
|heading error|,rad,RUNNING_MPC,0.013062194012084749
|heading error|,rad,RUNNING_MPC,0.009963872779882532
|heading error|,rad,RUNNING_MPC,0.009413331608017383
|heading error|,rad,RUNNING_MPC,0.004691746598810997
|heading error|,rad,RUNNING_MPC,0.006159774016766927
|heading error|,rad,RUNNING_MPC,0.005991134836613288
|heading error|,rad,RUNNING_MPC,0.005092198244508684
|heading error|,rad,RUNNING_MPC,0.004194669499805848
|heading error|,rad,RUNNING_MPC,0.006557243326543728
|heading error|,rad,RUNNING_MPC,0.007435913744638256
|heading error|,rad,RUNNING_MPC,0.005216663695253754
|heading error|,rad,RUNNING_MPC,0.0066768249283124526
|heading error|,rad,RUNNING_MPC,0.006475937552347321
|heading error|,rad,RUNNING_MPC,0.008293351995747322
|heading error|,rad,RUNNING_MPC,0.007583606240163743
|heading error|,rad,RUNNING_MPC,0.00728982081378593
|heading error|,rad,RUNNING_MPC,0.00587231106672803
|heading error|,rad,RUNNING_MPC,0.00416882824896625
|heading error|,rad,RUNNING_MPC,0.0036760817844210263
|heading error|,rad,RUNNING_MPC,0.0015779994435520805
|heading error|,rad,RUNNING_MPC,0.0011636306813844755
|heading error|,rad,RUNNING_MPC,0.001545755307601926
|heading error|,rad,RUNNING_MPC,0.002118005982796767
|heading error|,rad,RUNNING_MPC,0.0019813595290303354
|heading error|,rad,RUNNING_MPC,0.002923474698989459
|heading error|,rad,RUNNING_MPC,0.0025831409455880916
|heading error|,rad,RUNNING_MPC,0.002634642949067789
|heading error|,rad,RUNNING_MPC,0.002603605403176612
|heading error|,rad,RUNNING_MPC,0.0024269777061882714
|heading error|,rad,RUNNING_MPC,0.002418481286187824
|heading error|,rad,RUNNING_MPC,0.002254453669488843
|heading error|,rad,RUNNING_MPC,0.0020320248493379545
|heading error|,rad,RUNNING_MPC,0.001966192661678079
|heading error|,rad,RUNNING_MPC,0.0017719658841617303
|heading error|,rad,RUNNING_MPC,0.0018300959576968976
|heading error|,rad,RUNNING_MPC,0.0019022725780457606
|heading error|,rad,RUNNING_MPC,0.002254509861513654
|heading error|,rad,RUNNING_MPC,0.002134828063089067
|heading error|,rad,RUNNING_MPC,0.00213224397918399
|heading error|,rad,RUNNING_MPC,0.0024020581042898392
|heading error|,rad,RUNNING_MPC,0.0033815778108947647
|heading error|,rad,RUNNING_MPC,0.0028064679276775806
|heading error|,rad,RUNNING_MPC,8.850619865885535e-05
|heading error|,rad,RUNNING_MPC,0.0011255847637552385
|heading error|,rad,RUNNING_MPC,0.0026680343764988734
|heading error|,rad,RUNNING_MPC,0.002402803121067887
|heading error|,rad,RUNNING_MPC,0.002372758152754617
|heading error|,rad,RUNNING_MPC,0.0027144620470900276
|heading error|,rad,RUNNING_MPC,0.001557734987572612
|heading error|,rad,RUNNING_MPC,0.0021731915154901142
|heading error|,rad,RUNNING_MPC,0.0008497221462078208
|heading error|,rad,RUNNING_MPC,0.0005953211053131291
|heading error|,rad,RUNNING_MPC,1.622177313986839e-05
|heading error|,rad,RUNNING_MPC,0.00010938650804259709
|heading error|,rad,RUNNING_MPC,0.0003734739378997709
|heading error|,rad,RUNNING_MPC,0.0008056626622767739
|heading error|,rad,RUNNING_MPC,0.0007766466639136381
|heading error|,rad,RUNNING_MPC,0.000980279406775697
|heading error|,rad,RUNNING_MPC,0.0013475176508497277
|heading error|,rad,RUNNING_MPC,0.0016827190452350926
|heading error|,rad,RUNNING_MPC,0.0016857664508074244
|heading error|,rad,RUNNING_MPC,0.001467493631747363
|heading error|,rad,RUNNING_MPC,0.0012710514022717945
|heading error|,rad,RUNNING_MPC,0.0011024271423036858
|heading error|,rad,RUNNING_MPC,0.00042811475429527235
|heading error|,rad,RUNNING_MPC,0.0005021003236529431
|heading error|,rad,RUNNING_MPC,0.00040118051322224346
|heading error|,rad,RUNNING_MPC,0.0002709702285601523
|heading error|,rad,RUNNING_MPC,0.00025127566120408673
|heading error|,rad,RUNNING_MPC,0.0002738289126793525
|heading error|,rad,RUNNING_MPC,0.0006083698779923985
|heading error|,rad,RUNNING_MPC,0.0008659654695888364
|heading error|,rad,RUNNING_MPC,0.001129494745076176
|heading error|,rad,RUNNING_MPC,0.0016528058992766326
|heading error|,rad,RUNNING_MPC,0.0018528203299190695
|heading error|,rad,RUNNING_MPC,0.002176057745588267
|heading error|,rad,RUNNING_MPC,0.0023510274292064537
|heading error|,rad,RUNNING_MPC,0.002629965976837845
|heading error|,rad,RUNNING_MPC,0.003621846610965207
|heading error|,rad,RUNNING_MPC,0.0014479082131333418
|heading error|,rad,RUNNING_MPC,0.0025260203543369104
|heading error|,rad,RUNNING_MPC,0.00488753380765683
|heading error|,rad,RUNNING_MPC,0.006484330480184485
|heading error|,rad,RUNNING_MPC,0.01636776747175439
|heading error|,rad,RUNNING_MPC,0.0019561124085356596
|heading error|,rad,RUNNING_MPC,0.003366362647834631
|heading error|,rad,RUNNING_MPC,0.021118855163602568
|heading error|,rad,RUNNING_MPC,0.024704623659172142
|heading error|,rad,RUNNING_MPC,0.006051691137935133
|heading error|,rad,RUNNING_MPC,0.001435663260904274
|heading error|,rad,RUNNING_MPC,0.02604492192626573
|heading error|,rad,RUNNING_MPC,0.030430256636979625
|heading error|,rad,RUNNING_MPC,0.01240322738752786
|heading error|,rad,RUNNING_MPC,0.003013356293239955
|heading error|,rad,RUNNING_MPC,0.00870854363879614
|heading error|,rad,RUNNING_MPC,0.03324434135200205
|heading error|,rad,RUNNING_MPC,0.021932361692804214
|heading error|,rad,RUNNING_MPC,0.007903093904433334
|heading error|,rad,RUNNING_MPC,0.007643060431499649
|heading error|,rad,RUNNING_MPC,0.03686734875201969
|heading error|,rad,RUNNING_MPC,0.04563152670539328
|heading error|,rad,RUNNING_MPC,0.0023040262986762094
|heading error|,rad,RUNNING_MPC,0.029198800756296883
|heading error|,rad,RUNNING_MPC,0.03671203937818301
|heading error|,rad,RUNNING_MPC,0.03382580253222045
|heading error|,rad,RUNNING_MPC,0.03947622731482303
|heading error|,rad,RUNNING_MPC,0.035431970515233946
|heading error|,rad,RUNNING_MPC,0.028608888207132477
|heading error|,rad,RUNNING_MPC,0.008983925617295885
|heading error|,rad,RUNNING_MPC,0.0543532716317765
|heading error|,rad,RUNNING_MPC,0.05700394633046412
|heading error|,rad,RUNNING_MPC,0.05105283907785152
|heading error|,rad,RUNNING_MPC,0.038958313835055325
|heading error|,rad,RUNNING_MPC,0.03875320666559201
|heading error|,rad,RUNNING_MPC,0.04549725621497869
|heading error|,rad,RUNNING_MPC,0.04114280198837772
|heading error|,rad,RUNNING_MPC,0.04471498695765597
|heading error|,rad,RUNNING_MPC,0.0389823793893922
|heading error|,rad,RUNNING_MPC,0.03343847751129436
|heading error|,rad,RUNNING_MPC,0.027785558995383042
|heading error|,rad,RUNNING_MPC,0.02301211111093826
|heading error|,rad,RUNNING_MPC,0.01983528680587643
|heading error|,rad,RUNNING_MPC,0.013060418313834086
|heading error|,rad,RUNNING_MPC,0.005396318822846081
|heading error|,rad,RUNNING_MPC,0.0070180373141233154
|heading error|,rad,RUNNING_MPC,0.00010214292180377171
|heading error|,rad,RUNNING_MPC,0.005996865594258161
|heading error|,rad,RUNNING_MPC,0.014859131979661822
|heading error|,rad,RUNNING_MPC,0.02540360855470114
|heading error|,rad,RUNNING_MPC,0.012356287277096367
|heading error|,rad,RUNNING_MPC,0.009220329737976929
|heading error|,rad,RUNNING_MPC,0.03509508951462514
|heading error|,rad,RUNNING_MPC,0.033758629983916766
|heading error|,rad,RUNNING_MPC,0.02494223413139185
|heading error|,rad,RUNNING_MPC,0.0011209723227403323
|heading error|,rad,RUNNING_MPC,0.00700167108136185
|heading error|,rad,RUNNING_MPC,0.0048213897103295275
|heading error|,rad,RUNNING_MPC,0.016482517690848297
|heading error|,rad,RUNNING_MPC,0.025683549600899358
|heading error|,rad,RUNNING_MPC,0.0211091685450846
|heading error|,rad,RUNNING_MPC,0.06319164114218978
|heading error|,rad,RUNNING_MPC,0.028678164131608064
|heading error|,rad,RUNNING_MPC,0.03940491503732346
|heading error|,rad,RUNNING_MPC,0.03230477078214556
|heading error|,rad,RUNNING_MPC,0.03390813406597281
|heading error|,rad,RUNNING_MPC,0.03650021591564423
|heading error|,rad,RUNNING_MPC,0.03155672719544267
|heading error|,rad,RUNNING_MPC,0.008813893275958051
|heading error|,rad,RUNNING_MPC,0.0339847603188419
|heading error|,rad,RUNNING_MPC,0.01656811913949152
|heading error|,rad,RUNNING_MPC,0.010047893585220624
|heading error|,rad,RUNNING_MPC,0.021725129748818794
|heading error|,rad,RUNNING_MPC,0.013331384950314717
|heading error|,rad,RUNNING_MPC,0.028707228122133444
|heading error|,rad,RUNNING_MPC,0.043346880817740185
|heading error|,rad,RUNNING_MPC,0.04201508254427555
|heading error|,rad,RUNNING_MPC,0.04052919219278106
|heading error|,rad,RUNNING_MPC,0.031939615158446344
|heading error|,rad,RUNNING_MPC,0.02966058726964338
|heading error|,rad,RUNNING_MPC,0.023565290524744764
|heading error|,rad,RUNNING_MPC,0.03131642087742037
|heading error|,rad,RUNNING_MPC,0.020670377560194183
|heading error|,rad,RUNNING_MPC,0.024328947175399126
|heading error|,rad,RUNNING_MPC,0.010508788063500417
|heading error|,rad,RUNNING_MPC,0.016021034520343314
|heading error|,rad,RUNNING_MPC,0.009931464481363506
|heading error|,rad,RUNNING_MPC,0.007572965916990526
|heading error|,rad,RUNNING_MPC,0.010842789283992628
|heading error|,rad,RUNNING_MPC,0.010392187999370252
|heading error|,rad,RUNNING_MPC,0.010118927225715169
|heading error|,rad,RUNNING_MPC,0.011979143231005462
|heading error|,rad,RUNNING_MPC,0.017156630376109483
|heading error|,rad,RUNNING_MPC,0.009711594689836732
|heading error|,rad,RUNNING_MPC,0.015701581908409867
|heading error|,rad,RUNNING_MPC,0.013489805122643528
|heading error|,rad,RUNNING_MPC,0.02282811617917302
|heading error|,rad,RUNNING_MPC,0.02195852323457359
|heading error|,rad,RUNNING_MPC,0.02397307790209902
|heading error|,rad,RUNNING_MPC,0.023464553944914757
|heading error|,rad,RUNNING_MPC,0.014258340741476028
|heading error|,rad,RUNNING_MPC,0.02144445962671293
|heading error|,rad,RUNNING_MPC,0.019995716518125928
|heading error|,rad,RUNNING_MPC,0.025735593568511513
|heading error|,rad,RUNNING_MPC,0.01652607282408836
|heading error|,rad,RUNNING_MPC,0.021725571848961955
|heading error|,rad,RUNNING_MPC,0.021780937502409392
|heading error|,rad,RUNNING_MPC,0.02573048663352795
|heading error|,rad,RUNNING_MPC,0.024115198052238936
|heading error|,rad,RUNNING_MPC,0.020289989724308954
|heading error|,rad,RUNNING_MPC,0.011188238173960974
|heading error|,rad,RUNNING_MPC,0.028902121006569192
|heading error|,rad,RUNNING_MPC,0.02396453338995319
|heading error|,rad,RUNNING_MPC,0.021271620955088943
|heading error|,rad,RUNNING_MPC,0.016455216432405884
|heading error|,rad,RUNNING_MPC,0.02116820204212466
|heading error|,rad,RUNNING_MPC,0.026787875497881638
|heading error|,rad,RUNNING_MPC,0.017171747725769126
|heading error|,rad,RUNNING_MPC,0.015846944789286388
|heading error|,rad,RUNNING_MPC,0.02093171052005327
|heading error|,rad,RUNNING_MPC,0.02964018876046759
|heading error|,rad,RUNNING_MPC,0.03654375245057939
|heading error|,rad,RUNNING_MPC,0.028883634683107617
|heading error|,rad,RUNNING_MPC,0.029465897346953707
|heading error|,rad,RUNNING_MPC,0.02510237450039132
|heading error|,rad,RUNNING_MPC,0.022432193428741254
|heading error|,rad,RUNNING_MPC,0.043907891510823305
|heading error|,rad,RUNNING_MPC,0.04109541834233954
|heading error|,rad,RUNNING_MPC,0.03783258866859329
|heading error|,rad,RUNNING_MPC,0.02581522868765074
|heading error|,rad,RUNNING_MPC,0.03326547460303897
|heading error|,rad,RUNNING_MPC,0.03514024231562063
|heading error|,rad,RUNNING_MPC,0.026908677367113
|heading error|,rad,RUNNING_MPC,0.027326342064686537
|heading error|,rad,RUNNING_MPC,0.01605683589575757
|heading error|,rad,RUNNING_MPC,0.01421358529117045
|heading error|,rad,RUNNING_MPC,0.01888399227013271
|heading error|,rad,RUNNING_MPC,0.010944120320224626
|heading error|,rad,RUNNING_MPC,0.013380478413496655
|heading error|,rad,RUNNING_MPC,0.009921788181229574
|heading error|,rad,RUNNING_MPC,0.012228097865704113
|heading error|,rad,RUNNING_MPC,0.007589352346146661
|heading error|,rad,RUNNING_MPC,0.008589123874646054
|heading error|,rad,RUNNING_MPC,0.006440398587530871
|heading error|,rad,RUNNING_MPC,0.0073472652693933336
|heading error|,rad,RUNNING_MPC,0.00746528209616093
|heading error|,rad,RUNNING_MPC,0.0066981643988650585
|heading error|,rad,RUNNING_MPC,0.004458453485531089
|heading error|,rad,RUNNING_MPC,0.0025370627767578036
|heading error|,rad,RUNNING_MPC,0.00013163821667816491
|heading error|,rad,RUNNING_MPC,0.0021150685653947843
|heading error|,rad,RUNNING_MPC,0.0036046469365883516
|heading error|,rad,RUNNING_MPC,0.004319055108116032
|heading error|,rad,RUNNING_MPC,0.004279316236855179
|heading error|,rad,RUNNING_MPC,0.004010272794633284
|heading error|,rad,RUNNING_MPC,0.0034766050018706367
|heading error|,rad,RUNNING_MPC,0.003026906386962125
|heading error|,rad,RUNNING_MPC,0.002410189478916025
|heading error|,rad,RUNNING_MPC,0.0018490549857032022
|heading error|,rad,RUNNING_MPC,0.0016311911469979457
|heading error|,rad,RUNNING_MPC,0.0016100219994997778
|heading error|,rad,RUNNING_MPC,0.0017627843214070849
|heading error|,rad,RUNNING_MPC,0.0019146969517661596
|heading error|,rad,RUNNING_MPC,0.0015200224347637903
|heading error|,rad,RUNNING_MPC,0.0008155745841381679
|heading error|,rad,RUNNING_MPC,0.0001388412552223439
|heading error|,rad,RUNNING_MPC,0.0002537480248514523
|heading error|,rad,RUNNING_MPC,0.0002078858215966983
|heading error|,rad,RUNNING_MPC,0.0002789000196765645
|heading error|,rad,RUNNING_MPC,0.00026068092799569337
|heading error|,rad,RUNNING_MPC,6.372268156840111e-05
|heading error|,rad,RUNNING_MPC,1.007456782620153e-05
|heading error|,rad,RUNNING_MPC,0.0001446925167667423
|heading error|,rad,RUNNING_MPC,0.00024209605682024016
|heading error|,rad,RUNNING_MPC,0.0006391219246539848
|heading error|,rad,RUNNING_MPC,0.0013013737303264605
|heading error|,rad,RUNNING_MPC,0.0016688977778043235
|heading error|,rad,RUNNING_MPC,0.0019804878177619445
|heading error|,rad,RUNNING_MPC,0.0019479563992788052
|heading error|,rad,RUNNING_MPC,0.0018821531331206787
|heading error|,rad,RUNNING_MPC,0.0015075939461599575
|heading error|,rad,RUNNING_MPC,0.0009121179221481813
|heading error|,rad,RUNNING_MPC,0.00035388510779577054
|heading error|,rad,RUNNING_MPC,0.0001451997340135014
|heading error|,rad,RUNNING_MPC,0.0003526671017954897
|heading error|,rad,RUNNING_MPC,0.0007807697510499034
|heading error|,rad,RUNNING_MPC,0.0008203655947862654
|heading error|,rad,RUNNING_MPC,0.0008815869920199004
|heading error|,rad,RUNNING_MPC,0.0005553368652079227
|heading error|,rad,RUNNING_MPC,0.00016216059785501002
|heading error|,rad,RUNNING_MPC,0.00024547463368451705
|heading error|,rad,RUNNING_MPC,0.0009757181576797169
|heading error|,rad,RUNNING_MPC,0.0013745902384125763
|heading error|,rad,RUNNING_MPC,0.0017928957704741455
|heading error|,rad,RUNNING_MPC,0.0018211076830737527
|heading error|,rad,RUNNING_MPC,0.001907149912055206
|heading error|,rad,RUNNING_MPC,0.0013887185743561847
|heading error|,rad,RUNNING_MPC,0.0011630654345150537
|heading error|,rad,RUNNING_MPC,0.0006823851533835912
|heading error|,rad,RUNNING_MPC,0.00019418220057099145
|heading error|,rad,RUNNING_MPC,0.00022494412160900534
|heading error|,rad,RUNNING_MPC,0.00031981215672260976
|heading error|,rad,RUNNING_MPC,0.0005762352225331391
|heading error|,rad,RUNNING_MPC,0.00037931978085692375
|heading error|,rad,RUNNING_MPC,0.00021246393055485147
|heading error|,rad,RUNNING_MPC,4.5006208399533953e-05
|heading error|,rad,RUNNING_MPC,0.00039009732010208964
|heading error|,rad,RUNNING_MPC,0.0006767196892147886
|heading error|,rad,RUNNING_MPC,0.0011317475693269907
|heading error|,rad,RUNNING_MPC,0.001097636658961898
|heading error|,rad,RUNNING_MPC,0.0013672814872651706
|heading error|,rad,RUNNING_MPC,0.001958674297900087
|heading error|,rad,RUNNING_MPC,0.0020678112479494137
|heading error|,rad,RUNNING_MPC,0.0008077189930117968
|heading error|,rad,RUNNING_MPC,0.00014044941665469768
|heading error|,rad,RUNNING_MPC,0.0014896599128171317
|heading error|,rad,RUNNING_MPC,0.0013805989260678995
|heading error|,rad,RUNNING_MPC,0.002229868105326549
|heading error|,rad,RUNNING_MPC,0.004035444479058348
|heading error|,rad,RUNNING_MPC,0.004996513442442674
|heading error|,rad,RUNNING_MPC,0.004290967954617475
|heading error|,rad,RUNNING_MPC,0.0005325514181550028
|heading error|,rad,RUNNING_MPC,0.0022853976883298044
|heading error|,rad,RUNNING_MPC,0.0029704440936474397
|heading error|,rad,RUNNING_MPC,0.002928290751599727
|heading error|,rad,RUNNING_MPC,0.00264687683700493
|heading error|,rad,RUNNING_MPC,0.0023075732266496507
|heading error|,rad,RUNNING_MPC,0.0014245094579498072
|heading error|,rad,RUNNING_MPC,0.0011709115407286808
|heading error|,rad,RUNNING_MPC,0.0002913198723388799
|heading error|,rad,RUNNING_MPC,0.00048122454126675596
|heading error|,rad,RUNNING_MPC,0.0009864320953961725
|heading error|,rad,RUNNING_MPC,0.0011651527244418425
|heading error|,rad,RUNNING_MPC,0.0010599052473792003
|heading error|,rad,RUNNING_MPC,0.0009281293447902517
|heading error|,rad,RUNNING_MPC,0.0005738363221600151
|heading error|,rad,RUNNING_MPC,0.0002569875912175057
|heading error|,rad,RUNNING_MPC,0.00011584605013481575
|heading error|,rad,RUNNING_MPC,0.00019102724334385537
|heading error|,rad,RUNNING_MPC,0.0005086049153650851
|heading error|,rad,RUNNING_MPC,0.0007845892714821723
|heading error|,rad,RUNNING_MPC,0.0011868594603697824
|heading error|,rad,RUNNING_MPC,0.0014896828395264403
|heading error|,rad,RUNNING_MPC,0.0013740477294098552
|heading error|,rad,RUNNING_MPC,0.0015467765084268281
|heading error|,rad,RUNNING_MPC,0.0012481534215544876
|heading error|,rad,RUNNING_MPC,0.0011788086544577414
|heading error|,rad,RUNNING_MPC,0.0009434923633152569
|heading error|,rad,RUNNING_MPC,0.0006512410232627497
|heading error|,rad,RUNNING_MPC,0.00037196555544316556
|heading error|,rad,RUNNING_MPC,0.00034588018254244624
|heading error|,rad,RUNNING_MPC,0.0006990354159410739
|heading error|,rad,RUNNING_MPC,0.0001582305835462483
|heading error|,rad,RUNNING_MPC,2.4205513078023877e-05
|heading error|,rad,RUNNING_MPC,0.0016171638508688524
|heading error|,rad,RUNNING_MPC,0.003962883756820079
|heading error|,rad,RUNNING_MPC,0.000909323776759563
|heading error|,rad,RUNNING_MPC,0.0011565299454099343
|heading error|,rad,RUNNING_MPC,0.0038866985749890226
|heading error|,rad,RUNNING_MPC,0.004090072380664944
|heading error|,rad,RUNNING_MPC,0.0041507044710409335
|heading error|,rad,RUNNING_MPC,0.011859157179684887
|heading error|,rad,RUNNING_MPC,0.012377546843713172
|heading error|,rad,RUNNING_MPC,0.013841270809139328
|heading error|,rad,RUNNING_MPC,0.01852751012902487
|heading error|,rad,RUNNING_MPC,0.018468169862497108
|heading error|,rad,RUNNING_MPC,0.015469255058507936
|heading error|,rad,RUNNING_MPC,0.021406815111759347
|heading error|,rad,RUNNING_MPC,0.011008115039990884
|heading error|,rad,RUNNING_MPC,0.018436385522368814
|heading error|,rad,RUNNING_MPC,0.012361904206496632
|heading error|,rad,RUNNING_MPC,0.020184006828086076
|heading error|,rad,RUNNING_MPC,0.01172736003776187
|heading error|,rad,RUNNING_MPC,0.019272409875227603
|heading error|,rad,RUNNING_MPC,0.01889182260542177
|heading error|,rad,RUNNING_MPC,0.03493332912876912
|heading error|,rad,RUNNING_MPC,0.02845367983340724
|heading error|,rad,RUNNING_MPC,0.0304230168027555
|heading error|,rad,RUNNING_MPC,0.025442973754740417
|heading error|,rad,RUNNING_MPC,0.03521777410187499
|heading error|,rad,RUNNING_MPC,0.030828316924548405
|heading error|,rad,RUNNING_MPC,0.029903813672369106
|heading error|,rad,RUNNING_MPC,0.030496437100793528
|heading error|,rad,RUNNING_MPC,0.03680986930639152
|heading error|,rad,RUNNING_MPC,0.04218017943590361
|heading error|,rad,RUNNING_MPC,0.03461057607815193
|heading error|,rad,RUNNING_MPC,0.027732515322449525
|heading error|,rad,RUNNING_MPC,0.027272756692716935
|heading error|,rad,RUNNING_MPC,0.022735731511637575
|heading error|,rad,RUNNING_MPC,0.02825333559143205
|heading error|,rad,RUNNING_MPC,0.020674258267364957
|heading error|,rad,RUNNING_MPC,0.019138783214292274
|heading error|,rad,RUNNING_MPC,0.02539192816173714
|heading error|,rad,RUNNING_MPC,0.024670101531226635
|heading error|,rad,RUNNING_MPC,0.026305503035891
|heading error|,rad,RUNNING_MPC,0.025467408946015284
|heading error|,rad,RUNNING_MPC,0.020835773275693435
|heading error|,rad,RUNNING_MPC,0.01715898444496343
|heading error|,rad,RUNNING_MPC,0.017207687819485357
|heading error|,rad,RUNNING_MPC,0.018959360118955992
|heading error|,rad,RUNNING_MPC,0.016365174709418395
|heading error|,rad,RUNNING_MPC,0.019267649905257797
|heading error|,rad,RUNNING_MPC,0.014640771640796524
|heading error|,rad,RUNNING_MPC,0.012498201466893427
|heading error|,rad,RUNNING_MPC,0.008253971385424441
|heading error|,rad,RUNNING_MPC,0.004435538876299716
|heading error|,rad,RUNNING_MPC,0.0006540060729109121
|heading error|,rad,RUNNING_MPC,0.0023045623967863638
|heading error|,rad,RUNNING_MPC,0.003222176594186055
|heading error|,rad,RUNNING_MPC,0.00440928051763989
|heading error|,rad,RUNNING_MPC,0.0043295156277565194
|heading error|,rad,RUNNING_MPC,0.004327276433360754
|heading error|,rad,RUNNING_MPC,0.004043886648636114
|heading error|,rad,RUNNING_MPC,0.003098701344176252
|heading error|,rad,RUNNING_MPC,0.0037665089712795585
|heading error|,rad,RUNNING_MPC,0.003453784658640851
|heading error|,rad,RUNNING_MPC,0.0028616394733059214
|heading error|,rad,RUNNING_MPC,0.005521547300249813
|heading error|,rad,RUNNING_MPC,0.008917834242420167
|heading error|,rad,RUNNING_MPC,0.012439870063090162
|heading error|,rad,RUNNING_MPC,0.01630523444777353
|heading error|,rad,RUNNING_MPC,0.015748411938429685
|heading error|,rad,RUNNING_MPC,0.02062359323606131
|heading error|,rad,RUNNING_MPC,0.021668710212103353
|heading error|,rad,RUNNING_MPC,0.02059632720662668
|heading error|,rad,RUNNING_MPC,0.020142286953413354
|heading error|,rad,RUNNING_MPC,0.02488733970508581
|heading error|,rad,RUNNING_MPC,0.023558591803792245
|heading error|,rad,RUNNING_MPC,0.01879118631668425
|heading error|,rad,RUNNING_MPC,0.022024967539632706
|heading error|,rad,RUNNING_MPC,0.01677255509576861
|heading error|,rad,RUNNING_MPC,0.020621795860962328
|heading error|,rad,RUNNING_MPC,0.016008545893335807
|heading error|,rad,RUNNING_MPC,0.021530915592030964
|heading error|,rad,RUNNING_MPC,0.029260632060931213
|heading error|,rad,RUNNING_MPC,0.031026676697279796
|heading error|,rad,RUNNING_MPC,0.03274560228134937
|heading error|,rad,RUNNING_MPC,0.039553615441611734
|heading error|,rad,RUNNING_MPC,0.04615083638669454
|heading error|,rad,RUNNING_MPC,0.0489297733156508
|heading error|,rad,RUNNING_MPC,0.0426952924500586
|heading error|,rad,RUNNING_MPC,0.04188564281685592
|heading error|,rad,RUNNING_MPC,0.027522803575851573
|heading error|,rad,RUNNING_MPC,0.029485039008963543
|heading error|,rad,RUNNING_MPC,0.014241896004340726
|heading error|,rad,RUNNING_MPC,0.01840628187835358
|heading error|,rad,RUNNING_MPC,0.017307264307537373
|heading error|,rad,RUNNING_MPC,0.009227398920301888
|heading error|,rad,RUNNING_MPC,0.015042708393879
|heading error|,rad,RUNNING_MPC,0.013720507759485634
|heading error|,rad,RUNNING_MPC,0.012696038179552893
|heading error|,rad,RUNNING_MPC,0.015561430256422981
|heading error|,rad,RUNNING_MPC,0.014459243909197061
|heading error|,rad,RUNNING_MPC,0.016611445570567374
|heading error|,rad,RUNNING_MPC,0.02150331147109774
|heading error|,rad,RUNNING_MPC,0.016592438431846546
|heading error|,rad,RUNNING_MPC,0.015318955701795423
|heading error|,rad,RUNNING_MPC,0.011735060996454272
|heading error|,rad,RUNNING_MPC,0.009469901209306355
|heading error|,rad,RUNNING_MPC,0.007403023796352492
|heading error|,rad,RUNNING_MPC,0.0074749697806481006
|heading error|,rad,RUNNING_MPC,0.003682739806097124
|heading error|,rad,RUNNING_MPC,0.004564413649937982
|heading error|,rad,RUNNING_MPC,0.0022886718847051624
|heading error|,rad,RUNNING_MPC,0.003176427708115548
|heading error|,rad,RUNNING_MPC,0.0024138249022417346
|heading error|,rad,RUNNING_MPC,0.005154908113252588
|heading error|,rad,RUNNING_MPC,0.004657819251339679
|heading error|,rad,RUNNING_MPC,0.0042732804951770564
|heading error|,rad,RUNNING_MPC,0.005185632739577173
|heading error|,rad,RUNNING_MPC,0.005944385033910704
|heading error|,rad,RUNNING_MPC,0.0052822721734629985
|heading error|,rad,RUNNING_MPC,0.005378526246028303
|heading error|,rad,RUNNING_MPC,0.004380717135946565
|heading error|,rad,RUNNING_MPC,0.004346026642137679
|heading error|,rad,RUNNING_MPC,0.003380011383090853
|heading error|,rad,RUNNING_MPC,0.002352397327000988
|heading error|,rad,RUNNING_MPC,0.0017991865067136237
|heading error|,rad,RUNNING_MPC,0.0010194988129482718
|heading error|,rad,RUNNING_MPC,0.0005749720555041637
|heading error|,rad,RUNNING_MPC,0.0003274725304177606
|heading error|,rad,RUNNING_MPC,0.00021547748574990422
|heading error|,rad,RUNNING_MPC,0.0002347977618001318
|heading error|,rad,RUNNING_MPC,9.651939739641069e-05
|heading error|,rad,RUNNING_MPC,0.00012505655894645695
|heading error|,rad,RUNNING_MPC,0.0006777985545136644
|heading error|,rad,RUNNING_MPC,6.899652884406748e-05
|heading error|,rad,RUNNING_MPC,0.00022649075170833036
|heading error|,rad,RUNNING_MPC,0.00023205369857781655
|heading error|,rad,RUNNING_MPC,0.0010123153911778537
|heading error|,rad,RUNNING_MPC,0.0014517903298378876
|heading error|,rad,RUNNING_MPC,0.0011863493018341442
|heading error|,rad,RUNNING_MPC,0.00018069265980813487
|heading error|,rad,RUNNING_MPC,0.0007381030762524388
|heading error|,rad,RUNNING_MPC,0.0005369600918406769
|heading error|,rad,RUNNING_MPC,0.0033378411179355583
|heading error|,rad,RUNNING_MPC,0.0035365295147234965
|heading error|,rad,RUNNING_MPC,0.00595813966322567
|heading error|,rad,RUNNING_MPC,0.00618794769512887
|heading error|,rad,RUNNING_MPC,0.008529778904477259
|heading error|,rad,RUNNING_MPC,0.011308906846677513
|heading error|,rad,RUNNING_MPC,0.011436344271037568
|heading error|,rad,RUNNING_MPC,0.011827844683647061
|heading error|,rad,RUNNING_MPC,0.0016819998787723778
|heading error|,rad,RUNNING_MPC,0.0018148206045414117
|heading error|,rad,RUNNING_MPC,0.010163029364554155
|heading error|,rad,RUNNING_MPC,0.0011302158312028743
|heading error|,rad,RUNNING_MPC,0.008827345418851107
|heading error|,rad,RUNNING_MPC,0.005512750766829999
|heading error|,rad,RUNNING_MPC,0.006717058755759231
|heading error|,rad,RUNNING_MPC,0.010382099918230803
|heading error|,rad,RUNNING_MPC,0.004478185293901982
|heading error|,rad,RUNNING_MPC,0.01092858798263574
|heading error|,rad,RUNNING_MPC,0.004451206539402785
|heading error|,rad,RUNNING_MPC,0.004739012704805645
|heading error|,rad,RUNNING_MPC,0.0023353231911278365
|heading error|,rad,RUNNING_MPC,0.0025968527505184635
|heading error|,rad,RUNNING_MPC,0.0211723093868727
|heading error|,rad,RUNNING_MPC,0.021058302844225607
|heading error|,rad,RUNNING_MPC,0.0036087593902047466
|heading error|,rad,RUNNING_MPC,0.009857510049981782
|heading error|,rad,RUNNING_MPC,0.0017299159726465868
|heading error|,rad,RUNNING_MPC,0.005578115209902534
|heading error|,rad,RUNNING_MPC,0.01975771087789889
|heading error|,rad,RUNNING_MPC,0.02126279866665864
|heading error|,rad,RUNNING_MPC,0.019587844907399274
|heading error|,rad,RUNNING_MPC,0.006242194673978074
|heading error|,rad,RUNNING_MPC,0.01923481678636274
|heading error|,rad,RUNNING_MPC,0.0073331716895291554
|heading error|,rad,RUNNING_MPC,0.020863821675279726
|heading error|,rad,RUNNING_MPC,0.019803430473800454
|heading error|,rad,RUNNING_MPC,0.03468967776082576
|heading error|,rad,RUNNING_MPC,0.035606233482930794
|heading error|,rad,RUNNING_MPC,0.007738980416388541
|heading error|,rad,RUNNING_MPC,0.023559954592317186
|heading error|,rad,RUNNING_MPC,0.025117480227138556
|heading error|,rad,RUNNING_MPC,0.0134557399491676
|heading error|,rad,RUNNING_MPC,0.015235930744600279
|heading error|,rad,RUNNING_MPC,0.01850346537490022
|heading error|,rad,RUNNING_MPC,0.011230515394856089
|heading error|,rad,RUNNING_MPC,0.02696182031786909
|heading error|,rad,RUNNING_MPC,0.031067264575675102
|heading error|,rad,RUNNING_MPC,0.034188095339908076
|heading error|,rad,RUNNING_MPC,0.03650264104637779
|heading error|,rad,RUNNING_MPC,0.036980948190974416
|heading error|,rad,RUNNING_MPC,0.030761771821497197
|heading error|,rad,RUNNING_MPC,0.024869988442810523
|heading error|,rad,RUNNING_MPC,0.024659201213891535
|heading error|,rad,RUNNING_MPC,0.008795119155239117
|heading error|,rad,RUNNING_MPC,0.013140610213265848
|heading error|,rad,RUNNING_MPC,0.02237205865786218
|heading error|,rad,RUNNING_MPC,0.013080230591981268
|heading error|,rad,RUNNING_MPC,0.024249661361827934
|heading error|,rad,RUNNING_MPC,0.019135976361529083
|heading error|,rad,RUNNING_MPC,0.017950147153680485
|heading error|,rad,RUNNING_MPC,0.010904014841736311
|heading error|,rad,RUNNING_MPC,0.009266988907361329
|heading error|,rad,RUNNING_MPC,0.005884831612740893
|heading error|,rad,RUNNING_MPC,0.0009398508072575584
|heading error|,rad,RUNNING_MPC,0.0005216541779056172
|heading error|,rad,RUNNING_MPC,0.001961144228146638
|heading error|,rad,RUNNING_MPC,0.0021175431784530296
|heading error|,rad,RUNNING_MPC,0.0018742838519765213
|heading error|,rad,RUNNING_MPC,0.0010959200260287627
|heading error|,rad,RUNNING_MPC,0.0032232531047842183
|heading error|,rad,RUNNING_MPC,2.8559805596017892e-05
|heading error|,rad,RUNNING_MPC,8.879322745092288e-05
|heading error|,rad,RUNNING_MPC,0.00026087755706316607
|heading error|,rad,RUNNING_MPC,0.0007045413379176413
|heading error|,rad,RUNNING_MPC,0.0013435165853294961
|heading error|,rad,RUNNING_MPC,0.0026881312802666812
|heading error|,rad,RUNNING_MPC,0.0024913195599769455
|heading error|,rad,RUNNING_MPC,0.00232434148115912
|heading error|,rad,RUNNING_MPC,0.013681529727948229
|heading error|,rad,RUNNING_MPC,0.015246029067822686
|heading error|,rad,RUNNING_MPC,0.001354386113022521
|heading error|,rad,RUNNING_MPC,0.001242082828202706
|heading error|,rad,RUNNING_MPC,0.003886500356894418
|heading error|,rad,RUNNING_MPC,0.015707403895651728
|heading error|,rad,RUNNING_MPC,0.013215825381262201
|heading error|,rad,RUNNING_MPC,0.009510635184361904
|heading error|,rad,RUNNING_MPC,0.01784286386379086
|heading error|,rad,RUNNING_MPC,0.020015132125807744
|heading error|,rad,RUNNING_MPC,0.009861207668110161
|heading error|,rad,RUNNING_MPC,0.010371405979290538
|heading error|,rad,RUNNING_MPC,0.0015444929903214444
|heading error|,rad,RUNNING_MPC,0.008509792443361142
|heading error|,rad,RUNNING_MPC,0.0050902878360437045
|heading error|,rad,RUNNING_MPC,0.001249869305827489
|heading error|,rad,RUNNING_MPC,0.0035364840397469344
|heading error|,rad,RUNNING_MPC,0.026925684614961146
|heading error|,rad,RUNNING_MPC,0.02181062617803309
|heading error|,rad,RUNNING_MPC,0.0041015676158163705
|heading error|,rad,RUNNING_MPC,0.0005842866351115638
|heading error|,rad,RUNNING_MPC,0.0025242309235377625
|heading error|,rad,RUNNING_MPC,0.0013667804845804987
|heading error|,rad,RUNNING_MPC,0.010615845979404515
|heading error|,rad,RUNNING_MPC,0.012928496521115551
|heading error|,rad,RUNNING_MPC,0.04110482824393602
|heading error|,rad,RUNNING_MPC,0.009519634736803756
|heading error|,rad,RUNNING_MPC,0.009644467921374245
|heading error|,rad,RUNNING_MPC,0.0020316287365708813
|heading error|,rad,RUNNING_MPC,0.05375898079317491
|heading error|,rad,RUNNING_MPC,0.031481209169447785
|heading error|,rad,RUNNING_MPC,0.022150083173231666
|heading error|,rad,RUNNING_MPC,0.0019834597812575516
|heading error|,rad,RUNNING_MPC,0.05528029603081703
|heading error|,rad,RUNNING_MPC,0.016980357454391578
|heading error|,rad,RUNNING_MPC,0.0237631361099665
|heading error|,rad,RUNNING_MPC,0.004825336424239823
|heading error|,rad,RUNNING_MPC,0.0010378743856160888
|heading error|,rad,RUNNING_MPC,0.041283231883757154
|heading error|,rad,RUNNING_MPC,0.038369059732569766
|heading error|,rad,RUNNING_MPC,0.03762466256251984
|heading error|,rad,RUNNING_MPC,0.03958466562354845
|heading error|,rad,RUNNING_MPC,0.031070181748112487
|heading error|,rad,RUNNING_MPC,0.03543802594036671
|heading error|,rad,RUNNING_MPC,0.039081399120664
|heading error|,rad,RUNNING_MPC,0.023884560088547
|heading error|,rad,RUNNING_MPC,0.036696974295858054
|heading error|,rad,RUNNING_MPC,0.04094417586439825
|heading error|,rad,RUNNING_MPC,0.03003222768738989
|heading error|,rad,RUNNING_MPC,0.03507481472096786
|heading error|,rad,RUNNING_MPC,0.019422803900509766
|heading error|,rad,RUNNING_MPC,0.023744745331163886
|heading error|,rad,RUNNING_MPC,0.022212013310127787
|heading error|,rad,RUNNING_MPC,0.025296309392472075
|heading error|,rad,RUNNING_MPC,0.014189123411000093
|heading error|,rad,RUNNING_MPC,0.01700093891300125
|heading error|,rad,RUNNING_MPC,0.015045093563809786
|heading error|,rad,RUNNING_MPC,0.01257157373875084
|heading error|,rad,RUNNING_MPC,0.01186594987637646
|heading error|,rad,RUNNING_MPC,0.005681589447304348
|heading error|,rad,RUNNING_MPC,0.004726662520978087
|heading error|,rad,RUNNING_MPC,0.00082622320796788
|heading error|,rad,RUNNING_MPC,0.0007539748855576178
|heading error|,rad,RUNNING_MPC,0.0011858069167169916
|heading error|,rad,RUNNING_MPC,0.0026369887287811537
|heading error|,rad,RUNNING_MPC,0.0016456570933545134
|heading error|,rad,RUNNING_MPC,0.0010667219053148713
|heading error|,rad,RUNNING_MPC,0.0018711681029099925
|heading error|,rad,RUNNING_MPC,0.0036132583999557433
|heading error|,rad,RUNNING_MPC,0.007799040774258082
|heading error|,rad,RUNNING_MPC,0.007968581534008258
|heading error|,rad,RUNNING_MPC,0.010298249033110054
|heading error|,rad,RUNNING_MPC,0.011514782069849572
|heading error|,rad,RUNNING_MPC,0.012903273990487296
|heading error|,rad,RUNNING_MPC,0.017538764877050198
|heading error|,rad,RUNNING_MPC,0.01612206399387195
|heading error|,rad,RUNNING_MPC,0.01573789381191215
|heading error|,rad,RUNNING_MPC,0.015494686166329208
|heading error|,rad,RUNNING_MPC,0.0075562384220031475
|heading error|,rad,RUNNING_MPC,0.007990019384321867
|heading error|,rad,RUNNING_MPC,0.01241032125570829
|heading error|,rad,RUNNING_MPC,0.01130785048532923
|heading error|,rad,RUNNING_MPC,0.012742569920820124
|heading error|,rad,RUNNING_MPC,0.016526905678907466
|heading error|,rad,RUNNING_MPC,0.016068846207687892
|heading error|,rad,RUNNING_MPC,0.014858017568898152
|heading error|,rad,RUNNING_MPC,0.025491852646400748
|heading error|,rad,RUNNING_MPC,0.016565830242200263
|heading error|,rad,RUNNING_MPC,0.020736299717394994
|heading error|,rad,RUNNING_MPC,0.0164855652846152
|heading error|,rad,RUNNING_MPC,0.022318080843476862
|heading error|,rad,RUNNING_MPC,0.00574558833947636
|heading error|,rad,RUNNING_MPC,0.01083127541309037
|heading error|,rad,RUNNING_MPC,0.007207239161826528
|heading error|,rad,RUNNING_MPC,0.0006420957340631528
|heading error|,rad,RUNNING_MPC,0.005300875053320553
|heading error|,rad,RUNNING_MPC,0.004689874296730512
|heading error|,rad,RUNNING_MPC,0.02160079136567883
|heading error|,rad,RUNNING_MPC,0.01475994926070312
|heading error|,rad,RUNNING_MPC,0.01836568868809363
|heading error|,rad,RUNNING_MPC,0.012305110738354497
|heading error|,rad,RUNNING_MPC,0.03348508249143611
|heading error|,rad,RUNNING_MPC,0.04501890152174015
|heading error|,rad,RUNNING_MPC,0.048681909005306334
|heading error|,rad,RUNNING_MPC,0.03549112390425968
|heading error|,rad,RUNNING_MPC,0.056011046419429444
|heading error|,rad,RUNNING_MPC,0.03718424989790714
|heading error|,rad,RUNNING_MPC,0.03301785703744686
|heading error|,rad,RUNNING_MPC,0.03566847137130047
|heading error|,rad,RUNNING_MPC,0.022489681214481468
|heading error|,rad,RUNNING_MPC,0.022475128328373284
|heading error|,rad,RUNNING_MPC,0.017020055182435545
|heading error|,rad,RUNNING_MPC,0.007263777106109259
|heading error|,rad,RUNNING_MPC,0.014079863346370567
|heading error|,rad,RUNNING_MPC,0.007960346681278539
|heading error|,rad,RUNNING_MPC,0.01453393668169456
|heading error|,rad,RUNNING_MPC,0.012054436752302333
|heading error|,rad,RUNNING_MPC,0.0074007356869905125
|heading error|,rad,RUNNING_MPC,0.007034789998055846
|heading error|,rad,RUNNING_MPC,0.005905779112216791
|heading error|,rad,RUNNING_MPC,0.00602847764832104
|heading error|,rad,RUNNING_MPC,0.005953941477237823
|heading error|,rad,RUNNING_MPC,0.0033627156799047597
|heading error|,rad,RUNNING_MPC,0.001701139341556246
|heading error|,rad,RUNNING_MPC,0.0004887510935205341
|heading error|,rad,RUNNING_MPC,0.0018800450067510965
|heading error|,rad,RUNNING_MPC,0.0022670157723982953
|heading error|,rad,RUNNING_MPC,0.002114786982602812
|heading error|,rad,RUNNING_MPC,0.0014260680720665775
|heading error|,rad,RUNNING_MPC,0.0006222826025754634
|heading error|,rad,RUNNING_MPC,0.00038500196702129236
|heading error|,rad,RUNNING_MPC,0.0011886304033259518
|heading error|,rad,RUNNING_MPC,0.0015767542383140487
|heading error|,rad,RUNNING_MPC,0.0018029306265945346
|heading error|,rad,RUNNING_MPC,0.001773546492756406
|heading error|,rad,RUNNING_MPC,0.0015895054471548598
|heading error|,rad,RUNNING_MPC,0.0010885778304556837
|heading error|,rad,RUNNING_MPC,0.0004670783964364489
|heading error|,rad,RUNNING_MPC,0.00034989703123855515
|heading error|,rad,RUNNING_MPC,0.0013068547018963983
|heading error|,rad,RUNNING_MPC,0.0018292507684063433
|heading error|,rad,RUNNING_MPC,0.0023044297045906603
|heading error|,rad,RUNNING_MPC,0.002277731352600565
|heading error|,rad,RUNNING_MPC,0.002177076270980738
|heading error|,rad,RUNNING_MPC,0.0013288461151765851
|heading error|,rad,RUNNING_MPC,0.0009123064140270642
|heading error|,rad,RUNNING_MPC,0.00037836075633013166
|heading error|,rad,RUNNING_MPC,0.0005661030530093036
|heading error|,rad,RUNNING_MPC,0.0010298767112515428
|heading error|,rad,RUNNING_MPC,0.001188470886905435
|heading error|,rad,RUNNING_MPC,0.0010286329356112844
|heading error|,rad,RUNNING_MPC,0.0005877996659222618
|heading error|,rad,RUNNING_MPC,0.00031988566025997756
|heading error|,rad,RUNNING_MPC,0.00028025025917788327
|heading error|,rad,RUNNING_MPC,0.0009758230175260785
|heading error|,rad,RUNNING_MPC,0.0016532969186147106
|heading error|,rad,RUNNING_MPC,0.0019925575925126005
|heading error|,rad,RUNNING_MPC,0.002082639926561658
|heading error|,rad,RUNNING_MPC,0.0017886472579173864
|heading error|,rad,RUNNING_MPC,0.0013734352341776555
|heading error|,rad,RUNNING_MPC,0.0010085715873962011
|heading error|,rad,RUNNING_MPC,0.0005493223604777775
|heading error|,rad,RUNNING_MPC,0.0002646707266564796
|heading error|,rad,RUNNING_MPC,0.00027043763679435173
|heading error|,rad,RUNNING_MPC,0.000596939367072391
|heading error|,rad,RUNNING_MPC,0.0007690186175923763
|heading error|,rad,RUNNING_MPC,0.0008800843070089215
|heading error|,rad,RUNNING_MPC,0.0005505885744128137
|heading error|,rad,RUNNING_MPC,0.00010610515833420207
|heading error|,rad,RUNNING_MPC,0.0004145806342918945
|heading error|,rad,RUNNING_MPC,0.001068802487357079
|heading error|,rad,RUNNING_MPC,0.0014911956720493613
|heading error|,rad,RUNNING_MPC,0.0016975844679154584
|heading error|,rad,RUNNING_MPC,0.0017878688446000268
|heading error|,rad,RUNNING_MPC,0.0017968384675066673
|heading error|,rad,RUNNING_MPC,0.0017290058352883442
|heading error|,rad,RUNNING_MPC,0.0014792320360457192
|heading error|,rad,RUNNING_MPC,0.001149363434456152
|heading error|,rad,RUNNING_MPC,0.0006893989181353533
|heading error|,rad,RUNNING_MPC,0.00041289254738607895
|heading error|,rad,RUNNING_MPC,0.0002278989484914007
|heading error|,rad,RUNNING_MPC,0.00019310451041398838
|heading error|,rad,RUNNING_MPC,0.00035115433366827986
|heading error|,rad,RUNNING_MPC,0.0005335643147730273
|heading error|,rad,RUNNING_MPC,0.0007923930742124163
|heading error|,rad,RUNNING_MPC,0.0009776669341663435
|heading error|,rad,RUNNING_MPC,0.0012339596938786281
|heading error|,rad,RUNNING_MPC,0.001452994368731364
|heading error|,rad,RUNNING_MPC,0.0014699309040837605
|heading error|,rad,RUNNING_MPC,0.001432069755272103
|heading error|,rad,RUNNING_MPC,0.0013597456275054043
|heading error|,rad,RUNNING_MPC,0.001126053232062496
|heading error|,rad,RUNNING_MPC,0.0012693674805701605
|heading error|,rad,RUNNING_MPC,0.0010982546284270533
|heading error|,rad,RUNNING_MPC,0.0007426815988562651
|heading error|,rad,RUNNING_MPC,0.0009374819435481462
|heading error|,rad,RUNNING_MPC,0.0011286436387631937
|heading error|,rad,RUNNING_MPC,0.0012284968902380733
|heading error|,rad,RUNNING_MPC,0.0011491642276646452
|heading error|,rad,RUNNING_MPC,0.0010264355289364422
|heading error|,rad,RUNNING_MPC,0.0007801756942216187
|heading error|,rad,RUNNING_MPC,0.000895402369892384
|heading error|,rad,RUNNING_MPC,0.0004039148881225252
|heading error|,rad,RUNNING_MPC,0.0002290186091222779
|heading error|,rad,RUNNING_MPC,1.384468845655462e-05
|heading error|,rad,RUNNING_MPC,5.226666745627995e-05
|heading error|,rad,RUNNING_MPC,5.743165417859686e-05
|heading error|,rad,RUNNING_MPC,2.1661617069845814e-05
|heading error|,rad,RUNNING_MPC,0.00028773860168751497
|heading error|,rad,RUNNING_MPC,0.0008764882927403406
|heading error|,rad,RUNNING_MPC,0.002719866630609413
|heading error|,rad,RUNNING_MPC,0.001073102415866778
|heading error|,rad,RUNNING_MPC,0.00013711956939932435
|heading error|,rad,RUNNING_MPC,0.0018204155144863063
|heading error|,rad,RUNNING_MPC,0.001537644434503438
|heading error|,rad,RUNNING_MPC,0.0012366546261191047
|heading error|,rad,RUNNING_MPC,0.0003458436021404054
|heading error|,rad,RUNNING_MPC,0.0014819490684838679
|heading error|,rad,RUNNING_MPC,0.0024674286225616626
|heading error|,rad,RUNNING_MPC,0.0029379112601692903
|heading error|,rad,RUNNING_MPC,0.0027892077408813165
|heading error|,rad,RUNNING_MPC,0.0020808278029567084
|heading error|,rad,RUNNING_MPC,0.0013542362966294519
|heading error|,rad,RUNNING_MPC,0.000572012127728172
|heading error|,rad,RUNNING_MPC,0.00011798417711617049
|heading error|,rad,RUNNING_MPC,0.00023208571899280275
|heading error|,rad,RUNNING_MPC,0.0003350194939506501
|heading error|,rad,RUNNING_MPC,0.00028877940895455373
|heading error|,rad,RUNNING_MPC,5.387688062841179e-05
|heading error|,rad,RUNNING_MPC,0.0002419488755709409
|heading error|,rad,RUNNING_MPC,0.0003851018538445494
|heading error|,rad,RUNNING_MPC,0.0005042200358427174
|heading error|,rad,RUNNING_MPC,0.0006660991238058855
|heading error|,rad,RUNNING_MPC,0.0006917230997944834
|heading error|,rad,RUNNING_MPC,0.0007486395319373784
|heading error|,rad,RUNNING_MPC,0.0005429280741791054
|heading error|,rad,RUNNING_MPC,0.0006551030964510041
|heading error|,rad,RUNNING_MPC,0.00048000203399967134
|heading error|,rad,RUNNING_MPC,0.00027639202253926243
|heading error|,rad,RUNNING_MPC,9.883570711233247e-05
|heading error|,rad,RUNNING_MPC,0.00012019261887585841
|heading error|,rad,RUNNING_MPC,0.0001632593903213575
|heading error|,rad,RUNNING_MPC,0.0001457627382532856
|heading error|,rad,RUNNING_MPC,0.000467671344550169
|heading error|,rad,RUNNING_MPC,0.0007100679574634228
|heading error|,rad,RUNNING_MPC,0.0009378484006572484
|heading error|,rad,RUNNING_MPC,0.001172620935737001
|heading error|,rad,RUNNING_MPC,0.0012511366089857923
|heading error|,rad,RUNNING_MPC,0.0014740191643252132
|heading error|,rad,RUNNING_MPC,0.0006085555263415365
|heading error|,rad,RUNNING_MPC,0.0006135405313689724
|heading error|,rad,RUNNING_MPC,0.001257954153184748
|heading error|,rad,RUNNING_MPC,0.001825497009352972
|heading error|,rad,RUNNING_MPC,0.0017594273257350856
|heading error|,rad,RUNNING_MPC,0.0015591760865381055
|heading error|,rad,RUNNING_MPC,0.0010750413098405964
|heading error|,rad,RUNNING_MPC,0.0010485261310826388
|heading error|,rad,RUNNING_MPC,0.000888717201650291
|heading error|,rad,RUNNING_MPC,0.001028310861257431
|heading error|,rad,RUNNING_MPC,0.000932235596139197
|heading error|,rad,RUNNING_MPC,0.001146876147249731
|heading error|,rad,RUNNING_MPC,0.000466223304367297
|heading error|,rad,RUNNING_MPC,0.00043179547990579437
|heading error|,rad,RUNNING_MPC,0.0007576114234955078
|heading error|,rad,RUNNING_MPC,0.004499913422134405
|heading error|,rad,RUNNING_MPC,0.005412871111488471
|heading error|,rad,RUNNING_MPC,0.006695710686374757
|heading error|,rad,RUNNING_MPC,0.00533570672164707
|heading error|,rad,RUNNING_MPC,0.009778467566019522
|heading error|,rad,RUNNING_MPC,0.01121608018323439
|heading error|,rad,RUNNING_MPC,0.0011435667574088981
|heading error|,rad,RUNNING_MPC,0.006717030286726543
|heading error|,rad,RUNNING_MPC,0.004109392652845489
|heading error|,rad,RUNNING_MPC,0.001433724858249441
|heading error|,rad,RUNNING_MPC,0.0030270581904128235
|heading error|,rad,RUNNING_MPC,0.007074736569036678
|heading error|,rad,RUNNING_MPC,0.01368141095009534
|heading error|,rad,RUNNING_MPC,0.005357449554695748
|heading error|,rad,RUNNING_MPC,0.008784500739334788
|heading error|,rad,RUNNING_MPC,0.0233131206234507
|heading error|,rad,RUNNING_MPC,0.025702539255062717
|heading error|,rad,RUNNING_MPC,0.0297258503283091
|heading error|,rad,RUNNING_MPC,0.018094420163922376
|heading error|,rad,RUNNING_MPC,0.031998347958131834
|heading error|,rad,RUNNING_MPC,0.024269624757970565
|heading error|,rad,RUNNING_MPC,0.04059087023286745
|heading error|,rad,RUNNING_MPC,0.03125780397878364
|heading error|,rad,RUNNING_MPC,0.03898265852895344
|heading error|,rad,RUNNING_MPC,0.04440541448230739
|heading error|,rad,RUNNING_MPC,0.04139923974532911
|heading error|,rad,RUNNING_MPC,0.04491281737643238
|heading error|,rad,RUNNING_MPC,0.039821079347926336
|heading error|,rad,RUNNING_MPC,0.027818564886262998
|heading error|,rad,RUNNING_MPC,0.036238393389433465
|heading error|,rad,RUNNING_MPC,0.01521448901951894
|heading error|,rad,RUNNING_MPC,0.032019260265352394
|heading error|,rad,RUNNING_MPC,0.012735435753073787
|heading error|,rad,RUNNING_MPC,0.036393360980683465
|heading error|,rad,RUNNING_MPC,0.014942755719673961
|heading error|,rad,RUNNING_MPC,0.026506322683366612
|heading error|,rad,RUNNING_MPC,0.028878079417171243
|heading error|,rad,RUNNING_MPC,0.03003024398759946
|heading error|,rad,RUNNING_MPC,0.02385038167470732
|heading error|,rad,RUNNING_MPC,0.001872415140583783
|heading error|,rad,RUNNING_MPC,0.0005230392318402721
|heading error|,rad,RUNNING_MPC,0.005248631655443425
|heading error|,rad,RUNNING_MPC,0.01851502106744274
|heading error|,rad,RUNNING_MPC,0.0031472319838679046
|heading error|,rad,RUNNING_MPC,0.014067234757654035
|heading error|,rad,RUNNING_MPC,0.024510063452855665
|heading error|,rad,RUNNING_MPC,0.006757638348480199
|heading error|,rad,RUNNING_MPC,0.015187075349881509
|heading error|,rad,RUNNING_MPC,0.006597391348543091
|heading error|,rad,RUNNING_MPC,0.01886866706494006
|heading error|,rad,RUNNING_MPC,0.021597991403650596
|heading error|,rad,RUNNING_MPC,0.03481540038938524
|heading error|,rad,RUNNING_MPC,0.014714442932748817
|heading error|,rad,RUNNING_MPC,0.028436610228484316
|heading error|,rad,RUNNING_MPC,0.03752886294663815
|heading error|,rad,RUNNING_MPC,0.027451709399630486
|heading error|,rad,RUNNING_MPC,0.037546790632398075
|heading error|,rad,RUNNING_MPC,0.03845871427765846
|heading error|,rad,RUNNING_MPC,0.03961530267031698
|heading error|,rad,RUNNING_MPC,0.03009325658092732
|heading error|,rad,RUNNING_MPC,0.008433876643219929
|heading error|,rad,RUNNING_MPC,0.011181987472520973
|heading error|,rad,RUNNING_MPC,0.01983211939995333
|heading error|,rad,RUNNING_MPC,0.004824200196855254
|heading error|,rad,RUNNING_MPC,0.007864559460856624
|heading error|,rad,RUNNING_MPC,0.008790432111745572
|heading error|,rad,RUNNING_MPC,0.019581382377795276
|heading error|,rad,RUNNING_MPC,0.028133561835084198
|heading error|,rad,RUNNING_MPC,0.024568413918411247
|heading error|,rad,RUNNING_MPC,0.023830414638258635
|heading error|,rad,RUNNING_MPC,0.024991781809277303
|heading error|,rad,RUNNING_MPC,0.019476616708388406
|heading error|,rad,RUNNING_MPC,0.013782518303495195
|heading error|,rad,RUNNING_MPC,0.008433146006314507
|heading error|,rad,RUNNING_MPC,0.005781424521368317
|heading error|,rad,RUNNING_MPC,0.002501852890034018
|heading error|,rad,RUNNING_MPC,0.005760289552040776
|heading error|,rad,RUNNING_MPC,0.00023722963257855056
|heading error|,rad,RUNNING_MPC,0.004446241993915301
|heading error|,rad,RUNNING_MPC,0.005800062906060167
|heading error|,rad,RUNNING_MPC,0.010820219113920615
|heading error|,rad,RUNNING_MPC,0.0005471819013513901
|heading error|,rad,RUNNING_MPC,0.005127263248323466
|heading error|,rad,RUNNING_MPC,0.006337821572286018
|heading error|,rad,RUNNING_MPC,0.003659998371011053
|heading error|,rad,RUNNING_MPC,0.014592283996687438
|heading error|,rad,RUNNING_MPC,0.01968244336066438
|heading error|,rad,RUNNING_MPC,0.002635469039867777
|heading error|,rad,RUNNING_MPC,0.018736074700109517
|heading error|,rad,RUNNING_MPC,0.025506203056450124
|heading error|,rad,RUNNING_MPC,0.01789128127343531
|heading error|,rad,RUNNING_MPC,0.03959497889314534
|heading error|,rad,RUNNING_MPC,0.030666077565842276
|heading error|,rad,RUNNING_MPC,0.017656910354229893
|heading error|,rad,RUNNING_MPC,0.03835723994547502
|heading error|,rad,RUNNING_MPC,0.038649989200103985
|heading error|,rad,RUNNING_MPC,0.011400492583664603
|heading error|,rad,RUNNING_MPC,0.021141270586738425
|heading error|,rad,RUNNING_MPC,0.014284972630902892
|heading error|,rad,RUNNING_MPC,0.02599510484539236
|heading error|,rad,RUNNING_MPC,0.045022979668364986
|heading error|,rad,RUNNING_MPC,0.04453827760350792
|heading error|,rad,RUNNING_MPC,0.043965724128098405
|heading error|,rad,RUNNING_MPC,0.013555863075627173
|heading error|,rad,RUNNING_MPC,0.030373942964050826
|heading error|,rad,RUNNING_MPC,0.019100855655832305
|heading error|,rad,RUNNING_MPC,0.03672694015635169
|heading error|,rad,RUNNING_MPC,0.004914164493082573
|heading error|,rad,RUNNING_MPC,0.024660756166358322
|heading error|,rad,RUNNING_MPC,0.03523724118974458
|heading error|,rad,RUNNING_MPC,0.002235525809707095
|heading error|,rad,RUNNING_MPC,0.035511723630246905
|heading error|,rad,RUNNING_MPC,0.017471779591734096
|heading error|,rad,RUNNING_MPC,0.030970000059645564
|heading error|,rad,RUNNING_MPC,0.012126872135646229
|heading error|,rad,RUNNING_MPC,0.03580079324696639
|heading error|,rad,RUNNING_MPC,0.048264024704541164
|heading error|,rad,RUNNING_MPC,0.0314097085000582
|heading error|,rad,RUNNING_MPC,0.04307960911442521
|heading error|,rad,RUNNING_MPC,0.01484599066647796
|heading error|,rad,RUNNING_MPC,0.01714302028599146
|heading error|,rad,RUNNING_MPC,0.029903203730878403
|heading error|,rad,RUNNING_MPC,0.01300700256415288
|heading error|,rad,RUNNING_MPC,0.044270116916701685
|heading error|,rad,RUNNING_MPC,0.02719784344696441
|heading error|,rad,RUNNING_MPC,0.027511005969918845
|heading error|,rad,RUNNING_MPC,0.009531189520610273
|heading error|,rad,RUNNING_MPC,0.02000576207174065
|heading error|,rad,RUNNING_MPC,0.031026335229986657
|heading error|,rad,RUNNING_MPC,0.03264501407443854
|heading error|,rad,RUNNING_MPC,0.03481326750738311
|heading error|,rad,RUNNING_MPC,0.008841758110289531
|heading error|,rad,RUNNING_MPC,0.012382933103520342
|heading error|,rad,RUNNING_MPC,0.03859263641767807
|heading error|,rad,RUNNING_MPC,0.017827612228641595
|heading error|,rad,RUNNING_MPC,0.023143097577034585
|heading error|,rad,RUNNING_MPC,0.027444629531961695
|heading error|,rad,RUNNING_MPC,0.04063481720212869
|heading error|,rad,RUNNING_MPC,0.05102956875994425
|heading error|,rad,RUNNING_MPC,0.04190587874225438
|heading error|,rad,RUNNING_MPC,0.023674983831674767
|heading error|,rad,RUNNING_MPC,0.03448231715656935
|heading error|,rad,RUNNING_MPC,0.027364952317330497
|heading error|,rad,RUNNING_MPC,0.014346635055236145
|heading error|,rad,RUNNING_MPC,0.03157928467886651
|heading error|,rad,RUNNING_MPC,0.027012019316976058
|heading error|,rad,RUNNING_MPC,0.03759003039022191
|heading error|,rad,RUNNING_MPC,0.02449193552925166
|heading error|,rad,RUNNING_MPC,0.02304917021432562
|heading error|,rad,RUNNING_MPC,0.034052807445215105
|heading error|,rad,RUNNING_MPC,0.030993868034091987
|heading error|,rad,RUNNING_MPC,0.026739790616019166
|heading error|,rad,RUNNING_MPC,0.03168148098862145
|heading error|,rad,RUNNING_MPC,0.035965441154496736
|heading error|,rad,RUNNING_MPC,0.03139804989519024
|heading error|,rad,RUNNING_MPC,0.0294973308447517
|heading error|,rad,RUNNING_MPC,0.02201387633713825
|heading error|,rad,RUNNING_MPC,0.015077796809673805
|heading error|,rad,RUNNING_MPC,0.021182880209251742
|heading error|,rad,RUNNING_MPC,0.013117289836974022
|heading error|,rad,RUNNING_MPC,0.019243984641407866
|heading error|,rad,RUNNING_MPC,0.01774329148322029
|heading error|,rad,RUNNING_MPC,0.013075920595269075
|heading error|,rad,RUNNING_MPC,0.010807116832253216
|heading error|,rad,RUNNING_MPC,0.010690615026635042
|heading error|,rad,RUNNING_MPC,0.008214306527132065
|heading error|,rad,RUNNING_MPC,0.008515598480986597
|heading error|,rad,RUNNING_MPC,0.008515671694670823
|heading error|,rad,RUNNING_MPC,0.005153829577819069
|heading error|,rad,RUNNING_MPC,0.00424662019404054
|heading error|,rad,RUNNING_MPC,0.002033631034894956
|heading error|,rad,RUNNING_MPC,0.000592148783113533
|heading error|,rad,RUNNING_MPC,0.0008852936437515613
|heading error|,rad,RUNNING_MPC,0.0002655707491667769
|heading error|,rad,RUNNING_MPC,0.002023565143874917
|heading error|,rad,RUNNING_MPC,0.0025423579677619212
|heading error|,rad,RUNNING_MPC,0.004415062523104306
|heading error|,rad,RUNNING_MPC,0.004602279636821249
|heading error|,rad,RUNNING_MPC,0.005520561682050618
|heading error|,rad,RUNNING_MPC,0.004793137385896484
|heading error|,rad,RUNNING_MPC,0.0066793280760821805
|heading error|,rad,RUNNING_MPC,0.005089898847172369
|heading error|,rad,RUNNING_MPC,0.005303187051155289
|heading error|,rad,RUNNING_MPC,0.00429519680365642
|heading error|,rad,RUNNING_MPC,0.0051383363080426125
|heading error|,rad,RUNNING_MPC,0.0045548774295878225
|heading error|,rad,RUNNING_MPC,0.008002496982048468
|heading error|,rad,RUNNING_MPC,0.00751503460833658
|heading error|,rad,RUNNING_MPC,0.009368472685507667
|heading error|,rad,RUNNING_MPC,0.01110562597476128
|heading error|,rad,RUNNING_MPC,0.01303076567008099
|heading error|,rad,RUNNING_MPC,0.014490940127469987
|heading error|,rad,RUNNING_MPC,0.013623342985363942
|heading error|,rad,RUNNING_MPC,0.01495788309538093
|heading error|,rad,RUNNING_MPC,0.009102673164317454
|heading error|,rad,RUNNING_MPC,0.009463218346219326
|heading error|,rad,RUNNING_MPC,0.01462169880810882
|heading error|,rad,RUNNING_MPC,0.01328248462921966
|heading error|,rad,RUNNING_MPC,0.011313531370042873
|heading error|,rad,RUNNING_MPC,0.012183650036356686
|heading error|,rad,RUNNING_MPC,0.01271916954135821
|heading error|,rad,RUNNING_MPC,0.010690808884671776
|heading error|,rad,RUNNING_MPC,0.013171593352531485
|heading error|,rad,RUNNING_MPC,0.014653853687675689
|heading error|,rad,RUNNING_MPC,0.01232774309175455
|heading error|,rad,RUNNING_MPC,0.010914388291749177
|heading error|,rad,RUNNING_MPC,0.01619760839358242
|heading error|,rad,RUNNING_MPC,0.015293592597533935
|heading error|,rad,RUNNING_MPC,0.01333655473207973
|heading error|,rad,RUNNING_MPC,0.014837529545433157
|heading error|,rad,RUNNING_MPC,0.016969921574736313
|heading error|,rad,RUNNING_MPC,0.01788584860845943
|heading error|,rad,RUNNING_MPC,0.011864330355079389
|heading error|,rad,RUNNING_MPC,0.013623379512208378
|heading error|,rad,RUNNING_MPC,0.017784299372185175
|heading error|,rad,RUNNING_MPC,0.021106654296799032
|heading error|,rad,RUNNING_MPC,0.0223343040418521
|heading error|,rad,RUNNING_MPC,0.022861839466907452
|heading error|,rad,RUNNING_MPC,0.02462191134158309
|heading error|,rad,RUNNING_MPC,0.016781179156010184
|heading error|,rad,RUNNING_MPC,0.02131483744269014
|heading error|,rad,RUNNING_MPC,0.016109542889730655
|heading error|,rad,RUNNING_MPC,0.01279150186678335
|heading error|,rad,RUNNING_MPC,0.01565342768330713
|heading error|,rad,RUNNING_MPC,0.018504311026874776
|heading error|,rad,RUNNING_MPC,0.017108063110310656
|heading error|,rad,RUNNING_MPC,0.02566177499425515
|heading error|,rad,RUNNING_MPC,0.02964640785963879
|heading error|,rad,RUNNING_MPC,0.02649338148650454
|heading error|,rad,RUNNING_MPC,0.023883018701559677
|heading error|,rad,RUNNING_MPC,0.024305777649493654
|heading error|,rad,RUNNING_MPC,0.020922004143633044
|heading error|,rad,RUNNING_MPC,0.025446051893015964
|heading error|,rad,RUNNING_MPC,0.021727228552627376
|heading error|,rad,RUNNING_MPC,0.018035082307500675
|heading error|,rad,RUNNING_MPC,0.017028178798356997
|heading error|,rad,RUNNING_MPC,0.012980850147691127
|heading error|,rad,RUNNING_MPC,0.01631088464857372
|heading error|,rad,RUNNING_MPC,0.012375544056931921
|heading error|,rad,RUNNING_MPC,0.007917352156582791
|heading error|,rad,RUNNING_MPC,0.014015997895171606
|heading error|,rad,RUNNING_MPC,0.009494295203282543
|heading error|,rad,RUNNING_MPC,0.013449194386630475
|heading error|,rad,RUNNING_MPC,0.018837176314271953
|heading error|,rad,RUNNING_MPC,0.017534866633987595
|heading error|,rad,RUNNING_MPC,0.015837858024953744
|heading error|,rad,RUNNING_MPC,0.01667081284786101
|heading error|,rad,RUNNING_MPC,0.015725055437137175
|heading error|,rad,RUNNING_MPC,0.011234312524339513
|heading error|,rad,RUNNING_MPC,0.009753171383077464
|heading error|,rad,RUNNING_MPC,0.011059998376795499
|heading error|,rad,RUNNING_MPC,0.008403774940638542
|heading error|,rad,RUNNING_MPC,0.006212087261363075
|heading error|,rad,RUNNING_MPC,0.007962672602611546
|heading error|,rad,RUNNING_MPC,0.004583011266701659
|heading error|,rad,RUNNING_MPC,0.006657185484352707
|heading error|,rad,RUNNING_MPC,0.00576850928216513
|heading error|,rad,RUNNING_MPC,0.0050518491784544714
|heading error|,rad,RUNNING_MPC,0.00541767910454144
|heading error|,rad,RUNNING_MPC,0.0046167099799606925
|heading error|,rad,RUNNING_MPC,0.005823192832037555
|heading error|,rad,RUNNING_MPC,0.004856563447946938
|heading error|,rad,RUNNING_MPC,0.004397304859735218
|heading error|,rad,RUNNING_MPC,0.003833156090133072
|heading error|,rad,RUNNING_MPC,0.0036708349462761525
|heading error|,rad,RUNNING_MPC,0.0023976216904616344
|heading error|,rad,RUNNING_MPC,0.0018162710690965563
|heading error|,rad,RUNNING_MPC,0.0015150321270880895
|heading error|,rad,RUNNING_MPC,0.0013232722726720797
|heading error|,rad,RUNNING_MPC,0.0008675929418625605
|heading error|,rad,RUNNING_MPC,0.00043547328333454205
|heading error|,rad,RUNNING_MPC,0.0002307614417299542
|heading error|,rad,RUNNING_MPC,9.774022613595612e-05
|heading error|,rad,RUNNING_MPC,9.729506484762451e-05
|heading error|,rad,RUNNING_MPC,0.00023443746561814527
|heading error|,rad,RUNNING_MPC,0.00039306907664270196
|heading error|,rad,RUNNING_MPC,0.0006114126201532816
|heading error|,rad,RUNNING_MPC,0.0008846477806977171
|heading error|,rad,RUNNING_MPC,0.0010353815860737194
|heading error|,rad,RUNNING_MPC,0.0012617861570347888
|heading error|,rad,RUNNING_MPC,0.0013188315914629267
|heading error|,rad,RUNNING_MPC,0.0011699398531297145
|heading error|,rad,RUNNING_MPC,0.0010091376890722786
|heading error|,rad,RUNNING_MPC,0.0007628052084475007
|heading error|,rad,RUNNING_MPC,0.0006194691178386391
|heading error|,rad,RUNNING_MPC,0.0006593600775768037
|heading error|,rad,RUNNING_MPC,0.0007412591170947724
|heading error|,rad,RUNNING_MPC,0.000860682527163939
|heading error|,rad,RUNNING_MPC,0.0010069776634238498
|heading error|,rad,RUNNING_MPC,0.0012232877355337346
|heading error|,rad,RUNNING_MPC,0.0014573661360315487
|heading error|,rad,RUNNING_MPC,0.0014160200749726432
|heading error|,rad,RUNNING_MPC,0.0013283931866260726
|heading error|,rad,RUNNING_MPC,0.0012849108831175515
|heading error|,rad,RUNNING_MPC,0.0011204458311099286
|heading error|,rad,RUNNING_MPC,0.0009792942081907063
|heading error|,rad,RUNNING_MPC,0.0009220261529429424
|heading error|,rad,RUNNING_MPC,0.0006989787670092507
|heading error|,rad,RUNNING_MPC,0.0007638463777609877
|heading error|,rad,RUNNING_MPC,0.0008072197322604446
|heading error|,rad,RUNNING_MPC,0.0008823348502449285
|heading error|,rad,RUNNING_MPC,0.0008950888500213333
|heading error|,rad,RUNNING_MPC,0.001127199761437811
|heading error|,rad,RUNNING_MPC,0.0012034215233115986
|heading error|,rad,RUNNING_MPC,0.0013593990846265946
|heading error|,rad,RUNNING_MPC,0.0014710291385849616
|heading error|,rad,RUNNING_MPC,0.0014865213929040333
|heading error|,rad,RUNNING_MPC,0.0015312634903643788
|heading error|,rad,RUNNING_MPC,0.0013492512649753011
|heading error|,rad,RUNNING_MPC,0.0013548139206104454
|heading error|,rad,RUNNING_MPC,0.0011365982368303773
|heading error|,rad,RUNNING_MPC,0.0011526745035646685
|heading error|,rad,RUNNING_MPC,0.00114054965809976
|heading error|,rad,RUNNING_MPC,0.0011724942534690336
|heading error|,rad,RUNNING_MPC,0.0010335992491631307
|heading error|,rad,RUNNING_MPC,0.0012348069449109877
|heading error|,rad,RUNNING_MPC,0.001184132822471276
|heading error|,rad,RUNNING_MPC,0.0012682922626853221
|heading error|,rad,RUNNING_MPC,0.001264629890721028
|heading error|,rad,RUNNING_MPC,0.0013875450696646252
|heading error|,rad,RUNNING_MPC,0.001275213944455733
|heading error|,rad,RUNNING_MPC,0.0011459240468597587
|heading error|,rad,RUNNING_MPC,0.001233970563440448
|heading error|,rad,RUNNING_MPC,0.0009374269698727289
|heading error|,rad,RUNNING_MPC,0.0009103094254691997
|heading error|,rad,RUNNING_MPC,0.000860940379198108
|heading error|,rad,RUNNING_MPC,0.0008807980193761555
|heading error|,rad,RUNNING_MPC,0.0009720720920063236
|heading error|,rad,RUNNING_MPC,0.0010960972213893971
|heading error|,rad,RUNNING_MPC,0.0012101377314898132
|heading error|,rad,RUNNING_MPC,0.001310102247872369
|heading error|,rad,RUNNING_MPC,0.0012218271042390566
|heading error|,rad,RUNNING_MPC,0.0012831866049170942
|heading error|,rad,RUNNING_MPC,0.0012058691818127992
|heading error|,rad,RUNNING_MPC,0.001270445539799686
|heading error|,rad,RUNNING_MPC,0.0010173249616147737
|heading error|,rad,RUNNING_MPC,0.0010775743402494514
|heading error|,rad,RUNNING_MPC,0.001149296011117934
|heading error|,rad,RUNNING_MPC,0.0009931979433553534
|heading error|,rad,RUNNING_MPC,0.0009281518018220137
|heading error|,rad,RUNNING_MPC,0.0011375894906930084
|heading error|,rad,RUNNING_MPC,0.0012096060051659946
|heading error|,rad,RUNNING_MPC,0.0001870933567137828
|heading error|,rad,RUNNING_MPC,1.6833295235302304e-05
|heading error|,rad,RUNNING_MPC,0.0010005739988824675
|heading error|,rad,RUNNING_MPC,0.00037120106446149326
|heading error|,rad,RUNNING_MPC,0.0039002981363219225
|heading error|,rad,RUNNING_MPC,0.0028022850885285333
|heading error|,rad,RUNNING_MPC,0.008007687271629808
|heading error|,rad,RUNNING_MPC,0.00936234714631101
|heading error|,rad,RUNNING_MPC,0.01472865597618941
|heading error|,rad,RUNNING_MPC,0.015133620800339443
|heading error|,rad,RUNNING_MPC,0.010754814960459923
|heading error|,rad,RUNNING_MPC,0.018978988196613242
|heading error|,rad,RUNNING_MPC,0.012460491670630321
|heading error|,rad,RUNNING_MPC,0.015811516633381477
|heading error|,rad,RUNNING_MPC,0.01163474051750582
|heading error|,rad,RUNNING_MPC,0.01161456772835312
|heading error|,rad,RUNNING_MPC,0.012102017155467354
|heading error|,rad,RUNNING_MPC,0.01704338824757369
|heading error|,rad,RUNNING_MPC,0.022531734858607988
|heading error|,rad,RUNNING_MPC,0.019533971220469987
|heading error|,rad,RUNNING_MPC,0.016259791232581037
|heading error|,rad,RUNNING_MPC,0.024080237392670983
|heading error|,rad,RUNNING_MPC,0.026430608849912413
|heading error|,rad,RUNNING_MPC,0.0251239950818537
|heading error|,rad,RUNNING_MPC,0.028788142943087236
|heading error|,rad,RUNNING_MPC,0.03073970165040207
|heading error|,rad,RUNNING_MPC,0.03704410453674961
|heading error|,rad,RUNNING_MPC,0.026278961472018303
|heading error|,rad,RUNNING_MPC,0.04255216123780059
|heading error|,rad,RUNNING_MPC,0.026884257154232205
|heading error|,rad,RUNNING_MPC,0.034435443707452884
|heading error|,rad,RUNNING_MPC,0.027915421914434524
|heading error|,rad,RUNNING_MPC,0.035443961455469915
|heading error|,rad,RUNNING_MPC,0.03305755448821345
|heading error|,rad,RUNNING_MPC,0.04367852116149318
|heading error|,rad,RUNNING_MPC,0.03329647509178946
|heading error|,rad,RUNNING_MPC,0.03677403202444496
|heading error|,rad,RUNNING_MPC,0.03072535938091603
|heading error|,rad,RUNNING_MPC,0.03721289454948595
|heading error|,rad,RUNNING_MPC,0.037993099915850974
|heading error|,rad,RUNNING_MPC,0.03828711575473387
|heading error|,rad,RUNNING_MPC,0.029594704238073307
|heading error|,rad,RUNNING_MPC,0.026886875642891828
|heading error|,rad,RUNNING_MPC,0.03476143180378721
|heading error|,rad,RUNNING_MPC,0.035254885300304406
|heading error|,rad,RUNNING_MPC,0.04153094561559223
|heading error|,rad,RUNNING_MPC,0.034632517913377514
|heading error|,rad,RUNNING_MPC,0.028989479866778245
|heading error|,rad,RUNNING_MPC,0.036421783977670596
|heading error|,rad,RUNNING_MPC,0.027419036633025366
|heading error|,rad,RUNNING_MPC,0.026270278645279088
|heading error|,rad,RUNNING_MPC,0.02624621627849555
|heading error|,rad,RUNNING_MPC,0.030702151992479054
|heading error|,rad,RUNNING_MPC,0.026752116114282964
|heading error|,rad,RUNNING_MPC,0.02154445194573129
|heading error|,rad,RUNNING_MPC,0.0248716073486146
|heading error|,rad,RUNNING_MPC,0.0181842057105015
|heading error|,rad,RUNNING_MPC,0.013358174924154252
|heading error|,rad,RUNNING_MPC,0.014407796083985682
|heading error|,rad,RUNNING_MPC,0.010257015463605246
|heading error|,rad,RUNNING_MPC,0.006817231123215085
|heading error|,rad,RUNNING_MPC,0.006425644436633071
|heading error|,rad,RUNNING_MPC,0.002102454544108845
|heading error|,rad,RUNNING_MPC,0.002318789858519743
|heading error|,rad,RUNNING_MPC,0.0030952005261462023
|heading error|,rad,RUNNING_MPC,0.00994421890996433
|heading error|,rad,RUNNING_MPC,0.010460521766374464
|heading error|,rad,RUNNING_MPC,0.013907868673605384
|heading error|,rad,RUNNING_MPC,0.012092173652938687
|heading error|,rad,RUNNING_MPC,0.012007167263601513
|heading error|,rad,RUNNING_MPC,0.0076129584370054895
|heading error|,rad,RUNNING_MPC,0.0076129584370054895
|heading error|,rad,RUNNING_MPC,0.0028236283860159084
|heading error|,rad,RUNNING_MPC,0.0017902142413328548
|heading error|,rad,RUNNING_MPC,0.0011862618104525602
|heading error|,rad,RUNNING_MPC,0.0019240424593174321
|heading error|,rad,RUNNING_MPC,0.0022750379324589787
|heading error|,rad,RUNNING_MPC,0.0033246189270053073
|heading error|,rad,RUNNING_MPC,0.0034344353004160943
|heading error|,rad,RUNNING_MPC,0.0037827792229947477
|heading error|,rad,RUNNING_MPC,0.0060673234589196925
|heading error|,rad,RUNNING_MPC,0.006059547628810336
|heading error|,rad,RUNNING_MPC,0.005561180135754906
|heading error|,rad,RUNNING_MPC,0.00708834407828518
|heading error|,rad,RUNNING_MPC,0.00708420726291159
|heading error|,rad,RUNNING_MPC,0.004684558697000352
|heading error|,rad,RUNNING_MPC,0.0058436248740885155
|heading error|,rad,RUNNING_MPC,0.004288066267350788
|heading error|,rad,RUNNING_MPC,0.0038341251522382436
|heading error|,rad,RUNNING_MPC,0.0046949954361521495
|heading error|,rad,RUNNING_MPC,0.0036332319147514003
|heading error|,rad,RUNNING_MPC,0.004934502642233385
|heading error|,rad,RUNNING_MPC,0.0041992179355943016
|heading error|,rad,RUNNING_MPC,0.003935336705130909
|heading error|,rad,RUNNING_MPC,0.004972972132057274
|heading error|,rad,RUNNING_MPC,0.004031411260406292
|heading error|,rad,RUNNING_MPC,0.003404972290763642
|heading error|,rad,RUNNING_MPC,0.004882214028718135
|heading error|,rad,RUNNING_MPC,0.005387322628194635
|heading error|,rad,RUNNING_MPC,0.004230431498894571
|heading error|,rad,RUNNING_MPC,0.005926028448689945
|heading error|,rad,RUNNING_MPC,0.005504622039775642
|heading error|,rad,RUNNING_MPC,0.005718063490780967
|heading error|,rad,RUNNING_MPC,0.004217870732057927
|heading error|,rad,RUNNING_MPC,0.003510230758696276
|heading error|,rad,RUNNING_MPC,0.0026095538367698627
|heading error|,rad,RUNNING_MPC,0.0008231114183387955
|heading error|,rad,RUNNING_MPC,0.00034653897573644343
|heading error|,rad,RUNNING_MPC,0.002576666013384798
|heading error|,rad,RUNNING_MPC,0.00470801083486827
|heading error|,rad,RUNNING_MPC,0.006222828595844776
|heading error|,rad,RUNNING_MPC,0.006057314349316334
|heading error|,rad,RUNNING_MPC,0.005041863192387641
|heading error|,rad,RUNNING_MPC,0.00410604677102322
|heading error|,rad,RUNNING_MPC,0.003485745709561394
|heading error|,rad,RUNNING_MPC,0.0019351274884082947
|heading error|,rad,RUNNING_MPC,0.0018436528411840403
|heading error|,rad,RUNNING_MPC,0.0014787114528698186
|heading error|,rad,RUNNING_MPC,0.0013962382010204164
|heading error|,rad,RUNNING_MPC,0.002083292090956146
|heading error|,rad,RUNNING_MPC,0.0018652030845789371
|heading error|,rad,RUNNING_MPC,0.0018130970683098992
|heading error|,rad,RUNNING_MPC,0.0021319215114021794
|heading error|,rad,RUNNING_MPC,0.0022362434555343036
|heading error|,rad,RUNNING_MPC,0.0017882781920888215
|heading error|,rad,RUNNING_MPC,0.0018168667656757176
|heading error|,rad,RUNNING_MPC,0.0013954006424792276
|heading error|,rad,RUNNING_MPC,0.001454742255051711
|heading error|,rad,RUNNING_MPC,0.0012746992480943131
|heading error|,rad,RUNNING_MPC,0.0011763221626206466
|heading error|,rad,RUNNING_MPC,0.0010663809456630258
|heading error|,rad,RUNNING_MPC,0.0011743263399468518
|heading error|,rad,RUNNING_MPC,0.001064725035639258
|heading error|,rad,RUNNING_MPC,0.0011216048619286934
|heading error|,rad,RUNNING_MPC,0.0009763785701042416
|heading error|,rad,RUNNING_MPC,0.0008029678408851826
|heading error|,rad,RUNNING_MPC,4.246220328485428e-05
|heading error|,rad,RUNNING_MPC,0.00038493249401794216
|heading error|,rad,RUNNING_MPC,0.0007647919047426566
|heading error|,rad,RUNNING_MPC,0.0002871129196142519
|heading error|,rad,RUNNING_MPC,0.00011332616055215183
|heading error|,rad,RUNNING_MPC,0.002685915921972759
|heading error|,rad,RUNNING_MPC,0.003123980603819243
|heading error|,rad,RUNNING_MPC,0.003257906669514865
|heading error|,rad,RUNNING_MPC,0.006218617696462259
|heading error|,rad,RUNNING_MPC,0.0061870379739965555
|heading error|,rad,RUNNING_MPC,0.005386582900294591
|heading error|,rad,RUNNING_MPC,0.009066162462290084
|heading error|,rad,RUNNING_MPC,0.007727184172483526
|heading error|,rad,RUNNING_MPC,0.011761378152363779
|heading error|,rad,RUNNING_MPC,0.010884955599245627
|heading error|,rad,RUNNING_MPC,0.009606571978594047
|heading error|,rad,RUNNING_MPC,0.013800263810143543
|heading error|,rad,RUNNING_MPC,0.012513201123085738
|heading error|,rad,RUNNING_MPC,0.0100282985381146
|heading error|,rad,RUNNING_MPC,0.012262779392649525
|heading error|,rad,RUNNING_MPC,0.009743018157827521
|heading error|,rad,RUNNING_MPC,0.01124895983319929
|heading error|,rad,RUNNING_MPC,0.01731093340642076
|heading error|,rad,RUNNING_MPC,0.015371439343498494
|heading error|,rad,RUNNING_MPC,0.018013211543783436
|heading error|,rad,RUNNING_MPC,0.01325240563837471
|heading error|,rad,RUNNING_MPC,0.022396117504721366
|heading error|,rad,RUNNING_MPC,0.021907883807299466
|heading error|,rad,RUNNING_MPC,0.032819846870718594
|heading error|,rad,RUNNING_MPC,0.031157720737708727
|heading error|,rad,RUNNING_MPC,0.0378659830288739
|heading error|,rad,RUNNING_MPC,0.03558175407316555
|heading error|,rad,RUNNING_MPC,0.03206894155444106
|heading error|,rad,RUNNING_MPC,0.015939578399675636
|heading error|,rad,RUNNING_MPC,0.0048098419812923066
|heading error|,rad,RUNNING_MPC,0.0022003554037672846
|heading error|,rad,RUNNING_MPC,0.006475239905338714
|heading error|,rad,RUNNING_MPC,0.009651100413322844
|heading error|,rad,RUNNING_MPC,0.011873953436689844
|heading error|,rad,RUNNING_MPC,0.01116109433744028
|heading error|,rad,RUNNING_MPC,0.011700958979143028
|heading error|,rad,RUNNING_MPC,0.01111409979960465
|heading error|,rad,RUNNING_MPC,0.01167828927220449
|heading error|,rad,RUNNING_MPC,0.008497918131618265
|heading error|,rad,RUNNING_MPC,0.014090023788566608
|heading error|,rad,RUNNING_MPC,0.015735003437778783
|heading error|,rad,RUNNING_MPC,0.00700096818539353
|heading error|,rad,RUNNING_MPC,0.013712170303585182
|heading error|,rad,RUNNING_MPC,0.019502099402102454
|heading error|,rad,RUNNING_MPC,0.022251682902536096
|heading error|,rad,RUNNING_MPC,0.017992812850132767
|heading error|,rad,RUNNING_MPC,0.014934581731078644
|heading error|,rad,RUNNING_MPC,0.03310252471680375
|heading error|,rad,RUNNING_MPC,0.02917478969054854
|heading error|,rad,RUNNING_MPC,0.024176577711344738
|heading error|,rad,RUNNING_MPC,0.0357729231098034
|heading error|,rad,RUNNING_MPC,0.046777766146559596
|heading error|,rad,RUNNING_MPC,0.044372315077053415
|heading error|,rad,RUNNING_MPC,0.0419836571089931
|heading error|,rad,RUNNING_MPC,0.04855881632405201
|heading error|,rad,RUNNING_MPC,0.040873258066072005
|heading error|,rad,RUNNING_MPC,0.031656355048311546
|heading error|,rad,RUNNING_MPC,0.03679920307584439
|heading error|,rad,RUNNING_MPC,0.02532948763576126
|heading error|,rad,RUNNING_MPC,0.019556933427746784
|heading error|,rad,RUNNING_MPC,0.02234499543641566
|heading error|,rad,RUNNING_MPC,0.012356700244501306
|heading error|,rad,RUNNING_MPC,0.01608254091516348
|heading error|,rad,RUNNING_MPC,0.014874109436572303
|heading error|,rad,RUNNING_MPC,0.014587640643167754
|heading error|,rad,RUNNING_MPC,0.012863849246603998
|heading error|,rad,RUNNING_MPC,0.016974298150494338
|heading error|,rad,RUNNING_MPC,0.016789186234539066
|heading error|,rad,RUNNING_MPC,0.017727727730637355
|heading error|,rad,RUNNING_MPC,0.013194337357261166
|heading error|,rad,RUNNING_MPC,0.008575854738241517
|heading error|,rad,RUNNING_MPC,0.0005935943619634898
|heading error|,rad,RUNNING_MPC,0.005607282335812869
|heading error|,rad,RUNNING_MPC,0.010607513418016135
|heading error|,rad,RUNNING_MPC,0.011782884219956546
|heading error|,rad,RUNNING_MPC,0.01617512961039047
|heading error|,rad,RUNNING_MPC,0.01318872432276752
|heading error|,rad,RUNNING_MPC,0.01169679177193661
|heading error|,rad,RUNNING_MPC,0.009239811078195269
|heading error|,rad,RUNNING_MPC,0.013223732526954413
|heading error|,rad,RUNNING_MPC,0.014977150090285106
|heading error|,rad,RUNNING_MPC,0.016500137864942088
|heading error|,rad,RUNNING_MPC,0.012704259875940815
|heading error|,rad,RUNNING_MPC,0.019820778912956083
|heading error|,rad,RUNNING_MPC,0.01710202965589858
|heading error|,rad,RUNNING_MPC,0.02750157986222601
|heading error|,rad,RUNNING_MPC,0.03068262558371182
|heading error|,rad,RUNNING_MPC,0.0208959701957816
|heading error|,rad,RUNNING_MPC,0.017343858910478405
|heading error|,rad,RUNNING_MPC,0.02197986657200368
|heading error|,rad,RUNNING_MPC,0.014576540039518804
|heading error|,rad,RUNNING_MPC,0.003040100248507649
|heading error|,rad,RUNNING_MPC,0.013157448699150143
|heading error|,rad,RUNNING_MPC,0.0028542340087414075
|heading error|,rad,RUNNING_MPC,0.003110703091739442
|heading error|,rad,RUNNING_MPC,0.01510201741719741
|heading error|,rad,RUNNING_MPC,0.01780602960271982
|heading error|,rad,RUNNING_MPC,0.02325400276690348
|heading error|,rad,RUNNING_MPC,0.02169841878329759
|heading error|,rad,RUNNING_MPC,0.04775884308186341
|heading error|,rad,RUNNING_MPC,0.05271076584680645
|heading error|,rad,RUNNING_MPC,0.058809482085479425
|heading error|,rad,RUNNING_MPC,0.06537831977407182
|heading error|,rad,RUNNING_MPC,0.05281842760942746
|heading error|,rad,RUNNING_MPC,0.049304603776140654
|heading error|,rad,RUNNING_MPC,0.048560614232267096
|heading error|,rad,RUNNING_MPC,0.04540196364824722
|heading error|,rad,RUNNING_MPC,0.02985036022596455
|heading error|,rad,RUNNING_MPC,0.016939832452151693
|heading error|,rad,RUNNING_MPC,0.018483600357043217
|heading error|,rad,RUNNING_MPC,0.0025593629854772093
|heading error|,rad,RUNNING_MPC,2.5156468988041247e-05
|heading error|,rad,RUNNING_MPC,0.0016446539900999426
|heading error|,rad,RUNNING_MPC,0.004287616786426195
|heading error|,rad,RUNNING_MPC,0.004963634806856909
|heading error|,rad,RUNNING_MPC,0.003944451756531908
|heading error|,rad,RUNNING_MPC,0.0022940590923403725
|heading error|,rad,RUNNING_MPC,0.0026451692291828977
|heading error|,rad,RUNNING_MPC,0.0038326441668202764
|heading error|,rad,RUNNING_MPC,0.0010133438612451862
|heading error|,rad,RUNNING_MPC,0.005899640032824394
|heading error|,rad,RUNNING_MPC,0.002597341454317448
|heading error|,rad,RUNNING_MPC,0.0077407071478010625
|heading error|,rad,RUNNING_MPC,0.0024792153890556
|heading error|,rad,RUNNING_MPC,0.013871156699275744
|heading error|,rad,RUNNING_MPC,0.007214673833776386
|heading error|,rad,RUNNING_MPC,0.013093279295059101
|heading error|,rad,RUNNING_MPC,0.002115543141897991
|heading error|,rad,RUNNING_MPC,0.01620657747337284
|heading error|,rad,RUNNING_MPC,0.016542931858015475
|heading error|,rad,RUNNING_MPC,0.010088523692750819
|heading error|,rad,RUNNING_MPC,0.03237646160917329
|heading error|,rad,RUNNING_MPC,0.043724247458876375
|heading error|,rad,RUNNING_MPC,0.04875698350797952
|heading error|,rad,RUNNING_MPC,0.05596566316510909
|heading error|,rad,RUNNING_MPC,0.050385014426186585
|heading error|,rad,RUNNING_MPC,0.05239229061198248
|heading error|,rad,RUNNING_MPC,0.02694075738265389
|heading error|,rad,RUNNING_MPC,0.021599762647055213
|heading error|,rad,RUNNING_MPC,0.02249992114732291
|heading error|,rad,RUNNING_MPC,0.025852720159546427
|heading error|,rad,RUNNING_MPC,0.029777858023948722
|heading error|,rad,RUNNING_MPC,0.014749516312824174
|heading error|,rad,RUNNING_MPC,0.02159681265869029
|heading error|,rad,RUNNING_MPC,0.029658037663139014
|heading error|,rad,RUNNING_MPC,0.020252723620626023
|heading error|,rad,RUNNING_MPC,0.020397123974333464
|heading error|,rad,RUNNING_MPC,0.03794548298195721
|heading error|,rad,RUNNING_MPC,0.04542994379223253
|heading error|,rad,RUNNING_MPC,0.04364574737046856
|heading error|,rad,RUNNING_MPC,0.03470760029132247
|heading error|,rad,RUNNING_MPC,0.043976560031335765
|heading error|,rad,RUNNING_MPC,0.045022044053972365
|heading error|,rad,RUNNING_MPC,0.03815841434601985
|heading error|,rad,RUNNING_MPC,0.04605875774099877
|heading error|,rad,RUNNING_MPC,0.05290894983508033
|heading error|,rad,RUNNING_MPC,0.051351088660969595
|heading error|,rad,RUNNING_MPC,0.034966719814770286
|heading error|,rad,RUNNING_MPC,0.03749037620674489
|heading error|,rad,RUNNING_MPC,0.030786321400521732
|heading error|,rad,RUNNING_MPC,0.027557776776018894
|heading error|,rad,RUNNING_MPC,0.021649068536186533
|heading error|,rad,RUNNING_MPC,0.02308524562572689
|heading error|,rad,RUNNING_MPC,0.021292407554107218
|heading error|,rad,RUNNING_MPC,0.017896726504014197
|heading error|,rad,RUNNING_MPC,0.012961795262438791
|heading error|,rad,RUNNING_MPC,0.02560705240450778
|heading error|,rad,RUNNING_MPC,0.027153745312255673
|heading error|,rad,RUNNING_MPC,0.024202165689764854
|heading error|,rad,RUNNING_MPC,0.028508814339041955
|heading error|,rad,RUNNING_MPC,0.027697619440787413
|heading error|,rad,RUNNING_MPC,0.023102680768873007
|heading error|,rad,RUNNING_MPC,0.01501418618297512
|heading error|,rad,RUNNING_MPC,0.01548122688982323
|heading error|,rad,RUNNING_MPC,0.012332854774883995
|heading error|,rad,RUNNING_MPC,0.008745047883246482
|heading error|,rad,RUNNING_MPC,0.008699575309012442
|heading error|,rad,RUNNING_MPC,0.007613944780139992
|heading error|,rad,RUNNING_MPC,0.004773286075407501
|heading error|,rad,RUNNING_MPC,0.002212742720789418
|heading error|,rad,RUNNING_MPC,0.0004064006465869241
|heading error|,rad,RUNNING_MPC,0.005347969084736892
|heading error|,rad,RUNNING_MPC,0.01067045394623234
|heading error|,rad,RUNNING_MPC,0.01532529894599932
|heading error|,rad,RUNNING_MPC,0.018060551075409492
|heading error|,rad,RUNNING_MPC,0.01612836913510307
|heading error|,rad,RUNNING_MPC,0.016065004409368644
|heading error|,rad,RUNNING_MPC,0.011282303935553628
|heading error|,rad,RUNNING_MPC,0.013119617495775504
|heading error|,rad,RUNNING_MPC,0.009247142943793474
|heading error|,rad,RUNNING_MPC,0.017939555753039738
|heading error|,rad,RUNNING_MPC,0.020595221780544293
|heading error|,rad,RUNNING_MPC,0.011656133364781773
|heading error|,rad,RUNNING_MPC,0.026765807408184905
|heading error|,rad,RUNNING_MPC,0.028525115993141004
|heading error|,rad,RUNNING_MPC,0.02963062667946392
|heading error|,rad,RUNNING_MPC,0.03236387435647625
|heading error|,rad,RUNNING_MPC,0.035032732892929186
|heading error|,rad,RUNNING_MPC,0.03808852598567247
|heading error|,rad,RUNNING_MPC,0.03244688284376096
|heading error|,rad,RUNNING_MPC,0.030262326207286527
|heading error|,rad,RUNNING_MPC,0.029893984652563876
|heading error|,rad,RUNNING_MPC,0.018961637025810774
|heading error|,rad,RUNNING_MPC,0.017604291141984252
|heading error|,rad,RUNNING_MPC,0.008742573890343053
|heading error|,rad,RUNNING_MPC,0.006820769305742935
|heading error|,rad,RUNNING_MPC,0.005583573709306844
|heading error|,rad,RUNNING_MPC,0.005724942849490766
|heading error|,rad,RUNNING_MPC,0.0020159870932250357
|heading error|,rad,RUNNING_MPC,7.354564716877121e-05
|heading error|,rad,RUNNING_MPC,0.0019263680411878426
|heading error|,rad,RUNNING_MPC,0.002189654952029052
|heading error|,rad,RUNNING_MPC,0.0011517341826987602
|heading error|,rad,RUNNING_MPC,0.0026415875477887596
|heading error|,rad,RUNNING_MPC,0.004024447191569802
|heading error|,rad,RUNNING_MPC,0.0037626909476324855
|heading error|,rad,RUNNING_MPC,0.0031350117078901008
|heading error|,rad,RUNNING_MPC,0.0013005661314720032
|heading error|,rad,RUNNING_MPC,0.00017470409255437858
|heading error|,rad,RUNNING_MPC,0.0002857728617069455
|heading error|,rad,RUNNING_MPC,0.001125461515583126
|heading error|,rad,RUNNING_MPC,0.001336252394227966
|heading error|,rad,RUNNING_MPC,0.0014718902436774428
|heading error|,rad,RUNNING_MPC,0.0014798499559800504
|heading error|,rad,RUNNING_MPC,0.0010153742551026743
|heading error|,rad,RUNNING_MPC,0.0007177473052411011
|heading error|,rad,RUNNING_MPC,0.0005093827174293962
|heading error|,rad,RUNNING_MPC,0.0003876207490129957
|heading error|,rad,RUNNING_MPC,8.341752250418111e-05
|heading error|,rad,RUNNING_MPC,0.00018854844011428895
|heading error|,rad,RUNNING_MPC,0.0004035929550707529
|heading error|,rad,RUNNING_MPC,0.0006409525469397437
|heading error|,rad,RUNNING_MPC,0.0008940746124950215
|heading error|,rad,RUNNING_MPC,0.000888642486534863
|heading error|,rad,RUNNING_MPC,0.0010047171758840179
|heading error|,rad,RUNNING_MPC,0.0010246905002131435
|heading error|,rad,RUNNING_MPC,0.0007239007946635566
|heading error|,rad,RUNNING_MPC,9.627573664694468e-05
|heading error|,rad,RUNNING_MPC,0.00011162472847825457
|heading error|,rad,RUNNING_MPC,0.0005195725188871236
|heading error|,rad,RUNNING_MPC,0.000884698719643584
|heading error|,rad,RUNNING_MPC,0.0009833314830736128
|heading error|,rad,RUNNING_MPC,0.000985014170613141
|heading error|,rad,RUNNING_MPC,0.0010300493810913025
|heading error|,rad,RUNNING_MPC,0.0008205678862247545
|heading error|,rad,RUNNING_MPC,0.0005258745497527251
|heading error|,rad,RUNNING_MPC,6.572158126871841e-05
|heading error|,rad,RUNNING_MPC,0.00012686272491579942
|heading error|,rad,RUNNING_MPC,0.00030935999487757826
|heading error|,rad,RUNNING_MPC,0.00033855600067589364
|heading error|,rad,RUNNING_MPC,0.000165349225512923
|heading error|,rad,RUNNING_MPC,2.3955565907396448e-05
|heading error|,rad,RUNNING_MPC,0.000445599990626544
|heading error|,rad,RUNNING_MPC,0.000642022672096232
|heading error|,rad,RUNNING_MPC,0.0008776573567366164
|heading error|,rad,RUNNING_MPC,0.0008208536553144796
|heading error|,rad,RUNNING_MPC,0.0005082860642637854
|heading error|,rad,RUNNING_MPC,0.0005397456247875354
|heading error|,rad,RUNNING_MPC,0.00024087344319845272
|heading error|,rad,RUNNING_MPC,4.455232846112267e-05
|heading error|,rad,RUNNING_MPC,2.5704239600798928e-05
|heading error|,rad,RUNNING_MPC,1.3238939702731047e-05
|heading error|,rad,RUNNING_MPC,0.00021972600628039632
|heading error|,rad,RUNNING_MPC,0.0003451355927608368
|heading error|,rad,RUNNING_MPC,0.0004952641397086843
|heading error|,rad,RUNNING_MPC,0.0005834915439177911
|heading error|,rad,RUNNING_MPC,0.0006276609846902482
|heading error|,rad,RUNNING_MPC,0.0006885593768251042
|heading error|,rad,RUNNING_MPC,0.0007138887629563052
|heading error|,rad,RUNNING_MPC,0.0007609071065224349
|heading error|,rad,RUNNING_MPC,0.0008249201917220895
|heading error|,rad,RUNNING_MPC,0.0009417496385664137
|heading error|,rad,RUNNING_MPC,0.000952007915349551
|heading error|,rad,RUNNING_MPC,0.0008571414474611848
|heading error|,rad,RUNNING_MPC,0.0007372882469094398
|heading error|,rad,RUNNING_MPC,0.0007003400217318045
|heading error|,rad,RUNNING_MPC,0.0007846494466430265
|heading error|,rad,RUNNING_MPC,0.000790971026507048
|heading error|,rad,RUNNING_MPC,0.0006370868828797782
|heading error|,rad,RUNNING_MPC,0.0008164507822967515
|heading error|,rad,RUNNING_MPC,0.0008467322771625874
|heading error|,rad,RUNNING_MPC,0.000905189745119106
|heading error|,rad,RUNNING_MPC,0.0009480453927208643
|heading error|,rad,RUNNING_MPC,0.0009251276758468485
|heading error|,rad,RUNNING_MPC,0.0007535961354467879
|heading error|,rad,RUNNING_MPC,0.0005553577895267559
|heading error|,rad,RUNNING_MPC,0.0004612039113585098
|heading error|,rad,RUNNING_MPC,0.00041265637358511853
|heading error|,rad,RUNNING_MPC,0.0004506821699288288
|heading error|,rad,RUNNING_MPC,0.0005027817655149924
|heading error|,rad,RUNNING_MPC,0.0006381304763856122
|heading error|,rad,RUNNING_MPC,0.0007454413270289173
|heading error|,rad,RUNNING_MPC,0.0007728699043325626
|heading error|,rad,RUNNING_MPC,0.0008042109401467101
|heading error|,rad,RUNNING_MPC,0.0008535408726819682
|heading error|,rad,RUNNING_MPC,0.001010885710773124
|heading error|,rad,RUNNING_MPC,0.000907905743482651
|heading error|,rad,RUNNING_MPC,0.0009692073415594749
|heading error|,rad,RUNNING_MPC,0.001162987815108707
|heading error|,rad,RUNNING_MPC,0.0011031179601346253
|heading error|,rad,RUNNING_MPC,0.0012546394489301171
|heading error|,rad,RUNNING_MPC,0.0014081680468027713
|heading error|,rad,RUNNING_MPC,0.0010985274261812172
|heading error|,rad,RUNNING_MPC,0.0009485188512297071
|heading error|,rad,RUNNING_MPC,0.0009129238266041284
|heading error|,rad,RUNNING_MPC,0.0009182554580728919
|heading error|,rad,RUNNING_MPC,0.0006809244846417428
|heading error|,rad,RUNNING_MPC,0.0007748210064879579
|heading error|,rad,RUNNING_MPC,0.0010201495132924343
|heading error|,rad,RUNNING_MPC,0.0009475306037463049
|heading error|,rad,RUNNING_MPC,0.0008253098944113191
|heading error|,rad,RUNNING_MPC,0.0008497722065299307
|heading error|,rad,RUNNING_MPC,0.0008882929775655412
|heading error|,rad,RUNNING_MPC,0.0009878224146206982
|heading error|,rad,RUNNING_MPC,0.0008996850302973592
|heading error|,rad,RUNNING_MPC,0.0011541541479340722
|heading error|,rad,RUNNING_MPC,0.001166381684344131
|heading error|,rad,RUNNING_MPC,0.001120877710709234
|heading error|,rad,RUNNING_MPC,0.0010532884301417411
|heading error|,rad,RUNNING_MPC,0.001282794225121009
|heading error|,rad,RUNNING_MPC,0.000981806582772915
|heading error|,rad,RUNNING_MPC,0.001028371746353951
|heading error|,rad,RUNNING_MPC,0.001015822985549697
|heading error|,rad,RUNNING_MPC,0.0010355516137781073
|heading error|,rad,RUNNING_MPC,0.0008835263334820986
|heading error|,rad,RUNNING_MPC,0.000710253970748642
|heading error|,rad,RUNNING_MPC,0.000782568593313382
|heading error|,rad,RUNNING_MPC,0.0007410831757348469
|heading error|,rad,RUNNING_MPC,0.0009048529709887454
|heading error|,rad,RUNNING_MPC,0.0009489774532349671
|heading error|,rad,RUNNING_MPC,0.0010359142823568313
|heading error|,rad,RUNNING_MPC,0.0009190944631276565
|heading error|,rad,RUNNING_MPC,0.0010991188748739056
|heading error|,rad,RUNNING_MPC,0.001298177617771401
|heading error|,rad,RUNNING_MPC,0.0014882411842647159
|heading error|,rad,RUNNING_MPC,0.001687528918668857
|heading error|,rad,RUNNING_MPC,0.0015080544937235985
|heading error|,rad,RUNNING_MPC,0.00139316482930818
|heading error|,rad,RUNNING_MPC,0.0018573054313426596
|heading error|,rad,RUNNING_MPC,0.0020271310367521167
|heading error|,rad,RUNNING_MPC,0.0022091240706565425
|heading error|,rad,RUNNING_MPC,0.0020472125032440225
|heading error|,rad,RUNNING_MPC,0.0022443019170026446
|heading error|,rad,RUNNING_MPC,0.0024811798230710558
|heading error|,rad,RUNNING_MPC,0.002323884121819386
|heading error|,rad,RUNNING_MPC,0.002006898674875135
|heading error|,rad,RUNNING_MPC,0.0025489713323669783
|heading error|,rad,RUNNING_MPC,0.0022098375084658173
|heading error|,rad,RUNNING_MPC,0.0024476514034832415
|heading error|,rad,RUNNING_MPC,0.0020617349625413617
|heading error|,rad,RUNNING_MPC,0.002187197123870277
|heading error|,rad,RUNNING_MPC,0.0023646757075543867
|heading error|,rad,RUNNING_MPC,0.002639430769597162
|heading error|,rad,RUNNING_MPC,0.002851059489880736
|heading error|,rad,RUNNING_MPC,0.0024314467807178275
|heading error|,rad,RUNNING_MPC,0.0021510848749923817
|heading error|,rad,RUNNING_MPC,0.0029442049703924944
|heading error|,rad,RUNNING_MPC,0.0032839831300854883
|heading error|,rad,RUNNING_MPC,0.00373820529847535
|heading error|,rad,RUNNING_MPC,0.0026326722843914574
|heading error|,rad,RUNNING_MPC,0.003041673813946044
|heading error|,rad,RUNNING_MPC,0.0036855054366156104
|heading error|,rad,RUNNING_MPC,0.004969268368606007
|heading error|,rad,RUNNING_MPC,0.0034975966051784546
|heading error|,rad,RUNNING_MPC,0.0040799882055413406
|heading error|,rad,RUNNING_MPC,0.0038599927677047674
|heading error|,rad,RUNNING_MPC,0.005448303076891481
|heading error|,rad,RUNNING_MPC,0.004207158881220696
|heading error|,rad,RUNNING_MPC,0.004598979261589252
|heading error|,rad,RUNNING_MPC,0.005061171064654867
|heading error|,rad,RUNNING_MPC,0.00448632086052303
|heading error|,rad,RUNNING_MPC,0.005723734708576345
|heading error|,rad,RUNNING_MPC,0.006046587233492495
|heading error|,rad,RUNNING_MPC,0.004635507006747641
|heading error|,rad,RUNNING_MPC,0.002409546841088517
|heading error|,rad,RUNNING_MPC,0.0006785516784311163
|heading error|,rad,RUNNING_MPC,0.002143513460623136
|heading error|,rad,RUNNING_MPC,0.0008697328880886701
|heading error|,rad,RUNNING_MPC,1.724329660968138e-05
|heading error|,rad,RUNNING_MPC,0.00486790277497251
|heading error|,rad,RUNNING_MPC,0.003877564589739091
|heading error|,rad,RUNNING_MPC,0.0056228023296407414
|heading error|,rad,RUNNING_MPC,0.009979787199934531
|heading error|,rad,RUNNING_MPC,0.008960359866334588
|heading error|,rad,RUNNING_MPC,0.008752066450671947
|heading error|,rad,RUNNING_MPC,0.013026601094287216
|heading error|,rad,RUNNING_MPC,0.008428402114722289
|heading error|,rad,RUNNING_MPC,0.012369156933036862
|heading error|,rad,RUNNING_MPC,0.007096979353180544
|heading error|,rad,RUNNING_MPC,0.012699709965418469
|heading error|,rad,RUNNING_MPC,0.011867558866340389
|heading error|,rad,RUNNING_MPC,0.002176518732508903
|heading error|,rad,RUNNING_MPC,0.014727828035224988
|heading error|,rad,RUNNING_MPC,0.014746836743583458
|heading error|,rad,RUNNING_MPC,0.015516097855436062
|heading error|,rad,RUNNING_MPC,0.021863690489982268
|heading error|,rad,RUNNING_MPC,0.01798381303066776
|heading error|,rad,RUNNING_MPC,0.013869623163766942
|heading error|,rad,RUNNING_MPC,0.024876558860153164
|heading error|,rad,RUNNING_MPC,0.024373259832635163
|heading error|,rad,RUNNING_MPC,0.01820326337171707
|heading error|,rad,RUNNING_MPC,0.0145282913460818
|heading error|,rad,RUNNING_MPC,0.022244311581708143
|heading error|,rad,RUNNING_MPC,0.00011711945770365162
|heading error|,rad,RUNNING_MPC,0.009551645230835515
|heading error|,rad,RUNNING_MPC,0.007422902858812197
|heading error|,rad,RUNNING_MPC,0.018647311885465534
|heading error|,rad,RUNNING_MPC,0.030323715642975646
|heading error|,rad,RUNNING_MPC,0.02931536281779401
|heading error|,rad,RUNNING_MPC,0.04586439927021324
|heading error|,rad,RUNNING_MPC,0.043411342357783766
|heading error|,rad,RUNNING_MPC,0.045557103817188686
|heading error|,rad,RUNNING_MPC,0.03700731050644901
|heading error|,rad,RUNNING_MPC,0.03260454015808146
|heading error|,rad,RUNNING_MPC,0.017883939056690945
|heading error|,rad,RUNNING_MPC,0.009575846272777522
|heading error|,rad,RUNNING_MPC,0.01124982024161314
|heading error|,rad,RUNNING_MPC,0.00508204832376169
|heading error|,rad,RUNNING_MPC,0.019567514124921193
|heading error|,rad,RUNNING_MPC,0.01355915622548931
|heading error|,rad,RUNNING_MPC,6.8649496363093485e-06
|heading error|,rad,RUNNING_MPC,0.015619211743516548
|heading error|,rad,RUNNING_MPC,0.014897934607552623
|heading error|,rad,RUNNING_MPC,0.014184272255505892
|heading error|,rad,RUNNING_MPC,0.01572339477880913
|heading error|,rad,RUNNING_MPC,0.04600840926377581
|heading error|,rad,RUNNING_MPC,0.03700997960091579
|heading error|,rad,RUNNING_MPC,0.044193788506146074
|heading error|,rad,RUNNING_MPC,0.03735307600198734
|heading error|,rad,RUNNING_MPC,0.045470140704617634
|heading error|,rad,RUNNING_MPC,0.05261797328909746
|heading error|,rad,RUNNING_MPC,0.04227719028259758
|heading error|,rad,RUNNING_MPC,0.03467584699682469
|heading error|,rad,RUNNING_MPC,0.03536093333013213
|heading error|,rad,RUNNING_MPC,0.022059481967749317
|heading error|,rad,RUNNING_MPC,0.027743592107668302
|heading error|,rad,RUNNING_MPC,0.01307974852801852
|heading error|,rad,RUNNING_MPC,0.016669001409503004
|heading error|,rad,RUNNING_MPC,0.011948593156913212
|heading error|,rad,RUNNING_MPC,0.01860589074626695
|heading error|,rad,RUNNING_MPC,0.021378539806004238
|heading error|,rad,RUNNING_MPC,0.01641666698606281
|heading error|,rad,RUNNING_MPC,0.02503176875680868
|heading error|,rad,RUNNING_MPC,0.025536971064062716
|heading error|,rad,RUNNING_MPC,0.03066656286239544
|heading error|,rad,RUNNING_MPC,0.03055985224689728
|heading error|,rad,RUNNING_MPC,0.026612563171117376
|heading error|,rad,RUNNING_MPC,0.02494078735871463
|heading error|,rad,RUNNING_MPC,0.024324941311557602
|heading error|,rad,RUNNING_MPC,0.021367049029836327
|heading error|,rad,RUNNING_MPC,0.034280145535181994
|heading error|,rad,RUNNING_MPC,0.03612882692336328
|heading error|,rad,RUNNING_MPC,0.026026264977493163
|heading error|,rad,RUNNING_MPC,0.010664467141550116
|heading error|,rad,RUNNING_MPC,0.002533280196395093
|heading error|,rad,RUNNING_MPC,0.0027341549935155918
|heading error|,rad,RUNNING_MPC,0.004134994329406005
|heading error|,rad,RUNNING_MPC,0.006476151269546815
|heading error|,rad,RUNNING_MPC,0.006220071068208988
|heading error|,rad,RUNNING_MPC,0.005910305357235579
|heading error|,rad,RUNNING_MPC,0.004094330807897784
|heading error|,rad,RUNNING_MPC,0.0027512471891180112
|heading error|,rad,RUNNING_MPC,0.0021412168228027717
|heading error|,rad,RUNNING_MPC,0.002600209543360155
|heading error|,rad,RUNNING_MPC,0.0010414902245599043
|heading error|,rad,RUNNING_MPC,0.004507851521299511
|heading error|,rad,RUNNING_MPC,0.0006779918184736112
|heading error|,rad,RUNNING_MPC,0.002400606561011376
|heading error|,rad,RUNNING_MPC,0.010801469191532576
|heading error|,rad,RUNNING_MPC,0.01131333356399189
|heading error|,rad,RUNNING_MPC,0.017325212087072824
|heading error|,rad,RUNNING_MPC,0.020164588059279787
|heading error|,rad,RUNNING_MPC,0.01887914081043451
|heading error|,rad,RUNNING_MPC,0.019291529629836383
|heading error|,rad,RUNNING_MPC,0.017344557352340306
|heading error|,rad,RUNNING_MPC,0.013393624409745451
|heading error|,rad,RUNNING_MPC,0.01312800774751377
|heading error|,rad,RUNNING_MPC,0.00832902557019155
|heading error|,rad,RUNNING_MPC,0.005304806329700541
|heading error|,rad,RUNNING_MPC,0.003129096696256717
|heading error|,rad,RUNNING_MPC,0.00297324068933591
|heading error|,rad,RUNNING_MPC,0.0022990748932332217
|heading error|,rad,RUNNING_MPC,0.0036858289467156524
|heading error|,rad,RUNNING_MPC,0.006837122280326291
|heading error|,rad,RUNNING_MPC,0.006447960530337582
|heading error|,rad,RUNNING_MPC,0.007843659768583144
|heading error|,rad,RUNNING_MPC,0.0076718319041977345
|heading error|,rad,RUNNING_MPC,0.009057889114678641
|heading error|,rad,RUNNING_MPC,0.00935701853512505
|heading error|,rad,RUNNING_MPC,0.008809192973818103
|heading error|,rad,RUNNING_MPC,0.0073598619504551275
|heading error|,rad,RUNNING_MPC,0.006156736671148799
|heading error|,rad,RUNNING_MPC,0.0038162257206395545
|heading error|,rad,RUNNING_MPC,0.0011298807239499276
|heading error|,rad,RUNNING_MPC,0.0014850551215084273
|heading error|,rad,RUNNING_MPC,0.0015689248090855479
|heading error|,rad,RUNNING_MPC,0.0021217821066752407
|heading error|,rad,RUNNING_MPC,0.002453117512044578
|heading error|,rad,RUNNING_MPC,0.0021913717153267953
|heading error|,rad,RUNNING_MPC,0.0021487119844367797
|heading error|,rad,RUNNING_MPC,0.0021863747724584215
|heading error|,rad,RUNNING_MPC,0.0020247852392558663
|heading error|,rad,RUNNING_MPC,0.002127031311154326
|heading error|,rad,RUNNING_MPC,0.0020579987700037883
|heading error|,rad,RUNNING_MPC,0.0019049920653411156
|heading error|,rad,RUNNING_MPC,0.001758479980890293
|heading error|,rad,RUNNING_MPC,0.0014998731548048205
|heading error|,rad,RUNNING_MPC,0.0015406103472050958
|heading error|,rad,RUNNING_MPC,0.0016029540014224075
|heading error|,rad,RUNNING_MPC,0.0016329280630893448
|heading error|,rad,RUNNING_MPC,0.0016384939130835718
|heading error|,rad,RUNNING_MPC,0.001983675497038373
|heading error|,rad,RUNNING_MPC,0.003280111373362704
|heading error|,rad,RUNNING_MPC,0.002146357998485282
|heading error|,rad,RUNNING_MPC,0.0005320103353296801
|heading error|,rad,RUNNING_MPC,0.0005948167585025921
|heading error|,rad,RUNNING_MPC,0.002326617124750463
|heading error|,rad,RUNNING_MPC,0.002157259668562616
|heading error|,rad,RUNNING_MPC,0.0022172498715722355
|heading error|,rad,RUNNING_MPC,0.0022997334502075084
|heading error|,rad,RUNNING_MPC,0.0008930366160049275
|heading error|,rad,RUNNING_MPC,0.0005953902621054219
|heading error|,rad,RUNNING_MPC,0.0003893776608792088
|heading error|,rad,RUNNING_MPC,0.00043695532212240096
|heading error|,rad,RUNNING_MPC,0.0008618976818204338
|heading error|,rad,RUNNING_MPC,0.0005364170760695508
|heading error|,rad,RUNNING_MPC,0.001086539534269626
|heading error|,rad,RUNNING_MPC,0.0011206163259749327
|heading error|,rad,RUNNING_MPC,0.0011407331419639453
|heading error|,rad,RUNNING_MPC,0.0008139958976509654
|heading error|,rad,RUNNING_MPC,0.0008753665310967662
|heading error|,rad,RUNNING_MPC,0.0005412462046181511
|heading error|,rad,RUNNING_MPC,0.0006414801205769648
|heading error|,rad,RUNNING_MPC,0.0007828478114939585
|heading error|,rad,RUNNING_MPC,0.0006680152595648359
|heading error|,rad,RUNNING_MPC,0.0005974554855612269
|heading error|,rad,RUNNING_MPC,0.0007167833950396663
|heading error|,rad,RUNNING_MPC,0.0006015521376294686
|heading error|,rad,RUNNING_MPC,0.0006513053176147032
|heading error|,rad,RUNNING_MPC,0.0004185450383418221
|heading error|,rad,RUNNING_MPC,7.226618244615679e-05
|heading error|,rad,RUNNING_MPC,0.0002866042600659924
|heading error|,rad,RUNNING_MPC,0.000387815414266246
|heading error|,rad,RUNNING_MPC,0.0010287679479823453
|heading error|,rad,RUNNING_MPC,0.0015243822268460328
|heading error|,rad,RUNNING_MPC,0.002175897010979533
|heading error|,rad,RUNNING_MPC,0.003760863619867383
|heading error|,rad,RUNNING_MPC,0.006539936749303976
|heading error|,rad,RUNNING_MPC,0.004681316624537857
|heading error|,rad,RUNNING_MPC,0.005045459260298645
|heading error|,rad,RUNNING_MPC,0.011813049505323912
|heading error|,rad,RUNNING_MPC,0.0147616150183274
|heading error|,rad,RUNNING_MPC,0.02149716334909391
|heading error|,rad,RUNNING_MPC,0.006912627955383943
|heading error|,rad,RUNNING_MPC,0.01321725620933778
|heading error|,rad,RUNNING_MPC,0.015319910293841943
|heading error|,rad,RUNNING_MPC,0.031429248721813074
|heading error|,rad,RUNNING_MPC,0.009324839123560302
|heading error|,rad,RUNNING_MPC,0.01444179537289969
|heading error|,rad,RUNNING_MPC,0.01856427608402278
|heading error|,rad,RUNNING_MPC,0.032494570520786414
|heading error|,rad,RUNNING_MPC,0.003923891069938179
|heading error|,rad,RUNNING_MPC,0.0010511428080168805
|heading error|,rad,RUNNING_MPC,0.012617093444902583
|heading error|,rad,RUNNING_MPC,0.020979216338665285
|heading error|,rad,RUNNING_MPC,0.01985030087063766
|heading error|,rad,RUNNING_MPC,0.019720653452956146
|heading error|,rad,RUNNING_MPC,0.03659464105639598
|heading error|,rad,RUNNING_MPC,0.015756185596884187
|heading error|,rad,RUNNING_MPC,0.03053301625811011
|heading error|,rad,RUNNING_MPC,0.060302560932194105
|heading error|,rad,RUNNING_MPC,0.026761112267082336
|heading error|,rad,RUNNING_MPC,0.016046952987802676
|heading error|,rad,RUNNING_MPC,0.003209964269597965
|heading error|,rad,RUNNING_MPC,0.04953101164222229
|heading error|,rad,RUNNING_MPC,0.030319170259181405
|heading error|,rad,RUNNING_MPC,0.021625951311901925
|heading error|,rad,RUNNING_MPC,0.02457942742653163
|heading error|,rad,RUNNING_MPC,0.02295276115198908
|heading error|,rad,RUNNING_MPC,0.04357068799527397
|heading error|,rad,RUNNING_MPC,0.049640252967363185
|heading error|,rad,RUNNING_MPC,0.05452977296322148
|heading error|,rad,RUNNING_MPC,0.05650143783918615
|heading error|,rad,RUNNING_MPC,0.048852120711938785
|heading error|,rad,RUNNING_MPC,0.04494961144969212
|heading error|,rad,RUNNING_MPC,0.03371997307539588
|heading error|,rad,RUNNING_MPC,0.03330638472122649
|heading error|,rad,RUNNING_MPC,0.027095800273052806
|heading error|,rad,RUNNING_MPC,0.02168159583033491
|heading error|,rad,RUNNING_MPC,0.014002165070276186
|heading error|,rad,RUNNING_MPC,0.005836593856993755
|heading error|,rad,RUNNING_MPC,0.0009325945197646844
|heading error|,rad,RUNNING_MPC,0.006761841217257648
|heading error|,rad,RUNNING_MPC,0.001247813434757106
|heading error|,rad,RUNNING_MPC,0.010263330757329658
|heading error|,rad,RUNNING_MPC,0.012279594147811324
|heading error|,rad,RUNNING_MPC,0.005367848725708057
|heading error|,rad,RUNNING_MPC,0.0040161528160478355
|heading error|,rad,RUNNING_MPC,0.007799799612528524
|heading error|,rad,RUNNING_MPC,0.005185488288932394
|heading error|,rad,RUNNING_MPC,0.0340896609074135
|heading error|,rad,RUNNING_MPC,0.015109245422470607
|heading error|,rad,RUNNING_MPC,0.008472532872052073
|heading error|,rad,RUNNING_MPC,0.0024170392647908656
|heading error|,rad,RUNNING_MPC,0.00020559316330404087
|heading error|,rad,RUNNING_MPC,0.024159612165221025
|heading error|,rad,RUNNING_MPC,0.04519919406900019
|heading error|,rad,RUNNING_MPC,0.039144628079319954
|heading error|,rad,RUNNING_MPC,0.053714582145992125
|heading error|,rad,RUNNING_MPC,0.037660740172336116
|heading error|,rad,RUNNING_MPC,0.04969350527662719
|heading error|,rad,RUNNING_MPC,0.05210670506742998
|heading error|,rad,RUNNING_MPC,0.045567187002230725
|heading error|,rad,RUNNING_MPC,0.04013889291301931
|heading error|,rad,RUNNING_MPC,0.014687802738818867
|heading error|,rad,RUNNING_MPC,0.029104783937380585
|heading error|,rad,RUNNING_MPC,0.02789441769693646
|heading error|,rad,RUNNING_MPC,0.03701879946631914
|heading error|,rad,RUNNING_MPC,0.01567762354546698
|heading error|,rad,RUNNING_MPC,0.03250880163476788
|heading error|,rad,RUNNING_MPC,0.02521946974031941
|heading error|,rad,RUNNING_MPC,0.02322510088553731
|heading error|,rad,RUNNING_MPC,0.030992791424655497
|heading error|,rad,RUNNING_MPC,0.03820394743872102
|heading error|,rad,RUNNING_MPC,0.043187804444845046
|heading error|,rad,RUNNING_MPC,0.033747740594588294
|heading error|,rad,RUNNING_MPC,0.034552161954259475
|heading error|,rad,RUNNING_MPC,0.025685224565203946
|heading error|,rad,RUNNING_MPC,0.02123550034350874
|heading error|,rad,RUNNING_MPC,0.01185924499077462
|heading error|,rad,RUNNING_MPC,0.009868164663281664
|heading error|,rad,RUNNING_MPC,0.016160149054702977
|heading error|,rad,RUNNING_MPC,0.0068308791822389026
|heading error|,rad,RUNNING_MPC,0.008219048797443841
|heading error|,rad,RUNNING_MPC,0.008183477748914925
|heading error|,rad,RUNNING_MPC,0.008597901301020006
|heading error|,rad,RUNNING_MPC,0.014916517303341871
|heading error|,rad,RUNNING_MPC,0.012104034763837923
|heading error|,rad,RUNNING_MPC,0.018251645492284307
|heading error|,rad,RUNNING_MPC,0.0233779617826535
|heading error|,rad,RUNNING_MPC,0.014720984494586808
|heading error|,rad,RUNNING_MPC,0.018436696699686728
|heading error|,rad,RUNNING_MPC,0.018172706586971232
|heading error|,rad,RUNNING_MPC,0.017821872618326795
|heading error|,rad,RUNNING_MPC,0.020307110156516428
|heading error|,rad,RUNNING_MPC,0.02608561909991236
|heading error|,rad,RUNNING_MPC,0.019996099467873396
|heading error|,rad,RUNNING_MPC,0.017488483509870756
|heading error|,rad,RUNNING_MPC,0.018638668737613887
|heading error|,rad,RUNNING_MPC,0.02995694036223706
|heading error|,rad,RUNNING_MPC,0.0149209580529297
|heading error|,rad,RUNNING_MPC,0.01970740027767337
|heading error|,rad,RUNNING_MPC,0.02379263746633109
|heading error|,rad,RUNNING_MPC,0.023173863450963728
|heading error|,rad,RUNNING_MPC,0.015284196085377566
|heading error|,rad,RUNNING_MPC,0.027736988029659404
|heading error|,rad,RUNNING_MPC,0.032838406796442454
|heading error|,rad,RUNNING_MPC,0.027698094981559285
|heading error|,rad,RUNNING_MPC,0.031086096041257116
|heading error|,rad,RUNNING_MPC,0.013690578333399595
|heading error|,rad,RUNNING_MPC,0.017864821107516082
|heading error|,rad,RUNNING_MPC,0.020261547222478523
|heading error|,rad,RUNNING_MPC,0.03259023856261445
|heading error|,rad,RUNNING_MPC,0.026556386747972116
|heading error|,rad,RUNNING_MPC,0.026575289819950054
|heading error|,rad,RUNNING_MPC,0.025697556323465817
|heading error|,rad,RUNNING_MPC,0.026027261255943124
|heading error|,rad,RUNNING_MPC,0.03083153195152244
|heading error|,rad,RUNNING_MPC,0.03517258553030755
|heading error|,rad,RUNNING_MPC,0.024663356841692297
|heading error|,rad,RUNNING_MPC,0.025653052767526496
|heading error|,rad,RUNNING_MPC,0.043755424224149346
|heading error|,rad,RUNNING_MPC,0.033856061638055435
|heading error|,rad,RUNNING_MPC,0.028537764456903147
|heading error|,rad,RUNNING_MPC,0.029347134575398615
|heading error|,rad,RUNNING_MPC,0.02066043539659646
|heading error|,rad,RUNNING_MPC,0.021457334233397463
|heading error|,rad,RUNNING_MPC,0.01936172443206119
|heading error|,rad,RUNNING_MPC,0.013267697051001505
|heading error|,rad,RUNNING_MPC,0.015973556672839506
|heading error|,rad,RUNNING_MPC,0.015435208603507333
|heading error|,rad,RUNNING_MPC,0.015594763701842984
|heading error|,rad,RUNNING_MPC,0.014660084392698612
|heading error|,rad,RUNNING_MPC,0.014008221317340584
|heading error|,rad,RUNNING_MPC,0.010243392109492324
|heading error|,rad,RUNNING_MPC,0.009375089291355776
|heading error|,rad,RUNNING_MPC,0.008008933890560122
|heading error|,rad,RUNNING_MPC,0.006728252264481482
|heading error|,rad,RUNNING_MPC,0.005103263801043867
|heading error|,rad,RUNNING_MPC,0.002929133229553238
|heading error|,rad,RUNNING_MPC,0.0012724607331336957
|heading error|,rad,RUNNING_MPC,0.0005066425447929347
|heading error|,rad,RUNNING_MPC,0.0025844507075215573
|heading error|,rad,RUNNING_MPC,0.003378107701058619
|heading error|,rad,RUNNING_MPC,0.0034141795487341304
|heading error|,rad,RUNNING_MPC,0.0030766326885752764
|heading error|,rad,RUNNING_MPC,0.0026515280064748348
|heading error|,rad,RUNNING_MPC,0.002008470871937451
|heading error|,rad,RUNNING_MPC,0.0017186780515134892
|heading error|,rad,RUNNING_MPC,0.0014339017949390742
|heading error|,rad,RUNNING_MPC,0.0014462900850413796
|heading error|,rad,RUNNING_MPC,0.001545221878076708
|heading error|,rad,RUNNING_MPC,0.0019149839777049538
|heading error|,rad,RUNNING_MPC,0.002174887790266866
|heading error|,rad,RUNNING_MPC,0.0019633055982073433
|heading error|,rad,RUNNING_MPC,0.0010946072873512236
|heading error|,rad,RUNNING_MPC,0.0001867115758167337
|heading error|,rad,RUNNING_MPC,0.00016982774652540833
|heading error|,rad,RUNNING_MPC,0.0003926530684504881
|heading error|,rad,RUNNING_MPC,0.000739869198025489
|heading error|,rad,RUNNING_MPC,0.0006760008999934231
|heading error|,rad,RUNNING_MPC,0.0002502105369011076
|heading error|,rad,RUNNING_MPC,0.00025298464978662505
|heading error|,rad,RUNNING_MPC,0.0004194641622358164
|heading error|,rad,RUNNING_MPC,0.0004710027402228257
|heading error|,rad,RUNNING_MPC,0.00018645111836779193
|heading error|,rad,RUNNING_MPC,0.0010201986164922738
|heading error|,rad,RUNNING_MPC,0.0015382873217862914
|heading error|,rad,RUNNING_MPC,0.0018869247780950449
|heading error|,rad,RUNNING_MPC,0.00224370043833233
|heading error|,rad,RUNNING_MPC,0.0021202478649671175
|heading error|,rad,RUNNING_MPC,0.001781604250894131
|heading error|,rad,RUNNING_MPC,0.0012345606568937573
|heading error|,rad,RUNNING_MPC,0.0003083365996271459
|heading error|,rad,RUNNING_MPC,2.60969731246119e-05
|heading error|,rad,RUNNING_MPC,0.000573096861984923
|heading error|,rad,RUNNING_MPC,0.0009587833924431521
|heading error|,rad,RUNNING_MPC,0.0010429745540785351
|heading error|,rad,RUNNING_MPC,0.0010395661304114512
|heading error|,rad,RUNNING_MPC,0.0005356689407383097
|heading error|,rad,RUNNING_MPC,0.00020576354069035133
|heading error|,rad,RUNNING_MPC,0.0007611334372936707
|heading error|,rad,RUNNING_MPC,0.0015110396268980253
|heading error|,rad,RUNNING_MPC,0.0018879959021809167
|heading error|,rad,RUNNING_MPC,0.0022537382021571295
|heading error|,rad,RUNNING_MPC,0.001969405823068926
|heading error|,rad,RUNNING_MPC,0.001869752046251505
|heading error|,rad,RUNNING_MPC,0.0014463818470805692
|heading error|,rad,RUNNING_MPC,0.0008642853761569036
|heading error|,rad,RUNNING_MPC,0.00027373412717179857
|heading error|,rad,RUNNING_MPC,0.0002441783817646037
|heading error|,rad,RUNNING_MPC,0.000539616181279956
|heading error|,rad,RUNNING_MPC,0.0007148114991796239
|heading error|,rad,RUNNING_MPC,0.0006514194572272425
|heading error|,rad,RUNNING_MPC,0.0004753754686018796
|heading error|,rad,RUNNING_MPC,4.266164457988886e-05
|heading error|,rad,RUNNING_MPC,0.0004175450199387365
|heading error|,rad,RUNNING_MPC,0.00046828051489111733
|heading error|,rad,RUNNING_MPC,0.0009068211668579185
|heading error|,rad,RUNNING_MPC,0.0020095027841376956
|heading error|,rad,RUNNING_MPC,0.0025036236359575748
|heading error|,rad,RUNNING_MPC,0.002726066976828312
|heading error|,rad,RUNNING_MPC,0.0020970675628815267
|heading error|,rad,RUNNING_MPC,0.0006205948202322453
|heading error|,rad,RUNNING_MPC,0.0011503066109137539
|heading error|,rad,RUNNING_MPC,0.00026519317321227476
|heading error|,rad,RUNNING_MPC,0.005406871966336824
|heading error|,rad,RUNNING_MPC,0.0047921824078065445
|heading error|,rad,RUNNING_MPC,0.001979706137484771
|heading error|,rad,RUNNING_MPC,0.0007077066980504254
|heading error|,rad,RUNNING_MPC,0.0025304750876443682
|heading error|,rad,RUNNING_MPC,0.00204769208576816
|heading error|,rad,RUNNING_MPC,0.0010944292272461187
|heading error|,rad,RUNNING_MPC,0.00023878000032784283
|heading error|,rad,RUNNING_MPC,0.0003969334393528756
|heading error|,rad,RUNNING_MPC,0.0006365109096626576
|heading error|,rad,RUNNING_MPC,0.0008434663555513255
|heading error|,rad,RUNNING_MPC,0.0009266353414819628
|heading error|,rad,RUNNING_MPC,0.0010099422077122222
|heading error|,rad,RUNNING_MPC,0.0008857390120539099
|heading error|,rad,RUNNING_MPC,0.0006659431781066427
|heading error|,rad,RUNNING_MPC,0.0005624267557523545
|heading error|,rad,RUNNING_MPC,0.00037853175119884064
|heading error|,rad,RUNNING_MPC,0.0002816861248473579
|heading error|,rad,RUNNING_MPC,0.0002943384255059689
|heading error|,rad,RUNNING_MPC,0.00010164100426046652
|heading error|,rad,RUNNING_MPC,0.00027111752515751597
|heading error|,rad,RUNNING_MPC,0.0002746885027997692
|heading error|,rad,RUNNING_MPC,0.0007755342300073131
|heading error|,rad,RUNNING_MPC,0.0009951048335916644
|heading error|,rad,RUNNING_MPC,0.0009691806646908718
|heading error|,rad,RUNNING_MPC,0.0009778587205585552
|heading error|,rad,RUNNING_MPC,0.001139030395888363
|heading error|,rad,RUNNING_MPC,0.0009332540076075757
|heading error|,rad,RUNNING_MPC,0.0006576020202955224
|heading error|,rad,RUNNING_MPC,0.0005307995629637574
|heading error|,rad,RUNNING_MPC,0.00012156204643842816
|heading error|,rad,RUNNING_MPC,4.3278503682353524e-05
|heading error|,rad,RUNNING_MPC,2.6077790682865754e-05
|heading error|,rad,RUNNING_MPC,0.00014809952084027242
|heading error|,rad,RUNNING_MPC,0.00030662567333694657
|heading error|,rad,RUNNING_MPC,0.0003449124644374635
|heading error|,rad,RUNNING_MPC,0.0019753358371790153
|heading error|,rad,RUNNING_MPC,0.004794010279830507
|heading error|,rad,RUNNING_MPC,0.005975719674990222
|heading error|,rad,RUNNING_MPC,0.003821758900839467
|heading error|,rad,RUNNING_MPC,0.003766550868441021
|heading error|,rad,RUNNING_MPC,0.0038534952058248972
|heading error|,rad,RUNNING_MPC,0.012157836053781622
|heading error|,rad,RUNNING_MPC,0.012915478696578496
|heading error|,rad,RUNNING_MPC,0.014208129157025184
|heading error|,rad,RUNNING_MPC,0.009153364475781633
|heading error|,rad,RUNNING_MPC,0.009086257136833309
|heading error|,rad,RUNNING_MPC,0.021275121795855223
|heading error|,rad,RUNNING_MPC,0.02443703825768806
|heading error|,rad,RUNNING_MPC,0.026162815055933875
|heading error|,rad,RUNNING_MPC,0.021164716873644518
|heading error|,rad,RUNNING_MPC,0.028960653937523784
|heading error|,rad,RUNNING_MPC,0.02839884833019868
|heading error|,rad,RUNNING_MPC,0.036026622609025005
|heading error|,rad,RUNNING_MPC,0.01690838908084019
|heading error|,rad,RUNNING_MPC,0.0250224143560171
|heading error|,rad,RUNNING_MPC,0.034016457428851066
|heading error|,rad,RUNNING_MPC,0.019108712271057204
|heading error|,rad,RUNNING_MPC,0.020737268438246415
|heading error|,rad,RUNNING_MPC,0.029518392740059796
|heading error|,rad,RUNNING_MPC,0.037616681253646644
|heading error|,rad,RUNNING_MPC,0.030414366432554348
|heading error|,rad,RUNNING_MPC,0.03721292936997339
|heading error|,rad,RUNNING_MPC,0.025841686148267484
|heading error|,rad,RUNNING_MPC,0.037387223332332624
|heading error|,rad,RUNNING_MPC,0.025183148456612514
|heading error|,rad,RUNNING_MPC,0.03438297784135225
|heading error|,rad,RUNNING_MPC,0.02414441702110333
|heading error|,rad,RUNNING_MPC,0.029943876607559677
|heading error|,rad,RUNNING_MPC,0.02213072628870824
|heading error|,rad,RUNNING_MPC,0.028142311240921973
|heading error|,rad,RUNNING_MPC,0.026306951765538763
|heading error|,rad,RUNNING_MPC,0.025029931085001574
|heading error|,rad,RUNNING_MPC,0.02002089331203525
|heading error|,rad,RUNNING_MPC,0.019123596943067603
|heading error|,rad,RUNNING_MPC,0.023888207859950356
|heading error|,rad,RUNNING_MPC,0.01579537646397524
|heading error|,rad,RUNNING_MPC,0.018385380280789565
|heading error|,rad,RUNNING_MPC,0.014877391635758616
|heading error|,rad,RUNNING_MPC,0.015075796945278122
|heading error|,rad,RUNNING_MPC,0.019045086840755565
|heading error|,rad,RUNNING_MPC,0.013390092936246404
|heading error|,rad,RUNNING_MPC,0.015387795064798593
|heading error|,rad,RUNNING_MPC,0.010943753465849734
|heading error|,rad,RUNNING_MPC,0.00821166670585999
|heading error|,rad,RUNNING_MPC,0.004529828664921159
|heading error|,rad,RUNNING_MPC,0.0005474921294450485
|heading error|,rad,RUNNING_MPC,0.0027543091249295493
|heading error|,rad,RUNNING_MPC,0.004834961850753855
|heading error|,rad,RUNNING_MPC,0.005827965865955742
|heading error|,rad,RUNNING_MPC,0.006126608408963591
|heading error|,rad,RUNNING_MPC,0.0057068726331235275
|heading error|,rad,RUNNING_MPC,0.005023193294566658
|heading error|,rad,RUNNING_MPC,0.004507766571189453
|heading error|,rad,RUNNING_MPC,0.0034199918455934952
|heading error|,rad,RUNNING_MPC,0.004914478582278879
|heading error|,rad,RUNNING_MPC,0.0036846989075042524
|heading error|,rad,RUNNING_MPC,0.009673057577411853
|heading error|,rad,RUNNING_MPC,0.010349033712609326
|heading error|,rad,RUNNING_MPC,0.014827130916199582
|heading error|,rad,RUNNING_MPC,0.010367690471844049
|heading error|,rad,RUNNING_MPC,0.02025158084069627
|heading error|,rad,RUNNING_MPC,0.021235139313448472
|heading error|,rad,RUNNING_MPC,0.02170438160627986
|heading error|,rad,RUNNING_MPC,0.02512156636970012
|heading error|,rad,RUNNING_MPC,0.025766350543442684
|heading error|,rad,RUNNING_MPC,0.020648782196637253
|heading error|,rad,RUNNING_MPC,0.026265462025262434
|heading error|,rad,RUNNING_MPC,0.023507571507035724
|heading error|,rad,RUNNING_MPC,0.013348363741019345
|heading error|,rad,RUNNING_MPC,0.02318349083766516
|heading error|,rad,RUNNING_MPC,0.012831483750748886
|heading error|,rad,RUNNING_MPC,0.02196152555162556
|heading error|,rad,RUNNING_MPC,0.017909701371049136
|heading error|,rad,RUNNING_MPC,0.02527953227022059
|heading error|,rad,RUNNING_MPC,0.026019065671600426
|heading error|,rad,RUNNING_MPC,0.03491109688424223
|heading error|,rad,RUNNING_MPC,0.037668222529765434
|heading error|,rad,RUNNING_MPC,0.0395860429357589
|heading error|,rad,RUNNING_MPC,0.0399448996124549
|heading error|,rad,RUNNING_MPC,0.04373025089289368
|heading error|,rad,RUNNING_MPC,0.043096963721469816
|heading error|,rad,RUNNING_MPC,0.043391360807673085
|heading error|,rad,RUNNING_MPC,0.03493274829933951
|heading error|,rad,RUNNING_MPC,0.033687388998625944
|heading error|,rad,RUNNING_MPC,0.02461958440745371
|heading error|,rad,RUNNING_MPC,0.019818022694748694
|heading error|,rad,RUNNING_MPC,0.012948846772195766
|heading error|,rad,RUNNING_MPC,0.017337091711746355
|heading error|,rad,RUNNING_MPC,0.012869970790771457
|heading error|,rad,RUNNING_MPC,0.015094587565734674
|heading error|,rad,RUNNING_MPC,0.012518390803624824
|heading error|,rad,RUNNING_MPC,0.010945166728620781
|heading error|,rad,RUNNING_MPC,0.018777033633612605
|heading error|,rad,RUNNING_MPC,0.01802811663708148
|heading error|,rad,RUNNING_MPC,0.02164428979797184
|heading error|,rad,RUNNING_MPC,0.016680088547663896
|heading error|,rad,RUNNING_MPC,0.022261646591497986
|heading error|,rad,RUNNING_MPC,0.017006516069058675
|heading error|,rad,RUNNING_MPC,0.01650801168963434
|heading error|,rad,RUNNING_MPC,0.016922711310241367
|heading error|,rad,RUNNING_MPC,0.01483731077126027
|heading error|,rad,RUNNING_MPC,0.014346160780113415
|heading error|,rad,RUNNING_MPC,0.007654892256446667
|heading error|,rad,RUNNING_MPC,0.007488285586098597
|heading error|,rad,RUNNING_MPC,0.0061734106911879305
|heading error|,rad,RUNNING_MPC,0.00200578163264431
|heading error|,rad,RUNNING_MPC,0.004724859674378079
|heading error|,rad,RUNNING_MPC,0.0031446784380838593
|heading error|,rad,RUNNING_MPC,0.0038690004591492855
|heading error|,rad,RUNNING_MPC,0.005390739458760674
|heading error|,rad,RUNNING_MPC,0.005372371317455937
|heading error|,rad,RUNNING_MPC,0.006827230275318064
|heading error|,rad,RUNNING_MPC,0.005085478048623804
|heading error|,rad,RUNNING_MPC,0.007271648059335667
|heading error|,rad,RUNNING_MPC,0.007735572777609279
|heading error|,rad,RUNNING_MPC,0.005852255225767156
|heading error|,rad,RUNNING_MPC,0.006836853882799643
|heading error|,rad,RUNNING_MPC,0.0060070751199508
|heading error|,rad,RUNNING_MPC,0.005400638433809112
|heading error|,rad,RUNNING_MPC,0.004824941042919306
|heading error|,rad,RUNNING_MPC,0.0031937031014136474
|heading error|,rad,RUNNING_MPC,0.0017389324870505929
|heading error|,rad,RUNNING_MPC,0.0007760718332252559
|heading error|,rad,RUNNING_MPC,0.00033259861957080084
|heading error|,rad,RUNNING_MPC,0.0010530435996520815
|heading error|,rad,RUNNING_MPC,0.001464886081763206
|heading error|,rad,RUNNING_MPC,0.0012148377963683288
|heading error|,rad,RUNNING_MPC,0.0010224942332183184
|heading error|,rad,RUNNING_MPC,9.895662661529858e-05
|heading error|,rad,RUNNING_MPC,8.443815869840776e-07
|heading error|,rad,RUNNING_MPC,0.0012066874907472602
|heading error|,rad,RUNNING_MPC,0.000615477184528368
|heading error|,rad,RUNNING_MPC,0.00043670293874842336
|heading error|,rad,RUNNING_MPC,9.508774822253319e-05
|heading error|,rad,RUNNING_MPC,0.0015539732142496598
|heading error|,rad,RUNNING_MPC,0.0004357335106257576
|heading error|,rad,RUNNING_MPC,0.00022194253843921263
|heading error|,rad,RUNNING_MPC,0.0001744146666311508
|heading error|,rad,RUNNING_MPC,0.0006510791276508331
|heading error|,rad,RUNNING_MPC,0.00040918672135381584
|heading error|,rad,RUNNING_MPC,6.984163664114361e-05
|heading error|,rad,RUNNING_MPC,0.001332381174555142
|heading error|,rad,RUNNING_MPC,3.1323977123687285e-05
|heading error|,rad,RUNNING_MPC,0.0010549294319605051
|heading error|,rad,RUNNING_MPC,0.001280896419746602
|heading error|,rad,RUNNING_MPC,0.0058920039189939155
|heading error|,rad,RUNNING_MPC,0.009523670623294844
|heading error|,rad,RUNNING_MPC,0.011145921387964774
|heading error|,rad,RUNNING_MPC,0.0020600286674656854
|heading error|,rad,RUNNING_MPC,0.001166662475474145
|heading error|,rad,RUNNING_MPC,0.0016856617252709594
|heading error|,rad,RUNNING_MPC,0.00949276164685342
|heading error|,rad,RUNNING_MPC,0.004872662168170394
|heading error|,rad,RUNNING_MPC,0.011804624425257315
|heading error|,rad,RUNNING_MPC,0.005365773807892382
|heading error|,rad,RUNNING_MPC,0.005851632325015621
|heading error|,rad,RUNNING_MPC,0.004358137276225915
|heading error|,rad,RUNNING_MPC,0.0005874594821100865
|heading error|,rad,RUNNING_MPC,0.005517257488410809
|heading error|,rad,RUNNING_MPC,0.01242740135638648
|heading error|,rad,RUNNING_MPC,0.01406842161832561
|heading error|,rad,RUNNING_MPC,0.0005789370249138505
|heading error|,rad,RUNNING_MPC,0.014061839326717784
|heading error|,rad,RUNNING_MPC,0.015017729065762375
|heading error|,rad,RUNNING_MPC,0.016888340555778703
|heading error|,rad,RUNNING_MPC,0.005836279867812877
|heading error|,rad,RUNNING_MPC,0.004113141460269448
|heading error|,rad,RUNNING_MPC,0.002073180705665062
|heading error|,rad,RUNNING_MPC,0.008592387284139663
|heading error|,rad,RUNNING_MPC,0.017609439350984413
|heading error|,rad,RUNNING_MPC,0.01628108409145136
|heading error|,rad,RUNNING_MPC,0.005299312429984722
|heading error|,rad,RUNNING_MPC,0.017147808848432037
|heading error|,rad,RUNNING_MPC,0.025588929607694474
|heading error|,rad,RUNNING_MPC,0.026442634299749093
|heading error|,rad,RUNNING_MPC,0.002980296714200123
|heading error|,rad,RUNNING_MPC,0.02165684528449216
|heading error|,rad,RUNNING_MPC,0.009363382612280535
|heading error|,rad,RUNNING_MPC,0.029350707193335462
|heading error|,rad,RUNNING_MPC,0.01650380717270583
|heading error|,rad,RUNNING_MPC,0.01577644033130099
|heading error|,rad,RUNNING_MPC,3.0063165971039307e-05
|heading error|,rad,RUNNING_MPC,0.0016211652878855842
|heading error|,rad,RUNNING_MPC,0.015080515453915089
|heading error|,rad,RUNNING_MPC,0.038891373513739835
|heading error|,rad,RUNNING_MPC,0.03858948007546781
|heading error|,rad,RUNNING_MPC,0.025960146794443917
|heading error|,rad,RUNNING_MPC,0.014172929995495132
|heading error|,rad,RUNNING_MPC,0.01755245054963317
|heading error|,rad,RUNNING_MPC,0.021764782244719227
|heading error|,rad,RUNNING_MPC,0.026116266671768917
|heading error|,rad,RUNNING_MPC,0.020528137456822693
|heading error|,rad,RUNNING_MPC,0.025339542881037902
|heading error|,rad,RUNNING_MPC,0.030055327784378253
|heading error|,rad,RUNNING_MPC,0.02593262467169888
|heading error|,rad,RUNNING_MPC,0.027467841027232875
|heading error|,rad,RUNNING_MPC,0.027735283459626503
|heading error|,rad,RUNNING_MPC,0.0226871304266878
|heading error|,rad,RUNNING_MPC,0.024007277609208403
|heading error|,rad,RUNNING_MPC,0.02092595107860462
|heading error|,rad,RUNNING_MPC,0.020161634953096197
|heading error|,rad,RUNNING_MPC,0.02165713359115462
|heading error|,rad,RUNNING_MPC,0.019014685607059212
|heading error|,rad,RUNNING_MPC,0.021197276314456115
|heading error|,rad,RUNNING_MPC,0.017081823480260105
|heading error|,rad,RUNNING_MPC,0.017916924812062755
|heading error|,rad,RUNNING_MPC,0.010187643696201842
|heading error|,rad,RUNNING_MPC,0.007245174297553225
|heading error|,rad,RUNNING_MPC,0.005384208488693254
|heading error|,rad,RUNNING_MPC,0.0007843600206693946
|heading error|,rad,RUNNING_MPC,0.0014203893688060634
|heading error|,rad,RUNNING_MPC,0.0037565550602012276
|heading error|,rad,RUNNING_MPC,0.005221856903103727
|heading error|,rad,RUNNING_MPC,0.0030971524271692363
|heading error|,rad,RUNNING_MPC,0.0040595563048959615
|heading error|,rad,RUNNING_MPC,0.0019425736810358973
|heading error|,rad,RUNNING_MPC,0.004664816160286245
|heading error|,rad,RUNNING_MPC,0.003821348919864853
|heading error|,rad,RUNNING_MPC,0.007173089166537139
|heading error|,rad,RUNNING_MPC,0.0039463417372744836
|heading error|,rad,RUNNING_MPC,0.006591520380060168
|heading error|,rad,RUNNING_MPC,0.006840530057715233
|heading error|,rad,RUNNING_MPC,0.0063226966677008
|heading error|,rad,RUNNING_MPC,0.004654068061138217
|heading error|,rad,RUNNING_MPC,0.0049483840808137725
|heading error|,rad,RUNNING_MPC,0.010050488133639401
|heading error|,rad,RUNNING_MPC,0.012244964596162642
|heading error|,rad,RUNNING_MPC,0.0004319809488979587
|heading error|,rad,RUNNING_MPC,0.00047891615036066426
|heading error|,rad,RUNNING_MPC,0.00977835020424278
|heading error|,rad,RUNNING_MPC,0.020180590091764206
|heading error|,rad,RUNNING_MPC,0.02510337336464685
|heading error|,rad,RUNNING_MPC,0.02327943525294529
|heading error|,rad,RUNNING_MPC,0.002048382147697092
|heading error|,rad,RUNNING_MPC,0.0037135203939204775
|heading error|,rad,RUNNING_MPC,0.013513419287149888
|heading error|,rad,RUNNING_MPC,0.015863258115962342
|heading error|,rad,RUNNING_MPC,0.012603071038812863
|heading error|,rad,RUNNING_MPC,0.013894898136927458
|heading error|,rad,RUNNING_MPC,0.02536039876069629
|heading error|,rad,RUNNING_MPC,0.01486855567476375
|heading error|,rad,RUNNING_MPC,0.023958593474123102
|heading error|,rad,RUNNING_MPC,0.013660584874492177
|heading error|,rad,RUNNING_MPC,0.03977170339021863
|heading error|,rad,RUNNING_MPC,0.016729889007388865
|heading error|,rad,RUNNING_MPC,0.011986435039436028
|heading error|,rad,RUNNING_MPC,0.0011920512697948804
|heading error|,rad,RUNNING_MPC,0.003883907375902218
|heading error|,rad,RUNNING_MPC,0.046090976269707096
|heading error|,rad,RUNNING_MPC,0.02850945780267669
|heading error|,rad,RUNNING_MPC,0.007761482364160744
|heading error|,rad,RUNNING_MPC,0.048263510334736706
|heading error|,rad,RUNNING_MPC,0.04274784194710576
|heading error|,rad,RUNNING_MPC,0.023656731077710158
|heading error|,rad,RUNNING_MPC,0.010670805221621997
|heading error|,rad,RUNNING_MPC,0.016292771997738265
|heading error|,rad,RUNNING_MPC,0.04392042639922064
|heading error|,rad,RUNNING_MPC,0.023040101163831483
|heading error|,rad,RUNNING_MPC,0.0016332258825374477
|heading error|,rad,RUNNING_MPC,0.01746399572403251
|heading error|,rad,RUNNING_MPC,0.03870560035418302
|heading error|,rad,RUNNING_MPC,0.0189871282844134
|heading error|,rad,RUNNING_MPC,0.0006517160275546496
|heading error|,rad,RUNNING_MPC,0.05221617394880507
|heading error|,rad,RUNNING_MPC,0.03318182114034085
|heading error|,rad,RUNNING_MPC,0.01663069737331635
|heading error|,rad,RUNNING_MPC,0.0030876407806667
|heading error|,rad,RUNNING_MPC,0.003733232632612715
|heading error|,rad,RUNNING_MPC,0.04673675949272171
|heading error|,rad,RUNNING_MPC,0.0455780783698706
|heading error|,rad,RUNNING_MPC,0.04544349122778158
|heading error|,rad,RUNNING_MPC,0.037028724806687396
|heading error|,rad,RUNNING_MPC,0.038091472021650974
|heading error|,rad,RUNNING_MPC,0.032588108470110955
|heading error|,rad,RUNNING_MPC,0.03532645877641283
|heading error|,rad,RUNNING_MPC,0.031483275674886624
|heading error|,rad,RUNNING_MPC,0.0346302173312838
|heading error|,rad,RUNNING_MPC,0.026430246518780676
|heading error|,rad,RUNNING_MPC,0.028686640207969516
|heading error|,rad,RUNNING_MPC,0.012582112032325067
|heading error|,rad,RUNNING_MPC,0.025133323933759444
|heading error|,rad,RUNNING_MPC,0.01671832749824853
|heading error|,rad,RUNNING_MPC,0.018873141159327034
|heading error|,rad,RUNNING_MPC,0.013416602859490201
|heading error|,rad,RUNNING_MPC,0.013009930054177499
|heading error|,rad,RUNNING_MPC,0.011680460706452012
|heading error|,rad,RUNNING_MPC,0.008436469191325902
|heading error|,rad,RUNNING_MPC,0.006854179275265659
|heading error|,rad,RUNNING_MPC,0.0024560573047367473
|heading error|,rad,RUNNING_MPC,0.002402004164240523
|heading error|,rad,RUNNING_MPC,0.0021318380566630606
|heading error|,rad,RUNNING_MPC,0.0037507621177801376
|heading error|,rad,RUNNING_MPC,0.003158968302436671
|heading error|,rad,RUNNING_MPC,0.0014554608379884204
|heading error|,rad,RUNNING_MPC,0.0016905819292984958
|heading error|,rad,RUNNING_MPC,0.0016706320728270272
|heading error|,rad,RUNNING_MPC,0.004864544638129686
|heading error|,rad,RUNNING_MPC,0.0017382187654555459
|heading error|,rad,RUNNING_MPC,0.004868662025155901
|heading error|,rad,RUNNING_MPC,0.0072118938339180705
|heading error|,rad,RUNNING_MPC,0.011392147015991005
|heading error|,rad,RUNNING_MPC,0.010832347040516943
|heading error|,rad,RUNNING_MPC,0.012565977331599365
|heading error|,rad,RUNNING_MPC,0.012403092689631023
|heading error|,rad,RUNNING_MPC,0.013560360146608996
|heading error|,rad,RUNNING_MPC,0.016126065643969012
|heading error|,rad,RUNNING_MPC,0.011806952798753878
|heading error|,rad,RUNNING_MPC,0.010112678191781965
|heading error|,rad,RUNNING_MPC,0.014681344781200202
|heading error|,rad,RUNNING_MPC,0.01699385666998543
|heading error|,rad,RUNNING_MPC,0.011453067321003594
|heading error|,rad,RUNNING_MPC,0.010331327718947625
|heading error|,rad,RUNNING_MPC,0.022519456132921386
|heading error|,rad,RUNNING_MPC,0.016559713353299088
|heading error|,rad,RUNNING_MPC,0.01458287903116351
|heading error|,rad,RUNNING_MPC,0.02147032730253251
|heading error|,rad,RUNNING_MPC,0.017541172199572408
|heading error|,rad,RUNNING_MPC,0.017237144583970965
|heading error|,rad,RUNNING_MPC,0.030513633168552934
|heading error|,rad,RUNNING_MPC,0.028073305117192856
|heading error|,rad,RUNNING_MPC,0.019538099624996974
|heading error|,rad,RUNNING_MPC,0.005308538462654333
|heading error|,rad,RUNNING_MPC,0.005535932915576857
|heading error|,rad,RUNNING_MPC,0.012425917767391104
|heading error|,rad,RUNNING_MPC,0.00959788547216367
|heading error|,rad,RUNNING_MPC,0.0063721931573330615
|heading error|,rad,RUNNING_MPC,0.005485337819336911
|heading error|,rad,RUNNING_MPC,0.0033366678646737924
|heading error|,rad,RUNNING_MPC,0.005130443860672296
|heading error|,rad,RUNNING_MPC,0.006936843771026879
|heading error|,rad,RUNNING_MPC,0.02648670985913526
|heading error|,rad,RUNNING_MPC,0.04178635659060203
|heading error|,rad,RUNNING_MPC,0.043350862021529046
|heading error|,rad,RUNNING_MPC,0.05136689895292834
|heading error|,rad,RUNNING_MPC,0.04154445528231898
|heading error|,rad,RUNNING_MPC,0.057296521968851266
|heading error|,rad,RUNNING_MPC,0.043644402419081185
|heading error|,rad,RUNNING_MPC,0.045344268243776575
|heading error|,rad,RUNNING_MPC,0.0445907480310197
|heading error|,rad,RUNNING_MPC,0.031138391354401218
|heading error|,rad,RUNNING_MPC,0.029216465718743034
|heading error|,rad,RUNNING_MPC,0.017377590281387523
|heading error|,rad,RUNNING_MPC,0.009516536818519494
|heading error|,rad,RUNNING_MPC,0.011536813377275301
|heading error|,rad,RUNNING_MPC,0.0054379099785286655
|heading error|,rad,RUNNING_MPC,0.004209296813146857
|heading error|,rad,RUNNING_MPC,0.003570843723347039
|heading error|,rad,RUNNING_MPC,0.006635787222924794
|heading error|,rad,RUNNING_MPC,0.007518481315428982
|heading error|,rad,RUNNING_MPC,0.006851627916133474
|heading error|,rad,RUNNING_MPC,0.007337187347424834
|heading error|,rad,RUNNING_MPC,0.006284861894783056
|heading error|,rad,RUNNING_MPC,0.003908367253014245
|heading error|,rad,RUNNING_MPC,0.002017454793516116
|heading error|,rad,RUNNING_MPC,0.0001564572699304101
|heading error|,rad,RUNNING_MPC,0.0011222471296745695
|heading error|,rad,RUNNING_MPC,0.0019585574143365925
|heading error|,rad,RUNNING_MPC,0.0020884247517627408
|heading error|,rad,RUNNING_MPC,0.0017299409714151004
|heading error|,rad,RUNNING_MPC,0.0007567722376244923
|heading error|,rad,RUNNING_MPC,0.00013857550328832957
|heading error|,rad,RUNNING_MPC,0.0010259292605856452
|heading error|,rad,RUNNING_MPC,0.0018305534901985607
|heading error|,rad,RUNNING_MPC,0.0021126562613709154
|heading error|,rad,RUNNING_MPC,0.0018992235987971284
|heading error|,rad,RUNNING_MPC,0.0012403377758154477
|heading error|,rad,RUNNING_MPC,0.0004552781232347592
|heading error|,rad,RUNNING_MPC,0.0007952599602609743
|heading error|,rad,RUNNING_MPC,0.0016654986097379698
|heading error|,rad,RUNNING_MPC,0.0024022128582461555
|heading error|,rad,RUNNING_MPC,0.0029488436906754956
|heading error|,rad,RUNNING_MPC,0.0030791224143698055
|heading error|,rad,RUNNING_MPC,0.0026995720750671026
|heading error|,rad,RUNNING_MPC,0.0019064991042285762
|heading error|,rad,RUNNING_MPC,0.0008595268511499832
|heading error|,rad,RUNNING_MPC,7.713909617823589e-05
|heading error|,rad,RUNNING_MPC,0.0009834827069532537
|heading error|,rad,RUNNING_MPC,0.0019294170390935506
|heading error|,rad,RUNNING_MPC,0.0020037292449672783
|heading error|,rad,RUNNING_MPC,0.0018158872994709083
|heading error|,rad,RUNNING_MPC,0.0012697668623480318
|heading error|,rad,RUNNING_MPC,0.0005860766201837286
|heading error|,rad,RUNNING_MPC,5.114833902197802e-06
|heading error|,rad,RUNNING_MPC,0.0010641141791616349
|heading error|,rad,RUNNING_MPC,0.0018821470953600539
|heading error|,rad,RUNNING_MPC,0.002364819580506605
|heading error|,rad,RUNNING_MPC,0.0028728835004905307
|heading error|,rad,RUNNING_MPC,0.002838377554721827
|heading error|,rad,RUNNING_MPC,0.0023479308864855497
|heading error|,rad,RUNNING_MPC,0.0014813184681221614
|heading error|,rad,RUNNING_MPC,0.0008586461954656067
|heading error|,rad,RUNNING_MPC,0.00011966460524392986
|heading error|,rad,RUNNING_MPC,0.0010698229437284823
|heading error|,rad,RUNNING_MPC,0.001368912285998558
|heading error|,rad,RUNNING_MPC,0.0013939383457550747
|heading error|,rad,RUNNING_MPC,0.001339162362877122
|heading error|,rad,RUNNING_MPC,0.0008674920829223609
|heading error|,rad,RUNNING_MPC,0.00022894142048457414
|heading error|,rad,RUNNING_MPC,0.0005373127308847537
|heading error|,rad,RUNNING_MPC,0.0012784722923981917
|heading error|,rad,RUNNING_MPC,0.0017373727477338896
|heading error|,rad,RUNNING_MPC,0.002114093215213053
|heading error|,rad,RUNNING_MPC,0.002291475579618396
|heading error|,rad,RUNNING_MPC,0.002198313439845556
|heading error|,rad,RUNNING_MPC,0.002021957488687054
|heading error|,rad,RUNNING_MPC,0.0013211978968183937
|heading error|,rad,RUNNING_MPC,0.0005167044692799827
|heading error|,rad,RUNNING_MPC,2.7063029052865062e-05
|heading error|,rad,RUNNING_MPC,0.0004235635966844953
|heading error|,rad,RUNNING_MPC,0.00047067405270295737
|heading error|,rad,RUNNING_MPC,0.0003696419257543937
|heading error|,rad,RUNNING_MPC,4.8553635486392466e-05
|heading error|,rad,RUNNING_MPC,0.0004377070690955165
|heading error|,rad,RUNNING_MPC,0.001286240945900019
|heading error|,rad,RUNNING_MPC,0.0018992028232496239
|heading error|,rad,RUNNING_MPC,0.002208846306110068
|heading error|,rad,RUNNING_MPC,0.0024875096189789225
|heading error|,rad,RUNNING_MPC,0.0025584725372231887
|heading error|,rad,RUNNING_MPC,0.0020020304898817898
|heading error|,rad,RUNNING_MPC,0.00133848126296332
|heading error|,rad,RUNNING_MPC,0.0006953513607839135
|heading error|,rad,RUNNING_MPC,0.00019504829683203442
|heading error|,rad,RUNNING_MPC,5.62564341111127e-06
|heading error|,rad,RUNNING_MPC,0.00024185504911988784
|heading error|,rad,RUNNING_MPC,0.0001642599020823532
|heading error|,rad,RUNNING_MPC,0.0006809662595208543
|heading error|,rad,RUNNING_MPC,0.0010828219786112037
|heading error|,rad,RUNNING_MPC,0.0013731360753403976
|heading error|,rad,RUNNING_MPC,0.001517315881063297
|heading error|,rad,RUNNING_MPC,0.0015238035234110825
|heading error|,rad,RUNNING_MPC,0.0016168797491347142
|heading error|,rad,RUNNING_MPC,0.0010817492094838954
|heading error|,rad,RUNNING_MPC,0.000809587726759986
|heading error|,rad,RUNNING_MPC,0.0003658894354807707
|heading error|,rad,RUNNING_MPC,9.680005291556881e-06
|heading error|,rad,RUNNING_MPC,8.52366134980187e-05
|heading error|,rad,RUNNING_MPC,9.682185971993107e-05
|heading error|,rad,RUNNING_MPC,0.0014054053819316792
|heading error|,rad,RUNNING_MPC,0.0015832175358929668
|heading error|,rad,RUNNING_MPC,0.001085885589099167
|heading error|,rad,RUNNING_MPC,0.001120069483721231
|heading error|,rad,RUNNING_MPC,0.00236295805631892
|heading error|,rad,RUNNING_MPC,0.001903350076714716
|heading error|,rad,RUNNING_MPC,0.0006576997657887774
|heading error|,rad,RUNNING_MPC,0.0010734201572657476
|heading error|,rad,RUNNING_MPC,0.002357458847876526
|heading error|,rad,RUNNING_MPC,0.0033267327793207184
|heading error|,rad,RUNNING_MPC,0.003331427338821413
|heading error|,rad,RUNNING_MPC,0.002663261133357242
|heading error|,rad,RUNNING_MPC,0.0021001003987479727
|heading error|,rad,RUNNING_MPC,0.0007110291366303479
|heading error|,rad,RUNNING_MPC,7.990097352772452e-05
|heading error|,rad,RUNNING_MPC,0.0005258323872285864
|heading error|,rad,RUNNING_MPC,0.0007107915237609675
|heading error|,rad,RUNNING_MPC,0.0006482482230341091
|heading error|,rad,RUNNING_MPC,0.0003997593361013685
|heading error|,rad,RUNNING_MPC,9.866942784997335e-05
|heading error|,rad,RUNNING_MPC,0.00028936077788710435
|heading error|,rad,RUNNING_MPC,0.0005296190145256396
|heading error|,rad,RUNNING_MPC,0.000779300205834943
|heading error|,rad,RUNNING_MPC,0.0009408610814443108
|heading error|,rad,RUNNING_MPC,0.0010723932886818055
|heading error|,rad,RUNNING_MPC,0.0010457398247165628
|heading error|,rad,RUNNING_MPC,0.0008846460632643272
|heading error|,rad,RUNNING_MPC,0.0005043586118502752
|heading error|,rad,RUNNING_MPC,9.883570711233247e-05
|heading error|,rad,RUNNING_MPC,0.00010244764825451115
|heading error|,rad,RUNNING_MPC,3.7160047369422244e-05
|heading error|,rad,RUNNING_MPC,8.886745021419172e-05
|heading error|,rad,RUNNING_MPC,0.00016407098028059508
|heading error|,rad,RUNNING_MPC,0.0006274276296212022
|heading error|,rad,RUNNING_MPC,0.0006054858966151322
|heading error|,rad,RUNNING_MPC,0.0007385407353885931
|heading error|,rad,RUNNING_MPC,0.0016570023591135907
|heading error|,rad,RUNNING_MPC,0.002128091528048604
|heading error|,rad,RUNNING_MPC,0.0019309956936064412
|heading error|,rad,RUNNING_MPC,0.0009942098187121218
|heading error|,rad,RUNNING_MPC,0.0001982823554418367
|heading error|,rad,RUNNING_MPC,0.001514173477922931
|heading error|,rad,RUNNING_MPC,0.002354239410185422
|heading error|,rad,RUNNING_MPC,0.0029083595437513488
|heading error|,rad,RUNNING_MPC,0.002858531653850083
|heading error|,rad,RUNNING_MPC,0.0025777132290056848
|heading error|,rad,RUNNING_MPC,0.0021396712120198558
|heading error|,rad,RUNNING_MPC,0.001569689474306912
|heading error|,rad,RUNNING_MPC,0.0009780419668885543
|heading error|,rad,RUNNING_MPC,0.0010888325393354494
|heading error|,rad,RUNNING_MPC,0.0004920278929261279
|heading error|,rad,RUNNING_MPC,0.0004957113460677398
|heading error|,rad,RUNNING_MPC,0.0038125235099255588
|heading error|,rad,RUNNING_MPC,0.00518476385646327
|heading error|,rad,RUNNING_MPC,0.006745516920963812
|heading error|,rad,RUNNING_MPC,0.011339119027386602
|heading error|,rad,RUNNING_MPC,0.011586145800063008
|heading error|,rad,RUNNING_MPC,0.010339900184598516
|heading error|,rad,RUNNING_MPC,0.007628583814264455
|heading error|,rad,RUNNING_MPC,0.009297633383013704
|heading error|,rad,RUNNING_MPC,0.007379754471462441
|heading error|,rad,RUNNING_MPC,0.006691076837713973
|heading error|,rad,RUNNING_MPC,0.009846019481608792
|heading error|,rad,RUNNING_MPC,0.005846594561730977
|heading error|,rad,RUNNING_MPC,0.006352657946306017
|heading error|,rad,RUNNING_MPC,0.01211265092356495
|heading error|,rad,RUNNING_MPC,0.0022463479665155717
|heading error|,rad,RUNNING_MPC,0.021309879978195223
|heading error|,rad,RUNNING_MPC,0.025361654635532638
|heading error|,rad,RUNNING_MPC,0.02243225105090918
|heading error|,rad,RUNNING_MPC,0.029297880341133453
|heading error|,rad,RUNNING_MPC,0.032122887522024086
|heading error|,rad,RUNNING_MPC,0.033578011642306116
|heading error|,rad,RUNNING_MPC,0.034213664686563394
|heading error|,rad,RUNNING_MPC,0.032892718571983615
|heading error|,rad,RUNNING_MPC,0.03247895283087088
|heading error|,rad,RUNNING_MPC,0.03235212117530972
|heading error|,rad,RUNNING_MPC,0.03467156219957079
|heading error|,rad,RUNNING_MPC,0.032332270362623206
|heading error|,rad,RUNNING_MPC,0.04776808377128308
|heading error|,rad,RUNNING_MPC,0.021481018840977754
|heading error|,rad,RUNNING_MPC,0.035491645296672925
|heading error|,rad,RUNNING_MPC,0.019716296526189225
|heading error|,rad,RUNNING_MPC,0.018911980328309763
|heading error|,rad,RUNNING_MPC,0.018698253433760744
|heading error|,rad,RUNNING_MPC,0.03319383924706232
|heading error|,rad,RUNNING_MPC,0.028865761898608344
|heading error|,rad,RUNNING_MPC,0.01905799374663353
|heading error|,rad,RUNNING_MPC,0.02016927633650312
|heading error|,rad,RUNNING_MPC,0.0039825811938194455
|heading error|,rad,RUNNING_MPC,0.021524376778632174
|heading error|,rad,RUNNING_MPC,0.003320908457477678
|heading error|,rad,RUNNING_MPC,0.008503201438262664
|heading error|,rad,RUNNING_MPC,0.003095318355883947
|heading error|,rad,RUNNING_MPC,7.365643277612577e-05
|heading error|,rad,RUNNING_MPC,0.017127474789207398
|heading error|,rad,RUNNING_MPC,0.0034537020539771035
|heading error|,rad,RUNNING_MPC,0.01592989105283849
|heading error|,rad,RUNNING_MPC,0.01649470994313118
|heading error|,rad,RUNNING_MPC,0.004360244896091104
|heading error|,rad,RUNNING_MPC,0.020537290682165033
|heading error|,rad,RUNNING_MPC,0.008911640381351837
|heading error|,rad,RUNNING_MPC,0.03490887000603005
|heading error|,rad,RUNNING_MPC,0.04718618312696687
|heading error|,rad,RUNNING_MPC,0.04710733923418742
|heading error|,rad,RUNNING_MPC,0.04715920186096634
|heading error|,rad,RUNNING_MPC,0.0293431047040611
|heading error|,rad,RUNNING_MPC,0.028082345945761093
|heading error|,rad,RUNNING_MPC,0.031591696118872026
|heading error|,rad,RUNNING_MPC,0.03941998227312227
|heading error|,rad,RUNNING_MPC,0.017696022160365255
|heading error|,rad,RUNNING_MPC,0.02617068661134958
|heading error|,rad,RUNNING_MPC,0.010450555378682447
|heading error|,rad,RUNNING_MPC,0.013706797343971067
|heading error|,rad,RUNNING_MPC,0.022526972107004495
|heading error|,rad,RUNNING_MPC,0.016841738000220596
|heading error|,rad,RUNNING_MPC,0.015575476081072237
|heading error|,rad,RUNNING_MPC,0.0105981858596913
|heading error|,rad,RUNNING_MPC,0.02081060969181836
|heading error|,rad,RUNNING_MPC,0.022558766725221613
|heading error|,rad,RUNNING_MPC,0.023493306158225202
|heading error|,rad,RUNNING_MPC,0.02217535579846408
|heading error|,rad,RUNNING_MPC,0.02153594639708789
|heading error|,rad,RUNNING_MPC,0.022370447924664246
|heading error|,rad,RUNNING_MPC,0.015980974650268376
|heading error|,rad,RUNNING_MPC,0.010228116581027624
|heading error|,rad,RUNNING_MPC,0.006278482730620817
|heading error|,rad,RUNNING_MPC,0.003332226517920756
|heading error|,rad,RUNNING_MPC,0.0018077590201999174
|heading error|,rad,RUNNING_MPC,0.006985110501360525
|heading error|,rad,RUNNING_MPC,0.0014639782552432479
|heading error|,rad,RUNNING_MPC,0.00630206877154027
|heading error|,rad,RUNNING_MPC,0.007548792030867003
|heading error|,rad,RUNNING_MPC,0.008562211853173407
|heading error|,rad,RUNNING_MPC,0.00034009803085166546
|heading error|,rad,RUNNING_MPC,0.011248938488034321
|heading error|,rad,RUNNING_MPC,0.0027095984297591524
|heading error|,rad,RUNNING_MPC,0.0206735708251522
|heading error|,rad,RUNNING_MPC,0.0158353740079904
|heading error|,rad,RUNNING_MPC,0.022404912229841756
|heading error|,rad,RUNNING_MPC,0.015538550337306223
|heading error|,rad,RUNNING_MPC,0.022041696794365743
|heading error|,rad,RUNNING_MPC,0.039800918293382725
|heading error|,rad,RUNNING_MPC,0.01983859472125049
|heading error|,rad,RUNNING_MPC,0.04054453903856192
|heading error|,rad,RUNNING_MPC,0.028279901385427575
|heading error|,rad,RUNNING_MPC,0.013062535911902096
|heading error|,rad,RUNNING_MPC,0.03370023799808308
|heading error|,rad,RUNNING_MPC,0.03452707683782785
|heading error|,rad,RUNNING_MPC,0.01609617821769227
|heading error|,rad,RUNNING_MPC,0.03759910977227232
|heading error|,rad,RUNNING_MPC,0.02001364503707448
|heading error|,rad,RUNNING_MPC,0.03918346634614789
|heading error|,rad,RUNNING_MPC,0.03883325391634029
|heading error|,rad,RUNNING_MPC,0.017758719172409787
|heading error|,rad,RUNNING_MPC,0.03643307105215454
|heading error|,rad,RUNNING_MPC,0.015407243953914573
|heading error|,rad,RUNNING_MPC,0.032433439021096085
|heading error|,rad,RUNNING_MPC,0.030223500774377854
|heading error|,rad,RUNNING_MPC,0.005676893829281493
|heading error|,rad,RUNNING_MPC,0.03488404782028898
|heading error|,rad,RUNNING_MPC,0.00013726125366897435
|heading error|,rad,RUNNING_MPC,0.002333593591793637
|heading error|,rad,RUNNING_MPC,0.02111733793836912
|heading error|,rad,RUNNING_MPC,0.004544263028271711
|heading error|,rad,RUNNING_MPC,0.027621086506025593
|heading error|,rad,RUNNING_MPC,0.014750085809374093
|heading error|,rad,RUNNING_MPC,0.028681364704857163
|heading error|,rad,RUNNING_MPC,0.041634085170788815
|heading error|,rad,RUNNING_MPC,0.02411025026826019
|heading error|,rad,RUNNING_MPC,0.024881430437586612
|heading error|,rad,RUNNING_MPC,0.043989964195379816
|heading error|,rad,RUNNING_MPC,0.04395673822602486
|heading error|,rad,RUNNING_MPC,0.027162278336968715
|heading error|,rad,RUNNING_MPC,0.02842748297875408
|heading error|,rad,RUNNING_MPC,0.029439505438268565
|heading error|,rad,RUNNING_MPC,0.030705574353528498
|heading error|,rad,RUNNING_MPC,0.013315824727578196
|heading error|,rad,RUNNING_MPC,0.03413416087269683
|heading error|,rad,RUNNING_MPC,0.03602378341250079
|heading error|,rad,RUNNING_MPC,0.020767039762674248
|heading error|,rad,RUNNING_MPC,0.020767039762674248
|heading error|,rad,RUNNING_MPC,0.03704366492032385
|heading error|,rad,RUNNING_MPC,0.029302097049467957
|heading error|,rad,RUNNING_MPC,0.015658088612099608
|heading error|,rad,RUNNING_MPC,0.02031150027288353
|heading error|,rad,RUNNING_MPC,0.04561332938239504
|heading error|,rad,RUNNING_MPC,0.04953467553490709
|heading error|,rad,RUNNING_MPC,0.03294179933381792
|heading error|,rad,RUNNING_MPC,0.03710279980641085
|heading error|,rad,RUNNING_MPC,0.016912111911860924
|heading error|,rad,RUNNING_MPC,0.045790498666298474
|heading error|,rad,RUNNING_MPC,0.02812512601319761
|heading error|,rad,RUNNING_MPC,0.040351391566886496
|heading error|,rad,RUNNING_MPC,0.03407065878409532
|heading error|,rad,RUNNING_MPC,0.013722390095721959
|heading error|,rad,RUNNING_MPC,0.03442319867011556
|heading error|,rad,RUNNING_MPC,0.028800465147018842
|heading error|,rad,RUNNING_MPC,0.026931391087764434
|heading error|,rad,RUNNING_MPC,0.02967175397883781
|heading error|,rad,RUNNING_MPC,0.04030698671025656
|heading error|,rad,RUNNING_MPC,0.024969664490278154
|heading error|,rad,RUNNING_MPC,0.03612634485834776
|heading error|,rad,RUNNING_MPC,0.01868765171401554
|heading error|,rad,RUNNING_MPC,0.037248286615213955
|heading error|,rad,RUNNING_MPC,0.020759120814487275
|heading error|,rad,RUNNING_MPC,0.024935735371609535
|heading error|,rad,RUNNING_MPC,0.022875009475615604
|heading error|,rad,RUNNING_MPC,0.02190835059182583
|heading error|,rad,RUNNING_MPC,0.019381917522085512
|heading error|,rad,RUNNING_MPC,0.014660858004783561
|heading error|,rad,RUNNING_MPC,0.020582089931118208
|heading error|,rad,RUNNING_MPC,0.015338454780470467
|heading error|,rad,RUNNING_MPC,0.014301640486977796
|heading error|,rad,RUNNING_MPC,0.013030590026360311
|heading error|,rad,RUNNING_MPC,0.008948980121694428
|heading error|,rad,RUNNING_MPC,0.010428286751016369
|heading error|,rad,RUNNING_MPC,0.011111115279377692
|heading error|,rad,RUNNING_MPC,0.010138864264439329
|heading error|,rad,RUNNING_MPC,0.0076323004463010324
|heading error|,rad,RUNNING_MPC,0.0031038223189432386
|heading error|,rad,RUNNING_MPC,0.00039920276213734063
|heading error|,rad,RUNNING_MPC,0.0012317862648070221
|heading error|,rad,RUNNING_MPC,0.0016822392910345043
|heading error|,rad,RUNNING_MPC,0.0018742374275653173
|heading error|,rad,RUNNING_MPC,0.0010475922269279625
|heading error|,rad,RUNNING_MPC,0.002890152387746925
|heading error|,rad,RUNNING_MPC,0.00262621410798225
|heading error|,rad,RUNNING_MPC,0.005473889783946361
|heading error|,rad,RUNNING_MPC,0.006404216687339703
|heading error|,rad,RUNNING_MPC,0.004420739938253648
|heading error|,rad,RUNNING_MPC,0.0060602881693703195
|heading error|,rad,RUNNING_MPC,0.0064380265706658335
|heading error|,rad,RUNNING_MPC,0.007012420063864155
|heading error|,rad,RUNNING_MPC,0.0060944111393812506
|heading error|,rad,RUNNING_MPC,0.00527173381600976
|heading error|,rad,RUNNING_MPC,0.008089587873946202
|heading error|,rad,RUNNING_MPC,0.007479614565838455
|heading error|,rad,RUNNING_MPC,0.008864395147666793
|heading error|,rad,RUNNING_MPC,0.010502959742405116
|heading error|,rad,RUNNING_MPC,0.012542101167013042
|heading error|,rad,RUNNING_MPC,0.012375262406504994
|heading error|,rad,RUNNING_MPC,0.013703467642926516
|heading error|,rad,RUNNING_MPC,0.012777490348426457
|heading error|,rad,RUNNING_MPC,0.009312047656407363
|heading error|,rad,RUNNING_MPC,0.010198321395541998
|heading error|,rad,RUNNING_MPC,0.011518872776341893
|heading error|,rad,RUNNING_MPC,0.015384307331858804
|heading error|,rad,RUNNING_MPC,0.013840179743149328
|heading error|,rad,RUNNING_MPC,0.01143612510718528
|heading error|,rad,RUNNING_MPC,0.012755704756289508
|heading error|,rad,RUNNING_MPC,0.015090261688233575
|heading error|,rad,RUNNING_MPC,0.009595291558681107
|heading error|,rad,RUNNING_MPC,0.01039941472545558
|heading error|,rad,RUNNING_MPC,0.011746359816289796
|heading error|,rad,RUNNING_MPC,0.010424762798081244
|heading error|,rad,RUNNING_MPC,0.01528081289811012
|heading error|,rad,RUNNING_MPC,0.013490685180167827
|heading error|,rad,RUNNING_MPC,0.014526938383302768
|heading error|,rad,RUNNING_MPC,0.014881573313867304
|heading error|,rad,RUNNING_MPC,0.012350570827772465
|heading error|,rad,RUNNING_MPC,0.018170859803515405
|heading error|,rad,RUNNING_MPC,0.012080340949453428
|heading error|,rad,RUNNING_MPC,0.01569903521479843
|heading error|,rad,RUNNING_MPC,0.022197244312833098
|heading error|,rad,RUNNING_MPC,0.021021606817478222
|heading error|,rad,RUNNING_MPC,0.023237666785987154
|heading error|,rad,RUNNING_MPC,0.02214245393395209
|heading error|,rad,RUNNING_MPC,0.02277092076869103
|heading error|,rad,RUNNING_MPC,0.01907871793790461
|heading error|,rad,RUNNING_MPC,0.023580424710809678
|heading error|,rad,RUNNING_MPC,0.01974983549303988
|heading error|,rad,RUNNING_MPC,0.02158711972572347
|heading error|,rad,RUNNING_MPC,0.024420071488745865
|heading error|,rad,RUNNING_MPC,0.02204303841554195
|heading error|,rad,RUNNING_MPC,0.024143896072173487
|heading error|,rad,RUNNING_MPC,0.026791156185888898
|heading error|,rad,RUNNING_MPC,0.024573243477080953
|heading error|,rad,RUNNING_MPC,0.021453565411532486
|heading error|,rad,RUNNING_MPC,0.02179665282464216
|heading error|,rad,RUNNING_MPC,0.021826127191953315
|heading error|,rad,RUNNING_MPC,0.023106712707774757
|heading error|,rad,RUNNING_MPC,0.017842128181894124
|heading error|,rad,RUNNING_MPC,0.018589823172065756
|heading error|,rad,RUNNING_MPC,0.012616547584415825
|heading error|,rad,RUNNING_MPC,0.016269840706525762
|heading error|,rad,RUNNING_MPC,0.016981148267087687
|heading error|,rad,RUNNING_MPC,0.01294536700513882
|heading error|,rad,RUNNING_MPC,0.011066809376341968
|heading error|,rad,RUNNING_MPC,0.011310074580669514
|heading error|,rad,RUNNING_MPC,0.018029814816809982
|heading error|,rad,RUNNING_MPC,0.016396098951869692
|heading error|,rad,RUNNING_MPC,0.01471240614828623
|heading error|,rad,RUNNING_MPC,0.01731105341867284
|heading error|,rad,RUNNING_MPC,0.014355658004618438
|heading error|,rad,RUNNING_MPC,0.012804495658293419
|heading error|,rad,RUNNING_MPC,0.009855370189909202
|heading error|,rad,RUNNING_MPC,0.008636847129170842
|heading error|,rad,RUNNING_MPC,0.006409149964766271
|heading error|,rad,RUNNING_MPC,0.008220643355500767
|heading error|,rad,RUNNING_MPC,0.007999925411384695
|heading error|,rad,RUNNING_MPC,0.006808365318328652
|heading error|,rad,RUNNING_MPC,0.005876428301242853
|heading error|,rad,RUNNING_MPC,0.006256989788173739
|heading error|,rad,RUNNING_MPC,0.005416425052790691
|heading error|,rad,RUNNING_MPC,0.005513724449634244
|heading error|,rad,RUNNING_MPC,0.005864692233907121
|heading error|,rad,RUNNING_MPC,0.004402744153440608
|heading error|,rad,RUNNING_MPC,0.00455467154891237
|heading error|,rad,RUNNING_MPC,0.004076752590422367
|heading error|,rad,RUNNING_MPC,0.0035445761434711454
|heading error|,rad,RUNNING_MPC,0.0034174277167049734
|heading error|,rad,RUNNING_MPC,0.002128671513840011
|heading error|,rad,RUNNING_MPC,0.0019328618167775145
|heading error|,rad,RUNNING_MPC,0.0018138304790165927
|heading error|,rad,RUNNING_MPC,0.00123673203608278
|heading error|,rad,RUNNING_MPC,0.0009376717871036472
|heading error|,rad,RUNNING_MPC,0.00048328806746780756
|heading error|,rad,RUNNING_MPC,0.00022032066914444426
|heading error|,rad,RUNNING_MPC,0.0001393813324492843
|heading error|,rad,RUNNING_MPC,0.00020531646245261492
|heading error|,rad,RUNNING_MPC,0.0002861194355224944
|heading error|,rad,RUNNING_MPC,0.000508092668598914
|heading error|,rad,RUNNING_MPC,0.0006985084438791145
|heading error|,rad,RUNNING_MPC,0.000878788826299548
|heading error|,rad,RUNNING_MPC,0.0010627072206643023
|heading error|,rad,RUNNING_MPC,0.0010344725458118487
|heading error|,rad,RUNNING_MPC,0.0010450586314027926
|heading error|,rad,RUNNING_MPC,0.0008535396708715115
|heading error|,rad,RUNNING_MPC,0.000845594631006183
|heading error|,rad,RUNNING_MPC,0.0008349958041641847
|heading error|,rad,RUNNING_MPC,0.0008644632933691304
|heading error|,rad,RUNNING_MPC,0.0009478193659500922
|heading error|,rad,RUNNING_MPC,0.0009829626667385016
|heading error|,rad,RUNNING_MPC,0.0009507101135073359
|heading error|,rad,RUNNING_MPC,0.0010257317842519847
|heading error|,rad,RUNNING_MPC,0.0009670916386681216
|heading error|,rad,RUNNING_MPC,0.0009114834074188256
|heading error|,rad,RUNNING_MPC,0.001005360634882477
|heading error|,rad,RUNNING_MPC,0.0011057695642522627
|heading error|,rad,RUNNING_MPC,0.0011565948956563793
|heading error|,rad,RUNNING_MPC,0.0011486250707905266
|heading error|,rad,RUNNING_MPC,0.0011522590885946898
|heading error|,rad,RUNNING_MPC,0.0012245612527759103
|heading error|,rad,RUNNING_MPC,0.0010645341218305654
|heading error|,rad,RUNNING_MPC,0.0010404618295969809
|heading error|,rad,RUNNING_MPC,0.0011081735801962561
|heading error|,rad,RUNNING_MPC,0.001090687828580281
|heading error|,rad,RUNNING_MPC,0.0012051523752566878
|heading error|,rad,RUNNING_MPC,0.0011109588979704016
|heading error|,rad,RUNNING_MPC,0.001062571043008692
|heading error|,rad,RUNNING_MPC,0.0012225209269749598
|heading error|,rad,RUNNING_MPC,0.001282485655785759
|heading error|,rad,RUNNING_MPC,0.0011802745123017377
|heading error|,rad,RUNNING_MPC,0.001285143235499761
|heading error|,rad,RUNNING_MPC,0.0012123564625668435
|heading error|,rad,RUNNING_MPC,0.0012530978117262365
|heading error|,rad,RUNNING_MPC,0.0012514960120614121
|heading error|,rad,RUNNING_MPC,0.0011904997134222356
|heading error|,rad,RUNNING_MPC,0.0011096604176756841
|heading error|,rad,RUNNING_MPC,0.0012955156510738861
|heading error|,rad,RUNNING_MPC,0.0012386876202344216
|heading error|,rad,RUNNING_MPC,0.001291076871313357
|heading error|,rad,RUNNING_MPC,0.0012070141959152486
|heading error|,rad,RUNNING_MPC,0.0012970294353229633
|heading error|,rad,RUNNING_MPC,0.001356267599354949
|heading error|,rad,RUNNING_MPC,0.001267669531097429
|heading error|,rad,RUNNING_MPC,0.0013066201026530194
|heading error|,rad,RUNNING_MPC,0.0012460838709819758
|heading error|,rad,RUNNING_MPC,0.001182829548132508
|heading error|,rad,RUNNING_MPC,0.0011334356261025469
|heading error|,rad,RUNNING_MPC,0.0010578319051027796
|heading error|,rad,RUNNING_MPC,0.001169326111050889
|heading error|,rad,RUNNING_MPC,0.000920671545726573
|heading error|,rad,RUNNING_MPC,0.0010817943289175985
|heading error|,rad,RUNNING_MPC,0.0010481686441463772
|heading error|,rad,RUNNING_MPC,0.0010412849960004383
|heading error|,rad,RUNNING_MPC,0.0011625631234819384
|heading error|,rad,RUNNING_MPC,0.0011461206119430106
|heading error|,rad,RUNNING_MPC,0.0013171599488854544
|heading error|,rad,RUNNING_MPC,0.0012521930667955816
|heading error|,rad,RUNNING_MPC,0.0013182379350573231
|heading error|,rad,RUNNING_MPC,0.001202792925733276
|heading error|,rad,RUNNING_MPC,0.0011659293504412
|heading error|,rad,RUNNING_MPC,0.0010200667054606205
|heading error|,rad,RUNNING_MPC,0.0008721640666131819
|heading error|,rad,RUNNING_MPC,0.001139935500024905
|heading error|,rad,RUNNING_MPC,0.0010278092492110036
|heading error|,rad,RUNNING_MPC,0.0012285896622965808
|heading error|,rad,RUNNING_MPC,0.0008581180074720557
|heading error|,rad,RUNNING_MPC,0.00017944336018552165
|heading error|,rad,RUNNING_MPC,0.0011197490152163592
|heading error|,rad,RUNNING_MPC,0.00026011881337609233
|heading error|,rad,RUNNING_MPC,0.0008099545870976499
|heading error|,rad,RUNNING_MPC,0.0020713631043680486
|heading error|,rad,RUNNING_MPC,0.0012472445748173688
|heading error|,rad,RUNNING_MPC,0.0007230025922077693
|heading error|,rad,RUNNING_MPC,0.0076337919381502676
|heading error|,rad,RUNNING_MPC,0.006540854692955567
|heading error|,rad,RUNNING_MPC,0.011677695236836698
|heading error|,rad,RUNNING_MPC,0.009041595289062296
|heading error|,rad,RUNNING_MPC,0.007831658196431166
|heading error|,rad,RUNNING_MPC,0.008382039858186151
|heading error|,rad,RUNNING_MPC,0.012412758550157318
|heading error|,rad,RUNNING_MPC,0.01603278021833112
|heading error|,rad,RUNNING_MPC,0.016012982117227903
|heading error|,rad,RUNNING_MPC,0.012064410162232177
|heading error|,rad,RUNNING_MPC,0.012051558517616842
|heading error|,rad,RUNNING_MPC,0.008290621370293419
|heading error|,rad,RUNNING_MPC,0.012890787213699975
|heading error|,rad,RUNNING_MPC,0.013540748847631066
|heading error|,rad,RUNNING_MPC,0.019108740620015524
|heading error|,rad,RUNNING_MPC,0.02027114953989032
|heading error|,rad,RUNNING_MPC,0.017276676275870453
|heading error|,rad,RUNNING_MPC,0.023904894484357897
|heading error|,rad,RUNNING_MPC,0.014839083692044841
|heading error|,rad,RUNNING_MPC,0.02297241379491541
|heading error|,rad,RUNNING_MPC,0.0325191939548401
|heading error|,rad,RUNNING_MPC,0.02350343265496113
|heading error|,rad,RUNNING_MPC,0.03170433188674232
|heading error|,rad,RUNNING_MPC,0.03317648079533442
|heading error|,rad,RUNNING_MPC,0.022385375145035247
|heading error|,rad,RUNNING_MPC,0.03951683617101609
|heading error|,rad,RUNNING_MPC,0.023539589170320396
|heading error|,rad,RUNNING_MPC,0.030339409062987543
|heading error|,rad,RUNNING_MPC,0.03084447058310391
|heading error|,rad,RUNNING_MPC,0.025273632692103254
|heading error|,rad,RUNNING_MPC,0.03498849433003892
|heading error|,rad,RUNNING_MPC,0.03445970880214
|heading error|,rad,RUNNING_MPC,0.04693590006979631
|heading error|,rad,RUNNING_MPC,0.04510273425730149
|heading error|,rad,RUNNING_MPC,0.053805108370601706
|heading error|,rad,RUNNING_MPC,0.048338495198014024
|heading error|,rad,RUNNING_MPC,0.0438858441348432
|heading error|,rad,RUNNING_MPC,0.038567543762980994
|heading error|,rad,RUNNING_MPC,0.04325850514061225
|heading error|,rad,RUNNING_MPC,0.03597615974654511
|heading error|,rad,RUNNING_MPC,0.02513010787740777
|heading error|,rad,RUNNING_MPC,0.03558862134667107
|heading error|,rad,RUNNING_MPC,0.033928967247924935
|heading error|,rad,RUNNING_MPC,0.034102894340488625
|heading error|,rad,RUNNING_MPC,0.023949031627528372
|heading error|,rad,RUNNING_MPC,0.030366233695400036
|heading error|,rad,RUNNING_MPC,0.02580382729055186
|heading error|,rad,RUNNING_MPC,0.02706587163238949
|heading error|,rad,RUNNING_MPC,0.02760915433823863
|heading error|,rad,RUNNING_MPC,0.034207031325933286
|heading error|,rad,RUNNING_MPC,0.028248220433382935
|heading error|,rad,RUNNING_MPC,0.024921048425237347
|heading error|,rad,RUNNING_MPC,0.029299163380834825
|heading error|,rad,RUNNING_MPC,0.0229950757914974
|heading error|,rad,RUNNING_MPC,0.020819453553704736
|heading error|,rad,RUNNING_MPC,0.017888328513393725
|heading error|,rad,RUNNING_MPC,0.012943121268265578
|heading error|,rad,RUNNING_MPC,0.010104929930433661
|heading error|,rad,RUNNING_MPC,0.008562753790936961
|heading error|,rad,RUNNING_MPC,0.005951089240410212
|heading error|,rad,RUNNING_MPC,0.005680092489465104
|heading error|,rad,RUNNING_MPC,0.0031698495090124457
|heading error|,rad,RUNNING_MPC,0.0003517790773872598
|heading error|,rad,RUNNING_MPC,0.005926673397118609
|heading error|,rad,RUNNING_MPC,0.011886370577110394
|heading error|,rad,RUNNING_MPC,0.01608258798558615
|heading error|,rad,RUNNING_MPC,0.015486191093641022
|heading error|,rad,RUNNING_MPC,0.013625011654166297
|heading error|,rad,RUNNING_MPC,0.01193406349167869
|heading error|,rad,RUNNING_MPC,0.007057023559451148
|heading error|,rad,RUNNING_MPC,0.005685322275711169
|heading error|,rad,RUNNING_MPC,0.0034692056222782597
|heading error|,rad,RUNNING_MPC,0.000945725859668789
|heading error|,rad,RUNNING_MPC,6.601560833185971e-05
|heading error|,rad,RUNNING_MPC,0.0017196448456535673
|heading error|,rad,RUNNING_MPC,0.0005777563269482311
|heading error|,rad,RUNNING_MPC,0.002954404353383122
|heading error|,rad,RUNNING_MPC,0.0035279985036300587
|heading error|,rad,RUNNING_MPC,0.004867484734984329
|heading error|,rad,RUNNING_MPC,0.00696307769156812
|heading error|,rad,RUNNING_MPC,0.00667987045424856
|heading error|,rad,RUNNING_MPC,0.005897004749213952
|heading error|,rad,RUNNING_MPC,0.007297535381911135
|heading error|,rad,RUNNING_MPC,0.00632680424889287
|heading error|,rad,RUNNING_MPC,0.00525773671173413
|heading error|,rad,RUNNING_MPC,0.004914980601977925
|heading error|,rad,RUNNING_MPC,0.00539716338454399
|heading error|,rad,RUNNING_MPC,0.0031198763111461854
|heading error|,rad,RUNNING_MPC,0.00406882713910961
|heading error|,rad,RUNNING_MPC,0.003425505349725188
|heading error|,rad,RUNNING_MPC,0.004587665551678556
|heading error|,rad,RUNNING_MPC,0.004290431202929712
|heading error|,rad,RUNNING_MPC,0.004971173211116842
|heading error|,rad,RUNNING_MPC,0.005213580152795272
|heading error|,rad,RUNNING_MPC,0.004704258909814962
|heading error|,rad,RUNNING_MPC,0.004131083161973859
|heading error|,rad,RUNNING_MPC,0.005545740614311567
|heading error|,rad,RUNNING_MPC,0.004666303355368884
|heading error|,rad,RUNNING_MPC,0.0055221977856372275
|heading error|,rad,RUNNING_MPC,0.005250064408272914
|heading error|,rad,RUNNING_MPC,0.005865085958769667
|heading error|,rad,RUNNING_MPC,0.004438272035376389
|heading error|,rad,RUNNING_MPC,0.0041457379979945586
|heading error|,rad,RUNNING_MPC,0.002212184727931499
|heading error|,rad,RUNNING_MPC,0.0018809083631865509
|heading error|,rad,RUNNING_MPC,0.00041549558451259294
|heading error|,rad,RUNNING_MPC,0.0014412410640338713
|heading error|,rad,RUNNING_MPC,0.0032288020552364567
|heading error|,rad,RUNNING_MPC,0.005846777901072686
|heading error|,rad,RUNNING_MPC,0.006194732246344259
|heading error|,rad,RUNNING_MPC,0.005967432662526084
|heading error|,rad,RUNNING_MPC,0.004989798393076894
|heading error|,rad,RUNNING_MPC,0.0029694919322491575
|heading error|,rad,RUNNING_MPC,0.0028350114293342887
|heading error|,rad,RUNNING_MPC,0.0014356075271892978
|heading error|,rad,RUNNING_MPC,0.0017106279447349768
|heading error|,rad,RUNNING_MPC,0.0011458121206966432
|heading error|,rad,RUNNING_MPC,0.0009447149937147348
|heading error|,rad,RUNNING_MPC,0.0015783924552250639
|heading error|,rad,RUNNING_MPC,0.0015055431793637997
|heading error|,rad,RUNNING_MPC,0.0018755406324497683
|heading error|,rad,RUNNING_MPC,0.0021841194687683974
|heading error|,rad,RUNNING_MPC,0.002157972518531448
|heading error|,rad,RUNNING_MPC,0.002084022231142013
|heading error|,rad,RUNNING_MPC,0.002444100763902668
|heading error|,rad,RUNNING_MPC,0.002262259577300529
|heading error|,rad,RUNNING_MPC,0.002158256291069583
|heading error|,rad,RUNNING_MPC,0.001979045451204975
|heading error|,rad,RUNNING_MPC,0.0015622142045732534
|heading error|,rad,RUNNING_MPC,0.000894340739244104
|heading error|,rad,RUNNING_MPC,0.0008013235384183304
|heading error|,rad,RUNNING_MPC,0.000340611535246449
|heading error|,rad,RUNNING_MPC,0.00017897899409580198
|heading error|,rad,RUNNING_MPC,0.00013336068088598552
|heading error|,rad,RUNNING_MPC,4.276850772222396e-05
|heading error|,rad,RUNNING_MPC,0.00011642749807716514
|heading error|,rad,RUNNING_MPC,0.00017667329677428792
|heading error|,rad,RUNNING_MPC,0.0002800129675681884
|heading error|,rad,RUNNING_MPC,0.000522748796928818
|heading error|,rad,RUNNING_MPC,0.0004901316530845357
|heading error|,rad,RUNNING_MPC,0.0016405158876582338
|heading error|,rad,RUNNING_MPC,0.0021057358949601035
|heading error|,rad,RUNNING_MPC,0.004804967883877298
|heading error|,rad,RUNNING_MPC,0.0034738180841591415
|heading error|,rad,RUNNING_MPC,0.0064042400244406225
|heading error|,rad,RUNNING_MPC,0.0043586273574010015
|heading error|,rad,RUNNING_MPC,0.007088209678800751
|heading error|,rad,RUNNING_MPC,0.008488655979906225
|heading error|,rad,RUNNING_MPC,0.005818185097784978
|heading error|,rad,RUNNING_MPC,0.009327648390195176
|heading error|,rad,RUNNING_MPC,0.010192400557770709
|heading error|,rad,RUNNING_MPC,0.0086431734542578
|heading error|,rad,RUNNING_MPC,0.010081691980066143
|heading error|,rad,RUNNING_MPC,0.008787438758064647
|heading error|,rad,RUNNING_MPC,0.014417394769052683
|heading error|,rad,RUNNING_MPC,0.008901204306696942
|heading error|,rad,RUNNING_MPC,0.01113657795130063
|heading error|,rad,RUNNING_MPC,0.016115030540005737
|heading error|,rad,RUNNING_MPC,0.014708938721430087
|heading error|,rad,RUNNING_MPC,0.0181265264902577
|heading error|,rad,RUNNING_MPC,0.01680768211937811
|heading error|,rad,RUNNING_MPC,0.017380276410733583
|heading error|,rad,RUNNING_MPC,0.018914818748101192
|heading error|,rad,RUNNING_MPC,0.011154515069333515
|heading error|,rad,RUNNING_MPC,0.017341894118358514
|heading error|,rad,RUNNING_MPC,0.025741697325505575
|heading error|,rad,RUNNING_MPC,0.032054672137374896
|heading error|,rad,RUNNING_MPC,0.04023523847129828
|heading error|,rad,RUNNING_MPC,0.03739783610167846
|heading error|,rad,RUNNING_MPC,0.03272194865372846
|heading error|,rad,RUNNING_MPC,0.023805188494888885
|heading error|,rad,RUNNING_MPC,0.01612839652096243
|heading error|,rad,RUNNING_MPC,0.006585704375184687
|heading error|,rad,RUNNING_MPC,0.0018595670990315671
|heading error|,rad,RUNNING_MPC,0.004973683103724147
|heading error|,rad,RUNNING_MPC,0.005571670255539729
|heading error|,rad,RUNNING_MPC,0.010120128700817688
|heading error|,rad,RUNNING_MPC,0.00810258698353894
|heading error|,rad,RUNNING_MPC,0.012907104636840083
|heading error|,rad,RUNNING_MPC,0.011618583019800788
|heading error|,rad,RUNNING_MPC,0.010629356098423417
|heading error|,rad,RUNNING_MPC,0.01031620005630618
|heading error|,rad,RUNNING_MPC,0.00682846315679253
|heading error|,rad,RUNNING_MPC,0.006501957096528566
|heading error|,rad,RUNNING_MPC,0.01420360112886998
|heading error|,rad,RUNNING_MPC,0.0067307904928051165
|heading error|,rad,RUNNING_MPC,0.017635272905380805
|heading error|,rad,RUNNING_MPC,0.008130537538499683
|heading error|,rad,RUNNING_MPC,0.010820499338638044
|heading error|,rad,RUNNING_MPC,0.02798721161038742
|heading error|,rad,RUNNING_MPC,0.027563886994283582
|heading error|,rad,RUNNING_MPC,0.02021908346938228
|heading error|,rad,RUNNING_MPC,0.03251292895890834
|heading error|,rad,RUNNING_MPC,0.0318804611978154
|heading error|,rad,RUNNING_MPC,0.044074518953926
|heading error|,rad,RUNNING_MPC,0.04381434694599684
|heading error|,rad,RUNNING_MPC,0.05012508399189142
|heading error|,rad,RUNNING_MPC,0.05133142132153968
|heading error|,rad,RUNNING_MPC,0.051035342180008714
|heading error|,rad,RUNNING_MPC,0.04382700649384352
|heading error|,rad,RUNNING_MPC,0.04338981213814219
|heading error|,rad,RUNNING_MPC,0.040011357178162614
|heading error|,rad,RUNNING_MPC,0.029412561114730007
|heading error|,rad,RUNNING_MPC,0.02457118477263953
|heading error|,rad,RUNNING_MPC,0.027938434010444047
|heading error|,rad,RUNNING_MPC,0.023308773461046428
|heading error|,rad,RUNNING_MPC,0.01979808800728189
|heading error|,rad,RUNNING_MPC,0.021844689407713336
|heading error|,rad,RUNNING_MPC,0.016207154720211392
|heading error|,rad,RUNNING_MPC,0.01620828443541633
|heading error|,rad,RUNNING_MPC,0.014364456989191641
|heading error|,rad,RUNNING_MPC,0.011263548666982981
|heading error|,rad,RUNNING_MPC,0.015616775744206944
|heading error|,rad,RUNNING_MPC,0.016154576518827127
|heading error|,rad,RUNNING_MPC,0.013869428073349344
|heading error|,rad,RUNNING_MPC,0.01092700827369697
|heading error|,rad,RUNNING_MPC,0.006137680957585934
|heading error|,rad,RUNNING_MPC,0.000714316001547699
|heading error|,rad,RUNNING_MPC,0.00323587054315233
|heading error|,rad,RUNNING_MPC,0.008765937524226164
|heading error|,rad,RUNNING_MPC,0.010985028119989693
|heading error|,rad,RUNNING_MPC,0.01609835052638564
|heading error|,rad,RUNNING_MPC,0.017854049920368098
|heading error|,rad,RUNNING_MPC,0.017754284829376354
|heading error|,rad,RUNNING_MPC,0.0192107462083837
|heading error|,rad,RUNNING_MPC,0.010956387382444088
|heading error|,rad,RUNNING_MPC,0.01607250824663531
|heading error|,rad,RUNNING_MPC,0.019585778022526368
|heading error|,rad,RUNNING_MPC,0.01651803705534194
|heading error|,rad,RUNNING_MPC,0.02514736740922352
|heading error|,rad,RUNNING_MPC,0.022392665477450224
|heading error|,rad,RUNNING_MPC,0.027539529907759652
|heading error|,rad,RUNNING_MPC,0.019783499639547397
|heading error|,rad,RUNNING_MPC,0.02178120494212399
|heading error|,rad,RUNNING_MPC,0.02256298885676089
|heading error|,rad,RUNNING_MPC,0.013047968338565141
|heading error|,rad,RUNNING_MPC,0.0007466772190491966
|heading error|,rad,RUNNING_MPC,0.004947252492857546
|heading error|,rad,RUNNING_MPC,0.003289238437915509
|heading error|,rad,RUNNING_MPC,0.00014901275254075586
|heading error|,rad,RUNNING_MPC,0.007632711420073158
|heading error|,rad,RUNNING_MPC,7.073675062674312e-05
|heading error|,rad,RUNNING_MPC,0.009751032569666362
|heading error|,rad,RUNNING_MPC,0.02859324335211255
|heading error|,rad,RUNNING_MPC,0.03136093144121399
|heading error|,rad,RUNNING_MPC,0.0356853408283937
|heading error|,rad,RUNNING_MPC,0.02357431878274019
|heading error|,rad,RUNNING_MPC,0.03762883175465115
|heading error|,rad,RUNNING_MPC,0.04545700929292451
|heading error|,rad,RUNNING_MPC,0.048615445976808
|heading error|,rad,RUNNING_MPC,0.057921310574128526
|heading error|,rad,RUNNING_MPC,0.06044061187430683
|heading error|,rad,RUNNING_MPC,0.05423167424240505
|heading error|,rad,RUNNING_MPC,0.052838216620798906
|heading error|,rad,RUNNING_MPC,0.04763128813901485
|heading error|,rad,RUNNING_MPC,0.031060844658133524
|heading error|,rad,RUNNING_MPC,0.02256591810289599
|heading error|,rad,RUNNING_MPC,0.014711942593941929
|heading error|,rad,RUNNING_MPC,0.0024150314588240462
|heading error|,rad,RUNNING_MPC,0.0022352099618252463
|heading error|,rad,RUNNING_MPC,0.007087531198481156
|heading error|,rad,RUNNING_MPC,0.008358699143517279
|heading error|,rad,RUNNING_MPC,0.007858299873539698
|heading error|,rad,RUNNING_MPC,0.006820766959815816
|heading error|,rad,RUNNING_MPC,0.004224090860463603
|heading error|,rad,RUNNING_MPC,0.0021881421936963408
|heading error|,rad,RUNNING_MPC,0.007946181459690171
|heading error|,rad,RUNNING_MPC,0.004654462149688898
|heading error|,rad,RUNNING_MPC,0.0002718442385503117
|heading error|,rad,RUNNING_MPC,0.001573499027669234
|heading error|,rad,RUNNING_MPC,0.00230943374032222
|heading error|,rad,RUNNING_MPC,0.012614074654433427
|heading error|,rad,RUNNING_MPC,0.01260002991098097
|heading error|,rad,RUNNING_MPC,0.006161793096813417
|heading error|,rad,RUNNING_MPC,0.0034262186320475063
|heading error|,rad,RUNNING_MPC,0.001177178331808193
|heading error|,rad,RUNNING_MPC,0.02469926503158071
|heading error|,rad,RUNNING_MPC,0.008072954655185871
|heading error|,rad,RUNNING_MPC,0.031029491976262147
|heading error|,rad,RUNNING_MPC,0.025035990696587795
|heading error|,rad,RUNNING_MPC,0.030660178390290446
|heading error|,rad,RUNNING_MPC,0.042211066706619116
|heading error|,rad,RUNNING_MPC,0.04218999135570667
|heading error|,rad,RUNNING_MPC,0.039328501686559214
|heading error|,rad,RUNNING_MPC,0.0303012895427115
|heading error|,rad,RUNNING_MPC,0.02564885793785643
|heading error|,rad,RUNNING_MPC,0.04092206162001588
|heading error|,rad,RUNNING_MPC,0.0144264275025614
|heading error|,rad,RUNNING_MPC,0.024560325974319897
|heading error|,rad,RUNNING_MPC,0.007506517096135479
|heading error|,rad,RUNNING_MPC,0.01330985429469056
|heading error|,rad,RUNNING_MPC,0.020996239375710823
|heading error|,rad,RUNNING_MPC,0.02117910420581004
|heading error|,rad,RUNNING_MPC,0.031220077486360687
|heading error|,rad,RUNNING_MPC,0.023700679826057947
|heading error|,rad,RUNNING_MPC,0.031000126408391004
|heading error|,rad,RUNNING_MPC,0.03985528770534619
|heading error|,rad,RUNNING_MPC,0.032190607469135823
|heading error|,rad,RUNNING_MPC,0.042189531412124115
|heading error|,rad,RUNNING_MPC,0.042994756175814164
|heading error|,rad,RUNNING_MPC,0.04994103795685766
|heading error|,rad,RUNNING_MPC,0.040851621157801166
|heading error|,rad,RUNNING_MPC,0.04571610611047073
|heading error|,rad,RUNNING_MPC,0.03464767311617889
|heading error|,rad,RUNNING_MPC,0.03682165645702584
|heading error|,rad,RUNNING_MPC,0.030219867036661796
|heading error|,rad,RUNNING_MPC,0.03221964026420254
|heading error|,rad,RUNNING_MPC,0.02735861959720731
|heading error|,rad,RUNNING_MPC,0.018237761783786333
|heading error|,rad,RUNNING_MPC,0.010195397263723205
|heading error|,rad,RUNNING_MPC,0.016802596843799034
|heading error|,rad,RUNNING_MPC,0.02204640602707153
|heading error|,rad,RUNNING_MPC,0.024817970492577057
|heading error|,rad,RUNNING_MPC,0.025601703160207823
|heading error|,rad,RUNNING_MPC,0.028014265324614044
|heading error|,rad,RUNNING_MPC,0.022029248848476346
|heading error|,rad,RUNNING_MPC,0.017722227812155822
|heading error|,rad,RUNNING_MPC,0.016265605579203424
|heading error|,rad,RUNNING_MPC,0.012229852971137323
|heading error|,rad,RUNNING_MPC,0.01120499101943695
|heading error|,rad,RUNNING_MPC,0.00825316202990889
|heading error|,rad,RUNNING_MPC,0.008037121077354215
|heading error|,rad,RUNNING_MPC,0.006245571414677187
|heading error|,rad,RUNNING_MPC,0.003953298775772218
|heading error|,rad,RUNNING_MPC,0.0007428470396417809
|heading error|,rad,RUNNING_MPC,0.00259639104646725
|heading error|,rad,RUNNING_MPC,0.008569823615113048
|heading error|,rad,RUNNING_MPC,0.010874000395157957
|heading error|,rad,RUNNING_MPC,0.012486554913873515
|heading error|,rad,RUNNING_MPC,0.019231534376003
|heading error|,rad,RUNNING_MPC,0.022435046565376204
|heading error|,rad,RUNNING_MPC,0.020362593852603084
|heading error|,rad,RUNNING_MPC,0.016315144487761835
|heading error|,rad,RUNNING_MPC,0.020545824497392395
|heading error|,rad,RUNNING_MPC,0.02013826154900933
|heading error|,rad,RUNNING_MPC,0.020606407057122574
|heading error|,rad,RUNNING_MPC,0.023637961425157172
|heading error|,rad,RUNNING_MPC,0.022764407870341064
|heading error|,rad,RUNNING_MPC,0.02313311811122354
|heading error|,rad,RUNNING_MPC,0.03274439462598444
|heading error|,rad,RUNNING_MPC,0.02865409095799532
|heading error|,rad,RUNNING_MPC,0.03515031145505577
|heading error|,rad,RUNNING_MPC,0.02752038617002839
|heading error|,rad,RUNNING_MPC,0.028870237646348773
|heading error|,rad,RUNNING_MPC,0.025373535018263116
|heading error|,rad,RUNNING_MPC,0.02967040208259641
|heading error|,rad,RUNNING_MPC,0.02767270379340525
|heading error|,rad,RUNNING_MPC,0.020103068119889492
|heading error|,rad,RUNNING_MPC,0.016754418151784915
|heading error|,rad,RUNNING_MPC,0.015544871368063706
|heading error|,rad,RUNNING_MPC,0.010762711525539537
|heading error|,rad,RUNNING_MPC,0.004999792778550116
|heading error|,rad,RUNNING_MPC,0.0035376149758064024
|heading error|,rad,RUNNING_MPC,0.002007229455392334
|heading error|,rad,RUNNING_MPC,0.004707868583632813
|heading error|,rad,RUNNING_MPC,0.0023074457572049845
|heading error|,rad,RUNNING_MPC,0.0009641994101241558
|heading error|,rad,RUNNING_MPC,0.0007764584847911316
|heading error|,rad,RUNNING_MPC,0.0015998324975137204
|heading error|,rad,RUNNING_MPC,0.001577959770511228
|heading error|,rad,RUNNING_MPC,0.0014147919787381722
|heading error|,rad,RUNNING_MPC,0.0015443514393957969
|heading error|,rad,RUNNING_MPC,0.0014630123052166157
|heading error|,rad,RUNNING_MPC,0.0011254425618765218
|heading error|,rad,RUNNING_MPC,0.0011686246129354316
|heading error|,rad,RUNNING_MPC,0.0009899358679916759
|heading error|,rad,RUNNING_MPC,0.00035895002543284704
|heading error|,rad,RUNNING_MPC,9.070602658178828e-05
|heading error|,rad,RUNNING_MPC,0.0008104530786630093
|heading error|,rad,RUNNING_MPC,0.0008892401550308905
|heading error|,rad,RUNNING_MPC,0.0013725206481569607
|heading error|,rad,RUNNING_MPC,0.001284445958808611
|heading error|,rad,RUNNING_MPC,0.0009385421761076707
|heading error|,rad,RUNNING_MPC,0.0006140621167598503
|heading error|,rad,RUNNING_MPC,2.213613729296071e-05
|heading error|,rad,RUNNING_MPC,0.0008516245473826345
|heading error|,rad,RUNNING_MPC,0.001021628248806028
|heading error|,rad,RUNNING_MPC,0.0012906214746326583
|heading error|,rad,RUNNING_MPC,0.0015135280578721932
|heading error|,rad,RUNNING_MPC,0.00113863698730432
|heading error|,rad,RUNNING_MPC,0.00074831186857649
|heading error|,rad,RUNNING_MPC,0.0002505381604001044
|heading error|,rad,RUNNING_MPC,0.0005388498971394817
|heading error|,rad,RUNNING_MPC,0.0008201110459507
|heading error|,rad,RUNNING_MPC,0.0014031379243233386
|heading error|,rad,RUNNING_MPC,0.0014945046752012914
|heading error|,rad,RUNNING_MPC,0.0014681155052773676
|heading error|,rad,RUNNING_MPC,0.0014936434451100487
|heading error|,rad,RUNNING_MPC,0.0012261574399952122
|heading error|,rad,RUNNING_MPC,0.000793925221978853
|heading error|,rad,RUNNING_MPC,0.00039011926543164316
|heading error|,rad,RUNNING_MPC,8.362411683116021e-07
|heading error|,rad,RUNNING_MPC,0.00018252661454365438
|heading error|,rad,RUNNING_MPC,0.00037831332763182957
|heading error|,rad,RUNNING_MPC,0.0005883010620357787
|heading error|,rad,RUNNING_MPC,0.0004726943377950654
|heading error|,rad,RUNNING_MPC,0.00010607371952886525
|heading error|,rad,RUNNING_MPC,0.00012354890435739563
|heading error|,rad,RUNNING_MPC,2.1476871419068285e-05
|heading error|,rad,RUNNING_MPC,0.00038107341284332463
|heading error|,rad,RUNNING_MPC,0.00045414650411546015
|heading error|,rad,RUNNING_MPC,0.0007090845161203951
|heading error|,rad,RUNNING_MPC,0.0008569283730395227
|heading error|,rad,RUNNING_MPC,0.0008997641906320908
|heading error|,rad,RUNNING_MPC,0.0007972071878015184
|heading error|,rad,RUNNING_MPC,0.0005695663341218626
|heading error|,rad,RUNNING_MPC,0.00030212857475087057
|heading error|,rad,RUNNING_MPC,0.00022157948982348685
|heading error|,rad,RUNNING_MPC,7.322769982831544e-06
|heading error|,rad,RUNNING_MPC,4.0375323275387835e-05
|heading error|,rad,RUNNING_MPC,0.00015557059074744473
|heading error|,rad,RUNNING_MPC,0.00039455335956573023
|heading error|,rad,RUNNING_MPC,0.000651331921693199
|heading error|,rad,RUNNING_MPC,0.0008566667483242972
|heading error|,rad,RUNNING_MPC,0.0010439621979303482
|heading error|,rad,RUNNING_MPC,0.0010841649788924101
|heading error|,rad,RUNNING_MPC,0.001259204376484302
|heading error|,rad,RUNNING_MPC,0.0012457081386187951
|heading error|,rad,RUNNING_MPC,0.0011592862052647313
|heading error|,rad,RUNNING_MPC,0.0011133040739164102
|heading error|,rad,RUNNING_MPC,0.0008777616936508359
|heading error|,rad,RUNNING_MPC,0.0006852216086543628
|heading error|,rad,RUNNING_MPC,0.0006149036391471796
|heading error|,rad,RUNNING_MPC,0.0006184792078238742
|heading error|,rad,RUNNING_MPC,0.0006476262902608276
|heading error|,rad,RUNNING_MPC,0.0005786155306846119
|heading error|,rad,RUNNING_MPC,0.000306751701767638
|heading error|,rad,RUNNING_MPC,0.0002343062066287871
|heading error|,rad,RUNNING_MPC,0.0002713756777565912
|heading error|,rad,RUNNING_MPC,0.0003923589420558038
|heading error|,rad,RUNNING_MPC,0.0006306134978384392
|heading error|,rad,RUNNING_MPC,0.0007577417617969929
|heading error|,rad,RUNNING_MPC,0.0009290643022654699
|heading error|,rad,RUNNING_MPC,0.0009629323780191434
|heading error|,rad,RUNNING_MPC,0.0011151349974132252
|heading error|,rad,RUNNING_MPC,0.0010640255529237308
|heading error|,rad,RUNNING_MPC,0.0011866543427188072
|heading error|,rad,RUNNING_MPC,0.001195314278289672
|heading error|,rad,RUNNING_MPC,0.0010202008493860326
|heading error|,rad,RUNNING_MPC,0.0009974723533603402
|heading error|,rad,RUNNING_MPC,0.0009106801096963045
|heading error|,rad,RUNNING_MPC,0.0008162670754177093
|heading error|,rad,RUNNING_MPC,0.0008854992630777936
|heading error|,rad,RUNNING_MPC,0.000731410669913668
|heading error|,rad,RUNNING_MPC,0.000904709851297536
|heading error|,rad,RUNNING_MPC,0.0010337526771109218
|heading error|,rad,RUNNING_MPC,0.00088964759109178
|heading error|,rad,RUNNING_MPC,0.0011163513228695798
|heading error|,rad,RUNNING_MPC,0.001089074015117486
|heading error|,rad,RUNNING_MPC,0.0009742953727016611
|heading error|,rad,RUNNING_MPC,0.0011073493625035624
|heading error|,rad,RUNNING_MPC,0.0010067878298456456
|heading error|,rad,RUNNING_MPC,0.0008692852212313085
|heading error|,rad,RUNNING_MPC,0.0010627300289653974
|heading error|,rad,RUNNING_MPC,0.0008991093803438766
|heading error|,rad,RUNNING_MPC,0.0010229934642480565
|heading error|,rad,RUNNING_MPC,0.0008351645638082772
|heading error|,rad,RUNNING_MPC,0.000684119291936458
|heading error|,rad,RUNNING_MPC,0.0009982391425111814
|heading error|,rad,RUNNING_MPC,0.0009465302747817538
|heading error|,rad,RUNNING_MPC,0.0009036213766955292
|heading error|,rad,RUNNING_MPC,0.001150517837829046
|heading error|,rad,RUNNING_MPC,0.0010792062194937557
|heading error|,rad,RUNNING_MPC,0.001015045273384363
|heading error|,rad,RUNNING_MPC,0.0010307991417630724
|heading error|,rad,RUNNING_MPC,0.000982523967712812
|heading error|,rad,RUNNING_MPC,0.0011137228758952844
|heading error|,rad,RUNNING_MPC,0.001002160756689019
|heading error|,rad,RUNNING_MPC,0.0009636090230022986
|heading error|,rad,RUNNING_MPC,0.0011659804868311419
|heading error|,rad,RUNNING_MPC,0.0010423058689728038
|heading error|,rad,RUNNING_MPC,0.0009015134333840713
|heading error|,rad,RUNNING_MPC,0.0008276148796833027
|heading error|,rad,RUNNING_MPC,0.0011530478869477
|heading error|,rad,RUNNING_MPC,0.0014052736137810662
|heading error|,rad,RUNNING_MPC,0.0013515711471554503
|heading error|,rad,RUNNING_MPC,0.0012998256226497418
|heading error|,rad,RUNNING_MPC,0.0012589586299154298
|heading error|,rad,RUNNING_MPC,0.0014760739212973386
|heading error|,rad,RUNNING_MPC,0.0016513590069422435
|heading error|,rad,RUNNING_MPC,0.0015646760971232965
|heading error|,rad,RUNNING_MPC,0.002043533182221946
|heading error|,rad,RUNNING_MPC,0.0017837082064735557
|heading error|,rad,RUNNING_MPC,0.002325251741247314
|heading error|,rad,RUNNING_MPC,0.002325251741247314
|heading error|,rad,RUNNING_MPC,0.0020616015860581705
|heading error|,rad,RUNNING_MPC,0.002502779269847988
|heading error|,rad,RUNNING_MPC,0.0021630322696784
|heading error|,rad,RUNNING_MPC,0.001964687139797583
|heading error|,rad,RUNNING_MPC,0.002448784431315687
|heading error|,rad,RUNNING_MPC,0.002091722798791107
|heading error|,rad,RUNNING_MPC,0.0019897042231584727
|heading error|,rad,RUNNING_MPC,0.0025510138214066558
|heading error|,rad,RUNNING_MPC,0.002252436221864329
|heading error|,rad,RUNNING_MPC,0.0029862877753967787
|heading error|,rad,RUNNING_MPC,0.0025882427679291276
|heading error|,rad,RUNNING_MPC,0.0029561661789250238
|heading error|,rad,RUNNING_MPC,0.003211491512124187
|heading error|,rad,RUNNING_MPC,0.0030174696512492716
|heading error|,rad,RUNNING_MPC,0.0025331061895705886
|heading error|,rad,RUNNING_MPC,0.0035473462471804496
|heading error|,rad,RUNNING_MPC,0.003439550080803766
|heading error|,rad,RUNNING_MPC,0.004775946079782933
|heading error|,rad,RUNNING_MPC,0.004329957318231159
|heading error|,rad,RUNNING_MPC,0.0049490424264222455
|heading error|,rad,RUNNING_MPC,0.005759643905054457
|heading error|,rad,RUNNING_MPC,0.004927122451563015
|heading error|,rad,RUNNING_MPC,0.004095866615009047
|heading error|,rad,RUNNING_MPC,0.005465743018027158
|heading error|,rad,RUNNING_MPC,0.004793476725454049
|heading error|,rad,RUNNING_MPC,0.003934380724604392
|heading error|,rad,RUNNING_MPC,0.0057555909613116185
|heading error|,rad,RUNNING_MPC,0.004491552700630397
|heading error|,rad,RUNNING_MPC,0.00537076314883933
|heading error|,rad,RUNNING_MPC,0.002230049783617183
|heading error|,rad,RUNNING_MPC,0.002875182732149817
|heading error|,rad,RUNNING_MPC,0.000753476529656183
|heading error|,rad,RUNNING_MPC,0.0020511530060352
|heading error|,rad,RUNNING_MPC,0.000376003638999034
|heading error|,rad,RUNNING_MPC,0.0025630700095633507
|heading error|,rad,RUNNING_MPC,0.000495350005338846
|heading error|,rad,RUNNING_MPC,0.004929048865675244
|heading error|,rad,RUNNING_MPC,0.0069224782685237685
|heading error|,rad,RUNNING_MPC,0.014172419486579546
|heading error|,rad,RUNNING_MPC,0.015670179120680583
|heading error|,rad,RUNNING_MPC,0.010431084295895676
|heading error|,rad,RUNNING_MPC,0.00898020909258701
|heading error|,rad,RUNNING_MPC,0.014177634275985618
|heading error|,rad,RUNNING_MPC,0.011405855058897796
|heading error|,rad,RUNNING_MPC,0.00544525915604277
|heading error|,rad,RUNNING_MPC,0.006037007774082781
|heading error|,rad,RUNNING_MPC,0.013900257208650402
|heading error|,rad,RUNNING_MPC,0.013152568250442977
|heading error|,rad,RUNNING_MPC,0.0030062910779689034
|heading error|,rad,RUNNING_MPC,0.018337848932957087
|heading error|,rad,RUNNING_MPC,0.01948096026268864
|heading error|,rad,RUNNING_MPC,0.014789252373270221
|heading error|,rad,RUNNING_MPC,0.021721597614120736
|heading error|,rad,RUNNING_MPC,0.022581888353851994
|heading error|,rad,RUNNING_MPC,0.022308777355605432
|heading error|,rad,RUNNING_MPC,0.02129279655231775
|heading error|,rad,RUNNING_MPC,0.025411657929454098
|heading error|,rad,RUNNING_MPC,0.02896182550598425
|heading error|,rad,RUNNING_MPC,0.023742998231331747
|heading error|,rad,RUNNING_MPC,0.012590833371416641
|heading error|,rad,RUNNING_MPC,0.00585202619711378
|heading error|,rad,RUNNING_MPC,0.007284402462424122
|heading error|,rad,RUNNING_MPC,0.01932752350203826
|heading error|,rad,RUNNING_MPC,0.026708128110606744
|heading error|,rad,RUNNING_MPC,0.03628500882919816
|heading error|,rad,RUNNING_MPC,0.03448229585496598
|heading error|,rad,RUNNING_MPC,0.03718119587278013
|heading error|,rad,RUNNING_MPC,0.027313530353838548
|heading error|,rad,RUNNING_MPC,0.018649576046065874
|heading error|,rad,RUNNING_MPC,0.031716907834477226
|heading error|,rad,RUNNING_MPC,0.017786357375946693
|heading error|,rad,RUNNING_MPC,0.01564483498857072
|heading error|,rad,RUNNING_MPC,0.01564483498857072
|heading error|,rad,RUNNING_MPC,0.009403826140742755
|heading error|,rad,RUNNING_MPC,0.0029858740656565352
|heading error|,rad,RUNNING_MPC,0.02456645719422923
|heading error|,rad,RUNNING_MPC,0.005490144853509182
|heading error|,rad,RUNNING_MPC,0.03314303927244211
|heading error|,rad,RUNNING_MPC,0.03334465103418971
|heading error|,rad,RUNNING_MPC,0.024872750371419894
|heading error|,rad,RUNNING_MPC,0.024190994665519664
|heading error|,rad,RUNNING_MPC,0.0335816745812223
|heading error|,rad,RUNNING_MPC,0.032420752275232445
|heading error|,rad,RUNNING_MPC,0.030829929227947694
|heading error|,rad,RUNNING_MPC,0.031870442282019074
|heading error|,rad,RUNNING_MPC,0.05236257614055884
|heading error|,rad,RUNNING_MPC,0.0411831637067932
|heading error|,rad,RUNNING_MPC,0.04404246041780979
|heading error|,rad,RUNNING_MPC,0.03460314269906517
|heading error|,rad,RUNNING_MPC,0.02755810452867724
|heading error|,rad,RUNNING_MPC,0.021005261917550033
|heading error|,rad,RUNNING_MPC,0.01738821053954886
|heading error|,rad,RUNNING_MPC,0.02258334955835073
|heading error|,rad,RUNNING_MPC,0.017406284898168867
|heading error|,rad,RUNNING_MPC,0.015155532387324033
|heading error|,rad,RUNNING_MPC,0.022245665056933817
|heading error|,rad,RUNNING_MPC,0.02363821042602643
|heading error|,rad,RUNNING_MPC,0.01902181312482698
|heading error|,rad,RUNNING_MPC,0.024259719005260912
|heading error|,rad,RUNNING_MPC,0.0222027706020147
|heading error|,rad,RUNNING_MPC,0.027533823512973395
|heading error|,rad,RUNNING_MPC,0.023796137160304376
|heading error|,rad,RUNNING_MPC,0.021051110949974916
|heading error|,rad,RUNNING_MPC,0.024188663042318037
|heading error|,rad,RUNNING_MPC,0.03413486588904701
|heading error|,rad,RUNNING_MPC,0.029734170668647586
|heading error|,rad,RUNNING_MPC,0.027372492908527946
|heading error|,rad,RUNNING_MPC,0.0184177934255656
|heading error|,rad,RUNNING_MPC,0.010107099999016267
|heading error|,rad,RUNNING_MPC,0.006702458882914097
|heading error|,rad,RUNNING_MPC,0.0011754986447751747
|heading error|,rad,RUNNING_MPC,0.003841602396119193
|heading error|,rad,RUNNING_MPC,0.004334170804796145
|heading error|,rad,RUNNING_MPC,0.005581538120665196
|heading error|,rad,RUNNING_MPC,0.00477516794057653
|heading error|,rad,RUNNING_MPC,0.004011721333052165
|heading error|,rad,RUNNING_MPC,0.00394341575155277
|heading error|,rad,RUNNING_MPC,0.003905687288851212
|heading error|,rad,RUNNING_MPC,0.004522241769293611
|heading error|,rad,RUNNING_MPC,0.002784253648181689
|heading error|,rad,RUNNING_MPC,0.0010418617728529256
|heading error|,rad,RUNNING_MPC,0.005899654889133022
|heading error|,rad,RUNNING_MPC,0.01130055504882943
|heading error|,rad,RUNNING_MPC,0.014635151660860934
|heading error|,rad,RUNNING_MPC,0.020766263867832535
|heading error|,rad,RUNNING_MPC,0.01742012800723458
|heading error|,rad,RUNNING_MPC,0.018041274257417417
|heading error|,rad,RUNNING_MPC,0.014554096791066229
|heading error|,rad,RUNNING_MPC,0.01170015392906798
|heading error|,rad,RUNNING_MPC,0.007951089628206898
|heading error|,rad,RUNNING_MPC,0.005648519331643342
|heading error|,rad,RUNNING_MPC,0.004320235626745105
|heading error|,rad,RUNNING_MPC,0.005191446836816382
|heading error|,rad,RUNNING_MPC,0.004311645040986356
|heading error|,rad,RUNNING_MPC,0.003573976180932359
|heading error|,rad,RUNNING_MPC,0.002746506845964891
|heading error|,rad,RUNNING_MPC,0.0036337982064509333
|heading error|,rad,RUNNING_MPC,0.006759486888811671
|heading error|,rad,RUNNING_MPC,0.008223905198171622
|heading error|,rad,RUNNING_MPC,0.007940160405172758
|heading error|,rad,RUNNING_MPC,0.0076411438447872015
|heading error|,rad,RUNNING_MPC,0.008658990688337198
|heading error|,rad,RUNNING_MPC,0.007983307961642705
|heading error|,rad,RUNNING_MPC,0.0048204340321778
|heading error|,rad,RUNNING_MPC,0.0045800203212746915
|heading error|,rad,RUNNING_MPC,0.0020137838897467124
|heading error|,rad,RUNNING_MPC,0.0030914738910441386
|heading error|,rad,RUNNING_MPC,0.0023385783641183266
|heading error|,rad,RUNNING_MPC,0.0020767269859005566
|heading error|,rad,RUNNING_MPC,0.0025692313355722973
|heading error|,rad,RUNNING_MPC,0.002557447123424428
|heading error|,rad,RUNNING_MPC,0.002056204360302516
|heading error|,rad,RUNNING_MPC,0.0021743905475530845
|heading error|,rad,RUNNING_MPC,0.002269263427324919
|heading error|,rad,RUNNING_MPC,0.002162185037543285
|heading error|,rad,RUNNING_MPC,0.0020982125024637814
|heading error|,rad,RUNNING_MPC,0.002037617487627319
|heading error|,rad,RUNNING_MPC,0.0017688663091419699
|heading error|,rad,RUNNING_MPC,0.0016518573189987507
|heading error|,rad,RUNNING_MPC,0.001911593641860776
|heading error|,rad,RUNNING_MPC,0.0018482311378189562
|heading error|,rad,RUNNING_MPC,0.0018201482877215902
|heading error|,rad,RUNNING_MPC,0.0016350318036661982
|heading error|,rad,RUNNING_MPC,0.0016398614003092504
|heading error|,rad,RUNNING_MPC,0.0014670313032372206
|heading error|,rad,RUNNING_MPC,0.0017896730234849834
|heading error|,rad,RUNNING_MPC,0.0001567040258025898
|heading error|,rad,RUNNING_MPC,0.0017042896686296771
|heading error|,rad,RUNNING_MPC,0.002706904222673945
|heading error|,rad,RUNNING_MPC,0.002677375029455309
|heading error|,rad,RUNNING_MPC,0.0021706445524958262
|heading error|,rad,RUNNING_MPC,0.0009942101009121629
|heading error|,rad,RUNNING_MPC,0.0006440310540827276
|heading error|,rad,RUNNING_MPC,0.00031922045706433977
|heading error|,rad,RUNNING_MPC,0.0006325242684033228
|heading error|,rad,RUNNING_MPC,0.0010345686707360358
|heading error|,rad,RUNNING_MPC,0.0013928896826391757
|heading error|,rad,RUNNING_MPC,0.001345764188863452
|heading error|,rad,RUNNING_MPC,0.0012756239716655848
|heading error|,rad,RUNNING_MPC,0.000972278253257297
|heading error|,rad,RUNNING_MPC,0.0007420579267787275
|heading error|,rad,RUNNING_MPC,0.00114088369177745
|heading error|,rad,RUNNING_MPC,0.0002724268603024882
|heading error|,rad,RUNNING_MPC,0.0007365549714926088
|heading error|,rad,RUNNING_MPC,0.0006803161095256804
|heading error|,rad,RUNNING_MPC,0.0008166196483911926
|heading error|,rad,RUNNING_MPC,0.0009436664272715056
|heading error|,rad,RUNNING_MPC,0.0008382235407471406
|heading error|,rad,RUNNING_MPC,0.0008702650916183607
|heading error|,rad,RUNNING_MPC,0.00043750141448040125
|heading error|,rad,RUNNING_MPC,0.0007317327825351327
|heading error|,rad,RUNNING_MPC,0.0003652139023548884
|heading error|,rad,RUNNING_MPC,0.00046387453511842475
|heading error|,rad,RUNNING_MPC,0.00011722721473717002
|heading error|,rad,RUNNING_MPC,0.0005055271344480694
|heading error|,rad,RUNNING_MPC,0.0008524666838187757
|heading error|,rad,RUNNING_MPC,0.0018246260631977762
|heading error|,rad,RUNNING_MPC,0.003957671224423809
|heading error|,rad,RUNNING_MPC,0.0025957306429575944
|heading error|,rad,RUNNING_MPC,0.004854155779284053
|heading error|,rad,RUNNING_MPC,0.010297745562152905
|heading error|,rad,RUNNING_MPC,0.0031069443028299837
|heading error|,rad,RUNNING_MPC,0.006563160048450367
|heading error|,rad,RUNNING_MPC,0.007670415983773716
|heading error|,rad,RUNNING_MPC,0.022914497681234103
|heading error|,rad,RUNNING_MPC,0.0038294863613992365
|heading error|,rad,RUNNING_MPC,0.004076222083749581
|heading error|,rad,RUNNING_MPC,0.01064313310355347
|heading error|,rad,RUNNING_MPC,0.018867117859909136
|heading error|,rad,RUNNING_MPC,0.02187521060752884
|heading error|,rad,RUNNING_MPC,0.03378983435211458
|heading error|,rad,RUNNING_MPC,0.007961074689275538
|heading error|,rad,RUNNING_MPC,0.0125839792630269
|heading error|,rad,RUNNING_MPC,0.016092424077149836
|heading error|,rad,RUNNING_MPC,0.041117178166494295
|heading error|,rad,RUNNING_MPC,0.025719643079006094
|heading error|,rad,RUNNING_MPC,0.02433021003323166
|heading error|,rad,RUNNING_MPC,0.02865140669058963
|heading error|,rad,RUNNING_MPC,0.03307367577920228
|heading error|,rad,RUNNING_MPC,0.02157092767980684
|heading error|,rad,RUNNING_MPC,0.03559992767012642
|heading error|,rad,RUNNING_MPC,0.056858391837860255
|heading error|,rad,RUNNING_MPC,0.009074818849776456
|heading error|,rad,RUNNING_MPC,0.0057156045942159395
|heading error|,rad,RUNNING_MPC,0.0024525808873843147
|heading error|,rad,RUNNING_MPC,0.026291449390059007
|heading error|,rad,RUNNING_MPC,0.033814899101337836
|heading error|,rad,RUNNING_MPC,0.039285767333369304
|heading error|,rad,RUNNING_MPC,0.01870313201554019
|heading error|,rad,RUNNING_MPC,0.05309732486169505
|heading error|,rad,RUNNING_MPC,0.04564156953964105
|heading error|,rad,RUNNING_MPC,0.031064217200152733
|heading error|,rad,RUNNING_MPC,0.039449667056175024
|heading error|,rad,RUNNING_MPC,0.039819003733841736
|heading error|,rad,RUNNING_MPC,0.041825289703977475
|heading error|,rad,RUNNING_MPC,0.034151205178592825
|heading error|,rad,RUNNING_MPC,0.037283968568007975
|heading error|,rad,RUNNING_MPC,0.046230858250129174
|heading error|,rad,RUNNING_MPC,0.04216405794370992
|heading error|,rad,RUNNING_MPC,0.03632134939130527
|heading error|,rad,RUNNING_MPC,0.03028307146565945
|heading error|,rad,RUNNING_MPC,0.02309253857585869
|heading error|,rad,RUNNING_MPC,0.01895005205953426
|heading error|,rad,RUNNING_MPC,0.016633315232284396
|heading error|,rad,RUNNING_MPC,0.02082507628211161
|heading error|,rad,RUNNING_MPC,0.004031715080289544
|heading error|,rad,RUNNING_MPC,0.0008968774455921924
|heading error|,rad,RUNNING_MPC,0.0036380005131033677
|heading error|,rad,RUNNING_MPC,0.005605462010780825
|heading error|,rad,RUNNING_MPC,0.007057085895036064
|heading error|,rad,RUNNING_MPC,0.0014202450418832058
|heading error|,rad,RUNNING_MPC,0.0119937063930724
|heading error|,rad,RUNNING_MPC,0.020946400497899642
|heading error|,rad,RUNNING_MPC,0.010626345653620639
|heading error|,rad,RUNNING_MPC,0.0271842641574227
|heading error|,rad,RUNNING_MPC,0.018040119534233234
|heading error|,rad,RUNNING_MPC,0.022326658818605516
|heading error|,rad,RUNNING_MPC,0.011718487169132263
|heading error|,rad,RUNNING_MPC,0.04445050969783848
|heading error|,rad,RUNNING_MPC,0.0281746493092343
|heading error|,rad,RUNNING_MPC,0.03833029232553133
|heading error|,rad,RUNNING_MPC,0.04591478545390437
|heading error|,rad,RUNNING_MPC,0.028889327353642802
|heading error|,rad,RUNNING_MPC,0.042483232880801136
|heading error|,rad,RUNNING_MPC,0.04465340224655723
|heading error|,rad,RUNNING_MPC,0.027717898909619617
|heading error|,rad,RUNNING_MPC,0.029651729704208485
|heading error|,rad,RUNNING_MPC,0.03977214847021849
|heading error|,rad,RUNNING_MPC,0.04265611277536241
|heading error|,rad,RUNNING_MPC,0.009052021239992936
|heading error|,rad,RUNNING_MPC,0.015535445551208671
|heading error|,rad,RUNNING_MPC,0.014310964556986772
|heading error|,rad,RUNNING_MPC,0.024010056489609077
|heading error|,rad,RUNNING_MPC,0.03517801426342615
|heading error|,rad,RUNNING_MPC,0.015435906397759602
|heading error|,rad,RUNNING_MPC,0.02948052748444585
|heading error|,rad,RUNNING_MPC,0.017654300517309984
|heading error|,rad,RUNNING_MPC,0.042013968692155235
|heading error|,rad,RUNNING_MPC,0.03889530405770536
|heading error|,rad,RUNNING_MPC,0.031934350942606216
|heading error|,rad,RUNNING_MPC,0.03729336789783311
|heading error|,rad,RUNNING_MPC,0.028609850613965815
|heading error|,rad,RUNNING_MPC,0.033606739414888676
|heading error|,rad,RUNNING_MPC,0.02971591887503866
|heading error|,rad,RUNNING_MPC,0.022226780968944926
|heading error|,rad,RUNNING_MPC,0.019769232902473014
|heading error|,rad,RUNNING_MPC,0.013769296186084468
|heading error|,rad,RUNNING_MPC,0.012346868268904743
|heading error|,rad,RUNNING_MPC,0.009160816251344794
|heading error|,rad,RUNNING_MPC,0.009417071813816236
|heading error|,rad,RUNNING_MPC,0.01053757899449037
|heading error|,rad,RUNNING_MPC,0.010114305225711107
|heading error|,rad,RUNNING_MPC,0.011388988749573947
|heading error|,rad,RUNNING_MPC,0.006288536283605151
|heading error|,rad,RUNNING_MPC,0.013827069657226685
|heading error|,rad,RUNNING_MPC,0.015875570675791373
|heading error|,rad,RUNNING_MPC,0.018747439247133624
|heading error|,rad,RUNNING_MPC,0.019661587560625637
|heading error|,rad,RUNNING_MPC,0.02245287678158059
|heading error|,rad,RUNNING_MPC,0.022195151558361825
|heading error|,rad,RUNNING_MPC,0.021227898103411302
|heading error|,rad,RUNNING_MPC,0.014806332935099588
|heading error|,rad,RUNNING_MPC,0.02743859129238757
|heading error|,rad,RUNNING_MPC,0.020585013302287347
|heading error|,rad,RUNNING_MPC,0.027588788260105357
|heading error|,rad,RUNNING_MPC,0.029990895666135886
|heading error|,rad,RUNNING_MPC,0.019076392354605565
|heading error|,rad,RUNNING_MPC,0.01863500250915417
|heading error|,rad,RUNNING_MPC,0.0170079682732458
|heading error|,rad,RUNNING_MPC,0.026324157018405625
|heading error|,rad,RUNNING_MPC,0.011387974306555249
|heading error|,rad,RUNNING_MPC,0.015024537879094744
|heading error|,rad,RUNNING_MPC,0.01959650352561426
|heading error|,rad,RUNNING_MPC,0.02101441669241821
|heading error|,rad,RUNNING_MPC,0.02458339492865691
|heading error|,rad,RUNNING_MPC,0.016103950696798597
|heading error|,rad,RUNNING_MPC,0.018748720191787083
|heading error|,rad,RUNNING_MPC,0.008909373852840739
|heading error|,rad,RUNNING_MPC,0.014300726912608976
|heading error|,rad,RUNNING_MPC,0.02714726992671057
|heading error|,rad,RUNNING_MPC,0.0178658794731541
|heading error|,rad,RUNNING_MPC,0.029803440535289383
|heading error|,rad,RUNNING_MPC,0.03888653526152197
|heading error|,rad,RUNNING_MPC,0.03072268057386207
|heading error|,rad,RUNNING_MPC,0.029113294818627233
|heading error|,rad,RUNNING_MPC,0.022349598039630436
|heading error|,rad,RUNNING_MPC,0.027164763843866794
|heading error|,rad,RUNNING_MPC,0.041204117214119984
|heading error|,rad,RUNNING_MPC,0.025416697220782103
|heading error|,rad,RUNNING_MPC,0.030574875486882203
|heading error|,rad,RUNNING_MPC,0.029061106674394876
|heading error|,rad,RUNNING_MPC,0.03569382527713616
|heading error|,rad,RUNNING_MPC,0.02771348498371662
|heading error|,rad,RUNNING_MPC,0.025235388854129237
|heading error|,rad,RUNNING_MPC,0.028825554140724744
|heading error|,rad,RUNNING_MPC,0.017012350297420653
|heading error|,rad,RUNNING_MPC,0.018326381776722522
|heading error|,rad,RUNNING_MPC,0.020092713134602036
|heading error|,rad,RUNNING_MPC,0.015169908950069866
|heading error|,rad,RUNNING_MPC,0.01790768735953674
|heading error|,rad,RUNNING_MPC,0.009130781167071222
|heading error|,rad,RUNNING_MPC,0.011264554002847316
|heading error|,rad,RUNNING_MPC,0.01299675273532841
|heading error|,rad,RUNNING_MPC,0.0081122640261837
|heading error|,rad,RUNNING_MPC,0.006369794894412251
|heading error|,rad,RUNNING_MPC,0.0075232398867567385
|heading error|,rad,RUNNING_MPC,0.008436089630712518
|heading error|,rad,RUNNING_MPC,0.008507848938601237
|heading error|,rad,RUNNING_MPC,0.007229047754231942
|heading error|,rad,RUNNING_MPC,0.003512200900892659
|heading error|,rad,RUNNING_MPC,0.0012645593171914937
|heading error|,rad,RUNNING_MPC,0.0011429070616081338
|heading error|,rad,RUNNING_MPC,0.002784121210250068
|heading error|,rad,RUNNING_MPC,0.0037498184102061627
|heading error|,rad,RUNNING_MPC,0.0038966111802019032
|heading error|,rad,RUNNING_MPC,0.0036011422652663105
|heading error|,rad,RUNNING_MPC,0.0031277012093809953
|heading error|,rad,RUNNING_MPC,0.0024688648453847772
|heading error|,rad,RUNNING_MPC,0.002008962610332121
|heading error|,rad,RUNNING_MPC,0.0017503519114677735
|heading error|,rad,RUNNING_MPC,0.0017339398475845205
|heading error|,rad,RUNNING_MPC,0.0017882353275462393
|heading error|,rad,RUNNING_MPC,0.0019531037269291396
|heading error|,rad,RUNNING_MPC,0.002047352579294448
|heading error|,rad,RUNNING_MPC,0.0020521797005130793
|heading error|,rad,RUNNING_MPC,0.0013444108262162804
|heading error|,rad,RUNNING_MPC,0.00015768739663180042
|heading error|,rad,RUNNING_MPC,0.0002297216274215197
|heading error|,rad,RUNNING_MPC,0.00016040422864427306
|heading error|,rad,RUNNING_MPC,0.0001082274640300529
|heading error|,rad,RUNNING_MPC,0.00019139117152355833
|heading error|,rad,RUNNING_MPC,0.00015701738256412856
|heading error|,rad,RUNNING_MPC,0.00012489570263640728
|heading error|,rad,RUNNING_MPC,0.00017578976665622026
|heading error|,rad,RUNNING_MPC,8.810034360273722e-05
|heading error|,rad,RUNNING_MPC,4.741898113547194e-05
|heading error|,rad,RUNNING_MPC,0.0008656317133405311
|heading error|,rad,RUNNING_MPC,0.0013329203074949891
|heading error|,rad,RUNNING_MPC,0.0019175038655632193
|heading error|,rad,RUNNING_MPC,0.0020936055850626634
|heading error|,rad,RUNNING_MPC,0.002155682964305239
|heading error|,rad,RUNNING_MPC,0.0018837591601680304
|heading error|,rad,RUNNING_MPC,0.0016432820036995643
|heading error|,rad,RUNNING_MPC,0.0007647790406039023
|heading error|,rad,RUNNING_MPC,0.0004125412308048082
|heading error|,rad,RUNNING_MPC,0.0001764252977947134
|heading error|,rad,RUNNING_MPC,0.0004463437931391256
|heading error|,rad,RUNNING_MPC,0.001144024923736664
|heading error|,rad,RUNNING_MPC,0.001281608521454869
|heading error|,rad,RUNNING_MPC,0.0010096055681479976
|heading error|,rad,RUNNING_MPC,0.00046021780338767465
|heading error|,rad,RUNNING_MPC,0.00022760778164365725
|heading error|,rad,RUNNING_MPC,0.0004429846147891992
|heading error|,rad,RUNNING_MPC,0.0011090088546851229
|heading error|,rad,RUNNING_MPC,0.0014491877105810014
|heading error|,rad,RUNNING_MPC,0.0019580117580590972
|heading error|,rad,RUNNING_MPC,0.0021659204652116903
|heading error|,rad,RUNNING_MPC,0.0020553416910891187
|heading error|,rad,RUNNING_MPC,0.0019400444720505394
|heading error|,rad,RUNNING_MPC,0.00126788347501805
|heading error|,rad,RUNNING_MPC,0.000934919403750345
|heading error|,rad,RUNNING_MPC,0.0003642250361727273
|heading error|,rad,RUNNING_MPC,0.00015789904116636497
|heading error|,rad,RUNNING_MPC,0.00031441925551534133
|heading error|,rad,RUNNING_MPC,0.0005767012757239565
|heading error|,rad,RUNNING_MPC,0.0006009780072120385
|heading error|,rad,RUNNING_MPC,0.00035461015373783317
|heading error|,rad,RUNNING_MPC,0.0001691760942245102
|heading error|,rad,RUNNING_MPC,0.0004050776012336499
|heading error|,rad,RUNNING_MPC,0.0007353932960396659
|heading error|,rad,RUNNING_MPC,0.0011449967957501972
|heading error|,rad,RUNNING_MPC,0.0014642207830115606
|heading error|,rad,RUNNING_MPC,0.0014805324126206942
|heading error|,rad,RUNNING_MPC,0.0021353750362268493
|heading error|,rad,RUNNING_MPC,0.002215472416832953
|heading error|,rad,RUNNING_MPC,0.0011395488648356933
|heading error|,rad,RUNNING_MPC,0.00019703967248563267
|heading error|,rad,RUNNING_MPC,0.0012366596092597826
|heading error|,rad,RUNNING_MPC,0.001608606969767501
|heading error|,rad,RUNNING_MPC,0.0024915236824267772
|heading error|,rad,RUNNING_MPC,0.0009543020476819875
|heading error|,rad,RUNNING_MPC,0.0073676139178511235
|heading error|,rad,RUNNING_MPC,0.004829525706058879
|heading error|,rad,RUNNING_MPC,0.002672001879869934
|heading error|,rad,RUNNING_MPC,0.0008195272453229706
|heading error|,rad,RUNNING_MPC,0.0020848098731416354
|heading error|,rad,RUNNING_MPC,0.0025371389664942123
|heading error|,rad,RUNNING_MPC,0.0026848268825384602
|heading error|,rad,RUNNING_MPC,0.0024503186610781436
|heading error|,rad,RUNNING_MPC,0.0020744539219835767
|heading error|,rad,RUNNING_MPC,0.001555109680228428
|heading error|,rad,RUNNING_MPC,0.0006133375588563972
|heading error|,rad,RUNNING_MPC,0.00016831672421979693
|heading error|,rad,RUNNING_MPC,0.0005846276659302596
|heading error|,rad,RUNNING_MPC,0.0010569520771820384
|heading error|,rad,RUNNING_MPC,0.0011748872274432998
|heading error|,rad,RUNNING_MPC,0.001110909636205415
|heading error|,rad,RUNNING_MPC,0.0010149606727005711
|heading error|,rad,RUNNING_MPC,0.0007641843353427548
|heading error|,rad,RUNNING_MPC,0.0004508051362396293
|heading error|,rad,RUNNING_MPC,3.440934293152953e-05
|heading error|,rad,RUNNING_MPC,0.00020322749597845302
|heading error|,rad,RUNNING_MPC,0.0008809957029429771
|heading error|,rad,RUNNING_MPC,0.000993483072583734
|heading error|,rad,RUNNING_MPC,0.001253431459329435
|heading error|,rad,RUNNING_MPC,0.0016088719585276576
|heading error|,rad,RUNNING_MPC,0.001726673040061577
|heading error|,rad,RUNNING_MPC,0.0013897004334921805
|heading error|,rad,RUNNING_MPC,0.001114293577050618
|heading error|,rad,RUNNING_MPC,0.000748943976075167
|heading error|,rad,RUNNING_MPC,0.000628839880522758
|heading error|,rad,RUNNING_MPC,0.00029539967410330275
|heading error|,rad,RUNNING_MPC,8.680779421299523e-05
|heading error|,rad,RUNNING_MPC,0.00015362002469265779
|heading error|,rad,RUNNING_MPC,0.000495841780177364
|heading error|,rad,RUNNING_MPC,0.0006308052732011403
|heading error|,rad,RUNNING_MPC,0.0005542330756869163
|heading error|,rad,RUNNING_MPC,0.0018469353192420712
|heading error|,rad,RUNNING_MPC,0.00037371075760506134
|heading error|,rad,RUNNING_MPC,0.0033008424356504302
|heading error|,rad,RUNNING_MPC,0.006750430288122389
|heading error|,rad,RUNNING_MPC,0.0029233000506528883
|heading error|,rad,RUNNING_MPC,0.009823059259278732
|heading error|,rad,RUNNING_MPC,0.00432693915617699
|heading error|,rad,RUNNING_MPC,0.00828626026123458
|heading error|,rad,RUNNING_MPC,0.01678174949643174
|heading error|,rad,RUNNING_MPC,0.01391630537285238
|heading error|,rad,RUNNING_MPC,0.01866426345100025
|heading error|,rad,RUNNING_MPC,0.008539102801736531
|heading error|,rad,RUNNING_MPC,0.01969675697289952
|heading error|,rad,RUNNING_MPC,0.00829663432832739
|heading error|,rad,RUNNING_MPC,0.015124496557899048
|heading error|,rad,RUNNING_MPC,0.02227027222764677
|heading error|,rad,RUNNING_MPC,0.008776823326059335
|heading error|,rad,RUNNING_MPC,0.023829275149159335
|heading error|,rad,RUNNING_MPC,0.03128632944471421
|heading error|,rad,RUNNING_MPC,0.022552924995500878
|heading error|,rad,RUNNING_MPC,0.030739860110534478
|heading error|,rad,RUNNING_MPC,0.014308484001114842
|heading error|,rad,RUNNING_MPC,0.02418619721315063
|heading error|,rad,RUNNING_MPC,0.02048879563744993
|heading error|,rad,RUNNING_MPC,0.023217603058356573
|heading error|,rad,RUNNING_MPC,0.041313283783875776
|heading error|,rad,RUNNING_MPC,0.04253219572284106
|heading error|,rad,RUNNING_MPC,0.03438112009701039
|heading error|,rad,RUNNING_MPC,0.040231793540752035
|heading error|,rad,RUNNING_MPC,0.028940777562182215
|heading error|,rad,RUNNING_MPC,0.03568156703340594
|heading error|,rad,RUNNING_MPC,0.03613768479362423
|heading error|,rad,RUNNING_MPC,0.03076408548173934
|heading error|,rad,RUNNING_MPC,0.03539073464259504
|heading error|,rad,RUNNING_MPC,0.025513831098378913
|heading error|,rad,RUNNING_MPC,0.03114548656902502
|heading error|,rad,RUNNING_MPC,0.023069752727880963
|heading error|,rad,RUNNING_MPC,0.024167264514302095
|heading error|,rad,RUNNING_MPC,0.026450760383808447
|heading error|,rad,RUNNING_MPC,0.020808821797523285
|heading error|,rad,RUNNING_MPC,0.026803697199732815
|heading error|,rad,RUNNING_MPC,0.017830814509662167
|heading error|,rad,RUNNING_MPC,0.01719493086533544
|heading error|,rad,RUNNING_MPC,0.021999778570329018
|heading error|,rad,RUNNING_MPC,0.01760622906052857
|heading error|,rad,RUNNING_MPC,0.014290186522925144
|heading error|,rad,RUNNING_MPC,0.018905888837694257
|heading error|,rad,RUNNING_MPC,0.01886907044393249
|heading error|,rad,RUNNING_MPC,0.01637993440101448
|heading error|,rad,RUNNING_MPC,0.013520945691931796
|heading error|,rad,RUNNING_MPC,0.010516443431224572
|heading error|,rad,RUNNING_MPC,0.009821355902057419
|heading error|,rad,RUNNING_MPC,0.006177818903744942
|heading error|,rad,RUNNING_MPC,0.0031372617309187445
|heading error|,rad,RUNNING_MPC,0.0018012459362465871
|heading error|,rad,RUNNING_MPC,0.0017722518282060338
|heading error|,rad,RUNNING_MPC,0.0023640496336689576
|heading error|,rad,RUNNING_MPC,0.003120346630428955
|heading error|,rad,RUNNING_MPC,0.0029604178008604543
|heading error|,rad,RUNNING_MPC,0.0033413242635430274
|heading error|,rad,RUNNING_MPC,0.002668413879880649
|heading error|,rad,RUNNING_MPC,0.0018688285856424403
|heading error|,rad,RUNNING_MPC,0.004073205260315793
|heading error|,rad,RUNNING_MPC,0.003780242639675579
|heading error|,rad,RUNNING_MPC,0.0035313945415492575
|heading error|,rad,RUNNING_MPC,0.0063513387517573905
|heading error|,rad,RUNNING_MPC,0.00681324622384985
|heading error|,rad,RUNNING_MPC,0.010400208017430884
|heading error|,rad,RUNNING_MPC,0.014058272148304518
|heading error|,rad,RUNNING_MPC,0.0172113819725888
|heading error|,rad,RUNNING_MPC,0.01641596724189884
|heading error|,rad,RUNNING_MPC,0.016470737621438584
|heading error|,rad,RUNNING_MPC,0.02438566871664814
|heading error|,rad,RUNNING_MPC,0.022749226631846736
|heading error|,rad,RUNNING_MPC,0.018771815934080165
|heading error|,rad,RUNNING_MPC,0.024110229299000658
|heading error|,rad,RUNNING_MPC,0.014692936857296904
|heading error|,rad,RUNNING_MPC,0.014484330524186505
|heading error|,rad,RUNNING_MPC,0.010405255587507323
|heading error|,rad,RUNNING_MPC,0.014193191629775698
|heading error|,rad,RUNNING_MPC,0.022738443005843625
|heading error|,rad,RUNNING_MPC,0.018711654399766298
|heading error|,rad,RUNNING_MPC,0.01709304059627975
|heading error|,rad,RUNNING_MPC,0.01837950512384226
|heading error|,rad,RUNNING_MPC,0.03326707301841919
|heading error|,rad,RUNNING_MPC,0.03468294036622144
|heading error|,rad,RUNNING_MPC,0.03574479574009409
|heading error|,rad,RUNNING_MPC,0.041725027344283516
|heading error|,rad,RUNNING_MPC,0.04008551451801112
|heading error|,rad,RUNNING_MPC,0.04666235796355734
|heading error|,rad,RUNNING_MPC,0.040372017294100726
|heading error|,rad,RUNNING_MPC,0.03275863905670123
|heading error|,rad,RUNNING_MPC,0.03580143815740988
|heading error|,rad,RUNNING_MPC,0.027545758392681585
|heading error|,rad,RUNNING_MPC,0.020178643063242685
|heading error|,rad,RUNNING_MPC,0.01766802033466991
|heading error|,rad,RUNNING_MPC,0.012866243452748671
|heading error|,rad,RUNNING_MPC,0.013190648675530547
|heading error|,rad,RUNNING_MPC,0.010445792746779703
|heading error|,rad,RUNNING_MPC,0.012482137852598664
|heading error|,rad,RUNNING_MPC,0.015084294466108707
|heading error|,rad,RUNNING_MPC,0.018144909805057674
|heading error|,rad,RUNNING_MPC,0.015382428701073092
|heading error|,rad,RUNNING_MPC,0.021189829429224316
|heading error|,rad,RUNNING_MPC,0.01880812586891034
|heading error|,rad,RUNNING_MPC,0.014484213533912715
|heading error|,rad,RUNNING_MPC,0.013307669867540728
|heading error|,rad,RUNNING_MPC,0.01351697817423847
|heading error|,rad,RUNNING_MPC,0.007789180245357352
|heading error|,rad,RUNNING_MPC,0.005915714906570613
|heading error|,rad,RUNNING_MPC,0.008037362823845706
|heading error|,rad,RUNNING_MPC,0.007328756551091442
|heading error|,rad,RUNNING_MPC,0.003335631122975302
|heading error|,rad,RUNNING_MPC,0.0059419376137714855
|heading error|,rad,RUNNING_MPC,0.006410570535907433
|heading error|,rad,RUNNING_MPC,0.004303137958571067
|heading error|,rad,RUNNING_MPC,0.007585983145313002
|heading error|,rad,RUNNING_MPC,0.0077934916978261715
|heading error|,rad,RUNNING_MPC,0.006841166997258453
|heading error|,rad,RUNNING_MPC,0.006958698814324538
|heading error|,rad,RUNNING_MPC,0.005187448073083134
|heading error|,rad,RUNNING_MPC,0.0050943195795306595
|heading error|,rad,RUNNING_MPC,0.005161678354268617
|heading error|,rad,RUNNING_MPC,0.005048270548494882
|heading error|,rad,RUNNING_MPC,0.0036016179961915196
|heading error|,rad,RUNNING_MPC,0.0027016840900214727
|heading error|,rad,RUNNING_MPC,0.0021936729260323418
|heading error|,rad,RUNNING_MPC,0.0013097693156772783
|heading error|,rad,RUNNING_MPC,0.0008397248922824563
|heading error|,rad,RUNNING_MPC,0.0005994065585057662
|heading error|,rad,RUNNING_MPC,8.826946597129125e-05
|heading error|,rad,RUNNING_MPC,0.00019923416343647915
|heading error|,rad,RUNNING_MPC,3.186488673612153e-05
|heading error|,rad,RUNNING_MPC,1.2736786323963578e-05
|heading error|,rad,RUNNING_MPC,0.0003987206484447059
|heading error|,rad,RUNNING_MPC,4.712875046208875e-05
|heading error|,rad,RUNNING_MPC,0.0017058989352528584
|heading error|,rad,RUNNING_MPC,0.0013312605472101113
|heading error|,rad,RUNNING_MPC,0.0016123700915657846
|heading error|,rad,RUNNING_MPC,0.0005159021639871142
|heading error|,rad,RUNNING_MPC,0.00023479229069878205
|heading error|,rad,RUNNING_MPC,0.0009867901476707797
|heading error|,rad,RUNNING_MPC,0.00022570572253788335
|heading error|,rad,RUNNING_MPC,0.001719669457837636
|heading error|,rad,RUNNING_MPC,0.0010676629622015101
|heading error|,rad,RUNNING_MPC,0.0018033942768592715
|heading error|,rad,RUNNING_MPC,0.0019817094913080475
|heading error|,rad,RUNNING_MPC,0.0018753139750521395
|heading error|,rad,RUNNING_MPC,0.0016638362143296392
|heading error|,rad,RUNNING_MPC,0.006697590653529928
|heading error|,rad,RUNNING_MPC,0.0047868253370735294
|heading error|,rad,RUNNING_MPC,0.005416534943022301
|heading error|,rad,RUNNING_MPC,0.009555835378673438
|heading error|,rad,RUNNING_MPC,0.01038698456187459
|heading error|,rad,RUNNING_MPC,0.011486021215078244
|heading error|,rad,RUNNING_MPC,0.004153924918629981
|heading error|,rad,RUNNING_MPC,0.0038654154287690594
|heading error|,rad,RUNNING_MPC,0.006048403400380709
|heading error|,rad,RUNNING_MPC,0.0024721198817455603
|heading error|,rad,RUNNING_MPC,0.003284810032378682
|heading error|,rad,RUNNING_MPC,0.0044685046511375726
|heading error|,rad,RUNNING_MPC,0.011751957124915058
|heading error|,rad,RUNNING_MPC,0.014876957325273608
|heading error|,rad,RUNNING_MPC,0.008762797765213659
|heading error|,rad,RUNNING_MPC,0.009780776122489065
|heading error|,rad,RUNNING_MPC,0.0047763100672673095
|heading error|,rad,RUNNING_MPC,0.005030948697337223
|heading error|,rad,RUNNING_MPC,0.006264148688090165
|heading error|,rad,RUNNING_MPC,0.016626005151244544
|heading error|,rad,RUNNING_MPC,0.01611924157171782
|heading error|,rad,RUNNING_MPC,0.014690614796257578
|heading error|,rad,RUNNING_MPC,0.01248339140986314
|heading error|,rad,RUNNING_MPC,0.009241559605415547
|heading error|,rad,RUNNING_MPC,0.0023603405796580536
|heading error|,rad,RUNNING_MPC,0.01622139985861826
|heading error|,rad,RUNNING_MPC,0.028594697325939295
|heading error|,rad,RUNNING_MPC,0.0041884647098498345
|heading error|,rad,RUNNING_MPC,0.009372398900499623
|heading error|,rad,RUNNING_MPC,0.0027091760174825503
|heading error|,rad,RUNNING_MPC,0.010869227775564594
|heading error|,rad,RUNNING_MPC,0.011828689105969847
|heading error|,rad,RUNNING_MPC,0.04345470683000807
|heading error|,rad,RUNNING_MPC,0.04356875224713136
|heading error|,rad,RUNNING_MPC,0.02892562531045928
|heading error|,rad,RUNNING_MPC,0.02994421751550969
|heading error|,rad,RUNNING_MPC,0.03146013125829883
|heading error|,rad,RUNNING_MPC,0.032970984943104464
|heading error|,rad,RUNNING_MPC,0.03445077116757622
|heading error|,rad,RUNNING_MPC,0.025260570850703767
|heading error|,rad,RUNNING_MPC,0.02952802998035453
|heading error|,rad,RUNNING_MPC,0.03390381575235135
|heading error|,rad,RUNNING_MPC,0.02821501904820023
|heading error|,rad,RUNNING_MPC,0.04011376192338911
|heading error|,rad,RUNNING_MPC,0.026971254084011465
|heading error|,rad,RUNNING_MPC,0.041628696925380515
|heading error|,rad,RUNNING_MPC,0.04098178566273103
|heading error|,rad,RUNNING_MPC,0.034225939668367955
|heading error|,rad,RUNNING_MPC,0.02367210055585356
|heading error|,rad,RUNNING_MPC,0.007794436375642144
|heading error|,rad,RUNNING_MPC,0.01635690986175442
|heading error|,rad,RUNNING_MPC,0.0218952201926077
|heading error|,rad,RUNNING_MPC,0.023567185307352023
|heading error|,rad,RUNNING_MPC,0.01919271496195374
|heading error|,rad,RUNNING_MPC,0.013981161755571625
|heading error|,rad,RUNNING_MPC,0.017603669895861044
|heading error|,rad,RUNNING_MPC,0.010525579650836113
|heading error|,rad,RUNNING_MPC,0.00887949896875484
|heading error|,rad,RUNNING_MPC,0.006042890223436848
|heading error|,rad,RUNNING_MPC,0.0011969790105046396
|heading error|,rad,RUNNING_MPC,0.00010699999618024592
|heading error|,rad,RUNNING_MPC,0.0014269141134770624
|heading error|,rad,RUNNING_MPC,0.001496360854192469
|heading error|,rad,RUNNING_MPC,0.0026697496304812773
|heading error|,rad,RUNNING_MPC,0.002704391163754538
|heading error|,rad,RUNNING_MPC,0.0008957875354149714
|heading error|,rad,RUNNING_MPC,0.004029595742632619
|heading error|,rad,RUNNING_MPC,0.0014954749152304991
|heading error|,rad,RUNNING_MPC,0.003817262876754768
|heading error|,rad,RUNNING_MPC,0.0006757750550705487
|heading error|,rad,RUNNING_MPC,0.002570035425365491
|heading error|,rad,RUNNING_MPC,0.006668225529389948
|heading error|,rad,RUNNING_MPC,0.009385844148028566
|heading error|,rad,RUNNING_MPC,0.010485844552334589
|heading error|,rad,RUNNING_MPC,0.014650787206682558
|heading error|,rad,RUNNING_MPC,0.0036968061690227927
|heading error|,rad,RUNNING_MPC,0.010060321793220695
|heading error|,rad,RUNNING_MPC,0.01019230146168626
|heading error|,rad,RUNNING_MPC,0.00920150410241982
|heading error|,rad,RUNNING_MPC,8.963159076813554e-05
|heading error|,rad,RUNNING_MPC,0.01893523013831633
|heading error|,rad,RUNNING_MPC,0.02148653771131226
|heading error|,rad,RUNNING_MPC,0.0033522997226664857
|heading error|,rad,RUNNING_MPC,0.0033812650226230367
|heading error|,rad,RUNNING_MPC,0.0035905951444366035
|heading error|,rad,RUNNING_MPC,0.0036591081888277532
|heading error|,rad,RUNNING_MPC,0.014105639734556252
|heading error|,rad,RUNNING_MPC,0.007818580832132604
|heading error|,rad,RUNNING_MPC,0.0025630379255987545
|heading error|,rad,RUNNING_MPC,0.016726401473180164
|heading error|,rad,RUNNING_MPC,0.0223680290028333
|heading error|,rad,RUNNING_MPC,0.007401717768454108
|heading error|,rad,RUNNING_MPC,0.010051704700897335
|heading error|,rad,RUNNING_MPC,0.0045130260042334225
|heading error|,rad,RUNNING_MPC,0.014813323312809268
|heading error|,rad,RUNNING_MPC,0.015902620659550892
|heading error|,rad,RUNNING_MPC,0.024997781937904195
|heading error|,rad,RUNNING_MPC,0.02943283652751683
|heading error|,rad,RUNNING_MPC,0.030434235576374424
|heading error|,rad,RUNNING_MPC,0.0288254085765009
|heading error|,rad,RUNNING_MPC,0.010751579767560748
|heading error|,rad,RUNNING_MPC,0.008315092806612358
|heading error|,rad,RUNNING_MPC,0.01945536067770358
|heading error|,rad,RUNNING_MPC,0.026803519100855887
|heading error|,rad,RUNNING_MPC,0.018598425389920084
|heading error|,rad,RUNNING_MPC,0.0088736758622118
|heading error|,rad,RUNNING_MPC,0.03709364597139786
|heading error|,rad,RUNNING_MPC,0.026955513887979562
|heading error|,rad,RUNNING_MPC,0.01674130545704333
|heading error|,rad,RUNNING_MPC,0.009362958042717251
|heading error|,rad,RUNNING_MPC,0.009819852463296586
|heading error|,rad,RUNNING_MPC,0.04406355297714038
|heading error|,rad,RUNNING_MPC,0.02634289816841273
|heading error|,rad,RUNNING_MPC,0.009525560388412235
|heading error|,rad,RUNNING_MPC,0.009646890309719658
|heading error|,rad,RUNNING_MPC,0.00032201456764657793
|heading error|,rad,RUNNING_MPC,0.005206826242780682
|heading error|,rad,RUNNING_MPC,0.052087915650045565
|heading error|,rad,RUNNING_MPC,0.05530234477418584
|heading error|,rad,RUNNING_MPC,0.013725332899194198
|heading error|,rad,RUNNING_MPC,0.019267583646698228
|heading error|,rad,RUNNING_MPC,0.024607280473416093
|heading error|,rad,RUNNING_MPC,0.022325505545891525
|heading error|,rad,RUNNING_MPC,0.027552849380093614
|heading error|,rad,RUNNING_MPC,0.02580849622039616
|heading error|,rad,RUNNING_MPC,0.024752721348139772
|heading error|,rad,RUNNING_MPC,0.012082014313739009
|heading error|,rad,RUNNING_MPC,0.017502435304300956
|heading error|,rad,RUNNING_MPC,0.02200098934909289
|heading error|,rad,RUNNING_MPC,0.01418038500249841
|heading error|,rad,RUNNING_MPC,0.015756157574861263
|heading error|,rad,RUNNING_MPC,0.017146892598364216
|heading error|,rad,RUNNING_MPC,0.0149263407745992
|heading error|,rad,RUNNING_MPC,0.009002257764913368
|heading error|,rad,RUNNING_MPC,0.003398677243409587
|heading error|,rad,RUNNING_MPC,0.002858993577665503
|heading error|,rad,RUNNING_MPC,0.0008063711971197929
|heading error|,rad,RUNNING_MPC,0.0011968021979360532
|heading error|,rad,RUNNING_MPC,0.0026234460283498513
|heading error|,rad,RUNNING_MPC,0.00011191254122255856
|heading error|,rad,RUNNING_MPC,0.002263530121151991
|heading error|,rad,RUNNING_MPC,0.0027854746528248597
|heading error|,rad,RUNNING_MPC,0.003711795360288983
|heading error|,rad,RUNNING_MPC,0.0054121826472748324
|heading error|,rad,RUNNING_MPC,0.007462181452729588
|heading error|,rad,RUNNING_MPC,0.006396984352252665
|heading error|,rad,RUNNING_MPC,0.010928490670208513
|heading error|,rad,RUNNING_MPC,0.009037163036019535
|heading error|,rad,RUNNING_MPC,0.014143101329144425
|heading error|,rad,RUNNING_MPC,0.013759973265026646
|heading error|,rad,RUNNING_MPC,0.016652689646354354
|heading error|,rad,RUNNING_MPC,0.01693726451200717
|heading error|,rad,RUNNING_MPC,0.014837363803154702
|heading error|,rad,RUNNING_MPC,0.0066632325292443895
|heading error|,rad,RUNNING_MPC,0.013342440543163026
|heading error|,rad,RUNNING_MPC,0.01565402032556662
|heading error|,rad,RUNNING_MPC,0.014298388629644386
|heading error|,rad,RUNNING_MPC,0.012914727134378802
|heading error|,rad,RUNNING_MPC,0.01687338717300091
|heading error|,rad,RUNNING_MPC,0.018814345532160326
|heading error|,rad,RUNNING_MPC,0.0213494387288371
|heading error|,rad,RUNNING_MPC,0.027132340938095467
|heading error|,rad,RUNNING_MPC,0.027829362964711946
|heading error|,rad,RUNNING_MPC,0.0267503554718973
|heading error|,rad,RUNNING_MPC,0.017988313543225946
|heading error|,rad,RUNNING_MPC,0.022830720789560166
|heading error|,rad,RUNNING_MPC,0.014432934471313441
|heading error|,rad,RUNNING_MPC,0.0014919228002916451
|heading error|,rad,RUNNING_MPC,0.0030410712440063215
|heading error|,rad,RUNNING_MPC,0.0132156566549817
|heading error|,rad,RUNNING_MPC,0.0029022653388672826
|heading error|,rad,RUNNING_MPC,0.019015527737484383
|heading error|,rad,RUNNING_MPC,0.011765319728838321
|heading error|,rad,RUNNING_MPC,0.021468803990253527
|heading error|,rad,RUNNING_MPC,0.01390766792430931
|heading error|,rad,RUNNING_MPC,0.014719650502410975
|heading error|,rad,RUNNING_MPC,0.036541926613963494
|heading error|,rad,RUNNING_MPC,0.041099223591578575
|heading error|,rad,RUNNING_MPC,0.05228901848036837
|heading error|,rad,RUNNING_MPC,0.0399363054580748
|heading error|,rad,RUNNING_MPC,0.052982467319032
|heading error|,rad,RUNNING_MPC,0.04228645657924979
|heading error|,rad,RUNNING_MPC,0.03005255164027742
|heading error|,rad,RUNNING_MPC,0.03320677407317829
|heading error|,rad,RUNNING_MPC,0.02156706811970821
|heading error|,rad,RUNNING_MPC,0.01497208430416519
|heading error|,rad,RUNNING_MPC,0.01297679027654697
|heading error|,rad,RUNNING_MPC,0.014983473904234046
|heading error|,rad,RUNNING_MPC,0.0051835780944258225
|heading error|,rad,RUNNING_MPC,0.005820570749431653
|heading error|,rad,RUNNING_MPC,0.011497037136148691
|heading error|,rad,RUNNING_MPC,0.005016318964047528
|heading error|,rad,RUNNING_MPC,0.006896039305262391
|heading error|,rad,RUNNING_MPC,0.006121761476622023
|heading error|,rad,RUNNING_MPC,0.00613926514966856
|heading error|,rad,RUNNING_MPC,0.006495628442959589
|heading error|,rad,RUNNING_MPC,0.005032110918009813
|heading error|,rad,RUNNING_MPC,0.0022973530240832925
|heading error|,rad,RUNNING_MPC,0.0008289810138508713
|heading error|,rad,RUNNING_MPC,0.00013782203052326028
|heading error|,rad,RUNNING_MPC,0.001494699056275195
|heading error|,rad,RUNNING_MPC,0.001718872916229408
|heading error|,rad,RUNNING_MPC,0.0018175812689018578
|heading error|,rad,RUNNING_MPC,0.0012122634100384388
|heading error|,rad,RUNNING_MPC,0.0005692298064361446
|heading error|,rad,RUNNING_MPC,0.00034920202773314196
|heading error|,rad,RUNNING_MPC,0.0010454536008435156
|heading error|,rad,RUNNING_MPC,0.0017192619946495569
|heading error|,rad,RUNNING_MPC,0.0019752371491228438
|heading error|,rad,RUNNING_MPC,0.0018265267841717225
|heading error|,rad,RUNNING_MPC,0.0014777634409472995
|heading error|,rad,RUNNING_MPC,0.0007811112715008228
|heading error|,rad,RUNNING_MPC,5.335787649229928e-05
|heading error|,rad,RUNNING_MPC,0.0012389979419111796
|heading error|,rad,RUNNING_MPC,0.0019131110476786617
|heading error|,rad,RUNNING_MPC,0.0024598250229850294
|heading error|,rad,RUNNING_MPC,0.0026133563910399893
|heading error|,rad,RUNNING_MPC,0.0022175439119647145
|heading error|,rad,RUNNING_MPC,0.0018153353663792338
|heading error|,rad,RUNNING_MPC,0.0010462847235195307
|heading error|,rad,RUNNING_MPC,0.00038488867658692527
|heading error|,rad,RUNNING_MPC,0.00024295472598545587
|heading error|,rad,RUNNING_MPC,0.0012228385778225714
|heading error|,rad,RUNNING_MPC,0.0015240048439979503
|heading error|,rad,RUNNING_MPC,0.0015358166552466026
|heading error|,rad,RUNNING_MPC,0.0011767657499635042
|heading error|,rad,RUNNING_MPC,0.000974771786800055
|heading error|,rad,RUNNING_MPC,9.516969456102585e-05
|heading error|,rad,RUNNING_MPC,0.0010563008413266852
|heading error|,rad,RUNNING_MPC,0.001739708456661937
|heading error|,rad,RUNNING_MPC,0.0021052353556010317
|heading error|,rad,RUNNING_MPC,0.0021823166379779657
|heading error|,rad,RUNNING_MPC,0.002074157926425624
|heading error|,rad,RUNNING_MPC,0.0017132797990679904
|heading error|,rad,RUNNING_MPC,0.0010128326451401823
|heading error|,rad,RUNNING_MPC,0.0006888711017039029
|heading error|,rad,RUNNING_MPC,0.00010371294535405086
|heading error|,rad,RUNNING_MPC,6.344100918820317e-06
|heading error|,rad,RUNNING_MPC,0.0005718205172478008
|heading error|,rad,RUNNING_MPC,0.0006880194763527747
|heading error|,rad,RUNNING_MPC,0.0007210817179710283
|heading error|,rad,RUNNING_MPC,0.0006181895046628583
|heading error|,rad,RUNNING_MPC,0.00021285780269453272
|heading error|,rad,RUNNING_MPC,0.00020662462242260204
|heading error|,rad,RUNNING_MPC,0.0006297640503700741
|heading error|,rad,RUNNING_MPC,0.0012603953684919844
|heading error|,rad,RUNNING_MPC,0.0016550085349709143
|heading error|,rad,RUNNING_MPC,0.0017210202855082457
|heading error|,rad,RUNNING_MPC,0.0018470858231460774
|heading error|,rad,RUNNING_MPC,0.001831271221147901
|heading error|,rad,RUNNING_MPC,0.0015663701391188667
|heading error|,rad,RUNNING_MPC,0.001260619476681324
|heading error|,rad,RUNNING_MPC,0.0009866076957880665
|heading error|,rad,RUNNING_MPC,0.0005414254831621611
|heading error|,rad,RUNNING_MPC,0.00043163077188213
|heading error|,rad,RUNNING_MPC,0.000251019476681158
|heading error|,rad,RUNNING_MPC,0.000313625999209588
|heading error|,rad,RUNNING_MPC,0.0004927874515785469
|heading error|,rad,RUNNING_MPC,0.0007283950561349783
|heading error|,rad,RUNNING_MPC,0.0009660456882167879
|heading error|,rad,RUNNING_MPC,0.0012157067156053358
|heading error|,rad,RUNNING_MPC,0.0013229424421310476
|heading error|,rad,RUNNING_MPC,0.0014009107705179602
|heading error|,rad,RUNNING_MPC,0.001283111013364202
|heading error|,rad,RUNNING_MPC,0.0013761602402824202
|heading error|,rad,RUNNING_MPC,0.0008923982023554267
|heading error|,rad,RUNNING_MPC,0.0012734836111354397
|heading error|,rad,RUNNING_MPC,0.001012849402397098
|heading error|,rad,RUNNING_MPC,0.0009685205930245466
|heading error|,rad,RUNNING_MPC,0.0010449767566731438
|heading error|,rad,RUNNING_MPC,0.001000826154947454
|heading error|,rad,RUNNING_MPC,0.0008422273476202946
|heading error|,rad,RUNNING_MPC,0.000619232564851302
|heading error|,rad,RUNNING_MPC,0.0005628005896816113
|heading error|,rad,RUNNING_MPC,0.0001720133811131674
|heading error|,rad,RUNNING_MPC,3.062260332420408e-05
|heading error|,rad,RUNNING_MPC,4.507613251281129e-05
|heading error|,rad,RUNNING_MPC,2.182246232340646e-05
|heading error|,rad,RUNNING_MPC,5.681534345880479e-05
|heading error|,rad,RUNNING_MPC,0.0013822225837465396
|heading error|,rad,RUNNING_MPC,0.0018066567513503886
|heading error|,rad,RUNNING_MPC,0.0009616911705991882
|heading error|,rad,RUNNING_MPC,0.0012401780488837666
|heading error|,rad,RUNNING_MPC,0.0026782763293842216
|heading error|,rad,RUNNING_MPC,0.002351453858425945
|heading error|,rad,RUNNING_MPC,0.0005580266647284837
|heading error|,rad,RUNNING_MPC,0.0013477257495440043
|heading error|,rad,RUNNING_MPC,0.0022591882036531175
|heading error|,rad,RUNNING_MPC,0.003406627612023261
|heading error|,rad,RUNNING_MPC,0.0037175856968829635
|heading error|,rad,RUNNING_MPC,0.0032473197949762778
|heading error|,rad,RUNNING_MPC,0.0019264622956747246
|heading error|,rad,RUNNING_MPC,0.0005626910639127125
|heading error|,rad,RUNNING_MPC,0.00027066753248261577
|heading error|,rad,RUNNING_MPC,0.00030022580398858517
|heading error|,rad,RUNNING_MPC,0.00040692484338311635
|heading error|,rad,RUNNING_MPC,0.0002716772448971838
|heading error|,rad,RUNNING_MPC,8.753697325492027e-05
|heading error|,rad,RUNNING_MPC,0.00030053841955268723
|heading error|,rad,RUNNING_MPC,0.0006045463276671548
|heading error|,rad,RUNNING_MPC,0.0006986307954179871
|heading error|,rad,RUNNING_MPC,0.0007593264976590852
|heading error|,rad,RUNNING_MPC,0.0006959841575384652
|heading error|,rad,RUNNING_MPC,0.0008111371857451033
|heading error|,rad,RUNNING_MPC,0.0007104478434758477
|heading error|,rad,RUNNING_MPC,0.000743253728533233
|heading error|,rad,RUNNING_MPC,0.00034456894644518954
|heading error|,rad,RUNNING_MPC,6.690333395731329e-06
|heading error|,rad,RUNNING_MPC,0.00013227505246327098
|heading error|,rad,RUNNING_MPC,1.3057104840896727e-05
|heading error|,rad,RUNNING_MPC,0.00027448977819322096
|heading error|,rad,RUNNING_MPC,0.00025115634792660657
|heading error|,rad,RUNNING_MPC,0.0006560057873348235
|heading error|,rad,RUNNING_MPC,0.000967409488756843
|heading error|,rad,RUNNING_MPC,0.0010224186502565402
|heading error|,rad,RUNNING_MPC,0.0012125207731794596
|heading error|,rad,RUNNING_MPC,0.0005629757833092164
|heading error|,rad,RUNNING_MPC,0.0004822360606033804
|heading error|,rad,RUNNING_MPC,0.00022578427665331802
|heading error|,rad,RUNNING_MPC,0.0007309145734581967
|heading error|,rad,RUNNING_MPC,0.0011450593508381957
|heading error|,rad,RUNNING_MPC,0.0011698034603915275
|heading error|,rad,RUNNING_MPC,0.0012390901724894654
|heading error|,rad,RUNNING_MPC,0.000996982051884476
|heading error|,rad,RUNNING_MPC,0.0008883250794093911
|heading error|,rad,RUNNING_MPC,0.0008813275969576928
|heading error|,rad,RUNNING_MPC,0.0009643949950954855
|heading error|,rad,RUNNING_MPC,0.00029226775344337597
|heading error|,rad,RUNNING_MPC,0.000492019883735484
|heading error|,rad,RUNNING_MPC,0.00013514654378754543
|heading error|,rad,RUNNING_MPC,0.00022607485382852843
|heading error|,rad,RUNNING_MPC,0.0029787158074814357
|heading error|,rad,RUNNING_MPC,0.006942183859806494
|heading error|,rad,RUNNING_MPC,0.009952490383432266
|heading error|,rad,RUNNING_MPC,0.00840964182829973
|heading error|,rad,RUNNING_MPC,0.009200028977254249
|heading error|,rad,RUNNING_MPC,0.007729495962287558
|heading error|,rad,RUNNING_MPC,0.0022541049319717565
|heading error|,rad,RUNNING_MPC,0.006566298319473863
|heading error|,rad,RUNNING_MPC,0.008296680834776637
|heading error|,rad,RUNNING_MPC,0.003709401681260882
|heading error|,rad,RUNNING_MPC,0.009577572843729065
|heading error|,rad,RUNNING_MPC,0.010156013950258114
|heading error|,rad,RUNNING_MPC,0.005765430925943615
|heading error|,rad,RUNNING_MPC,0.007503424761081234
|heading error|,rad,RUNNING_MPC,0.0099187410475996
|heading error|,rad,RUNNING_MPC,0.018038463768439428
|heading error|,rad,RUNNING_MPC,0.02235940644180845
|heading error|,rad,RUNNING_MPC,0.031079268794287795
|heading error|,rad,RUNNING_MPC,0.03402917823030282
|heading error|,rad,RUNNING_MPC,0.02059829712147776
|heading error|,rad,RUNNING_MPC,0.02757460767075859
|heading error|,rad,RUNNING_MPC,0.03639665783210155
|heading error|,rad,RUNNING_MPC,0.03516838972345626
|heading error|,rad,RUNNING_MPC,0.034227611744351176
|heading error|,rad,RUNNING_MPC,0.04239410269767152
|heading error|,rad,RUNNING_MPC,0.05079087732949317
|heading error|,rad,RUNNING_MPC,0.04503954350393702
|heading error|,rad,RUNNING_MPC,0.0334301570945146
|heading error|,rad,RUNNING_MPC,0.019321195196923217
|heading error|,rad,RUNNING_MPC,0.03301091074126417
|heading error|,rad,RUNNING_MPC,0.01686587366280179
|heading error|,rad,RUNNING_MPC,0.009832784247278958
|heading error|,rad,RUNNING_MPC,0.027047263451159154
|heading error|,rad,RUNNING_MPC,0.03476430534188202
|heading error|,rad,RUNNING_MPC,0.02055270455592595
|heading error|,rad,RUNNING_MPC,0.015975596567955108
|heading error|,rad,RUNNING_MPC,0.012016622374303232
|heading error|,rad,RUNNING_MPC,0.006825858090266923
|heading error|,rad,RUNNING_MPC,0.013687991287800738
|heading error|,rad,RUNNING_MPC,0.007961307184533695
|heading error|,rad,RUNNING_MPC,0.017812558557246394
|heading error|,rad,RUNNING_MPC,0.014292579159121742
|heading error|,rad,RUNNING_MPC,0.011422451102039766
|heading error|,rad,RUNNING_MPC,0.010032242578690731
|heading error|,rad,RUNNING_MPC,0.001530592002048081
|heading error|,rad,RUNNING_MPC,0.018200235882130933
|heading error|,rad,RUNNING_MPC,0.003985553969816813
|heading error|,rad,RUNNING_MPC,0.016439309533536672
|heading error|,rad,RUNNING_MPC,0.0278079867741905
|heading error|,rad,RUNNING_MPC,0.027693051336918018
|heading error|,rad,RUNNING_MPC,0.006646879223508151
|heading error|,rad,RUNNING_MPC,0.020792910819223742
|heading error|,rad,RUNNING_MPC,0.013430799287331041
|heading error|,rad,RUNNING_MPC,0.03805448334725048
|heading error|,rad,RUNNING_MPC,0.056007206170152646
|heading error|,rad,RUNNING_MPC,0.05399676756499505
|heading error|,rad,RUNNING_MPC,0.05035073652128119
|heading error|,rad,RUNNING_MPC,0.03008877597693993
|heading error|,rad,RUNNING_MPC,0.03251726580511761
|heading error|,rad,RUNNING_MPC,0.02407214131516944
|heading error|,rad,RUNNING_MPC,0.03148553324867276
|heading error|,rad,RUNNING_MPC,0.016579334444530636
|heading error|,rad,RUNNING_MPC,0.016074348132114613
|heading error|,rad,RUNNING_MPC,0.008966974994095045
|heading error|,rad,RUNNING_MPC,0.014064015570829591
|heading error|,rad,RUNNING_MPC,0.025270206095210357
|heading error|,rad,RUNNING_MPC,0.02106140440232429
|heading error|,rad,RUNNING_MPC,0.02811665076216241
|heading error|,rad,RUNNING_MPC,0.025587349723354302
|heading error|,rad,RUNNING_MPC,0.022226488491393633
|heading error|,rad,RUNNING_MPC,0.017720528285590568
|heading error|,rad,RUNNING_MPC,0.014738743159800949
|heading error|,rad,RUNNING_MPC,0.009834914619670787
|heading error|,rad,RUNNING_MPC,0.007044274702073361
|heading error|,rad,RUNNING_MPC,0.004045688472698039
|heading error|,rad,RUNNING_MPC,0.002167067975038517
|heading error|,rad,RUNNING_MPC,0.0027659206719099494
|heading error|,rad,RUNNING_MPC,0.0015072911564368852
|heading error|,rad,RUNNING_MPC,0.000514428168574943
|heading error|,rad,RUNNING_MPC,0.007428585912643504
|heading error|,rad,RUNNING_MPC,0.001647314082782847
|heading error|,rad,RUNNING_MPC,0.002704271473526365
|heading error|,rad,RUNNING_MPC,0.015714393845824626
|heading error|,rad,RUNNING_MPC,0.012606636462223708
|heading error|,rad,RUNNING_MPC,0.0015165531676606392
|heading error|,rad,RUNNING_MPC,0.0021080505966686314
|heading error|,rad,RUNNING_MPC,0.02332884352520037
|heading error|,rad,RUNNING_MPC,0.015772709539173535
|heading error|,rad,RUNNING_MPC,0.02069602810435356
|heading error|,rad,RUNNING_MPC,0.015210555440258178
|heading error|,rad,RUNNING_MPC,0.03105256727052685
|heading error|,rad,RUNNING_MPC,0.02176312808299663
|heading error|,rad,RUNNING_MPC,0.02741995051314472
|heading error|,rad,RUNNING_MPC,0.014815184313060836
|heading error|,rad,RUNNING_MPC,0.03834738624944167
|heading error|,rad,RUNNING_MPC,0.04284739739417809
|heading error|,rad,RUNNING_MPC,0.03102292981147725
|heading error|,rad,RUNNING_MPC,0.03469732944852222
|heading error|,rad,RUNNING_MPC,0.04771030747248739
|heading error|,rad,RUNNING_MPC,0.03832554069245919
|heading error|,rad,RUNNING_MPC,0.01849123056198776
|heading error|,rad,RUNNING_MPC,0.0349229606467345
|heading error|,rad,RUNNING_MPC,0.03226575657839836
|heading error|,rad,RUNNING_MPC,0.009043620529170404
|heading error|,rad,RUNNING_MPC,0.0059725367461780365
|heading error|,rad,RUNNING_MPC,0.01163570163006078
|heading error|,rad,RUNNING_MPC,0.017954552135214463
|heading error|,rad,RUNNING_MPC,0.015855229199455145
|heading error|,rad,RUNNING_MPC,0.004120593626903979
|heading error|,rad,RUNNING_MPC,0.01353487515057994
|heading error|,rad,RUNNING_MPC,0.03597837553397687
|heading error|,rad,RUNNING_MPC,0.015372651557539639
|heading error|,rad,RUNNING_MPC,0.018348758538697465
|heading error|,rad,RUNNING_MPC,0.04283012165820432
|heading error|,rad,RUNNING_MPC,0.024045316962077568
|heading error|,rad,RUNNING_MPC,0.04804760583580503
|heading error|,rad,RUNNING_MPC,0.03197710986673297
|heading error|,rad,RUNNING_MPC,0.015214688312816804
|heading error|,rad,RUNNING_MPC,0.01644808483399851
|heading error|,rad,RUNNING_MPC,0.016040684731487342
|heading error|,rad,RUNNING_MPC,0.03881662418538312
|heading error|,rad,RUNNING_MPC,0.040869568467606594
|heading error|,rad,RUNNING_MPC,0.022806902743425894
|heading error|,rad,RUNNING_MPC,0.0137838487871651
|heading error|,rad,RUNNING_MPC,0.03522727413355354
|heading error|,rad,RUNNING_MPC,0.025641466884683158
|heading error|,rad,RUNNING_MPC,0.007780960052210073
|heading error|,rad,RUNNING_MPC,0.009373624051817409
|heading error|,rad,RUNNING_MPC,0.03125803024482377
|heading error|,rad,RUNNING_MPC,0.015840108953331544
|heading error|,rad,RUNNING_MPC,0.03618799126208172
|heading error|,rad,RUNNING_MPC,0.02028149973077964
|heading error|,rad,RUNNING_MPC,0.04462169652141946
|heading error|,rad,RUNNING_MPC,0.03886041726528511
|heading error|,rad,RUNNING_MPC,0.028274660552804587
|heading error|,rad,RUNNING_MPC,0.03315165642771589
|heading error|,rad,RUNNING_MPC,0.020254710644187934
|heading error|,rad,RUNNING_MPC,0.03144348368101091
|heading error|,rad,RUNNING_MPC,0.04123649320226308
|heading error|,rad,RUNNING_MPC,0.04180593203221927
|heading error|,rad,RUNNING_MPC,0.04297198277428027
|heading error|,rad,RUNNING_MPC,0.019038179695034296
|heading error|,rad,RUNNING_MPC,0.039244429912356216
|heading error|,rad,RUNNING_MPC,0.01759534953217745
|heading error|,rad,RUNNING_MPC,0.028318432989714593
|heading error|,rad,RUNNING_MPC,0.03093226082307865
|heading error|,rad,RUNNING_MPC,0.03368090655446099
|heading error|,rad,RUNNING_MPC,0.023721751547624903
|heading error|,rad,RUNNING_MPC,0.03452844801590338
|heading error|,rad,RUNNING_MPC,0.02232890672481047
|heading error|,rad,RUNNING_MPC,0.034535395758898746
|heading error|,rad,RUNNING_MPC,0.025110130235224792
|heading error|,rad,RUNNING_MPC,0.028862167768574754
|heading error|,rad,RUNNING_MPC,0.025353718504697254
|heading error|,rad,RUNNING_MPC,0.023918432156976536
|heading error|,rad,RUNNING_MPC,0.017391629383051388
|heading error|,rad,RUNNING_MPC,0.015980528177836465
|heading error|,rad,RUNNING_MPC,0.01961564081957734
|heading error|,rad,RUNNING_MPC,0.0192369272645192
|heading error|,rad,RUNNING_MPC,0.012512707705841786
|heading error|,rad,RUNNING_MPC,0.01181105223553569
|heading error|,rad,RUNNING_MPC,0.01393406742616943
|heading error|,rad,RUNNING_MPC,0.010001461384493648
|heading error|,rad,RUNNING_MPC,0.009822683919132436
|heading error|,rad,RUNNING_MPC,0.01054079933193708
|heading error|,rad,RUNNING_MPC,0.0070106511576819575
|heading error|,rad,RUNNING_MPC,0.005322673990929561
|heading error|,rad,RUNNING_MPC,0.00217977733787178
|heading error|,rad,RUNNING_MPC,6.682809184899163e-05
|heading error|,rad,RUNNING_MPC,0.001876138090551649
|heading error|,rad,RUNNING_MPC,0.002142758910531617
|heading error|,rad,RUNNING_MPC,0.0003597880195025383
|heading error|,rad,RUNNING_MPC,0.000394451969585985
|heading error|,rad,RUNNING_MPC,0.0036970901980406534
|heading error|,rad,RUNNING_MPC,0.0036350195289043263
|heading error|,rad,RUNNING_MPC,0.006549740285311412
|heading error|,rad,RUNNING_MPC,0.007424207384839843
|heading error|,rad,RUNNING_MPC,0.005360502907915343
|heading error|,rad,RUNNING_MPC,0.0067864656196072745
|heading error|,rad,RUNNING_MPC,0.00682618229954457
|heading error|,rad,RUNNING_MPC,0.00628149668124367
|heading error|,rad,RUNNING_MPC,0.004755906375507157
|heading error|,rad,RUNNING_MPC,0.00716058081914861
|heading error|,rad,RUNNING_MPC,0.00824172095121689
|heading error|,rad,RUNNING_MPC,0.009521793068738349
|heading error|,rad,RUNNING_MPC,0.006599291094238291
|heading error|,rad,RUNNING_MPC,0.008277381576387244
|heading error|,rad,RUNNING_MPC,0.012563172006623935
|heading error|,rad,RUNNING_MPC,0.009965224912031223
|heading error|,rad,RUNNING_MPC,0.010688972842559097
|heading error|,rad,RUNNING_MPC,0.011181603290260744
|heading error|,rad,RUNNING_MPC,0.011989359798214139
|heading error|,rad,RUNNING_MPC,0.010634658866587321
|heading error|,rad,RUNNING_MPC,0.01479172780417759
|heading error|,rad,RUNNING_MPC,0.010736091466686415
|heading error|,rad,RUNNING_MPC,0.011677116797023658
|heading error|,rad,RUNNING_MPC,0.012282877175776141
|heading error|,rad,RUNNING_MPC,0.014663779177879532
|heading error|,rad,RUNNING_MPC,0.014870756707029087
|heading error|,rad,RUNNING_MPC,0.00939613038396736
|heading error|,rad,RUNNING_MPC,0.014569653696582583
|heading error|,rad,RUNNING_MPC,0.011327285971072687
|heading error|,rad,RUNNING_MPC,0.009474918510847032
|heading error|,rad,RUNNING_MPC,0.014907437713280736
|heading error|,rad,RUNNING_MPC,0.016059582113850165
|heading error|,rad,RUNNING_MPC,0.014004758017041818
|heading error|,rad,RUNNING_MPC,0.011287733849733472
|heading error|,rad,RUNNING_MPC,0.014293665901449426
|heading error|,rad,RUNNING_MPC,0.02153108101822776
|heading error|,rad,RUNNING_MPC,0.016886814084828283
|heading error|,rad,RUNNING_MPC,0.020049978555282677
|heading error|,rad,RUNNING_MPC,0.022081902949539822
|heading error|,rad,RUNNING_MPC,0.02608166780384047
|heading error|,rad,RUNNING_MPC,0.01843107263881749
|heading error|,rad,RUNNING_MPC,0.022772692397443395
|heading error|,rad,RUNNING_MPC,0.021620934203531728
|heading error|,rad,RUNNING_MPC,0.020877533347354205
|heading error|,rad,RUNNING_MPC,0.012696027541703847
|heading error|,rad,RUNNING_MPC,0.013311031208780522
|heading error|,rad,RUNNING_MPC,0.016305297361806415
|heading error|,rad,RUNNING_MPC,0.016292128189998756
|heading error|,rad,RUNNING_MPC,0.026639654457018824
|heading error|,rad,RUNNING_MPC,0.02640825678508657
|heading error|,rad,RUNNING_MPC,0.03027246788536425
|heading error|,rad,RUNNING_MPC,0.03187990245388639
|heading error|,rad,RUNNING_MPC,0.03089230765747769
|heading error|,rad,RUNNING_MPC,0.026539445968061626
|heading error|,rad,RUNNING_MPC,0.030196375919045115
|heading error|,rad,RUNNING_MPC,0.02289112352866479
|heading error|,rad,RUNNING_MPC,0.020313508383974055
|heading error|,rad,RUNNING_MPC,0.01896514256271148
|heading error|,rad,RUNNING_MPC,0.013744063410928209
|heading error|,rad,RUNNING_MPC,0.011640012253365693
|heading error|,rad,RUNNING_MPC,0.010579381403198638
|heading error|,rad,RUNNING_MPC,0.008648709040820435
|heading error|,rad,RUNNING_MPC,0.00903150724151136
|heading error|,rad,RUNNING_MPC,0.015986561972964775
|heading error|,rad,RUNNING_MPC,0.01546665573143202
|heading error|,rad,RUNNING_MPC,0.015090855128399331
|heading error|,rad,RUNNING_MPC,0.014921591665096962
|heading error|,rad,RUNNING_MPC,0.01748696952481993
|heading error|,rad,RUNNING_MPC,0.01469004699958315
|heading error|,rad,RUNNING_MPC,0.011830919731286804
|heading error|,rad,RUNNING_MPC,0.010387076597570905
|heading error|,rad,RUNNING_MPC,0.009085094228077822
|heading error|,rad,RUNNING_MPC,0.00689099993520681
|heading error|,rad,RUNNING_MPC,0.007220151844209516
|heading error|,rad,RUNNING_MPC,0.006921832625522845
|heading error|,rad,RUNNING_MPC,0.006913496519233342
|heading error|,rad,RUNNING_MPC,0.004370629216368993
|heading error|,rad,RUNNING_MPC,0.006126423799405811
|heading error|,rad,RUNNING_MPC,0.006699674919035142
|heading error|,rad,RUNNING_MPC,0.00589019200134458
|heading error|,rad,RUNNING_MPC,0.004892774116393578
|heading error|,rad,RUNNING_MPC,0.005130979608805486
|heading error|,rad,RUNNING_MPC,0.003682945482274186
|heading error|,rad,RUNNING_MPC,0.003485986599489399
|heading error|,rad,RUNNING_MPC,0.0028580976432309724
|heading error|,rad,RUNNING_MPC,0.0027635566689953456
|heading error|,rad,RUNNING_MPC,0.0022482524426641892
|heading error|,rad,RUNNING_MPC,0.0016476536158221283
|heading error|,rad,RUNNING_MPC,0.0012582226316756318
|heading error|,rad,RUNNING_MPC,0.0006436588027588924
|heading error|,rad,RUNNING_MPC,0.0002718081097802666
|heading error|,rad,RUNNING_MPC,3.4793518528336564e-05
|heading error|,rad,RUNNING_MPC,0.00010828432654971798
|heading error|,rad,RUNNING_MPC,3.22042172688497e-05
|heading error|,rad,RUNNING_MPC,0.00016000762433564242
|heading error|,rad,RUNNING_MPC,0.00037708178772383194
|heading error|,rad,RUNNING_MPC,0.0008737594097503465
|heading error|,rad,RUNNING_MPC,0.001120079543439151
|heading error|,rad,RUNNING_MPC,0.0012848398227121166
|heading error|,rad,RUNNING_MPC,0.0012848346554144713
|heading error|,rad,RUNNING_MPC,0.0012633254634359242
|heading error|,rad,RUNNING_MPC,0.001323346254296684
|heading error|,rad,RUNNING_MPC,0.001220567712489365
|heading error|,rad,RUNNING_MPC,0.0012176897673898681
|heading error|,rad,RUNNING_MPC,0.0010785731226330836
|heading error|,rad,RUNNING_MPC,0.0007876064424405665
|heading error|,rad,RUNNING_MPC,0.0006500592081001705
|heading error|,rad,RUNNING_MPC,0.0006391036212112371
|heading error|,rad,RUNNING_MPC,0.0005900469522933938
|heading error|,rad,RUNNING_MPC,0.0007308474682795052
|heading error|,rad,RUNNING_MPC,0.0009464815772129016
|heading error|,rad,RUNNING_MPC,0.001047954567566886
|heading error|,rad,RUNNING_MPC,0.001004222026601609
|heading error|,rad,RUNNING_MPC,0.0010496057461138325
|heading error|,rad,RUNNING_MPC,0.0010272144630553148
|heading error|,rad,RUNNING_MPC,0.001059081739955517
|heading error|,rad,RUNNING_MPC,0.0010901486327000859
|heading error|,rad,RUNNING_MPC,0.0010288477632234977
|heading error|,rad,RUNNING_MPC,0.0010574894158166537
|heading error|,rad,RUNNING_MPC,0.0010740741263522426
|heading error|,rad,RUNNING_MPC,0.0011268471168299765
|heading error|,rad,RUNNING_MPC,0.0011245199555908886
|heading error|,rad,RUNNING_MPC,0.001071853043083229
|heading error|,rad,RUNNING_MPC,0.0011266304829752605
|heading error|,rad,RUNNING_MPC,0.0011784441549096136
|heading error|,rad,RUNNING_MPC,0.0012090366520745716
|heading error|,rad,RUNNING_MPC,0.001206288700098146
|heading error|,rad,RUNNING_MPC,0.0012801518917296417
|heading error|,rad,RUNNING_MPC,0.0013713255193689294
|heading error|,rad,RUNNING_MPC,0.0011971508810669634
|heading error|,rad,RUNNING_MPC,0.0012671987528165007
|heading error|,rad,RUNNING_MPC,0.0011623875790384016
|heading error|,rad,RUNNING_MPC,0.0011799344597644423
|heading error|,rad,RUNNING_MPC,0.001112445462186279
|heading error|,rad,RUNNING_MPC,0.0011964491028354507
|heading error|,rad,RUNNING_MPC,0.001277859448085228
|heading error|,rad,RUNNING_MPC,0.0013710815638209445
|heading error|,rad,RUNNING_MPC,0.0013429434715261507
|heading error|,rad,RUNNING_MPC,0.0012995597018334443
|heading error|,rad,RUNNING_MPC,0.0013620055309482293
|heading error|,rad,RUNNING_MPC,0.0013161048133123604
|heading error|,rad,RUNNING_MPC,0.0010955028315131066
|heading error|,rad,RUNNING_MPC,0.0011324310248478214
|heading error|,rad,RUNNING_MPC,0.0010022314498284168
|heading error|,rad,RUNNING_MPC,0.0010290614429515482
|heading error|,rad,RUNNING_MPC,0.0009031852172896315
|heading error|,rad,RUNNING_MPC,0.0008756490157886404
|heading error|,rad,RUNNING_MPC,0.0009991831248457315
|heading error|,rad,RUNNING_MPC,0.0009901066562141014
|heading error|,rad,RUNNING_MPC,0.0010707224420253292
|heading error|,rad,RUNNING_MPC,0.0012553018942578487
|heading error|,rad,RUNNING_MPC,0.001328869535303409
|heading error|,rad,RUNNING_MPC,0.0012655239902305685
|heading error|,rad,RUNNING_MPC,0.001224779820089228
|heading error|,rad,RUNNING_MPC,0.0010934996911695083
|heading error|,rad,RUNNING_MPC,0.000901805708304268
|heading error|,rad,RUNNING_MPC,0.0011237629541668431
|heading error|,rad,RUNNING_MPC,0.0011745565941959218
|heading error|,rad,RUNNING_MPC,0.0008520103617809666
|heading error|,rad,RUNNING_MPC,0.001271296822171808
|heading error|,rad,RUNNING_MPC,0.0010279784188225866
|heading error|,rad,RUNNING_MPC,0.00043105555732185497
|heading error|,rad,RUNNING_MPC,0.0006629244980669302
|heading error|,rad,RUNNING_MPC,0.00030017927694842017
|heading error|,rad,RUNNING_MPC,0.001451920157194031
|heading error|,rad,RUNNING_MPC,0.0005846667403624772
|heading error|,rad,RUNNING_MPC,0.004703367318629401
|heading error|,rad,RUNNING_MPC,0.008893113164050871
|heading error|,rad,RUNNING_MPC,0.004455206521731016
|heading error|,rad,RUNNING_MPC,0.009620178292604812
|heading error|,rad,RUNNING_MPC,0.014291754182936402
|heading error|,rad,RUNNING_MPC,0.008696033832787598
|heading error|,rad,RUNNING_MPC,0.01394955022134976
|heading error|,rad,RUNNING_MPC,0.019043679406558257
|heading error|,rad,RUNNING_MPC,0.016368075689316003
|heading error|,rad,RUNNING_MPC,0.012662520961194662
|heading error|,rad,RUNNING_MPC,0.01690661003185523
|heading error|,rad,RUNNING_MPC,0.01363509912648507
|heading error|,rad,RUNNING_MPC,0.01874231857547616
|heading error|,rad,RUNNING_MPC,0.01080053258464822
|heading error|,rad,RUNNING_MPC,0.01659657111713983
|heading error|,rad,RUNNING_MPC,0.02310600300691762
|heading error|,rad,RUNNING_MPC,0.020804499317603087
|heading error|,rad,RUNNING_MPC,0.018754998603152245
|heading error|,rad,RUNNING_MPC,0.02766506688070963
|heading error|,rad,RUNNING_MPC,0.017363181866647204
|heading error|,rad,RUNNING_MPC,0.032738104442883886
|heading error|,rad,RUNNING_MPC,0.02265138332055266
|heading error|,rad,RUNNING_MPC,0.03188147522295803
|heading error|,rad,RUNNING_MPC,0.026863146361007617
|heading error|,rad,RUNNING_MPC,0.024227454361255566
|heading error|,rad,RUNNING_MPC,0.02490229240086439
|heading error|,rad,RUNNING_MPC,0.028004071889220605
|heading error|,rad,RUNNING_MPC,0.029751587783480197
|heading error|,rad,RUNNING_MPC,0.03805470995763815
|heading error|,rad,RUNNING_MPC,0.04959053904438737
|heading error|,rad,RUNNING_MPC,0.03417321692091902
|heading error|,rad,RUNNING_MPC,0.04315749599931018
|heading error|,rad,RUNNING_MPC,0.04352584316038188
|heading error|,rad,RUNNING_MPC,0.03797988177141499
|heading error|,rad,RUNNING_MPC,0.04407349615866507
|heading error|,rad,RUNNING_MPC,0.02723466636349592
|heading error|,rad,RUNNING_MPC,0.03993123137699783
|heading error|,rad,RUNNING_MPC,0.029705898235767858
|heading error|,rad,RUNNING_MPC,0.027854163643399765
|heading error|,rad,RUNNING_MPC,0.030587162857722564
|heading error|,rad,RUNNING_MPC,0.027269061400475803
|heading error|,rad,RUNNING_MPC,0.026182341043858193
|heading error|,rad,RUNNING_MPC,0.025863082624806296
|heading error|,rad,RUNNING_MPC,0.027865033278058116
|heading error|,rad,RUNNING_MPC,0.03188495804400682
|heading error|,rad,RUNNING_MPC,0.02926557395724072
|heading error|,rad,RUNNING_MPC,0.022440665044247243
|heading error|,rad,RUNNING_MPC,0.025793812945408497
|heading error|,rad,RUNNING_MPC,0.026074769330562297
|heading error|,rad,RUNNING_MPC,0.02491172581250467
|heading error|,rad,RUNNING_MPC,0.027727448143560984
|heading error|,rad,RUNNING_MPC,0.021051098623971806
|heading error|,rad,RUNNING_MPC,0.015973532272666846
|heading error|,rad,RUNNING_MPC,0.013636681010041894
|heading error|,rad,RUNNING_MPC,0.009332540504024323
|heading error|,rad,RUNNING_MPC,0.008496886822727978
|heading error|,rad,RUNNING_MPC,0.001831604928395736
|heading error|,rad,RUNNING_MPC,0.0015432645749589022
|heading error|,rad,RUNNING_MPC,0.002823725201198668
|heading error|,rad,RUNNING_MPC,0.005402793067538436
|heading error|,rad,RUNNING_MPC,0.008120261321575173
|heading error|,rad,RUNNING_MPC,0.011786596124778503
|heading error|,rad,RUNNING_MPC,0.01110182834576312
|heading error|,rad,RUNNING_MPC,0.010633693481957085
|heading error|,rad,RUNNING_MPC,0.009386282461937068
|heading error|,rad,RUNNING_MPC,0.007438255069496247
|heading error|,rad,RUNNING_MPC,0.006210517484450007
|heading error|,rad,RUNNING_MPC,0.0036485425336683086
|heading error|,rad,RUNNING_MPC,0.0025647946443823066
|heading error|,rad,RUNNING_MPC,0.0033113312022814423
|heading error|,rad,RUNNING_MPC,0.0018130874805328823
|heading error|,rad,RUNNING_MPC,0.0010358631040900954
|heading error|,rad,RUNNING_MPC,0.0030901275930239613
|heading error|,rad,RUNNING_MPC,0.003185960664960019
|heading error|,rad,RUNNING_MPC,0.005425283825301053
|heading error|,rad,RUNNING_MPC,0.0055009495901663374
|heading error|,rad,RUNNING_MPC,0.0054759884834783
|heading error|,rad,RUNNING_MPC,0.007340355957065281
|heading error|,rad,RUNNING_MPC,0.006539299747442495
|heading error|,rad,RUNNING_MPC,0.005752310428708274
|heading error|,rad,RUNNING_MPC,0.00704684833204916
|heading error|,rad,RUNNING_MPC,0.005403718615963005
|heading error|,rad,RUNNING_MPC,0.005069837205343708
|heading error|,rad,RUNNING_MPC,0.004786881995481274
|heading error|,rad,RUNNING_MPC,0.0038377979145454155
|heading error|,rad,RUNNING_MPC,0.0045767898889665926
|heading error|,rad,RUNNING_MPC,0.0039265358110665005
|heading error|,rad,RUNNING_MPC,0.003281397499461658
|heading error|,rad,RUNNING_MPC,0.004786809515391788
|heading error|,rad,RUNNING_MPC,0.004359637549261386
|heading error|,rad,RUNNING_MPC,0.003881208974925832
|heading error|,rad,RUNNING_MPC,0.003348513275654108
|heading error|,rad,RUNNING_MPC,0.004796593399672311
|heading error|,rad,RUNNING_MPC,0.003868153976672506
|heading error|,rad,RUNNING_MPC,0.00533622701119163
|heading error|,rad,RUNNING_MPC,0.005034747834140152
|heading error|,rad,RUNNING_MPC,0.004702611077498142
|heading error|,rad,RUNNING_MPC,0.004581816418131712
|heading error|,rad,RUNNING_MPC,0.004208322283611343
|heading error|,rad,RUNNING_MPC,0.003197021699042679
|heading error|,rad,RUNNING_MPC,0.001952813712618795
|heading error|,rad,RUNNING_MPC,0.0005788805173889688
|heading error|,rad,RUNNING_MPC,0.0004749130624985831
|heading error|,rad,RUNNING_MPC,0.003493919741753837
|heading error|,rad,RUNNING_MPC,0.0045606835942060275
|heading error|,rad,RUNNING_MPC,0.005786203335126361
|heading error|,rad,RUNNING_MPC,0.004965195449558868
|heading error|,rad,RUNNING_MPC,0.004806173435915717
|heading error|,rad,RUNNING_MPC,0.0037202370435427405
|heading error|,rad,RUNNING_MPC,0.002838442646599715
|heading error|,rad,RUNNING_MPC,0.0020638472283391884
|heading error|,rad,RUNNING_MPC,0.0022712233541966054
|heading error|,rad,RUNNING_MPC,0.0014637935548520442
|heading error|,rad,RUNNING_MPC,0.001587586325342727
|heading error|,rad,RUNNING_MPC,0.001613111000502876
|heading error|,rad,RUNNING_MPC,0.0012855660733233079
|heading error|,rad,RUNNING_MPC,0.0019024461228818181
|heading error|,rad,RUNNING_MPC,0.0017267215515470724
|heading error|,rad,RUNNING_MPC,0.0015387803757234142
|heading error|,rad,RUNNING_MPC,0.0019495325960927623
|heading error|,rad,RUNNING_MPC,0.0017097936244705458
|heading error|,rad,RUNNING_MPC,0.001633487243932752
|heading error|,rad,RUNNING_MPC,0.001747423658851499
|heading error|,rad,RUNNING_MPC,0.0015266342872157777
|heading error|,rad,RUNNING_MPC,0.0015020202923323735
|heading error|,rad,RUNNING_MPC,0.0010647101702270234
|heading error|,rad,RUNNING_MPC,0.0007694197567071903
|heading error|,rad,RUNNING_MPC,0.0006708435104165744
|heading error|,rad,RUNNING_MPC,0.00035347666847074244
|heading error|,rad,RUNNING_MPC,0.0001786286655713898
|heading error|,rad,RUNNING_MPC,0.0001063074859348756
|heading error|,rad,RUNNING_MPC,0.0003228526677283572
|heading error|,rad,RUNNING_MPC,0.0003409993565310909
|heading error|,rad,RUNNING_MPC,0.000972689863097731
|heading error|,rad,RUNNING_MPC,0.0007359902293462284
|heading error|,rad,RUNNING_MPC,0.0004968213575236025
|heading error|,rad,RUNNING_MPC,0.0024860456821622634
|heading error|,rad,RUNNING_MPC,0.002568326976307045
|heading error|,rad,RUNNING_MPC,0.002340776198384687
|heading error|,rad,RUNNING_MPC,0.004781842288364535
|heading error|,rad,RUNNING_MPC,0.004014399783814904
|heading error|,rad,RUNNING_MPC,0.007496605431964509
|heading error|,rad,RUNNING_MPC,0.0070913958749589945
|heading error|,rad,RUNNING_MPC,0.006436083676012894
|heading error|,rad,RUNNING_MPC,0.007760609056283174
|heading error|,rad,RUNNING_MPC,0.008983478991654303
|heading error|,rad,RUNNING_MPC,0.010271104211347026
|heading error|,rad,RUNNING_MPC,0.011709442183316376
|heading error|,rad,RUNNING_MPC,0.009879368271557887
|heading error|,rad,RUNNING_MPC,0.007953696048943248
|heading error|,rad,RUNNING_MPC,0.01220956555449382
|heading error|,rad,RUNNING_MPC,0.009431293428884047
|heading error|,rad,RUNNING_MPC,0.016429281825284914
|heading error|,rad,RUNNING_MPC,0.014939255297650833
|heading error|,rad,RUNNING_MPC,0.012233486188038654
|heading error|,rad,RUNNING_MPC,0.012532444854714164
|heading error|,rad,RUNNING_MPC,0.01326559580816733
|heading error|,rad,RUNNING_MPC,0.012139946052660333
|heading error|,rad,RUNNING_MPC,0.02387169879512374
|heading error|,rad,RUNNING_MPC,0.02641968958687646
|heading error|,rad,RUNNING_MPC,0.0370719559070527
|heading error|,rad,RUNNING_MPC,0.03802714106726435
|heading error|,rad,RUNNING_MPC,0.036606501998744934
|heading error|,rad,RUNNING_MPC,0.03276601002778734
|heading error|,rad,RUNNING_MPC,0.02002140540244013
|heading error|,rad,RUNNING_MPC,0.008081668538509224
|heading error|,rad,RUNNING_MPC,0.0009453656463054294
|heading error|,rad,RUNNING_MPC,0.006178329116891534
|heading error|,rad,RUNNING_MPC,0.007706505804879304
|heading error|,rad,RUNNING_MPC,0.013007352187263566
|heading error|,rad,RUNNING_MPC,0.014279922290032054
|heading error|,rad,RUNNING_MPC,0.014060701739403658
|heading error|,rad,RUNNING_MPC,0.014996274495880701
|heading error|,rad,RUNNING_MPC,0.012435943125954863
|heading error|,rad,RUNNING_MPC,0.008823836603534252
|heading error|,rad,RUNNING_MPC,0.015495718413835124
|heading error|,rad,RUNNING_MPC,0.00844351631158724
|heading error|,rad,RUNNING_MPC,0.00515609951143281
|heading error|,rad,RUNNING_MPC,0.011794478847298562
|heading error|,rad,RUNNING_MPC,0.01996495679955812
|heading error|,rad,RUNNING_MPC,0.017837771538041114
|heading error|,rad,RUNNING_MPC,0.029401661801977896
|heading error|,rad,RUNNING_MPC,0.02903388917417571
|heading error|,rad,RUNNING_MPC,0.019766640507625555
|heading error|,rad,RUNNING_MPC,0.038835079217147905
|heading error|,rad,RUNNING_MPC,0.024008408994378616
|heading error|,rad,RUNNING_MPC,0.03558091811990782
|heading error|,rad,RUNNING_MPC,0.034597789572293536
|heading error|,rad,RUNNING_MPC,0.03262807749497698
|heading error|,rad,RUNNING_MPC,0.042650778962058045
|heading error|,rad,RUNNING_MPC,0.0445559136841982
|heading error|,rad,RUNNING_MPC,0.048170053136780126
|heading error|,rad,RUNNING_MPC,0.03612966673131757
|heading error|,rad,RUNNING_MPC,0.035045511498027704
|heading error|,rad,RUNNING_MPC,0.03323654607026083
|heading error|,rad,RUNNING_MPC,0.031778712302338086
|heading error|,rad,RUNNING_MPC,0.023706649727903928
|heading error|,rad,RUNNING_MPC,0.022591760945893657
|heading error|,rad,RUNNING_MPC,0.0191020342899082
|heading error|,rad,RUNNING_MPC,0.013948459092429477
|heading error|,rad,RUNNING_MPC,0.015017863562642342
|heading error|,rad,RUNNING_MPC,0.0160496557006109
|heading error|,rad,RUNNING_MPC,0.016815065076688507
|heading error|,rad,RUNNING_MPC,0.017829971160595592
|heading error|,rad,RUNNING_MPC,0.015079302156572272
|heading error|,rad,RUNNING_MPC,0.010776805988216287
|heading error|,rad,RUNNING_MPC,0.00438372306365986
|heading error|,rad,RUNNING_MPC,0.0019959830398255107
|heading error|,rad,RUNNING_MPC,0.0075845982353
|heading error|,rad,RUNNING_MPC,0.007752291171315928
|heading error|,rad,RUNNING_MPC,0.0122329854068004
|heading error|,rad,RUNNING_MPC,0.013639808411512354
|heading error|,rad,RUNNING_MPC,0.013279458608933092
|heading error|,rad,RUNNING_MPC,0.014150095768117321
|heading error|,rad,RUNNING_MPC,0.009742182033893656
|heading error|,rad,RUNNING_MPC,0.017608893577879092
|heading error|,rad,RUNNING_MPC,0.020546752036022742
|heading error|,rad,RUNNING_MPC,0.019822533043434287
|heading error|,rad,RUNNING_MPC,0.02384825745737773
|heading error|,rad,RUNNING_MPC,0.02126281266943453
|heading error|,rad,RUNNING_MPC,0.02716771331196233
|heading error|,rad,RUNNING_MPC,0.025116885221555307
|heading error|,rad,RUNNING_MPC,0.015379231997682874
|heading error|,rad,RUNNING_MPC,0.01668659075344658
|heading error|,rad,RUNNING_MPC,0.008297554744136404
|heading error|,rad,RUNNING_MPC,0.004536422729920053
|heading error|,rad,RUNNING_MPC,0.0012385343588137143
|heading error|,rad,RUNNING_MPC,0.009576429139375175
|heading error|,rad,RUNNING_MPC,0.0012937725471116046
|heading error|,rad,RUNNING_MPC,0.014970119697405028
|heading error|,rad,RUNNING_MPC,0.014346584169838692
|heading error|,rad,RUNNING_MPC,0.022183762229881276
|heading error|,rad,RUNNING_MPC,0.0145153743557902
|heading error|,rad,RUNNING_MPC,0.020114414545043594
|heading error|,rad,RUNNING_MPC,0.034298100216571425
|heading error|,rad,RUNNING_MPC,0.023898026013239315
|heading error|,rad,RUNNING_MPC,0.05861534009280267
|heading error|,rad,RUNNING_MPC,0.06354291802795897
|heading error|,rad,RUNNING_MPC,0.06482584121601165
|heading error|,rad,RUNNING_MPC,0.05856215795291786
|heading error|,rad,RUNNING_MPC,0.0498240844324277
|heading error|,rad,RUNNING_MPC,0.05581533135775186
|heading error|,rad,RUNNING_MPC,0.043675744048435994
|heading error|,rad,RUNNING_MPC,0.029845932485476626
|heading error|,rad,RUNNING_MPC,0.01672620504359723
|heading error|,rad,RUNNING_MPC,0.01056939551832392
|heading error|,rad,RUNNING_MPC,0.004777576436431397
|heading error|,rad,RUNNING_MPC,0.0034481466803018
|heading error|,rad,RUNNING_MPC,0.005988838216489878
|heading error|,rad,RUNNING_MPC,0.007644331603389287
|heading error|,rad,RUNNING_MPC,0.008469028348504161
|heading error|,rad,RUNNING_MPC,0.006727889216799232
|heading error|,rad,RUNNING_MPC,0.008461540702800363
|heading error|,rad,RUNNING_MPC,0.007996858018724295
|heading error|,rad,RUNNING_MPC,0.00708118673763225
|heading error|,rad,RUNNING_MPC,0.00044154625973602535
|heading error|,rad,RUNNING_MPC,0.010359361674991296
|heading error|,rad,RUNNING_MPC,0.010450004823552295
|heading error|,rad,RUNNING_MPC,0.009811625110102806
|heading error|,rad,RUNNING_MPC,0.0027027911938650733
|heading error|,rad,RUNNING_MPC,0.00879309708793774
|heading error|,rad,RUNNING_MPC,0.015993651209167625
|heading error|,rad,RUNNING_MPC,0.016026166381430507
|heading error|,rad,RUNNING_MPC,0.015255180486185347
|heading error|,rad,RUNNING_MPC,0.014072716788912532
|heading error|,rad,RUNNING_MPC,0.00871513151859693
|heading error|,rad,RUNNING_MPC,0.031295085048546493
|heading error|,rad,RUNNING_MPC,0.033343245529747545
|heading error|,rad,RUNNING_MPC,0.03684013657820184
|heading error|,rad,RUNNING_MPC,0.05189595354530474
|heading error|,rad,RUNNING_MPC,0.04945762481247851
|heading error|,rad,RUNNING_MPC,0.02733540686375413
|heading error|,rad,RUNNING_MPC,0.02381460573706451
|heading error|,rad,RUNNING_MPC,0.02650490590081755
|heading error|,rad,RUNNING_MPC,0.029061816915223693
|heading error|,rad,RUNNING_MPC,0.021736975744672593
|heading error|,rad,RUNNING_MPC,0.02656014989278188
|heading error|,rad,RUNNING_MPC,0.01274193519223088
|heading error|,rad,RUNNING_MPC,0.029956311705228167
|heading error|,rad,RUNNING_MPC,0.03865214088601321
|heading error|,rad,RUNNING_MPC,0.020834015551160597
|heading error|,rad,RUNNING_MPC,0.03831140131573396
|heading error|,rad,RUNNING_MPC,0.045358837391127116
|heading error|,rad,RUNNING_MPC,0.024952238245262718
|heading error|,rad,RUNNING_MPC,0.04289562222082566
|heading error|,rad,RUNNING_MPC,0.03426116768890353
|heading error|,rad,RUNNING_MPC,0.051856780675551654
|heading error|,rad,RUNNING_MPC,0.043185929851871745
|heading error|,rad,RUNNING_MPC,0.049003947590517516
|heading error|,rad,RUNNING_MPC,0.03939775642425758
|heading error|,rad,RUNNING_MPC,0.029456106887178368
|heading error|,rad,RUNNING_MPC,0.027238537590485112
|heading error|,rad,RUNNING_MPC,0.0352787019444638
|heading error|,rad,RUNNING_MPC,0.0299431701644024
|heading error|,rad,RUNNING_MPC,0.02004664450828608
|heading error|,rad,RUNNING_MPC,0.01757303480148087
|heading error|,rad,RUNNING_MPC,0.016039342924280664
|heading error|,rad,RUNNING_MPC,0.013791626915355515
|heading error|,rad,RUNNING_MPC,0.015895799835379254
|heading error|,rad,RUNNING_MPC,0.017466846935631608
|heading error|,rad,RUNNING_MPC,0.019829567813570037
|heading error|,rad,RUNNING_MPC,0.024509012697851773
|heading error|,rad,RUNNING_MPC,0.02471860744542509
|heading error|,rad,RUNNING_MPC,0.021103978370768495
|heading error|,rad,RUNNING_MPC,0.020926543235739725
|heading error|,rad,RUNNING_MPC,0.012341705736920616
|heading error|,rad,RUNNING_MPC,0.010381008978166406
|heading error|,rad,RUNNING_MPC,0.011118896017357827
|heading error|,rad,RUNNING_MPC,0.00818519283396224
|heading error|,rad,RUNNING_MPC,0.0072573921054237545
|heading error|,rad,RUNNING_MPC,0.004970712345675476
|heading error|,rad,RUNNING_MPC,0.0004998730723668743
|heading error|,rad,RUNNING_MPC,0.003649244053117951
|heading error|,rad,RUNNING_MPC,0.009770110318411795
|heading error|,rad,RUNNING_MPC,0.015927439668466103
|heading error|,rad,RUNNING_MPC,0.015681282957532797
|heading error|,rad,RUNNING_MPC,0.017159545109181717
|heading error|,rad,RUNNING_MPC,0.019510363056251645
|heading error|,rad,RUNNING_MPC,0.013853852284134494
|heading error|,rad,RUNNING_MPC,0.01974502965567515
|heading error|,rad,RUNNING_MPC,0.0196845582008609
|heading error|,rad,RUNNING_MPC,0.006435472622920546
|heading error|,rad,RUNNING_MPC,0.011322361180997387
|heading error|,rad,RUNNING_MPC,0.016344362147757252
|heading error|,rad,RUNNING_MPC,0.030976265091600567
|heading error|,rad,RUNNING_MPC,0.03810264222139281
|heading error|,rad,RUNNING_MPC,0.03599864432000688
|heading error|,rad,RUNNING_MPC,0.0333926534855733
|heading error|,rad,RUNNING_MPC,0.03953627145430749
|heading error|,rad,RUNNING_MPC,0.03607771925659265
|heading error|,rad,RUNNING_MPC,0.03182649946782723
|heading error|,rad,RUNNING_MPC,0.0269072494900402
|heading error|,rad,RUNNING_MPC,0.026219877416235438
|heading error|,rad,RUNNING_MPC,0.022172344036010205
|heading error|,rad,RUNNING_MPC,0.0182339333166861
|heading error|,rad,RUNNING_MPC,0.010029137451007752
|heading error|,rad,RUNNING_MPC,0.010289256114846879
|heading error|,rad,RUNNING_MPC,0.006914177434266033
|heading error|,rad,RUNNING_MPC,0.003636520616538075
|heading error|,rad,RUNNING_MPC,0.0007961944089620587
|heading error|,rad,RUNNING_MPC,0.0009557789819085727
|heading error|,rad,RUNNING_MPC,0.0016980958272649895
|heading error|,rad,RUNNING_MPC,0.0019421932137007045
|heading error|,rad,RUNNING_MPC,0.0009191881127796897
|heading error|,rad,RUNNING_MPC,0.0021490491519355896
|heading error|,rad,RUNNING_MPC,0.0031799913011236747
|heading error|,rad,RUNNING_MPC,0.002758241640425041
|heading error|,rad,RUNNING_MPC,0.0026173661324619957
|heading error|,rad,RUNNING_MPC,0.0016363636550580374
|heading error|,rad,RUNNING_MPC,0.0008937525821357539
|heading error|,rad,RUNNING_MPC,0.0005773636854136122
|heading error|,rad,RUNNING_MPC,9.068994990846235e-05
|heading error|,rad,RUNNING_MPC,0.0006080939441104326
|heading error|,rad,RUNNING_MPC,0.001294739853451965
|heading error|,rad,RUNNING_MPC,0.0015696925379575788
|heading error|,rad,RUNNING_MPC,0.0019312832344664521
|heading error|,rad,RUNNING_MPC,0.001831642198653505
|heading error|,rad,RUNNING_MPC,0.001360423641608044
|heading error|,rad,RUNNING_MPC,0.0005573270384839901
|heading error|,rad,RUNNING_MPC,0.0001598786154954901
|heading error|,rad,RUNNING_MPC,0.0007422858264174437
|heading error|,rad,RUNNING_MPC,0.0012441471377862001
|heading error|,rad,RUNNING_MPC,0.001353173753734449
|heading error|,rad,RUNNING_MPC,0.0014671750991763766
|heading error|,rad,RUNNING_MPC,0.0013709014419225338
|heading error|,rad,RUNNING_MPC,0.001116583897395884
|heading error|,rad,RUNNING_MPC,0.0006470976602126477
|heading error|,rad,RUNNING_MPC,0.00019450563882639216
|heading error|,rad,RUNNING_MPC,0.0003109138474797213
|heading error|,rad,RUNNING_MPC,0.0007918875556542915
|heading error|,rad,RUNNING_MPC,0.0011268758658289357
|heading error|,rad,RUNNING_MPC,0.0014959508783123354
|heading error|,rad,RUNNING_MPC,0.0014426858665110842
|heading error|,rad,RUNNING_MPC,0.001251998223173345
|heading error|,rad,RUNNING_MPC,0.0010773913667314616
|heading error|,rad,RUNNING_MPC,0.0005607572980048658
|heading error|,rad,RUNNING_MPC,0.00028606040210066297
|heading error|,rad,RUNNING_MPC,3.42554542722695e-05
|heading error|,rad,RUNNING_MPC,0.0004735782679428091
|heading error|,rad,RUNNING_MPC,0.0005417870455954876
|heading error|,rad,RUNNING_MPC,0.0006247647078287955
|heading error|,rad,RUNNING_MPC,0.00036826203850193195
|heading error|,rad,RUNNING_MPC,7.178894707182693e-05
|heading error|,rad,RUNNING_MPC,4.249003888823211e-05
|heading error|,rad,RUNNING_MPC,0.0005329203043471509
|heading error|,rad,RUNNING_MPC,0.0007529140648094845
|heading error|,rad,RUNNING_MPC,0.0008416825851202958
|heading error|,rad,RUNNING_MPC,0.000764701767869358
|heading error|,rad,RUNNING_MPC,0.0006110913216388347
|heading error|,rad,RUNNING_MPC,0.0005006279480594955
|heading error|,rad,RUNNING_MPC,0.00042121205154055374
|heading error|,rad,RUNNING_MPC,0.00035860985712865556
|heading error|,rad,RUNNING_MPC,0.00034230030100435016
|heading error|,rad,RUNNING_MPC,0.00024379801552276703
|heading error|,rad,RUNNING_MPC,0.00017643890934682105
|heading error|,rad,RUNNING_MPC,0.0001929204140020957
|heading error|,rad,RUNNING_MPC,0.000320673028006091
|heading error|,rad,RUNNING_MPC,0.00044135205525863697
|heading error|,rad,RUNNING_MPC,0.0005555773864776015
|heading error|,rad,RUNNING_MPC,0.0009994129514354633
|heading error|,rad,RUNNING_MPC,0.001229775617044293
|heading error|,rad,RUNNING_MPC,0.001242900331359209
|heading error|,rad,RUNNING_MPC,0.0011829423982780973
|heading error|,rad,RUNNING_MPC,0.0010830362703755367
|heading error|,rad,RUNNING_MPC,0.0009765302031832235
|heading error|,rad,RUNNING_MPC,0.0008743279686256322
|heading error|,rad,RUNNING_MPC,0.0007696231352420924
|heading error|,rad,RUNNING_MPC,0.0006691518339696501
|heading error|,rad,RUNNING_MPC,0.0006738931224168354
|heading error|,rad,RUNNING_MPC,0.0006250236512896912
|heading error|,rad,RUNNING_MPC,0.0004956760224481549
|heading error|,rad,RUNNING_MPC,0.0004842904726674036
|heading error|,rad,RUNNING_MPC,0.0004172279686258662
|heading error|,rad,RUNNING_MPC,0.0004677057924267203
|heading error|,rad,RUNNING_MPC,0.0004288465041146772
|heading error|,rad,RUNNING_MPC,0.0005644559995268139
|heading error|,rad,RUNNING_MPC,0.0006322476468545446
|heading error|,rad,RUNNING_MPC,0.0007224677804202884
|heading error|,rad,RUNNING_MPC,0.0007751501144701578
|heading error|,rad,RUNNING_MPC,0.0008346572235464755
|heading error|,rad,RUNNING_MPC,0.0008883638674967996
|heading error|,rad,RUNNING_MPC,0.0008289783382844362
|heading error|,rad,RUNNING_MPC,0.0009263168761268759
|heading error|,rad,RUNNING_MPC,0.0007898531186998348
|heading error|,rad,RUNNING_MPC,0.0008465733335434322
|heading error|,rad,RUNNING_MPC,0.000785576357350326
|heading error|,rad,RUNNING_MPC,0.0007573883810896298
|heading error|,rad,RUNNING_MPC,0.0009687420369788313
|heading error|,rad,RUNNING_MPC,0.0010229444340930094
|heading error|,rad,RUNNING_MPC,0.0011543553758035507
|heading error|,rad,RUNNING_MPC,0.001206383073781847
|heading error|,rad,RUNNING_MPC,0.0011134066659224118
|heading error|,rad,RUNNING_MPC,0.0010069334130844432
|heading error|,rad,RUNNING_MPC,0.0010685909016081574
|heading error|,rad,RUNNING_MPC,0.0009454408159288441
|heading error|,rad,RUNNING_MPC,0.0010780979000384325
|heading error|,rad,RUNNING_MPC,0.0009648889206737011
|heading error|,rad,RUNNING_MPC,0.0007760238892946525
|heading error|,rad,RUNNING_MPC,0.0009599433961677839
|heading error|,rad,RUNNING_MPC,0.0009256945746525247
|heading error|,rad,RUNNING_MPC,0.0008611287344466589
|heading error|,rad,RUNNING_MPC,0.0011326198060057635
|heading error|,rad,RUNNING_MPC,0.0010942289479278777
|heading error|,rad,RUNNING_MPC,0.0009603331350422906
|heading error|,rad,RUNNING_MPC,0.0011773006448136947
|heading error|,rad,RUNNING_MPC,0.0011013034766973462
|heading error|,rad,RUNNING_MPC,0.0013362492959627659
|heading error|,rad,RUNNING_MPC,0.0012846584378842785
|heading error|,rad,RUNNING_MPC,0.0011462567800850643
|heading error|,rad,RUNNING_MPC,0.001311199454120171
|heading error|,rad,RUNNING_MPC,0.001211831641779959
|heading error|,rad,RUNNING_MPC,0.0009161602396519087
|heading error|,rad,RUNNING_MPC,0.0007536254639433083
|heading error|,rad,RUNNING_MPC,0.0008347187191364291
|heading error|,rad,RUNNING_MPC,0.000514121955433211
|heading error|,rad,RUNNING_MPC,0.0006345567321317525
|heading error|,rad,RUNNING_MPC,0.0006925990321091646
|heading error|,rad,RUNNING_MPC,0.0006660165874139423
|heading error|,rad,RUNNING_MPC,0.001035173135898404
|heading error|,rad,RUNNING_MPC,0.0010506546209771983
|heading error|,rad,RUNNING_MPC,0.0015270888620495524
|heading error|,rad,RUNNING_MPC,0.0015261442070819697
|heading error|,rad,RUNNING_MPC,0.00140376910452078
|heading error|,rad,RUNNING_MPC,0.0018267355528318596
|heading error|,rad,RUNNING_MPC,0.0016194174834578412
|heading error|,rad,RUNNING_MPC,0.0015485602789149235
|heading error|,rad,RUNNING_MPC,0.0019702234615617265
|heading error|,rad,RUNNING_MPC,0.0017813212681381252
|heading error|,rad,RUNNING_MPC,0.0014837367210871477
|heading error|,rad,RUNNING_MPC,0.0019460564414397474
|heading error|,rad,RUNNING_MPC,0.0018016159833758039
|heading error|,rad,RUNNING_MPC,0.0016836813702250097
|heading error|,rad,RUNNING_MPC,0.002312166213022771
|heading error|,rad,RUNNING_MPC,0.002044981878463581
|heading error|,rad,RUNNING_MPC,0.0025439243919200823
|heading error|,rad,RUNNING_MPC,0.0024017182650060143
|heading error|,rad,RUNNING_MPC,0.0021028398057141295
|heading error|,rad,RUNNING_MPC,0.002678523071003802
|heading error|,rad,RUNNING_MPC,0.002554987082054705
|heading error|,rad,RUNNING_MPC,0.0021931681333531294
|heading error|,rad,RUNNING_MPC,0.0026887997863780377
|heading error|,rad,RUNNING_MPC,0.002291868521158591
|heading error|,rad,RUNNING_MPC,0.0030334543451298046
|heading error|,rad,RUNNING_MPC,0.002795703016846396
|heading error|,rad,RUNNING_MPC,0.003101065158598093
|heading error|,rad,RUNNING_MPC,0.002795228858281984
|heading error|,rad,RUNNING_MPC,0.003228209515945046
|heading error|,rad,RUNNING_MPC,0.003072928942529529
|heading error|,rad,RUNNING_MPC,0.004188901753780616
|heading error|,rad,RUNNING_MPC,0.003855158132888281
|heading error|,rad,RUNNING_MPC,0.0032734813137969
|heading error|,rad,RUNNING_MPC,0.003907457096941514
|heading error|,rad,RUNNING_MPC,0.005475351458688493
|heading error|,rad,RUNNING_MPC,0.006124107787862876
|heading error|,rad,RUNNING_MPC,0.005848576188730359
|heading error|,rad,RUNNING_MPC,0.004684264190508269
|heading error|,rad,RUNNING_MPC,0.006118712137642923
|heading error|,rad,RUNNING_MPC,0.005435078881701916
|heading error|,rad,RUNNING_MPC,0.004826806005889583
|heading error|,rad,RUNNING_MPC,0.005949837085124088
|heading error|,rad,RUNNING_MPC,0.004240384424154975
|heading error|,rad,RUNNING_MPC,0.00498504689982049
|heading error|,rad,RUNNING_MPC,0.0023516052618401946
|heading error|,rad,RUNNING_MPC,0.001246470780890352
|heading error|,rad,RUNNING_MPC,0.002120340602647986
|heading error|,rad,RUNNING_MPC,0.00022282894911640483
