signal,unit,t_s,ground_truth,estimate
front_mu,-,0.000000,1.0499999523162842,2.0
front_mu,-,0.099000,1.0499999523162842,2.0
front_mu,-,0.198000,1.0499999523162842,2.0
front_mu,-,0.297000,1.0499999523162842,2.0
front_mu,-,0.429000,1.0499999523162842,2.0
front_mu,-,0.561000,1.0499999523162842,2.0
front_mu,-,0.693000,1.0499999523162842,2.0
front_mu,-,0.825000,1.0499999523162842,2.0
front_mu,-,0.924000,1.0499999523162842,2.0
front_mu,-,1.023000,1.0499999523162842,2.0
front_mu,-,1.122000,1.0499999523162842,2.0
front_mu,-,1.221000,1.0499999523162842,2.0
front_mu,-,1.320000,1.0499999523162842,2.0
front_mu,-,1.419000,1.0499999523162842,2.0
front_mu,-,1.518000,1.0499999523162842,2.0
front_mu,-,1.617000,1.0499999523162842,2.0
front_mu,-,1.749000,1.0499999523162842,2.0
front_mu,-,1.881000,1.0499999523162842,2.0
front_mu,-,2.013000,1.0499999523162842,2.0
front_mu,-,2.145000,1.0499999523162842,2.0
front_mu,-,2.244000,1.0499999523162842,2.0
front_mu,-,2.343000,1.0499999523162842,2.0
front_mu,-,2.442000,1.0499999523162842,2.0
front_mu,-,2.541000,1.0499999523162842,2.0
front_mu,-,2.640000,1.0499999523162842,2.0
front_mu,-,2.739000,1.0499999523162842,2.0
front_mu,-,2.871000,1.0499999523162842,2.0
front_mu,-,3.003000,1.0499999523162842,2.0
front_mu,-,3.135000,1.0499999523162842,2.0
front_mu,-,3.267000,1.0499999523162842,2.0
front_mu,-,3.399000,1.0499999523162842,2.0
front_mu,-,3.531000,1.0499999523162842,2.0
front_mu,-,3.597000,1.0499999523162842,2.0
front_mu,-,3.729000,1.0499999523162842,2.0
front_mu,-,3.795000,1.0499999523162842,2.0
front_mu,-,3.927000,1.0499999523162842,2.0
front_mu,-,3.993000,1.0499999523162842,2.0
front_mu,-,4.125000,1.0499999523162842,2.0
front_mu,-,4.191000,1.0499999523162842,2.0
front_mu,-,4.323000,1.0499999523162842,2.0
front_mu,-,4.455000,1.0499999523162842,2.0
front_mu,-,4.587000,1.0499999523162842,2.0
front_mu,-,4.719000,1.0499999523162842,2.0
front_mu,-,4.851000,1.0499999523162842,2.0
front_mu,-,4.917000,1.0499999523162842,2.0
front_mu,-,5.049000,1.0499999523162842,2.0
front_mu,-,5.115000,1.0499999523162842,2.0
front_mu,-,5.247000,1.0499999523162842,2.0
front_mu,-,5.313000,1.0499999523162842,2.0
front_mu,-,5.445000,1.0499999523162842,2.0
front_mu,-,5.577000,1.0499999523162842,2.0
front_mu,-,5.709000,1.0499999523162842,2.0
front_mu,-,5.841000,1.0499999523162842,2.0
front_mu,-,5.973000,1.0499999523162842,2.0
front_mu,-,6.105000,1.0499999523162842,2.0
front_mu,-,6.204000,1.0499999523162842,2.0
front_mu,-,6.303000,1.0499999523162842,2.0
front_mu,-,6.402000,1.0499999523162842,2.0
front_mu,-,6.501000,1.0499999523162842,2.0
front_mu,-,6.600000,1.0499999523162842,2.0
front_mu,-,6.699000,1.0499999523162842,2.0
front_mu,-,6.831000,1.0499999523162842,2.0
front_mu,-,6.963000,1.0499999523162842,2.0
front_mu,-,7.095000,1.0499999523162842,2.0
front_mu,-,7.227000,1.0499999523162842,2.0
front_mu,-,7.359000,1.0499999523162842,2.0
front_mu,-,7.491000,1.0499999523162842,2.0
front_mu,-,7.557000,1.0499999523162842,2.0
front_mu,-,7.689000,1.0499999523162842,2.0
front_mu,-,7.755000,1.0499999523162842,2.0
front_mu,-,7.887000,1.0499999523162842,2.0
front_mu,-,7.953000,1.0499999523162842,2.0
front_mu,-,8.085000,1.0499999523162842,2.0
front_mu,-,8.151000,1.0499999523162842,2.0
front_mu,-,8.283000,1.0499999523162842,2.0
front_mu,-,8.415000,1.0499999523162842,2.0
front_mu,-,8.547000,1.0499999523162842,2.0
front_mu,-,8.679000,1.0499999523162842,2.0
front_mu,-,8.811000,1.0499999523162842,2.0
front_mu,-,8.877000,1.0499999523162842,2.0
front_mu,-,9.009000,1.0499999523162842,2.0
front_mu,-,9.075000,1.0499999523162842,2.0
front_mu,-,9.207000,1.0499999523162842,2.0
front_mu,-,9.273000,1.0499999523162842,2.0
front_mu,-,9.405000,1.0499999523162842,2.0
front_mu,-,9.471000,1.0499999523162842,2.0
front_mu,-,9.603000,1.0499999523162842,2.0
front_mu,-,9.735000,1.0499999523162842,2.0
front_mu,-,9.867000,1.0499999523162842,2.0
front_mu,-,9.999000,1.0499999523162842,2.0
front_mu,-,10.131000,1.0499999523162842,2.0
front_mu,-,10.197000,1.0499999523162842,2.0
front_mu,-,10.329000,1.0499999523162842,2.0
front_mu,-,10.395000,1.0499999523162842,2.0
front_mu,-,10.527000,1.0499999523162842,2.0
front_mu,-,10.593000,1.0499999523162842,2.0
front_mu,-,10.725000,1.0499999523162842,2.0
front_mu,-,10.791000,1.0499999523162842,2.0
front_mu,-,10.923000,1.0499999523162842,2.0
front_mu,-,11.055000,1.0499999523162842,2.0
front_mu,-,11.187000,1.0499999523162842,2.0
front_mu,-,11.319000,1.0499999523162842,2.0
front_mu,-,11.451000,1.0499999523162842,2.0
front_mu,-,11.517000,1.0499999523162842,2.0
front_mu,-,11.649000,1.0499999523162842,2.0
front_mu,-,11.715000,1.0499999523162842,2.0
front_mu,-,11.847000,1.0499999523162842,2.0
front_mu,-,11.913000,1.0499999523162842,2.0
front_mu,-,12.045000,1.0499999523162842,2.0
front_mu,-,12.111000,1.0499999523162842,2.0
front_mu,-,12.243000,1.0499999523162842,2.0
front_mu,-,12.375000,1.0499999523162842,2.0
front_mu,-,12.507000,1.0499999523162842,2.0
front_mu,-,12.639000,1.0499999523162842,2.0
front_mu,-,12.771000,1.0499999523162842,2.0
front_mu,-,12.837000,1.0499999523162842,2.0
front_mu,-,12.969000,1.0499999523162842,2.0
front_mu,-,13.035000,1.0499999523162842,2.0
front_mu,-,13.167000,1.0499999523162842,2.0
front_mu,-,13.233000,1.0499999523162842,2.0
front_mu,-,13.365000,1.0499999523162842,2.0
front_mu,-,13.431000,1.0499999523162842,2.0
front_mu,-,13.563000,1.0499999523162842,2.0
front_mu,-,13.695000,1.0499999523162842,2.0
front_mu,-,13.827000,1.0499999523162842,2.0
front_mu,-,13.959000,1.0499999523162842,2.0
front_mu,-,14.091000,1.0499999523162842,2.0
front_mu,-,14.157000,1.0499999523162842,2.0
front_mu,-,14.289000,1.0499999523162842,2.0
front_mu,-,14.355000,1.0499999523162842,2.0
front_mu,-,14.487000,1.0499999523162842,2.0
front_mu,-,14.553000,1.0499999523162842,2.0
front_mu,-,14.685000,1.0499999523162842,2.0
front_mu,-,14.751000,1.0499999523162842,2.0
front_mu,-,14.883000,1.0499999523162842,2.0
front_mu,-,15.015000,1.0499999523162842,2.0
front_mu,-,15.147000,1.0499999523162842,2.0
front_mu,-,15.279000,1.0499999523162842,2.0
front_mu,-,15.411000,1.0499999523162842,2.0
front_mu,-,15.477000,1.0499999523162842,2.0
front_mu,-,15.609000,1.0499999523162842,2.0
front_mu,-,15.675000,1.0499999523162842,2.0
front_mu,-,15.807000,1.0499999523162842,2.0
front_mu,-,15.873000,1.0499999523162842,2.0
front_mu,-,16.005000,1.0499999523162842,2.0
front_mu,-,16.071000,1.0499999523162842,2.0
front_mu,-,16.203000,1.0499999523162842,2.0
front_mu,-,16.335000,1.0499999523162842,2.0
front_mu,-,16.467000,1.0499999523162842,2.0
front_mu,-,16.599000,1.0499999523162842,2.0
front_mu,-,16.731000,1.0499999523162842,2.0
front_mu,-,16.797000,1.0499999523162842,2.0
front_mu,-,16.929000,1.0499999523162842,2.0
front_mu,-,16.995000,1.0499999523162842,2.0
front_mu,-,17.127000,1.0499999523162842,2.0
front_mu,-,17.193000,1.0499999523162842,2.0
front_mu,-,17.325000,1.0499999523162842,2.0
front_mu,-,17.457000,1.0499999523162842,2.0
front_mu,-,17.589000,1.0499999523162842,2.0
front_mu,-,17.721000,1.0499999523162842,2.0
front_mu,-,17.853000,1.0499999523162842,2.0
front_mu,-,17.985000,1.0499999523162842,2.0
front_mu,-,18.084000,1.0499999523162842,2.0
front_mu,-,18.183000,1.0499999523162842,2.0
front_mu,-,18.282000,1.0499999523162842,2.0
front_mu,-,18.381000,1.0499999523162842,2.0
front_mu,-,18.480000,1.0499999523162842,2.0
front_mu,-,18.579000,1.0499999523162842,2.0
front_mu,-,18.711000,1.0499999523162842,2.0
front_mu,-,18.843000,1.0499999523162842,2.0
front_mu,-,18.975000,1.0499999523162842,2.0
front_mu,-,19.107000,1.0499999523162842,2.0
front_mu,-,19.239000,1.0499999523162842,2.0
front_mu,-,19.371000,1.0499999523162842,2.0
front_mu,-,19.437000,1.0499999523162842,2.0
front_mu,-,19.569000,1.0499999523162842,2.0
front_mu,-,19.635000,1.0499999523162842,2.0
front_mu,-,19.767000,1.0499999523162842,2.0
front_mu,-,19.833000,1.0499999523162842,2.0
front_mu,-,19.965000,1.0499999523162842,2.0
front_mu,-,20.031000,1.0499999523162842,2.0
front_mu,-,20.163000,1.0499999523162842,2.0
front_mu,-,20.295000,1.0499999523162842,2.0
front_mu,-,20.427000,1.0499999523162842,2.0
front_mu,-,20.559000,1.0499999523162842,2.0
front_mu,-,20.724000,1.0499999523162842,2.0
front_mu,-,20.823000,1.0499999523162842,2.0
front_mu,-,20.922000,1.0499999523162842,2.0
front_mu,-,21.021000,1.0499999523162842,2.0
front_mu,-,21.120000,1.0499999523162842,2.0
front_mu,-,21.219000,1.0499999523162842,2.0
front_mu,-,21.351000,1.0499999523162842,2.0
front_mu,-,21.483000,1.0499999523162842,2.0
front_mu,-,21.615000,1.0499999523162842,2.0
front_mu,-,21.747000,1.0499999523162842,2.0
front_mu,-,21.879000,1.0499999523162842,2.0
front_mu,-,22.011000,1.0499999523162842,2.0
front_mu,-,22.077000,1.0499999523162842,2.0
front_mu,-,22.209000,1.0499999523162842,2.0
front_mu,-,22.275000,1.0499999523162842,2.0
front_mu,-,22.407000,1.0499999523162842,2.0
front_mu,-,22.473000,1.0499999523162842,2.0
front_mu,-,22.605000,1.0499999523162842,2.0
front_mu,-,22.737000,1.0499999523162842,2.0
front_mu,-,22.869000,1.0499999523162842,2.0
front_mu,-,23.001000,1.0499999523162842,2.0
front_mu,-,23.133000,1.0499999523162842,2.0
front_mu,-,23.265000,1.0499999523162842,2.0
front_mu,-,23.364000,1.0499999523162842,2.0
front_mu,-,23.463000,1.0499999523162842,2.0
front_mu,-,23.562000,1.0499999523162842,2.0
front_mu,-,23.661000,1.0499999523162842,2.0
front_mu,-,23.760000,1.0499999523162842,2.0
front_mu,-,23.859000,1.0499999523162842,2.0
front_mu,-,23.991000,1.0499999523162842,2.0
front_mu,-,24.123000,1.0499999523162842,2.0
front_mu,-,24.255000,1.0499999523162842,2.0
front_mu,-,24.387000,1.0499999523162842,2.0
front_mu,-,24.519000,1.0499999523162842,2.0
front_mu,-,24.651000,1.0499999523162842,2.0
front_mu,-,24.717000,1.0499999523162842,2.0
front_mu,-,24.849000,1.0499999523162842,2.0
front_mu,-,24.915000,1.0499999523162842,2.0
front_mu,-,25.047000,1.0499999523162842,2.0
front_mu,-,25.113000,1.0499999523162842,2.0
front_mu,-,25.245000,1.0499999523162842,2.0
front_mu,-,25.311000,1.0499999523162842,2.0
front_mu,-,25.443000,1.0499999523162842,2.0
front_mu,-,25.575000,1.0499999523162842,2.0
front_mu,-,25.707000,1.0499999523162842,2.0
front_mu,-,25.839000,1.0499999523162842,2.0
front_mu,-,25.971000,1.0499999523162842,2.0
front_mu,-,26.037000,1.0499999523162842,2.0
front_mu,-,26.169000,1.0499999523162842,2.0
front_mu,-,26.235000,1.0499999523162842,2.0
front_mu,-,26.367000,1.0499999523162842,2.0
front_mu,-,26.433000,1.0499999523162842,2.0
front_mu,-,26.565000,1.0499999523162842,2.0
front_mu,-,26.631000,1.0499999523162842,2.0
front_mu,-,26.763000,1.0499999523162842,2.0
front_mu,-,26.895000,1.0499999523162842,2.0
front_mu,-,27.027000,1.0499999523162842,2.0
front_mu,-,27.159000,1.0499999523162842,2.0
front_mu,-,27.291000,1.0499999523162842,2.0
front_mu,-,27.357000,1.0499999523162842,2.0
front_mu,-,27.489000,1.0499999523162842,2.0
front_mu,-,27.555000,1.0499999523162842,2.0
front_mu,-,27.687000,1.0499999523162842,2.0
front_mu,-,27.753000,1.0499999523162842,2.0
front_mu,-,27.885000,1.0499999523162842,2.0
front_mu,-,27.951000,1.0499999523162842,2.0
front_mu,-,28.083000,1.0499999523162842,2.0
front_mu,-,28.215000,1.0499999523162842,2.0
front_mu,-,28.347000,1.0499999523162842,2.0
front_mu,-,28.479000,1.0499999523162842,2.0
front_mu,-,28.611000,1.0499999523162842,2.0
front_mu,-,28.677000,1.0499999523162842,2.0
front_mu,-,28.809000,1.0499999523162842,2.0
front_mu,-,28.875000,1.0499999523162842,2.0
front_mu,-,29.007000,1.0499999523162842,2.0
front_mu,-,29.073000,1.0499999523162842,2.0
front_mu,-,29.205000,1.0499999523162842,2.0
front_mu,-,29.271000,1.0499999523162842,2.0
front_mu,-,29.403000,1.0499999523162842,2.0
front_mu,-,29.469000,1.0499999523162842,2.0
front_mu,-,29.601000,1.0499999523162842,2.0
front_mu,-,29.733000,1.0499999523162842,2.0
front_mu,-,29.865000,1.0499999523162842,2.0
front_mu,-,29.964000,1.0499999523162842,2.0
front_mu,-,30.063000,1.0499999523162842,2.0
front_mu,-,30.162000,1.0499999523162842,2.0
front_mu,-,30.261000,1.0499999523162842,2.0
front_mu,-,30.360000,1.0499999523162842,2.0
front_mu,-,30.459000,1.0499999523162842,2.0
front_mu,-,30.558000,1.0499999523162842,2.0
front_mu,-,30.657000,1.0499999523162842,2.0
front_mu,-,30.789000,1.0499999523162842,2.0
front_mu,-,30.921000,1.0499999523162842,2.0
front_mu,-,31.053000,1.0499999523162842,2.0
front_mu,-,31.185000,1.0499999523162842,2.0
front_mu,-,31.284000,1.0499999523162842,2.0
front_mu,-,31.383000,1.0499999523162842,2.0
front_mu,-,31.482000,1.0499999523162842,2.0
front_mu,-,31.581000,1.0499999523162842,2.0
front_mu,-,31.680000,1.0499999523162842,2.0
front_mu,-,31.779000,1.0499999523162842,2.0
front_mu,-,31.878000,1.0499999523162842,2.0
front_mu,-,31.977000,1.0499999523162842,2.0
front_mu,-,32.109000,1.0499999523162842,2.0
front_mu,-,32.241000,1.0499999523162842,2.0
front_mu,-,32.373000,1.0499999523162842,2.0
front_mu,-,32.505000,1.0499999523162842,2.0
front_mu,-,32.604000,1.0499999523162842,2.0
front_mu,-,32.703000,1.0499999523162842,2.0
front_mu,-,32.802000,1.0499999523162842,2.0
front_mu,-,32.901000,1.0499999523162842,2.0
front_mu,-,33.000000,1.0499999523162842,2.0
front_mu,-,33.099000,1.0499999523162842,2.0
front_mu,-,33.231000,1.0499999523162842,2.0
front_mu,-,33.363000,1.0499999523162842,2.0
front_mu,-,33.495000,1.0499999523162842,2.0
front_mu,-,33.627000,1.0499999523162842,2.0
front_mu,-,33.759000,1.0499999523162842,2.0
front_mu,-,33.891000,1.0499999523162842,2.0
front_mu,-,33.957000,1.0499999523162842,2.0
front_mu,-,34.089000,1.0499999523162842,2.0
front_mu,-,34.155000,1.0499999523162842,2.0
front_mu,-,34.287000,1.0499999523162842,2.0
front_mu,-,34.353000,1.0499999523162842,2.0
front_mu,-,34.485000,1.0499999523162842,2.0
front_mu,-,34.617000,1.0499999523162842,2.0
front_mu,-,34.749000,1.0499999523162842,2.0
front_mu,-,34.881000,1.0499999523162842,2.0
front_mu,-,35.013000,1.0499999523162842,2.0
front_mu,-,35.211000,1.0499999523162842,2.0
front_mu,-,35.277000,1.0499999523162842,2.0
front_mu,-,35.409000,1.0499999523162842,2.0
front_mu,-,35.475000,1.0499999523162842,2.0
front_mu,-,35.607000,1.0499999523162842,2.0
front_mu,-,35.673000,1.0499999523162842,2.0
front_mu,-,35.805000,1.0499999523162842,2.0
front_mu,-,35.871000,1.0499999523162842,2.0
front_mu,-,36.003000,1.0499999523162842,2.0
front_mu,-,36.135000,1.0499999523162842,2.0
front_mu,-,36.267000,1.0499999523162842,2.0
front_mu,-,36.399000,1.0499999523162842,2.0
front_mu,-,36.531000,1.0499999523162842,2.0
front_mu,-,36.597000,1.0499999523162842,2.0
front_mu,-,36.729000,1.0499999523162842,2.0
front_mu,-,36.795000,1.0499999523162842,2.0
front_mu,-,36.927000,1.0499999523162842,2.0
front_mu,-,36.993000,1.0499999523162842,2.0
front_mu,-,37.125000,1.0499999523162842,2.0
front_mu,-,37.191000,1.0499999523162842,2.0
front_mu,-,37.323000,1.0499999523162842,2.0
front_mu,-,37.455000,1.0499999523162842,2.0
front_mu,-,37.587000,1.0499999523162842,2.0
front_mu,-,37.719000,1.0499999523162842,2.0
front_mu,-,37.851000,1.0499999523162842,2.0
front_mu,-,37.917000,1.0499999523162842,2.0
front_mu,-,38.049000,1.0499999523162842,2.0
front_mu,-,38.115000,1.0499999523162842,2.0
front_mu,-,38.247000,1.0499999523162842,2.0
front_mu,-,38.313000,1.0499999523162842,2.0
front_mu,-,38.445000,1.0499999523162842,2.0
front_mu,-,38.511000,1.0499999523162842,2.0
front_mu,-,38.643000,1.0499999523162842,2.0
front_mu,-,38.775000,1.0499999523162842,2.0
front_mu,-,38.907000,1.0499999523162842,2.0
front_mu,-,39.039000,1.0499999523162842,2.0
front_mu,-,39.171000,1.0499999523162842,2.0
front_mu,-,39.237000,1.0499999523162842,2.0
front_mu,-,39.369000,1.0499999523162842,2.0
front_mu,-,39.435000,1.0499999523162842,2.0
front_mu,-,39.567000,1.0499999523162842,2.0
front_mu,-,39.633000,1.0499999523162842,2.0
front_mu,-,39.765000,1.0499999523162842,2.0
front_mu,-,39.831000,1.0499999523162842,2.0
front_mu,-,39.963000,1.0499999523162842,2.0
front_mu,-,40.095000,1.0499999523162842,2.0
front_mu,-,40.227000,1.0499999523162842,2.0
front_mu,-,40.359000,1.0499999523162842,2.0
front_mu,-,40.491000,1.0499999523162842,2.0
front_mu,-,40.557000,1.0499999523162842,2.0
front_mu,-,40.689000,1.0499999523162842,2.0
front_mu,-,40.755000,1.0499999523162842,2.0
front_mu,-,40.887000,1.0499999523162842,2.0
front_mu,-,40.953000,1.0499999523162842,2.0
front_mu,-,41.085000,1.0499999523162842,2.0
front_mu,-,41.217000,1.0499999523162842,2.0
front_mu,-,41.349000,1.0499999523162842,2.0
front_mu,-,41.481000,1.0499999523162842,2.0
front_mu,-,41.613000,1.0499999523162842,2.0
front_mu,-,41.745000,1.0499999523162842,2.0
front_mu,-,41.877000,1.0499999523162842,2.0
front_mu,-,42.009000,1.0499999523162842,2.0
front_mu,-,42.075000,1.0499999523162842,2.0
front_mu,-,42.207000,1.0499999523162842,2.0
front_mu,-,42.273000,1.0499999523162842,2.0
front_mu,-,42.438000,1.0499999523162842,2.0
front_mu,-,42.537000,1.0499999523162842,2.0
front_mu,-,42.669000,1.0499999523162842,2.0
front_mu,-,42.801000,1.0499999523162842,2.0
front_mu,-,42.933000,1.0499999523162842,2.0
front_mu,-,43.065000,1.0499999523162842,2.0
front_mu,-,43.164000,1.0499999523162842,2.0
front_mu,-,43.263000,1.0499999523162842,2.0
front_mu,-,43.362000,1.0499999523162842,2.0
front_mu,-,43.461000,1.0499999523162842,2.0
front_mu,-,43.560000,1.0499999523162842,2.0
front_mu,-,43.659000,1.0499999523162842,2.0
front_mu,-,43.758000,1.0499999523162842,2.0
front_mu,-,43.857000,1.0499999523162842,2.0
front_mu,-,43.989000,1.0499999523162842,2.0
front_mu,-,44.121000,1.0499999523162842,2.0
front_mu,-,44.253000,1.0499999523162842,2.0
front_mu,-,44.385000,1.0499999523162842,2.0
front_mu,-,44.484000,1.0499999523162842,2.0
front_mu,-,44.583000,1.0499999523162842,2.0
front_mu,-,44.682000,1.0499999523162842,2.0
front_mu,-,44.781000,1.0499999523162842,2.0
front_mu,-,44.880000,1.0499999523162842,2.0
front_mu,-,44.979000,1.0499999523162842,2.0
front_mu,-,45.078000,1.0499999523162842,2.0
front_mu,-,45.177000,1.0499999523162842,2.0
front_mu,-,45.309000,1.0499999523162842,2.0
front_mu,-,45.441000,1.0499999523162842,2.0
front_mu,-,45.573000,1.0499999523162842,2.0
front_mu,-,45.705000,1.0499999523162842,2.0
front_mu,-,45.804000,1.0499999523162842,2.0
front_mu,-,45.903000,1.0499999523162842,2.0
front_mu,-,46.002000,1.0499999523162842,2.0
front_mu,-,46.101000,1.0499999523162842,2.0
front_mu,-,46.200000,1.0499999523162842,2.0
front_mu,-,46.299000,1.0499999523162842,2.0
front_mu,-,46.431000,1.0499999523162842,2.0
front_mu,-,46.563000,1.0499999523162842,2.0
front_mu,-,46.695000,1.0499999523162842,2.0
front_mu,-,46.827000,1.0499999523162842,2.0
front_mu,-,46.959000,1.0499999523162842,2.0
front_mu,-,47.091000,1.0499999523162842,2.0
front_mu,-,47.157000,1.0499999523162842,2.0
front_mu,-,47.289000,1.0499999523162842,2.0
front_mu,-,47.355000,1.0499999523162842,2.0
front_mu,-,47.487000,1.0499999523162842,2.0
front_mu,-,47.553000,1.0499999523162842,2.0
front_mu,-,47.685000,1.0499999523162842,2.0
front_mu,-,47.751000,1.0499999523162842,2.0
front_mu,-,47.883000,1.0499999523162842,2.0
front_mu,-,48.015000,1.0499999523162842,2.0
front_mu,-,48.147000,1.0499999523162842,2.0
front_mu,-,48.279000,1.0499999523162842,2.0
front_mu,-,48.411000,1.0499999523162842,2.0
front_mu,-,48.477000,1.0499999523162842,2.0
front_mu,-,48.609000,1.0499999523162842,2.0
front_mu,-,48.675000,1.0499999523162842,2.0
front_mu,-,48.807000,1.0499999523162842,2.0
front_mu,-,48.873000,1.0499999523162842,2.0
front_mu,-,49.005000,1.0499999523162842,2.0
front_mu,-,49.071000,1.0499999523162842,2.0
front_mu,-,49.203000,1.0499999523162842,2.0
front_mu,-,49.335000,1.0499999523162842,2.0
front_mu,-,49.467000,1.0499999523162842,2.0
front_mu,-,49.599000,1.0499999523162842,2.0
front_mu,-,49.731000,1.0499999523162842,2.0
front_mu,-,49.863000,1.0499999523162842,2.0
front_mu,-,49.962000,1.0499999523162842,2.0
front_mu,-,50.061000,1.0499999523162842,2.0
front_mu,-,50.160000,1.0499999523162842,2.0
front_mu,-,50.259000,1.0499999523162842,2.0
front_mu,-,50.358000,1.0499999523162842,2.0
front_mu,-,50.457000,1.0499999523162842,2.0
front_mu,-,50.589000,1.0499999523162842,2.0
front_mu,-,50.721000,1.0499999523162842,2.0
front_mu,-,50.853000,1.0499999523162842,2.0
front_mu,-,50.985000,1.0499999523162842,2.0
front_mu,-,51.084000,1.0499999523162842,2.0
front_mu,-,51.183000,1.0499999523162842,2.0
front_mu,-,51.282000,1.0499999523162842,2.0
front_mu,-,51.381000,1.0499999523162842,2.0
front_mu,-,51.480000,1.0499999523162842,2.0
front_mu,-,51.579000,1.0499999523162842,2.0
front_mu,-,51.711000,1.0499999523162842,2.0
front_mu,-,51.843000,1.0499999523162842,2.0
front_mu,-,51.975000,1.0499999523162842,2.0
front_mu,-,52.107000,1.0499999523162842,2.0
front_mu,-,52.239000,1.0499999523162842,2.0
front_mu,-,52.371000,1.0499999523162842,2.0
front_mu,-,52.437000,1.0499999523162842,2.0
front_mu,-,52.569000,1.0499999523162842,2.0
front_mu,-,52.635000,1.0499999523162842,2.0
front_mu,-,52.767000,1.0499999523162842,2.0
front_mu,-,52.833000,1.0499999523162842,2.0
front_mu,-,52.965000,1.0499999523162842,2.0
front_mu,-,53.031000,1.0499999523162842,2.0
front_mu,-,53.163000,1.0499999523162842,2.0
front_mu,-,53.361000,1.0499999523162842,2.0
front_mu,-,53.493000,1.0499999523162842,2.0
front_mu,-,53.625000,1.0499999523162842,2.0
front_mu,-,53.724000,1.0499999523162842,2.0
front_mu,-,53.823000,1.0499999523162842,2.0
front_mu,-,53.922000,1.0499999523162842,2.0
front_mu,-,54.021000,1.0499999523162842,2.0
front_mu,-,54.120000,1.0499999523162842,2.0
front_mu,-,54.219000,1.0499999523162842,2.0
front_mu,-,54.318000,1.0499999523162842,2.0
front_mu,-,54.417000,1.0499999523162842,2.0
front_mu,-,54.549000,1.0499999523162842,2.0
front_mu,-,54.681000,1.0499999523162842,2.0
front_mu,-,54.813000,1.0499999523162842,2.0
front_mu,-,54.945000,1.0499999523162842,2.0
front_mu,-,55.044000,1.0499999523162842,2.0
front_mu,-,55.143000,1.0499999523162842,2.0
front_mu,-,55.242000,1.0499999523162842,2.0
front_mu,-,55.341000,1.0499999523162842,2.0
front_mu,-,55.440000,1.0499999523162842,2.0
front_mu,-,55.539000,1.0499999523162842,2.0
front_mu,-,55.638000,1.0499999523162842,2.0
front_mu,-,55.737000,1.0499999523162842,2.0
front_mu,-,55.869000,1.0499999523162842,2.0
front_mu,-,56.001000,1.0499999523162842,2.0
front_mu,-,56.133000,1.0499999523162842,2.0
front_mu,-,56.265000,1.0499999523162842,2.0
front_mu,-,56.364000,1.0499999523162842,2.0
front_mu,-,56.463000,1.0499999523162842,2.0
front_mu,-,56.562000,1.0499999523162842,2.0
front_mu,-,56.661000,1.0499999523162842,2.0
front_mu,-,56.760000,1.0499999523162842,2.0
front_mu,-,56.859000,1.0499999523162842,2.0
front_mu,-,56.958000,1.0499999523162842,2.0
front_mu,-,57.057000,1.0499999523162842,2.0
front_mu,-,57.156000,1.0499999523162842,2.0
front_mu,-,57.255000,1.0499999523162842,2.0
front_mu,-,57.354000,1.0499999523162842,2.0
front_mu,-,57.453000,1.0499999523162842,2.0
front_mu,-,57.552000,1.0499999523162842,2.0
front_mu,-,57.651000,1.0499999523162842,2.0
front_mu,-,57.717000,1.0499999523162842,2.0
front_mu,-,57.849000,1.0499999523162842,2.0
front_mu,-,57.915000,1.0499999523162842,2.0
front_mu,-,58.047000,1.0499999523162842,2.0
front_mu,-,58.113000,1.0499999523162842,2.0
front_mu,-,58.245000,1.0499999523162842,2.0
front_mu,-,58.311000,1.0499999523162842,2.0
front_mu,-,58.443000,1.0499999523162842,2.0
front_mu,-,58.575000,1.0499999523162842,2.0
front_mu,-,58.707000,1.0499999523162842,2.0
front_mu,-,58.839000,1.0499999523162842,2.0
front_mu,-,58.971000,1.0499999523162842,2.0
front_mu,-,59.037000,1.0499999523162842,2.0
front_mu,-,59.169000,1.0499999523162842,2.0
front_mu,-,59.235000,1.0499999523162842,2.0
front_mu,-,59.367000,1.0499999523162842,2.0
front_mu,-,59.433000,1.0499999523162842,2.0
front_mu,-,59.565000,1.0499999523162842,2.0
front_mu,-,59.631000,1.0499999523162842,2.0
front_mu,-,59.763000,1.0499999523162842,2.0
front_mu,-,59.895000,1.0499999523162842,2.0
front_mu,-,60.027000,1.0499999523162842,2.0
front_mu,-,60.159000,1.0499999523162842,2.0
front_mu,-,60.291000,1.0499999523162842,2.0
front_mu,-,60.357000,1.0499999523162842,2.0
front_mu,-,60.489000,1.0499999523162842,2.0
front_mu,-,60.555000,1.0499999523162842,2.0
front_mu,-,60.687000,1.0499999523162842,2.0
front_mu,-,60.753000,1.0499999523162842,2.0
front_mu,-,60.885000,1.0499999523162842,2.0
front_mu,-,61.017000,1.0499999523162842,2.0
front_mu,-,61.149000,1.0499999523162842,2.0
front_mu,-,61.281000,1.0499999523162842,2.0
front_mu,-,61.413000,1.0499999523162842,2.0
front_mu,-,61.545000,1.0499999523162842,2.0
front_mu,-,61.644000,1.0499999523162842,2.0
front_mu,-,61.743000,1.0499999523162842,2.0
front_mu,-,61.842000,1.0499999523162842,2.0
front_mu,-,61.941000,1.0499999523162842,2.0
front_mu,-,62.040000,1.0499999523162842,2.0
front_mu,-,62.139000,1.0499999523162842,2.0
front_mu,-,62.238000,1.0499999523162842,2.0
front_mu,-,62.337000,1.0499999523162842,2.0
front_mu,-,62.469000,1.0499999523162842,2.0
front_mu,-,62.601000,1.0499999523162842,2.0
front_mu,-,62.733000,1.0499999523162842,2.0
front_mu,-,62.865000,1.0499999523162842,2.0
front_mu,-,62.964000,1.0499999523162842,2.0
front_mu,-,63.063000,1.0499999523162842,2.0
front_mu,-,63.162000,1.0499999523162842,2.0
front_mu,-,63.261000,1.0499999523162842,2.0
front_mu,-,63.360000,1.0499999523162842,2.0
front_mu,-,63.459000,1.0499999523162842,2.0
front_mu,-,63.558000,1.0499999523162842,2.0
front_mu,-,63.657000,1.0499999523162842,2.0
front_mu,-,63.789000,1.0499999523162842,2.0
front_mu,-,63.921000,1.0499999523162842,2.0
front_mu,-,64.053000,1.0499999523162842,2.0
front_mu,-,64.185000,1.0499999523162842,2.0
front_mu,-,64.284000,1.0499999523162842,2.0
front_mu,-,64.383000,1.0499999523162842,2.0
front_mu,-,64.482000,1.0499999523162842,2.0
front_mu,-,64.581000,1.0499999523162842,2.0
front_mu,-,64.680000,1.0499999523162842,2.0
front_mu,-,64.779000,1.0499999523162842,2.0
front_mu,-,64.878000,1.0499999523162842,2.0
front_mu,-,64.977000,1.0499999523162842,2.0
front_mu,-,65.109000,1.0499999523162842,2.0
front_mu,-,65.241000,1.0499999523162842,2.0
front_mu,-,65.373000,1.0499999523162842,2.0
front_mu,-,65.472000,1.0499999523162842,2.0
front_mu,-,65.571000,1.0499999523162842,2.0
front_mu,-,65.637000,1.0499999523162842,2.0
front_mu,-,65.769000,1.0499999523162842,2.0
front_mu,-,65.835000,1.0499999523162842,2.0
front_mu,-,65.967000,1.0499999523162842,2.0
front_mu,-,66.033000,1.0499999523162842,2.0
front_mu,-,66.165000,1.0499999523162842,2.0
front_mu,-,66.297000,1.0499999523162842,2.0
front_mu,-,66.429000,1.0499999523162842,2.0
front_mu,-,66.561000,1.0499999523162842,2.0
front_mu,-,66.693000,1.0499999523162842,2.0
front_mu,-,66.825000,1.0499999523162842,2.0
front_mu,-,66.924000,1.0499999523162842,2.0
front_mu,-,67.023000,1.0499999523162842,2.0
front_mu,-,67.122000,1.0499999523162842,2.0
front_mu,-,67.221000,1.0499999523162842,2.0
front_mu,-,67.320000,1.0499999523162842,2.0
front_mu,-,67.419000,1.0499999523162842,2.0
front_mu,-,67.518000,1.0499999523162842,2.0
front_mu,-,67.617000,1.0499999523162842,2.0
front_mu,-,67.749000,1.0499999523162842,2.0
front_mu,-,67.881000,1.0499999523162842,2.0
front_mu,-,68.013000,1.0499999523162842,2.0
front_mu,-,68.145000,1.0499999523162842,2.0
front_mu,-,68.277000,1.0499999523162842,2.0
front_mu,-,68.409000,1.0499999523162842,2.0
front_mu,-,68.475000,1.0499999523162842,2.0
front_mu,-,68.607000,1.0499999523162842,2.0
front_mu,-,68.673000,1.0499999523162842,2.0
front_mu,-,68.805000,1.0499999523162842,2.0
front_mu,-,68.871000,1.0499999523162842,2.0
front_mu,-,69.003000,1.0499999523162842,2.0
front_mu,-,69.135000,1.0499999523162842,2.0
front_mu,-,69.267000,1.0499999523162842,2.0
front_mu,-,69.399000,1.0499999523162842,2.0
front_mu,-,69.531000,1.0499999523162842,2.0
front_mu,-,69.597000,1.0499999523162842,2.0
front_mu,-,69.729000,1.0499999523162842,2.0
front_mu,-,69.795000,1.0499999523162842,2.0
front_mu,-,69.927000,1.0499999523162842,2.0
front_mu,-,69.993000,1.0499999523162842,2.0
front_mu,-,70.125000,1.0499999523162842,2.0
front_mu,-,70.191000,1.0499999523162842,2.0
front_mu,-,70.323000,1.0499999523162842,2.0
front_mu,-,70.389000,1.0499999523162842,2.0
front_mu,-,70.554000,1.0499999523162842,2.0
front_mu,-,70.653000,1.0499999523162842,2.0
front_mu,-,70.752000,1.0499999523162842,2.0
front_mu,-,70.983000,1.0499999523162842,2.0
front_mu,-,71.313000,1.0499999523162842,2.0
front_mu,-,71.511000,1.0499999523162842,2.0
front_mu,-,71.643000,1.0499999523162842,2.0
front_mu,-,71.709000,1.0499999523162842,2.0
front_mu,-,71.841000,1.0499999523162842,2.0
front_mu,-,71.907000,1.0499999523162842,2.0
front_mu,-,72.039000,1.0499999523162842,2.0
front_mu,-,72.171000,1.0499999523162842,2.0
front_mu,-,72.237000,1.0499999523162842,2.0
front_mu,-,72.369000,1.0499999523162842,2.0
front_mu,-,72.435000,1.0499999523162842,2.0
front_mu,-,72.567000,1.0499999523162842,2.0
front_mu,-,72.633000,1.0499999523162842,2.0
front_mu,-,72.765000,1.0499999523162842,2.0
front_mu,-,72.831000,1.0499999523162842,2.0
front_mu,-,72.963000,1.0499999523162842,2.0
front_mu,-,73.095000,1.0499999523162842,2.0
front_mu,-,73.227000,1.0499999523162842,2.0
front_mu,-,73.358999,1.0499999523162842,2.0
front_mu,-,73.491000,1.0499999523162842,2.0
front_mu,-,73.557000,1.0499999523162842,2.0
front_mu,-,73.689000,1.0499999523162842,2.0
front_mu,-,73.821000,1.0499999523162842,2.0
front_mu,-,73.920000,1.0499999523162842,2.0
front_mu,-,74.019000,1.0499999523162842,2.0
front_mu,-,74.118000,1.0499999523162842,2.0
front_mu,-,74.217000,1.0499999523162842,2.0
front_mu,-,74.349000,1.0499999523162842,2.0
front_mu,-,74.481000,1.0499999523162842,2.0
front_mu,-,74.679000,1.0499999523162842,2.0
front_mu,-,74.844000,1.0499999523162842,2.0
front_mu,-,74.943000,1.0499999523162842,2.0
front_mu,-,75.042000,1.0499999523162842,2.0
front_mu,-,75.141000,1.0499999523162842,2.0
front_mu,-,75.240000,1.0499999523162842,2.0
front_mu,-,75.339000,1.0499999523162842,2.0
front_mu,-,75.470999,1.0499999523162842,2.0
front_mu,-,75.603000,1.0499999523162842,2.0
front_mu,-,75.735000,1.0499999523162842,2.0
front_mu,-,75.867000,1.0499999523162842,2.0
front_mu,-,75.999000,1.0499999523162842,2.0
front_mu,-,76.131000,1.0499999523162842,2.0
front_mu,-,76.197000,1.0499999523162842,2.0
front_mu,-,76.329000,1.0499999523162842,2.0
front_mu,-,76.395000,1.0499999523162842,2.0
front_mu,-,76.526999,1.0499999523162842,2.0
front_mu,-,76.593000,1.0499999523162842,2.0
front_mu,-,76.725000,1.0499999523162842,2.0
front_mu,-,76.857000,1.0499999523162842,2.0
front_mu,-,76.989000,1.0499999523162842,2.0
front_mu,-,77.121000,1.0499999523162842,2.0
front_mu,-,77.253000,1.0499999523162842,2.0
front_mu,-,77.385000,1.0499999523162842,2.0
front_mu,-,77.483999,1.0499999523162842,2.0
front_mu,-,77.582999,1.0499999523162842,2.0
front_mu,-,77.682000,1.0499999523162842,2.0
front_mu,-,77.781000,1.0499999523162842,2.0
front_mu,-,77.880000,1.0499999523162842,2.0
front_mu,-,77.979000,1.0499999523162842,2.0
front_mu,-,78.078000,1.0499999523162842,2.0
front_mu,-,78.177000,1.0499999523162842,2.0
front_mu,-,78.309000,1.0499999523162842,2.0
front_mu,-,78.441000,1.0499999523162842,2.0
front_mu,-,78.572999,1.0499999523162842,2.0
front_mu,-,78.705000,1.0499999523162842,2.0
front_mu,-,78.804000,1.0499999523162842,2.0
front_mu,-,78.903000,1.0499999523162842,2.0
front_mu,-,79.002000,1.0499999523162842,2.0
front_mu,-,79.101000,1.0499999523162842,2.0
front_mu,-,79.200000,1.0499999523162842,2.0
front_mu,-,79.299000,1.0499999523162842,2.0
front_mu,-,79.398000,1.0499999523162842,2.0
front_mu,-,79.497000,1.0499999523162842,2.0
front_mu,-,79.628999,1.0499999523162842,2.0
front_mu,-,79.761000,1.0499999523162842,2.0
front_mu,-,79.893000,1.0499999523162842,2.0
front_mu,-,80.025000,1.0499999523162842,2.0
front_mu,-,80.124000,1.0499999523162842,2.0
front_mu,-,80.223000,1.0499999523162842,2.0
front_mu,-,80.322000,1.0499999523162842,2.0
front_mu,-,80.421000,1.0499999523162842,2.0
front_mu,-,80.520000,1.0499999523162842,2.0
front_mu,-,80.618999,1.0499999523162842,2.0
front_mu,-,80.750999,1.0499999523162842,2.0
front_mu,-,80.883000,1.0499999523162842,2.0
front_mu,-,81.015000,1.0499999523162842,2.0
front_mu,-,81.147000,1.0499999523162842,2.0
front_mu,-,81.279000,1.0499999523162842,2.0
front_mu,-,81.411000,1.0499999523162842,2.0
front_mu,-,81.543000,1.0499999523162842,2.0
front_mu,-,81.641999,1.0499999523162842,2.0
front_mu,-,81.740999,1.0499999523162842,2.0
front_mu,-,81.840000,1.0499999523162842,2.0
front_mu,-,81.939000,1.0499999523162842,2.0
front_mu,-,82.038000,1.0499999523162842,2.0
front_mu,-,82.137000,1.0499999523162842,2.0
front_mu,-,82.269000,1.0499999523162842,2.0
front_mu,-,82.401000,1.0499999523162842,2.0
front_mu,-,82.533000,1.0499999523162842,2.0
front_mu,-,82.664999,1.0499999523162842,2.0
front_mu,-,82.763999,1.0499999523162842,2.0
front_mu,-,82.862999,1.0499999523162842,2.0
front_mu,-,82.962000,1.0499999523162842,2.0
front_mu,-,83.061000,1.0499999523162842,2.0
front_mu,-,83.160000,1.0499999523162842,2.0
front_mu,-,83.259000,1.0499999523162842,2.0
front_mu,-,83.358000,1.0499999523162842,2.0
front_mu,-,83.457000,1.0499999523162842,2.0
front_mu,-,83.589000,1.0499999523162842,2.0
front_mu,-,83.720999,1.0499999523162842,2.0
front_mu,-,83.852999,1.0499999523162842,2.0
front_mu,-,83.985000,1.0499999523162842,2.0
front_mu,-,84.084000,1.0499999523162842,2.0
front_mu,-,84.183000,1.0499999523162842,2.0
front_mu,-,84.282000,1.0499999523162842,2.0
front_mu,-,84.381000,1.0499999523162842,2.0
front_mu,-,84.480000,1.0499999523162842,2.0
front_mu,-,84.579000,1.0499999523162842,2.0
front_mu,-,84.677999,1.0499999523162842,2.0
front_mu,-,84.776999,1.0499999523162842,2.0
front_mu,-,84.908999,1.0499999523162842,2.0
front_mu,-,85.041000,1.0499999523162842,2.0
front_mu,-,85.173000,1.0499999523162842,2.0
front_mu,-,85.305000,1.0499999523162842,2.0
front_mu,-,85.404000,1.0499999523162842,2.0
front_mu,-,85.503000,1.0499999523162842,2.0
front_mu,-,85.602000,1.0499999523162842,2.0
front_mu,-,85.700999,1.0499999523162842,2.0
front_mu,-,85.799999,1.0499999523162842,2.0
front_mu,-,85.898999,1.0499999523162842,2.0
front_mu,-,86.030999,1.0499999523162842,2.0
front_mu,-,86.163000,1.0499999523162842,2.0
front_mu,-,86.295000,1.0499999523162842,2.0
front_mu,-,86.427000,1.0499999523162842,2.0
front_mu,-,86.559000,1.0499999523162842,2.0
front_mu,-,86.691000,1.0499999523162842,2.0
front_mu,-,86.756999,1.0499999523162842,2.0
front_mu,-,86.888999,1.0499999523162842,2.0
front_mu,-,86.954999,1.0499999523162842,2.0
front_mu,-,87.086999,1.0499999523162842,2.0
front_mu,-,87.153000,1.0499999523162842,2.0
front_mu,-,87.285000,1.0499999523162842,2.0
front_mu,-,87.351000,1.0499999523162842,2.0
front_mu,-,87.483000,1.0499999523162842,2.0
front_mu,-,87.615000,1.0499999523162842,2.0
front_mu,-,87.747000,1.0499999523162842,2.0
front_mu,-,87.878999,1.0499999523162842,2.0
front_mu,-,88.010999,1.0499999523162842,2.0
front_mu,-,88.076999,1.0499999523162842,2.0
front_mu,-,88.209000,1.0499999523162842,2.0
front_mu,-,88.275000,1.0499999523162842,2.0
front_mu,-,88.407000,1.0499999523162842,2.0
front_mu,-,88.473000,1.0499999523162842,2.0
front_mu,-,88.605000,1.0499999523162842,2.0
front_mu,-,88.671000,1.0499999523162842,2.0
front_mu,-,88.802999,1.0499999523162842,2.0
front_mu,-,88.934999,1.0499999523162842,2.0
front_mu,-,89.066999,1.0499999523162842,2.0
front_mu,-,89.198999,1.0499999523162842,2.0
front_mu,-,89.331000,1.0499999523162842,2.0
front_mu,-,89.463000,1.0499999523162842,2.0
front_mu,-,89.562000,1.0499999523162842,2.0
front_mu,-,89.661000,1.0499999523162842,2.0
front_mu,-,89.760000,1.0499999523162842,2.0
front_mu,-,89.858999,1.0499999523162842,2.0
front_mu,-,89.957999,1.0499999523162842,2.0
front_mu,-,90.056999,1.0499999523162842,2.0
front_mu,-,90.188999,1.0499999523162842,2.0
front_mu,-,90.321000,1.0499999523162842,2.0
front_mu,-,90.453000,1.0499999523162842,2.0
front_mu,-,90.585000,1.0499999523162842,2.0
front_mu,-,90.783000,1.0499999523162842,2.0
front_mu,-,90.881999,1.0499999523162842,2.0
front_mu,-,91.046999,1.0499999523162842,2.0
front_mu,-,91.112999,1.0499999523162842,2.0
front_mu,-,91.244999,1.0499999523162842,2.0
front_mu,-,91.310999,1.0499999523162842,2.0
front_mu,-,91.443000,1.0499999523162842,2.0
front_mu,-,91.575000,1.0499999523162842,2.0
front_mu,-,91.773000,1.0499999523162842,2.0
front_mu,-,91.904999,1.0499999523162842,2.0
front_mu,-,92.003999,1.0499999523162842,2.0
front_mu,-,92.102999,1.0499999523162842,2.0
front_mu,-,92.201999,1.0499999523162842,2.0
front_mu,-,92.300999,1.0499999523162842,2.0
front_mu,-,92.433000,1.0499999523162842,2.0
front_mu,-,92.565000,1.0499999523162842,2.0
front_mu,-,92.697000,1.0499999523162842,2.0
front_mu,-,92.829000,1.0499999523162842,2.0
front_mu,-,92.960999,1.0499999523162842,2.0
front_mu,-,93.092999,1.0499999523162842,2.0
front_mu,-,93.224999,1.0499999523162842,2.0
front_mu,-,93.323999,1.0499999523162842,2.0
front_mu,-,93.422999,1.0499999523162842,2.0
front_mu,-,93.522000,1.0499999523162842,2.0
front_mu,-,93.621000,1.0499999523162842,2.0
front_mu,-,93.720000,1.0499999523162842,2.0
front_mu,-,93.819000,1.0499999523162842,2.0
front_mu,-,93.950999,1.0499999523162842,2.0
front_mu,-,94.082999,1.0499999523162842,2.0
front_mu,-,94.214999,1.0499999523162842,2.0
front_mu,-,94.346999,1.0499999523162842,2.0
front_mu,-,94.478999,1.0499999523162842,2.0
front_mu,-,94.611000,1.0499999523162842,2.0
front_mu,-,94.677000,1.0499999523162842,2.0
front_mu,-,94.809000,1.0499999523162842,2.0
front_mu,-,94.875000,1.0499999523162842,2.0
front_mu,-,95.006999,1.0499999523162842,2.0
front_mu,-,95.072999,1.0499999523162842,2.0
front_mu,-,95.204999,1.0499999523162842,2.0
front_mu,-,95.270999,1.0499999523162842,2.0
front_mu,-,95.402999,1.0499999523162842,2.0
front_mu,-,95.468999,1.0499999523162842,2.0
front_mu,-,95.601000,1.0499999523162842,2.0
front_mu,-,95.733000,1.0499999523162842,2.0
front_mu,-,95.865000,1.0499999523162842,2.0
front_mu,-,95.964000,1.0499999523162842,2.0
front_mu,-,96.062999,1.0499999523162842,2.0
front_mu,-,96.161999,1.0499999523162842,2.0
front_mu,-,96.260999,1.0499999523162842,2.0
front_mu,-,96.359999,1.0499999523162842,2.0
front_mu,-,96.458999,1.0499999523162842,2.0
front_mu,-,96.557999,1.0499999523162842,2.0
front_mu,-,96.723000,1.0499999523162842,2.0
front_mu,-,96.855000,1.0499999523162842,2.0
front_mu,-,96.987000,1.0499999523162842,2.0
front_mu,-,97.118999,1.0499999523162842,2.0
front_mu,-,97.250999,1.0499999523162842,2.0
front_mu,-,97.316999,1.0499999523162842,2.0
front_mu,-,97.481999,1.0499999523162842,2.0
front_mu,-,97.580999,1.0499999523162842,2.0
front_mu,-,97.680000,1.0499999523162842,2.0
front_mu,-,97.779000,1.0499999523162842,2.0
front_mu,-,97.911000,1.0499999523162842,2.0
front_mu,-,98.043000,1.0499999523162842,2.0
front_mu,-,98.174999,1.0499999523162842,2.0
front_mu,-,98.306999,1.0499999523162842,2.0
front_mu,-,98.438999,1.0499999523162842,2.0
front_mu,-,98.570999,1.0499999523162842,2.0
front_mu,-,98.636999,1.0499999523162842,2.0
front_mu,-,98.769000,1.0499999523162842,2.0
front_mu,-,98.835000,1.0499999523162842,2.0
front_mu,-,98.967000,1.0499999523162842,2.0
front_mu,-,99.033000,1.0499999523162842,2.0
front_mu,-,99.164999,1.0499999523162842,2.0
front_mu,-,99.230999,1.0499999523162842,2.0
front_mu,-,99.362999,1.0499999523162842,2.0
front_mu,-,99.494999,1.0499999523162842,2.0
front_mu,-,99.626999,1.0499999523162842,2.0
front_mu,-,99.758999,1.0499999523162842,2.0
front_mu,-,99.891000,1.0499999523162842,2.0
front_mu,-,99.957000,1.0499999523162842,2.0
front_mu,-,100.089000,1.0499999523162842,2.0
front_mu,-,100.154999,1.0499999523162842,2.0
front_mu,-,100.286999,1.0499999523162842,2.0
front_mu,-,100.352999,1.0499999523162842,2.0
front_mu,-,100.484999,1.0499999523162842,2.0
front_mu,-,100.550999,1.0499999523162842,2.0
front_mu,-,100.682999,1.0499999523162842,2.0
front_mu,-,100.814999,1.0499999523162842,2.0
front_mu,-,100.947000,1.0499999523162842,2.0
front_mu,-,101.079000,1.0499999523162842,2.0
front_mu,-,101.210999,1.0499999523162842,2.0
front_mu,-,101.276999,1.0499999523162842,2.0
front_mu,-,101.408999,1.0499999523162842,2.0
front_mu,-,101.474999,1.0499999523162842,2.0
front_mu,-,101.606999,1.0499999523162842,2.0
front_mu,-,101.672999,1.0499999523162842,2.0
front_mu,-,101.804999,1.0499999523162842,2.0
front_mu,-,101.870999,1.0499999523162842,2.0
front_mu,-,102.003000,1.0499999523162842,2.0
front_mu,-,102.135000,1.0499999523162842,2.0
front_mu,-,102.266999,1.0499999523162842,2.0
front_mu,-,102.398999,1.0499999523162842,2.0
front_mu,-,102.530999,1.0499999523162842,2.0
front_mu,-,102.596999,1.0499999523162842,2.0
front_mu,-,102.728999,1.0499999523162842,2.0
front_mu,-,102.794999,1.0499999523162842,2.0
front_mu,-,102.926999,1.0499999523162842,2.0
front_mu,-,102.993000,1.0499999523162842,2.0
front_mu,-,103.125000,1.0499999523162842,2.0
front_mu,-,103.191000,1.0499999523162842,2.0
front_mu,-,103.322999,1.0499999523162842,2.0
front_mu,-,103.454999,1.0499999523162842,2.0
front_mu,-,103.586999,1.0499999523162842,2.0
front_mu,-,103.718999,1.0499999523162842,2.0
front_mu,-,103.850999,1.0499999523162842,2.0
front_mu,-,103.916999,1.0499999523162842,2.0
front_mu,-,104.049000,1.0499999523162842,2.0
front_mu,-,104.115000,1.0499999523162842,2.0
front_mu,-,104.247000,1.0499999523162842,2.0
front_mu,-,104.312999,1.0499999523162842,2.0
front_mu,-,104.444999,1.0499999523162842,2.0
front_mu,-,104.576999,1.0499999523162842,2.0
front_mu,-,104.675999,1.0499999523162842,2.0
front_mu,-,104.774999,1.0499999523162842,2.0
front_mu,-,104.906999,1.0499999523162842,2.0
front_mu,-,105.105000,1.0499999523162842,2.0
front_mu,-,105.204000,1.0499999523162842,2.0
front_mu,-,105.302999,1.0499999523162842,2.0
front_mu,-,105.401999,1.0499999523162842,2.0
front_mu,-,105.500999,1.0499999523162842,2.0
front_mu,-,105.599999,1.0499999523162842,2.0
front_mu,-,105.764999,1.0499999523162842,2.0
front_mu,-,105.830999,1.0499999523162842,2.0
front_mu,-,105.962999,1.0499999523162842,2.0
front_mu,-,106.161000,1.0499999523162842,2.0
front_mu,-,106.293000,1.0499999523162842,2.0
front_mu,-,106.424999,1.0499999523162842,2.0
front_mu,-,106.523999,1.0499999523162842,2.0
front_mu,-,106.622999,1.0499999523162842,2.0
front_mu,-,106.721999,1.0499999523162842,2.0
front_mu,-,106.820999,1.0499999523162842,2.0
front_mu,-,106.919999,1.0499999523162842,2.0
front_mu,-,107.018999,1.0499999523162842,2.0
front_mu,-,107.117999,1.0499999523162842,2.0
front_mu,-,107.217000,1.0499999523162842,2.0
front_mu,-,107.349000,1.0499999523162842,2.0
front_mu,-,107.480999,1.0499999523162842,2.0
front_mu,-,107.612999,1.0499999523162842,2.0
front_mu,-,107.744999,1.0499999523162842,2.0
front_mu,-,107.843999,1.0499999523162842,2.0
front_mu,-,107.942999,1.0499999523162842,2.0
front_mu,-,108.041999,1.0499999523162842,2.0
front_mu,-,108.140999,1.0499999523162842,2.0
front_mu,-,108.240000,1.0499999523162842,2.0
front_mu,-,108.339000,1.0499999523162842,2.0
front_mu,-,108.470999,1.0499999523162842,2.0
front_mu,-,108.602999,1.0499999523162842,2.0
front_mu,-,108.734999,1.0499999523162842,2.0
front_mu,-,108.866999,1.0499999523162842,2.0
front_mu,-,108.998999,1.0499999523162842,2.0
front_mu,-,109.130999,1.0499999523162842,2.0
front_mu,-,109.262999,1.0499999523162842,2.0
front_mu,-,109.362000,1.0499999523162842,2.0
front_mu,-,109.460999,1.0499999523162842,2.0
front_mu,-,109.559999,1.0499999523162842,2.0
front_mu,-,109.658999,1.0499999523162842,2.0
front_mu,-,109.757999,1.0499999523162842,2.0
front_mu,-,109.856999,1.0499999523162842,2.0
front_mu,-,110.054999,1.0499999523162842,2.0
front_mu,-,110.186999,1.0499999523162842,2.0
front_mu,-,110.318999,1.0499999523162842,2.0
front_mu,-,110.450999,1.0499999523162842,2.0
front_mu,-,110.516999,1.0499999523162842,2.0
front_mu,-,110.648999,1.0499999523162842,2.0
front_mu,-,110.714999,1.0499999523162842,2.0
front_mu,-,110.846999,1.0499999523162842,2.0
front_mu,-,110.912999,1.0499999523162842,2.0
front_mu,-,111.044999,1.0499999523162842,2.0
front_mu,-,111.110999,1.0499999523162842,2.0
front_mu,-,111.242999,1.0499999523162842,2.0
front_mu,-,111.374999,1.0499999523162842,2.0
front_mu,-,111.506999,1.0499999523162842,2.0
front_mu,-,111.638999,1.0499999523162842,2.0
front_mu,-,111.770999,1.0499999523162842,2.0
front_mu,-,111.836999,1.0499999523162842,2.0
front_mu,-,111.968999,1.0499999523162842,2.0
front_mu,-,112.034999,1.0499999523162842,2.0
front_mu,-,112.166999,1.0499999523162842,2.0
front_mu,-,112.232999,1.0499999523162842,2.0
front_mu,-,112.364999,1.0499999523162842,2.0
front_mu,-,112.430999,1.0499999523162842,2.0
front_mu,-,112.562999,1.0499999523162842,2.0
front_mu,-,112.694999,1.0499999523162842,2.0
front_mu,-,112.826999,1.0499999523162842,2.0
front_mu,-,112.958999,1.0499999523162842,2.0
front_mu,-,113.090999,1.0499999523162842,2.0
front_mu,-,113.816999,1.0499999523162842,2.0
front_mu,-,113.915999,1.0499999523162842,2.0
front_mu,-,114.014999,1.0499999523162842,2.0
front_mu,-,114.146999,1.0499999523162842,2.0
front_mu,-,114.278999,1.0499999523162842,2.0
front_mu,-,114.410999,1.0499999523162842,2.0
front_mu,-,114.476999,1.0499999523162842,2.0
front_mu,-,114.608999,1.0499999523162842,2.0
front_mu,-,114.674999,1.0499999523162842,2.0
front_mu,-,114.806999,1.0499999523162842,2.0
front_mu,-,114.872999,1.0499999523162842,2.0
front_mu,-,115.004999,1.0499999523162842,2.0
front_mu,-,115.070999,1.0499999523162842,2.0
front_mu,-,115.202999,1.0499999523162842,2.0
front_mu,-,115.334999,1.0499999523162842,2.0
front_mu,-,115.466999,1.0499999523162842,2.0
front_mu,-,115.598999,1.0499999523162842,2.0
front_mu,-,115.730999,1.0499999523162842,2.0
front_mu,-,115.796999,1.0499999523162842,2.0
front_mu,-,115.928999,1.0499999523162842,2.0
front_mu,-,115.994999,1.0499999523162842,2.0
front_mu,-,116.126999,1.0499999523162842,2.0
front_mu,-,116.192999,1.0499999523162842,2.0
front_mu,-,116.324999,1.0499999523162842,2.0
front_mu,-,116.390999,1.0499999523162842,2.0
front_mu,-,116.522999,1.0499999523162842,2.0
front_mu,-,116.654999,1.0499999523162842,2.0
front_mu,-,116.786999,1.0499999523162842,2.0
front_mu,-,116.918999,1.0499999523162842,2.0
front_mu,-,117.050999,1.0499999523162842,2.0
front_mu,-,117.116999,1.0499999523162842,2.0
front_mu,-,117.248999,1.0499999523162842,2.0
front_mu,-,117.314999,1.0499999523162842,2.0
front_mu,-,117.446999,1.0499999523162842,2.0
front_mu,-,117.512999,1.0499999523162842,2.0
front_mu,-,117.644999,1.0499999523162842,2.0
front_mu,-,117.710999,1.0499999523162842,2.0
front_mu,-,117.842999,1.0499999523162842,2.0
front_mu,-,117.974999,1.0499999523162842,2.0
front_mu,-,118.106999,1.0499999523162842,2.0
front_mu,-,118.238999,1.0499999523162842,2.0
front_mu,-,118.370999,1.0499999523162842,2.0
front_mu,-,118.436999,1.0499999523162842,2.0
front_mu,-,118.568999,1.0499999523162842,2.0
front_mu,-,118.634999,1.0499999523162842,2.0
front_mu,-,118.766999,1.0499999523162842,2.0
front_mu,-,118.832999,1.0499999523162842,2.0
front_mu,-,118.964999,1.0499999523162842,2.0
front_mu,-,119.162999,1.0499999523162842,2.0
front_mu,-,119.294999,1.0499999523162842,2.0
front_mu,-,119.426999,1.0499999523162842,2.0
front_mu,-,119.558999,1.0499999523162842,2.0
front_mu,-,119.690999,1.0499999523162842,2.0
front_mu,-,119.756999,1.0499999523162842,2.0
front_mu,-,119.888999,1.0499999523162842,2.0
front_mu,-,120.020999,1.0499999523162842,2.0
front_mu,-,120.119999,1.0499999523162842,2.0
front_mu,-,120.218999,1.0499999523162842,2.0
front_mu,-,120.350999,1.0499999523162842,2.0
front_mu,-,120.482999,1.0499999523162842,2.0
front_mu,-,120.614999,1.0499999523162842,2.0
front_mu,-,120.746999,1.0499999523162842,2.0
front_mu,-,120.878999,1.0499999523162842,2.0
front_mu,-,121.010999,1.0499999523162842,2.0
front_mu,-,121.076999,1.0499999523162842,2.0
front_mu,-,121.208999,1.0499999523162842,2.0
front_mu,-,121.274999,1.0499999523162842,2.0
front_mu,-,121.406999,1.0499999523162842,2.0
front_mu,-,121.472999,1.0499999523162842,2.0
front_mu,-,121.604999,1.0499999523162842,2.0
front_mu,-,121.670999,1.0499999523162842,2.0
front_mu,-,121.802999,1.0499999523162842,2.0
front_mu,-,121.934999,1.0499999523162842,2.0
front_mu,-,122.066999,1.0499999523162842,2.0
front_mu,-,122.198999,1.0499999523162842,2.0
front_mu,-,122.330999,1.0499999523162842,2.0
front_mu,-,122.396999,1.0499999523162842,2.0
front_mu,-,122.528999,1.0499999523162842,2.0
front_mu,-,122.594999,1.0499999523162842,2.0
front_mu,-,122.726999,1.0499999523162842,2.0
front_mu,-,122.792999,1.0499999523162842,2.0
front_mu,-,122.924999,1.0499999523162842,2.0
front_mu,-,122.990999,1.0499999523162842,2.0
front_mu,-,123.122999,1.0499999523162842,2.0
front_mu,-,123.254999,1.0499999523162842,2.0
front_mu,-,123.386999,1.0499999523162842,2.0
front_mu,-,123.518999,1.0499999523162842,2.0
front_mu,-,123.650999,1.0499999523162842,2.0
front_mu,-,123.716999,1.0499999523162842,2.0
front_mu,-,123.848999,1.0499999523162842,2.0
front_mu,-,123.914999,1.0499999523162842,2.0
front_mu,-,124.046999,1.0499999523162842,2.0
front_mu,-,124.112999,1.0499999523162842,2.0
front_mu,-,124.244999,1.0499999523162842,2.0
front_mu,-,124.376999,1.0499999523162842,2.0
front_mu,-,124.508999,1.0499999523162842,2.0
front_mu,-,124.640999,1.0499999523162842,2.0
front_mu,-,124.772999,1.0499999523162842,2.0
front_mu,-,124.904999,1.0499999523162842,2.0
front_mu,-,125.003999,1.0499999523162842,2.0
front_mu,-,125.102999,1.0499999523162842,2.0
front_mu,-,125.201999,1.0499999523162842,2.0
front_mu,-,125.300999,1.0499999523162842,2.0
front_mu,-,125.399999,1.0499999523162842,2.0
front_mu,-,125.498999,1.0499999523162842,2.0
front_mu,-,125.597999,1.0499999523162842,2.0
front_mu,-,125.696999,1.0499999523162842,2.0
front_mu,-,125.795999,1.0499999523162842,2.0
front_mu,-,125.894999,1.0499999523162842,2.0
front_mu,-,126.026999,1.0499999523162842,2.0
front_mu,-,126.158999,1.0499999523162842,2.0
front_mu,-,126.290999,1.0499999523162842,2.0
front_mu,-,126.356999,1.0499999523162842,2.0
front_mu,-,126.488999,1.0499999523162842,2.0
front_mu,-,126.554999,1.0499999523162842,2.0
front_mu,-,126.686999,1.0499999523162842,2.0
front_mu,-,126.752999,1.0499999523162842,2.0
front_mu,-,126.884999,1.0499999523162842,2.0
front_mu,-,126.950999,1.0499999523162842,2.0
front_mu,-,127.082999,1.0499999523162842,2.0
front_mu,-,127.214999,1.0499999523162842,2.0
front_mu,-,127.346999,1.0499999523162842,2.0
front_mu,-,127.478999,1.0499999523162842,2.0
front_mu,-,127.610999,1.0499999523162842,2.0
front_mu,-,127.676999,1.0499999523162842,2.0
front_mu,-,127.808999,1.0499999523162842,2.0
front_mu,-,127.874999,1.0499999523162842,2.0
front_mu,-,128.006999,1.0499999523162842,2.0
front_mu,-,128.072999,1.0499999523162842,2.0
front_mu,-,128.204999,1.0499999523162842,2.0
front_mu,-,128.270999,1.0499999523162842,2.0
front_mu,-,128.402999,1.0499999523162842,2.0
front_mu,-,128.534999,1.0499999523162842,2.0
front_mu,-,128.666999,1.0499999523162842,2.0
front_mu,-,128.798999,1.0499999523162842,2.0
front_mu,-,128.930999,1.0499999523162842,2.0
front_mu,-,128.996999,1.0499999523162842,2.0
front_mu,-,129.128999,1.0499999523162842,2.0
front_mu,-,129.194999,1.0499999523162842,2.0
front_mu,-,129.326999,1.0499999523162842,2.0
front_mu,-,129.392999,1.0499999523162842,2.0
front_mu,-,129.524999,1.0499999523162842,2.0
front_mu,-,129.590999,1.0499999523162842,2.0
front_mu,-,129.722999,1.0499999523162842,2.0
front_mu,-,129.788999,1.0499999523162842,2.0
front_mu,-,129.920999,1.0499999523162842,2.0
front_mu,-,130.052999,1.0499999523162842,2.0
front_mu,-,130.184999,1.0499999523162842,2.0
front_mu,-,130.283999,1.0499999523162842,2.0
front_mu,-,130.382999,1.0499999523162842,2.0
front_mu,-,130.481999,1.0499999523162842,2.0
front_mu,-,130.580999,1.0499999523162842,2.0
front_mu,-,130.679999,1.0499999523162842,2.0
front_mu,-,130.778999,1.0499999523162842,2.0
front_mu,-,130.910999,1.0499999523162842,2.0
front_mu,-,131.042999,1.0499999523162842,2.0
front_mu,-,131.174999,1.0499999523162842,2.0
front_mu,-,131.306999,1.0499999523162842,2.0
front_mu,-,131.438999,1.0499999523162842,2.0
front_mu,-,131.570999,1.0499999523162842,2.0
front_mu,-,131.636999,1.0499999523162842,2.0
front_mu,-,131.768999,1.0499999523162842,2.0
front_mu,-,131.834999,1.0499999523162842,2.0
front_mu,-,131.966999,1.0499999523162842,2.0
front_mu,-,132.032999,1.0499999523162842,2.0
front_mu,-,132.164999,1.0499999523162842,2.0
front_mu,-,132.230999,1.0499999523162842,2.0
front_mu,-,132.362999,1.0499999523162842,2.0
front_mu,-,132.494999,1.0499999523162842,2.0
front_mu,-,132.626999,1.0499999523162842,2.0
front_mu,-,132.758999,1.0499999523162842,2.0
front_mu,-,132.890999,1.0499999523162842,2.0
front_mu,-,132.956999,1.0499999523162842,2.0
front_mu,-,133.088999,1.0499999523162842,2.0
front_mu,-,133.154999,1.0499999523162842,2.0
front_mu,-,133.286999,1.0499999523162842,2.0
front_mu,-,133.352999,1.0499999523162842,2.0
front_mu,-,133.484999,1.0499999523162842,2.0
front_mu,-,133.550999,1.0499999523162842,2.0
front_mu,-,133.682999,1.0499999523162842,2.0
front_mu,-,133.814999,1.0499999523162842,2.0
front_mu,-,133.946999,1.0499999523162842,2.0
front_mu,-,134.078999,1.0499999523162842,2.0
front_mu,-,134.210999,1.0499999523162842,2.0
front_mu,-,134.276999,1.0499999523162842,2.0
front_mu,-,134.408999,1.0499999523162842,2.0
front_mu,-,134.474999,1.0499999523162842,2.0
front_mu,-,134.606999,1.0499999523162842,2.0
front_mu,-,134.672999,1.0499999523162842,2.0
front_mu,-,134.804999,1.0499999523162842,2.0
front_mu,-,134.870999,1.0499999523162842,2.0
front_mu,-,135.002999,1.0499999523162842,2.0
front_mu,-,135.134999,1.0499999523162842,2.0
front_mu,-,135.266999,1.0499999523162842,2.0
front_mu,-,135.398999,1.0499999523162842,2.0
front_mu,-,135.530999,1.0499999523162842,2.0
front_mu,-,135.596999,1.0499999523162842,2.0
front_mu,-,135.728999,1.0499999523162842,2.0
front_mu,-,135.794999,1.0499999523162842,2.0
front_mu,-,135.926999,1.0499999523162842,2.0
front_mu,-,135.992999,1.0499999523162842,2.0
front_mu,-,136.124999,1.0499999523162842,2.0
front_mu,-,136.256999,1.0499999523162842,2.0
front_mu,-,136.388999,1.0499999523162842,2.0
front_mu,-,136.520999,1.0499999523162842,2.0
front_mu,-,136.652999,1.0499999523162842,2.0
front_mu,-,136.784999,1.0499999523162842,2.0
front_mu,-,136.883999,1.0499999523162842,2.0
front_mu,-,136.982999,1.0499999523162842,2.0
front_mu,-,137.081999,1.0499999523162842,2.0
front_mu,-,137.180999,1.0499999523162842,2.0
front_mu,-,137.279999,1.0499999523162842,2.0
front_mu,-,137.378999,1.0499999523162842,2.0
front_mu,-,137.477999,1.0499999523162842,2.0
front_mu,-,137.576999,1.0499999523162842,2.0
front_mu,-,137.708999,1.0499999523162842,2.0
front_mu,-,137.840999,1.0499999523162842,2.0
front_mu,-,137.972999,1.0499999523162842,2.0
front_mu,-,138.104999,1.0499999523162842,2.0
front_mu,-,138.203999,1.0499999523162842,2.0
front_mu,-,138.302999,1.0499999523162842,2.0
front_mu,-,138.401999,1.0499999523162842,2.0
front_mu,-,138.500999,1.0499999523162842,2.0
front_mu,-,138.599999,1.0499999523162842,2.0
front_mu,-,138.698999,1.0499999523162842,2.0
front_mu,-,138.797999,1.0499999523162842,2.0
front_mu,-,138.896999,1.0499999523162842,2.0
front_mu,-,139.028999,1.0499999523162842,2.0
front_mu,-,139.160999,1.0499999523162842,2.0
front_mu,-,139.292999,1.0499999523162842,2.0
front_mu,-,139.424999,1.0499999523162842,2.0
front_mu,-,139.523999,1.0499999523162842,2.0
front_mu,-,139.622999,1.0499999523162842,2.0
front_mu,-,139.721999,1.0499999523162842,2.0
front_mu,-,139.820999,1.0499999523162842,2.0
front_mu,-,139.919999,1.0499999523162842,2.0
front_mu,-,140.018999,1.0499999523162842,2.0
front_mu,-,140.117999,1.0499999523162842,2.0
front_mu,-,140.216999,1.0499999523162842,2.0
front_mu,-,140.348999,1.0499999523162842,2.0
front_mu,-,140.480999,1.0499999523162842,2.0
front_mu,-,140.612999,1.0499999523162842,2.0
front_mu,-,140.744999,1.0499999523162842,2.0
front_mu,-,140.843999,1.0499999523162842,2.0
front_mu,-,140.942999,1.0499999523162842,2.0
front_mu,-,141.041999,1.0499999523162842,2.0
front_mu,-,141.140999,1.0499999523162842,2.0
front_mu,-,141.239999,1.0499999523162842,2.0
front_mu,-,141.338999,1.0499999523162842,2.0
front_mu,-,141.437999,1.0499999523162842,2.0
front_mu,-,141.536999,1.0499999523162842,2.0
front_mu,-,141.668999,1.0499999523162842,2.0
front_mu,-,141.800999,1.0499999523162842,2.0
front_mu,-,141.932999,1.0499999523162842,2.0
front_mu,-,142.064999,1.0499999523162842,2.0
front_mu,-,142.163999,1.0499999523162842,2.0
front_mu,-,142.262999,1.0499999523162842,2.0
front_mu,-,142.361999,1.0499999523162842,2.0
front_mu,-,142.460999,1.0499999523162842,2.0
front_mu,-,142.559999,1.0499999523162842,2.0
front_mu,-,142.658999,1.0499999523162842,2.0
front_mu,-,142.757999,1.0499999523162842,2.0
front_mu,-,142.856999,1.0499999523162842,2.0
front_mu,-,142.988999,1.0499999523162842,2.0
front_mu,-,143.120999,1.0499999523162842,2.0
front_mu,-,143.252999,1.0499999523162842,2.0
front_mu,-,143.384999,1.0499999523162842,2.0
front_mu,-,143.483999,1.0499999523162842,2.0
front_mu,-,143.582999,1.0499999523162842,2.0
front_mu,-,143.681999,1.0499999523162842,2.0
front_mu,-,143.780999,1.0499999523162842,2.0
front_mu,-,143.879999,1.0499999523162842,2.0
front_mu,-,143.978999,1.0499999523162842,2.0
front_mu,-,144.077999,1.0499999523162842,2.0
front_mu,-,144.176999,1.0499999523162842,2.0
front_mu,-,144.308999,1.0499999523162842,2.0
front_mu,-,144.440999,1.0499999523162842,2.0
front_mu,-,144.572999,1.0499999523162842,2.0
front_mu,-,144.704999,1.0499999523162842,2.0
front_mu,-,144.803999,1.0499999523162842,2.0
front_mu,-,144.902999,1.0499999523162842,2.0
front_mu,-,145.001999,1.0499999523162842,2.0
front_mu,-,145.100999,1.0499999523162842,2.0
front_mu,-,145.199999,1.0499999523162842,2.0
front_mu,-,145.298999,1.0499999523162842,2.0
front_mu,-,145.430999,1.0499999523162842,2.0
front_mu,-,145.562999,1.0499999523162842,2.0
front_mu,-,145.694999,1.0499999523162842,2.0
front_mu,-,145.826999,1.0499999523162842,2.0
front_mu,-,145.958999,1.0499999523162842,2.0
front_mu,-,146.090999,1.0499999523162842,2.0
front_mu,-,146.156999,1.0499999523162842,2.0
front_mu,-,146.288999,1.0499999523162842,2.0
front_mu,-,146.354999,1.0499999523162842,2.0
front_mu,-,146.486999,1.0499999523162842,2.0
front_mu,-,146.552999,1.0499999523162842,2.0
front_mu,-,146.684999,1.0499999523162842,2.0
front_mu,-,146.750999,1.0499999523162842,2.0
front_mu,-,146.882999,1.0499999523162842,2.0
front_mu,-,147.014999,1.0499999523162842,2.0
front_mu,-,147.146999,1.0499999523162842,2.0
front_mu,-,147.278999,1.0499999523162842,2.0
front_mu,-,147.410999,1.0499999523162842,2.0
front_mu,-,147.476999,1.0499999523162842,2.0
front_mu,-,147.608999,1.0499999523162842,2.0
front_mu,-,147.674999,1.0499999523162842,2.0
front_mu,-,147.806999,1.0499999523162842,2.0
front_mu,-,147.872999,1.0499999523162842,2.0
front_mu,-,148.004999,1.0499999523162842,2.0
front_mu,-,148.136999,1.0499999523162842,2.0
front_mu,-,148.268999,1.0499999523162842,2.0
front_mu,-,148.400999,1.0499999523162842,2.0
front_mu,-,148.532999,1.0499999523162842,2.0
front_mu,-,148.664999,1.0499999523162842,2.0
front_mu,-,148.763999,1.0499999523162842,2.0
front_mu,-,148.862999,1.0499999523162842,2.0
front_mu,-,148.961999,1.0499999523162842,2.0
front_mu,-,149.060999,1.0499999523162842,2.0
front_mu,-,149.159999,1.0499999523162842,2.0
front_mu,-,149.258999,1.0499999523162842,2.0
front_mu,-,149.390999,1.0499999523162842,2.0
front_mu,-,149.522999,1.0499999523162842,2.0
front_mu,-,149.654999,1.0499999523162842,2.0
front_mu,-,149.786999,1.0499999523162842,2.0
front_mu,-,149.918999,1.0499999523162842,2.0
front_mu,-,150.050999,1.0499999523162842,2.0
front_mu,-,150.116999,1.0499999523162842,2.0
front_mu,-,150.248999,1.0499999523162842,2.0
front_mu,-,150.314999,1.0499999523162842,2.0
front_mu,-,150.446999,1.0499999523162842,2.0
front_mu,-,150.512999,1.0499999523162842,2.0
front_mu,-,150.644999,1.0499999523162842,2.0
front_mu,-,150.776999,1.0499999523162842,2.0
front_mu,-,150.908999,1.0499999523162842,2.0
front_mu,-,151.040999,1.0499999523162842,2.0
front_mu,-,151.172999,1.0499999523162842,2.0
front_mu,-,151.304999,1.0499999523162842,2.0
front_mu,-,151.403999,1.0499999523162842,2.0
front_mu,-,151.502999,1.0499999523162842,2.0
front_mu,-,151.601999,1.0499999523162842,2.0
front_mu,-,151.700999,1.0499999523162842,2.0
front_mu,-,151.799999,1.0499999523162842,2.0
front_mu,-,151.898999,1.0499999523162842,2.0
front_mu,-,151.997999,1.0499999523162842,2.0
front_mu,-,152.096999,1.0499999523162842,2.0
front_mu,-,152.228999,1.0499999523162842,2.0
front_mu,-,152.360999,1.0499999523162842,2.0
front_mu,-,152.558999,1.0499999523162842,2.0
front_mu,-,152.690999,1.0499999523162842,2.0
front_mu,-,152.756999,1.0499999523162842,2.0
front_mu,-,152.888999,1.0499999523162842,2.0
front_mu,-,152.954999,1.0499999523162842,2.0
front_mu,-,153.086999,1.0499999523162842,2.0
front_mu,-,153.152999,1.0499999523162842,2.0
front_mu,-,153.284999,1.0499999523162842,2.0
front_mu,-,153.350999,1.0499999523162842,2.0
front_mu,-,153.482999,1.0499999523162842,2.0
front_mu,-,153.614999,1.0499999523162842,2.0
front_mu,-,153.746999,1.0499999523162842,2.0
front_mu,-,153.878999,1.0499999523162842,2.0
front_mu,-,154.010999,1.0499999523162842,2.0
front_mu,-,154.076999,1.0499999523162842,2.0
front_mu,-,154.208999,1.0499999523162842,2.0
front_mu,-,154.274999,1.0499999523162842,2.0
front_mu,-,154.406999,1.0499999523162842,2.0
front_mu,-,154.472999,1.0499999523162842,2.0
front_mu,-,154.604999,1.0499999523162842,2.0
front_mu,-,154.736999,1.0499999523162842,2.0
front_mu,-,154.868999,1.0499999523162842,2.0
front_mu,-,155.000999,1.0499999523162842,2.0
front_mu,-,155.132999,1.0499999523162842,2.0
front_mu,-,155.264999,1.0499999523162842,2.0
front_mu,-,155.363999,1.0499999523162842,2.0
front_mu,-,155.462999,1.0499999523162842,2.0
front_mu,-,155.561999,1.0499999523162842,2.0
front_mu,-,155.660999,1.0499999523162842,2.0
front_mu,-,155.759999,1.0499999523162842,2.0
front_mu,-,155.858999,1.0499999523162842,2.0
front_mu,-,155.990999,1.0499999523162842,2.0
front_mu,-,156.122999,1.0499999523162842,2.0
front_mu,-,156.254999,1.0499999523162842,2.0
front_mu,-,156.386999,1.0499999523162842,2.0
front_mu,-,156.518999,1.0499999523162842,2.0
front_mu,-,156.683999,1.0499999523162842,2.0
front_mu,-,156.782999,1.0499999523162842,2.0
front_mu,-,156.881999,1.0499999523162842,2.0
front_mu,-,156.980999,1.0499999523162842,2.0
front_mu,-,157.079999,1.0499999523162842,2.0
front_mu,-,157.178999,1.0499999523162842,2.0
front_mu,-,157.277999,1.0499999523162842,2.0
front_mu,-,157.376999,1.0499999523162842,2.0
front_mu,-,157.508999,1.0499999523162842,2.0
front_mu,-,157.640999,1.0499999523162842,2.0
front_mu,-,157.772999,1.0499999523162842,2.0
front_mu,-,157.904999,1.0499999523162842,2.0
front_mu,-,158.003999,1.0499999523162842,2.0
front_mu,-,158.102999,1.0499999523162842,2.0
front_mu,-,158.201999,1.0499999523162842,2.0
front_mu,-,158.300999,1.0499999523162842,2.0
front_mu,-,158.399999,1.0499999523162842,2.0
front_mu,-,158.498999,1.0499999523162842,2.0
front_mu,-,158.630999,1.0499999523162842,2.0
front_mu,-,158.762999,1.0499999523162842,2.0
front_mu,-,158.894999,1.0499999523162842,2.0
front_mu,-,159.026999,1.0499999523162842,2.0
front_mu,-,159.158999,1.0499999523162842,2.0
front_mu,-,159.290999,1.0499999523162842,2.0
front_mu,-,159.356999,1.0499999523162842,2.0
front_mu,-,159.488999,1.0499999523162842,2.0
front_mu,-,159.554999,1.0499999523162842,2.0
front_mu,-,159.686999,1.0499999523162842,2.0
front_mu,-,159.752999,1.0499999523162842,2.0
front_mu,-,159.884999,1.0499999523162842,2.0
front_mu,-,160.016999,1.0499999523162842,2.0
front_mu,-,160.148999,1.0499999523162842,2.0
front_mu,-,160.346999,1.0499999523162842,2.0
front_mu,-,160.478999,1.0499999523162842,2.0
front_mu,-,160.610999,1.0499999523162842,2.0
front_mu,-,160.676999,1.0499999523162842,2.0
front_mu,-,160.808999,1.0499999523162842,2.0
front_mu,-,160.874999,1.0499999523162842,2.0
front_mu,-,161.006999,1.0499999523162842,2.0
front_mu,-,161.072999,1.0499999523162842,2.0
front_mu,-,161.204999,1.0499999523162842,2.0
front_mu,-,161.270999,1.0499999523162842,2.0
front_mu,-,161.402999,1.0499999523162842,2.0
front_mu,-,161.534999,1.0499999523162842,2.0
front_mu,-,161.666999,1.0499999523162842,2.0
front_mu,-,161.798999,1.0499999523162842,2.0
front_mu,-,161.930999,1.0499999523162842,2.0
front_mu,-,161.996999,1.0499999523162842,2.0
front_mu,-,162.128999,1.0499999523162842,2.0
front_mu,-,162.194999,1.0499999523162842,2.0
front_mu,-,162.326999,1.0499999523162842,2.0
front_mu,-,162.392999,1.0499999523162842,2.0
front_mu,-,162.524999,1.0499999523162842,2.0
front_mu,-,162.590999,1.0499999523162842,2.0
front_mu,-,162.722999,1.0499999523162842,2.0
front_mu,-,162.854999,1.0499999523162842,2.0
front_mu,-,162.986999,1.0499999523162842,2.0
front_mu,-,163.118999,1.0499999523162842,2.0
front_mu,-,163.250999,1.0499999523162842,2.0
front_mu,-,163.316999,1.0499999523162842,2.0
front_mu,-,163.448999,1.0499999523162842,2.0
front_mu,-,163.514999,1.0499999523162842,2.0
front_mu,-,163.646999,1.0499999523162842,2.0
front_mu,-,163.712999,1.0499999523162842,2.0
front_mu,-,163.844999,1.0499999523162842,2.0
front_mu,-,163.910999,1.0499999523162842,2.0
front_mu,-,164.042999,1.0499999523162842,2.0
front_mu,-,164.174999,1.0499999523162842,2.0
front_mu,-,164.306999,1.0499999523162842,2.0
front_mu,-,164.438999,1.0499999523162842,2.0
front_mu,-,164.570999,1.0499999523162842,2.0
front_mu,-,164.636999,1.0499999523162842,2.0
front_mu,-,164.768999,1.0499999523162842,2.0
front_mu,-,164.834999,1.0499999523162842,2.0
front_mu,-,164.966999,1.0499999523162842,2.0
front_mu,-,165.032999,1.0499999523162842,2.0
front_mu,-,165.164999,1.0499999523162842,2.0
front_mu,-,165.296999,1.0499999523162842,2.0
front_mu,-,165.428999,1.0499999523162842,2.0
front_mu,-,165.560999,1.0499999523162842,2.0
front_mu,-,165.692999,1.0499999523162842,2.0
front_mu,-,165.824999,1.0499999523162842,2.0
front_mu,-,165.923999,1.0499999523162842,2.0
front_mu,-,166.022999,1.0499999523162842,2.0
front_mu,-,166.121999,1.0499999523162842,2.0
front_mu,-,166.220999,1.0499999523162842,2.0
front_mu,-,166.352999,1.0499999523162842,2.0
front_mu,-,166.484999,1.0499999523162842,2.0
front_mu,-,166.616999,1.0499999523162842,2.0
front_mu,-,166.748999,1.0499999523162842,2.0
front_mu,-,166.880999,1.0499999523162842,2.0
front_mu,-,167.012999,1.0499999523162842,2.0
front_mu,-,167.144999,1.0499999523162842,2.0
front_mu,-,167.243999,1.0499999523162842,2.0
front_mu,-,167.342999,1.0499999523162842,2.0
front_mu,-,167.441999,1.0499999523162842,2.0
front_mu,-,167.540999,1.0499999523162842,2.0
front_mu,-,167.639999,1.0499999523162842,2.0
front_mu,-,167.738999,1.0499999523162842,2.0
front_mu,-,167.837999,1.0499999523162842,2.0
front_mu,-,167.936999,1.0499999523162842,2.0
front_mu,-,168.068999,1.0499999523162842,2.0
front_mu,-,168.200999,1.0499999523162842,2.0
front_mu,-,168.332999,1.0499999523162842,2.0
front_mu,-,168.464999,1.0499999523162842,2.0
front_mu,-,168.563999,1.0499999523162842,2.0
front_mu,-,168.662999,1.0499999523162842,2.0
front_mu,-,168.761999,1.0499999523162842,2.0
front_mu,-,168.860999,1.0499999523162842,2.0
front_mu,-,168.959999,1.0499999523162842,2.0
front_mu,-,169.058999,1.0499999523162842,2.0
front_mu,-,169.157999,1.0499999523162842,2.0
front_mu,-,169.256999,1.0499999523162842,2.0
front_mu,-,169.388999,1.0499999523162842,2.0
front_mu,-,169.520999,1.0499999523162842,2.0
front_mu,-,169.652999,1.0499999523162842,2.0
front_mu,-,169.784999,1.0499999523162842,2.0
front_mu,-,169.883999,1.0499999523162842,2.0
front_mu,-,169.982999,1.0499999523162842,2.0
front_mu,-,170.081999,1.0499999523162842,2.0
front_mu,-,170.180999,1.0499999523162842,2.0
front_mu,-,170.279999,1.0499999523162842,2.0
front_mu,-,170.378999,1.0499999523162842,2.0
front_mu,-,170.510999,1.0499999523162842,2.0
front_mu,-,170.642999,1.0499999523162842,2.0
front_mu,-,170.774999,1.0499999523162842,2.0
front_mu,-,170.906999,1.0499999523162842,2.0
front_mu,-,171.038999,1.0499999523162842,2.0
front_mu,-,171.170999,1.0499999523162842,2.0
front_mu,-,171.236999,1.0499999523162842,2.0
front_mu,-,171.368999,1.0499999523162842,2.0
front_mu,-,171.434999,1.0499999523162842,2.0
front_mu,-,171.566999,1.0499999523162842,2.0
front_mu,-,171.632999,1.0499999523162842,2.0
front_mu,-,171.764999,1.0499999523162842,2.0
front_mu,-,171.830999,1.0499999523162842,2.0
front_mu,-,171.962999,1.0499999523162842,2.0
front_mu,-,172.094999,1.0499999523162842,2.0
front_mu,-,172.226999,1.0499999523162842,2.0
front_mu,-,172.358999,1.0499999523162842,2.0
front_mu,-,172.490999,1.0499999523162842,2.0
front_mu,-,172.556999,1.0499999523162842,2.0
front_mu,-,172.688999,1.0499999523162842,2.0
front_mu,-,172.754999,1.0499999523162842,2.0
front_mu,-,172.886999,1.0499999523162842,2.0
front_mu,-,172.952999,1.0499999523162842,2.0
front_mu,-,173.084999,1.0499999523162842,2.0
front_mu,-,173.150999,1.0499999523162842,2.0
front_mu,-,173.282999,1.0499999523162842,2.0
front_mu,-,173.414999,1.0499999523162842,2.0
front_mu,-,173.546999,1.0499999523162842,2.0
front_mu,-,173.678999,1.0499999523162842,2.0
front_mu,-,173.810999,1.0499999523162842,2.0
front_mu,-,173.876999,1.0499999523162842,2.0
front_mu,-,174.008999,1.0499999523162842,2.0
front_mu,-,174.074999,1.0499999523162842,2.0
front_mu,-,174.206999,1.0499999523162842,2.0
front_mu,-,174.272999,1.0499999523162842,2.0
front_mu,-,174.404999,1.0499999523162842,2.0
front_mu,-,174.470999,1.0499999523162842,2.0
front_mu,-,174.602999,1.0499999523162842,2.0
front_mu,-,174.734999,1.0499999523162842,2.0
front_mu,-,174.866999,1.0499999523162842,2.0
front_mu,-,174.998999,1.0499999523162842,2.0
front_mu,-,175.130999,1.0499999523162842,2.0
front_mu,-,175.262999,1.0499999523162842,2.0
front_mu,-,175.361999,1.0499999523162842,2.0
front_mu,-,175.460999,1.0499999523162842,2.0
front_mu,-,175.559999,1.0499999523162842,2.0
front_mu,-,175.658999,1.0499999523162842,2.0
front_mu,-,175.757999,1.0499999523162842,2.0
front_mu,-,175.856999,1.0499999523162842,2.0
front_mu,-,175.988999,1.0499999523162842,2.0
front_mu,-,176.120999,1.0499999523162842,2.0
front_mu,-,176.252999,1.0499999523162842,2.0
front_mu,-,176.384999,1.0499999523162842,2.0
front_mu,-,176.483999,1.0499999523162842,2.0
front_mu,-,176.582999,1.0499999523162842,2.0
front_mu,-,176.681999,1.0499999523162842,2.0
front_mu,-,176.780999,1.0499999523162842,2.0
front_mu,-,176.912999,1.0499999523162842,2.0
front_mu,-,177.044999,1.0499999523162842,2.0
front_mu,-,177.176999,1.0499999523162842,2.0
front_mu,-,177.308999,1.0499999523162842,2.0
front_mu,-,177.440999,1.0499999523162842,2.0
front_mu,-,177.572999,1.0499999523162842,2.0
front_mu,-,177.704999,1.0499999523162842,2.0
front_mu,-,177.803999,1.0499999523162842,2.0
front_mu,-,177.902999,1.0499999523162842,2.0
front_mu,-,178.001999,1.0499999523162842,2.0
front_mu,-,178.100999,1.0499999523162842,2.0
front_mu,-,178.199999,1.0499999523162842,2.0
front_mu,-,178.298999,1.0499999523162842,2.0
front_mu,-,178.397999,1.0499999523162842,2.0
front_mu,-,178.496999,1.0499999523162842,2.0
front_mu,-,178.628999,1.0499999523162842,2.0
front_mu,-,178.760999,1.0499999523162842,2.0
front_mu,-,178.892999,1.0499999523162842,2.0
front_mu,-,179.024999,1.0499999523162842,2.0
front_mu,-,179.123999,1.0499999523162842,2.0
front_mu,-,179.222999,1.0499999523162842,2.0
front_mu,-,179.321999,1.0499999523162842,2.0
front_mu,-,179.420999,1.0499999523162842,2.0
front_mu,-,179.519999,1.0499999523162842,2.0
front_mu,-,179.618999,1.0499999523162842,2.0
front_mu,-,179.750999,1.0499999523162842,2.0
front_mu,-,179.882999,1.0499999523162842,2.0
front_mu,-,180.014999,1.0499999523162842,2.0
front_mu,-,180.146999,1.0499999523162842,2.0
front_mu,-,180.278999,1.0499999523162842,2.0
front_mu,-,180.410999,1.0499999523162842,2.0
front_mu,-,180.476999,1.0499999523162842,2.0
front_mu,-,180.608999,1.0499999523162842,2.0
front_mu,-,180.674999,1.0499999523162842,2.0
front_mu,-,180.806999,1.0499999523162842,2.0
front_mu,-,180.938999,1.0499999523162842,2.0
front_mu,-,181.070999,1.0499999523162842,2.0
front_mu,-,181.202999,1.0499999523162842,2.0
front_mu,-,181.334999,1.0499999523162842,2.0
front_mu,-,181.466999,1.0499999523162842,2.0
front_mu,-,181.598999,1.0499999523162842,2.0
front_mu,-,181.730999,1.0499999523162842,2.0
front_mu,-,181.796999,1.0499999523162842,2.0
front_mu,-,181.928999,1.0499999523162842,2.0
front_mu,-,181.994999,1.0499999523162842,2.0
front_mu,-,182.159999,1.0499999523162842,2.0
front_mu,-,182.258999,1.0499999523162842,2.0
front_mu,-,182.390999,1.0499999523162842,2.0
front_mu,-,182.522999,1.0499999523162842,2.0
front_mu,-,182.588999,1.0499999523162842,2.0
front_mu,-,182.720999,1.0499999523162842,2.0
front_mu,-,182.852999,1.0499999523162842,2.0
front_mu,-,182.984999,1.0499999523162842,2.0
front_mu,-,183.083999,1.0499999523162842,2.0
front_mu,-,183.182999,1.0499999523162842,2.0
front_mu,-,183.281999,1.0499999523162842,2.0
front_mu,-,183.380999,1.0499999523162842,2.0
front_mu,-,183.479999,1.0499999523162842,2.0
front_mu,-,183.578999,1.0499999523162842,2.0
front_mu,-,183.677999,1.0499999523162842,2.0
front_mu,-,183.776999,1.0499999523162842,2.0
front_mu,-,183.908999,1.0499999523162842,2.0
front_mu,-,184.040999,1.0499999523162842,2.0
front_mu,-,184.172999,1.0499999523162842,2.0
front_mu,-,184.304999,1.0499999523162842,2.0
front_mu,-,184.403999,1.0499999523162842,2.0
front_mu,-,184.502999,1.0499999523162842,2.0
front_mu,-,184.601999,1.0499999523162842,2.0
front_mu,-,184.700999,1.0499999523162842,2.0
front_mu,-,184.799999,1.0499999523162842,2.0
front_mu,-,184.898999,1.0499999523162842,2.0
front_mu,-,184.997999,1.0499999523162842,2.0
front_mu,-,185.096999,1.0499999523162842,2.0
front_mu,-,185.228999,1.0499999523162842,2.0
front_mu,-,185.360999,1.0499999523162842,2.0
front_mu,-,185.492999,1.0499999523162842,2.0
front_mu,-,185.624999,1.0499999523162842,2.0
front_mu,-,185.723999,1.0499999523162842,2.0
front_mu,-,185.822999,1.0499999523162842,2.0
front_mu,-,185.921999,1.0499999523162842,2.0
front_mu,-,186.020999,1.0499999523162842,2.0
front_mu,-,186.119999,1.0499999523162842,2.0
front_mu,-,186.218999,1.0499999523162842,2.0
front_mu,-,186.317999,1.0499999523162842,2.0
front_mu,-,186.416999,1.0499999523162842,2.0
front_mu,-,186.548999,1.0499999523162842,2.0
front_mu,-,186.680999,1.0499999523162842,2.0
front_mu,-,186.812999,1.0499999523162842,2.0
front_mu,-,186.944999,1.0499999523162842,2.0
front_mu,-,187.043999,1.0499999523162842,2.0
front_mu,-,187.142999,1.0499999523162842,2.0
front_mu,-,187.241999,1.0499999523162842,2.0
front_mu,-,187.340999,1.0499999523162842,2.0
front_mu,-,187.472999,1.0499999523162842,2.0
front_mu,-,187.604999,1.0499999523162842,2.0
front_mu,-,187.670999,1.0499999523162842,2.0
front_mu,-,187.802999,1.0499999523162842,2.0
front_mu,-,187.934999,1.0499999523162842,2.0
front_mu,-,188.066999,1.0499999523162842,2.0
front_mu,-,188.198999,1.0499999523162842,2.0
front_mu,-,188.330999,1.0499999523162842,2.0
front_mu,-,188.462999,1.0499999523162842,2.0
front_mu,-,188.561999,1.0499999523162842,2.0
front_mu,-,188.660999,1.0499999523162842,2.0
front_mu,-,188.759999,1.0499999523162842,2.0
front_mu,-,188.858999,1.0499999523162842,2.0
front_mu,-,188.957999,1.0499999523162842,2.0
front_mu,-,189.056999,1.0499999523162842,2.0
front_mu,-,189.155999,1.0499999523162842,2.0
front_mu,-,189.254999,1.0499999523162842,2.0
front_mu,-,189.386999,1.0499999523162842,2.0
front_mu,-,189.518999,1.0499999523162842,2.0
front_mu,-,189.683999,1.0499999523162842,2.0
front_mu,-,189.848999,1.0499999523162842,2.0
front_mu,-,189.914999,1.0499999523162842,2.0
front_mu,-,190.046999,1.0499999523162842,2.0
front_mu,-,190.112999,1.0499999523162842,2.0
front_mu,-,190.244999,1.0499999523162842,2.0
front_mu,-,190.310999,1.0499999523162842,2.0
front_mu,-,190.442999,1.0499999523162842,2.0
front_mu,-,190.574999,1.0499999523162842,2.0
front_mu,-,190.706999,1.0499999523162842,2.0
front_mu,-,190.838999,1.0499999523162842,2.0
front_mu,-,190.970999,1.0499999523162842,2.0
front_mu,-,191.036999,1.0499999523162842,2.0
front_mu,-,191.168999,1.0499999523162842,2.0
front_mu,-,191.234999,1.0499999523162842,2.0
front_mu,-,191.366999,1.0499999523162842,2.0
front_mu,-,191.432999,1.0499999523162842,2.0
front_mu,-,191.564999,1.0499999523162842,2.0
front_mu,-,191.630999,1.0499999523162842,2.0
front_mu,-,191.762999,1.0499999523162842,2.0
front_mu,-,191.894999,1.0499999523162842,2.0
front_mu,-,192.026999,1.0499999523162842,2.0
front_mu,-,192.158999,1.0499999523162842,2.0
front_mu,-,192.224999,1.0499999523162842,2.0
front_mu,-,192.323999,1.0499999523162842,2.0
front_mu,-,192.389999,1.0499999523162842,2.0
front_mu,-,192.488999,1.0499999523162842,2.0
front_mu,-,192.554999,1.0499999523162842,2.0
front_mu,-,192.752999,1.0499999523162842,2.0
front_mu,-,193.082999,1.0499999523162842,2.0
front_mu,-,193.412999,1.0499999523162842,2.0
front_mu,-,193.676999,1.0499999523162842,2.0
front_mu,-,193.775999,1.0499999523162842,2.0
front_mu,-,193.874999,1.0499999523162842,2.0
front_mu,-,193.940999,1.0499999523162842,2.0
front_mu,-,194.006999,1.0499999523162842,2.0
front_mu,-,194.105999,1.0499999523162842,2.0
front_mu,-,194.204999,1.0499999523162842,2.0
front_mu,-,194.303999,1.0499999523162842,2.0
front_mu,-,194.402999,1.0499999523162842,2.0
front_mu,-,194.501999,1.0499999523162842,2.0
front_mu,-,194.600999,1.0499999523162842,2.0
front_mu,-,194.732999,1.0499999523162842,2.0
front_mu,-,194.864999,1.0499999523162842,2.0
front_mu,-,194.996999,1.0499999523162842,2.0
front_mu,-,195.128999,1.0499999523162842,2.0
front_mu,-,195.227999,1.0499999523162842,2.0
front_mu,-,195.326999,1.0499999523162842,2.0
front_mu,-,195.425999,1.0499999523162842,2.0
front_mu,-,195.524999,1.0499999523162842,2.0
front_mu,-,195.656999,1.0499999523162842,2.0
front_mu,-,195.788999,1.0499999523162842,2.0
front_mu,-,195.920999,1.0499999523162842,2.0
front_mu,-,196.052999,1.0499999523162842,2.0
front_mu,-,196.184999,1.0499999523162842,2.0
front_mu,-,196.316999,1.0499999523162842,2.0
front_mu,-,196.448999,1.0499999523162842,2.0
front_mu,-,196.547999,1.0499999523162842,2.0
front_mu,-,196.646999,1.0499999523162842,2.0
front_mu,-,196.745999,1.0499999523162842,2.0
front_mu,-,196.844999,1.0499999523162842,2.0
front_mu,-,196.943999,1.0499999523162842,2.0
front_mu,-,197.042999,1.0499999523162842,2.0
front_mu,-,197.174999,1.0499999523162842,2.0
front_mu,-,197.306999,1.0499999523162842,2.0
front_mu,-,197.438999,1.0499999523162842,2.0
front_mu,-,197.537999,1.0499999523162842,2.0
front_mu,-,197.636999,1.0499999523162842,2.0
front_mu,-,197.768999,1.0499999523162842,2.0
front_mu,-,197.867999,1.0499999523162842,2.0
front_mu,-,197.966999,1.0499999523162842,2.0
front_mu,-,198.065999,1.0499999523162842,2.0
front_mu,-,198.164999,1.0499999523162842,2.0
front_mu,-,198.263999,1.0499999523162842,2.0
front_mu,-,198.362999,1.0499999523162842,2.0
front_mu,-,198.461999,1.0499999523162842,2.0
front_mu,-,198.560999,1.0499999523162842,2.0
front_mu,-,198.692999,1.0499999523162842,2.0
front_mu,-,198.824999,1.0499999523162842,2.0
front_mu,-,198.956999,1.0499999523162842,2.0
front_mu,-,199.088999,1.0499999523162842,2.0
front_mu,-,199.187999,1.0499999523162842,2.0
front_mu,-,199.286999,1.0499999523162842,2.0
front_mu,-,199.385999,1.0499999523162842,2.0
front_mu,-,199.484999,1.0499999523162842,2.0
front_mu,-,199.583999,1.0499999523162842,2.0
front_mu,-,199.682999,1.0499999523162842,2.0
front_mu,-,199.814999,1.0499999523162842,2.0
front_mu,-,199.946999,1.0499999523162842,2.0
front_mu,-,200.078999,1.0499999523162842,2.0
front_mu,-,200.210999,1.0499999523162842,2.0
front_mu,-,200.342999,1.0499999523162842,2.0
front_mu,-,200.474999,1.0499999523162842,2.0
front_mu,-,200.540999,1.0499999523162842,2.0
front_mu,-,200.672999,1.0499999523162842,2.0
front_mu,-,200.738999,1.0499999523162842,2.0
front_mu,-,200.870999,1.0499999523162842,2.0
front_mu,-,200.936999,1.0499999523162842,2.0
front_mu,-,201.068999,1.0499999523162842,2.0
front_mu,-,201.200999,1.0499999523162842,2.0
front_mu,-,201.332999,1.0499999523162842,2.0
front_mu,-,201.464999,1.0499999523162842,2.0
front_mu,-,201.596999,1.0499999523162842,2.0
front_mu,-,201.728999,1.0499999523162842,2.0
front_mu,-,201.827999,1.0499999523162842,2.0
front_mu,-,201.926999,1.0499999523162842,2.0
front_mu,-,202.025999,1.0499999523162842,2.0
front_mu,-,202.124999,1.0499999523162842,2.0
front_mu,-,202.223999,1.0499999523162842,2.0
front_mu,-,202.322999,1.0499999523162842,2.0
front_mu,-,202.454999,1.0499999523162842,2.0
front_mu,-,202.586999,1.0499999523162842,2.0
front_mu,-,202.718999,1.0499999523162842,2.0
front_mu,-,202.850999,1.0499999523162842,2.0
front_mu,-,202.982999,1.0499999523162842,2.0
front_mu,-,203.114999,1.0499999523162842,2.0
front_mu,-,203.180999,1.0499999523162842,2.0
front_mu,-,203.312999,1.0499999523162842,2.0
front_mu,-,203.378999,1.0499999523162842,2.0
front_mu,-,203.510999,1.0499999523162842,2.0
front_mu,-,203.576999,1.0499999523162842,2.0
front_mu,-,203.708999,1.0499999523162842,2.0
front_mu,-,203.774999,1.0499999523162842,2.0
front_mu,-,203.906999,1.0499999523162842,2.0
front_mu,-,204.038999,1.0499999523162842,2.0
front_mu,-,204.170999,1.0499999523162842,2.0
front_mu,-,204.302999,1.0499999523162842,2.0
front_mu,-,204.434999,1.0499999523162842,2.0
front_mu,-,204.500999,1.0499999523162842,2.0
front_mu,-,204.632999,1.0499999523162842,2.0
front_mu,-,204.698999,1.0499999523162842,2.0
front_mu,-,204.830999,1.0499999523162842,2.0
front_mu,-,204.896999,1.0499999523162842,2.0
front_mu,-,205.028999,1.0499999523162842,2.0
front_mu,-,205.160999,1.0499999523162842,2.0
front_mu,-,205.292999,1.0499999523162842,2.0
front_mu,-,205.424999,1.0499999523162842,2.0
front_mu,-,205.556999,1.0499999523162842,2.0
front_mu,-,205.688999,1.0499999523162842,2.0
front_mu,-,205.787999,1.0499999523162842,2.0
front_mu,-,205.886999,1.0499999523162842,2.0
front_mu,-,205.985999,1.0499999523162842,2.0
front_mu,-,206.084999,1.0499999523162842,2.0
front_mu,-,206.183999,1.0499999523162842,2.0
front_mu,-,206.282999,1.0499999523162842,2.0
front_mu,-,206.381999,1.0499999523162842,2.0
front_mu,-,206.480999,1.0499999523162842,2.0
front_mu,-,206.612999,1.0499999523162842,2.0
front_mu,-,206.744999,1.0499999523162842,2.0
front_mu,-,206.876999,1.0499999523162842,2.0
front_mu,-,207.008999,1.0499999523162842,2.0
front_mu,-,207.107999,1.0499999523162842,2.0
front_mu,-,207.206999,1.0499999523162842,2.0
front_mu,-,207.305999,1.0499999523162842,2.0
front_mu,-,207.404999,1.0499999523162842,2.0
front_mu,-,207.503999,1.0499999523162842,2.0
front_mu,-,207.602999,1.0499999523162842,2.0
front_mu,-,207.701999,1.0499999523162842,2.0
front_mu,-,207.800999,1.0499999523162842,2.0
front_mu,-,207.899999,1.0499999523162842,2.0
front_mu,-,207.998999,1.0499999523162842,2.0
front_mu,-,208.097999,1.0499999523162842,2.0
front_mu,-,208.196999,1.0499999523162842,2.0
front_mu,-,208.295999,1.0499999523162842,2.0
front_mu,-,208.361999,1.0499999523162842,2.0
front_mu,-,208.493999,1.0499999523162842,2.0
front_mu,-,208.592999,1.0499999523162842,2.0
front_mu,-,208.724999,1.0499999523162842,2.0
front_mu,-,208.856999,1.0499999523162842,2.0
front_mu,-,208.922999,1.0499999523162842,2.0
front_mu,-,209.021999,1.0499999523162842,2.0
front_mu,-,209.087999,1.0499999523162842,2.0
front_mu,-,209.186999,1.0499999523162842,2.0
front_mu,-,209.285999,1.0499999523162842,2.0
front_mu,-,209.516999,1.0499999523162842,2.0
front_mu,-,209.615999,1.0499999523162842,2.0
front_mu,-,209.714999,1.0499999523162842,2.0
front_mu,-,209.813999,1.0499999523162842,2.0
front_mu,-,209.912999,1.0499999523162842,2.0
front_mu,-,210.011999,1.0499999523162842,2.0
front_mu,-,210.110999,1.0499999523162842,2.0
front_mu,-,210.209999,1.0499999523162842,2.0
front_mu,-,210.308999,1.0499999523162842,2.0
front_mu,-,210.440999,1.0499999523162842,2.0
front_mu,-,210.572999,1.0499999523162842,2.0
front_mu,-,210.704999,1.0499999523162842,2.0
front_mu,-,210.836999,1.0499999523162842,2.0
front_mu,-,210.935999,1.0499999523162842,2.0
front_mu,-,211.034999,1.0499999523162842,2.0
front_mu,-,211.133999,1.0499999523162842,2.0
front_mu,-,211.232999,1.0499999523162842,2.0
front_mu,-,211.331999,1.0499999523162842,2.0
front_mu,-,211.430999,1.0499999523162842,2.0
front_mu,-,211.529999,1.0499999523162842,2.0
front_mu,-,211.628999,1.0499999523162842,2.0
front_mu,-,211.760999,1.0499999523162842,2.0
front_mu,-,211.892999,1.0499999523162842,2.0
front_mu,-,212.024999,1.0499999523162842,2.0
front_mu,-,212.156999,1.0499999523162842,2.0
front_mu,-,212.255999,1.0499999523162842,2.0
front_mu,-,212.354999,1.0499999523162842,2.0
front_mu,-,212.453999,1.0499999523162842,2.0
front_mu,-,212.552999,1.0499999523162842,2.0
front_mu,-,212.651999,1.0499999523162842,2.0
front_mu,-,212.750999,1.0499999523162842,2.0
front_mu,-,212.849999,1.0499999523162842,2.0
front_mu,-,212.948999,1.0499999523162842,2.0
front_mu,-,213.080999,1.0499999523162842,2.0
front_mu,-,213.212999,1.0499999523162842,2.0
front_mu,-,213.344999,1.0499999523162842,2.0
front_mu,-,213.476999,1.0499999523162842,2.0
front_mu,-,213.575999,1.0499999523162842,2.0
front_mu,-,213.674999,1.0499999523162842,2.0
front_mu,-,213.773999,1.0499999523162842,2.0
front_mu,-,213.872999,1.0499999523162842,2.0
front_mu,-,213.971999,1.0499999523162842,2.0
front_mu,-,214.070999,1.0499999523162842,2.0
front_mu,-,214.169999,1.0499999523162842,2.0
front_mu,-,214.268999,1.0499999523162842,2.0
front_mu,-,214.400999,1.0499999523162842,2.0
front_mu,-,214.532999,1.0499999523162842,2.0
front_mu,-,214.664999,1.0499999523162842,2.0
front_mu,-,214.796999,1.0499999523162842,2.0
front_mu,-,214.895999,1.0499999523162842,2.0
front_mu,-,214.994999,1.0499999523162842,2.0
front_mu,-,215.093999,1.0499999523162842,2.0
front_mu,-,215.192999,1.0499999523162842,2.0
front_mu,-,215.291999,1.0499999523162842,2.0
front_mu,-,215.390999,1.0499999523162842,2.0
front_mu,-,215.489999,1.0499999523162842,2.0
front_mu,-,215.588999,1.0499999523162842,2.0
front_mu,-,215.720999,1.0499999523162842,2.0
front_mu,-,215.852999,1.0499999523162842,2.0
front_mu,-,215.984999,1.0499999523162842,2.0
front_mu,-,216.116999,1.0499999523162842,2.0
front_mu,-,216.215999,1.0499999523162842,2.0
front_mu,-,216.314999,1.0499999523162842,2.0
front_mu,-,216.413999,1.0499999523162842,2.0
front_mu,-,216.512999,1.0499999523162842,2.0
front_mu,-,216.611999,1.0499999523162842,2.0
front_mu,-,216.710999,1.0499999523162842,2.0
front_mu,-,216.809999,1.0499999523162842,2.0
front_mu,-,216.908999,1.0499999523162842,2.0
front_mu,-,217.040999,1.0499999523162842,2.0
front_mu,-,217.172999,1.0499999523162842,2.0
front_mu,-,217.304999,1.0499999523162842,2.0
front_mu,-,217.436999,1.0499999523162842,2.0
front_mu,-,217.535999,1.0499999523162842,2.0
front_mu,-,217.634999,1.0499999523162842,2.0
front_mu,-,217.733999,1.0499999523162842,2.0
front_mu,-,217.832999,1.0499999523162842,2.0
front_mu,-,217.931999,1.0499999523162842,2.0
front_mu,-,218.030999,1.0499999523162842,2.0
front_mu,-,218.129999,1.0499999523162842,2.0
front_mu,-,218.228999,1.0499999523162842,2.0
front_mu,-,218.360999,1.0499999523162842,2.0
front_mu,-,218.492999,1.0499999523162842,2.0
front_mu,-,218.558999,1.0499999523162842,2.0
front_mu,-,218.690999,1.0499999523162842,2.0
front_mu,-,218.822999,1.0499999523162842,2.0
front_mu,-,218.888999,1.0499999523162842,2.0
front_mu,-,219.020999,1.0499999523162842,2.0
front_mu,-,219.086999,1.0499999523162842,2.0
front_mu,-,219.218999,1.0499999523162842,2.0
front_mu,-,219.284999,1.0499999523162842,2.0
front_mu,-,219.416999,1.0499999523162842,2.0
front_mu,-,219.482999,1.0499999523162842,2.0
front_mu,-,219.614999,1.0499999523162842,2.0
front_mu,-,219.746999,1.0499999523162842,2.0
front_mu,-,219.878999,1.0499999523162842,2.0
front_mu,-,220.010999,1.0499999523162842,2.0
front_mu,-,220.142999,1.0499999523162842,2.0
front_mu,-,220.208999,1.0499999523162842,2.0
front_mu,-,220.340999,1.0499999523162842,2.0
front_mu,-,220.406999,1.0499999523162842,2.0
front_mu,-,220.472999,1.0499999523162842,2.0
front_mu,-,220.604999,1.0499999523162842,2.0
front_mu,-,220.670999,1.0499999523162842,2.0
front_mu,-,220.802999,1.0499999523162842,2.0
front_mu,-,220.868999,1.0499999523162842,2.0
front_mu,-,220.967999,1.0499999523162842,2.0
front_mu,-,221.066999,1.0499999523162842,2.0
front_mu,-,221.165999,1.0499999523162842,2.0
front_mu,-,221.264999,1.0499999523162842,2.0
front_mu,-,221.396999,1.0499999523162842,2.0
front_mu,-,221.495999,1.0499999523162842,2.0
front_mu,-,221.594999,1.0499999523162842,2.0
front_mu,-,221.693999,1.0499999523162842,2.0
front_mu,-,221.792999,1.0499999523162842,2.0
front_mu,-,221.891999,1.0499999523162842,2.0
front_mu,-,221.990999,1.0499999523162842,2.0
front_mu,-,222.089999,1.0499999523162842,2.0
front_mu,-,222.188999,1.0499999523162842,2.0
front_mu,-,222.320999,1.0499999523162842,2.0
front_mu,-,222.452999,1.0499999523162842,2.0
front_mu,-,222.584999,1.0499999523162842,2.0
front_mu,-,222.716999,1.0499999523162842,2.0
front_mu,-,222.815999,1.0499999523162842,2.0
front_mu,-,222.914999,1.0499999523162842,2.0
front_mu,-,223.013999,1.0499999523162842,2.0
front_mu,-,223.112999,1.0499999523162842,2.0
front_mu,-,223.211999,1.0499999523162842,2.0
front_mu,-,223.310999,1.0499999523162842,2.0
front_mu,-,223.409999,1.0499999523162842,2.0
front_mu,-,223.508999,1.0499999523162842,2.0
front_mu,-,223.640999,1.0499999523162842,2.0
front_mu,-,223.772999,1.0499999523162842,2.0
front_mu,-,223.904999,1.0499999523162842,2.0
front_mu,-,224.036999,1.0499999523162842,2.0
front_mu,-,224.135999,1.0499999523162842,2.0
front_mu,-,224.234999,1.0499999523162842,2.0
front_mu,-,224.333999,1.0499999523162842,2.0
front_mu,-,224.432999,1.0499999523162842,2.0
front_mu,-,224.531999,1.0499999523162842,2.0
front_mu,-,224.630999,1.0499999523162842,2.0
front_mu,-,224.729999,1.0499999523162842,2.0
front_mu,-,224.828999,1.0499999523162842,2.0
front_mu,-,224.960999,1.0499999523162842,2.0
front_mu,-,225.092999,1.0499999523162842,2.0
front_mu,-,225.224999,1.0499999523162842,2.0
front_mu,-,225.422999,1.0499999523162842,2.0
front_mu,-,225.488999,1.0499999523162842,2.0
front_mu,-,225.620999,1.0499999523162842,2.0
front_mu,-,225.686999,1.0499999523162842,2.0
front_mu,-,225.752999,1.0499999523162842,2.0
front_mu,-,225.851999,1.0499999523162842,2.0
front_mu,-,225.917999,1.0499999523162842,2.0
front_mu,-,226.016999,1.0499999523162842,2.0
front_mu,-,226.082999,1.0499999523162842,2.0
front_mu,-,226.214999,1.0499999523162842,2.0
front_mu,-,226.280999,1.0499999523162842,2.0
front_mu,-,226.412999,1.0499999523162842,2.0
front_mu,-,226.478999,1.0499999523162842,2.0
front_mu,-,226.610999,1.0499999523162842,2.0
front_mu,-,226.676999,1.0499999523162842,2.0
front_mu,-,226.775999,1.0499999523162842,2.0
front_mu,-,226.841999,1.0499999523162842,2.0
front_mu,-,226.940999,1.0499999523162842,2.0
front_mu,-,227.138999,1.0499999523162842,2.0
front_mu,-,227.468999,1.0499999523162842,2.0
front_mu,-,227.798999,1.0499999523162842,2.0
front_mu,-,228.128999,1.0499999523162842,2.0
front_mu,-,228.458999,1.0499999523162842,2.0
front_mu,-,228.788999,1.0499999523162842,2.0
front_mu,-,229.118999,1.0499999523162842,2.0
front_mu,-,229.448999,1.0499999523162842,2.0
front_mu,-,229.514999,1.0499999523162842,2.0
front_mu,-,229.646999,1.0499999523162842,2.0
front_mu,-,229.778999,1.0499999523162842,2.0
front_mu,-,229.844999,1.0499999523162842,2.0
front_mu,-,229.976999,1.0499999523162842,2.0
front_mu,-,230.042999,1.0499999523162842,2.0
front_mu,-,230.174999,1.0499999523162842,2.0
front_mu,-,230.240999,1.0499999523162842,2.0
front_mu,-,230.372999,1.0499999523162842,2.0
front_mu,-,230.504999,1.0499999523162842,2.0
front_mu,-,230.636999,1.0499999523162842,2.0
front_mu,-,230.768999,1.0499999523162842,2.0
front_mu,-,230.900999,1.0499999523162842,2.0
front_mu,-,231.032999,1.0499999523162842,2.0
front_mu,-,231.131999,1.0499999523162842,2.0
front_mu,-,231.230999,1.0499999523162842,2.0
front_mu,-,231.329999,1.0499999523162842,2.0
front_mu,-,231.428999,1.0499999523162842,2.0
front_mu,-,231.527999,1.0499999523162842,2.0
front_mu,-,231.626999,1.0499999523162842,2.0
front_mu,-,231.758999,1.0499999523162842,2.0
front_mu,-,231.890999,1.0499999523162842,2.0
front_mu,-,232.022999,1.0499999523162842,2.0
front_mu,-,232.154999,1.0499999523162842,2.0
front_mu,-,232.286999,1.0499999523162842,2.0
front_mu,-,232.418999,1.0499999523162842,2.0
front_mu,-,232.484999,1.0499999523162842,2.0
front_mu,-,232.616999,1.0499999523162842,2.0
front_mu,-,232.682999,1.0499999523162842,2.0
front_mu,-,232.814999,1.0499999523162842,2.0
front_mu,-,232.880999,1.0499999523162842,2.0
front_mu,-,233.012999,1.0499999523162842,2.0
front_mu,-,233.144999,1.0499999523162842,2.0
front_mu,-,233.276999,1.0499999523162842,2.0
front_mu,-,233.408999,1.0499999523162842,2.0
front_mu,-,233.540999,1.0499999523162842,2.0
front_mu,-,233.672999,1.0499999523162842,2.0
front_mu,-,233.771999,1.0499999523162842,2.0
front_mu,-,233.870999,1.0499999523162842,2.0
front_mu,-,233.969999,1.0499999523162842,2.0
front_mu,-,234.068999,1.0499999523162842,2.0
front_mu,-,234.167999,1.0499999523162842,2.0
front_mu,-,234.266999,1.0499999523162842,2.0
front_mu,-,234.398999,1.0499999523162842,2.0
front_mu,-,234.530999,1.0499999523162842,2.0
front_mu,-,234.662999,1.0499999523162842,2.0
front_mu,-,234.794999,1.0499999523162842,2.0
front_mu,-,234.926999,1.0499999523162842,2.0
front_mu,-,235.058999,1.0499999523162842,2.0
front_mu,-,235.124999,1.0499999523162842,2.0
front_mu,-,235.256999,1.0499999523162842,2.0
front_mu,-,235.322999,1.0499999523162842,2.0
front_mu,-,235.454999,1.0499999523162842,2.0
front_mu,-,235.520999,1.0499999523162842,2.0
front_mu,-,235.652999,1.0499999523162842,2.0
front_mu,-,235.784999,1.0499999523162842,2.0
front_mu,-,235.916999,1.0499999523162842,2.0
front_mu,-,236.048999,1.0499999523162842,2.0
front_mu,-,236.180999,1.0499999523162842,2.0
front_mu,-,236.312999,1.0499999523162842,2.0
front_mu,-,236.411999,1.0499999523162842,2.0
front_mu,-,236.510999,1.0499999523162842,2.0
front_mu,-,236.609999,1.0499999523162842,2.0
front_mu,-,236.708999,1.0499999523162842,2.0
front_mu,-,236.807999,1.0499999523162842,2.0
front_mu,-,236.906999,1.0499999523162842,2.0
front_mu,-,237.038999,1.0499999523162842,2.0
front_mu,-,237.170999,1.0499999523162842,2.0
front_mu,-,237.302999,1.0499999523162842,2.0
front_mu,-,237.434999,1.0499999523162842,2.0
front_mu,-,237.566999,1.0499999523162842,2.0
front_mu,-,237.698999,1.0499999523162842,2.0
front_mu,-,237.764999,1.0499999523162842,2.0
front_mu,-,237.896999,1.0499999523162842,2.0
front_mu,-,237.962999,1.0499999523162842,2.0
front_mu,-,238.094999,1.0499999523162842,2.0
front_mu,-,238.160999,1.0499999523162842,2.0
front_mu,-,238.292999,1.0499999523162842,2.0
front_mu,-,238.424999,1.0499999523162842,2.0
front_mu,-,238.556999,1.0499999523162842,2.0
front_mu,-,238.688999,1.0499999523162842,2.0
front_mu,-,238.820999,1.0499999523162842,2.0
front_mu,-,238.952999,1.0499999523162842,2.0
front_mu,-,239.051999,1.0499999523162842,2.0
front_mu,-,239.150999,1.0499999523162842,2.0
front_mu,-,239.249999,1.0499999523162842,2.0
front_mu,-,239.348999,1.0499999523162842,2.0
front_mu,-,239.447999,1.0499999523162842,2.0
front_mu,-,239.546999,1.0499999523162842,2.0
front_mu,-,239.645999,1.0499999523162842,2.0
front_mu,-,239.744999,1.0499999523162842,2.0
front_mu,-,239.876999,1.0499999523162842,2.0
front_mu,-,240.008999,1.0499999523162842,2.0
front_mu,-,240.140999,1.0499999523162842,2.0
front_mu,-,240.272999,1.0499999523162842,2.0
front_mu,-,240.371999,1.0499999523162842,2.0
front_mu,-,240.470999,1.0499999523162842,2.0
front_mu,-,240.569999,1.0499999523162842,2.0
front_mu,-,240.668999,1.0499999523162842,2.0
front_mu,-,240.767999,1.0499999523162842,2.0
front_mu,-,240.866999,1.0499999523162842,2.0
front_mu,-,240.998999,1.0499999523162842,2.0
front_mu,-,241.130999,1.0499999523162842,2.0
front_mu,-,241.262999,1.0499999523162842,2.0
front_mu,-,241.394999,1.0499999523162842,2.0
front_mu,-,241.526999,1.0499999523162842,2.0
front_mu,-,241.658999,1.0499999523162842,2.0
front_mu,-,241.724999,1.0499999523162842,2.0
front_mu,-,241.856999,1.0499999523162842,2.0
front_mu,-,241.922999,1.0499999523162842,2.0
front_mu,-,242.054999,1.0499999523162842,2.0
front_mu,-,242.120999,1.0499999523162842,2.0
front_mu,-,242.252999,1.0499999523162842,2.0
front_mu,-,242.384999,1.0499999523162842,2.0
front_mu,-,242.516999,1.0499999523162842,2.0
front_mu,-,242.648999,1.0499999523162842,2.0
front_mu,-,242.780999,1.0499999523162842,2.0
front_mu,-,242.912999,1.0499999523162842,2.0
front_mu,-,243.011999,1.0499999523162842,2.0
front_mu,-,243.110999,1.0499999523162842,2.0
front_mu,-,243.209999,1.0499999523162842,2.0
front_mu,-,243.308999,1.0499999523162842,2.0
front_mu,-,243.407999,1.0499999523162842,2.0
front_mu,-,243.506999,1.0499999523162842,2.0
front_mu,-,243.638999,1.0499999523162842,2.0
front_mu,-,243.770999,1.0499999523162842,2.0
front_mu,-,243.902999,1.0499999523162842,2.0
front_mu,-,244.034999,1.0499999523162842,2.0
front_mu,-,244.166999,1.0499999523162842,2.0
front_mu,-,244.298999,1.0499999523162842,2.0
front_mu,-,244.364999,1.0499999523162842,2.0
front_mu,-,244.496999,1.0499999523162842,2.0
front_mu,-,244.562999,1.0499999523162842,2.0
front_mu,-,244.694999,1.0499999523162842,2.0
front_mu,-,244.760999,1.0499999523162842,2.0
front_mu,-,244.892999,1.0499999523162842,2.0
front_mu,-,245.024999,1.0499999523162842,2.0
front_mu,-,245.156999,1.0499999523162842,2.0
front_mu,-,245.288999,1.0499999523162842,2.0
front_mu,-,245.420999,1.0499999523162842,2.0
front_mu,-,245.552999,1.0499999523162842,2.0
front_mu,-,245.651999,1.0499999523162842,2.0
front_mu,-,245.750999,1.0499999523162842,2.0
front_mu,-,245.849999,1.0499999523162842,2.0
front_mu,-,245.948999,1.0499999523162842,2.0
front_mu,-,246.047999,1.0499999523162842,2.0
front_mu,-,246.146999,1.0499999523162842,2.0
front_mu,-,246.278999,1.0499999523162842,2.0
front_mu,-,246.410999,1.0499999523162842,2.0
front_mu,-,246.542999,1.0499999523162842,2.0
front_mu,-,246.674999,1.0499999523162842,2.0
front_mu,-,246.806999,1.0499999523162842,2.0
front_mu,-,246.938999,1.0499999523162842,2.0
front_mu,-,247.004999,1.0499999523162842,2.0
front_mu,-,247.136999,1.0499999523162842,2.0
front_mu,-,247.202999,1.0499999523162842,2.0
front_mu,-,247.334999,1.0499999523162842,2.0
front_mu,-,247.400999,1.0499999523162842,2.0
front_mu,-,247.532999,1.0499999523162842,2.0
front_mu,-,247.664999,1.0499999523162842,2.0
front_mu,-,247.796999,1.0499999523162842,2.0
front_mu,-,247.928999,1.0499999523162842,2.0
front_mu,-,248.060999,1.0499999523162842,2.0
front_mu,-,248.192999,1.0499999523162842,2.0
front_mu,-,248.291999,1.0499999523162842,2.0
front_mu,-,248.390999,1.0499999523162842,2.0
front_mu,-,248.489999,1.0499999523162842,2.0
front_mu,-,248.588999,1.0499999523162842,2.0
front_mu,-,248.687999,1.0499999523162842,2.0
front_mu,-,248.786999,1.0499999523162842,2.0
front_mu,-,248.918999,1.0499999523162842,2.0
front_mu,-,249.050999,1.0499999523162842,2.0
front_mu,-,249.182999,1.0499999523162842,2.0
front_mu,-,249.314999,1.0499999523162842,2.0
front_mu,-,249.446999,1.0499999523162842,2.0
front_mu,-,249.578999,1.0499999523162842,2.0
front_mu,-,249.644999,1.0499999523162842,2.0
front_mu,-,249.776999,1.0499999523162842,2.0
front_mu,-,249.842999,1.0499999523162842,2.0
front_mu,-,249.974999,1.0499999523162842,2.0
front_mu,-,250.040999,1.0499999523162842,2.0
front_mu,-,250.172999,1.0499999523162842,2.0
front_mu,-,250.238999,1.0499999523162842,2.0
front_mu,-,250.370999,1.0499999523162842,2.0
front_mu,-,250.502999,1.0499999523162842,2.0
front_mu,-,250.634999,1.0499999523162842,2.0
front_mu,-,250.766999,1.0499999523162842,2.0
front_mu,-,250.898999,1.0499999523162842,2.0
front_mu,-,250.964999,1.0499999523162842,2.0
front_mu,-,251.096999,1.0499999523162842,2.0
front_mu,-,251.162999,1.0499999523162842,2.0
front_mu,-,251.294999,1.0499999523162842,2.0
front_mu,-,251.426999,1.0499999523162842,2.0
front_mu,-,251.558999,1.0499999523162842,2.0
front_mu,-,251.690999,1.0499999523162842,2.0
front_mu,-,251.822999,1.0499999523162842,2.0
front_mu,-,251.954999,1.0499999523162842,2.0
front_mu,-,252.086999,1.0499999523162842,2.0
front_mu,-,252.218999,1.0499999523162842,2.0
front_mu,-,252.284999,1.0499999523162842,2.0
front_mu,-,252.416999,1.0499999523162842,2.0
front_mu,-,252.482999,1.0499999523162842,2.0
front_mu,-,252.614999,1.0499999523162842,2.0
front_mu,-,252.680999,1.0499999523162842,2.0
front_mu,-,252.812999,1.0499999523162842,2.0
front_mu,-,252.944999,1.0499999523162842,2.0
front_mu,-,253.076999,1.0499999523162842,2.0
front_mu,-,253.208999,1.0499999523162842,2.0
front_mu,-,253.340999,1.0499999523162842,2.0
front_mu,-,253.472999,1.0499999523162842,2.0
front_mu,-,253.571999,1.0499999523162842,2.0
front_mu,-,253.670999,1.0499999523162842,2.0
front_mu,-,253.769999,1.0499999523162842,2.0
front_mu,-,253.868999,1.0499999523162842,2.0
front_mu,-,253.967999,1.0499999523162842,2.0
front_mu,-,254.066999,1.0499999523162842,2.0
front_mu,-,254.198999,1.0499999523162842,2.0
front_mu,-,254.330999,1.0499999523162842,2.0
front_mu,-,254.462999,1.0499999523162842,2.0
front_mu,-,254.594999,1.0499999523162842,2.0
front_mu,-,254.726999,1.0499999523162842,2.0
front_mu,-,254.858999,1.0499999523162842,2.0
front_mu,-,254.924999,1.0499999523162842,2.0
front_mu,-,255.056999,1.0499999523162842,2.0
front_mu,-,255.122999,1.0499999523162842,2.0
front_mu,-,255.254999,1.0499999523162842,2.0
front_mu,-,255.320999,1.0499999523162842,2.0
front_mu,-,255.452999,1.0499999523162842,2.0
front_mu,-,255.584999,1.0499999523162842,2.0
front_mu,-,255.716999,1.0499999523162842,2.0
front_mu,-,255.848999,1.0499999523162842,2.0
front_mu,-,255.980999,1.0499999523162842,2.0
front_mu,-,256.112999,1.0499999523162842,2.0
front_mu,-,256.211999,1.0499999523162842,2.0
front_mu,-,256.310999,1.0499999523162842,2.0
front_mu,-,256.409999,1.0499999523162842,2.0
front_mu,-,256.508999,1.0499999523162842,2.0
front_mu,-,256.607999,1.0499999523162842,2.0
front_mu,-,256.706999,1.0499999523162842,2.0
front_mu,-,256.838999,1.0499999523162842,2.0
front_mu,-,256.970999,1.0499999523162842,2.0
front_mu,-,257.102998,1.0499999523162842,2.0
front_mu,-,257.234999,1.0499999523162842,2.0
front_mu,-,257.366999,1.0499999523162842,2.0
front_mu,-,257.498999,1.0499999523162842,2.0
front_mu,-,257.564999,1.0499999523162842,2.0
front_mu,-,257.696999,1.0499999523162842,2.0
front_mu,-,257.762999,1.0499999523162842,2.0
front_mu,-,257.894999,1.0499999523162842,2.0
front_mu,-,257.960999,1.0499999523162842,2.0
front_mu,-,258.092999,1.0499999523162842,2.0
front_mu,-,258.224999,1.0499999523162842,2.0
front_mu,-,258.356999,1.0499999523162842,2.0
front_mu,-,258.488999,1.0499999523162842,2.0
front_mu,-,258.620999,1.0499999523162842,2.0
front_mu,-,258.752999,1.0499999523162842,2.0
front_mu,-,258.851999,1.0499999523162842,2.0
front_mu,-,258.950999,1.0499999523162842,2.0
front_mu,-,259.049999,1.0499999523162842,2.0
front_mu,-,259.148998,1.0499999523162842,2.0
front_mu,-,259.247999,1.0499999523162842,2.0
front_mu,-,259.346999,1.0499999523162842,2.0
front_mu,-,259.478999,1.0499999523162842,2.0
front_mu,-,259.610999,1.0499999523162842,2.0
front_mu,-,259.742999,1.0499999523162842,2.0
front_mu,-,259.874999,1.0499999523162842,2.0
front_mu,-,260.006999,1.0499999523162842,2.0
front_mu,-,260.138999,1.0499999523162842,2.0
front_mu,-,260.204998,1.0499999523162842,2.0
front_mu,-,260.336999,1.0499999523162842,2.0
front_mu,-,260.402999,1.0499999523162842,2.0
front_mu,-,260.534999,1.0499999523162842,2.0
front_mu,-,260.600999,1.0499999523162842,2.0
front_mu,-,260.798999,1.0499999523162842,2.0
front_mu,-,260.930999,1.0499999523162842,2.0
front_mu,-,261.062999,1.0499999523162842,2.0
front_mu,-,261.194999,1.0499999523162842,2.0
front_mu,-,261.326998,1.0499999523162842,2.0
front_mu,-,261.458999,1.0499999523162842,2.0
front_mu,-,261.524999,1.0499999523162842,2.0
front_mu,-,261.656999,1.0499999523162842,2.0
front_mu,-,261.722999,1.0499999523162842,2.0
front_mu,-,261.854999,1.0499999523162842,2.0
front_mu,-,261.920999,1.0499999523162842,2.0
front_mu,-,262.052999,1.0499999523162842,2.0
front_mu,-,262.184999,1.0499999523162842,2.0
front_mu,-,262.316998,1.0499999523162842,2.0
front_mu,-,262.448999,1.0499999523162842,2.0
front_mu,-,262.580999,1.0499999523162842,2.0
front_mu,-,262.712999,1.0499999523162842,2.0
front_mu,-,262.811999,1.0499999523162842,2.0
front_mu,-,262.910999,1.0499999523162842,2.0
front_mu,-,263.009999,1.0499999523162842,2.0
front_mu,-,263.108999,1.0499999523162842,2.0
front_mu,-,263.207999,1.0499999523162842,2.0
front_mu,-,263.306998,1.0499999523162842,2.0
front_mu,-,263.405998,1.0499999523162842,2.0
front_mu,-,263.504999,1.0499999523162842,2.0
front_mu,-,263.636999,1.0499999523162842,2.0
front_mu,-,263.768999,1.0499999523162842,2.0
front_mu,-,263.900999,1.0499999523162842,2.0
front_mu,-,264.032999,1.0499999523162842,2.0
front_mu,-,264.131999,1.0499999523162842,2.0
front_mu,-,264.230999,1.0499999523162842,2.0
front_mu,-,264.329998,1.0499999523162842,2.0
front_mu,-,264.428998,1.0499999523162842,2.0
front_mu,-,264.527999,1.0499999523162842,2.0
front_mu,-,264.626999,1.0499999523162842,2.0
front_mu,-,264.758999,1.0499999523162842,2.0
front_mu,-,264.890999,1.0499999523162842,2.0
front_mu,-,265.022999,1.0499999523162842,2.0
front_mu,-,265.154999,1.0499999523162842,2.0
front_mu,-,265.286999,1.0499999523162842,2.0
front_mu,-,265.418998,1.0499999523162842,2.0
front_mu,-,265.484998,1.0499999523162842,2.0
front_mu,-,265.616999,1.0499999523162842,2.0
front_mu,-,265.682999,1.0499999523162842,2.0
front_mu,-,265.814999,1.0499999523162842,2.0
front_mu,-,265.880999,1.0499999523162842,2.0
front_mu,-,266.012999,1.0499999523162842,2.0
front_mu,-,266.144999,1.0499999523162842,2.0
front_mu,-,266.276999,1.0499999523162842,2.0
front_mu,-,266.408998,1.0499999523162842,2.0
front_mu,-,266.540998,1.0499999523162842,2.0
front_mu,-,266.639999,1.0499999523162842,2.0
front_mu,-,266.738999,1.0499999523162842,2.0
front_mu,-,266.804999,1.0499999523162842,2.0
front_mu,-,266.936999,1.0499999523162842,2.0
front_mu,-,267.002999,1.0499999523162842,2.0
front_mu,-,267.134999,1.0499999523162842,2.0
front_mu,-,267.200999,1.0499999523162842,2.0
front_mu,-,267.332999,1.0499999523162842,2.0
front_mu,-,267.398998,1.0499999523162842,2.0
front_mu,-,267.530998,1.0499999523162842,2.0
front_mu,-,267.662998,1.0499999523162842,2.0
front_mu,-,267.794999,1.0499999523162842,2.0
front_mu,-,267.926999,1.0499999523162842,2.0
front_mu,-,268.058999,1.0499999523162842,2.0
front_mu,-,268.124999,1.0499999523162842,2.0
front_mu,-,268.256999,1.0499999523162842,2.0
front_mu,-,268.322999,1.0499999523162842,2.0
front_mu,-,268.454998,1.0499999523162842,2.0
front_mu,-,268.520998,1.0499999523162842,2.0
front_mu,-,268.652998,1.0499999523162842,2.0
front_mu,-,268.784999,1.0499999523162842,2.0
front_mu,-,268.916999,1.0499999523162842,2.0
front_mu,-,269.048999,1.0499999523162842,2.0
front_mu,-,269.180999,1.0499999523162842,2.0
front_mu,-,269.312999,1.0499999523162842,2.0
front_mu,-,269.411999,1.0499999523162842,2.0
front_mu,-,269.510998,1.0499999523162842,2.0
front_mu,-,269.609998,1.0499999523162842,2.0
front_mu,-,269.708998,1.0499999523162842,2.0
front_mu,-,269.807999,1.0499999523162842,2.0
front_mu,-,269.906999,1.0499999523162842,2.0
front_mu,-,270.038999,1.0499999523162842,2.0
front_mu,-,270.170999,1.0499999523162842,2.0
front_mu,-,270.302999,1.0499999523162842,2.0
front_mu,-,270.434999,1.0499999523162842,2.0
front_mu,-,270.566998,1.0499999523162842,2.0
front_mu,-,270.698998,1.0499999523162842,2.0
front_mu,-,270.764998,1.0499999523162842,2.0
front_mu,-,270.896999,1.0499999523162842,2.0
front_mu,-,270.962999,1.0499999523162842,2.0
front_mu,-,271.094999,1.0499999523162842,2.0
front_mu,-,271.160999,1.0499999523162842,2.0
front_mu,-,271.292999,1.0499999523162842,2.0
front_mu,-,271.358999,1.0499999523162842,2.0
front_mu,-,271.490999,1.0499999523162842,2.0
front_mu,-,271.622998,1.0499999523162842,2.0
front_mu,-,271.754998,1.0499999523162842,2.0
front_mu,-,271.886998,1.0499999523162842,2.0
front_mu,-,272.018999,1.0499999523162842,2.0
front_mu,-,272.084999,1.0499999523162842,2.0
front_mu,-,272.216999,1.0499999523162842,2.0
front_mu,-,272.282999,1.0499999523162842,2.0
front_mu,-,272.414999,1.0499999523162842,2.0
front_mu,-,272.480999,1.0499999523162842,2.0
front_mu,-,272.612998,1.0499999523162842,2.0
front_mu,-,272.744998,1.0499999523162842,2.0
front_mu,-,272.876998,1.0499999523162842,2.0
front_mu,-,273.008999,1.0499999523162842,2.0
front_mu,-,273.140999,1.0499999523162842,2.0
front_mu,-,273.272999,1.0499999523162842,2.0
front_mu,-,273.371999,1.0499999523162842,2.0
front_mu,-,273.470999,1.0499999523162842,2.0
front_mu,-,273.569999,1.0499999523162842,2.0
front_mu,-,273.668998,1.0499999523162842,2.0
front_mu,-,273.767998,1.0499999523162842,2.0
front_mu,-,273.866998,1.0499999523162842,2.0
front_mu,-,273.965998,1.0499999523162842,2.0
front_mu,-,274.064999,1.0499999523162842,2.0
front_mu,-,274.196999,1.0499999523162842,2.0
front_mu,-,274.328999,1.0499999523162842,2.0
front_mu,-,274.460999,1.0499999523162842,2.0
front_mu,-,274.592999,1.0499999523162842,2.0
front_mu,-,274.691998,1.0499999523162842,2.0
front_mu,-,274.790998,1.0499999523162842,2.0
front_mu,-,274.889998,1.0499999523162842,2.0
front_mu,-,274.988998,1.0499999523162842,2.0
front_mu,-,275.087999,1.0499999523162842,2.0
front_mu,-,275.186999,1.0499999523162842,2.0
front_mu,-,275.318999,1.0499999523162842,2.0
front_mu,-,275.450999,1.0499999523162842,2.0
front_mu,-,275.582999,1.0499999523162842,2.0
front_mu,-,275.714998,1.0499999523162842,2.0
front_mu,-,275.846998,1.0499999523162842,2.0
front_mu,-,275.978998,1.0499999523162842,2.0
front_mu,-,276.044998,1.0499999523162842,2.0
front_mu,-,276.176999,1.0499999523162842,2.0
front_mu,-,276.242999,1.0499999523162842,2.0
front_mu,-,276.374999,1.0499999523162842,2.0
front_mu,-,276.440999,1.0499999523162842,2.0
front_mu,-,276.572999,1.0499999523162842,2.0
front_mu,-,276.638999,1.0499999523162842,2.0
front_mu,-,276.770998,1.0499999523162842,2.0
front_mu,-,276.902998,1.0499999523162842,2.0
front_mu,-,277.034998,1.0499999523162842,2.0
front_mu,-,277.166998,1.0499999523162842,2.0
front_mu,-,277.298999,1.0499999523162842,2.0
front_mu,-,277.364999,1.0499999523162842,2.0
front_mu,-,277.496999,1.0499999523162842,2.0
front_mu,-,277.562999,1.0499999523162842,2.0
front_mu,-,277.694999,1.0499999523162842,2.0
front_mu,-,277.760998,1.0499999523162842,2.0
front_mu,-,277.892998,1.0499999523162842,2.0
front_mu,-,278.024998,1.0499999523162842,2.0
front_mu,-,278.156998,1.0499999523162842,2.0
front_mu,-,278.288999,1.0499999523162842,2.0
front_mu,-,278.420999,1.0499999523162842,2.0
front_mu,-,278.552999,1.0499999523162842,2.0
front_mu,-,278.651999,1.0499999523162842,2.0
front_mu,-,278.750998,1.0499999523162842,2.0
front_mu,-,278.849998,1.0499999523162842,2.0
front_mu,-,278.948998,1.0499999523162842,2.0
front_mu,-,279.047998,1.0499999523162842,2.0
front_mu,-,279.146998,1.0499999523162842,2.0
front_mu,-,279.278998,1.0499999523162842,2.0
front_mu,-,279.410999,1.0499999523162842,2.0
front_mu,-,279.542999,1.0499999523162842,2.0
front_mu,-,279.674999,1.0499999523162842,2.0
front_mu,-,279.806998,1.0499999523162842,2.0
front_mu,-,279.938998,1.0499999523162842,2.0
front_mu,-,280.004998,1.0499999523162842,2.0
front_mu,-,280.136998,1.0499999523162842,2.0
front_mu,-,280.202998,1.0499999523162842,2.0
front_mu,-,280.334998,1.0499999523162842,2.0
front_mu,-,280.400999,1.0499999523162842,2.0
front_mu,-,280.532999,1.0499999523162842,2.0
front_mu,-,280.598999,1.0499999523162842,2.0
front_mu,-,280.730999,1.0499999523162842,2.0
front_mu,-,280.862998,1.0499999523162842,2.0
front_mu,-,280.994998,1.0499999523162842,2.0
front_mu,-,281.126998,1.0499999523162842,2.0
front_mu,-,281.258998,1.0499999523162842,2.0
front_mu,-,281.324998,1.0499999523162842,2.0
front_mu,-,281.456999,1.0499999523162842,2.0
front_mu,-,281.522999,1.0499999523162842,2.0
front_mu,-,281.654999,1.0499999523162842,2.0
front_mu,-,281.720999,1.0499999523162842,2.0
front_mu,-,281.852998,1.0499999523162842,2.0
front_mu,-,281.984998,1.0499999523162842,2.0
front_mu,-,282.116998,1.0499999523162842,2.0
front_mu,-,282.248998,1.0499999523162842,2.0
front_mu,-,282.380998,1.0499999523162842,2.0
front_mu,-,282.512999,1.0499999523162842,2.0
front_mu,-,282.611999,1.0499999523162842,2.0
front_mu,-,282.710999,1.0499999523162842,2.0
front_mu,-,282.842999,1.0499999523162842,2.0
front_mu,-,282.974998,1.0499999523162842,2.0
front_mu,-,283.040998,1.0499999523162842,2.0
front_mu,-,283.172998,1.0499999523162842,2.0
front_mu,-,283.304998,1.0499999523162842,2.0
front_mu,-,283.436998,1.0499999523162842,2.0
front_mu,-,283.568999,1.0499999523162842,2.0
front_mu,-,283.700999,1.0499999523162842,2.0
front_mu,-,283.832999,1.0499999523162842,2.0
front_mu,-,283.931998,1.0499999523162842,2.0
front_mu,-,284.030998,1.0499999523162842,2.0
front_mu,-,284.129998,1.0499999523162842,2.0
front_mu,-,284.228998,1.0499999523162842,2.0
front_mu,-,284.327998,1.0499999523162842,2.0
front_mu,-,284.426998,1.0499999523162842,2.0
front_mu,-,284.558998,1.0499999523162842,2.0
front_mu,-,284.690999,1.0499999523162842,2.0
front_mu,-,284.822999,1.0499999523162842,2.0
front_mu,-,284.954998,1.0499999523162842,2.0
front_mu,-,285.086998,1.0499999523162842,2.0
front_mu,-,285.218998,1.0499999523162842,2.0
front_mu,-,285.284998,1.0499999523162842,2.0
front_mu,-,285.416998,1.0499999523162842,2.0
front_mu,-,285.482998,1.0499999523162842,2.0
front_mu,-,285.614998,1.0499999523162842,2.0
front_mu,-,285.680999,1.0499999523162842,2.0
front_mu,-,285.812999,1.0499999523162842,2.0
front_mu,-,285.944999,1.0499999523162842,2.0
front_mu,-,286.076998,1.0499999523162842,2.0
front_mu,-,286.208998,1.0499999523162842,2.0
front_mu,-,286.406998,1.0499999523162842,2.0
front_mu,-,286.538998,1.0499999523162842,2.0
front_mu,-,286.604998,1.0499999523162842,2.0
front_mu,-,286.736999,1.0499999523162842,2.0
front_mu,-,286.802999,1.0499999523162842,2.0
front_mu,-,286.934999,1.0499999523162842,2.0
front_mu,-,287.000998,1.0499999523162842,2.0
front_mu,-,287.132998,1.0499999523162842,2.0
front_mu,-,287.264998,1.0499999523162842,2.0
front_mu,-,287.396998,1.0499999523162842,2.0
front_mu,-,287.528998,1.0499999523162842,2.0
front_mu,-,287.660998,1.0499999523162842,2.0
front_mu,-,287.792999,1.0499999523162842,2.0
front_mu,-,287.891999,1.0499999523162842,2.0
front_mu,-,287.990999,1.0499999523162842,2.0
front_mu,-,288.089998,1.0499999523162842,2.0
front_mu,-,288.188998,1.0499999523162842,2.0
front_mu,-,288.287998,1.0499999523162842,2.0
front_mu,-,288.386998,1.0499999523162842,2.0
front_mu,-,288.518998,1.0499999523162842,2.0
front_mu,-,288.650998,1.0499999523162842,2.0
front_mu,-,288.782998,1.0499999523162842,2.0
front_mu,-,288.914999,1.0499999523162842,2.0
front_mu,-,289.046999,1.0499999523162842,2.0
front_mu,-,289.178998,1.0499999523162842,2.0
front_mu,-,289.244998,1.0499999523162842,2.0
front_mu,-,289.376998,1.0499999523162842,2.0
front_mu,-,289.442998,1.0499999523162842,2.0
front_mu,-,289.607998,1.0499999523162842,2.0
front_mu,-,289.706998,1.0499999523162842,2.0
front_mu,-,289.838998,1.0499999523162842,2.0
front_mu,-,289.970999,1.0499999523162842,2.0
front_mu,-,290.102998,1.0499999523162842,2.0
front_mu,-,290.234998,1.0499999523162842,2.0
front_mu,-,290.366998,1.0499999523162842,2.0
front_mu,-,290.531998,1.0499999523162842,2.0
front_mu,-,290.630998,1.0499999523162842,2.0
front_mu,-,290.729998,1.0499999523162842,2.0
front_mu,-,290.894998,1.0499999523162842,2.0
front_mu,-,290.960999,1.0499999523162842,2.0
front_mu,-,291.092999,1.0499999523162842,2.0
front_mu,-,291.224998,1.0499999523162842,2.0
front_mu,-,291.323998,1.0499999523162842,2.0
front_mu,-,291.422998,1.0499999523162842,2.0
front_mu,-,291.554998,1.0499999523162842,2.0
front_mu,-,291.686998,1.0499999523162842,2.0
front_mu,-,291.818998,1.0499999523162842,2.0
front_mu,-,291.884998,1.0499999523162842,2.0
front_mu,-,292.016999,1.0499999523162842,2.0
front_mu,-,292.082999,1.0499999523162842,2.0
front_mu,-,292.214998,1.0499999523162842,2.0
front_mu,-,292.280998,1.0499999523162842,2.0
front_mu,-,292.412998,1.0499999523162842,2.0
front_mu,-,292.544998,1.0499999523162842,2.0
front_mu,-,292.676998,1.0499999523162842,2.0
front_mu,-,292.808998,1.0499999523162842,2.0
front_mu,-,292.940998,1.0499999523162842,2.0
front_mu,-,293.072999,1.0499999523162842,2.0
front_mu,-,293.171999,1.0499999523162842,2.0
front_mu,-,293.270998,1.0499999523162842,2.0
front_mu,-,293.369998,1.0499999523162842,2.0
front_mu,-,293.468998,1.0499999523162842,2.0
front_mu,-,293.567998,1.0499999523162842,2.0
front_mu,-,293.666998,1.0499999523162842,2.0
front_mu,-,293.798998,1.0499999523162842,2.0
front_mu,-,293.930998,1.0499999523162842,2.0
front_mu,-,294.062998,1.0499999523162842,2.0
front_mu,-,294.194999,1.0499999523162842,2.0
front_mu,-,294.326998,1.0499999523162842,2.0
front_mu,-,294.458998,1.0499999523162842,2.0
front_mu,-,294.524998,1.0499999523162842,2.0
front_mu,-,294.656998,1.0499999523162842,2.0
front_mu,-,294.722998,1.0499999523162842,2.0
front_mu,-,294.854998,1.0499999523162842,2.0
front_mu,-,294.920998,1.0499999523162842,2.0
front_mu,-,295.052998,1.0499999523162842,2.0
front_mu,-,295.184999,1.0499999523162842,2.0
front_mu,-,295.316998,1.0499999523162842,2.0
front_mu,-,295.448998,1.0499999523162842,2.0
front_mu,-,295.580998,1.0499999523162842,2.0
front_mu,-,295.712998,1.0499999523162842,2.0
front_mu,-,295.811998,1.0499999523162842,2.0
front_mu,-,295.910998,1.0499999523162842,2.0
front_mu,-,296.009998,1.0499999523162842,2.0
front_mu,-,296.108998,1.0499999523162842,2.0
front_mu,-,296.207999,1.0499999523162842,2.0
front_mu,-,296.306998,1.0499999523162842,2.0
front_mu,-,296.438998,1.0499999523162842,2.0
front_mu,-,296.570998,1.0499999523162842,2.0
front_mu,-,296.702998,1.0499999523162842,2.0
front_mu,-,296.834998,1.0499999523162842,2.0
front_mu,-,296.966998,1.0499999523162842,2.0
front_mu,-,297.098998,1.0499999523162842,2.0
front_mu,-,297.164998,1.0499999523162842,2.0
front_mu,-,297.296999,1.0499999523162842,2.0
front_mu,-,297.362998,1.0499999523162842,2.0
front_mu,-,297.494998,1.0499999523162842,2.0
front_mu,-,297.560998,1.0499999523162842,2.0
front_mu,-,297.692998,1.0499999523162842,2.0
front_mu,-,297.758998,1.0499999523162842,2.0
front_mu,-,297.890998,1.0499999523162842,2.0
front_mu,-,297.956998,1.0499999523162842,2.0
front_mu,-,298.088998,1.0499999523162842,2.0
front_mu,-,298.220998,1.0499999523162842,2.0
front_mu,-,298.352998,1.0499999523162842,2.0
front_mu,-,298.451998,1.0499999523162842,2.0
front_mu,-,298.550998,1.0499999523162842,2.0
front_mu,-,298.649998,1.0499999523162842,2.0
front_mu,-,298.748998,1.0499999523162842,2.0
front_mu,-,298.847998,1.0499999523162842,2.0
front_mu,-,298.946998,1.0499999523162842,2.0
front_mu,-,299.045998,1.0499999523162842,2.0
front_mu,-,299.144998,1.0499999523162842,2.0
front_mu,-,299.276998,1.0499999523162842,2.0
front_mu,-,299.408998,1.0499999523162842,2.0
front_mu,-,299.540998,1.0499999523162842,2.0
front_mu,-,299.672998,1.0499999523162842,2.0
front_mu,-,299.771998,1.0499999523162842,2.0
front_mu,-,299.870998,1.0499999523162842,2.0
front_mu,-,299.969998,1.0499999523162842,2.0
front_mu,-,300.068998,1.0499999523162842,2.0
front_mu,-,300.167998,1.0499999523162842,2.0
front_mu,-,300.266998,1.0499999523162842,2.0
front_mu,-,300.398998,1.0499999523162842,2.0
front_mu,-,300.530998,1.0499999523162842,2.0
front_mu,-,300.662998,1.0499999523162842,2.0
front_mu,-,300.794998,1.0499999523162842,2.0
front_mu,-,300.926998,1.0499999523162842,2.0
front_mu,-,301.058998,1.0499999523162842,2.0
front_mu,-,301.124998,1.0499999523162842,2.0
front_mu,-,301.256998,1.0499999523162842,2.0
front_mu,-,301.322998,1.0499999523162842,2.0
front_mu,-,301.454998,1.0499999523162842,2.0
front_mu,-,301.520998,1.0499999523162842,2.0
front_mu,-,301.652998,1.0499999523162842,2.0
front_mu,-,301.784998,1.0499999523162842,2.0
front_mu,-,301.916998,1.0499999523162842,2.0
front_mu,-,302.048998,1.0499999523162842,2.0
front_mu,-,302.180998,1.0499999523162842,2.0
front_mu,-,302.312998,1.0499999523162842,2.0
front_mu,-,302.411998,1.0499999523162842,2.0
front_mu,-,302.510998,1.0499999523162842,2.0
front_mu,-,302.609998,1.0499999523162842,2.0
front_mu,-,302.708998,1.0499999523162842,2.0
front_mu,-,302.807998,1.0499999523162842,2.0
front_mu,-,302.906998,1.0499999523162842,2.0
front_mu,-,303.038998,1.0499999523162842,2.0
front_mu,-,303.170998,1.0499999523162842,2.0
front_mu,-,303.302998,1.0499999523162842,2.0
front_mu,-,303.434998,1.0499999523162842,2.0
front_mu,-,303.566998,1.0499999523162842,2.0
front_mu,-,303.698998,1.0499999523162842,2.0
front_mu,-,303.764998,1.0499999523162842,2.0
front_mu,-,303.896998,1.0499999523162842,2.0
front_mu,-,303.962998,1.0499999523162842,2.0
front_mu,-,304.094998,1.0499999523162842,2.0
front_mu,-,304.160998,1.0499999523162842,2.0
front_mu,-,304.292998,1.0499999523162842,2.0
front_mu,-,304.424998,1.0499999523162842,2.0
front_mu,-,304.556998,1.0499999523162842,2.0
front_mu,-,304.688998,1.0499999523162842,2.0
front_mu,-,304.820998,1.0499999523162842,2.0
front_mu,-,304.952998,1.0499999523162842,2.0
front_mu,-,305.051998,1.0499999523162842,2.0
front_mu,-,305.150998,1.0499999523162842,2.0
front_mu,-,305.249998,1.0499999523162842,2.0
front_mu,-,305.348998,1.0499999523162842,2.0
front_mu,-,305.447998,1.0499999523162842,2.0
front_mu,-,305.546998,1.0499999523162842,2.0
front_mu,-,305.645998,1.0499999523162842,2.0
front_mu,-,305.744998,1.0499999523162842,2.0
front_mu,-,305.876998,1.0499999523162842,2.0
front_mu,-,306.008998,1.0499999523162842,2.0
front_mu,-,306.140998,1.0499999523162842,2.0
front_mu,-,306.272998,1.0499999523162842,2.0
front_mu,-,306.371998,1.0499999523162842,2.0
front_mu,-,306.470998,1.0499999523162842,2.0
front_mu,-,306.569998,1.0499999523162842,2.0
front_mu,-,306.668998,1.0499999523162842,2.0
front_mu,-,306.767998,1.0499999523162842,2.0
front_mu,-,306.866998,1.0499999523162842,2.0
front_mu,-,306.965998,1.0499999523162842,2.0
front_mu,-,307.064998,1.0499999523162842,2.0
front_mu,-,307.196998,1.0499999523162842,2.0
front_mu,-,307.328998,1.0499999523162842,2.0
front_mu,-,307.460998,1.0499999523162842,2.0
front_mu,-,307.592998,1.0499999523162842,2.0
front_mu,-,307.691998,1.0499999523162842,2.0
front_mu,-,307.790998,1.0499999523162842,2.0
front_mu,-,307.889998,1.0499999523162842,2.0
front_mu,-,307.988998,1.0499999523162842,2.0
front_mu,-,308.087998,1.0499999523162842,2.0
front_mu,-,308.186998,1.0499999523162842,2.0
front_mu,-,308.285998,1.0499999523162842,2.0
front_mu,-,308.384998,1.0499999523162842,2.0
front_mu,-,308.516998,1.0499999523162842,2.0
front_mu,-,308.648998,1.0499999523162842,2.0
front_mu,-,308.780998,1.0499999523162842,2.0
front_mu,-,308.912998,1.0499999523162842,2.0
front_mu,-,309.011998,1.0499999523162842,2.0
front_mu,-,309.110998,1.0499999523162842,2.0
front_mu,-,309.242998,1.0499999523162842,2.0
front_mu,-,309.374998,1.0499999523162842,2.0
front_mu,-,309.440998,1.0499999523162842,2.0
front_mu,-,309.572998,1.0499999523162842,2.0
front_mu,-,309.638998,1.0499999523162842,2.0
front_mu,-,309.770998,1.0499999523162842,2.0
front_mu,-,309.902998,1.0499999523162842,2.0
front_mu,-,310.034998,1.0499999523162842,2.0
front_mu,-,310.166998,1.0499999523162842,2.0
front_mu,-,310.298998,1.0499999523162842,2.0
front_mu,-,310.364998,1.0499999523162842,2.0
front_mu,-,310.496998,1.0499999523162842,2.0
front_mu,-,310.562998,1.0499999523162842,2.0
front_mu,-,310.694998,1.0499999523162842,2.0
front_mu,-,310.760998,1.0499999523162842,2.0
front_mu,-,310.892998,1.0499999523162842,2.0
front_mu,-,310.958998,1.0499999523162842,2.0
front_mu,-,311.090998,1.0499999523162842,2.0
front_mu,-,311.222998,1.0499999523162842,2.0
front_mu,-,311.354998,1.0499999523162842,2.0
front_mu,-,311.486998,1.0499999523162842,2.0
front_mu,-,311.618998,1.0499999523162842,2.0
front_mu,-,311.684998,1.0499999523162842,2.0
front_mu,-,311.816998,1.0499999523162842,2.0
front_mu,-,311.882998,1.0499999523162842,2.0
front_mu,-,312.014998,1.0499999523162842,2.0
front_mu,-,312.080998,1.0499999523162842,2.0
front_mu,-,312.212998,1.0499999523162842,2.0
front_mu,-,312.344998,1.0499999523162842,2.0
front_mu,-,312.476998,1.0499999523162842,2.0
front_mu,-,312.608998,1.0499999523162842,2.0
front_mu,-,312.806998,1.0499999523162842,2.0
front_mu,-,312.938998,1.0499999523162842,2.0
front_mu,-,313.004998,1.0499999523162842,2.0
front_mu,-,313.136998,1.0499999523162842,2.0
front_mu,-,313.202998,1.0499999523162842,2.0
front_mu,-,313.334998,1.0499999523162842,2.0
front_mu,-,313.400998,1.0499999523162842,2.0
front_mu,-,313.532998,1.0499999523162842,2.0
front_mu,-,313.598998,1.0499999523162842,2.0
front_mu,-,313.730998,1.0499999523162842,2.0
front_mu,-,313.862998,1.0499999523162842,2.0
front_mu,-,313.994998,1.0499999523162842,2.0
front_mu,-,314.126998,1.0499999523162842,2.0
front_mu,-,314.258998,1.0499999523162842,2.0
front_mu,-,314.324998,1.0499999523162842,2.0
front_mu,-,314.456998,1.0499999523162842,2.0
front_mu,-,314.522998,1.0499999523162842,2.0
front_mu,-,314.654998,1.0499999523162842,2.0
front_mu,-,314.720998,1.0499999523162842,2.0
front_mu,-,314.852998,1.0499999523162842,2.0
front_mu,-,314.984998,1.0499999523162842,2.0
front_mu,-,315.116998,1.0499999523162842,2.0
front_mu,-,315.248998,1.0499999523162842,2.0
front_mu,-,315.380998,1.0499999523162842,2.0
front_mu,-,315.578998,1.0499999523162842,2.0
front_mu,-,315.644998,1.0499999523162842,2.0
front_mu,-,315.776998,1.0499999523162842,2.0
front_mu,-,315.842998,1.0499999523162842,2.0
front_mu,-,315.974998,1.0499999523162842,2.0
front_mu,-,316.040998,1.0499999523162842,2.0
front_mu,-,316.172998,1.0499999523162842,2.0
front_mu,-,316.304998,1.0499999523162842,2.0
front_mu,-,316.436998,1.0499999523162842,2.0
front_mu,-,316.568998,1.0499999523162842,2.0
front_mu,-,316.700998,1.0499999523162842,2.0
front_mu,-,316.832998,1.0499999523162842,2.0
front_mu,-,316.931998,1.0499999523162842,2.0
front_mu,-,317.030998,1.0499999523162842,2.0
front_mu,-,317.162998,1.0499999523162842,2.0
front_mu,-,317.294998,1.0499999523162842,2.0
front_mu,-,317.360998,1.0499999523162842,2.0
front_mu,-,317.492998,1.0499999523162842,2.0
front_mu,-,317.624998,1.0499999523162842,2.0
front_mu,-,317.756998,1.0499999523162842,2.0
front_mu,-,317.888998,1.0499999523162842,2.0
front_mu,-,318.020998,1.0499999523162842,2.0
front_mu,-,318.152998,1.0499999523162842,2.0
front_mu,-,318.251998,1.0499999523162842,2.0
front_mu,-,318.350998,1.0499999523162842,2.0
front_mu,-,318.449998,1.0499999523162842,2.0
front_mu,-,318.548998,1.0499999523162842,2.0
front_mu,-,318.647998,1.0499999523162842,2.0
front_mu,-,318.746998,1.0499999523162842,2.0
front_mu,-,318.845998,1.0499999523162842,2.0
front_mu,-,318.944998,1.0499999523162842,2.0
front_mu,-,319.076998,1.0499999523162842,2.0
front_mu,-,319.208998,1.0499999523162842,2.0
front_mu,-,319.340998,1.0499999523162842,2.0
front_mu,-,319.472998,1.0499999523162842,2.0
front_mu,-,319.571998,1.0499999523162842,2.0
front_mu,-,319.670998,1.0499999523162842,2.0
front_mu,-,319.769998,1.0499999523162842,2.0
front_mu,-,319.868998,1.0499999523162842,2.0
front_mu,-,320.000998,1.0499999523162842,2.0
front_mu,-,320.132998,1.0499999523162842,2.0
front_mu,-,320.198998,1.0499999523162842,2.0
front_mu,-,320.330998,1.0499999523162842,2.0
front_mu,-,320.396998,1.0499999523162842,2.0
front_mu,-,320.528998,1.0499999523162842,2.0
front_mu,-,320.660998,1.0499999523162842,2.0
front_mu,-,320.792998,1.0499999523162842,2.0
front_mu,-,320.891998,1.0499999523162842,2.0
front_mu,-,320.990998,1.0499999523162842,2.0
front_mu,-,321.089998,1.0499999523162842,2.0
front_mu,-,321.188998,1.0499999523162842,2.0
front_mu,-,321.287998,1.0499999523162842,2.0
front_mu,-,321.386998,1.0499999523162842,2.0
front_mu,-,321.485998,1.0499999523162842,2.0
front_mu,-,321.584998,1.0499999523162842,2.0
front_mu,-,321.815998,1.0499999523162842,2.0
front_mu,-,322.145998,1.0499999523162842,2.0
front_mu,-,322.475998,1.0499999523162842,2.0
front_mu,-,322.805998,1.0499999523162842,2.0
front_mu,-,323.135998,1.0499999523162842,2.0
front_mu,-,323.333998,1.0499999523162842,2.0
front_mu,-,323.399998,1.0499999523162842,2.0
front_mu,-,323.498998,1.0499999523162842,2.0
front_mu,-,323.564998,1.0499999523162842,2.0
front_mu,-,323.696998,1.0499999523162842,2.0
front_mu,-,323.762998,1.0499999523162842,2.0
front_mu,-,323.861998,1.0499999523162842,2.0
front_mu,-,323.927998,1.0499999523162842,2.0
front_mu,-,324.026998,1.0499999523162842,2.0
front_mu,-,324.092998,1.0499999523162842,2.0
front_mu,-,324.224998,1.0499999523162842,2.0
front_mu,-,324.290998,1.0499999523162842,2.0
front_mu,-,324.422998,1.0499999523162842,2.0
front_mu,-,324.554998,1.0499999523162842,2.0
front_mu,-,324.686998,1.0499999523162842,2.0
front_mu,-,324.818998,1.0499999523162842,2.0
front_mu,-,324.950998,1.0499999523162842,2.0
front_mu,-,325.082998,1.0499999523162842,2.0
front_mu,-,325.181998,1.0499999523162842,2.0
front_mu,-,325.247998,1.0499999523162842,2.0
front_mu,-,325.379998,1.0499999523162842,2.0
front_mu,-,325.709998,1.0499999523162842,2.0
front_mu,-,326.039998,1.0499999523162842,2.0
front_mu,-,326.369998,1.0499999523162842,2.0
front_mu,-,326.699998,1.0499999523162842,2.0
front_mu,-,327.029998,1.0499999523162842,2.0
front_mu,-,327.359998,1.0499999523162842,2.0
front_mu,-,327.623998,1.0499999523162842,2.0
front_mu,-,327.722998,1.0499999523162842,2.0
front_mu,-,327.821998,1.0499999523162842,2.0
front_mu,-,327.887998,1.0499999523162842,2.0
front_mu,-,327.953998,1.0499999523162842,2.0
front_mu,-,328.052998,1.0499999523162842,2.0
front_mu,-,328.151998,1.0499999523162842,2.0
front_mu,-,328.250998,1.0499999523162842,2.0
front_mu,-,328.349998,1.0499999523162842,2.0
front_mu,-,328.448998,1.0499999523162842,2.0
front_mu,-,328.547998,1.0499999523162842,2.0
front_mu,-,328.679998,1.0499999523162842,2.0
front_mu,-,328.811998,1.0499999523162842,2.0
front_mu,-,328.943998,1.0499999523162842,2.0
front_mu,-,329.075998,1.0499999523162842,2.0
front_mu,-,329.174998,1.0499999523162842,2.0
front_mu,-,329.273998,1.0499999523162842,2.0
front_mu,-,329.372998,1.0499999523162842,2.0
front_mu,-,329.471998,1.0499999523162842,2.0
front_mu,-,329.570998,1.0499999523162842,2.0
front_mu,-,329.669998,1.0499999523162842,2.0
front_mu,-,329.768998,1.0499999523162842,2.0
front_mu,-,329.867998,1.0499999523162842,2.0
front_mu,-,329.966998,1.0499999523162842,2.0
front_mu,-,330.065998,1.0499999523162842,2.0
front_mu,-,330.197998,1.0499999523162842,2.0
front_mu,-,330.329998,1.0499999523162842,2.0
front_mu,-,330.461998,1.0499999523162842,2.0
front_mu,-,330.527998,1.0499999523162842,2.0
front_mu,-,330.659998,1.0499999523162842,2.0
front_mu,-,330.725998,1.0499999523162842,2.0
front_mu,-,330.857998,1.0499999523162842,2.0
front_mu,-,330.923998,1.0499999523162842,2.0
front_mu,-,331.055998,1.0499999523162842,2.0
front_mu,-,331.121998,1.0499999523162842,2.0
front_mu,-,331.253998,1.0499999523162842,2.0
front_mu,-,331.319998,1.0499999523162842,2.0
front_mu,-,331.451998,1.0499999523162842,2.0
front_mu,-,331.583998,1.0499999523162842,2.0
front_mu,-,331.715998,1.0499999523162842,2.0
front_mu,-,331.814998,1.0499999523162842,2.0
front_mu,-,331.913998,1.0499999523162842,2.0
front_mu,-,332.012998,1.0499999523162842,2.0
front_mu,-,332.111998,1.0499999523162842,2.0
front_mu,-,332.210998,1.0499999523162842,2.0
front_mu,-,332.309998,1.0499999523162842,2.0
front_mu,-,332.408998,1.0499999523162842,2.0
front_mu,-,332.507998,1.0499999523162842,2.0
front_mu,-,332.606998,1.0499999523162842,2.0
front_mu,-,332.705998,1.0499999523162842,2.0
front_mu,-,332.837998,1.0499999523162842,2.0
front_mu,-,332.969998,1.0499999523162842,2.0
front_mu,-,333.101998,1.0499999523162842,2.0
front_mu,-,333.167998,1.0499999523162842,2.0
front_mu,-,333.299998,1.0499999523162842,2.0
front_mu,-,333.365998,1.0499999523162842,2.0
front_mu,-,333.497998,1.0499999523162842,2.0
front_mu,-,333.563998,1.0499999523162842,2.0
front_mu,-,333.695998,1.0499999523162842,2.0
front_mu,-,333.761998,1.0499999523162842,2.0
front_mu,-,333.893998,1.0499999523162842,2.0
front_mu,-,334.025998,1.0499999523162842,2.0
front_mu,-,334.124998,1.0499999523162842,2.0
front_mu,-,334.223998,1.0499999523162842,2.0
front_mu,-,334.322998,1.0499999523162842,2.0
front_mu,-,334.421998,1.0499999523162842,2.0
front_mu,-,334.487998,1.0499999523162842,2.0
front_mu,-,334.553998,1.0499999523162842,2.0
front_mu,-,334.652998,1.0499999523162842,2.0
front_mu,-,334.817998,1.0499999523162842,2.0
front_mu,-,334.883998,1.0499999523162842,2.0
front_mu,-,335.015998,1.0499999523162842,2.0
front_mu,-,335.081998,1.0499999523162842,2.0
front_mu,-,335.213998,1.0499999523162842,2.0
front_mu,-,335.279998,1.0499999523162842,2.0
front_mu,-,335.411998,1.0499999523162842,2.0
front_mu,-,335.543998,1.0499999523162842,2.0
front_mu,-,335.675998,1.0499999523162842,2.0
front_mu,-,335.774998,1.0499999523162842,2.0
front_mu,-,335.840998,1.0499999523162842,2.0
front_mu,-,335.939998,1.0499999523162842,2.0
front_mu,-,336.005998,1.0499999523162842,2.0
front_mu,-,336.071998,1.0499999523162842,2.0
front_mu,-,336.170998,1.0499999523162842,2.0
front_mu,-,336.236998,1.0499999523162842,2.0
front_mu,-,336.335998,1.0499999523162842,2.0
front_mu,-,336.401998,1.0499999523162842,2.0
front_mu,-,336.467998,1.0499999523162842,2.0
front_mu,-,336.566998,1.0499999523162842,2.0
front_mu,-,336.632998,1.0499999523162842,2.0
front_mu,-,336.764998,1.0499999523162842,2.0
front_mu,-,336.863998,1.0499999523162842,2.0
front_mu,-,336.962998,1.0499999523162842,2.0
front_mu,-,337.094998,1.0499999523162842,2.0
front_mu,-,337.160998,1.0499999523162842,2.0
front_mu,-,337.259998,1.0499999523162842,2.0
front_mu,-,337.325998,1.0499999523162842,2.0
front_mu,-,337.391998,1.0499999523162842,2.0
front_mu,-,337.490998,1.0499999523162842,2.0
front_mu,-,337.589998,1.0499999523162842,2.0
front_mu,-,337.721998,1.0499999523162842,2.0
front_mu,-,337.853998,1.0499999523162842,2.0
front_mu,-,338.018998,1.0499999523162842,2.0
front_mu,-,338.117998,1.0499999523162842,2.0
front_mu,-,338.216998,1.0499999523162842,2.0
front_mu,-,338.315998,1.0499999523162842,2.0
front_mu,-,338.414998,1.0499999523162842,2.0
front_mu,-,338.513998,1.0499999523162842,2.0
front_mu,-,338.645998,1.0499999523162842,2.0
front_mu,-,338.777998,1.0499999523162842,2.0
front_mu,-,338.909998,1.0499999523162842,2.0
front_mu,-,339.041998,1.0499999523162842,2.0
front_mu,-,339.173998,1.0499999523162842,2.0
front_mu,-,339.305998,1.0499999523162842,2.0
front_mu,-,339.371998,1.0499999523162842,2.0
front_mu,-,339.503998,1.0499999523162842,2.0
front_mu,-,339.569998,1.0499999523162842,2.0
front_mu,-,339.701998,1.0499999523162842,2.0
front_mu,-,339.767998,1.0499999523162842,2.0
front_mu,-,339.899998,1.0499999523162842,2.0
front_mu,-,340.031998,1.0499999523162842,2.0
front_mu,-,340.163998,1.0499999523162842,2.0
front_mu,-,340.295998,1.0499999523162842,2.0
front_mu,-,340.427998,1.0499999523162842,2.0
front_mu,-,340.559998,1.0499999523162842,2.0
front_mu,-,340.658998,1.0499999523162842,2.0
front_mu,-,340.757998,1.0499999523162842,2.0
front_mu,-,340.856998,1.0499999523162842,2.0
front_mu,-,340.955998,1.0499999523162842,2.0
front_mu,-,341.087998,1.0499999523162842,2.0
front_mu,-,341.219998,1.0499999523162842,2.0
front_mu,-,341.351998,1.0499999523162842,2.0
front_mu,-,341.483998,1.0499999523162842,2.0
front_mu,-,341.615998,1.0499999523162842,2.0
front_mu,-,341.747998,1.0499999523162842,2.0
front_mu,-,341.879998,1.0499999523162842,2.0
front_mu,-,341.978998,1.0499999523162842,2.0
front_mu,-,342.077998,1.0499999523162842,2.0
front_mu,-,342.176998,1.0499999523162842,2.0
front_mu,-,342.275998,1.0499999523162842,2.0
front_mu,-,342.374998,1.0499999523162842,2.0
front_mu,-,342.473998,1.0499999523162842,2.0
front_mu,-,343.199998,1.0499999523162842,1.416100025177002
front_mu,-,343.298998,1.0499999523162842,1.416100025177002
front_mu,-,343.397998,1.0499999523162842,1.416100025177002
front_mu,-,343.496998,1.0499999523162842,1.416100025177002
front_mu,-,343.595998,1.0499999523162842,1.416100025177002
front_mu,-,343.694998,1.0499999523162842,1.416100025177002
front_mu,-,343.793998,1.0499999523162842,1.416100025177002
front_mu,-,343.925998,1.0499999523162842,1.416100025177002
front_mu,-,344.057998,1.0499999523162842,1.416100025177002
front_mu,-,344.189998,1.0499999523162842,1.416100025177002
front_mu,-,344.321998,1.0499999523162842,1.416100025177002
front_mu,-,344.453998,1.0499999523162842,1.416100025177002
front_mu,-,344.585998,1.0499999523162842,1.416100025177002
front_mu,-,344.651998,1.0499999523162842,1.416100025177002
front_mu,-,344.783998,1.0499999523162842,1.416100025177002
front_mu,-,344.849998,1.0499999523162842,1.416100025177002
front_mu,-,344.981998,1.0499999523162842,1.416100025177002
front_mu,-,345.047998,1.0499999523162842,1.416100025177002
front_mu,-,345.179998,1.0499999523162842,1.416100025177002
front_mu,-,345.311998,1.0499999523162842,1.416100025177002
front_mu,-,345.443998,1.0499999523162842,1.416100025177002
front_mu,-,345.575998,1.0499999523162842,1.416100025177002
front_mu,-,345.707998,1.0499999523162842,1.416100025177002
front_mu,-,345.773998,1.0499999523162842,1.416100025177002
front_mu,-,345.905998,1.0499999523162842,1.416100025177002
front_mu,-,345.971998,1.0499999523162842,1.416100025177002
front_mu,-,346.103998,1.0499999523162842,1.416100025177002
front_mu,-,346.169998,1.0499999523162842,1.416100025177002
front_mu,-,346.301998,1.0499999523162842,1.416100025177002
front_mu,-,346.367998,1.0499999523162842,1.416100025177002
front_mu,-,346.499998,1.0499999523162842,1.416100025177002
front_mu,-,346.631998,1.0499999523162842,1.416100025177002
front_mu,-,346.763998,1.0499999523162842,1.416100025177002
front_mu,-,346.895998,1.0499999523162842,1.416100025177002
front_mu,-,347.027998,1.0499999523162842,1.416100025177002
front_mu,-,347.159998,1.0499999523162842,1.416100025177002
front_mu,-,347.258998,1.0499999523162842,1.416100025177002
front_mu,-,347.357998,1.0499999523162842,1.416100025177002
front_mu,-,347.456998,1.0499999523162842,1.416100025177002
front_mu,-,347.555998,1.0499999523162842,1.416100025177002
front_mu,-,347.654998,1.0499999523162842,1.416100025177002
front_mu,-,347.753998,1.0499999523162842,1.416100025177002
front_mu,-,347.885998,1.0499999523162842,1.416100025177002
front_mu,-,348.017998,1.0499999523162842,1.416100025177002
front_mu,-,348.149998,1.0499999523162842,1.416100025177002
front_mu,-,348.281998,1.0499999523162842,1.416100025177002
front_mu,-,348.380998,1.0499999523162842,1.416100025177002
front_mu,-,348.479998,1.0499999523162842,1.416100025177002
front_mu,-,348.578998,1.0499999523162842,1.416100025177002
front_mu,-,348.677998,1.0499999523162842,1.416100025177002
front_mu,-,348.776998,1.0499999523162842,1.416100025177002
front_mu,-,348.875998,1.0499999523162842,1.416100025177002
front_mu,-,348.974998,1.0499999523162842,1.416100025177002
front_mu,-,349.073998,1.0499999523162842,1.416100025177002
front_mu,-,349.205998,1.0499999523162842,1.416100025177002
front_mu,-,349.337998,1.0499999523162842,1.416100025177002
front_mu,-,349.469998,1.0499999523162842,1.416100025177002
front_mu,-,349.601998,1.0499999523162842,1.416100025177002
front_mu,-,349.733998,1.0499999523162842,1.416100025177002
front_mu,-,349.865998,1.0499999523162842,1.416100025177002
front_mu,-,349.931998,1.0499999523162842,1.416100025177002
front_mu,-,350.063998,1.0499999523162842,1.416100025177002
front_mu,-,350.129998,1.0499999523162842,1.416100025177002
front_mu,-,350.261998,1.0499999523162842,1.416100025177002
front_mu,-,350.327998,1.0499999523162842,1.416100025177002
front_mu,-,350.459998,1.0499999523162842,1.416100025177002
front_mu,-,350.591998,1.0499999523162842,1.416100025177002
front_mu,-,350.723998,1.0499999523162842,1.416100025177002
front_mu,-,350.855998,1.0499999523162842,1.416100025177002
front_mu,-,350.987998,1.0499999523162842,1.416100025177002
front_mu,-,351.053998,1.0499999523162842,1.416100025177002
front_mu,-,351.185998,1.0499999523162842,1.416100025177002
front_mu,-,351.251998,1.0499999523162842,1.416100025177002
front_mu,-,351.383998,1.0499999523162842,1.416100025177002
front_mu,-,351.449998,1.0499999523162842,1.416100025177002
front_mu,-,351.581998,1.0499999523162842,1.416100025177002
front_mu,-,351.647998,1.0499999523162842,1.416100025177002
front_mu,-,351.779998,1.0499999523162842,1.416100025177002
front_mu,-,351.911998,1.0499999523162842,1.416100025177002
front_mu,-,352.043998,1.0499999523162842,1.416100025177002
front_mu,-,352.175998,1.0499999523162842,1.416100025177002
front_mu,-,352.307998,1.0499999523162842,1.416100025177002
front_mu,-,352.373998,1.0499999523162842,1.416100025177002
front_mu,-,352.505998,1.0499999523162842,1.416100025177002
front_mu,-,352.571998,1.0499999523162842,1.416100025177002
front_mu,-,352.703998,1.0499999523162842,1.416100025177002
front_mu,-,352.769998,1.0499999523162842,1.416100025177002
front_mu,-,352.901998,1.0499999523162842,1.416100025177002
front_mu,-,352.967998,1.0499999523162842,1.416100025177002
front_mu,-,353.099998,1.0499999523162842,1.416100025177002
front_mu,-,353.231998,1.0499999523162842,1.416100025177002
front_mu,-,353.363998,1.0499999523162842,1.416100025177002
front_mu,-,353.495998,1.0499999523162842,1.416100025177002
front_mu,-,353.627998,1.0499999523162842,1.416100025177002
front_mu,-,353.759998,1.0499999523162842,1.416100025177002
front_mu,-,353.858998,1.0499999523162842,1.416100025177002
front_mu,-,353.957998,1.0499999523162842,1.416100025177002
front_mu,-,354.056998,1.0499999523162842,1.416100025177002
front_mu,-,354.155998,1.0499999523162842,1.416100025177002
front_mu,-,354.254998,1.0499999523162842,1.416100025177002
front_mu,-,354.353998,1.0499999523162842,1.416100025177002
front_mu,-,354.485998,1.0499999523162842,1.416100025177002
front_mu,-,354.617998,1.0499999523162842,1.416100025177002
front_mu,-,354.749998,1.0499999523162842,1.416100025177002
front_mu,-,354.881998,1.0499999523162842,1.416100025177002
front_mu,-,354.980998,1.0499999523162842,1.416100025177002
front_mu,-,355.079998,1.0499999523162842,1.416100025177002
front_mu,-,355.178998,1.0499999523162842,1.416100025177002
front_mu,-,355.277998,1.0499999523162842,1.416100025177002
front_mu,-,355.376998,1.0499999523162842,1.416100025177002
front_mu,-,355.475998,1.0499999523162842,1.416100025177002
front_mu,-,355.574998,1.0499999523162842,1.416100025177002
front_mu,-,355.673998,1.0499999523162842,1.416100025177002
front_mu,-,355.772998,1.0499999523162842,1.416100025177002
front_mu,-,355.871998,1.0499999523162842,1.416100025177002
front_mu,-,356.003998,1.0499999523162842,1.416100025177002
front_mu,-,356.135998,1.0499999523162842,1.416100025177002
front_mu,-,356.267998,1.0499999523162842,1.416100025177002
front_mu,-,356.399998,1.0499999523162842,1.416100025177002
front_mu,-,356.498998,1.0499999523162842,1.416100025177002
front_mu,-,356.597998,1.0499999523162842,1.416100025177002
front_mu,-,356.729998,1.0499999523162842,1.416100025177002
front_mu,-,356.861998,1.0499999523162842,1.416100025177002
front_mu,-,356.927998,1.0499999523162842,1.416100025177002
front_mu,-,357.059998,1.0499999523162842,1.416100025177002
front_mu,-,357.191998,1.0499999523162842,1.416100025177002
front_mu,-,357.323998,1.0499999523162842,1.416100025177002
front_mu,-,357.455998,1.0499999523162842,1.416100025177002
front_mu,-,357.587998,1.0499999523162842,1.416100025177002
front_mu,-,357.719998,1.0499999523162842,1.416100025177002
front_mu,-,357.818998,1.0499999523162842,1.416100025177002
front_mu,-,357.983998,1.0499999523162842,1.416100025177002
front_mu,-,358.049998,1.0499999523162842,1.416100025177002
front_mu,-,358.181998,1.0499999523162842,1.416100025177002
front_mu,-,358.313998,1.0499999523162842,1.416100025177002
front_mu,-,358.445998,1.0499999523162842,1.416100025177002
front_mu,-,358.577998,1.0499999523162842,1.416100025177002
front_mu,-,358.709998,1.0499999523162842,1.416100025177002
front_mu,-,358.841998,1.0499999523162842,1.416100025177002
front_mu,-,358.940998,1.0499999523162842,1.416100025177002
front_mu,-,359.039998,1.0499999523162842,1.416100025177002
front_mu,-,359.138998,1.0499999523162842,1.416100025177002
front_mu,-,359.237998,1.0499999523162842,1.416100025177002
front_mu,-,359.369998,1.0499999523162842,1.416100025177002
front_mu,-,359.501998,1.0499999523162842,1.416100025177002
front_mu,-,359.567998,1.0499999523162842,1.416100025177002
front_mu,-,359.699998,1.0499999523162842,1.416100025177002
front_mu,-,359.831998,1.0499999523162842,1.416100025177002
front_mu,-,359.963998,1.0499999523162842,1.416100025177002
front_mu,-,360.095998,1.0499999523162842,1.416100025177002
front_mu,-,360.227998,1.0499999523162842,1.416100025177002
front_mu,-,360.359998,1.0499999523162842,1.416100025177002
front_mu,-,360.458998,1.0499999523162842,1.416100025177002
front_mu,-,360.557998,1.0499999523162842,1.416100025177002
front_mu,-,360.656998,1.0499999523162842,1.416100025177002
front_mu,-,360.755998,1.0499999523162842,1.416100025177002
front_mu,-,360.854998,1.0499999523162842,1.416100025177002
front_mu,-,360.953998,1.0499999523162842,1.416100025177002
front_mu,-,361.085998,1.0499999523162842,1.416100025177002
front_mu,-,361.217998,1.0499999523162842,1.416100025177002
front_mu,-,361.349998,1.0499999523162842,1.416100025177002
front_mu,-,361.481998,1.0499999523162842,1.416100025177002
front_mu,-,361.613998,1.0499999523162842,1.416100025177002
front_mu,-,361.745998,1.0499999523162842,1.416100025177002
front_mu,-,361.811998,1.0499999523162842,1.416100025177002
front_mu,-,361.943998,1.0499999523162842,1.416100025177002
front_mu,-,362.009998,1.0499999523162842,1.416100025177002
front_mu,-,362.141998,1.0499999523162842,1.416100025177002
front_mu,-,362.207998,1.0499999523162842,1.416100025177002
front_mu,-,362.339998,1.0499999523162842,1.416100025177002
front_mu,-,362.471998,1.0499999523162842,1.416100025177002
front_mu,-,362.603998,1.0499999523162842,1.416100025177002
front_mu,-,362.735998,1.0499999523162842,1.416100025177002
front_mu,-,362.867998,1.0499999523162842,1.416100025177002
front_mu,-,362.933998,1.0499999523162842,1.416100025177002
front_mu,-,363.065998,1.0499999523162842,1.416100025177002
front_mu,-,363.131998,1.0499999523162842,1.416100025177002
front_mu,-,363.263998,1.0499999523162842,1.416100025177002
front_mu,-,363.329998,1.0499999523162842,1.416100025177002
front_mu,-,363.461998,1.0499999523162842,1.416100025177002
front_mu,-,363.527998,1.0499999523162842,1.416100025177002
front_mu,-,363.659998,1.0499999523162842,1.416100025177002
front_mu,-,363.725998,1.0499999523162842,1.416100025177002
front_mu,-,363.857998,1.0499999523162842,1.416100025177002
front_mu,-,363.989998,1.0499999523162842,1.416100025177002
front_mu,-,364.121998,1.0499999523162842,1.416100025177002
front_mu,-,364.220998,1.0499999523162842,1.416100025177002
front_mu,-,364.319998,1.0499999523162842,1.416100025177002
front_mu,-,364.418998,1.0499999523162842,1.416100025177002
front_mu,-,364.517998,1.0499999523162842,1.416100025177002
front_mu,-,364.616998,1.0499999523162842,1.416100025177002
front_mu,-,364.715998,1.0499999523162842,1.416100025177002
front_mu,-,364.814998,1.0499999523162842,1.416100025177002
front_mu,-,364.913998,1.0499999523162842,1.416100025177002
front_mu,-,365.045998,1.0499999523162842,1.416100025177002
front_mu,-,365.177998,1.0499999523162842,1.416100025177002
front_mu,-,365.309998,1.0499999523162842,1.416100025177002
front_mu,-,365.441998,1.0499999523162842,1.416100025177002
front_mu,-,365.540998,1.0499999523162842,1.416100025177002
front_mu,-,365.639998,1.0499999523162842,1.416100025177002
front_mu,-,365.738998,1.0499999523162842,1.416100025177002
front_mu,-,365.837998,1.0499999523162842,1.416100025177002
front_mu,-,365.936998,1.0499999523162842,1.416100025177002
front_mu,-,366.035998,1.0499999523162842,1.416100025177002
front_mu,-,366.134998,1.0499999523162842,1.416100025177002
front_mu,-,366.233998,1.0499999523162842,1.416100025177002
front_mu,-,366.365998,1.0499999523162842,1.416100025177002
front_mu,-,366.497998,1.0499999523162842,1.416100025177002
front_mu,-,366.629998,1.0499999523162842,1.416100025177002
front_mu,-,366.761998,1.0499999523162842,1.416100025177002
front_mu,-,366.860998,1.0499999523162842,1.416100025177002
front_mu,-,366.959998,1.0499999523162842,1.416100025177002
front_mu,-,367.058998,1.0499999523162842,1.416100025177002
front_mu,-,367.157998,1.0499999523162842,1.416100025177002
front_mu,-,367.256998,1.0499999523162842,1.416100025177002
front_mu,-,367.355998,1.0499999523162842,1.416100025177002
front_mu,-,367.454998,1.0499999523162842,1.416100025177002
front_mu,-,367.553998,1.0499999523162842,1.416100025177002
front_mu,-,367.685998,1.0499999523162842,1.416100025177002
front_mu,-,367.817998,1.0499999523162842,1.416100025177002
front_mu,-,367.949998,1.0499999523162842,1.416100025177002
front_mu,-,368.081998,1.0499999523162842,1.416100025177002
front_mu,-,368.180998,1.0499999523162842,1.416100025177002
front_mu,-,368.279998,1.0499999523162842,1.416100025177002
front_mu,-,368.378998,1.0499999523162842,1.416100025177002
front_mu,-,368.477998,1.0499999523162842,1.416100025177002
front_mu,-,368.576998,1.0499999523162842,1.416100025177002
front_mu,-,368.675998,1.0499999523162842,1.416100025177002
front_mu,-,368.807998,1.0499999523162842,1.416100025177002
front_mu,-,368.939998,1.0499999523162842,1.416100025177002
front_mu,-,369.071998,1.0499999523162842,1.416100025177002
front_mu,-,369.203998,1.0499999523162842,1.416100025177002
front_mu,-,369.335998,1.0499999523162842,1.416100025177002
front_mu,-,369.467998,1.0499999523162842,1.416100025177002
front_mu,-,369.533998,1.0499999523162842,1.416100025177002
front_mu,-,369.665998,1.0499999523162842,1.416100025177002
front_mu,-,369.797998,1.0499999523162842,1.416100025177002
front_mu,-,369.929998,1.0499999523162842,1.416100025177002
front_mu,-,370.061998,1.0499999523162842,1.416100025177002
front_mu,-,370.127998,1.0499999523162842,1.416100025177002
front_mu,-,370.259998,1.0499999523162842,1.416100025177002
front_mu,-,370.391998,1.0499999523162842,1.416100025177002
front_mu,-,370.589998,1.0499999523162842,1.416100025177002
front_mu,-,370.721998,1.0499999523162842,1.416100025177002
front_mu,-,370.853998,1.0499999523162842,1.416100025177002
front_mu,-,370.985998,1.0499999523162842,1.416100025177002
front_mu,-,371.051998,1.0499999523162842,1.416100025177002
front_mu,-,371.183998,1.0499999523162842,1.416100025177002
front_mu,-,371.249998,1.0499999523162842,1.416100025177002
front_mu,-,371.381998,1.0499999523162842,1.416100025177002
front_mu,-,371.447998,1.0499999523162842,1.416100025177002
front_mu,-,371.579998,1.0499999523162842,1.416100025177002
front_mu,-,371.711998,1.0499999523162842,1.416100025177002
front_mu,-,371.843998,1.0499999523162842,1.416100025177002
front_mu,-,371.975998,1.0499999523162842,1.416100025177002
front_mu,-,372.107998,1.0499999523162842,1.416100025177002
front_mu,-,372.239998,1.0499999523162842,1.416100025177002
front_mu,-,372.338998,1.0499999523162842,1.416100025177002
front_mu,-,372.437998,1.0499999523162842,1.416100025177002
front_mu,-,372.536998,1.0499999523162842,1.416100025177002
front_mu,-,372.635998,1.0499999523162842,1.416100025177002
front_mu,-,372.734998,1.0499999523162842,1.416100025177002
front_mu,-,372.833998,1.0499999523162842,1.416100025177002
front_mu,-,372.965998,1.0499999523162842,1.416100025177002
front_mu,-,373.097998,1.0499999523162842,1.416100025177002
front_mu,-,373.229998,1.0499999523162842,1.416100025177002
front_mu,-,373.361998,1.0499999523162842,1.416100025177002
front_mu,-,373.460998,1.0499999523162842,1.416100025177002
front_mu,-,373.559998,1.0499999523162842,1.416100025177002
front_mu,-,373.658998,1.0499999523162842,1.416100025177002
front_mu,-,373.757998,1.0499999523162842,1.416100025177002
front_mu,-,373.889998,1.0499999523162842,1.416100025177002
front_mu,-,374.021998,1.0499999523162842,1.416100025177002
front_mu,-,374.087998,1.0499999523162842,1.416100025177002
front_mu,-,374.219998,1.0499999523162842,1.416100025177002
front_mu,-,374.351998,1.0499999523162842,1.416100025177002
front_mu,-,374.483998,1.0499999523162842,1.416100025177002
front_mu,-,374.615998,1.0499999523162842,1.416100025177002
front_mu,-,374.747998,1.0499999523162842,1.416100025177002
front_mu,-,374.813998,1.0499999523162842,1.416100025177002
front_mu,-,374.945998,1.0499999523162842,1.416100025177002
front_mu,-,375.011998,1.0499999523162842,1.416100025177002
front_mu,-,375.176998,1.0499999523162842,1.416100025177002
front_mu,-,375.275998,1.0499999523162842,1.416100025177002
front_mu,-,375.374998,1.0499999523162842,1.416100025177002
front_mu,-,375.473998,1.0499999523162842,1.416100025177002
front_mu,-,375.605998,1.0499999523162842,1.416100025177002
front_mu,-,375.737998,1.0499999523162842,1.416100025177002
front_mu,-,375.869998,1.0499999523162842,1.416100025177002
front_mu,-,376.001998,1.0499999523162842,1.416100025177002
front_mu,-,376.100998,1.0499999523162842,1.416100025177002
front_mu,-,376.199998,1.0499999523162842,1.416100025177002
front_mu,-,376.298998,1.0499999523162842,1.416100025177002
front_mu,-,376.397998,1.0499999523162842,1.416100025177002
front_mu,-,376.496998,1.0499999523162842,1.416100025177002
front_mu,-,376.595998,1.0499999523162842,1.416100025177002
front_mu,-,376.694998,1.0499999523162842,1.416100025177002
front_mu,-,376.793998,1.0499999523162842,1.416100025177002
front_mu,-,376.925998,1.0499999523162842,1.416100025177002
front_mu,-,377.057998,1.0499999523162842,1.416100025177002
front_mu,-,377.189998,1.0499999523162842,1.416100025177002
front_mu,-,377.321998,1.0499999523162842,1.416100025177002
front_mu,-,377.453998,1.0499999523162842,1.416100025177002
front_mu,-,377.585998,1.0499999523162842,1.416100025177002
front_mu,-,377.651998,1.0499999523162842,1.416100025177002
front_mu,-,377.783998,1.0499999523162842,1.416100025177002
front_mu,-,377.849998,1.0499999523162842,1.416100025177002
front_mu,-,377.981998,1.0499999523162842,1.416100025177002
front_mu,-,378.113998,1.0499999523162842,1.416100025177002
front_mu,-,378.245998,1.0499999523162842,1.416100025177002
front_mu,-,378.377998,1.0499999523162842,1.416100025177002
front_mu,-,378.509998,1.0499999523162842,1.416100025177002
front_mu,-,378.641998,1.0499999523162842,1.416100025177002
front_mu,-,378.740998,1.0499999523162842,1.416100025177002
front_mu,-,378.839998,1.0499999523162842,1.416100025177002
front_mu,-,378.938998,1.0499999523162842,1.416100025177002
front_mu,-,379.037998,1.0499999523162842,1.416100025177002
front_mu,-,379.136998,1.0499999523162842,1.416100025177002
front_mu,-,379.235998,1.0499999523162842,1.416100025177002
front_mu,-,379.334998,1.0499999523162842,1.416100025177002
front_mu,-,379.433998,1.0499999523162842,1.416100025177002
front_mu,-,379.565998,1.0499999523162842,1.416100025177002
front_mu,-,379.697998,1.0499999523162842,1.416100025177002
front_mu,-,379.829998,1.0499999523162842,1.416100025177002
front_mu,-,380.027998,1.0499999523162842,1.416100025177002
front_mu,-,380.093998,1.0499999523162842,1.416100025177002
front_mu,-,380.225998,1.0499999523162842,1.416100025177002
front_mu,-,380.291998,1.0499999523162842,1.416100025177002
front_mu,-,380.423998,1.0499999523162842,1.416100025177002
front_mu,-,380.489998,1.0499999523162842,1.416100025177002
front_mu,-,380.621998,1.0499999523162842,1.416100025177002
front_mu,-,380.687998,1.0499999523162842,1.416100025177002
front_mu,-,380.819998,1.0499999523162842,1.416100025177002
front_mu,-,380.951998,1.0499999523162842,1.416100025177002
front_mu,-,381.083998,1.0499999523162842,1.416100025177002
front_mu,-,381.215998,1.0499999523162842,1.416100025177002
front_mu,-,381.347998,1.0499999523162842,1.416100025177002
front_mu,-,381.479998,1.0499999523162842,1.416100025177002
front_mu,-,381.578998,1.0499999523162842,1.416100025177002
front_mu,-,381.677998,1.0499999523162842,1.416100025177002
front_mu,-,381.776998,1.0499999523162842,1.416100025177002
front_mu,-,381.941998,1.0499999523162842,1.416100025177002
front_mu,-,382.007998,1.0499999523162842,1.416100025177002
front_mu,-,382.139998,1.0499999523162842,1.416100025177002
front_mu,-,382.271998,1.0499999523162842,1.416100025177002
front_mu,-,382.403998,1.0499999523162842,1.416100025177002
front_mu,-,382.535998,1.0499999523162842,1.416100025177002
front_mu,-,382.667998,1.0499999523162842,1.416100025177002
front_mu,-,382.799998,1.0499999523162842,1.416100025177002
front_mu,-,382.898998,1.0499999523162842,1.416100025177002
front_mu,-,382.997998,1.0499999523162842,1.416100025177002
front_mu,-,383.096998,1.0499999523162842,1.416100025177002
front_mu,-,383.195998,1.0499999523162842,1.416100025177002
front_mu,-,383.327998,1.0499999523162842,1.416100025177002
front_mu,-,383.459998,1.0499999523162842,1.416100025177002
front_mu,-,383.591998,1.0499999523162842,1.416100025177002
front_mu,-,383.789998,1.0499999523162842,1.416100025177002
front_mu,-,383.921998,1.0499999523162842,1.416100025177002
front_mu,-,384.053998,1.0499999523162842,1.416100025177002
front_mu,-,384.185998,1.0499999523162842,1.416100025177002
front_mu,-,384.251998,1.0499999523162842,1.416100025177002
front_mu,-,384.383998,1.0499999523162842,1.416100025177002
front_mu,-,384.449998,1.0499999523162842,1.416100025177002
front_mu,-,384.581998,1.0499999523162842,1.416100025177002
front_mu,-,384.647998,1.0499999523162842,1.416100025177002
front_mu,-,384.779998,1.0499999523162842,1.416100025177002
front_mu,-,384.911998,1.0499999523162842,1.416100025177002
front_mu,-,385.043998,1.0499999523162842,1.416100025177002
front_mu,-,385.175998,1.0499999523162842,1.416100025177002
front_mu,-,385.307998,1.0499999523162842,1.416100025177002
front_mu,-,385.373998,1.0499999523162842,1.416100025177002
front_mu,-,385.505998,1.0499999523162842,1.416100025177002
front_mu,-,385.571998,1.0499999523162842,1.416100025177002
front_mu,-,385.703998,1.0499999523162842,1.416100025177002
front_mu,-,385.769998,1.0499999523162842,1.416100025177002
front_mu,-,385.901998,1.0499999523162842,1.416100025177002
front_mu,-,385.967998,1.0499999523162842,1.416100025177002
front_mu,-,386.099998,1.0499999523162842,1.416100025177002
front_mu,-,386.231998,1.0499999523162842,1.416100025177002
front_mu,-,386.363998,1.0499999523162842,1.416100025177002
front_mu,-,386.495998,1.0499999523162842,1.416100025177002
front_mu,-,386.627998,1.0499999523162842,1.416100025177002
front_mu,-,386.759998,1.0499999523162842,1.416100025177002
front_mu,-,386.858998,1.0499999523162842,1.416100025177002
front_mu,-,386.957998,1.0499999523162842,1.416100025177002
front_mu,-,387.056998,1.0499999523162842,1.416100025177002
front_mu,-,387.155998,1.0499999523162842,1.416100025177002
front_mu,-,387.254998,1.0499999523162842,1.416100025177002
front_mu,-,387.353998,1.0499999523162842,1.416100025177002
front_mu,-,387.485998,1.0499999523162842,1.416100025177002
front_mu,-,387.617998,1.0499999523162842,1.416100025177002
front_mu,-,387.749998,1.0499999523162842,1.416100025177002
front_mu,-,387.881998,1.0499999523162842,1.416100025177002
front_mu,-,387.980998,1.0499999523162842,1.416100025177002
front_mu,-,388.079998,1.0499999523162842,1.416100025177002
front_mu,-,388.178998,1.0499999523162842,1.416100025177002
front_mu,-,388.277998,1.0499999523162842,1.416100025177002
front_mu,-,388.409998,1.0499999523162842,1.416100025177002
front_mu,-,388.541998,1.0499999523162842,1.416100025177002
front_mu,-,388.607998,1.0499999523162842,1.416100025177002
front_mu,-,388.739998,1.0499999523162842,1.416100025177002
front_mu,-,388.871998,1.0499999523162842,1.416100025177002
front_mu,-,389.003998,1.0499999523162842,1.416100025177002
front_mu,-,389.135998,1.0499999523162842,1.416100025177002
front_mu,-,389.267998,1.0499999523162842,1.416100025177002
front_mu,-,389.399998,1.0499999523162842,1.416100025177002
front_mu,-,389.498998,1.0499999523162842,1.416100025177002
front_mu,-,389.597998,1.0499999523162842,1.416100025177002
front_mu,-,389.696998,1.0499999523162842,1.416100025177002
front_mu,-,389.795998,1.0499999523162842,1.416100025177002
front_mu,-,389.894998,1.0499999523162842,1.416100025177002
front_mu,-,389.993998,1.0499999523162842,1.416100025177002
front_mu,-,390.125998,1.0499999523162842,1.416100025177002
front_mu,-,390.257998,1.0499999523162842,1.416100025177002
front_mu,-,390.389998,1.0499999523162842,1.416100025177002
front_mu,-,390.521998,1.0499999523162842,1.416100025177002
front_mu,-,390.620998,1.0499999523162842,1.416100025177002
front_mu,-,390.719998,1.0499999523162842,1.416100025177002
front_mu,-,390.818998,1.0499999523162842,1.416100025177002
front_mu,-,390.917998,1.0499999523162842,1.416100025177002
front_mu,-,391.016998,1.0499999523162842,1.416100025177002
front_mu,-,391.115998,1.0499999523162842,1.416100025177002
front_mu,-,391.214998,1.0499999523162842,1.416100025177002
front_mu,-,391.313998,1.0499999523162842,1.416100025177002
front_mu,-,391.445998,1.0499999523162842,1.416100025177002
front_mu,-,391.577998,1.0499999523162842,1.416100025177002
front_mu,-,391.709998,1.0499999523162842,1.416100025177002
front_mu,-,391.841998,1.0499999523162842,1.416100025177002
front_mu,-,391.940998,1.0499999523162842,1.416100025177002
front_mu,-,392.039998,1.0499999523162842,1.416100025177002
front_mu,-,392.138998,1.0499999523162842,1.416100025177002
front_mu,-,392.237998,1.0499999523162842,1.416100025177002
front_mu,-,392.336998,1.0499999523162842,1.416100025177002
front_mu,-,392.435998,1.0499999523162842,1.416100025177002
front_mu,-,392.534998,1.0499999523162842,1.416100025177002
front_mu,-,392.633998,1.0499999523162842,1.416100025177002
front_mu,-,392.765998,1.0499999523162842,1.416100025177002
front_mu,-,392.897998,1.0499999523162842,1.416100025177002
front_mu,-,393.029998,1.0499999523162842,1.416100025177002
front_mu,-,393.161998,1.0499999523162842,1.416100025177002
front_mu,-,393.260998,1.0499999523162842,1.416100025177002
front_mu,-,393.359998,1.0499999523162842,1.416100025177002
front_mu,-,393.458998,1.0499999523162842,1.416100025177002
front_mu,-,393.557998,1.0499999523162842,1.416100025177002
front_mu,-,393.656998,1.0499999523162842,1.416100025177002
front_mu,-,393.755998,1.0499999523162842,1.416100025177002
front_mu,-,393.854998,1.0499999523162842,1.416100025177002
front_mu,-,393.953998,1.0499999523162842,1.416100025177002
front_mu,-,394.085998,1.0499999523162842,1.416100025177002
front_mu,-,394.217998,1.0499999523162842,1.416100025177002
front_mu,-,394.349998,1.0499999523162842,1.416100025177002
front_mu,-,394.481998,1.0499999523162842,1.416100025177002
front_mu,-,394.613998,1.0499999523162842,1.416100025177002
front_mu,-,394.745998,1.0499999523162842,1.416100025177002
front_mu,-,394.811998,1.0499999523162842,1.416100025177002
front_mu,-,394.943998,1.0499999523162842,1.416100025177002
front_mu,-,395.009998,1.0499999523162842,1.416100025177002
front_mu,-,395.141998,1.0499999523162842,1.416100025177002
front_mu,-,395.207998,1.0499999523162842,1.416100025177002
front_mu,-,395.339998,1.0499999523162842,1.416100025177002
front_mu,-,395.471998,1.0499999523162842,1.416100025177002
front_mu,-,395.603998,1.0499999523162842,1.416100025177002
front_mu,-,395.735998,1.0499999523162842,1.416100025177002
front_mu,-,395.867998,1.0499999523162842,1.416100025177002
front_mu,-,395.933998,1.0499999523162842,1.416100025177002
front_mu,-,396.065998,1.0499999523162842,1.416100025177002
front_mu,-,396.131998,1.0499999523162842,1.416100025177002
front_mu,-,396.263998,1.0499999523162842,1.416100025177002
front_mu,-,396.329998,1.0499999523162842,1.416100025177002
front_mu,-,396.461998,1.0499999523162842,1.416100025177002
front_mu,-,396.593998,1.0499999523162842,1.416100025177002
front_mu,-,396.725998,1.0499999523162842,1.416100025177002
front_mu,-,396.857998,1.0499999523162842,1.416100025177002
front_mu,-,396.989998,1.0499999523162842,1.416100025177002
front_mu,-,397.121998,1.0499999523162842,1.416100025177002
front_mu,-,397.253998,1.0499999523162842,1.416100025177002
front_mu,-,397.385998,1.0499999523162842,1.416100025177002
front_mu,-,397.451998,1.0499999523162842,1.416100025177002
front_mu,-,397.583998,1.0499999523162842,1.416100025177002
front_mu,-,397.715998,1.0499999523162842,1.416100025177002
front_mu,-,397.814998,1.0499999523162842,1.416100025177002
front_mu,-,397.913998,1.0499999523162842,1.416100025177002
front_mu,-,398.045998,1.0499999523162842,1.416100025177002
front_mu,-,398.177998,1.0499999523162842,1.416100025177002
front_mu,-,398.309998,1.0499999523162842,1.416100025177002
front_mu,-,398.441998,1.0499999523162842,1.416100025177002
front_mu,-,398.540998,1.0499999523162842,1.416100025177002
front_mu,-,398.639998,1.0499999523162842,1.416100025177002
front_mu,-,398.738998,1.0499999523162842,1.416100025177002
front_mu,-,398.837998,1.0499999523162842,1.416100025177002
front_mu,-,398.936998,1.0499999523162842,1.416100025177002
front_mu,-,399.035998,1.0499999523162842,1.416100025177002
front_mu,-,399.134998,1.0499999523162842,1.416100025177002
front_mu,-,399.233998,1.0499999523162842,1.416100025177002
front_mu,-,399.365998,1.0499999523162842,1.416100025177002
front_mu,-,399.497998,1.0499999523162842,1.416100025177002
front_mu,-,399.629998,1.0499999523162842,1.416100025177002
front_mu,-,399.761998,1.0499999523162842,1.416100025177002
front_mu,-,399.860998,1.0499999523162842,1.416100025177002
front_mu,-,399.959998,1.0499999523162842,1.416100025177002
front_mu,-,400.058998,1.0499999523162842,1.416100025177002
front_mu,-,400.157998,1.0499999523162842,1.416100025177002
front_mu,-,400.256998,1.0499999523162842,1.416100025177002
front_mu,-,400.355998,1.0499999523162842,1.416100025177002
front_mu,-,400.454998,1.0499999523162842,1.416100025177002
front_mu,-,400.553998,1.0499999523162842,1.416100025177002
front_mu,-,400.652998,1.0499999523162842,1.416100025177002
front_mu,-,400.751998,1.0499999523162842,1.416100025177002
front_mu,-,400.883998,1.0499999523162842,1.416100025177002
front_mu,-,401.015998,1.0499999523162842,1.416100025177002
front_mu,-,401.147998,1.0499999523162842,1.416100025177002
front_mu,-,401.213998,1.0499999523162842,1.416100025177002
front_mu,-,401.345998,1.0499999523162842,1.416100025177002
front_mu,-,401.411998,1.0499999523162842,1.416100025177002
front_mu,-,401.543998,1.0499999523162842,1.416100025177002
front_mu,-,401.609998,1.0499999523162842,1.416100025177002
front_mu,-,401.741998,1.0499999523162842,1.416100025177002
front_mu,-,401.807998,1.0499999523162842,1.416100025177002
front_mu,-,401.939998,1.0499999523162842,1.416100025177002
front_mu,-,402.071998,1.0499999523162842,1.416100025177002
front_mu,-,402.203998,1.0499999523162842,1.416100025177002
front_mu,-,402.335998,1.0499999523162842,1.416100025177002
front_mu,-,402.467998,1.0499999523162842,1.416100025177002
front_mu,-,402.533998,1.0499999523162842,1.416100025177002
front_mu,-,402.665998,1.0499999523162842,1.416100025177002
front_mu,-,402.731998,1.0499999523162842,1.416100025177002
front_mu,-,402.863998,1.0499999523162842,1.416100025177002
front_mu,-,402.929998,1.0499999523162842,1.416100025177002
front_mu,-,403.061998,1.0499999523162842,1.416100025177002
front_mu,-,403.127998,1.0499999523162842,1.416100025177002
front_mu,-,403.259998,1.0499999523162842,1.416100025177002
front_mu,-,403.391998,1.0499999523162842,1.416100025177002
front_mu,-,403.523998,1.0499999523162842,1.416100025177002
front_mu,-,403.655998,1.0499999523162842,1.416100025177002
front_mu,-,403.787998,1.0499999523162842,1.416100025177002
front_mu,-,403.919998,1.0499999523162842,1.416100025177002
front_mu,-,404.018998,1.0499999523162842,1.416100025177002
front_mu,-,404.117998,1.0499999523162842,1.416100025177002
front_mu,-,404.216998,1.0499999523162842,1.416100025177002
front_mu,-,404.315998,1.0499999523162842,1.416100025177002
front_mu,-,404.414998,1.0499999523162842,1.416100025177002
front_mu,-,404.513998,1.0499999523162842,1.416100025177002
front_mu,-,404.645998,1.0499999523162842,1.416100025177002
front_mu,-,404.777998,1.0499999523162842,1.416100025177002
front_mu,-,404.909998,1.0499999523162842,1.416100025177002
front_mu,-,405.041998,1.0499999523162842,1.416100025177002
front_mu,-,405.173998,1.0499999523162842,1.416100025177002
front_mu,-,405.305998,1.0499999523162842,1.416100025177002
front_mu,-,405.371998,1.0499999523162842,1.416100025177002
front_mu,-,405.503998,1.0499999523162842,1.416100025177002
front_mu,-,405.569998,1.0499999523162842,1.416100025177002
front_mu,-,405.701998,1.0499999523162842,1.416100025177002
front_mu,-,405.833998,1.0499999523162842,1.416100025177002
front_mu,-,405.932998,1.0499999523162842,1.416100025177002
front_mu,-,406.031998,1.0499999523162842,1.416100025177002
front_mu,-,406.163998,1.0499999523162842,1.416100025177002
front_mu,-,406.295998,1.0499999523162842,1.416100025177002
front_mu,-,406.427998,1.0499999523162842,1.416100025177002
front_mu,-,406.493998,1.0499999523162842,1.416100025177002
front_mu,-,406.625998,1.0499999523162842,1.416100025177002
front_mu,-,406.691998,1.0499999523162842,1.416100025177002
front_mu,-,406.823998,1.0499999523162842,1.416100025177002
front_mu,-,406.889998,1.0499999523162842,1.416100025177002
front_mu,-,407.021998,1.0499999523162842,1.416100025177002
front_mu,-,407.087998,1.0499999523162842,1.416100025177002
front_mu,-,407.219998,1.0499999523162842,1.416100025177002
front_mu,-,407.351998,1.0499999523162842,1.416100025177002
front_mu,-,407.483998,1.0499999523162842,1.416100025177002
front_mu,-,407.615998,1.0499999523162842,1.416100025177002
front_mu,-,407.747998,1.0499999523162842,1.416100025177002
front_mu,-,407.879998,1.0499999523162842,1.416100025177002
front_mu,-,407.978998,1.0499999523162842,1.416100025177002
front_mu,-,408.077998,1.0499999523162842,1.416100025177002
front_mu,-,408.176998,1.0499999523162842,1.416100025177002
front_mu,-,408.275998,1.0499999523162842,1.416100025177002
front_mu,-,408.374998,1.0499999523162842,1.416100025177002
front_mu,-,408.473998,1.0499999523162842,1.416100025177002
front_mu,-,408.605998,1.0499999523162842,1.416100025177002
front_mu,-,408.737998,1.0499999523162842,1.416100025177002
front_mu,-,408.869998,1.0499999523162842,1.416100025177002
front_mu,-,409.001998,1.0499999523162842,1.416100025177002
front_mu,-,409.133998,1.0499999523162842,1.416100025177002
front_mu,-,409.265998,1.0499999523162842,1.416100025177002
front_mu,-,409.331998,1.0499999523162842,1.416100025177002
front_mu,-,409.463998,1.0499999523162842,1.416100025177002
front_mu,-,409.529998,1.0499999523162842,1.416100025177002
front_mu,-,409.661998,1.0499999523162842,1.416100025177002
front_mu,-,409.727998,1.0499999523162842,1.416100025177002
front_mu,-,409.859998,1.0499999523162842,1.416100025177002
front_mu,-,409.991998,1.0499999523162842,1.416100025177002
front_mu,-,410.123998,1.0499999523162842,1.416100025177002
front_mu,-,410.255998,1.0499999523162842,1.416100025177002
front_mu,-,410.387998,1.0499999523162842,1.416100025177002
front_mu,-,410.519998,1.0499999523162842,1.416100025177002
front_mu,-,410.618998,1.0499999523162842,1.416100025177002
front_mu,-,410.717998,1.0499999523162842,1.416100025177002
front_mu,-,410.816998,1.0499999523162842,1.416100025177002
front_mu,-,410.915998,1.0499999523162842,1.416100025177002
front_mu,-,411.014998,1.0499999523162842,1.416100025177002
front_mu,-,411.113998,1.0499999523162842,1.416100025177002
front_mu,-,411.245998,1.0499999523162842,1.416100025177002
front_mu,-,411.377998,1.0499999523162842,1.416100025177002
front_mu,-,411.509998,1.0499999523162842,1.416100025177002
front_mu,-,411.641998,1.0499999523162842,1.416100025177002
front_mu,-,411.773998,1.0499999523162842,1.416100025177002
front_mu,-,411.905998,1.0499999523162842,1.416100025177002
front_mu,-,411.971998,1.0499999523162842,1.416100025177002
front_mu,-,412.103998,1.0499999523162842,1.416100025177002
front_mu,-,412.169998,1.0499999523162842,1.416100025177002
front_mu,-,412.301998,1.0499999523162842,1.416100025177002
front_mu,-,412.367998,1.0499999523162842,1.416100025177002
front_mu,-,412.499998,1.0499999523162842,1.416100025177002
front_mu,-,412.631998,1.0499999523162842,1.416100025177002
front_mu,-,412.763998,1.0499999523162842,1.416100025177002
front_mu,-,412.895998,1.0499999523162842,1.416100025177002
front_mu,-,413.027998,1.0499999523162842,1.416100025177002
front_mu,-,413.093998,1.0499999523162842,1.416100025177002
front_mu,-,413.225998,1.0499999523162842,1.416100025177002
front_mu,-,413.291998,1.0499999523162842,1.416100025177002
front_mu,-,413.456998,1.0499999523162842,1.416100025177002
front_mu,-,413.555998,1.0499999523162842,1.416100025177002
front_mu,-,413.654998,1.0499999523162842,1.416100025177002
front_mu,-,413.753998,1.0499999523162842,1.416100025177002
front_mu,-,413.885998,1.0499999523162842,1.416100025177002
front_mu,-,414.017998,1.0499999523162842,1.416100025177002
front_mu,-,414.149998,1.0499999523162842,1.416100025177002
front_mu,-,414.281998,1.0499999523162842,1.416100025177002
front_mu,-,414.380998,1.0499999523162842,1.416100025177002
front_mu,-,414.479998,1.0499999523162842,1.416100025177002
front_mu,-,414.578998,1.0499999523162842,1.416100025177002
front_mu,-,414.677998,1.0499999523162842,1.416100025177002
front_mu,-,414.809998,1.0499999523162842,1.416100025177002
front_mu,-,414.941998,1.0499999523162842,1.416100025177002
front_mu,-,415.007998,1.0499999523162842,1.416100025177002
front_mu,-,415.139998,1.0499999523162842,1.416100025177002
front_mu,-,415.271998,1.0499999523162842,1.416100025177002
front_mu,-,415.403998,1.0499999523162842,1.416100025177002
front_mu,-,415.535998,1.0499999523162842,1.416100025177002
front_mu,-,415.667998,1.0499999523162842,1.416100025177002
front_mu,-,415.799998,1.0499999523162842,1.416100025177002
front_mu,-,415.898998,1.0499999523162842,1.416100025177002
front_mu,-,415.997998,1.0499999523162842,1.416100025177002
front_mu,-,416.096998,1.0499999523162842,1.416100025177002
front_mu,-,416.195998,1.0499999523162842,1.416100025177002
front_mu,-,416.294998,1.0499999523162842,1.416100025177002
front_mu,-,416.393998,1.0499999523162842,1.416100025177002
front_mu,-,416.525998,1.0499999523162842,1.416100025177002
front_mu,-,416.657998,1.0499999523162842,1.416100025177002
front_mu,-,416.789998,1.0499999523162842,1.416100025177002
front_mu,-,416.921998,1.0499999523162842,1.416100025177002
front_mu,-,417.020998,1.0499999523162842,1.416100025177002
front_mu,-,417.119998,1.0499999523162842,1.416100025177002
front_mu,-,417.218998,1.0499999523162842,1.416100025177002
front_mu,-,417.317998,1.0499999523162842,1.416100025177002
front_mu,-,417.416998,1.0499999523162842,1.416100025177002
front_mu,-,417.515998,1.0499999523162842,1.416100025177002
front_mu,-,417.614998,1.0499999523162842,1.416100025177002
front_mu,-,417.779998,1.0499999523162842,1.416100025177002
front_mu,-,417.911998,1.0499999523162842,1.416100025177002
front_mu,-,418.043998,1.0499999523162842,1.416100025177002
front_mu,-,418.175998,1.0499999523162842,1.416100025177002
front_mu,-,418.307998,1.0499999523162842,1.416100025177002
front_mu,-,418.373998,1.0499999523162842,1.416100025177002
front_mu,-,418.505998,1.0499999523162842,1.416100025177002
front_mu,-,418.571998,1.0499999523162842,1.416100025177002
front_mu,-,418.703998,1.0499999523162842,1.416100025177002
front_mu,-,418.769998,1.0499999523162842,1.416100025177002
front_mu,-,418.901998,1.0499999523162842,1.416100025177002
front_mu,-,418.967998,1.0499999523162842,1.416100025177002
front_mu,-,419.099998,1.0499999523162842,1.416100025177002
front_mu,-,419.231998,1.0499999523162842,1.416100025177002
front_mu,-,419.363998,1.0499999523162842,1.416100025177002
front_mu,-,419.495998,1.0499999523162842,1.416100025177002
front_mu,-,419.627998,1.0499999523162842,1.416100025177002
front_mu,-,419.693998,1.0499999523162842,1.416100025177002
front_mu,-,419.825998,1.0499999523162842,1.416100025177002
front_mu,-,419.891998,1.0499999523162842,1.416100025177002
front_mu,-,420.023998,1.0499999523162842,1.416100025177002
front_mu,-,420.089998,1.0499999523162842,1.416100025177002
front_mu,-,420.221998,1.0499999523162842,1.416100025177002
front_mu,-,420.287998,1.0499999523162842,1.416100025177002
front_mu,-,420.419998,1.0499999523162842,1.416100025177002
front_mu,-,420.551998,1.0499999523162842,1.416100025177002
front_mu,-,420.683998,1.0499999523162842,1.416100025177002
front_mu,-,420.815998,1.0499999523162842,1.416100025177002
front_mu,-,420.947998,1.0499999523162842,1.416100025177002
front_mu,-,421.079998,1.0499999523162842,1.416100025177002
front_mu,-,421.178998,1.0499999523162842,1.416100025177002
front_mu,-,421.277998,1.0499999523162842,1.416100025177002
front_mu,-,421.376998,1.0499999523162842,1.416100025177002
front_mu,-,421.475998,1.0499999523162842,1.416100025177002
front_mu,-,421.574998,1.0499999523162842,1.416100025177002
front_mu,-,421.673998,1.0499999523162842,1.416100025177002
front_mu,-,421.805998,1.0499999523162842,1.416100025177002
front_mu,-,421.937998,1.0499999523162842,1.416100025177002
front_mu,-,422.069998,1.0499999523162842,1.416100025177002
front_mu,-,422.201998,1.0499999523162842,1.416100025177002
front_mu,-,422.333998,1.0499999523162842,1.416100025177002
front_mu,-,422.465998,1.0499999523162842,1.416100025177002
front_mu,-,422.531998,1.0499999523162842,1.416100025177002
front_mu,-,422.663998,1.0499999523162842,1.416100025177002
front_mu,-,422.729998,1.0499999523162842,1.416100025177002
front_mu,-,422.861998,1.0499999523162842,1.416100025177002
front_mu,-,422.927998,1.0499999523162842,1.416100025177002
front_mu,-,423.059998,1.0499999523162842,1.416100025177002
front_mu,-,423.191998,1.0499999523162842,1.416100025177002
front_mu,-,423.323998,1.0499999523162842,1.416100025177002
front_mu,-,423.455998,1.0499999523162842,1.416100025177002
front_mu,-,423.587998,1.0499999523162842,1.416100025177002
front_mu,-,423.719998,1.0499999523162842,1.416100025177002
front_mu,-,423.818998,1.0499999523162842,1.416100025177002
front_mu,-,423.917998,1.0499999523162842,1.416100025177002
front_mu,-,424.016998,1.0499999523162842,1.416100025177002
front_mu,-,424.115998,1.0499999523162842,1.416100025177002
front_mu,-,424.247998,1.0499999523162842,1.416100025177002
front_mu,-,424.379998,1.0499999523162842,1.416100025177002
front_mu,-,424.511998,1.0499999523162842,1.416100025177002
front_mu,-,424.643998,1.0499999523162842,1.416100025177002
front_mu,-,424.775998,1.0499999523162842,1.416100025177002
front_mu,-,424.907998,1.0499999523162842,1.416100025177002
front_mu,-,424.973998,1.0499999523162842,1.416100025177002
front_mu,-,425.105998,1.0499999523162842,1.416100025177002
front_mu,-,425.171998,1.0499999523162842,1.416100025177002
front_mu,-,425.303998,1.0499999523162842,1.416100025177002
front_mu,-,425.369998,1.0499999523162842,1.416100025177002
front_mu,-,425.501998,1.0499999523162842,1.416100025177002
front_mu,-,425.567998,1.0499999523162842,1.416100025177002
front_mu,-,425.699998,1.0499999523162842,1.416100025177002
front_mu,-,425.831998,1.0499999523162842,1.416100025177002
front_mu,-,426.029998,1.0499999523162842,1.416100025177002
front_mu,-,426.161998,1.0499999523162842,1.416100025177002
front_mu,-,426.260998,1.0499999523162842,1.416100025177002
front_mu,-,426.425998,1.0499999523162842,1.416100025177002
front_mu,-,426.491998,1.0499999523162842,1.416100025177002
front_mu,-,426.623998,1.0499999523162842,1.416100025177002
front_mu,-,426.689998,1.0499999523162842,1.416100025177002
front_mu,-,426.821998,1.0499999523162842,1.416100025177002
front_mu,-,426.887998,1.0499999523162842,1.416100025177002
front_mu,-,427.019998,1.0499999523162842,1.416100025177002
front_mu,-,427.151998,1.0499999523162842,1.416100025177002
front_mu,-,427.283998,1.0499999523162842,1.416100025177002
front_mu,-,427.415998,1.0499999523162842,1.416100025177002
front_mu,-,427.547998,1.0499999523162842,1.416100025177002
front_mu,-,427.613998,1.0499999523162842,1.416100025177002
front_mu,-,427.745998,1.0499999523162842,1.416100025177002
front_mu,-,427.811998,1.0499999523162842,1.416100025177002
front_mu,-,427.943998,1.0499999523162842,1.416100025177002
front_mu,-,428.009998,1.0499999523162842,1.416100025177002
front_mu,-,428.141998,1.0499999523162842,1.416100025177002
front_mu,-,428.207998,1.0499999523162842,1.416100025177002
front_mu,-,428.339998,1.0499999523162842,1.416100025177002
front_mu,-,428.471998,1.0499999523162842,1.416100025177002
front_mu,-,428.603998,1.0499999523162842,1.416100025177002
front_mu,-,428.735998,1.0499999523162842,1.416100025177002
front_mu,-,428.867998,1.0499999523162842,1.416100025177002
front_mu,-,428.933998,1.0499999523162842,1.416100025177002
front_mu,-,429.065998,1.0499999523162842,1.416100025177002
front_mu,-,429.131998,1.0499999523162842,1.416100025177002
front_mu,-,429.263998,1.0499999523162842,1.416100025177002
front_mu,-,429.395998,1.0499999523162842,1.416100025177002
front_mu,-,429.494998,1.0499999523162842,1.416100025177002
front_mu,-,429.593998,1.0499999523162842,1.416100025177002
front_mu,-,429.725998,1.0499999523162842,1.416100025177002
front_mu,-,429.857998,1.0499999523162842,1.416100025177002
front_mu,-,429.989998,1.0499999523162842,1.416100025177002
front_mu,-,430.121998,1.0499999523162842,1.416100025177002
front_mu,-,430.220998,1.0499999523162842,1.416100025177002
front_mu,-,430.319998,1.0499999523162842,1.416100025177002
front_mu,-,430.418998,1.0499999523162842,1.416100025177002
front_mu,-,430.517998,1.0499999523162842,1.416100025177002
front_mu,-,430.616998,1.0499999523162842,1.416100025177002
front_mu,-,430.715998,1.0499999523162842,1.416100025177002
front_mu,-,430.814998,1.0499999523162842,1.416100025177002
front_mu,-,430.913998,1.0499999523162842,1.416100025177002
front_mu,-,431.045998,1.0499999523162842,1.416100025177002
front_mu,-,431.177998,1.0499999523162842,1.416100025177002
front_mu,-,431.309998,1.0499999523162842,1.416100025177002
front_mu,-,431.441998,1.0499999523162842,1.416100025177002
front_mu,-,431.573998,1.0499999523162842,1.416100025177002
front_mu,-,431.705998,1.0499999523162842,1.416100025177002
front_mu,-,431.771998,1.0499999523162842,1.416100025177002
front_mu,-,431.903998,1.0499999523162842,1.416100025177002
front_mu,-,431.969998,1.0499999523162842,1.416100025177002
front_mu,-,432.101998,1.0499999523162842,1.416100025177002
front_mu,-,432.233998,1.0499999523162842,1.416100025177002
front_mu,-,432.365998,1.0499999523162842,1.416100025177002
front_mu,-,432.497998,1.0499999523162842,1.416100025177002
front_mu,-,432.629998,1.0499999523162842,1.416100025177002
front_mu,-,432.761998,1.0499999523162842,1.416100025177002
front_mu,-,432.893998,1.0499999523162842,1.416100025177002
front_mu,-,433.025998,1.0499999523162842,1.416100025177002
front_mu,-,433.091998,1.0499999523162842,1.416100025177002
front_mu,-,433.223998,1.0499999523162842,1.416100025177002
front_mu,-,433.289998,1.0499999523162842,1.416100025177002
front_mu,-,433.421998,1.0499999523162842,1.416100025177002
front_mu,-,433.487998,1.0499999523162842,1.416100025177002
front_mu,-,433.619998,1.0499999523162842,1.416100025177002
front_mu,-,433.685998,1.0499999523162842,1.416100025177002
front_mu,-,433.817998,1.0499999523162842,1.416100025177002
front_mu,-,433.949998,1.0499999523162842,1.416100025177002
front_mu,-,434.081998,1.0499999523162842,1.416100025177002
front_mu,-,434.213998,1.0499999523162842,1.416100025177002
front_mu,-,434.345998,1.0499999523162842,1.416100025177002
front_mu,-,434.411998,1.0499999523162842,1.416100025177002
front_mu,-,434.543998,1.0499999523162842,1.416100025177002
front_mu,-,434.609998,1.0499999523162842,1.416100025177002
front_mu,-,434.741998,1.0499999523162842,1.416100025177002
front_mu,-,434.807998,1.0499999523162842,1.416100025177002
front_mu,-,434.939998,1.0499999523162842,1.416100025177002
front_mu,-,435.005998,1.0499999523162842,1.416100025177002
front_mu,-,435.137998,1.0499999523162842,1.416100025177002
front_mu,-,435.203998,1.0499999523162842,1.416100025177002
front_mu,-,435.335998,1.0499999523162842,1.416100025177002
front_mu,-,435.467998,1.0499999523162842,1.416100025177002
front_mu,-,435.599998,1.0499999523162842,1.416100025177002
front_mu,-,435.698998,1.0499999523162842,1.416100025177002
front_mu,-,435.797998,1.0499999523162842,1.416100025177002
front_mu,-,435.896998,1.0499999523162842,1.416100025177002
front_mu,-,435.995998,1.0499999523162842,1.416100025177002
front_mu,-,436.094998,1.0499999523162842,1.416100025177002
front_mu,-,436.193998,1.0499999523162842,1.416100025177002
front_mu,-,436.325998,1.0499999523162842,1.416100025177002
front_mu,-,436.457998,1.0499999523162842,1.416100025177002
front_mu,-,436.589998,1.0499999523162842,1.416100025177002
front_mu,-,436.721998,1.0499999523162842,1.416100025177002
front_mu,-,436.820998,1.0499999523162842,1.416100025177002
front_mu,-,436.919998,1.0499999523162842,1.416100025177002
front_mu,-,437.018998,1.0499999523162842,1.416100025177002
front_mu,-,437.117998,1.0499999523162842,1.416100025177002
front_mu,-,437.216998,1.0499999523162842,1.416100025177002
front_mu,-,437.315998,1.0499999523162842,1.416100025177002
front_mu,-,437.414998,1.0499999523162842,1.416100025177002
front_mu,-,437.513998,1.0499999523162842,1.416100025177002
front_mu,-,437.645998,1.0499999523162842,1.416100025177002
front_mu,-,437.777998,1.0499999523162842,1.416100025177002
front_mu,-,437.909998,1.0499999523162842,1.416100025177002
front_mu,-,438.041998,1.0499999523162842,1.416100025177002
front_mu,-,438.140998,1.0499999523162842,1.416100025177002
front_mu,-,438.239998,1.0499999523162842,1.416100025177002
front_mu,-,438.338998,1.0499999523162842,1.416100025177002
front_mu,-,438.437998,1.0499999523162842,1.416100025177002
front_mu,-,438.536998,1.0499999523162842,1.416100025177002
front_mu,-,438.635998,1.0499999523162842,1.416100025177002
front_mu,-,438.734998,1.0499999523162842,1.416100025177002
front_mu,-,438.833998,1.0499999523162842,1.416100025177002
front_mu,-,438.965998,1.0499999523162842,1.416100025177002
front_mu,-,439.097998,1.0499999523162842,1.416100025177002
front_mu,-,439.229998,1.0499999523162842,1.416100025177002
front_mu,-,439.361998,1.0499999523162842,1.416100025177002
front_mu,-,439.460998,1.0499999523162842,1.416100025177002
front_mu,-,439.559998,1.0499999523162842,1.416100025177002
front_mu,-,439.691998,1.0499999523162842,1.416100025177002
front_mu,-,439.823998,1.0499999523162842,1.416100025177002
front_mu,-,439.889998,1.0499999523162842,1.416100025177002
front_mu,-,440.021998,1.0499999523162842,1.416100025177002
front_mu,-,440.087998,1.0499999523162842,1.416100025177002
front_mu,-,440.219998,1.0499999523162842,1.416100025177002
front_mu,-,440.351998,1.0499999523162842,1.416100025177002
front_mu,-,440.483998,1.0499999523162842,1.416100025177002
front_mu,-,440.681998,1.0499999523162842,1.416100025177002
front_mu,-,440.813998,1.0499999523162842,1.416100025177002
front_mu,-,440.945998,1.0499999523162842,1.416100025177002
front_mu,-,441.011998,1.0499999523162842,1.416100025177002
front_mu,-,441.143998,1.0499999523162842,1.416100025177002
front_mu,-,441.209998,1.0499999523162842,1.416100025177002
front_mu,-,441.341998,1.0499999523162842,1.416100025177002
front_mu,-,441.407998,1.0499999523162842,1.416100025177002
front_mu,-,441.539998,1.0499999523162842,1.416100025177002
front_mu,-,441.671998,1.0499999523162842,1.416100025177002
front_mu,-,441.803998,1.0499999523162842,1.416100025177002
front_mu,-,441.935998,1.0499999523162842,1.416100025177002
front_mu,-,442.067998,1.0499999523162842,1.416100025177002
front_mu,-,442.133998,1.0499999523162842,1.416100025177002
front_mu,-,442.265998,1.0499999523162842,1.416100025177002
front_mu,-,442.331998,1.0499999523162842,1.416100025177002
front_mu,-,442.463998,1.0499999523162842,1.416100025177002
front_mu,-,442.529998,1.0499999523162842,1.416100025177002
front_mu,-,442.661998,1.0499999523162842,1.416100025177002
front_mu,-,442.727998,1.0499999523162842,1.416100025177002
front_mu,-,442.859998,1.0499999523162842,1.416100025177002
front_mu,-,442.991998,1.0499999523162842,1.416100025177002
front_mu,-,443.123998,1.0499999523162842,1.416100025177002
front_mu,-,443.255998,1.0499999523162842,1.416100025177002
front_mu,-,443.387998,1.0499999523162842,1.416100025177002
front_mu,-,443.519998,1.0499999523162842,1.416100025177002
front_mu,-,443.618998,1.0499999523162842,1.416100025177002
front_mu,-,443.717998,1.0499999523162842,1.416100025177002
front_mu,-,443.816998,1.0499999523162842,1.416100025177002
front_mu,-,443.915998,1.0499999523162842,1.416100025177002
front_mu,-,444.014997,1.0499999523162842,1.416100025177002
front_mu,-,444.113998,1.0499999523162842,1.416100025177002
front_mu,-,444.245998,1.0499999523162842,1.416100025177002
front_mu,-,444.377998,1.0499999523162842,1.416100025177002
front_mu,-,444.509998,1.0499999523162842,1.416100025177002
front_mu,-,444.641998,1.0499999523162842,1.416100025177002
front_mu,-,444.773998,1.0499999523162842,1.416100025177002
front_mu,-,444.905998,1.0499999523162842,1.416100025177002
front_mu,-,444.971997,1.0499999523162842,1.416100025177002
front_mu,-,445.103998,1.0499999523162842,1.416100025177002
front_mu,-,445.235998,1.0499999523162842,1.416100025177002
front_mu,-,445.334998,1.0499999523162842,1.416100025177002
front_mu,-,445.433998,1.0499999523162842,1.416100025177002
front_mu,-,445.565998,1.0499999523162842,1.416100025177002
front_mu,-,445.697998,1.0499999523162842,1.416100025177002
front_mu,-,445.829998,1.0499999523162842,1.416100025177002
front_mu,-,445.961998,1.0499999523162842,1.416100025177002
front_mu,-,446.093997,1.0499999523162842,1.416100025177002
front_mu,-,446.225998,1.0499999523162842,1.416100025177002
front_mu,-,446.291998,1.0499999523162842,1.416100025177002
front_mu,-,446.423998,1.0499999523162842,1.416100025177002
front_mu,-,446.489998,1.0499999523162842,1.416100025177002
front_mu,-,446.621998,1.0499999523162842,1.416100025177002
front_mu,-,446.753998,1.0499999523162842,1.416100025177002
front_mu,-,446.885998,1.0499999523162842,1.416100025177002
front_mu,-,447.017998,1.0499999523162842,1.416100025177002
front_mu,-,447.149997,1.0499999523162842,1.416100025177002
front_mu,-,447.281998,1.0499999523162842,1.416100025177002
front_mu,-,447.413998,1.0499999523162842,1.416100025177002
front_mu,-,447.545998,1.0499999523162842,1.416100025177002
front_mu,-,447.611998,1.0499999523162842,1.416100025177002
front_mu,-,447.743998,1.0499999523162842,1.416100025177002
front_mu,-,447.809998,1.0499999523162842,1.416100025177002
front_mu,-,447.941998,1.0499999523162842,1.416100025177002
front_mu,-,448.007998,1.0499999523162842,1.416100025177002
front_mu,-,448.139997,1.0499999523162842,1.416100025177002
front_mu,-,448.271998,1.0499999523162842,1.416100025177002
front_mu,-,448.469998,1.0499999523162842,1.416100025177002
front_mu,-,448.601998,1.0499999523162842,1.416100025177002
front_mu,-,448.700998,1.0499999523162842,1.416100025177002
front_mu,-,448.799998,1.0499999523162842,1.416100025177002
front_mu,-,448.898998,1.0499999523162842,1.416100025177002
front_mu,-,448.997998,1.0499999523162842,1.416100025177002
front_mu,-,449.096997,1.0499999523162842,1.416100025177002
front_mu,-,449.195997,1.0499999523162842,1.416100025177002
front_mu,-,449.294997,1.0499999523162842,1.416100025177002
front_mu,-,449.393998,1.0499999523162842,1.416100025177002
front_mu,-,449.525998,1.0499999523162842,1.416100025177002
front_mu,-,449.657998,1.0499999523162842,1.416100025177002
front_mu,-,449.789998,1.0499999523162842,1.416100025177002
front_mu,-,449.921998,1.0499999523162842,1.416100025177002
front_mu,-,450.020998,1.0499999523162842,1.416100025177002
front_mu,-,450.119998,1.0499999523162842,1.416100025177002
front_mu,-,450.218997,1.0499999523162842,1.416100025177002
front_mu,-,450.317997,1.0499999523162842,1.416100025177002
front_mu,-,450.416998,1.0499999523162842,1.416100025177002
front_mu,-,450.515998,1.0499999523162842,1.416100025177002
front_mu,-,450.614998,1.0499999523162842,1.416100025177002
front_mu,-,450.713998,1.0499999523162842,1.416100025177002
front_mu,-,450.845998,1.0499999523162842,1.416100025177002
front_mu,-,450.977998,1.0499999523162842,1.416100025177002
front_mu,-,451.109998,1.0499999523162842,1.416100025177002
front_mu,-,451.241997,1.0499999523162842,1.416100025177002
front_mu,-,451.340997,1.0499999523162842,1.416100025177002
front_mu,-,451.439998,1.0499999523162842,1.416100025177002
front_mu,-,451.538998,1.0499999523162842,1.416100025177002
front_mu,-,451.637998,1.0499999523162842,1.416100025177002
front_mu,-,451.769998,1.0499999523162842,1.416100025177002
front_mu,-,451.901998,1.0499999523162842,1.416100025177002
front_mu,-,451.967998,1.0499999523162842,1.416100025177002
front_mu,-,452.099998,1.0499999523162842,1.416100025177002
front_mu,-,452.231997,1.0499999523162842,1.416100025177002
front_mu,-,452.363997,1.0499999523162842,1.416100025177002
front_mu,-,452.495998,1.0499999523162842,1.416100025177002
front_mu,-,452.627998,1.0499999523162842,1.416100025177002
front_mu,-,452.693998,1.0499999523162842,1.416100025177002
front_mu,-,452.825998,1.0499999523162842,1.416100025177002
front_mu,-,452.891998,1.0499999523162842,1.416100025177002
front_mu,-,453.023998,1.0499999523162842,1.416100025177002
front_mu,-,453.089998,1.0499999523162842,1.416100025177002
front_mu,-,453.221997,1.0499999523162842,1.416100025177002
front_mu,-,453.353997,1.0499999523162842,1.416100025177002
front_mu,-,453.485997,1.0499999523162842,1.416100025177002
front_mu,-,453.617998,1.0499999523162842,1.416100025177002
front_mu,-,453.749998,1.0499999523162842,1.416100025177002
front_mu,-,453.881998,1.0499999523162842,1.416100025177002
front_mu,-,453.980998,1.0499999523162842,1.416100025177002
front_mu,-,454.079998,1.0499999523162842,1.416100025177002
front_mu,-,454.178998,1.0499999523162842,1.416100025177002
front_mu,-,454.277997,1.0499999523162842,1.416100025177002
front_mu,-,454.376997,1.0499999523162842,1.416100025177002
front_mu,-,454.475997,1.0499999523162842,1.416100025177002
front_mu,-,454.574997,1.0499999523162842,1.416100025177002
front_mu,-,454.673998,1.0499999523162842,1.416100025177002
front_mu,-,454.805998,1.0499999523162842,1.416100025177002
front_mu,-,454.937998,1.0499999523162842,1.416100025177002
front_mu,-,455.069998,1.0499999523162842,1.416100025177002
front_mu,-,455.201998,1.0499999523162842,1.416100025177002
front_mu,-,455.333997,1.0499999523162842,1.416100025177002
front_mu,-,455.465997,1.0499999523162842,1.416100025177002
front_mu,-,455.894998,1.0499999523162842,1.823099970817566
front_mu,-,455.993998,1.0499999523162842,1.823099970817566
front_mu,-,456.125998,1.0499999523162842,1.823099970817566
front_mu,-,456.257998,1.0499999523162842,1.823099970817566
front_mu,-,456.389997,1.0499999523162842,1.823099970817566
front_mu,-,456.521997,1.0499999523162842,1.823099970817566
front_mu,-,456.620997,1.0499999523162842,1.823099970817566
front_mu,-,456.719998,1.0499999523162842,1.823099970817566
front_mu,-,456.818998,1.0499999523162842,1.823099970817566
front_mu,-,456.917998,1.0499999523162842,1.823099970817566
front_mu,-,457.016998,1.0499999523162842,1.823099970817566
front_mu,-,457.115998,1.0499999523162842,1.823099970817566
front_mu,-,457.247998,1.0499999523162842,1.823099970817566
front_mu,-,457.379997,1.0499999523162842,1.823099970817566
front_mu,-,457.511997,1.0499999523162842,1.823099970817566
front_mu,-,457.610997,1.0499999523162842,1.823099970817566
front_mu,-,457.709997,1.0499999523162842,1.823099970817566
front_mu,-,457.808998,1.0499999523162842,1.823099970817566
front_mu,-,458.006998,1.0499999523162842,1.823099970817566
front_mu,-,458.336998,1.0499999523162842,1.823099970817566
front_mu,-,458.666997,1.0499999523162842,1.823099970817566
front_mu,-,458.996998,1.0499999523162842,1.823099970817566
front_mu,-,459.326998,1.0499999523162842,1.823099970817566
front_mu,-,459.392998,1.0499999523162842,1.823099970817566
front_mu,-,459.491997,1.0499999523162842,1.823099970817566
front_mu,-,459.557997,1.0499999523162842,1.823099970817566
front_mu,-,459.689997,1.0499999523162842,1.823099970817566
front_mu,-,459.821997,1.0499999523162842,1.823099970817566
front_mu,-,459.953998,1.0499999523162842,1.823099970817566
front_mu,-,460.085998,1.0499999523162842,1.823099970817566
front_mu,-,460.217998,1.0499999523162842,1.823099970817566
front_mu,-,460.283998,1.0499999523162842,1.823099970817566
front_mu,-,460.415998,1.0499999523162842,1.823099970817566
front_mu,-,460.481997,1.0499999523162842,1.823099970817566
front_mu,-,460.613997,1.0499999523162842,1.823099970817566
front_mu,-,460.679997,1.0499999523162842,1.823099970817566
front_mu,-,460.811997,1.0499999523162842,1.823099970817566
front_mu,-,460.877997,1.0499999523162842,1.823099970817566
front_mu,-,461.009998,1.0499999523162842,1.823099970817566
front_mu,-,461.141998,1.0499999523162842,1.823099970817566
front_mu,-,461.273998,1.0499999523162842,1.823099970817566
front_mu,-,461.405998,1.0499999523162842,1.823099970817566
front_mu,-,461.537997,1.0499999523162842,1.823099970817566
front_mu,-,461.603997,1.0499999523162842,1.823099970817566
front_mu,-,461.735997,1.0499999523162842,1.823099970817566
front_mu,-,461.801997,1.0499999523162842,1.823099970817566
front_mu,-,461.933997,1.0499999523162842,1.823099970817566
front_mu,-,462.065998,1.0499999523162842,1.823099970817566
front_mu,-,462.164998,1.0499999523162842,1.823099970817566
front_mu,-,462.263998,1.0499999523162842,1.823099970817566
front_mu,-,462.395998,1.0499999523162842,1.823099970817566
front_mu,-,462.527997,1.0499999523162842,1.823099970817566
front_mu,-,462.659997,1.0499999523162842,1.823099970817566
front_mu,-,462.791997,1.0499999523162842,1.823099970817566
front_mu,-,462.890997,1.0499999523162842,1.823099970817566
front_mu,-,462.989997,1.0499999523162842,1.823099970817566
front_mu,-,463.088998,1.0499999523162842,1.823099970817566
front_mu,-,463.187998,1.0499999523162842,1.823099970817566
front_mu,-,463.286998,1.0499999523162842,1.823099970817566
front_mu,-,463.385998,1.0499999523162842,1.823099970817566
front_mu,-,463.484998,1.0499999523162842,1.823099970817566
front_mu,-,463.583997,1.0499999523162842,1.823099970817566
front_mu,-,463.715997,1.0499999523162842,1.823099970817566
front_mu,-,463.847997,1.0499999523162842,1.823099970817566
front_mu,-,463.979997,1.0499999523162842,1.823099970817566
front_mu,-,464.111998,1.0499999523162842,1.823099970817566
front_mu,-,464.210998,1.0499999523162842,1.823099970817566
front_mu,-,464.309998,1.0499999523162842,1.823099970817566
front_mu,-,464.408998,1.0499999523162842,1.823099970817566
front_mu,-,464.507998,1.0499999523162842,1.823099970817566
front_mu,-,464.606997,1.0499999523162842,1.823099970817566
front_mu,-,464.705997,1.0499999523162842,1.823099970817566
front_mu,-,464.804997,1.0499999523162842,1.823099970817566
front_mu,-,464.903997,1.0499999523162842,1.823099970817566
front_mu,-,465.035997,1.0499999523162842,1.823099970817566
front_mu,-,465.167998,1.0499999523162842,1.823099970817566
front_mu,-,465.299998,1.0499999523162842,1.823099970817566
front_mu,-,465.431998,1.0499999523162842,1.823099970817566
front_mu,-,465.530998,1.0499999523162842,1.823099970817566
front_mu,-,465.629997,1.0499999523162842,1.823099970817566
front_mu,-,465.728997,1.0499999523162842,1.823099970817566
front_mu,-,465.827997,1.0499999523162842,1.823099970817566
front_mu,-,465.926997,1.0499999523162842,1.823099970817566
front_mu,-,466.025997,1.0499999523162842,1.823099970817566
front_mu,-,466.124997,1.0499999523162842,1.823099970817566
front_mu,-,466.223998,1.0499999523162842,1.823099970817566
front_mu,-,466.355998,1.0499999523162842,1.823099970817566
front_mu,-,466.487998,1.0499999523162842,1.823099970817566
front_mu,-,466.619998,1.0499999523162842,1.823099970817566
front_mu,-,466.751997,1.0499999523162842,1.823099970817566
front_mu,-,466.850997,1.0499999523162842,1.823099970817566
front_mu,-,466.949997,1.0499999523162842,1.823099970817566
front_mu,-,467.048997,1.0499999523162842,1.823099970817566
front_mu,-,467.147997,1.0499999523162842,1.823099970817566
front_mu,-,467.246997,1.0499999523162842,1.823099970817566
front_mu,-,467.345998,1.0499999523162842,1.823099970817566
front_mu,-,467.444998,1.0499999523162842,1.823099970817566
front_mu,-,467.543998,1.0499999523162842,1.823099970817566
front_mu,-,467.675997,1.0499999523162842,1.823099970817566
front_mu,-,467.807997,1.0499999523162842,1.823099970817566
front_mu,-,467.939997,1.0499999523162842,1.823099970817566
front_mu,-,468.071997,1.0499999523162842,1.823099970817566
front_mu,-,468.170997,1.0499999523162842,1.823099970817566
front_mu,-,468.269997,1.0499999523162842,1.823099970817566
front_mu,-,468.368998,1.0499999523162842,1.823099970817566
front_mu,-,468.467998,1.0499999523162842,1.823099970817566
front_mu,-,468.566998,1.0499999523162842,1.823099970817566
front_mu,-,468.665998,1.0499999523162842,1.823099970817566
front_mu,-,468.764997,1.0499999523162842,1.823099970817566
front_mu,-,468.863997,1.0499999523162842,1.823099970817566
front_mu,-,468.995997,1.0499999523162842,1.823099970817566
front_mu,-,469.127997,1.0499999523162842,1.823099970817566
front_mu,-,469.259997,1.0499999523162842,1.823099970817566
front_mu,-,469.391998,1.0499999523162842,1.823099970817566
front_mu,-,469.490998,1.0499999523162842,1.823099970817566
front_mu,-,469.589998,1.0499999523162842,1.823099970817566
front_mu,-,469.688998,1.0499999523162842,1.823099970817566
front_mu,-,469.787997,1.0499999523162842,1.823099970817566
front_mu,-,469.886997,1.0499999523162842,1.823099970817566
front_mu,-,469.985997,1.0499999523162842,1.823099970817566
front_mu,-,470.084997,1.0499999523162842,1.823099970817566
front_mu,-,470.183997,1.0499999523162842,1.823099970817566
front_mu,-,470.315997,1.0499999523162842,1.823099970817566
front_mu,-,470.447998,1.0499999523162842,1.823099970817566
front_mu,-,470.579998,1.0499999523162842,1.823099970817566
front_mu,-,470.711998,1.0499999523162842,1.823099970817566
front_mu,-,470.810997,1.0499999523162842,1.823099970817566
front_mu,-,470.909997,1.0499999523162842,1.823099970817566
front_mu,-,471.008997,1.0499999523162842,1.823099970817566
front_mu,-,471.107997,1.0499999523162842,1.823099970817566
front_mu,-,471.206997,1.0499999523162842,1.823099970817566
front_mu,-,471.305997,1.0499999523162842,1.823099970817566
front_mu,-,471.404997,1.0499999523162842,1.823099970817566
front_mu,-,471.503998,1.0499999523162842,1.823099970817566
front_mu,-,471.635998,1.0499999523162842,1.823099970817566
front_mu,-,471.767998,1.0499999523162842,1.823099970817566
front_mu,-,471.899997,1.0499999523162842,1.823099970817566
front_mu,-,472.031997,1.0499999523162842,1.823099970817566
front_mu,-,472.130997,1.0499999523162842,1.823099970817566
front_mu,-,472.229997,1.0499999523162842,1.823099970817566
front_mu,-,472.328997,1.0499999523162842,1.823099970817566
front_mu,-,472.427997,1.0499999523162842,1.823099970817566
front_mu,-,472.526997,1.0499999523162842,1.823099970817566
front_mu,-,472.625998,1.0499999523162842,1.823099970817566
front_mu,-,472.724998,1.0499999523162842,1.823099970817566
front_mu,-,472.823997,1.0499999523162842,1.823099970817566
front_mu,-,472.955997,1.0499999523162842,1.823099970817566
front_mu,-,473.087997,1.0499999523162842,1.823099970817566
front_mu,-,473.219997,1.0499999523162842,1.823099970817566
front_mu,-,473.351997,1.0499999523162842,1.823099970817566
front_mu,-,473.450997,1.0499999523162842,1.823099970817566
front_mu,-,473.549997,1.0499999523162842,1.823099970817566
front_mu,-,473.648998,1.0499999523162842,1.823099970817566
front_mu,-,473.747998,1.0499999523162842,1.823099970817566
front_mu,-,473.846997,1.0499999523162842,1.823099970817566
front_mu,-,473.945997,1.0499999523162842,1.823099970817566
front_mu,-,474.044997,1.0499999523162842,1.823099970817566
front_mu,-,474.143997,1.0499999523162842,1.823099970817566
front_mu,-,474.275997,1.0499999523162842,1.823099970817566
front_mu,-,474.407997,1.0499999523162842,1.823099970817566
front_mu,-,474.539997,1.0499999523162842,1.823099970817566
front_mu,-,474.671998,1.0499999523162842,1.823099970817566
front_mu,-,474.770998,1.0499999523162842,1.823099970817566
front_mu,-,474.869998,1.0499999523162842,1.823099970817566
front_mu,-,474.968997,1.0499999523162842,1.823099970817566
front_mu,-,475.067997,1.0499999523162842,1.823099970817566
front_mu,-,475.166997,1.0499999523162842,1.823099970817566
front_mu,-,475.265997,1.0499999523162842,1.823099970817566
front_mu,-,475.364997,1.0499999523162842,1.823099970817566
front_mu,-,475.463997,1.0499999523162842,1.823099970817566
front_mu,-,475.595997,1.0499999523162842,1.823099970817566
front_mu,-,475.727998,1.0499999523162842,1.823099970817566
front_mu,-,475.859998,1.0499999523162842,1.823099970817566
front_mu,-,475.991997,1.0499999523162842,1.823099970817566
front_mu,-,476.090997,1.0499999523162842,1.823099970817566
front_mu,-,476.189997,1.0499999523162842,1.823099970817566
front_mu,-,476.288997,1.0499999523162842,1.823099970817566
front_mu,-,476.387997,1.0499999523162842,1.823099970817566
front_mu,-,476.486997,1.0499999523162842,1.823099970817566
front_mu,-,476.585997,1.0499999523162842,1.823099970817566
front_mu,-,476.684997,1.0499999523162842,1.823099970817566
front_mu,-,476.783998,1.0499999523162842,1.823099970817566
front_mu,-,476.915998,1.0499999523162842,1.823099970817566
front_mu,-,477.047997,1.0499999523162842,1.823099970817566
front_mu,-,477.179997,1.0499999523162842,1.823099970817566
front_mu,-,477.311997,1.0499999523162842,1.823099970817566
front_mu,-,477.410997,1.0499999523162842,1.823099970817566
front_mu,-,477.509997,1.0499999523162842,1.823099970817566
front_mu,-,477.608997,1.0499999523162842,1.823099970817566
front_mu,-,477.707997,1.0499999523162842,1.823099970817566
front_mu,-,477.806997,1.0499999523162842,1.823099970817566
front_mu,-,477.905998,1.0499999523162842,1.823099970817566
front_mu,-,478.004997,1.0499999523162842,1.823099970817566
front_mu,-,478.103997,1.0499999523162842,1.823099970817566
front_mu,-,478.235997,1.0499999523162842,1.823099970817566
front_mu,-,478.367997,1.0499999523162842,1.823099970817566
front_mu,-,478.499997,1.0499999523162842,1.823099970817566
front_mu,-,478.631997,1.0499999523162842,1.823099970817566
front_mu,-,478.730997,1.0499999523162842,1.823099970817566
front_mu,-,478.829997,1.0499999523162842,1.823099970817566
front_mu,-,478.928998,1.0499999523162842,1.823099970817566
front_mu,-,479.027997,1.0499999523162842,1.823099970817566
front_mu,-,479.126997,1.0499999523162842,1.823099970817566
front_mu,-,479.225997,1.0499999523162842,1.823099970817566
front_mu,-,479.324997,1.0499999523162842,1.823099970817566
front_mu,-,479.423997,1.0499999523162842,1.823099970817566
front_mu,-,479.555997,1.0499999523162842,1.823099970817566
front_mu,-,479.687997,1.0499999523162842,1.823099970817566
front_mu,-,479.819997,1.0499999523162842,1.823099970817566
front_mu,-,479.951998,1.0499999523162842,1.823099970817566
front_mu,-,480.050997,1.0499999523162842,1.823099970817566
front_mu,-,480.149997,1.0499999523162842,1.823099970817566
front_mu,-,480.248997,1.0499999523162842,1.823099970817566
front_mu,-,480.347997,1.0499999523162842,1.823099970817566
front_mu,-,480.446997,1.0499999523162842,1.823099970817566
front_mu,-,480.545997,1.0499999523162842,1.823099970817566
front_mu,-,480.644997,1.0499999523162842,1.823099970817566
front_mu,-,480.743997,1.0499999523162842,1.823099970817566
front_mu,-,480.875997,1.0499999523162842,1.823099970817566
front_mu,-,481.007998,1.0499999523162842,1.823099970817566
front_mu,-,481.139997,1.0499999523162842,1.823099970817566
front_mu,-,481.271997,1.0499999523162842,1.823099970817566
front_mu,-,481.370997,1.0499999523162842,1.823099970817566
front_mu,-,481.469997,1.0499999523162842,1.823099970817566
front_mu,-,481.568997,1.0499999523162842,1.823099970817566
front_mu,-,481.667997,1.0499999523162842,1.823099970817566
front_mu,-,481.766997,1.0499999523162842,1.823099970817566
front_mu,-,481.865997,1.0499999523162842,1.823099970817566
front_mu,-,481.964997,1.0499999523162842,1.823099970817566
front_mu,-,482.063998,1.0499999523162842,1.823099970817566
front_mu,-,482.195997,1.0499999523162842,1.823099970817566
front_mu,-,482.327997,1.0499999523162842,1.823099970817566
front_mu,-,482.459997,1.0499999523162842,1.823099970817566
front_mu,-,482.591997,1.0499999523162842,1.823099970817566
front_mu,-,482.690997,1.0499999523162842,1.823099970817566
front_mu,-,482.789997,1.0499999523162842,1.823099970817566
front_mu,-,482.888997,1.0499999523162842,1.823099970817566
front_mu,-,482.987997,1.0499999523162842,1.823099970817566
front_mu,-,483.086997,1.0499999523162842,1.823099970817566
front_mu,-,483.185997,1.0499999523162842,1.823099970817566
front_mu,-,483.284997,1.0499999523162842,1.823099970817566
front_mu,-,483.383997,1.0499999523162842,1.823099970817566
front_mu,-,483.515997,1.0499999523162842,1.823099970817566
front_mu,-,483.647997,1.0499999523162842,1.823099970817566
front_mu,-,483.779997,1.0499999523162842,1.823099970817566
front_mu,-,483.911997,1.0499999523162842,1.823099970817566
front_mu,-,484.010997,1.0499999523162842,1.823099970817566
front_mu,-,484.109997,1.0499999523162842,1.823099970817566
front_mu,-,484.208997,1.0499999523162842,1.823099970817566
front_mu,-,484.307997,1.0499999523162842,1.823099970817566
front_mu,-,484.406997,1.0499999523162842,1.823099970817566
front_mu,-,484.505997,1.0499999523162842,1.823099970817566
front_mu,-,484.604997,1.0499999523162842,1.823099970817566
front_mu,-,484.703997,1.0499999523162842,1.823099970817566
front_mu,-,484.835997,1.0499999523162842,1.823099970817566
front_mu,-,484.967997,1.0499999523162842,1.823099970817566
front_mu,-,485.099997,1.0499999523162842,1.823099970817566
front_mu,-,485.231997,1.0499999523162842,1.823099970817566
front_mu,-,485.330997,1.0499999523162842,1.823099970817566
front_mu,-,485.429997,1.0499999523162842,1.823099970817566
front_mu,-,485.528997,1.0499999523162842,1.823099970817566
front_mu,-,485.627997,1.0499999523162842,1.823099970817566
front_mu,-,485.726997,1.0499999523162842,1.823099970817566
front_mu,-,485.825997,1.0499999523162842,1.823099970817566
front_mu,-,485.924997,1.0499999523162842,1.823099970817566
front_mu,-,486.089997,1.0499999523162842,1.823099970817566
front_mu,-,486.221997,1.0499999523162842,1.823099970817566
front_mu,-,486.353997,1.0499999523162842,1.823099970817566
front_mu,-,486.485997,1.0499999523162842,1.823099970817566
front_mu,-,486.617997,1.0499999523162842,1.823099970817566
front_mu,-,486.683997,1.0499999523162842,1.823099970817566
front_mu,-,486.815997,1.0499999523162842,1.823099970817566
front_mu,-,486.881997,1.0499999523162842,1.823099970817566
front_mu,-,487.013997,1.0499999523162842,1.823099970817566
front_mu,-,487.145997,1.0499999523162842,1.823099970817566
front_mu,-,487.244997,1.0499999523162842,1.823099970817566
front_mu,-,487.343997,1.0499999523162842,1.823099970817566
front_mu,-,487.475997,1.0499999523162842,1.823099970817566
front_mu,-,487.607997,1.0499999523162842,1.823099970817566
front_mu,-,487.739997,1.0499999523162842,1.823099970817566
front_mu,-,487.871997,1.0499999523162842,1.823099970817566
front_mu,-,487.970997,1.0499999523162842,1.823099970817566
front_mu,-,488.069997,1.0499999523162842,1.823099970817566
front_mu,-,488.168997,1.0499999523162842,1.823099970817566
front_mu,-,488.267997,1.0499999523162842,1.823099970817566
front_mu,-,488.366997,1.0499999523162842,1.823099970817566
front_mu,-,488.465997,1.0499999523162842,1.823099970817566
front_mu,-,488.564997,1.0499999523162842,1.823099970817566
front_mu,-,488.663997,1.0499999523162842,1.823099970817566
front_mu,-,488.795997,1.0499999523162842,1.823099970817566
front_mu,-,488.927997,1.0499999523162842,1.823099970817566
front_mu,-,489.059997,1.0499999523162842,1.823099970817566
front_mu,-,489.191997,1.0499999523162842,1.823099970817566
front_mu,-,489.290997,1.0499999523162842,1.823099970817566
front_mu,-,489.389997,1.0499999523162842,1.823099970817566
front_mu,-,489.488997,1.0499999523162842,1.823099970817566
front_mu,-,489.587997,1.0499999523162842,1.823099970817566
front_mu,-,489.719997,1.0499999523162842,1.823099970817566
front_mu,-,489.851997,1.0499999523162842,1.823099970817566
front_mu,-,489.917997,1.0499999523162842,1.823099970817566
front_mu,-,490.049997,1.0499999523162842,1.823099970817566
front_mu,-,490.181997,1.0499999523162842,1.823099970817566
front_mu,-,490.313997,1.0499999523162842,1.823099970817566
front_mu,-,490.445997,1.0499999523162842,1.823099970817566
front_mu,-,490.610997,1.0499999523162842,1.823099970817566
front_mu,-,490.709997,1.0499999523162842,1.823099970817566
front_mu,-,490.808997,1.0499999523162842,1.823099970817566
front_mu,-,490.907997,1.0499999523162842,1.823099970817566
front_mu,-,491.006997,1.0499999523162842,1.823099970817566
front_mu,-,491.105997,1.0499999523162842,1.823099970817566
front_mu,-,491.204997,1.0499999523162842,1.823099970817566
front_mu,-,491.303997,1.0499999523162842,1.823099970817566
front_mu,-,491.435997,1.0499999523162842,1.823099970817566
front_mu,-,491.567997,1.0499999523162842,1.823099970817566
front_mu,-,491.699997,1.0499999523162842,1.823099970817566
front_mu,-,491.831997,1.0499999523162842,1.823099970817566
front_mu,-,491.930997,1.0499999523162842,1.823099970817566
front_mu,-,492.029997,1.0499999523162842,1.823099970817566
front_mu,-,492.128997,1.0499999523162842,1.823099970817566
front_mu,-,492.227997,1.0499999523162842,1.823099970817566
front_mu,-,492.326997,1.0499999523162842,1.823099970817566
front_mu,-,492.425997,1.0499999523162842,1.823099970817566
front_mu,-,492.524997,1.0499999523162842,1.823099970817566
front_mu,-,492.623997,1.0499999523162842,1.823099970817566
front_mu,-,492.755997,1.0499999523162842,1.823099970817566
front_mu,-,492.887997,1.0499999523162842,1.823099970817566
front_mu,-,493.019997,1.0499999523162842,1.823099970817566
front_mu,-,493.151997,1.0499999523162842,1.823099970817566
front_mu,-,493.250997,1.0499999523162842,1.823099970817566
front_mu,-,493.349997,1.0499999523162842,1.823099970817566
front_mu,-,493.448997,1.0499999523162842,1.823099970817566
front_mu,-,493.547997,1.0499999523162842,1.823099970817566
front_mu,-,493.646997,1.0499999523162842,1.823099970817566
front_mu,-,493.745997,1.0499999523162842,1.823099970817566
front_mu,-,493.844997,1.0499999523162842,1.823099970817566
front_mu,-,493.943997,1.0499999523162842,1.823099970817566
front_mu,-,494.075997,1.0499999523162842,1.823099970817566
front_mu,-,494.207997,1.0499999523162842,1.823099970817566
front_mu,-,494.339997,1.0499999523162842,1.823099970817566
front_mu,-,494.471997,1.0499999523162842,1.823099970817566
front_mu,-,494.570997,1.0499999523162842,1.823099970817566
front_mu,-,494.669997,1.0499999523162842,1.823099970817566
front_mu,-,494.768997,1.0499999523162842,1.823099970817566
front_mu,-,494.867997,1.0499999523162842,1.823099970817566
front_mu,-,494.966997,1.0499999523162842,1.823099970817566
front_mu,-,495.065997,1.0499999523162842,1.823099970817566
front_mu,-,495.164997,1.0499999523162842,1.823099970817566
front_mu,-,495.263997,1.0499999523162842,1.823099970817566
front_mu,-,495.362997,1.0499999523162842,1.823099970817566
front_mu,-,495.461997,1.0499999523162842,1.823099970817566
front_mu,-,495.593997,1.0499999523162842,1.823099970817566
front_mu,-,495.725997,1.0499999523162842,1.823099970817566
front_mu,-,495.857997,1.0499999523162842,1.823099970817566
front_mu,-,495.923997,1.0499999523162842,1.823099970817566
front_mu,-,496.055997,1.0499999523162842,1.823099970817566
front_mu,-,496.121997,1.0499999523162842,1.823099970817566
front_mu,-,496.253997,1.0499999523162842,1.823099970817566
front_mu,-,496.319997,1.0499999523162842,1.823099970817566
front_mu,-,496.451997,1.0499999523162842,1.823099970817566
front_mu,-,496.517997,1.0499999523162842,1.823099970817566
front_mu,-,496.649997,1.0499999523162842,1.823099970817566
front_mu,-,496.781997,1.0499999523162842,1.823099970817566
front_mu,-,496.913997,1.0499999523162842,1.823099970817566
front_mu,-,497.045997,1.0499999523162842,1.823099970817566
front_mu,-,497.177997,1.0499999523162842,1.823099970817566
front_mu,-,497.243997,1.0499999523162842,1.823099970817566
front_mu,-,497.375997,1.0499999523162842,1.823099970817566
front_mu,-,497.441997,1.0499999523162842,1.823099970817566
front_mu,-,497.573997,1.0499999523162842,1.823099970817566
front_mu,-,497.639997,1.0499999523162842,1.823099970817566
front_mu,-,497.771997,1.0499999523162842,1.823099970817566
front_mu,-,497.837997,1.0499999523162842,1.823099970817566
front_mu,-,497.969997,1.0499999523162842,1.823099970817566
front_mu,-,498.101997,1.0499999523162842,1.823099970817566
front_mu,-,498.233997,1.0499999523162842,1.823099970817566
front_mu,-,498.365997,1.0499999523162842,1.823099970817566
front_mu,-,498.497997,1.0499999523162842,1.823099970817566
front_mu,-,498.563997,1.0499999523162842,1.823099970817566
front_mu,-,498.695997,1.0499999523162842,1.823099970817566
front_mu,-,498.761997,1.0499999523162842,1.823099970817566
front_mu,-,498.893997,1.0499999523162842,1.823099970817566
front_mu,-,498.959997,1.0499999523162842,1.823099970817566
front_mu,-,499.091997,1.0499999523162842,1.823099970817566
front_mu,-,499.157997,1.0499999523162842,1.823099970817566
front_mu,-,499.289997,1.0499999523162842,1.823099970817566
front_mu,-,499.421997,1.0499999523162842,1.823099970817566
front_mu,-,499.553997,1.0499999523162842,1.823099970817566
front_mu,-,499.685997,1.0499999523162842,1.823099970817566
front_mu,-,499.817997,1.0499999523162842,1.823099970817566
front_mu,-,499.883997,1.0499999523162842,1.823099970817566
front_mu,-,500.015997,1.0499999523162842,1.823099970817566
front_mu,-,500.081997,1.0499999523162842,1.823099970817566
front_mu,-,500.213997,1.0499999523162842,1.823099970817566
front_mu,-,500.279997,1.0499999523162842,1.823099970817566
front_mu,-,500.411997,1.0499999523162842,1.823099970817566
front_mu,-,500.477997,1.0499999523162842,1.823099970817566
front_mu,-,500.609997,1.0499999523162842,1.823099970817566
front_mu,-,500.741997,1.0499999523162842,1.823099970817566
front_mu,-,500.873997,1.0499999523162842,1.823099970817566
front_mu,-,501.005997,1.0499999523162842,1.823099970817566
front_mu,-,501.137997,1.0499999523162842,1.823099970817566
front_mu,-,501.203997,1.0499999523162842,1.823099970817566
front_mu,-,501.335997,1.0499999523162842,1.823099970817566
front_mu,-,501.401997,1.0499999523162842,1.823099970817566
front_mu,-,501.533997,1.0499999523162842,1.823099970817566
front_mu,-,501.599997,1.0499999523162842,1.823099970817566
front_mu,-,501.731997,1.0499999523162842,1.823099970817566
front_mu,-,501.797997,1.0499999523162842,1.823099970817566
front_mu,-,501.929997,1.0499999523162842,1.823099970817566
front_mu,-,502.061997,1.0499999523162842,1.823099970817566
front_mu,-,502.193997,1.0499999523162842,1.823099970817566
front_mu,-,502.325997,1.0499999523162842,1.823099970817566
front_mu,-,502.457997,1.0499999523162842,1.823099970817566
front_mu,-,502.523997,1.0499999523162842,1.823099970817566
front_mu,-,502.655997,1.0499999523162842,1.823099970817566
front_mu,-,502.721997,1.0499999523162842,1.823099970817566
front_mu,-,502.853997,1.0499999523162842,1.823099970817566
front_mu,-,502.919997,1.0499999523162842,1.823099970817566
front_mu,-,503.051997,1.0499999523162842,1.823099970817566
front_mu,-,503.117997,1.0499999523162842,1.823099970817566
front_mu,-,503.249997,1.0499999523162842,1.823099970817566
front_mu,-,503.381997,1.0499999523162842,1.823099970817566
front_mu,-,503.513997,1.0499999523162842,1.823099970817566
front_mu,-,503.645997,1.0499999523162842,1.823099970817566
front_mu,-,503.777997,1.0499999523162842,1.823099970817566
front_mu,-,503.843997,1.0499999523162842,1.823099970817566
front_mu,-,503.975997,1.0499999523162842,1.823099970817566
front_mu,-,504.041997,1.0499999523162842,1.823099970817566
front_mu,-,504.173997,1.0499999523162842,1.823099970817566
front_mu,-,504.239997,1.0499999523162842,1.823099970817566
front_mu,-,504.371997,1.0499999523162842,1.823099970817566
front_mu,-,504.437997,1.0499999523162842,1.823099970817566
front_mu,-,504.569997,1.0499999523162842,1.823099970817566
front_mu,-,504.701997,1.0499999523162842,1.823099970817566
front_mu,-,504.833997,1.0499999523162842,1.823099970817566
front_mu,-,504.965997,1.0499999523162842,1.823099970817566
front_mu,-,505.097997,1.0499999523162842,1.823099970817566
front_mu,-,505.163997,1.0499999523162842,1.823099970817566
front_mu,-,505.295997,1.0499999523162842,1.823099970817566
front_mu,-,505.361997,1.0499999523162842,1.823099970817566
front_mu,-,505.493997,1.0499999523162842,1.823099970817566
front_mu,-,505.559997,1.0499999523162842,1.823099970817566
front_mu,-,505.691997,1.0499999523162842,1.823099970817566
front_mu,-,505.757997,1.0499999523162842,1.823099970817566
front_mu,-,505.889997,1.0499999523162842,1.823099970817566
front_mu,-,506.021997,1.0499999523162842,1.823099970817566
front_mu,-,506.153997,1.0499999523162842,1.823099970817566
front_mu,-,506.285997,1.0499999523162842,1.823099970817566
front_mu,-,506.417997,1.0499999523162842,1.823099970817566
front_mu,-,506.483997,1.0499999523162842,1.823099970817566
front_mu,-,506.615997,1.0499999523162842,1.823099970817566
front_mu,-,506.681997,1.0499999523162842,1.823099970817566
front_mu,-,506.813997,1.0499999523162842,1.823099970817566
front_mu,-,506.879997,1.0499999523162842,1.823099970817566
front_mu,-,507.011997,1.0499999523162842,1.823099970817566
front_mu,-,507.077997,1.0499999523162842,1.823099970817566
front_mu,-,507.209997,1.0499999523162842,1.823099970817566
front_mu,-,507.341997,1.0499999523162842,1.823099970817566
front_mu,-,507.473997,1.0499999523162842,1.823099970817566
front_mu,-,507.605997,1.0499999523162842,1.823099970817566
front_mu,-,507.737997,1.0499999523162842,1.823099970817566
front_mu,-,507.803997,1.0499999523162842,1.823099970817566
front_mu,-,507.935997,1.0499999523162842,1.823099970817566
front_mu,-,508.001997,1.0499999523162842,1.823099970817566
front_mu,-,508.133997,1.0499999523162842,1.823099970817566
front_mu,-,508.199997,1.0499999523162842,1.823099970817566
front_mu,-,508.331997,1.0499999523162842,1.823099970817566
front_mu,-,508.397997,1.0499999523162842,1.823099970817566
front_mu,-,508.529997,1.0499999523162842,1.823099970817566
front_mu,-,508.661997,1.0499999523162842,1.823099970817566
front_mu,-,508.793997,1.0499999523162842,1.823099970817566
front_mu,-,508.925997,1.0499999523162842,1.823099970817566
front_mu,-,509.057997,1.0499999523162842,1.823099970817566
front_mu,-,509.123997,1.0499999523162842,1.823099970817566
front_mu,-,509.255997,1.0499999523162842,1.823099970817566
front_mu,-,509.321997,1.0499999523162842,1.823099970817566
front_mu,-,509.453997,1.0499999523162842,1.823099970817566
front_mu,-,509.519997,1.0499999523162842,1.823099970817566
front_mu,-,509.651997,1.0499999523162842,1.823099970817566
front_mu,-,509.717997,1.0499999523162842,1.823099970817566
front_mu,-,509.849997,1.0499999523162842,1.823099970817566
front_mu,-,509.981997,1.0499999523162842,1.823099970817566
front_mu,-,510.113997,1.0499999523162842,1.823099970817566
front_mu,-,510.245997,1.0499999523162842,1.823099970817566
front_mu,-,510.377997,1.0499999523162842,1.823099970817566
front_mu,-,510.443997,1.0499999523162842,1.823099970817566
front_mu,-,510.575997,1.0499999523162842,1.823099970817566
front_mu,-,510.641997,1.0499999523162842,1.823099970817566
front_mu,-,510.773997,1.0499999523162842,1.823099970817566
front_mu,-,510.839997,1.0499999523162842,1.823099970817566
front_mu,-,510.971997,1.0499999523162842,1.823099970817566
front_mu,-,511.103997,1.0499999523162842,1.823099970817566
front_mu,-,511.235997,1.0499999523162842,1.823099970817566
front_mu,-,511.367997,1.0499999523162842,1.823099970817566
front_mu,-,511.499997,1.0499999523162842,1.823099970817566
front_mu,-,511.631997,1.0499999523162842,1.823099970817566
front_mu,-,511.730997,1.0499999523162842,1.823099970817566
front_mu,-,511.829997,1.0499999523162842,1.823099970817566
front_mu,-,511.928997,1.0499999523162842,1.823099970817566
front_mu,-,512.027997,1.0499999523162842,1.823099970817566
front_mu,-,512.126997,1.0499999523162842,1.823099970817566
front_mu,-,512.225997,1.0499999523162842,1.823099970817566
front_mu,-,512.324997,1.0499999523162842,1.823099970817566
front_mu,-,512.423997,1.0499999523162842,1.823099970817566
front_mu,-,512.555997,1.0499999523162842,1.823099970817566
front_mu,-,512.687997,1.0499999523162842,1.823099970817566
front_mu,-,512.819997,1.0499999523162842,1.823099970817566
front_mu,-,512.951997,1.0499999523162842,1.823099970817566
front_mu,-,513.050997,1.0499999523162842,1.823099970817566
front_mu,-,513.149997,1.0499999523162842,1.823099970817566
front_mu,-,513.248997,1.0499999523162842,1.823099970817566
front_mu,-,513.347997,1.0499999523162842,1.823099970817566
front_mu,-,513.446997,1.0499999523162842,1.823099970817566
front_mu,-,513.545997,1.0499999523162842,1.823099970817566
front_mu,-,513.644997,1.0499999523162842,1.823099970817566
front_mu,-,513.743997,1.0499999523162842,1.823099970817566
front_mu,-,513.875997,1.0499999523162842,1.823099970817566
front_mu,-,514.007997,1.0499999523162842,1.823099970817566
front_mu,-,514.139997,1.0499999523162842,1.823099970817566
front_mu,-,514.271997,1.0499999523162842,1.823099970817566
front_mu,-,514.370997,1.0499999523162842,1.823099970817566
front_mu,-,514.469997,1.0499999523162842,1.823099970817566
front_mu,-,514.568997,1.0499999523162842,1.823099970817566
front_mu,-,514.667997,1.0499999523162842,1.823099970817566
front_mu,-,514.766997,1.0499999523162842,1.823099970817566
front_mu,-,514.865997,1.0499999523162842,1.823099970817566
front_mu,-,514.964997,1.0499999523162842,1.823099970817566
front_mu,-,515.063997,1.0499999523162842,1.823099970817566
front_mu,-,515.195997,1.0499999523162842,1.823099970817566
front_mu,-,515.327997,1.0499999523162842,1.823099970817566
front_mu,-,515.459997,1.0499999523162842,1.823099970817566
front_mu,-,515.591997,1.0499999523162842,1.823099970817566
front_mu,-,515.690997,1.0499999523162842,1.823099970817566
front_mu,-,515.789997,1.0499999523162842,1.823099970817566
front_mu,-,515.888997,1.0499999523162842,1.823099970817566
front_mu,-,515.987997,1.0499999523162842,1.823099970817566
front_mu,-,516.086997,1.0499999523162842,1.823099970817566
front_mu,-,516.185997,1.0499999523162842,1.823099970817566
front_mu,-,516.317997,1.0499999523162842,1.823099970817566
front_mu,-,516.449997,1.0499999523162842,1.823099970817566
front_mu,-,516.581997,1.0499999523162842,1.823099970817566
front_mu,-,516.713997,1.0499999523162842,1.823099970817566
front_mu,-,516.845997,1.0499999523162842,1.823099970817566
front_mu,-,516.977997,1.0499999523162842,1.823099970817566
front_mu,-,517.043997,1.0499999523162842,1.823099970817566
front_mu,-,517.175997,1.0499999523162842,1.823099970817566
front_mu,-,517.241997,1.0499999523162842,1.823099970817566
front_mu,-,517.373997,1.0499999523162842,1.823099970817566
front_mu,-,517.439997,1.0499999523162842,1.823099970817566
front_mu,-,517.571997,1.0499999523162842,1.823099970817566
front_mu,-,517.703997,1.0499999523162842,1.823099970817566
front_mu,-,517.835997,1.0499999523162842,1.823099970817566
front_mu,-,517.967997,1.0499999523162842,1.823099970817566
front_mu,-,518.033997,1.0499999523162842,1.823099970817566
front_mu,-,518.165997,1.0499999523162842,1.823099970817566
front_mu,-,518.297997,1.0499999523162842,1.823099970817566
front_mu,-,518.363997,1.0499999523162842,1.823099970817566
front_mu,-,518.495997,1.0499999523162842,1.823099970817566
front_mu,-,518.561997,1.0499999523162842,1.823099970817566
front_mu,-,518.693997,1.0499999523162842,1.823099970817566
front_mu,-,518.759997,1.0499999523162842,1.823099970817566
front_mu,-,518.891997,1.0499999523162842,1.823099970817566
front_mu,-,518.957997,1.0499999523162842,1.823099970817566
front_mu,-,519.089997,1.0499999523162842,1.823099970817566
front_mu,-,519.155997,1.0499999523162842,1.823099970817566
front_mu,-,519.287997,1.0499999523162842,1.823099970817566
front_mu,-,519.419997,1.0499999523162842,1.823099970817566
front_mu,-,519.551997,1.0499999523162842,1.823099970817566
front_mu,-,519.650997,1.0499999523162842,1.823099970817566
front_mu,-,519.749997,1.0499999523162842,1.823099970817566
front_mu,-,519.848997,1.0499999523162842,1.823099970817566
front_mu,-,519.947997,1.0499999523162842,1.823099970817566
front_mu,-,520.046997,1.0499999523162842,1.823099970817566
front_mu,-,520.145997,1.0499999523162842,1.823099970817566
front_mu,-,520.244997,1.0499999523162842,1.823099970817566
front_mu,-,520.343997,1.0499999523162842,1.823099970817566
front_mu,-,520.475997,1.0499999523162842,1.823099970817566
front_mu,-,520.607997,1.0499999523162842,1.823099970817566
front_mu,-,520.739997,1.0499999523162842,1.823099970817566
front_mu,-,520.871997,1.0499999523162842,1.823099970817566
front_mu,-,520.970997,1.0499999523162842,1.823099970817566
front_mu,-,521.069997,1.0499999523162842,1.823099970817566
front_mu,-,521.168997,1.0499999523162842,1.823099970817566
front_mu,-,521.267997,1.0499999523162842,1.823099970817566
front_mu,-,521.366997,1.0499999523162842,1.823099970817566
front_mu,-,521.465997,1.0499999523162842,1.823099970817566
front_mu,-,521.564997,1.0499999523162842,1.823099970817566
front_mu,-,521.663997,1.0499999523162842,1.823099970817566
front_mu,-,521.762997,1.0499999523162842,1.823099970817566
front_mu,-,521.861997,1.0499999523162842,1.823099970817566
front_mu,-,521.960997,1.0499999523162842,1.823099970817566
front_mu,-,522.059997,1.0499999523162842,1.823099970817566
front_mu,-,522.191997,1.0499999523162842,1.823099970817566
front_mu,-,522.290997,1.0499999523162842,1.823099970817566
front_mu,-,522.389997,1.0499999523162842,1.823099970817566
front_mu,-,522.488997,1.0499999523162842,1.823099970817566
front_mu,-,522.587997,1.0499999523162842,1.823099970817566
front_mu,-,522.686997,1.0499999523162842,1.823099970817566
front_mu,-,522.785997,1.0499999523162842,1.823099970817566
front_mu,-,522.884997,1.0499999523162842,1.823099970817566
front_mu,-,522.983997,1.0499999523162842,1.823099970817566
front_mu,-,523.115997,1.0499999523162842,1.823099970817566
front_mu,-,523.247997,1.0499999523162842,1.823099970817566
front_mu,-,523.379997,1.0499999523162842,1.823099970817566
front_mu,-,523.511997,1.0499999523162842,1.823099970817566
front_mu,-,523.610997,1.0499999523162842,1.823099970817566
front_mu,-,523.709997,1.0499999523162842,1.823099970817566
front_mu,-,523.808997,1.0499999523162842,1.823099970817566
front_mu,-,523.907997,1.0499999523162842,1.823099970817566
front_mu,-,524.006997,1.0499999523162842,1.823099970817566
front_mu,-,524.105997,1.0499999523162842,1.823099970817566
front_mu,-,524.204997,1.0499999523162842,1.823099970817566
front_mu,-,524.303997,1.0499999523162842,1.823099970817566
front_mu,-,524.435997,1.0499999523162842,1.823099970817566
front_mu,-,524.567997,1.0499999523162842,1.823099970817566
front_mu,-,524.765997,1.0499999523162842,1.823099970817566
front_mu,-,524.897997,1.0499999523162842,1.823099970817566
front_mu,-,524.963997,1.0499999523162842,1.823099970817566
front_mu,-,525.095997,1.0499999523162842,1.823099970817566
front_mu,-,525.161997,1.0499999523162842,1.823099970817566
front_mu,-,525.293997,1.0499999523162842,1.823099970817566
front_mu,-,525.359997,1.0499999523162842,1.823099970817566
front_mu,-,525.491997,1.0499999523162842,1.823099970817566
front_mu,-,525.557997,1.0499999523162842,1.823099970817566
front_mu,-,525.689997,1.0499999523162842,1.823099970817566
front_mu,-,525.821997,1.0499999523162842,1.823099970817566
front_mu,-,525.953997,1.0499999523162842,1.823099970817566
front_mu,-,526.085997,1.0499999523162842,1.823099970817566
front_mu,-,526.217997,1.0499999523162842,1.823099970817566
front_mu,-,526.283997,1.0499999523162842,1.823099970817566
front_mu,-,526.415997,1.0499999523162842,1.823099970817566
front_mu,-,526.481997,1.0499999523162842,1.823099970817566
front_mu,-,526.613997,1.0499999523162842,1.823099970817566
front_mu,-,526.679997,1.0499999523162842,1.823099970817566
front_mu,-,526.811997,1.0499999523162842,1.823099970817566
front_mu,-,526.877997,1.0499999523162842,1.823099970817566
front_mu,-,527.009997,1.0499999523162842,1.823099970817566
front_mu,-,527.141997,1.0499999523162842,1.823099970817566
front_mu,-,527.273997,1.0499999523162842,1.823099970817566
front_mu,-,527.405997,1.0499999523162842,1.823099970817566
front_mu,-,527.537997,1.0499999523162842,1.823099970817566
front_mu,-,527.603997,1.0499999523162842,1.823099970817566
front_mu,-,527.735997,1.0499999523162842,1.823099970817566
front_mu,-,527.801997,1.0499999523162842,1.823099970817566
front_mu,-,527.933997,1.0499999523162842,1.823099970817566
front_mu,-,527.999997,1.0499999523162842,1.823099970817566
front_mu,-,528.131997,1.0499999523162842,1.823099970817566
front_mu,-,528.197997,1.0499999523162842,1.823099970817566
front_mu,-,528.329997,1.0499999523162842,1.823099970817566
front_mu,-,528.461997,1.0499999523162842,1.823099970817566
front_mu,-,528.593997,1.0499999523162842,1.823099970817566
front_mu,-,528.725997,1.0499999523162842,1.823099970817566
front_mu,-,528.857997,1.0499999523162842,1.823099970817566
front_mu,-,528.923997,1.0499999523162842,1.823099970817566
front_mu,-,529.055997,1.0499999523162842,1.823099970817566
front_mu,-,529.121997,1.0499999523162842,1.823099970817566
front_mu,-,529.253997,1.0499999523162842,1.823099970817566
front_mu,-,529.319997,1.0499999523162842,1.823099970817566
front_mu,-,529.451997,1.0499999523162842,1.823099970817566
front_mu,-,529.517997,1.0499999523162842,1.823099970817566
front_mu,-,529.649997,1.0499999523162842,1.823099970817566
front_mu,-,529.781997,1.0499999523162842,1.823099970817566
front_mu,-,529.913997,1.0499999523162842,1.823099970817566
front_mu,-,530.045997,1.0499999523162842,1.823099970817566
front_mu,-,530.177997,1.0499999523162842,1.823099970817566
front_mu,-,530.243997,1.0499999523162842,1.823099970817566
front_mu,-,530.375997,1.0499999523162842,1.823099970817566
front_mu,-,530.441997,1.0499999523162842,1.823099970817566
front_mu,-,530.573997,1.0499999523162842,1.823099970817566
front_mu,-,530.639997,1.0499999523162842,1.823099970817566
front_mu,-,530.771997,1.0499999523162842,1.823099970817566
front_mu,-,530.837997,1.0499999523162842,1.823099970817566
front_mu,-,530.969997,1.0499999523162842,1.823099970817566
front_mu,-,531.101997,1.0499999523162842,1.823099970817566
front_mu,-,531.233997,1.0499999523162842,1.823099970817566
front_mu,-,531.365997,1.0499999523162842,1.823099970817566
front_mu,-,531.497997,1.0499999523162842,1.823099970817566
front_mu,-,531.563997,1.0499999523162842,1.823099970817566
front_mu,-,531.695997,1.0499999523162842,1.823099970817566
front_mu,-,531.761997,1.0499999523162842,1.823099970817566
front_mu,-,531.893997,1.0499999523162842,1.823099970817566
front_mu,-,531.959997,1.0499999523162842,1.823099970817566
front_mu,-,532.091997,1.0499999523162842,1.823099970817566
front_mu,-,532.157997,1.0499999523162842,1.823099970817566
front_mu,-,532.289997,1.0499999523162842,1.823099970817566
front_mu,-,532.421997,1.0499999523162842,1.823099970817566
front_mu,-,532.553997,1.0499999523162842,1.823099970817566
front_mu,-,532.685997,1.0499999523162842,1.823099970817566
front_mu,-,532.817997,1.0499999523162842,1.823099970817566
front_mu,-,532.883997,1.0499999523162842,1.823099970817566
front_mu,-,533.015997,1.0499999523162842,1.823099970817566
front_mu,-,533.081997,1.0499999523162842,1.823099970817566
front_mu,-,533.213997,1.0499999523162842,1.823099970817566
front_mu,-,533.345997,1.0499999523162842,1.823099970817566
front_mu,-,533.444997,1.0499999523162842,1.823099970817566
front_mu,-,533.543997,1.0499999523162842,1.823099970817566
front_mu,-,533.675997,1.0499999523162842,1.823099970817566
front_mu,-,533.807997,1.0499999523162842,1.823099970817566
front_mu,-,533.939997,1.0499999523162842,1.823099970817566
front_mu,-,534.071997,1.0499999523162842,1.823099970817566
front_mu,-,534.170997,1.0499999523162842,1.823099970817566
front_mu,-,534.269997,1.0499999523162842,1.823099970817566
front_mu,-,534.368997,1.0499999523162842,1.823099970817566
front_mu,-,534.467997,1.0499999523162842,1.823099970817566
front_mu,-,534.566997,1.0499999523162842,1.823099970817566
front_mu,-,534.665997,1.0499999523162842,1.823099970817566
front_mu,-,534.764997,1.0499999523162842,1.823099970817566
front_mu,-,534.863997,1.0499999523162842,1.823099970817566
front_mu,-,534.995997,1.0499999523162842,1.823099970817566
front_mu,-,535.127997,1.0499999523162842,1.823099970817566
front_mu,-,535.259997,1.0499999523162842,1.823099970817566
front_mu,-,535.391997,1.0499999523162842,1.823099970817566
front_mu,-,535.490997,1.0499999523162842,1.823099970817566
front_mu,-,535.589997,1.0499999523162842,1.823099970817566
front_mu,-,535.688997,1.0499999523162842,1.823099970817566
front_mu,-,535.787997,1.0499999523162842,1.823099970817566
front_mu,-,535.886997,1.0499999523162842,1.823099970817566
front_mu,-,535.985997,1.0499999523162842,1.823099970817566
front_mu,-,536.084997,1.0499999523162842,1.823099970817566
front_mu,-,536.183997,1.0499999523162842,1.823099970817566
front_mu,-,536.315997,1.0499999523162842,1.823099970817566
front_mu,-,536.447997,1.0499999523162842,1.823099970817566
front_mu,-,536.579997,1.0499999523162842,1.823099970817566
front_mu,-,536.711997,1.0499999523162842,1.823099970817566
front_mu,-,536.810997,1.0499999523162842,1.823099970817566
front_mu,-,536.909997,1.0499999523162842,1.823099970817566
front_mu,-,537.008997,1.0499999523162842,1.823099970817566
front_mu,-,537.107997,1.0499999523162842,1.823099970817566
front_mu,-,537.206997,1.0499999523162842,1.823099970817566
front_mu,-,537.305997,1.0499999523162842,1.823099970817566
front_mu,-,537.404997,1.0499999523162842,1.823099970817566
front_mu,-,537.503997,1.0499999523162842,1.823099970817566
front_mu,-,537.602997,1.0499999523162842,1.823099970817566
front_mu,-,537.701997,1.0499999523162842,1.823099970817566
front_mu,-,537.833997,1.0499999523162842,1.823099970817566
front_mu,-,537.965997,1.0499999523162842,1.823099970817566
front_mu,-,538.097997,1.0499999523162842,1.823099970817566
front_mu,-,538.229997,1.0499999523162842,1.823099970817566
front_mu,-,538.328997,1.0499999523162842,1.823099970817566
front_mu,-,538.427997,1.0499999523162842,1.823099970817566
front_mu,-,538.526997,1.0499999523162842,1.823099970817566
front_mu,-,538.625997,1.0499999523162842,1.823099970817566
front_mu,-,538.724997,1.0499999523162842,1.823099970817566
front_mu,-,538.823997,1.0499999523162842,1.823099970817566
front_mu,-,538.955997,1.0499999523162842,1.823099970817566
front_mu,-,539.087997,1.0499999523162842,1.823099970817566
front_mu,-,539.219997,1.0499999523162842,1.823099970817566
front_mu,-,539.351997,1.0499999523162842,1.823099970817566
front_mu,-,539.450997,1.0499999523162842,1.823099970817566
front_mu,-,539.549997,1.0499999523162842,1.823099970817566
front_mu,-,539.648997,1.0499999523162842,1.823099970817566
front_mu,-,539.747997,1.0499999523162842,1.823099970817566
front_mu,-,539.846997,1.0499999523162842,1.823099970817566
front_mu,-,539.945997,1.0499999523162842,1.823099970817566
front_mu,-,540.044997,1.0499999523162842,1.823099970817566
front_mu,-,540.143997,1.0499999523162842,1.823099970817566
front_mu,-,540.275997,1.0499999523162842,1.823099970817566
front_mu,-,540.407997,1.0499999523162842,1.823099970817566
front_mu,-,540.539997,1.0499999523162842,1.823099970817566
front_mu,-,540.671997,1.0499999523162842,1.823099970817566
front_mu,-,540.770997,1.0499999523162842,1.823099970817566
front_mu,-,540.869997,1.0499999523162842,1.823099970817566
front_mu,-,540.968997,1.0499999523162842,1.823099970817566
front_mu,-,541.067997,1.0499999523162842,1.823099970817566
front_mu,-,541.166997,1.0499999523162842,1.823099970817566
front_mu,-,541.265997,1.0499999523162842,1.823099970817566
front_mu,-,541.364997,1.0499999523162842,1.823099970817566
front_mu,-,541.463997,1.0499999523162842,1.823099970817566
front_mu,-,541.595997,1.0499999523162842,1.823099970817566
front_mu,-,541.727997,1.0499999523162842,1.823099970817566
front_mu,-,541.859997,1.0499999523162842,1.823099970817566
front_mu,-,541.991997,1.0499999523162842,1.823099970817566
front_mu,-,542.090997,1.0499999523162842,1.823099970817566
front_mu,-,542.189997,1.0499999523162842,1.823099970817566
front_mu,-,542.288997,1.0499999523162842,1.823099970817566
front_mu,-,542.387997,1.0499999523162842,1.823099970817566
front_mu,-,542.486997,1.0499999523162842,1.823099970817566
front_mu,-,542.585997,1.0499999523162842,1.823099970817566
front_mu,-,542.684997,1.0499999523162842,1.823099970817566
front_mu,-,542.783997,1.0499999523162842,1.823099970817566
front_mu,-,542.915997,1.0499999523162842,1.823099970817566
front_mu,-,543.047997,1.0499999523162842,1.823099970817566
front_mu,-,543.179997,1.0499999523162842,1.823099970817566
front_mu,-,543.311997,1.0499999523162842,1.823099970817566
front_mu,-,543.410997,1.0499999523162842,1.823099970817566
front_mu,-,543.509997,1.0499999523162842,1.823099970817566
front_mu,-,543.608997,1.0499999523162842,1.823099970817566
front_mu,-,543.707997,1.0499999523162842,1.823099970817566
front_mu,-,543.806997,1.0499999523162842,1.823099970817566
front_mu,-,543.905997,1.0499999523162842,1.823099970817566
front_mu,-,544.004997,1.0499999523162842,1.823099970817566
front_mu,-,544.103997,1.0499999523162842,1.823099970817566
front_mu,-,544.235997,1.0499999523162842,1.823099970817566
front_mu,-,544.367997,1.0499999523162842,1.823099970817566
front_mu,-,544.499997,1.0499999523162842,1.823099970817566
front_mu,-,544.631997,1.0499999523162842,1.823099970817566
front_mu,-,544.730997,1.0499999523162842,1.823099970817566
front_mu,-,544.829997,1.0499999523162842,1.823099970817566
front_mu,-,544.928997,1.0499999523162842,1.823099970817566
front_mu,-,545.027997,1.0499999523162842,1.823099970817566
front_mu,-,545.126997,1.0499999523162842,1.823099970817566
front_mu,-,545.225997,1.0499999523162842,1.823099970817566
front_mu,-,545.324997,1.0499999523162842,1.823099970817566
front_mu,-,545.423997,1.0499999523162842,1.823099970817566
front_mu,-,545.555997,1.0499999523162842,1.823099970817566
front_mu,-,545.687997,1.0499999523162842,1.823099970817566
front_mu,-,545.819997,1.0499999523162842,1.823099970817566
front_mu,-,545.951997,1.0499999523162842,1.823099970817566
front_mu,-,546.050997,1.0499999523162842,1.823099970817566
front_mu,-,546.149997,1.0499999523162842,1.823099970817566
front_mu,-,546.248997,1.0499999523162842,1.823099970817566
front_mu,-,546.347997,1.0499999523162842,1.823099970817566
front_mu,-,546.446997,1.0499999523162842,1.823099970817566
front_mu,-,546.545997,1.0499999523162842,1.823099970817566
front_mu,-,546.644997,1.0499999523162842,1.823099970817566
front_mu,-,546.743997,1.0499999523162842,1.823099970817566
front_mu,-,546.842997,1.0499999523162842,1.823099970817566
front_mu,-,546.941997,1.0499999523162842,1.823099970817566
front_mu,-,547.073997,1.0499999523162842,1.823099970817566
front_mu,-,547.205997,1.0499999523162842,1.823099970817566
front_mu,-,547.337997,1.0499999523162842,1.823099970817566
front_mu,-,547.403997,1.0499999523162842,1.823099970817566
front_mu,-,547.535997,1.0499999523162842,1.823099970817566
front_mu,-,547.601997,1.0499999523162842,1.823099970817566
front_mu,-,547.733997,1.0499999523162842,1.823099970817566
front_mu,-,547.799997,1.0499999523162842,1.823099970817566
front_mu,-,547.931997,1.0499999523162842,1.823099970817566
front_mu,-,547.997997,1.0499999523162842,1.823099970817566
front_mu,-,548.129997,1.0499999523162842,1.823099970817566
front_mu,-,548.261997,1.0499999523162842,1.823099970817566
front_mu,-,548.393997,1.0499999523162842,1.823099970817566
front_mu,-,548.525997,1.0499999523162842,1.823099970817566
front_mu,-,548.657997,1.0499999523162842,1.823099970817566
front_mu,-,548.723997,1.0499999523162842,1.823099970817566
front_mu,-,548.855997,1.0499999523162842,1.823099970817566
front_mu,-,548.921997,1.0499999523162842,1.823099970817566
front_mu,-,549.053997,1.0499999523162842,1.823099970817566
front_mu,-,549.119997,1.0499999523162842,1.823099970817566
front_mu,-,549.251997,1.0499999523162842,1.823099970817566
front_mu,-,549.317997,1.0499999523162842,1.823099970817566
front_mu,-,549.449997,1.0499999523162842,1.823099970817566
front_mu,-,549.581997,1.0499999523162842,1.823099970817566
front_mu,-,549.713997,1.0499999523162842,1.823099970817566
front_mu,-,549.845997,1.0499999523162842,1.823099970817566
front_mu,-,549.977997,1.0499999523162842,1.823099970817566
front_mu,-,550.043997,1.0499999523162842,1.823099970817566
front_mu,-,550.175997,1.0499999523162842,1.823099970817566
front_mu,-,550.241997,1.0499999523162842,1.823099970817566
front_mu,-,550.373997,1.0499999523162842,1.823099970817566
front_mu,-,550.439997,1.0499999523162842,1.823099970817566
front_mu,-,550.571997,1.0499999523162842,1.823099970817566
front_mu,-,550.637997,1.0499999523162842,1.823099970817566
front_mu,-,550.769997,1.0499999523162842,1.823099970817566
front_mu,-,550.901997,1.0499999523162842,1.823099970817566
front_mu,-,551.033997,1.0499999523162842,1.823099970817566
front_mu,-,551.165997,1.0499999523162842,1.823099970817566
front_mu,-,551.297997,1.0499999523162842,1.823099970817566
front_mu,-,551.363997,1.0499999523162842,1.823099970817566
front_mu,-,551.495997,1.0499999523162842,1.823099970817566
front_mu,-,551.561997,1.0499999523162842,1.823099970817566
front_mu,-,551.726997,1.0499999523162842,1.823099970817566
front_mu,-,551.825997,1.0499999523162842,1.823099970817566
front_mu,-,551.924997,1.0499999523162842,1.823099970817566
front_mu,-,552.023997,1.0499999523162842,1.823099970817566
front_mu,-,552.155997,1.0499999523162842,1.823099970817566
front_mu,-,552.287997,1.0499999523162842,1.823099970817566
front_mu,-,552.419997,1.0499999523162842,1.823099970817566
front_mu,-,552.551997,1.0499999523162842,1.823099970817566
front_mu,-,552.650997,1.0499999523162842,1.823099970817566
front_mu,-,552.749997,1.0499999523162842,1.823099970817566
front_mu,-,552.848997,1.0499999523162842,1.823099970817566
front_mu,-,552.947997,1.0499999523162842,1.823099970817566
front_mu,-,553.046997,1.0499999523162842,1.823099970817566
front_mu,-,553.145997,1.0499999523162842,1.823099970817566
front_mu,-,553.244997,1.0499999523162842,1.823099970817566
front_mu,-,553.343997,1.0499999523162842,1.823099970817566
front_mu,-,553.442997,1.0499999523162842,1.823099970817566
front_mu,-,553.541997,1.0499999523162842,1.823099970817566
front_mu,-,553.673997,1.0499999523162842,1.823099970817566
front_mu,-,553.805997,1.0499999523162842,1.823099970817566
front_mu,-,553.937997,1.0499999523162842,1.823099970817566
front_mu,-,554.003997,1.0499999523162842,1.823099970817566
front_mu,-,554.135997,1.0499999523162842,1.823099970817566
front_mu,-,554.201997,1.0499999523162842,1.823099970817566
front_mu,-,554.333997,1.0499999523162842,1.823099970817566
front_mu,-,554.399997,1.0499999523162842,1.823099970817566
front_mu,-,554.531997,1.0499999523162842,1.823099970817566
front_mu,-,554.597997,1.0499999523162842,1.823099970817566
front_mu,-,554.795997,1.0499999523162842,1.823099970817566
front_mu,-,554.927997,1.0499999523162842,1.823099970817566
front_mu,-,555.059997,1.0499999523162842,1.823099970817566
front_mu,-,555.191997,1.0499999523162842,1.823099970817566
front_mu,-,555.290997,1.0499999523162842,1.823099970817566
front_mu,-,555.389997,1.0499999523162842,1.823099970817566
front_mu,-,555.488997,1.0499999523162842,1.823099970817566
front_mu,-,555.587997,1.0499999523162842,1.823099970817566
front_mu,-,555.686997,1.0499999523162842,1.823099970817566
front_mu,-,555.785997,1.0499999523162842,1.823099970817566
front_mu,-,555.884997,1.0499999523162842,1.823099970817566
front_mu,-,555.983997,1.0499999523162842,1.823099970817566
front_mu,-,556.082997,1.0499999523162842,1.823099970817566
front_mu,-,556.181997,1.0499999523162842,1.823099970817566
front_mu,-,556.313997,1.0499999523162842,1.823099970817566
front_mu,-,556.445997,1.0499999523162842,1.823099970817566
front_mu,-,556.577997,1.0499999523162842,1.823099970817566
front_mu,-,556.643997,1.0499999523162842,1.823099970817566
front_mu,-,556.775997,1.0499999523162842,1.823099970817566
front_mu,-,556.841997,1.0499999523162842,1.823099970817566
front_mu,-,556.973997,1.0499999523162842,1.823099970817566
front_mu,-,557.039997,1.0499999523162842,1.823099970817566
front_mu,-,557.171997,1.0499999523162842,1.823099970817566
front_mu,-,557.237997,1.0499999523162842,1.823099970817566
front_mu,-,557.369997,1.0499999523162842,1.823099970817566
front_mu,-,557.435997,1.0499999523162842,1.823099970817566
front_mu,-,557.567997,1.0499999523162842,1.823099970817566
front_mu,-,557.699997,1.0499999523162842,1.823099970817566
front_mu,-,557.831997,1.0499999523162842,1.823099970817566
front_mu,-,557.930997,1.0499999523162842,1.823099970817566
front_mu,-,558.029997,1.0499999523162842,1.823099970817566
front_mu,-,558.128997,1.0499999523162842,1.823099970817566
front_mu,-,558.227997,1.0499999523162842,1.823099970817566
front_mu,-,558.326997,1.0499999523162842,1.823099970817566
front_mu,-,558.425997,1.0499999523162842,1.823099970817566
front_mu,-,558.524997,1.0499999523162842,1.823099970817566
front_mu,-,558.623997,1.0499999523162842,1.823099970817566
front_mu,-,558.755997,1.0499999523162842,1.823099970817566
front_mu,-,558.887997,1.0499999523162842,1.823099970817566
front_mu,-,559.019997,1.0499999523162842,1.823099970817566
front_mu,-,559.151997,1.0499999523162842,1.823099970817566
front_mu,-,559.250997,1.0499999523162842,1.823099970817566
front_mu,-,559.349997,1.0499999523162842,1.823099970817566
front_mu,-,559.448997,1.0499999523162842,1.823099970817566
front_mu,-,559.547997,1.0499999523162842,1.823099970817566
front_mu,-,559.646997,1.0499999523162842,1.823099970817566
front_mu,-,559.745997,1.0499999523162842,1.823099970817566
front_mu,-,559.844997,1.0499999523162842,1.823099970817566
front_mu,-,559.943997,1.0499999523162842,1.823099970817566
front_mu,-,560.075997,1.0499999523162842,1.823099970817566
front_mu,-,560.207997,1.0499999523162842,1.823099970817566
front_mu,-,560.339997,1.0499999523162842,1.823099970817566
front_mu,-,560.471997,1.0499999523162842,1.823099970817566
front_mu,-,560.570997,1.0499999523162842,1.823099970817566
front_mu,-,560.669997,1.0499999523162842,1.823099970817566
front_mu,-,560.768997,1.0499999523162842,1.823099970817566
front_mu,-,560.867997,1.0499999523162842,1.823099970817566
front_mu,-,560.966997,1.0499999523162842,1.823099970817566
front_mu,-,561.065997,1.0499999523162842,1.823099970817566
front_mu,-,561.164997,1.0499999523162842,1.823099970817566
front_mu,-,561.263997,1.0499999523162842,1.823099970817566
front_mu,-,561.362997,1.0499999523162842,1.823099970817566
front_mu,-,561.461997,1.0499999523162842,1.823099970817566
front_mu,-,561.593997,1.0499999523162842,1.823099970817566
front_mu,-,561.725997,1.0499999523162842,1.823099970817566
front_mu,-,561.857997,1.0499999523162842,1.823099970817566
front_mu,-,561.923997,1.0499999523162842,1.823099970817566
front_mu,-,562.055997,1.0499999523162842,1.823099970817566
front_mu,-,562.121997,1.0499999523162842,1.823099970817566
front_mu,-,562.253997,1.0499999523162842,1.823099970817566
front_mu,-,562.319997,1.0499999523162842,1.823099970817566
front_mu,-,562.451997,1.0499999523162842,1.823099970817566
front_mu,-,562.517997,1.0499999523162842,1.823099970817566
front_mu,-,562.649997,1.0499999523162842,1.823099970817566
front_mu,-,562.781997,1.0499999523162842,1.823099970817566
front_mu,-,562.913997,1.0499999523162842,1.823099970817566
front_mu,-,563.045997,1.0499999523162842,1.823099970817566
front_mu,-,563.177997,1.0499999523162842,1.823099970817566
front_mu,-,563.243997,1.0499999523162842,1.823099970817566
front_mu,-,563.375997,1.0499999523162842,1.823099970817566
front_mu,-,563.441997,1.0499999523162842,1.823099970817566
front_mu,-,563.573997,1.0499999523162842,1.823099970817566
front_mu,-,563.639997,1.0499999523162842,1.823099970817566
front_mu,-,563.771997,1.0499999523162842,1.823099970817566
front_mu,-,563.837997,1.0499999523162842,1.823099970817566
front_mu,-,563.969997,1.0499999523162842,1.823099970817566
front_mu,-,564.101997,1.0499999523162842,1.823099970817566
front_mu,-,564.233997,1.0499999523162842,1.823099970817566
front_mu,-,564.365997,1.0499999523162842,1.823099970817566
front_mu,-,564.497997,1.0499999523162842,1.823099970817566
front_mu,-,564.563997,1.0499999523162842,1.823099970817566
front_mu,-,564.695997,1.0499999523162842,1.823099970817566
front_mu,-,564.761997,1.0499999523162842,1.823099970817566
front_mu,-,564.893997,1.0499999523162842,1.823099970817566
front_mu,-,564.959997,1.0499999523162842,1.823099970817566
front_mu,-,565.091997,1.0499999523162842,1.823099970817566
front_mu,-,565.157997,1.0499999523162842,1.823099970817566
front_mu,-,565.355997,1.0499999523162842,1.823099970817566
front_mu,-,565.487997,1.0499999523162842,1.823099970817566
front_mu,-,565.619997,1.0499999523162842,1.823099970817566
front_mu,-,565.751997,1.0499999523162842,1.823099970817566
front_mu,-,565.850997,1.0499999523162842,1.823099970817566
front_mu,-,565.949997,1.0499999523162842,1.823099970817566
front_mu,-,566.048997,1.0499999523162842,1.823099970817566
front_mu,-,566.147997,1.0499999523162842,1.823099970817566
front_mu,-,566.246997,1.0499999523162842,1.823099970817566
front_mu,-,566.345997,1.0499999523162842,1.823099970817566
front_mu,-,566.444997,1.0499999523162842,1.823099970817566
front_mu,-,566.543997,1.0499999523162842,1.823099970817566
front_mu,-,566.675997,1.0499999523162842,1.823099970817566
front_mu,-,566.807997,1.0499999523162842,1.823099970817566
front_mu,-,566.939997,1.0499999523162842,1.823099970817566
front_mu,-,567.071997,1.0499999523162842,1.823099970817566
front_mu,-,567.170997,1.0499999523162842,1.823099970817566
front_mu,-,567.269997,1.0499999523162842,1.823099970817566
front_mu,-,567.368997,1.0499999523162842,1.823099970817566
front_mu,-,567.467997,1.0499999523162842,1.823099970817566
front_mu,-,567.566997,1.0499999523162842,1.823099970817566
front_mu,-,567.665997,1.0499999523162842,1.823099970817566
front_mu,-,567.764997,1.0499999523162842,1.823099970817566
front_mu,-,567.863997,1.0499999523162842,1.823099970817566
front_mu,-,567.995997,1.0499999523162842,1.823099970817566
front_mu,-,568.127997,1.0499999523162842,1.823099970817566
front_mu,-,568.259997,1.0499999523162842,1.823099970817566
front_mu,-,568.391997,1.0499999523162842,1.823099970817566
front_mu,-,568.490997,1.0499999523162842,1.823099970817566
front_mu,-,568.589997,1.0499999523162842,1.823099970817566
front_mu,-,568.688997,1.0499999523162842,1.823099970817566
front_mu,-,568.787997,1.0499999523162842,1.823099970817566
front_mu,-,568.886997,1.0499999523162842,1.823099970817566
front_mu,-,568.985997,1.0499999523162842,1.823099970817566
front_mu,-,569.084997,1.0499999523162842,1.823099970817566
front_mu,-,569.183997,1.0499999523162842,1.823099970817566
front_mu,-,569.315997,1.0499999523162842,1.823099970817566
front_mu,-,569.447997,1.0499999523162842,1.823099970817566
front_mu,-,569.579997,1.0499999523162842,1.823099970817566
front_mu,-,569.711997,1.0499999523162842,1.823099970817566
front_mu,-,569.810997,1.0499999523162842,1.823099970817566
front_mu,-,569.909997,1.0499999523162842,1.823099970817566
front_mu,-,570.008997,1.0499999523162842,1.823099970817566
front_mu,-,570.107997,1.0499999523162842,1.823099970817566
front_mu,-,570.206997,1.0499999523162842,1.823099970817566
front_mu,-,570.305997,1.0499999523162842,1.823099970817566
front_mu,-,570.404997,1.0499999523162842,1.823099970817566
front_mu,-,570.503997,1.0499999523162842,1.823099970817566
front_mu,-,570.635997,1.0499999523162842,1.823099970817566
front_mu,-,570.767997,1.0499999523162842,1.823099970817566
front_mu,-,570.899997,1.0499999523162842,1.823099970817566
front_mu,-,571.031997,1.0499999523162842,1.823099970817566
front_mu,-,571.130997,1.0499999523162842,1.823099970817566
front_mu,-,571.229997,1.0499999523162842,1.823099970817566
front_mu,-,571.328997,1.0499999523162842,1.823099970817566
front_mu,-,571.427997,1.0499999523162842,1.823099970817566
front_mu,-,571.526997,1.0499999523162842,1.823099970817566
front_mu,-,571.625997,1.0499999523162842,1.823099970817566
front_mu,-,571.724997,1.0499999523162842,1.823099970817566
front_mu,-,571.823997,1.0499999523162842,1.823099970817566
front_mu,-,571.922997,1.0499999523162842,1.823099970817566
front_mu,-,572.021997,1.0499999523162842,1.823099970817566
front_mu,-,572.153997,1.0499999523162842,1.823099970817566
front_mu,-,572.285997,1.0499999523162842,1.823099970817566
front_mu,-,572.417997,1.0499999523162842,1.823099970817566
front_mu,-,572.483997,1.0499999523162842,1.823099970817566
front_mu,-,572.615997,1.0499999523162842,1.823099970817566
front_mu,-,572.681997,1.0499999523162842,1.823099970817566
front_mu,-,572.813997,1.0499999523162842,1.823099970817566
front_mu,-,572.879997,1.0499999523162842,1.823099970817566
front_mu,-,573.011997,1.0499999523162842,1.823099970817566
front_mu,-,573.077997,1.0499999523162842,1.823099970817566
front_mu,-,573.242997,1.0499999523162842,1.823099970817566
front_mu,-,573.341997,1.0499999523162842,1.823099970817566
front_mu,-,573.473997,1.0499999523162842,1.823099970817566
front_mu,-,573.605997,1.0499999523162842,1.823099970817566
front_mu,-,573.737997,1.0499999523162842,1.823099970817566
front_mu,-,573.803997,1.0499999523162842,1.823099970817566
front_mu,-,573.935997,1.0499999523162842,1.823099970817566
front_mu,-,574.001997,1.0499999523162842,1.823099970817566
front_mu,-,574.133997,1.0499999523162842,1.823099970817566
front_mu,-,574.199997,1.0499999523162842,1.823099970817566
front_mu,-,574.331997,1.0499999523162842,1.823099970817566
front_mu,-,574.397997,1.0499999523162842,1.823099970817566
front_mu,-,574.463997,1.0499999523162842,1.823099970817566
front_mu,-,574.595997,1.0499999523162842,1.823099970817566
front_mu,-,574.727997,1.0499999523162842,1.823099970817566
front_mu,-,574.793997,1.0499999523162842,1.823099970817566
front_mu,-,574.925997,1.0499999523162842,1.823099970817566
front_mu,-,575.057997,1.0499999523162842,1.823099970817566
front_mu,-,575.519997,1.0499999523162842,1.548200011253357
front_mu,-,575.651997,1.0499999523162842,1.548200011253357
front_mu,-,575.783997,1.0499999523162842,1.548200011253357
front_mu,-,575.915997,1.0499999523162842,1.548200011253357
front_mu,-,576.047997,1.0499999523162842,1.548200011253357
front_mu,-,576.179997,1.0499999523162842,1.548200011253357
front_mu,-,576.311997,1.0499999523162842,1.548200011253357
front_mu,-,576.410997,1.0499999523162842,1.548200011253357
front_mu,-,576.509997,1.0499999523162842,1.548200011253357
front_mu,-,576.608997,1.0499999523162842,1.548200011253357
front_mu,-,576.707997,1.0499999523162842,1.548200011253357
front_mu,-,576.806997,1.0499999523162842,1.548200011253357
front_mu,-,576.905997,1.0499999523162842,1.548200011253357
front_mu,-,577.004997,1.0499999523162842,1.548200011253357
front_mu,-,577.103997,1.0499999523162842,1.548200011253357
front_mu,-,577.235997,1.0499999523162842,1.548200011253357
front_mu,-,577.367997,1.0499999523162842,1.548200011253357
front_mu,-,577.499997,1.0499999523162842,1.548200011253357
front_mu,-,577.631997,1.0499999523162842,1.548200011253357
front_mu,-,577.730997,1.0499999523162842,1.548200011253357
front_mu,-,577.829997,1.0499999523162842,1.548200011253357
front_mu,-,577.928997,1.0499999523162842,1.548200011253357
front_mu,-,578.027997,1.0499999523162842,1.548200011253357
front_mu,-,578.126997,1.0499999523162842,1.548200011253357
front_mu,-,578.225997,1.0499999523162842,1.548200011253357
front_mu,-,578.324997,1.0499999523162842,1.548200011253357
front_mu,-,578.423997,1.0499999523162842,1.548200011253357
front_mu,-,578.555997,1.0499999523162842,1.548200011253357
front_mu,-,578.687997,1.0499999523162842,1.548200011253357
front_mu,-,578.819997,1.0499999523162842,1.548200011253357
front_mu,-,578.951997,1.0499999523162842,1.548200011253357
front_mu,-,579.050997,1.0499999523162842,1.548200011253357
front_mu,-,579.149997,1.0499999523162842,1.548200011253357
front_mu,-,579.248997,1.0499999523162842,1.548200011253357
front_mu,-,579.347997,1.0499999523162842,1.548200011253357
front_mu,-,579.446997,1.0499999523162842,1.548200011253357
front_mu,-,579.545997,1.0499999523162842,1.548200011253357
front_mu,-,579.644997,1.0499999523162842,1.548200011253357
front_mu,-,579.743997,1.0499999523162842,1.548200011253357
front_mu,-,579.875997,1.0499999523162842,1.548200011253357
front_mu,-,580.007997,1.0499999523162842,1.548200011253357
front_mu,-,580.139997,1.0499999523162842,1.548200011253357
front_mu,-,580.271997,1.0499999523162842,1.548200011253357
front_mu,-,580.370997,1.0499999523162842,1.548200011253357
front_mu,-,580.469997,1.0499999523162842,1.548200011253357
front_mu,-,580.568997,1.0499999523162842,1.548200011253357
front_mu,-,580.667997,1.0499999523162842,1.548200011253357
front_mu,-,580.799997,1.0499999523162842,1.548200011253357
front_mu,-,580.931997,1.0499999523162842,1.548200011253357
front_mu,-,580.997997,1.0499999523162842,1.548200011253357
front_mu,-,581.129997,1.0499999523162842,1.548200011253357
front_mu,-,581.261997,1.0499999523162842,1.548200011253357
front_mu,-,581.393997,1.0499999523162842,1.548200011253357
front_mu,-,581.525997,1.0499999523162842,1.548200011253357
front_mu,-,581.657997,1.0499999523162842,1.548200011253357
front_mu,-,581.723997,1.0499999523162842,1.548200011253357
front_mu,-,581.888997,1.0499999523162842,1.548200011253357
front_mu,-,581.987997,1.0499999523162842,1.548200011253357
front_mu,-,582.086997,1.0499999523162842,1.548200011253357
front_mu,-,582.185997,1.0499999523162842,1.548200011253357
front_mu,-,582.284997,1.0499999523162842,1.548200011253357
front_mu,-,582.383997,1.0499999523162842,1.548200011253357
front_mu,-,582.515997,1.0499999523162842,1.548200011253357
front_mu,-,582.647997,1.0499999523162842,1.548200011253357
front_mu,-,582.779997,1.0499999523162842,1.548200011253357
front_mu,-,582.911997,1.0499999523162842,1.548200011253357
front_mu,-,583.010997,1.0499999523162842,1.548200011253357
front_mu,-,583.109997,1.0499999523162842,1.548200011253357
front_mu,-,583.208997,1.0499999523162842,1.548200011253357
front_mu,-,583.307997,1.0499999523162842,1.548200011253357
front_mu,-,583.406997,1.0499999523162842,1.548200011253357
front_mu,-,583.505997,1.0499999523162842,1.548200011253357
front_mu,-,583.604997,1.0499999523162842,1.548200011253357
front_mu,-,583.703997,1.0499999523162842,1.548200011253357
front_mu,-,583.835997,1.0499999523162842,1.548200011253357
front_mu,-,583.967997,1.0499999523162842,1.548200011253357
front_mu,-,584.099997,1.0499999523162842,1.548200011253357
front_mu,-,584.231997,1.0499999523162842,1.548200011253357
front_mu,-,584.330997,1.0499999523162842,1.548200011253357
front_mu,-,584.429997,1.0499999523162842,1.548200011253357
front_mu,-,584.528997,1.0499999523162842,1.548200011253357
front_mu,-,584.627997,1.0499999523162842,1.548200011253357
front_mu,-,584.726997,1.0499999523162842,1.548200011253357
front_mu,-,584.825997,1.0499999523162842,1.548200011253357
front_mu,-,584.924997,1.0499999523162842,1.548200011253357
front_mu,-,585.023997,1.0499999523162842,1.548200011253357
front_mu,-,585.155997,1.0499999523162842,1.548200011253357
front_mu,-,585.287997,1.0499999523162842,1.548200011253357
front_mu,-,585.419997,1.0499999523162842,1.548200011253357
front_mu,-,585.551997,1.0499999523162842,1.548200011253357
front_mu,-,585.650997,1.0499999523162842,1.548200011253357
front_mu,-,585.749997,1.0499999523162842,1.548200011253357
front_mu,-,585.848997,1.0499999523162842,1.548200011253357
front_mu,-,585.947997,1.0499999523162842,1.548200011253357
front_mu,-,586.046997,1.0499999523162842,1.548200011253357
front_mu,-,586.145997,1.0499999523162842,1.548200011253357
front_mu,-,586.244997,1.0499999523162842,1.548200011253357
front_mu,-,586.343997,1.0499999523162842,1.548200011253357
front_mu,-,586.475997,1.0499999523162842,1.548200011253357
front_mu,-,586.607997,1.0499999523162842,1.548200011253357
front_mu,-,586.739997,1.0499999523162842,1.548200011253357
front_mu,-,586.871997,1.0499999523162842,1.548200011253357
front_mu,-,586.970997,1.0499999523162842,1.548200011253357
front_mu,-,587.069997,1.0499999523162842,1.548200011253357
front_mu,-,587.168997,1.0499999523162842,1.548200011253357
front_mu,-,587.267997,1.0499999523162842,1.548200011253357
front_mu,-,587.366997,1.0499999523162842,1.548200011253357
front_mu,-,587.465997,1.0499999523162842,1.548200011253357
front_mu,-,587.564997,1.0499999523162842,1.548200011253357
front_mu,-,587.663997,1.0499999523162842,1.548200011253357
front_mu,-,587.795997,1.0499999523162842,1.548200011253357
front_mu,-,587.927997,1.0499999523162842,1.548200011253357
front_mu,-,587.993997,1.0499999523162842,1.548200011253357
front_mu,-,588.125997,1.0499999523162842,1.548200011253357
front_mu,-,588.257997,1.0499999523162842,1.548200011253357
front_mu,-,588.323997,1.0499999523162842,1.548200011253357
front_mu,-,588.455997,1.0499999523162842,1.548200011253357
front_mu,-,588.521997,1.0499999523162842,1.548200011253357
front_mu,-,588.653997,1.0499999523162842,1.548200011253357
front_mu,-,588.719997,1.0499999523162842,1.548200011253357
front_mu,-,588.851997,1.0499999523162842,1.548200011253357
front_mu,-,588.917997,1.0499999523162842,1.548200011253357
front_mu,-,589.049997,1.0499999523162842,1.548200011253357
front_mu,-,589.115997,1.0499999523162842,1.548200011253357
front_mu,-,589.247997,1.0499999523162842,1.548200011253357
front_mu,-,589.313997,1.0499999523162842,1.548200011253357
front_mu,-,589.445997,1.0499999523162842,1.548200011253357
front_mu,-,589.577997,1.0499999523162842,1.548200011253357
front_mu,-,589.643997,1.0499999523162842,1.548200011253357
front_mu,-,589.775997,1.0499999523162842,1.548200011253357
front_mu,-,589.841997,1.0499999523162842,1.548200011253357
front_mu,-,589.973997,1.0499999523162842,1.548200011253357
front_mu,-,590.039997,1.0499999523162842,1.548200011253357
front_mu,-,590.171997,1.0499999523162842,1.548200011253357
front_mu,-,590.237997,1.0499999523162842,1.548200011253357
front_mu,-,590.369997,1.0499999523162842,1.548200011253357
front_mu,-,590.501997,1.0499999523162842,1.548200011253357
front_mu,-,590.633997,1.0499999523162842,1.548200011253357
front_mu,-,590.765997,1.0499999523162842,1.548200011253357
front_mu,-,590.897997,1.0499999523162842,1.548200011253357
front_mu,-,590.963997,1.0499999523162842,1.548200011253357
front_mu,-,591.095997,1.0499999523162842,1.548200011253357
front_mu,-,591.161997,1.0499999523162842,1.548200011253357
front_mu,-,591.293997,1.0499999523162842,1.548200011253357
front_mu,-,591.359997,1.0499999523162842,1.548200011253357
front_mu,-,591.491997,1.0499999523162842,1.548200011253357
front_mu,-,591.557997,1.0499999523162842,1.548200011253357
front_mu,-,591.689997,1.0499999523162842,1.548200011253357
front_mu,-,591.821997,1.0499999523162842,1.548200011253357
front_mu,-,591.953997,1.0499999523162842,1.548200011253357
front_mu,-,592.085997,1.0499999523162842,1.548200011253357
front_mu,-,592.217997,1.0499999523162842,1.548200011253357
front_mu,-,592.283997,1.0499999523162842,1.548200011253357
front_mu,-,592.415997,1.0499999523162842,1.548200011253357
front_mu,-,592.481997,1.0499999523162842,1.548200011253357
front_mu,-,592.613997,1.0499999523162842,1.548200011253357
front_mu,-,592.679997,1.0499999523162842,1.548200011253357
front_mu,-,592.811997,1.0499999523162842,1.548200011253357
front_mu,-,592.877997,1.0499999523162842,1.548200011253357
front_mu,-,593.009997,1.0499999523162842,1.548200011253357
front_mu,-,593.141997,1.0499999523162842,1.548200011253357
front_mu,-,593.240997,1.0499999523162842,1.548200011253357
front_mu,-,593.339997,1.0499999523162842,1.548200011253357
front_mu,-,593.471997,1.0499999523162842,1.548200011253357
front_mu,-,593.570997,1.0499999523162842,1.548200011253357
front_mu,-,593.669997,1.0499999523162842,1.548200011253357
front_mu,-,593.768997,1.0499999523162842,1.548200011253357
front_mu,-,593.867997,1.0499999523162842,1.548200011253357
front_mu,-,593.966997,1.0499999523162842,1.548200011253357
front_mu,-,594.065997,1.0499999523162842,1.548200011253357
front_mu,-,594.164997,1.0499999523162842,1.548200011253357
front_mu,-,594.263997,1.0499999523162842,1.548200011253357
front_mu,-,594.395997,1.0499999523162842,1.548200011253357
front_mu,-,594.527997,1.0499999523162842,1.548200011253357
front_mu,-,594.659997,1.0499999523162842,1.548200011253357
front_mu,-,594.791997,1.0499999523162842,1.548200011253357
front_mu,-,594.890997,1.0499999523162842,1.548200011253357
front_mu,-,594.989997,1.0499999523162842,1.548200011253357
front_mu,-,595.088997,1.0499999523162842,1.548200011253357
front_mu,-,595.187997,1.0499999523162842,1.548200011253357
front_mu,-,595.286997,1.0499999523162842,1.548200011253357
front_mu,-,595.385997,1.0499999523162842,1.548200011253357
front_mu,-,595.484997,1.0499999523162842,1.548200011253357
front_mu,-,595.583997,1.0499999523162842,1.548200011253357
front_mu,-,595.715997,1.0499999523162842,1.548200011253357
front_mu,-,595.847997,1.0499999523162842,1.548200011253357
front_mu,-,595.979997,1.0499999523162842,1.548200011253357
front_mu,-,596.111997,1.0499999523162842,1.548200011253357
front_mu,-,596.210997,1.0499999523162842,1.548200011253357
front_mu,-,596.309997,1.0499999523162842,1.548200011253357
front_mu,-,596.408997,1.0499999523162842,1.548200011253357
front_mu,-,596.507997,1.0499999523162842,1.548200011253357
front_mu,-,596.606997,1.0499999523162842,1.548200011253357
front_mu,-,596.705997,1.0499999523162842,1.548200011253357
front_mu,-,596.804997,1.0499999523162842,1.548200011253357
front_mu,-,596.903997,1.0499999523162842,1.548200011253357
front_mu,-,597.035997,1.0499999523162842,1.548200011253357
front_mu,-,597.167997,1.0499999523162842,1.548200011253357
front_mu,-,597.299997,1.0499999523162842,1.548200011253357
front_mu,-,597.431997,1.0499999523162842,1.548200011253357
front_mu,-,597.530997,1.0499999523162842,1.548200011253357
front_mu,-,597.629997,1.0499999523162842,1.548200011253357
front_mu,-,597.728997,1.0499999523162842,1.548200011253357
front_mu,-,597.827997,1.0499999523162842,1.548200011253357
front_mu,-,597.926997,1.0499999523162842,1.548200011253357
front_mu,-,598.025997,1.0499999523162842,1.548200011253357
front_mu,-,598.124997,1.0499999523162842,1.548200011253357
front_mu,-,598.223997,1.0499999523162842,1.548200011253357
front_mu,-,598.355997,1.0499999523162842,1.548200011253357
front_mu,-,598.487997,1.0499999523162842,1.548200011253357
front_mu,-,598.619997,1.0499999523162842,1.548200011253357
front_mu,-,598.751997,1.0499999523162842,1.548200011253357
front_mu,-,598.850997,1.0499999523162842,1.548200011253357
front_mu,-,598.949997,1.0499999523162842,1.548200011253357
front_mu,-,599.048997,1.0499999523162842,1.548200011253357
front_mu,-,599.147997,1.0499999523162842,1.548200011253357
front_mu,-,599.246997,1.0499999523162842,1.548200011253357
front_mu,-,599.345997,1.0499999523162842,1.548200011253357
front_mu,-,599.444997,1.0499999523162842,1.548200011253357
front_mu,-,599.543997,1.0499999523162842,1.548200011253357
front_mu,-,599.675997,1.0499999523162842,1.548200011253357
front_mu,-,599.807997,1.0499999523162842,1.548200011253357
front_mu,-,599.939997,1.0499999523162842,1.548200011253357
front_mu,-,600.071997,1.0499999523162842,1.548200011253357
front_mu,-,600.170997,1.0499999523162842,1.548200011253357
front_mu,-,600.269997,1.0499999523162842,1.548200011253357
front_mu,-,600.368997,1.0499999523162842,1.548200011253357
front_mu,-,600.467997,1.0499999523162842,1.548200011253357
front_mu,-,600.566997,1.0499999523162842,1.548200011253357
front_mu,-,600.665997,1.0499999523162842,1.548200011253357
front_mu,-,600.764997,1.0499999523162842,1.548200011253357
front_mu,-,600.863997,1.0499999523162842,1.548200011253357
front_mu,-,600.995997,1.0499999523162842,1.548200011253357
front_mu,-,601.127997,1.0499999523162842,1.548200011253357
front_mu,-,601.259997,1.0499999523162842,1.548200011253357
front_mu,-,601.391997,1.0499999523162842,1.548200011253357
front_mu,-,601.490997,1.0499999523162842,1.548200011253357
front_mu,-,601.589997,1.0499999523162842,1.548200011253357
front_mu,-,601.688997,1.0499999523162842,1.548200011253357
front_mu,-,601.787997,1.0499999523162842,1.548200011253357
front_mu,-,601.919997,1.0499999523162842,1.548200011253357
front_mu,-,602.084997,1.0499999523162842,1.548200011253357
front_mu,-,602.183997,1.0499999523162842,1.548200011253357
front_mu,-,602.282997,1.0499999523162842,1.548200011253357
front_mu,-,602.381997,1.0499999523162842,1.548200011253357
front_mu,-,602.513997,1.0499999523162842,1.548200011253357
front_mu,-,602.645997,1.0499999523162842,1.548200011253357
front_mu,-,602.777997,1.0499999523162842,1.548200011253357
front_mu,-,602.843997,1.0499999523162842,1.548200011253357
front_mu,-,602.975997,1.0499999523162842,1.548200011253357
front_mu,-,603.041997,1.0499999523162842,1.548200011253357
front_mu,-,603.173997,1.0499999523162842,1.548200011253357
front_mu,-,603.239997,1.0499999523162842,1.548200011253357
front_mu,-,603.371997,1.0499999523162842,1.548200011253357
front_mu,-,603.437997,1.0499999523162842,1.548200011253357
front_mu,-,603.569997,1.0499999523162842,1.548200011253357
front_mu,-,603.701997,1.0499999523162842,1.548200011253357
front_mu,-,603.833997,1.0499999523162842,1.548200011253357
front_mu,-,603.965997,1.0499999523162842,1.548200011253357
front_mu,-,604.097997,1.0499999523162842,1.548200011253357
front_mu,-,604.163997,1.0499999523162842,1.548200011253357
front_mu,-,604.295997,1.0499999523162842,1.548200011253357
front_mu,-,604.361997,1.0499999523162842,1.548200011253357
front_mu,-,604.493997,1.0499999523162842,1.548200011253357
front_mu,-,604.559997,1.0499999523162842,1.548200011253357
front_mu,-,604.691997,1.0499999523162842,1.548200011253357
front_mu,-,604.757997,1.0499999523162842,1.548200011253357
front_mu,-,604.889997,1.0499999523162842,1.548200011253357
front_mu,-,605.021997,1.0499999523162842,1.548200011253357
front_mu,-,605.153997,1.0499999523162842,1.548200011253357
front_mu,-,605.285997,1.0499999523162842,1.548200011253357
front_mu,-,605.417997,1.0499999523162842,1.548200011253357
front_mu,-,605.483997,1.0499999523162842,1.548200011253357
front_mu,-,605.615997,1.0499999523162842,1.548200011253357
front_mu,-,605.681997,1.0499999523162842,1.548200011253357
front_mu,-,605.813997,1.0499999523162842,1.548200011253357
front_mu,-,605.879997,1.0499999523162842,1.548200011253357
front_mu,-,606.011997,1.0499999523162842,1.548200011253357
front_mu,-,606.077997,1.0499999523162842,1.548200011253357
front_mu,-,606.209997,1.0499999523162842,1.548200011253357
front_mu,-,606.341997,1.0499999523162842,1.548200011253357
front_mu,-,606.473997,1.0499999523162842,1.548200011253357
front_mu,-,606.605997,1.0499999523162842,1.548200011253357
front_mu,-,606.737997,1.0499999523162842,1.548200011253357
front_mu,-,606.803997,1.0499999523162842,1.548200011253357
front_mu,-,606.935997,1.0499999523162842,1.548200011253357
front_mu,-,607.001997,1.0499999523162842,1.548200011253357
front_mu,-,607.133997,1.0499999523162842,1.548200011253357
front_mu,-,607.199997,1.0499999523162842,1.548200011253357
front_mu,-,607.331997,1.0499999523162842,1.548200011253357
front_mu,-,607.397997,1.0499999523162842,1.548200011253357
front_mu,-,607.529997,1.0499999523162842,1.548200011253357
front_mu,-,607.661997,1.0499999523162842,1.548200011253357
front_mu,-,607.859997,1.0499999523162842,1.548200011253357
front_mu,-,607.991997,1.0499999523162842,1.548200011253357
front_mu,-,608.090997,1.0499999523162842,1.548200011253357
front_mu,-,608.189997,1.0499999523162842,1.548200011253357
front_mu,-,608.288997,1.0499999523162842,1.548200011253357
front_mu,-,608.387997,1.0499999523162842,1.548200011253357
front_mu,-,608.486997,1.0499999523162842,1.548200011253357
front_mu,-,608.585997,1.0499999523162842,1.548200011253357
front_mu,-,608.684997,1.0499999523162842,1.548200011253357
front_mu,-,608.783997,1.0499999523162842,1.548200011253357
front_mu,-,608.915997,1.0499999523162842,1.548200011253357
front_mu,-,609.047997,1.0499999523162842,1.548200011253357
front_mu,-,609.179997,1.0499999523162842,1.548200011253357
front_mu,-,609.311997,1.0499999523162842,1.548200011253357
front_mu,-,609.410997,1.0499999523162842,1.548200011253357
front_mu,-,609.509997,1.0499999523162842,1.548200011253357
front_mu,-,609.608997,1.0499999523162842,1.548200011253357
front_mu,-,609.707997,1.0499999523162842,1.548200011253357
front_mu,-,609.806997,1.0499999523162842,1.548200011253357
front_mu,-,609.905997,1.0499999523162842,1.548200011253357
front_mu,-,610.004997,1.0499999523162842,1.548200011253357
front_mu,-,610.103997,1.0499999523162842,1.548200011253357
front_mu,-,610.235997,1.0499999523162842,1.548200011253357
front_mu,-,610.367997,1.0499999523162842,1.548200011253357
front_mu,-,610.499997,1.0499999523162842,1.548200011253357
front_mu,-,610.631997,1.0499999523162842,1.548200011253357
front_mu,-,610.730997,1.0499999523162842,1.548200011253357
front_mu,-,610.829997,1.0499999523162842,1.548200011253357
front_mu,-,610.928997,1.0499999523162842,1.548200011253357
front_mu,-,611.027997,1.0499999523162842,1.548200011253357
front_mu,-,611.126997,1.0499999523162842,1.548200011253357
front_mu,-,611.225997,1.0499999523162842,1.548200011253357
front_mu,-,611.324997,1.0499999523162842,1.548200011253357
front_mu,-,611.423997,1.0499999523162842,1.548200011253357
front_mu,-,611.555997,1.0499999523162842,1.548200011253357
front_mu,-,611.687997,1.0499999523162842,1.548200011253357
front_mu,-,611.819997,1.0499999523162842,1.548200011253357
front_mu,-,611.951997,1.0499999523162842,1.548200011253357
front_mu,-,612.050997,1.0499999523162842,1.548200011253357
front_mu,-,612.149997,1.0499999523162842,1.548200011253357
front_mu,-,612.248997,1.0499999523162842,1.548200011253357
front_mu,-,612.347997,1.0499999523162842,1.548200011253357
front_mu,-,612.446997,1.0499999523162842,1.548200011253357
front_mu,-,612.545997,1.0499999523162842,1.548200011253357
front_mu,-,612.644997,1.0499999523162842,1.548200011253357
front_mu,-,612.743997,1.0499999523162842,1.548200011253357
front_mu,-,612.875997,1.0499999523162842,1.548200011253357
front_mu,-,613.007997,1.0499999523162842,1.548200011253357
front_mu,-,613.139997,1.0499999523162842,1.548200011253357
front_mu,-,613.271997,1.0499999523162842,1.548200011253357
front_mu,-,613.370997,1.0499999523162842,1.548200011253357
front_mu,-,613.469997,1.0499999523162842,1.548200011253357
front_mu,-,613.568997,1.0499999523162842,1.548200011253357
front_mu,-,613.667997,1.0499999523162842,1.548200011253357
front_mu,-,613.766997,1.0499999523162842,1.548200011253357
front_mu,-,613.865997,1.0499999523162842,1.548200011253357
front_mu,-,613.964997,1.0499999523162842,1.548200011253357
front_mu,-,614.063997,1.0499999523162842,1.548200011253357
front_mu,-,614.195997,1.0499999523162842,1.548200011253357
front_mu,-,614.327997,1.0499999523162842,1.548200011253357
front_mu,-,614.459997,1.0499999523162842,1.548200011253357
front_mu,-,614.591997,1.0499999523162842,1.548200011253357
front_mu,-,614.690997,1.0499999523162842,1.548200011253357
front_mu,-,614.789997,1.0499999523162842,1.548200011253357
front_mu,-,614.888997,1.0499999523162842,1.548200011253357
front_mu,-,614.987997,1.0499999523162842,1.548200011253357
front_mu,-,615.086997,1.0499999523162842,1.548200011253357
front_mu,-,615.185997,1.0499999523162842,1.548200011253357
front_mu,-,615.317997,1.0499999523162842,1.548200011253357
front_mu,-,615.449997,1.0499999523162842,1.548200011253357
front_mu,-,615.581997,1.0499999523162842,1.548200011253357
front_mu,-,615.713997,1.0499999523162842,1.548200011253357
front_mu,-,615.845997,1.0499999523162842,1.548200011253357
front_mu,-,615.977997,1.0499999523162842,1.548200011253357
front_mu,-,616.043997,1.0499999523162842,1.548200011253357
front_mu,-,616.175997,1.0499999523162842,1.548200011253357
front_mu,-,616.241997,1.0499999523162842,1.548200011253357
front_mu,-,616.373997,1.0499999523162842,1.548200011253357
front_mu,-,616.439997,1.0499999523162842,1.548200011253357
front_mu,-,616.571997,1.0499999523162842,1.548200011253357
front_mu,-,616.637997,1.0499999523162842,1.548200011253357
front_mu,-,616.769997,1.0499999523162842,1.548200011253357
front_mu,-,616.901997,1.0499999523162842,1.548200011253357
front_mu,-,617.033997,1.0499999523162842,1.548200011253357
front_mu,-,617.165997,1.0499999523162842,1.548200011253357
front_mu,-,617.297997,1.0499999523162842,1.548200011253357
front_mu,-,617.363997,1.0499999523162842,1.548200011253357
front_mu,-,617.495997,1.0499999523162842,1.548200011253357
front_mu,-,617.561997,1.0499999523162842,1.548200011253357
front_mu,-,617.693997,1.0499999523162842,1.548200011253357
front_mu,-,617.759997,1.0499999523162842,1.548200011253357
front_mu,-,617.891997,1.0499999523162842,1.548200011253357
front_mu,-,617.957997,1.0499999523162842,1.548200011253357
front_mu,-,618.089997,1.0499999523162842,1.548200011253357
front_mu,-,618.221997,1.0499999523162842,1.548200011253357
front_mu,-,618.353997,1.0499999523162842,1.548200011253357
front_mu,-,618.485997,1.0499999523162842,1.548200011253357
front_mu,-,618.617997,1.0499999523162842,1.548200011253357
front_mu,-,618.683997,1.0499999523162842,1.548200011253357
front_mu,-,618.815997,1.0499999523162842,1.548200011253357
front_mu,-,618.881997,1.0499999523162842,1.548200011253357
front_mu,-,619.013997,1.0499999523162842,1.548200011253357
front_mu,-,619.079997,1.0499999523162842,1.548200011253357
front_mu,-,619.211997,1.0499999523162842,1.548200011253357
front_mu,-,619.277997,1.0499999523162842,1.548200011253357
front_mu,-,619.409997,1.0499999523162842,1.548200011253357
front_mu,-,619.541997,1.0499999523162842,1.548200011253357
front_mu,-,619.673997,1.0499999523162842,1.548200011253357
front_mu,-,619.805997,1.0499999523162842,1.548200011253357
front_mu,-,619.937997,1.0499999523162842,1.548200011253357
front_mu,-,620.003997,1.0499999523162842,1.548200011253357
front_mu,-,620.135997,1.0499999523162842,1.548200011253357
front_mu,-,620.201997,1.0499999523162842,1.548200011253357
front_mu,-,620.333997,1.0499999523162842,1.548200011253357
front_mu,-,620.399997,1.0499999523162842,1.548200011253357
front_mu,-,620.531997,1.0499999523162842,1.548200011253357
front_mu,-,620.597997,1.0499999523162842,1.548200011253357
front_mu,-,620.729997,1.0499999523162842,1.548200011253357
front_mu,-,620.861997,1.0499999523162842,1.548200011253357
front_mu,-,620.993997,1.0499999523162842,1.548200011253357
front_mu,-,621.125997,1.0499999523162842,1.548200011253357
front_mu,-,621.257997,1.0499999523162842,1.548200011253357
front_mu,-,621.323997,1.0499999523162842,1.548200011253357
front_mu,-,621.455997,1.0499999523162842,1.548200011253357
front_mu,-,621.521997,1.0499999523162842,1.548200011253357
front_mu,-,621.653997,1.0499999523162842,1.548200011253357
front_mu,-,621.719997,1.0499999523162842,1.548200011253357
front_mu,-,621.851997,1.0499999523162842,1.548200011253357
front_mu,-,621.917997,1.0499999523162842,1.548200011253357
front_mu,-,622.049997,1.0499999523162842,1.548200011253357
front_mu,-,622.181997,1.0499999523162842,1.548200011253357
front_mu,-,622.313997,1.0499999523162842,1.548200011253357
front_mu,-,622.445997,1.0499999523162842,1.548200011253357
front_mu,-,622.577997,1.0499999523162842,1.548200011253357
front_mu,-,622.643997,1.0499999523162842,1.548200011253357
front_mu,-,622.775997,1.0499999523162842,1.548200011253357
front_mu,-,622.841997,1.0499999523162842,1.548200011253357
front_mu,-,622.973997,1.0499999523162842,1.548200011253357
front_mu,-,623.039997,1.0499999523162842,1.548200011253357
front_mu,-,623.171997,1.0499999523162842,1.548200011253357
front_mu,-,623.237997,1.0499999523162842,1.548200011253357
front_mu,-,623.369997,1.0499999523162842,1.548200011253357
front_mu,-,623.501997,1.0499999523162842,1.548200011253357
front_mu,-,623.633997,1.0499999523162842,1.548200011253357
front_mu,-,623.765997,1.0499999523162842,1.548200011253357
front_mu,-,623.897997,1.0499999523162842,1.548200011253357
front_mu,-,623.963997,1.0499999523162842,1.548200011253357
front_mu,-,624.095997,1.0499999523162842,1.548200011253357
front_mu,-,624.161997,1.0499999523162842,1.548200011253357
front_mu,-,624.293997,1.0499999523162842,1.548200011253357
front_mu,-,624.359997,1.0499999523162842,1.548200011253357
front_mu,-,624.491997,1.0499999523162842,1.548200011253357
front_mu,-,624.557997,1.0499999523162842,1.548200011253357
front_mu,-,624.689997,1.0499999523162842,1.548200011253357
front_mu,-,624.821997,1.0499999523162842,1.548200011253357
front_mu,-,624.953997,1.0499999523162842,1.548200011253357
front_mu,-,625.085997,1.0499999523162842,1.548200011253357
front_mu,-,625.217997,1.0499999523162842,1.548200011253357
front_mu,-,625.283997,1.0499999523162842,1.548200011253357
front_mu,-,625.415997,1.0499999523162842,1.548200011253357
front_mu,-,625.481997,1.0499999523162842,1.548200011253357
front_mu,-,625.613997,1.0499999523162842,1.548200011253357
front_mu,-,625.679997,1.0499999523162842,1.548200011253357
front_mu,-,625.811997,1.0499999523162842,1.548200011253357
front_mu,-,625.877997,1.0499999523162842,1.548200011253357
front_mu,-,626.009997,1.0499999523162842,1.548200011253357
front_mu,-,626.141997,1.0499999523162842,1.548200011253357
front_mu,-,626.273997,1.0499999523162842,1.548200011253357
front_mu,-,626.405997,1.0499999523162842,1.548200011253357
front_mu,-,626.537997,1.0499999523162842,1.548200011253357
front_mu,-,626.669997,1.0499999523162842,1.548200011253357
front_mu,-,626.768997,1.0499999523162842,1.548200011253357
front_mu,-,626.867997,1.0499999523162842,1.548200011253357
front_mu,-,626.966997,1.0499999523162842,1.548200011253357
front_mu,-,627.065997,1.0499999523162842,1.548200011253357
front_mu,-,627.164997,1.0499999523162842,1.548200011253357
front_mu,-,627.263997,1.0499999523162842,1.548200011253357
front_mu,-,627.395997,1.0499999523162842,1.548200011253357
front_mu,-,627.527997,1.0499999523162842,1.548200011253357
front_mu,-,627.659997,1.0499999523162842,1.548200011253357
front_mu,-,627.791997,1.0499999523162842,1.548200011253357
front_mu,-,627.890997,1.0499999523162842,1.548200011253357
front_mu,-,627.989997,1.0499999523162842,1.548200011253357
front_mu,-,628.088997,1.0499999523162842,1.548200011253357
front_mu,-,628.187997,1.0499999523162842,1.548200011253357
front_mu,-,628.286997,1.0499999523162842,1.548200011253357
front_mu,-,628.385997,1.0499999523162842,1.548200011253357
front_mu,-,628.517997,1.0499999523162842,1.548200011253357
front_mu,-,628.649997,1.0499999523162842,1.548200011253357
front_mu,-,628.781996,1.0499999523162842,1.548200011253357
front_mu,-,628.913997,1.0499999523162842,1.548200011253357
front_mu,-,629.045997,1.0499999523162842,1.548200011253357
front_mu,-,629.177997,1.0499999523162842,1.548200011253357
front_mu,-,629.243997,1.0499999523162842,1.548200011253357
front_mu,-,629.375997,1.0499999523162842,1.548200011253357
front_mu,-,629.441997,1.0499999523162842,1.548200011253357
front_mu,-,629.573997,1.0499999523162842,1.548200011253357
front_mu,-,629.639997,1.0499999523162842,1.548200011253357
front_mu,-,629.771996,1.0499999523162842,1.548200011253357
front_mu,-,629.837996,1.0499999523162842,1.548200011253357
front_mu,-,629.969997,1.0499999523162842,1.548200011253357
front_mu,-,630.035997,1.0499999523162842,1.548200011253357
front_mu,-,630.167997,1.0499999523162842,1.548200011253357
front_mu,-,630.299997,1.0499999523162842,1.548200011253357
front_mu,-,630.431997,1.0499999523162842,1.548200011253357
front_mu,-,630.530997,1.0499999523162842,1.548200011253357
front_mu,-,630.629997,1.0499999523162842,1.548200011253357
front_mu,-,630.728997,1.0499999523162842,1.548200011253357
front_mu,-,630.827996,1.0499999523162842,1.548200011253357
front_mu,-,630.926996,1.0499999523162842,1.548200011253357
front_mu,-,631.025997,1.0499999523162842,1.548200011253357
front_mu,-,631.124997,1.0499999523162842,1.548200011253357
front_mu,-,631.223997,1.0499999523162842,1.548200011253357
front_mu,-,631.355997,1.0499999523162842,1.548200011253357
front_mu,-,631.487997,1.0499999523162842,1.548200011253357
front_mu,-,631.619997,1.0499999523162842,1.548200011253357
front_mu,-,631.751997,1.0499999523162842,1.548200011253357
front_mu,-,631.850996,1.0499999523162842,1.548200011253357
front_mu,-,631.949996,1.0499999523162842,1.548200011253357
front_mu,-,632.048997,1.0499999523162842,1.548200011253357
front_mu,-,632.147997,1.0499999523162842,1.548200011253357
front_mu,-,632.246997,1.0499999523162842,1.548200011253357
front_mu,-,632.345997,1.0499999523162842,1.548200011253357
front_mu,-,632.444997,1.0499999523162842,1.548200011253357
front_mu,-,632.543997,1.0499999523162842,1.548200011253357
front_mu,-,632.675997,1.0499999523162842,1.548200011253357
front_mu,-,632.807997,1.0499999523162842,1.548200011253357
front_mu,-,632.939996,1.0499999523162842,1.548200011253357
front_mu,-,633.071997,1.0499999523162842,1.548200011253357
front_mu,-,633.170997,1.0499999523162842,1.548200011253357
front_mu,-,633.269997,1.0499999523162842,1.548200011253357
front_mu,-,633.368997,1.0499999523162842,1.548200011253357
front_mu,-,633.467997,1.0499999523162842,1.548200011253357
front_mu,-,633.566997,1.0499999523162842,1.548200011253357
front_mu,-,633.665997,1.0499999523162842,1.548200011253357
front_mu,-,633.764997,1.0499999523162842,1.548200011253357
front_mu,-,633.863997,1.0499999523162842,1.548200011253357
front_mu,-,633.995996,1.0499999523162842,1.548200011253357
front_mu,-,634.127997,1.0499999523162842,1.548200011253357
front_mu,-,634.259997,1.0499999523162842,1.548200011253357
front_mu,-,634.391997,1.0499999523162842,1.548200011253357
front_mu,-,634.490997,1.0499999523162842,1.548200011253357
front_mu,-,634.589997,1.0499999523162842,1.548200011253357
front_mu,-,634.688997,1.0499999523162842,1.548200011253357
front_mu,-,634.787997,1.0499999523162842,1.548200011253357
front_mu,-,634.886997,1.0499999523162842,1.548200011253357
front_mu,-,635.051996,1.0499999523162842,1.548200011253357
front_mu,-,635.117996,1.0499999523162842,1.548200011253357
front_mu,-,635.249997,1.0499999523162842,1.548200011253357
front_mu,-,635.381997,1.0499999523162842,1.548200011253357
front_mu,-,635.513997,1.0499999523162842,1.548200011253357
front_mu,-,635.645997,1.0499999523162842,1.548200011253357
front_mu,-,635.777997,1.0499999523162842,1.548200011253357
front_mu,-,635.843997,1.0499999523162842,1.548200011253357
front_mu,-,635.975996,1.0499999523162842,1.548200011253357
front_mu,-,636.041996,1.0499999523162842,1.548200011253357
front_mu,-,636.206996,1.0499999523162842,1.548200011253357
front_mu,-,636.305997,1.0499999523162842,1.548200011253357
front_mu,-,636.404997,1.0499999523162842,1.548200011253357
front_mu,-,636.503997,1.0499999523162842,1.548200011253357
front_mu,-,636.635997,1.0499999523162842,1.548200011253357
front_mu,-,636.767997,1.0499999523162842,1.548200011253357
front_mu,-,636.965997,1.0499999523162842,1.548200011253357
front_mu,-,637.097996,1.0499999523162842,1.548200011253357
front_mu,-,637.163996,1.0499999523162842,1.548200011253357
front_mu,-,637.295997,1.0499999523162842,1.548200011253357
front_mu,-,637.361997,1.0499999523162842,1.548200011253357
front_mu,-,637.493997,1.0499999523162842,1.548200011253357
front_mu,-,637.559997,1.0499999523162842,1.548200011253357
front_mu,-,637.691997,1.0499999523162842,1.548200011253357
front_mu,-,637.757997,1.0499999523162842,1.548200011253357
front_mu,-,637.889997,1.0499999523162842,1.548200011253357
front_mu,-,638.021996,1.0499999523162842,1.548200011253357
front_mu,-,638.153996,1.0499999523162842,1.548200011253357
front_mu,-,638.285996,1.0499999523162842,1.548200011253357
front_mu,-,638.417997,1.0499999523162842,1.548200011253357
front_mu,-,638.483997,1.0499999523162842,1.548200011253357
front_mu,-,638.615997,1.0499999523162842,1.548200011253357
front_mu,-,638.681997,1.0499999523162842,1.548200011253357
front_mu,-,638.813997,1.0499999523162842,1.548200011253357
front_mu,-,638.879997,1.0499999523162842,1.548200011253357
front_mu,-,639.011997,1.0499999523162842,1.548200011253357
front_mu,-,639.077996,1.0499999523162842,1.548200011253357
front_mu,-,639.209996,1.0499999523162842,1.548200011253357
front_mu,-,639.341996,1.0499999523162842,1.548200011253357
front_mu,-,639.473997,1.0499999523162842,1.548200011253357
front_mu,-,639.605997,1.0499999523162842,1.548200011253357
front_mu,-,639.737997,1.0499999523162842,1.548200011253357
front_mu,-,639.803997,1.0499999523162842,1.548200011253357
front_mu,-,639.935997,1.0499999523162842,1.548200011253357
front_mu,-,640.001997,1.0499999523162842,1.548200011253357
front_mu,-,640.133996,1.0499999523162842,1.548200011253357
front_mu,-,640.265996,1.0499999523162842,1.548200011253357
front_mu,-,640.364996,1.0499999523162842,1.548200011253357
front_mu,-,640.463997,1.0499999523162842,1.548200011253357
front_mu,-,640.595997,1.0499999523162842,1.548200011253357
front_mu,-,640.727997,1.0499999523162842,1.548200011253357
front_mu,-,640.859997,1.0499999523162842,1.548200011253357
front_mu,-,640.991997,1.0499999523162842,1.548200011253357
front_mu,-,641.090997,1.0499999523162842,1.548200011253357
front_mu,-,641.189996,1.0499999523162842,1.548200011253357
front_mu,-,641.288996,1.0499999523162842,1.548200011253357
front_mu,-,641.387996,1.0499999523162842,1.548200011253357
front_mu,-,641.486996,1.0499999523162842,1.548200011253357
front_mu,-,641.585997,1.0499999523162842,1.548200011253357
front_mu,-,641.684997,1.0499999523162842,1.548200011253357
front_mu,-,641.783997,1.0499999523162842,1.548200011253357
front_mu,-,641.915997,1.0499999523162842,1.548200011253357
front_mu,-,642.047997,1.0499999523162842,1.548200011253357
front_mu,-,642.179996,1.0499999523162842,1.548200011253357
front_mu,-,642.311996,1.0499999523162842,1.548200011253357
front_mu,-,642.410996,1.0499999523162842,1.548200011253357
front_mu,-,642.509996,1.0499999523162842,1.548200011253357
front_mu,-,642.608997,1.0499999523162842,1.548200011253357
front_mu,-,642.707997,1.0499999523162842,1.548200011253357
front_mu,-,642.806997,1.0499999523162842,1.548200011253357
front_mu,-,642.905997,1.0499999523162842,1.548200011253357
front_mu,-,643.004997,1.0499999523162842,1.548200011253357
front_mu,-,643.103997,1.0499999523162842,1.548200011253357
front_mu,-,643.301996,1.0499999523162842,1.548200011253357
front_mu,-,643.433996,1.0499999523162842,1.548200011253357
front_mu,-,643.565996,1.0499999523162842,1.548200011253357
front_mu,-,643.697997,1.0499999523162842,1.548200011253357
front_mu,-,643.763997,1.0499999523162842,1.548200011253357
front_mu,-,643.895997,1.0499999523162842,1.548200011253357
front_mu,-,643.961997,1.0499999523162842,1.548200011253357
front_mu,-,644.093997,1.0499999523162842,1.548200011253357
front_mu,-,644.159997,1.0499999523162842,1.548200011253357
front_mu,-,644.291996,1.0499999523162842,1.548200011253357
front_mu,-,644.357996,1.0499999523162842,1.548200011253357
front_mu,-,644.489996,1.0499999523162842,1.548200011253357
front_mu,-,644.555996,1.0499999523162842,1.548200011253357
front_mu,-,644.687997,1.0499999523162842,1.548200011253357
front_mu,-,644.819997,1.0499999523162842,1.548200011253357
front_mu,-,644.951997,1.0499999523162842,1.548200011253357
front_mu,-,645.050997,1.0499999523162842,1.548200011253357
front_mu,-,645.215997,1.0499999523162842,1.548200011253357
front_mu,-,645.281996,1.0499999523162842,1.548200011253357
front_mu,-,645.413996,1.0499999523162842,1.548200011253357
front_mu,-,645.479996,1.0499999523162842,1.548200011253357
front_mu,-,645.611996,1.0499999523162842,1.548200011253357
front_mu,-,645.677996,1.0499999523162842,1.548200011253357
front_mu,-,645.809997,1.0499999523162842,1.548200011253357
front_mu,-,645.941997,1.0499999523162842,1.548200011253357
front_mu,-,646.073997,1.0499999523162842,1.548200011253357
front_mu,-,646.205997,1.0499999523162842,1.548200011253357
front_mu,-,646.337996,1.0499999523162842,1.548200011253357
front_mu,-,646.403996,1.0499999523162842,1.548200011253357
front_mu,-,646.535996,1.0499999523162842,1.548200011253357
front_mu,-,646.601996,1.0499999523162842,1.548200011253357
front_mu,-,646.733996,1.0499999523162842,1.548200011253357
front_mu,-,646.799997,1.0499999523162842,1.548200011253357
front_mu,-,646.931997,1.0499999523162842,1.548200011253357
front_mu,-,646.997997,1.0499999523162842,1.548200011253357
front_mu,-,647.129997,1.0499999523162842,1.548200011253357
front_mu,-,647.261997,1.0499999523162842,1.548200011253357
front_mu,-,647.393996,1.0499999523162842,1.548200011253357
front_mu,-,647.525996,1.0499999523162842,1.548200011253357
front_mu,-,647.657996,1.0499999523162842,1.548200011253357
front_mu,-,647.723996,1.0499999523162842,1.548200011253357
front_mu,-,647.855997,1.0499999523162842,1.548200011253357
front_mu,-,647.921997,1.0499999523162842,1.548200011253357
front_mu,-,648.053997,1.0499999523162842,1.548200011253357
front_mu,-,648.119997,1.0499999523162842,1.548200011253357
front_mu,-,648.251997,1.0499999523162842,1.548200011253357
front_mu,-,648.317997,1.0499999523162842,1.548200011253357
front_mu,-,648.449996,1.0499999523162842,1.548200011253357
front_mu,-,648.515996,1.0499999523162842,1.548200011253357
front_mu,-,648.647996,1.0499999523162842,1.548200011253357
front_mu,-,648.779996,1.0499999523162842,1.548200011253357
front_mu,-,648.911997,1.0499999523162842,1.548200011253357
front_mu,-,649.010997,1.0499999523162842,1.548200011253357
front_mu,-,649.109997,1.0499999523162842,1.548200011253357
front_mu,-,649.208997,1.0499999523162842,1.548200011253357
front_mu,-,649.307997,1.0499999523162842,1.548200011253357
front_mu,-,649.406996,1.0499999523162842,1.548200011253357
front_mu,-,649.505996,1.0499999523162842,1.548200011253357
front_mu,-,649.604996,1.0499999523162842,1.548200011253357
front_mu,-,649.703996,1.0499999523162842,1.548200011253357
front_mu,-,649.835996,1.0499999523162842,1.548200011253357
front_mu,-,649.967997,1.0499999523162842,1.548200011253357
front_mu,-,650.099997,1.0499999523162842,1.548200011253357
front_mu,-,650.231997,1.0499999523162842,1.548200011253357
front_mu,-,650.330997,1.0499999523162842,1.548200011253357
front_mu,-,650.429996,1.0499999523162842,1.548200011253357
front_mu,-,650.528996,1.0499999523162842,1.548200011253357
front_mu,-,650.627996,1.0499999523162842,1.548200011253357
front_mu,-,650.726996,1.0499999523162842,1.548200011253357
front_mu,-,650.825996,1.0499999523162842,1.548200011253357
front_mu,-,650.924996,1.0499999523162842,1.548200011253357
front_mu,-,651.023997,1.0499999523162842,1.548200011253357
front_mu,-,651.155997,1.0499999523162842,1.548200011253357
front_mu,-,651.287997,1.0499999523162842,1.548200011253357
front_mu,-,651.419997,1.0499999523162842,1.548200011253357
front_mu,-,651.551996,1.0499999523162842,1.548200011253357
front_mu,-,651.650996,1.0499999523162842,1.548200011253357
front_mu,-,651.749996,1.0499999523162842,1.548200011253357
front_mu,-,651.848996,1.0499999523162842,1.548200011253357
front_mu,-,651.947996,1.0499999523162842,1.548200011253357
front_mu,-,652.046996,1.0499999523162842,1.548200011253357
front_mu,-,652.145997,1.0499999523162842,1.548200011253357
front_mu,-,652.244997,1.0499999523162842,1.548200011253357
front_mu,-,652.343997,1.0499999523162842,1.548200011253357
front_mu,-,652.475996,1.0499999523162842,1.548200011253357
front_mu,-,652.607996,1.0499999523162842,1.548200011253357
front_mu,-,652.739996,1.0499999523162842,1.548200011253357
front_mu,-,652.871996,1.0499999523162842,1.548200011253357
front_mu,-,652.970996,1.0499999523162842,1.548200011253357
front_mu,-,653.069996,1.0499999523162842,1.548200011253357
front_mu,-,653.168997,1.0499999523162842,1.548200011253357
front_mu,-,653.267997,1.0499999523162842,1.548200011253357
front_mu,-,653.366997,1.0499999523162842,1.548200011253357
front_mu,-,653.465997,1.0499999523162842,1.548200011253357
front_mu,-,653.564996,1.0499999523162842,1.548200011253357
front_mu,-,653.663996,1.0499999523162842,1.548200011253357
front_mu,-,653.795996,1.0499999523162842,1.548200011253357
front_mu,-,653.927996,1.0499999523162842,1.548200011253357
front_mu,-,654.059996,1.0499999523162842,1.548200011253357
front_mu,-,654.191997,1.0499999523162842,1.548200011253357
front_mu,-,654.290997,1.0499999523162842,1.548200011253357
front_mu,-,654.389997,1.0499999523162842,1.548200011253357
front_mu,-,654.488997,1.0499999523162842,1.548200011253357
front_mu,-,654.587996,1.0499999523162842,1.548200011253357
front_mu,-,654.686996,1.0499999523162842,1.548200011253357
front_mu,-,654.785996,1.0499999523162842,1.548200011253357
front_mu,-,654.884996,1.0499999523162842,1.548200011253357
front_mu,-,654.983996,1.0499999523162842,1.548200011253357
front_mu,-,655.115996,1.0499999523162842,1.548200011253357
front_mu,-,655.247997,1.0499999523162842,1.548200011253357
front_mu,-,655.379997,1.0499999523162842,1.548200011253357
front_mu,-,655.511997,1.0499999523162842,1.548200011253357
front_mu,-,655.610996,1.0499999523162842,1.548200011253357
front_mu,-,655.709996,1.0499999523162842,1.548200011253357
front_mu,-,655.808996,1.0499999523162842,1.548200011253357
front_mu,-,655.907996,1.0499999523162842,1.548200011253357
front_mu,-,656.006996,1.0499999523162842,1.548200011253357
front_mu,-,656.105996,1.0499999523162842,1.548200011253357
front_mu,-,656.204996,1.0499999523162842,1.548200011253357
front_mu,-,656.303997,1.0499999523162842,1.548200011253357
front_mu,-,656.435997,1.0499999523162842,1.548200011253357
front_mu,-,656.567997,1.0499999523162842,1.548200011253357
front_mu,-,656.699996,1.0499999523162842,1.548200011253357
front_mu,-,656.831996,1.0499999523162842,1.548200011253357
front_mu,-,656.930996,1.0499999523162842,1.548200011253357
front_mu,-,657.029996,1.0499999523162842,1.548200011253357
front_mu,-,657.128996,1.0499999523162842,1.548200011253357
front_mu,-,657.227996,1.0499999523162842,1.548200011253357
front_mu,-,657.326996,1.0499999523162842,1.548200011253357
front_mu,-,657.425997,1.0499999523162842,1.548200011253357
front_mu,-,657.524997,1.0499999523162842,1.548200011253357
front_mu,-,657.623996,1.0499999523162842,1.548200011253357
front_mu,-,657.755996,1.0499999523162842,1.548200011253357
front_mu,-,657.887996,1.0499999523162842,1.548200011253357
front_mu,-,658.019996,1.0499999523162842,1.548200011253357
front_mu,-,658.151996,1.0499999523162842,1.548200011253357
front_mu,-,658.250996,1.0499999523162842,1.548200011253357
front_mu,-,658.349996,1.0499999523162842,1.548200011253357
front_mu,-,658.448997,1.0499999523162842,1.548200011253357
front_mu,-,658.547997,1.0499999523162842,1.548200011253357
front_mu,-,658.646996,1.0499999523162842,1.548200011253357
front_mu,-,658.745996,1.0499999523162842,1.548200011253357
front_mu,-,658.844996,1.0499999523162842,1.548200011253357
front_mu,-,658.943996,1.0499999523162842,1.548200011253357
front_mu,-,659.075996,1.0499999523162842,1.548200011253357
front_mu,-,659.207996,1.0499999523162842,1.548200011253357
front_mu,-,659.339996,1.0499999523162842,1.548200011253357
front_mu,-,659.471997,1.0499999523162842,1.548200011253357
front_mu,-,659.570997,1.0499999523162842,1.548200011253357
front_mu,-,659.669997,1.0499999523162842,1.548200011253357
front_mu,-,659.768996,1.0499999523162842,1.548200011253357
front_mu,-,659.867996,1.0499999523162842,1.548200011253357
front_mu,-,659.966996,1.0499999523162842,1.548200011253357
front_mu,-,660.065996,1.0499999523162842,1.548200011253357
front_mu,-,660.164996,1.0499999523162842,1.548200011253357
front_mu,-,660.263996,1.0499999523162842,1.548200011253357
front_mu,-,660.395996,1.0499999523162842,1.548200011253357
front_mu,-,660.527997,1.0499999523162842,1.548200011253357
front_mu,-,660.659997,1.0499999523162842,1.548200011253357
front_mu,-,660.791996,1.0499999523162842,1.548200011253357
front_mu,-,660.890996,1.0499999523162842,1.548200011253357
front_mu,-,660.989996,1.0499999523162842,1.548200011253357
front_mu,-,661.088996,1.0499999523162842,1.548200011253357
front_mu,-,661.187996,1.0499999523162842,1.548200011253357
front_mu,-,661.286996,1.0499999523162842,1.548200011253357
front_mu,-,661.385996,1.0499999523162842,1.548200011253357
front_mu,-,661.484996,1.0499999523162842,1.548200011253357
front_mu,-,661.583997,1.0499999523162842,1.548200011253357
front_mu,-,661.682997,1.0499999523162842,1.548200011253357
front_mu,-,661.781996,1.0499999523162842,1.548200011253357
front_mu,-,661.913996,1.0499999523162842,1.548200011253357
front_mu,-,662.045996,1.0499999523162842,1.548200011253357
front_mu,-,662.177996,1.0499999523162842,1.548200011253357
front_mu,-,662.243996,1.0499999523162842,1.548200011253357
front_mu,-,662.375996,1.0499999523162842,1.548200011253357
front_mu,-,662.441996,1.0499999523162842,1.548200011253357
front_mu,-,662.573996,1.0499999523162842,1.548200011253357
front_mu,-,662.639997,1.0499999523162842,1.548200011253357
front_mu,-,662.771996,1.0499999523162842,1.548200011253357
front_mu,-,662.837996,1.0499999523162842,1.548200011253357
front_mu,-,662.969996,1.0499999523162842,1.548200011253357
front_mu,-,663.101996,1.0499999523162842,1.548200011253357
front_mu,-,663.233996,1.0499999523162842,1.548200011253357
front_mu,-,663.365996,1.0499999523162842,1.548200011253357
front_mu,-,663.497996,1.0499999523162842,1.548200011253357
front_mu,-,663.563996,1.0499999523162842,1.548200011253357
front_mu,-,663.695997,1.0499999523162842,1.548200011253357
front_mu,-,663.761997,1.0499999523162842,1.548200011253357
front_mu,-,663.893996,1.0499999523162842,1.548200011253357
front_mu,-,663.959996,1.0499999523162842,1.548200011253357
front_mu,-,664.091996,1.0499999523162842,1.548200011253357
front_mu,-,664.157996,1.0499999523162842,1.548200011253357
front_mu,-,664.289996,1.0499999523162842,1.548200011253357
front_mu,-,664.421996,1.0499999523162842,1.548200011253357
front_mu,-,664.553996,1.0499999523162842,1.548200011253357
front_mu,-,664.685996,1.0499999523162842,1.548200011253357
front_mu,-,664.817997,1.0499999523162842,1.548200011253357
front_mu,-,664.883996,1.0499999523162842,1.548200011253357
front_mu,-,665.015996,1.0499999523162842,1.548200011253357
front_mu,-,665.081996,1.0499999523162842,1.548200011253357
front_mu,-,665.213996,1.0499999523162842,1.548200011253357
front_mu,-,665.279996,1.0499999523162842,1.548200011253357
front_mu,-,665.411996,1.0499999523162842,1.548200011253357
front_mu,-,665.477996,1.0499999523162842,1.548200011253357
front_mu,-,665.609996,1.0499999523162842,1.548200011253357
front_mu,-,665.741996,1.0499999523162842,1.548200011253357
front_mu,-,665.873996,1.0499999523162842,1.548200011253357
front_mu,-,666.005996,1.0499999523162842,1.548200011253357
front_mu,-,666.137996,1.0499999523162842,1.548200011253357
front_mu,-,666.203996,1.0499999523162842,1.548200011253357
front_mu,-,666.335996,1.0499999523162842,1.548200011253357
front_mu,-,666.401996,1.0499999523162842,1.548200011253357
front_mu,-,666.533996,1.0499999523162842,1.548200011253357
front_mu,-,666.599996,1.0499999523162842,1.548200011253357
front_mu,-,666.731996,1.0499999523162842,1.548200011253357
front_mu,-,666.797996,1.0499999523162842,1.548200011253357
front_mu,-,666.929996,1.0499999523162842,1.548200011253357
front_mu,-,667.061996,1.0499999523162842,1.548200011253357
front_mu,-,667.193996,1.0499999523162842,1.548200011253357
front_mu,-,667.325996,1.0499999523162842,1.548200011253357
front_mu,-,667.457996,1.0499999523162842,1.548200011253357
front_mu,-,667.523996,1.0499999523162842,1.548200011253357
front_mu,-,667.655996,1.0499999523162842,1.548200011253357
front_mu,-,667.721996,1.0499999523162842,1.548200011253357
front_mu,-,667.853996,1.0499999523162842,1.548200011253357
front_mu,-,667.919997,1.0499999523162842,1.548200011253357
front_mu,-,668.051996,1.0499999523162842,1.548200011253357
front_mu,-,668.117996,1.0499999523162842,1.548200011253357
front_mu,-,668.249996,1.0499999523162842,1.548200011253357
front_mu,-,668.381996,1.0499999523162842,1.548200011253357
front_mu,-,668.513996,1.0499999523162842,1.548200011253357
front_mu,-,668.645996,1.0499999523162842,1.548200011253357
front_mu,-,668.777996,1.0499999523162842,1.548200011253357
front_mu,-,668.843996,1.0499999523162842,1.548200011253357
front_mu,-,668.975996,1.0499999523162842,1.548200011253357
front_mu,-,669.041996,1.0499999523162842,1.548200011253357
front_mu,-,669.173996,1.0499999523162842,1.548200011253357
front_mu,-,669.239996,1.0499999523162842,1.548200011253357
front_mu,-,669.371996,1.0499999523162842,1.548200011253357
front_mu,-,669.437996,1.0499999523162842,1.548200011253357
front_mu,-,669.569996,1.0499999523162842,1.548200011253357
front_mu,-,669.701996,1.0499999523162842,1.548200011253357
front_mu,-,669.833996,1.0499999523162842,1.548200011253357
front_mu,-,669.965996,1.0499999523162842,1.548200011253357
front_mu,-,670.097996,1.0499999523162842,1.548200011253357
front_mu,-,670.163996,1.0499999523162842,1.548200011253357
front_mu,-,670.295996,1.0499999523162842,1.548200011253357
front_mu,-,670.361996,1.0499999523162842,1.548200011253357
front_mu,-,670.493996,1.0499999523162842,1.548200011253357
front_mu,-,670.559996,1.0499999523162842,1.548200011253357
front_mu,-,670.691996,1.0499999523162842,1.548200011253357
front_mu,-,670.757996,1.0499999523162842,1.548200011253357
front_mu,-,670.889996,1.0499999523162842,1.548200011253357
front_mu,-,671.021996,1.0499999523162842,1.548200011253357
front_mu,-,671.153996,1.0499999523162842,1.548200011253357
front_mu,-,671.285996,1.0499999523162842,1.548200011253357
front_mu,-,671.417996,1.0499999523162842,1.548200011253357
front_mu,-,671.483996,1.0499999523162842,1.548200011253357
front_mu,-,671.615996,1.0499999523162842,1.548200011253357
front_mu,-,671.681996,1.0499999523162842,1.548200011253357
front_mu,-,671.813996,1.0499999523162842,1.548200011253357
front_mu,-,671.879996,1.0499999523162842,1.548200011253357
front_mu,-,672.011996,1.0499999523162842,1.548200011253357
front_mu,-,672.077996,1.0499999523162842,1.548200011253357
front_mu,-,672.209996,1.0499999523162842,1.548200011253357
front_mu,-,672.341996,1.0499999523162842,1.548200011253357
front_mu,-,672.473996,1.0499999523162842,1.548200011253357
front_mu,-,672.605996,1.0499999523162842,1.548200011253357
front_mu,-,672.737996,1.0499999523162842,1.548200011253357
front_mu,-,672.803996,1.0499999523162842,1.548200011253357
front_mu,-,672.935996,1.0499999523162842,1.548200011253357
front_mu,-,673.001996,1.0499999523162842,1.548200011253357
front_mu,-,673.133996,1.0499999523162842,1.548200011253357
front_mu,-,673.199996,1.0499999523162842,1.548200011253357
front_mu,-,673.331996,1.0499999523162842,1.548200011253357
front_mu,-,673.397996,1.0499999523162842,1.548200011253357
front_mu,-,673.529996,1.0499999523162842,1.548200011253357
front_mu,-,673.661996,1.0499999523162842,1.548200011253357
front_mu,-,673.793996,1.0499999523162842,1.548200011253357
front_mu,-,673.925996,1.0499999523162842,1.548200011253357
front_mu,-,674.057996,1.0499999523162842,1.548200011253357
front_mu,-,674.123996,1.0499999523162842,1.548200011253357
front_mu,-,674.255996,1.0499999523162842,1.548200011253357
front_mu,-,674.321996,1.0499999523162842,1.548200011253357
front_mu,-,674.453996,1.0499999523162842,1.548200011253357
front_mu,-,674.519996,1.0499999523162842,1.548200011253357
front_mu,-,674.651996,1.0499999523162842,1.548200011253357
front_mu,-,674.717996,1.0499999523162842,1.548200011253357
front_mu,-,674.849996,1.0499999523162842,1.548200011253357
front_mu,-,674.981996,1.0499999523162842,1.548200011253357
front_mu,-,675.113996,1.0499999523162842,1.548200011253357
front_mu,-,675.245996,1.0499999523162842,1.548200011253357
front_mu,-,675.377996,1.0499999523162842,1.548200011253357
front_mu,-,675.443996,1.0499999523162842,1.548200011253357
front_mu,-,675.575996,1.0499999523162842,1.548200011253357
front_mu,-,675.641996,1.0499999523162842,1.548200011253357
front_mu,-,675.773996,1.0499999523162842,1.548200011253357
front_mu,-,675.839996,1.0499999523162842,1.548200011253357
front_mu,-,675.971996,1.0499999523162842,1.548200011253357
front_mu,-,676.037996,1.0499999523162842,1.548200011253357
front_mu,-,676.169996,1.0499999523162842,1.548200011253357
front_mu,-,676.301996,1.0499999523162842,1.548200011253357
front_mu,-,676.433996,1.0499999523162842,1.548200011253357
front_mu,-,676.565996,1.0499999523162842,1.548200011253357
front_mu,-,676.697996,1.0499999523162842,1.548200011253357
front_mu,-,676.763996,1.0499999523162842,1.548200011253357
front_mu,-,676.895996,1.0499999523162842,1.548200011253357
front_mu,-,676.961996,1.0499999523162842,1.548200011253357
front_mu,-,677.093996,1.0499999523162842,1.548200011253357
front_mu,-,677.159996,1.0499999523162842,1.548200011253357
front_mu,-,677.291996,1.0499999523162842,1.548200011253357
front_mu,-,677.357996,1.0499999523162842,1.548200011253357
front_mu,-,677.489996,1.0499999523162842,1.548200011253357
front_mu,-,677.621996,1.0499999523162842,1.548200011253357
front_mu,-,677.753996,1.0499999523162842,1.548200011253357
front_mu,-,677.885996,1.0499999523162842,1.548200011253357
front_mu,-,678.017996,1.0499999523162842,1.548200011253357
front_mu,-,678.083996,1.0499999523162842,1.548200011253357
front_mu,-,678.215996,1.0499999523162842,1.548200011253357
front_mu,-,678.281996,1.0499999523162842,1.548200011253357
front_mu,-,678.413996,1.0499999523162842,1.548200011253357
front_mu,-,678.479996,1.0499999523162842,1.548200011253357
front_mu,-,678.611996,1.0499999523162842,1.548200011253357
front_mu,-,678.677996,1.0499999523162842,1.548200011253357
front_mu,-,678.809996,1.0499999523162842,1.548200011253357
front_mu,-,678.941996,1.0499999523162842,1.548200011253357
front_mu,-,679.073996,1.0499999523162842,1.548200011253357
front_mu,-,679.205996,1.0499999523162842,1.548200011253357
front_mu,-,679.337996,1.0499999523162842,1.548200011253357
front_mu,-,679.403996,1.0499999523162842,1.548200011253357
front_mu,-,679.535996,1.0499999523162842,1.548200011253357
front_mu,-,679.601996,1.0499999523162842,1.548200011253357
front_mu,-,679.733996,1.0499999523162842,1.548200011253357
front_mu,-,679.799996,1.0499999523162842,1.548200011253357
front_mu,-,679.931996,1.0499999523162842,1.548200011253357
front_mu,-,680.063996,1.0499999523162842,1.548200011253357
front_mu,-,680.195996,1.0499999523162842,1.548200011253357
front_mu,-,680.327996,1.0499999523162842,1.548200011253357
front_mu,-,680.459996,1.0499999523162842,1.548200011253357
front_mu,-,680.591996,1.0499999523162842,1.548200011253357
front_mu,-,680.690996,1.0499999523162842,1.548200011253357
front_mu,-,680.789996,1.0499999523162842,1.548200011253357
front_mu,-,680.888996,1.0499999523162842,1.548200011253357
front_mu,-,680.987996,1.0499999523162842,1.548200011253357
front_mu,-,681.086996,1.0499999523162842,1.548200011253357
front_mu,-,681.185996,1.0499999523162842,1.548200011253357
front_mu,-,681.284996,1.0499999523162842,1.548200011253357
front_mu,-,681.383996,1.0499999523162842,1.548200011253357
front_mu,-,681.515996,1.0499999523162842,1.548200011253357
front_mu,-,681.647996,1.0499999523162842,1.548200011253357
front_mu,-,681.779996,1.0499999523162842,1.548200011253357
front_mu,-,681.911996,1.0499999523162842,1.548200011253357
front_mu,-,682.010996,1.0499999523162842,1.548200011253357
front_mu,-,682.109996,1.0499999523162842,1.548200011253357
front_mu,-,682.208996,1.0499999523162842,1.548200011253357
front_mu,-,682.307996,1.0499999523162842,1.548200011253357
front_mu,-,682.406996,1.0499999523162842,1.548200011253357
front_mu,-,682.505996,1.0499999523162842,1.548200011253357
front_mu,-,682.604996,1.0499999523162842,1.548200011253357
front_mu,-,682.703996,1.0499999523162842,1.548200011253357
front_mu,-,682.835996,1.0499999523162842,1.548200011253357
front_mu,-,682.967996,1.0499999523162842,1.548200011253357
front_mu,-,683.099996,1.0499999523162842,1.548200011253357
front_mu,-,683.231996,1.0499999523162842,1.548200011253357
front_mu,-,683.330996,1.0499999523162842,1.548200011253357
front_mu,-,683.429996,1.0499999523162842,1.548200011253357
front_mu,-,683.561996,1.0499999523162842,1.548200011253357
front_mu,-,683.726996,1.0499999523162842,1.548200011253357
front_mu,-,683.825996,1.0499999523162842,1.548200011253357
front_mu,-,683.924996,1.0499999523162842,1.548200011253357
front_mu,-,684.023996,1.0499999523162842,1.548200011253357
front_mu,-,684.155996,1.0499999523162842,1.548200011253357
front_mu,-,684.287996,1.0499999523162842,1.548200011253357
front_mu,-,684.419996,1.0499999523162842,1.548200011253357
front_mu,-,684.551996,1.0499999523162842,1.548200011253357
front_mu,-,684.650996,1.0499999523162842,1.548200011253357
front_mu,-,684.815996,1.0499999523162842,1.548200011253357
front_mu,-,684.881996,1.0499999523162842,1.548200011253357
front_mu,-,685.013996,1.0499999523162842,1.548200011253357
front_mu,-,685.079996,1.0499999523162842,1.548200011253357
front_mu,-,685.211996,1.0499999523162842,1.548200011253357
front_mu,-,685.343996,1.0499999523162842,1.548200011253357
front_mu,-,685.475996,1.0499999523162842,1.548200011253357
front_mu,-,685.607996,1.0499999523162842,1.548200011253357
front_mu,-,685.739996,1.0499999523162842,1.548200011253357
front_mu,-,685.871996,1.0499999523162842,1.548200011253357
front_mu,-,685.970996,1.0499999523162842,1.548200011253357
front_mu,-,686.135996,1.0499999523162842,1.548200011253357
front_mu,-,686.201996,1.0499999523162842,1.548200011253357
front_mu,-,686.333996,1.0499999523162842,1.548200011253357
front_mu,-,686.399996,1.0499999523162842,1.548200011253357
front_mu,-,686.531996,1.0499999523162842,1.548200011253357
front_mu,-,686.597996,1.0499999523162842,1.548200011253357
front_mu,-,686.729996,1.0499999523162842,1.548200011253357
front_mu,-,686.861996,1.0499999523162842,1.548200011253357
front_mu,-,686.993996,1.0499999523162842,1.548200011253357
front_mu,-,687.125996,1.0499999523162842,1.548200011253357
front_mu,-,687.257996,1.0499999523162842,1.548200011253357
front_mu,-,687.323996,1.0499999523162842,1.548200011253357
front_mu,-,687.455996,1.0499999523162842,1.548200011253357
front_mu,-,687.521996,1.0499999523162842,1.548200011253357
front_mu,-,687.653996,1.0499999523162842,1.548200011253357
front_mu,-,687.719996,1.0499999523162842,1.548200011253357
front_mu,-,687.851996,1.0499999523162842,1.548200011253357
front_mu,-,687.917996,1.0499999523162842,1.548200011253357
front_mu,-,688.049996,1.0499999523162842,1.548200011253357
front_mu,-,688.181996,1.0499999523162842,1.548200011253357
front_mu,-,688.313996,1.0499999523162842,1.548200011253357
front_mu,-,688.445996,1.0499999523162842,1.548200011253357
front_mu,-,688.577996,1.0499999523162842,1.548200011253357
front_mu,-,688.643996,1.0499999523162842,1.548200011253357
front_mu,-,688.775996,1.0499999523162842,1.548200011253357
front_mu,-,688.841996,1.0499999523162842,1.548200011253357
front_mu,-,688.973996,1.0499999523162842,1.548200011253357
front_mu,-,689.039996,1.0499999523162842,1.548200011253357
front_mu,-,689.171996,1.0499999523162842,1.548200011253357
front_mu,-,689.237996,1.0499999523162842,1.548200011253357
front_mu,-,689.369996,1.0499999523162842,1.548200011253357
front_mu,-,689.501996,1.0499999523162842,1.548200011253357
front_mu,-,689.633996,1.0499999523162842,1.548200011253357
front_mu,-,689.765996,1.0499999523162842,1.548200011253357
front_mu,-,689.897996,1.0499999523162842,1.548200011253357
front_mu,-,689.963996,1.0499999523162842,1.548200011253357
front_mu,-,690.128996,1.0499999523162842,1.548200011253357
front_mu,-,690.821996,1.0499999523162842,1.6342999935150146
front_mu,-,690.953996,1.0499999523162842,1.6342999935150146
front_mu,-,691.085996,1.0499999523162842,1.6342999935150146
front_mu,-,691.217996,1.0499999523162842,1.6342999935150146
front_mu,-,691.283996,1.0499999523162842,1.6342999935150146
front_mu,-,691.415996,1.0499999523162842,1.6342999935150146
front_mu,-,691.547996,1.0499999523162842,1.6342999935150146
front_mu,-,691.646996,1.0499999523162842,1.6342999935150146
front_mu,-,691.745996,1.0499999523162842,1.6342999935150146
front_mu,-,691.844996,1.0499999523162842,1.6342999935150146
front_mu,-,691.943996,1.0499999523162842,1.6342999935150146
front_mu,-,692.075996,1.0499999523162842,1.6342999935150146
front_mu,-,692.207996,1.0499999523162842,1.6342999935150146
front_mu,-,692.339996,1.0499999523162842,1.6342999935150146
front_mu,-,692.471996,1.0499999523162842,1.6342999935150146
front_mu,-,692.570996,1.0499999523162842,1.6342999935150146
front_mu,-,692.669996,1.0499999523162842,1.6342999935150146
front_mu,-,692.768996,1.0499999523162842,1.6342999935150146
front_mu,-,692.867996,1.0499999523162842,1.6342999935150146
front_mu,-,692.966996,1.0499999523162842,1.6342999935150146
front_mu,-,693.065996,1.0499999523162842,1.6342999935150146
front_mu,-,693.164996,1.0499999523162842,1.6342999935150146
front_mu,-,693.263996,1.0499999523162842,1.6342999935150146
front_mu,-,693.395996,1.0499999523162842,1.6342999935150146
front_mu,-,693.527996,1.0499999523162842,1.6342999935150146
front_mu,-,693.659996,1.0499999523162842,1.6342999935150146
front_mu,-,693.791996,1.0499999523162842,1.6342999935150146
front_mu,-,693.890996,1.0499999523162842,1.6342999935150146
front_mu,-,693.989996,1.0499999523162842,1.6342999935150146
front_mu,-,694.088996,1.0499999523162842,1.6342999935150146
front_mu,-,694.187996,1.0499999523162842,1.6342999935150146
front_mu,-,694.286996,1.0499999523162842,1.6342999935150146
front_mu,-,694.385996,1.0499999523162842,1.6342999935150146
front_mu,-,694.484996,1.0499999523162842,1.6342999935150146
front_mu,-,694.583996,1.0499999523162842,1.6342999935150146
front_mu,-,694.715996,1.0499999523162842,1.6342999935150146
front_mu,-,694.847996,1.0499999523162842,1.6342999935150146
front_mu,-,694.979996,1.0499999523162842,1.6342999935150146
front_mu,-,695.111996,1.0499999523162842,1.6342999935150146
front_mu,-,695.210996,1.0499999523162842,1.6342999935150146
front_mu,-,695.309996,1.0499999523162842,1.6342999935150146
front_mu,-,695.408996,1.0499999523162842,1.6342999935150146
front_mu,-,695.507996,1.0499999523162842,1.6342999935150146
front_mu,-,695.606996,1.0499999523162842,1.6342999935150146
front_mu,-,695.705996,1.0499999523162842,1.6342999935150146
front_mu,-,695.837996,1.0499999523162842,1.6342999935150146
front_mu,-,695.969996,1.0499999523162842,1.6342999935150146
front_mu,-,696.101996,1.0499999523162842,1.6342999935150146
front_mu,-,696.233996,1.0499999523162842,1.6342999935150146
front_mu,-,696.365996,1.0499999523162842,1.6342999935150146
front_mu,-,696.497996,1.0499999523162842,1.6342999935150146
front_mu,-,696.563996,1.0499999523162842,1.6342999935150146
front_mu,-,696.695996,1.0499999523162842,1.6342999935150146
front_mu,-,696.761996,1.0499999523162842,1.6342999935150146
front_mu,-,696.893996,1.0499999523162842,1.6342999935150146
front_mu,-,696.959996,1.0499999523162842,1.6342999935150146
front_mu,-,697.091996,1.0499999523162842,1.6342999935150146
front_mu,-,697.157996,1.0499999523162842,1.6342999935150146
front_mu,-,697.289996,1.0499999523162842,1.6342999935150146
front_mu,-,697.421996,1.0499999523162842,1.6342999935150146
front_mu,-,697.553996,1.0499999523162842,1.6342999935150146
front_mu,-,697.685996,1.0499999523162842,1.6342999935150146
front_mu,-,697.817996,1.0499999523162842,1.6342999935150146
front_mu,-,697.883996,1.0499999523162842,1.6342999935150146
front_mu,-,698.015996,1.0499999523162842,1.6342999935150146
front_mu,-,698.081996,1.0499999523162842,1.6342999935150146
front_mu,-,698.213996,1.0499999523162842,1.6342999935150146
front_mu,-,698.279996,1.0499999523162842,1.6342999935150146
front_mu,-,698.411996,1.0499999523162842,1.6342999935150146
front_mu,-,698.477996,1.0499999523162842,1.6342999935150146
front_mu,-,698.609996,1.0499999523162842,1.6342999935150146
front_mu,-,698.741996,1.0499999523162842,1.6342999935150146
front_mu,-,698.873996,1.0499999523162842,1.6342999935150146
front_mu,-,699.005996,1.0499999523162842,1.6342999935150146
front_mu,-,699.137996,1.0499999523162842,1.6342999935150146
front_mu,-,699.203996,1.0499999523162842,1.6342999935150146
front_mu,-,699.335996,1.0499999523162842,1.6342999935150146
front_mu,-,699.401996,1.0499999523162842,1.6342999935150146
front_mu,-,699.533996,1.0499999523162842,1.6342999935150146
front_mu,-,699.599996,1.0499999523162842,1.6342999935150146
front_mu,-,699.731996,1.0499999523162842,1.6342999935150146
front_mu,-,699.797996,1.0499999523162842,1.6342999935150146
front_mu,-,699.929996,1.0499999523162842,1.6342999935150146
front_mu,-,700.061996,1.0499999523162842,1.6342999935150146
front_mu,-,700.193996,1.0499999523162842,1.6342999935150146
front_mu,-,700.325996,1.0499999523162842,1.6342999935150146
front_mu,-,700.457996,1.0499999523162842,1.6342999935150146
front_mu,-,700.523996,1.0499999523162842,1.6342999935150146
front_mu,-,700.655996,1.0499999523162842,1.6342999935150146
front_mu,-,700.721996,1.0499999523162842,1.6342999935150146
front_mu,-,700.853996,1.0499999523162842,1.6342999935150146
front_mu,-,700.919996,1.0499999523162842,1.6342999935150146
front_mu,-,701.051996,1.0499999523162842,1.6342999935150146
front_mu,-,701.117996,1.0499999523162842,1.6342999935150146
front_mu,-,701.249996,1.0499999523162842,1.6342999935150146
front_mu,-,701.381996,1.0499999523162842,1.6342999935150146
front_mu,-,701.513996,1.0499999523162842,1.6342999935150146
front_mu,-,701.645996,1.0499999523162842,1.6342999935150146
front_mu,-,701.777996,1.0499999523162842,1.6342999935150146
front_mu,-,701.843996,1.0499999523162842,1.6342999935150146
front_mu,-,701.975996,1.0499999523162842,1.6342999935150146
front_mu,-,702.041996,1.0499999523162842,1.6342999935150146
front_mu,-,702.173996,1.0499999523162842,1.6342999935150146
front_mu,-,702.239996,1.0499999523162842,1.6342999935150146
front_mu,-,702.371996,1.0499999523162842,1.6342999935150146
front_mu,-,702.437996,1.0499999523162842,1.6342999935150146
front_mu,-,702.569996,1.0499999523162842,1.6342999935150146
front_mu,-,702.701996,1.0499999523162842,1.6342999935150146
front_mu,-,702.833996,1.0499999523162842,1.6342999935150146
front_mu,-,702.965996,1.0499999523162842,1.6342999935150146
front_mu,-,703.097996,1.0499999523162842,1.6342999935150146
front_mu,-,703.163996,1.0499999523162842,1.6342999935150146
front_mu,-,703.295996,1.0499999523162842,1.6342999935150146
front_mu,-,703.361996,1.0499999523162842,1.6342999935150146
front_mu,-,703.493996,1.0499999523162842,1.6342999935150146
front_mu,-,703.559996,1.0499999523162842,1.6342999935150146
front_mu,-,703.691996,1.0499999523162842,1.6342999935150146
front_mu,-,703.757996,1.0499999523162842,1.6342999935150146
front_mu,-,703.889996,1.0499999523162842,1.6342999935150146
front_mu,-,704.021996,1.0499999523162842,1.6342999935150146
front_mu,-,704.153996,1.0499999523162842,1.6342999935150146
front_mu,-,704.285996,1.0499999523162842,1.6342999935150146
front_mu,-,704.417996,1.0499999523162842,1.6342999935150146
front_mu,-,704.483996,1.0499999523162842,1.6342999935150146
front_mu,-,704.615996,1.0499999523162842,1.6342999935150146
front_mu,-,704.681996,1.0499999523162842,1.6342999935150146
front_mu,-,704.813996,1.0499999523162842,1.6342999935150146
front_mu,-,704.879996,1.0499999523162842,1.6342999935150146
front_mu,-,705.011996,1.0499999523162842,1.6342999935150146
front_mu,-,705.077996,1.0499999523162842,1.6342999935150146
front_mu,-,705.209996,1.0499999523162842,1.6342999935150146
front_mu,-,705.341996,1.0499999523162842,1.6342999935150146
front_mu,-,705.473996,1.0499999523162842,1.6342999935150146
front_mu,-,705.605996,1.0499999523162842,1.6342999935150146
front_mu,-,705.737996,1.0499999523162842,1.6342999935150146
front_mu,-,705.803996,1.0499999523162842,1.6342999935150146
front_mu,-,705.935996,1.0499999523162842,1.6342999935150146
front_mu,-,706.067996,1.0499999523162842,1.6342999935150146
front_mu,-,706.166996,1.0499999523162842,1.6342999935150146
front_mu,-,706.265996,1.0499999523162842,1.6342999935150146
front_mu,-,706.364996,1.0499999523162842,1.6342999935150146
front_mu,-,706.463996,1.0499999523162842,1.6342999935150146
front_mu,-,706.595996,1.0499999523162842,1.6342999935150146
front_mu,-,706.727996,1.0499999523162842,1.6342999935150146
front_mu,-,706.859996,1.0499999523162842,1.6342999935150146
front_mu,-,706.991996,1.0499999523162842,1.6342999935150146
front_mu,-,707.090996,1.0499999523162842,1.6342999935150146
front_mu,-,707.189996,1.0499999523162842,1.6342999935150146
front_mu,-,707.288996,1.0499999523162842,1.6342999935150146
front_mu,-,707.387996,1.0499999523162842,1.6342999935150146
front_mu,-,707.486996,1.0499999523162842,1.6342999935150146
front_mu,-,707.585996,1.0499999523162842,1.6342999935150146
front_mu,-,707.717996,1.0499999523162842,1.6342999935150146
front_mu,-,707.849996,1.0499999523162842,1.6342999935150146
front_mu,-,707.981996,1.0499999523162842,1.6342999935150146
front_mu,-,708.113996,1.0499999523162842,1.6342999935150146
front_mu,-,708.245996,1.0499999523162842,1.6342999935150146
front_mu,-,708.377996,1.0499999523162842,1.6342999935150146
front_mu,-,708.443996,1.0499999523162842,1.6342999935150146
front_mu,-,708.575996,1.0499999523162842,1.6342999935150146
front_mu,-,708.641996,1.0499999523162842,1.6342999935150146
front_mu,-,708.773996,1.0499999523162842,1.6342999935150146
front_mu,-,708.839996,1.0499999523162842,1.6342999935150146
front_mu,-,708.971996,1.0499999523162842,1.6342999935150146
front_mu,-,709.037996,1.0499999523162842,1.6342999935150146
front_mu,-,709.169996,1.0499999523162842,1.6342999935150146
front_mu,-,709.301996,1.0499999523162842,1.6342999935150146
front_mu,-,709.433996,1.0499999523162842,1.6342999935150146
front_mu,-,709.565996,1.0499999523162842,1.6342999935150146
front_mu,-,709.697996,1.0499999523162842,1.6342999935150146
front_mu,-,709.763996,1.0499999523162842,1.6342999935150146
front_mu,-,709.895996,1.0499999523162842,1.6342999935150146
front_mu,-,709.961996,1.0499999523162842,1.6342999935150146
front_mu,-,710.093996,1.0499999523162842,1.6342999935150146
front_mu,-,710.159996,1.0499999523162842,1.6342999935150146
front_mu,-,710.291996,1.0499999523162842,1.6342999935150146
front_mu,-,710.357996,1.0499999523162842,1.6342999935150146
front_mu,-,710.555996,1.0499999523162842,1.6342999935150146
front_mu,-,710.753996,1.0499999523162842,1.6342999935150146
front_mu,-,710.885996,1.0499999523162842,1.6342999935150146
front_mu,-,711.017996,1.0499999523162842,1.6342999935150146
front_mu,-,711.083996,1.0499999523162842,1.6342999935150146
front_mu,-,711.215996,1.0499999523162842,1.6342999935150146
front_mu,-,711.347996,1.0499999523162842,1.6342999935150146
front_mu,-,711.446996,1.0499999523162842,1.6342999935150146
front_mu,-,711.545996,1.0499999523162842,1.6342999935150146
front_mu,-,711.644996,1.0499999523162842,1.6342999935150146
front_mu,-,711.743996,1.0499999523162842,1.6342999935150146
front_mu,-,711.875996,1.0499999523162842,1.6342999935150146
front_mu,-,712.073996,1.0499999523162842,1.6342999935150146
front_mu,-,712.205996,1.0499999523162842,1.6342999935150146
front_mu,-,712.337996,1.0499999523162842,1.6342999935150146
front_mu,-,712.403996,1.0499999523162842,1.6342999935150146
front_mu,-,712.535996,1.0499999523162842,1.6342999935150146
front_mu,-,712.601996,1.0499999523162842,1.6342999935150146
front_mu,-,712.733996,1.0499999523162842,1.6342999935150146
front_mu,-,712.799996,1.0499999523162842,1.6342999935150146
front_mu,-,712.931996,1.0499999523162842,1.6342999935150146
front_mu,-,712.997996,1.0499999523162842,1.6342999935150146
front_mu,-,713.129996,1.0499999523162842,1.6342999935150146
front_mu,-,713.261996,1.0499999523162842,1.6342999935150146
front_mu,-,713.393996,1.0499999523162842,1.6342999935150146
front_mu,-,713.525996,1.0499999523162842,1.6342999935150146
front_mu,-,713.657996,1.0499999523162842,1.6342999935150146
front_mu,-,713.723996,1.0499999523162842,1.6342999935150146
front_mu,-,713.855996,1.0499999523162842,1.6342999935150146
front_mu,-,713.921996,1.0499999523162842,1.6342999935150146
front_mu,-,714.053996,1.0499999523162842,1.6342999935150146
front_mu,-,714.119996,1.0499999523162842,1.6342999935150146
front_mu,-,714.251996,1.0499999523162842,1.6342999935150146
front_mu,-,714.317996,1.0499999523162842,1.6342999935150146
front_mu,-,714.449996,1.0499999523162842,1.6342999935150146
front_mu,-,714.581996,1.0499999523162842,1.6342999935150146
front_mu,-,714.713996,1.0499999523162842,1.6342999935150146
front_mu,-,714.845996,1.0499999523162842,1.6342999935150146
front_mu,-,714.977996,1.0499999523162842,1.6342999935150146
front_mu,-,715.043996,1.0499999523162842,1.6342999935150146
front_mu,-,715.175996,1.0499999523162842,1.6342999935150146
front_mu,-,715.241996,1.0499999523162842,1.6342999935150146
front_mu,-,715.373996,1.0499999523162842,1.6342999935150146
front_mu,-,715.439996,1.0499999523162842,1.6342999935150146
front_mu,-,715.571996,1.0499999523162842,1.6342999935150146
front_mu,-,715.703996,1.0499999523162842,1.6342999935150146
front_mu,-,715.835996,1.0499999523162842,1.6342999935150146
front_mu,-,715.967996,1.0499999523162842,1.6342999935150146
front_mu,-,716.099996,1.0499999523162842,1.6342999935150146
front_mu,-,716.231996,1.0499999523162842,1.6342999935150146
front_mu,-,716.330996,1.0499999523162842,1.6342999935150146
front_mu,-,716.429996,1.0499999523162842,1.6342999935150146
front_mu,-,716.528996,1.0499999523162842,1.6342999935150146
front_mu,-,716.627996,1.0499999523162842,1.6342999935150146
front_mu,-,716.726996,1.0499999523162842,1.6342999935150146
front_mu,-,716.825996,1.0499999523162842,1.6342999935150146
front_mu,-,716.924996,1.0499999523162842,1.6342999935150146
front_mu,-,717.023996,1.0499999523162842,1.6342999935150146
front_mu,-,717.155996,1.0499999523162842,1.6342999935150146
front_mu,-,717.287996,1.0499999523162842,1.6342999935150146
front_mu,-,717.419996,1.0499999523162842,1.6342999935150146
front_mu,-,717.551996,1.0499999523162842,1.6342999935150146
front_mu,-,717.650996,1.0499999523162842,1.6342999935150146
front_mu,-,717.749996,1.0499999523162842,1.6342999935150146
front_mu,-,717.848996,1.0499999523162842,1.6342999935150146
front_mu,-,717.947996,1.0499999523162842,1.6342999935150146
front_mu,-,718.046996,1.0499999523162842,1.6342999935150146
front_mu,-,718.145996,1.0499999523162842,1.6342999935150146
front_mu,-,718.277996,1.0499999523162842,1.6342999935150146
front_mu,-,718.475996,1.0499999523162842,1.6342999935150146
front_mu,-,718.607996,1.0499999523162842,1.6342999935150146
front_mu,-,718.739996,1.0499999523162842,1.6342999935150146
front_mu,-,718.871996,1.0499999523162842,1.6342999935150146
front_mu,-,718.970996,1.0499999523162842,1.6342999935150146
front_mu,-,719.069996,1.0499999523162842,1.6342999935150146
front_mu,-,719.168996,1.0499999523162842,1.6342999935150146
front_mu,-,719.267996,1.0499999523162842,1.6342999935150146
front_mu,-,719.366996,1.0499999523162842,1.6342999935150146
front_mu,-,719.465996,1.0499999523162842,1.6342999935150146
front_mu,-,719.564996,1.0499999523162842,1.6342999935150146
front_mu,-,719.663996,1.0499999523162842,1.6342999935150146
front_mu,-,719.795996,1.0499999523162842,1.6342999935150146
front_mu,-,719.927996,1.0499999523162842,1.6342999935150146
front_mu,-,720.059996,1.0499999523162842,1.6342999935150146
front_mu,-,720.191996,1.0499999523162842,1.6342999935150146
front_mu,-,720.290996,1.0499999523162842,1.6342999935150146
front_mu,-,720.389996,1.0499999523162842,1.6342999935150146
front_mu,-,720.488996,1.0499999523162842,1.6342999935150146
front_mu,-,720.587996,1.0499999523162842,1.6342999935150146
front_mu,-,720.686996,1.0499999523162842,1.6342999935150146
front_mu,-,720.785996,1.0499999523162842,1.6342999935150146
front_mu,-,720.884996,1.0499999523162842,1.6342999935150146
front_mu,-,720.983996,1.0499999523162842,1.6342999935150146
front_mu,-,721.115996,1.0499999523162842,1.6342999935150146
front_mu,-,721.247996,1.0499999523162842,1.6342999935150146
front_mu,-,721.379996,1.0499999523162842,1.6342999935150146
front_mu,-,721.511996,1.0499999523162842,1.6342999935150146
front_mu,-,721.610996,1.0499999523162842,1.6342999935150146
front_mu,-,721.709996,1.0499999523162842,1.6342999935150146
front_mu,-,721.808996,1.0499999523162842,1.6342999935150146
front_mu,-,721.907996,1.0499999523162842,1.6342999935150146
front_mu,-,722.006996,1.0499999523162842,1.6342999935150146
front_mu,-,722.105996,1.0499999523162842,1.6342999935150146
front_mu,-,722.204996,1.0499999523162842,1.6342999935150146
front_mu,-,722.303996,1.0499999523162842,1.6342999935150146
front_mu,-,722.435996,1.0499999523162842,1.6342999935150146
front_mu,-,722.567996,1.0499999523162842,1.6342999935150146
front_mu,-,722.699996,1.0499999523162842,1.6342999935150146
front_mu,-,722.831996,1.0499999523162842,1.6342999935150146
front_mu,-,722.930996,1.0499999523162842,1.6342999935150146
front_mu,-,723.029996,1.0499999523162842,1.6342999935150146
front_mu,-,723.128996,1.0499999523162842,1.6342999935150146
front_mu,-,723.227996,1.0499999523162842,1.6342999935150146
front_mu,-,723.326996,1.0499999523162842,1.6342999935150146
front_mu,-,723.425996,1.0499999523162842,1.6342999935150146
front_mu,-,723.557996,1.0499999523162842,1.6342999935150146
front_mu,-,723.689996,1.0499999523162842,1.6342999935150146
front_mu,-,723.821996,1.0499999523162842,1.6342999935150146
front_mu,-,723.953996,1.0499999523162842,1.6342999935150146
front_mu,-,724.085996,1.0499999523162842,1.6342999935150146
front_mu,-,724.217996,1.0499999523162842,1.6342999935150146
front_mu,-,724.283996,1.0499999523162842,1.6342999935150146
front_mu,-,724.415996,1.0499999523162842,1.6342999935150146
front_mu,-,724.481996,1.0499999523162842,1.6342999935150146
front_mu,-,724.613996,1.0499999523162842,1.6342999935150146
front_mu,-,724.679996,1.0499999523162842,1.6342999935150146
front_mu,-,724.811996,1.0499999523162842,1.6342999935150146
front_mu,-,724.877996,1.0499999523162842,1.6342999935150146
front_mu,-,725.009996,1.0499999523162842,1.6342999935150146
front_mu,-,725.141996,1.0499999523162842,1.6342999935150146
front_mu,-,725.273996,1.0499999523162842,1.6342999935150146
front_mu,-,725.405996,1.0499999523162842,1.6342999935150146
front_mu,-,725.537996,1.0499999523162842,1.6342999935150146
front_mu,-,725.603996,1.0499999523162842,1.6342999935150146
front_mu,-,725.735996,1.0499999523162842,1.6342999935150146
front_mu,-,725.801996,1.0499999523162842,1.6342999935150146
front_mu,-,725.933996,1.0499999523162842,1.6342999935150146
front_mu,-,725.999996,1.0499999523162842,1.6342999935150146
front_mu,-,726.131996,1.0499999523162842,1.6342999935150146
front_mu,-,726.197996,1.0499999523162842,1.6342999935150146
front_mu,-,726.329996,1.0499999523162842,1.6342999935150146
front_mu,-,726.461996,1.0499999523162842,1.6342999935150146
front_mu,-,726.593996,1.0499999523162842,1.6342999935150146
front_mu,-,726.725996,1.0499999523162842,1.6342999935150146
front_mu,-,726.857996,1.0499999523162842,1.6342999935150146
front_mu,-,726.923996,1.0499999523162842,1.6342999935150146
front_mu,-,727.055996,1.0499999523162842,1.6342999935150146
front_mu,-,727.121996,1.0499999523162842,1.6342999935150146
front_mu,-,727.253996,1.0499999523162842,1.6342999935150146
front_mu,-,727.319996,1.0499999523162842,1.6342999935150146
front_mu,-,727.451996,1.0499999523162842,1.6342999935150146
front_mu,-,727.517996,1.0499999523162842,1.6342999935150146
front_mu,-,727.649996,1.0499999523162842,1.6342999935150146
front_mu,-,727.781996,1.0499999523162842,1.6342999935150146
front_mu,-,727.913996,1.0499999523162842,1.6342999935150146
front_mu,-,728.045996,1.0499999523162842,1.6342999935150146
front_mu,-,728.177996,1.0499999523162842,1.6342999935150146
front_mu,-,728.243996,1.0499999523162842,1.6342999935150146
front_mu,-,728.375996,1.0499999523162842,1.6342999935150146
front_mu,-,728.441996,1.0499999523162842,1.6342999935150146
front_mu,-,728.573996,1.0499999523162842,1.6342999935150146
front_mu,-,728.639996,1.0499999523162842,1.6342999935150146
front_mu,-,728.771996,1.0499999523162842,1.6342999935150146
front_mu,-,728.837996,1.0499999523162842,1.6342999935150146
front_mu,-,728.969996,1.0499999523162842,1.6342999935150146
front_mu,-,729.101996,1.0499999523162842,1.6342999935150146
front_mu,-,729.233996,1.0499999523162842,1.6342999935150146
front_mu,-,729.365996,1.0499999523162842,1.6342999935150146
front_mu,-,729.497996,1.0499999523162842,1.6342999935150146
front_mu,-,729.563996,1.0499999523162842,1.6342999935150146
front_mu,-,729.695996,1.0499999523162842,1.6342999935150146
front_mu,-,729.761996,1.0499999523162842,1.6342999935150146
front_mu,-,729.893996,1.0499999523162842,1.6342999935150146
front_mu,-,729.959996,1.0499999523162842,1.6342999935150146
front_mu,-,730.091996,1.0499999523162842,1.6342999935150146
front_mu,-,730.157996,1.0499999523162842,1.6342999935150146
front_mu,-,730.289996,1.0499999523162842,1.6342999935150146
front_mu,-,730.421996,1.0499999523162842,1.6342999935150146
front_mu,-,730.553996,1.0499999523162842,1.6342999935150146
front_mu,-,730.685996,1.0499999523162842,1.6342999935150146
front_mu,-,730.817996,1.0499999523162842,1.6342999935150146
front_mu,-,730.883996,1.0499999523162842,1.6342999935150146
front_mu,-,731.015996,1.0499999523162842,1.6342999935150146
front_mu,-,731.081996,1.0499999523162842,1.6342999935150146
front_mu,-,731.213996,1.0499999523162842,1.6342999935150146
front_mu,-,731.279996,1.0499999523162842,1.6342999935150146
front_mu,-,731.411996,1.0499999523162842,1.6342999935150146
front_mu,-,731.477996,1.0499999523162842,1.6342999935150146
front_mu,-,731.609996,1.0499999523162842,1.6342999935150146
front_mu,-,731.741996,1.0499999523162842,1.6342999935150146
front_mu,-,731.873996,1.0499999523162842,1.6342999935150146
front_mu,-,732.005996,1.0499999523162842,1.6342999935150146
front_mu,-,732.137996,1.0499999523162842,1.6342999935150146
front_mu,-,732.203996,1.0499999523162842,1.6342999935150146
front_mu,-,732.335996,1.0499999523162842,1.6342999935150146
front_mu,-,732.401996,1.0499999523162842,1.6342999935150146
front_mu,-,732.533996,1.0499999523162842,1.6342999935150146
front_mu,-,732.599996,1.0499999523162842,1.6342999935150146
front_mu,-,732.731996,1.0499999523162842,1.6342999935150146
front_mu,-,732.797996,1.0499999523162842,1.6342999935150146
front_mu,-,732.929996,1.0499999523162842,1.6342999935150146
front_mu,-,733.061996,1.0499999523162842,1.6342999935150146
front_mu,-,733.193996,1.0499999523162842,1.6342999935150146
front_mu,-,733.325996,1.0499999523162842,1.6342999935150146
front_mu,-,733.457996,1.0499999523162842,1.6342999935150146
front_mu,-,733.523996,1.0499999523162842,1.6342999935150146
front_mu,-,733.655996,1.0499999523162842,1.6342999935150146
front_mu,-,733.721996,1.0499999523162842,1.6342999935150146
front_mu,-,733.853996,1.0499999523162842,1.6342999935150146
front_mu,-,733.919996,1.0499999523162842,1.6342999935150146
front_mu,-,734.051996,1.0499999523162842,1.6342999935150146
front_mu,-,734.117996,1.0499999523162842,1.6342999935150146
front_mu,-,734.249996,1.0499999523162842,1.6342999935150146
front_mu,-,734.381996,1.0499999523162842,1.6342999935150146
front_mu,-,734.513996,1.0499999523162842,1.6342999935150146
front_mu,-,734.645996,1.0499999523162842,1.6342999935150146
front_mu,-,734.777996,1.0499999523162842,1.6342999935150146
front_mu,-,734.843996,1.0499999523162842,1.6342999935150146
front_mu,-,734.975996,1.0499999523162842,1.6342999935150146
front_mu,-,735.041996,1.0499999523162842,1.6342999935150146
front_mu,-,735.173996,1.0499999523162842,1.6342999935150146
front_mu,-,735.239996,1.0499999523162842,1.6342999935150146
front_mu,-,735.371996,1.0499999523162842,1.6342999935150146
front_mu,-,735.437996,1.0499999523162842,1.6342999935150146
front_mu,-,735.569996,1.0499999523162842,1.6342999935150146
front_mu,-,735.701996,1.0499999523162842,1.6342999935150146
front_mu,-,735.833996,1.0499999523162842,1.6342999935150146
front_mu,-,735.965996,1.0499999523162842,1.6342999935150146
front_mu,-,736.097996,1.0499999523162842,1.6342999935150146
front_mu,-,736.163996,1.0499999523162842,1.6342999935150146
front_mu,-,736.295996,1.0499999523162842,1.6342999935150146
front_mu,-,736.361996,1.0499999523162842,1.6342999935150146
front_mu,-,736.493996,1.0499999523162842,1.6342999935150146
front_mu,-,736.559996,1.0499999523162842,1.6342999935150146
front_mu,-,736.691996,1.0499999523162842,1.6342999935150146
front_mu,-,736.757996,1.0499999523162842,1.6342999935150146
front_mu,-,736.889996,1.0499999523162842,1.6342999935150146
front_mu,-,737.021996,1.0499999523162842,1.6342999935150146
front_mu,-,737.153996,1.0499999523162842,1.6342999935150146
front_mu,-,737.285996,1.0499999523162842,1.6342999935150146
front_mu,-,737.417996,1.0499999523162842,1.6342999935150146
front_mu,-,737.483996,1.0499999523162842,1.6342999935150146
front_mu,-,737.615996,1.0499999523162842,1.6342999935150146
front_mu,-,737.681996,1.0499999523162842,1.6342999935150146
front_mu,-,737.813996,1.0499999523162842,1.6342999935150146
front_mu,-,737.879996,1.0499999523162842,1.6342999935150146
front_mu,-,738.011996,1.0499999523162842,1.6342999935150146
front_mu,-,738.077996,1.0499999523162842,1.6342999935150146
front_mu,-,738.209996,1.0499999523162842,1.6342999935150146
front_mu,-,738.341996,1.0499999523162842,1.6342999935150146
front_mu,-,738.473996,1.0499999523162842,1.6342999935150146
front_mu,-,738.605996,1.0499999523162842,1.6342999935150146
front_mu,-,738.737996,1.0499999523162842,1.6342999935150146
front_mu,-,738.803996,1.0499999523162842,1.6342999935150146
front_mu,-,738.935996,1.0499999523162842,1.6342999935150146
front_mu,-,739.001996,1.0499999523162842,1.6342999935150146
front_mu,-,739.133996,1.0499999523162842,1.6342999935150146
front_mu,-,739.199996,1.0499999523162842,1.6342999935150146
front_mu,-,739.331996,1.0499999523162842,1.6342999935150146
front_mu,-,739.397996,1.0499999523162842,1.6342999935150146
front_mu,-,739.529996,1.0499999523162842,1.6342999935150146
front_mu,-,739.661996,1.0499999523162842,1.6342999935150146
front_mu,-,739.793996,1.0499999523162842,1.6342999935150146
front_mu,-,739.925996,1.0499999523162842,1.6342999935150146
front_mu,-,740.057996,1.0499999523162842,1.6342999935150146
front_mu,-,740.123996,1.0499999523162842,1.6342999935150146
front_mu,-,740.255996,1.0499999523162842,1.6342999935150146
front_mu,-,740.321996,1.0499999523162842,1.6342999935150146
front_mu,-,740.453996,1.0499999523162842,1.6342999935150146
front_mu,-,740.519996,1.0499999523162842,1.6342999935150146
front_mu,-,740.651996,1.0499999523162842,1.6342999935150146
front_mu,-,740.717996,1.0499999523162842,1.6342999935150146
front_mu,-,740.849996,1.0499999523162842,1.6342999935150146
front_mu,-,740.981996,1.0499999523162842,1.6342999935150146
front_mu,-,741.113996,1.0499999523162842,1.6342999935150146
front_mu,-,741.245996,1.0499999523162842,1.6342999935150146
front_mu,-,741.377996,1.0499999523162842,1.6342999935150146
front_mu,-,741.443996,1.0499999523162842,1.6342999935150146
front_mu,-,741.575996,1.0499999523162842,1.6342999935150146
front_mu,-,741.641996,1.0499999523162842,1.6342999935150146
front_mu,-,741.773996,1.0499999523162842,1.6342999935150146
front_mu,-,741.839996,1.0499999523162842,1.6342999935150146
front_mu,-,741.971996,1.0499999523162842,1.6342999935150146
front_mu,-,742.037996,1.0499999523162842,1.6342999935150146
front_mu,-,742.169996,1.0499999523162842,1.6342999935150146
front_mu,-,742.301996,1.0499999523162842,1.6342999935150146
front_mu,-,742.499996,1.0499999523162842,1.6342999935150146
front_mu,-,742.631996,1.0499999523162842,1.6342999935150146
front_mu,-,742.730996,1.0499999523162842,1.6342999935150146
front_mu,-,742.829996,1.0499999523162842,1.6342999935150146
front_mu,-,742.928996,1.0499999523162842,1.6342999935150146
front_mu,-,743.027996,1.0499999523162842,1.6342999935150146
front_mu,-,743.126996,1.0499999523162842,1.6342999935150146
front_mu,-,743.225996,1.0499999523162842,1.6342999935150146
front_mu,-,743.324996,1.0499999523162842,1.6342999935150146
front_mu,-,743.423996,1.0499999523162842,1.6342999935150146
front_mu,-,743.555996,1.0499999523162842,1.6342999935150146
front_mu,-,743.687996,1.0499999523162842,1.6342999935150146
front_mu,-,743.819996,1.0499999523162842,1.6342999935150146
front_mu,-,743.951996,1.0499999523162842,1.6342999935150146
front_mu,-,744.050996,1.0499999523162842,1.6342999935150146
front_mu,-,744.149996,1.0499999523162842,1.6342999935150146
front_mu,-,744.248996,1.0499999523162842,1.6342999935150146
front_mu,-,744.347996,1.0499999523162842,1.6342999935150146
front_mu,-,744.446996,1.0499999523162842,1.6342999935150146
front_mu,-,744.545996,1.0499999523162842,1.6342999935150146
front_mu,-,744.644996,1.0499999523162842,1.6342999935150146
front_mu,-,744.743996,1.0499999523162842,1.6342999935150146
front_mu,-,744.875996,1.0499999523162842,1.6342999935150146
front_mu,-,745.007996,1.0499999523162842,1.6342999935150146
front_mu,-,745.139996,1.0499999523162842,1.6342999935150146
front_mu,-,745.271996,1.0499999523162842,1.6342999935150146
front_mu,-,745.370996,1.0499999523162842,1.6342999935150146
front_mu,-,745.469996,1.0499999523162842,1.6342999935150146
front_mu,-,745.568996,1.0499999523162842,1.6342999935150146
front_mu,-,745.667996,1.0499999523162842,1.6342999935150146
front_mu,-,745.766996,1.0499999523162842,1.6342999935150146
front_mu,-,745.865996,1.0499999523162842,1.6342999935150146
front_mu,-,745.964996,1.0499999523162842,1.6342999935150146
front_mu,-,746.063996,1.0499999523162842,1.6342999935150146
front_mu,-,746.195996,1.0499999523162842,1.6342999935150146
front_mu,-,746.327996,1.0499999523162842,1.6342999935150146
front_mu,-,746.459996,1.0499999523162842,1.6342999935150146
front_mu,-,746.591996,1.0499999523162842,1.6342999935150146
front_mu,-,746.690996,1.0499999523162842,1.6342999935150146
front_mu,-,746.789996,1.0499999523162842,1.6342999935150146
front_mu,-,746.888996,1.0499999523162842,1.6342999935150146
front_mu,-,746.987996,1.0499999523162842,1.6342999935150146
front_mu,-,747.086996,1.0499999523162842,1.6342999935150146
front_mu,-,747.185996,1.0499999523162842,1.6342999935150146
front_mu,-,747.284996,1.0499999523162842,1.6342999935150146
front_mu,-,747.383996,1.0499999523162842,1.6342999935150146
front_mu,-,747.515996,1.0499999523162842,1.6342999935150146
front_mu,-,747.647996,1.0499999523162842,1.6342999935150146
front_mu,-,747.779996,1.0499999523162842,1.6342999935150146
front_mu,-,747.911996,1.0499999523162842,1.6342999935150146
front_mu,-,748.010996,1.0499999523162842,1.6342999935150146
front_mu,-,748.076996,1.0499999523162842,1.6342999935150146
front_mu,-,748.175996,1.0499999523162842,1.6342999935150146
front_mu,-,748.241996,1.0499999523162842,1.6342999935150146
front_mu,-,748.373996,1.0499999523162842,1.6342999935150146
front_mu,-,748.571996,1.0499999523162842,1.6342999935150146
front_mu,-,748.637996,1.0499999523162842,1.6342999935150146
front_mu,-,748.736996,1.0499999523162842,1.6342999935150146
front_mu,-,748.835996,1.0499999523162842,1.6342999935150146
front_mu,-,748.934996,1.0499999523162842,1.6342999935150146
front_mu,-,749.033996,1.0499999523162842,1.6342999935150146
front_mu,-,749.132996,1.0499999523162842,1.6342999935150146
front_mu,-,749.231996,1.0499999523162842,1.6342999935150146
front_mu,-,749.363996,1.0499999523162842,1.6342999935150146
front_mu,-,749.495996,1.0499999523162842,1.6342999935150146
front_mu,-,749.627996,1.0499999523162842,1.6342999935150146
front_mu,-,749.759996,1.0499999523162842,1.6342999935150146
front_mu,-,749.891996,1.0499999523162842,1.6342999935150146
front_mu,-,750.023996,1.0499999523162842,1.6342999935150146
front_mu,-,750.089996,1.0499999523162842,1.6342999935150146
front_mu,-,750.221996,1.0499999523162842,1.6342999935150146
front_mu,-,750.287996,1.0499999523162842,1.6342999935150146
front_mu,-,750.419996,1.0499999523162842,1.6342999935150146
front_mu,-,750.485996,1.0499999523162842,1.6342999935150146
front_mu,-,750.617996,1.0499999523162842,1.6342999935150146
front_mu,-,750.749996,1.0499999523162842,1.6342999935150146
front_mu,-,750.881996,1.0499999523162842,1.6342999935150146
front_mu,-,751.013996,1.0499999523162842,1.6342999935150146
front_mu,-,751.145996,1.0499999523162842,1.6342999935150146
front_mu,-,751.343996,1.0499999523162842,1.6342999935150146
front_mu,-,751.409996,1.0499999523162842,1.6342999935150146
front_mu,-,751.541996,1.0499999523162842,1.6342999935150146
front_mu,-,751.607996,1.0499999523162842,1.6342999935150146
front_mu,-,751.739996,1.0499999523162842,1.6342999935150146
front_mu,-,751.805996,1.0499999523162842,1.6342999935150146
front_mu,-,751.937996,1.0499999523162842,1.6342999935150146
front_mu,-,752.069996,1.0499999523162842,1.6342999935150146
front_mu,-,752.201996,1.0499999523162842,1.6342999935150146
front_mu,-,752.333996,1.0499999523162842,1.6342999935150146
front_mu,-,752.465996,1.0499999523162842,1.6342999935150146
front_mu,-,752.531996,1.0499999523162842,1.6342999935150146
front_mu,-,752.663996,1.0499999523162842,1.6342999935150146
front_mu,-,752.729996,1.0499999523162842,1.6342999935150146
front_mu,-,752.861996,1.0499999523162842,1.6342999935150146
front_mu,-,752.927996,1.0499999523162842,1.6342999935150146
front_mu,-,753.059996,1.0499999523162842,1.6342999935150146
front_mu,-,753.191996,1.0499999523162842,1.6342999935150146
front_mu,-,753.290996,1.0499999523162842,1.6342999935150146
front_mu,-,753.389996,1.0499999523162842,1.6342999935150146
front_mu,-,753.521996,1.0499999523162842,1.6342999935150146
front_mu,-,753.653996,1.0499999523162842,1.6342999935150146
front_mu,-,753.785996,1.0499999523162842,1.6342999935150146
front_mu,-,753.917996,1.0499999523162842,1.6342999935150146
front_mu,-,754.016996,1.0499999523162842,1.6342999935150146
front_mu,-,754.115996,1.0499999523162842,1.6342999935150146
front_mu,-,754.214996,1.0499999523162842,1.6342999935150146
front_mu,-,754.313996,1.0499999523162842,1.6342999935150146
front_mu,-,754.412996,1.0499999523162842,1.6342999935150146
front_mu,-,754.511996,1.0499999523162842,1.6342999935150146
front_mu,-,754.643996,1.0499999523162842,1.6342999935150146
front_mu,-,754.775996,1.0499999523162842,1.6342999935150146
front_mu,-,754.907996,1.0499999523162842,1.6342999935150146
front_mu,-,755.039996,1.0499999523162842,1.6342999935150146
front_mu,-,755.138996,1.0499999523162842,1.6342999935150146
front_mu,-,755.237996,1.0499999523162842,1.6342999935150146
front_mu,-,755.336996,1.0499999523162842,1.6342999935150146
front_mu,-,755.435996,1.0499999523162842,1.6342999935150146
front_mu,-,755.534996,1.0499999523162842,1.6342999935150146
front_mu,-,755.633996,1.0499999523162842,1.6342999935150146
front_mu,-,755.765996,1.0499999523162842,1.6342999935150146
front_mu,-,755.963996,1.0499999523162842,1.6342999935150146
front_mu,-,756.095996,1.0499999523162842,1.6342999935150146
front_mu,-,756.227996,1.0499999523162842,1.6342999935150146
front_mu,-,756.359996,1.0499999523162842,1.6342999935150146
front_mu,-,756.491996,1.0499999523162842,1.6342999935150146
front_mu,-,756.623996,1.0499999523162842,1.6342999935150146
front_mu,-,756.689996,1.0499999523162842,1.6342999935150146
front_mu,-,756.821996,1.0499999523162842,1.6342999935150146
front_mu,-,756.887996,1.0499999523162842,1.6342999935150146
front_mu,-,757.019996,1.0499999523162842,1.6342999935150146
front_mu,-,757.085996,1.0499999523162842,1.6342999935150146
front_mu,-,757.217996,1.0499999523162842,1.6342999935150146
front_mu,-,757.349996,1.0499999523162842,1.6342999935150146
front_mu,-,757.481996,1.0499999523162842,1.6342999935150146
front_mu,-,757.613996,1.0499999523162842,1.6342999935150146
front_mu,-,757.745996,1.0499999523162842,1.6342999935150146
front_mu,-,757.877996,1.0499999523162842,1.6342999935150146
front_mu,-,757.976996,1.0499999523162842,1.6342999935150146
front_mu,-,758.075996,1.0499999523162842,1.6342999935150146
front_mu,-,758.174996,1.0499999523162842,1.6342999935150146
front_mu,-,758.273996,1.0499999523162842,1.6342999935150146
front_mu,-,758.372996,1.0499999523162842,1.6342999935150146
front_mu,-,758.471996,1.0499999523162842,1.6342999935150146
front_mu,-,758.603996,1.0499999523162842,1.6342999935150146
front_mu,-,758.735996,1.0499999523162842,1.6342999935150146
front_mu,-,758.867996,1.0499999523162842,1.6342999935150146
front_mu,-,758.999996,1.0499999523162842,1.6342999935150146
front_mu,-,759.131996,1.0499999523162842,1.6342999935150146
front_mu,-,759.263996,1.0499999523162842,1.6342999935150146
front_mu,-,759.329996,1.0499999523162842,1.6342999935150146
front_mu,-,759.461996,1.0499999523162842,1.6342999935150146
front_mu,-,759.527996,1.0499999523162842,1.6342999935150146
front_mu,-,759.659996,1.0499999523162842,1.6342999935150146
front_mu,-,759.791996,1.0499999523162842,1.6342999935150146
front_mu,-,759.890996,1.0499999523162842,1.6342999935150146
front_mu,-,759.989996,1.0499999523162842,1.6342999935150146
front_mu,-,760.121996,1.0499999523162842,1.6342999935150146
front_mu,-,760.253996,1.0499999523162842,1.6342999935150146
front_mu,-,760.385996,1.0499999523162842,1.6342999935150146
front_mu,-,760.517996,1.0499999523162842,1.6342999935150146
front_mu,-,760.616996,1.0499999523162842,1.6342999935150146
front_mu,-,760.715996,1.0499999523162842,1.6342999935150146
front_mu,-,760.814996,1.0499999523162842,1.6342999935150146
front_mu,-,760.913996,1.0499999523162842,1.6342999935150146
front_mu,-,761.012996,1.0499999523162842,1.6342999935150146
front_mu,-,761.111996,1.0499999523162842,1.6342999935150146
front_mu,-,761.243996,1.0499999523162842,1.6342999935150146
front_mu,-,761.375996,1.0499999523162842,1.6342999935150146
front_mu,-,761.507996,1.0499999523162842,1.6342999935150146
front_mu,-,761.639996,1.0499999523162842,1.6342999935150146
front_mu,-,761.738996,1.0499999523162842,1.6342999935150146
front_mu,-,761.837996,1.0499999523162842,1.6342999935150146
front_mu,-,761.936996,1.0499999523162842,1.6342999935150146
front_mu,-,762.035996,1.0499999523162842,1.6342999935150146
front_mu,-,762.134996,1.0499999523162842,1.6342999935150146
front_mu,-,762.233996,1.0499999523162842,1.6342999935150146
front_mu,-,762.332996,1.0499999523162842,1.6342999935150146
front_mu,-,762.431996,1.0499999523162842,1.6342999935150146
front_mu,-,762.530996,1.0499999523162842,1.6342999935150146
front_mu,-,762.629996,1.0499999523162842,1.6342999935150146
front_mu,-,762.728996,1.0499999523162842,1.6342999935150146
front_mu,-,762.794996,1.0499999523162842,1.6342999935150146
front_mu,-,762.926996,1.0499999523162842,1.6342999935150146
front_mu,-,763.256996,1.0499999523162842,1.6342999935150146
front_mu,-,763.586996,1.0499999523162842,1.6342999935150146
front_mu,-,763.751996,1.0499999523162842,1.6342999935150146
front_mu,-,763.817996,1.0499999523162842,1.6342999935150146
front_mu,-,763.949996,1.0499999523162842,1.6342999935150146
front_mu,-,764.081996,1.0499999523162842,1.6342999935150146
front_mu,-,764.213996,1.0499999523162842,1.6342999935150146
front_mu,-,764.312996,1.0499999523162842,1.6342999935150146
front_mu,-,764.411996,1.0499999523162842,1.6342999935150146
front_mu,-,764.510996,1.0499999523162842,1.6342999935150146
front_mu,-,764.609996,1.0499999523162842,1.6342999935150146
front_mu,-,764.708996,1.0499999523162842,1.6342999935150146
front_mu,-,764.807996,1.0499999523162842,1.6342999935150146
front_mu,-,764.906996,1.0499999523162842,1.6342999935150146
front_mu,-,765.005996,1.0499999523162842,1.6342999935150146
front_mu,-,765.137996,1.0499999523162842,1.6342999935150146
front_mu,-,765.269996,1.0499999523162842,1.6342999935150146
front_mu,-,765.401996,1.0499999523162842,1.6342999935150146
front_mu,-,765.533996,1.0499999523162842,1.6342999935150146
front_mu,-,765.632996,1.0499999523162842,1.6342999935150146
front_mu,-,765.731996,1.0499999523162842,1.6342999935150146
front_mu,-,765.830996,1.0499999523162842,1.6342999935150146
front_mu,-,765.929996,1.0499999523162842,1.6342999935150146
front_mu,-,766.028996,1.0499999523162842,1.6342999935150146
front_mu,-,766.127996,1.0499999523162842,1.6342999935150146
front_mu,-,766.226996,1.0499999523162842,1.6342999935150146
front_mu,-,766.325996,1.0499999523162842,1.6342999935150146
front_mu,-,766.457996,1.0499999523162842,1.6342999935150146
front_mu,-,766.589996,1.0499999523162842,1.6342999935150146
front_mu,-,766.721996,1.0499999523162842,1.6342999935150146
front_mu,-,766.853996,1.0499999523162842,1.6342999935150146
front_mu,-,766.952996,1.0499999523162842,1.6342999935150146
front_mu,-,767.051996,1.0499999523162842,1.6342999935150146
front_mu,-,767.150996,1.0499999523162842,1.6342999935150146
front_mu,-,767.249996,1.0499999523162842,1.6342999935150146
front_mu,-,767.381996,1.0499999523162842,1.6342999935150146
front_mu,-,767.513996,1.0499999523162842,1.6342999935150146
front_mu,-,767.645996,1.0499999523162842,1.6342999935150146
front_mu,-,767.777996,1.0499999523162842,1.6342999935150146
front_mu,-,767.909996,1.0499999523162842,1.6342999935150146
front_mu,-,768.041996,1.0499999523162842,1.6342999935150146
front_mu,-,768.173996,1.0499999523162842,1.6342999935150146
front_mu,-,768.272996,1.0499999523162842,1.6342999935150146
front_mu,-,768.371996,1.0499999523162842,1.6342999935150146
front_mu,-,768.470996,1.0499999523162842,1.6342999935150146
front_mu,-,768.569996,1.0499999523162842,1.6342999935150146
front_mu,-,768.668996,1.0499999523162842,1.6342999935150146
front_mu,-,768.767996,1.0499999523162842,1.6342999935150146
front_mu,-,768.866996,1.0499999523162842,1.6342999935150146
front_mu,-,768.965996,1.0499999523162842,1.6342999935150146
front_mu,-,769.097996,1.0499999523162842,1.6342999935150146
front_mu,-,769.229996,1.0499999523162842,1.6342999935150146
front_mu,-,769.361996,1.0499999523162842,1.6342999935150146
front_mu,-,769.493996,1.0499999523162842,1.6342999935150146
front_mu,-,769.592996,1.0499999523162842,1.6342999935150146
front_mu,-,769.691996,1.0499999523162842,1.6342999935150146
front_mu,-,769.790996,1.0499999523162842,1.6342999935150146
front_mu,-,769.889996,1.0499999523162842,1.6342999935150146
front_mu,-,769.988996,1.0499999523162842,1.6342999935150146
front_mu,-,770.087996,1.0499999523162842,1.6342999935150146
front_mu,-,770.186996,1.0499999523162842,1.6342999935150146
front_mu,-,770.285996,1.0499999523162842,1.6342999935150146
front_mu,-,770.417996,1.0499999523162842,1.6342999935150146
front_mu,-,770.549996,1.0499999523162842,1.6342999935150146
front_mu,-,770.681996,1.0499999523162842,1.6342999935150146
front_mu,-,770.813996,1.0499999523162842,1.6342999935150146
front_mu,-,770.912996,1.0499999523162842,1.6342999935150146
front_mu,-,771.011996,1.0499999523162842,1.6342999935150146
front_mu,-,771.110996,1.0499999523162842,1.6342999935150146
front_mu,-,771.209996,1.0499999523162842,1.6342999935150146
front_mu,-,771.308996,1.0499999523162842,1.6342999935150146
front_mu,-,771.407996,1.0499999523162842,1.6342999935150146
front_mu,-,771.539996,1.0499999523162842,1.6342999935150146
front_mu,-,771.671996,1.0499999523162842,1.6342999935150146
front_mu,-,771.803996,1.0499999523162842,1.6342999935150146
front_mu,-,771.935996,1.0499999523162842,1.6342999935150146
front_mu,-,772.067996,1.0499999523162842,1.6342999935150146
front_mu,-,772.199996,1.0499999523162842,1.6342999935150146
front_mu,-,772.265996,1.0499999523162842,1.6342999935150146
front_mu,-,772.397996,1.0499999523162842,1.6342999935150146
front_mu,-,772.463996,1.0499999523162842,1.6342999935150146
front_mu,-,772.595996,1.0499999523162842,1.6342999935150146
front_mu,-,772.661996,1.0499999523162842,1.6342999935150146
front_mu,-,772.793996,1.0499999523162842,1.6342999935150146
front_mu,-,772.925996,1.0499999523162842,1.6342999935150146
front_mu,-,773.057996,1.0499999523162842,1.6342999935150146
front_mu,-,773.189996,1.0499999523162842,1.6342999935150146
front_mu,-,773.321996,1.0499999523162842,1.6342999935150146
front_mu,-,773.453996,1.0499999523162842,1.6342999935150146
front_mu,-,773.552996,1.0499999523162842,1.6342999935150146
front_mu,-,773.651996,1.0499999523162842,1.6342999935150146
front_mu,-,773.750996,1.0499999523162842,1.6342999935150146
front_mu,-,773.849996,1.0499999523162842,1.6342999935150146
front_mu,-,773.948996,1.0499999523162842,1.6342999935150146
front_mu,-,774.047996,1.0499999523162842,1.6342999935150146
front_mu,-,774.146996,1.0499999523162842,1.6342999935150146
front_mu,-,774.245996,1.0499999523162842,1.6342999935150146
front_mu,-,774.377996,1.0499999523162842,1.6342999935150146
front_mu,-,774.509996,1.0499999523162842,1.6342999935150146
front_mu,-,774.641996,1.0499999523162842,1.6342999935150146
front_mu,-,774.773996,1.0499999523162842,1.6342999935150146
front_mu,-,774.872996,1.0499999523162842,1.6342999935150146
front_mu,-,774.971996,1.0499999523162842,1.6342999935150146
front_mu,-,775.070996,1.0499999523162842,1.6342999935150146
front_mu,-,775.169996,1.0499999523162842,1.6342999935150146
front_mu,-,775.268996,1.0499999523162842,1.6342999935150146
front_mu,-,775.367996,1.0499999523162842,1.6342999935150146
front_mu,-,775.466996,1.0499999523162842,1.6342999935150146
front_mu,-,775.565996,1.0499999523162842,1.6342999935150146
front_mu,-,775.697996,1.0499999523162842,1.6342999935150146
front_mu,-,775.829996,1.0499999523162842,1.6342999935150146
front_mu,-,775.961996,1.0499999523162842,1.6342999935150146
front_mu,-,776.093996,1.0499999523162842,1.6342999935150146
front_mu,-,776.192996,1.0499999523162842,1.6342999935150146
front_mu,-,776.291996,1.0499999523162842,1.6342999935150146
front_mu,-,776.390996,1.0499999523162842,1.6342999935150146
front_mu,-,776.489996,1.0499999523162842,1.6342999935150146
front_mu,-,776.588996,1.0499999523162842,1.6342999935150146
front_mu,-,776.687996,1.0499999523162842,1.6342999935150146
front_mu,-,776.819996,1.0499999523162842,1.6342999935150146
front_mu,-,776.951996,1.0499999523162842,1.6342999935150146
front_mu,-,777.083996,1.0499999523162842,1.6342999935150146
front_mu,-,777.215996,1.0499999523162842,1.6342999935150146
front_mu,-,777.347996,1.0499999523162842,1.6342999935150146
front_mu,-,777.479996,1.0499999523162842,1.6342999935150146
front_mu,-,777.545996,1.0499999523162842,1.6342999935150146
front_mu,-,777.677996,1.0499999523162842,1.6342999935150146
front_mu,-,777.743996,1.0499999523162842,1.6342999935150146
front_mu,-,777.875996,1.0499999523162842,1.6342999935150146
front_mu,-,777.941996,1.0499999523162842,1.6342999935150146
front_mu,-,778.073996,1.0499999523162842,1.6342999935150146
front_mu,-,778.205996,1.0499999523162842,1.6342999935150146
front_mu,-,778.337996,1.0499999523162842,1.6342999935150146
front_mu,-,778.469996,1.0499999523162842,1.6342999935150146
front_mu,-,778.601996,1.0499999523162842,1.6342999935150146
front_mu,-,778.733996,1.0499999523162842,1.6342999935150146
front_mu,-,778.832996,1.0499999523162842,1.6342999935150146
front_mu,-,778.931996,1.0499999523162842,1.6342999935150146
front_mu,-,779.030996,1.0499999523162842,1.6342999935150146
front_mu,-,779.129996,1.0499999523162842,1.6342999935150146
front_mu,-,779.228996,1.0499999523162842,1.6342999935150146
front_mu,-,779.327996,1.0499999523162842,1.6342999935150146
front_mu,-,779.459996,1.0499999523162842,1.6342999935150146
front_mu,-,779.591996,1.0499999523162842,1.6342999935150146
front_mu,-,779.723996,1.0499999523162842,1.6342999935150146
front_mu,-,779.855996,1.0499999523162842,1.6342999935150146
front_mu,-,779.987996,1.0499999523162842,1.6342999935150146
front_mu,-,780.119996,1.0499999523162842,1.6342999935150146
front_mu,-,780.185996,1.0499999523162842,1.6342999935150146
front_mu,-,780.317996,1.0499999523162842,1.6342999935150146
front_mu,-,780.383996,1.0499999523162842,1.6342999935150146
front_mu,-,780.515996,1.0499999523162842,1.6342999935150146
front_mu,-,780.581996,1.0499999523162842,1.6342999935150146
front_mu,-,780.713996,1.0499999523162842,1.6342999935150146
front_mu,-,780.779996,1.0499999523162842,1.6342999935150146
front_mu,-,780.911996,1.0499999523162842,1.6342999935150146
front_mu,-,781.043996,1.0499999523162842,1.6342999935150146
front_mu,-,781.175996,1.0499999523162842,1.6342999935150146
front_mu,-,781.307996,1.0499999523162842,1.6342999935150146
front_mu,-,781.439996,1.0499999523162842,1.6342999935150146
front_mu,-,781.505996,1.0499999523162842,1.6342999935150146
front_mu,-,781.637996,1.0499999523162842,1.6342999935150146
front_mu,-,781.703996,1.0499999523162842,1.6342999935150146
front_mu,-,781.835996,1.0499999523162842,1.6342999935150146
front_mu,-,781.901996,1.0499999523162842,1.6342999935150146
front_mu,-,782.033996,1.0499999523162842,1.6342999935150146
front_mu,-,782.099996,1.0499999523162842,1.6342999935150146
front_mu,-,782.231996,1.0499999523162842,1.6342999935150146
front_mu,-,782.363996,1.0499999523162842,1.6342999935150146
front_mu,-,782.495996,1.0499999523162842,1.6342999935150146
front_mu,-,782.627996,1.0499999523162842,1.6342999935150146
front_mu,-,782.759996,1.0499999523162842,1.6342999935150146
front_mu,-,782.825996,1.0499999523162842,1.6342999935150146
front_mu,-,782.957996,1.0499999523162842,1.6342999935150146
front_mu,-,783.023996,1.0499999523162842,1.6342999935150146
front_mu,-,783.155996,1.0499999523162842,1.6342999935150146
front_mu,-,783.221996,1.0499999523162842,1.6342999935150146
front_mu,-,783.353996,1.0499999523162842,1.6342999935150146
front_mu,-,783.485996,1.0499999523162842,1.6342999935150146
front_mu,-,783.617996,1.0499999523162842,1.6342999935150146
front_mu,-,783.749996,1.0499999523162842,1.6342999935150146
front_mu,-,783.881996,1.0499999523162842,1.6342999935150146
front_mu,-,784.013996,1.0499999523162842,1.6342999935150146
front_mu,-,784.112996,1.0499999523162842,1.6342999935150146
front_mu,-,784.211996,1.0499999523162842,1.6342999935150146
front_mu,-,784.310996,1.0499999523162842,1.6342999935150146
front_mu,-,784.409996,1.0499999523162842,1.6342999935150146
front_mu,-,784.508996,1.0499999523162842,1.6342999935150146
front_mu,-,784.607996,1.0499999523162842,1.6342999935150146
front_mu,-,784.706996,1.0499999523162842,1.6342999935150146
front_mu,-,784.805996,1.0499999523162842,1.6342999935150146
front_mu,-,784.937996,1.0499999523162842,1.6342999935150146
front_mu,-,785.069996,1.0499999523162842,1.6342999935150146
front_mu,-,785.201996,1.0499999523162842,1.6342999935150146
front_mu,-,785.333996,1.0499999523162842,1.6342999935150146
front_mu,-,785.432996,1.0499999523162842,1.6342999935150146
front_mu,-,785.531996,1.0499999523162842,1.6342999935150146
front_mu,-,785.630996,1.0499999523162842,1.6342999935150146
front_mu,-,785.729996,1.0499999523162842,1.6342999935150146
front_mu,-,785.828996,1.0499999523162842,1.6342999935150146
front_mu,-,785.927996,1.0499999523162842,1.6342999935150146
front_mu,-,786.059996,1.0499999523162842,1.6342999935150146
front_mu,-,786.191996,1.0499999523162842,1.6342999935150146
front_mu,-,786.323996,1.0499999523162842,1.6342999935150146
front_mu,-,786.455996,1.0499999523162842,1.6342999935150146
front_mu,-,786.587996,1.0499999523162842,1.6342999935150146
front_mu,-,786.719996,1.0499999523162842,1.6342999935150146
front_mu,-,786.785996,1.0499999523162842,1.6342999935150146
front_mu,-,786.917996,1.0499999523162842,1.6342999935150146
front_mu,-,786.983996,1.0499999523162842,1.6342999935150146
front_mu,-,787.115996,1.0499999523162842,1.6342999935150146
front_mu,-,787.181996,1.0499999523162842,1.6342999935150146
front_mu,-,787.313996,1.0499999523162842,1.6342999935150146
front_mu,-,787.445996,1.0499999523162842,1.6342999935150146
front_mu,-,787.577996,1.0499999523162842,1.6342999935150146
front_mu,-,787.709996,1.0499999523162842,1.6342999935150146
front_mu,-,787.841996,1.0499999523162842,1.6342999935150146
front_mu,-,787.973996,1.0499999523162842,1.6342999935150146
front_mu,-,788.072996,1.0499999523162842,1.6342999935150146
front_mu,-,788.171996,1.0499999523162842,1.6342999935150146
front_mu,-,788.270996,1.0499999523162842,1.6342999935150146
front_mu,-,788.369996,1.0499999523162842,1.6342999935150146
front_mu,-,788.468996,1.0499999523162842,1.6342999935150146
front_mu,-,788.567996,1.0499999523162842,1.6342999935150146
front_mu,-,788.699996,1.0499999523162842,1.6342999935150146
front_mu,-,788.831996,1.0499999523162842,1.6342999935150146
front_mu,-,788.963996,1.0499999523162842,1.6342999935150146
front_mu,-,789.095996,1.0499999523162842,1.6342999935150146
front_mu,-,789.227996,1.0499999523162842,1.6342999935150146
front_mu,-,789.359996,1.0499999523162842,1.6342999935150146
front_mu,-,789.425996,1.0499999523162842,1.6342999935150146
front_mu,-,789.557996,1.0499999523162842,1.6342999935150146
front_mu,-,789.623996,1.0499999523162842,1.6342999935150146
front_mu,-,789.755996,1.0499999523162842,1.6342999935150146
front_mu,-,789.821996,1.0499999523162842,1.6342999935150146
front_mu,-,789.953996,1.0499999523162842,1.6342999935150146
front_mu,-,790.085996,1.0499999523162842,1.6342999935150146
front_mu,-,790.217996,1.0499999523162842,1.6342999935150146
front_mu,-,790.349996,1.0499999523162842,1.6342999935150146
front_mu,-,790.481996,1.0499999523162842,1.6342999935150146
front_mu,-,790.613996,1.0499999523162842,1.6342999935150146
front_mu,-,790.712996,1.0499999523162842,1.6342999935150146
front_mu,-,790.811996,1.0499999523162842,1.6342999935150146
front_mu,-,790.910996,1.0499999523162842,1.6342999935150146
front_mu,-,791.009996,1.0499999523162842,1.6342999935150146
front_mu,-,791.141996,1.0499999523162842,1.6342999935150146
front_mu,-,791.273996,1.0499999523162842,1.6342999935150146
front_mu,-,791.339996,1.0499999523162842,1.6342999935150146
front_mu,-,791.471996,1.0499999523162842,1.6342999935150146
front_mu,-,791.603996,1.0499999523162842,1.6342999935150146
front_mu,-,791.735996,1.0499999523162842,1.6342999935150146
front_mu,-,791.867996,1.0499999523162842,1.6342999935150146
front_mu,-,791.999996,1.0499999523162842,1.6342999935150146
front_mu,-,792.065996,1.0499999523162842,1.6342999935150146
front_mu,-,792.197996,1.0499999523162842,1.6342999935150146
front_mu,-,792.263996,1.0499999523162842,1.6342999935150146
front_mu,-,792.395996,1.0499999523162842,1.6342999935150146
front_mu,-,792.461996,1.0499999523162842,1.6342999935150146
front_mu,-,792.593996,1.0499999523162842,1.6342999935150146
front_mu,-,792.659996,1.0499999523162842,1.6342999935150146
front_mu,-,792.791996,1.0499999523162842,1.6342999935150146
front_mu,-,792.923996,1.0499999523162842,1.6342999935150146
front_mu,-,793.055996,1.0499999523162842,1.6342999935150146
front_mu,-,793.187996,1.0499999523162842,1.6342999935150146
front_mu,-,793.319996,1.0499999523162842,1.6342999935150146
front_mu,-,793.385996,1.0499999523162842,1.6342999935150146
front_mu,-,793.517996,1.0499999523162842,1.6342999935150146
front_mu,-,793.583996,1.0499999523162842,1.6342999935150146
front_mu,-,793.715996,1.0499999523162842,1.6342999935150146
front_mu,-,793.781996,1.0499999523162842,1.6342999935150146
front_mu,-,793.913996,1.0499999523162842,1.6342999935150146
front_mu,-,794.045996,1.0499999523162842,1.6342999935150146
front_mu,-,794.177996,1.0499999523162842,1.6342999935150146
front_mu,-,794.309996,1.0499999523162842,1.6342999935150146
front_mu,-,794.441996,1.0499999523162842,1.6342999935150146
front_mu,-,794.573996,1.0499999523162842,1.6342999935150146
front_mu,-,794.672996,1.0499999523162842,1.6342999935150146
front_mu,-,794.771996,1.0499999523162842,1.6342999935150146
front_mu,-,794.870996,1.0499999523162842,1.6342999935150146
front_mu,-,794.969996,1.0499999523162842,1.6342999935150146
front_mu,-,795.068996,1.0499999523162842,1.6342999935150146
front_mu,-,795.167996,1.0499999523162842,1.6342999935150146
front_mu,-,795.266996,1.0499999523162842,1.6342999935150146
front_mu,-,795.365996,1.0499999523162842,1.6342999935150146
front_mu,-,795.497996,1.0499999523162842,1.6342999935150146
front_mu,-,795.629996,1.0499999523162842,1.6342999935150146
front_mu,-,795.761996,1.0499999523162842,1.6342999935150146
front_mu,-,795.893996,1.0499999523162842,1.6342999935150146
front_mu,-,795.992996,1.0499999523162842,1.6342999935150146
front_mu,-,796.091996,1.0499999523162842,1.6342999935150146
front_mu,-,796.190996,1.0499999523162842,1.6342999935150146
front_mu,-,796.289996,1.0499999523162842,1.6342999935150146
front_mu,-,796.388996,1.0499999523162842,1.6342999935150146
front_mu,-,796.487996,1.0499999523162842,1.6342999935150146
front_mu,-,796.586996,1.0499999523162842,1.6342999935150146
front_mu,-,796.685996,1.0499999523162842,1.6342999935150146
front_mu,-,796.817996,1.0499999523162842,1.6342999935150146
front_mu,-,796.949996,1.0499999523162842,1.6342999935150146
front_mu,-,797.081996,1.0499999523162842,1.6342999935150146
front_mu,-,797.213996,1.0499999523162842,1.6342999935150146
front_mu,-,797.312996,1.0499999523162842,1.6342999935150146
front_mu,-,797.411996,1.0499999523162842,1.6342999935150146
front_mu,-,797.510996,1.0499999523162842,1.6342999935150146
front_mu,-,797.609996,1.0499999523162842,1.6342999935150146
front_mu,-,797.708996,1.0499999523162842,1.6342999935150146
front_mu,-,797.807996,1.0499999523162842,1.6342999935150146
front_mu,-,797.906996,1.0499999523162842,1.6342999935150146
front_mu,-,798.005996,1.0499999523162842,1.6342999935150146
front_mu,-,798.137996,1.0499999523162842,1.6342999935150146
front_mu,-,798.269996,1.0499999523162842,1.6342999935150146
front_mu,-,798.401996,1.0499999523162842,1.6342999935150146
front_mu,-,798.533996,1.0499999523162842,1.6342999935150146
front_mu,-,798.632996,1.0499999523162842,1.6342999935150146
front_mu,-,798.731996,1.0499999523162842,1.6342999935150146
front_mu,-,798.830996,1.0499999523162842,1.6342999935150146
front_mu,-,798.929996,1.0499999523162842,1.6342999935150146
front_mu,-,799.028996,1.0499999523162842,1.6342999935150146
front_mu,-,799.127996,1.0499999523162842,1.6342999935150146
front_mu,-,799.259996,1.0499999523162842,1.6342999935150146
front_mu,-,799.391996,1.0499999523162842,1.6342999935150146
front_mu,-,799.523996,1.0499999523162842,1.6342999935150146
front_mu,-,799.655996,1.0499999523162842,1.6342999935150146
front_mu,-,799.787996,1.0499999523162842,1.6342999935150146
front_mu,-,799.919996,1.0499999523162842,1.6342999935150146
front_mu,-,799.985996,1.0499999523162842,1.6342999935150146
front_mu,-,800.117996,1.0499999523162842,1.6342999935150146
front_mu,-,800.183996,1.0499999523162842,1.6342999935150146
front_mu,-,800.315996,1.0499999523162842,1.6342999935150146
front_mu,-,800.381996,1.0499999523162842,1.6342999935150146
front_mu,-,800.513996,1.0499999523162842,1.6342999935150146
front_mu,-,800.579996,1.0499999523162842,1.6342999935150146
front_mu,-,800.711996,1.0499999523162842,1.6342999935150146
front_mu,-,800.843996,1.0499999523162842,1.6342999935150146
front_mu,-,800.975996,1.0499999523162842,1.6342999935150146
front_mu,-,801.107996,1.0499999523162842,1.6342999935150146
front_mu,-,801.239996,1.0499999523162842,1.6342999935150146
front_mu,-,801.305996,1.0499999523162842,1.6342999935150146
front_mu,-,801.437996,1.0499999523162842,1.6342999935150146
front_mu,-,801.503996,1.0499999523162842,1.6342999935150146
front_mu,-,801.635996,1.0499999523162842,1.6342999935150146
front_mu,-,801.701996,1.0499999523162842,1.6342999935150146
front_mu,-,801.833996,1.0499999523162842,1.6342999935150146
front_mu,-,801.965996,1.0499999523162842,1.6342999935150146
front_mu,-,802.097996,1.0499999523162842,1.6342999935150146
front_mu,-,802.229996,1.0499999523162842,1.6342999935150146
front_mu,-,802.361996,1.0499999523162842,1.6342999935150146
front_mu,-,802.493996,1.0499999523162842,1.6342999935150146
front_mu,-,802.592996,1.0499999523162842,1.6342999935150146
front_mu,-,802.691996,1.0499999523162842,1.6342999935150146
front_mu,-,802.790996,1.0499999523162842,1.6342999935150146
front_mu,-,802.889996,1.0499999523162842,1.6342999935150146
front_mu,-,802.988996,1.0499999523162842,1.6342999935150146
front_mu,-,803.087996,1.0499999523162842,1.6342999935150146
front_mu,-,803.219996,1.0499999523162842,1.6342999935150146
front_mu,-,803.351996,1.0499999523162842,1.6342999935150146
front_mu,-,803.483996,1.0499999523162842,1.6342999935150146
front_mu,-,803.615996,1.0499999523162842,1.6342999935150146
front_mu,-,803.747996,1.0499999523162842,1.6342999935150146
front_mu,-,803.879996,1.0499999523162842,1.6342999935150146
front_mu,-,803.945996,1.0499999523162842,1.6342999935150146
front_mu,-,804.077996,1.0499999523162842,1.6342999935150146
front_mu,-,804.143996,1.0499999523162842,1.6342999935150146
front_mu,-,804.275996,1.0499999523162842,1.6342999935150146
front_mu,-,804.341996,1.0499999523162842,1.6342999935150146
front_mu,-,804.473996,1.0499999523162842,1.6342999935150146
front_mu,-,804.539996,1.0499999523162842,1.6342999935150146
front_mu,-,804.671996,1.0499999523162842,1.6342999935150146
front_mu,-,804.803996,1.0499999523162842,1.6342999935150146
front_mu,-,804.935996,1.0499999523162842,1.6342999935150146
front_mu,-,805.067996,1.0499999523162842,1.6342999935150146
front_mu,-,805.199996,1.0499999523162842,1.6342999935150146
front_mu,-,805.265996,1.0499999523162842,1.6342999935150146
front_mu,-,805.397996,1.0499999523162842,1.6342999935150146
front_mu,-,805.463996,1.0499999523162842,1.6342999935150146
front_mu,-,805.595996,1.0499999523162842,1.6342999935150146
front_mu,-,805.661996,1.0499999523162842,1.6342999935150146
front_mu,-,805.793996,1.0499999523162842,1.6342999935150146
front_mu,-,805.925996,1.0499999523162842,1.6342999935150146
front_mu,-,806.057996,1.0499999523162842,1.6342999935150146
front_mu,-,806.189996,1.0499999523162842,1.6342999935150146
front_mu,-,806.321996,1.0499999523162842,1.6342999935150146
front_mu,-,806.453996,1.0499999523162842,1.6342999935150146
front_mu,-,806.552996,1.0499999523162842,1.6342999935150146
front_mu,-,806.651996,1.0499999523162842,1.6342999935150146
front_mu,-,806.750996,1.0499999523162842,1.6342999935150146
front_mu,-,806.849996,1.0499999523162842,1.6342999935150146
front_mu,-,806.981996,1.0499999523162842,1.6342999935150146
front_mu,-,807.113996,1.0499999523162842,1.6342999935150146
front_mu,-,807.245996,1.0499999523162842,1.6342999935150146
front_mu,-,807.377996,1.0499999523162842,1.6342999935150146
front_mu,-,807.509996,1.0499999523162842,1.6342999935150146
front_mu,-,807.641996,1.0499999523162842,1.6342999935150146
front_mu,-,807.773996,1.0499999523162842,1.6342999935150146
front_mu,-,807.872996,1.0499999523162842,1.6342999935150146
front_mu,-,807.971996,1.0499999523162842,1.6342999935150146
front_mu,-,808.070996,1.0499999523162842,1.6342999935150146
front_mu,-,808.169996,1.0499999523162842,1.6342999935150146
front_mu,-,808.268996,1.0499999523162842,1.6342999935150146
front_mu,-,808.367996,1.0499999523162842,1.6342999935150146
front_mu,-,808.466996,1.0499999523162842,1.6342999935150146
front_mu,-,808.565996,1.0499999523162842,1.6342999935150146
front_mu,-,808.664996,1.0499999523162842,1.6342999935150146
front_mu,-,808.763996,1.0499999523162842,1.6342999935150146
front_mu,-,808.895996,1.0499999523162842,1.6342999935150146
front_mu,-,809.027996,1.0499999523162842,1.6342999935150146
front_mu,-,809.159996,1.0499999523162842,1.6342999935150146
front_mu,-,809.225996,1.0499999523162842,1.6342999935150146
front_mu,-,809.357996,1.0499999523162842,1.6342999935150146
front_mu,-,809.423996,1.0499999523162842,1.6342999935150146
front_mu,-,809.555996,1.0499999523162842,1.6342999935150146
front_mu,-,809.621996,1.0499999523162842,1.6342999935150146
front_mu,-,809.753996,1.0499999523162842,1.6342999935150146
front_mu,-,809.819996,1.0499999523162842,1.6342999935150146
front_mu,-,809.951996,1.0499999523162842,1.6342999935150146
front_mu,-,810.083996,1.0499999523162842,1.6342999935150146
front_mu,-,810.215996,1.0499999523162842,1.6342999935150146
front_mu,-,810.347996,1.0499999523162842,1.6342999935150146
front_mu,-,810.479996,1.0499999523162842,1.6342999935150146
front_mu,-,810.545996,1.0499999523162842,1.6342999935150146
front_mu,-,810.677996,1.0499999523162842,1.6342999935150146
front_mu,-,810.743996,1.0499999523162842,1.6342999935150146
front_mu,-,810.875996,1.0499999523162842,1.6342999935150146
front_mu,-,810.941996,1.0499999523162842,1.6342999935150146
front_mu,-,811.073996,1.0499999523162842,1.6342999935150146
front_mu,-,811.139996,1.0499999523162842,1.6342999935150146
front_mu,-,811.271996,1.0499999523162842,1.6342999935150146
front_mu,-,811.403996,1.0499999523162842,1.6342999935150146
front_mu,-,811.535996,1.0499999523162842,1.6342999935150146
front_mu,-,811.667996,1.0499999523162842,1.6342999935150146
front_mu,-,811.799996,1.0499999523162842,1.6342999935150146
front_mu,-,811.865996,1.0499999523162842,1.6342999935150146
front_mu,-,811.997996,1.0499999523162842,1.6342999935150146
front_mu,-,812.063996,1.0499999523162842,1.6342999935150146
front_mu,-,812.195996,1.0499999523162842,1.6342999935150146
front_mu,-,812.261996,1.0499999523162842,1.6342999935150146
front_mu,-,812.393996,1.0499999523162842,1.6342999935150146
front_mu,-,812.459996,1.0499999523162842,1.6342999935150146
front_mu,-,812.591996,1.0499999523162842,1.6342999935150146
front_mu,-,812.723996,1.0499999523162842,1.6342999935150146
front_mu,-,812.855996,1.0499999523162842,1.6342999935150146
front_mu,-,812.987996,1.0499999523162842,1.6342999935150146
front_mu,-,813.119996,1.0499999523162842,1.6342999935150146
front_mu,-,813.185996,1.0499999523162842,1.6342999935150146
front_mu,-,813.317996,1.0499999523162842,1.6342999935150146
front_mu,-,813.383996,1.0499999523162842,1.6342999935150146
front_mu,-,813.515996,1.0499999523162842,1.6342999935150146
front_mu,-,813.581995,1.0499999523162842,1.6342999935150146
front_mu,-,813.713996,1.0499999523162842,1.6342999935150146
front_mu,-,813.779996,1.0499999523162842,1.6342999935150146
front_mu,-,813.911996,1.0499999523162842,1.6342999935150146
front_mu,-,814.043996,1.0499999523162842,1.6342999935150146
front_mu,-,814.175996,1.0499999523162842,1.6342999935150146
front_mu,-,814.307996,1.0499999523162842,1.6342999935150146
front_mu,-,814.439996,1.0499999523162842,1.6342999935150146
front_mu,-,814.505996,1.0499999523162842,1.6342999935150146
front_mu,-,814.637995,1.0499999523162842,1.6342999935150146
front_mu,-,814.703996,1.0499999523162842,1.6342999935150146
front_mu,-,814.835996,1.0499999523162842,1.6342999935150146
front_mu,-,814.901996,1.0499999523162842,1.6342999935150146
front_mu,-,815.033996,1.0499999523162842,1.6342999935150146
front_mu,-,815.165996,1.0499999523162842,1.6342999935150146
front_mu,-,815.297996,1.0499999523162842,1.6342999935150146
front_mu,-,815.429996,1.0499999523162842,1.6342999935150146
front_mu,-,815.561996,1.0499999523162842,1.6342999935150146
front_mu,-,815.693995,1.0499999523162842,1.6342999935150146
front_mu,-,815.792996,1.0499999523162842,1.6342999935150146
front_mu,-,815.891996,1.0499999523162842,1.6342999935150146
front_mu,-,815.990996,1.0499999523162842,1.6342999935150146
front_mu,-,816.089996,1.0499999523162842,1.6342999935150146
front_mu,-,816.188996,1.0499999523162842,1.6342999935150146
front_mu,-,816.287996,1.0499999523162842,1.6342999935150146
front_mu,-,816.419996,1.0499999523162842,1.6342999935150146
front_mu,-,816.551996,1.0499999523162842,1.6342999935150146
front_mu,-,816.683995,1.0499999523162842,1.6342999935150146
front_mu,-,816.815996,1.0499999523162842,1.6342999935150146
front_mu,-,816.947996,1.0499999523162842,1.6342999935150146
front_mu,-,817.112996,1.0499999523162842,1.6342999935150146
front_mu,-,817.211996,1.0499999523162842,1.6342999935150146
front_mu,-,817.310996,1.0499999523162842,1.6342999935150146
front_mu,-,817.409996,1.0499999523162842,1.6342999935150146
front_mu,-,817.508996,1.0499999523162842,1.6342999935150146
front_mu,-,817.607996,1.0499999523162842,1.6342999935150146
front_mu,-,817.706995,1.0499999523162842,1.6342999935150146
front_mu,-,817.805995,1.0499999523162842,1.6342999935150146
front_mu,-,817.937996,1.0499999523162842,1.6342999935150146
front_mu,-,818.069996,1.0499999523162842,1.6342999935150146
front_mu,-,818.201996,1.0499999523162842,1.6342999935150146
front_mu,-,818.333996,1.0499999523162842,1.6342999935150146
front_mu,-,818.432996,1.0499999523162842,1.6342999935150146
front_mu,-,818.531996,1.0499999523162842,1.6342999935150146
front_mu,-,818.630996,1.0499999523162842,1.6342999935150146
front_mu,-,818.729995,1.0499999523162842,1.6342999935150146
front_mu,-,818.828995,1.0499999523162842,1.6342999935150146
front_mu,-,818.927996,1.0499999523162842,1.6342999935150146
front_mu,-,819.059996,1.0499999523162842,1.6342999935150146
front_mu,-,819.191996,1.0499999523162842,1.6342999935150146
front_mu,-,819.323996,1.0499999523162842,1.6342999935150146
front_mu,-,819.455996,1.0499999523162842,1.6342999935150146
front_mu,-,819.587996,1.0499999523162842,1.6342999935150146
front_mu,-,819.719995,1.0499999523162842,1.6342999935150146
front_mu,-,819.785995,1.0499999523162842,1.6342999935150146
front_mu,-,819.917995,1.0499999523162842,1.6342999935150146
front_mu,-,819.983996,1.0499999523162842,1.6342999935150146
front_mu,-,820.115996,1.0499999523162842,1.6342999935150146
front_mu,-,820.181996,1.0499999523162842,1.6342999935150146
front_mu,-,820.313996,1.0499999523162842,1.6342999935150146
front_mu,-,820.379996,1.0499999523162842,1.6342999935150146
front_mu,-,820.511996,1.0499999523162842,1.6342999935150146
front_mu,-,820.643996,1.0499999523162842,1.6342999935150146
front_mu,-,820.775995,1.0499999523162842,1.6342999935150146
front_mu,-,820.907995,1.0499999523162842,1.6342999935150146
front_mu,-,821.039996,1.0499999523162842,1.6342999935150146
front_mu,-,821.105996,1.0499999523162842,1.6342999935150146
front_mu,-,821.237996,1.0499999523162842,1.6342999935150146
front_mu,-,821.303996,1.0499999523162842,1.6342999935150146
front_mu,-,821.435996,1.0499999523162842,1.6342999935150146
front_mu,-,821.501996,1.0499999523162842,1.6342999935150146
front_mu,-,821.633996,1.0499999523162842,1.6342999935150146
front_mu,-,821.699996,1.0499999523162842,1.6342999935150146
front_mu,-,821.831995,1.0499999523162842,1.6342999935150146
front_mu,-,821.963995,1.0499999523162842,1.6342999935150146
front_mu,-,822.095996,1.0499999523162842,1.6342999935150146
front_mu,-,822.227996,1.0499999523162842,1.6342999935150146
front_mu,-,822.359996,1.0499999523162842,1.6342999935150146
front_mu,-,822.425996,1.0499999523162842,1.6342999935150146
front_mu,-,822.557996,1.0499999523162842,1.6342999935150146
front_mu,-,822.623996,1.0499999523162842,1.6342999935150146
front_mu,-,822.755996,1.0499999523162842,1.6342999935150146
front_mu,-,822.821995,1.0499999523162842,1.6342999935150146
front_mu,-,822.953995,1.0499999523162842,1.6342999935150146
front_mu,-,823.019995,1.0499999523162842,1.6342999935150146
front_mu,-,823.151996,1.0499999523162842,1.6342999935150146
front_mu,-,823.283996,1.0499999523162842,1.6342999935150146
front_mu,-,823.415996,1.0499999523162842,1.6342999935150146
front_mu,-,823.547996,1.0499999523162842,1.6342999935150146
front_mu,-,823.679996,1.0499999523162842,1.6342999935150146
front_mu,-,823.745996,1.0499999523162842,1.6342999935150146
front_mu,-,823.877995,1.0499999523162842,1.6342999935150146
front_mu,-,823.943995,1.0499999523162842,1.6342999935150146
front_mu,-,824.075995,1.0499999523162842,1.6342999935150146
front_mu,-,824.141995,1.0499999523162842,1.6342999935150146
front_mu,-,824.273996,1.0499999523162842,1.6342999935150146
front_mu,-,824.339996,1.0499999523162842,1.6342999935150146
front_mu,-,824.471996,1.0499999523162842,1.6342999935150146
front_mu,-,824.603996,1.0499999523162842,1.6342999935150146
front_mu,-,824.735996,1.0499999523162842,1.6342999935150146
front_mu,-,824.867996,1.0499999523162842,1.6342999935150146
front_mu,-,824.999995,1.0499999523162842,1.6342999935150146
front_mu,-,825.065995,1.0499999523162842,1.6342999935150146
front_mu,-,825.197995,1.0499999523162842,1.6342999935150146
front_mu,-,825.263996,1.0499999523162842,1.6342999935150146
front_mu,-,825.395996,1.0499999523162842,1.6342999935150146
front_mu,-,825.461996,1.0499999523162842,1.6342999935150146
front_mu,-,825.593996,1.0499999523162842,1.6342999935150146
front_mu,-,825.659996,1.0499999523162842,1.6342999935150146
front_mu,-,825.791996,1.0499999523162842,1.6342999935150146
front_mu,-,825.923995,1.0499999523162842,1.6342999935150146
front_mu,-,826.055995,1.0499999523162842,1.6342999935150146
front_mu,-,826.187995,1.0499999523162842,1.6342999935150146
front_mu,-,826.319996,1.0499999523162842,1.6342999935150146
front_mu,-,826.385996,1.0499999523162842,1.6342999935150146
front_mu,-,826.517996,1.0499999523162842,1.6342999935150146
front_mu,-,826.583996,1.0499999523162842,1.6342999935150146
front_mu,-,826.715996,1.0499999523162842,1.6342999935150146
front_mu,-,826.781996,1.0499999523162842,1.6342999935150146
front_mu,-,826.913996,1.0499999523162842,1.6342999935150146
front_mu,-,827.045995,1.0499999523162842,1.6342999935150146
front_mu,-,827.177995,1.0499999523162842,1.6342999935150146
front_mu,-,827.309995,1.0499999523162842,1.6342999935150146
front_mu,-,827.441996,1.0499999523162842,1.6342999935150146
front_mu,-,827.573996,1.0499999523162842,1.6342999935150146
front_mu,-,827.672996,1.0499999523162842,1.6342999935150146
front_mu,-,827.771996,1.0499999523162842,1.6342999935150146
front_mu,-,827.870996,1.0499999523162842,1.6342999935150146
front_mu,-,827.969995,1.0499999523162842,1.6342999935150146
front_mu,-,828.068995,1.0499999523162842,1.6342999935150146
front_mu,-,828.167995,1.0499999523162842,1.6342999935150146
front_mu,-,828.299995,1.0499999523162842,1.6342999935150146
front_mu,-,828.431996,1.0499999523162842,1.6342999935150146
front_mu,-,828.563996,1.0499999523162842,1.6342999935150146
front_mu,-,828.695996,1.0499999523162842,1.6342999935150146
front_mu,-,828.827996,1.0499999523162842,1.6342999935150146
front_mu,-,828.959996,1.0499999523162842,1.6342999935150146
front_mu,-,829.025995,1.0499999523162842,1.6342999935150146
front_mu,-,829.157995,1.0499999523162842,1.6342999935150146
front_mu,-,829.223995,1.0499999523162842,1.6342999935150146
front_mu,-,829.355995,1.0499999523162842,1.6342999935150146
front_mu,-,829.421995,1.0499999523162842,1.6342999935150146
front_mu,-,829.553996,1.0499999523162842,1.6342999935150146
front_mu,-,829.619996,1.0499999523162842,1.6342999935150146
front_mu,-,829.751996,1.0499999523162842,1.6342999935150146
front_mu,-,829.883996,1.0499999523162842,1.6342999935150146
front_mu,-,830.015996,1.0499999523162842,1.6342999935150146
front_mu,-,830.147995,1.0499999523162842,1.6342999935150146
front_mu,-,830.279995,1.0499999523162842,1.6342999935150146
front_mu,-,830.345995,1.0499999523162842,1.6342999935150146
front_mu,-,830.477995,1.0499999523162842,1.6342999935150146
front_mu,-,830.543996,1.0499999523162842,1.6342999935150146
front_mu,-,830.675996,1.0499999523162842,1.6342999935150146
front_mu,-,830.741996,1.0499999523162842,1.6342999935150146
front_mu,-,830.873996,1.0499999523162842,1.6342999935150146
front_mu,-,831.005996,1.0499999523162842,1.6342999935150146
front_mu,-,831.137995,1.0499999523162842,1.6342999935150146
front_mu,-,831.269995,1.0499999523162842,1.6342999935150146
front_mu,-,831.401995,1.0499999523162842,1.6342999935150146
front_mu,-,831.533995,1.0499999523162842,1.6342999935150146
front_mu,-,831.632996,1.0499999523162842,1.6342999935150146
front_mu,-,831.731996,1.0499999523162842,1.6342999935150146
front_mu,-,831.830996,1.0499999523162842,1.6342999935150146
front_mu,-,831.929996,1.0499999523162842,1.6342999935150146
front_mu,-,832.028996,1.0499999523162842,1.6342999935150146
front_mu,-,832.127995,1.0499999523162842,1.6342999935150146
front_mu,-,832.259995,1.0499999523162842,1.6342999935150146
front_mu,-,832.391995,1.0499999523162842,1.6342999935150146
front_mu,-,832.523995,1.0499999523162842,1.6342999935150146
front_mu,-,832.655996,1.0499999523162842,1.6342999935150146
front_mu,-,832.787996,1.0499999523162842,1.6342999935150146
front_mu,-,832.919996,1.0499999523162842,1.6342999935150146
front_mu,-,832.985996,1.0499999523162842,1.6342999935150146
front_mu,-,833.117996,1.0499999523162842,1.6342999935150146
front_mu,-,833.183995,1.0499999523162842,1.6342999935150146
front_mu,-,833.315995,1.0499999523162842,1.6342999935150146
front_mu,-,833.381995,1.0499999523162842,1.6342999935150146
front_mu,-,833.513995,1.0499999523162842,1.6342999935150146
front_mu,-,833.645995,1.0499999523162842,1.6342999935150146
front_mu,-,833.777996,1.0499999523162842,1.6342999935150146
front_mu,-,833.909996,1.0499999523162842,1.6342999935150146
front_mu,-,834.041996,1.0499999523162842,1.6342999935150146
front_mu,-,834.173995,1.0499999523162842,1.6342999935150146
front_mu,-,834.272995,1.0499999523162842,1.6342999935150146
front_mu,-,834.371995,1.0499999523162842,1.6342999935150146
front_mu,-,834.470995,1.0499999523162842,1.6342999935150146
front_mu,-,834.569995,1.0499999523162842,1.6342999935150146
front_mu,-,834.668995,1.0499999523162842,1.6342999935150146
front_mu,-,834.767996,1.0499999523162842,1.6342999935150146
front_mu,-,834.899996,1.0499999523162842,1.6342999935150146
front_mu,-,835.031996,1.0499999523162842,1.6342999935150146
front_mu,-,835.163996,1.0499999523162842,1.6342999935150146
front_mu,-,835.295995,1.0499999523162842,1.6342999935150146
front_mu,-,835.427995,1.0499999523162842,1.6342999935150146
front_mu,-,835.559995,1.0499999523162842,1.6342999935150146
front_mu,-,835.625995,1.0499999523162842,1.6342999935150146
front_mu,-,835.757995,1.0499999523162842,1.6342999935150146
front_mu,-,835.823996,1.0499999523162842,1.6342999935150146
front_mu,-,835.955996,1.0499999523162842,1.6342999935150146
front_mu,-,836.021996,1.0499999523162842,1.6342999935150146
front_mu,-,836.153996,1.0499999523162842,1.6342999935150146
front_mu,-,836.285995,1.0499999523162842,1.6342999935150146
front_mu,-,836.417995,1.0499999523162842,1.6342999935150146
front_mu,-,836.549995,1.0499999523162842,1.6342999935150146
front_mu,-,836.681995,1.0499999523162842,1.6342999935150146
front_mu,-,836.813995,1.0499999523162842,1.6342999935150146
front_mu,-,836.912996,1.0499999523162842,1.6342999935150146
front_mu,-,837.011996,1.0499999523162842,1.6342999935150146
front_mu,-,837.110996,1.0499999523162842,1.6342999935150146
front_mu,-,837.209996,1.0499999523162842,1.6342999935150146
front_mu,-,837.308995,1.0499999523162842,1.6342999935150146
front_mu,-,837.407995,1.0499999523162842,1.6342999935150146
front_mu,-,837.539995,1.0499999523162842,1.6342999935150146
front_mu,-,837.671995,1.0499999523162842,1.6342999935150146
front_mu,-,837.803995,1.0499999523162842,1.6342999935150146
front_mu,-,837.935996,1.0499999523162842,1.6342999935150146
front_mu,-,838.067996,1.0499999523162842,1.6342999935150146
front_mu,-,838.199996,1.0499999523162842,1.6342999935150146
front_mu,-,838.265996,1.0499999523162842,1.6342999935150146
front_mu,-,838.397995,1.0499999523162842,1.6342999935150146
front_mu,-,838.463995,1.0499999523162842,1.6342999935150146
front_mu,-,838.595995,1.0499999523162842,1.6342999935150146
front_mu,-,838.661995,1.0499999523162842,1.6342999935150146
front_mu,-,838.793995,1.0499999523162842,1.6342999935150146
front_mu,-,838.925995,1.0499999523162842,1.6342999935150146
front_mu,-,839.057996,1.0499999523162842,1.6342999935150146
front_mu,-,839.189996,1.0499999523162842,1.6342999935150146
front_mu,-,839.321995,1.0499999523162842,1.6342999935150146
front_mu,-,839.453995,1.0499999523162842,1.6342999935150146
front_mu,-,839.552995,1.0499999523162842,1.6342999935150146
front_mu,-,839.651995,1.0499999523162842,1.6342999935150146
front_mu,-,839.750995,1.0499999523162842,1.6342999935150146
front_mu,-,839.849995,1.0499999523162842,1.6342999935150146
front_mu,-,839.948995,1.0499999523162842,1.6342999935150146
front_mu,-,840.047996,1.0499999523162842,1.6342999935150146
front_mu,-,840.146996,1.0499999523162842,1.6342999935150146
front_mu,-,840.245996,1.0499999523162842,1.6342999935150146
front_mu,-,840.377995,1.0499999523162842,1.6342999935150146
front_mu,-,840.509995,1.0499999523162842,1.6342999935150146
front_mu,-,840.641995,1.0499999523162842,1.6342999935150146
front_mu,-,840.773995,1.0499999523162842,1.6342999935150146
front_mu,-,840.872995,1.0499999523162842,1.6342999935150146
front_mu,-,840.971995,1.0499999523162842,1.6342999935150146
front_mu,-,841.070995,1.0499999523162842,1.6342999935150146
front_mu,-,841.169996,1.0499999523162842,1.6342999935150146
front_mu,-,841.268996,1.0499999523162842,1.6342999935150146
front_mu,-,841.367996,1.0499999523162842,1.6342999935150146
front_mu,-,841.466995,1.0499999523162842,1.6342999935150146
front_mu,-,841.565995,1.0499999523162842,1.6342999935150146
front_mu,-,841.697995,1.0499999523162842,1.6342999935150146
front_mu,-,841.829995,1.0499999523162842,1.6342999935150146
front_mu,-,841.961995,1.0499999523162842,1.6342999935150146
front_mu,-,842.093995,1.0499999523162842,1.6342999935150146
front_mu,-,842.192996,1.0499999523162842,1.6342999935150146
front_mu,-,842.291996,1.0499999523162842,1.6342999935150146
front_mu,-,842.390996,1.0499999523162842,1.6342999935150146
front_mu,-,842.489995,1.0499999523162842,1.6342999935150146
front_mu,-,842.621995,1.0499999523162842,1.6342999935150146
front_mu,-,842.753995,1.0499999523162842,1.6342999935150146
front_mu,-,842.819995,1.0499999523162842,1.6342999935150146
front_mu,-,842.951995,1.0499999523162842,1.6342999935150146
front_mu,-,843.083995,1.0499999523162842,1.6342999935150146
front_mu,-,843.215996,1.0499999523162842,1.6342999935150146
front_mu,-,843.347996,1.0499999523162842,1.6342999935150146
front_mu,-,843.479995,1.0499999523162842,1.6342999935150146
front_mu,-,843.545995,1.0499999523162842,1.6342999935150146
front_mu,-,843.677995,1.0499999523162842,1.6342999935150146
front_mu,-,843.743995,1.0499999523162842,1.6342999935150146
front_mu,-,843.875995,1.0499999523162842,1.6342999935150146
front_mu,-,843.941995,1.0499999523162842,1.6342999935150146
front_mu,-,844.073995,1.0499999523162842,1.6342999935150146
front_mu,-,844.205995,1.0499999523162842,1.6342999935150146
front_mu,-,844.337996,1.0499999523162842,1.6342999935150146
front_mu,-,844.469995,1.0499999523162842,1.6342999935150146
front_mu,-,844.601995,1.0499999523162842,1.6342999935150146
front_mu,-,844.733995,1.0499999523162842,1.6342999935150146
front_mu,-,844.832995,1.0499999523162842,1.6342999935150146
front_mu,-,844.931995,1.0499999523162842,1.6342999935150146
front_mu,-,845.030995,1.0499999523162842,1.6342999935150146
front_mu,-,845.129995,1.0499999523162842,1.6342999935150146
front_mu,-,845.228995,1.0499999523162842,1.6342999935150146
front_mu,-,845.327996,1.0499999523162842,1.6342999935150146
front_mu,-,845.459996,1.0499999523162842,1.6342999935150146
front_mu,-,845.591995,1.0499999523162842,1.6342999935150146
front_mu,-,845.723995,1.0499999523162842,1.6342999935150146
front_mu,-,845.855995,1.0499999523162842,1.6342999935150146
front_mu,-,845.987995,1.0499999523162842,1.6342999935150146
front_mu,-,846.119995,1.0499999523162842,1.6342999935150146
front_mu,-,846.185995,1.0499999523162842,1.6342999935150146
front_mu,-,846.317995,1.0499999523162842,1.6342999935150146
front_mu,-,846.383996,1.0499999523162842,1.6342999935150146
front_mu,-,846.515996,1.0499999523162842,1.6342999935150146
front_mu,-,846.581995,1.0499999523162842,1.6342999935150146
front_mu,-,846.713995,1.0499999523162842,1.6342999935150146
front_mu,-,846.845995,1.0499999523162842,1.6342999935150146
front_mu,-,846.977995,1.0499999523162842,1.6342999935150146
front_mu,-,847.109995,1.0499999523162842,1.6342999935150146
front_mu,-,847.241995,1.0499999523162842,1.6342999935150146
front_mu,-,847.373995,1.0499999523162842,1.6342999935150146
front_mu,-,847.472996,1.0499999523162842,1.6342999935150146
front_mu,-,847.637995,1.0499999523162842,1.6342999935150146
front_mu,-,847.703995,1.0499999523162842,1.6342999935150146
front_mu,-,847.835995,1.0499999523162842,1.6342999935150146
front_mu,-,847.901995,1.0499999523162842,1.6342999935150146
front_mu,-,848.033995,1.0499999523162842,1.6342999935150146
front_mu,-,848.099995,1.0499999523162842,1.6342999935150146
front_mu,-,848.231995,1.0499999523162842,1.6342999935150146
front_mu,-,848.297995,1.0499999523162842,1.6342999935150146
front_mu,-,848.429995,1.0499999523162842,1.6342999935150146
front_mu,-,848.561996,1.0499999523162842,1.6342999935150146
front_mu,-,848.693995,1.0499999523162842,1.6342999935150146
front_mu,-,848.792995,1.0499999523162842,1.6342999935150146
front_mu,-,848.891995,1.0499999523162842,1.6342999935150146
front_mu,-,848.990995,1.0499999523162842,1.6342999935150146
front_mu,-,849.089995,1.0499999523162842,1.6342999935150146
front_mu,-,849.188995,1.0499999523162842,1.6342999935150146
front_mu,-,849.287995,1.0499999523162842,1.6342999935150146
front_mu,-,849.386995,1.0499999523162842,1.6342999935150146
front_mu,-,849.485995,1.0499999523162842,1.6342999935150146
front_mu,-,849.584996,1.0499999523162842,1.6342999935150146
front_mu,-,849.683995,1.0499999523162842,1.6342999935150146
front_mu,-,849.815995,1.0499999523162842,1.6342999935150146
front_mu,-,849.947995,1.0499999523162842,1.6342999935150146
front_mu,-,850.079995,1.0499999523162842,1.6342999935150146
front_mu,-,850.145995,1.0499999523162842,1.6342999935150146
front_mu,-,850.277995,1.0499999523162842,1.6342999935150146
front_mu,-,850.343995,1.0499999523162842,1.6342999935150146
front_mu,-,850.475995,1.0499999523162842,1.6342999935150146
front_mu,-,850.541995,1.0499999523162842,1.6342999935150146
front_mu,-,850.673995,1.0499999523162842,1.6342999935150146
front_mu,-,850.739995,1.0499999523162842,1.6342999935150146
front_mu,-,850.871995,1.0499999523162842,1.6342999935150146
front_mu,-,851.003995,1.0499999523162842,1.6342999935150146
front_mu,-,851.135995,1.0499999523162842,1.6342999935150146
front_mu,-,851.267995,1.0499999523162842,1.6342999935150146
front_mu,-,851.399995,1.0499999523162842,1.6342999935150146
front_mu,-,851.465995,1.0499999523162842,1.6342999935150146
front_mu,-,851.597995,1.0499999523162842,1.6342999935150146
front_mu,-,851.663996,1.0499999523162842,1.6342999935150146
front_mu,-,851.795995,1.0499999523162842,1.6342999935150146
front_mu,-,851.861995,1.0499999523162842,1.6342999935150146
front_mu,-,851.993995,1.0499999523162842,1.6342999935150146
front_mu,-,852.125995,1.0499999523162842,1.6342999935150146
front_mu,-,852.257995,1.0499999523162842,1.6342999935150146
front_mu,-,852.389995,1.0499999523162842,1.6342999935150146
front_mu,-,852.521995,1.0499999523162842,1.6342999935150146
front_mu,-,852.653995,1.0499999523162842,1.6342999935150146
front_mu,-,852.752995,1.0499999523162842,1.6342999935150146
front_mu,-,852.851995,1.0499999523162842,1.6342999935150146
front_mu,-,852.950995,1.0499999523162842,1.6342999935150146
front_mu,-,853.049995,1.0499999523162842,1.6342999935150146
front_mu,-,853.148995,1.0499999523162842,1.6342999935150146
front_mu,-,853.247995,1.0499999523162842,1.6342999935150146
front_mu,-,853.379995,1.0499999523162842,1.6342999935150146
front_mu,-,853.511995,1.0499999523162842,1.6342999935150146
front_mu,-,853.643995,1.0499999523162842,1.6342999935150146
front_mu,-,853.775995,1.0499999523162842,1.6342999935150146
front_mu,-,853.907995,1.0499999523162842,1.6342999935150146
front_mu,-,854.039995,1.0499999523162842,1.6342999935150146
front_mu,-,854.105995,1.0499999523162842,1.6342999935150146
front_mu,-,854.237995,1.0499999523162842,1.6342999935150146
front_mu,-,854.303995,1.0499999523162842,1.6342999935150146
front_mu,-,854.435995,1.0499999523162842,1.6342999935150146
front_mu,-,854.501995,1.0499999523162842,1.6342999935150146
front_mu,-,854.633995,1.0499999523162842,1.6342999935150146
front_mu,-,854.765995,1.0499999523162842,1.6342999935150146
front_mu,-,854.897995,1.0499999523162842,1.6342999935150146
front_mu,-,855.029995,1.0499999523162842,1.6342999935150146
front_mu,-,855.161995,1.0499999523162842,1.6342999935150146
front_mu,-,855.293995,1.0499999523162842,1.6342999935150146
front_mu,-,855.392995,1.0499999523162842,1.6342999935150146
front_mu,-,855.491995,1.0499999523162842,1.6342999935150146
front_mu,-,855.590995,1.0499999523162842,1.6342999935150146
front_mu,-,855.689995,1.0499999523162842,1.6342999935150146
front_mu,-,855.788995,1.0499999523162842,1.6342999935150146
front_mu,-,855.887995,1.0499999523162842,1.6342999935150146
front_mu,-,856.019995,1.0499999523162842,1.6342999935150146
front_mu,-,856.151995,1.0499999523162842,1.6342999935150146
front_mu,-,856.283995,1.0499999523162842,1.6342999935150146
front_mu,-,856.415995,1.0499999523162842,1.6342999935150146
front_mu,-,856.547995,1.0499999523162842,1.6342999935150146
front_mu,-,856.679995,1.0499999523162842,1.6342999935150146
front_mu,-,856.745995,1.0499999523162842,1.6342999935150146
front_mu,-,856.877995,1.0499999523162842,1.6342999935150146
front_mu,-,856.943995,1.0499999523162842,1.6342999935150146
front_mu,-,857.075995,1.0499999523162842,1.6342999935150146
front_mu,-,857.141995,1.0499999523162842,1.6342999935150146
front_mu,-,857.273995,1.0499999523162842,1.6342999935150146
front_mu,-,857.405995,1.0499999523162842,1.6342999935150146
front_mu,-,857.537995,1.0499999523162842,1.6342999935150146
front_mu,-,857.669995,1.0499999523162842,1.6342999935150146
front_mu,-,857.801995,1.0499999523162842,1.6342999935150146
front_mu,-,857.933995,1.0499999523162842,1.6342999935150146
front_mu,-,858.032995,1.0499999523162842,1.6342999935150146
front_mu,-,858.131995,1.0499999523162842,1.6342999935150146
front_mu,-,858.230995,1.0499999523162842,1.6342999935150146
front_mu,-,858.329995,1.0499999523162842,1.6342999935150146
front_mu,-,858.428995,1.0499999523162842,1.6342999935150146
front_mu,-,858.527995,1.0499999523162842,1.6342999935150146
front_mu,-,858.659995,1.0499999523162842,1.6342999935150146
front_mu,-,858.791995,1.0499999523162842,1.6342999935150146
front_mu,-,858.923995,1.0499999523162842,1.6342999935150146
front_mu,-,859.055995,1.0499999523162842,1.6342999935150146
front_mu,-,859.187995,1.0499999523162842,1.6342999935150146
front_mu,-,859.319995,1.0499999523162842,1.6342999935150146
front_mu,-,859.385995,1.0499999523162842,1.6342999935150146
front_mu,-,859.517995,1.0499999523162842,1.6342999935150146
front_mu,-,859.583995,1.0499999523162842,1.6342999935150146
front_mu,-,859.715995,1.0499999523162842,1.6342999935150146
front_mu,-,859.781995,1.0499999523162842,1.6342999935150146
front_mu,-,859.913995,1.0499999523162842,1.6342999935150146
front_mu,-,860.045995,1.0499999523162842,1.6342999935150146
front_mu,-,860.177995,1.0499999523162842,1.6342999935150146
front_mu,-,860.309995,1.0499999523162842,1.6342999935150146
front_mu,-,860.441995,1.0499999523162842,1.6342999935150146
front_mu,-,860.573995,1.0499999523162842,1.6342999935150146
front_mu,-,860.672995,1.0499999523162842,1.6342999935150146
front_mu,-,860.771995,1.0499999523162842,1.6342999935150146
front_mu,-,860.870995,1.0499999523162842,1.6342999935150146
front_mu,-,860.969995,1.0499999523162842,1.6342999935150146
front_mu,-,861.068995,1.0499999523162842,1.6342999935150146
front_mu,-,861.167995,1.0499999523162842,1.6342999935150146
front_mu,-,861.266995,1.0499999523162842,1.6342999935150146
front_mu,-,861.365995,1.0499999523162842,1.6342999935150146
front_mu,-,861.497995,1.0499999523162842,1.6342999935150146
front_mu,-,861.629995,1.0499999523162842,1.6342999935150146
front_mu,-,861.761995,1.0499999523162842,1.6342999935150146
front_mu,-,861.893995,1.0499999523162842,1.6342999935150146
front_mu,-,861.992995,1.0499999523162842,1.6342999935150146
front_mu,-,862.091995,1.0499999523162842,1.6342999935150146
front_mu,-,862.190995,1.0499999523162842,1.6342999935150146
front_mu,-,862.289995,1.0499999523162842,1.6342999935150146
front_mu,-,862.388995,1.0499999523162842,1.6342999935150146
front_mu,-,862.487995,1.0499999523162842,1.6342999935150146
front_mu,-,862.619995,1.0499999523162842,1.6342999935150146
front_mu,-,862.751995,1.0499999523162842,1.6342999935150146
front_mu,-,862.883995,1.0499999523162842,1.6342999935150146
front_mu,-,863.015995,1.0499999523162842,1.6342999935150146
front_mu,-,863.147995,1.0499999523162842,1.6342999935150146
front_mu,-,863.279995,1.0499999523162842,1.6342999935150146
front_mu,-,863.345995,1.0499999523162842,1.6342999935150146
front_mu,-,863.477995,1.0499999523162842,1.6342999935150146
front_mu,-,863.543995,1.0499999523162842,1.6342999935150146
front_mu,-,863.675995,1.0499999523162842,1.6342999935150146
front_mu,-,863.741995,1.0499999523162842,1.6342999935150146
front_mu,-,863.873995,1.0499999523162842,1.6342999935150146
front_mu,-,864.005995,1.0499999523162842,1.6342999935150146
front_mu,-,864.137995,1.0499999523162842,1.6342999935150146
front_mu,-,864.269995,1.0499999523162842,1.6342999935150146
front_mu,-,864.401995,1.0499999523162842,1.6342999935150146
front_mu,-,864.533995,1.0499999523162842,1.6342999935150146
front_mu,-,864.632995,1.0499999523162842,1.6342999935150146
front_mu,-,864.731995,1.0499999523162842,1.6342999935150146
front_mu,-,864.830995,1.0499999523162842,1.6342999935150146
front_mu,-,864.929995,1.0499999523162842,1.6342999935150146
front_mu,-,865.028995,1.0499999523162842,1.6342999935150146
front_mu,-,865.127995,1.0499999523162842,1.6342999935150146
front_mu,-,865.259995,1.0499999523162842,1.6342999935150146
front_mu,-,865.391995,1.0499999523162842,1.6342999935150146
front_mu,-,865.523995,1.0499999523162842,1.6342999935150146
front_mu,-,865.655995,1.0499999523162842,1.6342999935150146
front_mu,-,865.787995,1.0499999523162842,1.6342999935150146
front_mu,-,865.919995,1.0499999523162842,1.6342999935150146
front_mu,-,865.985995,1.0499999523162842,1.6342999935150146
front_mu,-,866.117995,1.0499999523162842,1.6342999935150146
front_mu,-,866.183995,1.0499999523162842,1.6342999935150146
front_mu,-,866.315995,1.0499999523162842,1.6342999935150146
front_mu,-,866.381995,1.0499999523162842,1.6342999935150146
front_mu,-,866.513995,1.0499999523162842,1.6342999935150146
front_mu,-,866.645995,1.0499999523162842,1.6342999935150146
front_mu,-,866.777995,1.0499999523162842,1.6342999935150146
front_mu,-,866.909995,1.0499999523162842,1.6342999935150146
front_mu,-,867.041995,1.0499999523162842,1.6342999935150146
front_mu,-,867.173995,1.0499999523162842,1.6342999935150146
front_mu,-,867.272995,1.0499999523162842,1.6342999935150146
front_mu,-,867.371995,1.0499999523162842,1.6342999935150146
front_mu,-,867.470995,1.0499999523162842,1.6342999935150146
front_mu,-,867.569995,1.0499999523162842,1.6342999935150146
front_mu,-,867.701995,1.0499999523162842,1.6342999935150146
front_mu,-,867.833995,1.0499999523162842,1.6342999935150146
front_mu,-,867.965995,1.0499999523162842,1.6342999935150146
front_mu,-,868.097995,1.0499999523162842,1.6342999935150146
front_mu,-,868.229995,1.0499999523162842,1.6342999935150146
front_mu,-,868.361995,1.0499999523162842,1.6342999935150146
front_mu,-,868.493995,1.0499999523162842,1.6342999935150146
front_mu,-,868.592995,1.0499999523162842,1.6342999935150146
front_mu,-,868.757995,1.0499999523162842,1.6342999935150146
front_mu,-,868.823995,1.0499999523162842,1.6342999935150146
front_mu,-,868.955995,1.0499999523162842,1.6342999935150146
front_mu,-,869.021995,1.0499999523162842,1.6342999935150146
front_mu,-,869.153995,1.0499999523162842,1.6342999935150146
front_mu,-,869.219995,1.0499999523162842,1.6342999935150146
front_mu,-,869.351995,1.0499999523162842,1.6342999935150146
front_mu,-,869.483995,1.0499999523162842,1.6342999935150146
front_mu,-,869.615995,1.0499999523162842,1.6342999935150146
front_mu,-,869.747995,1.0499999523162842,1.6342999935150146
front_mu,-,869.912995,1.0499999523162842,1.6342999935150146
front_mu,-,870.011995,1.0499999523162842,1.6342999935150146
front_mu,-,870.110995,1.0499999523162842,1.6342999935150146
front_mu,-,870.209995,1.0499999523162842,1.6342999935150146
front_mu,-,870.308995,1.0499999523162842,1.6342999935150146
front_mu,-,870.407995,1.0499999523162842,1.6342999935150146
front_mu,-,870.506995,1.0499999523162842,1.6342999935150146
front_mu,-,870.605995,1.0499999523162842,1.6342999935150146
front_mu,-,870.704995,1.0499999523162842,1.6342999935150146
front_mu,-,870.803995,1.0499999523162842,1.6342999935150146
front_mu,-,870.935995,1.0499999523162842,1.6342999935150146
front_mu,-,871.067995,1.0499999523162842,1.6342999935150146
front_mu,-,871.199995,1.0499999523162842,1.6342999935150146
front_mu,-,871.265995,1.0499999523162842,1.6342999935150146
front_mu,-,871.397995,1.0499999523162842,1.6342999935150146
front_mu,-,871.463995,1.0499999523162842,1.6342999935150146
front_mu,-,871.595995,1.0499999523162842,1.6342999935150146
front_mu,-,871.661995,1.0499999523162842,1.6342999935150146
front_mu,-,871.793995,1.0499999523162842,1.6342999935150146
front_mu,-,871.859995,1.0499999523162842,1.6342999935150146
front_mu,-,871.991995,1.0499999523162842,1.6342999935150146
front_mu,-,872.123995,1.0499999523162842,1.6342999935150146
front_mu,-,872.255995,1.0499999523162842,1.6342999935150146
front_mu,-,872.387995,1.0499999523162842,1.6342999935150146
front_mu,-,872.519995,1.0499999523162842,1.6342999935150146
front_mu,-,872.585995,1.0499999523162842,1.6342999935150146
front_mu,-,872.717995,1.0499999523162842,1.6342999935150146
front_mu,-,872.783995,1.0499999523162842,1.6342999935150146
front_mu,-,872.915995,1.0499999523162842,1.6342999935150146
front_mu,-,872.981995,1.0499999523162842,1.6342999935150146
front_mu,-,873.113995,1.0499999523162842,1.6342999935150146
front_mu,-,873.245995,1.0499999523162842,1.6342999935150146
front_mu,-,873.377995,1.0499999523162842,1.6342999935150146
front_mu,-,873.509995,1.0499999523162842,1.6342999935150146
front_mu,-,873.641995,1.0499999523162842,1.6342999935150146
front_mu,-,873.773995,1.0499999523162842,1.6342999935150146
front_mu,-,873.872995,1.0499999523162842,1.6342999935150146
front_mu,-,873.971995,1.0499999523162842,1.6342999935150146
front_mu,-,874.070995,1.0499999523162842,1.6342999935150146
front_mu,-,874.169995,1.0499999523162842,1.6342999935150146
front_mu,-,874.268995,1.0499999523162842,1.6342999935150146
front_mu,-,874.367995,1.0499999523162842,1.6342999935150146
front_mu,-,874.499995,1.0499999523162842,1.6342999935150146
front_mu,-,874.631995,1.0499999523162842,1.6342999935150146
front_mu,-,874.763995,1.0499999523162842,1.6342999935150146
front_mu,-,874.895995,1.0499999523162842,1.6342999935150146
front_mu,-,875.027995,1.0499999523162842,1.6342999935150146
front_mu,-,875.159995,1.0499999523162842,1.6342999935150146
front_mu,-,875.225995,1.0499999523162842,1.6342999935150146
front_mu,-,875.357995,1.0499999523162842,1.6342999935150146
front_mu,-,875.423995,1.0499999523162842,1.6342999935150146
front_mu,-,875.555995,1.0499999523162842,1.6342999935150146
front_mu,-,875.621995,1.0499999523162842,1.6342999935150146
front_mu,-,875.753995,1.0499999523162842,1.6342999935150146
front_mu,-,875.885995,1.0499999523162842,1.6342999935150146
front_mu,-,876.017995,1.0499999523162842,1.6342999935150146
front_mu,-,876.149995,1.0499999523162842,1.6342999935150146
front_mu,-,876.281995,1.0499999523162842,1.6342999935150146
front_mu,-,876.413995,1.0499999523162842,1.6342999935150146
front_mu,-,876.512995,1.0499999523162842,1.6342999935150146
front_mu,-,876.611995,1.0499999523162842,1.6342999935150146
front_mu,-,876.710995,1.0499999523162842,1.6342999935150146
front_mu,-,876.809995,1.0499999523162842,1.6342999935150146
front_mu,-,876.908995,1.0499999523162842,1.6342999935150146
front_mu,-,877.007995,1.0499999523162842,1.6342999935150146
front_mu,-,877.139995,1.0499999523162842,1.6342999935150146
front_mu,-,877.271995,1.0499999523162842,1.6342999935150146
front_mu,-,877.403995,1.0499999523162842,1.6342999935150146
front_mu,-,877.535995,1.0499999523162842,1.6342999935150146
front_mu,-,877.667995,1.0499999523162842,1.6342999935150146
front_mu,-,877.799995,1.0499999523162842,1.6342999935150146
front_mu,-,877.865995,1.0499999523162842,1.6342999935150146
front_mu,-,877.997995,1.0499999523162842,1.6342999935150146
front_mu,-,878.063995,1.0499999523162842,1.6342999935150146
front_mu,-,878.195995,1.0499999523162842,1.6342999935150146
front_mu,-,878.261995,1.0499999523162842,1.6342999935150146
front_mu,-,878.393995,1.0499999523162842,1.6342999935150146
front_mu,-,878.525995,1.0499999523162842,1.6342999935150146
front_mu,-,878.657995,1.0499999523162842,1.6342999935150146
front_mu,-,878.789995,1.0499999523162842,1.6342999935150146
front_mu,-,878.921995,1.0499999523162842,1.6342999935150146
front_mu,-,879.053995,1.0499999523162842,1.6342999935150146
front_mu,-,879.152995,1.0499999523162842,1.6342999935150146
front_mu,-,879.251995,1.0499999523162842,1.6342999935150146
front_mu,-,879.350995,1.0499999523162842,1.6342999935150146
front_mu,-,879.449995,1.0499999523162842,1.6342999935150146
front_mu,-,879.548995,1.0499999523162842,1.6342999935150146
front_mu,-,879.647995,1.0499999523162842,1.6342999935150146
front_mu,-,879.779995,1.0499999523162842,1.6342999935150146
front_mu,-,879.911995,1.0499999523162842,1.6342999935150146
front_mu,-,880.043995,1.0499999523162842,1.6342999935150146
front_mu,-,880.175995,1.0499999523162842,1.6342999935150146
front_mu,-,880.307995,1.0499999523162842,1.6342999935150146
front_mu,-,880.439995,1.0499999523162842,1.6342999935150146
front_mu,-,880.505995,1.0499999523162842,1.6342999935150146
front_mu,-,880.637995,1.0499999523162842,1.6342999935150146
front_mu,-,880.703995,1.0499999523162842,1.6342999935150146
front_mu,-,880.835995,1.0499999523162842,1.6342999935150146
front_mu,-,880.901995,1.0499999523162842,1.6342999935150146
front_mu,-,881.033995,1.0499999523162842,1.6342999935150146
front_mu,-,881.099995,1.0499999523162842,1.6342999935150146
front_mu,-,881.231995,1.0499999523162842,1.6342999935150146
front_mu,-,881.363995,1.0499999523162842,1.6342999935150146
front_mu,-,881.495995,1.0499999523162842,1.6342999935150146
front_mu,-,881.627995,1.0499999523162842,1.6342999935150146
front_mu,-,881.759995,1.0499999523162842,1.6342999935150146
front_mu,-,881.825995,1.0499999523162842,1.6342999935150146
front_mu,-,881.957995,1.0499999523162842,1.6342999935150146
front_mu,-,882.023995,1.0499999523162842,1.6342999935150146
front_mu,-,882.155995,1.0499999523162842,1.6342999935150146
front_mu,-,882.221995,1.0499999523162842,1.6342999935150146
front_mu,-,882.353995,1.0499999523162842,1.6342999935150146
front_mu,-,882.485995,1.0499999523162842,1.6342999935150146
front_mu,-,882.617995,1.0499999523162842,1.6342999935150146
front_mu,-,882.749995,1.0499999523162842,1.6342999935150146
front_mu,-,882.881995,1.0499999523162842,1.6342999935150146
front_mu,-,883.013995,1.0499999523162842,1.6342999935150146
front_mu,-,883.112995,1.0499999523162842,1.6342999935150146
front_mu,-,883.211995,1.0499999523162842,1.6342999935150146
front_mu,-,883.310995,1.0499999523162842,1.6342999935150146
front_mu,-,883.409995,1.0499999523162842,1.6342999935150146
front_mu,-,883.508995,1.0499999523162842,1.6342999935150146
front_mu,-,883.607995,1.0499999523162842,1.6342999935150146
front_mu,-,883.739995,1.0499999523162842,1.6342999935150146
front_mu,-,883.871995,1.0499999523162842,1.6342999935150146
front_mu,-,884.003995,1.0499999523162842,1.6342999935150146
front_mu,-,884.135995,1.0499999523162842,1.6342999935150146
front_mu,-,884.267995,1.0499999523162842,1.6342999935150146
front_mu,-,884.399995,1.0499999523162842,1.6342999935150146
front_mu,-,884.465995,1.0499999523162842,1.6342999935150146
front_mu,-,884.597995,1.0499999523162842,1.6342999935150146
front_mu,-,884.663995,1.0499999523162842,1.6342999935150146
front_mu,-,884.795995,1.0499999523162842,1.6342999935150146
front_mu,-,884.861995,1.0499999523162842,1.6342999935150146
front_mu,-,884.993995,1.0499999523162842,1.6342999935150146
front_mu,-,885.125995,1.0499999523162842,1.6342999935150146
front_mu,-,885.257995,1.0499999523162842,1.6342999935150146
front_mu,-,885.389995,1.0499999523162842,1.6342999935150146
front_mu,-,885.521995,1.0499999523162842,1.6342999935150146
front_mu,-,885.653995,1.0499999523162842,1.6342999935150146
front_mu,-,885.752995,1.0499999523162842,1.6342999935150146
front_mu,-,885.851995,1.0499999523162842,1.6342999935150146
front_mu,-,885.950995,1.0499999523162842,1.6342999935150146
front_mu,-,886.049995,1.0499999523162842,1.6342999935150146
front_mu,-,886.148995,1.0499999523162842,1.6342999935150146
front_mu,-,886.247995,1.0499999523162842,1.6342999935150146
front_mu,-,886.346995,1.0499999523162842,1.6342999935150146
front_mu,-,886.445995,1.0499999523162842,1.6342999935150146
front_mu,-,886.544995,1.0499999523162842,1.6342999935150146
front_mu,-,886.643995,1.0499999523162842,1.6342999935150146
front_mu,-,886.775995,1.0499999523162842,1.6342999935150146
front_mu,-,886.907995,1.0499999523162842,1.6342999935150146
front_mu,-,887.039995,1.0499999523162842,1.6342999935150146
front_mu,-,887.105995,1.0499999523162842,1.6342999935150146
front_mu,-,887.237995,1.0499999523162842,1.6342999935150146
front_mu,-,887.303995,1.0499999523162842,1.6342999935150146
front_mu,-,887.435995,1.0499999523162842,1.6342999935150146
front_mu,-,887.501995,1.0499999523162842,1.6342999935150146
front_mu,-,887.633995,1.0499999523162842,1.6342999935150146
front_mu,-,887.699995,1.0499999523162842,1.6342999935150146
front_mu,-,887.831995,1.0499999523162842,1.6342999935150146
front_mu,-,887.963995,1.0499999523162842,1.6342999935150146
front_mu,-,888.095995,1.0499999523162842,1.6342999935150146
front_mu,-,888.227995,1.0499999523162842,1.6342999935150146
front_mu,-,888.359995,1.0499999523162842,1.6342999935150146
front_mu,-,888.425995,1.0499999523162842,1.6342999935150146
front_mu,-,888.557995,1.0499999523162842,1.6342999935150146
front_mu,-,888.623995,1.0499999523162842,1.6342999935150146
front_mu,-,888.755995,1.0499999523162842,1.6342999935150146
front_mu,-,888.821995,1.0499999523162842,1.6342999935150146
front_mu,-,888.953995,1.0499999523162842,1.6342999935150146
front_mu,-,889.085995,1.0499999523162842,1.6342999935150146
front_mu,-,889.217995,1.0499999523162842,1.6342999935150146
front_mu,-,889.349995,1.0499999523162842,1.6342999935150146
front_mu,-,889.481995,1.0499999523162842,1.6342999935150146
front_mu,-,889.613995,1.0499999523162842,1.6342999935150146
front_mu,-,889.712995,1.0499999523162842,1.6342999935150146
front_mu,-,889.811995,1.0499999523162842,1.6342999935150146
front_mu,-,889.910995,1.0499999523162842,1.6342999935150146
front_mu,-,890.009995,1.0499999523162842,1.6342999935150146
front_mu,-,890.108995,1.0499999523162842,1.6342999935150146
front_mu,-,890.207995,1.0499999523162842,1.6342999935150146
front_mu,-,890.339995,1.0499999523162842,1.6342999935150146
front_mu,-,890.471995,1.0499999523162842,1.6342999935150146
front_mu,-,890.603995,1.0499999523162842,1.6342999935150146
front_mu,-,890.735995,1.0499999523162842,1.6342999935150146
front_mu,-,890.867995,1.0499999523162842,1.6342999935150146
front_mu,-,890.999995,1.0499999523162842,1.6342999935150146
front_mu,-,891.065995,1.0499999523162842,1.6342999935150146
front_mu,-,891.197995,1.0499999523162842,1.6342999935150146
front_mu,-,891.263995,1.0499999523162842,1.6342999935150146
front_mu,-,891.395995,1.0499999523162842,1.6342999935150146
front_mu,-,891.461995,1.0499999523162842,1.6342999935150146
front_mu,-,891.593995,1.0499999523162842,1.6342999935150146
front_mu,-,891.725995,1.0499999523162842,1.6342999935150146
front_mu,-,891.857995,1.0499999523162842,1.6342999935150146
front_mu,-,891.989995,1.0499999523162842,1.6342999935150146
front_mu,-,892.121995,1.0499999523162842,1.6342999935150146
front_mu,-,892.253995,1.0499999523162842,1.6342999935150146
front_mu,-,892.352995,1.0499999523162842,1.6342999935150146
front_mu,-,892.451995,1.0499999523162842,1.6342999935150146
front_mu,-,892.550995,1.0499999523162842,1.6342999935150146
front_mu,-,892.649995,1.0499999523162842,1.6342999935150146
front_mu,-,892.748995,1.0499999523162842,1.6342999935150146
front_mu,-,892.847995,1.0499999523162842,1.6342999935150146
front_mu,-,892.979995,1.0499999523162842,1.6342999935150146
front_mu,-,893.111995,1.0499999523162842,1.6342999935150146
front_mu,-,893.243995,1.0499999523162842,1.6342999935150146
front_mu,-,893.375995,1.0499999523162842,1.6342999935150146
front_mu,-,893.507995,1.0499999523162842,1.6342999935150146
front_mu,-,893.639995,1.0499999523162842,1.6342999935150146
front_mu,-,893.705995,1.0499999523162842,1.6342999935150146
front_mu,-,893.837995,1.0499999523162842,1.6342999935150146
front_mu,-,893.903995,1.0499999523162842,1.6342999935150146
front_mu,-,894.035995,1.0499999523162842,1.6342999935150146
front_mu,-,894.101995,1.0499999523162842,1.6342999935150146
front_mu,-,894.233995,1.0499999523162842,1.6342999935150146
front_mu,-,894.299995,1.0499999523162842,1.6342999935150146
front_mu,-,894.431995,1.0499999523162842,1.6342999935150146
front_mu,-,894.563995,1.0499999523162842,1.6342999935150146
front_mu,-,894.695995,1.0499999523162842,1.6342999935150146
front_mu,-,894.827995,1.0499999523162842,1.6342999935150146
front_mu,-,894.959995,1.0499999523162842,1.6342999935150146
front_mu,-,895.025995,1.0499999523162842,1.6342999935150146
front_mu,-,895.157995,1.0499999523162842,1.6342999935150146
front_mu,-,895.223995,1.0499999523162842,1.6342999935150146
front_mu,-,895.355995,1.0499999523162842,1.6342999935150146
front_mu,-,895.421995,1.0499999523162842,1.6342999935150146
front_mu,-,895.553995,1.0499999523162842,1.6342999935150146
front_mu,-,895.619995,1.0499999523162842,1.6342999935150146
front_mu,-,895.751995,1.0499999523162842,1.6342999935150146
front_mu,-,895.883995,1.0499999523162842,1.6342999935150146
front_mu,-,896.015995,1.0499999523162842,1.6342999935150146
front_mu,-,896.147995,1.0499999523162842,1.6342999935150146
front_mu,-,896.279995,1.0499999523162842,1.6342999935150146
front_mu,-,896.345995,1.0499999523162842,1.6342999935150146
front_mu,-,896.477995,1.0499999523162842,1.6342999935150146
front_mu,-,896.543995,1.0499999523162842,1.6342999935150146
front_mu,-,896.675995,1.0499999523162842,1.6342999935150146
front_mu,-,896.741995,1.0499999523162842,1.6342999935150146
front_mu,-,896.873995,1.0499999523162842,1.6342999935150146
front_mu,-,896.939995,1.0499999523162842,1.6342999935150146
front_mu,-,897.071995,1.0499999523162842,1.6342999935150146
front_mu,-,897.203995,1.0499999523162842,1.6342999935150146
front_mu,-,897.335995,1.0499999523162842,1.6342999935150146
front_mu,-,897.467995,1.0499999523162842,1.6342999935150146
front_mu,-,897.599995,1.0499999523162842,1.6342999935150146
front_mu,-,897.665995,1.0499999523162842,1.6342999935150146
front_mu,-,897.797995,1.0499999523162842,1.6342999935150146
front_mu,-,897.863995,1.0499999523162842,1.6342999935150146
front_mu,-,897.995995,1.0499999523162842,1.6342999935150146
front_mu,-,898.061995,1.0499999523162842,1.6342999935150146
front_mu,-,898.193995,1.0499999523162842,1.6342999935150146
front_mu,-,898.325995,1.0499999523162842,1.6342999935150146
front_mu,-,898.457995,1.0499999523162842,1.6342999935150146
front_mu,-,898.589995,1.0499999523162842,1.6342999935150146
front_mu,-,898.721995,1.0499999523162842,1.6342999935150146
front_mu,-,898.853995,1.0499999523162842,1.6342999935150146
front_mu,-,898.952995,1.0499999523162842,1.6342999935150146
front_mu,-,899.051995,1.0499999523162842,1.6342999935150146
front_mu,-,899.150995,1.0499999523162842,1.6342999935150146
front_mu,-,899.249995,1.0499999523162842,1.6342999935150146
front_mu,-,899.348995,1.0499999523162842,1.6342999935150146
front_mu,-,899.447995,1.0499999523162842,1.6342999935150146
front_mu,-,899.546995,1.0499999523162842,1.6342999935150146
front_mu,-,899.645995,1.0499999523162842,1.6342999935150146
front_mu,-,899.843995,1.0499999523162842,1.6342999935150146
front_mu,-,899.975995,1.0499999523162842,1.6342999935150146
front_mu,-,900.107995,1.0499999523162842,1.6342999935150146
front_mu,-,900.239995,1.0499999523162842,1.6342999935150146
front_mu,-,900.305995,1.0499999523162842,1.6342999935150146
front_mu,-,900.437995,1.0499999523162842,1.6342999935150146
front_mu,-,900.503995,1.0499999523162842,1.6342999935150146
front_mu,-,900.635995,1.0499999523162842,1.6342999935150146
front_mu,-,900.701995,1.0499999523162842,1.6342999935150146
front_mu,-,900.833995,1.0499999523162842,1.6342999935150146
front_mu,-,901.031995,1.0499999523162842,1.6342999935150146
front_mu,-,901.163995,1.0499999523162842,1.6342999935150146
front_mu,-,901.295995,1.0499999523162842,1.6342999935150146
front_mu,-,901.427995,1.0499999523162842,1.6342999935150146
front_mu,-,901.592995,1.0499999523162842,1.6342999935150146
front_mu,-,901.691995,1.0499999523162842,1.6342999935150146
front_mu,-,901.790995,1.0499999523162842,1.6342999935150146
front_mu,-,901.889995,1.0499999523162842,1.6342999935150146
front_mu,-,901.988995,1.0499999523162842,1.6342999935150146
front_mu,-,902.087995,1.0499999523162842,1.6342999935150146
front_mu,-,902.186995,1.0499999523162842,1.6342999935150146
front_mu,-,902.285995,1.0499999523162842,1.6342999935150146
front_mu,-,902.417995,1.0499999523162842,1.6342999935150146
front_mu,-,902.549995,1.0499999523162842,1.6342999935150146
front_mu,-,902.681995,1.0499999523162842,1.6342999935150146
front_mu,-,902.813995,1.0499999523162842,1.6342999935150146
front_mu,-,902.912995,1.0499999523162842,1.6342999935150146
front_mu,-,903.011995,1.0499999523162842,1.6342999935150146
front_mu,-,903.110995,1.0499999523162842,1.6342999935150146
front_mu,-,903.209995,1.0499999523162842,1.6342999935150146
front_mu,-,903.308995,1.0499999523162842,1.6342999935150146
front_mu,-,903.407995,1.0499999523162842,1.6342999935150146
front_mu,-,903.539995,1.0499999523162842,1.6342999935150146
front_mu,-,903.671995,1.0499999523162842,1.6342999935150146
front_mu,-,903.803995,1.0499999523162842,1.6342999935150146
front_mu,-,903.935995,1.0499999523162842,1.6342999935150146
front_mu,-,904.067995,1.0499999523162842,1.6342999935150146
front_mu,-,904.199995,1.0499999523162842,1.6342999935150146
front_mu,-,904.265995,1.0499999523162842,1.6342999935150146
front_mu,-,904.397995,1.0499999523162842,1.6342999935150146
front_mu,-,904.463995,1.0499999523162842,1.6342999935150146
front_mu,-,904.595995,1.0499999523162842,1.6342999935150146
front_mu,-,904.661995,1.0499999523162842,1.6342999935150146
front_mu,-,904.793995,1.0499999523162842,1.6342999935150146
front_mu,-,904.859995,1.0499999523162842,1.6342999935150146
front_mu,-,904.991995,1.0499999523162842,1.6342999935150146
front_mu,-,905.123995,1.0499999523162842,1.6342999935150146
front_mu,-,905.255995,1.0499999523162842,1.6342999935150146
front_mu,-,905.387995,1.0499999523162842,1.6342999935150146
front_mu,-,905.519995,1.0499999523162842,1.6342999935150146
front_mu,-,905.585995,1.0499999523162842,1.6342999935150146
front_mu,-,905.717995,1.0499999523162842,1.6342999935150146
front_mu,-,905.783995,1.0499999523162842,1.6342999935150146
front_mu,-,905.915995,1.0499999523162842,1.6342999935150146
front_mu,-,905.981995,1.0499999523162842,1.6342999935150146
front_mu,-,906.113995,1.0499999523162842,1.6342999935150146
front_mu,-,906.245995,1.0499999523162842,1.6342999935150146
front_mu,-,906.377995,1.0499999523162842,1.6342999935150146
front_mu,-,906.509995,1.0499999523162842,1.6342999935150146
front_mu,-,906.641995,1.0499999523162842,1.6342999935150146
front_mu,-,906.773995,1.0499999523162842,1.6342999935150146
front_mu,-,906.872995,1.0499999523162842,1.6342999935150146
front_mu,-,906.971995,1.0499999523162842,1.6342999935150146
front_mu,-,907.070995,1.0499999523162842,1.6342999935150146
front_mu,-,907.169995,1.0499999523162842,1.6342999935150146
front_mu,-,907.268995,1.0499999523162842,1.6342999935150146
front_mu,-,907.367995,1.0499999523162842,1.6342999935150146
front_mu,-,907.466995,1.0499999523162842,1.6342999935150146
front_mu,-,907.565995,1.0499999523162842,1.6342999935150146
front_mu,-,907.763995,1.0499999523162842,1.6342999935150146
front_mu,-,907.895995,1.0499999523162842,1.6342999935150146
front_mu,-,908.027995,1.0499999523162842,1.6342999935150146
front_mu,-,908.159995,1.0499999523162842,1.6342999935150146
front_mu,-,908.225995,1.0499999523162842,1.6342999935150146
front_mu,-,908.357995,1.0499999523162842,1.6342999935150146
front_mu,-,908.423995,1.0499999523162842,1.6342999935150146
front_mu,-,908.555995,1.0499999523162842,1.6342999935150146
front_mu,-,908.621995,1.0499999523162842,1.6342999935150146
front_mu,-,908.753995,1.0499999523162842,1.6342999935150146
front_mu,-,908.885995,1.0499999523162842,1.6342999935150146
front_mu,-,909.017995,1.0499999523162842,1.6342999935150146
front_mu,-,909.215995,1.0499999523162842,1.6342999935150146
front_mu,-,909.347995,1.0499999523162842,1.6342999935150146
front_mu,-,909.479995,1.0499999523162842,1.6342999935150146
front_mu,-,909.545995,1.0499999523162842,1.6342999935150146
front_mu,-,909.677995,1.0499999523162842,1.6342999935150146
front_mu,-,909.743995,1.0499999523162842,1.6342999935150146
front_mu,-,909.875995,1.0499999523162842,1.6342999935150146
front_mu,-,909.941995,1.0499999523162842,1.6342999935150146
front_mu,-,910.073995,1.0499999523162842,1.6342999935150146
front_mu,-,910.205995,1.0499999523162842,1.6342999935150146
front_mu,-,910.337995,1.0499999523162842,1.6342999935150146
front_mu,-,910.469995,1.0499999523162842,1.6342999935150146
front_mu,-,910.601995,1.0499999523162842,1.6342999935150146
front_mu,-,910.733995,1.0499999523162842,1.6342999935150146
front_mu,-,910.832995,1.0499999523162842,1.6342999935150146
front_mu,-,910.931995,1.0499999523162842,1.6342999935150146
front_mu,-,911.030995,1.0499999523162842,1.6342999935150146
front_mu,-,911.129995,1.0499999523162842,1.6342999935150146
front_mu,-,911.228995,1.0499999523162842,1.6342999935150146
front_mu,-,911.327995,1.0499999523162842,1.6342999935150146
front_mu,-,911.459995,1.0499999523162842,1.6342999935150146
front_mu,-,911.591995,1.0499999523162842,1.6342999935150146
front_mu,-,911.723995,1.0499999523162842,1.6342999935150146
front_mu,-,911.855995,1.0499999523162842,1.6342999935150146
front_mu,-,911.987995,1.0499999523162842,1.6342999935150146
front_mu,-,912.119995,1.0499999523162842,1.6342999935150146
front_mu,-,912.185995,1.0499999523162842,1.6342999935150146
front_mu,-,912.317995,1.0499999523162842,1.6342999935150146
front_mu,-,912.383995,1.0499999523162842,1.6342999935150146
front_mu,-,912.515995,1.0499999523162842,1.6342999935150146
front_mu,-,912.581995,1.0499999523162842,1.6342999935150146
front_mu,-,912.713995,1.0499999523162842,1.6342999935150146
front_mu,-,912.779995,1.0499999523162842,1.6342999935150146
front_mu,-,912.911995,1.0499999523162842,1.6342999935150146
front_mu,-,913.043995,1.0499999523162842,1.6342999935150146
front_mu,-,913.175995,1.0499999523162842,1.6342999935150146
front_mu,-,913.307995,1.0499999523162842,1.6342999935150146
front_mu,-,913.439995,1.0499999523162842,1.6342999935150146
front_mu,-,913.505995,1.0499999523162842,1.6342999935150146
front_mu,-,913.637995,1.0499999523162842,1.6342999935150146
front_mu,-,913.703995,1.0499999523162842,1.6342999935150146
front_mu,-,913.835995,1.0499999523162842,1.6342999935150146
front_mu,-,913.901995,1.0499999523162842,1.6342999935150146
front_mu,-,914.033995,1.0499999523162842,1.6342999935150146
front_mu,-,914.165995,1.0499999523162842,1.6342999935150146
front_mu,-,914.297995,1.0499999523162842,1.6342999935150146
front_mu,-,914.429995,1.0499999523162842,1.6342999935150146
front_mu,-,914.561995,1.0499999523162842,1.6342999935150146
front_mu,-,914.693995,1.0499999523162842,1.6342999935150146
front_mu,-,914.792995,1.0499999523162842,1.6342999935150146
front_mu,-,914.891995,1.0499999523162842,1.6342999935150146
front_mu,-,914.990995,1.0499999523162842,1.6342999935150146
front_mu,-,915.089995,1.0499999523162842,1.6342999935150146
front_mu,-,915.188995,1.0499999523162842,1.6342999935150146
front_mu,-,915.287995,1.0499999523162842,1.6342999935150146
front_mu,-,915.419995,1.0499999523162842,1.6342999935150146
front_mu,-,915.551995,1.0499999523162842,1.6342999935150146
front_mu,-,915.683995,1.0499999523162842,1.6342999935150146
front_mu,-,915.815995,1.0499999523162842,1.6342999935150146
front_mu,-,915.947995,1.0499999523162842,1.6342999935150146
front_mu,-,916.079995,1.0499999523162842,1.6342999935150146
front_mu,-,916.145995,1.0499999523162842,1.6342999935150146
front_mu,-,916.277995,1.0499999523162842,1.6342999935150146
front_mu,-,916.343995,1.0499999523162842,1.6342999935150146
rear_mu,-,0.000000,1.0499999523162842,2.0
rear_mu,-,0.099000,1.0499999523162842,2.0
rear_mu,-,0.198000,1.0499999523162842,2.0
rear_mu,-,0.297000,1.0499999523162842,2.0
rear_mu,-,0.429000,1.0499999523162842,2.0
rear_mu,-,0.561000,1.0499999523162842,2.0
rear_mu,-,0.693000,1.0499999523162842,2.0
rear_mu,-,0.825000,1.0499999523162842,2.0
rear_mu,-,0.924000,1.0499999523162842,2.0
rear_mu,-,1.023000,1.0499999523162842,2.0
rear_mu,-,1.122000,1.0499999523162842,2.0
rear_mu,-,1.221000,1.0499999523162842,2.0
rear_mu,-,1.320000,1.0499999523162842,2.0
rear_mu,-,1.419000,1.0499999523162842,2.0
rear_mu,-,1.518000,1.0499999523162842,2.0
rear_mu,-,1.617000,1.0499999523162842,2.0
rear_mu,-,1.749000,1.0499999523162842,2.0
rear_mu,-,1.881000,1.0499999523162842,2.0
rear_mu,-,2.013000,1.0499999523162842,2.0
rear_mu,-,2.145000,1.0499999523162842,2.0
rear_mu,-,2.244000,1.0499999523162842,2.0
rear_mu,-,2.343000,1.0499999523162842,2.0
rear_mu,-,2.442000,1.0499999523162842,2.0
rear_mu,-,2.541000,1.0499999523162842,2.0
rear_mu,-,2.640000,1.0499999523162842,2.0
rear_mu,-,2.739000,1.0499999523162842,2.0
rear_mu,-,2.871000,1.0499999523162842,2.0
rear_mu,-,3.003000,1.0499999523162842,2.0
rear_mu,-,3.135000,1.0499999523162842,2.0
rear_mu,-,3.267000,1.0499999523162842,2.0
rear_mu,-,3.399000,1.0499999523162842,2.0
rear_mu,-,3.531000,1.0499999523162842,2.0
rear_mu,-,3.597000,1.0499999523162842,2.0
rear_mu,-,3.729000,1.0499999523162842,2.0
rear_mu,-,3.795000,1.0499999523162842,2.0
rear_mu,-,3.927000,1.0499999523162842,2.0
rear_mu,-,3.993000,1.0499999523162842,2.0
rear_mu,-,4.125000,1.0499999523162842,2.0
rear_mu,-,4.191000,1.0499999523162842,2.0
rear_mu,-,4.323000,1.0499999523162842,2.0
rear_mu,-,4.455000,1.0499999523162842,2.0
rear_mu,-,4.587000,1.0499999523162842,2.0
rear_mu,-,4.719000,1.0499999523162842,2.0
rear_mu,-,4.851000,1.0499999523162842,2.0
rear_mu,-,4.917000,1.0499999523162842,2.0
rear_mu,-,5.049000,1.0499999523162842,2.0
rear_mu,-,5.115000,1.0499999523162842,2.0
rear_mu,-,5.247000,1.0499999523162842,2.0
rear_mu,-,5.313000,1.0499999523162842,2.0
rear_mu,-,5.445000,1.0499999523162842,2.0
rear_mu,-,5.577000,1.0499999523162842,2.0
rear_mu,-,5.709000,1.0499999523162842,2.0
rear_mu,-,5.841000,1.0499999523162842,2.0
rear_mu,-,5.973000,1.0499999523162842,2.0
rear_mu,-,6.105000,1.0499999523162842,2.0
rear_mu,-,6.204000,1.0499999523162842,2.0
rear_mu,-,6.303000,1.0499999523162842,2.0
rear_mu,-,6.402000,1.0499999523162842,2.0
rear_mu,-,6.501000,1.0499999523162842,2.0
rear_mu,-,6.600000,1.0499999523162842,2.0
rear_mu,-,6.699000,1.0499999523162842,2.0
rear_mu,-,6.831000,1.0499999523162842,2.0
rear_mu,-,6.963000,1.0499999523162842,2.0
rear_mu,-,7.095000,1.0499999523162842,2.0
rear_mu,-,7.227000,1.0499999523162842,2.0
rear_mu,-,7.359000,1.0499999523162842,2.0
rear_mu,-,7.491000,1.0499999523162842,2.0
rear_mu,-,7.557000,1.0499999523162842,2.0
rear_mu,-,7.689000,1.0499999523162842,2.0
rear_mu,-,7.755000,1.0499999523162842,2.0
rear_mu,-,7.887000,1.0499999523162842,2.0
rear_mu,-,7.953000,1.0499999523162842,2.0
rear_mu,-,8.085000,1.0499999523162842,2.0
rear_mu,-,8.151000,1.0499999523162842,2.0
rear_mu,-,8.283000,1.0499999523162842,2.0
rear_mu,-,8.415000,1.0499999523162842,2.0
rear_mu,-,8.547000,1.0499999523162842,2.0
rear_mu,-,8.679000,1.0499999523162842,2.0
rear_mu,-,8.811000,1.0499999523162842,2.0
rear_mu,-,8.877000,1.0499999523162842,2.0
rear_mu,-,9.009000,1.0499999523162842,2.0
rear_mu,-,9.075000,1.0499999523162842,2.0
rear_mu,-,9.207000,1.0499999523162842,2.0
rear_mu,-,9.273000,1.0499999523162842,2.0
rear_mu,-,9.405000,1.0499999523162842,2.0
rear_mu,-,9.471000,1.0499999523162842,2.0
rear_mu,-,9.603000,1.0499999523162842,2.0
rear_mu,-,9.735000,1.0499999523162842,2.0
rear_mu,-,9.867000,1.0499999523162842,2.0
rear_mu,-,9.999000,1.0499999523162842,2.0
rear_mu,-,10.131000,1.0499999523162842,2.0
rear_mu,-,10.197000,1.0499999523162842,2.0
rear_mu,-,10.329000,1.0499999523162842,2.0
rear_mu,-,10.395000,1.0499999523162842,2.0
rear_mu,-,10.527000,1.0499999523162842,2.0
rear_mu,-,10.593000,1.0499999523162842,2.0
rear_mu,-,10.725000,1.0499999523162842,2.0
rear_mu,-,10.791000,1.0499999523162842,2.0
rear_mu,-,10.923000,1.0499999523162842,2.0
rear_mu,-,11.055000,1.0499999523162842,2.0
rear_mu,-,11.187000,1.0499999523162842,2.0
rear_mu,-,11.319000,1.0499999523162842,2.0
rear_mu,-,11.451000,1.0499999523162842,2.0
rear_mu,-,11.517000,1.0499999523162842,2.0
rear_mu,-,11.649000,1.0499999523162842,2.0
rear_mu,-,11.715000,1.0499999523162842,2.0
rear_mu,-,11.847000,1.0499999523162842,2.0
rear_mu,-,11.913000,1.0499999523162842,2.0
rear_mu,-,12.045000,1.0499999523162842,2.0
rear_mu,-,12.111000,1.0499999523162842,2.0
rear_mu,-,12.243000,1.0499999523162842,2.0
rear_mu,-,12.375000,1.0499999523162842,2.0
rear_mu,-,12.507000,1.0499999523162842,2.0
rear_mu,-,12.639000,1.0499999523162842,2.0
rear_mu,-,12.771000,1.0499999523162842,2.0
rear_mu,-,12.837000,1.0499999523162842,2.0
rear_mu,-,12.969000,1.0499999523162842,2.0
rear_mu,-,13.035000,1.0499999523162842,2.0
rear_mu,-,13.167000,1.0499999523162842,2.0
rear_mu,-,13.233000,1.0499999523162842,2.0
rear_mu,-,13.365000,1.0499999523162842,2.0
rear_mu,-,13.431000,1.0499999523162842,2.0
rear_mu,-,13.563000,1.0499999523162842,2.0
rear_mu,-,13.695000,1.0499999523162842,2.0
rear_mu,-,13.827000,1.0499999523162842,2.0
rear_mu,-,13.959000,1.0499999523162842,2.0
rear_mu,-,14.091000,1.0499999523162842,2.0
rear_mu,-,14.157000,1.0499999523162842,2.0
rear_mu,-,14.289000,1.0499999523162842,2.0
rear_mu,-,14.355000,1.0499999523162842,2.0
rear_mu,-,14.487000,1.0499999523162842,2.0
rear_mu,-,14.553000,1.0499999523162842,2.0
rear_mu,-,14.685000,1.0499999523162842,2.0
rear_mu,-,14.751000,1.0499999523162842,2.0
rear_mu,-,14.883000,1.0499999523162842,2.0
rear_mu,-,15.015000,1.0499999523162842,2.0
rear_mu,-,15.147000,1.0499999523162842,2.0
rear_mu,-,15.279000,1.0499999523162842,2.0
rear_mu,-,15.411000,1.0499999523162842,2.0
rear_mu,-,15.477000,1.0499999523162842,2.0
rear_mu,-,15.609000,1.0499999523162842,2.0
rear_mu,-,15.675000,1.0499999523162842,2.0
rear_mu,-,15.807000,1.0499999523162842,2.0
rear_mu,-,15.873000,1.0499999523162842,2.0
rear_mu,-,16.005000,1.0499999523162842,2.0
rear_mu,-,16.071000,1.0499999523162842,2.0
rear_mu,-,16.203000,1.0499999523162842,2.0
rear_mu,-,16.335000,1.0499999523162842,2.0
rear_mu,-,16.467000,1.0499999523162842,2.0
rear_mu,-,16.599000,1.0499999523162842,2.0
rear_mu,-,16.731000,1.0499999523162842,2.0
rear_mu,-,16.797000,1.0499999523162842,2.0
rear_mu,-,16.929000,1.0499999523162842,2.0
rear_mu,-,16.995000,1.0499999523162842,2.0
rear_mu,-,17.127000,1.0499999523162842,2.0
rear_mu,-,17.193000,1.0499999523162842,2.0
rear_mu,-,17.325000,1.0499999523162842,2.0
rear_mu,-,17.457000,1.0499999523162842,2.0
rear_mu,-,17.589000,1.0499999523162842,2.0
rear_mu,-,17.721000,1.0499999523162842,2.0
rear_mu,-,17.853000,1.0499999523162842,2.0
rear_mu,-,17.985000,1.0499999523162842,2.0
rear_mu,-,18.084000,1.0499999523162842,2.0
rear_mu,-,18.183000,1.0499999523162842,2.0
rear_mu,-,18.282000,1.0499999523162842,2.0
rear_mu,-,18.381000,1.0499999523162842,2.0
rear_mu,-,18.480000,1.0499999523162842,2.0
rear_mu,-,18.579000,1.0499999523162842,2.0
rear_mu,-,18.711000,1.0499999523162842,2.0
rear_mu,-,18.843000,1.0499999523162842,2.0
rear_mu,-,18.975000,1.0499999523162842,2.0
rear_mu,-,19.107000,1.0499999523162842,2.0
rear_mu,-,19.239000,1.0499999523162842,2.0
rear_mu,-,19.371000,1.0499999523162842,2.0
rear_mu,-,19.437000,1.0499999523162842,2.0
rear_mu,-,19.569000,1.0499999523162842,2.0
rear_mu,-,19.635000,1.0499999523162842,2.0
rear_mu,-,19.767000,1.0499999523162842,2.0
rear_mu,-,19.833000,1.0499999523162842,2.0
rear_mu,-,19.965000,1.0499999523162842,2.0
rear_mu,-,20.031000,1.0499999523162842,2.0
rear_mu,-,20.163000,1.0499999523162842,2.0
rear_mu,-,20.295000,1.0499999523162842,2.0
rear_mu,-,20.427000,1.0499999523162842,2.0
rear_mu,-,20.559000,1.0499999523162842,2.0
rear_mu,-,20.724000,1.0499999523162842,2.0
rear_mu,-,20.823000,1.0499999523162842,2.0
rear_mu,-,20.922000,1.0499999523162842,2.0
rear_mu,-,21.021000,1.0499999523162842,2.0
rear_mu,-,21.120000,1.0499999523162842,2.0
rear_mu,-,21.219000,1.0499999523162842,2.0
rear_mu,-,21.351000,1.0499999523162842,2.0
rear_mu,-,21.483000,1.0499999523162842,2.0
rear_mu,-,21.615000,1.0499999523162842,2.0
rear_mu,-,21.747000,1.0499999523162842,2.0
rear_mu,-,21.879000,1.0499999523162842,2.0
rear_mu,-,22.011000,1.0499999523162842,2.0
rear_mu,-,22.077000,1.0499999523162842,2.0
rear_mu,-,22.209000,1.0499999523162842,2.0
rear_mu,-,22.275000,1.0499999523162842,2.0
rear_mu,-,22.407000,1.0499999523162842,2.0
rear_mu,-,22.473000,1.0499999523162842,2.0
rear_mu,-,22.605000,1.0499999523162842,2.0
rear_mu,-,22.737000,1.0499999523162842,2.0
rear_mu,-,22.869000,1.0499999523162842,2.0
rear_mu,-,23.001000,1.0499999523162842,2.0
rear_mu,-,23.133000,1.0499999523162842,2.0
rear_mu,-,23.265000,1.0499999523162842,2.0
rear_mu,-,23.364000,1.0499999523162842,2.0
rear_mu,-,23.463000,1.0499999523162842,2.0
rear_mu,-,23.562000,1.0499999523162842,2.0
rear_mu,-,23.661000,1.0499999523162842,2.0
rear_mu,-,23.760000,1.0499999523162842,2.0
rear_mu,-,23.859000,1.0499999523162842,2.0
rear_mu,-,23.991000,1.0499999523162842,2.0
rear_mu,-,24.123000,1.0499999523162842,2.0
rear_mu,-,24.255000,1.0499999523162842,2.0
rear_mu,-,24.387000,1.0499999523162842,2.0
rear_mu,-,24.519000,1.0499999523162842,2.0
rear_mu,-,24.651000,1.0499999523162842,2.0
rear_mu,-,24.717000,1.0499999523162842,2.0
rear_mu,-,24.849000,1.0499999523162842,2.0
rear_mu,-,24.915000,1.0499999523162842,2.0
rear_mu,-,25.047000,1.0499999523162842,2.0
rear_mu,-,25.113000,1.0499999523162842,2.0
rear_mu,-,25.245000,1.0499999523162842,2.0
rear_mu,-,25.311000,1.0499999523162842,2.0
rear_mu,-,25.443000,1.0499999523162842,2.0
rear_mu,-,25.575000,1.0499999523162842,2.0
rear_mu,-,25.707000,1.0499999523162842,2.0
rear_mu,-,25.839000,1.0499999523162842,2.0
rear_mu,-,25.971000,1.0499999523162842,2.0
rear_mu,-,26.037000,1.0499999523162842,2.0
rear_mu,-,26.169000,1.0499999523162842,2.0
rear_mu,-,26.235000,1.0499999523162842,2.0
rear_mu,-,26.367000,1.0499999523162842,2.0
rear_mu,-,26.433000,1.0499999523162842,2.0
rear_mu,-,26.565000,1.0499999523162842,2.0
rear_mu,-,26.631000,1.0499999523162842,2.0
rear_mu,-,26.763000,1.0499999523162842,2.0
rear_mu,-,26.895000,1.0499999523162842,2.0
rear_mu,-,27.027000,1.0499999523162842,2.0
rear_mu,-,27.159000,1.0499999523162842,2.0
rear_mu,-,27.291000,1.0499999523162842,2.0
rear_mu,-,27.357000,1.0499999523162842,2.0
rear_mu,-,27.489000,1.0499999523162842,2.0
rear_mu,-,27.555000,1.0499999523162842,2.0
rear_mu,-,27.687000,1.0499999523162842,2.0
rear_mu,-,27.753000,1.0499999523162842,2.0
rear_mu,-,27.885000,1.0499999523162842,2.0
rear_mu,-,27.951000,1.0499999523162842,2.0
rear_mu,-,28.083000,1.0499999523162842,2.0
rear_mu,-,28.215000,1.0499999523162842,2.0
rear_mu,-,28.347000,1.0499999523162842,2.0
rear_mu,-,28.479000,1.0499999523162842,2.0
rear_mu,-,28.611000,1.0499999523162842,2.0
rear_mu,-,28.677000,1.0499999523162842,2.0
rear_mu,-,28.809000,1.0499999523162842,2.0
rear_mu,-,28.875000,1.0499999523162842,2.0
rear_mu,-,29.007000,1.0499999523162842,2.0
rear_mu,-,29.073000,1.0499999523162842,2.0
rear_mu,-,29.205000,1.0499999523162842,2.0
rear_mu,-,29.271000,1.0499999523162842,2.0
rear_mu,-,29.403000,1.0499999523162842,2.0
rear_mu,-,29.469000,1.0499999523162842,2.0
rear_mu,-,29.601000,1.0499999523162842,2.0
rear_mu,-,29.733000,1.0499999523162842,2.0
rear_mu,-,29.865000,1.0499999523162842,2.0
rear_mu,-,29.964000,1.0499999523162842,2.0
rear_mu,-,30.063000,1.0499999523162842,2.0
rear_mu,-,30.162000,1.0499999523162842,2.0
rear_mu,-,30.261000,1.0499999523162842,2.0
rear_mu,-,30.360000,1.0499999523162842,2.0
rear_mu,-,30.459000,1.0499999523162842,2.0
rear_mu,-,30.558000,1.0499999523162842,2.0
rear_mu,-,30.657000,1.0499999523162842,2.0
rear_mu,-,30.789000,1.0499999523162842,2.0
rear_mu,-,30.921000,1.0499999523162842,2.0
rear_mu,-,31.053000,1.0499999523162842,2.0
rear_mu,-,31.185000,1.0499999523162842,2.0
rear_mu,-,31.284000,1.0499999523162842,2.0
rear_mu,-,31.383000,1.0499999523162842,2.0
rear_mu,-,31.482000,1.0499999523162842,2.0
rear_mu,-,31.581000,1.0499999523162842,2.0
rear_mu,-,31.680000,1.0499999523162842,2.0
rear_mu,-,31.779000,1.0499999523162842,2.0
rear_mu,-,31.878000,1.0499999523162842,2.0
rear_mu,-,31.977000,1.0499999523162842,2.0
rear_mu,-,32.109000,1.0499999523162842,2.0
rear_mu,-,32.241000,1.0499999523162842,2.0
rear_mu,-,32.373000,1.0499999523162842,2.0
rear_mu,-,32.505000,1.0499999523162842,2.0
rear_mu,-,32.604000,1.0499999523162842,2.0
rear_mu,-,32.703000,1.0499999523162842,2.0
rear_mu,-,32.802000,1.0499999523162842,2.0
rear_mu,-,32.901000,1.0499999523162842,2.0
rear_mu,-,33.000000,1.0499999523162842,2.0
rear_mu,-,33.099000,1.0499999523162842,2.0
rear_mu,-,33.231000,1.0499999523162842,2.0
rear_mu,-,33.363000,1.0499999523162842,2.0
rear_mu,-,33.495000,1.0499999523162842,2.0
rear_mu,-,33.627000,1.0499999523162842,2.0
rear_mu,-,33.759000,1.0499999523162842,2.0
rear_mu,-,33.891000,1.0499999523162842,2.0
rear_mu,-,33.957000,1.0499999523162842,2.0
rear_mu,-,34.089000,1.0499999523162842,2.0
rear_mu,-,34.155000,1.0499999523162842,2.0
rear_mu,-,34.287000,1.0499999523162842,2.0
rear_mu,-,34.353000,1.0499999523162842,2.0
rear_mu,-,34.485000,1.0499999523162842,2.0
rear_mu,-,34.617000,1.0499999523162842,2.0
rear_mu,-,34.749000,1.0499999523162842,2.0
rear_mu,-,34.881000,1.0499999523162842,2.0
rear_mu,-,35.013000,1.0499999523162842,2.0
rear_mu,-,35.211000,1.0499999523162842,2.0
rear_mu,-,35.277000,1.0499999523162842,2.0
rear_mu,-,35.409000,1.0499999523162842,2.0
rear_mu,-,35.475000,1.0499999523162842,2.0
rear_mu,-,35.607000,1.0499999523162842,2.0
rear_mu,-,35.673000,1.0499999523162842,2.0
rear_mu,-,35.805000,1.0499999523162842,2.0
rear_mu,-,35.871000,1.0499999523162842,2.0
rear_mu,-,36.003000,1.0499999523162842,2.0
rear_mu,-,36.135000,1.0499999523162842,2.0
rear_mu,-,36.267000,1.0499999523162842,2.0
rear_mu,-,36.399000,1.0499999523162842,2.0
rear_mu,-,36.531000,1.0499999523162842,2.0
rear_mu,-,36.597000,1.0499999523162842,2.0
rear_mu,-,36.729000,1.0499999523162842,2.0
rear_mu,-,36.795000,1.0499999523162842,2.0
rear_mu,-,36.927000,1.0499999523162842,2.0
rear_mu,-,36.993000,1.0499999523162842,2.0
rear_mu,-,37.125000,1.0499999523162842,2.0
rear_mu,-,37.191000,1.0499999523162842,2.0
rear_mu,-,37.323000,1.0499999523162842,2.0
rear_mu,-,37.455000,1.0499999523162842,2.0
rear_mu,-,37.587000,1.0499999523162842,2.0
rear_mu,-,37.719000,1.0499999523162842,2.0
rear_mu,-,37.851000,1.0499999523162842,2.0
rear_mu,-,37.917000,1.0499999523162842,2.0
rear_mu,-,38.049000,1.0499999523162842,2.0
rear_mu,-,38.115000,1.0499999523162842,2.0
rear_mu,-,38.247000,1.0499999523162842,2.0
rear_mu,-,38.313000,1.0499999523162842,2.0
rear_mu,-,38.445000,1.0499999523162842,2.0
rear_mu,-,38.511000,1.0499999523162842,2.0
rear_mu,-,38.643000,1.0499999523162842,2.0
rear_mu,-,38.775000,1.0499999523162842,2.0
rear_mu,-,38.907000,1.0499999523162842,2.0
rear_mu,-,39.039000,1.0499999523162842,2.0
rear_mu,-,39.171000,1.0499999523162842,2.0
rear_mu,-,39.237000,1.0499999523162842,2.0
rear_mu,-,39.369000,1.0499999523162842,2.0
rear_mu,-,39.435000,1.0499999523162842,2.0
rear_mu,-,39.567000,1.0499999523162842,2.0
rear_mu,-,39.633000,1.0499999523162842,2.0
rear_mu,-,39.765000,1.0499999523162842,2.0
rear_mu,-,39.831000,1.0499999523162842,2.0
rear_mu,-,39.963000,1.0499999523162842,2.0
rear_mu,-,40.095000,1.0499999523162842,2.0
rear_mu,-,40.227000,1.0499999523162842,2.0
rear_mu,-,40.359000,1.0499999523162842,2.0
rear_mu,-,40.491000,1.0499999523162842,2.0
rear_mu,-,40.557000,1.0499999523162842,2.0
rear_mu,-,40.689000,1.0499999523162842,2.0
rear_mu,-,40.755000,1.0499999523162842,2.0
rear_mu,-,40.887000,1.0499999523162842,2.0
rear_mu,-,40.953000,1.0499999523162842,2.0
rear_mu,-,41.085000,1.0499999523162842,2.0
rear_mu,-,41.217000,1.0499999523162842,2.0
rear_mu,-,41.349000,1.0499999523162842,2.0
rear_mu,-,41.481000,1.0499999523162842,2.0
rear_mu,-,41.613000,1.0499999523162842,2.0
rear_mu,-,41.745000,1.0499999523162842,2.0
rear_mu,-,41.877000,1.0499999523162842,2.0
rear_mu,-,42.009000,1.0499999523162842,2.0
rear_mu,-,42.075000,1.0499999523162842,2.0
rear_mu,-,42.207000,1.0499999523162842,2.0
rear_mu,-,42.273000,1.0499999523162842,2.0
rear_mu,-,42.438000,1.0499999523162842,2.0
rear_mu,-,42.537000,1.0499999523162842,2.0
rear_mu,-,42.669000,1.0499999523162842,2.0
rear_mu,-,42.801000,1.0499999523162842,2.0
rear_mu,-,42.933000,1.0499999523162842,2.0
rear_mu,-,43.065000,1.0499999523162842,2.0
rear_mu,-,43.164000,1.0499999523162842,2.0
rear_mu,-,43.263000,1.0499999523162842,2.0
rear_mu,-,43.362000,1.0499999523162842,2.0
rear_mu,-,43.461000,1.0499999523162842,2.0
rear_mu,-,43.560000,1.0499999523162842,2.0
rear_mu,-,43.659000,1.0499999523162842,2.0
rear_mu,-,43.758000,1.0499999523162842,2.0
rear_mu,-,43.857000,1.0499999523162842,2.0
rear_mu,-,43.989000,1.0499999523162842,2.0
rear_mu,-,44.121000,1.0499999523162842,2.0
rear_mu,-,44.253000,1.0499999523162842,2.0
rear_mu,-,44.385000,1.0499999523162842,2.0
rear_mu,-,44.484000,1.0499999523162842,2.0
rear_mu,-,44.583000,1.0499999523162842,2.0
rear_mu,-,44.682000,1.0499999523162842,2.0
rear_mu,-,44.781000,1.0499999523162842,2.0
rear_mu,-,44.880000,1.0499999523162842,2.0
rear_mu,-,44.979000,1.0499999523162842,2.0
rear_mu,-,45.078000,1.0499999523162842,2.0
rear_mu,-,45.177000,1.0499999523162842,2.0
rear_mu,-,45.309000,1.0499999523162842,2.0
rear_mu,-,45.441000,1.0499999523162842,2.0
rear_mu,-,45.573000,1.0499999523162842,2.0
rear_mu,-,45.705000,1.0499999523162842,2.0
rear_mu,-,45.804000,1.0499999523162842,2.0
rear_mu,-,45.903000,1.0499999523162842,2.0
rear_mu,-,46.002000,1.0499999523162842,2.0
rear_mu,-,46.101000,1.0499999523162842,2.0
rear_mu,-,46.200000,1.0499999523162842,2.0
rear_mu,-,46.299000,1.0499999523162842,2.0
rear_mu,-,46.431000,1.0499999523162842,2.0
rear_mu,-,46.563000,1.0499999523162842,2.0
rear_mu,-,46.695000,1.0499999523162842,2.0
rear_mu,-,46.827000,1.0499999523162842,2.0
rear_mu,-,46.959000,1.0499999523162842,2.0
rear_mu,-,47.091000,1.0499999523162842,2.0
rear_mu,-,47.157000,1.0499999523162842,2.0
rear_mu,-,47.289000,1.0499999523162842,2.0
rear_mu,-,47.355000,1.0499999523162842,2.0
rear_mu,-,47.487000,1.0499999523162842,2.0
rear_mu,-,47.553000,1.0499999523162842,2.0
rear_mu,-,47.685000,1.0499999523162842,2.0
rear_mu,-,47.751000,1.0499999523162842,2.0
rear_mu,-,47.883000,1.0499999523162842,2.0
rear_mu,-,48.015000,1.0499999523162842,2.0
rear_mu,-,48.147000,1.0499999523162842,2.0
rear_mu,-,48.279000,1.0499999523162842,2.0
rear_mu,-,48.411000,1.0499999523162842,2.0
rear_mu,-,48.477000,1.0499999523162842,2.0
rear_mu,-,48.609000,1.0499999523162842,2.0
rear_mu,-,48.675000,1.0499999523162842,2.0
rear_mu,-,48.807000,1.0499999523162842,2.0
rear_mu,-,48.873000,1.0499999523162842,2.0
rear_mu,-,49.005000,1.0499999523162842,2.0
rear_mu,-,49.071000,1.0499999523162842,2.0
rear_mu,-,49.203000,1.0499999523162842,2.0
rear_mu,-,49.335000,1.0499999523162842,2.0
rear_mu,-,49.467000,1.0499999523162842,2.0
rear_mu,-,49.599000,1.0499999523162842,2.0
rear_mu,-,49.731000,1.0499999523162842,2.0
rear_mu,-,49.863000,1.0499999523162842,2.0
rear_mu,-,49.962000,1.0499999523162842,2.0
rear_mu,-,50.061000,1.0499999523162842,2.0
rear_mu,-,50.160000,1.0499999523162842,2.0
rear_mu,-,50.259000,1.0499999523162842,2.0
rear_mu,-,50.358000,1.0499999523162842,2.0
rear_mu,-,50.457000,1.0499999523162842,2.0
rear_mu,-,50.589000,1.0499999523162842,2.0
rear_mu,-,50.721000,1.0499999523162842,2.0
rear_mu,-,50.853000,1.0499999523162842,2.0
rear_mu,-,50.985000,1.0499999523162842,2.0
rear_mu,-,51.084000,1.0499999523162842,2.0
rear_mu,-,51.183000,1.0499999523162842,2.0
rear_mu,-,51.282000,1.0499999523162842,2.0
rear_mu,-,51.381000,1.0499999523162842,2.0
rear_mu,-,51.480000,1.0499999523162842,2.0
rear_mu,-,51.579000,1.0499999523162842,2.0
rear_mu,-,51.711000,1.0499999523162842,2.0
rear_mu,-,51.843000,1.0499999523162842,2.0
rear_mu,-,51.975000,1.0499999523162842,2.0
rear_mu,-,52.107000,1.0499999523162842,2.0
rear_mu,-,52.239000,1.0499999523162842,2.0
rear_mu,-,52.371000,1.0499999523162842,2.0
rear_mu,-,52.437000,1.0499999523162842,2.0
rear_mu,-,52.569000,1.0499999523162842,2.0
rear_mu,-,52.635000,1.0499999523162842,2.0
rear_mu,-,52.767000,1.0499999523162842,2.0
rear_mu,-,52.833000,1.0499999523162842,2.0
rear_mu,-,52.965000,1.0499999523162842,2.0
rear_mu,-,53.031000,1.0499999523162842,2.0
rear_mu,-,53.163000,1.0499999523162842,2.0
rear_mu,-,53.361000,1.0499999523162842,2.0
rear_mu,-,53.493000,1.0499999523162842,2.0
rear_mu,-,53.625000,1.0499999523162842,2.0
rear_mu,-,53.724000,1.0499999523162842,2.0
rear_mu,-,53.823000,1.0499999523162842,2.0
rear_mu,-,53.922000,1.0499999523162842,2.0
rear_mu,-,54.021000,1.0499999523162842,2.0
rear_mu,-,54.120000,1.0499999523162842,2.0
rear_mu,-,54.219000,1.0499999523162842,2.0
rear_mu,-,54.318000,1.0499999523162842,2.0
rear_mu,-,54.417000,1.0499999523162842,2.0
rear_mu,-,54.549000,1.0499999523162842,2.0
rear_mu,-,54.681000,1.0499999523162842,2.0
rear_mu,-,54.813000,1.0499999523162842,2.0
rear_mu,-,54.945000,1.0499999523162842,2.0
rear_mu,-,55.044000,1.0499999523162842,2.0
rear_mu,-,55.143000,1.0499999523162842,2.0
rear_mu,-,55.242000,1.0499999523162842,2.0
rear_mu,-,55.341000,1.0499999523162842,2.0
rear_mu,-,55.440000,1.0499999523162842,2.0
rear_mu,-,55.539000,1.0499999523162842,2.0
rear_mu,-,55.638000,1.0499999523162842,2.0
rear_mu,-,55.737000,1.0499999523162842,2.0
rear_mu,-,55.869000,1.0499999523162842,2.0
rear_mu,-,56.001000,1.0499999523162842,2.0
rear_mu,-,56.133000,1.0499999523162842,2.0
rear_mu,-,56.265000,1.0499999523162842,2.0
rear_mu,-,56.364000,1.0499999523162842,2.0
rear_mu,-,56.463000,1.0499999523162842,2.0
rear_mu,-,56.562000,1.0499999523162842,2.0
rear_mu,-,56.661000,1.0499999523162842,2.0
rear_mu,-,56.760000,1.0499999523162842,2.0
rear_mu,-,56.859000,1.0499999523162842,2.0
rear_mu,-,56.958000,1.0499999523162842,2.0
rear_mu,-,57.057000,1.0499999523162842,2.0
rear_mu,-,57.156000,1.0499999523162842,2.0
rear_mu,-,57.255000,1.0499999523162842,2.0
rear_mu,-,57.354000,1.0499999523162842,2.0
rear_mu,-,57.453000,1.0499999523162842,2.0
rear_mu,-,57.552000,1.0499999523162842,2.0
rear_mu,-,57.651000,1.0499999523162842,2.0
rear_mu,-,57.717000,1.0499999523162842,2.0
rear_mu,-,57.849000,1.0499999523162842,2.0
rear_mu,-,57.915000,1.0499999523162842,2.0
rear_mu,-,58.047000,1.0499999523162842,2.0
rear_mu,-,58.113000,1.0499999523162842,2.0
rear_mu,-,58.245000,1.0499999523162842,2.0
rear_mu,-,58.311000,1.0499999523162842,2.0
rear_mu,-,58.443000,1.0499999523162842,2.0
rear_mu,-,58.575000,1.0499999523162842,2.0
rear_mu,-,58.707000,1.0499999523162842,2.0
rear_mu,-,58.839000,1.0499999523162842,2.0
rear_mu,-,58.971000,1.0499999523162842,2.0
rear_mu,-,59.037000,1.0499999523162842,2.0
rear_mu,-,59.169000,1.0499999523162842,2.0
rear_mu,-,59.235000,1.0499999523162842,2.0
rear_mu,-,59.367000,1.0499999523162842,2.0
rear_mu,-,59.433000,1.0499999523162842,2.0
rear_mu,-,59.565000,1.0499999523162842,2.0
rear_mu,-,59.631000,1.0499999523162842,2.0
rear_mu,-,59.763000,1.0499999523162842,2.0
rear_mu,-,59.895000,1.0499999523162842,2.0
rear_mu,-,60.027000,1.0499999523162842,2.0
rear_mu,-,60.159000,1.0499999523162842,2.0
rear_mu,-,60.291000,1.0499999523162842,2.0
rear_mu,-,60.357000,1.0499999523162842,2.0
rear_mu,-,60.489000,1.0499999523162842,2.0
rear_mu,-,60.555000,1.0499999523162842,2.0
rear_mu,-,60.687000,1.0499999523162842,2.0
rear_mu,-,60.753000,1.0499999523162842,2.0
rear_mu,-,60.885000,1.0499999523162842,2.0
rear_mu,-,61.017000,1.0499999523162842,2.0
rear_mu,-,61.149000,1.0499999523162842,2.0
rear_mu,-,61.281000,1.0499999523162842,2.0
rear_mu,-,61.413000,1.0499999523162842,2.0
rear_mu,-,61.545000,1.0499999523162842,2.0
rear_mu,-,61.644000,1.0499999523162842,2.0
rear_mu,-,61.743000,1.0499999523162842,2.0
rear_mu,-,61.842000,1.0499999523162842,2.0
rear_mu,-,61.941000,1.0499999523162842,2.0
rear_mu,-,62.040000,1.0499999523162842,2.0
rear_mu,-,62.139000,1.0499999523162842,2.0
rear_mu,-,62.238000,1.0499999523162842,2.0
rear_mu,-,62.337000,1.0499999523162842,2.0
rear_mu,-,62.469000,1.0499999523162842,2.0
rear_mu,-,62.601000,1.0499999523162842,2.0
rear_mu,-,62.733000,1.0499999523162842,2.0
rear_mu,-,62.865000,1.0499999523162842,2.0
rear_mu,-,62.964000,1.0499999523162842,2.0
rear_mu,-,63.063000,1.0499999523162842,2.0
rear_mu,-,63.162000,1.0499999523162842,2.0
rear_mu,-,63.261000,1.0499999523162842,2.0
rear_mu,-,63.360000,1.0499999523162842,2.0
rear_mu,-,63.459000,1.0499999523162842,2.0
rear_mu,-,63.558000,1.0499999523162842,2.0
rear_mu,-,63.657000,1.0499999523162842,2.0
rear_mu,-,63.789000,1.0499999523162842,2.0
rear_mu,-,63.921000,1.0499999523162842,2.0
rear_mu,-,64.053000,1.0499999523162842,2.0
rear_mu,-,64.185000,1.0499999523162842,2.0
rear_mu,-,64.284000,1.0499999523162842,2.0
rear_mu,-,64.383000,1.0499999523162842,2.0
rear_mu,-,64.482000,1.0499999523162842,2.0
rear_mu,-,64.581000,1.0499999523162842,2.0
rear_mu,-,64.680000,1.0499999523162842,2.0
rear_mu,-,64.779000,1.0499999523162842,2.0
rear_mu,-,64.878000,1.0499999523162842,2.0
rear_mu,-,64.977000,1.0499999523162842,2.0
rear_mu,-,65.109000,1.0499999523162842,2.0
rear_mu,-,65.241000,1.0499999523162842,2.0
rear_mu,-,65.373000,1.0499999523162842,2.0
rear_mu,-,65.472000,1.0499999523162842,2.0
rear_mu,-,65.571000,1.0499999523162842,2.0
rear_mu,-,65.637000,1.0499999523162842,2.0
rear_mu,-,65.769000,1.0499999523162842,2.0
rear_mu,-,65.835000,1.0499999523162842,2.0
rear_mu,-,65.967000,1.0499999523162842,2.0
rear_mu,-,66.033000,1.0499999523162842,2.0
rear_mu,-,66.165000,1.0499999523162842,2.0
rear_mu,-,66.297000,1.0499999523162842,2.0
rear_mu,-,66.429000,1.0499999523162842,2.0
rear_mu,-,66.561000,1.0499999523162842,2.0
rear_mu,-,66.693000,1.0499999523162842,2.0
rear_mu,-,66.825000,1.0499999523162842,2.0
rear_mu,-,66.924000,1.0499999523162842,2.0
rear_mu,-,67.023000,1.0499999523162842,2.0
rear_mu,-,67.122000,1.0499999523162842,2.0
rear_mu,-,67.221000,1.0499999523162842,2.0
rear_mu,-,67.320000,1.0499999523162842,2.0
rear_mu,-,67.419000,1.0499999523162842,2.0
rear_mu,-,67.518000,1.0499999523162842,2.0
rear_mu,-,67.617000,1.0499999523162842,2.0
rear_mu,-,67.749000,1.0499999523162842,2.0
rear_mu,-,67.881000,1.0499999523162842,2.0
rear_mu,-,68.013000,1.0499999523162842,2.0
rear_mu,-,68.145000,1.0499999523162842,2.0
rear_mu,-,68.277000,1.0499999523162842,2.0
rear_mu,-,68.409000,1.0499999523162842,2.0
rear_mu,-,68.475000,1.0499999523162842,2.0
rear_mu,-,68.607000,1.0499999523162842,2.0
rear_mu,-,68.673000,1.0499999523162842,2.0
rear_mu,-,68.805000,1.0499999523162842,2.0
rear_mu,-,68.871000,1.0499999523162842,2.0
rear_mu,-,69.003000,1.0499999523162842,2.0
rear_mu,-,69.135000,1.0499999523162842,2.0
rear_mu,-,69.267000,1.0499999523162842,2.0
rear_mu,-,69.399000,1.0499999523162842,2.0
rear_mu,-,69.531000,1.0499999523162842,2.0
rear_mu,-,69.597000,1.0499999523162842,2.0
rear_mu,-,69.729000,1.0499999523162842,2.0
rear_mu,-,69.795000,1.0499999523162842,2.0
rear_mu,-,69.927000,1.0499999523162842,2.0
rear_mu,-,69.993000,1.0499999523162842,2.0
rear_mu,-,70.125000,1.0499999523162842,2.0
rear_mu,-,70.191000,1.0499999523162842,2.0
rear_mu,-,70.323000,1.0499999523162842,2.0
rear_mu,-,70.389000,1.0499999523162842,2.0
rear_mu,-,70.554000,1.0499999523162842,2.0
rear_mu,-,70.653000,1.0499999523162842,2.0
rear_mu,-,70.752000,1.0499999523162842,2.0
rear_mu,-,70.983000,1.0499999523162842,2.0
rear_mu,-,71.313000,1.0499999523162842,2.0
rear_mu,-,71.511000,1.0499999523162842,2.0
rear_mu,-,71.643000,1.0499999523162842,2.0
rear_mu,-,71.709000,1.0499999523162842,2.0
rear_mu,-,71.841000,1.0499999523162842,2.0
rear_mu,-,71.907000,1.0499999523162842,2.0
rear_mu,-,72.039000,1.0499999523162842,2.0
rear_mu,-,72.171000,1.0499999523162842,2.0
rear_mu,-,72.237000,1.0499999523162842,2.0
rear_mu,-,72.369000,1.0499999523162842,2.0
rear_mu,-,72.435000,1.0499999523162842,2.0
rear_mu,-,72.567000,1.0499999523162842,2.0
rear_mu,-,72.633000,1.0499999523162842,2.0
rear_mu,-,72.765000,1.0499999523162842,2.0
rear_mu,-,72.831000,1.0499999523162842,2.0
rear_mu,-,72.963000,1.0499999523162842,2.0
rear_mu,-,73.095000,1.0499999523162842,2.0
rear_mu,-,73.227000,1.0499999523162842,2.0
rear_mu,-,73.358999,1.0499999523162842,2.0
rear_mu,-,73.491000,1.0499999523162842,2.0
rear_mu,-,73.557000,1.0499999523162842,2.0
rear_mu,-,73.689000,1.0499999523162842,2.0
rear_mu,-,73.821000,1.0499999523162842,2.0
rear_mu,-,73.920000,1.0499999523162842,2.0
rear_mu,-,74.019000,1.0499999523162842,2.0
rear_mu,-,74.118000,1.0499999523162842,2.0
rear_mu,-,74.217000,1.0499999523162842,2.0
rear_mu,-,74.349000,1.0499999523162842,2.0
rear_mu,-,74.481000,1.0499999523162842,2.0
rear_mu,-,74.679000,1.0499999523162842,2.0
rear_mu,-,74.844000,1.0499999523162842,2.0
rear_mu,-,74.943000,1.0499999523162842,2.0
rear_mu,-,75.042000,1.0499999523162842,2.0
rear_mu,-,75.141000,1.0499999523162842,2.0
rear_mu,-,75.240000,1.0499999523162842,2.0
rear_mu,-,75.339000,1.0499999523162842,2.0
rear_mu,-,75.470999,1.0499999523162842,2.0
rear_mu,-,75.603000,1.0499999523162842,2.0
rear_mu,-,75.735000,1.0499999523162842,2.0
rear_mu,-,75.867000,1.0499999523162842,2.0
rear_mu,-,75.999000,1.0499999523162842,2.0
rear_mu,-,76.131000,1.0499999523162842,2.0
rear_mu,-,76.197000,1.0499999523162842,2.0
rear_mu,-,76.329000,1.0499999523162842,2.0
rear_mu,-,76.395000,1.0499999523162842,2.0
rear_mu,-,76.526999,1.0499999523162842,2.0
rear_mu,-,76.593000,1.0499999523162842,2.0
rear_mu,-,76.725000,1.0499999523162842,2.0
rear_mu,-,76.857000,1.0499999523162842,2.0
rear_mu,-,76.989000,1.0499999523162842,2.0
rear_mu,-,77.121000,1.0499999523162842,2.0
rear_mu,-,77.253000,1.0499999523162842,2.0
rear_mu,-,77.385000,1.0499999523162842,2.0
rear_mu,-,77.483999,1.0499999523162842,2.0
rear_mu,-,77.582999,1.0499999523162842,2.0
rear_mu,-,77.682000,1.0499999523162842,2.0
rear_mu,-,77.781000,1.0499999523162842,2.0
rear_mu,-,77.880000,1.0499999523162842,2.0
rear_mu,-,77.979000,1.0499999523162842,2.0
rear_mu,-,78.078000,1.0499999523162842,2.0
rear_mu,-,78.177000,1.0499999523162842,2.0
rear_mu,-,78.309000,1.0499999523162842,2.0
rear_mu,-,78.441000,1.0499999523162842,2.0
rear_mu,-,78.572999,1.0499999523162842,2.0
rear_mu,-,78.705000,1.0499999523162842,2.0
rear_mu,-,78.804000,1.0499999523162842,2.0
rear_mu,-,78.903000,1.0499999523162842,2.0
rear_mu,-,79.002000,1.0499999523162842,2.0
rear_mu,-,79.101000,1.0499999523162842,2.0
rear_mu,-,79.200000,1.0499999523162842,2.0
rear_mu,-,79.299000,1.0499999523162842,2.0
rear_mu,-,79.398000,1.0499999523162842,2.0
rear_mu,-,79.497000,1.0499999523162842,2.0
rear_mu,-,79.628999,1.0499999523162842,2.0
rear_mu,-,79.761000,1.0499999523162842,2.0
rear_mu,-,79.893000,1.0499999523162842,2.0
rear_mu,-,80.025000,1.0499999523162842,2.0
rear_mu,-,80.124000,1.0499999523162842,2.0
rear_mu,-,80.223000,1.0499999523162842,2.0
rear_mu,-,80.322000,1.0499999523162842,2.0
rear_mu,-,80.421000,1.0499999523162842,2.0
rear_mu,-,80.520000,1.0499999523162842,2.0
rear_mu,-,80.618999,1.0499999523162842,2.0
rear_mu,-,80.750999,1.0499999523162842,2.0
rear_mu,-,80.883000,1.0499999523162842,2.0
rear_mu,-,81.015000,1.0499999523162842,2.0
rear_mu,-,81.147000,1.0499999523162842,2.0
rear_mu,-,81.279000,1.0499999523162842,2.0
rear_mu,-,81.411000,1.0499999523162842,2.0
rear_mu,-,81.543000,1.0499999523162842,2.0
rear_mu,-,81.641999,1.0499999523162842,2.0
rear_mu,-,81.740999,1.0499999523162842,2.0
rear_mu,-,81.840000,1.0499999523162842,2.0
rear_mu,-,81.939000,1.0499999523162842,2.0
rear_mu,-,82.038000,1.0499999523162842,2.0
rear_mu,-,82.137000,1.0499999523162842,2.0
rear_mu,-,82.269000,1.0499999523162842,2.0
rear_mu,-,82.401000,1.0499999523162842,2.0
rear_mu,-,82.533000,1.0499999523162842,2.0
rear_mu,-,82.664999,1.0499999523162842,2.0
rear_mu,-,82.763999,1.0499999523162842,2.0
rear_mu,-,82.862999,1.0499999523162842,2.0
rear_mu,-,82.962000,1.0499999523162842,2.0
rear_mu,-,83.061000,1.0499999523162842,2.0
rear_mu,-,83.160000,1.0499999523162842,2.0
rear_mu,-,83.259000,1.0499999523162842,2.0
rear_mu,-,83.358000,1.0499999523162842,2.0
rear_mu,-,83.457000,1.0499999523162842,2.0
rear_mu,-,83.589000,1.0499999523162842,2.0
rear_mu,-,83.720999,1.0499999523162842,2.0
rear_mu,-,83.852999,1.0499999523162842,2.0
rear_mu,-,83.985000,1.0499999523162842,2.0
rear_mu,-,84.084000,1.0499999523162842,2.0
rear_mu,-,84.183000,1.0499999523162842,2.0
rear_mu,-,84.282000,1.0499999523162842,2.0
rear_mu,-,84.381000,1.0499999523162842,2.0
rear_mu,-,84.480000,1.0499999523162842,2.0
rear_mu,-,84.579000,1.0499999523162842,2.0
rear_mu,-,84.677999,1.0499999523162842,2.0
rear_mu,-,84.776999,1.0499999523162842,2.0
rear_mu,-,84.908999,1.0499999523162842,2.0
rear_mu,-,85.041000,1.0499999523162842,2.0
rear_mu,-,85.173000,1.0499999523162842,2.0
rear_mu,-,85.305000,1.0499999523162842,2.0
rear_mu,-,85.404000,1.0499999523162842,2.0
rear_mu,-,85.503000,1.0499999523162842,2.0
rear_mu,-,85.602000,1.0499999523162842,2.0
rear_mu,-,85.700999,1.0499999523162842,2.0
rear_mu,-,85.799999,1.0499999523162842,2.0
rear_mu,-,85.898999,1.0499999523162842,2.0
rear_mu,-,86.030999,1.0499999523162842,2.0
rear_mu,-,86.163000,1.0499999523162842,2.0
rear_mu,-,86.295000,1.0499999523162842,2.0
rear_mu,-,86.427000,1.0499999523162842,2.0
rear_mu,-,86.559000,1.0499999523162842,2.0
rear_mu,-,86.691000,1.0499999523162842,2.0
rear_mu,-,86.756999,1.0499999523162842,2.0
rear_mu,-,86.888999,1.0499999523162842,2.0
rear_mu,-,86.954999,1.0499999523162842,2.0
rear_mu,-,87.086999,1.0499999523162842,2.0
rear_mu,-,87.153000,1.0499999523162842,2.0
rear_mu,-,87.285000,1.0499999523162842,2.0
rear_mu,-,87.351000,1.0499999523162842,2.0
rear_mu,-,87.483000,1.0499999523162842,2.0
rear_mu,-,87.615000,1.0499999523162842,2.0
rear_mu,-,87.747000,1.0499999523162842,2.0
rear_mu,-,87.878999,1.0499999523162842,2.0
rear_mu,-,88.010999,1.0499999523162842,2.0
rear_mu,-,88.076999,1.0499999523162842,2.0
rear_mu,-,88.209000,1.0499999523162842,2.0
rear_mu,-,88.275000,1.0499999523162842,2.0
rear_mu,-,88.407000,1.0499999523162842,2.0
rear_mu,-,88.473000,1.0499999523162842,2.0
rear_mu,-,88.605000,1.0499999523162842,2.0
rear_mu,-,88.671000,1.0499999523162842,2.0
rear_mu,-,88.802999,1.0499999523162842,2.0
rear_mu,-,88.934999,1.0499999523162842,2.0
rear_mu,-,89.066999,1.0499999523162842,2.0
rear_mu,-,89.198999,1.0499999523162842,2.0
rear_mu,-,89.331000,1.0499999523162842,2.0
rear_mu,-,89.463000,1.0499999523162842,2.0
rear_mu,-,89.562000,1.0499999523162842,2.0
rear_mu,-,89.661000,1.0499999523162842,2.0
rear_mu,-,89.760000,1.0499999523162842,2.0
rear_mu,-,89.858999,1.0499999523162842,2.0
rear_mu,-,89.957999,1.0499999523162842,2.0
rear_mu,-,90.056999,1.0499999523162842,2.0
rear_mu,-,90.188999,1.0499999523162842,2.0
rear_mu,-,90.321000,1.0499999523162842,2.0
rear_mu,-,90.453000,1.0499999523162842,2.0
rear_mu,-,90.585000,1.0499999523162842,2.0
rear_mu,-,90.783000,1.0499999523162842,2.0
rear_mu,-,90.881999,1.0499999523162842,2.0
rear_mu,-,91.046999,1.0499999523162842,2.0
rear_mu,-,91.112999,1.0499999523162842,2.0
rear_mu,-,91.244999,1.0499999523162842,2.0
rear_mu,-,91.310999,1.0499999523162842,2.0
rear_mu,-,91.443000,1.0499999523162842,2.0
rear_mu,-,91.575000,1.0499999523162842,2.0
rear_mu,-,91.773000,1.0499999523162842,2.0
rear_mu,-,91.904999,1.0499999523162842,2.0
rear_mu,-,92.003999,1.0499999523162842,2.0
rear_mu,-,92.102999,1.0499999523162842,2.0
rear_mu,-,92.201999,1.0499999523162842,2.0
rear_mu,-,92.300999,1.0499999523162842,2.0
rear_mu,-,92.433000,1.0499999523162842,2.0
rear_mu,-,92.565000,1.0499999523162842,2.0
rear_mu,-,92.697000,1.0499999523162842,2.0
rear_mu,-,92.829000,1.0499999523162842,2.0
rear_mu,-,92.960999,1.0499999523162842,2.0
rear_mu,-,93.092999,1.0499999523162842,2.0
rear_mu,-,93.224999,1.0499999523162842,2.0
rear_mu,-,93.323999,1.0499999523162842,2.0
rear_mu,-,93.422999,1.0499999523162842,2.0
rear_mu,-,93.522000,1.0499999523162842,2.0
rear_mu,-,93.621000,1.0499999523162842,2.0
rear_mu,-,93.720000,1.0499999523162842,2.0
rear_mu,-,93.819000,1.0499999523162842,2.0
rear_mu,-,93.950999,1.0499999523162842,2.0
rear_mu,-,94.082999,1.0499999523162842,2.0
rear_mu,-,94.214999,1.0499999523162842,2.0
rear_mu,-,94.346999,1.0499999523162842,2.0
rear_mu,-,94.478999,1.0499999523162842,2.0
rear_mu,-,94.611000,1.0499999523162842,2.0
rear_mu,-,94.677000,1.0499999523162842,2.0
rear_mu,-,94.809000,1.0499999523162842,2.0
rear_mu,-,94.875000,1.0499999523162842,2.0
rear_mu,-,95.006999,1.0499999523162842,2.0
rear_mu,-,95.072999,1.0499999523162842,2.0
rear_mu,-,95.204999,1.0499999523162842,2.0
rear_mu,-,95.270999,1.0499999523162842,2.0
rear_mu,-,95.402999,1.0499999523162842,2.0
rear_mu,-,95.468999,1.0499999523162842,2.0
rear_mu,-,95.601000,1.0499999523162842,2.0
rear_mu,-,95.733000,1.0499999523162842,2.0
rear_mu,-,95.865000,1.0499999523162842,2.0
rear_mu,-,95.964000,1.0499999523162842,2.0
rear_mu,-,96.062999,1.0499999523162842,2.0
rear_mu,-,96.161999,1.0499999523162842,2.0
rear_mu,-,96.260999,1.0499999523162842,2.0
rear_mu,-,96.359999,1.0499999523162842,2.0
rear_mu,-,96.458999,1.0499999523162842,2.0
rear_mu,-,96.557999,1.0499999523162842,2.0
rear_mu,-,96.723000,1.0499999523162842,2.0
rear_mu,-,96.855000,1.0499999523162842,2.0
rear_mu,-,96.987000,1.0499999523162842,2.0
rear_mu,-,97.118999,1.0499999523162842,2.0
rear_mu,-,97.250999,1.0499999523162842,2.0
rear_mu,-,97.316999,1.0499999523162842,2.0
rear_mu,-,97.481999,1.0499999523162842,2.0
rear_mu,-,97.580999,1.0499999523162842,2.0
rear_mu,-,97.680000,1.0499999523162842,2.0
rear_mu,-,97.779000,1.0499999523162842,2.0
rear_mu,-,97.911000,1.0499999523162842,2.0
rear_mu,-,98.043000,1.0499999523162842,2.0
rear_mu,-,98.174999,1.0499999523162842,2.0
rear_mu,-,98.306999,1.0499999523162842,2.0
rear_mu,-,98.438999,1.0499999523162842,2.0
rear_mu,-,98.570999,1.0499999523162842,2.0
rear_mu,-,98.636999,1.0499999523162842,2.0
rear_mu,-,98.769000,1.0499999523162842,2.0
rear_mu,-,98.835000,1.0499999523162842,2.0
rear_mu,-,98.967000,1.0499999523162842,2.0
rear_mu,-,99.033000,1.0499999523162842,2.0
rear_mu,-,99.164999,1.0499999523162842,2.0
rear_mu,-,99.230999,1.0499999523162842,2.0
rear_mu,-,99.362999,1.0499999523162842,2.0
rear_mu,-,99.494999,1.0499999523162842,2.0
rear_mu,-,99.626999,1.0499999523162842,2.0
rear_mu,-,99.758999,1.0499999523162842,2.0
rear_mu,-,99.891000,1.0499999523162842,2.0
rear_mu,-,99.957000,1.0499999523162842,2.0
rear_mu,-,100.089000,1.0499999523162842,2.0
rear_mu,-,100.154999,1.0499999523162842,2.0
rear_mu,-,100.286999,1.0499999523162842,2.0
rear_mu,-,100.352999,1.0499999523162842,2.0
rear_mu,-,100.484999,1.0499999523162842,2.0
rear_mu,-,100.550999,1.0499999523162842,2.0
rear_mu,-,100.682999,1.0499999523162842,2.0
rear_mu,-,100.814999,1.0499999523162842,2.0
rear_mu,-,100.947000,1.0499999523162842,2.0
rear_mu,-,101.079000,1.0499999523162842,2.0
rear_mu,-,101.210999,1.0499999523162842,2.0
rear_mu,-,101.276999,1.0499999523162842,2.0
rear_mu,-,101.408999,1.0499999523162842,2.0
rear_mu,-,101.474999,1.0499999523162842,2.0
rear_mu,-,101.606999,1.0499999523162842,2.0
rear_mu,-,101.672999,1.0499999523162842,2.0
rear_mu,-,101.804999,1.0499999523162842,2.0
rear_mu,-,101.870999,1.0499999523162842,2.0
rear_mu,-,102.003000,1.0499999523162842,2.0
rear_mu,-,102.135000,1.0499999523162842,2.0
rear_mu,-,102.266999,1.0499999523162842,2.0
rear_mu,-,102.398999,1.0499999523162842,2.0
rear_mu,-,102.530999,1.0499999523162842,2.0
rear_mu,-,102.596999,1.0499999523162842,2.0
rear_mu,-,102.728999,1.0499999523162842,2.0
rear_mu,-,102.794999,1.0499999523162842,2.0
rear_mu,-,102.926999,1.0499999523162842,2.0
rear_mu,-,102.993000,1.0499999523162842,2.0
rear_mu,-,103.125000,1.0499999523162842,2.0
rear_mu,-,103.191000,1.0499999523162842,2.0
rear_mu,-,103.322999,1.0499999523162842,2.0
rear_mu,-,103.454999,1.0499999523162842,2.0
rear_mu,-,103.586999,1.0499999523162842,2.0
rear_mu,-,103.718999,1.0499999523162842,2.0
rear_mu,-,103.850999,1.0499999523162842,2.0
rear_mu,-,103.916999,1.0499999523162842,2.0
rear_mu,-,104.049000,1.0499999523162842,2.0
rear_mu,-,104.115000,1.0499999523162842,2.0
rear_mu,-,104.247000,1.0499999523162842,2.0
rear_mu,-,104.312999,1.0499999523162842,2.0
rear_mu,-,104.444999,1.0499999523162842,2.0
rear_mu,-,104.576999,1.0499999523162842,2.0
rear_mu,-,104.675999,1.0499999523162842,2.0
rear_mu,-,104.774999,1.0499999523162842,2.0
rear_mu,-,104.906999,1.0499999523162842,2.0
rear_mu,-,105.105000,1.0499999523162842,2.0
rear_mu,-,105.204000,1.0499999523162842,2.0
rear_mu,-,105.302999,1.0499999523162842,2.0
rear_mu,-,105.401999,1.0499999523162842,2.0
rear_mu,-,105.500999,1.0499999523162842,2.0
rear_mu,-,105.599999,1.0499999523162842,2.0
rear_mu,-,105.764999,1.0499999523162842,2.0
rear_mu,-,105.830999,1.0499999523162842,2.0
rear_mu,-,105.962999,1.0499999523162842,2.0
rear_mu,-,106.161000,1.0499999523162842,2.0
rear_mu,-,106.293000,1.0499999523162842,2.0
rear_mu,-,106.424999,1.0499999523162842,2.0
rear_mu,-,106.523999,1.0499999523162842,2.0
rear_mu,-,106.622999,1.0499999523162842,2.0
rear_mu,-,106.721999,1.0499999523162842,2.0
rear_mu,-,106.820999,1.0499999523162842,2.0
rear_mu,-,106.919999,1.0499999523162842,2.0
rear_mu,-,107.018999,1.0499999523162842,2.0
rear_mu,-,107.117999,1.0499999523162842,2.0
rear_mu,-,107.217000,1.0499999523162842,2.0
rear_mu,-,107.349000,1.0499999523162842,2.0
rear_mu,-,107.480999,1.0499999523162842,2.0
rear_mu,-,107.612999,1.0499999523162842,2.0
rear_mu,-,107.744999,1.0499999523162842,2.0
rear_mu,-,107.843999,1.0499999523162842,2.0
rear_mu,-,107.942999,1.0499999523162842,2.0
rear_mu,-,108.041999,1.0499999523162842,2.0
rear_mu,-,108.140999,1.0499999523162842,2.0
rear_mu,-,108.240000,1.0499999523162842,2.0
rear_mu,-,108.339000,1.0499999523162842,2.0
rear_mu,-,108.470999,1.0499999523162842,2.0
rear_mu,-,108.602999,1.0499999523162842,2.0
rear_mu,-,108.734999,1.0499999523162842,2.0
rear_mu,-,108.866999,1.0499999523162842,2.0
rear_mu,-,108.998999,1.0499999523162842,2.0
rear_mu,-,109.130999,1.0499999523162842,2.0
rear_mu,-,109.262999,1.0499999523162842,2.0
rear_mu,-,109.362000,1.0499999523162842,2.0
rear_mu,-,109.460999,1.0499999523162842,2.0
rear_mu,-,109.559999,1.0499999523162842,2.0
rear_mu,-,109.658999,1.0499999523162842,2.0
rear_mu,-,109.757999,1.0499999523162842,2.0
rear_mu,-,109.856999,1.0499999523162842,2.0
rear_mu,-,110.054999,1.0499999523162842,2.0
rear_mu,-,110.186999,1.0499999523162842,2.0
rear_mu,-,110.318999,1.0499999523162842,2.0
rear_mu,-,110.450999,1.0499999523162842,2.0
rear_mu,-,110.516999,1.0499999523162842,2.0
rear_mu,-,110.648999,1.0499999523162842,2.0
rear_mu,-,110.714999,1.0499999523162842,2.0
rear_mu,-,110.846999,1.0499999523162842,2.0
rear_mu,-,110.912999,1.0499999523162842,2.0
rear_mu,-,111.044999,1.0499999523162842,2.0
rear_mu,-,111.110999,1.0499999523162842,2.0
rear_mu,-,111.242999,1.0499999523162842,2.0
rear_mu,-,111.374999,1.0499999523162842,2.0
rear_mu,-,111.506999,1.0499999523162842,2.0
rear_mu,-,111.638999,1.0499999523162842,2.0
rear_mu,-,111.770999,1.0499999523162842,2.0
rear_mu,-,111.836999,1.0499999523162842,2.0
rear_mu,-,111.968999,1.0499999523162842,2.0
rear_mu,-,112.034999,1.0499999523162842,2.0
rear_mu,-,112.166999,1.0499999523162842,2.0
rear_mu,-,112.232999,1.0499999523162842,2.0
rear_mu,-,112.364999,1.0499999523162842,2.0
rear_mu,-,112.430999,1.0499999523162842,2.0
rear_mu,-,112.562999,1.0499999523162842,2.0
rear_mu,-,112.694999,1.0499999523162842,2.0
rear_mu,-,112.826999,1.0499999523162842,2.0
rear_mu,-,112.958999,1.0499999523162842,2.0
rear_mu,-,113.090999,1.0499999523162842,2.0
rear_mu,-,113.816999,1.0499999523162842,2.0
rear_mu,-,113.915999,1.0499999523162842,2.0
rear_mu,-,114.014999,1.0499999523162842,2.0
rear_mu,-,114.146999,1.0499999523162842,2.0
rear_mu,-,114.278999,1.0499999523162842,2.0
rear_mu,-,114.410999,1.0499999523162842,2.0
rear_mu,-,114.476999,1.0499999523162842,2.0
rear_mu,-,114.608999,1.0499999523162842,2.0
rear_mu,-,114.674999,1.0499999523162842,2.0
rear_mu,-,114.806999,1.0499999523162842,2.0
rear_mu,-,114.872999,1.0499999523162842,2.0
rear_mu,-,115.004999,1.0499999523162842,2.0
rear_mu,-,115.070999,1.0499999523162842,2.0
rear_mu,-,115.202999,1.0499999523162842,2.0
rear_mu,-,115.334999,1.0499999523162842,2.0
rear_mu,-,115.466999,1.0499999523162842,2.0
rear_mu,-,115.598999,1.0499999523162842,2.0
rear_mu,-,115.730999,1.0499999523162842,2.0
rear_mu,-,115.796999,1.0499999523162842,2.0
rear_mu,-,115.928999,1.0499999523162842,2.0
rear_mu,-,115.994999,1.0499999523162842,2.0
rear_mu,-,116.126999,1.0499999523162842,2.0
rear_mu,-,116.192999,1.0499999523162842,2.0
rear_mu,-,116.324999,1.0499999523162842,2.0
rear_mu,-,116.390999,1.0499999523162842,2.0
rear_mu,-,116.522999,1.0499999523162842,2.0
rear_mu,-,116.654999,1.0499999523162842,2.0
rear_mu,-,116.786999,1.0499999523162842,2.0
rear_mu,-,116.918999,1.0499999523162842,2.0
rear_mu,-,117.050999,1.0499999523162842,2.0
rear_mu,-,117.116999,1.0499999523162842,2.0
rear_mu,-,117.248999,1.0499999523162842,2.0
rear_mu,-,117.314999,1.0499999523162842,2.0
rear_mu,-,117.446999,1.0499999523162842,2.0
rear_mu,-,117.512999,1.0499999523162842,2.0
rear_mu,-,117.644999,1.0499999523162842,2.0
rear_mu,-,117.710999,1.0499999523162842,2.0
rear_mu,-,117.842999,1.0499999523162842,2.0
rear_mu,-,117.974999,1.0499999523162842,2.0
rear_mu,-,118.106999,1.0499999523162842,2.0
rear_mu,-,118.238999,1.0499999523162842,2.0
rear_mu,-,118.370999,1.0499999523162842,2.0
rear_mu,-,118.436999,1.0499999523162842,2.0
rear_mu,-,118.568999,1.0499999523162842,2.0
rear_mu,-,118.634999,1.0499999523162842,2.0
rear_mu,-,118.766999,1.0499999523162842,2.0
rear_mu,-,118.832999,1.0499999523162842,2.0
rear_mu,-,118.964999,1.0499999523162842,2.0
rear_mu,-,119.162999,1.0499999523162842,2.0
rear_mu,-,119.294999,1.0499999523162842,2.0
rear_mu,-,119.426999,1.0499999523162842,2.0
rear_mu,-,119.558999,1.0499999523162842,2.0
rear_mu,-,119.690999,1.0499999523162842,2.0
rear_mu,-,119.756999,1.0499999523162842,2.0
rear_mu,-,119.888999,1.0499999523162842,2.0
rear_mu,-,120.020999,1.0499999523162842,2.0
rear_mu,-,120.119999,1.0499999523162842,2.0
rear_mu,-,120.218999,1.0499999523162842,2.0
rear_mu,-,120.350999,1.0499999523162842,2.0
rear_mu,-,120.482999,1.0499999523162842,2.0
rear_mu,-,120.614999,1.0499999523162842,2.0
rear_mu,-,120.746999,1.0499999523162842,2.0
rear_mu,-,120.878999,1.0499999523162842,2.0
rear_mu,-,121.010999,1.0499999523162842,2.0
rear_mu,-,121.076999,1.0499999523162842,2.0
rear_mu,-,121.208999,1.0499999523162842,2.0
rear_mu,-,121.274999,1.0499999523162842,2.0
rear_mu,-,121.406999,1.0499999523162842,2.0
rear_mu,-,121.472999,1.0499999523162842,2.0
rear_mu,-,121.604999,1.0499999523162842,2.0
rear_mu,-,121.670999,1.0499999523162842,2.0
rear_mu,-,121.802999,1.0499999523162842,2.0
rear_mu,-,121.934999,1.0499999523162842,2.0
rear_mu,-,122.066999,1.0499999523162842,2.0
rear_mu,-,122.198999,1.0499999523162842,2.0
rear_mu,-,122.330999,1.0499999523162842,2.0
rear_mu,-,122.396999,1.0499999523162842,2.0
rear_mu,-,122.528999,1.0499999523162842,2.0
rear_mu,-,122.594999,1.0499999523162842,2.0
rear_mu,-,122.726999,1.0499999523162842,2.0
rear_mu,-,122.792999,1.0499999523162842,2.0
rear_mu,-,122.924999,1.0499999523162842,2.0
rear_mu,-,122.990999,1.0499999523162842,2.0
rear_mu,-,123.122999,1.0499999523162842,2.0
rear_mu,-,123.254999,1.0499999523162842,2.0
rear_mu,-,123.386999,1.0499999523162842,2.0
rear_mu,-,123.518999,1.0499999523162842,2.0
rear_mu,-,123.650999,1.0499999523162842,2.0
rear_mu,-,123.716999,1.0499999523162842,2.0
rear_mu,-,123.848999,1.0499999523162842,2.0
rear_mu,-,123.914999,1.0499999523162842,2.0
rear_mu,-,124.046999,1.0499999523162842,2.0
rear_mu,-,124.112999,1.0499999523162842,2.0
rear_mu,-,124.244999,1.0499999523162842,2.0
rear_mu,-,124.376999,1.0499999523162842,2.0
rear_mu,-,124.508999,1.0499999523162842,2.0
rear_mu,-,124.640999,1.0499999523162842,2.0
rear_mu,-,124.772999,1.0499999523162842,2.0
rear_mu,-,124.904999,1.0499999523162842,2.0
rear_mu,-,125.003999,1.0499999523162842,2.0
rear_mu,-,125.102999,1.0499999523162842,2.0
rear_mu,-,125.201999,1.0499999523162842,2.0
rear_mu,-,125.300999,1.0499999523162842,2.0
rear_mu,-,125.399999,1.0499999523162842,2.0
rear_mu,-,125.498999,1.0499999523162842,2.0
rear_mu,-,125.597999,1.0499999523162842,2.0
rear_mu,-,125.696999,1.0499999523162842,2.0
rear_mu,-,125.795999,1.0499999523162842,2.0
rear_mu,-,125.894999,1.0499999523162842,2.0
rear_mu,-,126.026999,1.0499999523162842,2.0
rear_mu,-,126.158999,1.0499999523162842,2.0
rear_mu,-,126.290999,1.0499999523162842,2.0
rear_mu,-,126.356999,1.0499999523162842,2.0
rear_mu,-,126.488999,1.0499999523162842,2.0
rear_mu,-,126.554999,1.0499999523162842,2.0
rear_mu,-,126.686999,1.0499999523162842,2.0
rear_mu,-,126.752999,1.0499999523162842,2.0
rear_mu,-,126.884999,1.0499999523162842,2.0
rear_mu,-,126.950999,1.0499999523162842,2.0
rear_mu,-,127.082999,1.0499999523162842,2.0
rear_mu,-,127.214999,1.0499999523162842,2.0
rear_mu,-,127.346999,1.0499999523162842,2.0
rear_mu,-,127.478999,1.0499999523162842,2.0
rear_mu,-,127.610999,1.0499999523162842,2.0
rear_mu,-,127.676999,1.0499999523162842,2.0
rear_mu,-,127.808999,1.0499999523162842,2.0
rear_mu,-,127.874999,1.0499999523162842,2.0
rear_mu,-,128.006999,1.0499999523162842,2.0
rear_mu,-,128.072999,1.0499999523162842,2.0
rear_mu,-,128.204999,1.0499999523162842,2.0
rear_mu,-,128.270999,1.0499999523162842,2.0
rear_mu,-,128.402999,1.0499999523162842,2.0
rear_mu,-,128.534999,1.0499999523162842,2.0
rear_mu,-,128.666999,1.0499999523162842,2.0
rear_mu,-,128.798999,1.0499999523162842,2.0
rear_mu,-,128.930999,1.0499999523162842,2.0
rear_mu,-,128.996999,1.0499999523162842,2.0
rear_mu,-,129.128999,1.0499999523162842,2.0
rear_mu,-,129.194999,1.0499999523162842,2.0
rear_mu,-,129.326999,1.0499999523162842,2.0
rear_mu,-,129.392999,1.0499999523162842,2.0
rear_mu,-,129.524999,1.0499999523162842,2.0
rear_mu,-,129.590999,1.0499999523162842,2.0
rear_mu,-,129.722999,1.0499999523162842,2.0
rear_mu,-,129.788999,1.0499999523162842,2.0
rear_mu,-,129.920999,1.0499999523162842,2.0
rear_mu,-,130.052999,1.0499999523162842,2.0
rear_mu,-,130.184999,1.0499999523162842,2.0
rear_mu,-,130.283999,1.0499999523162842,2.0
rear_mu,-,130.382999,1.0499999523162842,2.0
rear_mu,-,130.481999,1.0499999523162842,2.0
rear_mu,-,130.580999,1.0499999523162842,2.0
rear_mu,-,130.679999,1.0499999523162842,2.0
rear_mu,-,130.778999,1.0499999523162842,2.0
rear_mu,-,130.910999,1.0499999523162842,2.0
rear_mu,-,131.042999,1.0499999523162842,2.0
rear_mu,-,131.174999,1.0499999523162842,2.0
rear_mu,-,131.306999,1.0499999523162842,2.0
rear_mu,-,131.438999,1.0499999523162842,2.0
rear_mu,-,131.570999,1.0499999523162842,2.0
rear_mu,-,131.636999,1.0499999523162842,2.0
rear_mu,-,131.768999,1.0499999523162842,2.0
rear_mu,-,131.834999,1.0499999523162842,2.0
rear_mu,-,131.966999,1.0499999523162842,2.0
rear_mu,-,132.032999,1.0499999523162842,2.0
rear_mu,-,132.164999,1.0499999523162842,2.0
rear_mu,-,132.230999,1.0499999523162842,2.0
rear_mu,-,132.362999,1.0499999523162842,2.0
rear_mu,-,132.494999,1.0499999523162842,2.0
rear_mu,-,132.626999,1.0499999523162842,2.0
rear_mu,-,132.758999,1.0499999523162842,2.0
rear_mu,-,132.890999,1.0499999523162842,2.0
rear_mu,-,132.956999,1.0499999523162842,2.0
rear_mu,-,133.088999,1.0499999523162842,2.0
rear_mu,-,133.154999,1.0499999523162842,2.0
rear_mu,-,133.286999,1.0499999523162842,2.0
rear_mu,-,133.352999,1.0499999523162842,2.0
rear_mu,-,133.484999,1.0499999523162842,2.0
rear_mu,-,133.550999,1.0499999523162842,2.0
rear_mu,-,133.682999,1.0499999523162842,2.0
rear_mu,-,133.814999,1.0499999523162842,2.0
rear_mu,-,133.946999,1.0499999523162842,2.0
rear_mu,-,134.078999,1.0499999523162842,2.0
rear_mu,-,134.210999,1.0499999523162842,2.0
rear_mu,-,134.276999,1.0499999523162842,2.0
rear_mu,-,134.408999,1.0499999523162842,2.0
rear_mu,-,134.474999,1.0499999523162842,2.0
rear_mu,-,134.606999,1.0499999523162842,2.0
rear_mu,-,134.672999,1.0499999523162842,2.0
rear_mu,-,134.804999,1.0499999523162842,2.0
rear_mu,-,134.870999,1.0499999523162842,2.0
rear_mu,-,135.002999,1.0499999523162842,2.0
rear_mu,-,135.134999,1.0499999523162842,2.0
rear_mu,-,135.266999,1.0499999523162842,2.0
rear_mu,-,135.398999,1.0499999523162842,2.0
rear_mu,-,135.530999,1.0499999523162842,2.0
rear_mu,-,135.596999,1.0499999523162842,2.0
rear_mu,-,135.728999,1.0499999523162842,2.0
rear_mu,-,135.794999,1.0499999523162842,2.0
rear_mu,-,135.926999,1.0499999523162842,2.0
rear_mu,-,135.992999,1.0499999523162842,2.0
rear_mu,-,136.124999,1.0499999523162842,2.0
rear_mu,-,136.256999,1.0499999523162842,2.0
rear_mu,-,136.388999,1.0499999523162842,2.0
rear_mu,-,136.520999,1.0499999523162842,2.0
rear_mu,-,136.652999,1.0499999523162842,2.0
rear_mu,-,136.784999,1.0499999523162842,2.0
rear_mu,-,136.883999,1.0499999523162842,2.0
rear_mu,-,136.982999,1.0499999523162842,2.0
rear_mu,-,137.081999,1.0499999523162842,2.0
rear_mu,-,137.180999,1.0499999523162842,2.0
rear_mu,-,137.279999,1.0499999523162842,2.0
rear_mu,-,137.378999,1.0499999523162842,2.0
rear_mu,-,137.477999,1.0499999523162842,2.0
rear_mu,-,137.576999,1.0499999523162842,2.0
rear_mu,-,137.708999,1.0499999523162842,2.0
rear_mu,-,137.840999,1.0499999523162842,2.0
rear_mu,-,137.972999,1.0499999523162842,2.0
rear_mu,-,138.104999,1.0499999523162842,2.0
rear_mu,-,138.203999,1.0499999523162842,2.0
rear_mu,-,138.302999,1.0499999523162842,2.0
rear_mu,-,138.401999,1.0499999523162842,2.0
rear_mu,-,138.500999,1.0499999523162842,2.0
rear_mu,-,138.599999,1.0499999523162842,2.0
rear_mu,-,138.698999,1.0499999523162842,2.0
rear_mu,-,138.797999,1.0499999523162842,2.0
rear_mu,-,138.896999,1.0499999523162842,2.0
rear_mu,-,139.028999,1.0499999523162842,2.0
rear_mu,-,139.160999,1.0499999523162842,2.0
rear_mu,-,139.292999,1.0499999523162842,2.0
rear_mu,-,139.424999,1.0499999523162842,2.0
rear_mu,-,139.523999,1.0499999523162842,2.0
rear_mu,-,139.622999,1.0499999523162842,2.0
rear_mu,-,139.721999,1.0499999523162842,2.0
rear_mu,-,139.820999,1.0499999523162842,2.0
rear_mu,-,139.919999,1.0499999523162842,2.0
rear_mu,-,140.018999,1.0499999523162842,2.0
rear_mu,-,140.117999,1.0499999523162842,2.0
rear_mu,-,140.216999,1.0499999523162842,2.0
rear_mu,-,140.348999,1.0499999523162842,2.0
rear_mu,-,140.480999,1.0499999523162842,2.0
rear_mu,-,140.612999,1.0499999523162842,2.0
rear_mu,-,140.744999,1.0499999523162842,2.0
rear_mu,-,140.843999,1.0499999523162842,2.0
rear_mu,-,140.942999,1.0499999523162842,2.0
rear_mu,-,141.041999,1.0499999523162842,2.0
rear_mu,-,141.140999,1.0499999523162842,2.0
rear_mu,-,141.239999,1.0499999523162842,2.0
rear_mu,-,141.338999,1.0499999523162842,2.0
rear_mu,-,141.437999,1.0499999523162842,2.0
rear_mu,-,141.536999,1.0499999523162842,2.0
rear_mu,-,141.668999,1.0499999523162842,2.0
rear_mu,-,141.800999,1.0499999523162842,2.0
rear_mu,-,141.932999,1.0499999523162842,2.0
rear_mu,-,142.064999,1.0499999523162842,2.0
rear_mu,-,142.163999,1.0499999523162842,2.0
rear_mu,-,142.262999,1.0499999523162842,2.0
rear_mu,-,142.361999,1.0499999523162842,2.0
rear_mu,-,142.460999,1.0499999523162842,2.0
rear_mu,-,142.559999,1.0499999523162842,2.0
rear_mu,-,142.658999,1.0499999523162842,2.0
rear_mu,-,142.757999,1.0499999523162842,2.0
rear_mu,-,142.856999,1.0499999523162842,2.0
rear_mu,-,142.988999,1.0499999523162842,2.0
rear_mu,-,143.120999,1.0499999523162842,2.0
rear_mu,-,143.252999,1.0499999523162842,2.0
rear_mu,-,143.384999,1.0499999523162842,2.0
rear_mu,-,143.483999,1.0499999523162842,2.0
rear_mu,-,143.582999,1.0499999523162842,2.0
rear_mu,-,143.681999,1.0499999523162842,2.0
rear_mu,-,143.780999,1.0499999523162842,2.0
rear_mu,-,143.879999,1.0499999523162842,2.0
rear_mu,-,143.978999,1.0499999523162842,2.0
rear_mu,-,144.077999,1.0499999523162842,2.0
rear_mu,-,144.176999,1.0499999523162842,2.0
rear_mu,-,144.308999,1.0499999523162842,2.0
rear_mu,-,144.440999,1.0499999523162842,2.0
rear_mu,-,144.572999,1.0499999523162842,2.0
rear_mu,-,144.704999,1.0499999523162842,2.0
rear_mu,-,144.803999,1.0499999523162842,2.0
rear_mu,-,144.902999,1.0499999523162842,2.0
rear_mu,-,145.001999,1.0499999523162842,2.0
rear_mu,-,145.100999,1.0499999523162842,2.0
rear_mu,-,145.199999,1.0499999523162842,2.0
rear_mu,-,145.298999,1.0499999523162842,2.0
rear_mu,-,145.430999,1.0499999523162842,2.0
rear_mu,-,145.562999,1.0499999523162842,2.0
rear_mu,-,145.694999,1.0499999523162842,2.0
rear_mu,-,145.826999,1.0499999523162842,2.0
rear_mu,-,145.958999,1.0499999523162842,2.0
rear_mu,-,146.090999,1.0499999523162842,2.0
rear_mu,-,146.156999,1.0499999523162842,2.0
rear_mu,-,146.288999,1.0499999523162842,2.0
rear_mu,-,146.354999,1.0499999523162842,2.0
rear_mu,-,146.486999,1.0499999523162842,2.0
rear_mu,-,146.552999,1.0499999523162842,2.0
rear_mu,-,146.684999,1.0499999523162842,2.0
rear_mu,-,146.750999,1.0499999523162842,2.0
rear_mu,-,146.882999,1.0499999523162842,2.0
rear_mu,-,147.014999,1.0499999523162842,2.0
rear_mu,-,147.146999,1.0499999523162842,2.0
rear_mu,-,147.278999,1.0499999523162842,2.0
rear_mu,-,147.410999,1.0499999523162842,2.0
rear_mu,-,147.476999,1.0499999523162842,2.0
rear_mu,-,147.608999,1.0499999523162842,2.0
rear_mu,-,147.674999,1.0499999523162842,2.0
rear_mu,-,147.806999,1.0499999523162842,2.0
rear_mu,-,147.872999,1.0499999523162842,2.0
rear_mu,-,148.004999,1.0499999523162842,2.0
rear_mu,-,148.136999,1.0499999523162842,2.0
rear_mu,-,148.268999,1.0499999523162842,2.0
rear_mu,-,148.400999,1.0499999523162842,2.0
rear_mu,-,148.532999,1.0499999523162842,2.0
rear_mu,-,148.664999,1.0499999523162842,2.0
rear_mu,-,148.763999,1.0499999523162842,2.0
rear_mu,-,148.862999,1.0499999523162842,2.0
rear_mu,-,148.961999,1.0499999523162842,2.0
rear_mu,-,149.060999,1.0499999523162842,2.0
rear_mu,-,149.159999,1.0499999523162842,2.0
rear_mu,-,149.258999,1.0499999523162842,2.0
rear_mu,-,149.390999,1.0499999523162842,2.0
rear_mu,-,149.522999,1.0499999523162842,2.0
rear_mu,-,149.654999,1.0499999523162842,2.0
rear_mu,-,149.786999,1.0499999523162842,2.0
rear_mu,-,149.918999,1.0499999523162842,2.0
rear_mu,-,150.050999,1.0499999523162842,2.0
rear_mu,-,150.116999,1.0499999523162842,2.0
rear_mu,-,150.248999,1.0499999523162842,2.0
rear_mu,-,150.314999,1.0499999523162842,2.0
rear_mu,-,150.446999,1.0499999523162842,2.0
rear_mu,-,150.512999,1.0499999523162842,2.0
rear_mu,-,150.644999,1.0499999523162842,2.0
rear_mu,-,150.776999,1.0499999523162842,2.0
rear_mu,-,150.908999,1.0499999523162842,2.0
rear_mu,-,151.040999,1.0499999523162842,2.0
rear_mu,-,151.172999,1.0499999523162842,2.0
rear_mu,-,151.304999,1.0499999523162842,2.0
rear_mu,-,151.403999,1.0499999523162842,2.0
rear_mu,-,151.502999,1.0499999523162842,2.0
rear_mu,-,151.601999,1.0499999523162842,2.0
rear_mu,-,151.700999,1.0499999523162842,2.0
rear_mu,-,151.799999,1.0499999523162842,2.0
rear_mu,-,151.898999,1.0499999523162842,2.0
rear_mu,-,151.997999,1.0499999523162842,2.0
rear_mu,-,152.096999,1.0499999523162842,2.0
rear_mu,-,152.228999,1.0499999523162842,2.0
rear_mu,-,152.360999,1.0499999523162842,2.0
rear_mu,-,152.558999,1.0499999523162842,2.0
rear_mu,-,152.690999,1.0499999523162842,2.0
rear_mu,-,152.756999,1.0499999523162842,2.0
rear_mu,-,152.888999,1.0499999523162842,2.0
rear_mu,-,152.954999,1.0499999523162842,2.0
rear_mu,-,153.086999,1.0499999523162842,2.0
rear_mu,-,153.152999,1.0499999523162842,2.0
rear_mu,-,153.284999,1.0499999523162842,2.0
rear_mu,-,153.350999,1.0499999523162842,2.0
rear_mu,-,153.482999,1.0499999523162842,2.0
rear_mu,-,153.614999,1.0499999523162842,2.0
rear_mu,-,153.746999,1.0499999523162842,2.0
rear_mu,-,153.878999,1.0499999523162842,2.0
rear_mu,-,154.010999,1.0499999523162842,2.0
rear_mu,-,154.076999,1.0499999523162842,2.0
rear_mu,-,154.208999,1.0499999523162842,2.0
rear_mu,-,154.274999,1.0499999523162842,2.0
rear_mu,-,154.406999,1.0499999523162842,2.0
rear_mu,-,154.472999,1.0499999523162842,2.0
rear_mu,-,154.604999,1.0499999523162842,2.0
rear_mu,-,154.736999,1.0499999523162842,2.0
rear_mu,-,154.868999,1.0499999523162842,2.0
rear_mu,-,155.000999,1.0499999523162842,2.0
rear_mu,-,155.132999,1.0499999523162842,2.0
rear_mu,-,155.264999,1.0499999523162842,2.0
rear_mu,-,155.363999,1.0499999523162842,2.0
rear_mu,-,155.462999,1.0499999523162842,2.0
rear_mu,-,155.561999,1.0499999523162842,2.0
rear_mu,-,155.660999,1.0499999523162842,2.0
rear_mu,-,155.759999,1.0499999523162842,2.0
rear_mu,-,155.858999,1.0499999523162842,2.0
rear_mu,-,155.990999,1.0499999523162842,2.0
rear_mu,-,156.122999,1.0499999523162842,2.0
rear_mu,-,156.254999,1.0499999523162842,2.0
rear_mu,-,156.386999,1.0499999523162842,2.0
rear_mu,-,156.518999,1.0499999523162842,2.0
rear_mu,-,156.683999,1.0499999523162842,2.0
rear_mu,-,156.782999,1.0499999523162842,2.0
rear_mu,-,156.881999,1.0499999523162842,2.0
rear_mu,-,156.980999,1.0499999523162842,2.0
rear_mu,-,157.079999,1.0499999523162842,2.0
rear_mu,-,157.178999,1.0499999523162842,2.0
rear_mu,-,157.277999,1.0499999523162842,2.0
rear_mu,-,157.376999,1.0499999523162842,2.0
rear_mu,-,157.508999,1.0499999523162842,2.0
rear_mu,-,157.640999,1.0499999523162842,2.0
rear_mu,-,157.772999,1.0499999523162842,2.0
rear_mu,-,157.904999,1.0499999523162842,2.0
rear_mu,-,158.003999,1.0499999523162842,2.0
rear_mu,-,158.102999,1.0499999523162842,2.0
rear_mu,-,158.201999,1.0499999523162842,2.0
rear_mu,-,158.300999,1.0499999523162842,2.0
rear_mu,-,158.399999,1.0499999523162842,2.0
rear_mu,-,158.498999,1.0499999523162842,2.0
rear_mu,-,158.630999,1.0499999523162842,2.0
rear_mu,-,158.762999,1.0499999523162842,2.0
rear_mu,-,158.894999,1.0499999523162842,2.0
rear_mu,-,159.026999,1.0499999523162842,2.0
rear_mu,-,159.158999,1.0499999523162842,2.0
rear_mu,-,159.290999,1.0499999523162842,2.0
rear_mu,-,159.356999,1.0499999523162842,2.0
rear_mu,-,159.488999,1.0499999523162842,2.0
rear_mu,-,159.554999,1.0499999523162842,2.0
rear_mu,-,159.686999,1.0499999523162842,2.0
rear_mu,-,159.752999,1.0499999523162842,2.0
rear_mu,-,159.884999,1.0499999523162842,2.0
rear_mu,-,160.016999,1.0499999523162842,2.0
rear_mu,-,160.148999,1.0499999523162842,2.0
rear_mu,-,160.346999,1.0499999523162842,2.0
rear_mu,-,160.478999,1.0499999523162842,2.0
rear_mu,-,160.610999,1.0499999523162842,2.0
rear_mu,-,160.676999,1.0499999523162842,2.0
rear_mu,-,160.808999,1.0499999523162842,2.0
rear_mu,-,160.874999,1.0499999523162842,2.0
rear_mu,-,161.006999,1.0499999523162842,2.0
rear_mu,-,161.072999,1.0499999523162842,2.0
rear_mu,-,161.204999,1.0499999523162842,2.0
rear_mu,-,161.270999,1.0499999523162842,2.0
rear_mu,-,161.402999,1.0499999523162842,2.0
rear_mu,-,161.534999,1.0499999523162842,2.0
rear_mu,-,161.666999,1.0499999523162842,2.0
rear_mu,-,161.798999,1.0499999523162842,2.0
rear_mu,-,161.930999,1.0499999523162842,2.0
rear_mu,-,161.996999,1.0499999523162842,2.0
rear_mu,-,162.128999,1.0499999523162842,2.0
rear_mu,-,162.194999,1.0499999523162842,2.0
rear_mu,-,162.326999,1.0499999523162842,2.0
rear_mu,-,162.392999,1.0499999523162842,2.0
rear_mu,-,162.524999,1.0499999523162842,2.0
rear_mu,-,162.590999,1.0499999523162842,2.0
rear_mu,-,162.722999,1.0499999523162842,2.0
rear_mu,-,162.854999,1.0499999523162842,2.0
rear_mu,-,162.986999,1.0499999523162842,2.0
rear_mu,-,163.118999,1.0499999523162842,2.0
rear_mu,-,163.250999,1.0499999523162842,2.0
rear_mu,-,163.316999,1.0499999523162842,2.0
rear_mu,-,163.448999,1.0499999523162842,2.0
rear_mu,-,163.514999,1.0499999523162842,2.0
rear_mu,-,163.646999,1.0499999523162842,2.0
rear_mu,-,163.712999,1.0499999523162842,2.0
rear_mu,-,163.844999,1.0499999523162842,2.0
rear_mu,-,163.910999,1.0499999523162842,2.0
rear_mu,-,164.042999,1.0499999523162842,2.0
rear_mu,-,164.174999,1.0499999523162842,2.0
rear_mu,-,164.306999,1.0499999523162842,2.0
rear_mu,-,164.438999,1.0499999523162842,2.0
rear_mu,-,164.570999,1.0499999523162842,2.0
rear_mu,-,164.636999,1.0499999523162842,2.0
rear_mu,-,164.768999,1.0499999523162842,2.0
rear_mu,-,164.834999,1.0499999523162842,2.0
rear_mu,-,164.966999,1.0499999523162842,2.0
rear_mu,-,165.032999,1.0499999523162842,2.0
rear_mu,-,165.164999,1.0499999523162842,2.0
rear_mu,-,165.296999,1.0499999523162842,2.0
rear_mu,-,165.428999,1.0499999523162842,2.0
rear_mu,-,165.560999,1.0499999523162842,2.0
rear_mu,-,165.692999,1.0499999523162842,2.0
rear_mu,-,165.824999,1.0499999523162842,2.0
rear_mu,-,165.923999,1.0499999523162842,2.0
rear_mu,-,166.022999,1.0499999523162842,2.0
rear_mu,-,166.121999,1.0499999523162842,2.0
rear_mu,-,166.220999,1.0499999523162842,2.0
rear_mu,-,166.352999,1.0499999523162842,2.0
rear_mu,-,166.484999,1.0499999523162842,2.0
rear_mu,-,166.616999,1.0499999523162842,2.0
rear_mu,-,166.748999,1.0499999523162842,2.0
rear_mu,-,166.880999,1.0499999523162842,2.0
rear_mu,-,167.012999,1.0499999523162842,2.0
rear_mu,-,167.144999,1.0499999523162842,2.0
rear_mu,-,167.243999,1.0499999523162842,2.0
rear_mu,-,167.342999,1.0499999523162842,2.0
rear_mu,-,167.441999,1.0499999523162842,2.0
rear_mu,-,167.540999,1.0499999523162842,2.0
rear_mu,-,167.639999,1.0499999523162842,2.0
rear_mu,-,167.738999,1.0499999523162842,2.0
rear_mu,-,167.837999,1.0499999523162842,2.0
rear_mu,-,167.936999,1.0499999523162842,2.0
rear_mu,-,168.068999,1.0499999523162842,2.0
rear_mu,-,168.200999,1.0499999523162842,2.0
rear_mu,-,168.332999,1.0499999523162842,2.0
rear_mu,-,168.464999,1.0499999523162842,2.0
rear_mu,-,168.563999,1.0499999523162842,2.0
rear_mu,-,168.662999,1.0499999523162842,2.0
rear_mu,-,168.761999,1.0499999523162842,2.0
rear_mu,-,168.860999,1.0499999523162842,2.0
rear_mu,-,168.959999,1.0499999523162842,2.0
rear_mu,-,169.058999,1.0499999523162842,2.0
rear_mu,-,169.157999,1.0499999523162842,2.0
rear_mu,-,169.256999,1.0499999523162842,2.0
rear_mu,-,169.388999,1.0499999523162842,2.0
rear_mu,-,169.520999,1.0499999523162842,2.0
rear_mu,-,169.652999,1.0499999523162842,2.0
rear_mu,-,169.784999,1.0499999523162842,2.0
rear_mu,-,169.883999,1.0499999523162842,2.0
rear_mu,-,169.982999,1.0499999523162842,2.0
rear_mu,-,170.081999,1.0499999523162842,2.0
rear_mu,-,170.180999,1.0499999523162842,2.0
rear_mu,-,170.279999,1.0499999523162842,2.0
rear_mu,-,170.378999,1.0499999523162842,2.0
rear_mu,-,170.510999,1.0499999523162842,2.0
rear_mu,-,170.642999,1.0499999523162842,2.0
rear_mu,-,170.774999,1.0499999523162842,2.0
rear_mu,-,170.906999,1.0499999523162842,2.0
rear_mu,-,171.038999,1.0499999523162842,2.0
rear_mu,-,171.170999,1.0499999523162842,2.0
rear_mu,-,171.236999,1.0499999523162842,2.0
rear_mu,-,171.368999,1.0499999523162842,2.0
rear_mu,-,171.434999,1.0499999523162842,2.0
rear_mu,-,171.566999,1.0499999523162842,2.0
rear_mu,-,171.632999,1.0499999523162842,2.0
rear_mu,-,171.764999,1.0499999523162842,2.0
rear_mu,-,171.830999,1.0499999523162842,2.0
rear_mu,-,171.962999,1.0499999523162842,2.0
rear_mu,-,172.094999,1.0499999523162842,2.0
rear_mu,-,172.226999,1.0499999523162842,2.0
rear_mu,-,172.358999,1.0499999523162842,2.0
rear_mu,-,172.490999,1.0499999523162842,2.0
rear_mu,-,172.556999,1.0499999523162842,2.0
rear_mu,-,172.688999,1.0499999523162842,2.0
rear_mu,-,172.754999,1.0499999523162842,2.0
rear_mu,-,172.886999,1.0499999523162842,2.0
rear_mu,-,172.952999,1.0499999523162842,2.0
rear_mu,-,173.084999,1.0499999523162842,2.0
rear_mu,-,173.150999,1.0499999523162842,2.0
rear_mu,-,173.282999,1.0499999523162842,2.0
rear_mu,-,173.414999,1.0499999523162842,2.0
rear_mu,-,173.546999,1.0499999523162842,2.0
rear_mu,-,173.678999,1.0499999523162842,2.0
rear_mu,-,173.810999,1.0499999523162842,2.0
rear_mu,-,173.876999,1.0499999523162842,2.0
rear_mu,-,174.008999,1.0499999523162842,2.0
rear_mu,-,174.074999,1.0499999523162842,2.0
rear_mu,-,174.206999,1.0499999523162842,2.0
rear_mu,-,174.272999,1.0499999523162842,2.0
rear_mu,-,174.404999,1.0499999523162842,2.0
rear_mu,-,174.470999,1.0499999523162842,2.0
rear_mu,-,174.602999,1.0499999523162842,2.0
rear_mu,-,174.734999,1.0499999523162842,2.0
rear_mu,-,174.866999,1.0499999523162842,2.0
rear_mu,-,174.998999,1.0499999523162842,2.0
rear_mu,-,175.130999,1.0499999523162842,2.0
rear_mu,-,175.262999,1.0499999523162842,2.0
rear_mu,-,175.361999,1.0499999523162842,2.0
rear_mu,-,175.460999,1.0499999523162842,2.0
rear_mu,-,175.559999,1.0499999523162842,2.0
rear_mu,-,175.658999,1.0499999523162842,2.0
rear_mu,-,175.757999,1.0499999523162842,2.0
rear_mu,-,175.856999,1.0499999523162842,2.0
rear_mu,-,175.988999,1.0499999523162842,2.0
rear_mu,-,176.120999,1.0499999523162842,2.0
rear_mu,-,176.252999,1.0499999523162842,2.0
rear_mu,-,176.384999,1.0499999523162842,2.0
rear_mu,-,176.483999,1.0499999523162842,2.0
rear_mu,-,176.582999,1.0499999523162842,2.0
rear_mu,-,176.681999,1.0499999523162842,2.0
rear_mu,-,176.780999,1.0499999523162842,2.0
rear_mu,-,176.912999,1.0499999523162842,2.0
rear_mu,-,177.044999,1.0499999523162842,2.0
rear_mu,-,177.176999,1.0499999523162842,2.0
rear_mu,-,177.308999,1.0499999523162842,2.0
rear_mu,-,177.440999,1.0499999523162842,2.0
rear_mu,-,177.572999,1.0499999523162842,2.0
rear_mu,-,177.704999,1.0499999523162842,2.0
rear_mu,-,177.803999,1.0499999523162842,2.0
rear_mu,-,177.902999,1.0499999523162842,2.0
rear_mu,-,178.001999,1.0499999523162842,2.0
rear_mu,-,178.100999,1.0499999523162842,2.0
rear_mu,-,178.199999,1.0499999523162842,2.0
rear_mu,-,178.298999,1.0499999523162842,2.0
rear_mu,-,178.397999,1.0499999523162842,2.0
rear_mu,-,178.496999,1.0499999523162842,2.0
rear_mu,-,178.628999,1.0499999523162842,2.0
rear_mu,-,178.760999,1.0499999523162842,2.0
rear_mu,-,178.892999,1.0499999523162842,2.0
rear_mu,-,179.024999,1.0499999523162842,2.0
rear_mu,-,179.123999,1.0499999523162842,2.0
rear_mu,-,179.222999,1.0499999523162842,2.0
rear_mu,-,179.321999,1.0499999523162842,2.0
rear_mu,-,179.420999,1.0499999523162842,2.0
rear_mu,-,179.519999,1.0499999523162842,2.0
rear_mu,-,179.618999,1.0499999523162842,2.0
rear_mu,-,179.750999,1.0499999523162842,2.0
rear_mu,-,179.882999,1.0499999523162842,2.0
rear_mu,-,180.014999,1.0499999523162842,2.0
rear_mu,-,180.146999,1.0499999523162842,2.0
rear_mu,-,180.278999,1.0499999523162842,2.0
rear_mu,-,180.410999,1.0499999523162842,2.0
rear_mu,-,180.476999,1.0499999523162842,2.0
rear_mu,-,180.608999,1.0499999523162842,2.0
rear_mu,-,180.674999,1.0499999523162842,2.0
rear_mu,-,180.806999,1.0499999523162842,2.0
rear_mu,-,180.938999,1.0499999523162842,2.0
rear_mu,-,181.070999,1.0499999523162842,2.0
rear_mu,-,181.202999,1.0499999523162842,2.0
rear_mu,-,181.334999,1.0499999523162842,2.0
rear_mu,-,181.466999,1.0499999523162842,2.0
rear_mu,-,181.598999,1.0499999523162842,2.0
rear_mu,-,181.730999,1.0499999523162842,2.0
rear_mu,-,181.796999,1.0499999523162842,2.0
rear_mu,-,181.928999,1.0499999523162842,2.0
rear_mu,-,181.994999,1.0499999523162842,2.0
rear_mu,-,182.159999,1.0499999523162842,2.0
rear_mu,-,182.258999,1.0499999523162842,2.0
rear_mu,-,182.390999,1.0499999523162842,2.0
rear_mu,-,182.522999,1.0499999523162842,2.0
rear_mu,-,182.588999,1.0499999523162842,2.0
rear_mu,-,182.720999,1.0499999523162842,2.0
rear_mu,-,182.852999,1.0499999523162842,2.0
rear_mu,-,182.984999,1.0499999523162842,2.0
rear_mu,-,183.083999,1.0499999523162842,2.0
rear_mu,-,183.182999,1.0499999523162842,2.0
rear_mu,-,183.281999,1.0499999523162842,2.0
rear_mu,-,183.380999,1.0499999523162842,2.0
rear_mu,-,183.479999,1.0499999523162842,2.0
rear_mu,-,183.578999,1.0499999523162842,2.0
rear_mu,-,183.677999,1.0499999523162842,2.0
rear_mu,-,183.776999,1.0499999523162842,2.0
rear_mu,-,183.908999,1.0499999523162842,2.0
rear_mu,-,184.040999,1.0499999523162842,2.0
rear_mu,-,184.172999,1.0499999523162842,2.0
rear_mu,-,184.304999,1.0499999523162842,2.0
rear_mu,-,184.403999,1.0499999523162842,2.0
rear_mu,-,184.502999,1.0499999523162842,2.0
rear_mu,-,184.601999,1.0499999523162842,2.0
rear_mu,-,184.700999,1.0499999523162842,2.0
rear_mu,-,184.799999,1.0499999523162842,2.0
rear_mu,-,184.898999,1.0499999523162842,2.0
rear_mu,-,184.997999,1.0499999523162842,2.0
rear_mu,-,185.096999,1.0499999523162842,2.0
rear_mu,-,185.228999,1.0499999523162842,2.0
rear_mu,-,185.360999,1.0499999523162842,2.0
rear_mu,-,185.492999,1.0499999523162842,2.0
rear_mu,-,185.624999,1.0499999523162842,2.0
rear_mu,-,185.723999,1.0499999523162842,2.0
rear_mu,-,185.822999,1.0499999523162842,2.0
rear_mu,-,185.921999,1.0499999523162842,2.0
rear_mu,-,186.020999,1.0499999523162842,2.0
rear_mu,-,186.119999,1.0499999523162842,2.0
rear_mu,-,186.218999,1.0499999523162842,2.0
rear_mu,-,186.317999,1.0499999523162842,2.0
rear_mu,-,186.416999,1.0499999523162842,2.0
rear_mu,-,186.548999,1.0499999523162842,2.0
rear_mu,-,186.680999,1.0499999523162842,2.0
rear_mu,-,186.812999,1.0499999523162842,2.0
rear_mu,-,186.944999,1.0499999523162842,2.0
rear_mu,-,187.043999,1.0499999523162842,2.0
rear_mu,-,187.142999,1.0499999523162842,2.0
rear_mu,-,187.241999,1.0499999523162842,2.0
rear_mu,-,187.340999,1.0499999523162842,2.0
rear_mu,-,187.472999,1.0499999523162842,2.0
rear_mu,-,187.604999,1.0499999523162842,2.0
rear_mu,-,187.670999,1.0499999523162842,2.0
rear_mu,-,187.802999,1.0499999523162842,2.0
rear_mu,-,187.934999,1.0499999523162842,2.0
rear_mu,-,188.066999,1.0499999523162842,2.0
rear_mu,-,188.198999,1.0499999523162842,2.0
rear_mu,-,188.330999,1.0499999523162842,2.0
rear_mu,-,188.462999,1.0499999523162842,2.0
rear_mu,-,188.561999,1.0499999523162842,2.0
rear_mu,-,188.660999,1.0499999523162842,2.0
rear_mu,-,188.759999,1.0499999523162842,2.0
rear_mu,-,188.858999,1.0499999523162842,2.0
rear_mu,-,188.957999,1.0499999523162842,2.0
rear_mu,-,189.056999,1.0499999523162842,2.0
rear_mu,-,189.155999,1.0499999523162842,2.0
rear_mu,-,189.254999,1.0499999523162842,2.0
rear_mu,-,189.386999,1.0499999523162842,2.0
rear_mu,-,189.518999,1.0499999523162842,2.0
rear_mu,-,189.683999,1.0499999523162842,2.0
rear_mu,-,189.848999,1.0499999523162842,2.0
rear_mu,-,189.914999,1.0499999523162842,2.0
rear_mu,-,190.046999,1.0499999523162842,2.0
rear_mu,-,190.112999,1.0499999523162842,2.0
rear_mu,-,190.244999,1.0499999523162842,2.0
rear_mu,-,190.310999,1.0499999523162842,2.0
rear_mu,-,190.442999,1.0499999523162842,2.0
rear_mu,-,190.574999,1.0499999523162842,2.0
rear_mu,-,190.706999,1.0499999523162842,2.0
rear_mu,-,190.838999,1.0499999523162842,2.0
rear_mu,-,190.970999,1.0499999523162842,2.0
rear_mu,-,191.036999,1.0499999523162842,2.0
rear_mu,-,191.168999,1.0499999523162842,2.0
rear_mu,-,191.234999,1.0499999523162842,2.0
rear_mu,-,191.366999,1.0499999523162842,2.0
rear_mu,-,191.432999,1.0499999523162842,2.0
rear_mu,-,191.564999,1.0499999523162842,2.0
rear_mu,-,191.630999,1.0499999523162842,2.0
rear_mu,-,191.762999,1.0499999523162842,2.0
rear_mu,-,191.894999,1.0499999523162842,2.0
rear_mu,-,192.026999,1.0499999523162842,2.0
rear_mu,-,192.158999,1.0499999523162842,2.0
rear_mu,-,192.224999,1.0499999523162842,2.0
rear_mu,-,192.323999,1.0499999523162842,2.0
rear_mu,-,192.389999,1.0499999523162842,2.0
rear_mu,-,192.488999,1.0499999523162842,2.0
rear_mu,-,192.554999,1.0499999523162842,2.0
rear_mu,-,192.752999,1.0499999523162842,2.0
rear_mu,-,193.082999,1.0499999523162842,2.0
rear_mu,-,193.412999,1.0499999523162842,2.0
rear_mu,-,193.676999,1.0499999523162842,2.0
rear_mu,-,193.775999,1.0499999523162842,2.0
rear_mu,-,193.874999,1.0499999523162842,2.0
rear_mu,-,193.940999,1.0499999523162842,2.0
rear_mu,-,194.006999,1.0499999523162842,2.0
rear_mu,-,194.105999,1.0499999523162842,2.0
rear_mu,-,194.204999,1.0499999523162842,2.0
rear_mu,-,194.303999,1.0499999523162842,2.0
rear_mu,-,194.402999,1.0499999523162842,2.0
rear_mu,-,194.501999,1.0499999523162842,2.0
rear_mu,-,194.600999,1.0499999523162842,2.0
rear_mu,-,194.732999,1.0499999523162842,2.0
rear_mu,-,194.864999,1.0499999523162842,2.0
rear_mu,-,194.996999,1.0499999523162842,2.0
rear_mu,-,195.128999,1.0499999523162842,2.0
rear_mu,-,195.227999,1.0499999523162842,2.0
rear_mu,-,195.326999,1.0499999523162842,2.0
rear_mu,-,195.425999,1.0499999523162842,2.0
rear_mu,-,195.524999,1.0499999523162842,2.0
rear_mu,-,195.656999,1.0499999523162842,2.0
rear_mu,-,195.788999,1.0499999523162842,2.0
rear_mu,-,195.920999,1.0499999523162842,2.0
rear_mu,-,196.052999,1.0499999523162842,2.0
rear_mu,-,196.184999,1.0499999523162842,2.0
rear_mu,-,196.316999,1.0499999523162842,2.0
rear_mu,-,196.448999,1.0499999523162842,2.0
rear_mu,-,196.547999,1.0499999523162842,2.0
rear_mu,-,196.646999,1.0499999523162842,2.0
rear_mu,-,196.745999,1.0499999523162842,2.0
rear_mu,-,196.844999,1.0499999523162842,2.0
rear_mu,-,196.943999,1.0499999523162842,2.0
rear_mu,-,197.042999,1.0499999523162842,2.0
rear_mu,-,197.174999,1.0499999523162842,2.0
rear_mu,-,197.306999,1.0499999523162842,2.0
rear_mu,-,197.438999,1.0499999523162842,2.0
rear_mu,-,197.537999,1.0499999523162842,2.0
rear_mu,-,197.636999,1.0499999523162842,2.0
rear_mu,-,197.768999,1.0499999523162842,2.0
rear_mu,-,197.867999,1.0499999523162842,2.0
rear_mu,-,197.966999,1.0499999523162842,2.0
rear_mu,-,198.065999,1.0499999523162842,2.0
rear_mu,-,198.164999,1.0499999523162842,2.0
rear_mu,-,198.263999,1.0499999523162842,2.0
rear_mu,-,198.362999,1.0499999523162842,2.0
rear_mu,-,198.461999,1.0499999523162842,2.0
rear_mu,-,198.560999,1.0499999523162842,2.0
rear_mu,-,198.692999,1.0499999523162842,2.0
rear_mu,-,198.824999,1.0499999523162842,2.0
rear_mu,-,198.956999,1.0499999523162842,2.0
rear_mu,-,199.088999,1.0499999523162842,2.0
rear_mu,-,199.187999,1.0499999523162842,2.0
rear_mu,-,199.286999,1.0499999523162842,2.0
rear_mu,-,199.385999,1.0499999523162842,2.0
rear_mu,-,199.484999,1.0499999523162842,2.0
rear_mu,-,199.583999,1.0499999523162842,2.0
rear_mu,-,199.682999,1.0499999523162842,2.0
rear_mu,-,199.814999,1.0499999523162842,2.0
rear_mu,-,199.946999,1.0499999523162842,2.0
rear_mu,-,200.078999,1.0499999523162842,2.0
rear_mu,-,200.210999,1.0499999523162842,2.0
rear_mu,-,200.342999,1.0499999523162842,2.0
rear_mu,-,200.474999,1.0499999523162842,2.0
rear_mu,-,200.540999,1.0499999523162842,2.0
rear_mu,-,200.672999,1.0499999523162842,2.0
rear_mu,-,200.738999,1.0499999523162842,2.0
rear_mu,-,200.870999,1.0499999523162842,2.0
rear_mu,-,200.936999,1.0499999523162842,2.0
rear_mu,-,201.068999,1.0499999523162842,2.0
rear_mu,-,201.200999,1.0499999523162842,2.0
rear_mu,-,201.332999,1.0499999523162842,2.0
rear_mu,-,201.464999,1.0499999523162842,2.0
rear_mu,-,201.596999,1.0499999523162842,2.0
rear_mu,-,201.728999,1.0499999523162842,2.0
rear_mu,-,201.827999,1.0499999523162842,2.0
rear_mu,-,201.926999,1.0499999523162842,2.0
rear_mu,-,202.025999,1.0499999523162842,2.0
rear_mu,-,202.124999,1.0499999523162842,2.0
rear_mu,-,202.223999,1.0499999523162842,2.0
rear_mu,-,202.322999,1.0499999523162842,2.0
rear_mu,-,202.454999,1.0499999523162842,2.0
rear_mu,-,202.586999,1.0499999523162842,2.0
rear_mu,-,202.718999,1.0499999523162842,2.0
rear_mu,-,202.850999,1.0499999523162842,2.0
rear_mu,-,202.982999,1.0499999523162842,2.0
rear_mu,-,203.114999,1.0499999523162842,2.0
rear_mu,-,203.180999,1.0499999523162842,2.0
rear_mu,-,203.312999,1.0499999523162842,2.0
rear_mu,-,203.378999,1.0499999523162842,2.0
rear_mu,-,203.510999,1.0499999523162842,2.0
rear_mu,-,203.576999,1.0499999523162842,2.0
rear_mu,-,203.708999,1.0499999523162842,2.0
rear_mu,-,203.774999,1.0499999523162842,2.0
rear_mu,-,203.906999,1.0499999523162842,2.0
rear_mu,-,204.038999,1.0499999523162842,2.0
rear_mu,-,204.170999,1.0499999523162842,2.0
rear_mu,-,204.302999,1.0499999523162842,2.0
rear_mu,-,204.434999,1.0499999523162842,2.0
rear_mu,-,204.500999,1.0499999523162842,2.0
rear_mu,-,204.632999,1.0499999523162842,2.0
rear_mu,-,204.698999,1.0499999523162842,2.0
rear_mu,-,204.830999,1.0499999523162842,2.0
rear_mu,-,204.896999,1.0499999523162842,2.0
rear_mu,-,205.028999,1.0499999523162842,2.0
rear_mu,-,205.160999,1.0499999523162842,2.0
rear_mu,-,205.292999,1.0499999523162842,2.0
rear_mu,-,205.424999,1.0499999523162842,2.0
rear_mu,-,205.556999,1.0499999523162842,2.0
rear_mu,-,205.688999,1.0499999523162842,2.0
rear_mu,-,205.787999,1.0499999523162842,2.0
rear_mu,-,205.886999,1.0499999523162842,2.0
rear_mu,-,205.985999,1.0499999523162842,2.0
rear_mu,-,206.084999,1.0499999523162842,2.0
rear_mu,-,206.183999,1.0499999523162842,2.0
rear_mu,-,206.282999,1.0499999523162842,2.0
rear_mu,-,206.381999,1.0499999523162842,2.0
rear_mu,-,206.480999,1.0499999523162842,2.0
rear_mu,-,206.612999,1.0499999523162842,2.0
rear_mu,-,206.744999,1.0499999523162842,2.0
rear_mu,-,206.876999,1.0499999523162842,2.0
rear_mu,-,207.008999,1.0499999523162842,2.0
rear_mu,-,207.107999,1.0499999523162842,2.0
rear_mu,-,207.206999,1.0499999523162842,2.0
rear_mu,-,207.305999,1.0499999523162842,2.0
rear_mu,-,207.404999,1.0499999523162842,2.0
rear_mu,-,207.503999,1.0499999523162842,2.0
rear_mu,-,207.602999,1.0499999523162842,2.0
rear_mu,-,207.701999,1.0499999523162842,2.0
rear_mu,-,207.800999,1.0499999523162842,2.0
rear_mu,-,207.899999,1.0499999523162842,2.0
rear_mu,-,207.998999,1.0499999523162842,2.0
rear_mu,-,208.097999,1.0499999523162842,2.0
rear_mu,-,208.196999,1.0499999523162842,2.0
rear_mu,-,208.295999,1.0499999523162842,2.0
rear_mu,-,208.361999,1.0499999523162842,2.0
rear_mu,-,208.493999,1.0499999523162842,2.0
rear_mu,-,208.592999,1.0499999523162842,2.0
rear_mu,-,208.724999,1.0499999523162842,2.0
rear_mu,-,208.856999,1.0499999523162842,2.0
rear_mu,-,208.922999,1.0499999523162842,2.0
rear_mu,-,209.021999,1.0499999523162842,2.0
rear_mu,-,209.087999,1.0499999523162842,2.0
rear_mu,-,209.186999,1.0499999523162842,2.0
rear_mu,-,209.285999,1.0499999523162842,2.0
rear_mu,-,209.516999,1.0499999523162842,2.0
rear_mu,-,209.615999,1.0499999523162842,2.0
rear_mu,-,209.714999,1.0499999523162842,2.0
rear_mu,-,209.813999,1.0499999523162842,2.0
rear_mu,-,209.912999,1.0499999523162842,2.0
rear_mu,-,210.011999,1.0499999523162842,2.0
rear_mu,-,210.110999,1.0499999523162842,2.0
rear_mu,-,210.209999,1.0499999523162842,2.0
rear_mu,-,210.308999,1.0499999523162842,2.0
rear_mu,-,210.440999,1.0499999523162842,2.0
rear_mu,-,210.572999,1.0499999523162842,2.0
rear_mu,-,210.704999,1.0499999523162842,2.0
rear_mu,-,210.836999,1.0499999523162842,2.0
rear_mu,-,210.935999,1.0499999523162842,2.0
rear_mu,-,211.034999,1.0499999523162842,2.0
rear_mu,-,211.133999,1.0499999523162842,2.0
rear_mu,-,211.232999,1.0499999523162842,2.0
rear_mu,-,211.331999,1.0499999523162842,2.0
rear_mu,-,211.430999,1.0499999523162842,2.0
rear_mu,-,211.529999,1.0499999523162842,2.0
rear_mu,-,211.628999,1.0499999523162842,2.0
rear_mu,-,211.760999,1.0499999523162842,2.0
rear_mu,-,211.892999,1.0499999523162842,2.0
rear_mu,-,212.024999,1.0499999523162842,2.0
rear_mu,-,212.156999,1.0499999523162842,2.0
rear_mu,-,212.255999,1.0499999523162842,2.0
rear_mu,-,212.354999,1.0499999523162842,2.0
rear_mu,-,212.453999,1.0499999523162842,2.0
rear_mu,-,212.552999,1.0499999523162842,2.0
rear_mu,-,212.651999,1.0499999523162842,2.0
rear_mu,-,212.750999,1.0499999523162842,2.0
rear_mu,-,212.849999,1.0499999523162842,2.0
rear_mu,-,212.948999,1.0499999523162842,2.0
rear_mu,-,213.080999,1.0499999523162842,2.0
rear_mu,-,213.212999,1.0499999523162842,2.0
rear_mu,-,213.344999,1.0499999523162842,2.0
rear_mu,-,213.476999,1.0499999523162842,2.0
rear_mu,-,213.575999,1.0499999523162842,2.0
rear_mu,-,213.674999,1.0499999523162842,2.0
rear_mu,-,213.773999,1.0499999523162842,2.0
rear_mu,-,213.872999,1.0499999523162842,2.0
rear_mu,-,213.971999,1.0499999523162842,2.0
rear_mu,-,214.070999,1.0499999523162842,2.0
rear_mu,-,214.169999,1.0499999523162842,2.0
rear_mu,-,214.268999,1.0499999523162842,2.0
rear_mu,-,214.400999,1.0499999523162842,2.0
rear_mu,-,214.532999,1.0499999523162842,2.0
rear_mu,-,214.664999,1.0499999523162842,2.0
rear_mu,-,214.796999,1.0499999523162842,2.0
rear_mu,-,214.895999,1.0499999523162842,2.0
rear_mu,-,214.994999,1.0499999523162842,2.0
rear_mu,-,215.093999,1.0499999523162842,2.0
rear_mu,-,215.192999,1.0499999523162842,2.0
rear_mu,-,215.291999,1.0499999523162842,2.0
rear_mu,-,215.390999,1.0499999523162842,2.0
rear_mu,-,215.489999,1.0499999523162842,2.0
rear_mu,-,215.588999,1.0499999523162842,2.0
rear_mu,-,215.720999,1.0499999523162842,2.0
rear_mu,-,215.852999,1.0499999523162842,2.0
rear_mu,-,215.984999,1.0499999523162842,2.0
rear_mu,-,216.116999,1.0499999523162842,2.0
rear_mu,-,216.215999,1.0499999523162842,2.0
rear_mu,-,216.314999,1.0499999523162842,2.0
rear_mu,-,216.413999,1.0499999523162842,2.0
rear_mu,-,216.512999,1.0499999523162842,2.0
rear_mu,-,216.611999,1.0499999523162842,2.0
rear_mu,-,216.710999,1.0499999523162842,2.0
rear_mu,-,216.809999,1.0499999523162842,2.0
rear_mu,-,216.908999,1.0499999523162842,2.0
rear_mu,-,217.040999,1.0499999523162842,2.0
rear_mu,-,217.172999,1.0499999523162842,2.0
rear_mu,-,217.304999,1.0499999523162842,2.0
rear_mu,-,217.436999,1.0499999523162842,2.0
rear_mu,-,217.535999,1.0499999523162842,2.0
rear_mu,-,217.634999,1.0499999523162842,2.0
rear_mu,-,217.733999,1.0499999523162842,2.0
rear_mu,-,217.832999,1.0499999523162842,2.0
rear_mu,-,217.931999,1.0499999523162842,2.0
rear_mu,-,218.030999,1.0499999523162842,2.0
rear_mu,-,218.129999,1.0499999523162842,2.0
rear_mu,-,218.228999,1.0499999523162842,2.0
rear_mu,-,218.360999,1.0499999523162842,2.0
rear_mu,-,218.492999,1.0499999523162842,2.0
rear_mu,-,218.558999,1.0499999523162842,2.0
rear_mu,-,218.690999,1.0499999523162842,2.0
rear_mu,-,218.822999,1.0499999523162842,2.0
rear_mu,-,218.888999,1.0499999523162842,2.0
rear_mu,-,219.020999,1.0499999523162842,2.0
rear_mu,-,219.086999,1.0499999523162842,2.0
rear_mu,-,219.218999,1.0499999523162842,2.0
rear_mu,-,219.284999,1.0499999523162842,2.0
rear_mu,-,219.416999,1.0499999523162842,2.0
rear_mu,-,219.482999,1.0499999523162842,2.0
rear_mu,-,219.614999,1.0499999523162842,2.0
rear_mu,-,219.746999,1.0499999523162842,2.0
rear_mu,-,219.878999,1.0499999523162842,2.0
rear_mu,-,220.010999,1.0499999523162842,2.0
rear_mu,-,220.142999,1.0499999523162842,2.0
rear_mu,-,220.208999,1.0499999523162842,2.0
rear_mu,-,220.340999,1.0499999523162842,2.0
rear_mu,-,220.406999,1.0499999523162842,2.0
rear_mu,-,220.472999,1.0499999523162842,2.0
rear_mu,-,220.604999,1.0499999523162842,2.0
rear_mu,-,220.670999,1.0499999523162842,2.0
rear_mu,-,220.802999,1.0499999523162842,2.0
rear_mu,-,220.868999,1.0499999523162842,2.0
rear_mu,-,220.967999,1.0499999523162842,2.0
rear_mu,-,221.066999,1.0499999523162842,2.0
rear_mu,-,221.165999,1.0499999523162842,2.0
rear_mu,-,221.264999,1.0499999523162842,2.0
rear_mu,-,221.396999,1.0499999523162842,2.0
rear_mu,-,221.495999,1.0499999523162842,2.0
rear_mu,-,221.594999,1.0499999523162842,2.0
rear_mu,-,221.693999,1.0499999523162842,2.0
rear_mu,-,221.792999,1.0499999523162842,2.0
rear_mu,-,221.891999,1.0499999523162842,2.0
rear_mu,-,221.990999,1.0499999523162842,2.0
rear_mu,-,222.089999,1.0499999523162842,2.0
rear_mu,-,222.188999,1.0499999523162842,2.0
rear_mu,-,222.320999,1.0499999523162842,2.0
rear_mu,-,222.452999,1.0499999523162842,2.0
rear_mu,-,222.584999,1.0499999523162842,2.0
rear_mu,-,222.716999,1.0499999523162842,2.0
rear_mu,-,222.815999,1.0499999523162842,2.0
rear_mu,-,222.914999,1.0499999523162842,2.0
rear_mu,-,223.013999,1.0499999523162842,2.0
rear_mu,-,223.112999,1.0499999523162842,2.0
rear_mu,-,223.211999,1.0499999523162842,2.0
rear_mu,-,223.310999,1.0499999523162842,2.0
rear_mu,-,223.409999,1.0499999523162842,2.0
rear_mu,-,223.508999,1.0499999523162842,2.0
rear_mu,-,223.640999,1.0499999523162842,2.0
rear_mu,-,223.772999,1.0499999523162842,2.0
rear_mu,-,223.904999,1.0499999523162842,2.0
rear_mu,-,224.036999,1.0499999523162842,2.0
rear_mu,-,224.135999,1.0499999523162842,2.0
rear_mu,-,224.234999,1.0499999523162842,2.0
rear_mu,-,224.333999,1.0499999523162842,2.0
rear_mu,-,224.432999,1.0499999523162842,2.0
rear_mu,-,224.531999,1.0499999523162842,2.0
rear_mu,-,224.630999,1.0499999523162842,2.0
rear_mu,-,224.729999,1.0499999523162842,2.0
rear_mu,-,224.828999,1.0499999523162842,2.0
rear_mu,-,224.960999,1.0499999523162842,2.0
rear_mu,-,225.092999,1.0499999523162842,2.0
rear_mu,-,225.224999,1.0499999523162842,2.0
rear_mu,-,225.422999,1.0499999523162842,2.0
rear_mu,-,225.488999,1.0499999523162842,2.0
rear_mu,-,225.620999,1.0499999523162842,2.0
rear_mu,-,225.686999,1.0499999523162842,2.0
rear_mu,-,225.752999,1.0499999523162842,2.0
rear_mu,-,225.851999,1.0499999523162842,2.0
rear_mu,-,225.917999,1.0499999523162842,2.0
rear_mu,-,226.016999,1.0499999523162842,2.0
rear_mu,-,226.082999,1.0499999523162842,2.0
rear_mu,-,226.214999,1.0499999523162842,2.0
rear_mu,-,226.280999,1.0499999523162842,2.0
rear_mu,-,226.412999,1.0499999523162842,2.0
rear_mu,-,226.478999,1.0499999523162842,2.0
rear_mu,-,226.610999,1.0499999523162842,2.0
rear_mu,-,226.676999,1.0499999523162842,2.0
rear_mu,-,226.775999,1.0499999523162842,2.0
rear_mu,-,226.841999,1.0499999523162842,2.0
rear_mu,-,226.940999,1.0499999523162842,2.0
rear_mu,-,227.138999,1.0499999523162842,2.0
rear_mu,-,227.468999,1.0499999523162842,2.0
rear_mu,-,227.798999,1.0499999523162842,2.0
rear_mu,-,228.128999,1.0499999523162842,2.0
rear_mu,-,228.458999,1.0499999523162842,2.0
rear_mu,-,228.788999,1.0499999523162842,2.0
rear_mu,-,229.118999,1.0499999523162842,2.0
rear_mu,-,229.448999,1.0499999523162842,2.0
rear_mu,-,229.514999,1.0499999523162842,2.0
rear_mu,-,229.646999,1.0499999523162842,2.0
rear_mu,-,229.778999,1.0499999523162842,2.0
rear_mu,-,229.844999,1.0499999523162842,2.0
rear_mu,-,229.976999,1.0499999523162842,2.0
rear_mu,-,230.042999,1.0499999523162842,2.0
rear_mu,-,230.174999,1.0499999523162842,2.0
rear_mu,-,230.240999,1.0499999523162842,2.0
rear_mu,-,230.372999,1.0499999523162842,2.0
rear_mu,-,230.504999,1.0499999523162842,2.0
rear_mu,-,230.636999,1.0499999523162842,2.0
rear_mu,-,230.768999,1.0499999523162842,2.0
rear_mu,-,230.900999,1.0499999523162842,2.0
rear_mu,-,231.032999,1.0499999523162842,2.0
rear_mu,-,231.131999,1.0499999523162842,2.0
rear_mu,-,231.230999,1.0499999523162842,2.0
rear_mu,-,231.329999,1.0499999523162842,2.0
rear_mu,-,231.428999,1.0499999523162842,2.0
rear_mu,-,231.527999,1.0499999523162842,2.0
rear_mu,-,231.626999,1.0499999523162842,2.0
rear_mu,-,231.758999,1.0499999523162842,2.0
rear_mu,-,231.890999,1.0499999523162842,2.0
rear_mu,-,232.022999,1.0499999523162842,2.0
rear_mu,-,232.154999,1.0499999523162842,2.0
rear_mu,-,232.286999,1.0499999523162842,2.0
rear_mu,-,232.418999,1.0499999523162842,2.0
rear_mu,-,232.484999,1.0499999523162842,2.0
rear_mu,-,232.616999,1.0499999523162842,2.0
rear_mu,-,232.682999,1.0499999523162842,2.0
rear_mu,-,232.814999,1.0499999523162842,2.0
rear_mu,-,232.880999,1.0499999523162842,2.0
rear_mu,-,233.012999,1.0499999523162842,2.0
rear_mu,-,233.144999,1.0499999523162842,2.0
rear_mu,-,233.276999,1.0499999523162842,2.0
rear_mu,-,233.408999,1.0499999523162842,2.0
rear_mu,-,233.540999,1.0499999523162842,2.0
rear_mu,-,233.672999,1.0499999523162842,2.0
rear_mu,-,233.771999,1.0499999523162842,2.0
rear_mu,-,233.870999,1.0499999523162842,2.0
rear_mu,-,233.969999,1.0499999523162842,2.0
rear_mu,-,234.068999,1.0499999523162842,2.0
rear_mu,-,234.167999,1.0499999523162842,2.0
rear_mu,-,234.266999,1.0499999523162842,2.0
rear_mu,-,234.398999,1.0499999523162842,2.0
rear_mu,-,234.530999,1.0499999523162842,2.0
rear_mu,-,234.662999,1.0499999523162842,2.0
rear_mu,-,234.794999,1.0499999523162842,2.0
rear_mu,-,234.926999,1.0499999523162842,2.0
rear_mu,-,235.058999,1.0499999523162842,2.0
rear_mu,-,235.124999,1.0499999523162842,2.0
rear_mu,-,235.256999,1.0499999523162842,2.0
rear_mu,-,235.322999,1.0499999523162842,2.0
rear_mu,-,235.454999,1.0499999523162842,2.0
rear_mu,-,235.520999,1.0499999523162842,2.0
rear_mu,-,235.652999,1.0499999523162842,2.0
rear_mu,-,235.784999,1.0499999523162842,2.0
rear_mu,-,235.916999,1.0499999523162842,2.0
rear_mu,-,236.048999,1.0499999523162842,2.0
rear_mu,-,236.180999,1.0499999523162842,2.0
rear_mu,-,236.312999,1.0499999523162842,2.0
rear_mu,-,236.411999,1.0499999523162842,2.0
rear_mu,-,236.510999,1.0499999523162842,2.0
rear_mu,-,236.609999,1.0499999523162842,2.0
rear_mu,-,236.708999,1.0499999523162842,2.0
rear_mu,-,236.807999,1.0499999523162842,2.0
rear_mu,-,236.906999,1.0499999523162842,2.0
rear_mu,-,237.038999,1.0499999523162842,2.0
rear_mu,-,237.170999,1.0499999523162842,2.0
rear_mu,-,237.302999,1.0499999523162842,2.0
rear_mu,-,237.434999,1.0499999523162842,2.0
rear_mu,-,237.566999,1.0499999523162842,2.0
rear_mu,-,237.698999,1.0499999523162842,2.0
rear_mu,-,237.764999,1.0499999523162842,2.0
rear_mu,-,237.896999,1.0499999523162842,2.0
rear_mu,-,237.962999,1.0499999523162842,2.0
rear_mu,-,238.094999,1.0499999523162842,2.0
rear_mu,-,238.160999,1.0499999523162842,2.0
rear_mu,-,238.292999,1.0499999523162842,2.0
rear_mu,-,238.424999,1.0499999523162842,2.0
rear_mu,-,238.556999,1.0499999523162842,2.0
rear_mu,-,238.688999,1.0499999523162842,2.0
rear_mu,-,238.820999,1.0499999523162842,2.0
rear_mu,-,238.952999,1.0499999523162842,2.0
rear_mu,-,239.051999,1.0499999523162842,2.0
rear_mu,-,239.150999,1.0499999523162842,2.0
rear_mu,-,239.249999,1.0499999523162842,2.0
rear_mu,-,239.348999,1.0499999523162842,2.0
rear_mu,-,239.447999,1.0499999523162842,2.0
rear_mu,-,239.546999,1.0499999523162842,2.0
rear_mu,-,239.645999,1.0499999523162842,2.0
rear_mu,-,239.744999,1.0499999523162842,2.0
rear_mu,-,239.876999,1.0499999523162842,2.0
rear_mu,-,240.008999,1.0499999523162842,2.0
rear_mu,-,240.140999,1.0499999523162842,2.0
rear_mu,-,240.272999,1.0499999523162842,2.0
rear_mu,-,240.371999,1.0499999523162842,2.0
rear_mu,-,240.470999,1.0499999523162842,2.0
rear_mu,-,240.569999,1.0499999523162842,2.0
rear_mu,-,240.668999,1.0499999523162842,2.0
rear_mu,-,240.767999,1.0499999523162842,2.0
rear_mu,-,240.866999,1.0499999523162842,2.0
rear_mu,-,240.998999,1.0499999523162842,2.0
rear_mu,-,241.130999,1.0499999523162842,2.0
rear_mu,-,241.262999,1.0499999523162842,2.0
rear_mu,-,241.394999,1.0499999523162842,2.0
rear_mu,-,241.526999,1.0499999523162842,2.0
rear_mu,-,241.658999,1.0499999523162842,2.0
rear_mu,-,241.724999,1.0499999523162842,2.0
rear_mu,-,241.856999,1.0499999523162842,2.0
rear_mu,-,241.922999,1.0499999523162842,2.0
rear_mu,-,242.054999,1.0499999523162842,2.0
rear_mu,-,242.120999,1.0499999523162842,2.0
rear_mu,-,242.252999,1.0499999523162842,2.0
rear_mu,-,242.384999,1.0499999523162842,2.0
rear_mu,-,242.516999,1.0499999523162842,2.0
rear_mu,-,242.648999,1.0499999523162842,2.0
rear_mu,-,242.780999,1.0499999523162842,2.0
rear_mu,-,242.912999,1.0499999523162842,2.0
rear_mu,-,243.011999,1.0499999523162842,2.0
rear_mu,-,243.110999,1.0499999523162842,2.0
rear_mu,-,243.209999,1.0499999523162842,2.0
rear_mu,-,243.308999,1.0499999523162842,2.0
rear_mu,-,243.407999,1.0499999523162842,2.0
rear_mu,-,243.506999,1.0499999523162842,2.0
rear_mu,-,243.638999,1.0499999523162842,2.0
rear_mu,-,243.770999,1.0499999523162842,2.0
rear_mu,-,243.902999,1.0499999523162842,2.0
rear_mu,-,244.034999,1.0499999523162842,2.0
rear_mu,-,244.166999,1.0499999523162842,2.0
rear_mu,-,244.298999,1.0499999523162842,2.0
rear_mu,-,244.364999,1.0499999523162842,2.0
rear_mu,-,244.496999,1.0499999523162842,2.0
rear_mu,-,244.562999,1.0499999523162842,2.0
rear_mu,-,244.694999,1.0499999523162842,2.0
rear_mu,-,244.760999,1.0499999523162842,2.0
rear_mu,-,244.892999,1.0499999523162842,2.0
rear_mu,-,245.024999,1.0499999523162842,2.0
rear_mu,-,245.156999,1.0499999523162842,2.0
rear_mu,-,245.288999,1.0499999523162842,2.0
rear_mu,-,245.420999,1.0499999523162842,2.0
rear_mu,-,245.552999,1.0499999523162842,2.0
rear_mu,-,245.651999,1.0499999523162842,2.0
rear_mu,-,245.750999,1.0499999523162842,2.0
rear_mu,-,245.849999,1.0499999523162842,2.0
rear_mu,-,245.948999,1.0499999523162842,2.0
rear_mu,-,246.047999,1.0499999523162842,2.0
rear_mu,-,246.146999,1.0499999523162842,2.0
rear_mu,-,246.278999,1.0499999523162842,2.0
rear_mu,-,246.410999,1.0499999523162842,2.0
rear_mu,-,246.542999,1.0499999523162842,2.0
rear_mu,-,246.674999,1.0499999523162842,2.0
rear_mu,-,246.806999,1.0499999523162842,2.0
rear_mu,-,246.938999,1.0499999523162842,2.0
rear_mu,-,247.004999,1.0499999523162842,2.0
rear_mu,-,247.136999,1.0499999523162842,2.0
rear_mu,-,247.202999,1.0499999523162842,2.0
rear_mu,-,247.334999,1.0499999523162842,2.0
rear_mu,-,247.400999,1.0499999523162842,2.0
rear_mu,-,247.532999,1.0499999523162842,2.0
rear_mu,-,247.664999,1.0499999523162842,2.0
rear_mu,-,247.796999,1.0499999523162842,2.0
rear_mu,-,247.928999,1.0499999523162842,2.0
rear_mu,-,248.060999,1.0499999523162842,2.0
rear_mu,-,248.192999,1.0499999523162842,2.0
rear_mu,-,248.291999,1.0499999523162842,2.0
rear_mu,-,248.390999,1.0499999523162842,2.0
rear_mu,-,248.489999,1.0499999523162842,2.0
rear_mu,-,248.588999,1.0499999523162842,2.0
rear_mu,-,248.687999,1.0499999523162842,2.0
rear_mu,-,248.786999,1.0499999523162842,2.0
rear_mu,-,248.918999,1.0499999523162842,2.0
rear_mu,-,249.050999,1.0499999523162842,2.0
rear_mu,-,249.182999,1.0499999523162842,2.0
rear_mu,-,249.314999,1.0499999523162842,2.0
rear_mu,-,249.446999,1.0499999523162842,2.0
rear_mu,-,249.578999,1.0499999523162842,2.0
rear_mu,-,249.644999,1.0499999523162842,2.0
rear_mu,-,249.776999,1.0499999523162842,2.0
rear_mu,-,249.842999,1.0499999523162842,2.0
rear_mu,-,249.974999,1.0499999523162842,2.0
rear_mu,-,250.040999,1.0499999523162842,2.0
rear_mu,-,250.172999,1.0499999523162842,2.0
rear_mu,-,250.238999,1.0499999523162842,2.0
rear_mu,-,250.370999,1.0499999523162842,2.0
rear_mu,-,250.502999,1.0499999523162842,2.0
rear_mu,-,250.634999,1.0499999523162842,2.0
rear_mu,-,250.766999,1.0499999523162842,2.0
rear_mu,-,250.898999,1.0499999523162842,2.0
rear_mu,-,250.964999,1.0499999523162842,2.0
rear_mu,-,251.096999,1.0499999523162842,2.0
rear_mu,-,251.162999,1.0499999523162842,2.0
rear_mu,-,251.294999,1.0499999523162842,2.0
rear_mu,-,251.426999,1.0499999523162842,2.0
rear_mu,-,251.558999,1.0499999523162842,2.0
rear_mu,-,251.690999,1.0499999523162842,2.0
rear_mu,-,251.822999,1.0499999523162842,2.0
rear_mu,-,251.954999,1.0499999523162842,2.0
rear_mu,-,252.086999,1.0499999523162842,2.0
rear_mu,-,252.218999,1.0499999523162842,2.0
rear_mu,-,252.284999,1.0499999523162842,2.0
rear_mu,-,252.416999,1.0499999523162842,2.0
rear_mu,-,252.482999,1.0499999523162842,2.0
rear_mu,-,252.614999,1.0499999523162842,2.0
rear_mu,-,252.680999,1.0499999523162842,2.0
rear_mu,-,252.812999,1.0499999523162842,2.0
rear_mu,-,252.944999,1.0499999523162842,2.0
rear_mu,-,253.076999,1.0499999523162842,2.0
rear_mu,-,253.208999,1.0499999523162842,2.0
rear_mu,-,253.340999,1.0499999523162842,2.0
rear_mu,-,253.472999,1.0499999523162842,2.0
rear_mu,-,253.571999,1.0499999523162842,2.0
rear_mu,-,253.670999,1.0499999523162842,2.0
rear_mu,-,253.769999,1.0499999523162842,2.0
rear_mu,-,253.868999,1.0499999523162842,2.0
rear_mu,-,253.967999,1.0499999523162842,2.0
rear_mu,-,254.066999,1.0499999523162842,2.0
rear_mu,-,254.198999,1.0499999523162842,2.0
rear_mu,-,254.330999,1.0499999523162842,2.0
rear_mu,-,254.462999,1.0499999523162842,2.0
rear_mu,-,254.594999,1.0499999523162842,2.0
rear_mu,-,254.726999,1.0499999523162842,2.0
rear_mu,-,254.858999,1.0499999523162842,2.0
rear_mu,-,254.924999,1.0499999523162842,2.0
rear_mu,-,255.056999,1.0499999523162842,2.0
rear_mu,-,255.122999,1.0499999523162842,2.0
rear_mu,-,255.254999,1.0499999523162842,2.0
rear_mu,-,255.320999,1.0499999523162842,2.0
rear_mu,-,255.452999,1.0499999523162842,2.0
rear_mu,-,255.584999,1.0499999523162842,2.0
rear_mu,-,255.716999,1.0499999523162842,2.0
rear_mu,-,255.848999,1.0499999523162842,2.0
rear_mu,-,255.980999,1.0499999523162842,2.0
rear_mu,-,256.112999,1.0499999523162842,2.0
rear_mu,-,256.211999,1.0499999523162842,2.0
rear_mu,-,256.310999,1.0499999523162842,2.0
rear_mu,-,256.409999,1.0499999523162842,2.0
rear_mu,-,256.508999,1.0499999523162842,2.0
rear_mu,-,256.607999,1.0499999523162842,2.0
rear_mu,-,256.706999,1.0499999523162842,2.0
rear_mu,-,256.838999,1.0499999523162842,2.0
rear_mu,-,256.970999,1.0499999523162842,2.0
rear_mu,-,257.102998,1.0499999523162842,2.0
rear_mu,-,257.234999,1.0499999523162842,2.0
rear_mu,-,257.366999,1.0499999523162842,2.0
rear_mu,-,257.498999,1.0499999523162842,2.0
rear_mu,-,257.564999,1.0499999523162842,2.0
rear_mu,-,257.696999,1.0499999523162842,2.0
rear_mu,-,257.762999,1.0499999523162842,2.0
rear_mu,-,257.894999,1.0499999523162842,2.0
rear_mu,-,257.960999,1.0499999523162842,2.0
rear_mu,-,258.092999,1.0499999523162842,2.0
rear_mu,-,258.224999,1.0499999523162842,2.0
rear_mu,-,258.356999,1.0499999523162842,2.0
rear_mu,-,258.488999,1.0499999523162842,2.0
rear_mu,-,258.620999,1.0499999523162842,2.0
rear_mu,-,258.752999,1.0499999523162842,2.0
rear_mu,-,258.851999,1.0499999523162842,2.0
rear_mu,-,258.950999,1.0499999523162842,2.0
rear_mu,-,259.049999,1.0499999523162842,2.0
rear_mu,-,259.148998,1.0499999523162842,2.0
rear_mu,-,259.247999,1.0499999523162842,2.0
rear_mu,-,259.346999,1.0499999523162842,2.0
rear_mu,-,259.478999,1.0499999523162842,2.0
rear_mu,-,259.610999,1.0499999523162842,2.0
rear_mu,-,259.742999,1.0499999523162842,2.0
rear_mu,-,259.874999,1.0499999523162842,2.0
rear_mu,-,260.006999,1.0499999523162842,2.0
rear_mu,-,260.138999,1.0499999523162842,2.0
rear_mu,-,260.204998,1.0499999523162842,2.0
rear_mu,-,260.336999,1.0499999523162842,2.0
rear_mu,-,260.402999,1.0499999523162842,2.0
rear_mu,-,260.534999,1.0499999523162842,2.0
rear_mu,-,260.600999,1.0499999523162842,2.0
rear_mu,-,260.798999,1.0499999523162842,2.0
rear_mu,-,260.930999,1.0499999523162842,2.0
rear_mu,-,261.062999,1.0499999523162842,2.0
rear_mu,-,261.194999,1.0499999523162842,2.0
rear_mu,-,261.326998,1.0499999523162842,2.0
rear_mu,-,261.458999,1.0499999523162842,2.0
rear_mu,-,261.524999,1.0499999523162842,2.0
rear_mu,-,261.656999,1.0499999523162842,2.0
rear_mu,-,261.722999,1.0499999523162842,2.0
rear_mu,-,261.854999,1.0499999523162842,2.0
rear_mu,-,261.920999,1.0499999523162842,2.0
rear_mu,-,262.052999,1.0499999523162842,2.0
rear_mu,-,262.184999,1.0499999523162842,2.0
rear_mu,-,262.316998,1.0499999523162842,2.0
rear_mu,-,262.448999,1.0499999523162842,2.0
rear_mu,-,262.580999,1.0499999523162842,2.0
rear_mu,-,262.712999,1.0499999523162842,2.0
rear_mu,-,262.811999,1.0499999523162842,2.0
rear_mu,-,262.910999,1.0499999523162842,2.0
rear_mu,-,263.009999,1.0499999523162842,2.0
rear_mu,-,263.108999,1.0499999523162842,2.0
rear_mu,-,263.207999,1.0499999523162842,2.0
rear_mu,-,263.306998,1.0499999523162842,2.0
rear_mu,-,263.405998,1.0499999523162842,2.0
rear_mu,-,263.504999,1.0499999523162842,2.0
rear_mu,-,263.636999,1.0499999523162842,2.0
rear_mu,-,263.768999,1.0499999523162842,2.0
rear_mu,-,263.900999,1.0499999523162842,2.0
rear_mu,-,264.032999,1.0499999523162842,2.0
rear_mu,-,264.131999,1.0499999523162842,2.0
rear_mu,-,264.230999,1.0499999523162842,2.0
rear_mu,-,264.329998,1.0499999523162842,2.0
rear_mu,-,264.428998,1.0499999523162842,2.0
rear_mu,-,264.527999,1.0499999523162842,2.0
rear_mu,-,264.626999,1.0499999523162842,2.0
rear_mu,-,264.758999,1.0499999523162842,2.0
rear_mu,-,264.890999,1.0499999523162842,2.0
rear_mu,-,265.022999,1.0499999523162842,2.0
rear_mu,-,265.154999,1.0499999523162842,2.0
rear_mu,-,265.286999,1.0499999523162842,2.0
rear_mu,-,265.418998,1.0499999523162842,2.0
rear_mu,-,265.484998,1.0499999523162842,2.0
rear_mu,-,265.616999,1.0499999523162842,2.0
rear_mu,-,265.682999,1.0499999523162842,2.0
rear_mu,-,265.814999,1.0499999523162842,2.0
rear_mu,-,265.880999,1.0499999523162842,2.0
rear_mu,-,266.012999,1.0499999523162842,2.0
rear_mu,-,266.144999,1.0499999523162842,2.0
rear_mu,-,266.276999,1.0499999523162842,2.0
rear_mu,-,266.408998,1.0499999523162842,2.0
rear_mu,-,266.540998,1.0499999523162842,2.0
rear_mu,-,266.639999,1.0499999523162842,2.0
rear_mu,-,266.738999,1.0499999523162842,2.0
rear_mu,-,266.804999,1.0499999523162842,2.0
rear_mu,-,266.936999,1.0499999523162842,2.0
rear_mu,-,267.002999,1.0499999523162842,2.0
rear_mu,-,267.134999,1.0499999523162842,2.0
rear_mu,-,267.200999,1.0499999523162842,2.0
rear_mu,-,267.332999,1.0499999523162842,2.0
rear_mu,-,267.398998,1.0499999523162842,2.0
rear_mu,-,267.530998,1.0499999523162842,2.0
rear_mu,-,267.662998,1.0499999523162842,2.0
rear_mu,-,267.794999,1.0499999523162842,2.0
rear_mu,-,267.926999,1.0499999523162842,2.0
rear_mu,-,268.058999,1.0499999523162842,2.0
rear_mu,-,268.124999,1.0499999523162842,2.0
rear_mu,-,268.256999,1.0499999523162842,2.0
rear_mu,-,268.322999,1.0499999523162842,2.0
rear_mu,-,268.454998,1.0499999523162842,2.0
rear_mu,-,268.520998,1.0499999523162842,2.0
rear_mu,-,268.652998,1.0499999523162842,2.0
rear_mu,-,268.784999,1.0499999523162842,2.0
rear_mu,-,268.916999,1.0499999523162842,2.0
rear_mu,-,269.048999,1.0499999523162842,2.0
rear_mu,-,269.180999,1.0499999523162842,2.0
rear_mu,-,269.312999,1.0499999523162842,2.0
rear_mu,-,269.411999,1.0499999523162842,2.0
rear_mu,-,269.510998,1.0499999523162842,2.0
rear_mu,-,269.609998,1.0499999523162842,2.0
rear_mu,-,269.708998,1.0499999523162842,2.0
rear_mu,-,269.807999,1.0499999523162842,2.0
rear_mu,-,269.906999,1.0499999523162842,2.0
rear_mu,-,270.038999,1.0499999523162842,2.0
rear_mu,-,270.170999,1.0499999523162842,2.0
rear_mu,-,270.302999,1.0499999523162842,2.0
rear_mu,-,270.434999,1.0499999523162842,2.0
rear_mu,-,270.566998,1.0499999523162842,2.0
rear_mu,-,270.698998,1.0499999523162842,2.0
rear_mu,-,270.764998,1.0499999523162842,2.0
rear_mu,-,270.896999,1.0499999523162842,2.0
rear_mu,-,270.962999,1.0499999523162842,2.0
rear_mu,-,271.094999,1.0499999523162842,2.0
rear_mu,-,271.160999,1.0499999523162842,2.0
rear_mu,-,271.292999,1.0499999523162842,2.0
rear_mu,-,271.358999,1.0499999523162842,2.0
rear_mu,-,271.490999,1.0499999523162842,2.0
rear_mu,-,271.622998,1.0499999523162842,2.0
rear_mu,-,271.754998,1.0499999523162842,2.0
rear_mu,-,271.886998,1.0499999523162842,2.0
rear_mu,-,272.018999,1.0499999523162842,2.0
rear_mu,-,272.084999,1.0499999523162842,2.0
rear_mu,-,272.216999,1.0499999523162842,2.0
rear_mu,-,272.282999,1.0499999523162842,2.0
rear_mu,-,272.414999,1.0499999523162842,2.0
rear_mu,-,272.480999,1.0499999523162842,2.0
rear_mu,-,272.612998,1.0499999523162842,2.0
rear_mu,-,272.744998,1.0499999523162842,2.0
rear_mu,-,272.876998,1.0499999523162842,2.0
rear_mu,-,273.008999,1.0499999523162842,2.0
rear_mu,-,273.140999,1.0499999523162842,2.0
rear_mu,-,273.272999,1.0499999523162842,2.0
rear_mu,-,273.371999,1.0499999523162842,2.0
rear_mu,-,273.470999,1.0499999523162842,2.0
rear_mu,-,273.569999,1.0499999523162842,2.0
rear_mu,-,273.668998,1.0499999523162842,2.0
rear_mu,-,273.767998,1.0499999523162842,2.0
rear_mu,-,273.866998,1.0499999523162842,2.0
rear_mu,-,273.965998,1.0499999523162842,2.0
rear_mu,-,274.064999,1.0499999523162842,2.0
rear_mu,-,274.196999,1.0499999523162842,2.0
rear_mu,-,274.328999,1.0499999523162842,2.0
rear_mu,-,274.460999,1.0499999523162842,2.0
rear_mu,-,274.592999,1.0499999523162842,2.0
rear_mu,-,274.691998,1.0499999523162842,2.0
rear_mu,-,274.790998,1.0499999523162842,2.0
rear_mu,-,274.889998,1.0499999523162842,2.0
rear_mu,-,274.988998,1.0499999523162842,2.0
rear_mu,-,275.087999,1.0499999523162842,2.0
rear_mu,-,275.186999,1.0499999523162842,2.0
rear_mu,-,275.318999,1.0499999523162842,2.0
rear_mu,-,275.450999,1.0499999523162842,2.0
rear_mu,-,275.582999,1.0499999523162842,2.0
rear_mu,-,275.714998,1.0499999523162842,2.0
rear_mu,-,275.846998,1.0499999523162842,2.0
rear_mu,-,275.978998,1.0499999523162842,2.0
rear_mu,-,276.044998,1.0499999523162842,2.0
rear_mu,-,276.176999,1.0499999523162842,2.0
rear_mu,-,276.242999,1.0499999523162842,2.0
rear_mu,-,276.374999,1.0499999523162842,2.0
rear_mu,-,276.440999,1.0499999523162842,2.0
rear_mu,-,276.572999,1.0499999523162842,2.0
rear_mu,-,276.638999,1.0499999523162842,2.0
rear_mu,-,276.770998,1.0499999523162842,2.0
rear_mu,-,276.902998,1.0499999523162842,2.0
rear_mu,-,277.034998,1.0499999523162842,2.0
rear_mu,-,277.166998,1.0499999523162842,2.0
rear_mu,-,277.298999,1.0499999523162842,2.0
rear_mu,-,277.364999,1.0499999523162842,2.0
rear_mu,-,277.496999,1.0499999523162842,2.0
rear_mu,-,277.562999,1.0499999523162842,2.0
rear_mu,-,277.694999,1.0499999523162842,2.0
rear_mu,-,277.760998,1.0499999523162842,2.0
rear_mu,-,277.892998,1.0499999523162842,2.0
rear_mu,-,278.024998,1.0499999523162842,2.0
rear_mu,-,278.156998,1.0499999523162842,2.0
rear_mu,-,278.288999,1.0499999523162842,2.0
rear_mu,-,278.420999,1.0499999523162842,2.0
rear_mu,-,278.552999,1.0499999523162842,2.0
rear_mu,-,278.651999,1.0499999523162842,2.0
rear_mu,-,278.750998,1.0499999523162842,2.0
rear_mu,-,278.849998,1.0499999523162842,2.0
rear_mu,-,278.948998,1.0499999523162842,2.0
rear_mu,-,279.047998,1.0499999523162842,2.0
rear_mu,-,279.146998,1.0499999523162842,2.0
rear_mu,-,279.278998,1.0499999523162842,2.0
rear_mu,-,279.410999,1.0499999523162842,2.0
rear_mu,-,279.542999,1.0499999523162842,2.0
rear_mu,-,279.674999,1.0499999523162842,2.0
rear_mu,-,279.806998,1.0499999523162842,2.0
rear_mu,-,279.938998,1.0499999523162842,2.0
rear_mu,-,280.004998,1.0499999523162842,2.0
rear_mu,-,280.136998,1.0499999523162842,2.0
rear_mu,-,280.202998,1.0499999523162842,2.0
rear_mu,-,280.334998,1.0499999523162842,2.0
rear_mu,-,280.400999,1.0499999523162842,2.0
rear_mu,-,280.532999,1.0499999523162842,2.0
rear_mu,-,280.598999,1.0499999523162842,2.0
rear_mu,-,280.730999,1.0499999523162842,2.0
rear_mu,-,280.862998,1.0499999523162842,2.0
rear_mu,-,280.994998,1.0499999523162842,2.0
rear_mu,-,281.126998,1.0499999523162842,2.0
rear_mu,-,281.258998,1.0499999523162842,2.0
rear_mu,-,281.324998,1.0499999523162842,2.0
rear_mu,-,281.456999,1.0499999523162842,2.0
rear_mu,-,281.522999,1.0499999523162842,2.0
rear_mu,-,281.654999,1.0499999523162842,2.0
rear_mu,-,281.720999,1.0499999523162842,2.0
rear_mu,-,281.852998,1.0499999523162842,2.0
rear_mu,-,281.984998,1.0499999523162842,2.0
rear_mu,-,282.116998,1.0499999523162842,2.0
rear_mu,-,282.248998,1.0499999523162842,2.0
rear_mu,-,282.380998,1.0499999523162842,2.0
rear_mu,-,282.512999,1.0499999523162842,2.0
rear_mu,-,282.611999,1.0499999523162842,2.0
rear_mu,-,282.710999,1.0499999523162842,2.0
rear_mu,-,282.842999,1.0499999523162842,2.0
rear_mu,-,282.974998,1.0499999523162842,2.0
rear_mu,-,283.040998,1.0499999523162842,2.0
rear_mu,-,283.172998,1.0499999523162842,2.0
rear_mu,-,283.304998,1.0499999523162842,2.0
rear_mu,-,283.436998,1.0499999523162842,2.0
rear_mu,-,283.568999,1.0499999523162842,2.0
rear_mu,-,283.700999,1.0499999523162842,2.0
rear_mu,-,283.832999,1.0499999523162842,2.0
rear_mu,-,283.931998,1.0499999523162842,2.0
rear_mu,-,284.030998,1.0499999523162842,2.0
rear_mu,-,284.129998,1.0499999523162842,2.0
rear_mu,-,284.228998,1.0499999523162842,2.0
rear_mu,-,284.327998,1.0499999523162842,2.0
rear_mu,-,284.426998,1.0499999523162842,2.0
rear_mu,-,284.558998,1.0499999523162842,2.0
rear_mu,-,284.690999,1.0499999523162842,2.0
rear_mu,-,284.822999,1.0499999523162842,2.0
rear_mu,-,284.954998,1.0499999523162842,2.0
rear_mu,-,285.086998,1.0499999523162842,2.0
rear_mu,-,285.218998,1.0499999523162842,2.0
rear_mu,-,285.284998,1.0499999523162842,2.0
rear_mu,-,285.416998,1.0499999523162842,2.0
rear_mu,-,285.482998,1.0499999523162842,2.0
rear_mu,-,285.614998,1.0499999523162842,2.0
rear_mu,-,285.680999,1.0499999523162842,2.0
rear_mu,-,285.812999,1.0499999523162842,2.0
rear_mu,-,285.944999,1.0499999523162842,2.0
rear_mu,-,286.076998,1.0499999523162842,2.0
rear_mu,-,286.208998,1.0499999523162842,2.0
rear_mu,-,286.406998,1.0499999523162842,2.0
rear_mu,-,286.538998,1.0499999523162842,2.0
rear_mu,-,286.604998,1.0499999523162842,2.0
rear_mu,-,286.736999,1.0499999523162842,2.0
rear_mu,-,286.802999,1.0499999523162842,2.0
rear_mu,-,286.934999,1.0499999523162842,2.0
rear_mu,-,287.000998,1.0499999523162842,2.0
rear_mu,-,287.132998,1.0499999523162842,2.0
rear_mu,-,287.264998,1.0499999523162842,2.0
rear_mu,-,287.396998,1.0499999523162842,2.0
rear_mu,-,287.528998,1.0499999523162842,2.0
rear_mu,-,287.660998,1.0499999523162842,2.0
rear_mu,-,287.792999,1.0499999523162842,2.0
rear_mu,-,287.891999,1.0499999523162842,2.0
rear_mu,-,287.990999,1.0499999523162842,2.0
rear_mu,-,288.089998,1.0499999523162842,2.0
rear_mu,-,288.188998,1.0499999523162842,2.0
rear_mu,-,288.287998,1.0499999523162842,2.0
rear_mu,-,288.386998,1.0499999523162842,2.0
rear_mu,-,288.518998,1.0499999523162842,2.0
rear_mu,-,288.650998,1.0499999523162842,2.0
rear_mu,-,288.782998,1.0499999523162842,2.0
rear_mu,-,288.914999,1.0499999523162842,2.0
rear_mu,-,289.046999,1.0499999523162842,2.0
rear_mu,-,289.178998,1.0499999523162842,2.0
rear_mu,-,289.244998,1.0499999523162842,2.0
rear_mu,-,289.376998,1.0499999523162842,2.0
rear_mu,-,289.442998,1.0499999523162842,2.0
rear_mu,-,289.607998,1.0499999523162842,2.0
rear_mu,-,289.706998,1.0499999523162842,2.0
rear_mu,-,289.838998,1.0499999523162842,2.0
rear_mu,-,289.970999,1.0499999523162842,2.0
rear_mu,-,290.102998,1.0499999523162842,2.0
rear_mu,-,290.234998,1.0499999523162842,2.0
rear_mu,-,290.366998,1.0499999523162842,2.0
rear_mu,-,290.531998,1.0499999523162842,2.0
rear_mu,-,290.630998,1.0499999523162842,2.0
rear_mu,-,290.729998,1.0499999523162842,2.0
rear_mu,-,290.894998,1.0499999523162842,2.0
rear_mu,-,290.960999,1.0499999523162842,2.0
rear_mu,-,291.092999,1.0499999523162842,2.0
rear_mu,-,291.224998,1.0499999523162842,2.0
rear_mu,-,291.323998,1.0499999523162842,2.0
rear_mu,-,291.422998,1.0499999523162842,2.0
rear_mu,-,291.554998,1.0499999523162842,2.0
rear_mu,-,291.686998,1.0499999523162842,2.0
rear_mu,-,291.818998,1.0499999523162842,2.0
rear_mu,-,291.884998,1.0499999523162842,2.0
rear_mu,-,292.016999,1.0499999523162842,2.0
rear_mu,-,292.082999,1.0499999523162842,2.0
rear_mu,-,292.214998,1.0499999523162842,2.0
rear_mu,-,292.280998,1.0499999523162842,2.0
rear_mu,-,292.412998,1.0499999523162842,2.0
rear_mu,-,292.544998,1.0499999523162842,2.0
rear_mu,-,292.676998,1.0499999523162842,2.0
rear_mu,-,292.808998,1.0499999523162842,2.0
rear_mu,-,292.940998,1.0499999523162842,2.0
rear_mu,-,293.072999,1.0499999523162842,2.0
rear_mu,-,293.171999,1.0499999523162842,2.0
rear_mu,-,293.270998,1.0499999523162842,2.0
rear_mu,-,293.369998,1.0499999523162842,2.0
rear_mu,-,293.468998,1.0499999523162842,2.0
rear_mu,-,293.567998,1.0499999523162842,2.0
rear_mu,-,293.666998,1.0499999523162842,2.0
rear_mu,-,293.798998,1.0499999523162842,2.0
rear_mu,-,293.930998,1.0499999523162842,2.0
rear_mu,-,294.062998,1.0499999523162842,2.0
rear_mu,-,294.194999,1.0499999523162842,2.0
rear_mu,-,294.326998,1.0499999523162842,2.0
rear_mu,-,294.458998,1.0499999523162842,2.0
rear_mu,-,294.524998,1.0499999523162842,2.0
rear_mu,-,294.656998,1.0499999523162842,2.0
rear_mu,-,294.722998,1.0499999523162842,2.0
rear_mu,-,294.854998,1.0499999523162842,2.0
rear_mu,-,294.920998,1.0499999523162842,2.0
rear_mu,-,295.052998,1.0499999523162842,2.0
rear_mu,-,295.184999,1.0499999523162842,2.0
rear_mu,-,295.316998,1.0499999523162842,2.0
rear_mu,-,295.448998,1.0499999523162842,2.0
rear_mu,-,295.580998,1.0499999523162842,2.0
rear_mu,-,295.712998,1.0499999523162842,2.0
rear_mu,-,295.811998,1.0499999523162842,2.0
rear_mu,-,295.910998,1.0499999523162842,2.0
rear_mu,-,296.009998,1.0499999523162842,2.0
rear_mu,-,296.108998,1.0499999523162842,2.0
rear_mu,-,296.207999,1.0499999523162842,2.0
rear_mu,-,296.306998,1.0499999523162842,2.0
rear_mu,-,296.438998,1.0499999523162842,2.0
rear_mu,-,296.570998,1.0499999523162842,2.0
rear_mu,-,296.702998,1.0499999523162842,2.0
rear_mu,-,296.834998,1.0499999523162842,2.0
rear_mu,-,296.966998,1.0499999523162842,2.0
rear_mu,-,297.098998,1.0499999523162842,2.0
rear_mu,-,297.164998,1.0499999523162842,2.0
rear_mu,-,297.296999,1.0499999523162842,2.0
rear_mu,-,297.362998,1.0499999523162842,2.0
rear_mu,-,297.494998,1.0499999523162842,2.0
rear_mu,-,297.560998,1.0499999523162842,2.0
rear_mu,-,297.692998,1.0499999523162842,2.0
rear_mu,-,297.758998,1.0499999523162842,2.0
rear_mu,-,297.890998,1.0499999523162842,2.0
rear_mu,-,297.956998,1.0499999523162842,2.0
rear_mu,-,298.088998,1.0499999523162842,2.0
rear_mu,-,298.220998,1.0499999523162842,2.0
rear_mu,-,298.352998,1.0499999523162842,2.0
rear_mu,-,298.451998,1.0499999523162842,2.0
rear_mu,-,298.550998,1.0499999523162842,2.0
rear_mu,-,298.649998,1.0499999523162842,2.0
rear_mu,-,298.748998,1.0499999523162842,2.0
rear_mu,-,298.847998,1.0499999523162842,2.0
rear_mu,-,298.946998,1.0499999523162842,2.0
rear_mu,-,299.045998,1.0499999523162842,2.0
rear_mu,-,299.144998,1.0499999523162842,2.0
rear_mu,-,299.276998,1.0499999523162842,2.0
rear_mu,-,299.408998,1.0499999523162842,2.0
rear_mu,-,299.540998,1.0499999523162842,2.0
rear_mu,-,299.672998,1.0499999523162842,2.0
rear_mu,-,299.771998,1.0499999523162842,2.0
rear_mu,-,299.870998,1.0499999523162842,2.0
rear_mu,-,299.969998,1.0499999523162842,2.0
rear_mu,-,300.068998,1.0499999523162842,2.0
rear_mu,-,300.167998,1.0499999523162842,2.0
rear_mu,-,300.266998,1.0499999523162842,2.0
rear_mu,-,300.398998,1.0499999523162842,2.0
rear_mu,-,300.530998,1.0499999523162842,2.0
rear_mu,-,300.662998,1.0499999523162842,2.0
rear_mu,-,300.794998,1.0499999523162842,2.0
rear_mu,-,300.926998,1.0499999523162842,2.0
rear_mu,-,301.058998,1.0499999523162842,2.0
rear_mu,-,301.124998,1.0499999523162842,2.0
rear_mu,-,301.256998,1.0499999523162842,2.0
rear_mu,-,301.322998,1.0499999523162842,2.0
rear_mu,-,301.454998,1.0499999523162842,2.0
rear_mu,-,301.520998,1.0499999523162842,2.0
rear_mu,-,301.652998,1.0499999523162842,2.0
rear_mu,-,301.784998,1.0499999523162842,2.0
rear_mu,-,301.916998,1.0499999523162842,2.0
rear_mu,-,302.048998,1.0499999523162842,2.0
rear_mu,-,302.180998,1.0499999523162842,2.0
rear_mu,-,302.312998,1.0499999523162842,2.0
rear_mu,-,302.411998,1.0499999523162842,2.0
rear_mu,-,302.510998,1.0499999523162842,2.0
rear_mu,-,302.609998,1.0499999523162842,2.0
rear_mu,-,302.708998,1.0499999523162842,2.0
rear_mu,-,302.807998,1.0499999523162842,2.0
rear_mu,-,302.906998,1.0499999523162842,2.0
rear_mu,-,303.038998,1.0499999523162842,2.0
rear_mu,-,303.170998,1.0499999523162842,2.0
rear_mu,-,303.302998,1.0499999523162842,2.0
rear_mu,-,303.434998,1.0499999523162842,2.0
rear_mu,-,303.566998,1.0499999523162842,2.0
rear_mu,-,303.698998,1.0499999523162842,2.0
rear_mu,-,303.764998,1.0499999523162842,2.0
rear_mu,-,303.896998,1.0499999523162842,2.0
rear_mu,-,303.962998,1.0499999523162842,2.0
rear_mu,-,304.094998,1.0499999523162842,2.0
rear_mu,-,304.160998,1.0499999523162842,2.0
rear_mu,-,304.292998,1.0499999523162842,2.0
rear_mu,-,304.424998,1.0499999523162842,2.0
rear_mu,-,304.556998,1.0499999523162842,2.0
rear_mu,-,304.688998,1.0499999523162842,2.0
rear_mu,-,304.820998,1.0499999523162842,2.0
rear_mu,-,304.952998,1.0499999523162842,2.0
rear_mu,-,305.051998,1.0499999523162842,2.0
rear_mu,-,305.150998,1.0499999523162842,2.0
rear_mu,-,305.249998,1.0499999523162842,2.0
rear_mu,-,305.348998,1.0499999523162842,2.0
rear_mu,-,305.447998,1.0499999523162842,2.0
rear_mu,-,305.546998,1.0499999523162842,2.0
rear_mu,-,305.645998,1.0499999523162842,2.0
rear_mu,-,305.744998,1.0499999523162842,2.0
rear_mu,-,305.876998,1.0499999523162842,2.0
rear_mu,-,306.008998,1.0499999523162842,2.0
rear_mu,-,306.140998,1.0499999523162842,2.0
rear_mu,-,306.272998,1.0499999523162842,2.0
rear_mu,-,306.371998,1.0499999523162842,2.0
rear_mu,-,306.470998,1.0499999523162842,2.0
rear_mu,-,306.569998,1.0499999523162842,2.0
rear_mu,-,306.668998,1.0499999523162842,2.0
rear_mu,-,306.767998,1.0499999523162842,2.0
rear_mu,-,306.866998,1.0499999523162842,2.0
rear_mu,-,306.965998,1.0499999523162842,2.0
rear_mu,-,307.064998,1.0499999523162842,2.0
rear_mu,-,307.196998,1.0499999523162842,2.0
rear_mu,-,307.328998,1.0499999523162842,2.0
rear_mu,-,307.460998,1.0499999523162842,2.0
rear_mu,-,307.592998,1.0499999523162842,2.0
rear_mu,-,307.691998,1.0499999523162842,2.0
rear_mu,-,307.790998,1.0499999523162842,2.0
rear_mu,-,307.889998,1.0499999523162842,2.0
rear_mu,-,307.988998,1.0499999523162842,2.0
rear_mu,-,308.087998,1.0499999523162842,2.0
rear_mu,-,308.186998,1.0499999523162842,2.0
rear_mu,-,308.285998,1.0499999523162842,2.0
rear_mu,-,308.384998,1.0499999523162842,2.0
rear_mu,-,308.516998,1.0499999523162842,2.0
rear_mu,-,308.648998,1.0499999523162842,2.0
rear_mu,-,308.780998,1.0499999523162842,2.0
rear_mu,-,308.912998,1.0499999523162842,2.0
rear_mu,-,309.011998,1.0499999523162842,2.0
rear_mu,-,309.110998,1.0499999523162842,2.0
rear_mu,-,309.242998,1.0499999523162842,2.0
rear_mu,-,309.374998,1.0499999523162842,2.0
rear_mu,-,309.440998,1.0499999523162842,2.0
rear_mu,-,309.572998,1.0499999523162842,2.0
rear_mu,-,309.638998,1.0499999523162842,2.0
rear_mu,-,309.770998,1.0499999523162842,2.0
rear_mu,-,309.902998,1.0499999523162842,2.0
rear_mu,-,310.034998,1.0499999523162842,2.0
rear_mu,-,310.166998,1.0499999523162842,2.0
rear_mu,-,310.298998,1.0499999523162842,2.0
rear_mu,-,310.364998,1.0499999523162842,2.0
rear_mu,-,310.496998,1.0499999523162842,2.0
rear_mu,-,310.562998,1.0499999523162842,2.0
rear_mu,-,310.694998,1.0499999523162842,2.0
rear_mu,-,310.760998,1.0499999523162842,2.0
rear_mu,-,310.892998,1.0499999523162842,2.0
rear_mu,-,310.958998,1.0499999523162842,2.0
rear_mu,-,311.090998,1.0499999523162842,2.0
rear_mu,-,311.222998,1.0499999523162842,2.0
rear_mu,-,311.354998,1.0499999523162842,2.0
rear_mu,-,311.486998,1.0499999523162842,2.0
rear_mu,-,311.618998,1.0499999523162842,2.0
rear_mu,-,311.684998,1.0499999523162842,2.0
rear_mu,-,311.816998,1.0499999523162842,2.0
rear_mu,-,311.882998,1.0499999523162842,2.0
rear_mu,-,312.014998,1.0499999523162842,2.0
rear_mu,-,312.080998,1.0499999523162842,2.0
rear_mu,-,312.212998,1.0499999523162842,2.0
rear_mu,-,312.344998,1.0499999523162842,2.0
rear_mu,-,312.476998,1.0499999523162842,2.0
rear_mu,-,312.608998,1.0499999523162842,2.0
rear_mu,-,312.806998,1.0499999523162842,2.0
rear_mu,-,312.938998,1.0499999523162842,2.0
rear_mu,-,313.004998,1.0499999523162842,2.0
rear_mu,-,313.136998,1.0499999523162842,2.0
rear_mu,-,313.202998,1.0499999523162842,2.0
rear_mu,-,313.334998,1.0499999523162842,2.0
rear_mu,-,313.400998,1.0499999523162842,2.0
rear_mu,-,313.532998,1.0499999523162842,2.0
rear_mu,-,313.598998,1.0499999523162842,2.0
rear_mu,-,313.730998,1.0499999523162842,2.0
rear_mu,-,313.862998,1.0499999523162842,2.0
rear_mu,-,313.994998,1.0499999523162842,2.0
rear_mu,-,314.126998,1.0499999523162842,2.0
rear_mu,-,314.258998,1.0499999523162842,2.0
rear_mu,-,314.324998,1.0499999523162842,2.0
rear_mu,-,314.456998,1.0499999523162842,2.0
rear_mu,-,314.522998,1.0499999523162842,2.0
rear_mu,-,314.654998,1.0499999523162842,2.0
rear_mu,-,314.720998,1.0499999523162842,2.0
rear_mu,-,314.852998,1.0499999523162842,2.0
rear_mu,-,314.984998,1.0499999523162842,2.0
rear_mu,-,315.116998,1.0499999523162842,2.0
rear_mu,-,315.248998,1.0499999523162842,2.0
rear_mu,-,315.380998,1.0499999523162842,2.0
rear_mu,-,315.578998,1.0499999523162842,2.0
rear_mu,-,315.644998,1.0499999523162842,2.0
rear_mu,-,315.776998,1.0499999523162842,2.0
rear_mu,-,315.842998,1.0499999523162842,2.0
rear_mu,-,315.974998,1.0499999523162842,2.0
rear_mu,-,316.040998,1.0499999523162842,2.0
rear_mu,-,316.172998,1.0499999523162842,2.0
rear_mu,-,316.304998,1.0499999523162842,2.0
rear_mu,-,316.436998,1.0499999523162842,2.0
rear_mu,-,316.568998,1.0499999523162842,2.0
rear_mu,-,316.700998,1.0499999523162842,2.0
rear_mu,-,316.832998,1.0499999523162842,2.0
rear_mu,-,316.931998,1.0499999523162842,2.0
rear_mu,-,317.030998,1.0499999523162842,2.0
rear_mu,-,317.162998,1.0499999523162842,2.0
rear_mu,-,317.294998,1.0499999523162842,2.0
rear_mu,-,317.360998,1.0499999523162842,2.0
rear_mu,-,317.492998,1.0499999523162842,2.0
rear_mu,-,317.624998,1.0499999523162842,2.0
rear_mu,-,317.756998,1.0499999523162842,2.0
rear_mu,-,317.888998,1.0499999523162842,2.0
rear_mu,-,318.020998,1.0499999523162842,2.0
rear_mu,-,318.152998,1.0499999523162842,2.0
rear_mu,-,318.251998,1.0499999523162842,2.0
rear_mu,-,318.350998,1.0499999523162842,2.0
rear_mu,-,318.449998,1.0499999523162842,2.0
rear_mu,-,318.548998,1.0499999523162842,2.0
rear_mu,-,318.647998,1.0499999523162842,2.0
rear_mu,-,318.746998,1.0499999523162842,2.0
rear_mu,-,318.845998,1.0499999523162842,2.0
rear_mu,-,318.944998,1.0499999523162842,2.0
rear_mu,-,319.076998,1.0499999523162842,2.0
rear_mu,-,319.208998,1.0499999523162842,2.0
rear_mu,-,319.340998,1.0499999523162842,2.0
rear_mu,-,319.472998,1.0499999523162842,2.0
rear_mu,-,319.571998,1.0499999523162842,2.0
rear_mu,-,319.670998,1.0499999523162842,2.0
rear_mu,-,319.769998,1.0499999523162842,2.0
rear_mu,-,319.868998,1.0499999523162842,2.0
rear_mu,-,320.000998,1.0499999523162842,2.0
rear_mu,-,320.132998,1.0499999523162842,2.0
rear_mu,-,320.198998,1.0499999523162842,2.0
rear_mu,-,320.330998,1.0499999523162842,2.0
rear_mu,-,320.396998,1.0499999523162842,2.0
rear_mu,-,320.528998,1.0499999523162842,2.0
rear_mu,-,320.660998,1.0499999523162842,2.0
rear_mu,-,320.792998,1.0499999523162842,2.0
rear_mu,-,320.891998,1.0499999523162842,2.0
rear_mu,-,320.990998,1.0499999523162842,2.0
rear_mu,-,321.089998,1.0499999523162842,2.0
rear_mu,-,321.188998,1.0499999523162842,2.0
rear_mu,-,321.287998,1.0499999523162842,2.0
rear_mu,-,321.386998,1.0499999523162842,2.0
rear_mu,-,321.485998,1.0499999523162842,2.0
rear_mu,-,321.584998,1.0499999523162842,2.0
rear_mu,-,321.815998,1.0499999523162842,2.0
rear_mu,-,322.145998,1.0499999523162842,2.0
rear_mu,-,322.475998,1.0499999523162842,2.0
rear_mu,-,322.805998,1.0499999523162842,2.0
rear_mu,-,323.135998,1.0499999523162842,2.0
rear_mu,-,323.333998,1.0499999523162842,2.0
rear_mu,-,323.399998,1.0499999523162842,2.0
rear_mu,-,323.498998,1.0499999523162842,2.0
rear_mu,-,323.564998,1.0499999523162842,2.0
rear_mu,-,323.696998,1.0499999523162842,2.0
rear_mu,-,323.762998,1.0499999523162842,2.0
rear_mu,-,323.861998,1.0499999523162842,2.0
rear_mu,-,323.927998,1.0499999523162842,2.0
rear_mu,-,324.026998,1.0499999523162842,2.0
rear_mu,-,324.092998,1.0499999523162842,2.0
rear_mu,-,324.224998,1.0499999523162842,2.0
rear_mu,-,324.290998,1.0499999523162842,2.0
rear_mu,-,324.422998,1.0499999523162842,2.0
rear_mu,-,324.554998,1.0499999523162842,2.0
rear_mu,-,324.686998,1.0499999523162842,2.0
rear_mu,-,324.818998,1.0499999523162842,2.0
rear_mu,-,324.950998,1.0499999523162842,2.0
rear_mu,-,325.082998,1.0499999523162842,2.0
rear_mu,-,325.181998,1.0499999523162842,2.0
rear_mu,-,325.247998,1.0499999523162842,2.0
rear_mu,-,325.379998,1.0499999523162842,2.0
rear_mu,-,325.709998,1.0499999523162842,2.0
rear_mu,-,326.039998,1.0499999523162842,2.0
rear_mu,-,326.369998,1.0499999523162842,2.0
rear_mu,-,326.699998,1.0499999523162842,2.0
rear_mu,-,327.029998,1.0499999523162842,2.0
rear_mu,-,327.359998,1.0499999523162842,2.0
rear_mu,-,327.623998,1.0499999523162842,2.0
rear_mu,-,327.722998,1.0499999523162842,2.0
rear_mu,-,327.821998,1.0499999523162842,2.0
rear_mu,-,327.887998,1.0499999523162842,2.0
rear_mu,-,327.953998,1.0499999523162842,2.0
rear_mu,-,328.052998,1.0499999523162842,2.0
rear_mu,-,328.151998,1.0499999523162842,2.0
rear_mu,-,328.250998,1.0499999523162842,2.0
rear_mu,-,328.349998,1.0499999523162842,2.0
rear_mu,-,328.448998,1.0499999523162842,2.0
rear_mu,-,328.547998,1.0499999523162842,2.0
rear_mu,-,328.679998,1.0499999523162842,2.0
rear_mu,-,328.811998,1.0499999523162842,2.0
rear_mu,-,328.943998,1.0499999523162842,2.0
rear_mu,-,329.075998,1.0499999523162842,2.0
rear_mu,-,329.174998,1.0499999523162842,2.0
rear_mu,-,329.273998,1.0499999523162842,2.0
rear_mu,-,329.372998,1.0499999523162842,2.0
rear_mu,-,329.471998,1.0499999523162842,2.0
rear_mu,-,329.570998,1.0499999523162842,2.0
rear_mu,-,329.669998,1.0499999523162842,2.0
rear_mu,-,329.768998,1.0499999523162842,2.0
rear_mu,-,329.867998,1.0499999523162842,2.0
rear_mu,-,329.966998,1.0499999523162842,2.0
rear_mu,-,330.065998,1.0499999523162842,2.0
rear_mu,-,330.197998,1.0499999523162842,2.0
rear_mu,-,330.329998,1.0499999523162842,2.0
rear_mu,-,330.461998,1.0499999523162842,2.0
rear_mu,-,330.527998,1.0499999523162842,2.0
rear_mu,-,330.659998,1.0499999523162842,2.0
rear_mu,-,330.725998,1.0499999523162842,2.0
rear_mu,-,330.857998,1.0499999523162842,2.0
rear_mu,-,330.923998,1.0499999523162842,2.0
rear_mu,-,331.055998,1.0499999523162842,2.0
rear_mu,-,331.121998,1.0499999523162842,2.0
rear_mu,-,331.253998,1.0499999523162842,2.0
rear_mu,-,331.319998,1.0499999523162842,2.0
rear_mu,-,331.451998,1.0499999523162842,2.0
rear_mu,-,331.583998,1.0499999523162842,2.0
rear_mu,-,331.715998,1.0499999523162842,2.0
rear_mu,-,331.814998,1.0499999523162842,2.0
rear_mu,-,331.913998,1.0499999523162842,2.0
rear_mu,-,332.012998,1.0499999523162842,2.0
rear_mu,-,332.111998,1.0499999523162842,2.0
rear_mu,-,332.210998,1.0499999523162842,2.0
rear_mu,-,332.309998,1.0499999523162842,2.0
rear_mu,-,332.408998,1.0499999523162842,2.0
rear_mu,-,332.507998,1.0499999523162842,2.0
rear_mu,-,332.606998,1.0499999523162842,2.0
rear_mu,-,332.705998,1.0499999523162842,2.0
rear_mu,-,332.837998,1.0499999523162842,2.0
rear_mu,-,332.969998,1.0499999523162842,2.0
rear_mu,-,333.101998,1.0499999523162842,2.0
rear_mu,-,333.167998,1.0499999523162842,2.0
rear_mu,-,333.299998,1.0499999523162842,2.0
rear_mu,-,333.365998,1.0499999523162842,2.0
rear_mu,-,333.497998,1.0499999523162842,2.0
rear_mu,-,333.563998,1.0499999523162842,2.0
rear_mu,-,333.695998,1.0499999523162842,2.0
rear_mu,-,333.761998,1.0499999523162842,2.0
rear_mu,-,333.893998,1.0499999523162842,2.0
rear_mu,-,334.025998,1.0499999523162842,2.0
rear_mu,-,334.124998,1.0499999523162842,2.0
rear_mu,-,334.223998,1.0499999523162842,2.0
rear_mu,-,334.322998,1.0499999523162842,2.0
rear_mu,-,334.421998,1.0499999523162842,2.0
rear_mu,-,334.487998,1.0499999523162842,2.0
rear_mu,-,334.553998,1.0499999523162842,2.0
rear_mu,-,334.652998,1.0499999523162842,2.0
rear_mu,-,334.817998,1.0499999523162842,2.0
rear_mu,-,334.883998,1.0499999523162842,2.0
rear_mu,-,335.015998,1.0499999523162842,2.0
rear_mu,-,335.081998,1.0499999523162842,2.0
rear_mu,-,335.213998,1.0499999523162842,2.0
rear_mu,-,335.279998,1.0499999523162842,2.0
rear_mu,-,335.411998,1.0499999523162842,2.0
rear_mu,-,335.543998,1.0499999523162842,2.0
rear_mu,-,335.675998,1.0499999523162842,2.0
rear_mu,-,335.774998,1.0499999523162842,2.0
rear_mu,-,335.840998,1.0499999523162842,2.0
rear_mu,-,335.939998,1.0499999523162842,2.0
rear_mu,-,336.005998,1.0499999523162842,2.0
rear_mu,-,336.071998,1.0499999523162842,2.0
rear_mu,-,336.170998,1.0499999523162842,2.0
rear_mu,-,336.236998,1.0499999523162842,2.0
rear_mu,-,336.335998,1.0499999523162842,2.0
rear_mu,-,336.401998,1.0499999523162842,2.0
rear_mu,-,336.467998,1.0499999523162842,2.0
rear_mu,-,336.566998,1.0499999523162842,2.0
rear_mu,-,336.632998,1.0499999523162842,2.0
rear_mu,-,336.764998,1.0499999523162842,2.0
rear_mu,-,336.863998,1.0499999523162842,2.0
rear_mu,-,336.962998,1.0499999523162842,2.0
rear_mu,-,337.094998,1.0499999523162842,2.0
rear_mu,-,337.160998,1.0499999523162842,2.0
rear_mu,-,337.259998,1.0499999523162842,2.0
rear_mu,-,337.325998,1.0499999523162842,2.0
rear_mu,-,337.391998,1.0499999523162842,2.0
rear_mu,-,337.490998,1.0499999523162842,2.0
rear_mu,-,337.589998,1.0499999523162842,2.0
rear_mu,-,337.721998,1.0499999523162842,2.0
rear_mu,-,337.853998,1.0499999523162842,2.0
rear_mu,-,338.018998,1.0499999523162842,2.0
rear_mu,-,338.117998,1.0499999523162842,2.0
rear_mu,-,338.216998,1.0499999523162842,2.0
rear_mu,-,338.315998,1.0499999523162842,2.0
rear_mu,-,338.414998,1.0499999523162842,2.0
rear_mu,-,338.513998,1.0499999523162842,2.0
rear_mu,-,338.645998,1.0499999523162842,2.0
rear_mu,-,338.777998,1.0499999523162842,2.0
rear_mu,-,338.909998,1.0499999523162842,2.0
rear_mu,-,339.041998,1.0499999523162842,2.0
rear_mu,-,339.173998,1.0499999523162842,2.0
rear_mu,-,339.305998,1.0499999523162842,2.0
rear_mu,-,339.371998,1.0499999523162842,2.0
rear_mu,-,339.503998,1.0499999523162842,2.0
rear_mu,-,339.569998,1.0499999523162842,2.0
rear_mu,-,339.701998,1.0499999523162842,2.0
rear_mu,-,339.767998,1.0499999523162842,2.0
rear_mu,-,339.899998,1.0499999523162842,2.0
rear_mu,-,340.031998,1.0499999523162842,2.0
rear_mu,-,340.163998,1.0499999523162842,2.0
rear_mu,-,340.295998,1.0499999523162842,2.0
rear_mu,-,340.427998,1.0499999523162842,2.0
rear_mu,-,340.559998,1.0499999523162842,2.0
rear_mu,-,340.658998,1.0499999523162842,2.0
rear_mu,-,340.757998,1.0499999523162842,2.0
rear_mu,-,340.856998,1.0499999523162842,2.0
rear_mu,-,340.955998,1.0499999523162842,2.0
rear_mu,-,341.087998,1.0499999523162842,2.0
rear_mu,-,341.219998,1.0499999523162842,2.0
rear_mu,-,341.351998,1.0499999523162842,2.0
rear_mu,-,341.483998,1.0499999523162842,2.0
rear_mu,-,341.615998,1.0499999523162842,2.0
rear_mu,-,341.747998,1.0499999523162842,2.0
rear_mu,-,341.879998,1.0499999523162842,2.0
rear_mu,-,341.978998,1.0499999523162842,2.0
rear_mu,-,342.077998,1.0499999523162842,2.0
rear_mu,-,342.176998,1.0499999523162842,2.0
rear_mu,-,342.275998,1.0499999523162842,2.0
rear_mu,-,342.374998,1.0499999523162842,2.0
rear_mu,-,342.473998,1.0499999523162842,2.0
rear_mu,-,343.199998,1.0499999523162842,1.4045000076293945
rear_mu,-,343.298998,1.0499999523162842,1.4045000076293945
rear_mu,-,343.397998,1.0499999523162842,1.4045000076293945
rear_mu,-,343.496998,1.0499999523162842,1.4045000076293945
rear_mu,-,343.595998,1.0499999523162842,1.4045000076293945
rear_mu,-,343.694998,1.0499999523162842,1.4045000076293945
rear_mu,-,343.793998,1.0499999523162842,1.4045000076293945
rear_mu,-,343.925998,1.0499999523162842,1.4045000076293945
rear_mu,-,344.057998,1.0499999523162842,1.4045000076293945
rear_mu,-,344.189998,1.0499999523162842,1.4045000076293945
rear_mu,-,344.321998,1.0499999523162842,1.4045000076293945
rear_mu,-,344.453998,1.0499999523162842,1.4045000076293945
rear_mu,-,344.585998,1.0499999523162842,1.4045000076293945
rear_mu,-,344.651998,1.0499999523162842,1.4045000076293945
rear_mu,-,344.783998,1.0499999523162842,1.4045000076293945
rear_mu,-,344.849998,1.0499999523162842,1.4045000076293945
rear_mu,-,344.981998,1.0499999523162842,1.4045000076293945
rear_mu,-,345.047998,1.0499999523162842,1.4045000076293945
rear_mu,-,345.179998,1.0499999523162842,1.4045000076293945
rear_mu,-,345.311998,1.0499999523162842,1.4045000076293945
rear_mu,-,345.443998,1.0499999523162842,1.4045000076293945
rear_mu,-,345.575998,1.0499999523162842,1.4045000076293945
rear_mu,-,345.707998,1.0499999523162842,1.4045000076293945
rear_mu,-,345.773998,1.0499999523162842,1.4045000076293945
rear_mu,-,345.905998,1.0499999523162842,1.4045000076293945
rear_mu,-,345.971998,1.0499999523162842,1.4045000076293945
rear_mu,-,346.103998,1.0499999523162842,1.4045000076293945
rear_mu,-,346.169998,1.0499999523162842,1.4045000076293945
rear_mu,-,346.301998,1.0499999523162842,1.4045000076293945
rear_mu,-,346.367998,1.0499999523162842,1.4045000076293945
rear_mu,-,346.499998,1.0499999523162842,1.4045000076293945
rear_mu,-,346.631998,1.0499999523162842,1.4045000076293945
rear_mu,-,346.763998,1.0499999523162842,1.4045000076293945
rear_mu,-,346.895998,1.0499999523162842,1.4045000076293945
rear_mu,-,347.027998,1.0499999523162842,1.4045000076293945
rear_mu,-,347.159998,1.0499999523162842,1.4045000076293945
rear_mu,-,347.258998,1.0499999523162842,1.4045000076293945
rear_mu,-,347.357998,1.0499999523162842,1.4045000076293945
rear_mu,-,347.456998,1.0499999523162842,1.4045000076293945
rear_mu,-,347.555998,1.0499999523162842,1.4045000076293945
rear_mu,-,347.654998,1.0499999523162842,1.4045000076293945
rear_mu,-,347.753998,1.0499999523162842,1.4045000076293945
rear_mu,-,347.885998,1.0499999523162842,1.4045000076293945
rear_mu,-,348.017998,1.0499999523162842,1.4045000076293945
rear_mu,-,348.149998,1.0499999523162842,1.4045000076293945
rear_mu,-,348.281998,1.0499999523162842,1.4045000076293945
rear_mu,-,348.380998,1.0499999523162842,1.4045000076293945
rear_mu,-,348.479998,1.0499999523162842,1.4045000076293945
rear_mu,-,348.578998,1.0499999523162842,1.4045000076293945
rear_mu,-,348.677998,1.0499999523162842,1.4045000076293945
rear_mu,-,348.776998,1.0499999523162842,1.4045000076293945
rear_mu,-,348.875998,1.0499999523162842,1.4045000076293945
rear_mu,-,348.974998,1.0499999523162842,1.4045000076293945
rear_mu,-,349.073998,1.0499999523162842,1.4045000076293945
rear_mu,-,349.205998,1.0499999523162842,1.4045000076293945
rear_mu,-,349.337998,1.0499999523162842,1.4045000076293945
rear_mu,-,349.469998,1.0499999523162842,1.4045000076293945
rear_mu,-,349.601998,1.0499999523162842,1.4045000076293945
rear_mu,-,349.733998,1.0499999523162842,1.4045000076293945
rear_mu,-,349.865998,1.0499999523162842,1.4045000076293945
rear_mu,-,349.931998,1.0499999523162842,1.4045000076293945
rear_mu,-,350.063998,1.0499999523162842,1.4045000076293945
rear_mu,-,350.129998,1.0499999523162842,1.4045000076293945
rear_mu,-,350.261998,1.0499999523162842,1.4045000076293945
rear_mu,-,350.327998,1.0499999523162842,1.4045000076293945
rear_mu,-,350.459998,1.0499999523162842,1.4045000076293945
rear_mu,-,350.591998,1.0499999523162842,1.4045000076293945
rear_mu,-,350.723998,1.0499999523162842,1.4045000076293945
rear_mu,-,350.855998,1.0499999523162842,1.4045000076293945
rear_mu,-,350.987998,1.0499999523162842,1.4045000076293945
rear_mu,-,351.053998,1.0499999523162842,1.4045000076293945
rear_mu,-,351.185998,1.0499999523162842,1.4045000076293945
rear_mu,-,351.251998,1.0499999523162842,1.4045000076293945
rear_mu,-,351.383998,1.0499999523162842,1.4045000076293945
rear_mu,-,351.449998,1.0499999523162842,1.4045000076293945
rear_mu,-,351.581998,1.0499999523162842,1.4045000076293945
rear_mu,-,351.647998,1.0499999523162842,1.4045000076293945
rear_mu,-,351.779998,1.0499999523162842,1.4045000076293945
rear_mu,-,351.911998,1.0499999523162842,1.4045000076293945
rear_mu,-,352.043998,1.0499999523162842,1.4045000076293945
rear_mu,-,352.175998,1.0499999523162842,1.4045000076293945
rear_mu,-,352.307998,1.0499999523162842,1.4045000076293945
rear_mu,-,352.373998,1.0499999523162842,1.4045000076293945
rear_mu,-,352.505998,1.0499999523162842,1.4045000076293945
rear_mu,-,352.571998,1.0499999523162842,1.4045000076293945
rear_mu,-,352.703998,1.0499999523162842,1.4045000076293945
rear_mu,-,352.769998,1.0499999523162842,1.4045000076293945
rear_mu,-,352.901998,1.0499999523162842,1.4045000076293945
rear_mu,-,352.967998,1.0499999523162842,1.4045000076293945
rear_mu,-,353.099998,1.0499999523162842,1.4045000076293945
rear_mu,-,353.231998,1.0499999523162842,1.4045000076293945
rear_mu,-,353.363998,1.0499999523162842,1.4045000076293945
rear_mu,-,353.495998,1.0499999523162842,1.4045000076293945
rear_mu,-,353.627998,1.0499999523162842,1.4045000076293945
rear_mu,-,353.759998,1.0499999523162842,1.4045000076293945
rear_mu,-,353.858998,1.0499999523162842,1.4045000076293945
rear_mu,-,353.957998,1.0499999523162842,1.4045000076293945
rear_mu,-,354.056998,1.0499999523162842,1.4045000076293945
rear_mu,-,354.155998,1.0499999523162842,1.4045000076293945
rear_mu,-,354.254998,1.0499999523162842,1.4045000076293945
rear_mu,-,354.353998,1.0499999523162842,1.4045000076293945
rear_mu,-,354.485998,1.0499999523162842,1.4045000076293945
rear_mu,-,354.617998,1.0499999523162842,1.4045000076293945
rear_mu,-,354.749998,1.0499999523162842,1.4045000076293945
rear_mu,-,354.881998,1.0499999523162842,1.4045000076293945
rear_mu,-,354.980998,1.0499999523162842,1.4045000076293945
rear_mu,-,355.079998,1.0499999523162842,1.4045000076293945
rear_mu,-,355.178998,1.0499999523162842,1.4045000076293945
rear_mu,-,355.277998,1.0499999523162842,1.4045000076293945
rear_mu,-,355.376998,1.0499999523162842,1.4045000076293945
rear_mu,-,355.475998,1.0499999523162842,1.4045000076293945
rear_mu,-,355.574998,1.0499999523162842,1.4045000076293945
rear_mu,-,355.673998,1.0499999523162842,1.4045000076293945
rear_mu,-,355.772998,1.0499999523162842,1.4045000076293945
rear_mu,-,355.871998,1.0499999523162842,1.4045000076293945
rear_mu,-,356.003998,1.0499999523162842,1.4045000076293945
rear_mu,-,356.135998,1.0499999523162842,1.4045000076293945
rear_mu,-,356.267998,1.0499999523162842,1.4045000076293945
rear_mu,-,356.399998,1.0499999523162842,1.4045000076293945
rear_mu,-,356.498998,1.0499999523162842,1.4045000076293945
rear_mu,-,356.597998,1.0499999523162842,1.4045000076293945
rear_mu,-,356.729998,1.0499999523162842,1.4045000076293945
rear_mu,-,356.861998,1.0499999523162842,1.4045000076293945
rear_mu,-,356.927998,1.0499999523162842,1.4045000076293945
rear_mu,-,357.059998,1.0499999523162842,1.4045000076293945
rear_mu,-,357.191998,1.0499999523162842,1.4045000076293945
rear_mu,-,357.323998,1.0499999523162842,1.4045000076293945
rear_mu,-,357.455998,1.0499999523162842,1.4045000076293945
rear_mu,-,357.587998,1.0499999523162842,1.4045000076293945
rear_mu,-,357.719998,1.0499999523162842,1.4045000076293945
rear_mu,-,357.818998,1.0499999523162842,1.4045000076293945
rear_mu,-,357.983998,1.0499999523162842,1.4045000076293945
rear_mu,-,358.049998,1.0499999523162842,1.4045000076293945
rear_mu,-,358.181998,1.0499999523162842,1.4045000076293945
rear_mu,-,358.313998,1.0499999523162842,1.4045000076293945
rear_mu,-,358.445998,1.0499999523162842,1.4045000076293945
rear_mu,-,358.577998,1.0499999523162842,1.4045000076293945
rear_mu,-,358.709998,1.0499999523162842,1.4045000076293945
rear_mu,-,358.841998,1.0499999523162842,1.4045000076293945
rear_mu,-,358.940998,1.0499999523162842,1.4045000076293945
rear_mu,-,359.039998,1.0499999523162842,1.4045000076293945
rear_mu,-,359.138998,1.0499999523162842,1.4045000076293945
rear_mu,-,359.237998,1.0499999523162842,1.4045000076293945
rear_mu,-,359.369998,1.0499999523162842,1.4045000076293945
rear_mu,-,359.501998,1.0499999523162842,1.4045000076293945
rear_mu,-,359.567998,1.0499999523162842,1.4045000076293945
rear_mu,-,359.699998,1.0499999523162842,1.4045000076293945
rear_mu,-,359.831998,1.0499999523162842,1.4045000076293945
rear_mu,-,359.963998,1.0499999523162842,1.4045000076293945
rear_mu,-,360.095998,1.0499999523162842,1.4045000076293945
rear_mu,-,360.227998,1.0499999523162842,1.4045000076293945
rear_mu,-,360.359998,1.0499999523162842,1.4045000076293945
rear_mu,-,360.458998,1.0499999523162842,1.4045000076293945
rear_mu,-,360.557998,1.0499999523162842,1.4045000076293945
rear_mu,-,360.656998,1.0499999523162842,1.4045000076293945
rear_mu,-,360.755998,1.0499999523162842,1.4045000076293945
rear_mu,-,360.854998,1.0499999523162842,1.4045000076293945
rear_mu,-,360.953998,1.0499999523162842,1.4045000076293945
rear_mu,-,361.085998,1.0499999523162842,1.4045000076293945
rear_mu,-,361.217998,1.0499999523162842,1.4045000076293945
rear_mu,-,361.349998,1.0499999523162842,1.4045000076293945
rear_mu,-,361.481998,1.0499999523162842,1.4045000076293945
rear_mu,-,361.613998,1.0499999523162842,1.4045000076293945
rear_mu,-,361.745998,1.0499999523162842,1.4045000076293945
rear_mu,-,361.811998,1.0499999523162842,1.4045000076293945
rear_mu,-,361.943998,1.0499999523162842,1.4045000076293945
rear_mu,-,362.009998,1.0499999523162842,1.4045000076293945
rear_mu,-,362.141998,1.0499999523162842,1.4045000076293945
rear_mu,-,362.207998,1.0499999523162842,1.4045000076293945
rear_mu,-,362.339998,1.0499999523162842,1.4045000076293945
rear_mu,-,362.471998,1.0499999523162842,1.4045000076293945
rear_mu,-,362.603998,1.0499999523162842,1.4045000076293945
rear_mu,-,362.735998,1.0499999523162842,1.4045000076293945
rear_mu,-,362.867998,1.0499999523162842,1.4045000076293945
rear_mu,-,362.933998,1.0499999523162842,1.4045000076293945
rear_mu,-,363.065998,1.0499999523162842,1.4045000076293945
rear_mu,-,363.131998,1.0499999523162842,1.4045000076293945
rear_mu,-,363.263998,1.0499999523162842,1.4045000076293945
rear_mu,-,363.329998,1.0499999523162842,1.4045000076293945
rear_mu,-,363.461998,1.0499999523162842,1.4045000076293945
rear_mu,-,363.527998,1.0499999523162842,1.4045000076293945
rear_mu,-,363.659998,1.0499999523162842,1.4045000076293945
rear_mu,-,363.725998,1.0499999523162842,1.4045000076293945
rear_mu,-,363.857998,1.0499999523162842,1.4045000076293945
rear_mu,-,363.989998,1.0499999523162842,1.4045000076293945
rear_mu,-,364.121998,1.0499999523162842,1.4045000076293945
rear_mu,-,364.220998,1.0499999523162842,1.4045000076293945
rear_mu,-,364.319998,1.0499999523162842,1.4045000076293945
rear_mu,-,364.418998,1.0499999523162842,1.4045000076293945
rear_mu,-,364.517998,1.0499999523162842,1.4045000076293945
rear_mu,-,364.616998,1.0499999523162842,1.4045000076293945
rear_mu,-,364.715998,1.0499999523162842,1.4045000076293945
rear_mu,-,364.814998,1.0499999523162842,1.4045000076293945
rear_mu,-,364.913998,1.0499999523162842,1.4045000076293945
rear_mu,-,365.045998,1.0499999523162842,1.4045000076293945
rear_mu,-,365.177998,1.0499999523162842,1.4045000076293945
rear_mu,-,365.309998,1.0499999523162842,1.4045000076293945
rear_mu,-,365.441998,1.0499999523162842,1.4045000076293945
rear_mu,-,365.540998,1.0499999523162842,1.4045000076293945
rear_mu,-,365.639998,1.0499999523162842,1.4045000076293945
rear_mu,-,365.738998,1.0499999523162842,1.4045000076293945
rear_mu,-,365.837998,1.0499999523162842,1.4045000076293945
rear_mu,-,365.936998,1.0499999523162842,1.4045000076293945
rear_mu,-,366.035998,1.0499999523162842,1.4045000076293945
rear_mu,-,366.134998,1.0499999523162842,1.4045000076293945
rear_mu,-,366.233998,1.0499999523162842,1.4045000076293945
rear_mu,-,366.365998,1.0499999523162842,1.4045000076293945
rear_mu,-,366.497998,1.0499999523162842,1.4045000076293945
rear_mu,-,366.629998,1.0499999523162842,1.4045000076293945
rear_mu,-,366.761998,1.0499999523162842,1.4045000076293945
rear_mu,-,366.860998,1.0499999523162842,1.4045000076293945
rear_mu,-,366.959998,1.0499999523162842,1.4045000076293945
rear_mu,-,367.058998,1.0499999523162842,1.4045000076293945
rear_mu,-,367.157998,1.0499999523162842,1.4045000076293945
rear_mu,-,367.256998,1.0499999523162842,1.4045000076293945
rear_mu,-,367.355998,1.0499999523162842,1.4045000076293945
rear_mu,-,367.454998,1.0499999523162842,1.4045000076293945
rear_mu,-,367.553998,1.0499999523162842,1.4045000076293945
rear_mu,-,367.685998,1.0499999523162842,1.4045000076293945
rear_mu,-,367.817998,1.0499999523162842,1.4045000076293945
rear_mu,-,367.949998,1.0499999523162842,1.4045000076293945
rear_mu,-,368.081998,1.0499999523162842,1.4045000076293945
rear_mu,-,368.180998,1.0499999523162842,1.4045000076293945
rear_mu,-,368.279998,1.0499999523162842,1.4045000076293945
rear_mu,-,368.378998,1.0499999523162842,1.4045000076293945
rear_mu,-,368.477998,1.0499999523162842,1.4045000076293945
rear_mu,-,368.576998,1.0499999523162842,1.4045000076293945
rear_mu,-,368.675998,1.0499999523162842,1.4045000076293945
rear_mu,-,368.807998,1.0499999523162842,1.4045000076293945
rear_mu,-,368.939998,1.0499999523162842,1.4045000076293945
rear_mu,-,369.071998,1.0499999523162842,1.4045000076293945
rear_mu,-,369.203998,1.0499999523162842,1.4045000076293945
rear_mu,-,369.335998,1.0499999523162842,1.4045000076293945
rear_mu,-,369.467998,1.0499999523162842,1.4045000076293945
rear_mu,-,369.533998,1.0499999523162842,1.4045000076293945
rear_mu,-,369.665998,1.0499999523162842,1.4045000076293945
rear_mu,-,369.797998,1.0499999523162842,1.4045000076293945
rear_mu,-,369.929998,1.0499999523162842,1.4045000076293945
rear_mu,-,370.061998,1.0499999523162842,1.4045000076293945
rear_mu,-,370.127998,1.0499999523162842,1.4045000076293945
rear_mu,-,370.259998,1.0499999523162842,1.4045000076293945
rear_mu,-,370.391998,1.0499999523162842,1.4045000076293945
rear_mu,-,370.589998,1.0499999523162842,1.4045000076293945
rear_mu,-,370.721998,1.0499999523162842,1.4045000076293945
rear_mu,-,370.853998,1.0499999523162842,1.4045000076293945
rear_mu,-,370.985998,1.0499999523162842,1.4045000076293945
rear_mu,-,371.051998,1.0499999523162842,1.4045000076293945
rear_mu,-,371.183998,1.0499999523162842,1.4045000076293945
rear_mu,-,371.249998,1.0499999523162842,1.4045000076293945
rear_mu,-,371.381998,1.0499999523162842,1.4045000076293945
rear_mu,-,371.447998,1.0499999523162842,1.4045000076293945
rear_mu,-,371.579998,1.0499999523162842,1.4045000076293945
rear_mu,-,371.711998,1.0499999523162842,1.4045000076293945
rear_mu,-,371.843998,1.0499999523162842,1.4045000076293945
rear_mu,-,371.975998,1.0499999523162842,1.4045000076293945
rear_mu,-,372.107998,1.0499999523162842,1.4045000076293945
rear_mu,-,372.239998,1.0499999523162842,1.4045000076293945
rear_mu,-,372.338998,1.0499999523162842,1.4045000076293945
rear_mu,-,372.437998,1.0499999523162842,1.4045000076293945
rear_mu,-,372.536998,1.0499999523162842,1.4045000076293945
rear_mu,-,372.635998,1.0499999523162842,1.4045000076293945
rear_mu,-,372.734998,1.0499999523162842,1.4045000076293945
rear_mu,-,372.833998,1.0499999523162842,1.4045000076293945
rear_mu,-,372.965998,1.0499999523162842,1.4045000076293945
rear_mu,-,373.097998,1.0499999523162842,1.4045000076293945
rear_mu,-,373.229998,1.0499999523162842,1.4045000076293945
rear_mu,-,373.361998,1.0499999523162842,1.4045000076293945
rear_mu,-,373.460998,1.0499999523162842,1.4045000076293945
rear_mu,-,373.559998,1.0499999523162842,1.4045000076293945
rear_mu,-,373.658998,1.0499999523162842,1.4045000076293945
rear_mu,-,373.757998,1.0499999523162842,1.4045000076293945
rear_mu,-,373.889998,1.0499999523162842,1.4045000076293945
rear_mu,-,374.021998,1.0499999523162842,1.4045000076293945
rear_mu,-,374.087998,1.0499999523162842,1.4045000076293945
rear_mu,-,374.219998,1.0499999523162842,1.4045000076293945
rear_mu,-,374.351998,1.0499999523162842,1.4045000076293945
rear_mu,-,374.483998,1.0499999523162842,1.4045000076293945
rear_mu,-,374.615998,1.0499999523162842,1.4045000076293945
rear_mu,-,374.747998,1.0499999523162842,1.4045000076293945
rear_mu,-,374.813998,1.0499999523162842,1.4045000076293945
rear_mu,-,374.945998,1.0499999523162842,1.4045000076293945
rear_mu,-,375.011998,1.0499999523162842,1.4045000076293945
rear_mu,-,375.176998,1.0499999523162842,1.4045000076293945
rear_mu,-,375.275998,1.0499999523162842,1.4045000076293945
rear_mu,-,375.374998,1.0499999523162842,1.4045000076293945
rear_mu,-,375.473998,1.0499999523162842,1.4045000076293945
rear_mu,-,375.605998,1.0499999523162842,1.4045000076293945
rear_mu,-,375.737998,1.0499999523162842,1.4045000076293945
rear_mu,-,375.869998,1.0499999523162842,1.4045000076293945
rear_mu,-,376.001998,1.0499999523162842,1.4045000076293945
rear_mu,-,376.100998,1.0499999523162842,1.4045000076293945
rear_mu,-,376.199998,1.0499999523162842,1.4045000076293945
rear_mu,-,376.298998,1.0499999523162842,1.4045000076293945
rear_mu,-,376.397998,1.0499999523162842,1.4045000076293945
rear_mu,-,376.496998,1.0499999523162842,1.4045000076293945
rear_mu,-,376.595998,1.0499999523162842,1.4045000076293945
rear_mu,-,376.694998,1.0499999523162842,1.4045000076293945
rear_mu,-,376.793998,1.0499999523162842,1.4045000076293945
rear_mu,-,376.925998,1.0499999523162842,1.4045000076293945
rear_mu,-,377.057998,1.0499999523162842,1.4045000076293945
rear_mu,-,377.189998,1.0499999523162842,1.4045000076293945
rear_mu,-,377.321998,1.0499999523162842,1.4045000076293945
rear_mu,-,377.453998,1.0499999523162842,1.4045000076293945
rear_mu,-,377.585998,1.0499999523162842,1.4045000076293945
rear_mu,-,377.651998,1.0499999523162842,1.4045000076293945
rear_mu,-,377.783998,1.0499999523162842,1.4045000076293945
rear_mu,-,377.849998,1.0499999523162842,1.4045000076293945
rear_mu,-,377.981998,1.0499999523162842,1.4045000076293945
rear_mu,-,378.113998,1.0499999523162842,1.4045000076293945
rear_mu,-,378.245998,1.0499999523162842,1.4045000076293945
rear_mu,-,378.377998,1.0499999523162842,1.4045000076293945
rear_mu,-,378.509998,1.0499999523162842,1.4045000076293945
rear_mu,-,378.641998,1.0499999523162842,1.4045000076293945
rear_mu,-,378.740998,1.0499999523162842,1.4045000076293945
rear_mu,-,378.839998,1.0499999523162842,1.4045000076293945
rear_mu,-,378.938998,1.0499999523162842,1.4045000076293945
rear_mu,-,379.037998,1.0499999523162842,1.4045000076293945
rear_mu,-,379.136998,1.0499999523162842,1.4045000076293945
rear_mu,-,379.235998,1.0499999523162842,1.4045000076293945
rear_mu,-,379.334998,1.0499999523162842,1.4045000076293945
rear_mu,-,379.433998,1.0499999523162842,1.4045000076293945
rear_mu,-,379.565998,1.0499999523162842,1.4045000076293945
rear_mu,-,379.697998,1.0499999523162842,1.4045000076293945
rear_mu,-,379.829998,1.0499999523162842,1.4045000076293945
rear_mu,-,380.027998,1.0499999523162842,1.4045000076293945
rear_mu,-,380.093998,1.0499999523162842,1.4045000076293945
rear_mu,-,380.225998,1.0499999523162842,1.4045000076293945
rear_mu,-,380.291998,1.0499999523162842,1.4045000076293945
rear_mu,-,380.423998,1.0499999523162842,1.4045000076293945
rear_mu,-,380.489998,1.0499999523162842,1.4045000076293945
rear_mu,-,380.621998,1.0499999523162842,1.4045000076293945
rear_mu,-,380.687998,1.0499999523162842,1.4045000076293945
rear_mu,-,380.819998,1.0499999523162842,1.4045000076293945
rear_mu,-,380.951998,1.0499999523162842,1.4045000076293945
rear_mu,-,381.083998,1.0499999523162842,1.4045000076293945
rear_mu,-,381.215998,1.0499999523162842,1.4045000076293945
rear_mu,-,381.347998,1.0499999523162842,1.4045000076293945
rear_mu,-,381.479998,1.0499999523162842,1.4045000076293945
rear_mu,-,381.578998,1.0499999523162842,1.4045000076293945
rear_mu,-,381.677998,1.0499999523162842,1.4045000076293945
rear_mu,-,381.776998,1.0499999523162842,1.4045000076293945
rear_mu,-,381.941998,1.0499999523162842,1.4045000076293945
rear_mu,-,382.007998,1.0499999523162842,1.4045000076293945
rear_mu,-,382.139998,1.0499999523162842,1.4045000076293945
rear_mu,-,382.271998,1.0499999523162842,1.4045000076293945
rear_mu,-,382.403998,1.0499999523162842,1.4045000076293945
rear_mu,-,382.535998,1.0499999523162842,1.4045000076293945
rear_mu,-,382.667998,1.0499999523162842,1.4045000076293945
rear_mu,-,382.799998,1.0499999523162842,1.4045000076293945
rear_mu,-,382.898998,1.0499999523162842,1.4045000076293945
rear_mu,-,382.997998,1.0499999523162842,1.4045000076293945
rear_mu,-,383.096998,1.0499999523162842,1.4045000076293945
rear_mu,-,383.195998,1.0499999523162842,1.4045000076293945
rear_mu,-,383.327998,1.0499999523162842,1.4045000076293945
rear_mu,-,383.459998,1.0499999523162842,1.4045000076293945
rear_mu,-,383.591998,1.0499999523162842,1.4045000076293945
rear_mu,-,383.789998,1.0499999523162842,1.4045000076293945
rear_mu,-,383.921998,1.0499999523162842,1.4045000076293945
rear_mu,-,384.053998,1.0499999523162842,1.4045000076293945
rear_mu,-,384.185998,1.0499999523162842,1.4045000076293945
rear_mu,-,384.251998,1.0499999523162842,1.4045000076293945
rear_mu,-,384.383998,1.0499999523162842,1.4045000076293945
rear_mu,-,384.449998,1.0499999523162842,1.4045000076293945
rear_mu,-,384.581998,1.0499999523162842,1.4045000076293945
rear_mu,-,384.647998,1.0499999523162842,1.4045000076293945
rear_mu,-,384.779998,1.0499999523162842,1.4045000076293945
rear_mu,-,384.911998,1.0499999523162842,1.4045000076293945
rear_mu,-,385.043998,1.0499999523162842,1.4045000076293945
rear_mu,-,385.175998,1.0499999523162842,1.4045000076293945
rear_mu,-,385.307998,1.0499999523162842,1.4045000076293945
rear_mu,-,385.373998,1.0499999523162842,1.4045000076293945
rear_mu,-,385.505998,1.0499999523162842,1.4045000076293945
rear_mu,-,385.571998,1.0499999523162842,1.4045000076293945
rear_mu,-,385.703998,1.0499999523162842,1.4045000076293945
rear_mu,-,385.769998,1.0499999523162842,1.4045000076293945
rear_mu,-,385.901998,1.0499999523162842,1.4045000076293945
rear_mu,-,385.967998,1.0499999523162842,1.4045000076293945
rear_mu,-,386.099998,1.0499999523162842,1.4045000076293945
rear_mu,-,386.231998,1.0499999523162842,1.4045000076293945
rear_mu,-,386.363998,1.0499999523162842,1.4045000076293945
rear_mu,-,386.495998,1.0499999523162842,1.4045000076293945
rear_mu,-,386.627998,1.0499999523162842,1.4045000076293945
rear_mu,-,386.759998,1.0499999523162842,1.4045000076293945
rear_mu,-,386.858998,1.0499999523162842,1.4045000076293945
rear_mu,-,386.957998,1.0499999523162842,1.4045000076293945
rear_mu,-,387.056998,1.0499999523162842,1.4045000076293945
rear_mu,-,387.155998,1.0499999523162842,1.4045000076293945
rear_mu,-,387.254998,1.0499999523162842,1.4045000076293945
rear_mu,-,387.353998,1.0499999523162842,1.4045000076293945
rear_mu,-,387.485998,1.0499999523162842,1.4045000076293945
rear_mu,-,387.617998,1.0499999523162842,1.4045000076293945
rear_mu,-,387.749998,1.0499999523162842,1.4045000076293945
rear_mu,-,387.881998,1.0499999523162842,1.4045000076293945
rear_mu,-,387.980998,1.0499999523162842,1.4045000076293945
rear_mu,-,388.079998,1.0499999523162842,1.4045000076293945
rear_mu,-,388.178998,1.0499999523162842,1.4045000076293945
rear_mu,-,388.277998,1.0499999523162842,1.4045000076293945
rear_mu,-,388.409998,1.0499999523162842,1.4045000076293945
rear_mu,-,388.541998,1.0499999523162842,1.4045000076293945
rear_mu,-,388.607998,1.0499999523162842,1.4045000076293945
rear_mu,-,388.739998,1.0499999523162842,1.4045000076293945
rear_mu,-,388.871998,1.0499999523162842,1.4045000076293945
rear_mu,-,389.003998,1.0499999523162842,1.4045000076293945
rear_mu,-,389.135998,1.0499999523162842,1.4045000076293945
rear_mu,-,389.267998,1.0499999523162842,1.4045000076293945
rear_mu,-,389.399998,1.0499999523162842,1.4045000076293945
rear_mu,-,389.498998,1.0499999523162842,1.4045000076293945
rear_mu,-,389.597998,1.0499999523162842,1.4045000076293945
rear_mu,-,389.696998,1.0499999523162842,1.4045000076293945
rear_mu,-,389.795998,1.0499999523162842,1.4045000076293945
rear_mu,-,389.894998,1.0499999523162842,1.4045000076293945
rear_mu,-,389.993998,1.0499999523162842,1.4045000076293945
rear_mu,-,390.125998,1.0499999523162842,1.4045000076293945
rear_mu,-,390.257998,1.0499999523162842,1.4045000076293945
rear_mu,-,390.389998,1.0499999523162842,1.4045000076293945
rear_mu,-,390.521998,1.0499999523162842,1.4045000076293945
rear_mu,-,390.620998,1.0499999523162842,1.4045000076293945
rear_mu,-,390.719998,1.0499999523162842,1.4045000076293945
rear_mu,-,390.818998,1.0499999523162842,1.4045000076293945
rear_mu,-,390.917998,1.0499999523162842,1.4045000076293945
rear_mu,-,391.016998,1.0499999523162842,1.4045000076293945
rear_mu,-,391.115998,1.0499999523162842,1.4045000076293945
rear_mu,-,391.214998,1.0499999523162842,1.4045000076293945
rear_mu,-,391.313998,1.0499999523162842,1.4045000076293945
rear_mu,-,391.445998,1.0499999523162842,1.4045000076293945
rear_mu,-,391.577998,1.0499999523162842,1.4045000076293945
rear_mu,-,391.709998,1.0499999523162842,1.4045000076293945
rear_mu,-,391.841998,1.0499999523162842,1.4045000076293945
rear_mu,-,391.940998,1.0499999523162842,1.4045000076293945
rear_mu,-,392.039998,1.0499999523162842,1.4045000076293945
rear_mu,-,392.138998,1.0499999523162842,1.4045000076293945
rear_mu,-,392.237998,1.0499999523162842,1.4045000076293945
rear_mu,-,392.336998,1.0499999523162842,1.4045000076293945
rear_mu,-,392.435998,1.0499999523162842,1.4045000076293945
rear_mu,-,392.534998,1.0499999523162842,1.4045000076293945
rear_mu,-,392.633998,1.0499999523162842,1.4045000076293945
rear_mu,-,392.765998,1.0499999523162842,1.4045000076293945
rear_mu,-,392.897998,1.0499999523162842,1.4045000076293945
rear_mu,-,393.029998,1.0499999523162842,1.4045000076293945
rear_mu,-,393.161998,1.0499999523162842,1.4045000076293945
rear_mu,-,393.260998,1.0499999523162842,1.4045000076293945
rear_mu,-,393.359998,1.0499999523162842,1.4045000076293945
rear_mu,-,393.458998,1.0499999523162842,1.4045000076293945
rear_mu,-,393.557998,1.0499999523162842,1.4045000076293945
rear_mu,-,393.656998,1.0499999523162842,1.4045000076293945
rear_mu,-,393.755998,1.0499999523162842,1.4045000076293945
rear_mu,-,393.854998,1.0499999523162842,1.4045000076293945
rear_mu,-,393.953998,1.0499999523162842,1.4045000076293945
rear_mu,-,394.085998,1.0499999523162842,1.4045000076293945
rear_mu,-,394.217998,1.0499999523162842,1.4045000076293945
rear_mu,-,394.349998,1.0499999523162842,1.4045000076293945
rear_mu,-,394.481998,1.0499999523162842,1.4045000076293945
rear_mu,-,394.613998,1.0499999523162842,1.4045000076293945
rear_mu,-,394.745998,1.0499999523162842,1.4045000076293945
rear_mu,-,394.811998,1.0499999523162842,1.4045000076293945
rear_mu,-,394.943998,1.0499999523162842,1.4045000076293945
rear_mu,-,395.009998,1.0499999523162842,1.4045000076293945
rear_mu,-,395.141998,1.0499999523162842,1.4045000076293945
rear_mu,-,395.207998,1.0499999523162842,1.4045000076293945
rear_mu,-,395.339998,1.0499999523162842,1.4045000076293945
rear_mu,-,395.471998,1.0499999523162842,1.4045000076293945
rear_mu,-,395.603998,1.0499999523162842,1.4045000076293945
rear_mu,-,395.735998,1.0499999523162842,1.4045000076293945
rear_mu,-,395.867998,1.0499999523162842,1.4045000076293945
rear_mu,-,395.933998,1.0499999523162842,1.4045000076293945
rear_mu,-,396.065998,1.0499999523162842,1.4045000076293945
rear_mu,-,396.131998,1.0499999523162842,1.4045000076293945
rear_mu,-,396.263998,1.0499999523162842,1.4045000076293945
rear_mu,-,396.329998,1.0499999523162842,1.4045000076293945
rear_mu,-,396.461998,1.0499999523162842,1.4045000076293945
rear_mu,-,396.593998,1.0499999523162842,1.4045000076293945
rear_mu,-,396.725998,1.0499999523162842,1.4045000076293945
rear_mu,-,396.857998,1.0499999523162842,1.4045000076293945
rear_mu,-,396.989998,1.0499999523162842,1.4045000076293945
rear_mu,-,397.121998,1.0499999523162842,1.4045000076293945
rear_mu,-,397.253998,1.0499999523162842,1.4045000076293945
rear_mu,-,397.385998,1.0499999523162842,1.4045000076293945
rear_mu,-,397.451998,1.0499999523162842,1.4045000076293945
rear_mu,-,397.583998,1.0499999523162842,1.4045000076293945
rear_mu,-,397.715998,1.0499999523162842,1.4045000076293945
rear_mu,-,397.814998,1.0499999523162842,1.4045000076293945
rear_mu,-,397.913998,1.0499999523162842,1.4045000076293945
rear_mu,-,398.045998,1.0499999523162842,1.4045000076293945
rear_mu,-,398.177998,1.0499999523162842,1.4045000076293945
rear_mu,-,398.309998,1.0499999523162842,1.4045000076293945
rear_mu,-,398.441998,1.0499999523162842,1.4045000076293945
rear_mu,-,398.540998,1.0499999523162842,1.4045000076293945
rear_mu,-,398.639998,1.0499999523162842,1.4045000076293945
rear_mu,-,398.738998,1.0499999523162842,1.4045000076293945
rear_mu,-,398.837998,1.0499999523162842,1.4045000076293945
rear_mu,-,398.936998,1.0499999523162842,1.4045000076293945
rear_mu,-,399.035998,1.0499999523162842,1.4045000076293945
rear_mu,-,399.134998,1.0499999523162842,1.4045000076293945
rear_mu,-,399.233998,1.0499999523162842,1.4045000076293945
rear_mu,-,399.365998,1.0499999523162842,1.4045000076293945
rear_mu,-,399.497998,1.0499999523162842,1.4045000076293945
rear_mu,-,399.629998,1.0499999523162842,1.4045000076293945
rear_mu,-,399.761998,1.0499999523162842,1.4045000076293945
rear_mu,-,399.860998,1.0499999523162842,1.4045000076293945
rear_mu,-,399.959998,1.0499999523162842,1.4045000076293945
rear_mu,-,400.058998,1.0499999523162842,1.4045000076293945
rear_mu,-,400.157998,1.0499999523162842,1.4045000076293945
rear_mu,-,400.256998,1.0499999523162842,1.4045000076293945
rear_mu,-,400.355998,1.0499999523162842,1.4045000076293945
rear_mu,-,400.454998,1.0499999523162842,1.4045000076293945
rear_mu,-,400.553998,1.0499999523162842,1.4045000076293945
rear_mu,-,400.652998,1.0499999523162842,1.4045000076293945
rear_mu,-,400.751998,1.0499999523162842,1.4045000076293945
rear_mu,-,400.883998,1.0499999523162842,1.4045000076293945
rear_mu,-,401.015998,1.0499999523162842,1.4045000076293945
rear_mu,-,401.147998,1.0499999523162842,1.4045000076293945
rear_mu,-,401.213998,1.0499999523162842,1.4045000076293945
rear_mu,-,401.345998,1.0499999523162842,1.4045000076293945
rear_mu,-,401.411998,1.0499999523162842,1.4045000076293945
rear_mu,-,401.543998,1.0499999523162842,1.4045000076293945
rear_mu,-,401.609998,1.0499999523162842,1.4045000076293945
rear_mu,-,401.741998,1.0499999523162842,1.4045000076293945
rear_mu,-,401.807998,1.0499999523162842,1.4045000076293945
rear_mu,-,401.939998,1.0499999523162842,1.4045000076293945
rear_mu,-,402.071998,1.0499999523162842,1.4045000076293945
rear_mu,-,402.203998,1.0499999523162842,1.4045000076293945
rear_mu,-,402.335998,1.0499999523162842,1.4045000076293945
rear_mu,-,402.467998,1.0499999523162842,1.4045000076293945
rear_mu,-,402.533998,1.0499999523162842,1.4045000076293945
rear_mu,-,402.665998,1.0499999523162842,1.4045000076293945
rear_mu,-,402.731998,1.0499999523162842,1.4045000076293945
rear_mu,-,402.863998,1.0499999523162842,1.4045000076293945
rear_mu,-,402.929998,1.0499999523162842,1.4045000076293945
rear_mu,-,403.061998,1.0499999523162842,1.4045000076293945
rear_mu,-,403.127998,1.0499999523162842,1.4045000076293945
rear_mu,-,403.259998,1.0499999523162842,1.4045000076293945
rear_mu,-,403.391998,1.0499999523162842,1.4045000076293945
rear_mu,-,403.523998,1.0499999523162842,1.4045000076293945
rear_mu,-,403.655998,1.0499999523162842,1.4045000076293945
rear_mu,-,403.787998,1.0499999523162842,1.4045000076293945
rear_mu,-,403.919998,1.0499999523162842,1.4045000076293945
rear_mu,-,404.018998,1.0499999523162842,1.4045000076293945
rear_mu,-,404.117998,1.0499999523162842,1.4045000076293945
rear_mu,-,404.216998,1.0499999523162842,1.4045000076293945
rear_mu,-,404.315998,1.0499999523162842,1.4045000076293945
rear_mu,-,404.414998,1.0499999523162842,1.4045000076293945
rear_mu,-,404.513998,1.0499999523162842,1.4045000076293945
rear_mu,-,404.645998,1.0499999523162842,1.4045000076293945
rear_mu,-,404.777998,1.0499999523162842,1.4045000076293945
rear_mu,-,404.909998,1.0499999523162842,1.4045000076293945
rear_mu,-,405.041998,1.0499999523162842,1.4045000076293945
rear_mu,-,405.173998,1.0499999523162842,1.4045000076293945
rear_mu,-,405.305998,1.0499999523162842,1.4045000076293945
rear_mu,-,405.371998,1.0499999523162842,1.4045000076293945
rear_mu,-,405.503998,1.0499999523162842,1.4045000076293945
rear_mu,-,405.569998,1.0499999523162842,1.4045000076293945
rear_mu,-,405.701998,1.0499999523162842,1.4045000076293945
rear_mu,-,405.833998,1.0499999523162842,1.4045000076293945
rear_mu,-,405.932998,1.0499999523162842,1.4045000076293945
rear_mu,-,406.031998,1.0499999523162842,1.4045000076293945
rear_mu,-,406.163998,1.0499999523162842,1.4045000076293945
rear_mu,-,406.295998,1.0499999523162842,1.4045000076293945
rear_mu,-,406.427998,1.0499999523162842,1.4045000076293945
rear_mu,-,406.493998,1.0499999523162842,1.4045000076293945
rear_mu,-,406.625998,1.0499999523162842,1.4045000076293945
rear_mu,-,406.691998,1.0499999523162842,1.4045000076293945
rear_mu,-,406.823998,1.0499999523162842,1.4045000076293945
rear_mu,-,406.889998,1.0499999523162842,1.4045000076293945
rear_mu,-,407.021998,1.0499999523162842,1.4045000076293945
rear_mu,-,407.087998,1.0499999523162842,1.4045000076293945
rear_mu,-,407.219998,1.0499999523162842,1.4045000076293945
rear_mu,-,407.351998,1.0499999523162842,1.4045000076293945
rear_mu,-,407.483998,1.0499999523162842,1.4045000076293945
rear_mu,-,407.615998,1.0499999523162842,1.4045000076293945
rear_mu,-,407.747998,1.0499999523162842,1.4045000076293945
rear_mu,-,407.879998,1.0499999523162842,1.4045000076293945
rear_mu,-,407.978998,1.0499999523162842,1.4045000076293945
rear_mu,-,408.077998,1.0499999523162842,1.4045000076293945
rear_mu,-,408.176998,1.0499999523162842,1.4045000076293945
rear_mu,-,408.275998,1.0499999523162842,1.4045000076293945
rear_mu,-,408.374998,1.0499999523162842,1.4045000076293945
rear_mu,-,408.473998,1.0499999523162842,1.4045000076293945
rear_mu,-,408.605998,1.0499999523162842,1.4045000076293945
rear_mu,-,408.737998,1.0499999523162842,1.4045000076293945
rear_mu,-,408.869998,1.0499999523162842,1.4045000076293945
rear_mu,-,409.001998,1.0499999523162842,1.4045000076293945
rear_mu,-,409.133998,1.0499999523162842,1.4045000076293945
rear_mu,-,409.265998,1.0499999523162842,1.4045000076293945
rear_mu,-,409.331998,1.0499999523162842,1.4045000076293945
rear_mu,-,409.463998,1.0499999523162842,1.4045000076293945
rear_mu,-,409.529998,1.0499999523162842,1.4045000076293945
rear_mu,-,409.661998,1.0499999523162842,1.4045000076293945
rear_mu,-,409.727998,1.0499999523162842,1.4045000076293945
rear_mu,-,409.859998,1.0499999523162842,1.4045000076293945
rear_mu,-,409.991998,1.0499999523162842,1.4045000076293945
rear_mu,-,410.123998,1.0499999523162842,1.4045000076293945
rear_mu,-,410.255998,1.0499999523162842,1.4045000076293945
rear_mu,-,410.387998,1.0499999523162842,1.4045000076293945
rear_mu,-,410.519998,1.0499999523162842,1.4045000076293945
rear_mu,-,410.618998,1.0499999523162842,1.4045000076293945
rear_mu,-,410.717998,1.0499999523162842,1.4045000076293945
rear_mu,-,410.816998,1.0499999523162842,1.4045000076293945
rear_mu,-,410.915998,1.0499999523162842,1.4045000076293945
rear_mu,-,411.014998,1.0499999523162842,1.4045000076293945
rear_mu,-,411.113998,1.0499999523162842,1.4045000076293945
rear_mu,-,411.245998,1.0499999523162842,1.4045000076293945
rear_mu,-,411.377998,1.0499999523162842,1.4045000076293945
rear_mu,-,411.509998,1.0499999523162842,1.4045000076293945
rear_mu,-,411.641998,1.0499999523162842,1.4045000076293945
rear_mu,-,411.773998,1.0499999523162842,1.4045000076293945
rear_mu,-,411.905998,1.0499999523162842,1.4045000076293945
rear_mu,-,411.971998,1.0499999523162842,1.4045000076293945
rear_mu,-,412.103998,1.0499999523162842,1.4045000076293945
rear_mu,-,412.169998,1.0499999523162842,1.4045000076293945
rear_mu,-,412.301998,1.0499999523162842,1.4045000076293945
rear_mu,-,412.367998,1.0499999523162842,1.4045000076293945
rear_mu,-,412.499998,1.0499999523162842,1.4045000076293945
rear_mu,-,412.631998,1.0499999523162842,1.4045000076293945
rear_mu,-,412.763998,1.0499999523162842,1.4045000076293945
rear_mu,-,412.895998,1.0499999523162842,1.4045000076293945
rear_mu,-,413.027998,1.0499999523162842,1.4045000076293945
rear_mu,-,413.093998,1.0499999523162842,1.4045000076293945
rear_mu,-,413.225998,1.0499999523162842,1.4045000076293945
rear_mu,-,413.291998,1.0499999523162842,1.4045000076293945
rear_mu,-,413.456998,1.0499999523162842,1.4045000076293945
rear_mu,-,413.555998,1.0499999523162842,1.4045000076293945
rear_mu,-,413.654998,1.0499999523162842,1.4045000076293945
rear_mu,-,413.753998,1.0499999523162842,1.4045000076293945
rear_mu,-,413.885998,1.0499999523162842,1.4045000076293945
rear_mu,-,414.017998,1.0499999523162842,1.4045000076293945
rear_mu,-,414.149998,1.0499999523162842,1.4045000076293945
rear_mu,-,414.281998,1.0499999523162842,1.4045000076293945
rear_mu,-,414.380998,1.0499999523162842,1.4045000076293945
rear_mu,-,414.479998,1.0499999523162842,1.4045000076293945
rear_mu,-,414.578998,1.0499999523162842,1.4045000076293945
rear_mu,-,414.677998,1.0499999523162842,1.4045000076293945
rear_mu,-,414.809998,1.0499999523162842,1.4045000076293945
rear_mu,-,414.941998,1.0499999523162842,1.4045000076293945
rear_mu,-,415.007998,1.0499999523162842,1.4045000076293945
rear_mu,-,415.139998,1.0499999523162842,1.4045000076293945
rear_mu,-,415.271998,1.0499999523162842,1.4045000076293945
rear_mu,-,415.403998,1.0499999523162842,1.4045000076293945
rear_mu,-,415.535998,1.0499999523162842,1.4045000076293945
rear_mu,-,415.667998,1.0499999523162842,1.4045000076293945
rear_mu,-,415.799998,1.0499999523162842,1.4045000076293945
rear_mu,-,415.898998,1.0499999523162842,1.4045000076293945
rear_mu,-,415.997998,1.0499999523162842,1.4045000076293945
rear_mu,-,416.096998,1.0499999523162842,1.4045000076293945
rear_mu,-,416.195998,1.0499999523162842,1.4045000076293945
rear_mu,-,416.294998,1.0499999523162842,1.4045000076293945
rear_mu,-,416.393998,1.0499999523162842,1.4045000076293945
rear_mu,-,416.525998,1.0499999523162842,1.4045000076293945
rear_mu,-,416.657998,1.0499999523162842,1.4045000076293945
rear_mu,-,416.789998,1.0499999523162842,1.4045000076293945
rear_mu,-,416.921998,1.0499999523162842,1.4045000076293945
rear_mu,-,417.020998,1.0499999523162842,1.4045000076293945
rear_mu,-,417.119998,1.0499999523162842,1.4045000076293945
rear_mu,-,417.218998,1.0499999523162842,1.4045000076293945
rear_mu,-,417.317998,1.0499999523162842,1.4045000076293945
rear_mu,-,417.416998,1.0499999523162842,1.4045000076293945
rear_mu,-,417.515998,1.0499999523162842,1.4045000076293945
rear_mu,-,417.614998,1.0499999523162842,1.4045000076293945
rear_mu,-,417.779998,1.0499999523162842,1.4045000076293945
rear_mu,-,417.911998,1.0499999523162842,1.4045000076293945
rear_mu,-,418.043998,1.0499999523162842,1.4045000076293945
rear_mu,-,418.175998,1.0499999523162842,1.4045000076293945
rear_mu,-,418.307998,1.0499999523162842,1.4045000076293945
rear_mu,-,418.373998,1.0499999523162842,1.4045000076293945
rear_mu,-,418.505998,1.0499999523162842,1.4045000076293945
rear_mu,-,418.571998,1.0499999523162842,1.4045000076293945
rear_mu,-,418.703998,1.0499999523162842,1.4045000076293945
rear_mu,-,418.769998,1.0499999523162842,1.4045000076293945
rear_mu,-,418.901998,1.0499999523162842,1.4045000076293945
rear_mu,-,418.967998,1.0499999523162842,1.4045000076293945
rear_mu,-,419.099998,1.0499999523162842,1.4045000076293945
rear_mu,-,419.231998,1.0499999523162842,1.4045000076293945
rear_mu,-,419.363998,1.0499999523162842,1.4045000076293945
rear_mu,-,419.495998,1.0499999523162842,1.4045000076293945
rear_mu,-,419.627998,1.0499999523162842,1.4045000076293945
rear_mu,-,419.693998,1.0499999523162842,1.4045000076293945
rear_mu,-,419.825998,1.0499999523162842,1.4045000076293945
rear_mu,-,419.891998,1.0499999523162842,1.4045000076293945
rear_mu,-,420.023998,1.0499999523162842,1.4045000076293945
rear_mu,-,420.089998,1.0499999523162842,1.4045000076293945
rear_mu,-,420.221998,1.0499999523162842,1.4045000076293945
rear_mu,-,420.287998,1.0499999523162842,1.4045000076293945
rear_mu,-,420.419998,1.0499999523162842,1.4045000076293945
rear_mu,-,420.551998,1.0499999523162842,1.4045000076293945
rear_mu,-,420.683998,1.0499999523162842,1.4045000076293945
rear_mu,-,420.815998,1.0499999523162842,1.4045000076293945
rear_mu,-,420.947998,1.0499999523162842,1.4045000076293945
rear_mu,-,421.079998,1.0499999523162842,1.4045000076293945
rear_mu,-,421.178998,1.0499999523162842,1.4045000076293945
rear_mu,-,421.277998,1.0499999523162842,1.4045000076293945
rear_mu,-,421.376998,1.0499999523162842,1.4045000076293945
rear_mu,-,421.475998,1.0499999523162842,1.4045000076293945
rear_mu,-,421.574998,1.0499999523162842,1.4045000076293945
rear_mu,-,421.673998,1.0499999523162842,1.4045000076293945
rear_mu,-,421.805998,1.0499999523162842,1.4045000076293945
rear_mu,-,421.937998,1.0499999523162842,1.4045000076293945
rear_mu,-,422.069998,1.0499999523162842,1.4045000076293945
rear_mu,-,422.201998,1.0499999523162842,1.4045000076293945
rear_mu,-,422.333998,1.0499999523162842,1.4045000076293945
rear_mu,-,422.465998,1.0499999523162842,1.4045000076293945
rear_mu,-,422.531998,1.0499999523162842,1.4045000076293945
rear_mu,-,422.663998,1.0499999523162842,1.4045000076293945
rear_mu,-,422.729998,1.0499999523162842,1.4045000076293945
rear_mu,-,422.861998,1.0499999523162842,1.4045000076293945
rear_mu,-,422.927998,1.0499999523162842,1.4045000076293945
rear_mu,-,423.059998,1.0499999523162842,1.4045000076293945
rear_mu,-,423.191998,1.0499999523162842,1.4045000076293945
rear_mu,-,423.323998,1.0499999523162842,1.4045000076293945
rear_mu,-,423.455998,1.0499999523162842,1.4045000076293945
rear_mu,-,423.587998,1.0499999523162842,1.4045000076293945
rear_mu,-,423.719998,1.0499999523162842,1.4045000076293945
rear_mu,-,423.818998,1.0499999523162842,1.4045000076293945
rear_mu,-,423.917998,1.0499999523162842,1.4045000076293945
rear_mu,-,424.016998,1.0499999523162842,1.4045000076293945
rear_mu,-,424.115998,1.0499999523162842,1.4045000076293945
rear_mu,-,424.247998,1.0499999523162842,1.4045000076293945
rear_mu,-,424.379998,1.0499999523162842,1.4045000076293945
rear_mu,-,424.511998,1.0499999523162842,1.4045000076293945
rear_mu,-,424.643998,1.0499999523162842,1.4045000076293945
rear_mu,-,424.775998,1.0499999523162842,1.4045000076293945
rear_mu,-,424.907998,1.0499999523162842,1.4045000076293945
rear_mu,-,424.973998,1.0499999523162842,1.4045000076293945
rear_mu,-,425.105998,1.0499999523162842,1.4045000076293945
rear_mu,-,425.171998,1.0499999523162842,1.4045000076293945
rear_mu,-,425.303998,1.0499999523162842,1.4045000076293945
rear_mu,-,425.369998,1.0499999523162842,1.4045000076293945
rear_mu,-,425.501998,1.0499999523162842,1.4045000076293945
rear_mu,-,425.567998,1.0499999523162842,1.4045000076293945
rear_mu,-,425.699998,1.0499999523162842,1.4045000076293945
rear_mu,-,425.831998,1.0499999523162842,1.4045000076293945
rear_mu,-,426.029998,1.0499999523162842,1.4045000076293945
rear_mu,-,426.161998,1.0499999523162842,1.4045000076293945
rear_mu,-,426.260998,1.0499999523162842,1.4045000076293945
rear_mu,-,426.425998,1.0499999523162842,1.4045000076293945
rear_mu,-,426.491998,1.0499999523162842,1.4045000076293945
rear_mu,-,426.623998,1.0499999523162842,1.4045000076293945
rear_mu,-,426.689998,1.0499999523162842,1.4045000076293945
rear_mu,-,426.821998,1.0499999523162842,1.4045000076293945
rear_mu,-,426.887998,1.0499999523162842,1.4045000076293945
rear_mu,-,427.019998,1.0499999523162842,1.4045000076293945
rear_mu,-,427.151998,1.0499999523162842,1.4045000076293945
rear_mu,-,427.283998,1.0499999523162842,1.4045000076293945
rear_mu,-,427.415998,1.0499999523162842,1.4045000076293945
rear_mu,-,427.547998,1.0499999523162842,1.4045000076293945
rear_mu,-,427.613998,1.0499999523162842,1.4045000076293945
rear_mu,-,427.745998,1.0499999523162842,1.4045000076293945
rear_mu,-,427.811998,1.0499999523162842,1.4045000076293945
rear_mu,-,427.943998,1.0499999523162842,1.4045000076293945
rear_mu,-,428.009998,1.0499999523162842,1.4045000076293945
rear_mu,-,428.141998,1.0499999523162842,1.4045000076293945
rear_mu,-,428.207998,1.0499999523162842,1.4045000076293945
rear_mu,-,428.339998,1.0499999523162842,1.4045000076293945
rear_mu,-,428.471998,1.0499999523162842,1.4045000076293945
rear_mu,-,428.603998,1.0499999523162842,1.4045000076293945
rear_mu,-,428.735998,1.0499999523162842,1.4045000076293945
rear_mu,-,428.867998,1.0499999523162842,1.4045000076293945
rear_mu,-,428.933998,1.0499999523162842,1.4045000076293945
rear_mu,-,429.065998,1.0499999523162842,1.4045000076293945
rear_mu,-,429.131998,1.0499999523162842,1.4045000076293945
rear_mu,-,429.263998,1.0499999523162842,1.4045000076293945
rear_mu,-,429.395998,1.0499999523162842,1.4045000076293945
rear_mu,-,429.494998,1.0499999523162842,1.4045000076293945
rear_mu,-,429.593998,1.0499999523162842,1.4045000076293945
rear_mu,-,429.725998,1.0499999523162842,1.4045000076293945
rear_mu,-,429.857998,1.0499999523162842,1.4045000076293945
rear_mu,-,429.989998,1.0499999523162842,1.4045000076293945
rear_mu,-,430.121998,1.0499999523162842,1.4045000076293945
rear_mu,-,430.220998,1.0499999523162842,1.4045000076293945
rear_mu,-,430.319998,1.0499999523162842,1.4045000076293945
rear_mu,-,430.418998,1.0499999523162842,1.4045000076293945
rear_mu,-,430.517998,1.0499999523162842,1.4045000076293945
rear_mu,-,430.616998,1.0499999523162842,1.4045000076293945
rear_mu,-,430.715998,1.0499999523162842,1.4045000076293945
rear_mu,-,430.814998,1.0499999523162842,1.4045000076293945
rear_mu,-,430.913998,1.0499999523162842,1.4045000076293945
rear_mu,-,431.045998,1.0499999523162842,1.4045000076293945
rear_mu,-,431.177998,1.0499999523162842,1.4045000076293945
rear_mu,-,431.309998,1.0499999523162842,1.4045000076293945
rear_mu,-,431.441998,1.0499999523162842,1.4045000076293945
rear_mu,-,431.573998,1.0499999523162842,1.4045000076293945
rear_mu,-,431.705998,1.0499999523162842,1.4045000076293945
rear_mu,-,431.771998,1.0499999523162842,1.4045000076293945
rear_mu,-,431.903998,1.0499999523162842,1.4045000076293945
rear_mu,-,431.969998,1.0499999523162842,1.4045000076293945
rear_mu,-,432.101998,1.0499999523162842,1.4045000076293945
rear_mu,-,432.233998,1.0499999523162842,1.4045000076293945
rear_mu,-,432.365998,1.0499999523162842,1.4045000076293945
rear_mu,-,432.497998,1.0499999523162842,1.4045000076293945
rear_mu,-,432.629998,1.0499999523162842,1.4045000076293945
rear_mu,-,432.761998,1.0499999523162842,1.4045000076293945
rear_mu,-,432.893998,1.0499999523162842,1.4045000076293945
rear_mu,-,433.025998,1.0499999523162842,1.4045000076293945
rear_mu,-,433.091998,1.0499999523162842,1.4045000076293945
rear_mu,-,433.223998,1.0499999523162842,1.4045000076293945
rear_mu,-,433.289998,1.0499999523162842,1.4045000076293945
rear_mu,-,433.421998,1.0499999523162842,1.4045000076293945
rear_mu,-,433.487998,1.0499999523162842,1.4045000076293945
rear_mu,-,433.619998,1.0499999523162842,1.4045000076293945
rear_mu,-,433.685998,1.0499999523162842,1.4045000076293945
rear_mu,-,433.817998,1.0499999523162842,1.4045000076293945
rear_mu,-,433.949998,1.0499999523162842,1.4045000076293945
rear_mu,-,434.081998,1.0499999523162842,1.4045000076293945
rear_mu,-,434.213998,1.0499999523162842,1.4045000076293945
rear_mu,-,434.345998,1.0499999523162842,1.4045000076293945
rear_mu,-,434.411998,1.0499999523162842,1.4045000076293945
rear_mu,-,434.543998,1.0499999523162842,1.4045000076293945
rear_mu,-,434.609998,1.0499999523162842,1.4045000076293945
rear_mu,-,434.741998,1.0499999523162842,1.4045000076293945
rear_mu,-,434.807998,1.0499999523162842,1.4045000076293945
rear_mu,-,434.939998,1.0499999523162842,1.4045000076293945
rear_mu,-,435.005998,1.0499999523162842,1.4045000076293945
rear_mu,-,435.137998,1.0499999523162842,1.4045000076293945
rear_mu,-,435.203998,1.0499999523162842,1.4045000076293945
rear_mu,-,435.335998,1.0499999523162842,1.4045000076293945
rear_mu,-,435.467998,1.0499999523162842,1.4045000076293945
rear_mu,-,435.599998,1.0499999523162842,1.4045000076293945
rear_mu,-,435.698998,1.0499999523162842,1.4045000076293945
rear_mu,-,435.797998,1.0499999523162842,1.4045000076293945
rear_mu,-,435.896998,1.0499999523162842,1.4045000076293945
rear_mu,-,435.995998,1.0499999523162842,1.4045000076293945
rear_mu,-,436.094998,1.0499999523162842,1.4045000076293945
rear_mu,-,436.193998,1.0499999523162842,1.4045000076293945
rear_mu,-,436.325998,1.0499999523162842,1.4045000076293945
rear_mu,-,436.457998,1.0499999523162842,1.4045000076293945
rear_mu,-,436.589998,1.0499999523162842,1.4045000076293945
rear_mu,-,436.721998,1.0499999523162842,1.4045000076293945
rear_mu,-,436.820998,1.0499999523162842,1.4045000076293945
rear_mu,-,436.919998,1.0499999523162842,1.4045000076293945
rear_mu,-,437.018998,1.0499999523162842,1.4045000076293945
rear_mu,-,437.117998,1.0499999523162842,1.4045000076293945
rear_mu,-,437.216998,1.0499999523162842,1.4045000076293945
rear_mu,-,437.315998,1.0499999523162842,1.4045000076293945
rear_mu,-,437.414998,1.0499999523162842,1.4045000076293945
rear_mu,-,437.513998,1.0499999523162842,1.4045000076293945
rear_mu,-,437.645998,1.0499999523162842,1.4045000076293945
rear_mu,-,437.777998,1.0499999523162842,1.4045000076293945
rear_mu,-,437.909998,1.0499999523162842,1.4045000076293945
rear_mu,-,438.041998,1.0499999523162842,1.4045000076293945
rear_mu,-,438.140998,1.0499999523162842,1.4045000076293945
rear_mu,-,438.239998,1.0499999523162842,1.4045000076293945
rear_mu,-,438.338998,1.0499999523162842,1.4045000076293945
rear_mu,-,438.437998,1.0499999523162842,1.4045000076293945
rear_mu,-,438.536998,1.0499999523162842,1.4045000076293945
rear_mu,-,438.635998,1.0499999523162842,1.4045000076293945
rear_mu,-,438.734998,1.0499999523162842,1.4045000076293945
rear_mu,-,438.833998,1.0499999523162842,1.4045000076293945
rear_mu,-,438.965998,1.0499999523162842,1.4045000076293945
rear_mu,-,439.097998,1.0499999523162842,1.4045000076293945
rear_mu,-,439.229998,1.0499999523162842,1.4045000076293945
rear_mu,-,439.361998,1.0499999523162842,1.4045000076293945
rear_mu,-,439.460998,1.0499999523162842,1.4045000076293945
rear_mu,-,439.559998,1.0499999523162842,1.4045000076293945
rear_mu,-,439.691998,1.0499999523162842,1.4045000076293945
rear_mu,-,439.823998,1.0499999523162842,1.4045000076293945
rear_mu,-,439.889998,1.0499999523162842,1.4045000076293945
rear_mu,-,440.021998,1.0499999523162842,1.4045000076293945
rear_mu,-,440.087998,1.0499999523162842,1.4045000076293945
rear_mu,-,440.219998,1.0499999523162842,1.4045000076293945
rear_mu,-,440.351998,1.0499999523162842,1.4045000076293945
rear_mu,-,440.483998,1.0499999523162842,1.4045000076293945
rear_mu,-,440.681998,1.0499999523162842,1.4045000076293945
rear_mu,-,440.813998,1.0499999523162842,1.4045000076293945
rear_mu,-,440.945998,1.0499999523162842,1.4045000076293945
rear_mu,-,441.011998,1.0499999523162842,1.4045000076293945
rear_mu,-,441.143998,1.0499999523162842,1.4045000076293945
rear_mu,-,441.209998,1.0499999523162842,1.4045000076293945
rear_mu,-,441.341998,1.0499999523162842,1.4045000076293945
rear_mu,-,441.407998,1.0499999523162842,1.4045000076293945
rear_mu,-,441.539998,1.0499999523162842,1.4045000076293945
rear_mu,-,441.671998,1.0499999523162842,1.4045000076293945
rear_mu,-,441.803998,1.0499999523162842,1.4045000076293945
rear_mu,-,441.935998,1.0499999523162842,1.4045000076293945
rear_mu,-,442.067998,1.0499999523162842,1.4045000076293945
rear_mu,-,442.133998,1.0499999523162842,1.4045000076293945
rear_mu,-,442.265998,1.0499999523162842,1.4045000076293945
rear_mu,-,442.331998,1.0499999523162842,1.4045000076293945
rear_mu,-,442.463998,1.0499999523162842,1.4045000076293945
rear_mu,-,442.529998,1.0499999523162842,1.4045000076293945
rear_mu,-,442.661998,1.0499999523162842,1.4045000076293945
rear_mu,-,442.727998,1.0499999523162842,1.4045000076293945
rear_mu,-,442.859998,1.0499999523162842,1.4045000076293945
rear_mu,-,442.991998,1.0499999523162842,1.4045000076293945
rear_mu,-,443.123998,1.0499999523162842,1.4045000076293945
rear_mu,-,443.255998,1.0499999523162842,1.4045000076293945
rear_mu,-,443.387998,1.0499999523162842,1.4045000076293945
rear_mu,-,443.519998,1.0499999523162842,1.4045000076293945
rear_mu,-,443.618998,1.0499999523162842,1.4045000076293945
rear_mu,-,443.717998,1.0499999523162842,1.4045000076293945
rear_mu,-,443.816998,1.0499999523162842,1.4045000076293945
rear_mu,-,443.915998,1.0499999523162842,1.4045000076293945
rear_mu,-,444.014997,1.0499999523162842,1.4045000076293945
rear_mu,-,444.113998,1.0499999523162842,1.4045000076293945
rear_mu,-,444.245998,1.0499999523162842,1.4045000076293945
rear_mu,-,444.377998,1.0499999523162842,1.4045000076293945
rear_mu,-,444.509998,1.0499999523162842,1.4045000076293945
rear_mu,-,444.641998,1.0499999523162842,1.4045000076293945
rear_mu,-,444.773998,1.0499999523162842,1.4045000076293945
rear_mu,-,444.905998,1.0499999523162842,1.4045000076293945
rear_mu,-,444.971997,1.0499999523162842,1.4045000076293945
rear_mu,-,445.103998,1.0499999523162842,1.4045000076293945
rear_mu,-,445.235998,1.0499999523162842,1.4045000076293945
rear_mu,-,445.334998,1.0499999523162842,1.4045000076293945
rear_mu,-,445.433998,1.0499999523162842,1.4045000076293945
rear_mu,-,445.565998,1.0499999523162842,1.4045000076293945
rear_mu,-,445.697998,1.0499999523162842,1.4045000076293945
rear_mu,-,445.829998,1.0499999523162842,1.4045000076293945
rear_mu,-,445.961998,1.0499999523162842,1.4045000076293945
rear_mu,-,446.093997,1.0499999523162842,1.4045000076293945
rear_mu,-,446.225998,1.0499999523162842,1.4045000076293945
rear_mu,-,446.291998,1.0499999523162842,1.4045000076293945
rear_mu,-,446.423998,1.0499999523162842,1.4045000076293945
rear_mu,-,446.489998,1.0499999523162842,1.4045000076293945
rear_mu,-,446.621998,1.0499999523162842,1.4045000076293945
rear_mu,-,446.753998,1.0499999523162842,1.4045000076293945
rear_mu,-,446.885998,1.0499999523162842,1.4045000076293945
rear_mu,-,447.017998,1.0499999523162842,1.4045000076293945
rear_mu,-,447.149997,1.0499999523162842,1.4045000076293945
rear_mu,-,447.281998,1.0499999523162842,1.4045000076293945
rear_mu,-,447.413998,1.0499999523162842,1.4045000076293945
rear_mu,-,447.545998,1.0499999523162842,1.4045000076293945
rear_mu,-,447.611998,1.0499999523162842,1.4045000076293945
rear_mu,-,447.743998,1.0499999523162842,1.4045000076293945
rear_mu,-,447.809998,1.0499999523162842,1.4045000076293945
rear_mu,-,447.941998,1.0499999523162842,1.4045000076293945
rear_mu,-,448.007998,1.0499999523162842,1.4045000076293945
rear_mu,-,448.139997,1.0499999523162842,1.4045000076293945
rear_mu,-,448.271998,1.0499999523162842,1.4045000076293945
rear_mu,-,448.469998,1.0499999523162842,1.4045000076293945
rear_mu,-,448.601998,1.0499999523162842,1.4045000076293945
rear_mu,-,448.700998,1.0499999523162842,1.4045000076293945
rear_mu,-,448.799998,1.0499999523162842,1.4045000076293945
rear_mu,-,448.898998,1.0499999523162842,1.4045000076293945
rear_mu,-,448.997998,1.0499999523162842,1.4045000076293945
rear_mu,-,449.096997,1.0499999523162842,1.4045000076293945
rear_mu,-,449.195997,1.0499999523162842,1.4045000076293945
rear_mu,-,449.294997,1.0499999523162842,1.4045000076293945
rear_mu,-,449.393998,1.0499999523162842,1.4045000076293945
rear_mu,-,449.525998,1.0499999523162842,1.4045000076293945
rear_mu,-,449.657998,1.0499999523162842,1.4045000076293945
rear_mu,-,449.789998,1.0499999523162842,1.4045000076293945
rear_mu,-,449.921998,1.0499999523162842,1.4045000076293945
rear_mu,-,450.020998,1.0499999523162842,1.4045000076293945
rear_mu,-,450.119998,1.0499999523162842,1.4045000076293945
rear_mu,-,450.218997,1.0499999523162842,1.4045000076293945
rear_mu,-,450.317997,1.0499999523162842,1.4045000076293945
rear_mu,-,450.416998,1.0499999523162842,1.4045000076293945
rear_mu,-,450.515998,1.0499999523162842,1.4045000076293945
rear_mu,-,450.614998,1.0499999523162842,1.4045000076293945
rear_mu,-,450.713998,1.0499999523162842,1.4045000076293945
rear_mu,-,450.845998,1.0499999523162842,1.4045000076293945
rear_mu,-,450.977998,1.0499999523162842,1.4045000076293945
rear_mu,-,451.109998,1.0499999523162842,1.4045000076293945
rear_mu,-,451.241997,1.0499999523162842,1.4045000076293945
rear_mu,-,451.340997,1.0499999523162842,1.4045000076293945
rear_mu,-,451.439998,1.0499999523162842,1.4045000076293945
rear_mu,-,451.538998,1.0499999523162842,1.4045000076293945
rear_mu,-,451.637998,1.0499999523162842,1.4045000076293945
rear_mu,-,451.769998,1.0499999523162842,1.4045000076293945
rear_mu,-,451.901998,1.0499999523162842,1.4045000076293945
rear_mu,-,451.967998,1.0499999523162842,1.4045000076293945
rear_mu,-,452.099998,1.0499999523162842,1.4045000076293945
rear_mu,-,452.231997,1.0499999523162842,1.4045000076293945
rear_mu,-,452.363997,1.0499999523162842,1.4045000076293945
rear_mu,-,452.495998,1.0499999523162842,1.4045000076293945
rear_mu,-,452.627998,1.0499999523162842,1.4045000076293945
rear_mu,-,452.693998,1.0499999523162842,1.4045000076293945
rear_mu,-,452.825998,1.0499999523162842,1.4045000076293945
rear_mu,-,452.891998,1.0499999523162842,1.4045000076293945
rear_mu,-,453.023998,1.0499999523162842,1.4045000076293945
rear_mu,-,453.089998,1.0499999523162842,1.4045000076293945
rear_mu,-,453.221997,1.0499999523162842,1.4045000076293945
rear_mu,-,453.353997,1.0499999523162842,1.4045000076293945
rear_mu,-,453.485997,1.0499999523162842,1.4045000076293945
rear_mu,-,453.617998,1.0499999523162842,1.4045000076293945
rear_mu,-,453.749998,1.0499999523162842,1.4045000076293945
rear_mu,-,453.881998,1.0499999523162842,1.4045000076293945
rear_mu,-,453.980998,1.0499999523162842,1.4045000076293945
rear_mu,-,454.079998,1.0499999523162842,1.4045000076293945
rear_mu,-,454.178998,1.0499999523162842,1.4045000076293945
rear_mu,-,454.277997,1.0499999523162842,1.4045000076293945
rear_mu,-,454.376997,1.0499999523162842,1.4045000076293945
rear_mu,-,454.475997,1.0499999523162842,1.4045000076293945
rear_mu,-,454.574997,1.0499999523162842,1.4045000076293945
rear_mu,-,454.673998,1.0499999523162842,1.4045000076293945
rear_mu,-,454.805998,1.0499999523162842,1.4045000076293945
rear_mu,-,454.937998,1.0499999523162842,1.4045000076293945
rear_mu,-,455.069998,1.0499999523162842,1.4045000076293945
rear_mu,-,455.201998,1.0499999523162842,1.4045000076293945
rear_mu,-,455.333997,1.0499999523162842,1.4045000076293945
rear_mu,-,455.465997,1.0499999523162842,1.4045000076293945
rear_mu,-,455.894998,1.0499999523162842,1.843999981880188
rear_mu,-,455.993998,1.0499999523162842,1.843999981880188
rear_mu,-,456.125998,1.0499999523162842,1.843999981880188
rear_mu,-,456.257998,1.0499999523162842,1.843999981880188
rear_mu,-,456.389997,1.0499999523162842,1.843999981880188
rear_mu,-,456.521997,1.0499999523162842,1.843999981880188
rear_mu,-,456.620997,1.0499999523162842,1.843999981880188
rear_mu,-,456.719998,1.0499999523162842,1.843999981880188
rear_mu,-,456.818998,1.0499999523162842,1.843999981880188
rear_mu,-,456.917998,1.0499999523162842,1.843999981880188
rear_mu,-,457.016998,1.0499999523162842,1.843999981880188
rear_mu,-,457.115998,1.0499999523162842,1.843999981880188
rear_mu,-,457.247998,1.0499999523162842,1.843999981880188
rear_mu,-,457.379997,1.0499999523162842,1.843999981880188
rear_mu,-,457.511997,1.0499999523162842,1.843999981880188
rear_mu,-,457.610997,1.0499999523162842,1.843999981880188
rear_mu,-,457.709997,1.0499999523162842,1.843999981880188
rear_mu,-,457.808998,1.0499999523162842,1.843999981880188
rear_mu,-,458.006998,1.0499999523162842,1.843999981880188
rear_mu,-,458.336998,1.0499999523162842,1.843999981880188
rear_mu,-,458.666997,1.0499999523162842,1.843999981880188
rear_mu,-,458.996998,1.0499999523162842,1.843999981880188
rear_mu,-,459.326998,1.0499999523162842,1.843999981880188
rear_mu,-,459.392998,1.0499999523162842,1.843999981880188
rear_mu,-,459.491997,1.0499999523162842,1.843999981880188
rear_mu,-,459.557997,1.0499999523162842,1.843999981880188
rear_mu,-,459.689997,1.0499999523162842,1.843999981880188
rear_mu,-,459.821997,1.0499999523162842,1.843999981880188
rear_mu,-,459.953998,1.0499999523162842,1.843999981880188
rear_mu,-,460.085998,1.0499999523162842,1.843999981880188
rear_mu,-,460.217998,1.0499999523162842,1.843999981880188
rear_mu,-,460.283998,1.0499999523162842,1.843999981880188
rear_mu,-,460.415998,1.0499999523162842,1.843999981880188
rear_mu,-,460.481997,1.0499999523162842,1.843999981880188
rear_mu,-,460.613997,1.0499999523162842,1.843999981880188
rear_mu,-,460.679997,1.0499999523162842,1.843999981880188
rear_mu,-,460.811997,1.0499999523162842,1.843999981880188
rear_mu,-,460.877997,1.0499999523162842,1.843999981880188
rear_mu,-,461.009998,1.0499999523162842,1.843999981880188
rear_mu,-,461.141998,1.0499999523162842,1.843999981880188
rear_mu,-,461.273998,1.0499999523162842,1.843999981880188
rear_mu,-,461.405998,1.0499999523162842,1.843999981880188
rear_mu,-,461.537997,1.0499999523162842,1.843999981880188
rear_mu,-,461.603997,1.0499999523162842,1.843999981880188
rear_mu,-,461.735997,1.0499999523162842,1.843999981880188
rear_mu,-,461.801997,1.0499999523162842,1.843999981880188
rear_mu,-,461.933997,1.0499999523162842,1.843999981880188
rear_mu,-,462.065998,1.0499999523162842,1.843999981880188
rear_mu,-,462.164998,1.0499999523162842,1.843999981880188
rear_mu,-,462.263998,1.0499999523162842,1.843999981880188
rear_mu,-,462.395998,1.0499999523162842,1.843999981880188
rear_mu,-,462.527997,1.0499999523162842,1.843999981880188
rear_mu,-,462.659997,1.0499999523162842,1.843999981880188
rear_mu,-,462.791997,1.0499999523162842,1.843999981880188
rear_mu,-,462.890997,1.0499999523162842,1.843999981880188
rear_mu,-,462.989997,1.0499999523162842,1.843999981880188
rear_mu,-,463.088998,1.0499999523162842,1.843999981880188
rear_mu,-,463.187998,1.0499999523162842,1.843999981880188
rear_mu,-,463.286998,1.0499999523162842,1.843999981880188
rear_mu,-,463.385998,1.0499999523162842,1.843999981880188
rear_mu,-,463.484998,1.0499999523162842,1.843999981880188
rear_mu,-,463.583997,1.0499999523162842,1.843999981880188
rear_mu,-,463.715997,1.0499999523162842,1.843999981880188
rear_mu,-,463.847997,1.0499999523162842,1.843999981880188
rear_mu,-,463.979997,1.0499999523162842,1.843999981880188
rear_mu,-,464.111998,1.0499999523162842,1.843999981880188
rear_mu,-,464.210998,1.0499999523162842,1.843999981880188
rear_mu,-,464.309998,1.0499999523162842,1.843999981880188
rear_mu,-,464.408998,1.0499999523162842,1.843999981880188
rear_mu,-,464.507998,1.0499999523162842,1.843999981880188
rear_mu,-,464.606997,1.0499999523162842,1.843999981880188
rear_mu,-,464.705997,1.0499999523162842,1.843999981880188
rear_mu,-,464.804997,1.0499999523162842,1.843999981880188
rear_mu,-,464.903997,1.0499999523162842,1.843999981880188
rear_mu,-,465.035997,1.0499999523162842,1.843999981880188
rear_mu,-,465.167998,1.0499999523162842,1.843999981880188
rear_mu,-,465.299998,1.0499999523162842,1.843999981880188
rear_mu,-,465.431998,1.0499999523162842,1.843999981880188
rear_mu,-,465.530998,1.0499999523162842,1.843999981880188
rear_mu,-,465.629997,1.0499999523162842,1.843999981880188
rear_mu,-,465.728997,1.0499999523162842,1.843999981880188
rear_mu,-,465.827997,1.0499999523162842,1.843999981880188
rear_mu,-,465.926997,1.0499999523162842,1.843999981880188
rear_mu,-,466.025997,1.0499999523162842,1.843999981880188
rear_mu,-,466.124997,1.0499999523162842,1.843999981880188
rear_mu,-,466.223998,1.0499999523162842,1.843999981880188
rear_mu,-,466.355998,1.0499999523162842,1.843999981880188
rear_mu,-,466.487998,1.0499999523162842,1.843999981880188
rear_mu,-,466.619998,1.0499999523162842,1.843999981880188
rear_mu,-,466.751997,1.0499999523162842,1.843999981880188
rear_mu,-,466.850997,1.0499999523162842,1.843999981880188
rear_mu,-,466.949997,1.0499999523162842,1.843999981880188
rear_mu,-,467.048997,1.0499999523162842,1.843999981880188
rear_mu,-,467.147997,1.0499999523162842,1.843999981880188
rear_mu,-,467.246997,1.0499999523162842,1.843999981880188
rear_mu,-,467.345998,1.0499999523162842,1.843999981880188
rear_mu,-,467.444998,1.0499999523162842,1.843999981880188
rear_mu,-,467.543998,1.0499999523162842,1.843999981880188
rear_mu,-,467.675997,1.0499999523162842,1.843999981880188
rear_mu,-,467.807997,1.0499999523162842,1.843999981880188
rear_mu,-,467.939997,1.0499999523162842,1.843999981880188
rear_mu,-,468.071997,1.0499999523162842,1.843999981880188
rear_mu,-,468.170997,1.0499999523162842,1.843999981880188
rear_mu,-,468.269997,1.0499999523162842,1.843999981880188
rear_mu,-,468.368998,1.0499999523162842,1.843999981880188
rear_mu,-,468.467998,1.0499999523162842,1.843999981880188
rear_mu,-,468.566998,1.0499999523162842,1.843999981880188
rear_mu,-,468.665998,1.0499999523162842,1.843999981880188
rear_mu,-,468.764997,1.0499999523162842,1.843999981880188
rear_mu,-,468.863997,1.0499999523162842,1.843999981880188
rear_mu,-,468.995997,1.0499999523162842,1.843999981880188
rear_mu,-,469.127997,1.0499999523162842,1.843999981880188
rear_mu,-,469.259997,1.0499999523162842,1.843999981880188
rear_mu,-,469.391998,1.0499999523162842,1.843999981880188
rear_mu,-,469.490998,1.0499999523162842,1.843999981880188
rear_mu,-,469.589998,1.0499999523162842,1.843999981880188
rear_mu,-,469.688998,1.0499999523162842,1.843999981880188
rear_mu,-,469.787997,1.0499999523162842,1.843999981880188
rear_mu,-,469.886997,1.0499999523162842,1.843999981880188
rear_mu,-,469.985997,1.0499999523162842,1.843999981880188
rear_mu,-,470.084997,1.0499999523162842,1.843999981880188
rear_mu,-,470.183997,1.0499999523162842,1.843999981880188
rear_mu,-,470.315997,1.0499999523162842,1.843999981880188
rear_mu,-,470.447998,1.0499999523162842,1.843999981880188
rear_mu,-,470.579998,1.0499999523162842,1.843999981880188
rear_mu,-,470.711998,1.0499999523162842,1.843999981880188
rear_mu,-,470.810997,1.0499999523162842,1.843999981880188
rear_mu,-,470.909997,1.0499999523162842,1.843999981880188
rear_mu,-,471.008997,1.0499999523162842,1.843999981880188
rear_mu,-,471.107997,1.0499999523162842,1.843999981880188
rear_mu,-,471.206997,1.0499999523162842,1.843999981880188
rear_mu,-,471.305997,1.0499999523162842,1.843999981880188
rear_mu,-,471.404997,1.0499999523162842,1.843999981880188
rear_mu,-,471.503998,1.0499999523162842,1.843999981880188
rear_mu,-,471.635998,1.0499999523162842,1.843999981880188
rear_mu,-,471.767998,1.0499999523162842,1.843999981880188
rear_mu,-,471.899997,1.0499999523162842,1.843999981880188
rear_mu,-,472.031997,1.0499999523162842,1.843999981880188
rear_mu,-,472.130997,1.0499999523162842,1.843999981880188
rear_mu,-,472.229997,1.0499999523162842,1.843999981880188
rear_mu,-,472.328997,1.0499999523162842,1.843999981880188
rear_mu,-,472.427997,1.0499999523162842,1.843999981880188
rear_mu,-,472.526997,1.0499999523162842,1.843999981880188
rear_mu,-,472.625998,1.0499999523162842,1.843999981880188
rear_mu,-,472.724998,1.0499999523162842,1.843999981880188
rear_mu,-,472.823997,1.0499999523162842,1.843999981880188
rear_mu,-,472.955997,1.0499999523162842,1.843999981880188
rear_mu,-,473.087997,1.0499999523162842,1.843999981880188
rear_mu,-,473.219997,1.0499999523162842,1.843999981880188
rear_mu,-,473.351997,1.0499999523162842,1.843999981880188
rear_mu,-,473.450997,1.0499999523162842,1.843999981880188
rear_mu,-,473.549997,1.0499999523162842,1.843999981880188
rear_mu,-,473.648998,1.0499999523162842,1.843999981880188
rear_mu,-,473.747998,1.0499999523162842,1.843999981880188
rear_mu,-,473.846997,1.0499999523162842,1.843999981880188
rear_mu,-,473.945997,1.0499999523162842,1.843999981880188
rear_mu,-,474.044997,1.0499999523162842,1.843999981880188
rear_mu,-,474.143997,1.0499999523162842,1.843999981880188
rear_mu,-,474.275997,1.0499999523162842,1.843999981880188
rear_mu,-,474.407997,1.0499999523162842,1.843999981880188
rear_mu,-,474.539997,1.0499999523162842,1.843999981880188
rear_mu,-,474.671998,1.0499999523162842,1.843999981880188
rear_mu,-,474.770998,1.0499999523162842,1.843999981880188
rear_mu,-,474.869998,1.0499999523162842,1.843999981880188
rear_mu,-,474.968997,1.0499999523162842,1.843999981880188
rear_mu,-,475.067997,1.0499999523162842,1.843999981880188
rear_mu,-,475.166997,1.0499999523162842,1.843999981880188
rear_mu,-,475.265997,1.0499999523162842,1.843999981880188
rear_mu,-,475.364997,1.0499999523162842,1.843999981880188
rear_mu,-,475.463997,1.0499999523162842,1.843999981880188
rear_mu,-,475.595997,1.0499999523162842,1.843999981880188
rear_mu,-,475.727998,1.0499999523162842,1.843999981880188
rear_mu,-,475.859998,1.0499999523162842,1.843999981880188
rear_mu,-,475.991997,1.0499999523162842,1.843999981880188
rear_mu,-,476.090997,1.0499999523162842,1.843999981880188
rear_mu,-,476.189997,1.0499999523162842,1.843999981880188
rear_mu,-,476.288997,1.0499999523162842,1.843999981880188
rear_mu,-,476.387997,1.0499999523162842,1.843999981880188
rear_mu,-,476.486997,1.0499999523162842,1.843999981880188
rear_mu,-,476.585997,1.0499999523162842,1.843999981880188
rear_mu,-,476.684997,1.0499999523162842,1.843999981880188
rear_mu,-,476.783998,1.0499999523162842,1.843999981880188
rear_mu,-,476.915998,1.0499999523162842,1.843999981880188
rear_mu,-,477.047997,1.0499999523162842,1.843999981880188
rear_mu,-,477.179997,1.0499999523162842,1.843999981880188
rear_mu,-,477.311997,1.0499999523162842,1.843999981880188
rear_mu,-,477.410997,1.0499999523162842,1.843999981880188
rear_mu,-,477.509997,1.0499999523162842,1.843999981880188
rear_mu,-,477.608997,1.0499999523162842,1.843999981880188
rear_mu,-,477.707997,1.0499999523162842,1.843999981880188
rear_mu,-,477.806997,1.0499999523162842,1.843999981880188
rear_mu,-,477.905998,1.0499999523162842,1.843999981880188
rear_mu,-,478.004997,1.0499999523162842,1.843999981880188
rear_mu,-,478.103997,1.0499999523162842,1.843999981880188
rear_mu,-,478.235997,1.0499999523162842,1.843999981880188
rear_mu,-,478.367997,1.0499999523162842,1.843999981880188
rear_mu,-,478.499997,1.0499999523162842,1.843999981880188
rear_mu,-,478.631997,1.0499999523162842,1.843999981880188
rear_mu,-,478.730997,1.0499999523162842,1.843999981880188
rear_mu,-,478.829997,1.0499999523162842,1.843999981880188
rear_mu,-,478.928998,1.0499999523162842,1.843999981880188
rear_mu,-,479.027997,1.0499999523162842,1.843999981880188
rear_mu,-,479.126997,1.0499999523162842,1.843999981880188
rear_mu,-,479.225997,1.0499999523162842,1.843999981880188
rear_mu,-,479.324997,1.0499999523162842,1.843999981880188
rear_mu,-,479.423997,1.0499999523162842,1.843999981880188
rear_mu,-,479.555997,1.0499999523162842,1.843999981880188
rear_mu,-,479.687997,1.0499999523162842,1.843999981880188
rear_mu,-,479.819997,1.0499999523162842,1.843999981880188
rear_mu,-,479.951998,1.0499999523162842,1.843999981880188
rear_mu,-,480.050997,1.0499999523162842,1.843999981880188
rear_mu,-,480.149997,1.0499999523162842,1.843999981880188
rear_mu,-,480.248997,1.0499999523162842,1.843999981880188
rear_mu,-,480.347997,1.0499999523162842,1.843999981880188
rear_mu,-,480.446997,1.0499999523162842,1.843999981880188
rear_mu,-,480.545997,1.0499999523162842,1.843999981880188
rear_mu,-,480.644997,1.0499999523162842,1.843999981880188
rear_mu,-,480.743997,1.0499999523162842,1.843999981880188
rear_mu,-,480.875997,1.0499999523162842,1.843999981880188
rear_mu,-,481.007998,1.0499999523162842,1.843999981880188
rear_mu,-,481.139997,1.0499999523162842,1.843999981880188
rear_mu,-,481.271997,1.0499999523162842,1.843999981880188
rear_mu,-,481.370997,1.0499999523162842,1.843999981880188
rear_mu,-,481.469997,1.0499999523162842,1.843999981880188
rear_mu,-,481.568997,1.0499999523162842,1.843999981880188
rear_mu,-,481.667997,1.0499999523162842,1.843999981880188
rear_mu,-,481.766997,1.0499999523162842,1.843999981880188
rear_mu,-,481.865997,1.0499999523162842,1.843999981880188
rear_mu,-,481.964997,1.0499999523162842,1.843999981880188
rear_mu,-,482.063998,1.0499999523162842,1.843999981880188
rear_mu,-,482.195997,1.0499999523162842,1.843999981880188
rear_mu,-,482.327997,1.0499999523162842,1.843999981880188
rear_mu,-,482.459997,1.0499999523162842,1.843999981880188
rear_mu,-,482.591997,1.0499999523162842,1.843999981880188
rear_mu,-,482.690997,1.0499999523162842,1.843999981880188
rear_mu,-,482.789997,1.0499999523162842,1.843999981880188
rear_mu,-,482.888997,1.0499999523162842,1.843999981880188
rear_mu,-,482.987997,1.0499999523162842,1.843999981880188
rear_mu,-,483.086997,1.0499999523162842,1.843999981880188
rear_mu,-,483.185997,1.0499999523162842,1.843999981880188
rear_mu,-,483.284997,1.0499999523162842,1.843999981880188
rear_mu,-,483.383997,1.0499999523162842,1.843999981880188
rear_mu,-,483.515997,1.0499999523162842,1.843999981880188
rear_mu,-,483.647997,1.0499999523162842,1.843999981880188
rear_mu,-,483.779997,1.0499999523162842,1.843999981880188
rear_mu,-,483.911997,1.0499999523162842,1.843999981880188
rear_mu,-,484.010997,1.0499999523162842,1.843999981880188
rear_mu,-,484.109997,1.0499999523162842,1.843999981880188
rear_mu,-,484.208997,1.0499999523162842,1.843999981880188
rear_mu,-,484.307997,1.0499999523162842,1.843999981880188
rear_mu,-,484.406997,1.0499999523162842,1.843999981880188
rear_mu,-,484.505997,1.0499999523162842,1.843999981880188
rear_mu,-,484.604997,1.0499999523162842,1.843999981880188
rear_mu,-,484.703997,1.0499999523162842,1.843999981880188
rear_mu,-,484.835997,1.0499999523162842,1.843999981880188
rear_mu,-,484.967997,1.0499999523162842,1.843999981880188
rear_mu,-,485.099997,1.0499999523162842,1.843999981880188
rear_mu,-,485.231997,1.0499999523162842,1.843999981880188
rear_mu,-,485.330997,1.0499999523162842,1.843999981880188
rear_mu,-,485.429997,1.0499999523162842,1.843999981880188
rear_mu,-,485.528997,1.0499999523162842,1.843999981880188
rear_mu,-,485.627997,1.0499999523162842,1.843999981880188
rear_mu,-,485.726997,1.0499999523162842,1.843999981880188
rear_mu,-,485.825997,1.0499999523162842,1.843999981880188
rear_mu,-,485.924997,1.0499999523162842,1.843999981880188
rear_mu,-,486.089997,1.0499999523162842,1.843999981880188
rear_mu,-,486.221997,1.0499999523162842,1.843999981880188
rear_mu,-,486.353997,1.0499999523162842,1.843999981880188
rear_mu,-,486.485997,1.0499999523162842,1.843999981880188
rear_mu,-,486.617997,1.0499999523162842,1.843999981880188
rear_mu,-,486.683997,1.0499999523162842,1.843999981880188
rear_mu,-,486.815997,1.0499999523162842,1.843999981880188
rear_mu,-,486.881997,1.0499999523162842,1.843999981880188
rear_mu,-,487.013997,1.0499999523162842,1.843999981880188
rear_mu,-,487.145997,1.0499999523162842,1.843999981880188
rear_mu,-,487.244997,1.0499999523162842,1.843999981880188
rear_mu,-,487.343997,1.0499999523162842,1.843999981880188
rear_mu,-,487.475997,1.0499999523162842,1.843999981880188
rear_mu,-,487.607997,1.0499999523162842,1.843999981880188
rear_mu,-,487.739997,1.0499999523162842,1.843999981880188
rear_mu,-,487.871997,1.0499999523162842,1.843999981880188
rear_mu,-,487.970997,1.0499999523162842,1.843999981880188
rear_mu,-,488.069997,1.0499999523162842,1.843999981880188
rear_mu,-,488.168997,1.0499999523162842,1.843999981880188
rear_mu,-,488.267997,1.0499999523162842,1.843999981880188
rear_mu,-,488.366997,1.0499999523162842,1.843999981880188
rear_mu,-,488.465997,1.0499999523162842,1.843999981880188
rear_mu,-,488.564997,1.0499999523162842,1.843999981880188
rear_mu,-,488.663997,1.0499999523162842,1.843999981880188
rear_mu,-,488.795997,1.0499999523162842,1.843999981880188
rear_mu,-,488.927997,1.0499999523162842,1.843999981880188
rear_mu,-,489.059997,1.0499999523162842,1.843999981880188
rear_mu,-,489.191997,1.0499999523162842,1.843999981880188
rear_mu,-,489.290997,1.0499999523162842,1.843999981880188
rear_mu,-,489.389997,1.0499999523162842,1.843999981880188
rear_mu,-,489.488997,1.0499999523162842,1.843999981880188
rear_mu,-,489.587997,1.0499999523162842,1.843999981880188
rear_mu,-,489.719997,1.0499999523162842,1.843999981880188
rear_mu,-,489.851997,1.0499999523162842,1.843999981880188
rear_mu,-,489.917997,1.0499999523162842,1.843999981880188
rear_mu,-,490.049997,1.0499999523162842,1.843999981880188
rear_mu,-,490.181997,1.0499999523162842,1.843999981880188
rear_mu,-,490.313997,1.0499999523162842,1.843999981880188
rear_mu,-,490.445997,1.0499999523162842,1.843999981880188
rear_mu,-,490.610997,1.0499999523162842,1.843999981880188
rear_mu,-,490.709997,1.0499999523162842,1.843999981880188
rear_mu,-,490.808997,1.0499999523162842,1.843999981880188
rear_mu,-,490.907997,1.0499999523162842,1.843999981880188
rear_mu,-,491.006997,1.0499999523162842,1.843999981880188
rear_mu,-,491.105997,1.0499999523162842,1.843999981880188
rear_mu,-,491.204997,1.0499999523162842,1.843999981880188
rear_mu,-,491.303997,1.0499999523162842,1.843999981880188
rear_mu,-,491.435997,1.0499999523162842,1.843999981880188
rear_mu,-,491.567997,1.0499999523162842,1.843999981880188
rear_mu,-,491.699997,1.0499999523162842,1.843999981880188
rear_mu,-,491.831997,1.0499999523162842,1.843999981880188
rear_mu,-,491.930997,1.0499999523162842,1.843999981880188
rear_mu,-,492.029997,1.0499999523162842,1.843999981880188
rear_mu,-,492.128997,1.0499999523162842,1.843999981880188
rear_mu,-,492.227997,1.0499999523162842,1.843999981880188
rear_mu,-,492.326997,1.0499999523162842,1.843999981880188
rear_mu,-,492.425997,1.0499999523162842,1.843999981880188
rear_mu,-,492.524997,1.0499999523162842,1.843999981880188
rear_mu,-,492.623997,1.0499999523162842,1.843999981880188
rear_mu,-,492.755997,1.0499999523162842,1.843999981880188
rear_mu,-,492.887997,1.0499999523162842,1.843999981880188
rear_mu,-,493.019997,1.0499999523162842,1.843999981880188
rear_mu,-,493.151997,1.0499999523162842,1.843999981880188
rear_mu,-,493.250997,1.0499999523162842,1.843999981880188
rear_mu,-,493.349997,1.0499999523162842,1.843999981880188
rear_mu,-,493.448997,1.0499999523162842,1.843999981880188
rear_mu,-,493.547997,1.0499999523162842,1.843999981880188
rear_mu,-,493.646997,1.0499999523162842,1.843999981880188
rear_mu,-,493.745997,1.0499999523162842,1.843999981880188
rear_mu,-,493.844997,1.0499999523162842,1.843999981880188
rear_mu,-,493.943997,1.0499999523162842,1.843999981880188
rear_mu,-,494.075997,1.0499999523162842,1.843999981880188
rear_mu,-,494.207997,1.0499999523162842,1.843999981880188
rear_mu,-,494.339997,1.0499999523162842,1.843999981880188
rear_mu,-,494.471997,1.0499999523162842,1.843999981880188
rear_mu,-,494.570997,1.0499999523162842,1.843999981880188
rear_mu,-,494.669997,1.0499999523162842,1.843999981880188
rear_mu,-,494.768997,1.0499999523162842,1.843999981880188
rear_mu,-,494.867997,1.0499999523162842,1.843999981880188
rear_mu,-,494.966997,1.0499999523162842,1.843999981880188
rear_mu,-,495.065997,1.0499999523162842,1.843999981880188
rear_mu,-,495.164997,1.0499999523162842,1.843999981880188
rear_mu,-,495.263997,1.0499999523162842,1.843999981880188
rear_mu,-,495.362997,1.0499999523162842,1.843999981880188
rear_mu,-,495.461997,1.0499999523162842,1.843999981880188
rear_mu,-,495.593997,1.0499999523162842,1.843999981880188
rear_mu,-,495.725997,1.0499999523162842,1.843999981880188
rear_mu,-,495.857997,1.0499999523162842,1.843999981880188
rear_mu,-,495.923997,1.0499999523162842,1.843999981880188
rear_mu,-,496.055997,1.0499999523162842,1.843999981880188
rear_mu,-,496.121997,1.0499999523162842,1.843999981880188
rear_mu,-,496.253997,1.0499999523162842,1.843999981880188
rear_mu,-,496.319997,1.0499999523162842,1.843999981880188
rear_mu,-,496.451997,1.0499999523162842,1.843999981880188
rear_mu,-,496.517997,1.0499999523162842,1.843999981880188
rear_mu,-,496.649997,1.0499999523162842,1.843999981880188
rear_mu,-,496.781997,1.0499999523162842,1.843999981880188
rear_mu,-,496.913997,1.0499999523162842,1.843999981880188
rear_mu,-,497.045997,1.0499999523162842,1.843999981880188
rear_mu,-,497.177997,1.0499999523162842,1.843999981880188
rear_mu,-,497.243997,1.0499999523162842,1.843999981880188
rear_mu,-,497.375997,1.0499999523162842,1.843999981880188
rear_mu,-,497.441997,1.0499999523162842,1.843999981880188
rear_mu,-,497.573997,1.0499999523162842,1.843999981880188
rear_mu,-,497.639997,1.0499999523162842,1.843999981880188
rear_mu,-,497.771997,1.0499999523162842,1.843999981880188
rear_mu,-,497.837997,1.0499999523162842,1.843999981880188
rear_mu,-,497.969997,1.0499999523162842,1.843999981880188
rear_mu,-,498.101997,1.0499999523162842,1.843999981880188
rear_mu,-,498.233997,1.0499999523162842,1.843999981880188
rear_mu,-,498.365997,1.0499999523162842,1.843999981880188
rear_mu,-,498.497997,1.0499999523162842,1.843999981880188
rear_mu,-,498.563997,1.0499999523162842,1.843999981880188
rear_mu,-,498.695997,1.0499999523162842,1.843999981880188
rear_mu,-,498.761997,1.0499999523162842,1.843999981880188
rear_mu,-,498.893997,1.0499999523162842,1.843999981880188
rear_mu,-,498.959997,1.0499999523162842,1.843999981880188
rear_mu,-,499.091997,1.0499999523162842,1.843999981880188
rear_mu,-,499.157997,1.0499999523162842,1.843999981880188
rear_mu,-,499.289997,1.0499999523162842,1.843999981880188
rear_mu,-,499.421997,1.0499999523162842,1.843999981880188
rear_mu,-,499.553997,1.0499999523162842,1.843999981880188
rear_mu,-,499.685997,1.0499999523162842,1.843999981880188
rear_mu,-,499.817997,1.0499999523162842,1.843999981880188
rear_mu,-,499.883997,1.0499999523162842,1.843999981880188
rear_mu,-,500.015997,1.0499999523162842,1.843999981880188
rear_mu,-,500.081997,1.0499999523162842,1.843999981880188
rear_mu,-,500.213997,1.0499999523162842,1.843999981880188
rear_mu,-,500.279997,1.0499999523162842,1.843999981880188
rear_mu,-,500.411997,1.0499999523162842,1.843999981880188
rear_mu,-,500.477997,1.0499999523162842,1.843999981880188
rear_mu,-,500.609997,1.0499999523162842,1.843999981880188
rear_mu,-,500.741997,1.0499999523162842,1.843999981880188
rear_mu,-,500.873997,1.0499999523162842,1.843999981880188
rear_mu,-,501.005997,1.0499999523162842,1.843999981880188
rear_mu,-,501.137997,1.0499999523162842,1.843999981880188
rear_mu,-,501.203997,1.0499999523162842,1.843999981880188
rear_mu,-,501.335997,1.0499999523162842,1.843999981880188
rear_mu,-,501.401997,1.0499999523162842,1.843999981880188
rear_mu,-,501.533997,1.0499999523162842,1.843999981880188
rear_mu,-,501.599997,1.0499999523162842,1.843999981880188
rear_mu,-,501.731997,1.0499999523162842,1.843999981880188
rear_mu,-,501.797997,1.0499999523162842,1.843999981880188
rear_mu,-,501.929997,1.0499999523162842,1.843999981880188
rear_mu,-,502.061997,1.0499999523162842,1.843999981880188
rear_mu,-,502.193997,1.0499999523162842,1.843999981880188
rear_mu,-,502.325997,1.0499999523162842,1.843999981880188
rear_mu,-,502.457997,1.0499999523162842,1.843999981880188
rear_mu,-,502.523997,1.0499999523162842,1.843999981880188
rear_mu,-,502.655997,1.0499999523162842,1.843999981880188
rear_mu,-,502.721997,1.0499999523162842,1.843999981880188
rear_mu,-,502.853997,1.0499999523162842,1.843999981880188
rear_mu,-,502.919997,1.0499999523162842,1.843999981880188
rear_mu,-,503.051997,1.0499999523162842,1.843999981880188
rear_mu,-,503.117997,1.0499999523162842,1.843999981880188
rear_mu,-,503.249997,1.0499999523162842,1.843999981880188
rear_mu,-,503.381997,1.0499999523162842,1.843999981880188
rear_mu,-,503.513997,1.0499999523162842,1.843999981880188
rear_mu,-,503.645997,1.0499999523162842,1.843999981880188
rear_mu,-,503.777997,1.0499999523162842,1.843999981880188
rear_mu,-,503.843997,1.0499999523162842,1.843999981880188
rear_mu,-,503.975997,1.0499999523162842,1.843999981880188
rear_mu,-,504.041997,1.0499999523162842,1.843999981880188
rear_mu,-,504.173997,1.0499999523162842,1.843999981880188
rear_mu,-,504.239997,1.0499999523162842,1.843999981880188
rear_mu,-,504.371997,1.0499999523162842,1.843999981880188
rear_mu,-,504.437997,1.0499999523162842,1.843999981880188
rear_mu,-,504.569997,1.0499999523162842,1.843999981880188
rear_mu,-,504.701997,1.0499999523162842,1.843999981880188
rear_mu,-,504.833997,1.0499999523162842,1.843999981880188
rear_mu,-,504.965997,1.0499999523162842,1.843999981880188
rear_mu,-,505.097997,1.0499999523162842,1.843999981880188
rear_mu,-,505.163997,1.0499999523162842,1.843999981880188
rear_mu,-,505.295997,1.0499999523162842,1.843999981880188
rear_mu,-,505.361997,1.0499999523162842,1.843999981880188
rear_mu,-,505.493997,1.0499999523162842,1.843999981880188
rear_mu,-,505.559997,1.0499999523162842,1.843999981880188
rear_mu,-,505.691997,1.0499999523162842,1.843999981880188
rear_mu,-,505.757997,1.0499999523162842,1.843999981880188
rear_mu,-,505.889997,1.0499999523162842,1.843999981880188
rear_mu,-,506.021997,1.0499999523162842,1.843999981880188
rear_mu,-,506.153997,1.0499999523162842,1.843999981880188
rear_mu,-,506.285997,1.0499999523162842,1.843999981880188
rear_mu,-,506.417997,1.0499999523162842,1.843999981880188
rear_mu,-,506.483997,1.0499999523162842,1.843999981880188
rear_mu,-,506.615997,1.0499999523162842,1.843999981880188
rear_mu,-,506.681997,1.0499999523162842,1.843999981880188
rear_mu,-,506.813997,1.0499999523162842,1.843999981880188
rear_mu,-,506.879997,1.0499999523162842,1.843999981880188
rear_mu,-,507.011997,1.0499999523162842,1.843999981880188
rear_mu,-,507.077997,1.0499999523162842,1.843999981880188
rear_mu,-,507.209997,1.0499999523162842,1.843999981880188
rear_mu,-,507.341997,1.0499999523162842,1.843999981880188
rear_mu,-,507.473997,1.0499999523162842,1.843999981880188
rear_mu,-,507.605997,1.0499999523162842,1.843999981880188
rear_mu,-,507.737997,1.0499999523162842,1.843999981880188
rear_mu,-,507.803997,1.0499999523162842,1.843999981880188
rear_mu,-,507.935997,1.0499999523162842,1.843999981880188
rear_mu,-,508.001997,1.0499999523162842,1.843999981880188
rear_mu,-,508.133997,1.0499999523162842,1.843999981880188
rear_mu,-,508.199997,1.0499999523162842,1.843999981880188
rear_mu,-,508.331997,1.0499999523162842,1.843999981880188
rear_mu,-,508.397997,1.0499999523162842,1.843999981880188
rear_mu,-,508.529997,1.0499999523162842,1.843999981880188
rear_mu,-,508.661997,1.0499999523162842,1.843999981880188
rear_mu,-,508.793997,1.0499999523162842,1.843999981880188
rear_mu,-,508.925997,1.0499999523162842,1.843999981880188
rear_mu,-,509.057997,1.0499999523162842,1.843999981880188
rear_mu,-,509.123997,1.0499999523162842,1.843999981880188
rear_mu,-,509.255997,1.0499999523162842,1.843999981880188
rear_mu,-,509.321997,1.0499999523162842,1.843999981880188
rear_mu,-,509.453997,1.0499999523162842,1.843999981880188
rear_mu,-,509.519997,1.0499999523162842,1.843999981880188
rear_mu,-,509.651997,1.0499999523162842,1.843999981880188
rear_mu,-,509.717997,1.0499999523162842,1.843999981880188
rear_mu,-,509.849997,1.0499999523162842,1.843999981880188
rear_mu,-,509.981997,1.0499999523162842,1.843999981880188
rear_mu,-,510.113997,1.0499999523162842,1.843999981880188
rear_mu,-,510.245997,1.0499999523162842,1.843999981880188
rear_mu,-,510.377997,1.0499999523162842,1.843999981880188
rear_mu,-,510.443997,1.0499999523162842,1.843999981880188
rear_mu,-,510.575997,1.0499999523162842,1.843999981880188
rear_mu,-,510.641997,1.0499999523162842,1.843999981880188
rear_mu,-,510.773997,1.0499999523162842,1.843999981880188
rear_mu,-,510.839997,1.0499999523162842,1.843999981880188
rear_mu,-,510.971997,1.0499999523162842,1.843999981880188
rear_mu,-,511.103997,1.0499999523162842,1.843999981880188
rear_mu,-,511.235997,1.0499999523162842,1.843999981880188
rear_mu,-,511.367997,1.0499999523162842,1.843999981880188
rear_mu,-,511.499997,1.0499999523162842,1.843999981880188
rear_mu,-,511.631997,1.0499999523162842,1.843999981880188
rear_mu,-,511.730997,1.0499999523162842,1.843999981880188
rear_mu,-,511.829997,1.0499999523162842,1.843999981880188
rear_mu,-,511.928997,1.0499999523162842,1.843999981880188
rear_mu,-,512.027997,1.0499999523162842,1.843999981880188
rear_mu,-,512.126997,1.0499999523162842,1.843999981880188
rear_mu,-,512.225997,1.0499999523162842,1.843999981880188
rear_mu,-,512.324997,1.0499999523162842,1.843999981880188
rear_mu,-,512.423997,1.0499999523162842,1.843999981880188
rear_mu,-,512.555997,1.0499999523162842,1.843999981880188
rear_mu,-,512.687997,1.0499999523162842,1.843999981880188
rear_mu,-,512.819997,1.0499999523162842,1.843999981880188
rear_mu,-,512.951997,1.0499999523162842,1.843999981880188
rear_mu,-,513.050997,1.0499999523162842,1.843999981880188
rear_mu,-,513.149997,1.0499999523162842,1.843999981880188
rear_mu,-,513.248997,1.0499999523162842,1.843999981880188
rear_mu,-,513.347997,1.0499999523162842,1.843999981880188
rear_mu,-,513.446997,1.0499999523162842,1.843999981880188
rear_mu,-,513.545997,1.0499999523162842,1.843999981880188
rear_mu,-,513.644997,1.0499999523162842,1.843999981880188
rear_mu,-,513.743997,1.0499999523162842,1.843999981880188
rear_mu,-,513.875997,1.0499999523162842,1.843999981880188
rear_mu,-,514.007997,1.0499999523162842,1.843999981880188
rear_mu,-,514.139997,1.0499999523162842,1.843999981880188
rear_mu,-,514.271997,1.0499999523162842,1.843999981880188
rear_mu,-,514.370997,1.0499999523162842,1.843999981880188
rear_mu,-,514.469997,1.0499999523162842,1.843999981880188
rear_mu,-,514.568997,1.0499999523162842,1.843999981880188
rear_mu,-,514.667997,1.0499999523162842,1.843999981880188
rear_mu,-,514.766997,1.0499999523162842,1.843999981880188
rear_mu,-,514.865997,1.0499999523162842,1.843999981880188
rear_mu,-,514.964997,1.0499999523162842,1.843999981880188
rear_mu,-,515.063997,1.0499999523162842,1.843999981880188
rear_mu,-,515.195997,1.0499999523162842,1.843999981880188
rear_mu,-,515.327997,1.0499999523162842,1.843999981880188
rear_mu,-,515.459997,1.0499999523162842,1.843999981880188
rear_mu,-,515.591997,1.0499999523162842,1.843999981880188
rear_mu,-,515.690997,1.0499999523162842,1.843999981880188
rear_mu,-,515.789997,1.0499999523162842,1.843999981880188
rear_mu,-,515.888997,1.0499999523162842,1.843999981880188
rear_mu,-,515.987997,1.0499999523162842,1.843999981880188
rear_mu,-,516.086997,1.0499999523162842,1.843999981880188
rear_mu,-,516.185997,1.0499999523162842,1.843999981880188
rear_mu,-,516.317997,1.0499999523162842,1.843999981880188
rear_mu,-,516.449997,1.0499999523162842,1.843999981880188
rear_mu,-,516.581997,1.0499999523162842,1.843999981880188
rear_mu,-,516.713997,1.0499999523162842,1.843999981880188
rear_mu,-,516.845997,1.0499999523162842,1.843999981880188
rear_mu,-,516.977997,1.0499999523162842,1.843999981880188
rear_mu,-,517.043997,1.0499999523162842,1.843999981880188
rear_mu,-,517.175997,1.0499999523162842,1.843999981880188
rear_mu,-,517.241997,1.0499999523162842,1.843999981880188
rear_mu,-,517.373997,1.0499999523162842,1.843999981880188
rear_mu,-,517.439997,1.0499999523162842,1.843999981880188
rear_mu,-,517.571997,1.0499999523162842,1.843999981880188
rear_mu,-,517.703997,1.0499999523162842,1.843999981880188
rear_mu,-,517.835997,1.0499999523162842,1.843999981880188
rear_mu,-,517.967997,1.0499999523162842,1.843999981880188
rear_mu,-,518.033997,1.0499999523162842,1.843999981880188
rear_mu,-,518.165997,1.0499999523162842,1.843999981880188
rear_mu,-,518.297997,1.0499999523162842,1.843999981880188
rear_mu,-,518.363997,1.0499999523162842,1.843999981880188
rear_mu,-,518.495997,1.0499999523162842,1.843999981880188
rear_mu,-,518.561997,1.0499999523162842,1.843999981880188
rear_mu,-,518.693997,1.0499999523162842,1.843999981880188
rear_mu,-,518.759997,1.0499999523162842,1.843999981880188
rear_mu,-,518.891997,1.0499999523162842,1.843999981880188
rear_mu,-,518.957997,1.0499999523162842,1.843999981880188
rear_mu,-,519.089997,1.0499999523162842,1.843999981880188
rear_mu,-,519.155997,1.0499999523162842,1.843999981880188
rear_mu,-,519.287997,1.0499999523162842,1.843999981880188
rear_mu,-,519.419997,1.0499999523162842,1.843999981880188
rear_mu,-,519.551997,1.0499999523162842,1.843999981880188
rear_mu,-,519.650997,1.0499999523162842,1.843999981880188
rear_mu,-,519.749997,1.0499999523162842,1.843999981880188
rear_mu,-,519.848997,1.0499999523162842,1.843999981880188
rear_mu,-,519.947997,1.0499999523162842,1.843999981880188
rear_mu,-,520.046997,1.0499999523162842,1.843999981880188
rear_mu,-,520.145997,1.0499999523162842,1.843999981880188
rear_mu,-,520.244997,1.0499999523162842,1.843999981880188
rear_mu,-,520.343997,1.0499999523162842,1.843999981880188
rear_mu,-,520.475997,1.0499999523162842,1.843999981880188
rear_mu,-,520.607997,1.0499999523162842,1.843999981880188
rear_mu,-,520.739997,1.0499999523162842,1.843999981880188
rear_mu,-,520.871997,1.0499999523162842,1.843999981880188
rear_mu,-,520.970997,1.0499999523162842,1.843999981880188
rear_mu,-,521.069997,1.0499999523162842,1.843999981880188
rear_mu,-,521.168997,1.0499999523162842,1.843999981880188
rear_mu,-,521.267997,1.0499999523162842,1.843999981880188
rear_mu,-,521.366997,1.0499999523162842,1.843999981880188
rear_mu,-,521.465997,1.0499999523162842,1.843999981880188
rear_mu,-,521.564997,1.0499999523162842,1.843999981880188
rear_mu,-,521.663997,1.0499999523162842,1.843999981880188
rear_mu,-,521.762997,1.0499999523162842,1.843999981880188
rear_mu,-,521.861997,1.0499999523162842,1.843999981880188
rear_mu,-,521.960997,1.0499999523162842,1.843999981880188
rear_mu,-,522.059997,1.0499999523162842,1.843999981880188
rear_mu,-,522.191997,1.0499999523162842,1.843999981880188
rear_mu,-,522.290997,1.0499999523162842,1.843999981880188
rear_mu,-,522.389997,1.0499999523162842,1.843999981880188
rear_mu,-,522.488997,1.0499999523162842,1.843999981880188
rear_mu,-,522.587997,1.0499999523162842,1.843999981880188
rear_mu,-,522.686997,1.0499999523162842,1.843999981880188
rear_mu,-,522.785997,1.0499999523162842,1.843999981880188
rear_mu,-,522.884997,1.0499999523162842,1.843999981880188
rear_mu,-,522.983997,1.0499999523162842,1.843999981880188
rear_mu,-,523.115997,1.0499999523162842,1.843999981880188
rear_mu,-,523.247997,1.0499999523162842,1.843999981880188
rear_mu,-,523.379997,1.0499999523162842,1.843999981880188
rear_mu,-,523.511997,1.0499999523162842,1.843999981880188
rear_mu,-,523.610997,1.0499999523162842,1.843999981880188
rear_mu,-,523.709997,1.0499999523162842,1.843999981880188
rear_mu,-,523.808997,1.0499999523162842,1.843999981880188
rear_mu,-,523.907997,1.0499999523162842,1.843999981880188
rear_mu,-,524.006997,1.0499999523162842,1.843999981880188
rear_mu,-,524.105997,1.0499999523162842,1.843999981880188
rear_mu,-,524.204997,1.0499999523162842,1.843999981880188
rear_mu,-,524.303997,1.0499999523162842,1.843999981880188
rear_mu,-,524.435997,1.0499999523162842,1.843999981880188
rear_mu,-,524.567997,1.0499999523162842,1.843999981880188
rear_mu,-,524.765997,1.0499999523162842,1.843999981880188
rear_mu,-,524.897997,1.0499999523162842,1.843999981880188
rear_mu,-,524.963997,1.0499999523162842,1.843999981880188
rear_mu,-,525.095997,1.0499999523162842,1.843999981880188
rear_mu,-,525.161997,1.0499999523162842,1.843999981880188
rear_mu,-,525.293997,1.0499999523162842,1.843999981880188
rear_mu,-,525.359997,1.0499999523162842,1.843999981880188
rear_mu,-,525.491997,1.0499999523162842,1.843999981880188
rear_mu,-,525.557997,1.0499999523162842,1.843999981880188
rear_mu,-,525.689997,1.0499999523162842,1.843999981880188
rear_mu,-,525.821997,1.0499999523162842,1.843999981880188
rear_mu,-,525.953997,1.0499999523162842,1.843999981880188
rear_mu,-,526.085997,1.0499999523162842,1.843999981880188
rear_mu,-,526.217997,1.0499999523162842,1.843999981880188
rear_mu,-,526.283997,1.0499999523162842,1.843999981880188
rear_mu,-,526.415997,1.0499999523162842,1.843999981880188
rear_mu,-,526.481997,1.0499999523162842,1.843999981880188
rear_mu,-,526.613997,1.0499999523162842,1.843999981880188
rear_mu,-,526.679997,1.0499999523162842,1.843999981880188
rear_mu,-,526.811997,1.0499999523162842,1.843999981880188
rear_mu,-,526.877997,1.0499999523162842,1.843999981880188
rear_mu,-,527.009997,1.0499999523162842,1.843999981880188
rear_mu,-,527.141997,1.0499999523162842,1.843999981880188
rear_mu,-,527.273997,1.0499999523162842,1.843999981880188
rear_mu,-,527.405997,1.0499999523162842,1.843999981880188
rear_mu,-,527.537997,1.0499999523162842,1.843999981880188
rear_mu,-,527.603997,1.0499999523162842,1.843999981880188
rear_mu,-,527.735997,1.0499999523162842,1.843999981880188
rear_mu,-,527.801997,1.0499999523162842,1.843999981880188
rear_mu,-,527.933997,1.0499999523162842,1.843999981880188
rear_mu,-,527.999997,1.0499999523162842,1.843999981880188
rear_mu,-,528.131997,1.0499999523162842,1.843999981880188
rear_mu,-,528.197997,1.0499999523162842,1.843999981880188
rear_mu,-,528.329997,1.0499999523162842,1.843999981880188
rear_mu,-,528.461997,1.0499999523162842,1.843999981880188
rear_mu,-,528.593997,1.0499999523162842,1.843999981880188
rear_mu,-,528.725997,1.0499999523162842,1.843999981880188
rear_mu,-,528.857997,1.0499999523162842,1.843999981880188
rear_mu,-,528.923997,1.0499999523162842,1.843999981880188
rear_mu,-,529.055997,1.0499999523162842,1.843999981880188
rear_mu,-,529.121997,1.0499999523162842,1.843999981880188
rear_mu,-,529.253997,1.0499999523162842,1.843999981880188
rear_mu,-,529.319997,1.0499999523162842,1.843999981880188
rear_mu,-,529.451997,1.0499999523162842,1.843999981880188
rear_mu,-,529.517997,1.0499999523162842,1.843999981880188
rear_mu,-,529.649997,1.0499999523162842,1.843999981880188
rear_mu,-,529.781997,1.0499999523162842,1.843999981880188
rear_mu,-,529.913997,1.0499999523162842,1.843999981880188
rear_mu,-,530.045997,1.0499999523162842,1.843999981880188
rear_mu,-,530.177997,1.0499999523162842,1.843999981880188
rear_mu,-,530.243997,1.0499999523162842,1.843999981880188
rear_mu,-,530.375997,1.0499999523162842,1.843999981880188
rear_mu,-,530.441997,1.0499999523162842,1.843999981880188
rear_mu,-,530.573997,1.0499999523162842,1.843999981880188
rear_mu,-,530.639997,1.0499999523162842,1.843999981880188
rear_mu,-,530.771997,1.0499999523162842,1.843999981880188
rear_mu,-,530.837997,1.0499999523162842,1.843999981880188
rear_mu,-,530.969997,1.0499999523162842,1.843999981880188
rear_mu,-,531.101997,1.0499999523162842,1.843999981880188
rear_mu,-,531.233997,1.0499999523162842,1.843999981880188
rear_mu,-,531.365997,1.0499999523162842,1.843999981880188
rear_mu,-,531.497997,1.0499999523162842,1.843999981880188
rear_mu,-,531.563997,1.0499999523162842,1.843999981880188
rear_mu,-,531.695997,1.0499999523162842,1.843999981880188
rear_mu,-,531.761997,1.0499999523162842,1.843999981880188
rear_mu,-,531.893997,1.0499999523162842,1.843999981880188
rear_mu,-,531.959997,1.0499999523162842,1.843999981880188
rear_mu,-,532.091997,1.0499999523162842,1.843999981880188
rear_mu,-,532.157997,1.0499999523162842,1.843999981880188
rear_mu,-,532.289997,1.0499999523162842,1.843999981880188
rear_mu,-,532.421997,1.0499999523162842,1.843999981880188
rear_mu,-,532.553997,1.0499999523162842,1.843999981880188
rear_mu,-,532.685997,1.0499999523162842,1.843999981880188
rear_mu,-,532.817997,1.0499999523162842,1.843999981880188
rear_mu,-,532.883997,1.0499999523162842,1.843999981880188
rear_mu,-,533.015997,1.0499999523162842,1.843999981880188
rear_mu,-,533.081997,1.0499999523162842,1.843999981880188
rear_mu,-,533.213997,1.0499999523162842,1.843999981880188
rear_mu,-,533.345997,1.0499999523162842,1.843999981880188
rear_mu,-,533.444997,1.0499999523162842,1.843999981880188
rear_mu,-,533.543997,1.0499999523162842,1.843999981880188
rear_mu,-,533.675997,1.0499999523162842,1.843999981880188
rear_mu,-,533.807997,1.0499999523162842,1.843999981880188
rear_mu,-,533.939997,1.0499999523162842,1.843999981880188
rear_mu,-,534.071997,1.0499999523162842,1.843999981880188
rear_mu,-,534.170997,1.0499999523162842,1.843999981880188
rear_mu,-,534.269997,1.0499999523162842,1.843999981880188
rear_mu,-,534.368997,1.0499999523162842,1.843999981880188
rear_mu,-,534.467997,1.0499999523162842,1.843999981880188
rear_mu,-,534.566997,1.0499999523162842,1.843999981880188
rear_mu,-,534.665997,1.0499999523162842,1.843999981880188
rear_mu,-,534.764997,1.0499999523162842,1.843999981880188
rear_mu,-,534.863997,1.0499999523162842,1.843999981880188
rear_mu,-,534.995997,1.0499999523162842,1.843999981880188
rear_mu,-,535.127997,1.0499999523162842,1.843999981880188
rear_mu,-,535.259997,1.0499999523162842,1.843999981880188
rear_mu,-,535.391997,1.0499999523162842,1.843999981880188
rear_mu,-,535.490997,1.0499999523162842,1.843999981880188
rear_mu,-,535.589997,1.0499999523162842,1.843999981880188
rear_mu,-,535.688997,1.0499999523162842,1.843999981880188
rear_mu,-,535.787997,1.0499999523162842,1.843999981880188
rear_mu,-,535.886997,1.0499999523162842,1.843999981880188
rear_mu,-,535.985997,1.0499999523162842,1.843999981880188
rear_mu,-,536.084997,1.0499999523162842,1.843999981880188
rear_mu,-,536.183997,1.0499999523162842,1.843999981880188
rear_mu,-,536.315997,1.0499999523162842,1.843999981880188
rear_mu,-,536.447997,1.0499999523162842,1.843999981880188
rear_mu,-,536.579997,1.0499999523162842,1.843999981880188
rear_mu,-,536.711997,1.0499999523162842,1.843999981880188
rear_mu,-,536.810997,1.0499999523162842,1.843999981880188
rear_mu,-,536.909997,1.0499999523162842,1.843999981880188
rear_mu,-,537.008997,1.0499999523162842,1.843999981880188
rear_mu,-,537.107997,1.0499999523162842,1.843999981880188
rear_mu,-,537.206997,1.0499999523162842,1.843999981880188
rear_mu,-,537.305997,1.0499999523162842,1.843999981880188
rear_mu,-,537.404997,1.0499999523162842,1.843999981880188
rear_mu,-,537.503997,1.0499999523162842,1.843999981880188
rear_mu,-,537.602997,1.0499999523162842,1.843999981880188
rear_mu,-,537.701997,1.0499999523162842,1.843999981880188
rear_mu,-,537.833997,1.0499999523162842,1.843999981880188
rear_mu,-,537.965997,1.0499999523162842,1.843999981880188
rear_mu,-,538.097997,1.0499999523162842,1.843999981880188
rear_mu,-,538.229997,1.0499999523162842,1.843999981880188
rear_mu,-,538.328997,1.0499999523162842,1.843999981880188
rear_mu,-,538.427997,1.0499999523162842,1.843999981880188
rear_mu,-,538.526997,1.0499999523162842,1.843999981880188
rear_mu,-,538.625997,1.0499999523162842,1.843999981880188
rear_mu,-,538.724997,1.0499999523162842,1.843999981880188
rear_mu,-,538.823997,1.0499999523162842,1.843999981880188
rear_mu,-,538.955997,1.0499999523162842,1.843999981880188
rear_mu,-,539.087997,1.0499999523162842,1.843999981880188
rear_mu,-,539.219997,1.0499999523162842,1.843999981880188
rear_mu,-,539.351997,1.0499999523162842,1.843999981880188
rear_mu,-,539.450997,1.0499999523162842,1.843999981880188
rear_mu,-,539.549997,1.0499999523162842,1.843999981880188
rear_mu,-,539.648997,1.0499999523162842,1.843999981880188
rear_mu,-,539.747997,1.0499999523162842,1.843999981880188
rear_mu,-,539.846997,1.0499999523162842,1.843999981880188
rear_mu,-,539.945997,1.0499999523162842,1.843999981880188
rear_mu,-,540.044997,1.0499999523162842,1.843999981880188
rear_mu,-,540.143997,1.0499999523162842,1.843999981880188
rear_mu,-,540.275997,1.0499999523162842,1.843999981880188
rear_mu,-,540.407997,1.0499999523162842,1.843999981880188
rear_mu,-,540.539997,1.0499999523162842,1.843999981880188
rear_mu,-,540.671997,1.0499999523162842,1.843999981880188
rear_mu,-,540.770997,1.0499999523162842,1.843999981880188
rear_mu,-,540.869997,1.0499999523162842,1.843999981880188
rear_mu,-,540.968997,1.0499999523162842,1.843999981880188
rear_mu,-,541.067997,1.0499999523162842,1.843999981880188
rear_mu,-,541.166997,1.0499999523162842,1.843999981880188
rear_mu,-,541.265997,1.0499999523162842,1.843999981880188
rear_mu,-,541.364997,1.0499999523162842,1.843999981880188
rear_mu,-,541.463997,1.0499999523162842,1.843999981880188
rear_mu,-,541.595997,1.0499999523162842,1.843999981880188
rear_mu,-,541.727997,1.0499999523162842,1.843999981880188
rear_mu,-,541.859997,1.0499999523162842,1.843999981880188
rear_mu,-,541.991997,1.0499999523162842,1.843999981880188
rear_mu,-,542.090997,1.0499999523162842,1.843999981880188
rear_mu,-,542.189997,1.0499999523162842,1.843999981880188
rear_mu,-,542.288997,1.0499999523162842,1.843999981880188
rear_mu,-,542.387997,1.0499999523162842,1.843999981880188
rear_mu,-,542.486997,1.0499999523162842,1.843999981880188
rear_mu,-,542.585997,1.0499999523162842,1.843999981880188
rear_mu,-,542.684997,1.0499999523162842,1.843999981880188
rear_mu,-,542.783997,1.0499999523162842,1.843999981880188
rear_mu,-,542.915997,1.0499999523162842,1.843999981880188
rear_mu,-,543.047997,1.0499999523162842,1.843999981880188
rear_mu,-,543.179997,1.0499999523162842,1.843999981880188
rear_mu,-,543.311997,1.0499999523162842,1.843999981880188
rear_mu,-,543.410997,1.0499999523162842,1.843999981880188
rear_mu,-,543.509997,1.0499999523162842,1.843999981880188
rear_mu,-,543.608997,1.0499999523162842,1.843999981880188
rear_mu,-,543.707997,1.0499999523162842,1.843999981880188
rear_mu,-,543.806997,1.0499999523162842,1.843999981880188
rear_mu,-,543.905997,1.0499999523162842,1.843999981880188
rear_mu,-,544.004997,1.0499999523162842,1.843999981880188
rear_mu,-,544.103997,1.0499999523162842,1.843999981880188
rear_mu,-,544.235997,1.0499999523162842,1.843999981880188
rear_mu,-,544.367997,1.0499999523162842,1.843999981880188
rear_mu,-,544.499997,1.0499999523162842,1.843999981880188
rear_mu,-,544.631997,1.0499999523162842,1.843999981880188
rear_mu,-,544.730997,1.0499999523162842,1.843999981880188
rear_mu,-,544.829997,1.0499999523162842,1.843999981880188
rear_mu,-,544.928997,1.0499999523162842,1.843999981880188
rear_mu,-,545.027997,1.0499999523162842,1.843999981880188
rear_mu,-,545.126997,1.0499999523162842,1.843999981880188
rear_mu,-,545.225997,1.0499999523162842,1.843999981880188
rear_mu,-,545.324997,1.0499999523162842,1.843999981880188
rear_mu,-,545.423997,1.0499999523162842,1.843999981880188
rear_mu,-,545.555997,1.0499999523162842,1.843999981880188
rear_mu,-,545.687997,1.0499999523162842,1.843999981880188
rear_mu,-,545.819997,1.0499999523162842,1.843999981880188
rear_mu,-,545.951997,1.0499999523162842,1.843999981880188
rear_mu,-,546.050997,1.0499999523162842,1.843999981880188
rear_mu,-,546.149997,1.0499999523162842,1.843999981880188
rear_mu,-,546.248997,1.0499999523162842,1.843999981880188
rear_mu,-,546.347997,1.0499999523162842,1.843999981880188
rear_mu,-,546.446997,1.0499999523162842,1.843999981880188
rear_mu,-,546.545997,1.0499999523162842,1.843999981880188
rear_mu,-,546.644997,1.0499999523162842,1.843999981880188
rear_mu,-,546.743997,1.0499999523162842,1.843999981880188
rear_mu,-,546.842997,1.0499999523162842,1.843999981880188
rear_mu,-,546.941997,1.0499999523162842,1.843999981880188
rear_mu,-,547.073997,1.0499999523162842,1.843999981880188
rear_mu,-,547.205997,1.0499999523162842,1.843999981880188
rear_mu,-,547.337997,1.0499999523162842,1.843999981880188
rear_mu,-,547.403997,1.0499999523162842,1.843999981880188
rear_mu,-,547.535997,1.0499999523162842,1.843999981880188
rear_mu,-,547.601997,1.0499999523162842,1.843999981880188
rear_mu,-,547.733997,1.0499999523162842,1.843999981880188
rear_mu,-,547.799997,1.0499999523162842,1.843999981880188
rear_mu,-,547.931997,1.0499999523162842,1.843999981880188
rear_mu,-,547.997997,1.0499999523162842,1.843999981880188
rear_mu,-,548.129997,1.0499999523162842,1.843999981880188
rear_mu,-,548.261997,1.0499999523162842,1.843999981880188
rear_mu,-,548.393997,1.0499999523162842,1.843999981880188
rear_mu,-,548.525997,1.0499999523162842,1.843999981880188
rear_mu,-,548.657997,1.0499999523162842,1.843999981880188
rear_mu,-,548.723997,1.0499999523162842,1.843999981880188
rear_mu,-,548.855997,1.0499999523162842,1.843999981880188
rear_mu,-,548.921997,1.0499999523162842,1.843999981880188
rear_mu,-,549.053997,1.0499999523162842,1.843999981880188
rear_mu,-,549.119997,1.0499999523162842,1.843999981880188
rear_mu,-,549.251997,1.0499999523162842,1.843999981880188
rear_mu,-,549.317997,1.0499999523162842,1.843999981880188
rear_mu,-,549.449997,1.0499999523162842,1.843999981880188
rear_mu,-,549.581997,1.0499999523162842,1.843999981880188
rear_mu,-,549.713997,1.0499999523162842,1.843999981880188
rear_mu,-,549.845997,1.0499999523162842,1.843999981880188
rear_mu,-,549.977997,1.0499999523162842,1.843999981880188
rear_mu,-,550.043997,1.0499999523162842,1.843999981880188
rear_mu,-,550.175997,1.0499999523162842,1.843999981880188
rear_mu,-,550.241997,1.0499999523162842,1.843999981880188
rear_mu,-,550.373997,1.0499999523162842,1.843999981880188
rear_mu,-,550.439997,1.0499999523162842,1.843999981880188
rear_mu,-,550.571997,1.0499999523162842,1.843999981880188
rear_mu,-,550.637997,1.0499999523162842,1.843999981880188
rear_mu,-,550.769997,1.0499999523162842,1.843999981880188
rear_mu,-,550.901997,1.0499999523162842,1.843999981880188
rear_mu,-,551.033997,1.0499999523162842,1.843999981880188
rear_mu,-,551.165997,1.0499999523162842,1.843999981880188
rear_mu,-,551.297997,1.0499999523162842,1.843999981880188
rear_mu,-,551.363997,1.0499999523162842,1.843999981880188
rear_mu,-,551.495997,1.0499999523162842,1.843999981880188
rear_mu,-,551.561997,1.0499999523162842,1.843999981880188
rear_mu,-,551.726997,1.0499999523162842,1.843999981880188
rear_mu,-,551.825997,1.0499999523162842,1.843999981880188
rear_mu,-,551.924997,1.0499999523162842,1.843999981880188
rear_mu,-,552.023997,1.0499999523162842,1.843999981880188
rear_mu,-,552.155997,1.0499999523162842,1.843999981880188
rear_mu,-,552.287997,1.0499999523162842,1.843999981880188
rear_mu,-,552.419997,1.0499999523162842,1.843999981880188
rear_mu,-,552.551997,1.0499999523162842,1.843999981880188
rear_mu,-,552.650997,1.0499999523162842,1.843999981880188
rear_mu,-,552.749997,1.0499999523162842,1.843999981880188
rear_mu,-,552.848997,1.0499999523162842,1.843999981880188
rear_mu,-,552.947997,1.0499999523162842,1.843999981880188
rear_mu,-,553.046997,1.0499999523162842,1.843999981880188
rear_mu,-,553.145997,1.0499999523162842,1.843999981880188
rear_mu,-,553.244997,1.0499999523162842,1.843999981880188
rear_mu,-,553.343997,1.0499999523162842,1.843999981880188
rear_mu,-,553.442997,1.0499999523162842,1.843999981880188
rear_mu,-,553.541997,1.0499999523162842,1.843999981880188
rear_mu,-,553.673997,1.0499999523162842,1.843999981880188
rear_mu,-,553.805997,1.0499999523162842,1.843999981880188
rear_mu,-,553.937997,1.0499999523162842,1.843999981880188
rear_mu,-,554.003997,1.0499999523162842,1.843999981880188
rear_mu,-,554.135997,1.0499999523162842,1.843999981880188
rear_mu,-,554.201997,1.0499999523162842,1.843999981880188
rear_mu,-,554.333997,1.0499999523162842,1.843999981880188
rear_mu,-,554.399997,1.0499999523162842,1.843999981880188
rear_mu,-,554.531997,1.0499999523162842,1.843999981880188
rear_mu,-,554.597997,1.0499999523162842,1.843999981880188
rear_mu,-,554.795997,1.0499999523162842,1.843999981880188
rear_mu,-,554.927997,1.0499999523162842,1.843999981880188
rear_mu,-,555.059997,1.0499999523162842,1.843999981880188
rear_mu,-,555.191997,1.0499999523162842,1.843999981880188
rear_mu,-,555.290997,1.0499999523162842,1.843999981880188
rear_mu,-,555.389997,1.0499999523162842,1.843999981880188
rear_mu,-,555.488997,1.0499999523162842,1.843999981880188
rear_mu,-,555.587997,1.0499999523162842,1.843999981880188
rear_mu,-,555.686997,1.0499999523162842,1.843999981880188
rear_mu,-,555.785997,1.0499999523162842,1.843999981880188
rear_mu,-,555.884997,1.0499999523162842,1.843999981880188
rear_mu,-,555.983997,1.0499999523162842,1.843999981880188
rear_mu,-,556.082997,1.0499999523162842,1.843999981880188
rear_mu,-,556.181997,1.0499999523162842,1.843999981880188
rear_mu,-,556.313997,1.0499999523162842,1.843999981880188
rear_mu,-,556.445997,1.0499999523162842,1.843999981880188
rear_mu,-,556.577997,1.0499999523162842,1.843999981880188
rear_mu,-,556.643997,1.0499999523162842,1.843999981880188
rear_mu,-,556.775997,1.0499999523162842,1.843999981880188
rear_mu,-,556.841997,1.0499999523162842,1.843999981880188
rear_mu,-,556.973997,1.0499999523162842,1.843999981880188
rear_mu,-,557.039997,1.0499999523162842,1.843999981880188
rear_mu,-,557.171997,1.0499999523162842,1.843999981880188
rear_mu,-,557.237997,1.0499999523162842,1.843999981880188
rear_mu,-,557.369997,1.0499999523162842,1.843999981880188
rear_mu,-,557.435997,1.0499999523162842,1.843999981880188
rear_mu,-,557.567997,1.0499999523162842,1.843999981880188
rear_mu,-,557.699997,1.0499999523162842,1.843999981880188
rear_mu,-,557.831997,1.0499999523162842,1.843999981880188
rear_mu,-,557.930997,1.0499999523162842,1.843999981880188
rear_mu,-,558.029997,1.0499999523162842,1.843999981880188
rear_mu,-,558.128997,1.0499999523162842,1.843999981880188
rear_mu,-,558.227997,1.0499999523162842,1.843999981880188
rear_mu,-,558.326997,1.0499999523162842,1.843999981880188
rear_mu,-,558.425997,1.0499999523162842,1.843999981880188
rear_mu,-,558.524997,1.0499999523162842,1.843999981880188
rear_mu,-,558.623997,1.0499999523162842,1.843999981880188
rear_mu,-,558.755997,1.0499999523162842,1.843999981880188
rear_mu,-,558.887997,1.0499999523162842,1.843999981880188
rear_mu,-,559.019997,1.0499999523162842,1.843999981880188
rear_mu,-,559.151997,1.0499999523162842,1.843999981880188
rear_mu,-,559.250997,1.0499999523162842,1.843999981880188
rear_mu,-,559.349997,1.0499999523162842,1.843999981880188
rear_mu,-,559.448997,1.0499999523162842,1.843999981880188
rear_mu,-,559.547997,1.0499999523162842,1.843999981880188
rear_mu,-,559.646997,1.0499999523162842,1.843999981880188
rear_mu,-,559.745997,1.0499999523162842,1.843999981880188
rear_mu,-,559.844997,1.0499999523162842,1.843999981880188
rear_mu,-,559.943997,1.0499999523162842,1.843999981880188
rear_mu,-,560.075997,1.0499999523162842,1.843999981880188
rear_mu,-,560.207997,1.0499999523162842,1.843999981880188
rear_mu,-,560.339997,1.0499999523162842,1.843999981880188
rear_mu,-,560.471997,1.0499999523162842,1.843999981880188
rear_mu,-,560.570997,1.0499999523162842,1.843999981880188
rear_mu,-,560.669997,1.0499999523162842,1.843999981880188
rear_mu,-,560.768997,1.0499999523162842,1.843999981880188
rear_mu,-,560.867997,1.0499999523162842,1.843999981880188
rear_mu,-,560.966997,1.0499999523162842,1.843999981880188
rear_mu,-,561.065997,1.0499999523162842,1.843999981880188
rear_mu,-,561.164997,1.0499999523162842,1.843999981880188
rear_mu,-,561.263997,1.0499999523162842,1.843999981880188
rear_mu,-,561.362997,1.0499999523162842,1.843999981880188
rear_mu,-,561.461997,1.0499999523162842,1.843999981880188
rear_mu,-,561.593997,1.0499999523162842,1.843999981880188
rear_mu,-,561.725997,1.0499999523162842,1.843999981880188
rear_mu,-,561.857997,1.0499999523162842,1.843999981880188
rear_mu,-,561.923997,1.0499999523162842,1.843999981880188
rear_mu,-,562.055997,1.0499999523162842,1.843999981880188
rear_mu,-,562.121997,1.0499999523162842,1.843999981880188
rear_mu,-,562.253997,1.0499999523162842,1.843999981880188
rear_mu,-,562.319997,1.0499999523162842,1.843999981880188
rear_mu,-,562.451997,1.0499999523162842,1.843999981880188
rear_mu,-,562.517997,1.0499999523162842,1.843999981880188
rear_mu,-,562.649997,1.0499999523162842,1.843999981880188
rear_mu,-,562.781997,1.0499999523162842,1.843999981880188
rear_mu,-,562.913997,1.0499999523162842,1.843999981880188
rear_mu,-,563.045997,1.0499999523162842,1.843999981880188
rear_mu,-,563.177997,1.0499999523162842,1.843999981880188
rear_mu,-,563.243997,1.0499999523162842,1.843999981880188
rear_mu,-,563.375997,1.0499999523162842,1.843999981880188
rear_mu,-,563.441997,1.0499999523162842,1.843999981880188
rear_mu,-,563.573997,1.0499999523162842,1.843999981880188
rear_mu,-,563.639997,1.0499999523162842,1.843999981880188
rear_mu,-,563.771997,1.0499999523162842,1.843999981880188
rear_mu,-,563.837997,1.0499999523162842,1.843999981880188
rear_mu,-,563.969997,1.0499999523162842,1.843999981880188
rear_mu,-,564.101997,1.0499999523162842,1.843999981880188
rear_mu,-,564.233997,1.0499999523162842,1.843999981880188
rear_mu,-,564.365997,1.0499999523162842,1.843999981880188
rear_mu,-,564.497997,1.0499999523162842,1.843999981880188
rear_mu,-,564.563997,1.0499999523162842,1.843999981880188
rear_mu,-,564.695997,1.0499999523162842,1.843999981880188
rear_mu,-,564.761997,1.0499999523162842,1.843999981880188
rear_mu,-,564.893997,1.0499999523162842,1.843999981880188
rear_mu,-,564.959997,1.0499999523162842,1.843999981880188
rear_mu,-,565.091997,1.0499999523162842,1.843999981880188
rear_mu,-,565.157997,1.0499999523162842,1.843999981880188
rear_mu,-,565.355997,1.0499999523162842,1.843999981880188
rear_mu,-,565.487997,1.0499999523162842,1.843999981880188
rear_mu,-,565.619997,1.0499999523162842,1.843999981880188
rear_mu,-,565.751997,1.0499999523162842,1.843999981880188
rear_mu,-,565.850997,1.0499999523162842,1.843999981880188
rear_mu,-,565.949997,1.0499999523162842,1.843999981880188
rear_mu,-,566.048997,1.0499999523162842,1.843999981880188
rear_mu,-,566.147997,1.0499999523162842,1.843999981880188
rear_mu,-,566.246997,1.0499999523162842,1.843999981880188
rear_mu,-,566.345997,1.0499999523162842,1.843999981880188
rear_mu,-,566.444997,1.0499999523162842,1.843999981880188
rear_mu,-,566.543997,1.0499999523162842,1.843999981880188
rear_mu,-,566.675997,1.0499999523162842,1.843999981880188
rear_mu,-,566.807997,1.0499999523162842,1.843999981880188
rear_mu,-,566.939997,1.0499999523162842,1.843999981880188
rear_mu,-,567.071997,1.0499999523162842,1.843999981880188
rear_mu,-,567.170997,1.0499999523162842,1.843999981880188
rear_mu,-,567.269997,1.0499999523162842,1.843999981880188
rear_mu,-,567.368997,1.0499999523162842,1.843999981880188
rear_mu,-,567.467997,1.0499999523162842,1.843999981880188
rear_mu,-,567.566997,1.0499999523162842,1.843999981880188
rear_mu,-,567.665997,1.0499999523162842,1.843999981880188
rear_mu,-,567.764997,1.0499999523162842,1.843999981880188
rear_mu,-,567.863997,1.0499999523162842,1.843999981880188
rear_mu,-,567.995997,1.0499999523162842,1.843999981880188
rear_mu,-,568.127997,1.0499999523162842,1.843999981880188
rear_mu,-,568.259997,1.0499999523162842,1.843999981880188
rear_mu,-,568.391997,1.0499999523162842,1.843999981880188
rear_mu,-,568.490997,1.0499999523162842,1.843999981880188
rear_mu,-,568.589997,1.0499999523162842,1.843999981880188
rear_mu,-,568.688997,1.0499999523162842,1.843999981880188
rear_mu,-,568.787997,1.0499999523162842,1.843999981880188
rear_mu,-,568.886997,1.0499999523162842,1.843999981880188
rear_mu,-,568.985997,1.0499999523162842,1.843999981880188
rear_mu,-,569.084997,1.0499999523162842,1.843999981880188
rear_mu,-,569.183997,1.0499999523162842,1.843999981880188
rear_mu,-,569.315997,1.0499999523162842,1.843999981880188
rear_mu,-,569.447997,1.0499999523162842,1.843999981880188
rear_mu,-,569.579997,1.0499999523162842,1.843999981880188
rear_mu,-,569.711997,1.0499999523162842,1.843999981880188
rear_mu,-,569.810997,1.0499999523162842,1.843999981880188
rear_mu,-,569.909997,1.0499999523162842,1.843999981880188
rear_mu,-,570.008997,1.0499999523162842,1.843999981880188
rear_mu,-,570.107997,1.0499999523162842,1.843999981880188
rear_mu,-,570.206997,1.0499999523162842,1.843999981880188
rear_mu,-,570.305997,1.0499999523162842,1.843999981880188
rear_mu,-,570.404997,1.0499999523162842,1.843999981880188
rear_mu,-,570.503997,1.0499999523162842,1.843999981880188
rear_mu,-,570.635997,1.0499999523162842,1.843999981880188
rear_mu,-,570.767997,1.0499999523162842,1.843999981880188
rear_mu,-,570.899997,1.0499999523162842,1.843999981880188
rear_mu,-,571.031997,1.0499999523162842,1.843999981880188
rear_mu,-,571.130997,1.0499999523162842,1.843999981880188
rear_mu,-,571.229997,1.0499999523162842,1.843999981880188
rear_mu,-,571.328997,1.0499999523162842,1.843999981880188
rear_mu,-,571.427997,1.0499999523162842,1.843999981880188
rear_mu,-,571.526997,1.0499999523162842,1.843999981880188
rear_mu,-,571.625997,1.0499999523162842,1.843999981880188
rear_mu,-,571.724997,1.0499999523162842,1.843999981880188
rear_mu,-,571.823997,1.0499999523162842,1.843999981880188
rear_mu,-,571.922997,1.0499999523162842,1.843999981880188
rear_mu,-,572.021997,1.0499999523162842,1.843999981880188
rear_mu,-,572.153997,1.0499999523162842,1.843999981880188
rear_mu,-,572.285997,1.0499999523162842,1.843999981880188
rear_mu,-,572.417997,1.0499999523162842,1.843999981880188
rear_mu,-,572.483997,1.0499999523162842,1.843999981880188
rear_mu,-,572.615997,1.0499999523162842,1.843999981880188
rear_mu,-,572.681997,1.0499999523162842,1.843999981880188
rear_mu,-,572.813997,1.0499999523162842,1.843999981880188
rear_mu,-,572.879997,1.0499999523162842,1.843999981880188
rear_mu,-,573.011997,1.0499999523162842,1.843999981880188
rear_mu,-,573.077997,1.0499999523162842,1.843999981880188
rear_mu,-,573.242997,1.0499999523162842,1.843999981880188
rear_mu,-,573.341997,1.0499999523162842,1.843999981880188
rear_mu,-,573.473997,1.0499999523162842,1.843999981880188
rear_mu,-,573.605997,1.0499999523162842,1.843999981880188
rear_mu,-,573.737997,1.0499999523162842,1.843999981880188
rear_mu,-,573.803997,1.0499999523162842,1.843999981880188
rear_mu,-,573.935997,1.0499999523162842,1.843999981880188
rear_mu,-,574.001997,1.0499999523162842,1.843999981880188
rear_mu,-,574.133997,1.0499999523162842,1.843999981880188
rear_mu,-,574.199997,1.0499999523162842,1.843999981880188
rear_mu,-,574.331997,1.0499999523162842,1.843999981880188
rear_mu,-,574.397997,1.0499999523162842,1.843999981880188
rear_mu,-,574.463997,1.0499999523162842,1.843999981880188
rear_mu,-,574.595997,1.0499999523162842,1.843999981880188
rear_mu,-,574.727997,1.0499999523162842,1.843999981880188
rear_mu,-,574.793997,1.0499999523162842,1.843999981880188
rear_mu,-,574.925997,1.0499999523162842,1.843999981880188
rear_mu,-,575.057997,1.0499999523162842,1.843999981880188
rear_mu,-,575.519997,1.0499999523162842,1.5842000246047974
rear_mu,-,575.651997,1.0499999523162842,1.5842000246047974
rear_mu,-,575.783997,1.0499999523162842,1.5842000246047974
rear_mu,-,575.915997,1.0499999523162842,1.5842000246047974
rear_mu,-,576.047997,1.0499999523162842,1.5842000246047974
rear_mu,-,576.179997,1.0499999523162842,1.5842000246047974
rear_mu,-,576.311997,1.0499999523162842,1.5842000246047974
rear_mu,-,576.410997,1.0499999523162842,1.5842000246047974
rear_mu,-,576.509997,1.0499999523162842,1.5842000246047974
rear_mu,-,576.608997,1.0499999523162842,1.5842000246047974
rear_mu,-,576.707997,1.0499999523162842,1.5842000246047974
rear_mu,-,576.806997,1.0499999523162842,1.5842000246047974
rear_mu,-,576.905997,1.0499999523162842,1.5842000246047974
rear_mu,-,577.004997,1.0499999523162842,1.5842000246047974
rear_mu,-,577.103997,1.0499999523162842,1.5842000246047974
rear_mu,-,577.235997,1.0499999523162842,1.5842000246047974
rear_mu,-,577.367997,1.0499999523162842,1.5842000246047974
rear_mu,-,577.499997,1.0499999523162842,1.5842000246047974
rear_mu,-,577.631997,1.0499999523162842,1.5842000246047974
rear_mu,-,577.730997,1.0499999523162842,1.5842000246047974
rear_mu,-,577.829997,1.0499999523162842,1.5842000246047974
rear_mu,-,577.928997,1.0499999523162842,1.5842000246047974
rear_mu,-,578.027997,1.0499999523162842,1.5842000246047974
rear_mu,-,578.126997,1.0499999523162842,1.5842000246047974
rear_mu,-,578.225997,1.0499999523162842,1.5842000246047974
rear_mu,-,578.324997,1.0499999523162842,1.5842000246047974
rear_mu,-,578.423997,1.0499999523162842,1.5842000246047974
rear_mu,-,578.555997,1.0499999523162842,1.5842000246047974
rear_mu,-,578.687997,1.0499999523162842,1.5842000246047974
rear_mu,-,578.819997,1.0499999523162842,1.5842000246047974
rear_mu,-,578.951997,1.0499999523162842,1.5842000246047974
rear_mu,-,579.050997,1.0499999523162842,1.5842000246047974
rear_mu,-,579.149997,1.0499999523162842,1.5842000246047974
rear_mu,-,579.248997,1.0499999523162842,1.5842000246047974
rear_mu,-,579.347997,1.0499999523162842,1.5842000246047974
rear_mu,-,579.446997,1.0499999523162842,1.5842000246047974
rear_mu,-,579.545997,1.0499999523162842,1.5842000246047974
rear_mu,-,579.644997,1.0499999523162842,1.5842000246047974
rear_mu,-,579.743997,1.0499999523162842,1.5842000246047974
rear_mu,-,579.875997,1.0499999523162842,1.5842000246047974
rear_mu,-,580.007997,1.0499999523162842,1.5842000246047974
rear_mu,-,580.139997,1.0499999523162842,1.5842000246047974
rear_mu,-,580.271997,1.0499999523162842,1.5842000246047974
rear_mu,-,580.370997,1.0499999523162842,1.5842000246047974
rear_mu,-,580.469997,1.0499999523162842,1.5842000246047974
rear_mu,-,580.568997,1.0499999523162842,1.5842000246047974
rear_mu,-,580.667997,1.0499999523162842,1.5842000246047974
rear_mu,-,580.799997,1.0499999523162842,1.5842000246047974
rear_mu,-,580.931997,1.0499999523162842,1.5842000246047974
rear_mu,-,580.997997,1.0499999523162842,1.5842000246047974
rear_mu,-,581.129997,1.0499999523162842,1.5842000246047974
rear_mu,-,581.261997,1.0499999523162842,1.5842000246047974
rear_mu,-,581.393997,1.0499999523162842,1.5842000246047974
rear_mu,-,581.525997,1.0499999523162842,1.5842000246047974
rear_mu,-,581.657997,1.0499999523162842,1.5842000246047974
rear_mu,-,581.723997,1.0499999523162842,1.5842000246047974
rear_mu,-,581.888997,1.0499999523162842,1.5842000246047974
rear_mu,-,581.987997,1.0499999523162842,1.5842000246047974
rear_mu,-,582.086997,1.0499999523162842,1.5842000246047974
rear_mu,-,582.185997,1.0499999523162842,1.5842000246047974
rear_mu,-,582.284997,1.0499999523162842,1.5842000246047974
rear_mu,-,582.383997,1.0499999523162842,1.5842000246047974
rear_mu,-,582.515997,1.0499999523162842,1.5842000246047974
rear_mu,-,582.647997,1.0499999523162842,1.5842000246047974
rear_mu,-,582.779997,1.0499999523162842,1.5842000246047974
rear_mu,-,582.911997,1.0499999523162842,1.5842000246047974
rear_mu,-,583.010997,1.0499999523162842,1.5842000246047974
rear_mu,-,583.109997,1.0499999523162842,1.5842000246047974
rear_mu,-,583.208997,1.0499999523162842,1.5842000246047974
rear_mu,-,583.307997,1.0499999523162842,1.5842000246047974
rear_mu,-,583.406997,1.0499999523162842,1.5842000246047974
rear_mu,-,583.505997,1.0499999523162842,1.5842000246047974
rear_mu,-,583.604997,1.0499999523162842,1.5842000246047974
rear_mu,-,583.703997,1.0499999523162842,1.5842000246047974
rear_mu,-,583.835997,1.0499999523162842,1.5842000246047974
rear_mu,-,583.967997,1.0499999523162842,1.5842000246047974
rear_mu,-,584.099997,1.0499999523162842,1.5842000246047974
rear_mu,-,584.231997,1.0499999523162842,1.5842000246047974
rear_mu,-,584.330997,1.0499999523162842,1.5842000246047974
rear_mu,-,584.429997,1.0499999523162842,1.5842000246047974
rear_mu,-,584.528997,1.0499999523162842,1.5842000246047974
rear_mu,-,584.627997,1.0499999523162842,1.5842000246047974
rear_mu,-,584.726997,1.0499999523162842,1.5842000246047974
rear_mu,-,584.825997,1.0499999523162842,1.5842000246047974
rear_mu,-,584.924997,1.0499999523162842,1.5842000246047974
rear_mu,-,585.023997,1.0499999523162842,1.5842000246047974
rear_mu,-,585.155997,1.0499999523162842,1.5842000246047974
rear_mu,-,585.287997,1.0499999523162842,1.5842000246047974
rear_mu,-,585.419997,1.0499999523162842,1.5842000246047974
rear_mu,-,585.551997,1.0499999523162842,1.5842000246047974
rear_mu,-,585.650997,1.0499999523162842,1.5842000246047974
rear_mu,-,585.749997,1.0499999523162842,1.5842000246047974
rear_mu,-,585.848997,1.0499999523162842,1.5842000246047974
rear_mu,-,585.947997,1.0499999523162842,1.5842000246047974
rear_mu,-,586.046997,1.0499999523162842,1.5842000246047974
rear_mu,-,586.145997,1.0499999523162842,1.5842000246047974
rear_mu,-,586.244997,1.0499999523162842,1.5842000246047974
rear_mu,-,586.343997,1.0499999523162842,1.5842000246047974
rear_mu,-,586.475997,1.0499999523162842,1.5842000246047974
rear_mu,-,586.607997,1.0499999523162842,1.5842000246047974
rear_mu,-,586.739997,1.0499999523162842,1.5842000246047974
rear_mu,-,586.871997,1.0499999523162842,1.5842000246047974
rear_mu,-,586.970997,1.0499999523162842,1.5842000246047974
rear_mu,-,587.069997,1.0499999523162842,1.5842000246047974
rear_mu,-,587.168997,1.0499999523162842,1.5842000246047974
rear_mu,-,587.267997,1.0499999523162842,1.5842000246047974
rear_mu,-,587.366997,1.0499999523162842,1.5842000246047974
rear_mu,-,587.465997,1.0499999523162842,1.5842000246047974
rear_mu,-,587.564997,1.0499999523162842,1.5842000246047974
rear_mu,-,587.663997,1.0499999523162842,1.5842000246047974
rear_mu,-,587.795997,1.0499999523162842,1.5842000246047974
rear_mu,-,587.927997,1.0499999523162842,1.5842000246047974
rear_mu,-,587.993997,1.0499999523162842,1.5842000246047974
rear_mu,-,588.125997,1.0499999523162842,1.5842000246047974
rear_mu,-,588.257997,1.0499999523162842,1.5842000246047974
rear_mu,-,588.323997,1.0499999523162842,1.5842000246047974
rear_mu,-,588.455997,1.0499999523162842,1.5842000246047974
rear_mu,-,588.521997,1.0499999523162842,1.5842000246047974
rear_mu,-,588.653997,1.0499999523162842,1.5842000246047974
rear_mu,-,588.719997,1.0499999523162842,1.5842000246047974
rear_mu,-,588.851997,1.0499999523162842,1.5842000246047974
rear_mu,-,588.917997,1.0499999523162842,1.5842000246047974
rear_mu,-,589.049997,1.0499999523162842,1.5842000246047974
rear_mu,-,589.115997,1.0499999523162842,1.5842000246047974
rear_mu,-,589.247997,1.0499999523162842,1.5842000246047974
rear_mu,-,589.313997,1.0499999523162842,1.5842000246047974
rear_mu,-,589.445997,1.0499999523162842,1.5842000246047974
rear_mu,-,589.577997,1.0499999523162842,1.5842000246047974
rear_mu,-,589.643997,1.0499999523162842,1.5842000246047974
rear_mu,-,589.775997,1.0499999523162842,1.5842000246047974
rear_mu,-,589.841997,1.0499999523162842,1.5842000246047974
rear_mu,-,589.973997,1.0499999523162842,1.5842000246047974
rear_mu,-,590.039997,1.0499999523162842,1.5842000246047974
rear_mu,-,590.171997,1.0499999523162842,1.5842000246047974
rear_mu,-,590.237997,1.0499999523162842,1.5842000246047974
rear_mu,-,590.369997,1.0499999523162842,1.5842000246047974
rear_mu,-,590.501997,1.0499999523162842,1.5842000246047974
rear_mu,-,590.633997,1.0499999523162842,1.5842000246047974
rear_mu,-,590.765997,1.0499999523162842,1.5842000246047974
rear_mu,-,590.897997,1.0499999523162842,1.5842000246047974
rear_mu,-,590.963997,1.0499999523162842,1.5842000246047974
rear_mu,-,591.095997,1.0499999523162842,1.5842000246047974
rear_mu,-,591.161997,1.0499999523162842,1.5842000246047974
rear_mu,-,591.293997,1.0499999523162842,1.5842000246047974
rear_mu,-,591.359997,1.0499999523162842,1.5842000246047974
rear_mu,-,591.491997,1.0499999523162842,1.5842000246047974
rear_mu,-,591.557997,1.0499999523162842,1.5842000246047974
rear_mu,-,591.689997,1.0499999523162842,1.5842000246047974
rear_mu,-,591.821997,1.0499999523162842,1.5842000246047974
rear_mu,-,591.953997,1.0499999523162842,1.5842000246047974
rear_mu,-,592.085997,1.0499999523162842,1.5842000246047974
rear_mu,-,592.217997,1.0499999523162842,1.5842000246047974
rear_mu,-,592.283997,1.0499999523162842,1.5842000246047974
rear_mu,-,592.415997,1.0499999523162842,1.5842000246047974
rear_mu,-,592.481997,1.0499999523162842,1.5842000246047974
rear_mu,-,592.613997,1.0499999523162842,1.5842000246047974
rear_mu,-,592.679997,1.0499999523162842,1.5842000246047974
rear_mu,-,592.811997,1.0499999523162842,1.5842000246047974
rear_mu,-,592.877997,1.0499999523162842,1.5842000246047974
rear_mu,-,593.009997,1.0499999523162842,1.5842000246047974
rear_mu,-,593.141997,1.0499999523162842,1.5842000246047974
rear_mu,-,593.240997,1.0499999523162842,1.5842000246047974
rear_mu,-,593.339997,1.0499999523162842,1.5842000246047974
rear_mu,-,593.471997,1.0499999523162842,1.5842000246047974
rear_mu,-,593.570997,1.0499999523162842,1.5842000246047974
rear_mu,-,593.669997,1.0499999523162842,1.5842000246047974
rear_mu,-,593.768997,1.0499999523162842,1.5842000246047974
rear_mu,-,593.867997,1.0499999523162842,1.5842000246047974
rear_mu,-,593.966997,1.0499999523162842,1.5842000246047974
rear_mu,-,594.065997,1.0499999523162842,1.5842000246047974
rear_mu,-,594.164997,1.0499999523162842,1.5842000246047974
rear_mu,-,594.263997,1.0499999523162842,1.5842000246047974
rear_mu,-,594.395997,1.0499999523162842,1.5842000246047974
rear_mu,-,594.527997,1.0499999523162842,1.5842000246047974
rear_mu,-,594.659997,1.0499999523162842,1.5842000246047974
rear_mu,-,594.791997,1.0499999523162842,1.5842000246047974
rear_mu,-,594.890997,1.0499999523162842,1.5842000246047974
rear_mu,-,594.989997,1.0499999523162842,1.5842000246047974
rear_mu,-,595.088997,1.0499999523162842,1.5842000246047974
rear_mu,-,595.187997,1.0499999523162842,1.5842000246047974
rear_mu,-,595.286997,1.0499999523162842,1.5842000246047974
rear_mu,-,595.385997,1.0499999523162842,1.5842000246047974
rear_mu,-,595.484997,1.0499999523162842,1.5842000246047974
rear_mu,-,595.583997,1.0499999523162842,1.5842000246047974
rear_mu,-,595.715997,1.0499999523162842,1.5842000246047974
rear_mu,-,595.847997,1.0499999523162842,1.5842000246047974
rear_mu,-,595.979997,1.0499999523162842,1.5842000246047974
rear_mu,-,596.111997,1.0499999523162842,1.5842000246047974
rear_mu,-,596.210997,1.0499999523162842,1.5842000246047974
rear_mu,-,596.309997,1.0499999523162842,1.5842000246047974
rear_mu,-,596.408997,1.0499999523162842,1.5842000246047974
rear_mu,-,596.507997,1.0499999523162842,1.5842000246047974
rear_mu,-,596.606997,1.0499999523162842,1.5842000246047974
rear_mu,-,596.705997,1.0499999523162842,1.5842000246047974
rear_mu,-,596.804997,1.0499999523162842,1.5842000246047974
rear_mu,-,596.903997,1.0499999523162842,1.5842000246047974
rear_mu,-,597.035997,1.0499999523162842,1.5842000246047974
rear_mu,-,597.167997,1.0499999523162842,1.5842000246047974
rear_mu,-,597.299997,1.0499999523162842,1.5842000246047974
rear_mu,-,597.431997,1.0499999523162842,1.5842000246047974
rear_mu,-,597.530997,1.0499999523162842,1.5842000246047974
rear_mu,-,597.629997,1.0499999523162842,1.5842000246047974
rear_mu,-,597.728997,1.0499999523162842,1.5842000246047974
rear_mu,-,597.827997,1.0499999523162842,1.5842000246047974
rear_mu,-,597.926997,1.0499999523162842,1.5842000246047974
rear_mu,-,598.025997,1.0499999523162842,1.5842000246047974
rear_mu,-,598.124997,1.0499999523162842,1.5842000246047974
rear_mu,-,598.223997,1.0499999523162842,1.5842000246047974
rear_mu,-,598.355997,1.0499999523162842,1.5842000246047974
rear_mu,-,598.487997,1.0499999523162842,1.5842000246047974
rear_mu,-,598.619997,1.0499999523162842,1.5842000246047974
rear_mu,-,598.751997,1.0499999523162842,1.5842000246047974
rear_mu,-,598.850997,1.0499999523162842,1.5842000246047974
rear_mu,-,598.949997,1.0499999523162842,1.5842000246047974
rear_mu,-,599.048997,1.0499999523162842,1.5842000246047974
rear_mu,-,599.147997,1.0499999523162842,1.5842000246047974
rear_mu,-,599.246997,1.0499999523162842,1.5842000246047974
rear_mu,-,599.345997,1.0499999523162842,1.5842000246047974
rear_mu,-,599.444997,1.0499999523162842,1.5842000246047974
rear_mu,-,599.543997,1.0499999523162842,1.5842000246047974
rear_mu,-,599.675997,1.0499999523162842,1.5842000246047974
rear_mu,-,599.807997,1.0499999523162842,1.5842000246047974
rear_mu,-,599.939997,1.0499999523162842,1.5842000246047974
rear_mu,-,600.071997,1.0499999523162842,1.5842000246047974
rear_mu,-,600.170997,1.0499999523162842,1.5842000246047974
rear_mu,-,600.269997,1.0499999523162842,1.5842000246047974
rear_mu,-,600.368997,1.0499999523162842,1.5842000246047974
rear_mu,-,600.467997,1.0499999523162842,1.5842000246047974
rear_mu,-,600.566997,1.0499999523162842,1.5842000246047974
rear_mu,-,600.665997,1.0499999523162842,1.5842000246047974
rear_mu,-,600.764997,1.0499999523162842,1.5842000246047974
rear_mu,-,600.863997,1.0499999523162842,1.5842000246047974
rear_mu,-,600.995997,1.0499999523162842,1.5842000246047974
rear_mu,-,601.127997,1.0499999523162842,1.5842000246047974
rear_mu,-,601.259997,1.0499999523162842,1.5842000246047974
rear_mu,-,601.391997,1.0499999523162842,1.5842000246047974
rear_mu,-,601.490997,1.0499999523162842,1.5842000246047974
rear_mu,-,601.589997,1.0499999523162842,1.5842000246047974
rear_mu,-,601.688997,1.0499999523162842,1.5842000246047974
rear_mu,-,601.787997,1.0499999523162842,1.5842000246047974
rear_mu,-,601.919997,1.0499999523162842,1.5842000246047974
rear_mu,-,602.084997,1.0499999523162842,1.5842000246047974
rear_mu,-,602.183997,1.0499999523162842,1.5842000246047974
rear_mu,-,602.282997,1.0499999523162842,1.5842000246047974
rear_mu,-,602.381997,1.0499999523162842,1.5842000246047974
rear_mu,-,602.513997,1.0499999523162842,1.5842000246047974
rear_mu,-,602.645997,1.0499999523162842,1.5842000246047974
rear_mu,-,602.777997,1.0499999523162842,1.5842000246047974
rear_mu,-,602.843997,1.0499999523162842,1.5842000246047974
rear_mu,-,602.975997,1.0499999523162842,1.5842000246047974
rear_mu,-,603.041997,1.0499999523162842,1.5842000246047974
rear_mu,-,603.173997,1.0499999523162842,1.5842000246047974
rear_mu,-,603.239997,1.0499999523162842,1.5842000246047974
rear_mu,-,603.371997,1.0499999523162842,1.5842000246047974
rear_mu,-,603.437997,1.0499999523162842,1.5842000246047974
rear_mu,-,603.569997,1.0499999523162842,1.5842000246047974
rear_mu,-,603.701997,1.0499999523162842,1.5842000246047974
rear_mu,-,603.833997,1.0499999523162842,1.5842000246047974
rear_mu,-,603.965997,1.0499999523162842,1.5842000246047974
rear_mu,-,604.097997,1.0499999523162842,1.5842000246047974
rear_mu,-,604.163997,1.0499999523162842,1.5842000246047974
rear_mu,-,604.295997,1.0499999523162842,1.5842000246047974
rear_mu,-,604.361997,1.0499999523162842,1.5842000246047974
rear_mu,-,604.493997,1.0499999523162842,1.5842000246047974
rear_mu,-,604.559997,1.0499999523162842,1.5842000246047974
rear_mu,-,604.691997,1.0499999523162842,1.5842000246047974
rear_mu,-,604.757997,1.0499999523162842,1.5842000246047974
rear_mu,-,604.889997,1.0499999523162842,1.5842000246047974
rear_mu,-,605.021997,1.0499999523162842,1.5842000246047974
rear_mu,-,605.153997,1.0499999523162842,1.5842000246047974
rear_mu,-,605.285997,1.0499999523162842,1.5842000246047974
rear_mu,-,605.417997,1.0499999523162842,1.5842000246047974
rear_mu,-,605.483997,1.0499999523162842,1.5842000246047974
rear_mu,-,605.615997,1.0499999523162842,1.5842000246047974
rear_mu,-,605.681997,1.0499999523162842,1.5842000246047974
rear_mu,-,605.813997,1.0499999523162842,1.5842000246047974
rear_mu,-,605.879997,1.0499999523162842,1.5842000246047974
rear_mu,-,606.011997,1.0499999523162842,1.5842000246047974
rear_mu,-,606.077997,1.0499999523162842,1.5842000246047974
rear_mu,-,606.209997,1.0499999523162842,1.5842000246047974
rear_mu,-,606.341997,1.0499999523162842,1.5842000246047974
rear_mu,-,606.473997,1.0499999523162842,1.5842000246047974
rear_mu,-,606.605997,1.0499999523162842,1.5842000246047974
rear_mu,-,606.737997,1.0499999523162842,1.5842000246047974
rear_mu,-,606.803997,1.0499999523162842,1.5842000246047974
rear_mu,-,606.935997,1.0499999523162842,1.5842000246047974
rear_mu,-,607.001997,1.0499999523162842,1.5842000246047974
rear_mu,-,607.133997,1.0499999523162842,1.5842000246047974
rear_mu,-,607.199997,1.0499999523162842,1.5842000246047974
rear_mu,-,607.331997,1.0499999523162842,1.5842000246047974
rear_mu,-,607.397997,1.0499999523162842,1.5842000246047974
rear_mu,-,607.529997,1.0499999523162842,1.5842000246047974
rear_mu,-,607.661997,1.0499999523162842,1.5842000246047974
rear_mu,-,607.859997,1.0499999523162842,1.5842000246047974
rear_mu,-,607.991997,1.0499999523162842,1.5842000246047974
rear_mu,-,608.090997,1.0499999523162842,1.5842000246047974
rear_mu,-,608.189997,1.0499999523162842,1.5842000246047974
rear_mu,-,608.288997,1.0499999523162842,1.5842000246047974
rear_mu,-,608.387997,1.0499999523162842,1.5842000246047974
rear_mu,-,608.486997,1.0499999523162842,1.5842000246047974
rear_mu,-,608.585997,1.0499999523162842,1.5842000246047974
rear_mu,-,608.684997,1.0499999523162842,1.5842000246047974
rear_mu,-,608.783997,1.0499999523162842,1.5842000246047974
rear_mu,-,608.915997,1.0499999523162842,1.5842000246047974
rear_mu,-,609.047997,1.0499999523162842,1.5842000246047974
rear_mu,-,609.179997,1.0499999523162842,1.5842000246047974
rear_mu,-,609.311997,1.0499999523162842,1.5842000246047974
rear_mu,-,609.410997,1.0499999523162842,1.5842000246047974
rear_mu,-,609.509997,1.0499999523162842,1.5842000246047974
rear_mu,-,609.608997,1.0499999523162842,1.5842000246047974
rear_mu,-,609.707997,1.0499999523162842,1.5842000246047974
rear_mu,-,609.806997,1.0499999523162842,1.5842000246047974
rear_mu,-,609.905997,1.0499999523162842,1.5842000246047974
rear_mu,-,610.004997,1.0499999523162842,1.5842000246047974
rear_mu,-,610.103997,1.0499999523162842,1.5842000246047974
rear_mu,-,610.235997,1.0499999523162842,1.5842000246047974
rear_mu,-,610.367997,1.0499999523162842,1.5842000246047974
rear_mu,-,610.499997,1.0499999523162842,1.5842000246047974
rear_mu,-,610.631997,1.0499999523162842,1.5842000246047974
rear_mu,-,610.730997,1.0499999523162842,1.5842000246047974
rear_mu,-,610.829997,1.0499999523162842,1.5842000246047974
rear_mu,-,610.928997,1.0499999523162842,1.5842000246047974
rear_mu,-,611.027997,1.0499999523162842,1.5842000246047974
rear_mu,-,611.126997,1.0499999523162842,1.5842000246047974
rear_mu,-,611.225997,1.0499999523162842,1.5842000246047974
rear_mu,-,611.324997,1.0499999523162842,1.5842000246047974
rear_mu,-,611.423997,1.0499999523162842,1.5842000246047974
rear_mu,-,611.555997,1.0499999523162842,1.5842000246047974
rear_mu,-,611.687997,1.0499999523162842,1.5842000246047974
rear_mu,-,611.819997,1.0499999523162842,1.5842000246047974
rear_mu,-,611.951997,1.0499999523162842,1.5842000246047974
rear_mu,-,612.050997,1.0499999523162842,1.5842000246047974
rear_mu,-,612.149997,1.0499999523162842,1.5842000246047974
rear_mu,-,612.248997,1.0499999523162842,1.5842000246047974
rear_mu,-,612.347997,1.0499999523162842,1.5842000246047974
rear_mu,-,612.446997,1.0499999523162842,1.5842000246047974
rear_mu,-,612.545997,1.0499999523162842,1.5842000246047974
rear_mu,-,612.644997,1.0499999523162842,1.5842000246047974
rear_mu,-,612.743997,1.0499999523162842,1.5842000246047974
rear_mu,-,612.875997,1.0499999523162842,1.5842000246047974
rear_mu,-,613.007997,1.0499999523162842,1.5842000246047974
rear_mu,-,613.139997,1.0499999523162842,1.5842000246047974
rear_mu,-,613.271997,1.0499999523162842,1.5842000246047974
rear_mu,-,613.370997,1.0499999523162842,1.5842000246047974
rear_mu,-,613.469997,1.0499999523162842,1.5842000246047974
rear_mu,-,613.568997,1.0499999523162842,1.5842000246047974
rear_mu,-,613.667997,1.0499999523162842,1.5842000246047974
rear_mu,-,613.766997,1.0499999523162842,1.5842000246047974
rear_mu,-,613.865997,1.0499999523162842,1.5842000246047974
rear_mu,-,613.964997,1.0499999523162842,1.5842000246047974
rear_mu,-,614.063997,1.0499999523162842,1.5842000246047974
rear_mu,-,614.195997,1.0499999523162842,1.5842000246047974
rear_mu,-,614.327997,1.0499999523162842,1.5842000246047974
rear_mu,-,614.459997,1.0499999523162842,1.5842000246047974
rear_mu,-,614.591997,1.0499999523162842,1.5842000246047974
rear_mu,-,614.690997,1.0499999523162842,1.5842000246047974
rear_mu,-,614.789997,1.0499999523162842,1.5842000246047974
rear_mu,-,614.888997,1.0499999523162842,1.5842000246047974
rear_mu,-,614.987997,1.0499999523162842,1.5842000246047974
rear_mu,-,615.086997,1.0499999523162842,1.5842000246047974
rear_mu,-,615.185997,1.0499999523162842,1.5842000246047974
rear_mu,-,615.317997,1.0499999523162842,1.5842000246047974
rear_mu,-,615.449997,1.0499999523162842,1.5842000246047974
rear_mu,-,615.581997,1.0499999523162842,1.5842000246047974
rear_mu,-,615.713997,1.0499999523162842,1.5842000246047974
rear_mu,-,615.845997,1.0499999523162842,1.5842000246047974
rear_mu,-,615.977997,1.0499999523162842,1.5842000246047974
rear_mu,-,616.043997,1.0499999523162842,1.5842000246047974
rear_mu,-,616.175997,1.0499999523162842,1.5842000246047974
rear_mu,-,616.241997,1.0499999523162842,1.5842000246047974
rear_mu,-,616.373997,1.0499999523162842,1.5842000246047974
rear_mu,-,616.439997,1.0499999523162842,1.5842000246047974
rear_mu,-,616.571997,1.0499999523162842,1.5842000246047974
rear_mu,-,616.637997,1.0499999523162842,1.5842000246047974
rear_mu,-,616.769997,1.0499999523162842,1.5842000246047974
rear_mu,-,616.901997,1.0499999523162842,1.5842000246047974
rear_mu,-,617.033997,1.0499999523162842,1.5842000246047974
rear_mu,-,617.165997,1.0499999523162842,1.5842000246047974
rear_mu,-,617.297997,1.0499999523162842,1.5842000246047974
rear_mu,-,617.363997,1.0499999523162842,1.5842000246047974
rear_mu,-,617.495997,1.0499999523162842,1.5842000246047974
rear_mu,-,617.561997,1.0499999523162842,1.5842000246047974
rear_mu,-,617.693997,1.0499999523162842,1.5842000246047974
rear_mu,-,617.759997,1.0499999523162842,1.5842000246047974
rear_mu,-,617.891997,1.0499999523162842,1.5842000246047974
rear_mu,-,617.957997,1.0499999523162842,1.5842000246047974
rear_mu,-,618.089997,1.0499999523162842,1.5842000246047974
rear_mu,-,618.221997,1.0499999523162842,1.5842000246047974
rear_mu,-,618.353997,1.0499999523162842,1.5842000246047974
rear_mu,-,618.485997,1.0499999523162842,1.5842000246047974
rear_mu,-,618.617997,1.0499999523162842,1.5842000246047974
rear_mu,-,618.683997,1.0499999523162842,1.5842000246047974
rear_mu,-,618.815997,1.0499999523162842,1.5842000246047974
rear_mu,-,618.881997,1.0499999523162842,1.5842000246047974
rear_mu,-,619.013997,1.0499999523162842,1.5842000246047974
rear_mu,-,619.079997,1.0499999523162842,1.5842000246047974
rear_mu,-,619.211997,1.0499999523162842,1.5842000246047974
rear_mu,-,619.277997,1.0499999523162842,1.5842000246047974
rear_mu,-,619.409997,1.0499999523162842,1.5842000246047974
rear_mu,-,619.541997,1.0499999523162842,1.5842000246047974
rear_mu,-,619.673997,1.0499999523162842,1.5842000246047974
rear_mu,-,619.805997,1.0499999523162842,1.5842000246047974
rear_mu,-,619.937997,1.0499999523162842,1.5842000246047974
rear_mu,-,620.003997,1.0499999523162842,1.5842000246047974
rear_mu,-,620.135997,1.0499999523162842,1.5842000246047974
rear_mu,-,620.201997,1.0499999523162842,1.5842000246047974
rear_mu,-,620.333997,1.0499999523162842,1.5842000246047974
rear_mu,-,620.399997,1.0499999523162842,1.5842000246047974
rear_mu,-,620.531997,1.0499999523162842,1.5842000246047974
rear_mu,-,620.597997,1.0499999523162842,1.5842000246047974
rear_mu,-,620.729997,1.0499999523162842,1.5842000246047974
rear_mu,-,620.861997,1.0499999523162842,1.5842000246047974
rear_mu,-,620.993997,1.0499999523162842,1.5842000246047974
rear_mu,-,621.125997,1.0499999523162842,1.5842000246047974
rear_mu,-,621.257997,1.0499999523162842,1.5842000246047974
rear_mu,-,621.323997,1.0499999523162842,1.5842000246047974
rear_mu,-,621.455997,1.0499999523162842,1.5842000246047974
rear_mu,-,621.521997,1.0499999523162842,1.5842000246047974
rear_mu,-,621.653997,1.0499999523162842,1.5842000246047974
rear_mu,-,621.719997,1.0499999523162842,1.5842000246047974
rear_mu,-,621.851997,1.0499999523162842,1.5842000246047974
rear_mu,-,621.917997,1.0499999523162842,1.5842000246047974
rear_mu,-,622.049997,1.0499999523162842,1.5842000246047974
rear_mu,-,622.181997,1.0499999523162842,1.5842000246047974
rear_mu,-,622.313997,1.0499999523162842,1.5842000246047974
rear_mu,-,622.445997,1.0499999523162842,1.5842000246047974
rear_mu,-,622.577997,1.0499999523162842,1.5842000246047974
rear_mu,-,622.643997,1.0499999523162842,1.5842000246047974
rear_mu,-,622.775997,1.0499999523162842,1.5842000246047974
rear_mu,-,622.841997,1.0499999523162842,1.5842000246047974
rear_mu,-,622.973997,1.0499999523162842,1.5842000246047974
rear_mu,-,623.039997,1.0499999523162842,1.5842000246047974
rear_mu,-,623.171997,1.0499999523162842,1.5842000246047974
rear_mu,-,623.237997,1.0499999523162842,1.5842000246047974
rear_mu,-,623.369997,1.0499999523162842,1.5842000246047974
rear_mu,-,623.501997,1.0499999523162842,1.5842000246047974
rear_mu,-,623.633997,1.0499999523162842,1.5842000246047974
rear_mu,-,623.765997,1.0499999523162842,1.5842000246047974
rear_mu,-,623.897997,1.0499999523162842,1.5842000246047974
rear_mu,-,623.963997,1.0499999523162842,1.5842000246047974
rear_mu,-,624.095997,1.0499999523162842,1.5842000246047974
rear_mu,-,624.161997,1.0499999523162842,1.5842000246047974
rear_mu,-,624.293997,1.0499999523162842,1.5842000246047974
rear_mu,-,624.359997,1.0499999523162842,1.5842000246047974
rear_mu,-,624.491997,1.0499999523162842,1.5842000246047974
rear_mu,-,624.557997,1.0499999523162842,1.5842000246047974
rear_mu,-,624.689997,1.0499999523162842,1.5842000246047974
rear_mu,-,624.821997,1.0499999523162842,1.5842000246047974
rear_mu,-,624.953997,1.0499999523162842,1.5842000246047974
rear_mu,-,625.085997,1.0499999523162842,1.5842000246047974
rear_mu,-,625.217997,1.0499999523162842,1.5842000246047974
rear_mu,-,625.283997,1.0499999523162842,1.5842000246047974
rear_mu,-,625.415997,1.0499999523162842,1.5842000246047974
rear_mu,-,625.481997,1.0499999523162842,1.5842000246047974
rear_mu,-,625.613997,1.0499999523162842,1.5842000246047974
rear_mu,-,625.679997,1.0499999523162842,1.5842000246047974
rear_mu,-,625.811997,1.0499999523162842,1.5842000246047974
rear_mu,-,625.877997,1.0499999523162842,1.5842000246047974
rear_mu,-,626.009997,1.0499999523162842,1.5842000246047974
rear_mu,-,626.141997,1.0499999523162842,1.5842000246047974
rear_mu,-,626.273997,1.0499999523162842,1.5842000246047974
rear_mu,-,626.405997,1.0499999523162842,1.5842000246047974
rear_mu,-,626.537997,1.0499999523162842,1.5842000246047974
rear_mu,-,626.669997,1.0499999523162842,1.5842000246047974
rear_mu,-,626.768997,1.0499999523162842,1.5842000246047974
rear_mu,-,626.867997,1.0499999523162842,1.5842000246047974
rear_mu,-,626.966997,1.0499999523162842,1.5842000246047974
rear_mu,-,627.065997,1.0499999523162842,1.5842000246047974
rear_mu,-,627.164997,1.0499999523162842,1.5842000246047974
rear_mu,-,627.263997,1.0499999523162842,1.5842000246047974
rear_mu,-,627.395997,1.0499999523162842,1.5842000246047974
rear_mu,-,627.527997,1.0499999523162842,1.5842000246047974
rear_mu,-,627.659997,1.0499999523162842,1.5842000246047974
rear_mu,-,627.791997,1.0499999523162842,1.5842000246047974
rear_mu,-,627.890997,1.0499999523162842,1.5842000246047974
rear_mu,-,627.989997,1.0499999523162842,1.5842000246047974
rear_mu,-,628.088997,1.0499999523162842,1.5842000246047974
rear_mu,-,628.187997,1.0499999523162842,1.5842000246047974
rear_mu,-,628.286997,1.0499999523162842,1.5842000246047974
rear_mu,-,628.385997,1.0499999523162842,1.5842000246047974
rear_mu,-,628.517997,1.0499999523162842,1.5842000246047974
rear_mu,-,628.649997,1.0499999523162842,1.5842000246047974
rear_mu,-,628.781996,1.0499999523162842,1.5842000246047974
rear_mu,-,628.913997,1.0499999523162842,1.5842000246047974
rear_mu,-,629.045997,1.0499999523162842,1.5842000246047974
rear_mu,-,629.177997,1.0499999523162842,1.5842000246047974
rear_mu,-,629.243997,1.0499999523162842,1.5842000246047974
rear_mu,-,629.375997,1.0499999523162842,1.5842000246047974
rear_mu,-,629.441997,1.0499999523162842,1.5842000246047974
rear_mu,-,629.573997,1.0499999523162842,1.5842000246047974
rear_mu,-,629.639997,1.0499999523162842,1.5842000246047974
rear_mu,-,629.771996,1.0499999523162842,1.5842000246047974
rear_mu,-,629.837996,1.0499999523162842,1.5842000246047974
rear_mu,-,629.969997,1.0499999523162842,1.5842000246047974
rear_mu,-,630.035997,1.0499999523162842,1.5842000246047974
rear_mu,-,630.167997,1.0499999523162842,1.5842000246047974
rear_mu,-,630.299997,1.0499999523162842,1.5842000246047974
rear_mu,-,630.431997,1.0499999523162842,1.5842000246047974
rear_mu,-,630.530997,1.0499999523162842,1.5842000246047974
rear_mu,-,630.629997,1.0499999523162842,1.5842000246047974
rear_mu,-,630.728997,1.0499999523162842,1.5842000246047974
rear_mu,-,630.827996,1.0499999523162842,1.5842000246047974
rear_mu,-,630.926996,1.0499999523162842,1.5842000246047974
rear_mu,-,631.025997,1.0499999523162842,1.5842000246047974
rear_mu,-,631.124997,1.0499999523162842,1.5842000246047974
rear_mu,-,631.223997,1.0499999523162842,1.5842000246047974
rear_mu,-,631.355997,1.0499999523162842,1.5842000246047974
rear_mu,-,631.487997,1.0499999523162842,1.5842000246047974
rear_mu,-,631.619997,1.0499999523162842,1.5842000246047974
rear_mu,-,631.751997,1.0499999523162842,1.5842000246047974
rear_mu,-,631.850996,1.0499999523162842,1.5842000246047974
rear_mu,-,631.949996,1.0499999523162842,1.5842000246047974
rear_mu,-,632.048997,1.0499999523162842,1.5842000246047974
rear_mu,-,632.147997,1.0499999523162842,1.5842000246047974
rear_mu,-,632.246997,1.0499999523162842,1.5842000246047974
rear_mu,-,632.345997,1.0499999523162842,1.5842000246047974
rear_mu,-,632.444997,1.0499999523162842,1.5842000246047974
rear_mu,-,632.543997,1.0499999523162842,1.5842000246047974
rear_mu,-,632.675997,1.0499999523162842,1.5842000246047974
rear_mu,-,632.807997,1.0499999523162842,1.5842000246047974
rear_mu,-,632.939996,1.0499999523162842,1.5842000246047974
rear_mu,-,633.071997,1.0499999523162842,1.5842000246047974
rear_mu,-,633.170997,1.0499999523162842,1.5842000246047974
rear_mu,-,633.269997,1.0499999523162842,1.5842000246047974
rear_mu,-,633.368997,1.0499999523162842,1.5842000246047974
rear_mu,-,633.467997,1.0499999523162842,1.5842000246047974
rear_mu,-,633.566997,1.0499999523162842,1.5842000246047974
rear_mu,-,633.665997,1.0499999523162842,1.5842000246047974
rear_mu,-,633.764997,1.0499999523162842,1.5842000246047974
rear_mu,-,633.863997,1.0499999523162842,1.5842000246047974
rear_mu,-,633.995996,1.0499999523162842,1.5842000246047974
rear_mu,-,634.127997,1.0499999523162842,1.5842000246047974
rear_mu,-,634.259997,1.0499999523162842,1.5842000246047974
rear_mu,-,634.391997,1.0499999523162842,1.5842000246047974
rear_mu,-,634.490997,1.0499999523162842,1.5842000246047974
rear_mu,-,634.589997,1.0499999523162842,1.5842000246047974
rear_mu,-,634.688997,1.0499999523162842,1.5842000246047974
rear_mu,-,634.787997,1.0499999523162842,1.5842000246047974
rear_mu,-,634.886997,1.0499999523162842,1.5842000246047974
rear_mu,-,635.051996,1.0499999523162842,1.5842000246047974
rear_mu,-,635.117996,1.0499999523162842,1.5842000246047974
rear_mu,-,635.249997,1.0499999523162842,1.5842000246047974
rear_mu,-,635.381997,1.0499999523162842,1.5842000246047974
rear_mu,-,635.513997,1.0499999523162842,1.5842000246047974
rear_mu,-,635.645997,1.0499999523162842,1.5842000246047974
rear_mu,-,635.777997,1.0499999523162842,1.5842000246047974
rear_mu,-,635.843997,1.0499999523162842,1.5842000246047974
rear_mu,-,635.975996,1.0499999523162842,1.5842000246047974
rear_mu,-,636.041996,1.0499999523162842,1.5842000246047974
rear_mu,-,636.206996,1.0499999523162842,1.5842000246047974
rear_mu,-,636.305997,1.0499999523162842,1.5842000246047974
rear_mu,-,636.404997,1.0499999523162842,1.5842000246047974
rear_mu,-,636.503997,1.0499999523162842,1.5842000246047974
rear_mu,-,636.635997,1.0499999523162842,1.5842000246047974
rear_mu,-,636.767997,1.0499999523162842,1.5842000246047974
rear_mu,-,636.965997,1.0499999523162842,1.5842000246047974
rear_mu,-,637.097996,1.0499999523162842,1.5842000246047974
rear_mu,-,637.163996,1.0499999523162842,1.5842000246047974
rear_mu,-,637.295997,1.0499999523162842,1.5842000246047974
rear_mu,-,637.361997,1.0499999523162842,1.5842000246047974
rear_mu,-,637.493997,1.0499999523162842,1.5842000246047974
rear_mu,-,637.559997,1.0499999523162842,1.5842000246047974
rear_mu,-,637.691997,1.0499999523162842,1.5842000246047974
rear_mu,-,637.757997,1.0499999523162842,1.5842000246047974
rear_mu,-,637.889997,1.0499999523162842,1.5842000246047974
rear_mu,-,638.021996,1.0499999523162842,1.5842000246047974
rear_mu,-,638.153996,1.0499999523162842,1.5842000246047974
rear_mu,-,638.285996,1.0499999523162842,1.5842000246047974
rear_mu,-,638.417997,1.0499999523162842,1.5842000246047974
rear_mu,-,638.483997,1.0499999523162842,1.5842000246047974
rear_mu,-,638.615997,1.0499999523162842,1.5842000246047974
rear_mu,-,638.681997,1.0499999523162842,1.5842000246047974
rear_mu,-,638.813997,1.0499999523162842,1.5842000246047974
rear_mu,-,638.879997,1.0499999523162842,1.5842000246047974
rear_mu,-,639.011997,1.0499999523162842,1.5842000246047974
rear_mu,-,639.077996,1.0499999523162842,1.5842000246047974
rear_mu,-,639.209996,1.0499999523162842,1.5842000246047974
rear_mu,-,639.341996,1.0499999523162842,1.5842000246047974
rear_mu,-,639.473997,1.0499999523162842,1.5842000246047974
rear_mu,-,639.605997,1.0499999523162842,1.5842000246047974
rear_mu,-,639.737997,1.0499999523162842,1.5842000246047974
rear_mu,-,639.803997,1.0499999523162842,1.5842000246047974
rear_mu,-,639.935997,1.0499999523162842,1.5842000246047974
rear_mu,-,640.001997,1.0499999523162842,1.5842000246047974
rear_mu,-,640.133996,1.0499999523162842,1.5842000246047974
rear_mu,-,640.265996,1.0499999523162842,1.5842000246047974
rear_mu,-,640.364996,1.0499999523162842,1.5842000246047974
rear_mu,-,640.463997,1.0499999523162842,1.5842000246047974
rear_mu,-,640.595997,1.0499999523162842,1.5842000246047974
rear_mu,-,640.727997,1.0499999523162842,1.5842000246047974
rear_mu,-,640.859997,1.0499999523162842,1.5842000246047974
rear_mu,-,640.991997,1.0499999523162842,1.5842000246047974
rear_mu,-,641.090997,1.0499999523162842,1.5842000246047974
rear_mu,-,641.189996,1.0499999523162842,1.5842000246047974
rear_mu,-,641.288996,1.0499999523162842,1.5842000246047974
rear_mu,-,641.387996,1.0499999523162842,1.5842000246047974
rear_mu,-,641.486996,1.0499999523162842,1.5842000246047974
rear_mu,-,641.585997,1.0499999523162842,1.5842000246047974
rear_mu,-,641.684997,1.0499999523162842,1.5842000246047974
rear_mu,-,641.783997,1.0499999523162842,1.5842000246047974
rear_mu,-,641.915997,1.0499999523162842,1.5842000246047974
rear_mu,-,642.047997,1.0499999523162842,1.5842000246047974
rear_mu,-,642.179996,1.0499999523162842,1.5842000246047974
rear_mu,-,642.311996,1.0499999523162842,1.5842000246047974
rear_mu,-,642.410996,1.0499999523162842,1.5842000246047974
rear_mu,-,642.509996,1.0499999523162842,1.5842000246047974
rear_mu,-,642.608997,1.0499999523162842,1.5842000246047974
rear_mu,-,642.707997,1.0499999523162842,1.5842000246047974
rear_mu,-,642.806997,1.0499999523162842,1.5842000246047974
rear_mu,-,642.905997,1.0499999523162842,1.5842000246047974
rear_mu,-,643.004997,1.0499999523162842,1.5842000246047974
rear_mu,-,643.103997,1.0499999523162842,1.5842000246047974
rear_mu,-,643.301996,1.0499999523162842,1.5842000246047974
rear_mu,-,643.433996,1.0499999523162842,1.5842000246047974
rear_mu,-,643.565996,1.0499999523162842,1.5842000246047974
rear_mu,-,643.697997,1.0499999523162842,1.5842000246047974
rear_mu,-,643.763997,1.0499999523162842,1.5842000246047974
rear_mu,-,643.895997,1.0499999523162842,1.5842000246047974
rear_mu,-,643.961997,1.0499999523162842,1.5842000246047974
rear_mu,-,644.093997,1.0499999523162842,1.5842000246047974
rear_mu,-,644.159997,1.0499999523162842,1.5842000246047974
rear_mu,-,644.291996,1.0499999523162842,1.5842000246047974
rear_mu,-,644.357996,1.0499999523162842,1.5842000246047974
rear_mu,-,644.489996,1.0499999523162842,1.5842000246047974
rear_mu,-,644.555996,1.0499999523162842,1.5842000246047974
rear_mu,-,644.687997,1.0499999523162842,1.5842000246047974
rear_mu,-,644.819997,1.0499999523162842,1.5842000246047974
rear_mu,-,644.951997,1.0499999523162842,1.5842000246047974
rear_mu,-,645.050997,1.0499999523162842,1.5842000246047974
rear_mu,-,645.215997,1.0499999523162842,1.5842000246047974
rear_mu,-,645.281996,1.0499999523162842,1.5842000246047974
rear_mu,-,645.413996,1.0499999523162842,1.5842000246047974
rear_mu,-,645.479996,1.0499999523162842,1.5842000246047974
rear_mu,-,645.611996,1.0499999523162842,1.5842000246047974
rear_mu,-,645.677996,1.0499999523162842,1.5842000246047974
rear_mu,-,645.809997,1.0499999523162842,1.5842000246047974
rear_mu,-,645.941997,1.0499999523162842,1.5842000246047974
rear_mu,-,646.073997,1.0499999523162842,1.5842000246047974
rear_mu,-,646.205997,1.0499999523162842,1.5842000246047974
rear_mu,-,646.337996,1.0499999523162842,1.5842000246047974
rear_mu,-,646.403996,1.0499999523162842,1.5842000246047974
rear_mu,-,646.535996,1.0499999523162842,1.5842000246047974
rear_mu,-,646.601996,1.0499999523162842,1.5842000246047974
rear_mu,-,646.733996,1.0499999523162842,1.5842000246047974
rear_mu,-,646.799997,1.0499999523162842,1.5842000246047974
rear_mu,-,646.931997,1.0499999523162842,1.5842000246047974
rear_mu,-,646.997997,1.0499999523162842,1.5842000246047974
rear_mu,-,647.129997,1.0499999523162842,1.5842000246047974
rear_mu,-,647.261997,1.0499999523162842,1.5842000246047974
rear_mu,-,647.393996,1.0499999523162842,1.5842000246047974
rear_mu,-,647.525996,1.0499999523162842,1.5842000246047974
rear_mu,-,647.657996,1.0499999523162842,1.5842000246047974
rear_mu,-,647.723996,1.0499999523162842,1.5842000246047974
rear_mu,-,647.855997,1.0499999523162842,1.5842000246047974
rear_mu,-,647.921997,1.0499999523162842,1.5842000246047974
rear_mu,-,648.053997,1.0499999523162842,1.5842000246047974
rear_mu,-,648.119997,1.0499999523162842,1.5842000246047974
rear_mu,-,648.251997,1.0499999523162842,1.5842000246047974
rear_mu,-,648.317997,1.0499999523162842,1.5842000246047974
rear_mu,-,648.449996,1.0499999523162842,1.5842000246047974
rear_mu,-,648.515996,1.0499999523162842,1.5842000246047974
rear_mu,-,648.647996,1.0499999523162842,1.5842000246047974
rear_mu,-,648.779996,1.0499999523162842,1.5842000246047974
rear_mu,-,648.911997,1.0499999523162842,1.5842000246047974
rear_mu,-,649.010997,1.0499999523162842,1.5842000246047974
rear_mu,-,649.109997,1.0499999523162842,1.5842000246047974
rear_mu,-,649.208997,1.0499999523162842,1.5842000246047974
rear_mu,-,649.307997,1.0499999523162842,1.5842000246047974
rear_mu,-,649.406996,1.0499999523162842,1.5842000246047974
rear_mu,-,649.505996,1.0499999523162842,1.5842000246047974
rear_mu,-,649.604996,1.0499999523162842,1.5842000246047974
rear_mu,-,649.703996,1.0499999523162842,1.5842000246047974
rear_mu,-,649.835996,1.0499999523162842,1.5842000246047974
rear_mu,-,649.967997,1.0499999523162842,1.5842000246047974
rear_mu,-,650.099997,1.0499999523162842,1.5842000246047974
rear_mu,-,650.231997,1.0499999523162842,1.5842000246047974
rear_mu,-,650.330997,1.0499999523162842,1.5842000246047974
rear_mu,-,650.429996,1.0499999523162842,1.5842000246047974
rear_mu,-,650.528996,1.0499999523162842,1.5842000246047974
rear_mu,-,650.627996,1.0499999523162842,1.5842000246047974
rear_mu,-,650.726996,1.0499999523162842,1.5842000246047974
rear_mu,-,650.825996,1.0499999523162842,1.5842000246047974
rear_mu,-,650.924996,1.0499999523162842,1.5842000246047974
rear_mu,-,651.023997,1.0499999523162842,1.5842000246047974
rear_mu,-,651.155997,1.0499999523162842,1.5842000246047974
rear_mu,-,651.287997,1.0499999523162842,1.5842000246047974
rear_mu,-,651.419997,1.0499999523162842,1.5842000246047974
rear_mu,-,651.551996,1.0499999523162842,1.5842000246047974
rear_mu,-,651.650996,1.0499999523162842,1.5842000246047974
rear_mu,-,651.749996,1.0499999523162842,1.5842000246047974
rear_mu,-,651.848996,1.0499999523162842,1.5842000246047974
rear_mu,-,651.947996,1.0499999523162842,1.5842000246047974
rear_mu,-,652.046996,1.0499999523162842,1.5842000246047974
rear_mu,-,652.145997,1.0499999523162842,1.5842000246047974
rear_mu,-,652.244997,1.0499999523162842,1.5842000246047974
rear_mu,-,652.343997,1.0499999523162842,1.5842000246047974
rear_mu,-,652.475996,1.0499999523162842,1.5842000246047974
rear_mu,-,652.607996,1.0499999523162842,1.5842000246047974
rear_mu,-,652.739996,1.0499999523162842,1.5842000246047974
rear_mu,-,652.871996,1.0499999523162842,1.5842000246047974
rear_mu,-,652.970996,1.0499999523162842,1.5842000246047974
rear_mu,-,653.069996,1.0499999523162842,1.5842000246047974
rear_mu,-,653.168997,1.0499999523162842,1.5842000246047974
rear_mu,-,653.267997,1.0499999523162842,1.5842000246047974
rear_mu,-,653.366997,1.0499999523162842,1.5842000246047974
rear_mu,-,653.465997,1.0499999523162842,1.5842000246047974
rear_mu,-,653.564996,1.0499999523162842,1.5842000246047974
rear_mu,-,653.663996,1.0499999523162842,1.5842000246047974
rear_mu,-,653.795996,1.0499999523162842,1.5842000246047974
rear_mu,-,653.927996,1.0499999523162842,1.5842000246047974
rear_mu,-,654.059996,1.0499999523162842,1.5842000246047974
rear_mu,-,654.191997,1.0499999523162842,1.5842000246047974
rear_mu,-,654.290997,1.0499999523162842,1.5842000246047974
rear_mu,-,654.389997,1.0499999523162842,1.5842000246047974
rear_mu,-,654.488997,1.0499999523162842,1.5842000246047974
rear_mu,-,654.587996,1.0499999523162842,1.5842000246047974
rear_mu,-,654.686996,1.0499999523162842,1.5842000246047974
rear_mu,-,654.785996,1.0499999523162842,1.5842000246047974
rear_mu,-,654.884996,1.0499999523162842,1.5842000246047974
rear_mu,-,654.983996,1.0499999523162842,1.5842000246047974
rear_mu,-,655.115996,1.0499999523162842,1.5842000246047974
rear_mu,-,655.247997,1.0499999523162842,1.5842000246047974
rear_mu,-,655.379997,1.0499999523162842,1.5842000246047974
rear_mu,-,655.511997,1.0499999523162842,1.5842000246047974
rear_mu,-,655.610996,1.0499999523162842,1.5842000246047974
rear_mu,-,655.709996,1.0499999523162842,1.5842000246047974
rear_mu,-,655.808996,1.0499999523162842,1.5842000246047974
rear_mu,-,655.907996,1.0499999523162842,1.5842000246047974
rear_mu,-,656.006996,1.0499999523162842,1.5842000246047974
rear_mu,-,656.105996,1.0499999523162842,1.5842000246047974
rear_mu,-,656.204996,1.0499999523162842,1.5842000246047974
rear_mu,-,656.303997,1.0499999523162842,1.5842000246047974
rear_mu,-,656.435997,1.0499999523162842,1.5842000246047974
rear_mu,-,656.567997,1.0499999523162842,1.5842000246047974
rear_mu,-,656.699996,1.0499999523162842,1.5842000246047974
rear_mu,-,656.831996,1.0499999523162842,1.5842000246047974
rear_mu,-,656.930996,1.0499999523162842,1.5842000246047974
rear_mu,-,657.029996,1.0499999523162842,1.5842000246047974
rear_mu,-,657.128996,1.0499999523162842,1.5842000246047974
rear_mu,-,657.227996,1.0499999523162842,1.5842000246047974
rear_mu,-,657.326996,1.0499999523162842,1.5842000246047974
rear_mu,-,657.425997,1.0499999523162842,1.5842000246047974
rear_mu,-,657.524997,1.0499999523162842,1.5842000246047974
rear_mu,-,657.623996,1.0499999523162842,1.5842000246047974
rear_mu,-,657.755996,1.0499999523162842,1.5842000246047974
rear_mu,-,657.887996,1.0499999523162842,1.5842000246047974
rear_mu,-,658.019996,1.0499999523162842,1.5842000246047974
rear_mu,-,658.151996,1.0499999523162842,1.5842000246047974
rear_mu,-,658.250996,1.0499999523162842,1.5842000246047974
rear_mu,-,658.349996,1.0499999523162842,1.5842000246047974
rear_mu,-,658.448997,1.0499999523162842,1.5842000246047974
rear_mu,-,658.547997,1.0499999523162842,1.5842000246047974
rear_mu,-,658.646996,1.0499999523162842,1.5842000246047974
rear_mu,-,658.745996,1.0499999523162842,1.5842000246047974
rear_mu,-,658.844996,1.0499999523162842,1.5842000246047974
rear_mu,-,658.943996,1.0499999523162842,1.5842000246047974
rear_mu,-,659.075996,1.0499999523162842,1.5842000246047974
rear_mu,-,659.207996,1.0499999523162842,1.5842000246047974
rear_mu,-,659.339996,1.0499999523162842,1.5842000246047974
rear_mu,-,659.471997,1.0499999523162842,1.5842000246047974
rear_mu,-,659.570997,1.0499999523162842,1.5842000246047974
rear_mu,-,659.669997,1.0499999523162842,1.5842000246047974
rear_mu,-,659.768996,1.0499999523162842,1.5842000246047974
rear_mu,-,659.867996,1.0499999523162842,1.5842000246047974
rear_mu,-,659.966996,1.0499999523162842,1.5842000246047974
rear_mu,-,660.065996,1.0499999523162842,1.5842000246047974
rear_mu,-,660.164996,1.0499999523162842,1.5842000246047974
rear_mu,-,660.263996,1.0499999523162842,1.5842000246047974
rear_mu,-,660.395996,1.0499999523162842,1.5842000246047974
rear_mu,-,660.527997,1.0499999523162842,1.5842000246047974
rear_mu,-,660.659997,1.0499999523162842,1.5842000246047974
rear_mu,-,660.791996,1.0499999523162842,1.5842000246047974
rear_mu,-,660.890996,1.0499999523162842,1.5842000246047974
rear_mu,-,660.989996,1.0499999523162842,1.5842000246047974
rear_mu,-,661.088996,1.0499999523162842,1.5842000246047974
rear_mu,-,661.187996,1.0499999523162842,1.5842000246047974
rear_mu,-,661.286996,1.0499999523162842,1.5842000246047974
rear_mu,-,661.385996,1.0499999523162842,1.5842000246047974
rear_mu,-,661.484996,1.0499999523162842,1.5842000246047974
rear_mu,-,661.583997,1.0499999523162842,1.5842000246047974
rear_mu,-,661.682997,1.0499999523162842,1.5842000246047974
rear_mu,-,661.781996,1.0499999523162842,1.5842000246047974
rear_mu,-,661.913996,1.0499999523162842,1.5842000246047974
rear_mu,-,662.045996,1.0499999523162842,1.5842000246047974
rear_mu,-,662.177996,1.0499999523162842,1.5842000246047974
rear_mu,-,662.243996,1.0499999523162842,1.5842000246047974
rear_mu,-,662.375996,1.0499999523162842,1.5842000246047974
rear_mu,-,662.441996,1.0499999523162842,1.5842000246047974
rear_mu,-,662.573996,1.0499999523162842,1.5842000246047974
rear_mu,-,662.639997,1.0499999523162842,1.5842000246047974
rear_mu,-,662.771996,1.0499999523162842,1.5842000246047974
rear_mu,-,662.837996,1.0499999523162842,1.5842000246047974
rear_mu,-,662.969996,1.0499999523162842,1.5842000246047974
rear_mu,-,663.101996,1.0499999523162842,1.5842000246047974
rear_mu,-,663.233996,1.0499999523162842,1.5842000246047974
rear_mu,-,663.365996,1.0499999523162842,1.5842000246047974
rear_mu,-,663.497996,1.0499999523162842,1.5842000246047974
rear_mu,-,663.563996,1.0499999523162842,1.5842000246047974
rear_mu,-,663.695997,1.0499999523162842,1.5842000246047974
rear_mu,-,663.761997,1.0499999523162842,1.5842000246047974
rear_mu,-,663.893996,1.0499999523162842,1.5842000246047974
rear_mu,-,663.959996,1.0499999523162842,1.5842000246047974
rear_mu,-,664.091996,1.0499999523162842,1.5842000246047974
rear_mu,-,664.157996,1.0499999523162842,1.5842000246047974
rear_mu,-,664.289996,1.0499999523162842,1.5842000246047974
rear_mu,-,664.421996,1.0499999523162842,1.5842000246047974
rear_mu,-,664.553996,1.0499999523162842,1.5842000246047974
rear_mu,-,664.685996,1.0499999523162842,1.5842000246047974
rear_mu,-,664.817997,1.0499999523162842,1.5842000246047974
rear_mu,-,664.883996,1.0499999523162842,1.5842000246047974
rear_mu,-,665.015996,1.0499999523162842,1.5842000246047974
rear_mu,-,665.081996,1.0499999523162842,1.5842000246047974
rear_mu,-,665.213996,1.0499999523162842,1.5842000246047974
rear_mu,-,665.279996,1.0499999523162842,1.5842000246047974
rear_mu,-,665.411996,1.0499999523162842,1.5842000246047974
rear_mu,-,665.477996,1.0499999523162842,1.5842000246047974
rear_mu,-,665.609996,1.0499999523162842,1.5842000246047974
rear_mu,-,665.741996,1.0499999523162842,1.5842000246047974
rear_mu,-,665.873996,1.0499999523162842,1.5842000246047974
rear_mu,-,666.005996,1.0499999523162842,1.5842000246047974
rear_mu,-,666.137996,1.0499999523162842,1.5842000246047974
rear_mu,-,666.203996,1.0499999523162842,1.5842000246047974
rear_mu,-,666.335996,1.0499999523162842,1.5842000246047974
rear_mu,-,666.401996,1.0499999523162842,1.5842000246047974
rear_mu,-,666.533996,1.0499999523162842,1.5842000246047974
rear_mu,-,666.599996,1.0499999523162842,1.5842000246047974
rear_mu,-,666.731996,1.0499999523162842,1.5842000246047974
rear_mu,-,666.797996,1.0499999523162842,1.5842000246047974
rear_mu,-,666.929996,1.0499999523162842,1.5842000246047974
rear_mu,-,667.061996,1.0499999523162842,1.5842000246047974
rear_mu,-,667.193996,1.0499999523162842,1.5842000246047974
rear_mu,-,667.325996,1.0499999523162842,1.5842000246047974
rear_mu,-,667.457996,1.0499999523162842,1.5842000246047974
rear_mu,-,667.523996,1.0499999523162842,1.5842000246047974
rear_mu,-,667.655996,1.0499999523162842,1.5842000246047974
rear_mu,-,667.721996,1.0499999523162842,1.5842000246047974
rear_mu,-,667.853996,1.0499999523162842,1.5842000246047974
rear_mu,-,667.919997,1.0499999523162842,1.5842000246047974
rear_mu,-,668.051996,1.0499999523162842,1.5842000246047974
rear_mu,-,668.117996,1.0499999523162842,1.5842000246047974
rear_mu,-,668.249996,1.0499999523162842,1.5842000246047974
rear_mu,-,668.381996,1.0499999523162842,1.5842000246047974
rear_mu,-,668.513996,1.0499999523162842,1.5842000246047974
rear_mu,-,668.645996,1.0499999523162842,1.5842000246047974
rear_mu,-,668.777996,1.0499999523162842,1.5842000246047974
rear_mu,-,668.843996,1.0499999523162842,1.5842000246047974
rear_mu,-,668.975996,1.0499999523162842,1.5842000246047974
rear_mu,-,669.041996,1.0499999523162842,1.5842000246047974
rear_mu,-,669.173996,1.0499999523162842,1.5842000246047974
rear_mu,-,669.239996,1.0499999523162842,1.5842000246047974
rear_mu,-,669.371996,1.0499999523162842,1.5842000246047974
rear_mu,-,669.437996,1.0499999523162842,1.5842000246047974
rear_mu,-,669.569996,1.0499999523162842,1.5842000246047974
rear_mu,-,669.701996,1.0499999523162842,1.5842000246047974
rear_mu,-,669.833996,1.0499999523162842,1.5842000246047974
rear_mu,-,669.965996,1.0499999523162842,1.5842000246047974
rear_mu,-,670.097996,1.0499999523162842,1.5842000246047974
rear_mu,-,670.163996,1.0499999523162842,1.5842000246047974
rear_mu,-,670.295996,1.0499999523162842,1.5842000246047974
rear_mu,-,670.361996,1.0499999523162842,1.5842000246047974
rear_mu,-,670.493996,1.0499999523162842,1.5842000246047974
rear_mu,-,670.559996,1.0499999523162842,1.5842000246047974
rear_mu,-,670.691996,1.0499999523162842,1.5842000246047974
rear_mu,-,670.757996,1.0499999523162842,1.5842000246047974
rear_mu,-,670.889996,1.0499999523162842,1.5842000246047974
rear_mu,-,671.021996,1.0499999523162842,1.5842000246047974
rear_mu,-,671.153996,1.0499999523162842,1.5842000246047974
rear_mu,-,671.285996,1.0499999523162842,1.5842000246047974
rear_mu,-,671.417996,1.0499999523162842,1.5842000246047974
rear_mu,-,671.483996,1.0499999523162842,1.5842000246047974
rear_mu,-,671.615996,1.0499999523162842,1.5842000246047974
rear_mu,-,671.681996,1.0499999523162842,1.5842000246047974
rear_mu,-,671.813996,1.0499999523162842,1.5842000246047974
rear_mu,-,671.879996,1.0499999523162842,1.5842000246047974
rear_mu,-,672.011996,1.0499999523162842,1.5842000246047974
rear_mu,-,672.077996,1.0499999523162842,1.5842000246047974
rear_mu,-,672.209996,1.0499999523162842,1.5842000246047974
rear_mu,-,672.341996,1.0499999523162842,1.5842000246047974
rear_mu,-,672.473996,1.0499999523162842,1.5842000246047974
rear_mu,-,672.605996,1.0499999523162842,1.5842000246047974
rear_mu,-,672.737996,1.0499999523162842,1.5842000246047974
rear_mu,-,672.803996,1.0499999523162842,1.5842000246047974
rear_mu,-,672.935996,1.0499999523162842,1.5842000246047974
rear_mu,-,673.001996,1.0499999523162842,1.5842000246047974
rear_mu,-,673.133996,1.0499999523162842,1.5842000246047974
rear_mu,-,673.199996,1.0499999523162842,1.5842000246047974
rear_mu,-,673.331996,1.0499999523162842,1.5842000246047974
rear_mu,-,673.397996,1.0499999523162842,1.5842000246047974
rear_mu,-,673.529996,1.0499999523162842,1.5842000246047974
rear_mu,-,673.661996,1.0499999523162842,1.5842000246047974
rear_mu,-,673.793996,1.0499999523162842,1.5842000246047974
rear_mu,-,673.925996,1.0499999523162842,1.5842000246047974
rear_mu,-,674.057996,1.0499999523162842,1.5842000246047974
rear_mu,-,674.123996,1.0499999523162842,1.5842000246047974
rear_mu,-,674.255996,1.0499999523162842,1.5842000246047974
rear_mu,-,674.321996,1.0499999523162842,1.5842000246047974
rear_mu,-,674.453996,1.0499999523162842,1.5842000246047974
rear_mu,-,674.519996,1.0499999523162842,1.5842000246047974
rear_mu,-,674.651996,1.0499999523162842,1.5842000246047974
rear_mu,-,674.717996,1.0499999523162842,1.5842000246047974
rear_mu,-,674.849996,1.0499999523162842,1.5842000246047974
rear_mu,-,674.981996,1.0499999523162842,1.5842000246047974
rear_mu,-,675.113996,1.0499999523162842,1.5842000246047974
rear_mu,-,675.245996,1.0499999523162842,1.5842000246047974
rear_mu,-,675.377996,1.0499999523162842,1.5842000246047974
rear_mu,-,675.443996,1.0499999523162842,1.5842000246047974
rear_mu,-,675.575996,1.0499999523162842,1.5842000246047974
rear_mu,-,675.641996,1.0499999523162842,1.5842000246047974
rear_mu,-,675.773996,1.0499999523162842,1.5842000246047974
rear_mu,-,675.839996,1.0499999523162842,1.5842000246047974
rear_mu,-,675.971996,1.0499999523162842,1.5842000246047974
rear_mu,-,676.037996,1.0499999523162842,1.5842000246047974
rear_mu,-,676.169996,1.0499999523162842,1.5842000246047974
rear_mu,-,676.301996,1.0499999523162842,1.5842000246047974
rear_mu,-,676.433996,1.0499999523162842,1.5842000246047974
rear_mu,-,676.565996,1.0499999523162842,1.5842000246047974
rear_mu,-,676.697996,1.0499999523162842,1.5842000246047974
rear_mu,-,676.763996,1.0499999523162842,1.5842000246047974
rear_mu,-,676.895996,1.0499999523162842,1.5842000246047974
rear_mu,-,676.961996,1.0499999523162842,1.5842000246047974
rear_mu,-,677.093996,1.0499999523162842,1.5842000246047974
rear_mu,-,677.159996,1.0499999523162842,1.5842000246047974
rear_mu,-,677.291996,1.0499999523162842,1.5842000246047974
rear_mu,-,677.357996,1.0499999523162842,1.5842000246047974
rear_mu,-,677.489996,1.0499999523162842,1.5842000246047974
rear_mu,-,677.621996,1.0499999523162842,1.5842000246047974
rear_mu,-,677.753996,1.0499999523162842,1.5842000246047974
rear_mu,-,677.885996,1.0499999523162842,1.5842000246047974
rear_mu,-,678.017996,1.0499999523162842,1.5842000246047974
rear_mu,-,678.083996,1.0499999523162842,1.5842000246047974
rear_mu,-,678.215996,1.0499999523162842,1.5842000246047974
rear_mu,-,678.281996,1.0499999523162842,1.5842000246047974
rear_mu,-,678.413996,1.0499999523162842,1.5842000246047974
rear_mu,-,678.479996,1.0499999523162842,1.5842000246047974
rear_mu,-,678.611996,1.0499999523162842,1.5842000246047974
rear_mu,-,678.677996,1.0499999523162842,1.5842000246047974
rear_mu,-,678.809996,1.0499999523162842,1.5842000246047974
rear_mu,-,678.941996,1.0499999523162842,1.5842000246047974
rear_mu,-,679.073996,1.0499999523162842,1.5842000246047974
rear_mu,-,679.205996,1.0499999523162842,1.5842000246047974
rear_mu,-,679.337996,1.0499999523162842,1.5842000246047974
rear_mu,-,679.403996,1.0499999523162842,1.5842000246047974
rear_mu,-,679.535996,1.0499999523162842,1.5842000246047974
rear_mu,-,679.601996,1.0499999523162842,1.5842000246047974
rear_mu,-,679.733996,1.0499999523162842,1.5842000246047974
rear_mu,-,679.799996,1.0499999523162842,1.5842000246047974
rear_mu,-,679.931996,1.0499999523162842,1.5842000246047974
rear_mu,-,680.063996,1.0499999523162842,1.5842000246047974
rear_mu,-,680.195996,1.0499999523162842,1.5842000246047974
rear_mu,-,680.327996,1.0499999523162842,1.5842000246047974
rear_mu,-,680.459996,1.0499999523162842,1.5842000246047974
rear_mu,-,680.591996,1.0499999523162842,1.5842000246047974
rear_mu,-,680.690996,1.0499999523162842,1.5842000246047974
rear_mu,-,680.789996,1.0499999523162842,1.5842000246047974
rear_mu,-,680.888996,1.0499999523162842,1.5842000246047974
rear_mu,-,680.987996,1.0499999523162842,1.5842000246047974
rear_mu,-,681.086996,1.0499999523162842,1.5842000246047974
rear_mu,-,681.185996,1.0499999523162842,1.5842000246047974
rear_mu,-,681.284996,1.0499999523162842,1.5842000246047974
rear_mu,-,681.383996,1.0499999523162842,1.5842000246047974
rear_mu,-,681.515996,1.0499999523162842,1.5842000246047974
rear_mu,-,681.647996,1.0499999523162842,1.5842000246047974
rear_mu,-,681.779996,1.0499999523162842,1.5842000246047974
rear_mu,-,681.911996,1.0499999523162842,1.5842000246047974
rear_mu,-,682.010996,1.0499999523162842,1.5842000246047974
rear_mu,-,682.109996,1.0499999523162842,1.5842000246047974
rear_mu,-,682.208996,1.0499999523162842,1.5842000246047974
rear_mu,-,682.307996,1.0499999523162842,1.5842000246047974
rear_mu,-,682.406996,1.0499999523162842,1.5842000246047974
rear_mu,-,682.505996,1.0499999523162842,1.5842000246047974
rear_mu,-,682.604996,1.0499999523162842,1.5842000246047974
rear_mu,-,682.703996,1.0499999523162842,1.5842000246047974
rear_mu,-,682.835996,1.0499999523162842,1.5842000246047974
rear_mu,-,682.967996,1.0499999523162842,1.5842000246047974
rear_mu,-,683.099996,1.0499999523162842,1.5842000246047974
rear_mu,-,683.231996,1.0499999523162842,1.5842000246047974
rear_mu,-,683.330996,1.0499999523162842,1.5842000246047974
rear_mu,-,683.429996,1.0499999523162842,1.5842000246047974
rear_mu,-,683.561996,1.0499999523162842,1.5842000246047974
rear_mu,-,683.726996,1.0499999523162842,1.5842000246047974
rear_mu,-,683.825996,1.0499999523162842,1.5842000246047974
rear_mu,-,683.924996,1.0499999523162842,1.5842000246047974
rear_mu,-,684.023996,1.0499999523162842,1.5842000246047974
rear_mu,-,684.155996,1.0499999523162842,1.5842000246047974
rear_mu,-,684.287996,1.0499999523162842,1.5842000246047974
rear_mu,-,684.419996,1.0499999523162842,1.5842000246047974
rear_mu,-,684.551996,1.0499999523162842,1.5842000246047974
rear_mu,-,684.650996,1.0499999523162842,1.5842000246047974
rear_mu,-,684.815996,1.0499999523162842,1.5842000246047974
rear_mu,-,684.881996,1.0499999523162842,1.5842000246047974
rear_mu,-,685.013996,1.0499999523162842,1.5842000246047974
rear_mu,-,685.079996,1.0499999523162842,1.5842000246047974
rear_mu,-,685.211996,1.0499999523162842,1.5842000246047974
rear_mu,-,685.343996,1.0499999523162842,1.5842000246047974
rear_mu,-,685.475996,1.0499999523162842,1.5842000246047974
rear_mu,-,685.607996,1.0499999523162842,1.5842000246047974
rear_mu,-,685.739996,1.0499999523162842,1.5842000246047974
rear_mu,-,685.871996,1.0499999523162842,1.5842000246047974
rear_mu,-,685.970996,1.0499999523162842,1.5842000246047974
rear_mu,-,686.135996,1.0499999523162842,1.5842000246047974
rear_mu,-,686.201996,1.0499999523162842,1.5842000246047974
rear_mu,-,686.333996,1.0499999523162842,1.5842000246047974
rear_mu,-,686.399996,1.0499999523162842,1.5842000246047974
rear_mu,-,686.531996,1.0499999523162842,1.5842000246047974
rear_mu,-,686.597996,1.0499999523162842,1.5842000246047974
rear_mu,-,686.729996,1.0499999523162842,1.5842000246047974
rear_mu,-,686.861996,1.0499999523162842,1.5842000246047974
rear_mu,-,686.993996,1.0499999523162842,1.5842000246047974
rear_mu,-,687.125996,1.0499999523162842,1.5842000246047974
rear_mu,-,687.257996,1.0499999523162842,1.5842000246047974
rear_mu,-,687.323996,1.0499999523162842,1.5842000246047974
rear_mu,-,687.455996,1.0499999523162842,1.5842000246047974
rear_mu,-,687.521996,1.0499999523162842,1.5842000246047974
rear_mu,-,687.653996,1.0499999523162842,1.5842000246047974
rear_mu,-,687.719996,1.0499999523162842,1.5842000246047974
rear_mu,-,687.851996,1.0499999523162842,1.5842000246047974
rear_mu,-,687.917996,1.0499999523162842,1.5842000246047974
rear_mu,-,688.049996,1.0499999523162842,1.5842000246047974
rear_mu,-,688.181996,1.0499999523162842,1.5842000246047974
rear_mu,-,688.313996,1.0499999523162842,1.5842000246047974
rear_mu,-,688.445996,1.0499999523162842,1.5842000246047974
rear_mu,-,688.577996,1.0499999523162842,1.5842000246047974
rear_mu,-,688.643996,1.0499999523162842,1.5842000246047974
rear_mu,-,688.775996,1.0499999523162842,1.5842000246047974
rear_mu,-,688.841996,1.0499999523162842,1.5842000246047974
rear_mu,-,688.973996,1.0499999523162842,1.5842000246047974
rear_mu,-,689.039996,1.0499999523162842,1.5842000246047974
rear_mu,-,689.171996,1.0499999523162842,1.5842000246047974
rear_mu,-,689.237996,1.0499999523162842,1.5842000246047974
rear_mu,-,689.369996,1.0499999523162842,1.5842000246047974
rear_mu,-,689.501996,1.0499999523162842,1.5842000246047974
rear_mu,-,689.633996,1.0499999523162842,1.5842000246047974
rear_mu,-,689.765996,1.0499999523162842,1.5842000246047974
rear_mu,-,689.897996,1.0499999523162842,1.5842000246047974
rear_mu,-,689.963996,1.0499999523162842,1.5842000246047974
rear_mu,-,690.128996,1.0499999523162842,1.5842000246047974
rear_mu,-,690.821996,1.0499999523162842,1.6823999881744385
rear_mu,-,690.953996,1.0499999523162842,1.6823999881744385
rear_mu,-,691.085996,1.0499999523162842,1.6823999881744385
rear_mu,-,691.217996,1.0499999523162842,1.6823999881744385
rear_mu,-,691.283996,1.0499999523162842,1.6823999881744385
rear_mu,-,691.415996,1.0499999523162842,1.6823999881744385
rear_mu,-,691.547996,1.0499999523162842,1.6823999881744385
rear_mu,-,691.646996,1.0499999523162842,1.6823999881744385
rear_mu,-,691.745996,1.0499999523162842,1.6823999881744385
rear_mu,-,691.844996,1.0499999523162842,1.6823999881744385
rear_mu,-,691.943996,1.0499999523162842,1.6823999881744385
rear_mu,-,692.075996,1.0499999523162842,1.6823999881744385
rear_mu,-,692.207996,1.0499999523162842,1.6823999881744385
rear_mu,-,692.339996,1.0499999523162842,1.6823999881744385
rear_mu,-,692.471996,1.0499999523162842,1.6823999881744385
rear_mu,-,692.570996,1.0499999523162842,1.6823999881744385
rear_mu,-,692.669996,1.0499999523162842,1.6823999881744385
rear_mu,-,692.768996,1.0499999523162842,1.6823999881744385
rear_mu,-,692.867996,1.0499999523162842,1.6823999881744385
rear_mu,-,692.966996,1.0499999523162842,1.6823999881744385
rear_mu,-,693.065996,1.0499999523162842,1.6823999881744385
rear_mu,-,693.164996,1.0499999523162842,1.6823999881744385
rear_mu,-,693.263996,1.0499999523162842,1.6823999881744385
rear_mu,-,693.395996,1.0499999523162842,1.6823999881744385
rear_mu,-,693.527996,1.0499999523162842,1.6823999881744385
rear_mu,-,693.659996,1.0499999523162842,1.6823999881744385
rear_mu,-,693.791996,1.0499999523162842,1.6823999881744385
rear_mu,-,693.890996,1.0499999523162842,1.6823999881744385
rear_mu,-,693.989996,1.0499999523162842,1.6823999881744385
rear_mu,-,694.088996,1.0499999523162842,1.6823999881744385
rear_mu,-,694.187996,1.0499999523162842,1.6823999881744385
rear_mu,-,694.286996,1.0499999523162842,1.6823999881744385
rear_mu,-,694.385996,1.0499999523162842,1.6823999881744385
rear_mu,-,694.484996,1.0499999523162842,1.6823999881744385
rear_mu,-,694.583996,1.0499999523162842,1.6823999881744385
rear_mu,-,694.715996,1.0499999523162842,1.6823999881744385
rear_mu,-,694.847996,1.0499999523162842,1.6823999881744385
rear_mu,-,694.979996,1.0499999523162842,1.6823999881744385
rear_mu,-,695.111996,1.0499999523162842,1.6823999881744385
rear_mu,-,695.210996,1.0499999523162842,1.6823999881744385
rear_mu,-,695.309996,1.0499999523162842,1.6823999881744385
rear_mu,-,695.408996,1.0499999523162842,1.6823999881744385
rear_mu,-,695.507996,1.0499999523162842,1.6823999881744385
rear_mu,-,695.606996,1.0499999523162842,1.6823999881744385
rear_mu,-,695.705996,1.0499999523162842,1.6823999881744385
rear_mu,-,695.837996,1.0499999523162842,1.6823999881744385
rear_mu,-,695.969996,1.0499999523162842,1.6823999881744385
rear_mu,-,696.101996,1.0499999523162842,1.6823999881744385
rear_mu,-,696.233996,1.0499999523162842,1.6823999881744385
rear_mu,-,696.365996,1.0499999523162842,1.6823999881744385
rear_mu,-,696.497996,1.0499999523162842,1.6823999881744385
rear_mu,-,696.563996,1.0499999523162842,1.6823999881744385
rear_mu,-,696.695996,1.0499999523162842,1.6823999881744385
rear_mu,-,696.761996,1.0499999523162842,1.6823999881744385
rear_mu,-,696.893996,1.0499999523162842,1.6823999881744385
rear_mu,-,696.959996,1.0499999523162842,1.6823999881744385
rear_mu,-,697.091996,1.0499999523162842,1.6823999881744385
rear_mu,-,697.157996,1.0499999523162842,1.6823999881744385
rear_mu,-,697.289996,1.0499999523162842,1.6823999881744385
rear_mu,-,697.421996,1.0499999523162842,1.6823999881744385
rear_mu,-,697.553996,1.0499999523162842,1.6823999881744385
rear_mu,-,697.685996,1.0499999523162842,1.6823999881744385
rear_mu,-,697.817996,1.0499999523162842,1.6823999881744385
rear_mu,-,697.883996,1.0499999523162842,1.6823999881744385
rear_mu,-,698.015996,1.0499999523162842,1.6823999881744385
rear_mu,-,698.081996,1.0499999523162842,1.6823999881744385
rear_mu,-,698.213996,1.0499999523162842,1.6823999881744385
rear_mu,-,698.279996,1.0499999523162842,1.6823999881744385
rear_mu,-,698.411996,1.0499999523162842,1.6823999881744385
rear_mu,-,698.477996,1.0499999523162842,1.6823999881744385
rear_mu,-,698.609996,1.0499999523162842,1.6823999881744385
rear_mu,-,698.741996,1.0499999523162842,1.6823999881744385
rear_mu,-,698.873996,1.0499999523162842,1.6823999881744385
rear_mu,-,699.005996,1.0499999523162842,1.6823999881744385
rear_mu,-,699.137996,1.0499999523162842,1.6823999881744385
rear_mu,-,699.203996,1.0499999523162842,1.6823999881744385
rear_mu,-,699.335996,1.0499999523162842,1.6823999881744385
rear_mu,-,699.401996,1.0499999523162842,1.6823999881744385
rear_mu,-,699.533996,1.0499999523162842,1.6823999881744385
rear_mu,-,699.599996,1.0499999523162842,1.6823999881744385
rear_mu,-,699.731996,1.0499999523162842,1.6823999881744385
rear_mu,-,699.797996,1.0499999523162842,1.6823999881744385
rear_mu,-,699.929996,1.0499999523162842,1.6823999881744385
rear_mu,-,700.061996,1.0499999523162842,1.6823999881744385
rear_mu,-,700.193996,1.0499999523162842,1.6823999881744385
rear_mu,-,700.325996,1.0499999523162842,1.6823999881744385
rear_mu,-,700.457996,1.0499999523162842,1.6823999881744385
rear_mu,-,700.523996,1.0499999523162842,1.6823999881744385
rear_mu,-,700.655996,1.0499999523162842,1.6823999881744385
rear_mu,-,700.721996,1.0499999523162842,1.6823999881744385
rear_mu,-,700.853996,1.0499999523162842,1.6823999881744385
rear_mu,-,700.919996,1.0499999523162842,1.6823999881744385
rear_mu,-,701.051996,1.0499999523162842,1.6823999881744385
rear_mu,-,701.117996,1.0499999523162842,1.6823999881744385
rear_mu,-,701.249996,1.0499999523162842,1.6823999881744385
rear_mu,-,701.381996,1.0499999523162842,1.6823999881744385
rear_mu,-,701.513996,1.0499999523162842,1.6823999881744385
rear_mu,-,701.645996,1.0499999523162842,1.6823999881744385
rear_mu,-,701.777996,1.0499999523162842,1.6823999881744385
rear_mu,-,701.843996,1.0499999523162842,1.6823999881744385
rear_mu,-,701.975996,1.0499999523162842,1.6823999881744385
rear_mu,-,702.041996,1.0499999523162842,1.6823999881744385
rear_mu,-,702.173996,1.0499999523162842,1.6823999881744385
rear_mu,-,702.239996,1.0499999523162842,1.6823999881744385
rear_mu,-,702.371996,1.0499999523162842,1.6823999881744385
rear_mu,-,702.437996,1.0499999523162842,1.6823999881744385
rear_mu,-,702.569996,1.0499999523162842,1.6823999881744385
rear_mu,-,702.701996,1.0499999523162842,1.6823999881744385
rear_mu,-,702.833996,1.0499999523162842,1.6823999881744385
rear_mu,-,702.965996,1.0499999523162842,1.6823999881744385
rear_mu,-,703.097996,1.0499999523162842,1.6823999881744385
rear_mu,-,703.163996,1.0499999523162842,1.6823999881744385
rear_mu,-,703.295996,1.0499999523162842,1.6823999881744385
rear_mu,-,703.361996,1.0499999523162842,1.6823999881744385
rear_mu,-,703.493996,1.0499999523162842,1.6823999881744385
rear_mu,-,703.559996,1.0499999523162842,1.6823999881744385
rear_mu,-,703.691996,1.0499999523162842,1.6823999881744385
rear_mu,-,703.757996,1.0499999523162842,1.6823999881744385
rear_mu,-,703.889996,1.0499999523162842,1.6823999881744385
rear_mu,-,704.021996,1.0499999523162842,1.6823999881744385
rear_mu,-,704.153996,1.0499999523162842,1.6823999881744385
rear_mu,-,704.285996,1.0499999523162842,1.6823999881744385
rear_mu,-,704.417996,1.0499999523162842,1.6823999881744385
rear_mu,-,704.483996,1.0499999523162842,1.6823999881744385
rear_mu,-,704.615996,1.0499999523162842,1.6823999881744385
rear_mu,-,704.681996,1.0499999523162842,1.6823999881744385
rear_mu,-,704.813996,1.0499999523162842,1.6823999881744385
rear_mu,-,704.879996,1.0499999523162842,1.6823999881744385
rear_mu,-,705.011996,1.0499999523162842,1.6823999881744385
rear_mu,-,705.077996,1.0499999523162842,1.6823999881744385
rear_mu,-,705.209996,1.0499999523162842,1.6823999881744385
rear_mu,-,705.341996,1.0499999523162842,1.6823999881744385
rear_mu,-,705.473996,1.0499999523162842,1.6823999881744385
rear_mu,-,705.605996,1.0499999523162842,1.6823999881744385
rear_mu,-,705.737996,1.0499999523162842,1.6823999881744385
rear_mu,-,705.803996,1.0499999523162842,1.6823999881744385
rear_mu,-,705.935996,1.0499999523162842,1.6823999881744385
rear_mu,-,706.067996,1.0499999523162842,1.6823999881744385
rear_mu,-,706.166996,1.0499999523162842,1.6823999881744385
rear_mu,-,706.265996,1.0499999523162842,1.6823999881744385
rear_mu,-,706.364996,1.0499999523162842,1.6823999881744385
rear_mu,-,706.463996,1.0499999523162842,1.6823999881744385
rear_mu,-,706.595996,1.0499999523162842,1.6823999881744385
rear_mu,-,706.727996,1.0499999523162842,1.6823999881744385
rear_mu,-,706.859996,1.0499999523162842,1.6823999881744385
rear_mu,-,706.991996,1.0499999523162842,1.6823999881744385
rear_mu,-,707.090996,1.0499999523162842,1.6823999881744385
rear_mu,-,707.189996,1.0499999523162842,1.6823999881744385
rear_mu,-,707.288996,1.0499999523162842,1.6823999881744385
rear_mu,-,707.387996,1.0499999523162842,1.6823999881744385
rear_mu,-,707.486996,1.0499999523162842,1.6823999881744385
rear_mu,-,707.585996,1.0499999523162842,1.6823999881744385
rear_mu,-,707.717996,1.0499999523162842,1.6823999881744385
rear_mu,-,707.849996,1.0499999523162842,1.6823999881744385
rear_mu,-,707.981996,1.0499999523162842,1.6823999881744385
rear_mu,-,708.113996,1.0499999523162842,1.6823999881744385
rear_mu,-,708.245996,1.0499999523162842,1.6823999881744385
rear_mu,-,708.377996,1.0499999523162842,1.6823999881744385
rear_mu,-,708.443996,1.0499999523162842,1.6823999881744385
rear_mu,-,708.575996,1.0499999523162842,1.6823999881744385
rear_mu,-,708.641996,1.0499999523162842,1.6823999881744385
rear_mu,-,708.773996,1.0499999523162842,1.6823999881744385
rear_mu,-,708.839996,1.0499999523162842,1.6823999881744385
rear_mu,-,708.971996,1.0499999523162842,1.6823999881744385
rear_mu,-,709.037996,1.0499999523162842,1.6823999881744385
rear_mu,-,709.169996,1.0499999523162842,1.6823999881744385
rear_mu,-,709.301996,1.0499999523162842,1.6823999881744385
rear_mu,-,709.433996,1.0499999523162842,1.6823999881744385
rear_mu,-,709.565996,1.0499999523162842,1.6823999881744385
rear_mu,-,709.697996,1.0499999523162842,1.6823999881744385
rear_mu,-,709.763996,1.0499999523162842,1.6823999881744385
rear_mu,-,709.895996,1.0499999523162842,1.6823999881744385
rear_mu,-,709.961996,1.0499999523162842,1.6823999881744385
rear_mu,-,710.093996,1.0499999523162842,1.6823999881744385
rear_mu,-,710.159996,1.0499999523162842,1.6823999881744385
rear_mu,-,710.291996,1.0499999523162842,1.6823999881744385
rear_mu,-,710.357996,1.0499999523162842,1.6823999881744385
rear_mu,-,710.555996,1.0499999523162842,1.6823999881744385
rear_mu,-,710.753996,1.0499999523162842,1.6823999881744385
rear_mu,-,710.885996,1.0499999523162842,1.6823999881744385
rear_mu,-,711.017996,1.0499999523162842,1.6823999881744385
rear_mu,-,711.083996,1.0499999523162842,1.6823999881744385
rear_mu,-,711.215996,1.0499999523162842,1.6823999881744385
rear_mu,-,711.347996,1.0499999523162842,1.6823999881744385
rear_mu,-,711.446996,1.0499999523162842,1.6823999881744385
rear_mu,-,711.545996,1.0499999523162842,1.6823999881744385
rear_mu,-,711.644996,1.0499999523162842,1.6823999881744385
rear_mu,-,711.743996,1.0499999523162842,1.6823999881744385
rear_mu,-,711.875996,1.0499999523162842,1.6823999881744385
rear_mu,-,712.073996,1.0499999523162842,1.6823999881744385
rear_mu,-,712.205996,1.0499999523162842,1.6823999881744385
rear_mu,-,712.337996,1.0499999523162842,1.6823999881744385
rear_mu,-,712.403996,1.0499999523162842,1.6823999881744385
rear_mu,-,712.535996,1.0499999523162842,1.6823999881744385
rear_mu,-,712.601996,1.0499999523162842,1.6823999881744385
rear_mu,-,712.733996,1.0499999523162842,1.6823999881744385
rear_mu,-,712.799996,1.0499999523162842,1.6823999881744385
rear_mu,-,712.931996,1.0499999523162842,1.6823999881744385
rear_mu,-,712.997996,1.0499999523162842,1.6823999881744385
rear_mu,-,713.129996,1.0499999523162842,1.6823999881744385
rear_mu,-,713.261996,1.0499999523162842,1.6823999881744385
rear_mu,-,713.393996,1.0499999523162842,1.6823999881744385
rear_mu,-,713.525996,1.0499999523162842,1.6823999881744385
rear_mu,-,713.657996,1.0499999523162842,1.6823999881744385
rear_mu,-,713.723996,1.0499999523162842,1.6823999881744385
rear_mu,-,713.855996,1.0499999523162842,1.6823999881744385
rear_mu,-,713.921996,1.0499999523162842,1.6823999881744385
rear_mu,-,714.053996,1.0499999523162842,1.6823999881744385
rear_mu,-,714.119996,1.0499999523162842,1.6823999881744385
rear_mu,-,714.251996,1.0499999523162842,1.6823999881744385
rear_mu,-,714.317996,1.0499999523162842,1.6823999881744385
rear_mu,-,714.449996,1.0499999523162842,1.6823999881744385
rear_mu,-,714.581996,1.0499999523162842,1.6823999881744385
rear_mu,-,714.713996,1.0499999523162842,1.6823999881744385
rear_mu,-,714.845996,1.0499999523162842,1.6823999881744385
rear_mu,-,714.977996,1.0499999523162842,1.6823999881744385
rear_mu,-,715.043996,1.0499999523162842,1.6823999881744385
rear_mu,-,715.175996,1.0499999523162842,1.6823999881744385
rear_mu,-,715.241996,1.0499999523162842,1.6823999881744385
rear_mu,-,715.373996,1.0499999523162842,1.6823999881744385
rear_mu,-,715.439996,1.0499999523162842,1.6823999881744385
rear_mu,-,715.571996,1.0499999523162842,1.6823999881744385
rear_mu,-,715.703996,1.0499999523162842,1.6823999881744385
rear_mu,-,715.835996,1.0499999523162842,1.6823999881744385
rear_mu,-,715.967996,1.0499999523162842,1.6823999881744385
rear_mu,-,716.099996,1.0499999523162842,1.6823999881744385
rear_mu,-,716.231996,1.0499999523162842,1.6823999881744385
rear_mu,-,716.330996,1.0499999523162842,1.6823999881744385
rear_mu,-,716.429996,1.0499999523162842,1.6823999881744385
rear_mu,-,716.528996,1.0499999523162842,1.6823999881744385
rear_mu,-,716.627996,1.0499999523162842,1.6823999881744385
rear_mu,-,716.726996,1.0499999523162842,1.6823999881744385
rear_mu,-,716.825996,1.0499999523162842,1.6823999881744385
rear_mu,-,716.924996,1.0499999523162842,1.6823999881744385
rear_mu,-,717.023996,1.0499999523162842,1.6823999881744385
rear_mu,-,717.155996,1.0499999523162842,1.6823999881744385
rear_mu,-,717.287996,1.0499999523162842,1.6823999881744385
rear_mu,-,717.419996,1.0499999523162842,1.6823999881744385
rear_mu,-,717.551996,1.0499999523162842,1.6823999881744385
rear_mu,-,717.650996,1.0499999523162842,1.6823999881744385
rear_mu,-,717.749996,1.0499999523162842,1.6823999881744385
rear_mu,-,717.848996,1.0499999523162842,1.6823999881744385
rear_mu,-,717.947996,1.0499999523162842,1.6823999881744385
rear_mu,-,718.046996,1.0499999523162842,1.6823999881744385
rear_mu,-,718.145996,1.0499999523162842,1.6823999881744385
rear_mu,-,718.277996,1.0499999523162842,1.6823999881744385
rear_mu,-,718.475996,1.0499999523162842,1.6823999881744385
rear_mu,-,718.607996,1.0499999523162842,1.6823999881744385
rear_mu,-,718.739996,1.0499999523162842,1.6823999881744385
rear_mu,-,718.871996,1.0499999523162842,1.6823999881744385
rear_mu,-,718.970996,1.0499999523162842,1.6823999881744385
rear_mu,-,719.069996,1.0499999523162842,1.6823999881744385
rear_mu,-,719.168996,1.0499999523162842,1.6823999881744385
rear_mu,-,719.267996,1.0499999523162842,1.6823999881744385
rear_mu,-,719.366996,1.0499999523162842,1.6823999881744385
rear_mu,-,719.465996,1.0499999523162842,1.6823999881744385
rear_mu,-,719.564996,1.0499999523162842,1.6823999881744385
rear_mu,-,719.663996,1.0499999523162842,1.6823999881744385
rear_mu,-,719.795996,1.0499999523162842,1.6823999881744385
rear_mu,-,719.927996,1.0499999523162842,1.6823999881744385
rear_mu,-,720.059996,1.0499999523162842,1.6823999881744385
rear_mu,-,720.191996,1.0499999523162842,1.6823999881744385
rear_mu,-,720.290996,1.0499999523162842,1.6823999881744385
rear_mu,-,720.389996,1.0499999523162842,1.6823999881744385
rear_mu,-,720.488996,1.0499999523162842,1.6823999881744385
rear_mu,-,720.587996,1.0499999523162842,1.6823999881744385
rear_mu,-,720.686996,1.0499999523162842,1.6823999881744385
rear_mu,-,720.785996,1.0499999523162842,1.6823999881744385
rear_mu,-,720.884996,1.0499999523162842,1.6823999881744385
rear_mu,-,720.983996,1.0499999523162842,1.6823999881744385
rear_mu,-,721.115996,1.0499999523162842,1.6823999881744385
rear_mu,-,721.247996,1.0499999523162842,1.6823999881744385
rear_mu,-,721.379996,1.0499999523162842,1.6823999881744385
rear_mu,-,721.511996,1.0499999523162842,1.6823999881744385
rear_mu,-,721.610996,1.0499999523162842,1.6823999881744385
rear_mu,-,721.709996,1.0499999523162842,1.6823999881744385
rear_mu,-,721.808996,1.0499999523162842,1.6823999881744385
rear_mu,-,721.907996,1.0499999523162842,1.6823999881744385
rear_mu,-,722.006996,1.0499999523162842,1.6823999881744385
rear_mu,-,722.105996,1.0499999523162842,1.6823999881744385
rear_mu,-,722.204996,1.0499999523162842,1.6823999881744385
rear_mu,-,722.303996,1.0499999523162842,1.6823999881744385
rear_mu,-,722.435996,1.0499999523162842,1.6823999881744385
rear_mu,-,722.567996,1.0499999523162842,1.6823999881744385
rear_mu,-,722.699996,1.0499999523162842,1.6823999881744385
rear_mu,-,722.831996,1.0499999523162842,1.6823999881744385
rear_mu,-,722.930996,1.0499999523162842,1.6823999881744385
rear_mu,-,723.029996,1.0499999523162842,1.6823999881744385
rear_mu,-,723.128996,1.0499999523162842,1.6823999881744385
rear_mu,-,723.227996,1.0499999523162842,1.6823999881744385
rear_mu,-,723.326996,1.0499999523162842,1.6823999881744385
rear_mu,-,723.425996,1.0499999523162842,1.6823999881744385
rear_mu,-,723.557996,1.0499999523162842,1.6823999881744385
rear_mu,-,723.689996,1.0499999523162842,1.6823999881744385
rear_mu,-,723.821996,1.0499999523162842,1.6823999881744385
rear_mu,-,723.953996,1.0499999523162842,1.6823999881744385
rear_mu,-,724.085996,1.0499999523162842,1.6823999881744385
rear_mu,-,724.217996,1.0499999523162842,1.6823999881744385
rear_mu,-,724.283996,1.0499999523162842,1.6823999881744385
rear_mu,-,724.415996,1.0499999523162842,1.6823999881744385
rear_mu,-,724.481996,1.0499999523162842,1.6823999881744385
rear_mu,-,724.613996,1.0499999523162842,1.6823999881744385
rear_mu,-,724.679996,1.0499999523162842,1.6823999881744385
rear_mu,-,724.811996,1.0499999523162842,1.6823999881744385
rear_mu,-,724.877996,1.0499999523162842,1.6823999881744385
rear_mu,-,725.009996,1.0499999523162842,1.6823999881744385
rear_mu,-,725.141996,1.0499999523162842,1.6823999881744385
rear_mu,-,725.273996,1.0499999523162842,1.6823999881744385
rear_mu,-,725.405996,1.0499999523162842,1.6823999881744385
rear_mu,-,725.537996,1.0499999523162842,1.6823999881744385
rear_mu,-,725.603996,1.0499999523162842,1.6823999881744385
rear_mu,-,725.735996,1.0499999523162842,1.6823999881744385
rear_mu,-,725.801996,1.0499999523162842,1.6823999881744385
rear_mu,-,725.933996,1.0499999523162842,1.6823999881744385
rear_mu,-,725.999996,1.0499999523162842,1.6823999881744385
rear_mu,-,726.131996,1.0499999523162842,1.6823999881744385
rear_mu,-,726.197996,1.0499999523162842,1.6823999881744385
rear_mu,-,726.329996,1.0499999523162842,1.6823999881744385
rear_mu,-,726.461996,1.0499999523162842,1.6823999881744385
rear_mu,-,726.593996,1.0499999523162842,1.6823999881744385
rear_mu,-,726.725996,1.0499999523162842,1.6823999881744385
rear_mu,-,726.857996,1.0499999523162842,1.6823999881744385
rear_mu,-,726.923996,1.0499999523162842,1.6823999881744385
rear_mu,-,727.055996,1.0499999523162842,1.6823999881744385
rear_mu,-,727.121996,1.0499999523162842,1.6823999881744385
rear_mu,-,727.253996,1.0499999523162842,1.6823999881744385
rear_mu,-,727.319996,1.0499999523162842,1.6823999881744385
rear_mu,-,727.451996,1.0499999523162842,1.6823999881744385
rear_mu,-,727.517996,1.0499999523162842,1.6823999881744385
rear_mu,-,727.649996,1.0499999523162842,1.6823999881744385
rear_mu,-,727.781996,1.0499999523162842,1.6823999881744385
rear_mu,-,727.913996,1.0499999523162842,1.6823999881744385
rear_mu,-,728.045996,1.0499999523162842,1.6823999881744385
rear_mu,-,728.177996,1.0499999523162842,1.6823999881744385
rear_mu,-,728.243996,1.0499999523162842,1.6823999881744385
rear_mu,-,728.375996,1.0499999523162842,1.6823999881744385
rear_mu,-,728.441996,1.0499999523162842,1.6823999881744385
rear_mu,-,728.573996,1.0499999523162842,1.6823999881744385
rear_mu,-,728.639996,1.0499999523162842,1.6823999881744385
rear_mu,-,728.771996,1.0499999523162842,1.6823999881744385
rear_mu,-,728.837996,1.0499999523162842,1.6823999881744385
rear_mu,-,728.969996,1.0499999523162842,1.6823999881744385
rear_mu,-,729.101996,1.0499999523162842,1.6823999881744385
rear_mu,-,729.233996,1.0499999523162842,1.6823999881744385
rear_mu,-,729.365996,1.0499999523162842,1.6823999881744385
rear_mu,-,729.497996,1.0499999523162842,1.6823999881744385
rear_mu,-,729.563996,1.0499999523162842,1.6823999881744385
rear_mu,-,729.695996,1.0499999523162842,1.6823999881744385
rear_mu,-,729.761996,1.0499999523162842,1.6823999881744385
rear_mu,-,729.893996,1.0499999523162842,1.6823999881744385
rear_mu,-,729.959996,1.0499999523162842,1.6823999881744385
rear_mu,-,730.091996,1.0499999523162842,1.6823999881744385
rear_mu,-,730.157996,1.0499999523162842,1.6823999881744385
rear_mu,-,730.289996,1.0499999523162842,1.6823999881744385
rear_mu,-,730.421996,1.0499999523162842,1.6823999881744385
rear_mu,-,730.553996,1.0499999523162842,1.6823999881744385
rear_mu,-,730.685996,1.0499999523162842,1.6823999881744385
rear_mu,-,730.817996,1.0499999523162842,1.6823999881744385
rear_mu,-,730.883996,1.0499999523162842,1.6823999881744385
rear_mu,-,731.015996,1.0499999523162842,1.6823999881744385
rear_mu,-,731.081996,1.0499999523162842,1.6823999881744385
rear_mu,-,731.213996,1.0499999523162842,1.6823999881744385
rear_mu,-,731.279996,1.0499999523162842,1.6823999881744385
rear_mu,-,731.411996,1.0499999523162842,1.6823999881744385
rear_mu,-,731.477996,1.0499999523162842,1.6823999881744385
rear_mu,-,731.609996,1.0499999523162842,1.6823999881744385
rear_mu,-,731.741996,1.0499999523162842,1.6823999881744385
rear_mu,-,731.873996,1.0499999523162842,1.6823999881744385
rear_mu,-,732.005996,1.0499999523162842,1.6823999881744385
rear_mu,-,732.137996,1.0499999523162842,1.6823999881744385
rear_mu,-,732.203996,1.0499999523162842,1.6823999881744385
rear_mu,-,732.335996,1.0499999523162842,1.6823999881744385
rear_mu,-,732.401996,1.0499999523162842,1.6823999881744385
rear_mu,-,732.533996,1.0499999523162842,1.6823999881744385
rear_mu,-,732.599996,1.0499999523162842,1.6823999881744385
rear_mu,-,732.731996,1.0499999523162842,1.6823999881744385
rear_mu,-,732.797996,1.0499999523162842,1.6823999881744385
rear_mu,-,732.929996,1.0499999523162842,1.6823999881744385
rear_mu,-,733.061996,1.0499999523162842,1.6823999881744385
rear_mu,-,733.193996,1.0499999523162842,1.6823999881744385
rear_mu,-,733.325996,1.0499999523162842,1.6823999881744385
rear_mu,-,733.457996,1.0499999523162842,1.6823999881744385
rear_mu,-,733.523996,1.0499999523162842,1.6823999881744385
rear_mu,-,733.655996,1.0499999523162842,1.6823999881744385
rear_mu,-,733.721996,1.0499999523162842,1.6823999881744385
rear_mu,-,733.853996,1.0499999523162842,1.6823999881744385
rear_mu,-,733.919996,1.0499999523162842,1.6823999881744385
rear_mu,-,734.051996,1.0499999523162842,1.6823999881744385
rear_mu,-,734.117996,1.0499999523162842,1.6823999881744385
rear_mu,-,734.249996,1.0499999523162842,1.6823999881744385
rear_mu,-,734.381996,1.0499999523162842,1.6823999881744385
rear_mu,-,734.513996,1.0499999523162842,1.6823999881744385
rear_mu,-,734.645996,1.0499999523162842,1.6823999881744385
rear_mu,-,734.777996,1.0499999523162842,1.6823999881744385
rear_mu,-,734.843996,1.0499999523162842,1.6823999881744385
rear_mu,-,734.975996,1.0499999523162842,1.6823999881744385
rear_mu,-,735.041996,1.0499999523162842,1.6823999881744385
rear_mu,-,735.173996,1.0499999523162842,1.6823999881744385
rear_mu,-,735.239996,1.0499999523162842,1.6823999881744385
rear_mu,-,735.371996,1.0499999523162842,1.6823999881744385
rear_mu,-,735.437996,1.0499999523162842,1.6823999881744385
rear_mu,-,735.569996,1.0499999523162842,1.6823999881744385
rear_mu,-,735.701996,1.0499999523162842,1.6823999881744385
rear_mu,-,735.833996,1.0499999523162842,1.6823999881744385
rear_mu,-,735.965996,1.0499999523162842,1.6823999881744385
rear_mu,-,736.097996,1.0499999523162842,1.6823999881744385
rear_mu,-,736.163996,1.0499999523162842,1.6823999881744385
rear_mu,-,736.295996,1.0499999523162842,1.6823999881744385
rear_mu,-,736.361996,1.0499999523162842,1.6823999881744385
rear_mu,-,736.493996,1.0499999523162842,1.6823999881744385
rear_mu,-,736.559996,1.0499999523162842,1.6823999881744385
rear_mu,-,736.691996,1.0499999523162842,1.6823999881744385
rear_mu,-,736.757996,1.0499999523162842,1.6823999881744385
rear_mu,-,736.889996,1.0499999523162842,1.6823999881744385
rear_mu,-,737.021996,1.0499999523162842,1.6823999881744385
rear_mu,-,737.153996,1.0499999523162842,1.6823999881744385
rear_mu,-,737.285996,1.0499999523162842,1.6823999881744385
rear_mu,-,737.417996,1.0499999523162842,1.6823999881744385
rear_mu,-,737.483996,1.0499999523162842,1.6823999881744385
rear_mu,-,737.615996,1.0499999523162842,1.6823999881744385
rear_mu,-,737.681996,1.0499999523162842,1.6823999881744385
rear_mu,-,737.813996,1.0499999523162842,1.6823999881744385
rear_mu,-,737.879996,1.0499999523162842,1.6823999881744385
rear_mu,-,738.011996,1.0499999523162842,1.6823999881744385
rear_mu,-,738.077996,1.0499999523162842,1.6823999881744385
rear_mu,-,738.209996,1.0499999523162842,1.6823999881744385
rear_mu,-,738.341996,1.0499999523162842,1.6823999881744385
rear_mu,-,738.473996,1.0499999523162842,1.6823999881744385
rear_mu,-,738.605996,1.0499999523162842,1.6823999881744385
rear_mu,-,738.737996,1.0499999523162842,1.6823999881744385
rear_mu,-,738.803996,1.0499999523162842,1.6823999881744385
rear_mu,-,738.935996,1.0499999523162842,1.6823999881744385
rear_mu,-,739.001996,1.0499999523162842,1.6823999881744385
rear_mu,-,739.133996,1.0499999523162842,1.6823999881744385
rear_mu,-,739.199996,1.0499999523162842,1.6823999881744385
rear_mu,-,739.331996,1.0499999523162842,1.6823999881744385
rear_mu,-,739.397996,1.0499999523162842,1.6823999881744385
rear_mu,-,739.529996,1.0499999523162842,1.6823999881744385
rear_mu,-,739.661996,1.0499999523162842,1.6823999881744385
rear_mu,-,739.793996,1.0499999523162842,1.6823999881744385
rear_mu,-,739.925996,1.0499999523162842,1.6823999881744385
rear_mu,-,740.057996,1.0499999523162842,1.6823999881744385
rear_mu,-,740.123996,1.0499999523162842,1.6823999881744385
rear_mu,-,740.255996,1.0499999523162842,1.6823999881744385
rear_mu,-,740.321996,1.0499999523162842,1.6823999881744385
rear_mu,-,740.453996,1.0499999523162842,1.6823999881744385
rear_mu,-,740.519996,1.0499999523162842,1.6823999881744385
rear_mu,-,740.651996,1.0499999523162842,1.6823999881744385
rear_mu,-,740.717996,1.0499999523162842,1.6823999881744385
rear_mu,-,740.849996,1.0499999523162842,1.6823999881744385
rear_mu,-,740.981996,1.0499999523162842,1.6823999881744385
rear_mu,-,741.113996,1.0499999523162842,1.6823999881744385
rear_mu,-,741.245996,1.0499999523162842,1.6823999881744385
rear_mu,-,741.377996,1.0499999523162842,1.6823999881744385
rear_mu,-,741.443996,1.0499999523162842,1.6823999881744385
rear_mu,-,741.575996,1.0499999523162842,1.6823999881744385
rear_mu,-,741.641996,1.0499999523162842,1.6823999881744385
rear_mu,-,741.773996,1.0499999523162842,1.6823999881744385
rear_mu,-,741.839996,1.0499999523162842,1.6823999881744385
rear_mu,-,741.971996,1.0499999523162842,1.6823999881744385
rear_mu,-,742.037996,1.0499999523162842,1.6823999881744385
rear_mu,-,742.169996,1.0499999523162842,1.6823999881744385
rear_mu,-,742.301996,1.0499999523162842,1.6823999881744385
rear_mu,-,742.499996,1.0499999523162842,1.6823999881744385
rear_mu,-,742.631996,1.0499999523162842,1.6823999881744385
rear_mu,-,742.730996,1.0499999523162842,1.6823999881744385
rear_mu,-,742.829996,1.0499999523162842,1.6823999881744385
rear_mu,-,742.928996,1.0499999523162842,1.6823999881744385
rear_mu,-,743.027996,1.0499999523162842,1.6823999881744385
rear_mu,-,743.126996,1.0499999523162842,1.6823999881744385
rear_mu,-,743.225996,1.0499999523162842,1.6823999881744385
rear_mu,-,743.324996,1.0499999523162842,1.6823999881744385
rear_mu,-,743.423996,1.0499999523162842,1.6823999881744385
rear_mu,-,743.555996,1.0499999523162842,1.6823999881744385
rear_mu,-,743.687996,1.0499999523162842,1.6823999881744385
rear_mu,-,743.819996,1.0499999523162842,1.6823999881744385
rear_mu,-,743.951996,1.0499999523162842,1.6823999881744385
rear_mu,-,744.050996,1.0499999523162842,1.6823999881744385
rear_mu,-,744.149996,1.0499999523162842,1.6823999881744385
rear_mu,-,744.248996,1.0499999523162842,1.6823999881744385
rear_mu,-,744.347996,1.0499999523162842,1.6823999881744385
rear_mu,-,744.446996,1.0499999523162842,1.6823999881744385
rear_mu,-,744.545996,1.0499999523162842,1.6823999881744385
rear_mu,-,744.644996,1.0499999523162842,1.6823999881744385
rear_mu,-,744.743996,1.0499999523162842,1.6823999881744385
rear_mu,-,744.875996,1.0499999523162842,1.6823999881744385
rear_mu,-,745.007996,1.0499999523162842,1.6823999881744385
rear_mu,-,745.139996,1.0499999523162842,1.6823999881744385
rear_mu,-,745.271996,1.0499999523162842,1.6823999881744385
rear_mu,-,745.370996,1.0499999523162842,1.6823999881744385
rear_mu,-,745.469996,1.0499999523162842,1.6823999881744385
rear_mu,-,745.568996,1.0499999523162842,1.6823999881744385
rear_mu,-,745.667996,1.0499999523162842,1.6823999881744385
rear_mu,-,745.766996,1.0499999523162842,1.6823999881744385
rear_mu,-,745.865996,1.0499999523162842,1.6823999881744385
rear_mu,-,745.964996,1.0499999523162842,1.6823999881744385
rear_mu,-,746.063996,1.0499999523162842,1.6823999881744385
rear_mu,-,746.195996,1.0499999523162842,1.6823999881744385
rear_mu,-,746.327996,1.0499999523162842,1.6823999881744385
rear_mu,-,746.459996,1.0499999523162842,1.6823999881744385
rear_mu,-,746.591996,1.0499999523162842,1.6823999881744385
rear_mu,-,746.690996,1.0499999523162842,1.6823999881744385
rear_mu,-,746.789996,1.0499999523162842,1.6823999881744385
rear_mu,-,746.888996,1.0499999523162842,1.6823999881744385
rear_mu,-,746.987996,1.0499999523162842,1.6823999881744385
rear_mu,-,747.086996,1.0499999523162842,1.6823999881744385
rear_mu,-,747.185996,1.0499999523162842,1.6823999881744385
rear_mu,-,747.284996,1.0499999523162842,1.6823999881744385
rear_mu,-,747.383996,1.0499999523162842,1.6823999881744385
rear_mu,-,747.515996,1.0499999523162842,1.6823999881744385
rear_mu,-,747.647996,1.0499999523162842,1.6823999881744385
rear_mu,-,747.779996,1.0499999523162842,1.6823999881744385
rear_mu,-,747.911996,1.0499999523162842,1.6823999881744385
rear_mu,-,748.010996,1.0499999523162842,1.6823999881744385
rear_mu,-,748.076996,1.0499999523162842,1.6823999881744385
rear_mu,-,748.175996,1.0499999523162842,1.6823999881744385
rear_mu,-,748.241996,1.0499999523162842,1.6823999881744385
rear_mu,-,748.373996,1.0499999523162842,1.6823999881744385
rear_mu,-,748.571996,1.0499999523162842,1.6823999881744385
rear_mu,-,748.637996,1.0499999523162842,1.6823999881744385
rear_mu,-,748.736996,1.0499999523162842,1.6823999881744385
rear_mu,-,748.835996,1.0499999523162842,1.6823999881744385
rear_mu,-,748.934996,1.0499999523162842,1.6823999881744385
rear_mu,-,749.033996,1.0499999523162842,1.6823999881744385
rear_mu,-,749.132996,1.0499999523162842,1.6823999881744385
rear_mu,-,749.231996,1.0499999523162842,1.6823999881744385
rear_mu,-,749.363996,1.0499999523162842,1.6823999881744385
rear_mu,-,749.495996,1.0499999523162842,1.6823999881744385
rear_mu,-,749.627996,1.0499999523162842,1.6823999881744385
rear_mu,-,749.759996,1.0499999523162842,1.6823999881744385
rear_mu,-,749.891996,1.0499999523162842,1.6823999881744385
rear_mu,-,750.023996,1.0499999523162842,1.6823999881744385
rear_mu,-,750.089996,1.0499999523162842,1.6823999881744385
rear_mu,-,750.221996,1.0499999523162842,1.6823999881744385
rear_mu,-,750.287996,1.0499999523162842,1.6823999881744385
rear_mu,-,750.419996,1.0499999523162842,1.6823999881744385
rear_mu,-,750.485996,1.0499999523162842,1.6823999881744385
rear_mu,-,750.617996,1.0499999523162842,1.6823999881744385
rear_mu,-,750.749996,1.0499999523162842,1.6823999881744385
rear_mu,-,750.881996,1.0499999523162842,1.6823999881744385
rear_mu,-,751.013996,1.0499999523162842,1.6823999881744385
rear_mu,-,751.145996,1.0499999523162842,1.6823999881744385
rear_mu,-,751.343996,1.0499999523162842,1.6823999881744385
rear_mu,-,751.409996,1.0499999523162842,1.6823999881744385
rear_mu,-,751.541996,1.0499999523162842,1.6823999881744385
rear_mu,-,751.607996,1.0499999523162842,1.6823999881744385
rear_mu,-,751.739996,1.0499999523162842,1.6823999881744385
rear_mu,-,751.805996,1.0499999523162842,1.6823999881744385
rear_mu,-,751.937996,1.0499999523162842,1.6823999881744385
rear_mu,-,752.069996,1.0499999523162842,1.6823999881744385
rear_mu,-,752.201996,1.0499999523162842,1.6823999881744385
rear_mu,-,752.333996,1.0499999523162842,1.6823999881744385
rear_mu,-,752.465996,1.0499999523162842,1.6823999881744385
rear_mu,-,752.531996,1.0499999523162842,1.6823999881744385
rear_mu,-,752.663996,1.0499999523162842,1.6823999881744385
rear_mu,-,752.729996,1.0499999523162842,1.6823999881744385
rear_mu,-,752.861996,1.0499999523162842,1.6823999881744385
rear_mu,-,752.927996,1.0499999523162842,1.6823999881744385
rear_mu,-,753.059996,1.0499999523162842,1.6823999881744385
rear_mu,-,753.191996,1.0499999523162842,1.6823999881744385
rear_mu,-,753.290996,1.0499999523162842,1.6823999881744385
rear_mu,-,753.389996,1.0499999523162842,1.6823999881744385
rear_mu,-,753.521996,1.0499999523162842,1.6823999881744385
rear_mu,-,753.653996,1.0499999523162842,1.6823999881744385
rear_mu,-,753.785996,1.0499999523162842,1.6823999881744385
rear_mu,-,753.917996,1.0499999523162842,1.6823999881744385
rear_mu,-,754.016996,1.0499999523162842,1.6823999881744385
rear_mu,-,754.115996,1.0499999523162842,1.6823999881744385
rear_mu,-,754.214996,1.0499999523162842,1.6823999881744385
rear_mu,-,754.313996,1.0499999523162842,1.6823999881744385
rear_mu,-,754.412996,1.0499999523162842,1.6823999881744385
rear_mu,-,754.511996,1.0499999523162842,1.6823999881744385
rear_mu,-,754.643996,1.0499999523162842,1.6823999881744385
rear_mu,-,754.775996,1.0499999523162842,1.6823999881744385
rear_mu,-,754.907996,1.0499999523162842,1.6823999881744385
rear_mu,-,755.039996,1.0499999523162842,1.6823999881744385
rear_mu,-,755.138996,1.0499999523162842,1.6823999881744385
rear_mu,-,755.237996,1.0499999523162842,1.6823999881744385
rear_mu,-,755.336996,1.0499999523162842,1.6823999881744385
rear_mu,-,755.435996,1.0499999523162842,1.6823999881744385
rear_mu,-,755.534996,1.0499999523162842,1.6823999881744385
rear_mu,-,755.633996,1.0499999523162842,1.6823999881744385
rear_mu,-,755.765996,1.0499999523162842,1.6823999881744385
rear_mu,-,755.963996,1.0499999523162842,1.6823999881744385
rear_mu,-,756.095996,1.0499999523162842,1.6823999881744385
rear_mu,-,756.227996,1.0499999523162842,1.6823999881744385
rear_mu,-,756.359996,1.0499999523162842,1.6823999881744385
rear_mu,-,756.491996,1.0499999523162842,1.6823999881744385
rear_mu,-,756.623996,1.0499999523162842,1.6823999881744385
rear_mu,-,756.689996,1.0499999523162842,1.6823999881744385
rear_mu,-,756.821996,1.0499999523162842,1.6823999881744385
rear_mu,-,756.887996,1.0499999523162842,1.6823999881744385
rear_mu,-,757.019996,1.0499999523162842,1.6823999881744385
rear_mu,-,757.085996,1.0499999523162842,1.6823999881744385
rear_mu,-,757.217996,1.0499999523162842,1.6823999881744385
rear_mu,-,757.349996,1.0499999523162842,1.6823999881744385
rear_mu,-,757.481996,1.0499999523162842,1.6823999881744385
rear_mu,-,757.613996,1.0499999523162842,1.6823999881744385
rear_mu,-,757.745996,1.0499999523162842,1.6823999881744385
rear_mu,-,757.877996,1.0499999523162842,1.6823999881744385
rear_mu,-,757.976996,1.0499999523162842,1.6823999881744385
rear_mu,-,758.075996,1.0499999523162842,1.6823999881744385
rear_mu,-,758.174996,1.0499999523162842,1.6823999881744385
rear_mu,-,758.273996,1.0499999523162842,1.6823999881744385
rear_mu,-,758.372996,1.0499999523162842,1.6823999881744385
rear_mu,-,758.471996,1.0499999523162842,1.6823999881744385
rear_mu,-,758.603996,1.0499999523162842,1.6823999881744385
rear_mu,-,758.735996,1.0499999523162842,1.6823999881744385
rear_mu,-,758.867996,1.0499999523162842,1.6823999881744385
rear_mu,-,758.999996,1.0499999523162842,1.6823999881744385
rear_mu,-,759.131996,1.0499999523162842,1.6823999881744385
rear_mu,-,759.263996,1.0499999523162842,1.6823999881744385
rear_mu,-,759.329996,1.0499999523162842,1.6823999881744385
rear_mu,-,759.461996,1.0499999523162842,1.6823999881744385
rear_mu,-,759.527996,1.0499999523162842,1.6823999881744385
rear_mu,-,759.659996,1.0499999523162842,1.6823999881744385
rear_mu,-,759.791996,1.0499999523162842,1.6823999881744385
rear_mu,-,759.890996,1.0499999523162842,1.6823999881744385
rear_mu,-,759.989996,1.0499999523162842,1.6823999881744385
rear_mu,-,760.121996,1.0499999523162842,1.6823999881744385
rear_mu,-,760.253996,1.0499999523162842,1.6823999881744385
rear_mu,-,760.385996,1.0499999523162842,1.6823999881744385
rear_mu,-,760.517996,1.0499999523162842,1.6823999881744385
rear_mu,-,760.616996,1.0499999523162842,1.6823999881744385
rear_mu,-,760.715996,1.0499999523162842,1.6823999881744385
rear_mu,-,760.814996,1.0499999523162842,1.6823999881744385
rear_mu,-,760.913996,1.0499999523162842,1.6823999881744385
rear_mu,-,761.012996,1.0499999523162842,1.6823999881744385
rear_mu,-,761.111996,1.0499999523162842,1.6823999881744385
rear_mu,-,761.243996,1.0499999523162842,1.6823999881744385
rear_mu,-,761.375996,1.0499999523162842,1.6823999881744385
rear_mu,-,761.507996,1.0499999523162842,1.6823999881744385
rear_mu,-,761.639996,1.0499999523162842,1.6823999881744385
rear_mu,-,761.738996,1.0499999523162842,1.6823999881744385
rear_mu,-,761.837996,1.0499999523162842,1.6823999881744385
rear_mu,-,761.936996,1.0499999523162842,1.6823999881744385
rear_mu,-,762.035996,1.0499999523162842,1.6823999881744385
rear_mu,-,762.134996,1.0499999523162842,1.6823999881744385
rear_mu,-,762.233996,1.0499999523162842,1.6823999881744385
rear_mu,-,762.332996,1.0499999523162842,1.6823999881744385
rear_mu,-,762.431996,1.0499999523162842,1.6823999881744385
rear_mu,-,762.530996,1.0499999523162842,1.6823999881744385
rear_mu,-,762.629996,1.0499999523162842,1.6823999881744385
rear_mu,-,762.728996,1.0499999523162842,1.6823999881744385
rear_mu,-,762.794996,1.0499999523162842,1.6823999881744385
rear_mu,-,762.926996,1.0499999523162842,1.6823999881744385
rear_mu,-,763.256996,1.0499999523162842,1.6823999881744385
rear_mu,-,763.586996,1.0499999523162842,1.6823999881744385
rear_mu,-,763.751996,1.0499999523162842,1.6823999881744385
rear_mu,-,763.817996,1.0499999523162842,1.6823999881744385
rear_mu,-,763.949996,1.0499999523162842,1.6823999881744385
rear_mu,-,764.081996,1.0499999523162842,1.6823999881744385
rear_mu,-,764.213996,1.0499999523162842,1.6823999881744385
rear_mu,-,764.312996,1.0499999523162842,1.6823999881744385
rear_mu,-,764.411996,1.0499999523162842,1.6823999881744385
rear_mu,-,764.510996,1.0499999523162842,1.6823999881744385
rear_mu,-,764.609996,1.0499999523162842,1.6823999881744385
rear_mu,-,764.708996,1.0499999523162842,1.6823999881744385
rear_mu,-,764.807996,1.0499999523162842,1.6823999881744385
rear_mu,-,764.906996,1.0499999523162842,1.6823999881744385
rear_mu,-,765.005996,1.0499999523162842,1.6823999881744385
rear_mu,-,765.137996,1.0499999523162842,1.6823999881744385
rear_mu,-,765.269996,1.0499999523162842,1.6823999881744385
rear_mu,-,765.401996,1.0499999523162842,1.6823999881744385
rear_mu,-,765.533996,1.0499999523162842,1.6823999881744385
rear_mu,-,765.632996,1.0499999523162842,1.6823999881744385
rear_mu,-,765.731996,1.0499999523162842,1.6823999881744385
rear_mu,-,765.830996,1.0499999523162842,1.6823999881744385
rear_mu,-,765.929996,1.0499999523162842,1.6823999881744385
rear_mu,-,766.028996,1.0499999523162842,1.6823999881744385
rear_mu,-,766.127996,1.0499999523162842,1.6823999881744385
rear_mu,-,766.226996,1.0499999523162842,1.6823999881744385
rear_mu,-,766.325996,1.0499999523162842,1.6823999881744385
rear_mu,-,766.457996,1.0499999523162842,1.6823999881744385
rear_mu,-,766.589996,1.0499999523162842,1.6823999881744385
rear_mu,-,766.721996,1.0499999523162842,1.6823999881744385
rear_mu,-,766.853996,1.0499999523162842,1.6823999881744385
rear_mu,-,766.952996,1.0499999523162842,1.6823999881744385
rear_mu,-,767.051996,1.0499999523162842,1.6823999881744385
rear_mu,-,767.150996,1.0499999523162842,1.6823999881744385
rear_mu,-,767.249996,1.0499999523162842,1.6823999881744385
rear_mu,-,767.381996,1.0499999523162842,1.6823999881744385
rear_mu,-,767.513996,1.0499999523162842,1.6823999881744385
rear_mu,-,767.645996,1.0499999523162842,1.6823999881744385
rear_mu,-,767.777996,1.0499999523162842,1.6823999881744385
rear_mu,-,767.909996,1.0499999523162842,1.6823999881744385
rear_mu,-,768.041996,1.0499999523162842,1.6823999881744385
rear_mu,-,768.173996,1.0499999523162842,1.6823999881744385
rear_mu,-,768.272996,1.0499999523162842,1.6823999881744385
rear_mu,-,768.371996,1.0499999523162842,1.6823999881744385
rear_mu,-,768.470996,1.0499999523162842,1.6823999881744385
rear_mu,-,768.569996,1.0499999523162842,1.6823999881744385
rear_mu,-,768.668996,1.0499999523162842,1.6823999881744385
rear_mu,-,768.767996,1.0499999523162842,1.6823999881744385
rear_mu,-,768.866996,1.0499999523162842,1.6823999881744385
rear_mu,-,768.965996,1.0499999523162842,1.6823999881744385
rear_mu,-,769.097996,1.0499999523162842,1.6823999881744385
rear_mu,-,769.229996,1.0499999523162842,1.6823999881744385
rear_mu,-,769.361996,1.0499999523162842,1.6823999881744385
rear_mu,-,769.493996,1.0499999523162842,1.6823999881744385
rear_mu,-,769.592996,1.0499999523162842,1.6823999881744385
rear_mu,-,769.691996,1.0499999523162842,1.6823999881744385
rear_mu,-,769.790996,1.0499999523162842,1.6823999881744385
rear_mu,-,769.889996,1.0499999523162842,1.6823999881744385
rear_mu,-,769.988996,1.0499999523162842,1.6823999881744385
rear_mu,-,770.087996,1.0499999523162842,1.6823999881744385
rear_mu,-,770.186996,1.0499999523162842,1.6823999881744385
rear_mu,-,770.285996,1.0499999523162842,1.6823999881744385
rear_mu,-,770.417996,1.0499999523162842,1.6823999881744385
rear_mu,-,770.549996,1.0499999523162842,1.6823999881744385
rear_mu,-,770.681996,1.0499999523162842,1.6823999881744385
rear_mu,-,770.813996,1.0499999523162842,1.6823999881744385
rear_mu,-,770.912996,1.0499999523162842,1.6823999881744385
rear_mu,-,771.011996,1.0499999523162842,1.6823999881744385
rear_mu,-,771.110996,1.0499999523162842,1.6823999881744385
rear_mu,-,771.209996,1.0499999523162842,1.6823999881744385
rear_mu,-,771.308996,1.0499999523162842,1.6823999881744385
rear_mu,-,771.407996,1.0499999523162842,1.6823999881744385
rear_mu,-,771.539996,1.0499999523162842,1.6823999881744385
rear_mu,-,771.671996,1.0499999523162842,1.6823999881744385
rear_mu,-,771.803996,1.0499999523162842,1.6823999881744385
rear_mu,-,771.935996,1.0499999523162842,1.6823999881744385
rear_mu,-,772.067996,1.0499999523162842,1.6823999881744385
rear_mu,-,772.199996,1.0499999523162842,1.6823999881744385
rear_mu,-,772.265996,1.0499999523162842,1.6823999881744385
rear_mu,-,772.397996,1.0499999523162842,1.6823999881744385
rear_mu,-,772.463996,1.0499999523162842,1.6823999881744385
rear_mu,-,772.595996,1.0499999523162842,1.6823999881744385
rear_mu,-,772.661996,1.0499999523162842,1.6823999881744385
rear_mu,-,772.793996,1.0499999523162842,1.6823999881744385
rear_mu,-,772.925996,1.0499999523162842,1.6823999881744385
rear_mu,-,773.057996,1.0499999523162842,1.6823999881744385
rear_mu,-,773.189996,1.0499999523162842,1.6823999881744385
rear_mu,-,773.321996,1.0499999523162842,1.6823999881744385
rear_mu,-,773.453996,1.0499999523162842,1.6823999881744385
rear_mu,-,773.552996,1.0499999523162842,1.6823999881744385
rear_mu,-,773.651996,1.0499999523162842,1.6823999881744385
rear_mu,-,773.750996,1.0499999523162842,1.6823999881744385
rear_mu,-,773.849996,1.0499999523162842,1.6823999881744385
rear_mu,-,773.948996,1.0499999523162842,1.6823999881744385
rear_mu,-,774.047996,1.0499999523162842,1.6823999881744385
rear_mu,-,774.146996,1.0499999523162842,1.6823999881744385
rear_mu,-,774.245996,1.0499999523162842,1.6823999881744385
rear_mu,-,774.377996,1.0499999523162842,1.6823999881744385
rear_mu,-,774.509996,1.0499999523162842,1.6823999881744385
rear_mu,-,774.641996,1.0499999523162842,1.6823999881744385
rear_mu,-,774.773996,1.0499999523162842,1.6823999881744385
rear_mu,-,774.872996,1.0499999523162842,1.6823999881744385
rear_mu,-,774.971996,1.0499999523162842,1.6823999881744385
rear_mu,-,775.070996,1.0499999523162842,1.6823999881744385
rear_mu,-,775.169996,1.0499999523162842,1.6823999881744385
rear_mu,-,775.268996,1.0499999523162842,1.6823999881744385
rear_mu,-,775.367996,1.0499999523162842,1.6823999881744385
rear_mu,-,775.466996,1.0499999523162842,1.6823999881744385
rear_mu,-,775.565996,1.0499999523162842,1.6823999881744385
rear_mu,-,775.697996,1.0499999523162842,1.6823999881744385
rear_mu,-,775.829996,1.0499999523162842,1.6823999881744385
rear_mu,-,775.961996,1.0499999523162842,1.6823999881744385
rear_mu,-,776.093996,1.0499999523162842,1.6823999881744385
rear_mu,-,776.192996,1.0499999523162842,1.6823999881744385
rear_mu,-,776.291996,1.0499999523162842,1.6823999881744385
rear_mu,-,776.390996,1.0499999523162842,1.6823999881744385
rear_mu,-,776.489996,1.0499999523162842,1.6823999881744385
rear_mu,-,776.588996,1.0499999523162842,1.6823999881744385
rear_mu,-,776.687996,1.0499999523162842,1.6823999881744385
rear_mu,-,776.819996,1.0499999523162842,1.6823999881744385
rear_mu,-,776.951996,1.0499999523162842,1.6823999881744385
rear_mu,-,777.083996,1.0499999523162842,1.6823999881744385
rear_mu,-,777.215996,1.0499999523162842,1.6823999881744385
rear_mu,-,777.347996,1.0499999523162842,1.6823999881744385
rear_mu,-,777.479996,1.0499999523162842,1.6823999881744385
rear_mu,-,777.545996,1.0499999523162842,1.6823999881744385
rear_mu,-,777.677996,1.0499999523162842,1.6823999881744385
rear_mu,-,777.743996,1.0499999523162842,1.6823999881744385
rear_mu,-,777.875996,1.0499999523162842,1.6823999881744385
rear_mu,-,777.941996,1.0499999523162842,1.6823999881744385
rear_mu,-,778.073996,1.0499999523162842,1.6823999881744385
rear_mu,-,778.205996,1.0499999523162842,1.6823999881744385
rear_mu,-,778.337996,1.0499999523162842,1.6823999881744385
rear_mu,-,778.469996,1.0499999523162842,1.6823999881744385
rear_mu,-,778.601996,1.0499999523162842,1.6823999881744385
rear_mu,-,778.733996,1.0499999523162842,1.6823999881744385
rear_mu,-,778.832996,1.0499999523162842,1.6823999881744385
rear_mu,-,778.931996,1.0499999523162842,1.6823999881744385
rear_mu,-,779.030996,1.0499999523162842,1.6823999881744385
rear_mu,-,779.129996,1.0499999523162842,1.6823999881744385
rear_mu,-,779.228996,1.0499999523162842,1.6823999881744385
rear_mu,-,779.327996,1.0499999523162842,1.6823999881744385
rear_mu,-,779.459996,1.0499999523162842,1.6823999881744385
rear_mu,-,779.591996,1.0499999523162842,1.6823999881744385
rear_mu,-,779.723996,1.0499999523162842,1.6823999881744385
rear_mu,-,779.855996,1.0499999523162842,1.6823999881744385
rear_mu,-,779.987996,1.0499999523162842,1.6823999881744385
rear_mu,-,780.119996,1.0499999523162842,1.6823999881744385
rear_mu,-,780.185996,1.0499999523162842,1.6823999881744385
rear_mu,-,780.317996,1.0499999523162842,1.6823999881744385
rear_mu,-,780.383996,1.0499999523162842,1.6823999881744385
rear_mu,-,780.515996,1.0499999523162842,1.6823999881744385
rear_mu,-,780.581996,1.0499999523162842,1.6823999881744385
rear_mu,-,780.713996,1.0499999523162842,1.6823999881744385
rear_mu,-,780.779996,1.0499999523162842,1.6823999881744385
rear_mu,-,780.911996,1.0499999523162842,1.6823999881744385
rear_mu,-,781.043996,1.0499999523162842,1.6823999881744385
rear_mu,-,781.175996,1.0499999523162842,1.6823999881744385
rear_mu,-,781.307996,1.0499999523162842,1.6823999881744385
rear_mu,-,781.439996,1.0499999523162842,1.6823999881744385
rear_mu,-,781.505996,1.0499999523162842,1.6823999881744385
rear_mu,-,781.637996,1.0499999523162842,1.6823999881744385
rear_mu,-,781.703996,1.0499999523162842,1.6823999881744385
rear_mu,-,781.835996,1.0499999523162842,1.6823999881744385
rear_mu,-,781.901996,1.0499999523162842,1.6823999881744385
rear_mu,-,782.033996,1.0499999523162842,1.6823999881744385
rear_mu,-,782.099996,1.0499999523162842,1.6823999881744385
rear_mu,-,782.231996,1.0499999523162842,1.6823999881744385
rear_mu,-,782.363996,1.0499999523162842,1.6823999881744385
rear_mu,-,782.495996,1.0499999523162842,1.6823999881744385
rear_mu,-,782.627996,1.0499999523162842,1.6823999881744385
rear_mu,-,782.759996,1.0499999523162842,1.6823999881744385
rear_mu,-,782.825996,1.0499999523162842,1.6823999881744385
rear_mu,-,782.957996,1.0499999523162842,1.6823999881744385
rear_mu,-,783.023996,1.0499999523162842,1.6823999881744385
rear_mu,-,783.155996,1.0499999523162842,1.6823999881744385
rear_mu,-,783.221996,1.0499999523162842,1.6823999881744385
rear_mu,-,783.353996,1.0499999523162842,1.6823999881744385
rear_mu,-,783.485996,1.0499999523162842,1.6823999881744385
rear_mu,-,783.617996,1.0499999523162842,1.6823999881744385
rear_mu,-,783.749996,1.0499999523162842,1.6823999881744385
rear_mu,-,783.881996,1.0499999523162842,1.6823999881744385
rear_mu,-,784.013996,1.0499999523162842,1.6823999881744385
rear_mu,-,784.112996,1.0499999523162842,1.6823999881744385
rear_mu,-,784.211996,1.0499999523162842,1.6823999881744385
rear_mu,-,784.310996,1.0499999523162842,1.6823999881744385
rear_mu,-,784.409996,1.0499999523162842,1.6823999881744385
rear_mu,-,784.508996,1.0499999523162842,1.6823999881744385
rear_mu,-,784.607996,1.0499999523162842,1.6823999881744385
rear_mu,-,784.706996,1.0499999523162842,1.6823999881744385
rear_mu,-,784.805996,1.0499999523162842,1.6823999881744385
rear_mu,-,784.937996,1.0499999523162842,1.6823999881744385
rear_mu,-,785.069996,1.0499999523162842,1.6823999881744385
rear_mu,-,785.201996,1.0499999523162842,1.6823999881744385
rear_mu,-,785.333996,1.0499999523162842,1.6823999881744385
rear_mu,-,785.432996,1.0499999523162842,1.6823999881744385
rear_mu,-,785.531996,1.0499999523162842,1.6823999881744385
rear_mu,-,785.630996,1.0499999523162842,1.6823999881744385
rear_mu,-,785.729996,1.0499999523162842,1.6823999881744385
rear_mu,-,785.828996,1.0499999523162842,1.6823999881744385
rear_mu,-,785.927996,1.0499999523162842,1.6823999881744385
rear_mu,-,786.059996,1.0499999523162842,1.6823999881744385
rear_mu,-,786.191996,1.0499999523162842,1.6823999881744385
rear_mu,-,786.323996,1.0499999523162842,1.6823999881744385
rear_mu,-,786.455996,1.0499999523162842,1.6823999881744385
rear_mu,-,786.587996,1.0499999523162842,1.6823999881744385
rear_mu,-,786.719996,1.0499999523162842,1.6823999881744385
rear_mu,-,786.785996,1.0499999523162842,1.6823999881744385
rear_mu,-,786.917996,1.0499999523162842,1.6823999881744385
rear_mu,-,786.983996,1.0499999523162842,1.6823999881744385
rear_mu,-,787.115996,1.0499999523162842,1.6823999881744385
rear_mu,-,787.181996,1.0499999523162842,1.6823999881744385
rear_mu,-,787.313996,1.0499999523162842,1.6823999881744385
rear_mu,-,787.445996,1.0499999523162842,1.6823999881744385
rear_mu,-,787.577996,1.0499999523162842,1.6823999881744385
rear_mu,-,787.709996,1.0499999523162842,1.6823999881744385
rear_mu,-,787.841996,1.0499999523162842,1.6823999881744385
rear_mu,-,787.973996,1.0499999523162842,1.6823999881744385
rear_mu,-,788.072996,1.0499999523162842,1.6823999881744385
rear_mu,-,788.171996,1.0499999523162842,1.6823999881744385
rear_mu,-,788.270996,1.0499999523162842,1.6823999881744385
rear_mu,-,788.369996,1.0499999523162842,1.6823999881744385
rear_mu,-,788.468996,1.0499999523162842,1.6823999881744385
rear_mu,-,788.567996,1.0499999523162842,1.6823999881744385
rear_mu,-,788.699996,1.0499999523162842,1.6823999881744385
rear_mu,-,788.831996,1.0499999523162842,1.6823999881744385
rear_mu,-,788.963996,1.0499999523162842,1.6823999881744385
rear_mu,-,789.095996,1.0499999523162842,1.6823999881744385
rear_mu,-,789.227996,1.0499999523162842,1.6823999881744385
rear_mu,-,789.359996,1.0499999523162842,1.6823999881744385
rear_mu,-,789.425996,1.0499999523162842,1.6823999881744385
rear_mu,-,789.557996,1.0499999523162842,1.6823999881744385
rear_mu,-,789.623996,1.0499999523162842,1.6823999881744385
rear_mu,-,789.755996,1.0499999523162842,1.6823999881744385
rear_mu,-,789.821996,1.0499999523162842,1.6823999881744385
rear_mu,-,789.953996,1.0499999523162842,1.6823999881744385
rear_mu,-,790.085996,1.0499999523162842,1.6823999881744385
rear_mu,-,790.217996,1.0499999523162842,1.6823999881744385
rear_mu,-,790.349996,1.0499999523162842,1.6823999881744385
rear_mu,-,790.481996,1.0499999523162842,1.6823999881744385
rear_mu,-,790.613996,1.0499999523162842,1.6823999881744385
rear_mu,-,790.712996,1.0499999523162842,1.6823999881744385
rear_mu,-,790.811996,1.0499999523162842,1.6823999881744385
rear_mu,-,790.910996,1.0499999523162842,1.6823999881744385
rear_mu,-,791.009996,1.0499999523162842,1.6823999881744385
rear_mu,-,791.141996,1.0499999523162842,1.6823999881744385
rear_mu,-,791.273996,1.0499999523162842,1.6823999881744385
rear_mu,-,791.339996,1.0499999523162842,1.6823999881744385
rear_mu,-,791.471996,1.0499999523162842,1.6823999881744385
rear_mu,-,791.603996,1.0499999523162842,1.6823999881744385
rear_mu,-,791.735996,1.0499999523162842,1.6823999881744385
rear_mu,-,791.867996,1.0499999523162842,1.6823999881744385
rear_mu,-,791.999996,1.0499999523162842,1.6823999881744385
rear_mu,-,792.065996,1.0499999523162842,1.6823999881744385
rear_mu,-,792.197996,1.0499999523162842,1.6823999881744385
rear_mu,-,792.263996,1.0499999523162842,1.6823999881744385
rear_mu,-,792.395996,1.0499999523162842,1.6823999881744385
rear_mu,-,792.461996,1.0499999523162842,1.6823999881744385
rear_mu,-,792.593996,1.0499999523162842,1.6823999881744385
rear_mu,-,792.659996,1.0499999523162842,1.6823999881744385
rear_mu,-,792.791996,1.0499999523162842,1.6823999881744385
rear_mu,-,792.923996,1.0499999523162842,1.6823999881744385
rear_mu,-,793.055996,1.0499999523162842,1.6823999881744385
rear_mu,-,793.187996,1.0499999523162842,1.6823999881744385
rear_mu,-,793.319996,1.0499999523162842,1.6823999881744385
rear_mu,-,793.385996,1.0499999523162842,1.6823999881744385
rear_mu,-,793.517996,1.0499999523162842,1.6823999881744385
rear_mu,-,793.583996,1.0499999523162842,1.6823999881744385
rear_mu,-,793.715996,1.0499999523162842,1.6823999881744385
rear_mu,-,793.781996,1.0499999523162842,1.6823999881744385
rear_mu,-,793.913996,1.0499999523162842,1.6823999881744385
rear_mu,-,794.045996,1.0499999523162842,1.6823999881744385
rear_mu,-,794.177996,1.0499999523162842,1.6823999881744385
rear_mu,-,794.309996,1.0499999523162842,1.6823999881744385
rear_mu,-,794.441996,1.0499999523162842,1.6823999881744385
rear_mu,-,794.573996,1.0499999523162842,1.6823999881744385
rear_mu,-,794.672996,1.0499999523162842,1.6823999881744385
rear_mu,-,794.771996,1.0499999523162842,1.6823999881744385
rear_mu,-,794.870996,1.0499999523162842,1.6823999881744385
rear_mu,-,794.969996,1.0499999523162842,1.6823999881744385
rear_mu,-,795.068996,1.0499999523162842,1.6823999881744385
rear_mu,-,795.167996,1.0499999523162842,1.6823999881744385
rear_mu,-,795.266996,1.0499999523162842,1.6823999881744385
rear_mu,-,795.365996,1.0499999523162842,1.6823999881744385
rear_mu,-,795.497996,1.0499999523162842,1.6823999881744385
rear_mu,-,795.629996,1.0499999523162842,1.6823999881744385
rear_mu,-,795.761996,1.0499999523162842,1.6823999881744385
rear_mu,-,795.893996,1.0499999523162842,1.6823999881744385
rear_mu,-,795.992996,1.0499999523162842,1.6823999881744385
rear_mu,-,796.091996,1.0499999523162842,1.6823999881744385
rear_mu,-,796.190996,1.0499999523162842,1.6823999881744385
rear_mu,-,796.289996,1.0499999523162842,1.6823999881744385
rear_mu,-,796.388996,1.0499999523162842,1.6823999881744385
rear_mu,-,796.487996,1.0499999523162842,1.6823999881744385
rear_mu,-,796.586996,1.0499999523162842,1.6823999881744385
rear_mu,-,796.685996,1.0499999523162842,1.6823999881744385
rear_mu,-,796.817996,1.0499999523162842,1.6823999881744385
rear_mu,-,796.949996,1.0499999523162842,1.6823999881744385
rear_mu,-,797.081996,1.0499999523162842,1.6823999881744385
rear_mu,-,797.213996,1.0499999523162842,1.6823999881744385
rear_mu,-,797.312996,1.0499999523162842,1.6823999881744385
rear_mu,-,797.411996,1.0499999523162842,1.6823999881744385
rear_mu,-,797.510996,1.0499999523162842,1.6823999881744385
rear_mu,-,797.609996,1.0499999523162842,1.6823999881744385
rear_mu,-,797.708996,1.0499999523162842,1.6823999881744385
rear_mu,-,797.807996,1.0499999523162842,1.6823999881744385
rear_mu,-,797.906996,1.0499999523162842,1.6823999881744385
rear_mu,-,798.005996,1.0499999523162842,1.6823999881744385
rear_mu,-,798.137996,1.0499999523162842,1.6823999881744385
rear_mu,-,798.269996,1.0499999523162842,1.6823999881744385
rear_mu,-,798.401996,1.0499999523162842,1.6823999881744385
rear_mu,-,798.533996,1.0499999523162842,1.6823999881744385
rear_mu,-,798.632996,1.0499999523162842,1.6823999881744385
rear_mu,-,798.731996,1.0499999523162842,1.6823999881744385
rear_mu,-,798.830996,1.0499999523162842,1.6823999881744385
rear_mu,-,798.929996,1.0499999523162842,1.6823999881744385
rear_mu,-,799.028996,1.0499999523162842,1.6823999881744385
rear_mu,-,799.127996,1.0499999523162842,1.6823999881744385
rear_mu,-,799.259996,1.0499999523162842,1.6823999881744385
rear_mu,-,799.391996,1.0499999523162842,1.6823999881744385
rear_mu,-,799.523996,1.0499999523162842,1.6823999881744385
rear_mu,-,799.655996,1.0499999523162842,1.6823999881744385
rear_mu,-,799.787996,1.0499999523162842,1.6823999881744385
rear_mu,-,799.919996,1.0499999523162842,1.6823999881744385
rear_mu,-,799.985996,1.0499999523162842,1.6823999881744385
rear_mu,-,800.117996,1.0499999523162842,1.6823999881744385
rear_mu,-,800.183996,1.0499999523162842,1.6823999881744385
rear_mu,-,800.315996,1.0499999523162842,1.6823999881744385
rear_mu,-,800.381996,1.0499999523162842,1.6823999881744385
rear_mu,-,800.513996,1.0499999523162842,1.6823999881744385
rear_mu,-,800.579996,1.0499999523162842,1.6823999881744385
rear_mu,-,800.711996,1.0499999523162842,1.6823999881744385
rear_mu,-,800.843996,1.0499999523162842,1.6823999881744385
rear_mu,-,800.975996,1.0499999523162842,1.6823999881744385
rear_mu,-,801.107996,1.0499999523162842,1.6823999881744385
rear_mu,-,801.239996,1.0499999523162842,1.6823999881744385
rear_mu,-,801.305996,1.0499999523162842,1.6823999881744385
rear_mu,-,801.437996,1.0499999523162842,1.6823999881744385
rear_mu,-,801.503996,1.0499999523162842,1.6823999881744385
rear_mu,-,801.635996,1.0499999523162842,1.6823999881744385
rear_mu,-,801.701996,1.0499999523162842,1.6823999881744385
rear_mu,-,801.833996,1.0499999523162842,1.6823999881744385
rear_mu,-,801.965996,1.0499999523162842,1.6823999881744385
rear_mu,-,802.097996,1.0499999523162842,1.6823999881744385
rear_mu,-,802.229996,1.0499999523162842,1.6823999881744385
rear_mu,-,802.361996,1.0499999523162842,1.6823999881744385
rear_mu,-,802.493996,1.0499999523162842,1.6823999881744385
rear_mu,-,802.592996,1.0499999523162842,1.6823999881744385
rear_mu,-,802.691996,1.0499999523162842,1.6823999881744385
rear_mu,-,802.790996,1.0499999523162842,1.6823999881744385
rear_mu,-,802.889996,1.0499999523162842,1.6823999881744385
rear_mu,-,802.988996,1.0499999523162842,1.6823999881744385
rear_mu,-,803.087996,1.0499999523162842,1.6823999881744385
rear_mu,-,803.219996,1.0499999523162842,1.6823999881744385
rear_mu,-,803.351996,1.0499999523162842,1.6823999881744385
rear_mu,-,803.483996,1.0499999523162842,1.6823999881744385
rear_mu,-,803.615996,1.0499999523162842,1.6823999881744385
rear_mu,-,803.747996,1.0499999523162842,1.6823999881744385
rear_mu,-,803.879996,1.0499999523162842,1.6823999881744385
rear_mu,-,803.945996,1.0499999523162842,1.6823999881744385
rear_mu,-,804.077996,1.0499999523162842,1.6823999881744385
rear_mu,-,804.143996,1.0499999523162842,1.6823999881744385
rear_mu,-,804.275996,1.0499999523162842,1.6823999881744385
rear_mu,-,804.341996,1.0499999523162842,1.6823999881744385
rear_mu,-,804.473996,1.0499999523162842,1.6823999881744385
rear_mu,-,804.539996,1.0499999523162842,1.6823999881744385
rear_mu,-,804.671996,1.0499999523162842,1.6823999881744385
rear_mu,-,804.803996,1.0499999523162842,1.6823999881744385
rear_mu,-,804.935996,1.0499999523162842,1.6823999881744385
rear_mu,-,805.067996,1.0499999523162842,1.6823999881744385
rear_mu,-,805.199996,1.0499999523162842,1.6823999881744385
rear_mu,-,805.265996,1.0499999523162842,1.6823999881744385
rear_mu,-,805.397996,1.0499999523162842,1.6823999881744385
rear_mu,-,805.463996,1.0499999523162842,1.6823999881744385
rear_mu,-,805.595996,1.0499999523162842,1.6823999881744385
rear_mu,-,805.661996,1.0499999523162842,1.6823999881744385
rear_mu,-,805.793996,1.0499999523162842,1.6823999881744385
rear_mu,-,805.925996,1.0499999523162842,1.6823999881744385
rear_mu,-,806.057996,1.0499999523162842,1.6823999881744385
rear_mu,-,806.189996,1.0499999523162842,1.6823999881744385
rear_mu,-,806.321996,1.0499999523162842,1.6823999881744385
rear_mu,-,806.453996,1.0499999523162842,1.6823999881744385
rear_mu,-,806.552996,1.0499999523162842,1.6823999881744385
rear_mu,-,806.651996,1.0499999523162842,1.6823999881744385
rear_mu,-,806.750996,1.0499999523162842,1.6823999881744385
rear_mu,-,806.849996,1.0499999523162842,1.6823999881744385
rear_mu,-,806.981996,1.0499999523162842,1.6823999881744385
rear_mu,-,807.113996,1.0499999523162842,1.6823999881744385
rear_mu,-,807.245996,1.0499999523162842,1.6823999881744385
rear_mu,-,807.377996,1.0499999523162842,1.6823999881744385
rear_mu,-,807.509996,1.0499999523162842,1.6823999881744385
rear_mu,-,807.641996,1.0499999523162842,1.6823999881744385
rear_mu,-,807.773996,1.0499999523162842,1.6823999881744385
rear_mu,-,807.872996,1.0499999523162842,1.6823999881744385
rear_mu,-,807.971996,1.0499999523162842,1.6823999881744385
rear_mu,-,808.070996,1.0499999523162842,1.6823999881744385
rear_mu,-,808.169996,1.0499999523162842,1.6823999881744385
rear_mu,-,808.268996,1.0499999523162842,1.6823999881744385
rear_mu,-,808.367996,1.0499999523162842,1.6823999881744385
rear_mu,-,808.466996,1.0499999523162842,1.6823999881744385
rear_mu,-,808.565996,1.0499999523162842,1.6823999881744385
rear_mu,-,808.664996,1.0499999523162842,1.6823999881744385
rear_mu,-,808.763996,1.0499999523162842,1.6823999881744385
rear_mu,-,808.895996,1.0499999523162842,1.6823999881744385
rear_mu,-,809.027996,1.0499999523162842,1.6823999881744385
rear_mu,-,809.159996,1.0499999523162842,1.6823999881744385
rear_mu,-,809.225996,1.0499999523162842,1.6823999881744385
rear_mu,-,809.357996,1.0499999523162842,1.6823999881744385
rear_mu,-,809.423996,1.0499999523162842,1.6823999881744385
rear_mu,-,809.555996,1.0499999523162842,1.6823999881744385
rear_mu,-,809.621996,1.0499999523162842,1.6823999881744385
rear_mu,-,809.753996,1.0499999523162842,1.6823999881744385
rear_mu,-,809.819996,1.0499999523162842,1.6823999881744385
rear_mu,-,809.951996,1.0499999523162842,1.6823999881744385
rear_mu,-,810.083996,1.0499999523162842,1.6823999881744385
rear_mu,-,810.215996,1.0499999523162842,1.6823999881744385
rear_mu,-,810.347996,1.0499999523162842,1.6823999881744385
rear_mu,-,810.479996,1.0499999523162842,1.6823999881744385
rear_mu,-,810.545996,1.0499999523162842,1.6823999881744385
rear_mu,-,810.677996,1.0499999523162842,1.6823999881744385
rear_mu,-,810.743996,1.0499999523162842,1.6823999881744385
rear_mu,-,810.875996,1.0499999523162842,1.6823999881744385
rear_mu,-,810.941996,1.0499999523162842,1.6823999881744385
rear_mu,-,811.073996,1.0499999523162842,1.6823999881744385
rear_mu,-,811.139996,1.0499999523162842,1.6823999881744385
rear_mu,-,811.271996,1.0499999523162842,1.6823999881744385
rear_mu,-,811.403996,1.0499999523162842,1.6823999881744385
rear_mu,-,811.535996,1.0499999523162842,1.6823999881744385
rear_mu,-,811.667996,1.0499999523162842,1.6823999881744385
rear_mu,-,811.799996,1.0499999523162842,1.6823999881744385
rear_mu,-,811.865996,1.0499999523162842,1.6823999881744385
rear_mu,-,811.997996,1.0499999523162842,1.6823999881744385
rear_mu,-,812.063996,1.0499999523162842,1.6823999881744385
rear_mu,-,812.195996,1.0499999523162842,1.6823999881744385
rear_mu,-,812.261996,1.0499999523162842,1.6823999881744385
rear_mu,-,812.393996,1.0499999523162842,1.6823999881744385
rear_mu,-,812.459996,1.0499999523162842,1.6823999881744385
rear_mu,-,812.591996,1.0499999523162842,1.6823999881744385
rear_mu,-,812.723996,1.0499999523162842,1.6823999881744385
rear_mu,-,812.855996,1.0499999523162842,1.6823999881744385
rear_mu,-,812.987996,1.0499999523162842,1.6823999881744385
rear_mu,-,813.119996,1.0499999523162842,1.6823999881744385
rear_mu,-,813.185996,1.0499999523162842,1.6823999881744385
rear_mu,-,813.317996,1.0499999523162842,1.6823999881744385
rear_mu,-,813.383996,1.0499999523162842,1.6823999881744385
rear_mu,-,813.515996,1.0499999523162842,1.6823999881744385
rear_mu,-,813.581995,1.0499999523162842,1.6823999881744385
rear_mu,-,813.713996,1.0499999523162842,1.6823999881744385
rear_mu,-,813.779996,1.0499999523162842,1.6823999881744385
rear_mu,-,813.911996,1.0499999523162842,1.6823999881744385
rear_mu,-,814.043996,1.0499999523162842,1.6823999881744385
rear_mu,-,814.175996,1.0499999523162842,1.6823999881744385
rear_mu,-,814.307996,1.0499999523162842,1.6823999881744385
rear_mu,-,814.439996,1.0499999523162842,1.6823999881744385
rear_mu,-,814.505996,1.0499999523162842,1.6823999881744385
rear_mu,-,814.637995,1.0499999523162842,1.6823999881744385
rear_mu,-,814.703996,1.0499999523162842,1.6823999881744385
rear_mu,-,814.835996,1.0499999523162842,1.6823999881744385
rear_mu,-,814.901996,1.0499999523162842,1.6823999881744385
rear_mu,-,815.033996,1.0499999523162842,1.6823999881744385
rear_mu,-,815.165996,1.0499999523162842,1.6823999881744385
rear_mu,-,815.297996,1.0499999523162842,1.6823999881744385
rear_mu,-,815.429996,1.0499999523162842,1.6823999881744385
rear_mu,-,815.561996,1.0499999523162842,1.6823999881744385
rear_mu,-,815.693995,1.0499999523162842,1.6823999881744385
rear_mu,-,815.792996,1.0499999523162842,1.6823999881744385
rear_mu,-,815.891996,1.0499999523162842,1.6823999881744385
rear_mu,-,815.990996,1.0499999523162842,1.6823999881744385
rear_mu,-,816.089996,1.0499999523162842,1.6823999881744385
rear_mu,-,816.188996,1.0499999523162842,1.6823999881744385
rear_mu,-,816.287996,1.0499999523162842,1.6823999881744385
rear_mu,-,816.419996,1.0499999523162842,1.6823999881744385
rear_mu,-,816.551996,1.0499999523162842,1.6823999881744385
rear_mu,-,816.683995,1.0499999523162842,1.6823999881744385
rear_mu,-,816.815996,1.0499999523162842,1.6823999881744385
rear_mu,-,816.947996,1.0499999523162842,1.6823999881744385
rear_mu,-,817.112996,1.0499999523162842,1.6823999881744385
rear_mu,-,817.211996,1.0499999523162842,1.6823999881744385
rear_mu,-,817.310996,1.0499999523162842,1.6823999881744385
rear_mu,-,817.409996,1.0499999523162842,1.6823999881744385
rear_mu,-,817.508996,1.0499999523162842,1.6823999881744385
rear_mu,-,817.607996,1.0499999523162842,1.6823999881744385
rear_mu,-,817.706995,1.0499999523162842,1.6823999881744385
rear_mu,-,817.805995,1.0499999523162842,1.6823999881744385
rear_mu,-,817.937996,1.0499999523162842,1.6823999881744385
rear_mu,-,818.069996,1.0499999523162842,1.6823999881744385
rear_mu,-,818.201996,1.0499999523162842,1.6823999881744385
rear_mu,-,818.333996,1.0499999523162842,1.6823999881744385
rear_mu,-,818.432996,1.0499999523162842,1.6823999881744385
rear_mu,-,818.531996,1.0499999523162842,1.6823999881744385
rear_mu,-,818.630996,1.0499999523162842,1.6823999881744385
rear_mu,-,818.729995,1.0499999523162842,1.6823999881744385
rear_mu,-,818.828995,1.0499999523162842,1.6823999881744385
rear_mu,-,818.927996,1.0499999523162842,1.6823999881744385
rear_mu,-,819.059996,1.0499999523162842,1.6823999881744385
rear_mu,-,819.191996,1.0499999523162842,1.6823999881744385
rear_mu,-,819.323996,1.0499999523162842,1.6823999881744385
rear_mu,-,819.455996,1.0499999523162842,1.6823999881744385
rear_mu,-,819.587996,1.0499999523162842,1.6823999881744385
rear_mu,-,819.719995,1.0499999523162842,1.6823999881744385
rear_mu,-,819.785995,1.0499999523162842,1.6823999881744385
rear_mu,-,819.917995,1.0499999523162842,1.6823999881744385
rear_mu,-,819.983996,1.0499999523162842,1.6823999881744385
rear_mu,-,820.115996,1.0499999523162842,1.6823999881744385
rear_mu,-,820.181996,1.0499999523162842,1.6823999881744385
rear_mu,-,820.313996,1.0499999523162842,1.6823999881744385
rear_mu,-,820.379996,1.0499999523162842,1.6823999881744385
rear_mu,-,820.511996,1.0499999523162842,1.6823999881744385
rear_mu,-,820.643996,1.0499999523162842,1.6823999881744385
rear_mu,-,820.775995,1.0499999523162842,1.6823999881744385
rear_mu,-,820.907995,1.0499999523162842,1.6823999881744385
rear_mu,-,821.039996,1.0499999523162842,1.6823999881744385
rear_mu,-,821.105996,1.0499999523162842,1.6823999881744385
rear_mu,-,821.237996,1.0499999523162842,1.6823999881744385
rear_mu,-,821.303996,1.0499999523162842,1.6823999881744385
rear_mu,-,821.435996,1.0499999523162842,1.6823999881744385
rear_mu,-,821.501996,1.0499999523162842,1.6823999881744385
rear_mu,-,821.633996,1.0499999523162842,1.6823999881744385
rear_mu,-,821.699996,1.0499999523162842,1.6823999881744385
rear_mu,-,821.831995,1.0499999523162842,1.6823999881744385
rear_mu,-,821.963995,1.0499999523162842,1.6823999881744385
rear_mu,-,822.095996,1.0499999523162842,1.6823999881744385
rear_mu,-,822.227996,1.0499999523162842,1.6823999881744385
rear_mu,-,822.359996,1.0499999523162842,1.6823999881744385
rear_mu,-,822.425996,1.0499999523162842,1.6823999881744385
rear_mu,-,822.557996,1.0499999523162842,1.6823999881744385
rear_mu,-,822.623996,1.0499999523162842,1.6823999881744385
rear_mu,-,822.755996,1.0499999523162842,1.6823999881744385
rear_mu,-,822.821995,1.0499999523162842,1.6823999881744385
rear_mu,-,822.953995,1.0499999523162842,1.6823999881744385
rear_mu,-,823.019995,1.0499999523162842,1.6823999881744385
rear_mu,-,823.151996,1.0499999523162842,1.6823999881744385
rear_mu,-,823.283996,1.0499999523162842,1.6823999881744385
rear_mu,-,823.415996,1.0499999523162842,1.6823999881744385
rear_mu,-,823.547996,1.0499999523162842,1.6823999881744385
rear_mu,-,823.679996,1.0499999523162842,1.6823999881744385
rear_mu,-,823.745996,1.0499999523162842,1.6823999881744385
rear_mu,-,823.877995,1.0499999523162842,1.6823999881744385
rear_mu,-,823.943995,1.0499999523162842,1.6823999881744385
rear_mu,-,824.075995,1.0499999523162842,1.6823999881744385
rear_mu,-,824.141995,1.0499999523162842,1.6823999881744385
rear_mu,-,824.273996,1.0499999523162842,1.6823999881744385
rear_mu,-,824.339996,1.0499999523162842,1.6823999881744385
rear_mu,-,824.471996,1.0499999523162842,1.6823999881744385
rear_mu,-,824.603996,1.0499999523162842,1.6823999881744385
rear_mu,-,824.735996,1.0499999523162842,1.6823999881744385
rear_mu,-,824.867996,1.0499999523162842,1.6823999881744385
rear_mu,-,824.999995,1.0499999523162842,1.6823999881744385
rear_mu,-,825.065995,1.0499999523162842,1.6823999881744385
rear_mu,-,825.197995,1.0499999523162842,1.6823999881744385
rear_mu,-,825.263996,1.0499999523162842,1.6823999881744385
rear_mu,-,825.395996,1.0499999523162842,1.6823999881744385
rear_mu,-,825.461996,1.0499999523162842,1.6823999881744385
rear_mu,-,825.593996,1.0499999523162842,1.6823999881744385
rear_mu,-,825.659996,1.0499999523162842,1.6823999881744385
rear_mu,-,825.791996,1.0499999523162842,1.6823999881744385
rear_mu,-,825.923995,1.0499999523162842,1.6823999881744385
rear_mu,-,826.055995,1.0499999523162842,1.6823999881744385
rear_mu,-,826.187995,1.0499999523162842,1.6823999881744385
rear_mu,-,826.319996,1.0499999523162842,1.6823999881744385
rear_mu,-,826.385996,1.0499999523162842,1.6823999881744385
rear_mu,-,826.517996,1.0499999523162842,1.6823999881744385
rear_mu,-,826.583996,1.0499999523162842,1.6823999881744385
rear_mu,-,826.715996,1.0499999523162842,1.6823999881744385
rear_mu,-,826.781996,1.0499999523162842,1.6823999881744385
rear_mu,-,826.913996,1.0499999523162842,1.6823999881744385
rear_mu,-,827.045995,1.0499999523162842,1.6823999881744385
rear_mu,-,827.177995,1.0499999523162842,1.6823999881744385
rear_mu,-,827.309995,1.0499999523162842,1.6823999881744385
rear_mu,-,827.441996,1.0499999523162842,1.6823999881744385
rear_mu,-,827.573996,1.0499999523162842,1.6823999881744385
rear_mu,-,827.672996,1.0499999523162842,1.6823999881744385
rear_mu,-,827.771996,1.0499999523162842,1.6823999881744385
rear_mu,-,827.870996,1.0499999523162842,1.6823999881744385
rear_mu,-,827.969995,1.0499999523162842,1.6823999881744385
rear_mu,-,828.068995,1.0499999523162842,1.6823999881744385
rear_mu,-,828.167995,1.0499999523162842,1.6823999881744385
rear_mu,-,828.299995,1.0499999523162842,1.6823999881744385
rear_mu,-,828.431996,1.0499999523162842,1.6823999881744385
rear_mu,-,828.563996,1.0499999523162842,1.6823999881744385
rear_mu,-,828.695996,1.0499999523162842,1.6823999881744385
rear_mu,-,828.827996,1.0499999523162842,1.6823999881744385
rear_mu,-,828.959996,1.0499999523162842,1.6823999881744385
rear_mu,-,829.025995,1.0499999523162842,1.6823999881744385
rear_mu,-,829.157995,1.0499999523162842,1.6823999881744385
rear_mu,-,829.223995,1.0499999523162842,1.6823999881744385
rear_mu,-,829.355995,1.0499999523162842,1.6823999881744385
rear_mu,-,829.421995,1.0499999523162842,1.6823999881744385
rear_mu,-,829.553996,1.0499999523162842,1.6823999881744385
rear_mu,-,829.619996,1.0499999523162842,1.6823999881744385
rear_mu,-,829.751996,1.0499999523162842,1.6823999881744385
rear_mu,-,829.883996,1.0499999523162842,1.6823999881744385
rear_mu,-,830.015996,1.0499999523162842,1.6823999881744385
rear_mu,-,830.147995,1.0499999523162842,1.6823999881744385
rear_mu,-,830.279995,1.0499999523162842,1.6823999881744385
rear_mu,-,830.345995,1.0499999523162842,1.6823999881744385
rear_mu,-,830.477995,1.0499999523162842,1.6823999881744385
rear_mu,-,830.543996,1.0499999523162842,1.6823999881744385
rear_mu,-,830.675996,1.0499999523162842,1.6823999881744385
rear_mu,-,830.741996,1.0499999523162842,1.6823999881744385
rear_mu,-,830.873996,1.0499999523162842,1.6823999881744385
rear_mu,-,831.005996,1.0499999523162842,1.6823999881744385
rear_mu,-,831.137995,1.0499999523162842,1.6823999881744385
rear_mu,-,831.269995,1.0499999523162842,1.6823999881744385
rear_mu,-,831.401995,1.0499999523162842,1.6823999881744385
rear_mu,-,831.533995,1.0499999523162842,1.6823999881744385
rear_mu,-,831.632996,1.0499999523162842,1.6823999881744385
rear_mu,-,831.731996,1.0499999523162842,1.6823999881744385
rear_mu,-,831.830996,1.0499999523162842,1.6823999881744385
rear_mu,-,831.929996,1.0499999523162842,1.6823999881744385
rear_mu,-,832.028996,1.0499999523162842,1.6823999881744385
rear_mu,-,832.127995,1.0499999523162842,1.6823999881744385
rear_mu,-,832.259995,1.0499999523162842,1.6823999881744385
rear_mu,-,832.391995,1.0499999523162842,1.6823999881744385
rear_mu,-,832.523995,1.0499999523162842,1.6823999881744385
rear_mu,-,832.655996,1.0499999523162842,1.6823999881744385
rear_mu,-,832.787996,1.0499999523162842,1.6823999881744385
rear_mu,-,832.919996,1.0499999523162842,1.6823999881744385
rear_mu,-,832.985996,1.0499999523162842,1.6823999881744385
rear_mu,-,833.117996,1.0499999523162842,1.6823999881744385
rear_mu,-,833.183995,1.0499999523162842,1.6823999881744385
rear_mu,-,833.315995,1.0499999523162842,1.6823999881744385
rear_mu,-,833.381995,1.0499999523162842,1.6823999881744385
rear_mu,-,833.513995,1.0499999523162842,1.6823999881744385
rear_mu,-,833.645995,1.0499999523162842,1.6823999881744385
rear_mu,-,833.777996,1.0499999523162842,1.6823999881744385
rear_mu,-,833.909996,1.0499999523162842,1.6823999881744385
rear_mu,-,834.041996,1.0499999523162842,1.6823999881744385
rear_mu,-,834.173995,1.0499999523162842,1.6823999881744385
rear_mu,-,834.272995,1.0499999523162842,1.6823999881744385
rear_mu,-,834.371995,1.0499999523162842,1.6823999881744385
rear_mu,-,834.470995,1.0499999523162842,1.6823999881744385
rear_mu,-,834.569995,1.0499999523162842,1.6823999881744385
rear_mu,-,834.668995,1.0499999523162842,1.6823999881744385
rear_mu,-,834.767996,1.0499999523162842,1.6823999881744385
rear_mu,-,834.899996,1.0499999523162842,1.6823999881744385
rear_mu,-,835.031996,1.0499999523162842,1.6823999881744385
rear_mu,-,835.163996,1.0499999523162842,1.6823999881744385
rear_mu,-,835.295995,1.0499999523162842,1.6823999881744385
rear_mu,-,835.427995,1.0499999523162842,1.6823999881744385
rear_mu,-,835.559995,1.0499999523162842,1.6823999881744385
rear_mu,-,835.625995,1.0499999523162842,1.6823999881744385
rear_mu,-,835.757995,1.0499999523162842,1.6823999881744385
rear_mu,-,835.823996,1.0499999523162842,1.6823999881744385
rear_mu,-,835.955996,1.0499999523162842,1.6823999881744385
rear_mu,-,836.021996,1.0499999523162842,1.6823999881744385
rear_mu,-,836.153996,1.0499999523162842,1.6823999881744385
rear_mu,-,836.285995,1.0499999523162842,1.6823999881744385
rear_mu,-,836.417995,1.0499999523162842,1.6823999881744385
rear_mu,-,836.549995,1.0499999523162842,1.6823999881744385
rear_mu,-,836.681995,1.0499999523162842,1.6823999881744385
rear_mu,-,836.813995,1.0499999523162842,1.6823999881744385
rear_mu,-,836.912996,1.0499999523162842,1.6823999881744385
rear_mu,-,837.011996,1.0499999523162842,1.6823999881744385
rear_mu,-,837.110996,1.0499999523162842,1.6823999881744385
rear_mu,-,837.209996,1.0499999523162842,1.6823999881744385
rear_mu,-,837.308995,1.0499999523162842,1.6823999881744385
rear_mu,-,837.407995,1.0499999523162842,1.6823999881744385
rear_mu,-,837.539995,1.0499999523162842,1.6823999881744385
rear_mu,-,837.671995,1.0499999523162842,1.6823999881744385
rear_mu,-,837.803995,1.0499999523162842,1.6823999881744385
rear_mu,-,837.935996,1.0499999523162842,1.6823999881744385
rear_mu,-,838.067996,1.0499999523162842,1.6823999881744385
rear_mu,-,838.199996,1.0499999523162842,1.6823999881744385
rear_mu,-,838.265996,1.0499999523162842,1.6823999881744385
rear_mu,-,838.397995,1.0499999523162842,1.6823999881744385
rear_mu,-,838.463995,1.0499999523162842,1.6823999881744385
rear_mu,-,838.595995,1.0499999523162842,1.6823999881744385
rear_mu,-,838.661995,1.0499999523162842,1.6823999881744385
rear_mu,-,838.793995,1.0499999523162842,1.6823999881744385
rear_mu,-,838.925995,1.0499999523162842,1.6823999881744385
rear_mu,-,839.057996,1.0499999523162842,1.6823999881744385
rear_mu,-,839.189996,1.0499999523162842,1.6823999881744385
rear_mu,-,839.321995,1.0499999523162842,1.6823999881744385
rear_mu,-,839.453995,1.0499999523162842,1.6823999881744385
rear_mu,-,839.552995,1.0499999523162842,1.6823999881744385
rear_mu,-,839.651995,1.0499999523162842,1.6823999881744385
rear_mu,-,839.750995,1.0499999523162842,1.6823999881744385
rear_mu,-,839.849995,1.0499999523162842,1.6823999881744385
rear_mu,-,839.948995,1.0499999523162842,1.6823999881744385
rear_mu,-,840.047996,1.0499999523162842,1.6823999881744385
rear_mu,-,840.146996,1.0499999523162842,1.6823999881744385
rear_mu,-,840.245996,1.0499999523162842,1.6823999881744385
rear_mu,-,840.377995,1.0499999523162842,1.6823999881744385
rear_mu,-,840.509995,1.0499999523162842,1.6823999881744385
rear_mu,-,840.641995,1.0499999523162842,1.6823999881744385
rear_mu,-,840.773995,1.0499999523162842,1.6823999881744385
rear_mu,-,840.872995,1.0499999523162842,1.6823999881744385
rear_mu,-,840.971995,1.0499999523162842,1.6823999881744385
rear_mu,-,841.070995,1.0499999523162842,1.6823999881744385
rear_mu,-,841.169996,1.0499999523162842,1.6823999881744385
rear_mu,-,841.268996,1.0499999523162842,1.6823999881744385
rear_mu,-,841.367996,1.0499999523162842,1.6823999881744385
rear_mu,-,841.466995,1.0499999523162842,1.6823999881744385
rear_mu,-,841.565995,1.0499999523162842,1.6823999881744385
rear_mu,-,841.697995,1.0499999523162842,1.6823999881744385
rear_mu,-,841.829995,1.0499999523162842,1.6823999881744385
rear_mu,-,841.961995,1.0499999523162842,1.6823999881744385
rear_mu,-,842.093995,1.0499999523162842,1.6823999881744385
rear_mu,-,842.192996,1.0499999523162842,1.6823999881744385
rear_mu,-,842.291996,1.0499999523162842,1.6823999881744385
rear_mu,-,842.390996,1.0499999523162842,1.6823999881744385
rear_mu,-,842.489995,1.0499999523162842,1.6823999881744385
rear_mu,-,842.621995,1.0499999523162842,1.6823999881744385
rear_mu,-,842.753995,1.0499999523162842,1.6823999881744385
rear_mu,-,842.819995,1.0499999523162842,1.6823999881744385
rear_mu,-,842.951995,1.0499999523162842,1.6823999881744385
rear_mu,-,843.083995,1.0499999523162842,1.6823999881744385
rear_mu,-,843.215996,1.0499999523162842,1.6823999881744385
rear_mu,-,843.347996,1.0499999523162842,1.6823999881744385
rear_mu,-,843.479995,1.0499999523162842,1.6823999881744385
rear_mu,-,843.545995,1.0499999523162842,1.6823999881744385
rear_mu,-,843.677995,1.0499999523162842,1.6823999881744385
rear_mu,-,843.743995,1.0499999523162842,1.6823999881744385
rear_mu,-,843.875995,1.0499999523162842,1.6823999881744385
rear_mu,-,843.941995,1.0499999523162842,1.6823999881744385
rear_mu,-,844.073995,1.0499999523162842,1.6823999881744385
rear_mu,-,844.205995,1.0499999523162842,1.6823999881744385
rear_mu,-,844.337996,1.0499999523162842,1.6823999881744385
rear_mu,-,844.469995,1.0499999523162842,1.6823999881744385
rear_mu,-,844.601995,1.0499999523162842,1.6823999881744385
rear_mu,-,844.733995,1.0499999523162842,1.6823999881744385
rear_mu,-,844.832995,1.0499999523162842,1.6823999881744385
rear_mu,-,844.931995,1.0499999523162842,1.6823999881744385
rear_mu,-,845.030995,1.0499999523162842,1.6823999881744385
rear_mu,-,845.129995,1.0499999523162842,1.6823999881744385
rear_mu,-,845.228995,1.0499999523162842,1.6823999881744385
rear_mu,-,845.327996,1.0499999523162842,1.6823999881744385
rear_mu,-,845.459996,1.0499999523162842,1.6823999881744385
rear_mu,-,845.591995,1.0499999523162842,1.6823999881744385
rear_mu,-,845.723995,1.0499999523162842,1.6823999881744385
rear_mu,-,845.855995,1.0499999523162842,1.6823999881744385
rear_mu,-,845.987995,1.0499999523162842,1.6823999881744385
rear_mu,-,846.119995,1.0499999523162842,1.6823999881744385
rear_mu,-,846.185995,1.0499999523162842,1.6823999881744385
rear_mu,-,846.317995,1.0499999523162842,1.6823999881744385
rear_mu,-,846.383996,1.0499999523162842,1.6823999881744385
rear_mu,-,846.515996,1.0499999523162842,1.6823999881744385
rear_mu,-,846.581995,1.0499999523162842,1.6823999881744385
rear_mu,-,846.713995,1.0499999523162842,1.6823999881744385
rear_mu,-,846.845995,1.0499999523162842,1.6823999881744385
rear_mu,-,846.977995,1.0499999523162842,1.6823999881744385
rear_mu,-,847.109995,1.0499999523162842,1.6823999881744385
rear_mu,-,847.241995,1.0499999523162842,1.6823999881744385
rear_mu,-,847.373995,1.0499999523162842,1.6823999881744385
rear_mu,-,847.472996,1.0499999523162842,1.6823999881744385
rear_mu,-,847.637995,1.0499999523162842,1.6823999881744385
rear_mu,-,847.703995,1.0499999523162842,1.6823999881744385
rear_mu,-,847.835995,1.0499999523162842,1.6823999881744385
rear_mu,-,847.901995,1.0499999523162842,1.6823999881744385
rear_mu,-,848.033995,1.0499999523162842,1.6823999881744385
rear_mu,-,848.099995,1.0499999523162842,1.6823999881744385
rear_mu,-,848.231995,1.0499999523162842,1.6823999881744385
rear_mu,-,848.297995,1.0499999523162842,1.6823999881744385
rear_mu,-,848.429995,1.0499999523162842,1.6823999881744385
rear_mu,-,848.561996,1.0499999523162842,1.6823999881744385
rear_mu,-,848.693995,1.0499999523162842,1.6823999881744385
rear_mu,-,848.792995,1.0499999523162842,1.6823999881744385
rear_mu,-,848.891995,1.0499999523162842,1.6823999881744385
rear_mu,-,848.990995,1.0499999523162842,1.6823999881744385
rear_mu,-,849.089995,1.0499999523162842,1.6823999881744385
rear_mu,-,849.188995,1.0499999523162842,1.6823999881744385
rear_mu,-,849.287995,1.0499999523162842,1.6823999881744385
rear_mu,-,849.386995,1.0499999523162842,1.6823999881744385
rear_mu,-,849.485995,1.0499999523162842,1.6823999881744385
rear_mu,-,849.584996,1.0499999523162842,1.6823999881744385
rear_mu,-,849.683995,1.0499999523162842,1.6823999881744385
rear_mu,-,849.815995,1.0499999523162842,1.6823999881744385
rear_mu,-,849.947995,1.0499999523162842,1.6823999881744385
rear_mu,-,850.079995,1.0499999523162842,1.6823999881744385
rear_mu,-,850.145995,1.0499999523162842,1.6823999881744385
rear_mu,-,850.277995,1.0499999523162842,1.6823999881744385
rear_mu,-,850.343995,1.0499999523162842,1.6823999881744385
rear_mu,-,850.475995,1.0499999523162842,1.6823999881744385
rear_mu,-,850.541995,1.0499999523162842,1.6823999881744385
rear_mu,-,850.673995,1.0499999523162842,1.6823999881744385
rear_mu,-,850.739995,1.0499999523162842,1.6823999881744385
rear_mu,-,850.871995,1.0499999523162842,1.6823999881744385
rear_mu,-,851.003995,1.0499999523162842,1.6823999881744385
rear_mu,-,851.135995,1.0499999523162842,1.6823999881744385
rear_mu,-,851.267995,1.0499999523162842,1.6823999881744385
rear_mu,-,851.399995,1.0499999523162842,1.6823999881744385
rear_mu,-,851.465995,1.0499999523162842,1.6823999881744385
rear_mu,-,851.597995,1.0499999523162842,1.6823999881744385
rear_mu,-,851.663996,1.0499999523162842,1.6823999881744385
rear_mu,-,851.795995,1.0499999523162842,1.6823999881744385
rear_mu,-,851.861995,1.0499999523162842,1.6823999881744385
rear_mu,-,851.993995,1.0499999523162842,1.6823999881744385
rear_mu,-,852.125995,1.0499999523162842,1.6823999881744385
rear_mu,-,852.257995,1.0499999523162842,1.6823999881744385
rear_mu,-,852.389995,1.0499999523162842,1.6823999881744385
rear_mu,-,852.521995,1.0499999523162842,1.6823999881744385
rear_mu,-,852.653995,1.0499999523162842,1.6823999881744385
rear_mu,-,852.752995,1.0499999523162842,1.6823999881744385
rear_mu,-,852.851995,1.0499999523162842,1.6823999881744385
rear_mu,-,852.950995,1.0499999523162842,1.6823999881744385
rear_mu,-,853.049995,1.0499999523162842,1.6823999881744385
rear_mu,-,853.148995,1.0499999523162842,1.6823999881744385
rear_mu,-,853.247995,1.0499999523162842,1.6823999881744385
rear_mu,-,853.379995,1.0499999523162842,1.6823999881744385
rear_mu,-,853.511995,1.0499999523162842,1.6823999881744385
rear_mu,-,853.643995,1.0499999523162842,1.6823999881744385
rear_mu,-,853.775995,1.0499999523162842,1.6823999881744385
rear_mu,-,853.907995,1.0499999523162842,1.6823999881744385
rear_mu,-,854.039995,1.0499999523162842,1.6823999881744385
rear_mu,-,854.105995,1.0499999523162842,1.6823999881744385
rear_mu,-,854.237995,1.0499999523162842,1.6823999881744385
rear_mu,-,854.303995,1.0499999523162842,1.6823999881744385
rear_mu,-,854.435995,1.0499999523162842,1.6823999881744385
rear_mu,-,854.501995,1.0499999523162842,1.6823999881744385
rear_mu,-,854.633995,1.0499999523162842,1.6823999881744385
rear_mu,-,854.765995,1.0499999523162842,1.6823999881744385
rear_mu,-,854.897995,1.0499999523162842,1.6823999881744385
rear_mu,-,855.029995,1.0499999523162842,1.6823999881744385
rear_mu,-,855.161995,1.0499999523162842,1.6823999881744385
rear_mu,-,855.293995,1.0499999523162842,1.6823999881744385
rear_mu,-,855.392995,1.0499999523162842,1.6823999881744385
rear_mu,-,855.491995,1.0499999523162842,1.6823999881744385
rear_mu,-,855.590995,1.0499999523162842,1.6823999881744385
rear_mu,-,855.689995,1.0499999523162842,1.6823999881744385
rear_mu,-,855.788995,1.0499999523162842,1.6823999881744385
rear_mu,-,855.887995,1.0499999523162842,1.6823999881744385
rear_mu,-,856.019995,1.0499999523162842,1.6823999881744385
rear_mu,-,856.151995,1.0499999523162842,1.6823999881744385
rear_mu,-,856.283995,1.0499999523162842,1.6823999881744385
rear_mu,-,856.415995,1.0499999523162842,1.6823999881744385
rear_mu,-,856.547995,1.0499999523162842,1.6823999881744385
rear_mu,-,856.679995,1.0499999523162842,1.6823999881744385
rear_mu,-,856.745995,1.0499999523162842,1.6823999881744385
rear_mu,-,856.877995,1.0499999523162842,1.6823999881744385
rear_mu,-,856.943995,1.0499999523162842,1.6823999881744385
rear_mu,-,857.075995,1.0499999523162842,1.6823999881744385
rear_mu,-,857.141995,1.0499999523162842,1.6823999881744385
rear_mu,-,857.273995,1.0499999523162842,1.6823999881744385
rear_mu,-,857.405995,1.0499999523162842,1.6823999881744385
rear_mu,-,857.537995,1.0499999523162842,1.6823999881744385
rear_mu,-,857.669995,1.0499999523162842,1.6823999881744385
rear_mu,-,857.801995,1.0499999523162842,1.6823999881744385
rear_mu,-,857.933995,1.0499999523162842,1.6823999881744385
rear_mu,-,858.032995,1.0499999523162842,1.6823999881744385
rear_mu,-,858.131995,1.0499999523162842,1.6823999881744385
rear_mu,-,858.230995,1.0499999523162842,1.6823999881744385
rear_mu,-,858.329995,1.0499999523162842,1.6823999881744385
rear_mu,-,858.428995,1.0499999523162842,1.6823999881744385
rear_mu,-,858.527995,1.0499999523162842,1.6823999881744385
rear_mu,-,858.659995,1.0499999523162842,1.6823999881744385
rear_mu,-,858.791995,1.0499999523162842,1.6823999881744385
rear_mu,-,858.923995,1.0499999523162842,1.6823999881744385
rear_mu,-,859.055995,1.0499999523162842,1.6823999881744385
rear_mu,-,859.187995,1.0499999523162842,1.6823999881744385
rear_mu,-,859.319995,1.0499999523162842,1.6823999881744385
rear_mu,-,859.385995,1.0499999523162842,1.6823999881744385
rear_mu,-,859.517995,1.0499999523162842,1.6823999881744385
rear_mu,-,859.583995,1.0499999523162842,1.6823999881744385
rear_mu,-,859.715995,1.0499999523162842,1.6823999881744385
rear_mu,-,859.781995,1.0499999523162842,1.6823999881744385
rear_mu,-,859.913995,1.0499999523162842,1.6823999881744385
rear_mu,-,860.045995,1.0499999523162842,1.6823999881744385
rear_mu,-,860.177995,1.0499999523162842,1.6823999881744385
rear_mu,-,860.309995,1.0499999523162842,1.6823999881744385
rear_mu,-,860.441995,1.0499999523162842,1.6823999881744385
rear_mu,-,860.573995,1.0499999523162842,1.6823999881744385
rear_mu,-,860.672995,1.0499999523162842,1.6823999881744385
rear_mu,-,860.771995,1.0499999523162842,1.6823999881744385
rear_mu,-,860.870995,1.0499999523162842,1.6823999881744385
rear_mu,-,860.969995,1.0499999523162842,1.6823999881744385
rear_mu,-,861.068995,1.0499999523162842,1.6823999881744385
rear_mu,-,861.167995,1.0499999523162842,1.6823999881744385
rear_mu,-,861.266995,1.0499999523162842,1.6823999881744385
rear_mu,-,861.365995,1.0499999523162842,1.6823999881744385
rear_mu,-,861.497995,1.0499999523162842,1.6823999881744385
rear_mu,-,861.629995,1.0499999523162842,1.6823999881744385
rear_mu,-,861.761995,1.0499999523162842,1.6823999881744385
rear_mu,-,861.893995,1.0499999523162842,1.6823999881744385
rear_mu,-,861.992995,1.0499999523162842,1.6823999881744385
rear_mu,-,862.091995,1.0499999523162842,1.6823999881744385
rear_mu,-,862.190995,1.0499999523162842,1.6823999881744385
rear_mu,-,862.289995,1.0499999523162842,1.6823999881744385
rear_mu,-,862.388995,1.0499999523162842,1.6823999881744385
rear_mu,-,862.487995,1.0499999523162842,1.6823999881744385
rear_mu,-,862.619995,1.0499999523162842,1.6823999881744385
rear_mu,-,862.751995,1.0499999523162842,1.6823999881744385
rear_mu,-,862.883995,1.0499999523162842,1.6823999881744385
rear_mu,-,863.015995,1.0499999523162842,1.6823999881744385
rear_mu,-,863.147995,1.0499999523162842,1.6823999881744385
rear_mu,-,863.279995,1.0499999523162842,1.6823999881744385
rear_mu,-,863.345995,1.0499999523162842,1.6823999881744385
rear_mu,-,863.477995,1.0499999523162842,1.6823999881744385
rear_mu,-,863.543995,1.0499999523162842,1.6823999881744385
rear_mu,-,863.675995,1.0499999523162842,1.6823999881744385
rear_mu,-,863.741995,1.0499999523162842,1.6823999881744385
rear_mu,-,863.873995,1.0499999523162842,1.6823999881744385
rear_mu,-,864.005995,1.0499999523162842,1.6823999881744385
rear_mu,-,864.137995,1.0499999523162842,1.6823999881744385
rear_mu,-,864.269995,1.0499999523162842,1.6823999881744385
rear_mu,-,864.401995,1.0499999523162842,1.6823999881744385
rear_mu,-,864.533995,1.0499999523162842,1.6823999881744385
rear_mu,-,864.632995,1.0499999523162842,1.6823999881744385
rear_mu,-,864.731995,1.0499999523162842,1.6823999881744385
rear_mu,-,864.830995,1.0499999523162842,1.6823999881744385
rear_mu,-,864.929995,1.0499999523162842,1.6823999881744385
rear_mu,-,865.028995,1.0499999523162842,1.6823999881744385
rear_mu,-,865.127995,1.0499999523162842,1.6823999881744385
rear_mu,-,865.259995,1.0499999523162842,1.6823999881744385
rear_mu,-,865.391995,1.0499999523162842,1.6823999881744385
rear_mu,-,865.523995,1.0499999523162842,1.6823999881744385
rear_mu,-,865.655995,1.0499999523162842,1.6823999881744385
rear_mu,-,865.787995,1.0499999523162842,1.6823999881744385
rear_mu,-,865.919995,1.0499999523162842,1.6823999881744385
rear_mu,-,865.985995,1.0499999523162842,1.6823999881744385
rear_mu,-,866.117995,1.0499999523162842,1.6823999881744385
rear_mu,-,866.183995,1.0499999523162842,1.6823999881744385
rear_mu,-,866.315995,1.0499999523162842,1.6823999881744385
rear_mu,-,866.381995,1.0499999523162842,1.6823999881744385
rear_mu,-,866.513995,1.0499999523162842,1.6823999881744385
rear_mu,-,866.645995,1.0499999523162842,1.6823999881744385
rear_mu,-,866.777995,1.0499999523162842,1.6823999881744385
rear_mu,-,866.909995,1.0499999523162842,1.6823999881744385
rear_mu,-,867.041995,1.0499999523162842,1.6823999881744385
rear_mu,-,867.173995,1.0499999523162842,1.6823999881744385
rear_mu,-,867.272995,1.0499999523162842,1.6823999881744385
rear_mu,-,867.371995,1.0499999523162842,1.6823999881744385
rear_mu,-,867.470995,1.0499999523162842,1.6823999881744385
rear_mu,-,867.569995,1.0499999523162842,1.6823999881744385
rear_mu,-,867.701995,1.0499999523162842,1.6823999881744385
rear_mu,-,867.833995,1.0499999523162842,1.6823999881744385
rear_mu,-,867.965995,1.0499999523162842,1.6823999881744385
rear_mu,-,868.097995,1.0499999523162842,1.6823999881744385
rear_mu,-,868.229995,1.0499999523162842,1.6823999881744385
rear_mu,-,868.361995,1.0499999523162842,1.6823999881744385
rear_mu,-,868.493995,1.0499999523162842,1.6823999881744385
rear_mu,-,868.592995,1.0499999523162842,1.6823999881744385
rear_mu,-,868.757995,1.0499999523162842,1.6823999881744385
rear_mu,-,868.823995,1.0499999523162842,1.6823999881744385
rear_mu,-,868.955995,1.0499999523162842,1.6823999881744385
rear_mu,-,869.021995,1.0499999523162842,1.6823999881744385
rear_mu,-,869.153995,1.0499999523162842,1.6823999881744385
rear_mu,-,869.219995,1.0499999523162842,1.6823999881744385
rear_mu,-,869.351995,1.0499999523162842,1.6823999881744385
rear_mu,-,869.483995,1.0499999523162842,1.6823999881744385
rear_mu,-,869.615995,1.0499999523162842,1.6823999881744385
rear_mu,-,869.747995,1.0499999523162842,1.6823999881744385
rear_mu,-,869.912995,1.0499999523162842,1.6823999881744385
rear_mu,-,870.011995,1.0499999523162842,1.6823999881744385
rear_mu,-,870.110995,1.0499999523162842,1.6823999881744385
rear_mu,-,870.209995,1.0499999523162842,1.6823999881744385
rear_mu,-,870.308995,1.0499999523162842,1.6823999881744385
rear_mu,-,870.407995,1.0499999523162842,1.6823999881744385
rear_mu,-,870.506995,1.0499999523162842,1.6823999881744385
rear_mu,-,870.605995,1.0499999523162842,1.6823999881744385
rear_mu,-,870.704995,1.0499999523162842,1.6823999881744385
rear_mu,-,870.803995,1.0499999523162842,1.6823999881744385
rear_mu,-,870.935995,1.0499999523162842,1.6823999881744385
rear_mu,-,871.067995,1.0499999523162842,1.6823999881744385
rear_mu,-,871.199995,1.0499999523162842,1.6823999881744385
rear_mu,-,871.265995,1.0499999523162842,1.6823999881744385
rear_mu,-,871.397995,1.0499999523162842,1.6823999881744385
rear_mu,-,871.463995,1.0499999523162842,1.6823999881744385
rear_mu,-,871.595995,1.0499999523162842,1.6823999881744385
rear_mu,-,871.661995,1.0499999523162842,1.6823999881744385
rear_mu,-,871.793995,1.0499999523162842,1.6823999881744385
rear_mu,-,871.859995,1.0499999523162842,1.6823999881744385
rear_mu,-,871.991995,1.0499999523162842,1.6823999881744385
rear_mu,-,872.123995,1.0499999523162842,1.6823999881744385
rear_mu,-,872.255995,1.0499999523162842,1.6823999881744385
rear_mu,-,872.387995,1.0499999523162842,1.6823999881744385
rear_mu,-,872.519995,1.0499999523162842,1.6823999881744385
rear_mu,-,872.585995,1.0499999523162842,1.6823999881744385
rear_mu,-,872.717995,1.0499999523162842,1.6823999881744385
rear_mu,-,872.783995,1.0499999523162842,1.6823999881744385
rear_mu,-,872.915995,1.0499999523162842,1.6823999881744385
rear_mu,-,872.981995,1.0499999523162842,1.6823999881744385
rear_mu,-,873.113995,1.0499999523162842,1.6823999881744385
rear_mu,-,873.245995,1.0499999523162842,1.6823999881744385
rear_mu,-,873.377995,1.0499999523162842,1.6823999881744385
rear_mu,-,873.509995,1.0499999523162842,1.6823999881744385
rear_mu,-,873.641995,1.0499999523162842,1.6823999881744385
rear_mu,-,873.773995,1.0499999523162842,1.6823999881744385
rear_mu,-,873.872995,1.0499999523162842,1.6823999881744385
rear_mu,-,873.971995,1.0499999523162842,1.6823999881744385
rear_mu,-,874.070995,1.0499999523162842,1.6823999881744385
rear_mu,-,874.169995,1.0499999523162842,1.6823999881744385
rear_mu,-,874.268995,1.0499999523162842,1.6823999881744385
rear_mu,-,874.367995,1.0499999523162842,1.6823999881744385
rear_mu,-,874.499995,1.0499999523162842,1.6823999881744385
rear_mu,-,874.631995,1.0499999523162842,1.6823999881744385
rear_mu,-,874.763995,1.0499999523162842,1.6823999881744385
rear_mu,-,874.895995,1.0499999523162842,1.6823999881744385
rear_mu,-,875.027995,1.0499999523162842,1.6823999881744385
rear_mu,-,875.159995,1.0499999523162842,1.6823999881744385
rear_mu,-,875.225995,1.0499999523162842,1.6823999881744385
rear_mu,-,875.357995,1.0499999523162842,1.6823999881744385
rear_mu,-,875.423995,1.0499999523162842,1.6823999881744385
rear_mu,-,875.555995,1.0499999523162842,1.6823999881744385
rear_mu,-,875.621995,1.0499999523162842,1.6823999881744385
rear_mu,-,875.753995,1.0499999523162842,1.6823999881744385
rear_mu,-,875.885995,1.0499999523162842,1.6823999881744385
rear_mu,-,876.017995,1.0499999523162842,1.6823999881744385
rear_mu,-,876.149995,1.0499999523162842,1.6823999881744385
rear_mu,-,876.281995,1.0499999523162842,1.6823999881744385
rear_mu,-,876.413995,1.0499999523162842,1.6823999881744385
rear_mu,-,876.512995,1.0499999523162842,1.6823999881744385
rear_mu,-,876.611995,1.0499999523162842,1.6823999881744385
rear_mu,-,876.710995,1.0499999523162842,1.6823999881744385
rear_mu,-,876.809995,1.0499999523162842,1.6823999881744385
rear_mu,-,876.908995,1.0499999523162842,1.6823999881744385
rear_mu,-,877.007995,1.0499999523162842,1.6823999881744385
rear_mu,-,877.139995,1.0499999523162842,1.6823999881744385
rear_mu,-,877.271995,1.0499999523162842,1.6823999881744385
rear_mu,-,877.403995,1.0499999523162842,1.6823999881744385
rear_mu,-,877.535995,1.0499999523162842,1.6823999881744385
rear_mu,-,877.667995,1.0499999523162842,1.6823999881744385
rear_mu,-,877.799995,1.0499999523162842,1.6823999881744385
rear_mu,-,877.865995,1.0499999523162842,1.6823999881744385
rear_mu,-,877.997995,1.0499999523162842,1.6823999881744385
rear_mu,-,878.063995,1.0499999523162842,1.6823999881744385
rear_mu,-,878.195995,1.0499999523162842,1.6823999881744385
rear_mu,-,878.261995,1.0499999523162842,1.6823999881744385
rear_mu,-,878.393995,1.0499999523162842,1.6823999881744385
rear_mu,-,878.525995,1.0499999523162842,1.6823999881744385
rear_mu,-,878.657995,1.0499999523162842,1.6823999881744385
rear_mu,-,878.789995,1.0499999523162842,1.6823999881744385
rear_mu,-,878.921995,1.0499999523162842,1.6823999881744385
rear_mu,-,879.053995,1.0499999523162842,1.6823999881744385
rear_mu,-,879.152995,1.0499999523162842,1.6823999881744385
rear_mu,-,879.251995,1.0499999523162842,1.6823999881744385
rear_mu,-,879.350995,1.0499999523162842,1.6823999881744385
rear_mu,-,879.449995,1.0499999523162842,1.6823999881744385
rear_mu,-,879.548995,1.0499999523162842,1.6823999881744385
rear_mu,-,879.647995,1.0499999523162842,1.6823999881744385
rear_mu,-,879.779995,1.0499999523162842,1.6823999881744385
rear_mu,-,879.911995,1.0499999523162842,1.6823999881744385
rear_mu,-,880.043995,1.0499999523162842,1.6823999881744385
rear_mu,-,880.175995,1.0499999523162842,1.6823999881744385
rear_mu,-,880.307995,1.0499999523162842,1.6823999881744385
rear_mu,-,880.439995,1.0499999523162842,1.6823999881744385
rear_mu,-,880.505995,1.0499999523162842,1.6823999881744385
rear_mu,-,880.637995,1.0499999523162842,1.6823999881744385
rear_mu,-,880.703995,1.0499999523162842,1.6823999881744385
rear_mu,-,880.835995,1.0499999523162842,1.6823999881744385
rear_mu,-,880.901995,1.0499999523162842,1.6823999881744385
rear_mu,-,881.033995,1.0499999523162842,1.6823999881744385
rear_mu,-,881.099995,1.0499999523162842,1.6823999881744385
rear_mu,-,881.231995,1.0499999523162842,1.6823999881744385
rear_mu,-,881.363995,1.0499999523162842,1.6823999881744385
rear_mu,-,881.495995,1.0499999523162842,1.6823999881744385
rear_mu,-,881.627995,1.0499999523162842,1.6823999881744385
rear_mu,-,881.759995,1.0499999523162842,1.6823999881744385
rear_mu,-,881.825995,1.0499999523162842,1.6823999881744385
rear_mu,-,881.957995,1.0499999523162842,1.6823999881744385
rear_mu,-,882.023995,1.0499999523162842,1.6823999881744385
rear_mu,-,882.155995,1.0499999523162842,1.6823999881744385
rear_mu,-,882.221995,1.0499999523162842,1.6823999881744385
rear_mu,-,882.353995,1.0499999523162842,1.6823999881744385
rear_mu,-,882.485995,1.0499999523162842,1.6823999881744385
rear_mu,-,882.617995,1.0499999523162842,1.6823999881744385
rear_mu,-,882.749995,1.0499999523162842,1.6823999881744385
rear_mu,-,882.881995,1.0499999523162842,1.6823999881744385
rear_mu,-,883.013995,1.0499999523162842,1.6823999881744385
rear_mu,-,883.112995,1.0499999523162842,1.6823999881744385
rear_mu,-,883.211995,1.0499999523162842,1.6823999881744385
rear_mu,-,883.310995,1.0499999523162842,1.6823999881744385
rear_mu,-,883.409995,1.0499999523162842,1.6823999881744385
rear_mu,-,883.508995,1.0499999523162842,1.6823999881744385
rear_mu,-,883.607995,1.0499999523162842,1.6823999881744385
rear_mu,-,883.739995,1.0499999523162842,1.6823999881744385
rear_mu,-,883.871995,1.0499999523162842,1.6823999881744385
rear_mu,-,884.003995,1.0499999523162842,1.6823999881744385
rear_mu,-,884.135995,1.0499999523162842,1.6823999881744385
rear_mu,-,884.267995,1.0499999523162842,1.6823999881744385
rear_mu,-,884.399995,1.0499999523162842,1.6823999881744385
rear_mu,-,884.465995,1.0499999523162842,1.6823999881744385
rear_mu,-,884.597995,1.0499999523162842,1.6823999881744385
rear_mu,-,884.663995,1.0499999523162842,1.6823999881744385
rear_mu,-,884.795995,1.0499999523162842,1.6823999881744385
rear_mu,-,884.861995,1.0499999523162842,1.6823999881744385
rear_mu,-,884.993995,1.0499999523162842,1.6823999881744385
rear_mu,-,885.125995,1.0499999523162842,1.6823999881744385
rear_mu,-,885.257995,1.0499999523162842,1.6823999881744385
rear_mu,-,885.389995,1.0499999523162842,1.6823999881744385
rear_mu,-,885.521995,1.0499999523162842,1.6823999881744385
rear_mu,-,885.653995,1.0499999523162842,1.6823999881744385
rear_mu,-,885.752995,1.0499999523162842,1.6823999881744385
rear_mu,-,885.851995,1.0499999523162842,1.6823999881744385
rear_mu,-,885.950995,1.0499999523162842,1.6823999881744385
rear_mu,-,886.049995,1.0499999523162842,1.6823999881744385
rear_mu,-,886.148995,1.0499999523162842,1.6823999881744385
rear_mu,-,886.247995,1.0499999523162842,1.6823999881744385
rear_mu,-,886.346995,1.0499999523162842,1.6823999881744385
rear_mu,-,886.445995,1.0499999523162842,1.6823999881744385
rear_mu,-,886.544995,1.0499999523162842,1.6823999881744385
rear_mu,-,886.643995,1.0499999523162842,1.6823999881744385
rear_mu,-,886.775995,1.0499999523162842,1.6823999881744385
rear_mu,-,886.907995,1.0499999523162842,1.6823999881744385
rear_mu,-,887.039995,1.0499999523162842,1.6823999881744385
rear_mu,-,887.105995,1.0499999523162842,1.6823999881744385
rear_mu,-,887.237995,1.0499999523162842,1.6823999881744385
rear_mu,-,887.303995,1.0499999523162842,1.6823999881744385
rear_mu,-,887.435995,1.0499999523162842,1.6823999881744385
rear_mu,-,887.501995,1.0499999523162842,1.6823999881744385
rear_mu,-,887.633995,1.0499999523162842,1.6823999881744385
rear_mu,-,887.699995,1.0499999523162842,1.6823999881744385
rear_mu,-,887.831995,1.0499999523162842,1.6823999881744385
rear_mu,-,887.963995,1.0499999523162842,1.6823999881744385
rear_mu,-,888.095995,1.0499999523162842,1.6823999881744385
rear_mu,-,888.227995,1.0499999523162842,1.6823999881744385
rear_mu,-,888.359995,1.0499999523162842,1.6823999881744385
rear_mu,-,888.425995,1.0499999523162842,1.6823999881744385
rear_mu,-,888.557995,1.0499999523162842,1.6823999881744385
rear_mu,-,888.623995,1.0499999523162842,1.6823999881744385
rear_mu,-,888.755995,1.0499999523162842,1.6823999881744385
rear_mu,-,888.821995,1.0499999523162842,1.6823999881744385
rear_mu,-,888.953995,1.0499999523162842,1.6823999881744385
rear_mu,-,889.085995,1.0499999523162842,1.6823999881744385
rear_mu,-,889.217995,1.0499999523162842,1.6823999881744385
rear_mu,-,889.349995,1.0499999523162842,1.6823999881744385
rear_mu,-,889.481995,1.0499999523162842,1.6823999881744385
rear_mu,-,889.613995,1.0499999523162842,1.6823999881744385
rear_mu,-,889.712995,1.0499999523162842,1.6823999881744385
rear_mu,-,889.811995,1.0499999523162842,1.6823999881744385
rear_mu,-,889.910995,1.0499999523162842,1.6823999881744385
rear_mu,-,890.009995,1.0499999523162842,1.6823999881744385
rear_mu,-,890.108995,1.0499999523162842,1.6823999881744385
rear_mu,-,890.207995,1.0499999523162842,1.6823999881744385
rear_mu,-,890.339995,1.0499999523162842,1.6823999881744385
rear_mu,-,890.471995,1.0499999523162842,1.6823999881744385
rear_mu,-,890.603995,1.0499999523162842,1.6823999881744385
rear_mu,-,890.735995,1.0499999523162842,1.6823999881744385
rear_mu,-,890.867995,1.0499999523162842,1.6823999881744385
rear_mu,-,890.999995,1.0499999523162842,1.6823999881744385
rear_mu,-,891.065995,1.0499999523162842,1.6823999881744385
rear_mu,-,891.197995,1.0499999523162842,1.6823999881744385
rear_mu,-,891.263995,1.0499999523162842,1.6823999881744385
rear_mu,-,891.395995,1.0499999523162842,1.6823999881744385
rear_mu,-,891.461995,1.0499999523162842,1.6823999881744385
rear_mu,-,891.593995,1.0499999523162842,1.6823999881744385
rear_mu,-,891.725995,1.0499999523162842,1.6823999881744385
rear_mu,-,891.857995,1.0499999523162842,1.6823999881744385
rear_mu,-,891.989995,1.0499999523162842,1.6823999881744385
rear_mu,-,892.121995,1.0499999523162842,1.6823999881744385
rear_mu,-,892.253995,1.0499999523162842,1.6823999881744385
rear_mu,-,892.352995,1.0499999523162842,1.6823999881744385
rear_mu,-,892.451995,1.0499999523162842,1.6823999881744385
rear_mu,-,892.550995,1.0499999523162842,1.6823999881744385
rear_mu,-,892.649995,1.0499999523162842,1.6823999881744385
rear_mu,-,892.748995,1.0499999523162842,1.6823999881744385
rear_mu,-,892.847995,1.0499999523162842,1.6823999881744385
rear_mu,-,892.979995,1.0499999523162842,1.6823999881744385
rear_mu,-,893.111995,1.0499999523162842,1.6823999881744385
rear_mu,-,893.243995,1.0499999523162842,1.6823999881744385
rear_mu,-,893.375995,1.0499999523162842,1.6823999881744385
rear_mu,-,893.507995,1.0499999523162842,1.6823999881744385
rear_mu,-,893.639995,1.0499999523162842,1.6823999881744385
rear_mu,-,893.705995,1.0499999523162842,1.6823999881744385
rear_mu,-,893.837995,1.0499999523162842,1.6823999881744385
rear_mu,-,893.903995,1.0499999523162842,1.6823999881744385
rear_mu,-,894.035995,1.0499999523162842,1.6823999881744385
rear_mu,-,894.101995,1.0499999523162842,1.6823999881744385
rear_mu,-,894.233995,1.0499999523162842,1.6823999881744385
rear_mu,-,894.299995,1.0499999523162842,1.6823999881744385
rear_mu,-,894.431995,1.0499999523162842,1.6823999881744385
rear_mu,-,894.563995,1.0499999523162842,1.6823999881744385
rear_mu,-,894.695995,1.0499999523162842,1.6823999881744385
rear_mu,-,894.827995,1.0499999523162842,1.6823999881744385
rear_mu,-,894.959995,1.0499999523162842,1.6823999881744385
rear_mu,-,895.025995,1.0499999523162842,1.6823999881744385
rear_mu,-,895.157995,1.0499999523162842,1.6823999881744385
rear_mu,-,895.223995,1.0499999523162842,1.6823999881744385
rear_mu,-,895.355995,1.0499999523162842,1.6823999881744385
rear_mu,-,895.421995,1.0499999523162842,1.6823999881744385
rear_mu,-,895.553995,1.0499999523162842,1.6823999881744385
rear_mu,-,895.619995,1.0499999523162842,1.6823999881744385
rear_mu,-,895.751995,1.0499999523162842,1.6823999881744385
rear_mu,-,895.883995,1.0499999523162842,1.6823999881744385
rear_mu,-,896.015995,1.0499999523162842,1.6823999881744385
rear_mu,-,896.147995,1.0499999523162842,1.6823999881744385
rear_mu,-,896.279995,1.0499999523162842,1.6823999881744385
rear_mu,-,896.345995,1.0499999523162842,1.6823999881744385
rear_mu,-,896.477995,1.0499999523162842,1.6823999881744385
rear_mu,-,896.543995,1.0499999523162842,1.6823999881744385
rear_mu,-,896.675995,1.0499999523162842,1.6823999881744385
rear_mu,-,896.741995,1.0499999523162842,1.6823999881744385
rear_mu,-,896.873995,1.0499999523162842,1.6823999881744385
rear_mu,-,896.939995,1.0499999523162842,1.6823999881744385
rear_mu,-,897.071995,1.0499999523162842,1.6823999881744385
rear_mu,-,897.203995,1.0499999523162842,1.6823999881744385
rear_mu,-,897.335995,1.0499999523162842,1.6823999881744385
rear_mu,-,897.467995,1.0499999523162842,1.6823999881744385
rear_mu,-,897.599995,1.0499999523162842,1.6823999881744385
rear_mu,-,897.665995,1.0499999523162842,1.6823999881744385
rear_mu,-,897.797995,1.0499999523162842,1.6823999881744385
rear_mu,-,897.863995,1.0499999523162842,1.6823999881744385
rear_mu,-,897.995995,1.0499999523162842,1.6823999881744385
rear_mu,-,898.061995,1.0499999523162842,1.6823999881744385
rear_mu,-,898.193995,1.0499999523162842,1.6823999881744385
rear_mu,-,898.325995,1.0499999523162842,1.6823999881744385
rear_mu,-,898.457995,1.0499999523162842,1.6823999881744385
rear_mu,-,898.589995,1.0499999523162842,1.6823999881744385
rear_mu,-,898.721995,1.0499999523162842,1.6823999881744385
rear_mu,-,898.853995,1.0499999523162842,1.6823999881744385
rear_mu,-,898.952995,1.0499999523162842,1.6823999881744385
rear_mu,-,899.051995,1.0499999523162842,1.6823999881744385
rear_mu,-,899.150995,1.0499999523162842,1.6823999881744385
rear_mu,-,899.249995,1.0499999523162842,1.6823999881744385
rear_mu,-,899.348995,1.0499999523162842,1.6823999881744385
rear_mu,-,899.447995,1.0499999523162842,1.6823999881744385
rear_mu,-,899.546995,1.0499999523162842,1.6823999881744385
rear_mu,-,899.645995,1.0499999523162842,1.6823999881744385
rear_mu,-,899.843995,1.0499999523162842,1.6823999881744385
rear_mu,-,899.975995,1.0499999523162842,1.6823999881744385
rear_mu,-,900.107995,1.0499999523162842,1.6823999881744385
rear_mu,-,900.239995,1.0499999523162842,1.6823999881744385
rear_mu,-,900.305995,1.0499999523162842,1.6823999881744385
rear_mu,-,900.437995,1.0499999523162842,1.6823999881744385
rear_mu,-,900.503995,1.0499999523162842,1.6823999881744385
rear_mu,-,900.635995,1.0499999523162842,1.6823999881744385
rear_mu,-,900.701995,1.0499999523162842,1.6823999881744385
rear_mu,-,900.833995,1.0499999523162842,1.6823999881744385
rear_mu,-,901.031995,1.0499999523162842,1.6823999881744385
rear_mu,-,901.163995,1.0499999523162842,1.6823999881744385
rear_mu,-,901.295995,1.0499999523162842,1.6823999881744385
rear_mu,-,901.427995,1.0499999523162842,1.6823999881744385
rear_mu,-,901.592995,1.0499999523162842,1.6823999881744385
rear_mu,-,901.691995,1.0499999523162842,1.6823999881744385
rear_mu,-,901.790995,1.0499999523162842,1.6823999881744385
rear_mu,-,901.889995,1.0499999523162842,1.6823999881744385
rear_mu,-,901.988995,1.0499999523162842,1.6823999881744385
rear_mu,-,902.087995,1.0499999523162842,1.6823999881744385
rear_mu,-,902.186995,1.0499999523162842,1.6823999881744385
rear_mu,-,902.285995,1.0499999523162842,1.6823999881744385
rear_mu,-,902.417995,1.0499999523162842,1.6823999881744385
rear_mu,-,902.549995,1.0499999523162842,1.6823999881744385
rear_mu,-,902.681995,1.0499999523162842,1.6823999881744385
rear_mu,-,902.813995,1.0499999523162842,1.6823999881744385
rear_mu,-,902.912995,1.0499999523162842,1.6823999881744385
rear_mu,-,903.011995,1.0499999523162842,1.6823999881744385
rear_mu,-,903.110995,1.0499999523162842,1.6823999881744385
rear_mu,-,903.209995,1.0499999523162842,1.6823999881744385
rear_mu,-,903.308995,1.0499999523162842,1.6823999881744385
rear_mu,-,903.407995,1.0499999523162842,1.6823999881744385
rear_mu,-,903.539995,1.0499999523162842,1.6823999881744385
rear_mu,-,903.671995,1.0499999523162842,1.6823999881744385
rear_mu,-,903.803995,1.0499999523162842,1.6823999881744385
rear_mu,-,903.935995,1.0499999523162842,1.6823999881744385
rear_mu,-,904.067995,1.0499999523162842,1.6823999881744385
rear_mu,-,904.199995,1.0499999523162842,1.6823999881744385
rear_mu,-,904.265995,1.0499999523162842,1.6823999881744385
rear_mu,-,904.397995,1.0499999523162842,1.6823999881744385
rear_mu,-,904.463995,1.0499999523162842,1.6823999881744385
rear_mu,-,904.595995,1.0499999523162842,1.6823999881744385
rear_mu,-,904.661995,1.0499999523162842,1.6823999881744385
rear_mu,-,904.793995,1.0499999523162842,1.6823999881744385
rear_mu,-,904.859995,1.0499999523162842,1.6823999881744385
rear_mu,-,904.991995,1.0499999523162842,1.6823999881744385
rear_mu,-,905.123995,1.0499999523162842,1.6823999881744385
rear_mu,-,905.255995,1.0499999523162842,1.6823999881744385
rear_mu,-,905.387995,1.0499999523162842,1.6823999881744385
rear_mu,-,905.519995,1.0499999523162842,1.6823999881744385
rear_mu,-,905.585995,1.0499999523162842,1.6823999881744385
rear_mu,-,905.717995,1.0499999523162842,1.6823999881744385
rear_mu,-,905.783995,1.0499999523162842,1.6823999881744385
rear_mu,-,905.915995,1.0499999523162842,1.6823999881744385
rear_mu,-,905.981995,1.0499999523162842,1.6823999881744385
rear_mu,-,906.113995,1.0499999523162842,1.6823999881744385
rear_mu,-,906.245995,1.0499999523162842,1.6823999881744385
rear_mu,-,906.377995,1.0499999523162842,1.6823999881744385
rear_mu,-,906.509995,1.0499999523162842,1.6823999881744385
rear_mu,-,906.641995,1.0499999523162842,1.6823999881744385
rear_mu,-,906.773995,1.0499999523162842,1.6823999881744385
rear_mu,-,906.872995,1.0499999523162842,1.6823999881744385
rear_mu,-,906.971995,1.0499999523162842,1.6823999881744385
rear_mu,-,907.070995,1.0499999523162842,1.6823999881744385
rear_mu,-,907.169995,1.0499999523162842,1.6823999881744385
rear_mu,-,907.268995,1.0499999523162842,1.6823999881744385
rear_mu,-,907.367995,1.0499999523162842,1.6823999881744385
rear_mu,-,907.466995,1.0499999523162842,1.6823999881744385
rear_mu,-,907.565995,1.0499999523162842,1.6823999881744385
rear_mu,-,907.763995,1.0499999523162842,1.6823999881744385
rear_mu,-,907.895995,1.0499999523162842,1.6823999881744385
rear_mu,-,908.027995,1.0499999523162842,1.6823999881744385
rear_mu,-,908.159995,1.0499999523162842,1.6823999881744385
rear_mu,-,908.225995,1.0499999523162842,1.6823999881744385
rear_mu,-,908.357995,1.0499999523162842,1.6823999881744385
rear_mu,-,908.423995,1.0499999523162842,1.6823999881744385
rear_mu,-,908.555995,1.0499999523162842,1.6823999881744385
rear_mu,-,908.621995,1.0499999523162842,1.6823999881744385
rear_mu,-,908.753995,1.0499999523162842,1.6823999881744385
rear_mu,-,908.885995,1.0499999523162842,1.6823999881744385
rear_mu,-,909.017995,1.0499999523162842,1.6823999881744385
rear_mu,-,909.215995,1.0499999523162842,1.6823999881744385
rear_mu,-,909.347995,1.0499999523162842,1.6823999881744385
rear_mu,-,909.479995,1.0499999523162842,1.6823999881744385
rear_mu,-,909.545995,1.0499999523162842,1.6823999881744385
rear_mu,-,909.677995,1.0499999523162842,1.6823999881744385
rear_mu,-,909.743995,1.0499999523162842,1.6823999881744385
rear_mu,-,909.875995,1.0499999523162842,1.6823999881744385
rear_mu,-,909.941995,1.0499999523162842,1.6823999881744385
rear_mu,-,910.073995,1.0499999523162842,1.6823999881744385
rear_mu,-,910.205995,1.0499999523162842,1.6823999881744385
rear_mu,-,910.337995,1.0499999523162842,1.6823999881744385
rear_mu,-,910.469995,1.0499999523162842,1.6823999881744385
rear_mu,-,910.601995,1.0499999523162842,1.6823999881744385
rear_mu,-,910.733995,1.0499999523162842,1.6823999881744385
rear_mu,-,910.832995,1.0499999523162842,1.6823999881744385
rear_mu,-,910.931995,1.0499999523162842,1.6823999881744385
rear_mu,-,911.030995,1.0499999523162842,1.6823999881744385
rear_mu,-,911.129995,1.0499999523162842,1.6823999881744385
rear_mu,-,911.228995,1.0499999523162842,1.6823999881744385
rear_mu,-,911.327995,1.0499999523162842,1.6823999881744385
rear_mu,-,911.459995,1.0499999523162842,1.6823999881744385
rear_mu,-,911.591995,1.0499999523162842,1.6823999881744385
rear_mu,-,911.723995,1.0499999523162842,1.6823999881744385
rear_mu,-,911.855995,1.0499999523162842,1.6823999881744385
rear_mu,-,911.987995,1.0499999523162842,1.6823999881744385
rear_mu,-,912.119995,1.0499999523162842,1.6823999881744385
rear_mu,-,912.185995,1.0499999523162842,1.6823999881744385
rear_mu,-,912.317995,1.0499999523162842,1.6823999881744385
rear_mu,-,912.383995,1.0499999523162842,1.6823999881744385
rear_mu,-,912.515995,1.0499999523162842,1.6823999881744385
rear_mu,-,912.581995,1.0499999523162842,1.6823999881744385
rear_mu,-,912.713995,1.0499999523162842,1.6823999881744385
rear_mu,-,912.779995,1.0499999523162842,1.6823999881744385
rear_mu,-,912.911995,1.0499999523162842,1.6823999881744385
rear_mu,-,913.043995,1.0499999523162842,1.6823999881744385
rear_mu,-,913.175995,1.0499999523162842,1.6823999881744385
rear_mu,-,913.307995,1.0499999523162842,1.6823999881744385
rear_mu,-,913.439995,1.0499999523162842,1.6823999881744385
rear_mu,-,913.505995,1.0499999523162842,1.6823999881744385
rear_mu,-,913.637995,1.0499999523162842,1.6823999881744385
rear_mu,-,913.703995,1.0499999523162842,1.6823999881744385
rear_mu,-,913.835995,1.0499999523162842,1.6823999881744385
rear_mu,-,913.901995,1.0499999523162842,1.6823999881744385
rear_mu,-,914.033995,1.0499999523162842,1.6823999881744385
rear_mu,-,914.165995,1.0499999523162842,1.6823999881744385
rear_mu,-,914.297995,1.0499999523162842,1.6823999881744385
rear_mu,-,914.429995,1.0499999523162842,1.6823999881744385
rear_mu,-,914.561995,1.0499999523162842,1.6823999881744385
rear_mu,-,914.693995,1.0499999523162842,1.6823999881744385
rear_mu,-,914.792995,1.0499999523162842,1.6823999881744385
rear_mu,-,914.891995,1.0499999523162842,1.6823999881744385
rear_mu,-,914.990995,1.0499999523162842,1.6823999881744385
rear_mu,-,915.089995,1.0499999523162842,1.6823999881744385
rear_mu,-,915.188995,1.0499999523162842,1.6823999881744385
rear_mu,-,915.287995,1.0499999523162842,1.6823999881744385
rear_mu,-,915.419995,1.0499999523162842,1.6823999881744385
rear_mu,-,915.551995,1.0499999523162842,1.6823999881744385
rear_mu,-,915.683995,1.0499999523162842,1.6823999881744385
rear_mu,-,915.815995,1.0499999523162842,1.6823999881744385
rear_mu,-,915.947995,1.0499999523162842,1.6823999881744385
rear_mu,-,916.079995,1.0499999523162842,1.6823999881744385
rear_mu,-,916.145995,1.0499999523162842,1.6823999881744385
rear_mu,-,916.277995,1.0499999523162842,1.6823999881744385
rear_mu,-,916.343995,1.0499999523162842,1.6823999881744385
