signal,unit,t_s,ground_truth,estimate
fl_fy,N,0.000000,1.9226539134979248,0.2825354223924497
fl_fy,N,0.165000,0.032359492033720016,0.004762312953427469
fl_fy,N,0.330000,0.47694265842437744,0.07004317041685211
fl_fy,N,0.495000,2.094021797180176,0.3063403833808073
fl_fy,N,0.660000,4.959428787231445,0.7303040606050407
fl_fy,N,0.825000,7.770662307739258,1.1475416218487644
fl_fy,N,0.990000,10.185173988342285,1.5055527340325086
fl_fy,N,1.155000,11.487590789794922,1.70253447849564
fl_fy,N,1.320000,5.40212345123291,0.7875725533190416
fl_fy,N,1.485000,27.98847007751465,3.9211067742838925
fl_fy,N,1.650000,-3.8585751056671143,-0.5215618631791545
fl_fy,N,1.815000,32.64969253540039,4.605059979249556
fl_fy,N,1.980000,-31.426895141601562,-4.4787329268540095
fl_fy,N,2.145000,4.8580241203308105,0.6995945770061163
fl_fy,N,2.310000,-3.114706039428711,-0.4521612705538643
fl_fy,N,2.475000,37.459014892578125,5.524414508888606
fl_fy,N,2.640000,0.7433942556381226,0.10998922422098602
fl_fy,N,2.805000,11.411518096923828,1.7054867280989368
fl_fy,N,2.970000,33.808692932128906,5.106763064707199
fl_fy,N,3.135000,8.956803321838379,1.3404039745642793
fl_fy,N,3.300000,1.6301683187484741,0.2453011123926851
fl_fy,N,3.465000,52.33356475830078,7.981676220218488
fl_fy,N,3.630000,-51.325714111328125,-7.878725017078734
fl_fy,N,3.795000,2.171536684036255,0.33409238103325534
fl_fy,N,3.960000,-17.0618896484375,-2.6336086908017196
fl_fy,N,4.125000,167.17276000976562,27.801270015478906
fl_fy,N,4.290000,-66.68773651123047,-10.607413766514457
fl_fy,N,4.455000,40.778175354003906,6.343124410866656
fl_fy,N,4.620000,-118.66075134277344,-19.188799955895323
fl_fy,N,4.785000,178.3209228515625,29.93676464929592
fl_fy,N,4.950000,139.24026489257812,22.79119096633194
fl_fy,N,5.115000,117.06304931640625,18.85876961483459
fl_fy,N,5.280000,93.6704330444336,15.172855234509338
fl_fy,N,5.445000,327.5364685058594,66.34585605307898
fl_fy,N,5.610000,173.33566284179688,28.979181665678283
fl_fy,N,5.775000,321.965576171875,62.96076627622064
fl_fy,N,5.940000,214.9390106201172,35.536269035641475
fl_fy,N,6.105000,395.1470031738281,82.19416486910009
fl_fy,N,6.270000,395.1905212402344,80.80503214993884
fl_fy,N,6.435000,338.0843505859375,62.161313666133935
fl_fy,N,6.765000,370.284912109375,71.85651192910919
fl_fy,N,6.930000,395.8176574707031,80.71541591063831
fl_fy,N,7.095000,145.15032958984375,21.857874360175884
fl_fy,N,7.260000,78.8527603149414,11.752522741532735
fl_fy,N,7.425000,-133.6199188232422,-20.712525728190055
fl_fy,N,7.590000,171.1919403076172,27.435363249113706
fl_fy,N,7.755000,125.47720336914062,19.45819798777896
fl_fy,N,7.920000,-306.8451843261719,-58.70475124889221
fl_fy,N,8.085000,-78.75963592529297,-10.782480439029932
fl_fy,N,8.250000,-228.92662048339844,-38.90521471861881
fl_fy,N,8.415000,135.5199737548828,21.63035564871391
fl_fy,N,8.580000,39.375179290771484,6.084716977884929
fl_fy,N,8.745000,-231.4966278076172,-40.65165220155086
fl_fy,N,8.910000,-116.59150695800781,-18.624213108647673
fl_fy,N,9.075000,-101.61575317382812,-16.805644898197286
fl_fy,N,9.240000,-446.73358154296875,-101.16504871805098
fl_fy,N,9.405000,-319.294677734375,-58.615726076283295
fl_fy,N,9.570000,-25.149860382080078,-3.554312007970577
fl_fy,N,9.735000,403.678955078125,82.20689397606625
fl_fy,N,9.900000,270.970703125,45.062959076525075
fl_fy,N,10.065000,408.420166015625,85.97465269802167
fl_fy,N,10.230000,418.6475524902344,97.2254865399055
fl_fy,N,10.395000,424.7453918457031,95.63907978161315
fl_fy,N,10.560000,364.7950439453125,72.38207101984035
fl_fy,N,10.725000,382.10491943359375,78.32901594138265
fl_fy,N,10.890000,255.27264404296875,43.51962231050924
fl_fy,N,11.055000,181.28201293945312,28.79317886708204
fl_fy,N,11.220000,50.02434539794922,7.49441107624458
fl_fy,N,11.385000,195.9790802001953,32.14090567894282
fl_fy,N,11.550000,34.59856414794922,5.132594713530045
fl_fy,N,11.715000,84.48612213134766,12.807686853933692
fl_fy,N,11.880000,122.0035171508789,19.54741907448523
fl_fy,N,12.045000,-152.5037078857422,-24.44985960037739
fl_fy,N,12.210000,51.67829513549805,8.006354683860472
fl_fy,N,12.375000,-48.048160552978516,-7.444678259671443
fl_fy,N,12.540000,-23.524986267089844,-3.628633375710959
fl_fy,N,12.705000,92.27919006347656,14.73666343865815
fl_fy,N,12.870000,107.3735580444336,17.045256801159592
fl_fy,N,13.035000,0.15579113364219666,0.023976646180481998
fl_fy,N,13.200000,-43.869693756103516,-6.870265562501905
fl_fy,N,13.365000,28.856931686401367,4.533659917834454
fl_fy,N,13.530000,69.4277114868164,10.965298175898456
fl_fy,N,13.695000,-27.132568359375,-4.212352009370665
fl_fy,N,13.860000,30.923847198486328,4.88099263937035
fl_fy,N,14.025000,-46.70671463012695,-7.376263862705101
fl_fy,N,14.190000,26.844697952270508,4.210788298486985
fl_fy,N,14.355000,-49.67292404174805,-7.846764075579816
fl_fy,N,14.520000,56.273773193359375,8.947373795518622
fl_fy,N,14.685000,67.31281280517578,10.716027814352403
fl_fy,N,14.850000,-14.626681327819824,-2.320265931765696
fl_fy,N,15.015000,82.30241394042969,12.911403266757349
fl_fy,N,15.180000,115.64712524414062,18.424010460464213
fl_fy,N,15.345000,-142.71774291992188,-22.936697345677818
fl_fy,N,15.510000,36.694454193115234,5.699746838487184
fl_fy,N,15.675000,220.1572723388672,37.12222970346762
fl_fy,N,15.840000,-17.61064910888672,-2.6424437560019753
fl_fy,N,16.005000,-180.36056518554688,-28.89703194633304
fl_fy,N,16.170000,-289.04278564453125,-52.11973012223192
fl_fy,N,16.335000,214.20477294921875,34.867532146096146
fl_fy,N,16.500000,162.12765502929688,24.892726770409936
fl_fy,N,16.665000,-113.43901062011719,-16.20276146973219
fl_fy,N,16.830000,26.756736755371094,3.6785645962504474
fl_fy,N,16.995000,7.951716423034668,1.08621464087269
fl_fy,N,17.160000,193.24429321289062,29.945430239944077
fl_fy,N,17.325000,157.34194946289062,23.530427866541743
fl_fy,N,17.490000,-230.06781005859375,-37.25969265487198
fl_fy,N,17.655000,-213.5669403076172,-34.7147333453945
fl_fy,N,17.820000,-198.69808959960938,-31.96353690779622
fl_fy,N,17.985000,238.86863708496094,39.052707857444354
fl_fy,N,18.150000,195.3486328125,31.065519074830554
fl_fy,N,18.315000,35.77109146118164,5.0495816255878365
fl_fy,N,18.480000,194.18936157226562,31.40392572379719
fl_fy,N,18.645000,64.81055450439453,9.677123043764178
fl_fy,N,18.810000,-215.65379333496094,-35.451110786329004
fl_fy,N,18.975000,-303.43560791015625,-55.837529873344415
fl_fy,N,19.140000,-165.6011199951172,-26.61355538054743
fl_fy,N,19.305000,-71.2031021118164,-10.212359270243569
fl_fy,N,19.470000,-252.47804260253906,-41.806045273917725
fl_fy,N,19.635000,-161.46319580078125,-23.97717599181027
fl_fy,N,19.800000,332.1175842285156,60.64882133477502
fl_fy,N,19.965000,344.5104675292969,64.03299102505186
fl_fy,N,20.130000,132.95770263671875,19.43067100381751
fl_fy,N,20.295000,19.14828109741211,2.693893446050327
fl_fy,N,20.460000,52.06351089477539,7.3734680398622
fl_fy,N,20.625000,-106.9176254272461,-15.773379402353902
fl_fy,N,20.790000,-353.1044006347656,-66.78336544830437
fl_fy,N,20.955000,-355.991943359375,-68.6491068305028
fl_fy,N,21.054000,-101.77848815917969,-15.619764412466813
fl_fy,N,21.120000,-3.4288132190704346,-0.5067108150469976
fl_fy,N,21.186000,232.16043090820312,38.77813728610977
fl_fy,N,21.219000,270.4170227050781,46.533473900862525
fl_fy,N,21.351000,325.6271057128906,61.65656997838999
fl_fy,N,21.516000,131.50259399414062,20.42851115957346
fl_fy,N,21.681000,71.8295669555664,10.70793345153675
fl_fy,N,21.846000,53.03462219238281,8.02328590355407
fl_fy,N,22.011000,71.86767578125,10.657375092697063
fl_fy,N,22.077000,159.47886657714844,25.066128863696996
fl_fy,N,22.143000,-75.08381652832031,-11.068903123360807
fl_fy,N,22.176000,-213.3145751953125,-34.21562976952802
fl_fy,N,22.209000,-301.0400085449219,-53.280128434817506
fl_fy,N,22.242000,-325.7108154296875,-59.549137936368346
fl_fy,N,22.308000,-242.24436950683594,-40.36303823747793
fl_fy,N,22.341000,-314.4395751953125,-56.78209099212425
fl_fy,N,22.374000,-158.34512329101562,-24.648583560049513
fl_fy,N,22.506000,-214.74790954589844,-34.82888585199375
fl_fy,N,22.671000,-121.74812316894531,-18.309664415027903
fl_fy,N,22.836000,-46.075016021728516,-6.493375000574727
fl_fy,N,23.001000,217.37069702148438,35.03204898268156
fl_fy,N,23.166000,119.11247253417969,17.573739393475975
fl_fy,N,23.331000,83.7890625,12.020837289014754
fl_fy,N,23.496000,218.0729522705078,34.65041903570139
fl_fy,N,23.661000,-69.70464324951172,-9.771003175807689
fl_fy,N,23.826000,-358.16241455078125,-68.18240953294045
fl_fy,N,23.991000,-278.13043212890625,-48.976212236145514
fl_fy,N,24.156000,173.8971710205078,27.542010364618115
fl_fy,N,24.321000,177.74224853515625,28.073348742989868
fl_fy,N,24.486000,252.50527954101562,43.38086052221201
fl_fy,N,24.651000,108.86000061035156,16.345289532749003
fl_fy,N,24.816000,124.09188842773438,19.27686092332093
fl_fy,N,24.981000,-231.46240234375,-39.30428898431793
fl_fy,N,25.146000,-84.43746948242188,-12.861481434242826
fl_fy,N,25.311000,-100.81184387207031,-15.136304114820037
fl_fy,N,25.476000,-130.6265411376953,-19.643932775261277
fl_fy,N,25.641000,-37.05484390258789,-5.224951057842575
fl_fy,N,25.806000,114.96903228759766,16.889758456464637
fl_fy,N,25.971000,285.7579345703125,48.96220549397404
fl_fy,N,26.136000,-2.3084380626678467,-0.32167569392110257
fl_fy,N,26.301000,-146.54937744140625,-22.689772797127354
fl_fy,N,26.400000,-377.6532287597656,-73.87657295353618
fl_fy,N,26.532000,-187.12156677246094,-29.571379820662518
fl_fy,N,26.565000,-225.1179656982422,-36.99054740953264
fl_fy,N,26.598000,-235.81752014160156,-39.07024806424877
fl_fy,N,26.631000,-60.620697021484375,-8.705836454204583
fl_fy,N,26.697000,-178.6826171875,-27.719070377518516
fl_fy,N,26.730000,-80.82074737548828,-11.582446502252658
fl_fy,N,26.763000,30.24640655517578,4.170214807097857
fl_fy,N,26.895000,-132.37510681152344,-19.55484675113965
fl_fy,N,26.994000,-143.99949645996094,-21.60149363178181
fl_fy,N,27.126000,235.0629425048828,38.489428237413065
fl_fy,N,27.192000,221.23619079589844,35.69502005210742
fl_fy,N,27.225000,346.7206115722656,65.70679836784025
fl_fy,N,27.324000,328.4327697753906,61.34463813971616
fl_fy,N,27.390000,380.0626525878906,79.3605052922906
fl_fy,N,27.456000,311.877685546875,61.88675806406274
fl_fy,N,27.489000,214.14373779296875,35.71995388667185
fl_fy,N,27.555000,210.5509796142578,34.95299253137855
fl_fy,N,27.588000,193.87655639648438,31.00671313322227
fl_fy,N,27.621000,23.662153244018555,3.7692766899772887
fl_fy,N,27.687000,81.84010314941406,12.059608339951412
fl_fy,N,27.720000,-40.00654983520508,-5.789987454385273
fl_fy,N,27.753000,-144.18955993652344,-22.235349759530735
fl_fy,N,27.786000,-225.3644561767578,-37.59253569902555
fl_fy,N,27.819000,-36.703575134277344,-5.5577414815149675
fl_fy,N,27.885000,-32.949371337890625,-5.053990926014041
fl_fy,N,27.918000,37.65727615356445,5.883716202370928
fl_fy,N,27.951000,1.1034923791885376,0.17033533937853293
fl_fy,N,28.017000,-246.9829559326172,-42.704763567665886
fl_fy,N,28.083000,-144.76443481445312,-22.992536502850907
fl_fy,N,28.116000,-105.83232116699219,-16.378900737614043
fl_fy,N,28.149000,-257.7239990234375,-44.74755436131823
fl_fy,N,28.215000,-226.8021697998047,-38.27506439375174
fl_fy,N,28.281000,-253.98348999023438,-44.01524709198012
fl_fy,N,28.314000,-269.4593811035156,-47.12806414236908
fl_fy,N,28.347000,-44.143592834472656,-6.6116167578993545
fl_fy,N,28.413000,48.100284576416016,7.194379746929814
fl_fy,N,28.479000,158.6073760986328,24.892019016702783
fl_fy,N,28.512000,190.3624267578125,30.45382662295003
fl_fy,N,28.545000,-54.1636962890625,-7.8647499569752
fl_fy,N,28.611000,-113.4197769165039,-16.821003879666907
fl_fy,N,28.677000,-101.30158996582031,-14.893124193682889
fl_fy,N,28.710000,-102.30309295654297,-14.976431479561674
fl_fy,N,28.743000,-178.39891052246094,-27.68841001903897
fl_fy,N,28.809000,44.62266540527344,6.169713093485449
fl_fy,N,28.875000,-86.15807342529297,-12.304259130642533
fl_fy,N,28.941000,63.759525299072266,9.050109611187434
fl_fy,N,29.007000,155.10891723632812,23.566923655901547
fl_fy,N,29.040000,181.46759033203125,28.18819563375095
fl_fy,N,29.073000,219.92660522460938,35.33884335883481
fl_fy,N,29.139000,43.07270812988281,5.938862946240651
fl_fy,N,29.205000,-1.0033143758773804,-0.13842920321247115
fl_fy,N,29.238000,-80.42037200927734,-11.709499678928363
fl_fy,N,29.271000,-59.122798919677734,-8.763453765493509
fl_fy,N,29.304000,-73.59186553955078,-10.993103430551455
fl_fy,N,29.337000,-33.022769927978516,-4.849864929973381
fl_fy,N,29.403000,155.818603515625,23.89748767471981
fl_fy,N,29.436000,82.1422348022461,12.000273348762802
fl_fy,N,29.469000,35.69569396972656,5.102667345457917
fl_fy,N,29.502000,13.63264274597168,1.921108677926435
fl_fy,N,29.535000,181.37867736816406,28.204180271421304
fl_fy,N,29.601000,278.9334411621094,47.69640382907351
fl_fy,N,29.634000,303.37103271484375,53.527064475558035
fl_fy,N,29.667000,98.3579330444336,14.289969191171485
fl_fy,N,29.733000,9.398178100585938,1.2816663824805254
fl_fy,N,29.799000,14.507804870605469,1.9696342778417246
fl_fy,N,29.898000,-288.9248352050781,-49.691753810585816
fl_fy,N,30.030000,-281.3229064941406,-48.0521376105306
fl_fy,N,30.195000,-169.52001953125,-26.339471764540832
fl_fy,N,30.360000,-23.169160842895508,-3.273357969861125
fl_fy,N,30.525000,101.70978546142578,14.974307011740825
fl_fy,N,30.690000,-40.06916046142578,-5.711006599957415
fl_fy,N,30.855000,-246.5364227294922,-41.83747015567151
fl_fy,N,31.020000,-228.12791442871094,-38.82310699249558
fl_fy,N,31.185000,301.53985595703125,55.03303273178169
fl_fy,N,31.350000,283.3133544921875,51.97366754727158
fl_fy,N,31.482000,252.50047302246094,44.66940159216519
fl_fy,N,31.647000,39.20215606689453,5.549354364790997
fl_fy,N,31.713000,97.469482421875,14.165803653751167
fl_fy,N,31.746000,-62.39894485473633,-8.979172379491262
fl_fy,N,31.779000,-178.96498107910156,-28.163762226915527
fl_fy,N,31.845000,-75.46983337402344,-11.304393537329059
fl_fy,N,31.911000,-54.116851806640625,-7.938652114159658
fl_fy,N,31.944000,-8.156429290771484,-1.1723488304373293
fl_fy,N,31.977000,-26.275644302368164,-3.6743014440895094
fl_fy,N,32.043000,-250.0698699951172,-41.3770330604717
fl_fy,N,32.076000,-183.50851440429688,-28.22804743455094
fl_fy,N,32.109000,-59.178951263427734,-8.217956692416829
fl_fy,N,32.175000,47.148433685302734,6.494524869975514
fl_fy,N,32.241000,-147.1777801513672,-22.087369661528232
fl_fy,N,32.274000,-138.8712158203125,-20.817009454119166
fl_fy,N,32.307000,-264.5775451660156,-45.051787581489876
fl_fy,N,32.340000,-336.1235656738281,-62.25534584880559
fl_fy,N,32.373000,-348.95294189453125,-65.84549634741028
fl_fy,N,32.439000,-240.7999267578125,-40.97227387692431
fl_fy,N,32.472000,-304.0318298339844,-54.76520200116043
fl_fy,N,32.505000,-112.55619812011719,-17.180387534719287
fl_fy,N,32.538000,-188.0548095703125,-30.099890596595532
fl_fy,N,32.571000,-228.10443115234375,-37.944114578801425
fl_fy,N,32.637000,-93.65200805664062,-14.122330483486756
fl_fy,N,32.670000,37.72405242919922,5.375654429439431
fl_fy,N,32.703000,114.97940063476562,17.312982737007832
fl_fy,N,32.769000,214.64675903320312,34.86674885489987
fl_fy,N,32.835000,112.4173812866211,16.551230283987213
fl_fy,N,32.868000,217.70654296875,34.787575272278225
fl_fy,N,32.901000,66.88745880126953,9.41324761875846
fl_fy,N,32.967000,172.11000061035156,26.215667345799332
fl_fy,N,33.033000,37.631507873535156,5.154330514317404
fl_fy,N,33.066000,-87.43321990966797,-12.505283052866044
fl_fy,N,33.099000,185.05384826660156,28.612153128628336
fl_fy,N,33.165000,48.39762878417969,6.660393549437643
fl_fy,N,33.231000,190.73269653320312,29.761114319121916
fl_fy,N,33.264000,168.83236694335938,25.82499114538553
fl_fy,N,33.297000,275.0432434082031,46.554523462904584
fl_fy,N,33.330000,267.1239318847656,44.86589296471276
fl_fy,N,33.396000,291.0401916503906,50.239058538704796
fl_fy,N,33.429000,77.0835952758789,10.807186583241492
fl_fy,N,33.462000,144.7301025390625,21.407289472614476
fl_fy,N,33.495000,-28.61941909790039,-3.891425341238495
fl_fy,N,33.561000,-42.75740051269531,-5.843806772669088
fl_fy,N,33.594000,-57.85029602050781,-7.99542008054722
fl_fy,N,33.627000,-236.59408569335938,-38.35814907977813
fl_fy,N,33.660000,-329.8813781738281,-59.86548109563611
fl_fy,N,33.693000,-166.22821044921875,-25.61836747228311
fl_fy,N,33.759000,-294.6807556152344,-51.54216249969616
fl_fy,N,33.792000,-337.545166015625,-62.18955085248751
fl_fy,N,33.825000,-161.57809448242188,-24.98438724752376
fl_fy,N,33.891000,-104.80231475830078,-15.460443086916124
fl_fy,N,33.957000,-26.139873504638672,-3.6748063639739676
fl_fy,N,33.990000,-2.306328773498535,-0.32482330719799657
fl_fy,N,34.023000,-95.44477844238281,-14.166662229308491
fl_fy,N,34.089000,-234.35694885253906,-38.87479604054888
fl_fy,N,34.155000,-102.98881530761719,-15.479835836736035
fl_fy,N,34.188000,-69.41455841064453,-10.368784370894405
fl_fy,N,34.221000,-179.9013671875,-28.98897250722228
fl_fy,N,34.287000,126.52429962158203,19.613516654559174
fl_fy,N,34.353000,60.26826477050781,9.118525197268164
fl_fy,N,34.386000,53.490928649902344,8.116935249845703
fl_fy,N,34.551000,140.81663513183594,22.457149574638006
fl_fy,N,34.716000,204.1065216064453,34.59845859456849
fl_fy,N,34.881000,104.1685562133789,16.58365662720852
fl_fy,N,35.046000,180.91818237304688,30.033002779715016
fl_fy,N,35.211000,-62.22408676147461,-9.786349644229201
fl_fy,N,35.376000,87.15729522705078,13.791368741732336
fl_fy,N,35.541000,79.97260284423828,12.421764771188629
fl_fy,N,35.706000,-221.1938018798828,-37.745219363558185
fl_fy,N,35.871000,-165.99761962890625,-26.406603235754808
fl_fy,N,36.036000,225.6361083984375,36.39024677008389
fl_fy,N,36.201000,-109.81097412109375,-15.884665425944563
fl_fy,N,36.333000,-248.68736267089844,-41.18702917190711
fl_fy,N,36.399000,-34.62495803833008,-4.8157238377371785
fl_fy,N,36.432000,-105.85387420654297,-15.494598326216451
fl_fy,N,36.465000,-145.81040954589844,-21.97524063785997
fl_fy,N,36.531000,71.31800079345703,10.136324687827615
fl_fy,N,36.564000,62.68989562988281,8.83074771931512
fl_fy,N,36.597000,204.66407775878906,32.24507636169305
fl_fy,N,36.630000,282.3970947265625,48.36197642153481
fl_fy,N,36.663000,286.5445251464844,49.45150882697863
fl_fy,N,36.729000,316.0591735839844,56.69167323491684
fl_fy,N,36.762000,337.24066162109375,62.59910470913067
fl_fy,N,36.795000,190.44049072265625,29.747234204079295
fl_fy,N,36.828000,250.95240783691406,41.671160004245316
fl_fy,N,36.861000,278.0150146484375,47.2985460572073
fl_fy,N,36.927000,112.43550109863281,16.59123433458139
fl_fy,N,36.960000,160.11212158203125,24.385144654537267
fl_fy,N,36.993000,15.716522216796875,2.1987219633456228
fl_fy,N,37.059000,-90.00238037109375,-13.107013303189792
fl_fy,N,37.125000,99.56695556640625,14.587023587753842
fl_fy,N,37.158000,-5.871642589569092,-0.8326554607541189
fl_fy,N,37.191000,172.11767578125,27.098242717777424
fl_fy,N,37.257000,92.67231750488281,13.946474735742207
fl_fy,N,37.323000,230.82940673828125,38.23980934520623
fl_fy,N,37.356000,305.2816467285156,55.40742728862898
fl_fy,N,37.389000,385.4787902832031,80.485905810705
fl_fy,N,37.455000,419.37286376953125,101.18476591735939
fl_fy,N,37.521000,384.5010986328125,83.22688056915881
fl_fy,N,37.587000,332.4243469238281,67.47354525091097
fl_fy,N,37.653000,379.9476623535156,81.63496377596894
fl_fy,N,37.686000,398.2096862792969,90.00832574199617
fl_fy,N,37.719000,316.1612243652344,61.07791551347043
fl_fy,N,37.785000,434.9990539550781,104.79982551123557
fl_fy,N,37.851000,441.1204833984375,111.21645813232888
fl_fy,N,37.884000,421.806396484375,106.16273466189944
fl_fy,N,37.917000,366.6636657714844,76.58331109986365
fl_fy,N,37.983000,430.32989501953125,104.16013000305011
fl_fy,N,38.049000,422.2776184082031,103.15367850075188
fl_fy,N,38.082000,430.0522766113281,103.23269025758741
fl_fy,N,38.115000,475.6887512207031,136.6153119276927
fl_fy,N,38.181000,469.0648193359375,148.15161316488332
fl_fy,N,38.247000,460.87640380859375,142.57357468504628
fl_fy,N,38.280000,457.8454284667969,140.6085071764431
fl_fy,N,38.313000,448.6864013671875,111.61818729932996
fl_fy,N,38.379000,439.1708984375,101.09155978289124
fl_fy,N,38.445000,461.3570556640625,107.11806829278173
fl_fy,N,38.511000,447.8560485839844,106.63217549546067
fl_fy,N,38.577000,455.6416320800781,114.03991212200489
fl_fy,N,38.643000,488.06219482421875,125.56842768605439
fl_fy,N,38.709000,382.7699890136719,75.6150955128732
fl_fy,N,38.775000,433.5450134277344,96.73120233024943
fl_fy,N,38.841000,461.3835144042969,111.31054598127253
fl_fy,N,38.907000,348.1800842285156,65.75026203328143
fl_fy,N,38.973000,404.77947998046875,86.21275866739066
fl_fy,N,39.039000,370.2534484863281,77.3483609305509
fl_fy,N,39.105000,305.15643310546875,59.30732632205306
fl_fy,N,39.171000,390.63714599609375,79.65584938196213
fl_fy,N,39.204000,385.4854736328125,78.55651542639288
fl_fy,N,39.237000,362.7052001953125,71.2712583897559
fl_fy,N,39.303000,126.51290893554688,19.553779773707856
fl_fy,N,39.369000,136.46200561523438,21.212443955973196
fl_fy,N,39.402000,72.41641235351562,10.891113024300193
fl_fy,N,39.435000,49.347808837890625,7.39397468708242
fl_fy,N,39.501000,242.94984436035156,41.37106167261913
fl_fy,N,39.567000,280.68536376953125,49.55219913129603
fl_fy,N,39.600000,325.6631774902344,60.95976157926387
fl_fy,N,39.633000,312.9759521484375,57.48914107657527
fl_fy,N,39.699000,99.28524780273438,15.048223865363596
fl_fy,N,39.765000,-57.54307174682617,-8.654017819281576
fl_fy,N,39.831000,-12.78941535949707,-1.9239681395106554
fl_fy,N,39.897000,179.36273193359375,29.20101335521517
fl_fy,N,39.963000,242.24293518066406,41.414949189752356
fl_fy,N,40.029000,272.4615783691406,48.02227952427009
fl_fy,N,40.095000,24.763988494873047,3.713023484463521
fl_fy,N,40.161000,-91.39311218261719,-14.141103942918512
fl_fy,N,40.227000,-89.40064239501953,-13.935957000146873
fl_fy,N,40.293000,-140.5493621826172,-22.781185628075328
fl_fy,N,40.326000,-156.1623992919922,-25.596075275379143
fl_fy,N,40.359000,97.83049011230469,15.315671600600572
fl_fy,N,40.425000,-12.880755424499512,-1.9891916871257498
fl_fy,N,40.491000,130.08477783203125,20.758127234277058
fl_fy,N,40.524000,206.7373046875,35.13182719920419
fl_fy,N,40.557000,307.574462890625,57.788532391487465
fl_fy,N,40.623000,342.9453430175781,67.95199727637113
fl_fy,N,40.689000,192.54721069335938,32.284910899721694
fl_fy,N,40.722000,249.64089965820312,45.20091058388286
fl_fy,N,40.755000,26.452983856201172,4.266025658234911
fl_fy,N,40.821000,168.13673400878906,28.909577271981984
fl_fy,N,40.887000,158.20315551757812,26.278837848678194
fl_fy,N,40.953000,147.43841552734375,24.502452477285363
fl_fy,N,41.019000,-98.97760772705078,-16.13244474963898
fl_fy,N,41.085000,-95.63134765625,-15.522946652726109
fl_fy,N,41.118000,-108.78994750976562,-17.855151463249104
fl_fy,N,41.151000,130.18064880371094,21.54066911408024
fl_fy,N,41.217000,19.606996536254883,3.1307833333862063
fl_fy,N,41.283000,-182.44464111328125,-31.30190519967379
fl_fy,N,41.316000,-205.07989501953125,-35.92574813857241
fl_fy,N,41.349000,-179.1485595703125,-30.625763307401012
fl_fy,N,41.415000,-279.1868591308594,-51.67724589030936
fl_fy,N,41.481000,-60.82955551147461,-9.531435492435982
fl_fy,N,41.514000,-112.44140625,-17.843733450547525
fl_fy,N,41.547000,-138.09324645996094,-22.134754574469834
fl_fy,N,41.613000,-61.398780822753906,-9.260555118450245
fl_fy,N,41.646000,-82.31734466552734,-12.445030574807536
fl_fy,N,41.679000,-180.31080627441406,-28.944361244633406
fl_fy,N,41.745000,-145.5149688720703,-22.538984747154963
fl_fy,N,41.811000,-145.07406616210938,-22.327869713819776
fl_fy,N,41.844000,-139.20767211914062,-21.25253100301144
fl_fy,N,41.877000,-136.79574584960938,-20.787004960214603
fl_fy,N,41.943000,-128.82098388671875,-18.960884538949276
fl_fy,N,42.042000,60.485408782958984,8.226262833222423
fl_fy,N,42.075000,48.46384811401367,6.664164588587484
fl_fy,N,42.141000,39.400875091552734,5.5827013262438
fl_fy,N,42.207000,192.7505645751953,31.120158322159828
fl_fy,N,42.240000,244.04135131835938,40.95975563158835
fl_fy,N,42.273000,207.71701049804688,33.53304278475585
fl_fy,N,42.339000,192.94033813476562,30.582873656993886
fl_fy,N,42.405000,-67.43893432617188,-9.743518732524427
fl_fy,N,42.438000,15.168530464172363,2.204202915423692
fl_fy,N,42.471000,48.43788146972656,7.204062528205298
fl_fy,N,42.537000,62.59498596191406,9.40673221833594
fl_fy,N,42.603000,199.22015380859375,32.10316431382579
fl_fy,N,42.669000,219.8897247314453,35.48769466815935
fl_fy,N,42.735000,199.99517822265625,31.630870047028044
fl_fy,N,42.801000,311.7186279296875,55.871450950393964
fl_fy,N,42.867000,342.2994079589844,64.4456468610241
fl_fy,N,42.933000,336.76092529296875,63.07462219802546
fl_fy,N,42.966000,351.9438781738281,67.60322107049717
fl_fy,N,42.999000,174.22242736816406,27.191400506668405
fl_fy,N,43.065000,249.37603759765625,41.82509048266176
fl_fy,N,43.131000,267.5904541015625,45.9038809555745
fl_fy,N,43.164000,270.5728759765625,46.573983491616794
fl_fy,N,43.197000,355.5317687988281,69.23079731328993
fl_fy,N,43.230000,390.1777648925781,81.91944818760805
fl_fy,N,43.263000,379.271728515625,78.02082073660924
fl_fy,N,43.329000,370.5823974609375,75.12464559510083
fl_fy,N,43.362000,375.14080810546875,76.40485204175309
fl_fy,N,43.395000,428.96929931640625,110.52600865140901
fl_fy,N,43.428000,446.6619873046875,111.04907067519623
fl_fy,N,43.461000,451.88433837890625,113.3304889563107
fl_fy,N,43.527000,443.76336669921875,112.77429281515614
fl_fy,N,43.560000,442.69940185546875,113.73003768508391
fl_fy,N,43.593000,387.580810546875,81.39723396155168
fl_fy,N,43.626000,401.3052978515625,86.8225551433607
fl_fy,N,43.659000,425.14215087890625,96.30274235053379
fl_fy,N,43.725000,355.7091369628906,69.42940783516923
fl_fy,N,43.791000,423.2895812988281,96.08403023924839
fl_fy,N,43.824000,427.2787170410156,99.8795467542995
fl_fy,N,43.923000,360.1436462402344,70.58207424119509
fl_fy,N,44.088000,424.5235900878906,100.43725033021582
fl_fy,N,44.154000,340.8826599121094,65.32774748329037
fl_fy,N,44.220000,321.5361633300781,59.92219707244363
fl_fy,N,44.385000,351.6203918457031,69.48382140354956
fl_fy,N,44.550000,256.1797790527344,44.86780269936964
fl_fy,N,44.649000,268.9952697753906,47.478324553608275
fl_fy,N,44.715000,303.346923828125,56.14586289409183
fl_fy,N,44.781000,141.21824645996094,22.264003609266393
fl_fy,N,44.847000,161.6387176513672,25.658665901201324
fl_fy,N,44.880000,161.42478942871094,25.81473613600356
fl_fy,N,44.979000,316.461669921875,59.60103781216011
fl_fy,N,45.045000,290.7553405761719,53.5613391216381
fl_fy,N,45.078000,296.4226379394531,55.16185284052514
fl_fy,N,45.111000,79.8696060180664,12.330798052721358
fl_fy,N,45.177000,-76.23504638671875,-11.678663312600666
fl_fy,N,45.210000,-54.530704498291016,-8.333957814597532
fl_fy,N,45.243000,-35.08607864379883,-5.274411399445942
fl_fy,N,45.309000,205.48263549804688,34.91928652509186
fl_fy,N,45.375000,232.63092041015625,40.21402997521005
fl_fy,N,45.408000,292.4966735839844,54.79020493074525
fl_fy,N,45.441000,254.6714630126953,45.3797952231241
fl_fy,N,45.507000,171.22642517089844,27.73964656184559
fl_fy,N,45.573000,-34.09988021850586,-5.218833736259126
fl_fy,N,45.606000,32.467262268066406,4.947419900073599
fl_fy,N,45.705000,118.66793060302734,18.904692044006964
fl_fy,N,45.771000,226.9602508544922,39.247022464708564
fl_fy,N,45.837000,252.64947509765625,45.159130686194935
fl_fy,N,45.903000,329.6826171875,66.31200208667038
fl_fy,N,45.969000,131.81924438476562,21.368170664210275
fl_fy,N,46.035000,238.76211547851562,43.5415558959385
fl_fy,N,46.101000,143.4368896484375,23.010125413754768
fl_fy,N,46.167000,284.39276123046875,52.14283290978756
fl_fy,N,46.233000,337.7039489746094,67.19988302030012
fl_fy,N,46.299000,306.9293518066406,57.6204853155935
fl_fy,N,46.365000,325.8064270019531,62.69443930447925
fl_fy,N,46.431000,167.09226989746094,26.19021984921814
fl_fy,N,46.497000,-9.151222229003906,-1.2954211762260972
fl_fy,N,46.530000,-53.61933898925781,-7.774171714045251
fl_fy,N,46.563000,210.03529357910156,33.60141433551238
fl_fy,N,46.629000,117.40473937988281,17.342699117489413
fl_fy,N,46.695000,-115.07604217529297,-16.875312427451806
fl_fy,N,46.728000,-107.60739135742188,-15.648849381398142
fl_fy,N,46.761000,-215.48561096191406,-34.7915285674425
fl_fy,N,46.827000,-227.44400024414062,-36.91173466969633
fl_fy,N,46.893000,0.2930446267127991,0.04025002823544641
fl_fy,N,46.926000,-70.66527557373047,-9.95731505574725
fl_fy,N,46.959000,-230.7148895263672,-38.04486108460353
fl_fy,N,47.025000,-226.74742126464844,-37.549309307380945
fl_fy,N,47.091000,-280.2031555175781,-48.47342344149218
fl_fy,N,47.124000,-274.9647521972656,-47.39545419741661
fl_fy,N,47.157000,-134.0124053955078,-20.391212018447966
fl_fy,N,47.223000,-161.02720642089844,-25.26006815043315
fl_fy,N,47.289000,-151.81553649902344,-23.480247933979264
fl_fy,N,47.355000,-271.4383544921875,-47.18611810625363
fl_fy,N,47.421000,-312.4227294921875,-57.236040658950564
fl_fy,N,47.487000,-69.1101303100586,-10.25415826795484
fl_fy,N,47.553000,-133.81857299804688,-20.651880517210223
fl_fy,N,47.619000,-84.70006561279297,-12.70298576175133
fl_fy,N,47.685000,-91.42890930175781,-13.791932353917442
fl_fy,N,47.751000,-61.398712158203125,-9.13871807796593
fl_fy,N,47.817000,-161.0894012451172,-25.470661528385676
fl_fy,N,47.850000,-137.6860809326172,-21.35586690745834
fl_fy,N,47.883000,-18.363222122192383,-2.6789855809308434
fl_fy,N,47.949000,-33.396629333496094,-4.856211883648122
fl_fy,N,48.015000,-29.07058334350586,-4.1852374076521475
fl_fy,N,48.048000,-26.795698165893555,-3.8353529918873375
fl_fy,N,48.081000,55.20145034790039,7.929153716501318
fl_fy,N,48.147000,47.56635284423828,6.620439374182636
fl_fy,N,48.213000,-85.00641632080078,-12.193887152283555
fl_fy,N,48.246000,-56.67888641357422,-8.036155028243764
fl_fy,N,48.279000,-53.5491943359375,-7.409993651598434
fl_fy,N,48.345000,-54.27091979980469,-7.665366081303488
fl_fy,N,48.411000,15.591403007507324,2.1040797387740833
fl_fy,N,48.444000,-3.314790964126587,-0.44911850169418205
fl_fy,N,48.477000,111.2264175415039,16.213453922479992
fl_fy,N,48.543000,87.85881042480469,12.471022816893848
fl_fy,N,48.609000,-147.11524963378906,-21.959686749883833
fl_fy,N,48.675000,-245.22393798828125,-40.735055722228104
fl_fy,N,48.741000,-221.00741577148438,-35.81548258118219
fl_fy,N,48.807000,16.52044105529785,2.349417233547105
fl_fy,N,48.873000,119.43850708007812,17.818024475546885
fl_fy,N,48.939000,117.26656341552734,17.599622542272176
fl_fy,N,49.005000,-152.70645141601562,-23.759605982104492
fl_fy,N,49.071000,-40.27919006347656,-5.7278646640134925
fl_fy,N,49.137000,-173.28750610351562,-27.06103136729739
fl_fy,N,49.170000,-241.94195556640625,-40.36774326542426
fl_fy,N,49.203000,-322.4440612792969,-58.680104057176706
fl_fy,N,49.269000,-380.25604248046875,-75.7444841039384
fl_fy,N,49.335000,-456.814453125,-105.6863613729141
fl_fy,N,49.368000,-482.2055358886719,-123.05096831025949
fl_fy,N,49.401000,-427.4486389160156,-94.89629066435191
fl_fy,N,49.467000,-468.91668701171875,-113.12789565919063
fl_fy,N,49.533000,-421.64666748046875,-91.23067613500466
fl_fy,N,49.566000,-437.2578430175781,-99.00323639134686
fl_fy,N,49.599000,-361.7518615722656,-69.83115627504498
fl_fy,N,49.665000,-419.48773193359375,-88.55905120874475
fl_fy,N,49.731000,-441.0069885253906,-97.96055202064737
fl_fy,N,49.764000,-449.1689758300781,-101.79756710155569
fl_fy,N,49.797000,-384.7701110839844,-75.92119941046911
fl_fy,N,49.863000,-392.063232421875,-78.09555858109233
fl_fy,N,49.929000,-372.14862060546875,-72.01552964295166
fl_fy,N,49.962000,-362.05133056640625,-69.16121687009475
fl_fy,N,49.995000,-455.8995666503906,-105.99572192241396
fl_fy,N,50.061000,-422.9460144042969,-90.9788615557073
fl_fy,N,50.127000,-438.3275451660156,-98.46211160251283
fl_fy,N,50.160000,-449.2712097167969,-105.4729960753927
fl_fy,N,50.193000,-464.7041931152344,-116.60745227909291
fl_fy,N,50.259000,-464.10546875,-117.0023759492848
fl_fy,N,50.325000,-365.5804443359375,-72.30552096298572
fl_fy,N,50.358000,-364.25054931640625,-71.85698389818452
fl_fy,N,50.391000,-176.7545928955078,-28.596376770207616
fl_fy,N,50.490000,-223.4186553955078,-38.91822935781411
fl_fy,N,50.523000,-3.3988327980041504,-0.5128771716033902
fl_fy,N,50.589000,-203.9462890625,-34.34648175084822
fl_fy,N,50.655000,-103.58360290527344,-16.3712647622437
fl_fy,N,50.688000,-75.16621398925781,-11.72874465334055
fl_fy,N,50.721000,-200.73660278320312,-33.81105555356648
fl_fy,N,50.787000,27.551040649414062,4.224577434542527
fl_fy,N,50.853000,-38.48003005981445,-5.929778747353866
fl_fy,N,50.886000,-46.097015380859375,-7.114960777132906
fl_fy,N,50.919000,-25.159957885742188,-3.864094933233065
fl_fy,N,50.985000,-176.53240966796875,-29.105452676518404
fl_fy,N,51.051000,-208.39959716796875,-35.27008859423882
fl_fy,N,51.084000,-196.2378692626953,-32.82224185237616
fl_fy,N,51.117000,64.2477798461914,9.878148116901908
fl_fy,N,51.183000,162.56851196289062,26.323349558130346
fl_fy,N,51.249000,151.3952178955078,24.321060296186253
fl_fy,N,51.315000,275.6517639160156,49.08643317194407
fl_fy,N,51.381000,111.66053009033203,17.382100953504985
fl_fy,N,51.447000,180.3603973388672,29.357989990422677
fl_fy,N,51.513000,-53.44424819946289,-8.02124906053906
fl_fy,N,51.579000,153.2163543701172,24.0560335231248
fl_fy,N,51.645000,127.34829711914062,19.38286978695572
fl_fy,N,51.711000,111.47941589355469,16.63935417971866
fl_fy,N,51.777000,103.08928680419922,15.07704340878134
fl_fy,N,51.810000,107.60668182373047,15.79762326198948
fl_fy,N,51.843000,107.33352661132812,15.668945273735842
fl_fy,N,51.909000,156.6557159423828,23.625348020319755
fl_fy,N,51.975000,-49.109432220458984,-6.796636651361711
fl_fy,N,52.008000,2.4088492393493652,0.3273134292837127
fl_fy,N,52.041000,20.53557586669922,2.8564635704109
fl_fy,N,52.107000,64.00272369384766,9.256994917217865
fl_fy,N,52.173000,-22.9317684173584,-3.3499582664942538
fl_fy,N,52.206000,-9.38632583618164,-1.3834112687492714
fl_fy,N,52.239000,-7.014889717102051,-1.0496478154172135
fl_fy,N,52.305000,-156.78619384765625,-24.525440108895783
fl_fy,N,52.371000,67.28923034667969,9.99969857464839
fl_fy,N,52.404000,13.872844696044922,2.0421314842997558
fl_fy,N,52.437000,-11.076628684997559,-1.6271987881009717
fl_fy,N,52.503000,-165.0760955810547,-25.960888652566112
fl_fy,N,52.569000,-296.49725341796875,-52.143368321617515
fl_fy,N,52.602000,-304.4051818847656,-54.001581062459216
fl_fy,N,52.635000,-285.7778015136719,-49.71435433536485
fl_fy,N,52.701000,-71.66693878173828,-10.410511636443612
fl_fy,N,52.767000,95.56124877929688,14.203080763034537
fl_fy,N,52.833000,-29.02764892578125,-4.171199442772233
fl_fy,N,52.899000,-180.5244140625,-28.425220439420734
fl_fy,N,52.965000,-297.38299560546875,-52.802808605303824
fl_fy,N,53.031000,-304.4705810546875,-54.83815994874091
fl_fy,N,53.097000,-248.26913452148438,-42.21267136121657
fl_fy,N,53.130000,-261.005615234375,-44.93591120556766
fl_fy,N,53.163000,-53.775550842285156,-8.020745337742918
fl_fy,N,53.229000,-162.301025390625,-25.400409399792117
fl_fy,N,53.295000,-283.49005126953125,-50.15795378877544
fl_fy,N,53.328000,-329.355712890625,-61.74739761779997
fl_fy,N,53.361000,-382.9230041503906,-78.22413813508894
fl_fy,N,53.427000,-401.2033996582031,-84.97461986362217
fl_fy,N,53.493000,-272.4648742675781,-48.470214685710665
fl_fy,N,53.526000,-304.5572204589844,-56.124462546912426
fl_fy,N,53.559000,-133.23326110839844,-21.116414167520194
fl_fy,N,53.691000,-246.89739990234375,-42.75660819606156
fl_fy,N,53.724000,-237.10057067871094,-40.72740904977044
fl_fy,N,53.757000,-332.4019775390625,-62.903259666893945
fl_fy,N,53.823000,-350.3284912109375,-67.85416652925353
fl_fy,N,53.889000,-336.5395812988281,-63.60286345567188
fl_fy,N,53.955000,-406.81329345703125,-85.67436689024963
fl_fy,N,54.021000,-416.7865295410156,-93.20745325316322
fl_fy,N,54.087000,-393.7100524902344,-80.40604693414895
fl_fy,N,54.219000,-385.28741455078125,-76.37593668486241
fl_fy,N,54.285000,-445.4590759277344,-100.12247082337949
fl_fy,N,54.351000,-450.30133056640625,-102.05106232183248
fl_fy,N,54.417000,-349.2767333984375,-65.26433306526286
fl_fy,N,54.450000,-373.17755126953125,-72.172011431795
fl_fy,N,54.483000,-432.61065673828125,-93.54392848429646
fl_fy,N,54.549000,-452.91522216796875,-103.4670239642326
fl_fy,N,54.615000,-348.1600646972656,-65.08930042147112
fl_fy,N,54.648000,-350.1379699707031,-65.69043340747659
fl_fy,N,54.681000,-399.05999755859375,-81.08687141065256
fl_fy,N,54.747000,-385.11578369140625,-76.50863597144769
fl_fy,N,54.813000,-206.82546997070312,-33.02408358192873
fl_fy,N,54.846000,-219.70960998535156,-35.97895104406134
fl_fy,N,54.945000,-344.3240661621094,-65.08729714672312
fl_fy,N,55.011000,-234.93959045410156,-38.889119390847405
fl_fy,N,55.044000,-236.90655517578125,-39.307176643279156
fl_fy,N,55.077000,22.492656707763672,3.1854526499225733
fl_fy,N,55.143000,-50.0074462890625,-7.186319497590512
fl_fy,N,55.209000,-215.82945251464844,-35.07160666312754
fl_fy,N,55.275000,-187.99671936035156,-29.656967951047136
fl_fy,N,55.341000,-326.6268615722656,-59.454080788478365
fl_fy,N,55.407000,-87.5598373413086,-12.66276635106671
fl_fy,N,55.473000,109.61485290527344,16.10693973007672
fl_fy,N,55.539000,-8.916817665100098,-1.2167288228247974
fl_fy,N,55.605000,-108.99909210205078,-16.101114804141105
fl_fy,N,55.671000,-59.13211441040039,-8.396216873825718
fl_fy,N,55.737000,-190.4956817626953,-29.992904234628103
fl_fy,N,55.770000,-244.81903076171875,-40.5574260356873
fl_fy,N,55.803000,15.554200172424316,2.1832270481853007
fl_fy,N,55.869000,-53.28695297241211,-7.502902954519473
fl_fy,N,55.935000,-205.39193725585938,-32.671179808265215
fl_fy,N,55.968000,-260.5551452636719,-43.90303204067163
fl_fy,N,56.001000,13.708106994628906,1.9349014828732183
fl_fy,N,56.067000,-62.01081466674805,-8.861708180722278
fl_fy,N,56.133000,-74.03987884521484,-10.638914662627037
fl_fy,N,56.166000,-74.17152404785156,-10.664651405688044
fl_fy,N,56.199000,-212.10708618164062,-33.94544234127054
fl_fy,N,56.265000,-241.35618591308594,-40.04527881231305
fl_fy,N,56.331000,-231.44760131835938,-38.105699995982924
fl_fy,N,56.364000,-235.4282989501953,-38.79855763427137
fl_fy,N,56.397000,4.802671432495117,0.6778336938723417
fl_fy,N,56.463000,-98.35005950927734,-14.480176278251523
fl_fy,N,56.529000,-130.97401428222656,-19.68226244350906
fl_fy,N,56.595000,-251.55499267578125,-42.101077215268596
fl_fy,N,56.661000,-273.08721923828125,-46.81279565579522
fl_fy,N,56.727000,-214.33383178710938,-34.506121391306536
fl_fy,N,56.793000,26.107450485229492,3.623151307236028
fl_fy,N,56.859000,-79.8929672241211,-11.521292669407666
fl_fy,N,56.925000,-221.25592041015625,-35.556010015868814
fl_fy,N,56.991000,-246.0694122314453,-40.93782408877752
fl_fy,N,57.057000,-27.60245132446289,-3.838021528168217
fl_fy,N,57.090000,-51.725467681884766,-7.328089136834706
fl_fy,N,57.123000,-203.48020935058594,-32.480772105562025
fl_fy,N,57.156000,-259.38433837890625,-43.816239298036216
fl_fy,N,57.189000,26.971933364868164,3.759149871302562
fl_fy,N,57.255000,-40.896148681640625,-5.785752718295197
fl_fy,N,57.288000,-46.814266204833984,-6.55758758408645
fl_fy,N,57.321000,-74.05612182617188,-10.64367717789721
fl_fy,N,57.354000,-67.35646057128906,-9.758050261956946
fl_fy,N,57.387000,-205.03448486328125,-32.98429095345913
fl_fy,N,57.453000,-189.24781799316406,-29.854899300924988
fl_fy,N,57.519000,90.55073547363281,13.166208404580813
fl_fy,N,57.684000,153.79324340820312,23.025960670629477
fl_fy,N,57.849000,-163.25820922851562,-25.010571204854287
fl_fy,N,58.014000,-176.96665954589844,-27.623872817696725
fl_fy,N,58.179000,142.60736083984375,21.388420716068925
fl_fy,N,58.344000,-320.9146728515625,-58.019586487313866
fl_fy,N,58.509000,-7.696932315826416,-1.0944331619126277
fl_fy,N,58.674000,-210.3935546875,-34.104779030024844
fl_fy,N,58.839000,-215.06182861328125,-35.08776743978981
fl_fy,N,59.004000,-281.54290771484375,-49.05612553907642
fl_fy,N,59.169000,-267.6497497558594,-45.811568167682076
fl_fy,N,59.334000,2.289367437362671,0.3197161620394112
fl_fy,N,59.499000,-345.9215087890625,-64.36716183966227
fl_fy,N,59.664000,-232.60667419433594,-38.04196468203445
fl_fy,N,59.829000,-96.60477447509766,-14.05903116973644
fl_fy,N,59.993999,-318.39337158203125,-57.2982739326146
fl_fy,N,60.159000,-220.07833862304688,-35.57541386297789
fl_fy,N,60.324000,70.3276596069336,10.035802360169072
fl_fy,N,60.489000,-163.9616241455078,-25.184085150073226
fl_fy,N,60.654000,39.19379425048828,5.377501497191581
fl_fy,N,60.819000,-14.098278045654297,-1.9563160187267326
fl_fy,N,60.983999,-138.48129272460938,-21.0104208523351
fl_fy,N,61.149000,-4.143975734710693,-0.5877959332574213
fl_fy,N,61.314000,9.759521484375,1.3997492985127757
fl_fy,N,61.479000,-324.2959899902344,-59.867159318123875
fl_fy,N,61.644000,-24.44085693359375,-3.573163790718501
fl_fy,N,61.809000,-46.19703674316406,-6.888575027244922
fl_fy,N,61.974000,-345.9041442871094,-67.51184773065778
fl_fy,N,62.139000,80.75420379638672,12.485351211453477
fl_fy,N,62.304000,-131.4432830810547,-21.01156483030124
fl_fy,N,62.469000,-313.48663330078125,-59.18954521447959
fl_fy,N,62.634000,-102.95280456542969,-16.25701358047945
fl_fy,N,62.799000,-355.642333984375,-71.96010785641214
fl_fy,N,62.964000,-311.16143798828125,-59.199708553297995
fl_fy,N,63.128999,-175.42945861816406,-29.546830626400247
fl_fy,N,63.294000,-133.60366821289062,-21.862423638707625
fl_fy,N,63.459000,-228.8080291748047,-40.26197681458829
fl_fy,N,63.624000,-52.8842658996582,-8.295466189337414
fl_fy,N,63.789000,-88.7754898071289,-14.031430910112462
fl_fy,N,63.954000,-129.66885375976562,-20.85074592393175
fl_fy,N,64.118999,10.055980682373047,1.590634973636996
fl_fy,N,64.284000,-186.5188446044922,-31.231379223289544
fl_fy,N,64.449000,-124.82295227050781,-19.836392292535717
fl_fy,N,64.614000,126.03523254394531,20.399933873582924
fl_fy,N,64.779000,-116.4300308227539,-18.48134013642395
fl_fy,N,64.944000,-262.8902893066406,-47.149770966285935
fl_fy,N,65.108999,28.562633514404297,4.527044490742522
fl_fy,N,65.273999,182.14480590820312,30.75434452941904
fl_fy,N,65.439000,-98.2001724243164,-15.549901375099342
fl_fy,N,65.604000,17.584514617919922,2.7430907061468512
fl_fy,N,65.769000,-96.18240356445312,-15.238562518314065
fl_fy,N,65.934000,-128.6382293701172,-20.364125947649814
fl_fy,N,66.099000,66.87373352050781,10.517042212187329
fl_fy,N,66.263999,-189.29612731933594,-31.29576143919887
fl_fy,N,66.429000,-97.18893432617188,-15.071741520414921
fl_fy,N,66.594000,145.86834716796875,22.852424681004265
fl_fy,N,66.759000,62.53065872192383,9.186740175151668
fl_fy,N,66.924000,-351.28729248046875,-66.551326890294
fl_fy,N,67.089000,-216.8697509765625,-35.66119730953185
fl_fy,N,67.253999,18.84454917907715,2.6944431472583976
fl_fy,N,67.419000,-181.27244567871094,-28.541819084430728
fl_fy,N,67.584000,-201.81356811523438,-31.97739658465849
fl_fy,N,67.749000,203.92095947265625,31.960016770491563
fl_fy,N,67.914000,299.28863525390625,52.01750448233129
fl_fy,N,68.079000,100.23169708251953,14.319603736433164
fl_fy,N,68.243999,129.93527221679688,19.139823448471404
fl_fy,N,68.408999,-109.96623229980469,-16.0121449815286
fl_fy,N,68.574000,-324.19171142578125,-58.84077188350169
fl_fy,N,68.739000,-43.684654235839844,-6.400448071133372
fl_fy,N,68.904000,-252.80685424804688,-43.03267602219876
fl_fy,N,69.069000,-393.741455078125,-81.64877955429526
fl_fy,N,69.233999,-99.58795166015625,-15.263217495931013
fl_fy,N,69.398999,-361.69891357421875,-70.63577735455966
fl_fy,N,69.564000,-455.2342224121094,-109.33931972722371
fl_fy,N,69.729000,-355.1759338378906,-68.81362172708938
fl_fy,N,69.894000,-137.56195068359375,-20.866945454847954
fl_fy,N,70.059000,-257.9989929199219,-43.55734533625946
fl_fy,N,70.224000,33.05198669433594,4.607622536394387
fl_fy,N,70.388999,182.4013214111328,28.39941461429952
fl_fy,N,70.553999,398.04559326171875,80.63747106740534
fl_fy,N,70.719000,297.5375061035156,51.16908972719302
fl_fy,N,70.884000,181.0421905517578,27.859896684666747
fl_fy,N,71.049000,285.3863525390625,49.620225343898454
fl_fy,N,71.214000,35.231258392333984,4.917027949497509
fl_fy,N,71.378999,-402.30487060546875,-83.04878248461006
fl_fy,N,71.543999,-284.71630859375,-50.2783262808569
fl_fy,N,71.709000,-332.4864196777344,-62.349154861246
fl_fy,N,72.039000,-403.02374267578125,-88.25849818297856
fl_fy,N,72.204000,-252.17112731933594,-45.6268763437487
fl_fy,N,72.368999,-398.4346618652344,-84.85342061471019
fl_fy,N,72.533999,-461.13323974609375,-128.17525903988988
fl_fy,N,72.699000,-405.3907165527344,-91.04643912159938
fl_fy,N,72.864000,-450.8723449707031,-108.0073089481464
fl_fy,N,73.029000,-456.8795166015625,-119.30668432021838
fl_fy,N,73.194000,-464.0328369140625,-114.459206062491
fl_fy,N,73.358999,-490.6607666015625,-148.49093416531215
fl_fy,N,73.523999,-409.6482849121094,-84.36508432094732
fl_fy,N,73.688999,-280.0702819824219,-48.39589611295799
fl_fy,N,73.854000,-47.2867546081543,-6.758518068898641
fl_fy,N,74.019000,-216.89430236816406,-36.34028831007436
fl_fy,N,74.349000,534.423095703125,132.6257952491436
fl_fy,N,74.513999,538.3087768554688,166.6151923748766
fl_fy,N,74.678999,468.1797180175781,177.50345142690435
fl_fy,N,74.844000,433.7709045410156,185.1592420874817
fl_fy,N,75.174000,393.79925537109375,199.79495854859508
fl_fy,N,75.339000,398.1063537597656,204.98345338914262
fl_fy,N,75.503999,380.5762939453125,184.8764911067777
fl_fy,N,75.668999,415.02618408203125,186.41654617405172
fl_fy,N,75.833999,473.3402404785156,188.3925942683776
fl_fy,N,75.999000,454.3479309082031,166.10521059741913
fl_fy,N,76.164000,480.8504333496094,143.65113654782877
fl_fy,N,76.493999,-110.29759979248047,-16.707275282260525
fl_fy,N,76.658999,-490.3952331542969,-192.527632384299
fl_fy,N,76.823999,-445.1229248046875,-233.75154617630005
fl_fy,N,76.989000,-479.9916687011719,-262.31444892709595
fl_fy,N,77.154000,-451.0697021484375,-249.03152444855047
fl_fy,N,77.319000,-99.90530395507812,-53.96656781796461
fl_fy,N,80.289000,3.2084598541259766,5.617897440622531
fl_fy,N,80.454000,5.588791370391846,4.587002475644529
fl_fy,N,80.618999,8.677709579467773,2.011692956793457
fl_fy,N,80.783999,-4.357941150665283,-3.8513339520868572
fl_fy,N,80.948999,20.415634155273438,2.984915942106772
fl_fy,N,81.113999,-5.195911407470703,-2.364164937486025
fl_fy,N,81.279000,-5.518123626708984,-0.958934763354859
fl_fy,N,81.444000,-18.39684295654297,-5.398640993391885
fl_fy,N,81.608999,-20.207731246948242,-5.381970005174389
fl_fy,N,81.773999,-31.741893768310547,-7.012330544310901
fl_fy,N,81.938999,-45.90583038330078,-8.379220600732992
fl_fy,N,82.103999,-65.58399200439453,-9.770301911732036
fl_fy,N,82.269000,-84.0197525024414,-12.524488366400618
fl_fy,N,82.434000,-105.03295135498047,-15.914065904855178
fl_fy,N,82.599000,-157.41900634765625,-25.202715570932767
fl_fy,N,82.763999,-155.64129638671875,-24.74268676537741
fl_fy,N,82.928999,-236.95118713378906,-39.79229771388059
fl_fy,N,83.093999,-263.8759460449219,-46.13266614573395
fl_fy,N,83.259000,-307.5423583984375,-55.1247551516351
fl_fy,N,83.424000,-338.7107849121094,-62.49882162552969
fl_fy,N,83.589000,-370.3178405761719,-74.26496512454435
fl_fy,N,83.918999,-425.8822937011719,-101.93177772820918
fl_fy,N,84.083999,-460.9111328125,-126.86753441883522
fl_fy,N,84.248999,-429.6826171875,-148.46409929129035
fl_fy,N,84.414000,-424.7787170410156,-184.0027543103678
fl_fy,N,84.579000,-337.9633483886719,-195.87398381171775
fl_fy,N,84.743999,-305.32025146484375,-231.05584348884895
fl_fy,N,84.908999,-331.35601806640625,-238.27308131096927
fl_fy,N,85.073999,-360.6192321777344,-241.15808904007037
fl_fy,N,85.238999,-395.4503173828125,-247.92890968946335
fl_fy,N,85.404000,-444.5108337402344,-262.36822001442187
fl_fy,N,85.569000,-480.0601806640625,-265.02845660104373
fl_fy,N,87.053999,2.3270211219787598,4.064780010628098
fl_fy,N,87.218999,-2.1357131004333496,-2.89449675485176
fl_fy,N,87.383999,2.294431447982788,1.3695246812616557
fl_fy,N,87.549000,-6.957636833190918,-3.2963954259319257
fl_fy,N,87.714000,-7.138876914978027,-4.915671162855183
fl_fy,N,87.878999,0.5842486023902893,0.19863964116002095
fl_fy,N,88.043999,-15.250450134277344,-6.637631414446106
fl_fy,N,88.208999,-17.431289672851562,-4.971382272038117
fl_fy,N,88.373999,-26.298583984375,-6.659630345865389
fl_fy,N,88.539000,-38.2146110534668,-7.961752878128476
fl_fy,N,88.704000,-54.742252349853516,-9.385080728813742
fl_fy,N,88.868999,-71.08888244628906,-10.64949952183098
fl_fy,N,89.033999,-87.31585693359375,-13.087475213262634
fl_fy,N,89.198999,-103.90906524658203,-15.758450632336393
fl_fy,N,89.363999,-137.11151123046875,-21.260673316001057
fl_fy,N,89.528999,-156.68991088867188,-24.835270677995055
fl_fy,N,89.694000,-182.67269897460938,-30.079855193228934
fl_fy,N,89.858999,-157.94638061523438,-46.677619483823804
fl_fy,N,92.003999,6.665842056274414,1.877147031878256
fl_fy,N,92.168999,-1.7149978876113892,-2.890475243847977
fl_fy,N,92.333999,-4.463929176330566,-6.215578550729086
fl_fy,N,92.498999,-8.431546211242676,-9.897277031090647
fl_fy,N,92.993999,-31.790607452392578,-52.453719323126
fl_fy,N,96.953999,1.7052823305130005,3.6122950742608126
fl_fy,N,100.583999,47.50503921508789,7.671408849554294
fl_fy,N,105.203999,-61.642086029052734,-33.440314062459215
fl_fy,N,108.503999,-39.16001892089844,-40.56120558428673
fl_fy,N,108.668999,-14.454716682434082,-22.651222381430184
fl_fy,N,115.763999,3.576995849609375,48.66738843396994
fl_fy,N,122.462999,52.492191314697266,66.6501610316668
fl_fy,N,140.612999,3.505014657974243,56.06106946030218
fl_fy,N,157.640999,6.091282844543457,65.17213195753337
fl_fy,N,216.611999,0.22727181017398834,3.0063223063911586
fl_fy,N,229.877999,13.588854789733887,150.94495027045838
fl_fy,N,231.131999,1.4426542520523071,19.1605012839776
fl_fy,N,248.984998,11.285100936889648,148.66428014703817
fl_fy,N,258.125998,4.767820358276367,64.36593722027949
fl_fy,N,273.866998,-2.247222661972046,-36.37314610010649
fl_fy,N,318.317998,13.771193504333496,61.53006520534635
fl_fy,N,358.643998,-2.7803680896759033,-48.61967289133053
fl_fy,N,421.211998,-5.876275539398193,-102.9343348947881
fl_fy,N,509.090997,16.308555603027344,159.97344282865217
fl_fy,N,530.672997,-2.956942558288574,-53.29257044404427
fl_fy,N,533.576997,45.83881759643555,158.58916492969237
fl_fy,N,540.209997,-5.20455265045166,-90.35192117469558
fl_fy,N,567.170997,15.454729080200195,106.92285210435354
fl_fy,N,606.935997,-8.994322776794434,-155.20762392165574
fl_fy,N,622.280997,-3.06046986579895,-39.48800372451042
fl_fy,N,632.279996,10.434037208557129,63.254116748646325
fl_fy,N,636.866997,0.39996087551116943,6.984710150465521
fl_fy,N,644.786996,-5.348564624786377,-89.68118004494391
fl_fy,N,663.563996,1.1493111848831177,13.94848883551889
fl_fy,N,679.403996,23.446697235107422,63.53031013008683
fl_fy,N,704.285996,-3.0438392162323,-53.23897811642575
fl_fy,N,755.369996,-8.66353988647461,-151.58381422802844
fl_fy,N,764.114996,-5.155333042144775,-90.8922588345639
fl_fy,N,791.174996,95.27973937988281,105.1192150557976
fl_fy,N,846.449995,29.090333938598633,156.75829882172945
fl_fy,N,854.369995,9.083593368530273,105.84106937657161
fl_fy,N,895.916995,7.495882511138916,59.86725959227063
fl_fy,N,921.590995,80.30036926269531,154.7547328430927
fl_fy,N,950.663995,-15.885669708251953,-45.010207800598494
fl_fy,N,966.503995,1.281191110610962,11.39161889616571
fl_fy,N,981.518995,3.3628573417663574,12.40884504793885
fl_fy,N,989.438995,0.5266743302345276,9.143437269941632
fl_fy,N,1028.048994,56.13359832763672,60.58628223289785
fl_fy,N,1043.888994,1.3689802885055542,19.518056766770133
fl_fy,N,1055.570994,4.030299186706543,60.91010647139378
fl_fy,N,1077.680994,10.468445777893066,64.97859017857813
fl_fy,N,1088.075994,-5.3659987449646,-95.69300516881476
fl_fy,N,1155.395994,72.1025161743164,153.93830239755735
fl_fy,N,1161.665994,-2.1090140342712402,-36.85425279017711
fl_fy,N,1167.935994,-3.0313174724578857,-53.18682334660841
fl_fy,N,1176.680994,-2.7402007579803467,-41.526051605755725
fl_fy,N,1216.082993,-5.421547889709473,-96.38510381060046
fl_fy,N,1233.572993,5.004024028778076,48.8681922597488
fl_fy,N,1244.792993,84.93798065185547,109.51799423244661
fl_fy,N,1252.712993,11.05090045928955,114.51803645753967
fl_fy,N,1270.202993,-5.324810981750488,-90.35668810332884
fl_fy,N,1279.772993,0.45272237062454224,5.903373262668177
fl_fy,N,1288.517993,1.4150372743606567,10.926036764426483
fl_fy,N,1332.572993,-14.42875862121582,-49.910381342103236
fl_fy,N,1340.492993,10.988869667053223,117.50648603611391
fl_fy,N,1346.762993,2.587123155593872,4.540407258353979
fl_fy,N,1353.857993,0.4465920329093933,7.509279492545206
fl_fy,N,1360.952992,5.418101787567139,72.67453469074256
fl_fy,N,1370.522993,-3.0924336910247803,-38.79387357995485
fl_fy,N,1422.695992,-1.1052231788635254,-15.651145841561172
fl_fy,N,1433.915992,-0.007185798138380051,-0.12707443625895026
fl_fy,N,1438.502992,1.3686522245407104,10.665154257333205
fl_fy,N,1486.781992,-3.0951192378997803,-42.493757448226326
fl_fy,N,1503.413992,0.901864767074585,12.620867691988792
fl_fy,N,1517.108992,1.7356040477752686,18.706310991797185
fl_fy,N,1537.898992,-8.939306259155273,-157.01479349804907
fl_fy,N,1546.643991,-5.298586845397949,-90.47325596583603
fl_fy,N,1576.706991,-5.513078689575195,-90.35713768847857
fl_fy,N,1651.055991,24.452678680419922,117.70348289768246
fl_fy,N,1657.325991,-31.128616333007812,-43.67431875531577
fl_fy,N,1680.260991,-8.615715026855469,-149.41076468549082
fl_fy,N,1686.530991,90.13972473144531,104.84516572966942
fl_fy,N,1701.050991,1.111149549484253,13.393150292393333
fl_fy,N,1725.140990,-2.831364154815674,-49.46406981782561
fl_fy,N,1732.631990,-8.392602920532227,-149.7904782626236
fl_fy,N,1743.455991,-8.578765869140625,-154.7990302483232
fl_fy,N,1788.797990,1.3294131755828857,9.527580898882757
fl_fy,N,1804.538990,35.65504455566406,71.17996828983708
fl_fy,N,1837.340990,-41.08378982543945,-46.00733247942239
fl_fy,N,1844.435990,-5.326661586761475,-96.43675174491884
fl_fy,N,1862.387990,1.45228910446167,19.84750674041251
fl_fy,N,1867.832990,10.36174201965332,101.63533466353532
fl_fy,N,1874.102990,110.860595703125,162.47999844168234
fl_fy,N,1908.191990,-8.364252090454102,-148.3432282632274
fl_fy,N,1926.011990,8.394085884094238,12.789410495424905
fl_fy,N,1936.406989,0.9889749884605408,13.76441328129488
fl_fy,N,1960.958989,3.130147933959961,10.673747561585948
fl_fy,N,1979.273989,44.23845672607422,61.737673296700535
fl_fy,N,2019.632989,-5.109043121337891,-86.43657688416788
fl_fy,N,2037.914989,-18.660133361816406,-39.5779822462666
fl_fy,N,2052.500989,3.9605917930603027,52.10890204966162
fl_fy,N,2067.944989,-3.910668134689331,-44.65624593918465
fl_fy,N,2091.671988,3.141059637069702,49.45315283075493
fl_fy,N,2118.599988,3.3985140323638916,11.363357020156142
fl_fy,N,2163.413988,-5.805448055267334,-100.32037418461987
fl_fy,N,2200.505988,-8.570064544677734,-149.21273646137794
fr_fy,N,0.000000,1.9688589572906494,0.2935190116331569
fr_fy,N,0.165000,0.024979623034596443,0.003723952658368061
fr_fy,N,0.330000,0.46856221556663513,0.06975679963392523
fr_fy,N,0.495000,2.141190528869629,0.31758025434272047
fr_fy,N,0.660000,5.113719463348389,0.7618211401384338
fr_fy,N,0.825000,8.045477867126465,1.2004351103700948
fr_fy,N,0.990000,10.552151679992676,1.5762732786516385
fr_fy,N,1.155000,11.658517837524414,1.7183535217856736
fr_fy,N,1.320000,5.498837947845459,0.8309259139732741
fr_fy,N,1.485000,27.123594284057617,4.108382070643204
fr_fy,N,1.650000,-3.681934118270874,-0.5488297481819026
fr_fy,N,1.815000,33.50608825683594,4.812497673974278
fr_fy,N,1.980000,-32.955596923828125,-4.710936719937834
fr_fy,N,2.145000,5.120843887329102,0.7387917371994346
fr_fy,N,2.310000,-3.2874088287353516,-0.4761587816993678
fr_fy,N,2.475000,39.310298919677734,5.788018058784622
fr_fy,N,2.640000,0.7808630466461182,0.1151246744976829
fr_fy,N,2.805000,12.020646095275879,1.7900776422907176
fr_fy,N,2.970000,35.59440612792969,5.35555853014688
fr_fy,N,3.135000,9.489908218383789,1.417242406562863
fr_fy,N,3.300000,1.7569360733032227,0.2635217168140379
fr_fy,N,3.465000,55.282474517822266,8.38534368224343
fr_fy,N,3.630000,-54.32613754272461,-8.334205408671476
fr_fy,N,3.795000,2.2956602573394775,0.35149626297318454
fr_fy,N,3.960000,-17.952810287475586,-2.7585244473067263
fr_fy,N,4.125000,175.53829956054688,28.937647305045843
fr_fy,N,4.290000,-68.2821044921875,-10.492844716290373
fr_fy,N,4.455000,42.967552185058594,6.627510262896119
fr_fy,N,4.620000,-126.04922485351562,-20.40310854029192
fr_fy,N,4.785000,187.8660125732422,31.253601506466033
fr_fy,N,4.950000,148.29127502441406,24.214998222721604
fr_fy,N,5.115000,125.31751251220703,20.195699481911223
fr_fy,N,5.280000,100.61876678466797,16.362071195364
fr_fy,N,5.445000,354.4096374511719,70.80001863984259
fr_fy,N,5.610000,186.53485107421875,31.415695854550826
fr_fy,N,5.775000,345.0794677734375,67.04644379237034
fr_fy,N,5.940000,231.5672607421875,38.99298684114836
fr_fy,N,6.105000,422.7784729003906,87.6094713353596
fr_fy,N,6.270000,424.8975830078125,87.11381403577697
fr_fy,N,6.435000,357.8026123046875,66.25402718803004
fr_fy,N,6.765000,392.648681640625,76.65982876361798
fr_fy,N,6.930000,418.7332458496094,85.40958094365186
fr_fy,N,7.095000,144.14552307128906,22.01296161919578
fr_fy,N,7.260000,79.54376220703125,11.690631577572205
fr_fy,N,7.425000,-143.13282775878906,-22.03312318844677
fr_fy,N,7.590000,171.00405883789062,27.215539728474834
fr_fy,N,7.755000,132.19068908691406,20.717623198343638
fr_fy,N,7.920000,-320.1911926269531,-58.32048945904337
fr_fy,N,8.085000,-88.15226745605469,-12.777866463300562
fr_fy,N,8.250000,-244.0019989013672,-41.042141269471756
fr_fy,N,8.415000,137.72445678710938,22.370986453149296
fr_fy,N,8.580000,42.486629486083984,6.659954266763704
fr_fy,N,8.745000,-254.2375946044922,-44.18220779743243
fr_fy,N,8.910000,-382.79559326171875,-75.296827528478
fr_fy,N,9.075000,-30.114002227783203,-3.9041901482834858
fr_fy,N,9.240000,-406.223876953125,-86.24941355661434
fr_fy,N,9.405000,-325.77264404296875,-58.05248991286311
fr_fy,N,9.570000,-31.22405433654785,-4.374694213867435
fr_fy,N,9.735000,406.7997131347656,80.64265319972516
fr_fy,N,9.900000,294.0684814453125,50.668472287841745
fr_fy,N,10.065000,441.6908874511719,92.81269700390482
fr_fy,N,10.230000,474.4070739746094,108.73677141295737
fr_fy,N,10.395000,451.53143310546875,99.7765722068245
fr_fy,N,10.560000,390.4765319824219,77.39264696529717
fr_fy,N,10.725000,415.5536193847656,85.47480586361277
fr_fy,N,10.890000,271.9486999511719,46.95142123490686
fr_fy,N,11.055000,193.5843505859375,31.251085655146944
fr_fy,N,11.220000,52.27793502807617,7.84148969212198
fr_fy,N,11.385000,205.8523406982422,33.70806649140625
fr_fy,N,11.550000,36.640628814697266,5.448238710927096
fr_fy,N,11.715000,90.35853576660156,13.5632533758113
fr_fy,N,11.880000,126.58071899414062,20.150169410378307
fr_fy,N,12.045000,-164.32374572753906,-26.467044784192026
fr_fy,N,12.210000,54.28660202026367,8.303114866979723
fr_fy,N,12.375000,-50.33968734741211,-7.791736066488183
fr_fy,N,12.540000,-25.440017700195312,-3.919510826757272
fr_fy,N,12.705000,96.66663360595703,15.156653456021896
fr_fy,N,12.870000,111.90058898925781,17.574684177835024
fr_fy,N,13.035000,-1.0776482820510864,-0.16697489233892288
fr_fy,N,13.200000,-46.63493347167969,-7.268067652285512
fr_fy,N,13.365000,30.06502914428711,4.671556958350944
fr_fy,N,13.530000,73.6528091430664,11.531390232972996
fr_fy,N,13.695000,-28.694177627563477,-4.420154945669174
fr_fy,N,13.860000,32.207550048828125,5.008048816995795
fr_fy,N,14.025000,-49.31216812133789,-7.7147138167470635
fr_fy,N,14.190000,28.206649780273438,4.3774522192206575
fr_fy,N,14.355000,-52.208248138427734,-8.130329396862225
fr_fy,N,14.520000,58.97002410888672,9.26112023457288
fr_fy,N,14.685000,71.30933380126953,11.278237000915068
fr_fy,N,14.850000,-15.297219276428223,-2.398147054111031
fr_fy,N,15.015000,94.00438690185547,15.502526186627513
fr_fy,N,15.180000,123.60428619384766,19.817701013363514
fr_fy,N,15.345000,-155.68653869628906,-25.26914966530034
fr_fy,N,15.510000,32.75844192504883,4.956103564099248
fr_fy,N,15.675000,226.38059997558594,37.65742534516669
fr_fy,N,15.840000,-28.37694549560547,-4.367622584051261
fr_fy,N,16.005000,-188.41920471191406,-29.89355612516088
fr_fy,N,16.170000,-295.5592346191406,-52.10230125038869
fr_fy,N,16.335000,197.65145874023438,30.81681324430241
fr_fy,N,16.500000,172.2356414794922,27.119119204025324
fr_fy,N,16.665000,-155.4985809326172,-23.502581493516566
fr_fy,N,16.830000,28.07912826538086,3.8254799408408635
fr_fy,N,16.995000,-7.033333778381348,-0.9466857609884778
fr_fy,N,17.160000,198.81593322753906,31.06239472722627
fr_fy,N,17.325000,161.18060302734375,24.79725983029526
fr_fy,N,17.490000,-267.09521484375,-44.42244675875625
fr_fy,N,17.655000,-222.5059356689453,-35.353608629176506
fr_fy,N,17.820000,-212.73793029785156,-33.36229139572794
fr_fy,N,17.985000,240.29722595214844,38.81517829112341
fr_fy,N,18.150000,204.55355834960938,33.241257097504295
fr_fy,N,18.315000,17.67756462097168,2.5836715894535667
fr_fy,N,18.480000,206.63021850585938,33.62919665996486
fr_fy,N,18.645000,69.17450714111328,10.332179590266357
fr_fy,N,18.810000,-237.2108612060547,-39.72050660362672
fr_fy,N,18.975000,-311.5287170410156,-56.63831155162511
fr_fy,N,19.140000,-179.3813934326172,-28.0462396080767
fr_fy,N,19.305000,-75.22949981689453,-10.648628359097927
fr_fy,N,19.470000,-273.397705078125,-45.550111039468604
fr_fy,N,19.635000,-179.46238708496094,-28.2131422952952
fr_fy,N,19.800000,339.3868408203125,61.71106785974979
fr_fy,N,19.965000,375.8603210449219,71.58754136741065
fr_fy,N,20.130000,114.98448944091797,16.870537444322103
fr_fy,N,20.295000,16.776996612548828,2.377969397488678
fr_fy,N,20.460000,45.5139045715332,6.285181104959504
fr_fy,N,20.625000,-110.5647964477539,-16.150983894562994
fr_fy,N,20.790000,-371.3460998535156,-70.5862001017317
fr_fy,N,20.955000,-366.6387939453125,-70.17352086445725
fr_fy,N,21.054000,-116.51411437988281,-17.298544188105
fr_fy,N,21.120000,-21.84514808654785,-3.1094657589070485
fr_fy,N,21.186000,221.283203125,35.54908290482931
fr_fy,N,21.219000,275.86920166015625,46.93832400711011
fr_fy,N,21.351000,354.0286865234375,67.43619228288722
fr_fy,N,21.516000,126.7001953125,20.145818387050127
fr_fy,N,21.681000,78.25422668457031,11.858396061991613
fr_fy,N,21.846000,51.89767074584961,7.725432100920996
fr_fy,N,22.011000,76.0384750366211,11.325812996990049
fr_fy,N,22.077000,169.7246856689453,27.0063034481696
fr_fy,N,22.143000,-86.27110290527344,-12.99273812971798
fr_fy,N,22.176000,-242.18585205078125,-40.38270424073641
fr_fy,N,22.209000,-329.03082275390625,-59.69646264664286
fr_fy,N,22.242000,-348.8324890136719,-64.84288207190082
fr_fy,N,22.308000,-250.38307189941406,-41.03373773880154
fr_fy,N,22.341000,-323.1556091308594,-57.54769621528824
fr_fy,N,22.374000,-166.2646484375,-25.159739889870025
fr_fy,N,22.506000,-227.9706268310547,-36.14796454320766
fr_fy,N,22.671000,-125.55288696289062,-18.46842295441864
fr_fy,N,22.836000,-50.843048095703125,-7.11552568907165
fr_fy,N,23.001000,227.9477996826172,37.22585267060758
fr_fy,N,23.166000,125.93282318115234,18.936413678994903
fr_fy,N,23.331000,89.72453308105469,13.053015688889529
fr_fy,N,23.496000,228.59767150878906,36.820947750321615
fr_fy,N,23.661000,-82.8888168334961,-11.986688855763605
fr_fy,N,23.826000,-366.8765563964844,-69.24957704837006
fr_fy,N,23.991000,-286.77105712890625,-49.33337454748214
fr_fy,N,24.156000,136.90151977539062,20.22334400535918
fr_fy,N,24.321000,188.0749053955078,29.985641916504196
fr_fy,N,24.486000,272.4703063964844,47.750553852057024
fr_fy,N,24.651000,115.71529388427734,17.894908215982277
fr_fy,N,24.816000,131.64984130859375,20.485201219830905
fr_fy,N,24.981000,-245.41448974609375,-41.74967712079176
fr_fy,N,25.146000,-90.91178894042969,-13.53582479463928
fr_fy,N,25.311000,-104.89404296875,-15.519146525879334
fr_fy,N,25.476000,-141.34625244140625,-21.423957674593726
fr_fy,N,25.641000,-38.858856201171875,-5.376086055813751
fr_fy,N,25.806000,112.02940368652344,16.37451090769824
fr_fy,N,25.971000,304.0376892089844,53.04289809439293
fr_fy,N,26.136000,-26.55193328857422,-3.762539707485741
fr_fy,N,26.301000,-158.5792236328125,-24.2803093462648
fr_fy,N,26.400000,-397.2405090332031,-77.70626703620847
fr_fy,N,26.532000,-204.8427276611328,-31.539402175553597
fr_fy,N,26.565000,-241.61749267578125,-38.871473944148406
fr_fy,N,26.598000,-250.10650634765625,-40.51601893920055
fr_fy,N,26.631000,-89.9133529663086,-12.684261478939206
fr_fy,N,26.697000,-186.65985107421875,-28.35834089451236
fr_fy,N,26.730000,-87.385986328125,-12.272807047045445
fr_fy,N,26.763000,26.150405883789062,3.5296667653093317
fr_fy,N,26.895000,-145.67962646484375,-21.84312831844481
fr_fy,N,26.994000,-158.38754272460938,-24.020396354957516
fr_fy,N,27.126000,242.81866455078125,39.61470625790156
fr_fy,N,27.192000,225.74070739746094,35.890748544187225
fr_fy,N,27.225000,364.6800842285156,68.776985903956
fr_fy,N,27.324000,349.3783874511719,65.17011777475936
fr_fy,N,27.390000,422.1900634765625,88.4988276351093
fr_fy,N,27.456000,342.10601806640625,64.42534030491112
fr_fy,N,27.489000,220.61795043945312,37.105076912017424
fr_fy,N,27.555000,208.75848388671875,34.04140770520937
fr_fy,N,27.588000,199.3137664794922,32.43503030955612
fr_fy,N,27.621000,0.8689858913421631,0.12798824218169796
fr_fy,N,27.687000,83.35044860839844,12.514880416685292
fr_fy,N,27.720000,-46.513187408447266,-6.850317288698432
fr_fy,N,27.753000,-156.170654296875,-24.296878545260494
fr_fy,N,27.786000,-237.82644653320312,-39.520503169863986
fr_fy,N,27.819000,-38.95695495605469,-5.797662946971461
fr_fy,N,27.885000,-41.44615173339844,-6.190106229929112
fr_fy,N,27.918000,26.088590621948242,3.953090835752769
fr_fy,N,27.951000,-10.568985939025879,-1.5764457737000708
fr_fy,N,28.017000,-253.41957092285156,-42.899100028734914
fr_fy,N,28.083000,-149.30743408203125,-23.273097967304082
fr_fy,N,28.116000,-110.11234283447266,-16.82507610030562
fr_fy,N,28.149000,-268.9718017578125,-46.3540932308017
fr_fy,N,28.215000,-237.19847106933594,-39.7821439534034
fr_fy,N,28.281000,-263.8847961425781,-45.276516172841674
fr_fy,N,28.314000,-277.63348388671875,-47.98335949080594
fr_fy,N,28.347000,-47.88059616088867,-6.9827629276267675
fr_fy,N,28.413000,43.71316909790039,6.666134550170317
fr_fy,N,28.479000,154.8640899658203,23.687401500223395
fr_fy,N,28.512000,190.1714324951172,29.826304531232736
fr_fy,N,28.545000,-56.46770477294922,-8.301502020556503
fr_fy,N,28.611000,-121.62974548339844,-18.1233045111073
fr_fy,N,28.677000,-111.95691680908203,-16.678402310375645
fr_fy,N,28.710000,-112.23211669921875,-16.604208112645267
fr_fy,N,28.743000,-193.6690216064453,-30.312274022147164
fr_fy,N,28.809000,46.89296340942383,6.423777918652469
fr_fy,N,28.875000,-90.50772094726562,-12.796546235606764
fr_fy,N,28.941000,61.197261810302734,8.554171359994637
fr_fy,N,29.007000,154.14100646972656,23.29914642484004
fr_fy,N,29.040000,183.5254364013672,28.54373784851982
fr_fy,N,29.073000,225.8493194580078,36.51883413992385
fr_fy,N,29.139000,44.644710540771484,6.205189118686453
fr_fy,N,29.205000,-7.596612453460693,-1.067808645128809
fr_fy,N,29.238000,-99.08314514160156,-14.781698622386696
fr_fy,N,29.271000,-74.32728576660156,-11.134597166396027
fr_fy,N,29.304000,-87.78887939453125,-13.186664415123223
fr_fy,N,29.337000,-38.925750732421875,-5.729002813060874
fr_fy,N,29.403000,164.38978576660156,25.367346386361287
fr_fy,N,29.436000,85.56947326660156,12.591699925931042
fr_fy,N,29.469000,36.33462142944336,5.21721087478592
fr_fy,N,29.502000,13.390110969543457,1.920361496307189
fr_fy,N,29.535000,183.35189819335938,28.420434202061333
fr_fy,N,29.601000,285.44610595703125,48.929108324652795
fr_fy,N,29.634000,314.4978332519531,55.924606153993956
fr_fy,N,29.667000,104.21912384033203,15.52721530344796
fr_fy,N,29.733000,5.089531421661377,0.7088582421279264
fr_fy,N,29.799000,8.442425727844238,1.1603311114478303
fr_fy,N,29.898000,-319.859130859375,-56.13302031658934
fr_fy,N,30.030000,-291.499267578125,-49.1272890020044
fr_fy,N,30.195000,-178.52572631835938,-26.997251866919655
fr_fy,N,30.360000,-24.768339157104492,-3.4362684230971294
fr_fy,N,30.525000,107.00609588623047,16.062895325943682
fr_fy,N,30.690000,-52.4422721862793,-7.692960194934791
fr_fy,N,30.855000,-259.2948913574219,-43.86779454991654
fr_fy,N,31.020000,-240.1176300048828,-40.38442447973597
fr_fy,N,31.185000,305.5917663574219,54.371805415842964
fr_fy,N,31.350000,308.5912170410156,57.39398913373779
fr_fy,N,31.482000,270.71905517578125,48.52676044967952
fr_fy,N,31.647000,17.211688995361328,2.5022742874490596
fr_fy,N,31.713000,106.70204162597656,15.998768943346771
fr_fy,N,31.746000,-66.7737808227539,-9.71234972251287
fr_fy,N,31.779000,-189.7714385986328,-29.810890023952467
fr_fy,N,31.845000,-81.02434539794922,-11.688198875521566
fr_fy,N,31.911000,-68.26747131347656,-9.78569271708134
fr_fy,N,31.944000,-26.063169479370117,-3.6425877638663904
fr_fy,N,31.977000,-41.759281158447266,-5.681487223801142
fr_fy,N,32.043000,-255.09771728515625,-41.346284997897335
fr_fy,N,32.076000,-188.45721435546875,-28.531642001469358
fr_fy,N,32.109000,-61.24223709106445,-8.363645713726292
fr_fy,N,32.175000,48.66469192504883,6.696269002307459
fr_fy,N,32.241000,-158.0851593017578,-23.841017633234078
fr_fy,N,32.274000,-150.64955139160156,-22.60787810452763
fr_fy,N,32.307000,-289.781005859375,-49.855168349079705
fr_fy,N,32.340000,-363.6332702636719,-67.81325961927512
fr_fy,N,32.373000,-373.4749755859375,-70.66551752347605
fr_fy,N,32.439000,-250.42047119140625,-41.479776294068294
fr_fy,N,32.472000,-314.9942932128906,-55.593201235238695
fr_fy,N,32.505000,-121.25345611572266,-18.063858076883157
fr_fy,N,32.538000,-198.392578125,-31.229614950728962
fr_fy,N,32.571000,-236.68890380859375,-38.42798029864724
fr_fy,N,32.637000,-106.59490203857422,-15.70917808629082
fr_fy,N,32.670000,18.719865798950195,2.6572998673553223
fr_fy,N,32.703000,96.84382629394531,14.294988186012775
fr_fy,N,32.769000,208.9682159423828,33.710783121908264
fr_fy,N,32.835000,118.3637924194336,17.746686111494657
fr_fy,N,32.868000,229.7648468017578,37.37844985189551
fr_fy,N,32.901000,66.59992980957031,9.57028148468151
fr_fy,N,32.967000,179.59112548828125,27.954909149744083
fr_fy,N,33.033000,26.16408920288086,3.650177331110566
fr_fy,N,33.066000,-114.44320678710938,-16.934873525938883
fr_fy,N,33.099000,198.3734893798828,31.305384796840954
fr_fy,N,33.165000,51.298484802246094,7.196067369401846
fr_fy,N,33.231000,200.83787536621094,31.618346209750797
fr_fy,N,33.264000,176.05686950683594,27.13993223244054
fr_fy,N,33.297000,283.7880554199219,48.00965196162622
fr_fy,N,33.330000,276.114990234375,46.47563776762814
fr_fy,N,33.396000,305.15496826171875,53.07533784113675
fr_fy,N,33.429000,81.73272705078125,11.696822733083957
fr_fy,N,33.462000,153.37506103515625,23.148495817865108
fr_fy,N,33.495000,-36.250614166259766,-5.073575842077976
fr_fy,N,33.561000,-52.7413444519043,-7.378632017054166
fr_fy,N,33.594000,-67.2904052734375,-9.479258894998678
fr_fy,N,33.627000,-261.90753173828125,-43.20462960604577
fr_fy,N,33.660000,-358.1024169921875,-66.0702912385795
fr_fy,N,33.693000,-175.44313049316406,-26.69857204326405
fr_fy,N,33.759000,-305.45440673828125,-52.577366982298464
fr_fy,N,33.792000,-349.5030517578125,-63.66207320772095
fr_fy,N,33.825000,-169.49832153320312,-25.481692924634256
fr_fy,N,33.891000,-118.13880157470703,-17.02483076205579
fr_fy,N,33.957000,-43.0443229675293,-5.994940030718157
fr_fy,N,33.990000,-15.991950988769531,-2.231765853456176
fr_fy,N,34.023000,-100.57232666015625,-14.698207189349441
fr_fy,N,34.089000,-242.00096130371094,-39.557213976374
fr_fy,N,34.155000,-108.5075454711914,-16.107988886488943
fr_fy,N,34.188000,-72.8184585571289,-10.545488589621401
fr_fy,N,34.221000,-193.91241455078125,-31.053449985309616
fr_fy,N,34.287000,132.05816650390625,20.42691880217114
fr_fy,N,34.353000,62.53187561035156,9.482466012904684
fr_fy,N,34.386000,55.51908874511719,8.437832705671886
fr_fy,N,34.551000,149.3863525390625,24.08589784983953
fr_fy,N,34.716000,218.38265991210938,37.48816864792887
fr_fy,N,34.881000,110.97754669189453,17.78902136161543
fr_fy,N,35.046000,194.1517791748047,32.79104045698137
fr_fy,N,35.211000,-70.16665649414062,-10.990125963111902
fr_fy,N,35.376000,93.14683532714844,15.012183358186169
fr_fy,N,35.541000,85.06532287597656,13.330514179237667
fr_fy,N,35.706000,-247.6205291748047,-42.1812608271683
fr_fy,N,35.871000,-173.65469360351562,-27.026346265505964
fr_fy,N,36.036000,227.6157989501953,36.80072742132731
fr_fy,N,36.201000,-120.3726577758789,-17.638341154897507
fr_fy,N,36.333000,-269.9165954589844,-44.967218781606064
fr_fy,N,36.399000,-35.1950798034668,-4.819050017646952
fr_fy,N,36.432000,-110.7426528930664,-16.004050327325345
fr_fy,N,36.465000,-152.70257568359375,-22.742791273429226
fr_fy,N,36.531000,69.9429702758789,9.733995594356012
fr_fy,N,36.564000,60.334083557128906,8.353537017930957
fr_fy,N,36.597000,203.28480529785156,31.55552594388968
fr_fy,N,36.630000,283.62322998046875,47.83472266228936
fr_fy,N,36.663000,291.55645751953125,49.93401943302293
fr_fy,N,36.729000,331.2122802734375,59.564155646765535
fr_fy,N,36.762000,362.4554748535156,67.85012670629307
fr_fy,N,36.795000,203.51495361328125,32.584098948730364
fr_fy,N,36.828000,261.3885498046875,43.32317906656692
fr_fy,N,36.861000,311.8515930175781,55.44832647977383
fr_fy,N,36.927000,114.5202865600586,17.4806685023422
fr_fy,N,36.960000,166.21319580078125,25.87659708793464
fr_fy,N,36.993000,2.0422751903533936,0.2961263042508
fr_fy,N,37.059000,-110.71823120117188,-16.680313746875004
fr_fy,N,37.125000,108.69966888427734,16.05535349645668
fr_fy,N,37.158000,-5.452876091003418,-0.7766169196580593
fr_fy,N,37.191000,180.08984375,28.145885083905004
fr_fy,N,37.257000,94.76905059814453,14.129833196037323
fr_fy,N,37.323000,235.84007263183594,38.57534561772042
fr_fy,N,37.356000,318.487548828125,57.2684112356407
fr_fy,N,37.389000,405.9259033203125,82.54801350022392
fr_fy,N,37.455000,461.2465515136719,106.4596883105347
fr_fy,N,37.521000,415.9229431152344,88.13196201594411
fr_fy,N,37.587000,356.84222412109375,69.57374400710101
fr_fy,N,37.653000,418.4808654785156,89.58278754350299
fr_fy,N,37.686000,433.10516357421875,96.67647936745053
fr_fy,N,37.719000,343.8635559082031,67.04891647709239
fr_fy,N,37.785000,458.9515380859375,108.53505584589296
fr_fy,N,37.851000,467.14105224609375,115.25783393543847
fr_fy,N,37.884000,468.63519287109375,116.14456696537098
fr_fy,N,37.917000,392.03240966796875,81.01498261598795
fr_fy,N,37.983000,472.33245849609375,113.43720906033963
fr_fy,N,38.049000,473.7024230957031,114.74523343231621
fr_fy,N,38.082000,471.653564453125,112.44995198061817
fr_fy,N,38.115000,462.14202880859375,125.21442743387888
fr_fy,N,38.181000,518.6965942382812,158.37024307412528
fr_fy,N,38.247000,511.9840087890625,153.01129879477085
fr_fy,N,38.280000,516.1779174804688,153.1100928882017
fr_fy,N,38.313000,490.0566711425781,120.37339114313943
fr_fy,N,38.379000,467.95184326171875,106.60577644731177
fr_fy,N,38.445000,477.1845703125,109.30417952290873
fr_fy,N,38.511000,488.8754577636719,116.06647213083521
fr_fy,N,38.577000,500.29998779296875,124.25857407531795
fr_fy,N,38.643000,525.31298828125,133.86696386497198
fr_fy,N,38.709000,404.7271423339844,80.18511215703153
fr_fy,N,38.775000,465.09893798828125,103.80946237437435
fr_fy,N,38.841000,485.6114196777344,115.97068839635484
fr_fy,N,38.907000,367.2052001953125,69.6124426762441
fr_fy,N,38.973000,439.109619140625,94.04016172113248
fr_fy,N,39.039000,423.5845031738281,89.87465649300903
fr_fy,N,39.105000,288.9809875488281,51.24828495310974
fr_fy,N,39.171000,406.25018310546875,82.48982497311096
fr_fy,N,39.204000,393.7086181640625,79.19927853206582
fr_fy,N,39.237000,377.1454772949219,73.74934546928378
fr_fy,N,39.303000,130.02442932128906,20.15339838246014
fr_fy,N,39.369000,144.28598022460938,22.655774580517885
fr_fy,N,39.402000,74.64849090576172,11.325892538458064
fr_fy,N,39.435000,50.35318374633789,7.585428525690472
fr_fy,N,39.501000,258.8714599609375,44.64707319408431
fr_fy,N,39.567000,291.7313232421875,51.78447913579113
fr_fy,N,39.600000,338.51953125,63.65185380219376
fr_fy,N,39.633000,326.2213439941406,60.414452052266356
fr_fy,N,39.699000,105.6961898803711,16.29067168397531
fr_fy,N,39.765000,-66.21160125732422,-10.00907201383392
fr_fy,N,39.831000,-17.89410972595215,-2.6794230888375727
fr_fy,N,39.897000,189.95494079589844,31.10021787736374
fr_fy,N,39.963000,251.89207458496094,43.297139083467236
fr_fy,N,40.029000,280.696533203125,49.717825614148055
fr_fy,N,40.095000,26.891551971435547,4.061419084487291
fr_fy,N,40.161000,-101.87757873535156,-15.76909029079171
fr_fy,N,40.227000,-101.64169311523438,-15.79006357765107
fr_fy,N,40.293000,-154.9348602294922,-24.899907310049795
fr_fy,N,40.326000,-170.6261749267578,-27.74667134178374
fr_fy,N,40.359000,104.93147277832031,16.538038848423174
fr_fy,N,40.425000,-14.007410049438477,-2.1634835375557344
fr_fy,N,40.491000,134.19361877441406,21.633792307126782
fr_fy,N,40.524000,209.44105529785156,35.72711197895301
fr_fy,N,40.557000,306.0094909667969,56.831599227658444
fr_fy,N,40.623000,351.6338806152344,69.19820243408387
fr_fy,N,40.689000,201.11753845214844,33.99181248466881
fr_fy,N,40.722000,245.2925567626953,42.873943416289066
fr_fy,N,40.755000,25.770801544189453,4.010618445147528
fr_fy,N,40.821000,168.85888671875,28.1848212910174
fr_fy,N,40.887000,165.79226684570312,27.4444471552347
fr_fy,N,40.953000,153.17181396484375,25.357590597315493
fr_fy,N,41.019000,-115.8222885131836,-18.78591261357792
fr_fy,N,41.085000,-109.55309295654297,-17.764483715062692
fr_fy,N,41.118000,-121.83100891113281,-19.90833357880855
fr_fy,N,41.151000,139.4329071044922,23.11286379441212
fr_fy,N,41.217000,21.195619583129883,3.377413354512564
fr_fy,N,41.283000,-196.1966552734375,-33.31406033906822
fr_fy,N,41.316000,-222.61181640625,-38.54406781191918
fr_fy,N,41.349000,-194.42587280273438,-32.81378786833468
fr_fy,N,41.415000,-303.39910888671875,-55.73180672754718
fr_fy,N,41.481000,-63.508792877197266,-9.806375698127212
fr_fy,N,41.514000,-117.83032989501953,-18.22734765924953
fr_fy,N,41.547000,-145.61920166015625,-22.858460549915215
fr_fy,N,41.613000,-64.30545043945312,-9.507373517871475
fr_fy,N,41.646000,-86.67276000976562,-12.899896178667221
fr_fy,N,41.679000,-191.33201599121094,-30.266067812222357
fr_fy,N,41.745000,-153.9097900390625,-23.332978482784362
fr_fy,N,41.811000,-153.94094848632812,-23.25237648251993
fr_fy,N,41.844000,-147.67274475097656,-22.132020739360282
fr_fy,N,41.877000,-145.01695251464844,-21.60525543840319
fr_fy,N,41.943000,-140.9799346923828,-21.35481721210945
fr_fy,N,42.042000,65.76648712158203,9.518335865711895
fr_fy,N,42.075000,51.238685607910156,7.284114435939718
fr_fy,N,42.141000,40.91770935058594,5.897823158577327
fr_fy,N,42.207000,195.85365295410156,31.124068836998095
fr_fy,N,42.240000,245.05844116210938,40.35794613571396
fr_fy,N,42.273000,209.70140075683594,33.46875405893861
fr_fy,N,42.339000,196.53192138671875,30.91369436334158
fr_fy,N,42.405000,-68.17022705078125,-9.869273072767811
fr_fy,N,42.438000,17.435867309570312,2.4780874218148834
fr_fy,N,42.471000,53.131710052490234,7.733991025136354
fr_fy,N,42.537000,67.99445343017578,10.024620856323235
fr_fy,N,42.603000,209.64404296875,33.67206692745274
fr_fy,N,42.669000,227.46026611328125,36.90715816628598
fr_fy,N,42.735000,207.3862762451172,33.10279929614228
fr_fy,N,42.801000,321.9239196777344,57.47721292266716
fr_fy,N,42.867000,357.2952880859375,66.87285385189595
fr_fy,N,42.933000,356.1748962402344,66.72976151790826
fr_fy,N,42.966000,360.6112060546875,67.90456151312583
fr_fy,N,42.999000,185.86444091796875,29.547462412498597
fr_fy,N,43.065000,262.7508239746094,44.539333538692546
fr_fy,N,43.131000,282.859375,49.023850713996566
fr_fy,N,43.164000,287.17510986328125,50.07092982706329
fr_fy,N,43.197000,376.8690185546875,72.9340394391528
fr_fy,N,43.230000,414.5599365234375,85.24174806888372
fr_fy,N,43.263000,404.2298583984375,81.7909471386296
fr_fy,N,43.329000,396.68109130859375,79.37096700341375
fr_fy,N,43.362000,398.7509460449219,79.98831543063325
fr_fy,N,43.395000,462.6092529296875,106.52153891374687
fr_fy,N,43.428000,481.0046081542969,113.68866243000906
fr_fy,N,43.461000,472.7974548339844,112.2221477300498
fr_fy,N,43.527000,473.968505859375,113.92295114338344
fr_fy,N,43.560000,480.9372253417969,116.9697440449002
fr_fy,N,43.593000,414.9757385253906,85.835364508873
fr_fy,N,43.626000,430.7393798828125,91.510105549269
fr_fy,N,43.659000,438.1905517578125,96.00897993653949
fr_fy,N,43.725000,371.24066162109375,71.75296247079804
fr_fy,N,43.791000,459.42047119140625,102.6635688332818
fr_fy,N,43.824000,462.3608703613281,105.62067884847356
fr_fy,N,43.923000,380.466796875,74.29062742887788
fr_fy,N,44.088000,461.202880859375,106.27043471283704
fr_fy,N,44.154000,364.40887451171875,70.10903828289861
fr_fy,N,44.220000,343.8890380859375,64.46885328919983
fr_fy,N,44.385000,370.601318359375,72.52511805591578
fr_fy,N,44.550000,266.3206481933594,46.20856122308
fr_fy,N,44.649000,290.138427734375,52.045495040360805
fr_fy,N,44.715000,317.7640380859375,58.48354397675337
fr_fy,N,44.781000,150.4295654296875,24.09261417479464
fr_fy,N,44.847000,174.68089294433594,28.288487284390225
fr_fy,N,44.880000,173.68482971191406,28.33092862905235
fr_fy,N,44.979000,335.4356994628906,62.81048195236018
fr_fy,N,45.045000,311.6617736816406,57.58233940242492
fr_fy,N,45.078000,311.27899169921875,57.26782207097685
fr_fy,N,45.111000,86.00226593017578,13.509764543040163
fr_fy,N,45.177000,-88.77954864501953,-14.064661691538127
fr_fy,N,45.210000,-62.98360824584961,-9.748752376491797
fr_fy,N,45.243000,-42.176910400390625,-6.354864465489973
fr_fy,N,45.309000,214.50071716308594,35.872228355905015
fr_fy,N,45.375000,238.82022094726562,40.33009668800332
fr_fy,N,45.408000,294.1196594238281,53.05606254264617
fr_fy,N,45.441000,264.76177978515625,46.409430549707515
fr_fy,N,45.507000,183.095703125,29.960992835421763
fr_fy,N,45.573000,-35.777034759521484,-5.500775730900155
fr_fy,N,45.606000,32.593658447265625,4.971454050861761
fr_fy,N,45.705000,125.72632598876953,19.92533369139896
fr_fy,N,45.771000,238.4383544921875,40.92589433180891
fr_fy,N,45.837000,277.3167724609375,50.14868708039689
fr_fy,N,45.903000,344.31964111328125,67.45770279299485
fr_fy,N,45.969000,140.93153381347656,22.8433146613184
fr_fy,N,46.035000,232.91909790039062,39.99318066022501
fr_fy,N,46.101000,159.49485778808594,26.764230626649592
fr_fy,N,46.167000,307.6186828613281,56.85252046073906
fr_fy,N,46.233000,336.30413818359375,64.5313235855185
fr_fy,N,46.299000,333.5320739746094,62.875092663887195
fr_fy,N,46.365000,353.8721618652344,68.61106488912635
fr_fy,N,46.431000,180.59341430664062,29.306547787140307
fr_fy,N,46.497000,-17.178319931030273,-2.5374045743755054
fr_fy,N,46.530000,-65.9366226196289,-9.730425745735047
fr_fy,N,46.563000,226.51927185058594,36.98875183042767
fr_fy,N,46.629000,122.17742919921875,17.849549671883324
fr_fy,N,46.695000,-124.19747161865234,-18.435706696997457
fr_fy,N,46.728000,-115.59664916992188,-16.907381506875428
fr_fy,N,46.761000,-232.06387329101562,-37.64652644538525
fr_fy,N,46.827000,-242.5478057861328,-39.244586909175325
fr_fy,N,46.893000,0.20687146484851837,0.028019164537571348
fr_fy,N,46.926000,-74.64714050292969,-10.429805477654337
fr_fy,N,46.959000,-241.30999755859375,-39.29198023594317
fr_fy,N,47.025000,-236.75726318359375,-38.58117235286606
fr_fy,N,47.091000,-292.6605529785156,-49.938539061592
fr_fy,N,47.124000,-283.4146423339844,-47.650932886346865
fr_fy,N,47.157000,-139.3983154296875,-20.770434772528553
fr_fy,N,47.223000,-166.81027221679688,-25.59317571402624
fr_fy,N,47.289000,-158.38197326660156,-24.146874012835084
fr_fy,N,47.355000,-276.98260498046875,-46.59727066785067
fr_fy,N,47.421000,-327.5976867675781,-59.07373163254316
fr_fy,N,47.487000,-72.54707336425781,-10.571393170503988
fr_fy,N,47.553000,-141.03781127929688,-21.613361147822435
fr_fy,N,47.619000,-89.24246978759766,-13.32020662250349
fr_fy,N,47.685000,-93.40695190429688,-13.619159377204385
fr_fy,N,47.751000,-64.1025390625,-9.419120968343517
fr_fy,N,47.817000,-173.94491577148438,-27.504717487640228
fr_fy,N,47.850000,-145.80332946777344,-22.307328271881964
fr_fy,N,47.883000,-19.247098922729492,-2.787579816548672
fr_fy,N,47.949000,-35.284645080566406,-5.131334135187307
fr_fy,N,48.015000,-30.888500213623047,-4.387313702739073
fr_fy,N,48.048000,-28.22759437561035,-4.0338159329537975
fr_fy,N,48.081000,57.404747009277344,8.281588755289995
fr_fy,N,48.147000,49.7047119140625,6.973171371024413
fr_fy,N,48.213000,-90.259765625,-12.845485600129985
fr_fy,N,48.246000,-60.4327507019043,-8.578020961099018
fr_fy,N,48.279000,-57.062984466552734,-7.89308997959243
fr_fy,N,48.345000,-57.578941345214844,-8.130006173756568
fr_fy,N,48.411000,15.761822700500488,2.0848408263947324
fr_fy,N,48.444000,-3.4616198539733887,-0.46902468334675823
fr_fy,N,48.477000,115.65370178222656,16.939111622032026
fr_fy,N,48.543000,91.49466705322266,13.067368289937642
fr_fy,N,48.609000,-154.71978759765625,-22.918305805456615
fr_fy,N,48.675000,-265.0810852050781,-44.37146582122382
fr_fy,N,48.741000,-236.95794677734375,-38.37675157982978
fr_fy,N,48.807000,18.955780029296875,2.6460672157580785
fr_fy,N,48.873000,121.31652069091797,17.81951087861714
fr_fy,N,48.939000,118.55541229248047,17.669964000881095
fr_fy,N,49.005000,-159.8127899169922,-24.94567669464583
fr_fy,N,49.071000,-42.21491622924805,-6.014971600960086
fr_fy,N,49.137000,-186.94989013671875,-29.50492680868885
fr_fy,N,49.170000,-260.0184631347656,-43.66669410596688
fr_fy,N,49.203000,-343.543212890625,-63.33445093826739
fr_fy,N,49.269000,-395.4196472167969,-79.7962081942711
fr_fy,N,49.335000,-464.59063720703125,-111.43986582325353
fr_fy,N,49.368000,-476.8414306640625,-128.71286086713445
fr_fy,N,49.401000,-473.52593994140625,-110.00562489781038
fr_fy,N,49.467000,-483.4256591796875,-120.26215451633058
fr_fy,N,49.533000,-443.46551513671875,-97.61447942066366
fr_fy,N,49.566000,-457.309814453125,-105.59006311621772
fr_fy,N,49.599000,-376.9283142089844,-72.77897417867891
fr_fy,N,49.665000,-417.875244140625,-87.67343084372348
fr_fy,N,49.731000,-444.26800537109375,-99.13296038640063
fr_fy,N,49.764000,-457.9916076660156,-104.7195798653495
fr_fy,N,49.797000,-396.71063232421875,-78.25024289830544
fr_fy,N,49.863000,-424.42315673828125,-86.34958065977315
fr_fy,N,49.929000,-392.5141906738281,-76.3565968714493
fr_fy,N,49.962000,-386.25616455078125,-74.46180044698545
fr_fy,N,49.995000,-466.5067443847656,-108.54718369668204
fr_fy,N,50.061000,-435.9797668457031,-93.47827733372434
fr_fy,N,50.127000,-446.04278564453125,-99.81413016082617
fr_fy,N,50.160000,-466.2905578613281,-110.11229857695345
fr_fy,N,50.193000,-485.0806884765625,-123.71658779741884
fr_fy,N,50.259000,-490.3348388671875,-126.82308466359376
fr_fy,N,50.325000,-375.6329040527344,-73.38614662823024
fr_fy,N,50.358000,-380.8675537109375,-74.75394564422459
fr_fy,N,50.391000,-184.15792846679688,-29.15025825315916
fr_fy,N,50.490000,-235.8241424560547,-40.653396715466094
fr_fy,N,50.523000,-8.229445457458496,-1.26654070493503
fr_fy,N,50.589000,-214.4418487548828,-35.85981273281101
fr_fy,N,50.655000,-109.36468505859375,-17.102800345690824
fr_fy,N,50.688000,-79.56523132324219,-12.27565476135909
fr_fy,N,50.721000,-216.3579559326172,-36.17493748937489
fr_fy,N,50.787000,30.16977310180664,4.627903879753884
fr_fy,N,50.853000,-40.6162109375,-6.209748246658739
fr_fy,N,50.886000,-48.7420768737793,-7.46257260995475
fr_fy,N,50.919000,-26.456384658813477,-4.028166204136794
fr_fy,N,50.985000,-189.5350341796875,-30.96556278691082
fr_fy,N,51.051000,-225.87652587890625,-37.82592194989868
fr_fy,N,51.084000,-213.57086181640625,-35.45865506968727
fr_fy,N,51.117000,68.94682312011719,10.54234348724091
fr_fy,N,51.183000,166.36013793945312,26.991886229076535
fr_fy,N,51.249000,153.47215270996094,24.719082325505248
fr_fy,N,51.315000,280.69757080078125,50.1010375688112
fr_fy,N,51.381000,117.35234069824219,18.471879238094072
fr_fy,N,51.447000,187.36468505859375,30.671631977431655
fr_fy,N,51.513000,-57.46403503417969,-8.713560355759057
fr_fy,N,51.579000,162.12001037597656,25.810652678051387
fr_fy,N,51.645000,134.74993896484375,20.82520900926085
fr_fy,N,51.711000,117.42198181152344,17.74547680789174
fr_fy,N,51.777000,108.31022644042969,16.08904221181997
fr_fy,N,51.810000,112.43470001220703,16.671899527643703
fr_fy,N,51.843000,112.33786010742188,16.616057476614703
fr_fy,N,51.909000,163.59373474121094,25.078404208618757
fr_fy,N,51.975000,-52.00068664550781,-7.32323927782612
fr_fy,N,52.008000,2.2235474586486816,0.3051861056653604
fr_fy,N,52.041000,21.710311889648438,3.0378889600175185
fr_fy,N,52.107000,68.07311248779297,9.835266120872259
fr_fy,N,52.173000,-24.850086212158203,-3.6463703561409777
fr_fy,N,52.206000,-10.427959442138672,-1.5532135988738385
fr_fy,N,52.239000,-7.482292652130127,-1.12100085510712
fr_fy,N,52.305000,-168.10675048828125,-26.49208996102275
fr_fy,N,52.371000,72.26490020751953,10.645453728025945
fr_fy,N,52.404000,15.186673164367676,2.240656322361491
fr_fy,N,52.437000,-11.423370361328125,-1.6936232627327732
fr_fy,N,52.503000,-174.88638305664062,-27.595626712175733
fr_fy,N,52.569000,-318.35284423828125,-56.32158067705878
fr_fy,N,52.602000,-327.81866455078125,-58.638099776298475
fr_fy,N,52.635000,-305.0757141113281,-52.99835427675371
fr_fy,N,52.701000,-71.80535888671875,-10.272165660310598
fr_fy,N,52.767000,102.84644317626953,14.971144036524034
fr_fy,N,52.833000,-30.708877563476562,-4.337077028595073
fr_fy,N,52.899000,-190.05259704589844,-29.73274117319208
fr_fy,N,52.965000,-317.1731262207031,-56.58042604977986
fr_fy,N,53.031000,-324.7778015136719,-58.78906113954528
fr_fy,N,53.097000,-261.7984619140625,-43.96543304964868
fr_fy,N,53.130000,-276.0681457519531,-47.18688528885408
fr_fy,N,53.163000,-51.951881408691406,-7.506089904283242
fr_fy,N,53.229000,-173.96839904785156,-27.395738639491867
fr_fy,N,53.295000,-298.0472717285156,-52.43545519975546
fr_fy,N,53.328000,-344.773681640625,-64.7518410793823
fr_fy,N,53.361000,-416.64678955078125,-87.96911879684359
fr_fy,N,53.427000,-414.2530517578125,-90.26303312904108
fr_fy,N,53.493000,-285.4843444824219,-50.42281285868875
fr_fy,N,53.526000,-314.9375305175781,-57.34678036892132
fr_fy,N,53.559000,-136.90122985839844,-21.157445402283578
fr_fy,N,53.691000,-260.049560546875,-44.663003647069424
fr_fy,N,53.724000,-246.8000946044922,-41.64983416097716
fr_fy,N,53.757000,-343.4725646972656,-64.40679112547788
fr_fy,N,53.823000,-370.273193359375,-72.44669682180508
fr_fy,N,53.889000,-357.485595703125,-68.18583020403206
fr_fy,N,53.955000,-425.6217956542969,-91.65465584022678
fr_fy,N,54.021000,-452.0135192871094,-106.01396878720492
fr_fy,N,54.087000,-407.70587158203125,-84.17242376320382
fr_fy,N,54.219000,-397.31463623046875,-78.45788336254563
fr_fy,N,54.285000,-461.3458557128906,-105.7755143206165
fr_fy,N,54.351000,-461.18865966796875,-106.49995301144139
fr_fy,N,54.417000,-360.3787536621094,-66.61465960581673
fr_fy,N,54.450000,-394.81121826171875,-76.79241048436515
fr_fy,N,54.483000,-455.225830078125,-99.89785462612856
fr_fy,N,54.549000,-462.1388244628906,-107.36651184556285
fr_fy,N,54.615000,-367.6829833984375,-68.78769464009875
fr_fy,N,54.648000,-365.6290588378906,-68.22263482616492
fr_fy,N,54.681000,-413.013427734375,-83.88290851518059
fr_fy,N,54.747000,-400.32989501953125,-79.3935007608623
fr_fy,N,54.813000,-217.94696044921875,-34.82546609781062
fr_fy,N,54.846000,-227.6239776611328,-36.39588935526911
fr_fy,N,54.945000,-348.35711669921875,-63.762976299624476
fr_fy,N,55.011000,-246.3344268798828,-40.13641075316965
fr_fy,N,55.044000,-248.25741577148438,-40.52485126319275
fr_fy,N,55.077000,22.58926773071289,3.178458859125611
fr_fy,N,55.143000,-52.68608093261719,-7.4631507556990435
fr_fy,N,55.209000,-227.46273803710938,-36.59478415430547
fr_fy,N,55.275000,-200.50802612304688,-31.32797751456161
fr_fy,N,55.341000,-352.93243408203125,-64.67886363059789
fr_fy,N,55.407000,-90.19757080078125,-12.792132719414791
fr_fy,N,55.473000,115.16394805908203,16.718812245472577
fr_fy,N,55.539000,-9.910368919372559,-1.3381845827758154
fr_fy,N,55.605000,-114.53264617919922,-16.839605888542863
fr_fy,N,55.671000,-62.215721130371094,-8.789641290352574
fr_fy,N,55.737000,-204.18316650390625,-32.221341766810525
fr_fy,N,55.770000,-263.8132629394531,-43.84007705855799
fr_fy,N,55.803000,17.78752326965332,2.459165756749326
fr_fy,N,55.869000,-56.04518508911133,-7.860883374263047
fr_fy,N,55.935000,-218.9038543701172,-34.74553397809234
fr_fy,N,55.968000,-277.7728271484375,-46.696306160534036
fr_fy,N,56.001000,16.18338394165039,2.2405927201965303
fr_fy,N,56.067000,-64.93645477294922,-9.185101865711266
fr_fy,N,56.133000,-77.72457885742188,-11.061513416736668
fr_fy,N,56.166000,-77.91360473632812,-11.101069394513887
fr_fy,N,56.199000,-225.54295349121094,-35.994618808869646
fr_fy,N,56.265000,-257.2314758300781,-42.45699273969569
fr_fy,N,56.331000,-245.29322814941406,-39.959084760977795
fr_fy,N,56.364000,-249.2392578125,-40.657016836074874
fr_fy,N,56.397000,8.085561752319336,1.1110887813616392
fr_fy,N,56.463000,-102.844970703125,-14.958442636780287
fr_fy,N,56.529000,-136.95672607421875,-20.26797265708197
fr_fy,N,56.595000,-267.1768798828125,-44.52941351245339
fr_fy,N,56.661000,-290.2917175292969,-49.432382634193644
fr_fy,N,56.727000,-226.91094970703125,-36.0854943125886
fr_fy,N,56.793000,29.695693969726562,4.060328012472329
fr_fy,N,56.859000,-83.81197357177734,-11.99280686056136
fr_fy,N,56.925000,-232.78472900390625,-37.01036991743143
fr_fy,N,56.991000,-262.0620422363281,-43.25092137745964
fr_fy,N,57.057000,-28.395708084106445,-3.907611873539982
fr_fy,N,57.090000,-53.959136962890625,-7.561649555675614
fr_fy,N,57.123000,-215.9403533935547,-34.23478380455123
fr_fy,N,57.156000,-276.17462158203125,-46.2488005791487
fr_fy,N,57.189000,29.325794219970703,4.037677696487717
fr_fy,N,57.255000,-42.781585693359375,-6.010525649227957
fr_fy,N,57.288000,-49.08589172363281,-6.829932782945883
fr_fy,N,57.321000,-78.72894287109375,-11.164219532911831
fr_fy,N,57.354000,-71.16120147705078,-10.253638396304694
fr_fy,N,57.387000,-219.33218383789062,-35.1047043789214
fr_fy,N,57.453000,-203.64137268066406,-31.941799847245814
fr_fy,N,57.519000,96.47018432617188,13.94320609845125
fr_fy,N,57.684000,157.70668029785156,23.823661386081614
fr_fy,N,57.849000,-177.74252319335938,-27.253695615285444
fr_fy,N,58.014000,-187.7534637451172,-28.958901378223295
fr_fy,N,58.179000,145.90069580078125,21.96560299399465
fr_fy,N,58.344000,-346.941162109375,-63.63868148998646
fr_fy,N,58.509000,-7.723077774047852,-1.0783863222213805
fr_fy,N,58.674000,-222.2941436767578,-35.64719163045287
fr_fy,N,58.839000,-226.62908935546875,-36.556401077476316
fr_fy,N,59.004000,-296.8394470214844,-51.461995090704235
fr_fy,N,59.169000,-284.6192626953125,-48.54150466257806
fr_fy,N,59.334000,2.6917459964752197,0.366412645428181
fr_fy,N,59.499000,-363.90582275390625,-67.64281287943889
fr_fy,N,59.664000,-244.86460876464844,-39.55430559507574
fr_fy,N,59.829000,-100.37120056152344,-14.29392083038641
fr_fy,N,59.993999,-338.579345703125,-60.94303287972897
fr_fy,N,60.159000,-231.43980407714844,-36.82859000144496
fr_fy,N,60.324000,68.66674041748047,9.618726530171719
fr_fy,N,60.489000,-173.49734497070312,-26.42004360149585
fr_fy,N,60.654000,41.21477127075195,5.620924785859829
fr_fy,N,60.819000,-14.489494323730469,-2.0292242087799592
fr_fy,N,60.983999,-148.2108917236328,-22.3889748543341
fr_fy,N,61.149000,-4.545337200164795,-0.6402803741520029
fr_fy,N,61.314000,10.26978874206543,1.4766182726081214
fr_fy,N,61.479000,-342.7572937011719,-63.78507955121356
fr_fy,N,61.644000,-26.319904327392578,-3.782265222068523
fr_fy,N,61.809000,-48.4268798828125,-7.1340453593007185
fr_fy,N,61.974000,-398.9966125488281,-82.20854703336119
fr_fy,N,62.139000,81.92867279052734,12.372498541630863
fr_fy,N,62.304000,-137.53207397460938,-21.68613117555909
fr_fy,N,62.469000,-335.0176086425781,-64.13084863618982
fr_fy,N,62.634000,-108.81431579589844,-16.656516784686726
fr_fy,N,62.799000,-370.2080993652344,-75.24980883687884
fr_fy,N,62.964000,-318.7372741699219,-59.83786520204716
fr_fy,N,63.128999,-182.4141387939453,-30.020480790282225
fr_fy,N,63.294000,-139.33657836914062,-22.277174940005565
fr_fy,N,63.459000,-236.7925567626953,-41.03731580303381
fr_fy,N,63.624000,-58.512298583984375,-8.984837056371202
fr_fy,N,63.789000,-92.05448150634766,-14.374066139921272
fr_fy,N,63.954000,-140.8914337158203,-22.9467207033128
fr_fy,N,64.118999,8.6997652053833,1.3561787205252622
fr_fy,N,64.284000,-197.7154541015625,-33.186073663520524
fr_fy,N,64.449000,-132.1129913330078,-20.877776258232306
fr_fy,N,64.614000,124.38986206054688,19.477650522636615
fr_fy,N,64.779000,-124.23153686523438,-19.788536470556174
fr_fy,N,64.944000,-291.982666015625,-54.047365201404226
fr_fy,N,65.108999,26.309186935424805,4.057532617631423
fr_fy,N,65.273999,192.2734375,32.22829163240719
fr_fy,N,65.439000,-114.22806549072266,-18.411056176388364
fr_fy,N,65.604000,18.917320251464844,2.9082087896403386
fr_fy,N,65.769000,-101.2773208618164,-15.936660884136487
fr_fy,N,65.934000,-138.55776977539062,-22.037925303633706
fr_fy,N,66.099000,67.16377258300781,10.309428364473375
fr_fy,N,66.263999,-199.43695068359375,-32.900758700013014
fr_fy,N,66.429000,-101.38270568847656,-15.557558519978459
fr_fy,N,66.594000,145.704345703125,22.56879564284455
fr_fy,N,66.759000,65.82449340820312,9.747151667657002
fr_fy,N,66.924000,-381.5819091796875,-74.32621096254661
fr_fy,N,67.089000,-224.36207580566406,-35.99108541618854
fr_fy,N,67.253999,-13.78674602508545,-1.8826930426099704
fr_fy,N,67.419000,-185.82032775878906,-28.88117115111599
fr_fy,N,67.584000,-218.03977966308594,-34.587057110170356
fr_fy,N,67.749000,206.46412658691406,32.29325807323791
fr_fy,N,67.914000,318.4184265136719,56.31946091424321
fr_fy,N,68.079000,99.34001922607422,14.647364718927053
fr_fy,N,68.243999,139.56460571289062,20.767108073694935
fr_fy,N,68.408999,-114.94188690185547,-16.652411202706286
fr_fy,N,68.574000,-344.41241455078125,-63.011696674711295
fr_fy,N,68.739000,-49.35149383544922,-7.026123745113595
fr_fy,N,68.904000,-260.53118896484375,-43.67755363782426
fr_fy,N,69.069000,-396.0439758300781,-81.63218598347486
fr_fy,N,69.233999,-119.84754180908203,-18.62463860655472
fr_fy,N,69.398999,-367.4588928222656,-70.68109289776562
fr_fy,N,69.564000,-468.20233154296875,-115.85225982623773
fr_fy,N,69.729000,-365.4404602050781,-70.09945549529223
fr_fy,N,69.894000,-155.93206787109375,-23.130889366138437
fr_fy,N,70.059000,-265.51190185546875,-44.00054677188783
fr_fy,N,70.224000,34.273475646972656,4.592785519679385
fr_fy,N,70.388999,183.4949188232422,28.51056618033546
fr_fy,N,70.553999,426.8483581542969,87.1182639103246
fr_fy,N,70.719000,321.34442138671875,56.74961266989222
fr_fy,N,70.884000,181.18429565429688,28.283155341159297
fr_fy,N,71.049000,295.068359375,50.77082544210351
fr_fy,N,71.214000,37.05464553833008,5.188054101406316
fr_fy,N,71.378999,-417.7212219238281,-87.58414483592995
fr_fy,N,71.543999,-288.4949035644531,-49.579288045662636
fr_fy,N,71.709000,-337.5576477050781,-62.008153185955685
fr_fy,N,72.039000,-414.5213928222656,-93.6999019279261
fr_fy,N,72.204000,-269.8221740722656,-48.30918028731968
fr_fy,N,72.368999,-400.2246398925781,-84.00722021446023
fr_fy,N,72.533999,-487.0812072753906,-144.9340392457288
fr_fy,N,72.699000,-417.58526611328125,-95.12797928991384
fr_fy,N,72.864000,-454.8354797363281,-109.2487819876903
fr_fy,N,73.029000,-471.0347595214844,-124.21821201612725
fr_fy,N,73.194000,-466.68292236328125,-115.5694335379967
fr_fy,N,73.358999,-482.995361328125,-147.5855438059493
fr_fy,N,73.523999,-419.5460205078125,-86.08980171213534
fr_fy,N,73.688999,-304.1928405761719,-53.0926142057863
fr_fy,N,73.854000,-65.021728515625,-9.540493938817344
fr_fy,N,74.019000,-229.94015502929688,-38.19287631795867
fr_fy,N,74.349000,472.63751220703125,108.44411832363805
fr_fy,N,74.513999,517.7782592773438,154.87991495184968
fr_fy,N,74.678999,514.5714721679688,189.75388667138736
fr_fy,N,74.844000,498.9569091796875,206.52508909941275
fr_fy,N,75.174000,425.3949890136719,201.066656586108
fr_fy,N,75.339000,518.2167358398438,243.31052900410856
fr_fy,N,75.503999,459.3469543457031,206.0543480522765
fr_fy,N,75.668999,458.8717041015625,188.05298991747364
fr_fy,N,75.833999,507.34259033203125,183.55684621856318
fr_fy,N,75.999000,506.0769958496094,163.53545830258358
fr_fy,N,76.164000,495.81072998046875,125.33510749542754
fr_fy,N,76.493999,-291.1468200683594,-49.90859961360537
fr_fy,N,76.658999,-542.1995849609375,-227.509526297927
fr_fy,N,76.823999,-418.1324462890625,-228.30258591500905
fr_fy,N,76.989000,-458.7177734375,-255.58171298026124
fr_fy,N,77.154000,-456.135498046875,-251.4205941685488
fr_fy,N,77.319000,-1082.2772216796875,-574.5663945022998
fr_fy,N,80.289000,3.299297571182251,5.771963707341866
fr_fy,N,80.454000,3.1594884395599365,5.334059614352977
fr_fy,N,80.618999,3.2771313190460205,3.225883139775501
fr_fy,N,80.783999,-20.246501922607422,-6.4132774880266386
fr_fy,N,80.948999,6.182764053344727,4.947147158284414
fr_fy,N,81.113999,-21.567689895629883,-3.269568548432328
fr_fy,N,81.279000,-0.8873963356018066,-0.4713413006286737
fr_fy,N,81.444000,-43.8286018371582,-7.211724625661953
fr_fy,N,81.608999,-41.86952590942383,-6.620414988676801
fr_fy,N,81.773999,-53.80384826660156,-8.457314181033514
fr_fy,N,81.938999,-67.92774963378906,-9.880755209408548
fr_fy,N,82.103999,-81.43306732177734,-11.250846072077776
fr_fy,N,82.269000,-96.44662475585938,-14.492125132377149
fr_fy,N,82.434000,-121.18701934814453,-18.36882069824884
fr_fy,N,82.599000,-200.96856689453125,-34.373327283047985
fr_fy,N,82.763999,-179.7381591796875,-28.762535171254868
fr_fy,N,82.928999,-266.4608459472656,-49.27915060076983
fr_fy,N,83.093999,-162.50555419921875,-51.908084144213134
fr_fy,N,83.259000,-234.7153778076172,-63.15268096088407
fr_fy,N,83.424000,-372.99932861328125,-70.3248689669892
fr_fy,N,83.589000,-390.25445556640625,-85.33436109178443
fr_fy,N,83.918999,-456.0799255371094,-115.50911738158402
fr_fy,N,84.083999,-361.7472229003906,-140.04259708374863
fr_fy,N,84.248999,-426.766845703125,-163.01253529300308
fr_fy,N,84.414000,-401.1899108886719,-193.44704802582194
fr_fy,N,84.579000,-397.2995300292969,-244.5658436559776
fr_fy,N,84.743999,-305.60504150390625,-240.07064848856277
fr_fy,N,84.908999,-340.6479797363281,-244.35480043966322
fr_fy,N,85.073999,-382.7674865722656,-248.40066066413496
fr_fy,N,85.238999,-437.2293701171875,-259.53237822609674
fr_fy,N,85.404000,-411.8750305175781,-224.67193233001535
fr_fy,N,85.569000,-403.2882080078125,-220.19688258789458
fr_fy,N,87.053999,2.4639639854431152,4.386134907267977
fr_fy,N,87.218999,-10.736700057983398,-3.693211270430944
fr_fy,N,87.383999,2.67964243888855,2.5519900997549008
fr_fy,N,87.549000,-7.082303524017334,-4.235399583730292
fr_fy,N,87.714000,-36.01737976074219,-7.1428067417365995
fr_fy,N,87.878999,9.283112525939941,1.2569713326680962
fr_fy,N,88.043999,-47.775360107421875,-8.945689415481267
fr_fy,N,88.208999,-13.635056495666504,-5.714550972381232
fr_fy,N,88.373999,-25.696094512939453,-7.734978021743661
fr_fy,N,88.539000,-36.800540924072266,-9.23352798291526
fr_fy,N,88.704000,-52.018218994140625,-10.870648041279791
fr_fy,N,88.868999,-71.62486267089844,-12.286496725889634
fr_fy,N,89.033999,-100.92098999023438,-15.072560026273843
fr_fy,N,89.198999,-120.07292175292969,-18.265872548879475
fr_fy,N,89.363999,-159.78182983398438,-25.035071199119734
fr_fy,N,89.528999,-179.08551025390625,-28.521173414516408
fr_fy,N,89.694000,-207.17709350585938,-34.46796194666395
fr_fy,N,89.858999,-314.2265319824219,-54.73557310985149
fr_fy,N,92.003999,2.2678380012512207,3.9888040288493696
fr_fy,N,92.168999,-2.91691517829895,-2.292222374487966
fr_fy,N,92.333999,-4.1990180015563965,-8.184127738955723
fr_fy,N,92.498999,-63.102577209472656,-13.742860966604074
fr_fy,N,92.993999,-35.051475524902344,-63.54721011644999
fr_fy,N,96.953999,6.758316516876221,11.489670081237714
fr_fy,N,100.583999,75.16663360595703,10.942394966705576
fr_fy,N,105.203999,-209.44578552246094,-42.62687997997959
fr_fy,N,108.503999,-63.51164627075195,-50.57551703117782
fr_fy,N,108.668999,-13.706169128417969,-23.544052586548172
fr_fy,N,115.763999,9.444901466369629,61.44971819449162
fr_fy,N,122.462999,6.630580902099609,102.69074964087889
fr_fy,N,140.612999,5.1682353019714355,88.58177009449744
fr_fy,N,157.640999,6.4189958572387695,100.47535713570241
fr_fy,N,216.611999,0.33611178398132324,5.479830252219609
fr_fy,N,229.877999,14.391963005065918,226.07704938155223
fr_fy,N,231.131999,1.7870265245437622,22.16525636351562
fr_fy,N,248.984998,13.501129150390625,224.03828332650662
fr_fy,N,258.125998,5.973402500152588,97.90924624355232
fr_fy,N,273.866998,-2.7607204914093018,-45.10987182027152
fr_fy,N,318.317998,6.24185848236084,96.68408947918189
fr_fy,N,358.643998,-3.64243745803833,-61.33337539834309
fr_fy,N,421.211998,-8.688394546508789,-143.78102947930304
fr_fy,N,509.090997,13.889307975769043,241.72448011316126
fr_fy,N,530.672997,-5.755573272705078,-84.2042508078982
fr_fy,N,533.576997,13.765791893005371,240.28813893074815
fr_fy,N,540.209997,-20.047351837158203,-128.8283455050708
fr_fy,N,567.170997,14.157038688659668,155.61069726491505
fr_fy,N,606.935997,-37.67575454711914,-221.80961673826332
fr_fy,N,622.280997,-15.916625022888184,-68.2192580876832
fr_fy,N,632.279996,6.101738452911377,100.00924990382653
fr_fy,N,636.866997,2.2888078689575195,8.54596359982312
fr_fy,N,644.786996,-7.254579544067383,-125.23768697270756
fr_fy,N,663.563996,3.304936170578003,17.793396825776792
fr_fy,N,679.403996,6.126192092895508,100.80523189881319
fr_fy,N,704.285996,-6.201932430267334,-86.54886813090704
fr_fy,N,755.369996,-19.250707626342773,-217.8921433431604
fr_fy,N,764.114996,-10.136441230773926,-129.41872886314775
fr_fy,N,791.174996,8.942790031433105,153.65740359526347
fr_fy,N,846.449995,13.67811393737793,237.87777840260526
fr_fy,N,854.369995,16.805208206176758,153.72625891000183
fr_fy,N,895.916995,5.586596488952637,96.58372014163946
fr_fy,N,921.590995,13.796817779541016,236.10867561804056
fr_fy,N,950.663995,-10.317281723022461,-73.28316529303058
fr_fy,N,966.503995,1.19768488407135,15.511647659442431
fr_fy,N,981.518995,4.64565372467041,17.40455848043412
fr_fy,N,989.438995,0.9963218569755554,11.424166993313097
fr_fy,N,1028.048994,5.961981773376465,97.49017795456551
fr_fy,N,1043.888994,1.6412994861602783,22.688330939297845
fr_fy,N,1055.570994,5.9168620109558105,96.28461402701322
fr_fy,N,1077.680994,6.294732570648193,102.52388711299477
fr_fy,N,1088.075994,-8.15504264831543,-135.65488892744148
fr_fy,N,1155.395994,13.333161354064941,235.5289858904085
fr_fy,N,1161.665994,-2.727360725402832,-45.151663750326286
fr_fy,N,1167.935994,-6.0185651779174805,-84.06035315435314
fr_fy,N,1176.680994,-5.58335018157959,-70.07570433112461
fr_fy,N,1216.082993,-8.209507942199707,-136.95974244632293
fr_fy,N,1233.572993,4.301056385040283,62.788790339984565
fr_fy,N,1244.792993,11.524994850158691,158.409361533973
fr_fy,N,1252.712993,13.532604217529297,160.91539585396856
fr_fy,N,1270.202993,-9.650879859924316,-128.91207430162535
fr_fy,N,1279.772993,0.5704861879348755,9.385633230694971
fr_fy,N,1288.517993,1.220163345336914,15.091364987887184
fr_fy,N,1332.572993,-6.268979072570801,-77.78166358381333
fr_fy,N,1340.492993,23.777551651000977,165.4381299355692
fr_fy,N,1346.762993,0.39652642607688904,6.976782727447434
fr_fy,N,1353.857993,2.301877021789551,9.065109657277755
fr_fy,N,1360.952992,6.623847007751465,109.69796273053278
fr_fy,N,1370.522993,-20.287534713745117,-67.6277541727873
fr_fy,N,1422.695992,-10.455222129821777,-24.178326140766444
fr_fy,N,1433.915992,-0.009386889636516571,-0.16316060389321016
fr_fy,N,1438.502992,1.151486873626709,14.824993896434478
fr_fy,N,1486.781992,-5.603443622589111,-71.22227268752125
fr_fy,N,1503.413992,2.6323413848876953,16.608313422118265
fr_fy,N,1517.108992,2.8124828338623047,26.252487678801007
fr_fy,N,1537.898992,-17.465234756469727,-222.8116933736683
fr_fy,N,1546.643991,-22.791616439819336,-128.98658843538766
fr_fy,N,1576.706991,-20.3176326751709,-130.08508566086437
fr_fy,N,1651.055991,19.621931076049805,165.6158701930685
fr_fy,N,1657.325991,-6.193777561187744,-72.09671699813578
fr_fy,N,1680.260991,-17.1018009185791,-216.06899904495603
fr_fy,N,1686.530991,8.443829536437988,151.09959297544506
fr_fy,N,1701.050991,1.5285537242889404,17.263847785400774
fr_fy,N,1725.140990,-12.65552043914795,-80.79433034555719
fr_fy,N,1732.631990,-16.0950984954834,-216.17074578787188
fr_fy,N,1743.455991,-15.942256927490234,-220.85176512761038
fr_fy,N,1788.797990,0.5563700199127197,7.998158705150934
fr_fy,N,1804.538990,6.612794399261475,108.1653479162432
fr_fy,N,1837.340990,-15.204509735107422,-74.19924820823299
fr_fy,N,1844.435990,-8.2286958694458,-136.53494370100805
fr_fy,N,1862.387990,1.7279236316680908,23.099859970702553
fr_fy,N,1867.832990,8.377284049987793,149.13005915144453
fr_fy,N,1874.102990,13.86728286743164,242.0050180237474
fr_fy,N,1908.191990,-83.83350372314453,-214.92833762942809
fr_fy,N,1926.011990,1.3085240125656128,16.706718200531895
fr_fy,N,1936.406989,1.4394525289535522,17.652428219466646
fr_fy,N,1960.958989,6.241270065307617,13.529715811059916
fr_fy,N,1979.273989,6.104330062866211,99.2123643171129
fr_fy,N,2019.632989,-32.908939361572266,-125.25146478909255
fr_fy,N,2037.914989,-5.201932907104492,-68.32500610035663
fr_fy,N,2052.500989,8.995279312133789,65.34816414061174
fr_fy,N,2067.944989,-5.88505744934082,-73.00683208400905
fr_fy,N,2091.671988,8.10854721069336,70.25218277150124
fr_fy,N,2118.599988,1.2378257513046265,15.473056720932728
fr_fy,N,2163.413988,-11.337174415588379,-142.78925298640536
fr_fy,N,2200.505988,-19.21942901611328,-215.7646582335861
rl_fy,N,0.000000,-9.170994758605957,-1.3397293117538775
rl_fy,N,0.165000,-12.930680274963379,-1.901680620129642
rl_fy,N,0.330000,-13.826172828674316,-2.0316427096423078
rl_fy,N,0.495000,-13.368732452392578,-1.96379294077494
rl_fy,N,0.660000,-10.854358673095703,-1.6003705363847467
rl_fy,N,0.825000,-8.297460556030273,-1.2258800998470951
rl_fy,N,0.990000,-5.808264255523682,-0.8568088057899595
rl_fy,N,1.155000,-3.94084095954895,-0.581942385365141
rl_fy,N,1.320000,-1.9754279851913452,-0.2838807332110819
rl_fy,N,1.485000,-0.8359882235527039,-0.11675217565757806
rl_fy,N,1.650000,-0.06674788147211075,-0.009163237783950002
rl_fy,N,1.815000,1.1141924858093262,0.15890791565529713
rl_fy,N,1.980000,13.959668159484863,2.0090988035013524
rl_fy,N,2.145000,6.627154350280762,0.9522209433084464
rl_fy,N,2.310000,-2.7822787761688232,-0.41011785242662296
rl_fy,N,2.475000,16.5852108001709,2.490206802562721
rl_fy,N,2.640000,-0.2841917872428894,-0.042682014119251446
rl_fy,N,2.805000,13.02294921875,1.9735694902372312
rl_fy,N,2.970000,6.7982258796691895,1.0365367330965278
rl_fy,N,3.135000,-0.3050555884838104,-0.04664699279809799
rl_fy,N,3.300000,14.461668968200684,2.2507696785293883
rl_fy,N,3.465000,4.5702595710754395,0.7112453218275941
rl_fy,N,3.630000,28.38910484313965,4.4058470264313545
rl_fy,N,3.795000,-8.059998512268066,-1.2704055185796863
rl_fy,N,3.960000,32.24718475341797,5.0368937005398235
rl_fy,N,4.125000,13.736502647399902,2.1783698370681877
rl_fy,N,4.290000,59.93406677246094,9.465966334940424
rl_fy,N,4.455000,-20.62499237060547,-3.264938229107801
rl_fy,N,4.620000,88.70902252197266,14.234610532717914
rl_fy,N,4.785000,8.49155044555664,1.3672504399392502
rl_fy,N,4.950000,96.53313446044922,15.697442082934844
rl_fy,N,5.115000,91.63783264160156,15.000240511833494
rl_fy,N,5.280000,134.50555419921875,22.639947220335436
rl_fy,N,5.445000,171.14913940429688,29.369152015332382
rl_fy,N,5.610000,207.03285217285156,36.407401801639935
rl_fy,N,5.775000,218.46192932128906,38.562791905354835
rl_fy,N,5.940000,279.483642578125,50.83355315144615
rl_fy,N,6.105000,250.0010528564453,42.820917099541695
rl_fy,N,6.270000,322.11322021484375,59.96851920944019
rl_fy,N,6.435000,398.1352233886719,84.86193374219455
rl_fy,N,6.765000,225.12945556640625,36.504194396692725
rl_fy,N,6.930000,339.2803039550781,64.54418678016215
rl_fy,N,7.095000,371.8290100097656,76.51068896154844
rl_fy,N,7.260000,218.53126525878906,36.105044157390786
rl_fy,N,7.425000,-115.6773452758789,-17.90295797937994
rl_fy,N,7.590000,-80.19747161865234,-12.060111647253947
rl_fy,N,7.755000,135.5007781982422,20.84149797901917
rl_fy,N,7.920000,-39.131202697753906,-5.989893485949115
rl_fy,N,8.085000,-195.04978942871094,-30.706297993998447
rl_fy,N,8.250000,-97.56156921386719,-14.949885710667582
rl_fy,N,8.415000,-130.45211791992188,-20.619485098306566
rl_fy,N,8.580000,135.07205200195312,21.747916810979355
rl_fy,N,8.745000,-1.8661842346191406,-0.29356953889141524
rl_fy,N,8.910000,-146.91464233398438,-24.426822910588132
rl_fy,N,9.075000,-38.382389068603516,-6.115557718930191
rl_fy,N,9.240000,-153.985107421875,-25.752471736818947
rl_fy,N,9.405000,-327.7052001953125,-63.79802693233451
rl_fy,N,9.570000,-220.91326904296875,-36.2913641787407
rl_fy,N,9.735000,148.828125,22.251619529781056
rl_fy,N,9.900000,361.1754150390625,70.94305736531334
rl_fy,N,10.065000,382.60198974609375,80.87817994729893
rl_fy,N,10.230000,396.6242980957031,87.99430931523726
rl_fy,N,10.395000,416.495361328125,96.792508307407
rl_fy,N,10.560000,393.4917907714844,88.03991685667603
rl_fy,N,10.725000,368.9364929199219,76.76239143121542
rl_fy,N,10.890000,294.0561828613281,53.611265144275926
rl_fy,N,11.055000,196.2287139892578,31.97129245934817
rl_fy,N,11.220000,122.58802032470703,19.058022304026785
rl_fy,N,11.385000,23.030027389526367,3.4962558176443066
rl_fy,N,11.550000,84.79974365234375,13.143946696387488
rl_fy,N,11.715000,-83.02699279785156,-13.020765846345917
rl_fy,N,11.880000,26.49835968017578,4.080708147488369
rl_fy,N,12.045000,94.70592498779297,14.88228155077227
rl_fy,N,12.210000,-93.33621215820312,-14.949034575842344
rl_fy,N,12.375000,25.912734985351562,4.0873696974435045
rl_fy,N,12.540000,56.50774383544922,8.95154171091913
rl_fy,N,12.705000,-116.0088119506836,-19.10191641099568
rl_fy,N,12.870000,24.267263412475586,3.8266692664335142
rl_fy,N,13.035000,118.5373306274414,19.476979840223557
rl_fy,N,13.200000,-39.3420524597168,-6.312353861457223
rl_fy,N,13.365000,-18.216875076293945,-2.910581847189675
rl_fy,N,13.530000,1.4038450717926025,0.22558794215246172
rl_fy,N,13.695000,-14.092681884765625,-2.1827726280282533
rl_fy,N,13.860000,-59.87887191772461,-9.602015551127542
rl_fy,N,14.025000,-46.488853454589844,-7.464267164108896
rl_fy,N,14.190000,-6.999545097351074,-1.1314993891011866
rl_fy,N,14.355000,4.359638214111328,0.7004326750325888
rl_fy,N,14.520000,-37.09974670410156,-6.008294965027144
rl_fy,N,14.685000,46.69513702392578,7.537829479032325
rl_fy,N,14.850000,-63.71868133544922,-10.444339651667295
rl_fy,N,15.015000,-32.325828552246094,-4.967087552339144
rl_fy,N,15.180000,172.97589111328125,29.16144690209543
rl_fy,N,15.345000,39.36094284057617,6.114794942036206
rl_fy,N,15.510000,-228.61956787109375,-40.51046300631549
rl_fy,N,15.675000,41.587154388427734,6.367603485957817
rl_fy,N,15.840000,265.9587707519531,47.54831500567084
rl_fy,N,16.005000,-180.82635498046875,-28.95076983138782
rl_fy,N,16.170000,-379.5296630859375,-80.11020933253614
rl_fy,N,16.335000,-227.25660705566406,-38.49295213731665
rl_fy,N,16.500000,321.1309509277344,59.866089402662716
rl_fy,N,16.665000,335.83184814453125,63.10292534477574
rl_fy,N,16.830000,-218.57595825195312,-35.232447416051784
rl_fy,N,16.995000,-315.3935852050781,-57.53818634819617
rl_fy,N,17.160000,124.87740325927734,18.393790666559607
rl_fy,N,17.325000,365.148681640625,72.33216370923198
rl_fy,N,17.490000,129.75540161132812,19.48033230742663
rl_fy,N,17.655000,-370.8529052734375,-73.87496315612634
rl_fy,N,17.820000,-397.7157287597656,-83.73674165172147
rl_fy,N,17.985000,45.501102447509766,6.531135726079332
rl_fy,N,18.150000,372.2290344238281,77.74073712379572
rl_fy,N,18.315000,322.37933349609375,60.70877710647132
rl_fy,N,18.480000,-39.76719665527344,-6.034022466989253
rl_fy,N,18.645000,95.7958984375,14.672674107030508
rl_fy,N,18.810000,91.05668640136719,13.88452890465203
rl_fy,N,18.975000,-316.4951477050781,-60.80129212934493
rl_fy,N,19.140000,-384.86456298828125,-82.05980741902331
rl_fy,N,19.305000,-136.2815399169922,-20.487110349072214
rl_fy,N,19.470000,97.57321166992188,14.30612396922725
rl_fy,N,19.635000,-168.35720825195312,-25.164443860134476
rl_fy,N,19.800000,40.820255279541016,5.588358474526674
rl_fy,N,19.965000,357.02496337890625,70.51499002700507
rl_fy,N,20.130000,404.0241394042969,90.1541057835773
rl_fy,N,20.295000,124.06489562988281,18.35148524370831
rl_fy,N,20.460000,-275.0990905761719,-47.627082721036864
rl_fy,N,20.625000,-62.661991119384766,-8.8592481798855
rl_fy,N,20.790000,-122.43716430664062,-18.413089222318643
rl_fy,N,20.955000,-341.5904235839844,-66.27950389677166
rl_fy,N,21.054000,-365.7464599609375,-74.41906688808066
rl_fy,N,21.120000,-317.78814697265625,-60.09733452137281
rl_fy,N,21.186000,-173.85716247558594,-28.104507292011245
rl_fy,N,21.219000,-38.201168060302734,-5.688397328003509
rl_fy,N,21.351000,311.05670166015625,59.12771840890168
rl_fy,N,21.516000,371.4893493652344,78.42635667838927
rl_fy,N,21.681000,33.60169219970703,5.029234416006378
rl_fy,N,21.846000,-148.13771057128906,-23.64688442174429
rl_fy,N,22.011000,127.4957046508789,19.781278647583843
rl_fy,N,22.077000,183.9205322265625,29.782023735893052
rl_fy,N,22.143000,186.92276000976562,30.361339256169746
rl_fy,N,22.176000,148.3328094482422,23.217810838768095
rl_fy,N,22.209000,72.65585327148438,10.776392125017948
rl_fy,N,22.242000,-39.502464294433594,-5.665559631791431
rl_fy,N,22.308000,-244.5543975830078,-41.485628460188614
rl_fy,N,22.341000,-311.2167053222656,-57.28499790108098
rl_fy,N,22.374000,-352.8341064453125,-68.99287116734064
rl_fy,N,22.506000,-410.5,-88.17089502746684
rl_fy,N,22.671000,-191.50283813476562,-30.655234847050593
rl_fy,N,22.836000,135.4420928955078,20.165047331557176
rl_fy,N,23.001000,87.39302062988281,12.686068525966737
rl_fy,N,23.166000,223.88929748535156,36.610413736326386
rl_fy,N,23.331000,30.07650375366211,4.156663685803537
rl_fy,N,23.496000,108.61880493164062,15.680960490323068
rl_fy,N,23.661000,223.4116668701172,35.92051195232717
rl_fy,N,23.826000,-203.47181701660156,-33.15925313906731
rl_fy,N,23.991000,-424.4598693847656,-96.75396958425084
rl_fy,N,24.156000,-358.7385559082031,-71.9403572828661
rl_fy,N,24.321000,233.84140014648438,39.617417728883986
rl_fy,N,24.486000,357.6229553222656,74.03268609466637
rl_fy,N,24.651000,205.0905303955078,33.811455650614135
rl_fy,N,24.816000,6.176325798034668,0.9345004385683647
rl_fy,N,24.981000,-57.07524871826172,-8.730147637196874
rl_fy,N,25.146000,-249.90106201171875,-44.1929473343707
rl_fy,N,25.311000,-100.8816146850586,-15.428710795912872
rl_fy,N,25.476000,110.15008544921875,16.392345668052297
rl_fy,N,25.641000,-187.96945190429688,-30.069771195869407
rl_fy,N,25.806000,-122.86063385009766,-17.88093883876493
rl_fy,N,25.971000,283.316162109375,49.15743463678165
rl_fy,N,26.136000,335.4532165527344,63.927763908729254
rl_fy,N,26.301000,-113.13797760009766,-17.062790458959906
rl_fy,N,26.400000,-346.3065185546875,-66.33920648715639
rl_fy,N,26.532000,-428.3590087890625,-95.98486552920534
rl_fy,N,26.565000,-426.9809875488281,-95.31941035039911
rl_fy,N,26.598000,-419.07830810546875,-91.63591408729778
rl_fy,N,26.631000,-406.77813720703125,-86.06856066001926
rl_fy,N,26.697000,-305.5564880371094,-55.09688105423431
rl_fy,N,26.730000,-216.65171813964844,-35.11331542805156
rl_fy,N,26.763000,-107.74121856689453,-15.732501939505804
rl_fy,N,26.895000,193.38790893554688,30.371702793030025
rl_fy,N,26.994000,77.74456787109375,11.142466029131894
rl_fy,N,27.126000,-65.87479400634766,-9.455783564959415
rl_fy,N,27.192000,27.88772964477539,3.975493972823085
rl_fy,N,27.225000,91.12291717529297,13.36071495726552
rl_fy,N,27.324000,280.9975280761719,50.18914372267694
rl_fy,N,27.390000,345.3321228027344,69.2348249245976
rl_fy,N,27.456000,396.6656188964844,88.57813789272687
rl_fy,N,27.489000,391.2569580078125,87.72304415534443
rl_fy,N,27.555000,388.54327392578125,84.70934623804446
rl_fy,N,27.588000,364.87969970703125,75.57058882653803
rl_fy,N,27.621000,343.48065185546875,67.59995990333051
rl_fy,N,27.687000,186.44549560546875,29.798759530310615
rl_fy,N,27.720000,66.32183837890625,9.706372751390225
rl_fy,N,27.753000,-61.067752838134766,-9.001179539144612
rl_fy,N,27.786000,-162.79278564453125,-26.01519989823169
rl_fy,N,27.819000,-233.73509216308594,-40.41405287922146
rl_fy,N,27.885000,-297.6069641113281,-56.1580278011754
rl_fy,N,27.918000,-298.8376770019531,-56.813895975790416
rl_fy,N,27.951000,-280.4402160644531,-52.087893221996744
rl_fy,N,28.017000,-193.34278869628906,-32.74033345227282
rl_fy,N,28.083000,-103.0178451538086,-16.277302079147795
rl_fy,N,28.116000,-71.58486938476562,-11.095021022295924
rl_fy,N,28.149000,-53.143836975097656,-8.157142967383251
rl_fy,N,28.215000,-87.72335052490234,-13.688287975696843
rl_fy,N,28.281000,-160.13233947753906,-25.942871293798813
rl_fy,N,28.314000,-197.39195251464844,-33.03156976736613
rl_fy,N,28.347000,-226.3793182373047,-38.88551527258974
rl_fy,N,28.413000,-234.26861572265625,-40.0792073104517
rl_fy,N,28.479000,-153.43585205078125,-24.277149537664556
rl_fy,N,28.512000,-66.70918273925781,-9.90644349839526
rl_fy,N,28.545000,34.33601379394531,4.970435141055692
rl_fy,N,28.611000,149.17247009277344,22.992788288331994
rl_fy,N,28.677000,132.984375,20.07404243684223
rl_fy,N,28.710000,90.6518783569336,13.29599976158958
rl_fy,N,28.743000,27.016408920288086,3.790503004442993
rl_fy,N,28.809000,-117.96654510498047,-17.581027390295073
rl_fy,N,28.875000,-172.65115356445312,-26.58497246912453
rl_fy,N,28.941000,-177.40965270996094,-27.442409763125045
rl_fy,N,29.007000,-97.39164733886719,-14.135821557509827
rl_fy,N,29.040000,-18.098485946655273,-2.48466778962838
rl_fy,N,29.073000,70.343994140625,9.99821346634808
rl_fy,N,29.139000,206.20758056640625,32.87636635743679
rl_fy,N,29.205000,251.5198974609375,42.001062715014626
rl_fy,N,29.238000,246.76100158691406,41.24383255707832
rl_fy,N,29.271000,216.83229064941406,35.231845279672434
rl_fy,N,29.304000,169.5616455078125,27.23843550358975
rl_fy,N,29.337000,94.6913833618164,14.403695624305712
rl_fy,N,29.403000,-58.04167556762695,-8.530536578533267
rl_fy,N,29.436000,-89.7255859375,-13.00939931618619
rl_fy,N,29.469000,-99.5466537475586,-14.561642988910993
rl_fy,N,29.502000,-93.28985595703125,-13.635228366803405
rl_fy,N,29.535000,-73.9087905883789,-10.628365189149228
rl_fy,N,29.601000,41.559974670410156,5.73434187681324
rl_fy,N,29.634000,115.54830932617188,16.66647260624707
rl_fy,N,29.667000,181.77810668945312,27.87347219348031
rl_fy,N,29.733000,253.31201171875,42.43906900988693
rl_fy,N,29.799000,234.14772033691406,38.413232249520085
rl_fy,N,29.898000,48.783329010009766,6.807576978697008
rl_fy,N,30.030000,-259.4458923339844,-44.12404902037999
rl_fy,N,30.195000,-333.2142639160156,-62.88240852770898
rl_fy,N,30.360000,-64.29708099365234,-9.328194092360539
rl_fy,N,30.525000,270.96600341796875,47.45552366719475
rl_fy,N,30.690000,199.9045867919922,32.29381169077005
rl_fy,N,30.855000,-257.72998046875,-45.36499915547137
rl_fy,N,31.020000,-335.9540100097656,-66.8505533355083
rl_fy,N,31.185000,-6.38528299331665,-0.956841112297213
rl_fy,N,31.350000,383.7436218261719,87.33578412372412
rl_fy,N,31.482000,405.4945983886719,105.15610381359237
rl_fy,N,31.647000,315.37188720703125,58.25707572107369
rl_fy,N,31.713000,80.0317153930664,11.541723751668146
rl_fy,N,31.746000,-68.72673034667969,-9.847494821312761
rl_fy,N,31.779000,-177.61264038085938,-28.255604922677918
rl_fy,N,31.845000,-305.04449462890625,-55.98710492536646
rl_fy,N,31.911000,-349.7088928222656,-68.11359978701093
rl_fy,N,31.944000,-343.2571105957031,-66.06196606178611
rl_fy,N,31.977000,-318.2169494628906,-58.88889235527669
rl_fy,N,32.043000,-207.26980590820312,-33.13533285037676
rl_fy,N,32.076000,-146.53030395507812,-22.141164402530954
rl_fy,N,32.109000,-88.41883850097656,-12.68670689787719
rl_fy,N,32.175000,23.071975708007812,3.1082585904965616
rl_fy,N,32.241000,97.96613311767578,14.29569249872512
rl_fy,N,32.274000,95.28128814697266,13.805567600390566
rl_fy,N,32.307000,65.49679565429688,9.35306877104568
rl_fy,N,32.340000,3.1785902976989746,0.4487824935528979
rl_fy,N,32.373000,-83.67204284667969,-12.356343268148455
rl_fy,N,32.439000,-243.68296813964844,-41.27820857515917
rl_fy,N,32.472000,-297.059814453125,-53.48365727811838
rl_fy,N,32.505000,-340.09490966796875,-65.01228318169586
rl_fy,N,32.538000,-356.2974548339844,-69.60469660135682
rl_fy,N,32.571000,-360.8094177246094,-71.07409328331907
rl_fy,N,32.637000,-345.49847412109375,-66.69970788712146
rl_fy,N,32.670000,-319.31976318359375,-59.306638927827095
rl_fy,N,32.703000,-267.44976806640625,-46.50617346951951
rl_fy,N,32.769000,-57.347084045410156,-8.291839563633886
rl_fy,N,32.835000,196.38101196289062,31.13639438267996
rl_fy,N,32.868000,263.6789245605469,44.7100892585645
rl_fy,N,32.901000,306.2379150390625,54.97614298875828
rl_fy,N,32.967000,331.2149963378906,61.68974604875041
rl_fy,N,33.033000,313.4242248535156,56.7137947395219
rl_fy,N,33.066000,280.65777587890625,48.55952202356179
rl_fy,N,33.099000,223.1078338623047,36.03343958932777
rl_fy,N,33.165000,89.47941589355469,12.769823509349973
rl_fy,N,33.231000,-34.946102142333984,-4.783661090171494
rl_fy,N,33.264000,-52.754764556884766,-7.379117960972673
rl_fy,N,33.297000,-40.059226989746094,-5.55955074247919
rl_fy,N,33.330000,5.4041523933410645,0.7410487190793378
rl_fy,N,33.396000,132.08987426757812,19.543491649693472
rl_fy,N,33.429000,187.32421875,29.182558327861493
rl_fy,N,33.462000,220.9224090576172,35.66492780968064
rl_fy,N,33.495000,234.70004272460938,38.293261754625284
rl_fy,N,33.561000,195.3253173828125,30.644866526060373
rl_fy,N,33.594000,142.9976806640625,21.347053462586125
rl_fy,N,33.627000,68.87713623046875,9.641444666937984
rl_fy,N,33.660000,-35.380027770996094,-4.861090482991915
rl_fy,N,33.693000,-136.9109344482422,-20.554218033147684
rl_fy,N,33.759000,-269.7118835449219,-46.63241350064453
rl_fy,N,33.792000,-312.69464111328125,-56.96317424030087
rl_fy,N,33.825000,-343.59991455078125,-65.29486851168684
rl_fy,N,33.891000,-365.2997741699219,-71.73163739985613
rl_fy,N,33.957000,-325.90167236328125,-60.380314722513695
rl_fy,N,33.990000,-276.0894775390625,-48.103181075099215
rl_fy,N,34.023000,-207.06321716308594,-33.80732934681021
rl_fy,N,34.089000,-40.178001403808594,-5.8509784118473815
rl_fy,N,34.155000,36.44081115722656,5.27209620737238
rl_fy,N,34.188000,41.30709457397461,6.004708618133643
rl_fy,N,34.221000,30.682941436767578,4.4980617548325785
rl_fy,N,34.287000,-30.761240005493164,-4.559654237243633
rl_fy,N,34.353000,-35.390071868896484,-5.28713653567134
rl_fy,N,34.386000,-20.706941604614258,-3.100925628660543
rl_fy,N,34.551000,155.48707580566406,25.056849683690146
rl_fy,N,34.716000,132.85719299316406,21.321640096695262
rl_fy,N,34.881000,156.4198455810547,25.761792383206686
rl_fy,N,35.046000,125.51575469970703,20.074013428355762
rl_fy,N,35.211000,124.91703033447266,20.132669106118037
rl_fy,N,35.376000,-16.29990005493164,-2.516167302801246
rl_fy,N,35.541000,135.57505798339844,21.641514687129582
rl_fy,N,35.706000,112.68770599365234,17.80687071949568
rl_fy,N,35.871000,-160.9338836669922,-25.373969833657068
rl_fy,N,36.036000,4.354084014892578,0.5987645573602226
rl_fy,N,36.201000,158.4678497314453,23.856082530463567
rl_fy,N,36.333000,-21.171533584594727,-2.8741706942200684
rl_fy,N,36.399000,-142.98585510253906,-21.69701429468992
rl_fy,N,36.432000,-174.75961303710938,-27.260769038356614
rl_fy,N,36.465000,-191.90455627441406,-30.444149499245583
rl_fy,N,36.531000,-199.63525390625,-31.979701096428293
rl_fy,N,36.564000,-174.7541961669922,-27.219019044391214
rl_fy,N,36.597000,-129.15379333496094,-19.195322666128725
rl_fy,N,36.630000,-56.07657241821289,-7.898423663028879
rl_fy,N,36.663000,39.5063362121582,5.498112747013583
rl_fy,N,36.729000,197.94747924804688,31.278334962169758
rl_fy,N,36.762000,253.9385223388672,42.92645633813089
rl_fy,N,36.795000,294.9346008300781,52.686333540827945
rl_fy,N,36.828000,314.5902099609375,57.88601332402286
rl_fy,N,36.861000,330.0433349609375,62.501105510267706
rl_fy,N,36.927000,326.6347961425781,62.17683602522258
rl_fy,N,36.960000,341.68719482421875,65.98676603625537
rl_fy,N,36.993000,319.86328125,59.520505322385915
rl_fy,N,37.059000,207.01324462890625,33.48828994140266
rl_fy,N,37.125000,-2.23468279838562,-0.32209216708729455
rl_fy,N,37.158000,-77.92826080322266,-11.536808660942373
rl_fy,N,37.191000,-116.34430694580078,-17.690420639215077
rl_fy,N,37.257000,-99.34197235107422,-15.191488408495514
rl_fy,N,37.323000,-19.601238250732422,-2.89497676747118
rl_fy,N,37.356000,41.483604431152344,6.201010841603839
rl_fy,N,37.389000,110.73155975341797,17.01345057877329
rl_fy,N,37.455000,246.4981689453125,43.170483342061324
rl_fy,N,37.521000,339.664306640625,68.96532734196396
rl_fy,N,37.587000,391.3291931152344,89.87485841700492
rl_fy,N,37.653000,398.3022766113281,97.98354639770771
rl_fy,N,37.686000,401.6614074707031,102.73985311239545
rl_fy,N,37.719000,401.84515380859375,105.06532692135158
rl_fy,N,37.785000,421.8019104003906,112.09518431853157
rl_fy,N,37.851000,422.17718505859375,112.71143837274091
rl_fy,N,37.884000,403.8183288574219,107.55696714975664
rl_fy,N,37.917000,409.40655517578125,108.65039890411853
rl_fy,N,37.983000,415.375,105.50773249697417
rl_fy,N,38.049000,402.9952697753906,99.4155921867445
rl_fy,N,38.082000,402.7183837890625,97.06136180324037
rl_fy,N,38.115000,424.67999267578125,116.10490504585306
rl_fy,N,38.181000,412.588134765625,98.62713486996881
rl_fy,N,38.247000,410.281005859375,96.77516215136727
rl_fy,N,38.280000,409.9325256347656,96.24808020112931
rl_fy,N,38.313000,416.22930908203125,97.76459621918512
rl_fy,N,38.379000,428.2657470703125,101.24407497485487
rl_fy,N,38.445000,438.4835510253906,104.53925338314417
rl_fy,N,38.511000,421.3593444824219,96.91724789704205
rl_fy,N,38.577000,422.5416259765625,96.4913714605248
rl_fy,N,38.643000,429.8831787109375,98.84337981931876
rl_fy,N,38.709000,403.2659912109375,89.3101694566576
rl_fy,N,38.775000,407.572998046875,89.0078037929537
rl_fy,N,38.841000,404.1904296875,87.23040478671668
rl_fy,N,38.907000,393.8888244628906,83.73075519289777
rl_fy,N,38.973000,373.5701904296875,77.45479506039106
rl_fy,N,39.039000,348.03875732421875,69.65452449089109
rl_fy,N,39.105000,366.3929443359375,75.21469089430147
rl_fy,N,39.171000,337.8717956542969,67.08710209782436
rl_fy,N,39.204000,350.6991882324219,70.01271086352087
rl_fy,N,39.237000,336.8377380371094,65.4816684421397
rl_fy,N,39.303000,312.34246826171875,58.79631881957578
rl_fy,N,39.369000,260.49395751953125,46.20631318863716
rl_fy,N,39.402000,221.2012939453125,37.645956856092795
rl_fy,N,39.435000,172.8448486328125,28.078030853841092
rl_fy,N,39.501000,70.10406494140625,10.568773883735222
rl_fy,N,39.567000,43.745914459228516,6.4259656495699335
rl_fy,N,39.600000,65.90186309814453,9.726041330679923
rl_fy,N,39.633000,105.512939453125,15.863294037362472
rl_fy,N,39.699000,187.27735900878906,30.13805557008988
rl_fy,N,39.765000,218.69815063476562,36.997702512084814
rl_fy,N,39.831000,168.3106231689453,27.152248596654672
rl_fy,N,39.897000,83.49359130859375,12.777615393397166
rl_fy,N,39.963000,48.314144134521484,7.265622546689249
rl_fy,N,40.029000,90.90811157226562,13.842490379156047
rl_fy,N,40.095000,161.881591796875,26.07765258861191
rl_fy,N,40.161000,169.5537567138672,27.59738684714226
rl_fy,N,40.227000,103.0658950805664,16.143047694324782
rl_fy,N,40.293000,-4.582139492034912,-0.6995209666707346
rl_fy,N,40.326000,-54.49665451049805,-8.375240671990696
rl_fy,N,40.359000,-89.19202423095703,-13.844420818119588
rl_fy,N,40.425000,-99.21943664550781,-15.688137458482739
rl_fy,N,40.491000,-67.32438659667969,-10.403813648012399
rl_fy,N,40.524000,-33.37163162231445,-5.107301268089219
rl_fy,N,40.557000,15.335545539855957,2.337174435083059
rl_fy,N,40.623000,138.20843505859375,22.094733041499058
rl_fy,N,40.689000,249.4608917236328,44.8433946847846
rl_fy,N,40.722000,262.7091369628906,47.8713787168081
rl_fy,N,40.755000,272.5049743652344,50.85535725805519
rl_fy,N,40.821000,315.00457763671875,64.2817262496066
rl_fy,N,40.887000,252.02281188964844,46.725148297483756
rl_fy,N,40.953000,200.1719970703125,35.423650376340476
rl_fy,N,41.019000,124.5193099975586,21.01769049293426
rl_fy,N,41.085000,16.62339973449707,2.6179150969183818
rl_fy,N,41.118000,-30.213212966918945,-4.8886108493479155
rl_fy,N,41.151000,-60.29745101928711,-9.721095691300192
rl_fy,N,41.217000,-60.639923095703125,-9.745769900281532
rl_fy,N,41.283000,-40.345680236816406,-6.461200686727104
rl_fy,N,41.316000,-46.70394515991211,-7.464353130374722
rl_fy,N,41.349000,-63.13600540161133,-10.06128875500593
rl_fy,N,41.415000,-103.21167755126953,-16.601967114298255
rl_fy,N,41.481000,-155.19027709960938,-25.288557816745367
rl_fy,N,41.514000,-165.78857421875,-27.164321893843884
rl_fy,N,41.547000,-166.53167724609375,-27.1862507416558
rl_fy,N,41.613000,-152.55699157714844,-24.033136211414465
rl_fy,N,41.646000,-137.1216278076172,-21.232506437664806
rl_fy,N,41.679000,-122.13151550292969,-18.599738444635054
rl_fy,N,41.745000,-111.5062026977539,-16.699394757896464
rl_fy,N,41.811000,-111.20270538330078,-16.52828964085012
rl_fy,N,41.844000,-111.87220001220703,-16.570276922730102
rl_fy,N,41.877000,-114.00956726074219,-16.888146832693483
rl_fy,N,41.943000,-113.2730941772461,-16.850067423459755
rl_fy,N,42.042000,-94.60567474365234,-13.82577203524854
rl_fy,N,42.075000,-47.21417999267578,-6.543511697795927
rl_fy,N,42.141000,3.152684211730957,0.44505994294500734
rl_fy,N,42.207000,28.290847778320312,4.1571963375436685
rl_fy,N,42.240000,46.455810546875,6.875540655392379
rl_fy,N,42.273000,78.47559356689453,11.739117358089423
rl_fy,N,42.339000,136.45362854003906,20.719941246487725
rl_fy,N,42.405000,160.4780731201172,25.081271470303975
rl_fy,N,42.438000,145.42877197265625,22.36973957453457
rl_fy,N,42.471000,124.58677673339844,18.87093903776015
rl_fy,N,42.537000,87.13117218017578,12.99549213175762
rl_fy,N,42.603000,66.2529067993164,9.94842300484765
rl_fy,N,42.669000,97.3724594116211,14.678979234210104
rl_fy,N,42.735000,140.3223419189453,21.408583041138325
rl_fy,N,42.801000,171.2462158203125,26.72707834311723
rl_fy,N,42.867000,216.5044403076172,35.434880314610176
rl_fy,N,42.933000,264.2840881347656,45.860315448222856
rl_fy,N,42.966000,287.28680419921875,51.436664997310885
rl_fy,N,42.999000,295.20953369140625,53.30390392691316
rl_fy,N,43.065000,292.3654479980469,52.56495178610244
rl_fy,N,43.131000,281.0436096191406,49.92656610216288
rl_fy,N,43.164000,275.78985595703125,48.72260772299137
rl_fy,N,43.197000,269.8293762207031,47.36187930500956
rl_fy,N,43.230000,271.0104064941406,47.79173853908097
rl_fy,N,43.263000,278.1138610839844,49.654351091068705
rl_fy,N,43.329000,297.7908020019531,54.67710829269945
rl_fy,N,43.362000,310.7012634277344,58.17029579746954
rl_fy,N,43.395000,342.8009033203125,67.50991805986204
rl_fy,N,43.428000,333.4473571777344,65.18986461500462
rl_fy,N,43.461000,370.8431396484375,77.39178839807786
rl_fy,N,43.527000,381.62420654296875,82.5814353988137
rl_fy,N,43.560000,385.1608581542969,85.06259671323154
rl_fy,N,43.593000,389.62164306640625,87.9635686385408
rl_fy,N,43.626000,397.8574523925781,91.66440804421961
rl_fy,N,43.659000,425.2011413574219,104.25215447305213
rl_fy,N,43.725000,427.7553405761719,105.79690382824431
rl_fy,N,43.791000,414.971923828125,100.11639162831797
rl_fy,N,43.824000,412.20172119140625,99.11722287046058
rl_fy,N,43.923000,409.4345703125,96.04799415142097
rl_fy,N,44.088000,384.2162780761719,85.04296914048945
rl_fy,N,44.154000,375.5880126953125,80.51565078155453
rl_fy,N,44.220000,357.5869140625,73.2399029856618
rl_fy,N,44.385000,318.04327392578125,61.36780020467696
rl_fy,N,44.550000,302.5946044921875,56.9129545405019
rl_fy,N,44.649000,259.6125183105469,46.1574165410304
rl_fy,N,44.715000,256.5732116699219,45.78026390207076
rl_fy,N,44.781000,241.53639221191406,42.29654057657337
rl_fy,N,44.847000,208.81063842773438,35.18084140967936
rl_fy,N,44.880000,191.37069702148438,31.746613193682556
rl_fy,N,44.979000,168.3272247314453,27.641611507155023
rl_fy,N,45.045000,186.1960906982422,30.830524736652915
rl_fy,N,45.078000,216.46685791015625,37.49798579647478
rl_fy,N,45.111000,225.9833984375,39.209064618541895
rl_fy,N,45.177000,214.07957458496094,36.5678270816966
rl_fy,N,45.210000,181.69944763183594,30.350146611012747
rl_fy,N,45.243000,130.72535705566406,21.056968256125753
rl_fy,N,45.309000,29.977439880371094,4.6863812109968
rl_fy,N,45.375000,2.944120407104492,0.4687599733388236
rl_fy,N,45.408000,35.262447357177734,5.576884387883482
rl_fy,N,45.441000,64.86616516113281,10.285868499323598
rl_fy,N,45.507000,145.12686157226562,23.975963424940097
rl_fy,N,45.573000,188.09519958496094,31.69185643629493
rl_fy,N,45.606000,179.92025756835938,29.76199218120649
rl_fy,N,45.705000,122.60425567626953,19.658985642376116
rl_fy,N,45.771000,89.65921783447266,14.468300765051998
rl_fy,N,45.837000,108.96107482910156,17.676184083484422
rl_fy,N,45.903000,165.7492218017578,28.386473687091982
rl_fy,N,45.969000,220.7844696044922,39.19679517011018
rl_fy,N,46.035000,266.5328674316406,50.158096329953196
rl_fy,N,46.101000,235.4287567138672,41.85320374868962
rl_fy,N,46.167000,216.12269592285156,37.51438791360512
rl_fy,N,46.233000,230.64004516601562,41.085723948345596
rl_fy,N,46.299000,234.2183074951172,40.83057626227097
rl_fy,N,46.365000,263.40301513671875,47.65343919899996
rl_fy,N,46.431000,281.4527893066406,51.08301658635082
rl_fy,N,46.497000,247.0531463623047,42.34680551620132
rl_fy,N,46.530000,218.18533325195312,36.142046559992394
rl_fy,N,46.563000,157.70806884765625,24.593579986718282
rl_fy,N,46.629000,80.12859344482422,11.633380328323522
rl_fy,N,46.695000,35.124114990234375,4.923117013243813
rl_fy,N,46.728000,0.5221120715141296,0.07335678990093066
rl_fy,N,46.761000,-40.936500549316406,-5.700298896897165
rl_fy,N,46.827000,-130.72433471679688,-19.58944146363213
rl_fy,N,46.893000,-199.88063049316406,-31.938616421088305
rl_fy,N,46.926000,-209.67062377929688,-34.094390235307735
rl_fy,N,46.959000,-206.27210998535156,-33.39611060389332
rl_fy,N,47.025000,-202.7512664794922,-32.44086361135941
rl_fy,N,47.091000,-211.03482055664062,-34.89639321207951
rl_fy,N,47.124000,-213.71890258789062,-35.19384914896846
rl_fy,N,47.157000,-216.42007446289062,-35.50735580996286
rl_fy,N,47.223000,-201.84295654296875,-32.661156493828855
rl_fy,N,47.289000,-173.66432189941406,-27.538590322881333
rl_fy,N,47.355000,-145.4956512451172,-22.53010635470207
rl_fy,N,47.421000,-162.18365478515625,-25.695799782470207
rl_fy,N,47.487000,-203.79534912109375,-33.477348228745974
rl_fy,N,47.553000,-198.99449157714844,-32.51720428684189
rl_fy,N,47.619000,-160.06161499023438,-25.139589839860484
rl_fy,N,47.685000,-112.64447021484375,-17.25946039954307
rl_fy,N,47.751000,-70.40563201904297,-10.442679946641436
rl_fy,N,47.817000,-42.85679244995117,-6.269213846232369
rl_fy,N,47.850000,-48.309776306152344,-7.078826007684173
rl_fy,N,47.883000,-56.73533248901367,-8.334872681431534
rl_fy,N,47.949000,-48.91807556152344,-7.037674943240017
rl_fy,N,48.015000,-37.666465759277344,-5.39162622912564
rl_fy,N,48.048000,-31.488378524780273,-4.4802158334978985
rl_fy,N,48.081000,-21.46157455444336,-2.9810579899301795
rl_fy,N,48.147000,12.095284461975098,1.6661230009755315
rl_fy,N,48.213000,35.50437927246094,4.853588861509337
rl_fy,N,48.246000,27.27098846435547,3.7116213736017327
rl_fy,N,48.279000,12.755049705505371,1.7310375025458564
rl_fy,N,48.345000,-22.023521423339844,-3.0276573583611412
rl_fy,N,48.411000,-43.308387756347656,-6.005824786369437
rl_fy,N,48.444000,-42.20249938964844,-5.898278656039501
rl_fy,N,48.477000,-31.47942543029785,-4.378838793618733
rl_fy,N,48.543000,19.961143493652344,2.738716179266455
rl_fy,N,48.609000,58.57341384887695,8.250190878582998
rl_fy,N,48.675000,12.189200401306152,1.6735674226148871
rl_fy,N,48.741000,-87.90397644042969,-12.962131153023776
rl_fy,N,48.807000,-166.90673828125,-26.337757598092374
rl_fy,N,48.873000,-168.5218505859375,-26.52192261198226
rl_fy,N,48.939000,-83.12307739257812,-12.237168033255266
rl_fy,N,49.005000,29.660131454467773,4.280867035062378
rl_fy,N,49.071000,45.51155090332031,6.5902482816360495
rl_fy,N,49.137000,19.282094955444336,2.7477564787514006
rl_fy,N,49.170000,-13.856790542602539,-1.981831591927707
rl_fy,N,49.203000,-64.25517272949219,-9.448484203506533
rl_fy,N,49.269000,-186.40550231933594,-30.2436821907975
rl_fy,N,49.335000,-293.63800048828125,-53.348844276930365
rl_fy,N,49.368000,-335.7091369628906,-64.32582636655808
rl_fy,N,49.401000,-359.2086181640625,-72.13600855061863
rl_fy,N,49.467000,-409.8958740234375,-91.33653918844304
rl_fy,N,49.533000,-439.80426025390625,-108.2452759315809
rl_fy,N,49.566000,-448.50531005859375,-114.74448180066291
rl_fy,N,49.599000,-454.06951904296875,-120.05011784215381
rl_fy,N,49.665000,-460.9092712402344,-126.88501790657138
rl_fy,N,49.731000,-464.38018798828125,-131.3770418855596
rl_fy,N,49.764000,-465.59307861328125,-132.93895931964028
rl_fy,N,49.797000,-466.3574523925781,-133.8468612788965
rl_fy,N,49.863000,-460.7010498046875,-133.37029942789866
rl_fy,N,49.929000,-454.6213684082031,-123.94498624798435
rl_fy,N,49.962000,-466.2798767089844,-123.2532649372827
rl_fy,N,49.995000,-452.1055603027344,-114.88772486447782
rl_fy,N,50.061000,-429.4441833496094,-99.95778273172033
rl_fy,N,50.127000,-393.680908203125,-83.88009972073841
rl_fy,N,50.160000,-370.8251037597656,-75.90407209397364
rl_fy,N,50.193000,-353.2441711425781,-70.14074807069453
rl_fy,N,50.259000,-327.5953369140625,-62.604482855377306
rl_fy,N,50.325000,-320.0538635253906,-60.514995975629795
rl_fy,N,50.358000,-324.3126220703125,-61.9674268522124
rl_fy,N,50.391000,-318.2511901855469,-60.53165986453758
rl_fy,N,50.490000,-259.684814453125,-46.802358534747604
rl_fy,N,50.523000,-231.88885498046875,-39.76784366131087
rl_fy,N,50.589000,-122.32942199707031,-19.6165742176479
rl_fy,N,50.655000,-54.00144577026367,-8.309520674744359
rl_fy,N,50.688000,-38.401309967041016,-5.883468709881753
rl_fy,N,50.721000,-32.17293167114258,-4.939130559228625
rl_fy,N,50.787000,-61.5593147277832,-9.43395832444524
rl_fy,N,50.853000,-71.61590576171875,-11.265876288606963
rl_fy,N,50.886000,-64.54349517822266,-10.088775003453842
rl_fy,N,50.919000,-54.907562255859375,-8.409724024871013
rl_fy,N,50.985000,-39.627220153808594,-6.096001717121561
rl_fy,N,51.051000,-72.0431900024414,-11.185896145885954
rl_fy,N,51.084000,-95.67459869384766,-14.953796374344465
rl_fy,N,51.117000,-112.26364135742188,-17.600569321617392
rl_fy,N,51.183000,-93.7138442993164,-14.552925540894742
rl_fy,N,51.249000,-5.337390899658203,-0.8027375807267225
rl_fy,N,51.315000,83.831298828125,12.79280694651732
rl_fy,N,51.381000,164.18389892578125,26.117340301430463
rl_fy,N,51.447000,195.86878967285156,32.25735356471573
rl_fy,N,51.513000,199.69610595703125,32.79563858532387
rl_fy,N,51.579000,159.83009338378906,25.067288388167356
rl_fy,N,51.645000,130.53091430664062,19.86700706920894
rl_fy,N,51.711000,111.53414916992188,16.613794157129632
rl_fy,N,51.777000,110.90857696533203,16.23709020748664
rl_fy,N,51.810000,110.70313262939453,16.185557373337666
rl_fy,N,51.843000,107.64128112792969,15.636308105121607
rl_fy,N,51.909000,107.35147094726562,15.466759810050721
rl_fy,N,51.975000,111.24444580078125,16.1305175828269
rl_fy,N,52.008000,95.70740509033203,13.73553862193192
rl_fy,N,52.041000,75.63339233398438,10.70051632658685
rl_fy,N,52.107000,43.1602668762207,6.1403108043414205
rl_fy,N,52.173000,31.085474014282227,4.528211160618793
rl_fy,N,52.206000,21.982463836669922,3.235788699711557
rl_fy,N,52.239000,11.815594673156738,1.7493001889295665
rl_fy,N,52.305000,-6.291639804840088,-0.9391136430869174
rl_fy,N,52.371000,-46.65037536621094,-7.127853346379015
rl_fy,N,52.404000,-51.67543029785156,-7.7834008078867924
rl_fy,N,52.437000,-48.082523345947266,-7.147986159494228
rl_fy,N,52.503000,-35.16557693481445,-5.224066444370756
rl_fy,N,52.569000,-78.69120025634766,-11.906375891374452
rl_fy,N,52.602000,-114.12603759765625,-17.388299635974608
rl_fy,N,52.635000,-152.030517578125,-23.71142507057454
rl_fy,N,52.701000,-207.96371459960938,-34.04926623901731
rl_fy,N,52.767000,-206.55787658691406,-33.719770207727336
rl_fy,N,52.833000,-144.39199829101562,-22.226186501562555
rl_fy,N,52.899000,-82.99703979492188,-12.356336566389833
rl_fy,N,52.965000,-88.38296508789062,-13.297154875629653
rl_fy,N,53.031000,-150.83172607421875,-23.816913182683795
rl_fy,N,53.097000,-212.0137481689453,-35.40389233789711
rl_fy,N,53.130000,-232.5976104736328,-39.694334912770636
rl_fy,N,53.163000,-243.9165802001953,-42.25151971275376
rl_fy,N,53.229000,-233.35462951660156,-39.44121894868151
rl_fy,N,53.295000,-204.6379852294922,-34.009550263527416
rl_fy,N,53.328000,-203.70123291015625,-33.95603457415235
rl_fy,N,53.361000,-217.1204833984375,-36.266040663817364
rl_fy,N,53.427000,-257.0921936035156,-45.57976653072325
rl_fy,N,53.493000,-304.6091003417969,-57.33180406023793
rl_fy,N,53.526000,-322.1216125488281,-61.99212099099127
rl_fy,N,53.559000,-328.3974914550781,-64.02921609985165
rl_fy,N,53.691000,-288.88330078125,-52.90928177429555
rl_fy,N,53.724000,-270.4525146484375,-48.60175208393589
rl_fy,N,53.757000,-256.28717041015625,-45.30777343117706
rl_fy,N,53.823000,-251.93179321289062,-44.01794198481212
rl_fy,N,53.889000,-269.463623046875,-47.76285187926565
rl_fy,N,53.955000,-295.6717834472656,-53.79757613368468
rl_fy,N,54.021000,-328.5965881347656,-62.52831497558215
rl_fy,N,54.087000,-361.6640625,-72.20219522558489
rl_fy,N,54.219000,-410.6496887207031,-88.32353061412077
rl_fy,N,54.285000,-405.3557434082031,-86.73192517204673
rl_fy,N,54.351000,-407.0471496582031,-87.21385555750932
rl_fy,N,54.417000,-410.21514892578125,-88.41250493636468
rl_fy,N,54.450000,-407.1153259277344,-87.59586941280516
rl_fy,N,54.483000,-403.99749755859375,-85.929904764652
rl_fy,N,54.549000,-399.8616943359375,-83.90158593913203
rl_fy,N,54.615000,-391.0060119628906,-80.8999362945014
rl_fy,N,54.648000,-385.028076171875,-78.68925889669008
rl_fy,N,54.681000,-375.9637451171875,-75.76803124950949
rl_fy,N,54.747000,-359.5977478027344,-70.58484248586873
rl_fy,N,54.813000,-342.2870178222656,-65.42771702299338
rl_fy,N,54.846000,-322.7655944824219,-60.02941529649479
rl_fy,N,54.945000,-268.0523681640625,-46.00711423360421
rl_fy,N,55.011000,-263.6473388671875,-45.56184966240757
rl_fy,N,55.044000,-253.40792846679688,-43.30148340431398
rl_fy,N,55.077000,-238.06275939941406,-39.89747148788854
rl_fy,N,55.143000,-163.4303741455078,-25.495051812012512
rl_fy,N,55.209000,-89.11288452148438,-13.083302394468985
rl_fy,N,55.275000,-83.4428939819336,-12.106507583390709
rl_fy,N,55.341000,-124.53924560546875,-18.64047536231175
rl_fy,N,55.407000,-182.1260986328125,-28.61407109948928
rl_fy,N,55.473000,-187.41651916503906,-29.428402362302084
rl_fy,N,55.539000,-126.0243148803711,-18.74411270847934
rl_fy,N,55.605000,-63.234989166259766,-8.938017217346012
rl_fy,N,55.671000,-40.16356658935547,-5.604526471743687
rl_fy,N,55.737000,-38.81917190551758,-5.482881236879927
rl_fy,N,55.770000,-58.9698486328125,-8.448152372741532
rl_fy,N,55.803000,-81.1318359375,-11.855243529778528
rl_fy,N,55.869000,-85.10882568359375,-12.397761409206504
rl_fy,N,55.935000,-77.7484359741211,-11.277457252422142
rl_fy,N,55.968000,-90.20513916015625,-13.134718332851033
rl_fy,N,56.001000,-108.01517486572266,-16.026987946639945
rl_fy,N,56.067000,-104.88243865966797,-15.478644912750571
rl_fy,N,56.133000,-89.3000717163086,-13.075471784056083
rl_fy,N,56.166000,-82.6986312866211,-12.055131389239708
rl_fy,N,56.199000,-80.85433959960938,-11.766765458241052
rl_fy,N,56.265000,-117.20632934570312,-17.560503394906988
rl_fy,N,56.331000,-166.14361572265625,-25.923175675723844
rl_fy,N,56.364000,-187.67523193359375,-29.997834671465874
rl_fy,N,56.397000,-199.09429931640625,-32.168932328156615
rl_fy,N,56.463000,-177.95262145996094,-28.01942347653673
rl_fy,N,56.529000,-143.52545166015625,-21.902408044131622
rl_fy,N,56.595000,-124.49347686767578,-18.538724617931518
rl_fy,N,56.661000,-146.50975036621094,-22.388292795727452
rl_fy,N,56.727000,-189.20822143554688,-30.008475273403743
rl_fy,N,56.793000,-206.22900390625,-33.14942471143984
rl_fy,N,56.859000,-172.32847595214844,-26.699466523206695
rl_fy,N,56.925000,-123.2918472290039,-18.132144748181314
rl_fy,N,56.991000,-129.7927703857422,-19.57746184875452
rl_fy,N,57.057000,-127.81640625,-18.933850275062397
rl_fy,N,57.090000,-113.71239471435547,-16.848775235603945
rl_fy,N,57.123000,-98.61856079101562,-14.47548344972933
rl_fy,N,57.156000,-99.14338684082031,-14.601521972805545
rl_fy,N,57.189000,-107.93045043945312,-15.878410593062041
rl_fy,N,57.255000,-88.71318054199219,-12.889027459217354
rl_fy,N,57.288000,-74.82551574707031,-10.718087623122303
rl_fy,N,57.321000,-63.436946868896484,-9.060708264554068
rl_fy,N,57.354000,-57.97367858886719,-8.257756074783368
rl_fy,N,57.387000,-55.98707580566406,-7.985244432245941
rl_fy,N,57.453000,-91.94357299804688,-13.567924640067321
rl_fy,N,57.519000,-122.34194946289062,-18.30396561347136
rl_fy,N,57.684000,58.25653839111328,8.094329955655724
rl_fy,N,57.849000,-7.7732253074646,-1.0616158221497176
rl_fy,N,58.014000,-157.49578857421875,-24.23887920941364
rl_fy,N,58.179000,26.311277389526367,3.651593304955182
rl_fy,N,58.344000,-70.38644409179688,-10.231437120374203
rl_fy,N,58.509000,-184.4433135986328,-29.43812049527706
rl_fy,N,58.674000,-139.42327880859375,-21.540779003830032
rl_fy,N,58.839000,-225.3086395263672,-37.24229530724239
rl_fy,N,59.004000,-173.46759033203125,-27.456359847616312
rl_fy,N,59.169000,-223.0175323486328,-36.735574205157235
rl_fy,N,59.334000,-263.5530700683594,-45.1900449253549
rl_fy,N,59.499000,-187.5645751953125,-29.59754500048501
rl_fy,N,59.664000,-290.0169677734375,-51.10129187130133
rl_fy,N,59.829000,-308.09375,-55.57374032371009
rl_fy,N,59.993999,-189.4528350830078,-29.954254585125305
rl_fy,N,60.159000,-271.3219909667969,-47.04153124836532
rl_fy,N,60.324000,-210.90316772460938,-34.056811002430074
rl_fy,N,60.489000,-42.00392532348633,-5.883624235594736
rl_fy,N,60.654000,-97.55813598632812,-14.324721937813766
rl_fy,N,60.819000,80.33184051513672,11.644353445143839
rl_fy,N,60.983999,-78.30500793457031,-11.465754165670289
rl_fy,N,61.149000,-66.44242095947266,-9.713218071030644
rl_fy,N,61.314000,53.64704513549805,7.851713655993881
rl_fy,N,61.479000,-87.15518188476562,-13.191116328645899
rl_fy,N,61.644000,-210.6892547607422,-35.13603230419814
rl_fy,N,61.809000,-62.73942565917969,-9.44464878025664
rl_fy,N,61.974000,-161.87197875976562,-26.091328068233015
rl_fy,N,62.139000,-193.1587677001953,-32.45315365511606
rl_fy,N,62.304000,-93.84403991699219,-14.734923963773866
rl_fy,N,62.469000,-189.16390991210938,-31.785080015938814
rl_fy,N,62.634000,-272.363037109375,-50.32659293274239
rl_fy,N,62.799000,-253.7322235107422,-46.05863876695718
rl_fy,N,62.964000,-265.673828125,-49.039739199735976
rl_fy,N,63.128999,-272.5877380371094,-51.23117971898428
rl_fy,N,63.294000,-201.09446716308594,-35.01292176869645
rl_fy,N,63.459000,-193.7675018310547,-33.345700945469275
rl_fy,N,63.624000,-220.47357177734375,-39.32878511542781
rl_fy,N,63.789000,6.6912078857421875,1.073497367251569
rl_fy,N,63.954000,-32.658687591552734,-5.239882902527998
rl_fy,N,64.118999,-152.89430236816406,-24.982253312808005
rl_fy,N,64.284000,84.2324447631836,13.327558813842959
rl_fy,N,64.449000,-67.51614379882812,-10.805074699957203
rl_fy,N,64.614000,-175.5679473876953,-30.659206773360108
rl_fy,N,64.779000,138.78248596191406,23.12043521615925
rl_fy,N,64.944000,15.51729965209961,2.4284039427006836
rl_fy,N,65.108999,-183.81927490234375,-31.756183481073197
rl_fy,N,65.273999,126.70648193359375,20.876283254904944
rl_fy,N,65.439000,215.28224182128906,38.70429393146746
rl_fy,N,65.604000,-106.20458221435547,-17.55028820316264
rl_fy,N,65.769000,27.743967056274414,4.3618536653142845
rl_fy,N,65.934000,55.25437927246094,8.825136032019802
rl_fy,N,66.099000,-167.84161376953125,-28.869268189274838
rl_fy,N,66.263999,-7.150630950927734,-1.1008301050819003
rl_fy,N,66.429000,-102.42609405517578,-16.247432431301
rl_fy,N,66.594000,-169.4021453857422,-27.147309818996455
rl_fy,N,66.759000,163.8843536376953,25.85629361051184
rl_fy,N,66.924000,-24.195768356323242,-3.470484028169125
rl_fy,N,67.089000,-360.83746337890625,-71.76484862898288
rl_fy,N,67.253999,-392.21234130859375,-81.79829762657826
rl_fy,N,67.419000,-0.012272399850189686,-0.0016666143697969646
rl_fy,N,67.584000,13.428057670593262,1.8247722751345825
rl_fy,N,67.749000,-101.27554321289062,-14.671315597046185
rl_fy,N,67.914000,255.5244140625,42.67330856610695
rl_fy,N,68.079000,319.1305847167969,58.224294024050955
rl_fy,N,68.243999,-12.41316032409668,-1.6810132304320822
rl_fy,N,68.408999,-74.09039306640625,-10.68607332257748
rl_fy,N,68.574000,-78.48932647705078,-11.488697041110026
rl_fy,N,68.739000,-258.62225341796875,-44.92324256329953
rl_fy,N,68.904000,-169.75167846679688,-27.635927042755053
rl_fy,N,69.069000,-260.41925048828125,-46.23407900933912
rl_fy,N,69.233999,-341.4555358886719,-68.81549654563193
rl_fy,N,69.398999,-193.46644592285156,-31.800142044160438
rl_fy,N,69.564000,-248.2582550048828,-43.03249654636241
rl_fy,N,69.729000,-392.63995361328125,-84.7748994180795
rl_fy,N,69.894000,-390.0007019042969,-80.4577251480559
rl_fy,N,70.059000,18.624195098876953,2.6040841126702943
rl_fy,N,70.224000,-53.3506965637207,-7.567501107024426
rl_fy,N,70.388999,-97.63916778564453,-14.245221389479575
rl_fy,N,70.553999,291.877197265625,51.054931091909324
rl_fy,N,70.719000,422.1446228027344,96.98391916982656
rl_fy,N,70.884000,372.2881164550781,74.9291077399939
rl_fy,N,71.049000,50.3005485534668,7.1508299525624235
rl_fy,N,71.214000,11.214438438415527,1.5447255306555394
rl_fy,N,71.378999,-193.54542541503906,-31.09619377629912
rl_fy,N,71.543999,-383.58514404296875,-80.80097108511038
rl_fy,N,71.709000,-354.935546875,-70.9525967097081
rl_fy,N,72.039000,-376.89300537109375,-81.1153631974371
rl_fy,N,72.204000,-404.85137939453125,-96.20538697734206
rl_fy,N,72.368999,-324.25225830078125,-62.945885082932655
rl_fy,N,72.533999,-286.45269775390625,-53.40478839636839
rl_fy,N,72.699000,-389.0635986328125,-86.85730639127179
rl_fy,N,72.864000,-417.2548522949219,-107.69491781983625
rl_fy,N,73.029000,-443.7882385253906,-124.19331731010982
rl_fy,N,73.194000,-457.9656982421875,-132.93027871983676
rl_fy,N,73.358999,-464.3250732421875,-132.65220509042638
rl_fy,N,73.523999,-478.244140625,-129.88676827932758
rl_fy,N,73.688999,-436.35894775390625,-102.70682900001702
rl_fy,N,73.854000,-319.34765625,-59.96554470987503
rl_fy,N,74.019000,-47.391624450683594,-7.146541069352409
rl_fy,N,74.349000,235.84219360351562,44.07458455368704
rl_fy,N,74.513999,461.2184753417969,120.51674192268636
rl_fy,N,74.678999,474.7492980957031,163.3038117007987
rl_fy,N,74.844000,412.8169860839844,172.0761616945443
rl_fy,N,75.174000,533.5820922851562,281.3771338249428
rl_fy,N,75.339000,377.49383544921875,199.95926988190766
rl_fy,N,75.503999,383.210693359375,206.7120706371982
rl_fy,N,75.668999,403.7835693359375,211.04143626081458
rl_fy,N,75.833999,429.6800842285156,209.98934125573615
rl_fy,N,75.999000,445.2483215332031,210.01174224676367
rl_fy,N,76.164000,437.5092468261719,195.727126364478
rl_fy,N,76.493999,483.6131896972656,133.08922047412847
rl_fy,N,76.658999,-555.40087890625,-165.467820777011
rl_fy,N,76.823999,-398.0753173828125,-199.32473116442063
rl_fy,N,76.989000,-475.8504638671875,-254.24345371546207
rl_fy,N,77.154000,-432.4280090332031,-236.79018423588172
rl_fy,N,77.319000,-441.92987060546875,-240.54533999986256
rl_fy,N,80.289000,3.4564926624298096,6.067190111719756
rl_fy,N,80.454000,1.832912802696228,2.400117345625036
rl_fy,N,80.618999,-11.755362510681152,-3.012852164733344
rl_fy,N,80.783999,47.554161071777344,7.155446185806972
rl_fy,N,80.948999,-29.071775436401367,-4.5806637602161375
rl_fy,N,81.113999,3.893117666244507,0.7077820322568306
rl_fy,N,81.279000,-19.46953773498535,-3.7704192955002274
rl_fy,N,81.444000,-0.4960038363933563,-0.18259288754215044
rl_fy,N,81.608999,-11.581387519836426,-3.1330748736592082
rl_fy,N,81.773999,-22.264917373657227,-5.020669883861799
rl_fy,N,81.938999,-38.677982330322266,-7.211688087806241
rl_fy,N,82.103999,-63.948272705078125,-9.699130632095114
rl_fy,N,82.269000,-80.86824035644531,-12.22770836253684
rl_fy,N,82.434000,-100.53365325927734,-15.452856819858441
rl_fy,N,82.599000,-97.77812194824219,-14.66732958892029
rl_fy,N,82.763999,-144.7408447265625,-23.0319277300024
rl_fy,N,82.928999,-245.63079833984375,-42.19046612441693
rl_fy,N,83.093999,-263.32232666015625,-48.26955473326392
rl_fy,N,83.259000,-301.9925537109375,-54.73252843954561
rl_fy,N,83.424000,-318.02301025390625,-58.289851877105406
rl_fy,N,83.589000,-335.680419921875,-65.69229945438528
rl_fy,N,83.918999,-379.7773742675781,-87.5745982430097
rl_fy,N,84.083999,-430.70343017578125,-117.23225874408818
rl_fy,N,84.248999,-440.7091064453125,-154.5208875705621
rl_fy,N,84.414000,-391.8305358886719,-176.25736457405242
rl_fy,N,84.579000,-346.80426025390625,-199.3056423555541
rl_fy,N,84.743999,-284.2781677246094,-211.10917631201792
rl_fy,N,84.908999,-331.4634094238281,-231.68746761314083
rl_fy,N,85.073999,-358.0151062011719,-232.50795756122645
rl_fy,N,85.238999,-386.9648132324219,-236.63447397079017
rl_fy,N,85.404000,-413.2876892089844,-239.51909815693026
rl_fy,N,85.569000,-439.9442138671875,-241.64084929319455
rl_fy,N,87.053999,-0.34045493602752686,-0.5130557990433312
rl_fy,N,87.218999,3.1862447261810303,4.11598362254608
rl_fy,N,87.383999,-32.69038391113281,-4.951487913499764
rl_fy,N,87.549000,-0.4210013449192047,-0.1835016136279684
rl_fy,N,87.714000,9.254192352294922,3.4866623617496293
rl_fy,N,87.878999,-27.157182693481445,-4.585297356651388
rl_fy,N,88.043999,2.7970376014709473,0.4168701168919262
rl_fy,N,88.208999,-28.531484603881836,-4.706224950043888
rl_fy,N,88.373999,-38.112247467041016,-6.11087752949905
rl_fy,N,88.539000,-50.584320068359375,-7.475716270193968
rl_fy,N,88.704000,-64.90843963623047,-9.108947082308324
rl_fy,N,88.868999,-68.72362518310547,-10.452881505878048
rl_fy,N,89.033999,-84.65922546386719,-12.89025309919475
rl_fy,N,89.198999,-100.27128601074219,-15.376709309467264
rl_fy,N,89.363999,-128.1226806640625,-20.057169164906778
rl_fy,N,89.528999,-149.27706909179688,-23.928225330463782
rl_fy,N,89.694000,-173.5213623046875,-28.781951431594255
rl_fy,N,89.858999,-125.4478530883789,-37.3756685649093
rl_fy,N,92.003999,-4.322622299194336,-8.413184049587564
rl_fy,N,92.168999,-6.980133056640625,-6.731426609785169
rl_fy,N,92.333999,1.3423446416854858,1.7937251772774843
rl_fy,N,92.498999,6.194004535675049,5.880639757287278
rl_fy,N,92.993999,1.2157394886016846,0.39239153975660584
rl_fy,N,96.953999,-26.32874298095703,-33.908364012474244
rl_fy,N,100.583999,-2.968959093093872,-6.358319096427663
rl_fy,N,105.203999,3.6429243087768555,7.115576342463673
rl_fy,N,108.503999,2.5846023559570312,2.7626889149184595
rl_fy,N,108.668999,-28.541709899902344,-22.999114981880634
rl_fy,N,115.763999,-0.2878159284591675,-4.787460231599013
rl_fy,N,122.462999,-8.155660629272461,-89.78665370302156
rl_fy,N,140.612999,-6.473623275756836,-91.51523461428201
rl_fy,N,157.640999,-7.233218193054199,-93.4295519640231
rl_fy,N,216.611999,-0.5409766435623169,-8.206964490248408
rl_fy,N,229.877999,-15.121478080749512,-159.66160116631843
rl_fy,N,231.131999,0.8566760420799255,7.488371355501498
rl_fy,N,248.984998,-17.681371688842773,-161.77759519964422
rl_fy,N,258.125998,-7.902971267700195,-79.46390246543476
rl_fy,N,273.866998,0.10817921906709671,1.2037550294209107
rl_fy,N,318.317998,-9.716379165649414,-88.7402166448681
rl_fy,N,358.643998,0.5359956622123718,4.860494684744599
rl_fy,N,421.211998,5.5252556800842285,65.64770165991831
rl_fy,N,509.090997,-16.779190063476562,-131.06669915619125
rl_fy,N,530.672997,5.528446197509766,66.01099116151313
rl_fy,N,533.576997,-16.248727798461914,-131.99861038483326
rl_fy,N,540.209997,7.497854232788086,65.15247415224574
rl_fy,N,567.170997,-9.084968566894531,-70.25021773233549
rl_fy,N,606.935997,10.957958221435547,129.57694455759977
rl_fy,N,622.280997,6.084314346313477,68.80269971371743
rl_fy,N,632.279996,-7.597574234008789,-68.21134446693738
rl_fy,N,636.866997,0.05003192275762558,0.4030050469981202
rl_fy,N,644.786996,4.624640941619873,55.20946260317864
rl_fy,N,663.563996,-0.22860610485076904,-1.5300707280539536
rl_fy,N,679.403996,-10.193804740905762,-69.77788634166792
rl_fy,N,704.285996,6.207698345184326,74.8408798606328
rl_fy,N,755.369996,10.99648666381836,130.43265085808954
rl_fy,N,764.114996,7.619905471801758,64.73600925030057
rl_fy,N,791.174996,-6.205939769744873,-72.39521437569364
rl_fy,N,846.449995,-15.01700210571289,-131.0883554170557
rl_fy,N,854.369995,-6.1899261474609375,-68.55446879208972
rl_fy,N,895.916995,-11.035792350769043,-70.70933022355416
rl_fy,N,921.590995,-16.887479782104492,-132.95171703945857
rl_fy,N,950.663995,5.3927483558654785,62.46022147729164
rl_fy,N,966.503995,-0.5754643678665161,-4.483287413448481
rl_fy,N,981.518995,-0.6681505441665649,-6.567657925126673
rl_fy,N,989.438995,-0.03156900405883789,-0.2991377644042486
rl_fy,N,1028.048994,-9.036542892456055,-70.7307894797301
rl_fy,N,1043.888994,0.7473635673522949,5.121552413051479
rl_fy,N,1055.570994,-8.185646057128906,-65.74895135974889
rl_fy,N,1077.680994,-8.632964134216309,-69.45831021594101
rl_fy,N,1088.075994,5.6232075691223145,67.99707823566034
rl_fy,N,1155.395994,-17.576452255249023,-134.38681350506687
rl_fy,N,1161.665994,-0.13187047839164734,-1.0997678288734354
rl_fy,N,1167.935994,5.592822074890137,65.93164944616167
rl_fy,N,1176.680994,5.878603458404541,66.51239141745688
rl_fy,N,1216.082993,5.749749660491943,69.69200609628083
rl_fy,N,1233.572993,-0.5920571088790894,-6.760727090749296
rl_fy,N,1244.792993,-8.696497917175293,-69.05270106941195
rl_fy,N,1252.712993,-8.95312786102295,-58.59600392460905
rl_fy,N,1270.202993,7.384159564971924,65.23412985265709
rl_fy,N,1279.772993,-0.5991478562355042,-6.927312790811546
rl_fy,N,1288.517993,-0.6699764728546143,-5.003089474720718
rl_fy,N,1332.572993,4.948449611663818,56.80264335106135
rl_fy,N,1340.492993,-8.318572044372559,-61.12260748024838
rl_fy,N,1346.762993,-0.388916015625,-4.523290063753588
rl_fy,N,1353.857993,0.09925676137208939,0.835649338738581
rl_fy,N,1360.952992,-8.721867561340332,-62.46614229782646
rl_fy,N,1370.522993,6.103757858276367,69.73986855879484
rl_fy,N,1422.695992,2.816981554031372,16.468113131542808
rl_fy,N,1433.915992,0.0016587169375270605,0.020198949911533415
rl_fy,N,1438.502992,-0.6974533200263977,-5.188430885663006
rl_fy,N,1486.781992,5.8681745529174805,66.44478667275199
rl_fy,N,1503.413992,-0.5420156717300415,-3.0333841469082246
rl_fy,N,1517.108992,-1.3935738801956177,-9.907569779861126
rl_fy,N,1537.898992,10.597123146057129,123.5944123728608
rl_fy,N,1546.643991,8.628083229064941,65.01841218666581
rl_fy,N,1576.706991,8.638679504394531,70.29515285628868
rl_fy,N,1651.055991,-8.322096824645996,-60.90459570699063
rl_fy,N,1657.325991,5.562414169311523,64.25036171538102
rl_fy,N,1680.260991,11.324758529663086,133.67093986262122
rl_fy,N,1686.530991,-5.725973606109619,-66.17206199470331
rl_fy,N,1701.050991,-0.2983574867248535,-2.059374227637488
rl_fy,N,1725.140990,6.053023815155029,70.74703851177823
rl_fy,N,1732.631990,11.370079040527344,132.52144906607936
rl_fy,N,1743.455991,10.691963195800781,126.40643631857928
rl_fy,N,1788.797990,1.0911743640899658,12.8468766369442
rl_fy,N,1804.538990,-8.729561805725098,-63.432823263687304
rl_fy,N,1837.340990,5.407487869262695,61.42471845379067
rl_fy,N,1844.435990,5.619544506072998,67.98502011693972
rl_fy,N,1862.387990,0.7454319000244141,5.105012225460268
rl_fy,N,1867.832990,-6.158283233642578,-71.81432121059693
rl_fy,N,1874.102990,-19.09588050842285,-124.12831118645975
rl_fy,N,1908.191990,11.419960021972656,134.2368425968672
rl_fy,N,1926.011990,-0.4821476340293884,-2.6903168937565227
rl_fy,N,1936.406989,-0.23173770308494568,-1.7843224654420962
rl_fy,N,1960.958989,-0.3404790759086609,-2.4317622279902995
rl_fy,N,1979.273989,-8.751858711242676,-71.60985527531231
rl_fy,N,2019.632989,8.671736717224121,69.9724626093821
rl_fy,N,2037.914989,5.995980262756348,68.81903338686206
rl_fy,N,2052.500989,-0.18284295499324799,-2.1090769864434518
rl_fy,N,2067.944989,5.468898773193359,63.07665115894155
rl_fy,N,2091.671988,-4.363232135772705,-28.547850581414316
rl_fy,N,2118.599988,-0.4010097086429596,-4.446106960031357
rl_fy,N,2163.413988,8.404618263244629,72.62062468906697
rl_fy,N,2200.505988,11.424242973327637,133.3164932851232
rr_fy,N,0.000000,-9.527012825012207,-1.411882677809968
rr_fy,N,0.165000,-13.487802505493164,-2.0181308606541797
rr_fy,N,0.330000,-14.387101173400879,-2.1422077217039264
rr_fy,N,0.495000,-13.921287536621094,-2.075569770434784
rr_fy,N,0.660000,-11.318597793579102,-1.6900433286742746
rr_fy,N,0.825000,-8.670560836791992,-1.295627329443012
rr_fy,N,0.990000,-6.068026065826416,-0.905373973309879
rr_fy,N,1.155000,-4.0610880851745605,-0.5964345360853841
rr_fy,N,1.320000,-2.0279767513275146,-0.3025379881657823
rr_fy,N,1.485000,-0.8196865320205688,-0.12455126073131338
rr_fy,N,1.650000,-0.06704965233802795,-0.010128545666483366
rr_fy,N,1.815000,1.1424100399017334,0.16611208109578954
rr_fy,N,1.980000,14.71505355834961,2.1428899951280376
rr_fy,N,2.145000,7.002845287322998,1.0075886550267978
rr_fy,N,2.310000,-2.9455721378326416,-0.4333188055290982
rr_fy,N,2.475000,17.5212459564209,2.626732617623945
rr_fy,N,2.640000,-0.3113071918487549,-0.046812867422769744
rr_fy,N,2.805000,13.750020980834961,2.0761394217530698
rr_fy,N,2.970000,7.202359199523926,1.09290590207794
rr_fy,N,3.135000,-0.3266645669937134,-0.049859499970741204
rr_fy,N,3.300000,15.28999137878418,2.3729454484415387
rr_fy,N,3.465000,4.864545822143555,0.7527921850090568
rr_fy,N,3.630000,29.945009231567383,4.6444696968124
rr_fy,N,3.795000,-8.57254409790039,-1.3447101982407788
rr_fy,N,3.960000,34.22560501098633,5.348591176384768
rr_fy,N,4.125000,14.760961532592773,2.3178400414674676
rr_fy,N,4.290000,59.85395431518555,9.149899661409941
rr_fy,N,4.455000,-22.049345016479492,-3.460342541509684
rr_fy,N,4.620000,94.69303894042969,15.416177839312967
rr_fy,N,4.785000,9.081050872802734,1.4419591080109317
rr_fy,N,4.950000,103.6107406616211,16.802153321223088
rr_fy,N,5.115000,98.3843765258789,16.114984128365904
rr_fy,N,5.280000,144.1073760986328,24.340472457739075
rr_fy,N,5.445000,187.1190185546875,32.01483674166476
rr_fy,N,5.610000,224.3283233642578,39.83759742038428
rr_fy,N,5.775000,235.39378356933594,41.59107432213066
rr_fy,N,5.940000,302.88818359375,55.841602166398076
rr_fy,N,6.105000,267.9953308105469,46.29641669246054
rr_fy,N,6.270000,349.1858215332031,65.92428385648238
rr_fy,N,6.435000,425.9052734375,90.72429397446925
rr_fy,N,6.765000,243.0499267578125,40.747740955121714
rr_fy,N,6.930000,364.40313720703125,70.23508195261485
rr_fy,N,7.095000,406.1690368652344,84.16260130970527
rr_fy,N,7.260000,237.52679443359375,39.98774306680987
rr_fy,N,7.425000,-120.66793823242188,-18.123499010602732
rr_fy,N,7.590000,-83.1440200805664,-12.519127420573788
rr_fy,N,7.755000,144.084228515625,22.4965430481354
rr_fy,N,7.920000,-41.073150634765625,-5.952360167824843
rr_fy,N,8.085000,-222.24932861328125,-39.13471479573258
rr_fy,N,8.250000,-111.99913787841797,-18.707248361639586
rr_fy,N,8.415000,-167.45347595214844,-38.83134615152895
rr_fy,N,8.580000,143.23394775390625,23.319149683834855
rr_fy,N,8.745000,-1.9195507764816284,-0.2921579168090688
rr_fy,N,8.910000,-156.92430114746094,-25.83321066540795
rr_fy,N,9.075000,-40.69083023071289,-6.466457768382869
rr_fy,N,9.240000,-157.71292114257812,-24.539521102589934
rr_fy,N,9.405000,-327.3126220703125,-59.8436464659843
rr_fy,N,9.570000,-228.02435302734375,-36.97787727269319
rr_fy,N,9.735000,153.3812255859375,23.36560805724059
rr_fy,N,9.900000,385.46514892578125,75.89762835975814
rr_fy,N,10.065000,423.2484436035156,89.52833549192366
rr_fy,N,10.230000,450.7112121582031,100.22158800462049
rr_fy,N,10.395000,442.3173828125,100.46041958189385
rr_fy,N,10.560000,436.4002380371094,97.04789593877594
rr_fy,N,10.725000,399.093505859375,82.78969734779201
rr_fy,N,10.890000,314.3526306152344,57.79938128283756
rr_fy,N,11.055000,209.90541076660156,34.70065034650585
rr_fy,N,11.220000,129.25515747070312,20.193902927273417
rr_fy,N,11.385000,24.75310707092285,3.75180322838635
rr_fy,N,11.550000,89.40959167480469,13.884603878582194
rr_fy,N,11.715000,-89.19416046142578,-13.826617770246289
rr_fy,N,11.880000,28.16994857788086,4.316741134232118
rr_fy,N,12.045000,98.69244384765625,15.501998150198506
rr_fy,N,12.210000,-100.28076934814453,-15.905425186877029
rr_fy,N,12.375000,27.233610153198242,4.260850109806207
rr_fy,N,12.540000,60.69184112548828,9.741264690046123
rr_fy,N,12.705000,-123.91925048828125,-20.060116856850303
rr_fy,N,12.870000,25.784679412841797,4.020740588998435
rr_fy,N,13.035000,126.11184692382812,20.87411116333931
rr_fy,N,13.200000,-41.93223190307617,-6.69707796345493
rr_fy,N,13.365000,-19.345434188842773,-3.055156307556779
rr_fy,N,13.530000,1.5087302923202515,0.2402866836921042
rr_fy,N,13.695000,-14.94250774383545,-2.2982348274217497
rr_fy,N,13.860000,-64.35460662841797,-10.242543323669024
rr_fy,N,14.025000,-49.29512023925781,-7.850357177133781
rr_fy,N,14.190000,-7.442206382751465,-1.1904898917161681
rr_fy,N,14.355000,4.617895126342773,0.7379146436392923
rr_fy,N,14.520000,-39.63542938232422,-6.338689704700695
rr_fy,N,14.685000,49.68631362915039,7.958638489241871
rr_fy,N,14.850000,-67.73786163330078,-10.975038099328135
rr_fy,N,15.015000,-38.94691467285156,-6.2010378737318135
rr_fy,N,15.180000,185.4107666015625,31.42267445317767
rr_fy,N,15.345000,40.85831069946289,6.2907967442207005
rr_fy,N,15.510000,-240.80572509765625,-41.940598345778795
rr_fy,N,15.675000,44.0661735534668,6.653592646846338
rr_fy,N,15.840000,281.5784912109375,50.97202296934976
rr_fy,N,16.005000,-189.52374267578125,-30.0705377492885
rr_fy,N,16.170000,-384.2667236328125,-80.09635423633299
rr_fy,N,16.335000,-236.33950805664062,-39.164168621681654
rr_fy,N,16.500000,344.8465270996094,65.07516055392816
rr_fy,N,16.665000,366.0014343261719,70.50579850593718
rr_fy,N,16.830000,-232.20050048828125,-37.32901522020115
rr_fy,N,16.995000,-324.9849853515625,-58.50870380223008
rr_fy,N,17.160000,128.3603057861328,18.975414364139986
rr_fy,N,17.325000,398.15118408203125,80.03547725104202
rr_fy,N,17.490000,141.1225128173828,21.29375979041082
rr_fy,N,17.655000,-372.4701843261719,-72.72455383887481
rr_fy,N,17.820000,-401.8414001464844,-83.10348909494832
rr_fy,N,17.985000,47.40843200683594,6.7633510793554095
rr_fy,N,18.150000,406.7206726074219,85.69819663015173
rr_fy,N,18.315000,348.64105224609375,67.07551711689207
rr_fy,N,18.480000,-43.215545654296875,-6.596659738017343
rr_fy,N,18.645000,102.97753143310547,15.987452129758653
rr_fy,N,18.810000,95.85118103027344,14.795053338376274
rr_fy,N,18.975000,-326.7886657714844,-62.14170149686142
rr_fy,N,19.140000,-387.1166076660156,-81.07702357400491
rr_fy,N,19.305000,-139.93675231933594,-20.606155309802837
rr_fy,N,19.470000,101.78162384033203,14.838195881926396
rr_fy,N,19.635000,-190.0581512451172,-30.452764968267186
rr_fy,N,19.800000,42.220802307128906,5.961699898791318
rr_fy,N,19.965000,384.72723388671875,76.52080622957259
rr_fy,N,20.130000,447.1466369628906,100.58530438795158
rr_fy,N,20.295000,135.32730102539062,20.30421549663208
rr_fy,N,20.460000,-288.3653564453125,-49.52632157649601
rr_fy,N,20.625000,-65.07376098632812,-9.114997556332769
rr_fy,N,20.790000,-127.50895690917969,-18.954684980434312
rr_fy,N,20.955000,-348.2396240234375,-66.54385801458155
rr_fy,N,21.054000,-371.7425537109375,-74.203717085583
rr_fy,N,21.120000,-328.6280212402344,-60.80016626275663
rr_fy,N,21.186000,-181.4116973876953,-28.65968287349664
rr_fy,N,21.219000,-40.2848014831543,-5.848187523350988
rr_fy,N,21.351000,337.1859130859375,64.30503825721789
rr_fy,N,21.516000,406.7292175292969,87.41028971095619
rr_fy,N,21.681000,36.47763442993164,5.547789569867697
rr_fy,N,21.846000,-157.77857971191406,-24.89638250052045
rr_fy,N,22.011000,134.3821258544922,20.925693135497806
rr_fy,N,22.077000,196.11614990234375,32.10812310598204
rr_fy,N,22.143000,197.7016143798828,32.59731129297316
rr_fy,N,22.176000,156.2534637451172,24.796204618909453
rr_fy,N,22.209000,75.96450805664062,11.387266834718847
rr_fy,N,22.242000,-41.81037139892578,-6.111456891207791
rr_fy,N,22.308000,-253.91668701171875,-42.4182112148197
rr_fy,N,22.341000,-322.54473876953125,-58.75857750918292
rr_fy,N,22.374000,-360.9324951171875,-69.67759047439918
rr_fy,N,22.506000,-411.6476135253906,-87.05938609811761
rr_fy,N,22.671000,-194.85488891601562,-30.501534254702815
rr_fy,N,22.836000,145.85781860351562,22.194274532776493
rr_fy,N,23.001000,92.73703002929688,13.772048285104548
rr_fy,N,23.166000,238.7494354248047,39.65608276694323
rr_fy,N,23.331000,32.196468353271484,4.495513428926847
rr_fy,N,23.496000,115.12879943847656,16.978480971011496
rr_fy,N,23.661000,238.63555908203125,39.10040022568172
rr_fy,N,23.826000,-212.9785919189453,-34.215143676058496
rr_fy,N,23.991000,-426.6294860839844,-96.70131687394353
rr_fy,N,24.156000,-371.7195739746094,-72.81210036352175
rr_fy,N,24.321000,246.52203369140625,42.01364983410529
rr_fy,N,24.486000,393.9600830078125,82.5288867653221
rr_fy,N,24.651000,220.10382080078125,36.830932269902824
rr_fy,N,24.816000,6.651516914367676,1.006439284669895
rr_fy,N,24.981000,-59.67778778076172,-9.108646890982659
rr_fy,N,25.146000,-260.7839660644531,-45.30673554855529
rr_fy,N,25.311000,-105.41614532470703,-15.9108817913223
rr_fy,N,25.476000,115.27312469482422,17.240255549784067
rr_fy,N,25.641000,-197.25799560546875,-31.12040094071823
rr_fy,N,25.806000,-127.37342071533203,-18.48853817812119
rr_fy,N,25.971000,307.4585876464844,54.94880281890843
rr_fy,N,26.136000,365.7617492675781,70.43719538944214
rr_fy,N,26.301000,-122.2787857055664,-18.196263235574243
rr_fy,N,26.400000,-355.5503234863281,-67.09522548132774
rr_fy,N,26.532000,-429.6436767578125,-95.49351936988423
rr_fy,N,26.565000,-428.5981140136719,-94.70591869789183
rr_fy,N,26.598000,-418.61798095703125,-90.19400547248198
rr_fy,N,26.631000,-410.14202880859375,-85.29805417765355
rr_fy,N,26.697000,-310.70928955078125,-54.827266531300694
rr_fy,N,26.730000,-220.6379852294922,-35.01895327760191
rr_fy,N,26.763000,-110.12625885009766,-15.812185935555709
rr_fy,N,26.895000,202.65208435058594,32.05209026823064
rr_fy,N,26.994000,82.06336212158203,11.857879207899199
rr_fy,N,27.126000,-70.4658432006836,-10.05117879177027
rr_fy,N,27.192000,29.77190589904785,4.247139157886513
rr_fy,N,27.225000,97.89042663574219,14.543931338563054
rr_fy,N,27.324000,304.6348876953125,55.28388841639644
rr_fy,N,27.390000,375.37078857421875,75.26197655569841
rr_fy,N,27.456000,412.1866760253906,90.57993640719776
rr_fy,N,27.489000,420.22265625,93.86827740614052
rr_fy,N,27.555000,410.20867919921875,89.54757942619031
rr_fy,N,27.588000,397.2704772949219,83.4458426603338
rr_fy,N,27.621000,350.8658142089844,68.60291842890918
rr_fy,N,27.687000,199.86297607421875,32.514530819943865
rr_fy,N,27.720000,71.78170776367188,10.785338688602478
rr_fy,N,27.753000,-65.18670654296875,-9.683664356740787
rr_fy,N,27.786000,-172.47915649414062,-27.533224107728188
rr_fy,N,27.819000,-246.8726043701172,-42.31705759398147
rr_fy,N,27.885000,-310.9668884277344,-57.85034508682592
rr_fy,N,27.918000,-311.2005615234375,-57.855240843007216
rr_fy,N,27.951000,-292.50714111328125,-53.10477295025524
rr_fy,N,28.017000,-199.5210723876953,-33.02859406743474
rr_fy,N,28.083000,-104.9012222290039,-15.97623672272191
rr_fy,N,28.116000,-74.76455688476562,-11.436620656792085
rr_fy,N,28.149000,-55.14629364013672,-8.386148570016307
rr_fy,N,28.215000,-90.94657135009766,-14.003448248427086
rr_fy,N,28.281000,-166.26380920410156,-26.56022149115906
rr_fy,N,28.314000,-204.0211944580078,-33.55883844017878
rr_fy,N,28.347000,-235.68270874023438,-39.75915961395572
rr_fy,N,28.413000,-251.41868591308594,-42.95075941188902
rr_fy,N,28.479000,-165.0703582763672,-26.276771834066064
rr_fy,N,28.512000,-70.35601806640625,-10.256539121660428
rr_fy,N,28.545000,35.713626861572266,5.128914031869918
rr_fy,N,28.611000,155.33697509765625,23.981836712769457
rr_fy,N,28.677000,140.05630493164062,21.34208614193651
rr_fy,N,28.710000,94.96372985839844,13.927569157404525
rr_fy,N,28.743000,28.472816467285156,4.030872992483209
rr_fy,N,28.809000,-124.67404174804688,-18.4441381422931
rr_fy,N,28.875000,-180.89035034179688,-27.59254290443101
rr_fy,N,28.941000,-184.38601684570312,-28.11581874015601
rr_fy,N,29.007000,-101.54979705810547,-14.796672223945345
rr_fy,N,29.040000,-18.760610580444336,-2.615427394882173
rr_fy,N,29.073000,73.06024932861328,10.531110000431218
rr_fy,N,29.139000,218.4179229736328,35.43200394341575
rr_fy,N,29.205000,268.79278564453125,45.44608449603802
rr_fy,N,29.238000,264.7437744140625,44.654714819055584
rr_fy,N,29.271000,233.18011474609375,38.17917578300519
rr_fy,N,29.304000,182.09458923339844,29.331144983151464
rr_fy,N,29.337000,102.2317123413086,15.609419712063401
rr_fy,N,29.403000,-62.011165618896484,-9.178967427644944
rr_fy,N,29.436000,-94.15008544921875,-13.586957055436656
rr_fy,N,29.469000,-105.256591796875,-15.46921607459423
rr_fy,N,29.502000,-97.83719635009766,-14.269645699700924
rr_fy,N,29.535000,-77.10022735595703,-11.129462758755215
rr_fy,N,29.601000,43.189029693603516,6.098236347437583
rr_fy,N,29.634000,121.90530395507812,18.10869542051611
rr_fy,N,29.667000,192.40008544921875,30.06700824247845
rr_fy,N,29.733000,270.2427978515625,46.05690648477022
rr_fy,N,29.799000,249.8686981201172,41.57295247999775
rr_fy,N,29.898000,52.11019515991211,7.285085833215402
rr_fy,N,30.030000,-269.8099670410156,-45.23603513809316
rr_fy,N,30.195000,-340.0498352050781,-62.937859839832186
rr_fy,N,30.360000,-66.4823226928711,-9.471229354144818
rr_fy,N,30.525000,289.1025695800781,51.26442974929185
rr_fy,N,30.690000,212.7217559814453,34.91079844370055
rr_fy,N,30.855000,-269.263916015625,-46.943066492541774
rr_fy,N,31.020000,-349.6773681640625,-68.81521304134432
rr_fy,N,31.185000,-6.926549911499023,-1.0107735989395144
rr_fy,N,31.350000,426.3973388671875,96.64815743709447
rr_fy,N,31.482000,464.12872314453125,119.13094362534831
rr_fy,N,31.647000,341.36065673828125,64.59502542419418
rr_fy,N,31.713000,86.3516616821289,12.647737063085707
rr_fy,N,31.746000,-74.096435546875,-10.743637409961407
rr_fy,N,31.779000,-189.95037841796875,-30.339631539060058
rr_fy,N,31.845000,-319.1353759765625,-58.05859974121258
rr_fy,N,31.911000,-362.7436828613281,-69.82892516935924
rr_fy,N,31.944000,-355.5159912109375,-67.39158152132667
rr_fy,N,31.977000,-328.1138916015625,-59.623767857040136
rr_fy,N,32.043000,-212.17625427246094,-33.216573838030506
rr_fy,N,32.076000,-150.0792999267578,-22.16131370386208
rr_fy,N,32.109000,-91.13709259033203,-12.861216782190448
rr_fy,N,32.175000,23.928855895996094,3.2238314821722023
rr_fy,N,32.241000,101.7048110961914,14.649897602722074
rr_fy,N,32.274000,100.548095703125,14.51900002128961
rr_fy,N,32.307000,69.66321563720703,9.847519980455496
rr_fy,N,32.340000,3.4488894939422607,0.47233547620233746
rr_fy,N,32.373000,-89.81462860107422,-13.09776172236926
rr_fy,N,32.439000,-254.80247497558594,-42.32187064020264
rr_fy,N,32.472000,-307.9534912109375,-54.45834658085533
rr_fy,N,32.505000,-351.4967041015625,-66.3119515606959
rr_fy,N,32.538000,-365.9633483886719,-70.55890068096105
rr_fy,N,32.571000,-368.1590576171875,-71.39100998177283
rr_fy,N,32.637000,-350.5541687011719,-66.50360949619505
rr_fy,N,32.670000,-325.2626037597656,-59.63309241338876
rr_fy,N,32.703000,-273.2554931640625,-47.133841211899224
rr_fy,N,32.769000,-58.35462951660156,-8.538413257389534
rr_fy,N,32.835000,204.90890502929688,32.87513985640173
rr_fy,N,32.868000,281.45782470703125,48.687891881218206
rr_fy,N,32.901000,327.0320739746094,59.36191584992208
rr_fy,N,32.967000,357.3762512207031,67.49369313116574
rr_fy,N,33.033000,339.7564392089844,62.640036934050826
rr_fy,N,33.066000,302.80938720703125,53.24125614252116
rr_fy,N,33.099000,240.69175720214844,39.60260128632358
rr_fy,N,33.165000,96.39968872070312,14.036003587289684
rr_fy,N,33.231000,-37.4090461730957,-5.190840857348058
rr_fy,N,33.264000,-56.25263595581055,-7.948728424607093
rr_fy,N,33.297000,-42.792137145996094,-6.000227593624971
rr_fy,N,33.330000,5.75399923324585,0.7923542520671616
rr_fy,N,33.396000,139.9820098876953,21.0851201430989
rr_fy,N,33.429000,198.49667358398438,31.490830899288895
rr_fy,N,33.462000,234.62811279296875,38.50726341015771
rr_fy,N,33.495000,249.7103729248047,41.4249774217897
rr_fy,N,33.561000,207.7894287109375,33.069975992065274
rr_fy,N,33.594000,152.76626586914062,23.209145400422226
rr_fy,N,33.627000,73.17699432373047,10.32839917688893
rr_fy,N,33.660000,-37.345237731933594,-5.121888399667499
rr_fy,N,33.693000,-144.43324279785156,-21.398229731118672
rr_fy,N,33.759000,-280.4461669921875,-47.68862510644707
rr_fy,N,33.792000,-322.4123840332031,-57.7497949497678
rr_fy,N,33.825000,-352.7279357910156,-66.02615167570228
rr_fy,N,33.891000,-373.0849304199219,-72.18473746376351
rr_fy,N,33.957000,-333.6094055175781,-60.91540335489155
rr_fy,N,33.990000,-281.1892395019531,-48.14304931560441
rr_fy,N,34.023000,-211.67144775390625,-33.98038136684389
rr_fy,N,34.089000,-41.52970886230469,-5.934164210315905
rr_fy,N,34.155000,38.15274429321289,5.43637699690633
rr_fy,N,34.188000,43.5305061340332,6.261099610729398
rr_fy,N,34.221000,32.66352081298828,4.713637690929685
rr_fy,N,34.287000,-32.55021667480469,-4.8142938203357355
rr_fy,N,34.353000,-37.37781524658203,-5.598259553293273
rr_fy,N,34.386000,-21.836851119995117,-3.2727114519764786
rr_fy,N,34.551000,165.14019775390625,26.825347197311455
rr_fy,N,34.716000,143.10910034179688,23.257500228038165
rr_fy,N,34.881000,166.96144104003906,27.53625837139417
rr_fy,N,35.046000,134.832763671875,21.82394231621274
rr_fy,N,35.211000,134.1460723876953,21.49268197789471
rr_fy,N,35.376000,-17.3931827545166,-2.6931891419371747
rr_fy,N,35.541000,144.8581085205078,23.354548295339388
rr_fy,N,35.706000,121.3036117553711,18.82631548933516
rr_fy,N,35.871000,-170.0669708251953,-26.455766139982746
rr_fy,N,36.036000,4.434863567352295,0.6237757450839773
rr_fy,N,36.201000,168.01138305664062,25.625867880036953
rr_fy,N,36.333000,-22.481151580810547,-3.0316375514071856
rr_fy,N,36.399000,-151.16708374023438,-22.663929474449564
rr_fy,N,36.432000,-184.43267822265625,-28.497278672208637
rr_fy,N,36.465000,-201.61843872070312,-31.619925185756355
rr_fy,N,36.531000,-209.34738159179688,-33.127148012910475
rr_fy,N,36.564000,-183.27076721191406,-28.28263657689655
rr_fy,N,36.597000,-135.69082641601562,-20.047516208368744
rr_fy,N,36.630000,-59.19923400878906,-8.303751578002903
rr_fy,N,36.663000,41.54690933227539,5.788355017713082
rr_fy,N,36.729000,209.1212158203125,33.54307338603317
rr_fy,N,36.762000,270.42791748046875,46.4428769971444
rr_fy,N,36.795000,314.8588562011719,56.98539079488465
rr_fy,N,36.828000,335.54534912109375,62.12425428718739
rr_fy,N,36.861000,359.45977783203125,69.08092932158071
rr_fy,N,36.927000,359.7113952636719,69.5989256248725
rr_fy,N,36.960000,367.815673828125,71.94794748002437
rr_fy,N,36.993000,345.01092529296875,65.50570420073844
rr_fy,N,37.059000,221.78294372558594,36.673407314390715
rr_fy,N,37.125000,-2.3643088340759277,-0.34329768004848166
rr_fy,N,37.158000,-83.8750991821289,-12.468690173097103
rr_fy,N,37.191000,-124.6818618774414,-18.81800908857065
rr_fy,N,37.257000,-105.7439193725586,-16.05332899166588
rr_fy,N,37.323000,-20.979581832885742,-3.0803634499374275
rr_fy,N,37.356000,44.166046142578125,6.507685158752165
rr_fy,N,37.389000,118.5595703125,18.26377848158625
rr_fy,N,37.455000,266.3921813964844,46.987967040439976
rr_fy,N,37.521000,366.0450439453125,73.5744813513355
rr_fy,N,37.587000,416.3282470703125,93.60642752997555
rr_fy,N,37.653000,451.73492431640625,109.14786480089474
rr_fy,N,37.686000,441.7155456542969,110.06020626183965
rr_fy,N,37.719000,450.7166748046875,114.91052805634803
rr_fy,N,37.785000,454.5413818359375,117.64739789761222
rr_fy,N,37.851000,452.82379150390625,117.7315462550654
rr_fy,N,37.884000,453.6369934082031,118.01429028719764
rr_fy,N,37.917000,454.5624694824219,117.97244890118891
rr_fy,N,37.983000,456.41668701171875,114.24135539360074
rr_fy,N,38.049000,451.286865234375,110.03508797018006
rr_fy,N,38.082000,449.1813659667969,107.58131426863369
rr_fy,N,38.115000,456.4466857910156,112.45222025679404
rr_fy,N,38.181000,449.7475280761719,106.49434979846664
rr_fy,N,38.247000,450.3810119628906,105.399116900054
rr_fy,N,38.280000,450.9639892578125,105.19052586739299
rr_fy,N,38.313000,453.040283203125,105.63312749283129
rr_fy,N,38.379000,459.185302734375,107.79221278492135
rr_fy,N,38.445000,450.8630065917969,105.33049652546035
rr_fy,N,38.511000,464.2562561035156,107.1110057523783
rr_fy,N,38.577000,453.5879211425781,103.3045610000675
rr_fy,N,38.643000,444.8357849121094,101.09935817378923
rr_fy,N,38.709000,429.5884704589844,94.80484731593768
rr_fy,N,38.775000,435.8939208984375,95.27300853943281
rr_fy,N,38.841000,425.466064453125,91.50762811418257
rr_fy,N,38.907000,418.7420654296875,88.9477593546852
rr_fy,N,38.973000,405.3616943359375,84.66460830015596
rr_fy,N,39.039000,393.6307678222656,80.62580200175178
rr_fy,N,39.105000,363.7120666503906,72.8533812696475
rr_fy,N,39.171000,370.7929382324219,73.9385674485759
rr_fy,N,39.204000,368.3706359863281,73.37245179349257
rr_fy,N,39.237000,350.4238586425781,67.76556667474776
rr_fy,N,39.303000,330.0947265625,62.061453565788334
rr_fy,N,39.369000,280.8091735839844,50.256690882564435
rr_fy,N,39.402000,241.43270874023438,41.793447951106714
rr_fy,N,39.435000,186.98365783691406,30.55864297568697
rr_fy,N,39.501000,75.23175048828125,11.492009200995394
rr_fy,N,39.567000,46.7190055847168,7.068800392923569
rr_fy,N,39.600000,70.01911163330078,10.714095393963667
rr_fy,N,39.633000,110.39706420898438,16.904852325854065
rr_fy,N,39.699000,198.42071533203125,32.34946367755444
rr_fy,N,39.765000,230.2393341064453,38.64234709359502
rr_fy,N,39.831000,180.2748260498047,29.03148619803204
rr_fy,N,39.897000,88.87273406982422,13.670284972653059
rr_fy,N,39.963000,50.90203094482422,7.727685243032693
rr_fy,N,40.029000,95.02407836914062,14.721939201956463
rr_fy,N,40.095000,169.78851318359375,27.400723537546558
rr_fy,N,40.161000,183.1332550048828,30.05090315361464
rr_fy,N,40.227000,111.64555358886719,17.341418652786317
rr_fy,N,40.293000,-4.905630111694336,-0.7389293005086911
rr_fy,N,40.326000,-59.981380462646484,-9.179923287180145
rr_fy,N,40.359000,-96.08074188232422,-14.988228893236943
rr_fy,N,40.425000,-103.66834259033203,-16.16090947211811
rr_fy,N,40.491000,-71.96234130859375,-11.247043894798866
rr_fy,N,40.524000,-35.30671691894531,-5.498856366945465
rr_fy,N,40.557000,15.784806251525879,2.462627214148345
rr_fy,N,40.623000,142.46875,23.170787479054173
rr_fy,N,40.689000,256.6466369628906,45.92229329686988
rr_fy,N,40.722000,281.7745361328125,52.05769684666639
rr_fy,N,40.755000,297.9827880859375,56.06009362080766
rr_fy,N,40.821000,320.9644470214844,63.00037855502098
rr_fy,N,40.887000,258.791748046875,46.971890930395986
rr_fy,N,40.953000,208.3106231689453,36.23302433002635
rr_fy,N,41.019000,129.1736297607422,20.81239292123401
rr_fy,N,41.085000,15.80288314819336,2.4818883519416604
rr_fy,N,41.118000,-34.39710998535156,-5.539810891882791
rr_fy,N,41.151000,-65.80461883544922,-10.628755667637732
rr_fy,N,41.217000,-65.56683349609375,-10.51324259150799
rr_fy,N,41.283000,-43.91313934326172,-6.921045164180141
rr_fy,N,41.316000,-51.148014068603516,-8.022173296618222
rr_fy,N,41.349000,-68.96626281738281,-10.798457521765112
rr_fy,N,41.415000,-112.93314361572266,-17.812070177943337
rr_fy,N,41.481000,-166.77764892578125,-26.861861487967534
rr_fy,N,41.514000,-177.29624938964844,-28.681264779882227
rr_fy,N,41.547000,-178.12123107910156,-28.74886818802056
rr_fy,N,41.613000,-162.03575134277344,-25.290580364452737
rr_fy,N,41.646000,-145.65670776367188,-22.33735401588834
rr_fy,N,41.679000,-130.29310607910156,-19.55923008149923
rr_fy,N,41.745000,-119.07876586914062,-17.56765170088992
rr_fy,N,41.811000,-119.34234619140625,-17.590602431379015
rr_fy,N,41.844000,-120.33056640625,-17.76766667121393
rr_fy,N,41.877000,-121.49947357177734,-17.71031929531306
rr_fy,N,41.943000,-118.6036148071289,-17.076308944609618
rr_fy,N,42.042000,-101.70121765136719,-14.92298222580755
rr_fy,N,42.075000,-50.19719696044922,-7.167884985044279
rr_fy,N,42.141000,3.720090389251709,0.5332282100678037
rr_fy,N,42.207000,30.436119079589844,4.444128643296672
rr_fy,N,42.240000,50.595848083496094,7.51390221973563
rr_fy,N,42.273000,85.10916137695312,12.86959942337361
rr_fy,N,42.339000,147.35935974121094,22.915824477119592
rr_fy,N,42.405000,167.08511352539062,26.215415644544553
rr_fy,N,42.438000,152.63804626464844,23.533492415597888
rr_fy,N,42.471000,132.08047485351562,20.041551318497042
rr_fy,N,42.537000,93.9958724975586,13.912389171874437
rr_fy,N,42.603000,72.12476348876953,10.632909813162309
rr_fy,N,42.669000,103.95064544677734,15.669459372166392
rr_fy,N,42.735000,147.7391815185547,22.79422839413126
rr_fy,N,42.801000,180.17774963378906,28.509598962294426
rr_fy,N,42.867000,228.51651000976562,38.00234913054069
rr_fy,N,42.933000,275.00982666015625,47.685986249158645
rr_fy,N,42.966000,298.45343017578125,53.11744708497961
rr_fy,N,42.999000,308.31988525390625,55.698104730770396
rr_fy,N,43.065000,309.4415588378906,55.95626734840339
rr_fy,N,43.131000,297.614990234375,53.19859321931032
rr_fy,N,43.164000,291.7796630859375,51.855026199593524
rr_fy,N,43.197000,286.9910583496094,50.71531591678289
rr_fy,N,43.230000,288.5898742675781,51.13147295205104
rr_fy,N,43.263000,295.4422912597656,52.86270289384912
rr_fy,N,43.329000,318.78228759765625,58.66212017916935
rr_fy,N,43.362000,331.6905212402344,62.00555903133125
rr_fy,N,43.395000,348.0894775390625,66.81760879538453
rr_fy,N,43.428000,355.6590576171875,68.78507338064344
rr_fy,N,43.461000,383.5880126953125,77.88621296822613
rr_fy,N,43.527000,403.231201171875,84.8466424819001
rr_fy,N,43.560000,413.8617248535156,88.91409569770211
rr_fy,N,43.593000,423.20843505859375,92.95326001449605
rr_fy,N,43.626000,432.3475646972656,96.76403735870775
rr_fy,N,43.659000,446.99066162109375,104.35470941244961
rr_fy,N,43.725000,449.83984375,107.34844615639669
rr_fy,N,43.791000,449.9541931152344,105.53706467316599
rr_fy,N,43.824000,448.1833190917969,104.81394702607714
rr_fy,N,43.923000,441.74969482421875,101.37531494360002
rr_fy,N,44.088000,416.2826843261719,90.52991981514234
rr_fy,N,44.154000,405.224853515625,86.01279224224913
rr_fy,N,44.220000,381.788818359375,77.67135299325743
rr_fy,N,44.385000,333.5560607910156,63.62516428944127
rr_fy,N,44.550000,308.5760803222656,56.78692587921942
rr_fy,N,44.649000,282.8755187988281,51.140179242994925
rr_fy,N,44.715000,270.6522521972656,48.08394341341849
rr_fy,N,44.781000,254.55059814453125,44.697744227342355
rr_fy,N,44.847000,224.8181610107422,38.5109934887812
rr_fy,N,44.880000,206.42230224609375,34.8507258252396
rr_fy,N,44.979000,180.6949462890625,29.87242353507933
rr_fy,N,45.045000,201.94854736328125,33.584829953021455
rr_fy,N,45.078000,230.02394104003906,39.671574314866135
rr_fy,N,45.111000,240.8578643798828,42.24614523904757
rr_fy,N,45.177000,227.5457763671875,39.564343592966694
rr_fy,N,45.210000,192.65127563476562,32.68247899471306
rr_fy,N,45.243000,139.3535614013672,22.767391752765832
rr_fy,N,45.309000,32.216514587402344,4.918177796806346
rr_fy,N,45.375000,3.180612564086914,0.502944792636631
rr_fy,N,45.408000,37.14426040649414,5.691511245091114
rr_fy,N,45.441000,69.77713775634766,10.940613494272007
rr_fy,N,45.507000,153.49990844726562,25.256442626613588
rr_fy,N,45.573000,198.12013244628906,33.57567318934498
rr_fy,N,45.606000,195.44847106933594,33.30893910839259
rr_fy,N,45.705000,129.99087524414062,20.871989342159956
rr_fy,N,45.771000,96.90388488769531,15.555465776992351
rr_fy,N,45.837000,114.60195922851562,18.28458581371861
rr_fy,N,45.903000,178.4368133544922,30.460365143428902
rr_fy,N,45.969000,233.37548828125,41.14573471881696
rr_fy,N,46.035000,265.7997131347656,48.08227183631325
rr_fy,N,46.101000,258.1629943847656,46.89792497652567
rr_fy,N,46.167000,235.0843505859375,41.23039138584471
rr_fy,N,46.233000,234.30113220214844,40.33318836305137
rr_fy,N,46.299000,252.95709228515625,44.282815128520596
rr_fy,N,46.365000,282.0332946777344,51.00426838404509
rr_fy,N,46.431000,303.71221923828125,56.178233299182274
rr_fy,N,46.497000,265.1898193359375,46.43255065999418
rr_fy,N,46.530000,223.98104858398438,36.62799958850068
rr_fy,N,46.563000,168.07382202148438,26.310702594217858
rr_fy,N,46.629000,86.63238525390625,12.821492396114374
rr_fy,N,46.695000,37.17576599121094,5.287185899026189
rr_fy,N,46.728000,0.573545515537262,0.08119385854273693
rr_fy,N,46.761000,-43.311561584472656,-6.0678139376323585
rr_fy,N,46.827000,-136.61817932128906,-20.012089021975783
rr_fy,N,46.893000,-210.91937255859375,-33.4005018075763
rr_fy,N,46.926000,-221.3942413330078,-35.828755903310146
rr_fy,N,46.959000,-216.6567840576172,-34.71579982989762
rr_fy,N,47.025000,-211.97320556640625,-33.41024719976707
rr_fy,N,47.091000,-220.9323272705078,-35.88256517363259
rr_fy,N,47.124000,-220.39305114746094,-35.164990256011656
rr_fy,N,47.157000,-225.66380310058594,-36.42555876738525
rr_fy,N,47.223000,-211.3072052001953,-33.80493193728719
rr_fy,N,47.289000,-181.28182983398438,-28.31376086805645
rr_fy,N,47.355000,-151.54933166503906,-22.907086957688104
rr_fy,N,47.421000,-170.49819946289062,-26.355311584465532
rr_fy,N,47.487000,-211.8368377685547,-33.97839242010461
rr_fy,N,47.553000,-210.36837768554688,-34.19936336214427
rr_fy,N,47.619000,-168.75180053710938,-26.424983147244138
rr_fy,N,47.685000,-117.48528289794922,-17.755205829351883
rr_fy,N,47.751000,-73.71936798095703,-10.808812679545577
rr_fy,N,47.817000,-45.295814514160156,-6.574347867169285
rr_fy,N,47.850000,-51.01152801513672,-7.339738718998664
rr_fy,N,47.883000,-59.840736389160156,-8.727782792462255
rr_fy,N,47.949000,-51.84498977661133,-7.454401269157603
rr_fy,N,48.015000,-39.86166000366211,-5.63215899867388
rr_fy,N,48.048000,-33.20924377441406,-4.707302505321224
rr_fy,N,48.081000,-22.5756778717041,-3.149397336884004
rr_fy,N,48.147000,12.729945182800293,1.7698696931106688
rr_fy,N,48.213000,36.964393615722656,5.009089422499421
rr_fy,N,48.246000,28.8298282623291,3.923347015601496
rr_fy,N,48.279000,13.504045486450195,1.8286066010180648
rr_fy,N,48.345000,-23.293617248535156,-3.2001252683407526
rr_fy,N,48.411000,-45.97234344482422,-6.357694179446956
rr_fy,N,48.444000,-44.61738204956055,-6.249392671812294
rr_fy,N,48.477000,-33.37808609008789,-4.668079456188845
rr_fy,N,48.543000,21.055295944213867,2.9045483508106256
rr_fy,N,48.609000,61.299591064453125,8.695132750824325
rr_fy,N,48.675000,12.787266731262207,1.7673415263772323
rr_fy,N,48.741000,-93.00293731689453,-13.635597066392886
rr_fy,N,48.807000,-174.3376007080078,-26.747871620828164
rr_fy,N,48.873000,-177.68222045898438,-27.551114194804732
rr_fy,N,48.939000,-88.00460815429688,-12.891495112867128
rr_fy,N,49.005000,30.830198287963867,4.473717466312817
rr_fy,N,49.071000,47.61446762084961,6.879333382628642
rr_fy,N,49.137000,20.27483367919922,2.9057066783566485
rr_fy,N,49.170000,-14.13092041015625,-2.046515560180866
rr_fy,N,49.203000,-67.31021118164062,-9.86854754432583
rr_fy,N,49.269000,-195.64906311035156,-31.368032675662874
rr_fy,N,49.335000,-305.1927795410156,-54.86417685183522
rr_fy,N,49.368000,-343.9834289550781,-65.41069089342263
rr_fy,N,49.401000,-392.9424133300781,-81.43539894774828
rr_fy,N,49.467000,-426.3272705078125,-97.1646811235534
rr_fy,N,49.533000,-459.1823425292969,-116.53410034578198
rr_fy,N,49.566000,-461.37469482421875,-121.6866550931781
rr_fy,N,49.599000,-461.0811462402344,-125.5936401255731
rr_fy,N,49.665000,-448.3747253417969,-126.82946017653758
rr_fy,N,49.731000,-462.1594543457031,-134.22076194152493
rr_fy,N,49.764000,-467.1731262207031,-136.83127588943495
rr_fy,N,49.797000,-455.9189453125,-133.99035961480087
rr_fy,N,49.863000,-509.94024658203125,-150.56810847789072
rr_fy,N,49.929000,-463.4542236328125,-127.97873244445302
rr_fy,N,49.962000,-482.53692626953125,-128.8330458079191
rr_fy,N,49.995000,-470.8936767578125,-120.54997695857676
rr_fy,N,50.061000,-442.0615234375,-102.9661446911881
rr_fy,N,50.127000,-402.9150390625,-85.16667360074698
rr_fy,N,50.160000,-383.56500244140625,-77.90959137273947
rr_fy,N,50.193000,-372.2534484863281,-73.64472018736065
rr_fy,N,50.259000,-347.3389587402344,-66.11546721250967
rr_fy,N,50.325000,-330.2583312988281,-61.412456343685605
rr_fy,N,50.358000,-342.530517578125,-65.08828315249862
rr_fy,N,50.391000,-333.0904541015625,-62.98665812180992
rr_fy,N,50.490000,-284.09002685546875,-51.7595409291134
rr_fy,N,50.523000,-243.6377716064453,-41.73512925655083
rr_fy,N,50.589000,-126.29750061035156,-19.63202812256339
rr_fy,N,50.655000,-57.05561065673828,-8.66574890891817
rr_fy,N,50.688000,-40.577850341796875,-6.1335922465323
rr_fy,N,50.721000,-34.38655471801758,-5.185500292948451
rr_fy,N,50.787000,-66.37139129638672,-10.177159468940143
rr_fy,N,50.853000,-76.1312026977539,-11.88019536657056
rr_fy,N,50.886000,-68.53853607177734,-10.615148800965155
rr_fy,N,50.919000,-58.552879333496094,-9.00330999665611
rr_fy,N,50.985000,-42.24077606201172,-6.386695495359506
rr_fy,N,51.051000,-77.17096710205078,-11.681546467699942
rr_fy,N,51.084000,-103.4306411743164,-15.907685949040905
rr_fy,N,51.117000,-119.5198745727539,-18.64607966129227
rr_fy,N,51.183000,-98.73621368408203,-15.40108281625224
rr_fy,N,51.249000,-5.557025909423828,-0.8409045394409584
rr_fy,N,51.315000,86.92987060546875,13.47604327508245
rr_fy,N,51.381000,171.70994567871094,27.621551904450435
rr_fy,N,51.447000,204.4746551513672,33.916732869094126
rr_fy,N,51.513000,212.3496856689453,35.03009451121612
rr_fy,N,51.579000,169.7226104736328,26.9514195680864
rr_fy,N,51.645000,139.03738403320312,21.55766721540042
rr_fy,N,51.711000,118.09239196777344,17.854264677603314
rr_fy,N,51.777000,117.05684661865234,17.43959205367203
rr_fy,N,51.810000,115.90670013427734,17.111278706816098
rr_fy,N,51.843000,112.91344451904297,16.613440881141923
rr_fy,N,51.909000,113.19783020019531,16.71184010621415
rr_fy,N,51.975000,117.20992279052734,17.26623408179814
rr_fy,N,52.008000,100.79004669189453,14.603447267238712
rr_fy,N,52.041000,79.85148620605469,11.35965753385413
rr_fy,N,52.107000,46.21010208129883,6.546932015032331
rr_fy,N,52.173000,32.902793884277344,4.798361075682986
rr_fy,N,52.206000,23.210430145263672,3.4096263460402882
rr_fy,N,52.239000,12.48067855834961,1.8474420646711713
rr_fy,N,52.305000,-6.578462600708008,-0.9899580440885094
rr_fy,N,52.371000,-49.265106201171875,-7.45301652655689
rr_fy,N,52.404000,-54.46388626098633,-8.225409535293725
rr_fy,N,52.437000,-50.731788635253906,-7.614559847747463
rr_fy,N,52.503000,-36.9869499206543,-5.588965980294087
rr_fy,N,52.569000,-81.96675872802734,-12.313154098655833
rr_fy,N,52.602000,-120.42058563232422,-18.233973889077227
rr_fy,N,52.635000,-161.3443603515625,-24.948070090335726
rr_fy,N,52.701000,-221.2206573486328,-35.671544396632996
rr_fy,N,52.767000,-218.88587951660156,-35.06551606548843
rr_fy,N,52.833000,-153.74551391601562,-23.63129737390502
rr_fy,N,52.899000,-86.9308853149414,-12.833438769313313
rr_fy,N,52.965000,-92.51355743408203,-13.773479951081528
rr_fy,N,53.031000,-159.19863891601562,-24.82359353149586
rr_fy,N,53.097000,-225.10031127929688,-37.19763278442078
rr_fy,N,53.130000,-245.79273986816406,-41.459463096556256
rr_fy,N,53.163000,-258.9986877441406,-44.251829345161674
rr_fy,N,53.229000,-251.32998657226562,-42.618258816575356
rr_fy,N,53.295000,-214.7730255126953,-35.264530345982266
rr_fy,N,53.328000,-212.78427124023438,-34.984932810315264
rr_fy,N,53.361000,-233.4535369873047,-39.39801646071882
rr_fy,N,53.427000,-268.00213623046875,-47.1400606678088
rr_fy,N,53.493000,-321.63140869140625,-60.7120921875131
rr_fy,N,53.526000,-333.9911804199219,-64.1015533471101
rr_fy,N,53.559000,-346.5268859863281,-67.62538161966452
rr_fy,N,53.691000,-305.32452392578125,-55.73631338194564
rr_fy,N,53.724000,-282.39642333984375,-50.101354518558
rr_fy,N,53.757000,-263.2274475097656,-45.569434299082225
rr_fy,N,53.823000,-266.2509765625,-46.47303092699058
rr_fy,N,53.889000,-284.1736755371094,-50.23588424574661
rr_fy,N,53.955000,-311.1434631347656,-56.64980267017774
rr_fy,N,54.021000,-346.2841491699219,-66.40268686708568
rr_fy,N,54.087000,-375.25909423828125,-75.46665204278145
rr_fy,N,54.219000,-423.1708984375,-91.82163002797756
rr_fy,N,54.285000,-423.0010070800781,-91.76813880032768
rr_fy,N,54.351000,-418.62664794921875,-90.63609627937419
rr_fy,N,54.417000,-420.97698974609375,-91.53256789497975
rr_fy,N,54.450000,-427.5873107910156,-93.33244342037501
rr_fy,N,54.483000,-426.07574462890625,-91.834767097726
rr_fy,N,54.549000,-413.0344543457031,-86.98345326268527
rr_fy,N,54.615000,-413.43817138671875,-86.45872228099988
rr_fy,N,54.648000,-402.5556335449219,-82.59027902219047
rr_fy,N,54.681000,-392.30596923828125,-79.09293523422139
rr_fy,N,54.747000,-375.6620788574219,-73.5859891150874
rr_fy,N,54.813000,-360.2386779785156,-68.86799267532
rr_fy,N,54.846000,-334.13983154296875,-61.40426400729686
rr_fy,N,54.945000,-290.6935119628906,-50.305868038741195
rr_fy,N,55.011000,-278.0061340332031,-47.526479388524
rr_fy,N,55.044000,-266.8027038574219,-45.01086217262713
rr_fy,N,55.077000,-251.3402862548828,-41.960674642453235
rr_fy,N,55.143000,-170.60848999023438,-26.29510130325097
rr_fy,N,55.209000,-93.66754150390625,-13.53625492066249
rr_fy,N,55.275000,-88.44255065917969,-12.636466999918913
rr_fy,N,55.341000,-133.40267944335938,-19.718177430258237
rr_fy,N,55.407000,-194.19839477539062,-30.161481536922487
rr_fy,N,55.473000,-199.6656036376953,-31.285619631569
rr_fy,N,55.539000,-132.53799438476562,-19.577340388520422
rr_fy,N,55.605000,-66.40802001953125,-9.351227674081866
rr_fy,N,55.671000,-42.2581672668457,-5.877537967676732
rr_fy,N,55.737000,-40.88737869262695,-5.791059764496364
rr_fy,N,55.770000,-62.22639083862305,-8.902124407355808
rr_fy,N,55.803000,-86.24420166015625,-12.464777283905136
rr_fy,N,55.869000,-90.36617279052734,-13.12544855569186
rr_fy,N,55.935000,-81.8682632446289,-11.801299306850503
rr_fy,N,55.968000,-95.00187683105469,-13.774791129035382
rr_fy,N,56.001000,-114.57389831542969,-16.754640142601964
rr_fy,N,56.067000,-110.97286987304688,-16.244189123671205
rr_fy,N,56.133000,-94.2267074584961,-13.672908125828128
rr_fy,N,56.166000,-87.24789428710938,-12.609990945126338
rr_fy,N,56.199000,-84.9521713256836,-12.267528138905705
rr_fy,N,56.265000,-123.5217056274414,-18.271900707206285
rr_fy,N,56.331000,-175.76629638671875,-27.0471682088989
rr_fy,N,56.364000,-198.41586303710938,-31.281284868084086
rr_fy,N,56.397000,-211.19969177246094,-33.63932778816816
rr_fy,N,56.463000,-188.1289520263672,-29.359552453092498
rr_fy,N,56.529000,-150.70181274414062,-22.67956320581628
rr_fy,N,56.595000,-132.1528778076172,-19.706044146923926
rr_fy,N,56.661000,-154.4309844970703,-23.215641544184738
rr_fy,N,56.727000,-200.71510314941406,-31.456648913494337
rr_fy,N,56.793000,-218.3203887939453,-34.76322388086312
rr_fy,N,56.859000,-182.3304443359375,-28.121108174572903
rr_fy,N,56.925000,-129.3032989501953,-18.74471570504954
rr_fy,N,56.991000,-137.3359832763672,-20.39770936204604
rr_fy,N,57.057000,-134.9554443359375,-19.842300880612505
rr_fy,N,57.090000,-118.88809204101562,-17.30816433383746
rr_fy,N,57.123000,-104.13629150390625,-15.109841196275953
rr_fy,N,57.156000,-104.80804443359375,-15.146562019512674
rr_fy,N,57.189000,-113.8829574584961,-16.568274992163882
rr_fy,N,57.255000,-93.64930725097656,-13.526894208140426
rr_fy,N,57.288000,-78.93439483642578,-11.241413201752584
rr_fy,N,57.321000,-67.09351348876953,-9.469981285903225
rr_fy,N,57.354000,-61.38949203491211,-8.702717100728355
rr_fy,N,57.387000,-59.40693664550781,-8.362510918636957
rr_fy,N,57.453000,-97.11299133300781,-13.83128182300065
rr_fy,N,57.519000,-129.9464111328125,-19.34138510962347
rr_fy,N,57.684000,60.620147705078125,8.556413029948159
rr_fy,N,57.849000,-8.216726303100586,-1.119423225753108
rr_fy,N,58.014000,-167.1743927001953,-25.420668816405335
rr_fy,N,58.179000,27.60761260986328,3.8501656047294235
rr_fy,N,58.344000,-74.37427520751953,-10.737649930778204
rr_fy,N,58.509000,-195.85484313964844,-30.971121082778303
rr_fy,N,58.674000,-146.46649169921875,-22.30846248970168
rr_fy,N,58.839000,-238.37515258789062,-39.07515174675173
rr_fy,N,59.004000,-182.16290283203125,-28.529209376908653
rr_fy,N,59.169000,-237.12240600585938,-38.850363774178376
rr_fy,N,59.334000,-278.4014892578125,-47.31091342394206
rr_fy,N,59.499000,-198.119140625,-30.940961254581037
rr_fy,N,59.664000,-307.0663146972656,-53.81613085023463
rr_fy,N,59.829000,-323.7527160644531,-58.070795455774416
rr_fy,N,59.993999,-198.7954559326172,-30.799966632423722
rr_fy,N,60.159000,-288.552490234375,-49.67876888798659
rr_fy,N,60.324000,-220.2916259765625,-35.14989521318033
rr_fy,N,60.489000,-44.2581901550293,-6.164787609177555
rr_fy,N,60.654000,-103.01988983154297,-14.8931315074624
rr_fy,N,60.819000,84.0882339477539,12.294811757173173
rr_fy,N,60.983999,-83.13243103027344,-12.104566820285514
rr_fy,N,61.149000,-70.25841522216797,-10.217222624117346
rr_fy,N,61.314000,56.43903350830078,8.282192147705668
rr_fy,N,61.479000,-91.49909973144531,-13.756292948091438
rr_fy,N,61.644000,-224.37246704101562,-37.08979728105954
rr_fy,N,61.809000,-65.87459564208984,-9.794511574980543
rr_fy,N,61.974000,-180.7476806640625,-30.61584462945573
rr_fy,N,62.139000,-203.69215393066406,-33.456529569154526
rr_fy,N,62.304000,-98.79621887207031,-15.391743913197855
rr_fy,N,62.469000,-200.7790069580078,-33.797423516718105
rr_fy,N,62.634000,-286.5635681152344,-52.28830499795653
rr_fy,N,62.799000,-264.1395568847656,-47.690604296799556
rr_fy,N,62.964000,-279.0501403808594,-51.29642345026592
rr_fy,N,63.128999,-283.8773498535156,-52.58555192798356
rr_fy,N,63.294000,-209.33319091796875,-35.6998848507979
rr_fy,N,63.459000,-200.37969970703125,-33.933857739296755
rr_fy,N,63.624000,-239.9500732421875,-42.74910455161711
rr_fy,N,63.789000,6.931940078735352,1.0982377993931531
rr_fy,N,63.954000,-34.21111297607422,-5.438309531586827
rr_fy,N,64.118999,-163.25526428222656,-26.322225510761175
rr_fy,N,64.284000,87.39848327636719,13.827342127723456
rr_fy,N,64.449000,-72.10453033447266,-11.586193145643202
rr_fy,N,64.614000,-185.55015563964844,-31.555448232148883
rr_fy,N,64.779000,144.97451782226562,24.2061098171305
rr_fy,N,64.944000,16.190053939819336,2.5451999375494565
rr_fy,N,65.108999,-194.60462951660156,-32.90721197892818
rr_fy,N,65.273999,136.623046875,22.56568170086382
rr_fy,N,65.439000,226.6450653076172,41.144518753848814
rr_fy,N,65.604000,-113.14041137695312,-18.422099389101216
rr_fy,N,65.769000,29.203895568847656,4.554924522940462
rr_fy,N,65.934000,58.092430114746094,9.280064714889345
rr_fy,N,66.099000,-177.34341430664062,-29.92781306701567
rr_fy,N,66.263999,-7.4982991218566895,-1.1498568981444321
rr_fy,N,66.429000,-106.32727813720703,-16.52636282951101
rr_fy,N,66.594000,-180.87802124023438,-28.67448085728078
rr_fy,N,66.759000,173.7666015625,27.803599584334524
rr_fy,N,66.924000,-25.154918670654297,-3.6281714734822312
rr_fy,N,67.089000,-367.7620849609375,-72.1463992875718
rr_fy,N,67.253999,-399.2242126464844,-81.82815997049534
rr_fy,N,67.419000,-0.07732519507408142,-0.010367669350004789
rr_fy,N,67.584000,14.22195816040039,1.9210573731434044
rr_fy,N,67.749000,-106.48712158203125,-15.504592342649488
rr_fy,N,67.914000,272.63214111328125,46.47448740049108
rr_fy,N,68.079000,345.5772399902344,64.38275252296934
rr_fy,N,68.243999,-13.284028053283691,-1.815946121272462
rr_fy,N,68.408999,-77.60941314697266,-11.139840473035955
rr_fy,N,68.574000,-80.7144546508789,-11.5910389523792
rr_fy,N,68.739000,-268.07958984375,-45.705898722590646
rr_fy,N,68.904000,-175.60462951660156,-28.088891639417522
rr_fy,N,69.069000,-275.6729736328125,-49.248170113675265
rr_fy,N,69.233999,-368.843017578125,-74.57739948735936
rr_fy,N,69.398999,-196.9315643310547,-31.55390301923177
rr_fy,N,69.564000,-257.8247985839844,-44.40221120229482
rr_fy,N,69.729000,-401.49346923828125,-86.48872372570328
rr_fy,N,69.894000,-387.0473327636719,-77.47845279610308
rr_fy,N,70.059000,19.031049728393555,2.5945904242268023
rr_fy,N,70.224000,-56.65858459472656,-8.046792138797896
rr_fy,N,70.388999,-102.14547729492188,-14.997697338836888
rr_fy,N,70.553999,313.4023132324219,56.054346578016926
rr_fy,N,70.719000,471.2422790527344,109.0602410051754
rr_fy,N,70.884000,406.53875732421875,83.10406419436245
rr_fy,N,71.049000,52.986324310302734,7.447019281958609
rr_fy,N,71.214000,11.858173370361328,1.6384281382365302
rr_fy,N,71.378999,-201.26641845703125,-31.94744199975095
rr_fy,N,71.543999,-380.890869140625,-78.96078952204293
rr_fy,N,71.709000,-359.3354797363281,-70.60320225949688
rr_fy,N,72.039000,-398.5057067871094,-86.26800533930188
rr_fy,N,72.204000,-414.6513671875,-98.08707225569223
rr_fy,N,72.368999,-327.4407958984375,-62.22464975712356
rr_fy,N,72.533999,-311.05291748046875,-59.14287362546784
rr_fy,N,72.699000,-394.7507019042969,-88.17509680538438
rr_fy,N,72.864000,-420.2012939453125,-108.9203405629577
rr_fy,N,73.029000,-459.976318359375,-130.16808428093884
rr_fy,N,73.194000,-455.0937805175781,-133.503441476671
rr_fy,N,73.358999,-468.698486328125,-134.8631310308169
rr_fy,N,73.523999,-470.95953369140625,-127.88535909935885
rr_fy,N,73.688999,-450.79949951171875,-105.89382597052672
rr_fy,N,73.854000,-341.3958740234375,-65.88566088700817
rr_fy,N,74.019000,-48.749568939208984,-7.044933657466446
rr_fy,N,74.349000,222.9010772705078,37.891282526068174
rr_fy,N,74.513999,479.8052062988281,121.10302992575224
rr_fy,N,74.678999,517.7891235351562,173.54658327438594
rr_fy,N,74.844000,474.1923522949219,191.71491918614657
rr_fy,N,75.174000,429.55340576171875,218.30784567739423
rr_fy,N,75.339000,436.3843994140625,228.59555944304168
rr_fy,N,75.503999,440.8711853027344,230.41207481463093
rr_fy,N,75.668999,452.8539123535156,232.3985088262713
rr_fy,N,75.833999,475.8421936035156,230.12991512477436
rr_fy,N,75.999000,480.3906555175781,225.47456359532825
rr_fy,N,76.164000,486.80328369140625,217.3589462625593
rr_fy,N,76.493999,486.5518798828125,136.91464676205436
rr_fy,N,76.658999,-607.4735107421875,-196.90269016048828
rr_fy,N,76.823999,-471.9349670410156,-253.91893192946972
rr_fy,N,76.989000,-456.5288391113281,-249.1316499727325
rr_fy,N,77.154000,-442.51116943359375,-243.63589016276913
rr_fy,N,77.319000,-645.07861328125,-348.48048932632435
rr_fy,N,80.289000,3.620476484298706,6.428020742528361
rr_fy,N,80.454000,2.944840431213379,2.606418965549185
rr_fy,N,80.618999,-4.242599010467529,-3.32112807862912
rr_fy,N,80.783999,18.366039276123047,7.976189275129328
rr_fy,N,80.948999,-19.704254150390625,-5.199943988939251
rr_fy,N,81.113999,4.7514190673828125,0.8451067929318772
rr_fy,N,81.279000,-26.584375381469727,-4.3330843885349895
rr_fy,N,81.444000,-1.1185393333435059,-0.16744593694047114
rr_fy,N,81.608999,-10.803430557250977,-3.607571991628087
rr_fy,N,81.773999,-22.428125381469727,-5.824979626182273
rr_fy,N,81.938999,-38.665889739990234,-8.39857536225813
rr_fy,N,82.103999,-62.95781707763672,-11.321493183098765
rr_fy,N,82.269000,-92.949462890625,-14.271620909505023
rr_fy,N,82.434000,-116.93623352050781,-17.991799056228906
rr_fy,N,82.599000,-120.63106536865234,-19.022817397671773
rr_fy,N,82.763999,-166.5185089111328,-26.556009655450282
rr_fy,N,82.928999,-249.48129272460938,-53.10653851574203
rr_fy,N,83.093999,-312.3616027832031,-55.46081942568237
rr_fy,N,83.259000,-342.272705078125,-63.526625618691504
rr_fy,N,83.424000,-352.06866455078125,-65.8453813167428
rr_fy,N,83.589000,-371.30609130859375,-75.37689876505115
rr_fy,N,83.918999,-363.8625793457031,-89.62599138118317
rr_fy,N,84.083999,-438.6280212402344,-133.4737182053823
rr_fy,N,84.248999,-459.1590576171875,-179.4077027545901
rr_fy,N,84.414000,-379.73480224609375,-187.9255565497361
rr_fy,N,84.579000,-342.8896179199219,-211.3896920682886
rr_fy,N,84.743999,-298.8667907714844,-219.10917429111987
rr_fy,N,84.908999,-346.71612548828125,-238.01995241487114
rr_fy,N,85.073999,-380.9683837890625,-240.4196478639813
rr_fy,N,85.238999,-422.7601318359375,-248.31973802106387
rr_fy,N,85.404000,-420.9023132324219,-231.66283652379036
rr_fy,N,85.569000,-436.6368408203125,-228.72984099505916
rr_fy,N,87.053999,-0.2803919315338135,-0.5416568964690452
rr_fy,N,87.218999,2.9397921562194824,4.387230208143318
rr_fy,N,87.383999,-23.618227005004883,-5.427578235805269
rr_fy,N,87.549000,-0.7939093112945557,-0.17995865320798676
rr_fy,N,87.714000,12.018318176269531,3.964038970082936
rr_fy,N,87.878999,-28.705480575561523,-5.223979630980872
rr_fy,N,88.043999,1.7204362154006958,0.5267335268352117
rr_fy,N,88.208999,-26.109352111816406,-5.420036180443762
rr_fy,N,88.373999,-43.92668914794922,-7.080246585791009
rr_fy,N,88.539000,-54.60002517700195,-8.696888432086693
rr_fy,N,88.704000,-71.4537582397461,-10.556367013335452
rr_fy,N,88.868999,-86.39949035644531,-12.180969471143463
rr_fy,N,89.033999,-99.2528305053711,-15.01064636143298
rr_fy,N,89.198999,-117.00679779052734,-18.01417238371897
rr_fy,N,89.363999,-150.0940399169922,-23.77951089078901
rr_fy,N,89.528999,-171.72494506835938,-27.60255304503623
rr_fy,N,89.694000,-198.3335418701172,-33.277268894991494
rr_fy,N,89.858999,-136.12762451171875,-43.03575640004024
rr_fy,N,92.003999,-4.460602760314941,-8.950181074490716
rr_fy,N,92.168999,-4.702328205108643,-7.215754074549146
rr_fy,N,92.333999,14.54431438446045,1.94810775406071
rr_fy,N,92.498999,23.243852615356445,6.4239881188387065
rr_fy,N,92.993999,0.21933315694332123,0.40307332674829316
rr_fy,N,96.953999,-16.946971893310547,-36.764227669416805
rr_fy,N,100.583999,-3.9427411556243896,-6.8550693249987615
rr_fy,N,105.203999,5.471734523773193,7.531162944454737
rr_fy,N,108.503999,2.056610345840454,2.930667065170505
rr_fy,N,108.668999,-93.33210754394531,-24.258376824032418
rr_fy,N,115.763999,-0.3005179464817047,-5.071682573100659
rr_fy,N,122.462999,-21.91323471069336,-97.63658269712144
rr_fy,N,140.612999,-5.980107307434082,-98.15942045032412
rr_fy,N,157.640999,-24.8319034576416,-100.38816040302581
rr_fy,N,216.611999,-0.6817260980606079,-8.693874994356309
rr_fy,N,229.877999,-12.103261947631836,-173.7345651600138
rr_fy,N,231.131999,0.8265624046325684,7.9526472001037956
rr_fy,N,248.984998,-12.411429405212402,-176.11800121202677
rr_fy,N,258.125998,-16.019020080566406,-85.24742660278866
rr_fy,N,273.866998,0.16071639955043793,1.2709401659095003
rr_fy,N,318.317998,-18.79215431213379,-95.40365109283377
rr_fy,N,358.643998,0.5654736161231995,5.121912077199645
rr_fy,N,421.211998,11.76336669921875,68.18201802052407
rr_fy,N,509.090997,-12.371281623840332,-143.33553778853417
rr_fy,N,530.672997,5.819646835327148,68.8132299509385
rr_fy,N,533.576997,-12.634163856506348,-144.3432213269608
rr_fy,N,540.209997,6.091370105743408,67.89792009475053
rr_fy,N,567.170997,-6.8254241943359375,-75.92452374164995
rr_fy,N,606.935997,18.60871124267578,132.96277736295542
rr_fy,N,622.280997,8.044280052185059,71.78045566182023
rr_fy,N,632.279996,-9.095442771911621,-73.47135284126425
rr_fy,N,636.866997,0.03697427362203598,0.4350563974418712
rr_fy,N,644.786996,5.599343299865723,57.552138849889865
rr_fy,N,663.563996,-0.3466474115848541,-1.6078262737075288
rr_fy,N,679.403996,-18.66307258605957,-75.13146481255421
rr_fy,N,704.285996,6.995344638824463,77.85078857622368
rr_fy,N,755.369996,55.49393081665039,133.87654762099118
rr_fy,N,764.114996,62.450443267822266,67.49136186014616
rr_fy,N,791.174996,-6.699026584625244,-78.04850257314324
rr_fy,N,846.449995,-12.567512512207031,-143.39807887409228
rr_fy,N,854.369995,-6.311295986175537,-74.07159448486688
rr_fy,N,895.916995,-7.430036544799805,-76.18893509301503
rr_fy,N,921.590995,-12.3893461227417,-145.51776245142932
rr_fy,N,950.663995,7.204775810241699,65.34401920755909
rr_fy,N,966.503995,-0.6855221390724182,-4.750622768724684
rr_fy,N,981.518995,-0.7254093289375305,-6.974866539951401
rr_fy,N,989.438995,-0.027438709512352943,-0.30894441855601124
rr_fy,N,1028.048994,-9.2733154296875,-76.22476352370663
rr_fy,N,1043.888994,0.6832739114761353,5.443034311161048
rr_fy,N,1055.570994,-8.933648109436035,-70.7750102936636
rr_fy,N,1077.680994,-13.376906394958496,-74.7899733466438
rr_fy,N,1088.075994,6.942206859588623,70.57625321978011
rr_fy,N,1155.395994,-12.885356903076172,-147.07823659307252
rr_fy,N,1161.665994,-0.1375868171453476,-1.160137567859644
rr_fy,N,1167.935994,6.00733757019043,68.72732067375983
rr_fy,N,1176.680994,11.892267227172852,69.4371195666491
rr_fy,N,1216.082993,58.926910400390625,72.3254750841231
rr_fy,N,1233.572993,-0.6458382606506348,-7.179566593240553
rr_fy,N,1244.792993,-6.674857139587402,-74.59348438349795
rr_fy,N,1252.712993,-5.5299906730651855,-63.044268874827075
rr_fy,N,1270.202993,6.9328813552856445,68.01688767858708
rr_fy,N,1279.772993,-0.9828025102615356,-7.339888830516034
rr_fy,N,1288.517993,-0.7939662933349609,-5.306195990271842
rr_fy,N,1332.572993,6.123997211456299,59.564566255706104
rr_fy,N,1340.492993,-5.810510158538818,-65.7944198174188
rr_fy,N,1346.762993,-0.6466178894042969,-4.784916616721316
rr_fy,N,1353.857993,0.07634326070547104,0.8943223697774672
rr_fy,N,1360.952992,-84.89784240722656,-67.03843396495185
rr_fy,N,1370.522993,47.23737335205078,72.73146219252598
rr_fy,N,1422.695992,3.82741117477417,17.419068222198078
rr_fy,N,1433.915992,0.001791636343114078,0.021159660095408987
rr_fy,N,1438.502992,-0.6682237386703491,-5.50255659558167
rr_fy,N,1486.781992,41.084190368652344,69.3574131725736
rr_fy,N,1503.413992,-0.909531831741333,-3.2081497510053683
rr_fy,N,1517.108992,-1.335131049156189,-10.534243348011177
rr_fy,N,1537.898992,14.416054725646973,127.16228853796075
rr_fy,N,1546.643991,90.59574127197266,67.77699027031485
rr_fy,N,1576.706991,10.765987396240234,73.12010859002785
rr_fy,N,1651.055991,-5.830029487609863,-65.55389476649015
rr_fy,N,1657.325991,8.864811897277832,67.1403988672178
rr_fy,N,1680.260991,22.579017639160156,137.07044412408177
rr_fy,N,1686.530991,-5.989442825317383,-71.15613283365988
rr_fy,N,1701.050991,-0.3223879933357239,-2.173248308189707
rr_fy,N,1725.140990,6.237431049346924,73.6242335834497
rr_fy,N,1732.631990,46.349578857421875,135.88057875095475
rr_fy,N,1743.455991,22.69406509399414,129.9563993971641
rr_fy,N,1788.797990,1.2095357179641724,13.593971565139409
rr_fy,N,1804.538990,-15.276346206665039,-68.10184719100604
rr_fy,N,1837.340990,20.309125900268555,64.26354117324989
rr_fy,N,1844.435990,9.132513046264648,70.55716216780397
rr_fy,N,1862.387990,4.131507873535156,5.425306722503436
rr_fy,N,1867.832990,-6.605395317077637,-77.40061257092383
rr_fy,N,1874.102990,-11.5884370803833,-135.3376164727005
rr_fy,N,1908.191990,21.850074768066406,137.6372825341921
rr_fy,N,1926.011990,-0.6417685747146606,-2.8427194214656977
rr_fy,N,1936.406989,-0.9067785739898682,-1.8803203233663492
rr_fy,N,1960.958989,-0.26187002658843994,-2.565895980561215
rr_fy,N,1979.273989,-9.161620140075684,-77.18597723285666
rr_fy,N,2019.632989,19.644865036010742,72.78390881876254
rr_fy,N,2037.914989,10.78637409210205,71.79006716663982
rr_fy,N,2052.500989,-0.18782314658164978,-2.224953730211812
rr_fy,N,2067.944989,7.06318473815918,65.96596019131397
rr_fy,N,2091.671988,-3.964841604232788,-30.490280365860713
rr_fy,N,2118.599988,-4.713205814361572,-4.712181396845622
rr_fy,N,2163.413988,19.794050216674805,75.54561334761588
rr_fy,N,2200.505988,16.069847106933594,136.73108674989146
front_sum_fy,N,0.000000,3.891512870788574,0.5760544340256066
front_sum_fy,N,0.165000,0.05733911506831646,0.00848626561179553
front_sum_fy,N,0.330000,0.9455048739910126,0.13979997005077732
front_sum_fy,N,0.495000,4.235212326049805,0.6239206377235278
front_sum_fy,N,0.660000,10.073148250579834,1.4921252007434744
front_sum_fy,N,0.825000,15.816140174865723,2.347976732218859
front_sum_fy,N,0.990000,20.73732566833496,3.081826012684147
front_sum_fy,N,1.155000,23.146108627319336,3.4208880002813133
front_sum_fy,N,1.320000,10.90096139907837,1.6184984672923157
front_sum_fy,N,1.485000,55.112064361572266,8.029488844927096
front_sum_fy,N,1.650000,-7.540509223937988,-1.0703916113610572
front_sum_fy,N,1.815000,66.15578079223633,9.417557653223835
front_sum_fy,N,1.980000,-64.38249206542969,-9.189669646791844
front_sum_fy,N,2.145000,9.978868007659912,1.4383863142055509
front_sum_fy,N,2.310000,-6.4021148681640625,-0.9283200522532321
front_sum_fy,N,2.475000,76.76931381225586,11.312432567673227
front_sum_fy,N,2.640000,1.5242573022842407,0.22511389871866894
front_sum_fy,N,2.805000,23.432164192199707,3.4955643703896544
front_sum_fy,N,2.970000,69.4030990600586,10.462321594854078
front_sum_fy,N,3.135000,18.446711540222168,2.7576463811271426
front_sum_fy,N,3.300000,3.3871043920516968,0.508822829206723
front_sum_fy,N,3.465000,107.61603927612305,16.36701990246192
front_sum_fy,N,3.630000,-105.65185165405273,-16.21293042575021
front_sum_fy,N,3.795000,4.467196941375732,0.6855886440064398
front_sum_fy,N,3.960000,-35.014699935913086,-5.392133138108446
front_sum_fy,N,4.125000,342.7110595703125,56.73891732052475
front_sum_fy,N,4.290000,-134.96984100341797,-21.10025848280483
front_sum_fy,N,4.455000,83.7457275390625,12.970634673762774
front_sum_fy,N,4.620000,-244.70997619628906,-39.591908496187244
front_sum_fy,N,4.785000,366.1869354248047,61.19036615576195
front_sum_fy,N,4.950000,287.5315399169922,47.00618918905354
front_sum_fy,N,5.115000,242.38056182861328,39.05446909674581
front_sum_fy,N,5.280000,194.28919982910156,31.534926429873337
front_sum_fy,N,5.445000,681.9461059570312,137.14587469292155
front_sum_fy,N,5.610000,359.8705139160156,60.39487752022911
front_sum_fy,N,5.775000,667.0450439453125,130.00721006859098
front_sum_fy,N,5.940000,446.5062713623047,74.52925587678983
front_sum_fy,N,6.105000,817.9254760742188,169.80363620445968
front_sum_fy,N,6.270000,820.0881042480469,167.9188461857158
front_sum_fy,N,6.435000,695.886962890625,128.41534085416396
front_sum_fy,N,6.765000,762.93359375,148.51634069272717
front_sum_fy,N,6.930000,814.5509033203125,166.12499685429017
front_sum_fy,N,7.095000,289.2958526611328,43.87083597937166
front_sum_fy,N,7.260000,158.39652252197266,23.44315431910494
front_sum_fy,N,7.425000,-276.75274658203125,-42.745648916636824
front_sum_fy,N,7.590000,342.1959991455078,54.650902977588544
front_sum_fy,N,7.755000,257.6678924560547,40.1758211861226
front_sum_fy,N,7.920000,-627.036376953125,-117.02524070793558
front_sum_fy,N,8.085000,-166.91190338134766,-23.560346902330494
front_sum_fy,N,8.250000,-472.9286193847656,-79.94735598809056
front_sum_fy,N,8.415000,273.2444305419922,44.0013421018632
front_sum_fy,N,8.580000,81.86180877685547,12.744671244648632
front_sum_fy,N,8.745000,-485.7342224121094,-84.83385999898329
front_sum_fy,N,8.910000,-499.38710021972656,-93.92104063712569
front_sum_fy,N,9.075000,-131.72975540161133,-20.709835046480773
front_sum_fy,N,9.240000,-852.9574584960938,-187.4144622746653
front_sum_fy,N,9.405000,-645.0673217773438,-116.6682159891464
front_sum_fy,N,9.570000,-56.37391471862793,-7.929006221838012
front_sum_fy,N,9.735000,810.4786682128906,162.84954717579143
front_sum_fy,N,9.900000,565.0391845703125,95.73143136436681
front_sum_fy,N,10.065000,850.1110534667969,178.78734970192647
front_sum_fy,N,10.230000,893.0546264648438,205.96225795286287
front_sum_fy,N,10.395000,876.2768249511719,195.41565198843765
front_sum_fy,N,10.560000,755.2715759277344,149.77471798513753
front_sum_fy,N,10.725000,797.6585388183594,163.80382180499544
front_sum_fy,N,10.890000,527.2213439941406,90.47104354541611
front_sum_fy,N,11.055000,374.8663635253906,60.044264522228985
front_sum_fy,N,11.220000,102.30228042602539,15.33590076836656
front_sum_fy,N,11.385000,401.8314208984375,65.84897217034907
front_sum_fy,N,11.550000,71.23919296264648,10.58083342445714
front_sum_fy,N,11.715000,174.84465789794922,26.370940229744992
front_sum_fy,N,11.880000,248.58423614501953,39.69758848486354
front_sum_fy,N,12.045000,-316.82745361328125,-50.91690438456942
front_sum_fy,N,12.210000,105.96489715576172,16.309469550840195
front_sum_fy,N,12.375000,-98.38784790039062,-15.236414326159625
front_sum_fy,N,12.540000,-48.965003967285156,-7.548144202468231
front_sum_fy,N,12.705000,188.9458236694336,29.893316894680048
front_sum_fy,N,12.870000,219.2741470336914,34.61994097899462
front_sum_fy,N,13.035000,-0.9218571484088898,-0.14299824615844087
front_sum_fy,N,13.200000,-90.5046272277832,-14.138333214787417
front_sum_fy,N,13.365000,58.92196083068848,9.205216876185398
front_sum_fy,N,13.530000,143.0805206298828,22.49668840887145
front_sum_fy,N,13.695000,-55.82674598693848,-8.63250695503984
front_sum_fy,N,13.860000,63.13139724731445,9.889041456366146
front_sum_fy,N,14.025000,-96.01888275146484,-15.090977679452164
front_sum_fy,N,14.190000,55.051347732543945,8.588240517707643
front_sum_fy,N,14.355000,-101.88117218017578,-15.97709347244204
front_sum_fy,N,14.520000,115.2437973022461,18.2084940300915
front_sum_fy,N,14.685000,138.6221466064453,21.99426481526747
front_sum_fy,N,14.850000,-29.923900604248047,-4.718412985876727
front_sum_fy,N,15.015000,176.30680084228516,28.41392945338486
front_sum_fy,N,15.180000,239.25141143798828,38.24171147382773
front_sum_fy,N,15.345000,-298.40428161621094,-48.20584701097816
front_sum_fy,N,15.510000,69.45289611816406,10.655850402586431
front_sum_fy,N,15.675000,446.5378723144531,74.77965504863431
front_sum_fy,N,15.840000,-45.98759460449219,-7.0100663400532355
front_sum_fy,N,16.005000,-368.77976989746094,-58.79058807149392
front_sum_fy,N,16.170000,-584.6020202636719,-104.22203137262062
front_sum_fy,N,16.335000,411.8562316894531,65.68434539039856
front_sum_fy,N,16.500000,334.36329650878906,52.01184597443526
front_sum_fy,N,16.665000,-268.9375915527344,-39.705342963248754
front_sum_fy,N,16.830000,54.83586502075195,7.5040445370913105
front_sum_fy,N,16.995000,0.9183826446533203,0.13952887988421225
front_sum_fy,N,17.160000,392.0602264404297,61.00782496717035
front_sum_fy,N,17.325000,318.5225524902344,48.327687696837
front_sum_fy,N,17.490000,-497.16302490234375,-81.68213941362822
front_sum_fy,N,17.655000,-436.0728759765625,-70.06834197457101
front_sum_fy,N,17.820000,-411.43601989746094,-65.32582830352416
front_sum_fy,N,17.985000,479.1658630371094,77.86788614856776
front_sum_fy,N,18.150000,399.9021911621094,64.30677617233485
front_sum_fy,N,18.315000,53.44865608215332,7.633253215041403
front_sum_fy,N,18.480000,400.819580078125,65.03312238376205
front_sum_fy,N,18.645000,133.9850616455078,20.009302634030533
front_sum_fy,N,18.810000,-452.8646545410156,-75.17161738995571
front_sum_fy,N,18.975000,-614.9643249511719,-112.47584142496953
front_sum_fy,N,19.140000,-344.9825134277344,-54.65979498862413
front_sum_fy,N,19.305000,-146.43260192871094,-20.860987629341494
front_sum_fy,N,19.470000,-525.8757476806641,-87.35615631338632
front_sum_fy,N,19.635000,-340.9255828857422,-52.19031828710547
front_sum_fy,N,19.800000,671.5044250488281,122.35988919452481
front_sum_fy,N,19.965000,720.3707885742188,135.6205323924625
front_sum_fy,N,20.130000,247.94219207763672,36.30120844813961
front_sum_fy,N,20.295000,35.92527770996094,5.071862843539005
front_sum_fy,N,20.460000,97.5774154663086,13.658649144821704
front_sum_fy,N,20.625000,-217.482421875,-31.924363296916894
front_sum_fy,N,20.790000,-724.4505004882812,-137.36956555003607
front_sum_fy,N,20.955000,-722.6307373046875,-138.82262769496003
front_sum_fy,N,21.054000,-218.2926025390625,-32.91830860057181
front_sum_fy,N,21.120000,-25.273961305618286,-3.616176573954046
front_sum_fy,N,21.186000,453.4436340332031,74.32722019093907
front_sum_fy,N,21.219000,546.2862243652344,93.47179790797264
front_sum_fy,N,21.351000,679.6557922363281,129.09276226127722
front_sum_fy,N,21.516000,258.2027893066406,40.57432954662359
front_sum_fy,N,21.681000,150.08379364013672,22.566329513528363
front_sum_fy,N,21.846000,104.93229293823242,15.748718004475066
front_sum_fy,N,22.011000,147.9061508178711,21.98318808968711
front_sum_fy,N,22.077000,329.20355224609375,52.07243231186659
front_sum_fy,N,22.143000,-161.35491943359375,-24.061641253078786
front_sum_fy,N,22.176000,-455.50042724609375,-74.59833401026444
front_sum_fy,N,22.209000,-630.0708312988281,-112.97659108146036
front_sum_fy,N,22.242000,-674.5433044433594,-124.39202000826916
front_sum_fy,N,22.308000,-492.62744140625,-81.39677597627947
front_sum_fy,N,22.341000,-637.5951843261719,-114.3297872074125
front_sum_fy,N,22.374000,-324.6097717285156,-49.80832344991954
front_sum_fy,N,22.506000,-442.7185363769531,-70.97685039520141
front_sum_fy,N,22.671000,-247.30101013183594,-36.77808736944654
front_sum_fy,N,22.836000,-96.91806411743164,-13.608900689646378
front_sum_fy,N,23.001000,445.31849670410156,72.25790165328914
front_sum_fy,N,23.166000,245.04529571533203,36.51015307247088
front_sum_fy,N,23.331000,173.5135955810547,25.07385297790428
front_sum_fy,N,23.496000,446.6706237792969,71.471366786023
front_sum_fy,N,23.661000,-152.5934600830078,-21.757692031571295
front_sum_fy,N,23.826000,-725.0389709472656,-137.43198658131053
front_sum_fy,N,23.991000,-564.9014892578125,-98.30958678362765
front_sum_fy,N,24.156000,310.79869079589844,47.765354369977295
front_sum_fy,N,24.321000,365.81715393066406,58.058990659494064
front_sum_fy,N,24.486000,524.9755859375,91.13141437426904
front_sum_fy,N,24.651000,224.5752944946289,34.240197748731276
front_sum_fy,N,24.816000,255.74172973632812,39.76206214315184
front_sum_fy,N,24.981000,-476.87689208984375,-81.05396610510968
front_sum_fy,N,25.146000,-175.34925842285156,-26.39730622888211
front_sum_fy,N,25.311000,-205.7058868408203,-30.65545064069937
front_sum_fy,N,25.476000,-271.97279357910156,-41.067890449855
front_sum_fy,N,25.641000,-75.91370010375977,-10.601037113656325
front_sum_fy,N,25.806000,226.9984359741211,33.26426936416288
front_sum_fy,N,25.971000,589.7956237792969,102.00510358836698
front_sum_fy,N,26.136000,-28.860371351242065,-4.084215401406843
front_sum_fy,N,26.301000,-305.12860107421875,-46.970082143392155
front_sum_fy,N,26.400000,-774.8937377929688,-151.58283998974466
front_sum_fy,N,26.532000,-391.96429443359375,-61.11078199621612
front_sum_fy,N,26.565000,-466.73545837402344,-75.86202135368104
front_sum_fy,N,26.598000,-485.9240264892578,-79.58626700344932
front_sum_fy,N,26.631000,-150.53404998779297,-21.39009793314379
front_sum_fy,N,26.697000,-365.34246826171875,-56.07741127203087
front_sum_fy,N,26.730000,-168.20673370361328,-23.855253549298105
front_sum_fy,N,26.763000,56.396812438964844,7.699881572407188
front_sum_fy,N,26.895000,-278.0547332763672,-41.39797506958446
front_sum_fy,N,26.994000,-302.3870391845703,-45.621889986739326
front_sum_fy,N,27.126000,477.88160705566406,78.10413449531463
front_sum_fy,N,27.192000,446.9768981933594,71.58576859629464
front_sum_fy,N,27.225000,711.4006958007812,134.48378427179625
front_sum_fy,N,27.324000,677.8111572265625,126.51475591447553
front_sum_fy,N,27.390000,802.2527160644531,167.8593329273999
front_sum_fy,N,27.456000,653.9837036132812,126.31209836897386
front_sum_fy,N,27.489000,434.7616882324219,72.82503079868928
front_sum_fy,N,27.555000,419.30946350097656,68.99440023658792
front_sum_fy,N,27.588000,393.19032287597656,63.44174344277839
front_sum_fy,N,27.621000,24.531139135360718,3.8972649321589867
front_sum_fy,N,27.687000,165.1905517578125,24.574488756636704
front_sum_fy,N,27.720000,-86.51973724365234,-12.640304743083705
front_sum_fy,N,27.753000,-300.36021423339844,-46.53222830479123
front_sum_fy,N,27.786000,-463.19090270996094,-77.11303886888953
front_sum_fy,N,27.819000,-75.66053009033203,-11.355404428486429
front_sum_fy,N,27.885000,-74.39552307128906,-11.244097155943154
front_sum_fy,N,27.918000,63.745866775512695,9.836807038123697
front_sum_fy,N,27.951000,-9.465493559837341,-1.4061104343215378
front_sum_fy,N,28.017000,-500.40252685546875,-85.6038635964008
front_sum_fy,N,28.083000,-294.0718688964844,-46.26563447015499
front_sum_fy,N,28.116000,-215.94466400146484,-33.20397683791966
front_sum_fy,N,28.149000,-526.69580078125,-91.10164759211993
front_sum_fy,N,28.215000,-464.0006408691406,-78.05720834715514
front_sum_fy,N,28.281000,-517.8682861328125,-89.2917632648218
front_sum_fy,N,28.314000,-547.0928649902344,-95.11142363317501
front_sum_fy,N,28.347000,-92.02418899536133,-13.594379685526121
front_sum_fy,N,28.413000,91.8134536743164,13.860514297100131
front_sum_fy,N,28.479000,313.4714660644531,48.57942051692618
front_sum_fy,N,28.512000,380.5338592529297,60.28013115418277
front_sum_fy,N,28.545000,-110.63140106201172,-16.166251977531704
front_sum_fy,N,28.611000,-235.04952239990234,-34.94430839077421
front_sum_fy,N,28.677000,-213.25850677490234,-31.571526504058532
front_sum_fy,N,28.710000,-214.53520965576172,-31.580639592206943
front_sum_fy,N,28.743000,-372.06793212890625,-58.00068404118613
front_sum_fy,N,28.809000,91.51562881469727,12.593491012137918
front_sum_fy,N,28.875000,-176.6657943725586,-25.100805366249297
front_sum_fy,N,28.941000,124.956787109375,17.60428097118207
front_sum_fy,N,29.007000,309.2499237060547,46.866070080741586
front_sum_fy,N,29.040000,364.99302673339844,56.731933482270776
front_sum_fy,N,29.073000,445.7759246826172,71.85767749875865
front_sum_fy,N,29.139000,87.7174186706543,12.144052064927104
front_sum_fy,N,29.205000,-8.599926829338074,-1.2062378483412801
front_sum_fy,N,29.238000,-179.5035171508789,-26.49119830131506
front_sum_fy,N,29.271000,-133.4500846862793,-19.898050931889536
front_sum_fy,N,29.304000,-161.38074493408203,-24.17976784567468
front_sum_fy,N,29.337000,-71.94852066040039,-10.578867743034255
front_sum_fy,N,29.403000,320.20838928222656,49.264834061081096
front_sum_fy,N,29.436000,167.71170806884766,24.591973274693842
front_sum_fy,N,29.469000,72.03031539916992,10.319878220243837
front_sum_fy,N,29.502000,27.022753715515137,3.841470174233624
front_sum_fy,N,29.535000,364.73057556152344,56.62461447348264
front_sum_fy,N,29.601000,564.3795471191406,96.6255121537263
front_sum_fy,N,29.634000,617.8688659667969,109.45167062955198
front_sum_fy,N,29.667000,202.57705688476562,29.817184494619447
front_sum_fy,N,29.733000,14.487709522247314,1.9905246246084518
front_sum_fy,N,29.799000,22.950230598449707,3.1299653892895547
front_sum_fy,N,29.898000,-608.7839660644531,-105.82477412717515
front_sum_fy,N,30.030000,-572.8221740722656,-97.179426612535
front_sum_fy,N,30.195000,-348.0457458496094,-53.33672363146049
front_sum_fy,N,30.360000,-47.9375,-6.7096263929582545
front_sum_fy,N,30.525000,208.71588134765625,31.037202337684505
front_sum_fy,N,30.690000,-92.51143264770508,-13.403966794892206
front_sum_fy,N,30.855000,-505.83131408691406,-85.70526470558805
front_sum_fy,N,31.020000,-468.24554443359375,-79.20753147223155
front_sum_fy,N,31.185000,607.1316223144531,109.40483814762464
front_sum_fy,N,31.350000,591.9045715332031,109.36765668100938
front_sum_fy,N,31.482000,523.2195281982422,93.1961620418447
front_sum_fy,N,31.647000,56.41384506225586,8.051628652240057
front_sum_fy,N,31.713000,204.17152404785156,30.164572597097937
front_sum_fy,N,31.746000,-129.17272567749023,-18.691522102004132
front_sum_fy,N,31.779000,-368.7364196777344,-57.97465225086799
front_sum_fy,N,31.845000,-156.49417877197266,-22.992592412850627
front_sum_fy,N,31.911000,-122.38432312011719,-17.724344831240998
front_sum_fy,N,31.944000,-34.2195987701416,-4.8149365943037195
front_sum_fy,N,31.977000,-68.03492546081543,-9.355788667890652
front_sum_fy,N,32.043000,-505.16758728027344,-82.72331805836905
front_sum_fy,N,32.076000,-371.9657287597656,-56.759689436020295
front_sum_fy,N,32.109000,-120.42118835449219,-16.58160240614312
front_sum_fy,N,32.175000,95.81312561035156,13.190793872282974
front_sum_fy,N,32.241000,-305.262939453125,-45.92838729476231
front_sum_fy,N,32.274000,-289.52076721191406,-43.424887558646795
front_sum_fy,N,32.307000,-554.3585510253906,-94.90695593056958
front_sum_fy,N,32.340000,-699.7568359375,-130.0686054680807
front_sum_fy,N,32.373000,-722.4279174804688,-136.51101387088633
front_sum_fy,N,32.439000,-491.22039794921875,-82.4520501709926
front_sum_fy,N,32.472000,-619.026123046875,-110.35840323639913
front_sum_fy,N,32.505000,-233.80965423583984,-35.244245611602445
front_sum_fy,N,32.538000,-386.4473876953125,-61.329505547324494
front_sum_fy,N,32.571000,-464.7933349609375,-76.37209487744866
front_sum_fy,N,32.637000,-200.24691009521484,-29.831508569777576
front_sum_fy,N,32.670000,56.443918228149414,8.032954296794752
front_sum_fy,N,32.703000,211.82322692871094,31.60797092302061
front_sum_fy,N,32.769000,423.61497497558594,68.57753197680813
front_sum_fy,N,32.835000,230.7811737060547,34.29791639548187
front_sum_fy,N,32.868000,447.4713897705078,72.16602512417373
front_sum_fy,N,32.901000,133.48738861083984,18.98352910343997
front_sum_fy,N,32.967000,351.7011260986328,54.170576495543415
front_sum_fy,N,33.033000,63.795597076416016,8.80450784542797
front_sum_fy,N,33.066000,-201.87642669677734,-29.440156578804928
front_sum_fy,N,33.099000,383.4273376464844,59.91753792546929
front_sum_fy,N,33.165000,99.69611358642578,13.856460918839488
front_sum_fy,N,33.231000,391.57057189941406,61.37946052887271
front_sum_fy,N,33.264000,344.8892364501953,52.96492337782607
front_sum_fy,N,33.297000,558.831298828125,94.5641754245308
front_sum_fy,N,33.330000,543.2389221191406,91.3415307323409
front_sum_fy,N,33.396000,596.1951599121094,103.31439637984155
front_sum_fy,N,33.429000,158.81632232666016,22.50400931632545
front_sum_fy,N,33.462000,298.10516357421875,44.555785290479584
front_sum_fy,N,33.495000,-64.87003326416016,-8.96500118331647
front_sum_fy,N,33.561000,-95.49874496459961,-13.222438789723252
front_sum_fy,N,33.594000,-125.14070129394531,-17.4746789755459
front_sum_fy,N,33.627000,-498.5016174316406,-81.5627786858239
front_sum_fy,N,33.660000,-687.9837951660156,-125.93577233421561
front_sum_fy,N,33.693000,-341.6713409423828,-52.31693951554716
front_sum_fy,N,33.759000,-600.1351623535156,-104.11952948199462
front_sum_fy,N,33.792000,-687.0482177734375,-125.85162406020845
front_sum_fy,N,33.825000,-331.076416015625,-50.466080172158016
front_sum_fy,N,33.891000,-222.9411163330078,-32.485273848971914
front_sum_fy,N,33.957000,-69.18419647216797,-9.669746394692124
front_sum_fy,N,33.990000,-18.298279762268066,-2.556589160654173
front_sum_fy,N,34.023000,-196.01710510253906,-28.864869418657932
front_sum_fy,N,34.089000,-476.35791015625,-78.43201001692287
front_sum_fy,N,34.155000,-211.4963607788086,-31.587824723224976
front_sum_fy,N,34.188000,-142.23301696777344,-20.914272960515806
front_sum_fy,N,34.221000,-373.81378173828125,-60.0424224925319
front_sum_fy,N,34.287000,258.5824661254883,40.040435456730314
front_sum_fy,N,34.353000,122.80014038085938,18.60099121017285
front_sum_fy,N,34.386000,109.01001739501953,16.55476795551759
front_sum_fy,N,34.551000,290.20298767089844,46.543047424477535
front_sum_fy,N,34.716000,422.4891815185547,72.08662724249737
front_sum_fy,N,34.881000,215.14610290527344,34.37267798882395
front_sum_fy,N,35.046000,375.06996154785156,62.82404323669638
front_sum_fy,N,35.211000,-132.39074325561523,-20.776475607341105
front_sum_fy,N,35.376000,180.30413055419922,28.803552099918505
front_sum_fy,N,35.541000,165.03792572021484,25.752278950426295
front_sum_fy,N,35.706000,-468.8143310546875,-79.9264801907265
front_sum_fy,N,35.871000,-339.6523132324219,-53.43294950126077
front_sum_fy,N,36.036000,453.2519073486328,73.1909741914112
front_sum_fy,N,36.201000,-230.18363189697266,-33.52300658084207
front_sum_fy,N,36.333000,-518.6039581298828,-86.15424795351318
front_sum_fy,N,36.399000,-69.82003784179688,-9.63477385538413
front_sum_fy,N,36.432000,-216.59652709960938,-31.498648653541796
front_sum_fy,N,36.465000,-298.5129852294922,-44.718031911289195
front_sum_fy,N,36.531000,141.26097106933594,19.870320282183627
front_sum_fy,N,36.564000,123.02397918701172,17.184284737246077
front_sum_fy,N,36.597000,407.9488830566406,63.80060230558273
front_sum_fy,N,36.630000,566.0203247070312,96.19669908382417
front_sum_fy,N,36.663000,578.1009826660156,99.38552826000156
front_sum_fy,N,36.729000,647.2714538574219,116.25582888168238
front_sum_fy,N,36.762000,699.6961364746094,130.44923141542375
front_sum_fy,N,36.795000,393.9554443359375,62.33133315280966
front_sum_fy,N,36.828000,512.3409576416016,84.99433907081223
front_sum_fy,N,36.861000,589.8666076660156,102.74687253698113
front_sum_fy,N,36.927000,226.9557876586914,34.07190283692359
front_sum_fy,N,36.960000,326.3253173828125,50.26174174247191
front_sum_fy,N,36.993000,17.75879740715027,2.4948482675964225
front_sum_fy,N,37.059000,-200.72061157226562,-29.787327050064796
front_sum_fy,N,37.125000,208.2666244506836,30.642377084210523
front_sum_fy,N,37.158000,-11.32451868057251,-1.6092723804121782
front_sum_fy,N,37.191000,352.20751953125,55.244127801682424
front_sum_fy,N,37.257000,187.44136810302734,28.07630793177953
front_sum_fy,N,37.323000,466.6694793701172,76.81515496292666
front_sum_fy,N,37.356000,623.7691955566406,112.67583852426968
front_sum_fy,N,37.389000,791.4046936035156,163.03391931092892
front_sum_fy,N,37.455000,880.6194152832031,207.64445422789407
front_sum_fy,N,37.521000,800.4240417480469,171.35884258510293
front_sum_fy,N,37.587000,689.2665710449219,137.04728925801197
front_sum_fy,N,37.653000,798.4285278320312,171.21775131947192
front_sum_fy,N,37.686000,831.3148498535156,186.6848051094467
front_sum_fy,N,37.719000,660.0247802734375,128.12683199056283
front_sum_fy,N,37.785000,893.9505920410156,213.33488135712852
front_sum_fy,N,37.851000,908.2615356445312,226.47429206776735
front_sum_fy,N,37.884000,890.4415893554688,222.30730162727042
front_sum_fy,N,37.917000,758.6960754394531,157.59829371585158
front_sum_fy,N,37.983000,902.662353515625,217.59733906338974
front_sum_fy,N,38.049000,895.9800415039062,217.8989119330681
front_sum_fy,N,38.082000,901.7058410644531,215.68264223820557
front_sum_fy,N,38.115000,937.8307800292969,261.82973936157157
front_sum_fy,N,38.181000,987.7614135742188,306.52185623900857
front_sum_fy,N,38.247000,972.8604125976562,295.58487347981713
front_sum_fy,N,38.280000,974.0233459472656,293.7186000646448
front_sum_fy,N,38.313000,938.7430725097656,231.9915784424694
front_sum_fy,N,38.379000,907.1227416992188,207.697336230203
front_sum_fy,N,38.445000,938.5416259765625,216.42224781569047
front_sum_fy,N,38.511000,936.7315063476562,222.6986476262959
front_sum_fy,N,38.577000,955.9416198730469,238.29848619732286
front_sum_fy,N,38.643000,1013.3751831054688,259.4353915510264
front_sum_fy,N,38.709000,787.4971313476562,155.80020766990472
front_sum_fy,N,38.775000,898.6439514160156,200.5406647046238
front_sum_fy,N,38.841000,946.9949340820312,227.28123437762736
front_sum_fy,N,38.907000,715.3852844238281,135.36270470952553
front_sum_fy,N,38.973000,843.8890991210938,180.25292038852314
front_sum_fy,N,39.039000,793.8379516601562,167.22301742355992
front_sum_fy,N,39.105000,594.1374206542969,110.55561127516279
front_sum_fy,N,39.171000,796.8873291015625,162.14567435507308
front_sum_fy,N,39.204000,779.194091796875,157.7557939584587
front_sum_fy,N,39.237000,739.8506774902344,145.02060385903968
front_sum_fy,N,39.303000,256.53733825683594,39.707178156168
front_sum_fy,N,39.369000,280.74798583984375,43.868218536491085
front_sum_fy,N,39.402000,147.06490325927734,22.217005562758256
front_sum_fy,N,39.435000,99.70099258422852,14.979403212772892
front_sum_fy,N,39.501000,501.82130432128906,86.01813486670343
front_sum_fy,N,39.567000,572.4166870117188,101.33667826708717
front_sum_fy,N,39.600000,664.1827087402344,124.61161538145763
front_sum_fy,N,39.633000,639.1972961425781,117.90359312884164
front_sum_fy,N,39.699000,204.98143768310547,31.338895549338908
front_sum_fy,N,39.765000,-123.75467300415039,-18.663089833115496
front_sum_fy,N,39.831000,-30.68352508544922,-4.603391228348228
front_sum_fy,N,39.897000,369.3176727294922,60.301231232578914
front_sum_fy,N,39.963000,494.135009765625,84.71208827321959
front_sum_fy,N,40.029000,553.1581115722656,97.74010513841814
front_sum_fy,N,40.095000,51.655540466308594,7.774442568950812
front_sum_fy,N,40.161000,-193.27069091796875,-29.91019423371022
front_sum_fy,N,40.227000,-191.0423355102539,-29.726020577797943
front_sum_fy,N,40.293000,-295.4842224121094,-47.68109293812512
front_sum_fy,N,40.326000,-326.78857421875,-53.34274661716288
front_sum_fy,N,40.359000,202.761962890625,31.853710449023744
front_sum_fy,N,40.425000,-26.88816547393799,-4.152675224681484
front_sum_fy,N,40.491000,264.2783966064453,42.39191954140384
front_sum_fy,N,40.524000,416.17835998535156,70.8589391781572
front_sum_fy,N,40.557000,613.5839538574219,114.62013161914591
front_sum_fy,N,40.623000,694.5792236328125,137.150199710455
front_sum_fy,N,40.689000,393.6647491455078,66.27672338439051
front_sum_fy,N,40.722000,494.93345642089844,88.07485400017192
front_sum_fy,N,40.755000,52.223785400390625,8.276644103382438
front_sum_fy,N,40.821000,336.99562072753906,57.09439856299939
front_sum_fy,N,40.887000,323.99542236328125,53.72328500391289
front_sum_fy,N,40.953000,300.6102294921875,49.86004307460085
front_sum_fy,N,41.019000,-214.79989624023438,-34.9183573632169
front_sum_fy,N,41.085000,-205.18444061279297,-33.2874303677888
front_sum_fy,N,41.118000,-230.62095642089844,-37.76348504205765
front_sum_fy,N,41.151000,269.6135559082031,44.653532908492366
front_sum_fy,N,41.217000,40.802616119384766,6.508196687898771
front_sum_fy,N,41.283000,-378.64129638671875,-64.61596553874202
front_sum_fy,N,41.316000,-427.69171142578125,-74.46981595049158
front_sum_fy,N,41.349000,-373.5744323730469,-63.43955117573569
front_sum_fy,N,41.415000,-582.5859680175781,-107.40905261785653
front_sum_fy,N,41.481000,-124.33834838867188,-19.337811190563194
front_sum_fy,N,41.514000,-230.27173614501953,-36.071081109797056
front_sum_fy,N,41.547000,-283.7124481201172,-44.993215124385046
front_sum_fy,N,41.613000,-125.70423126220703,-18.76792863632172
front_sum_fy,N,41.646000,-168.99010467529297,-25.34492675347476
front_sum_fy,N,41.679000,-371.642822265625,-59.21042905685576
front_sum_fy,N,41.745000,-299.4247589111328,-45.871963229939325
front_sum_fy,N,41.811000,-299.0150146484375,-45.58024619633971
front_sum_fy,N,41.844000,-286.8804168701172,-43.38455174237173
front_sum_fy,N,41.877000,-281.8126983642578,-42.39226039861779
front_sum_fy,N,41.943000,-269.80091857910156,-40.315701751058725
front_sum_fy,N,42.042000,126.25189590454102,17.74459869893432
front_sum_fy,N,42.075000,99.70253372192383,13.948279024527203
front_sum_fy,N,42.141000,80.31858444213867,11.480524484821128
front_sum_fy,N,42.207000,388.6042175292969,62.24422715915792
front_sum_fy,N,42.240000,489.09979248046875,81.31770176730231
front_sum_fy,N,42.273000,417.4184112548828,67.00179684369445
front_sum_fy,N,42.339000,389.4722595214844,61.49656802033547
front_sum_fy,N,42.405000,-135.60916137695312,-19.61279180529224
front_sum_fy,N,42.438000,32.604397773742676,4.682290337238575
front_sum_fy,N,42.471000,101.5695915222168,14.938053553341652
front_sum_fy,N,42.537000,130.58943939208984,19.431353074659174
front_sum_fy,N,42.603000,408.86419677734375,65.77523124127853
front_sum_fy,N,42.669000,447.34999084472656,72.39485283444533
front_sum_fy,N,42.735000,407.38145446777344,64.73366934317032
front_sum_fy,N,42.801000,633.6425476074219,113.34866387306113
front_sum_fy,N,42.867000,699.5946960449219,131.31850071292007
front_sum_fy,N,42.933000,692.9358215332031,129.8043837159337
front_sum_fy,N,42.966000,712.5550842285156,135.507782583623
front_sum_fy,N,42.999000,360.0868682861328,56.738862919167005
front_sum_fy,N,43.065000,512.1268615722656,86.3644240213543
front_sum_fy,N,43.131000,550.4498291015625,94.92773166957107
front_sum_fy,N,43.164000,557.7479858398438,96.64491331868008
front_sum_fy,N,43.197000,732.4007873535156,142.16483675244274
front_sum_fy,N,43.230000,804.7377014160156,167.1611962564918
front_sum_fy,N,43.263000,783.5015869140625,159.81176787523884
front_sum_fy,N,43.329000,767.2634887695312,154.49561259851458
front_sum_fy,N,43.362000,773.8917541503906,156.39316747238632
front_sum_fy,N,43.395000,891.5785522460938,217.04754756515587
front_sum_fy,N,43.428000,927.6665954589844,224.73773310520528
front_sum_fy,N,43.461000,924.6817932128906,225.5526366863605
front_sum_fy,N,43.527000,917.7318725585938,226.6972439585396
front_sum_fy,N,43.560000,923.6366271972656,230.69978172998412
front_sum_fy,N,43.593000,802.5565490722656,167.23259847042468
front_sum_fy,N,43.626000,832.044677734375,178.3326606926297
front_sum_fy,N,43.659000,863.3327026367188,192.31172228707328
front_sum_fy,N,43.725000,726.9497985839844,141.18237030596725
front_sum_fy,N,43.791000,882.7100524902344,198.7475990725302
front_sum_fy,N,43.824000,889.6395874023438,205.50022560277307
front_sum_fy,N,43.923000,740.6104431152344,144.87270167007296
front_sum_fy,N,44.088000,885.7264709472656,206.70768504305286
front_sum_fy,N,44.154000,705.2915344238281,135.43678576618896
front_sum_fy,N,44.220000,665.4252014160156,124.39105036164347
front_sum_fy,N,44.385000,722.2217102050781,142.00893945946535
front_sum_fy,N,44.550000,522.5004272460938,91.07636392244964
front_sum_fy,N,44.649000,559.1336975097656,99.52381959396908
front_sum_fy,N,44.715000,621.1109619140625,114.6294068708452
front_sum_fy,N,44.781000,291.64781188964844,46.35661778406103
front_sum_fy,N,44.847000,336.3196105957031,53.947153185591546
front_sum_fy,N,44.880000,335.109619140625,54.14566476505591
front_sum_fy,N,44.979000,651.8973693847656,122.41151976452028
front_sum_fy,N,45.045000,602.4171142578125,111.14367852406302
front_sum_fy,N,45.078000,607.7016296386719,112.42967491150199
front_sum_fy,N,45.111000,165.8718719482422,25.84056259576152
front_sum_fy,N,45.177000,-165.01459503173828,-25.743325004138793
front_sum_fy,N,45.210000,-117.51431274414062,-18.08271019108933
front_sum_fy,N,45.243000,-77.26298904418945,-11.629275864935915
front_sum_fy,N,45.309000,419.9833526611328,70.79151488099689
front_sum_fy,N,45.375000,471.4511413574219,80.54412666321338
front_sum_fy,N,45.408000,586.6163330078125,107.8462674733914
front_sum_fy,N,45.441000,519.4332427978516,91.78922577283161
front_sum_fy,N,45.507000,354.32212829589844,57.70063939726735
front_sum_fy,N,45.573000,-69.87691497802734,-10.71960946715928
front_sum_fy,N,45.606000,65.06092071533203,9.91887395093536
front_sum_fy,N,45.705000,244.39425659179688,38.830025735405926
front_sum_fy,N,45.771000,465.3986053466797,80.17291679651748
front_sum_fy,N,45.837000,529.9662475585938,95.30781776659182
front_sum_fy,N,45.903000,674.0022583007812,133.76970487966523
front_sum_fy,N,45.969000,272.7507781982422,44.21148532552867
front_sum_fy,N,46.035000,471.68121337890625,83.53473655616351
front_sum_fy,N,46.101000,302.93174743652344,49.774356040404356
front_sum_fy,N,46.167000,592.0114440917969,108.99535337052662
front_sum_fy,N,46.233000,674.0080871582031,131.7312066058186
front_sum_fy,N,46.299000,640.46142578125,120.49557797948069
front_sum_fy,N,46.365000,679.6785888671875,131.3055041936056
front_sum_fy,N,46.431000,347.68568420410156,55.49676763635844
front_sum_fy,N,46.497000,-26.32954216003418,-3.832825750601603
front_sum_fy,N,46.530000,-119.55596160888672,-17.5045974597803
front_sum_fy,N,46.563000,436.5545654296875,70.59016616594005
front_sum_fy,N,46.629000,239.58216857910156,35.19224878937274
front_sum_fy,N,46.695000,-239.2735137939453,-35.31101912444926
front_sum_fy,N,46.728000,-223.20404052734375,-32.55623088827357
front_sum_fy,N,46.761000,-447.5494842529297,-72.43805501282775
front_sum_fy,N,46.827000,-469.99180603027344,-76.15632157887165
front_sum_fy,N,46.893000,0.49991609156131744,0.06826919277301777
front_sum_fy,N,46.926000,-145.31241607666016,-20.387120533401585
front_sum_fy,N,46.959000,-472.02488708496094,-77.33684132054671
front_sum_fy,N,47.025000,-463.5046844482422,-76.130481660247
front_sum_fy,N,47.091000,-572.8637084960938,-98.41196250308418
front_sum_fy,N,47.124000,-558.37939453125,-95.04638708376348
front_sum_fy,N,47.157000,-273.4107208251953,-41.16164679097652
front_sum_fy,N,47.223000,-327.8374786376953,-50.85324386445939
front_sum_fy,N,47.289000,-310.197509765625,-47.62712194681435
front_sum_fy,N,47.355000,-548.4209594726562,-93.78338877410431
front_sum_fy,N,47.421000,-640.0204162597656,-116.30977229149372
front_sum_fy,N,47.487000,-141.6572036743164,-20.82555143845883
front_sum_fy,N,47.553000,-274.85638427734375,-42.26524166503266
front_sum_fy,N,47.619000,-173.94253540039062,-26.02319238425482
front_sum_fy,N,47.685000,-184.8358612060547,-27.41109173112183
front_sum_fy,N,47.751000,-125.50125122070312,-18.557839046309446
front_sum_fy,N,47.817000,-335.03431701660156,-52.975379016025904
front_sum_fy,N,47.850000,-283.4894104003906,-43.663195179340306
front_sum_fy,N,47.883000,-37.610321044921875,-5.466565397479515
front_sum_fy,N,47.949000,-68.6812744140625,-9.98754601883543
front_sum_fy,N,48.015000,-59.959083557128906,-8.57255111039122
front_sum_fy,N,48.048000,-55.023292541503906,-7.869168924841135
front_sum_fy,N,48.081000,112.60619735717773,16.210742471791313
front_sum_fy,N,48.147000,97.27106475830078,13.593610745207048
front_sum_fy,N,48.213000,-175.26618194580078,-25.03937275241354
front_sum_fy,N,48.246000,-117.11163711547852,-16.614175989342783
front_sum_fy,N,48.279000,-110.61217880249023,-15.303083631190864
front_sum_fy,N,48.345000,-111.84986114501953,-15.795372255060055
front_sum_fy,N,48.411000,31.353225708007812,4.188920565168816
front_sum_fy,N,48.444000,-6.776410818099976,-0.9181431850409403
front_sum_fy,N,48.477000,226.88011932373047,33.152565544512015
front_sum_fy,N,48.543000,179.35347747802734,25.53839110683149
front_sum_fy,N,48.609000,-301.8350372314453,-44.87799255534045
front_sum_fy,N,48.675000,-510.3050231933594,-85.10652154345192
front_sum_fy,N,48.741000,-457.9653625488281,-74.19223416101197
front_sum_fy,N,48.807000,35.47622108459473,4.9954844493051835
front_sum_fy,N,48.873000,240.7550277709961,35.63753535416403
front_sum_fy,N,48.939000,235.8219757080078,35.26958654315327
front_sum_fy,N,49.005000,-312.5192413330078,-48.70528267675032
front_sum_fy,N,49.071000,-82.49410629272461,-11.74283626497358
front_sum_fy,N,49.137000,-360.2373962402344,-56.56595817598624
front_sum_fy,N,49.170000,-501.9604187011719,-84.03443737139114
front_sum_fy,N,49.203000,-665.9872741699219,-122.01455499544409
front_sum_fy,N,49.269000,-775.6756896972656,-155.5406922982095
front_sum_fy,N,49.335000,-921.4050903320312,-217.12622719616763
front_sum_fy,N,49.368000,-959.0469665527344,-251.76382917739394
front_sum_fy,N,49.401000,-900.9745788574219,-204.9019155621623
front_sum_fy,N,49.467000,-952.3423461914062,-233.3900501755212
front_sum_fy,N,49.533000,-865.1121826171875,-188.84515555566833
front_sum_fy,N,49.566000,-894.5676574707031,-204.59329950756458
front_sum_fy,N,49.599000,-738.68017578125,-142.61013045372388
front_sum_fy,N,49.665000,-837.3629760742188,-176.23248205246824
front_sum_fy,N,49.731000,-885.2749938964844,-197.093512407048
front_sum_fy,N,49.764000,-907.1605834960938,-206.5171469669052
front_sum_fy,N,49.797000,-781.4807434082031,-154.17144230877454
front_sum_fy,N,49.863000,-816.4863891601562,-164.4451392408655
front_sum_fy,N,49.929000,-764.6628112792969,-148.37212651440097
front_sum_fy,N,49.962000,-748.3074951171875,-143.6230173170802
front_sum_fy,N,49.995000,-922.4063110351562,-214.54290561909602
front_sum_fy,N,50.061000,-858.92578125,-184.45713888943163
front_sum_fy,N,50.127000,-884.3703308105469,-198.276241763339
front_sum_fy,N,50.160000,-915.561767578125,-215.58529465234614
front_sum_fy,N,50.193000,-949.7848815917969,-240.32404007651175
front_sum_fy,N,50.259000,-954.4403076171875,-243.82546061287854
front_sum_fy,N,50.325000,-741.2133483886719,-145.69166759121595
front_sum_fy,N,50.358000,-745.1181030273438,-146.6109295424091
front_sum_fy,N,50.391000,-360.9125213623047,-57.74663502336678
front_sum_fy,N,50.490000,-459.2427978515625,-79.57162607328021
front_sum_fy,N,50.523000,-11.628278255462646,-1.77941787653842
front_sum_fy,N,50.589000,-418.3881378173828,-70.20629448365924
front_sum_fy,N,50.655000,-212.9482879638672,-33.47406510793452
front_sum_fy,N,50.688000,-154.7314453125,-24.00439941469964
front_sum_fy,N,50.721000,-417.0945587158203,-69.98599304294137
front_sum_fy,N,50.787000,57.7208137512207,8.852481314296412
front_sum_fy,N,50.853000,-79.09624099731445,-12.139526994012606
front_sum_fy,N,50.886000,-94.83909225463867,-14.577533387087655
front_sum_fy,N,50.919000,-51.616342544555664,-7.892261137369859
front_sum_fy,N,50.985000,-366.06744384765625,-60.07101546342922
front_sum_fy,N,51.051000,-434.276123046875,-73.0960105441375
front_sum_fy,N,51.084000,-409.80873107910156,-68.28089692206342
front_sum_fy,N,51.117000,133.1946029663086,20.420491604142818
front_sum_fy,N,51.183000,328.92864990234375,53.31523578720688
front_sum_fy,N,51.249000,304.86737060546875,49.0401426216915
front_sum_fy,N,51.315000,556.3493347167969,99.18747074075527
front_sum_fy,N,51.381000,229.01287078857422,35.85398019159906
front_sum_fy,N,51.447000,367.72508239746094,60.02962196785433
front_sum_fy,N,51.513000,-110.90828323364258,-16.734809416298116
front_sum_fy,N,51.579000,315.33636474609375,49.866686201176186
front_sum_fy,N,51.645000,262.0982360839844,40.20807879621657
front_sum_fy,N,51.711000,228.90139770507812,34.3848309876104
front_sum_fy,N,51.777000,211.3995132446289,31.166085620601308
front_sum_fy,N,51.810000,220.0413818359375,32.46952278963318
front_sum_fy,N,51.843000,219.67138671875,32.28500275035054
front_sum_fy,N,51.909000,320.24945068359375,48.70375222893851
front_sum_fy,N,51.975000,-101.1101188659668,-14.119875929187831
front_sum_fy,N,52.008000,4.632396697998047,0.6324995349490732
front_sum_fy,N,52.041000,42.245887756347656,5.894352530428419
front_sum_fy,N,52.107000,132.07583618164062,19.092261038090122
front_sum_fy,N,52.173000,-47.7818546295166,-6.9963286226352315
front_sum_fy,N,52.206000,-19.814285278320312,-2.93662486762311
front_sum_fy,N,52.239000,-14.497182369232178,-2.1706486705243337
front_sum_fy,N,52.305000,-324.8929443359375,-51.017530069918536
front_sum_fy,N,52.371000,139.55413055419922,20.645152302674333
front_sum_fy,N,52.404000,29.059517860412598,4.282787806661247
front_sum_fy,N,52.437000,-22.499999046325684,-3.320822050833745
front_sum_fy,N,52.503000,-339.9624786376953,-53.55651536474184
front_sum_fy,N,52.569000,-614.85009765625,-108.4649489986763
front_sum_fy,N,52.602000,-632.2238464355469,-112.6396808387577
front_sum_fy,N,52.635000,-590.853515625,-102.71270861211856
front_sum_fy,N,52.701000,-143.47229766845703,-20.68267729675421
front_sum_fy,N,52.767000,198.4076919555664,29.174224799558573
front_sum_fy,N,52.833000,-59.73652648925781,-8.508276471367306
front_sum_fy,N,52.899000,-370.57701110839844,-58.15796161261281
front_sum_fy,N,52.965000,-614.5561218261719,-109.38323465508368
front_sum_fy,N,53.031000,-629.2483825683594,-113.62722108828619
front_sum_fy,N,53.097000,-510.0675964355469,-86.17810441086525
front_sum_fy,N,53.130000,-537.0737609863281,-92.12279649442175
front_sum_fy,N,53.163000,-105.72743225097656,-15.52683524202616
front_sum_fy,N,53.229000,-336.26942443847656,-52.796148039283985
front_sum_fy,N,53.295000,-581.5373229980469,-102.5934089885309
front_sum_fy,N,53.328000,-674.12939453125,-126.49923869718228
front_sum_fy,N,53.361000,-799.5697937011719,-166.19325693193252
front_sum_fy,N,53.427000,-815.4564514160156,-175.23765299266324
front_sum_fy,N,53.493000,-557.94921875,-98.89302754439942
front_sum_fy,N,53.526000,-619.4947509765625,-113.47124291583376
front_sum_fy,N,53.559000,-270.1344909667969,-42.273859569803776
front_sum_fy,N,53.691000,-506.94696044921875,-87.41961184313098
front_sum_fy,N,53.724000,-483.9006652832031,-82.3772432107476
front_sum_fy,N,53.757000,-675.8745422363281,-127.31005079237183
front_sum_fy,N,53.823000,-720.6016845703125,-140.3008633510586
front_sum_fy,N,53.889000,-694.0251770019531,-131.78869365970394
front_sum_fy,N,53.955000,-832.4350891113281,-177.32902273047642
front_sum_fy,N,54.021000,-868.800048828125,-199.22142204036814
front_sum_fy,N,54.087000,-801.4159240722656,-164.57847069735277
front_sum_fy,N,54.219000,-782.60205078125,-154.83382004740804
front_sum_fy,N,54.285000,-906.804931640625,-205.89798514399598
front_sum_fy,N,54.351000,-911.489990234375,-208.55101533327388
front_sum_fy,N,54.417000,-709.6554870605469,-131.87899267107957
front_sum_fy,N,54.450000,-767.98876953125,-148.96442191616015
front_sum_fy,N,54.483000,-887.8364868164062,-193.44178311042504
front_sum_fy,N,54.549000,-915.0540466308594,-210.83353580979545
front_sum_fy,N,54.615000,-715.8430480957031,-133.87699506156986
front_sum_fy,N,54.648000,-715.7670288085938,-133.91306823364152
front_sum_fy,N,54.681000,-812.0734252929688,-164.96977992583317
front_sum_fy,N,54.747000,-785.4456787109375,-155.90213673231
front_sum_fy,N,54.813000,-424.7724304199219,-67.84954967973934
front_sum_fy,N,54.846000,-447.3335876464844,-72.37484039933045
front_sum_fy,N,54.945000,-692.6811828613281,-128.8502734463476
front_sum_fy,N,55.011000,-481.2740173339844,-79.02553014401705
front_sum_fy,N,55.044000,-485.1639709472656,-79.83202790647191
front_sum_fy,N,55.077000,45.08192443847656,6.363911509048185
front_sum_fy,N,55.143000,-102.69352722167969,-14.649470253289556
front_sum_fy,N,55.209000,-443.2921905517578,-71.66639081743301
front_sum_fy,N,55.275000,-388.50474548339844,-60.984945465608746
front_sum_fy,N,55.341000,-679.5592956542969,-124.13294441907625
front_sum_fy,N,55.407000,-177.75740814208984,-25.454899070481503
front_sum_fy,N,55.473000,224.77880096435547,32.825751975549295
front_sum_fy,N,55.539000,-18.827186584472656,-2.5549134056006126
front_sum_fy,N,55.605000,-223.53173828125,-32.94072069268397
front_sum_fy,N,55.671000,-121.34783554077148,-17.185858164178292
front_sum_fy,N,55.737000,-394.67884826660156,-62.214246001438624
front_sum_fy,N,55.770000,-508.6322937011719,-84.39750309424528
front_sum_fy,N,55.803000,33.34172344207764,4.642392804934627
front_sum_fy,N,55.869000,-109.33213806152344,-15.36378632878252
front_sum_fy,N,55.935000,-424.29579162597656,-67.41671378635755
front_sum_fy,N,55.968000,-538.3279724121094,-90.59933820120567
front_sum_fy,N,56.001000,29.891490936279297,4.175494203069748
front_sum_fy,N,56.067000,-126.94726943969727,-18.046810046433542
front_sum_fy,N,56.133000,-151.76445770263672,-21.700428079363704
front_sum_fy,N,56.166000,-152.0851287841797,-21.765720800201933
front_sum_fy,N,56.199000,-437.65003967285156,-69.9400611501402
front_sum_fy,N,56.265000,-498.58766174316406,-82.50227155200875
front_sum_fy,N,56.331000,-476.74082946777344,-78.06478475696072
front_sum_fy,N,56.364000,-484.6675567626953,-79.45557447034625
front_sum_fy,N,56.397000,12.888233184814453,1.788922475233981
front_sum_fy,N,56.463000,-201.19503021240234,-29.43861891503181
front_sum_fy,N,56.529000,-267.9307403564453,-39.95023510059103
front_sum_fy,N,56.595000,-518.7318725585938,-86.63049072772199
front_sum_fy,N,56.661000,-563.3789367675781,-96.24517828998887
front_sum_fy,N,56.727000,-441.2447814941406,-70.59161570389514
front_sum_fy,N,56.793000,55.803144454956055,7.683479319708358
front_sum_fy,N,56.859000,-163.70494079589844,-23.514099529969027
front_sum_fy,N,56.925000,-454.0406494140625,-72.56637993330025
front_sum_fy,N,56.991000,-508.13145446777344,-84.18874546623715
front_sum_fy,N,57.057000,-55.998159408569336,-7.745633401708199
front_sum_fy,N,57.090000,-105.68460464477539,-14.88973869251032
front_sum_fy,N,57.123000,-419.4205627441406,-66.71555591011325
front_sum_fy,N,57.156000,-535.5589599609375,-90.06503987718492
front_sum_fy,N,57.189000,56.29772758483887,7.796827567790279
front_sum_fy,N,57.255000,-83.677734375,-11.796278367523154
front_sum_fy,N,57.288000,-95.9001579284668,-13.387520367032334
front_sum_fy,N,57.321000,-152.78506469726562,-21.80789671080904
front_sum_fy,N,57.354000,-138.51766204833984,-20.01168865826164
front_sum_fy,N,57.387000,-424.3666687011719,-68.08899533238053
front_sum_fy,N,57.453000,-392.8891906738281,-61.7966991481708
front_sum_fy,N,57.519000,187.0209197998047,27.109414503032063
front_sum_fy,N,57.684000,311.4999237060547,46.84962205671109
front_sum_fy,N,57.849000,-341.000732421875,-52.26426682013973
front_sum_fy,N,58.014000,-364.7201232910156,-56.582774195920024
front_sum_fy,N,58.179000,288.508056640625,43.35402371006357
front_sum_fy,N,58.344000,-667.8558349609375,-121.65826797730033
front_sum_fy,N,58.509000,-15.420010089874268,-2.172819484134008
front_sum_fy,N,58.674000,-432.6876983642578,-69.75197066047772
front_sum_fy,N,58.839000,-441.69091796875,-71.64416851726612
front_sum_fy,N,59.004000,-578.3823547363281,-100.51812062978065
front_sum_fy,N,59.169000,-552.2690124511719,-94.35307283026015
front_sum_fy,N,59.334000,4.981113433837891,0.6861288074675922
front_sum_fy,N,59.499000,-709.8273315429688,-132.00997471910117
front_sum_fy,N,59.664000,-477.4712829589844,-77.5962702771102
front_sum_fy,N,59.829000,-196.9759750366211,-28.352952000122848
front_sum_fy,N,59.993999,-656.9727172851562,-118.24130681234357
front_sum_fy,N,60.159000,-451.5181427001953,-72.40400386442285
front_sum_fy,N,60.324000,138.99440002441406,19.654528890340792
front_sum_fy,N,60.489000,-337.45896911621094,-51.60412875156908
front_sum_fy,N,60.654000,80.40856552124023,10.99842628305141
front_sum_fy,N,60.819000,-28.587772369384766,-3.985540227506692
front_sum_fy,N,60.983999,-286.6921844482422,-43.399395706669196
front_sum_fy,N,61.149000,-8.689312934875488,-1.2280763074094243
front_sum_fy,N,61.314000,20.02931022644043,2.8763675711208974
front_sum_fy,N,61.479000,-667.0532836914062,-123.65223886933744
front_sum_fy,N,61.644000,-50.76076126098633,-7.355429012787024
front_sum_fy,N,61.809000,-94.62391662597656,-14.02262038654564
front_sum_fy,N,61.974000,-744.9007568359375,-149.72039476401898
front_sum_fy,N,62.139000,162.68287658691406,24.857849753084338
front_sum_fy,N,62.304000,-268.97535705566406,-42.69769600586033
front_sum_fy,N,62.469000,-648.5042419433594,-123.3203938506694
front_sum_fy,N,62.634000,-211.76712036132812,-32.91353036516618
front_sum_fy,N,62.799000,-725.8504333496094,-147.20991669329098
front_sum_fy,N,62.964000,-629.8987121582031,-119.03757375534516
front_sum_fy,N,63.128999,-357.8435974121094,-59.56731141668247
front_sum_fy,N,63.294000,-272.94024658203125,-44.13959857871319
front_sum_fy,N,63.459000,-465.6005859375,-81.2992926176221
front_sum_fy,N,63.624000,-111.39656448364258,-17.280303245708616
front_sum_fy,N,63.789000,-180.82997131347656,-28.405497050033734
front_sum_fy,N,63.954000,-270.56028747558594,-43.797466627244546
front_sum_fy,N,64.118999,18.755745887756348,2.946813694162258
front_sum_fy,N,64.284000,-384.2342987060547,-64.41745288681007
front_sum_fy,N,64.449000,-256.9359436035156,-40.71416855076802
front_sum_fy,N,64.614000,250.4250946044922,39.87758439621954
front_sum_fy,N,64.779000,-240.66156768798828,-38.26987660698012
front_sum_fy,N,64.944000,-554.8729553222656,-101.19713616769016
front_sum_fy,N,65.108999,54.8718204498291,8.584577108373946
front_sum_fy,N,65.273999,374.4182434082031,62.982636161826235
front_sum_fy,N,65.439000,-212.42823791503906,-33.96095755148771
front_sum_fy,N,65.604000,36.501834869384766,5.65129949578719
front_sum_fy,N,65.769000,-197.45972442626953,-31.175223402450552
front_sum_fy,N,65.934000,-267.1959991455078,-42.402051251283524
front_sum_fy,N,66.099000,134.03750610351562,20.826470576660704
front_sum_fy,N,66.263999,-388.7330780029297,-64.19652013921188
front_sum_fy,N,66.429000,-198.57164001464844,-30.62930004039338
front_sum_fy,N,66.594000,291.57269287109375,45.421220323848814
front_sum_fy,N,66.759000,128.35515213012695,18.93389184280867
front_sum_fy,N,66.924000,-732.8692016601562,-140.87753785284062
front_sum_fy,N,67.089000,-441.23182678222656,-71.6522827257204
front_sum_fy,N,67.253999,5.057803153991699,0.8117501046484272
front_sum_fy,N,67.419000,-367.0927734375,-57.42299023554672
front_sum_fy,N,67.584000,-419.8533477783203,-66.56445369482884
front_sum_fy,N,67.749000,410.3850860595703,64.25327484372947
front_sum_fy,N,67.914000,617.7070617675781,108.3369653965745
front_sum_fy,N,68.079000,199.57171630859375,28.966968455360217
front_sum_fy,N,68.243999,269.4998779296875,39.90693152216634
front_sum_fy,N,68.408999,-224.90811920166016,-32.66455618423488
front_sum_fy,N,68.574000,-668.6041259765625,-121.85246855821299
front_sum_fy,N,68.739000,-93.03614807128906,-13.426571816246966
front_sum_fy,N,68.904000,-513.3380432128906,-86.71022966002302
front_sum_fy,N,69.069000,-789.7854309082031,-163.2809655377701
front_sum_fy,N,69.233999,-219.43549346923828,-33.88785610248573
front_sum_fy,N,69.398999,-729.1578063964844,-141.3168702523253
front_sum_fy,N,69.564000,-923.4365539550781,-225.19157955346145
front_sum_fy,N,69.729000,-720.6163940429688,-138.91307722238162
front_sum_fy,N,69.894000,-293.4940185546875,-43.99783482098639
front_sum_fy,N,70.059000,-523.5108947753906,-87.55789210814729
front_sum_fy,N,70.224000,67.3254623413086,9.200408056073773
front_sum_fy,N,70.388999,365.896240234375,56.909980794634976
front_sum_fy,N,70.553999,824.8939514160156,167.75573497772996
front_sum_fy,N,70.719000,618.8819274902344,107.91870239708524
front_sum_fy,N,70.884000,362.2264862060547,56.143052025826044
front_sum_fy,N,71.049000,580.4547119140625,100.39105078600195
front_sum_fy,N,71.214000,72.28590393066406,10.105082050903825
front_sum_fy,N,71.378999,-820.0260925292969,-170.63292732054
front_sum_fy,N,71.543999,-573.2112121582031,-99.85761432651954
front_sum_fy,N,71.709000,-670.0440673828125,-124.35730804720168
front_sum_fy,N,72.039000,-817.5451354980469,-181.95840011090468
front_sum_fy,N,72.204000,-521.9933013916016,-93.93605663106837
front_sum_fy,N,72.368999,-798.6593017578125,-168.86064082917042
front_sum_fy,N,72.533999,-948.2144470214844,-273.1092982856187
front_sum_fy,N,72.699000,-822.9759826660156,-186.17441841151322
front_sum_fy,N,72.864000,-905.7078247070312,-217.2560909358367
front_sum_fy,N,73.029000,-927.9142761230469,-243.52489633634565
front_sum_fy,N,73.194000,-930.7157592773438,-230.0286396004877
front_sum_fy,N,73.358999,-973.6561279296875,-296.07647797126145
front_sum_fy,N,73.523999,-829.1943054199219,-170.45488603308266
front_sum_fy,N,73.688999,-584.2631225585938,-101.48851031874429
front_sum_fy,N,73.854000,-112.3084831237793,-16.299012007715984
front_sum_fy,N,74.019000,-446.83445739746094,-74.53316462803303
front_sum_fy,N,74.349000,1007.0606079101562,241.06991357278167
front_sum_fy,N,74.513999,1056.0870361328125,321.49510732672627
front_sum_fy,N,74.678999,982.7511901855469,367.2573380982917
front_sum_fy,N,74.844000,932.7278137207031,391.68433118689444
front_sum_fy,N,75.174000,819.1942443847656,400.8616151347031
front_sum_fy,N,75.339000,916.3230895996094,448.2939823932512
front_sum_fy,N,75.503999,839.9232482910156,390.93083915905424
front_sum_fy,N,75.668999,873.8978881835938,374.46953609152536
front_sum_fy,N,75.833999,980.6828308105469,371.9494404869408
front_sum_fy,N,75.999000,960.4249267578125,329.6406689000027
front_sum_fy,N,76.164000,976.6611633300781,268.9862440432563
front_sum_fy,N,76.493999,-401.44441986083984,-66.61587489586589
front_sum_fy,N,76.658999,-1032.5948181152344,-420.03715868222605
front_sum_fy,N,76.823999,-863.25537109375,-462.0541320913091
front_sum_fy,N,76.989000,-938.7094421386719,-517.8961619073572
front_sum_fy,N,77.154000,-907.2052001953125,-500.45211861709925
front_sum_fy,N,77.319000,-1182.1825256347656,-628.5329623202643
front_sum_fy,N,80.289000,6.5077574253082275,11.389861147964396
front_sum_fy,N,80.454000,8.748279809951782,9.921062089997505
front_sum_fy,N,80.618999,11.954840898513794,5.237576096568958
front_sum_fy,N,80.783999,-24.604443073272705,-10.264611440113496
front_sum_fy,N,80.948999,26.598398208618164,7.932063100391186
front_sum_fy,N,81.113999,-26.763601303100586,-5.633733485918353
front_sum_fy,N,81.279000,-6.405519962310791,-1.4302760639835328
front_sum_fy,N,81.444000,-62.22544479370117,-12.610365619053837
front_sum_fy,N,81.608999,-62.07725715637207,-12.00238499385119
front_sum_fy,N,81.773999,-85.54574203491211,-15.469644725344414
front_sum_fy,N,81.938999,-113.83358001708984,-18.25997581014154
front_sum_fy,N,82.103999,-147.01705932617188,-21.02114798380981
front_sum_fy,N,82.269000,-180.46637725830078,-27.016613498777765
front_sum_fy,N,82.434000,-226.219970703125,-34.28288660310402
front_sum_fy,N,82.599000,-358.3875732421875,-59.57604285398075
front_sum_fy,N,82.763999,-335.37945556640625,-53.50522193663228
front_sum_fy,N,82.928999,-503.4120330810547,-89.07144831465043
front_sum_fy,N,83.093999,-426.3815002441406,-98.04075028994708
front_sum_fy,N,83.259000,-542.2577362060547,-118.27743611251917
front_sum_fy,N,83.424000,-711.7101135253906,-132.8236905925189
front_sum_fy,N,83.589000,-760.5722961425781,-159.5993262163288
front_sum_fy,N,83.918999,-881.9622192382812,-217.4408951097932
front_sum_fy,N,84.083999,-822.6583557128906,-266.91013150258385
front_sum_fy,N,84.248999,-856.449462890625,-311.47663458429344
front_sum_fy,N,84.414000,-825.9686279296875,-377.44980233618975
front_sum_fy,N,84.579000,-735.2628784179688,-440.43982746769535
front_sum_fy,N,84.743999,-610.92529296875,-471.1264919774117
front_sum_fy,N,84.908999,-672.0039978027344,-482.62788175063247
front_sum_fy,N,85.073999,-743.38671875,-489.5587497042053
front_sum_fy,N,85.238999,-832.6796875,-507.4612879155601
front_sum_fy,N,85.404000,-856.3858642578125,-487.0401523444372
front_sum_fy,N,85.569000,-883.348388671875,-485.2253391889383
front_sum_fy,N,87.053999,4.790985107421875,8.450914917896075
front_sum_fy,N,87.218999,-12.872413158416748,-6.587708025282704
front_sum_fy,N,87.383999,4.974073886871338,3.9215147810165565
front_sum_fy,N,87.549000,-14.039940357208252,-7.5317950096622175
front_sum_fy,N,87.714000,-43.156256675720215,-12.058477904591783
front_sum_fy,N,87.878999,9.86736112833023,1.455610973828117
front_sum_fy,N,88.043999,-63.02581024169922,-15.583320829927374
front_sum_fy,N,88.208999,-31.066346168518066,-10.685933244419349
front_sum_fy,N,88.373999,-51.99467849731445,-14.394608367609049
front_sum_fy,N,88.539000,-75.01515197753906,-17.195280861043738
front_sum_fy,N,88.704000,-106.76047134399414,-20.255728770093533
front_sum_fy,N,88.868999,-142.7137451171875,-22.935996247720617
front_sum_fy,N,89.033999,-188.23684692382812,-28.160035239536477
front_sum_fy,N,89.198999,-223.98198699951172,-34.02432318121587
front_sum_fy,N,89.363999,-296.8933410644531,-46.29574451512079
front_sum_fy,N,89.528999,-335.7754211425781,-53.35644409251147
front_sum_fy,N,89.694000,-389.84979248046875,-64.54781713989289
front_sum_fy,N,89.858999,-472.17291259765625,-101.41319259367529
front_sum_fy,N,92.003999,8.933680057525635,5.8659510607276255
front_sum_fy,N,92.168999,-4.631913065910339,-5.1826976183359434
front_sum_fy,N,92.333999,-8.662947177886963,-14.39970628968481
front_sum_fy,N,92.498999,-71.53412342071533,-23.640137997694723
front_sum_fy,N,92.993999,-66.84208297729492,-116.000929439576
front_sum_fy,N,96.953999,8.463598847389221,15.101965155498526
front_sum_fy,N,100.583999,122.67167282104492,18.61380381625987
front_sum_fy,N,105.203999,-271.0878715515137,-76.06719404243881
front_sum_fy,N,108.503999,-102.67166519165039,-91.13672261546455
front_sum_fy,N,108.668999,-28.16088581085205,-46.19527496797836
front_sum_fy,N,115.763999,13.021897315979004,110.11710662846156
front_sum_fy,N,122.462999,59.122772216796875,169.3409106725457
front_sum_fy,N,140.612999,8.673249959945679,144.64283955479962
front_sum_fy,N,157.640999,12.510278701782227,165.64748909323578
front_sum_fy,N,216.611999,0.5633835941553116,8.486152558610769
front_sum_fy,N,229.877999,27.980817794799805,377.0219996520106
front_sum_fy,N,231.131999,3.2296807765960693,41.32575764749322
front_sum_fy,N,248.984998,24.786230087280273,372.7025634735448
front_sum_fy,N,258.125998,10.741222858428955,162.2751834638318
front_sum_fy,N,273.866998,-5.007943153381348,-81.48301792037802
front_sum_fy,N,318.317998,20.013051986694336,158.21415468452824
front_sum_fy,N,358.643998,-6.422805547714233,-109.95304828967362
front_sum_fy,N,421.211998,-14.564670085906982,-246.71536437409114
front_sum_fy,N,509.090997,30.197863578796387,401.69792294181343
front_sum_fy,N,530.672997,-8.712515830993652,-137.4968212519425
front_sum_fy,N,533.576997,59.60460948944092,398.8773038604405
front_sum_fy,N,540.209997,-25.251904487609863,-219.1802666797664
front_sum_fy,N,567.170997,29.611767768859863,262.5335493692686
front_sum_fy,N,606.935997,-46.670077323913574,-377.017240659919
front_sum_fy,N,622.280997,-18.977094888687134,-107.70726181219362
front_sum_fy,N,632.279996,16.535775661468506,163.26336665247285
front_sum_fy,N,636.866997,2.688768744468689,15.53067375028864
front_sum_fy,N,644.786996,-12.60314416885376,-214.91886701765148
front_sum_fy,N,663.563996,4.454247355461121,31.741885661295683
front_sum_fy,N,679.403996,29.57288932800293,164.33554202890002
front_sum_fy,N,704.285996,-9.245771646499634,-139.7878462473328
front_sum_fy,N,755.369996,-27.914247512817383,-369.4759575711888
front_sum_fy,N,764.114996,-15.291774272918701,-220.31098769771165
front_sum_fy,N,791.174996,104.22252941131592,258.7766186510611
front_sum_fy,N,846.449995,42.76844787597656,394.6360772243347
front_sum_fy,N,854.369995,25.88880157470703,259.56732828657346
front_sum_fy,N,895.916995,13.082479000091553,156.4509797339101
front_sum_fy,N,921.590995,94.09718704223633,390.8634084611333
front_sum_fy,N,950.663995,-26.202951431274414,-118.29337309362907
front_sum_fy,N,966.503995,2.478875994682312,26.90326655560814
front_sum_fy,N,981.518995,8.008511066436768,29.81340352837297
front_sum_fy,N,989.438995,1.522996187210083,20.56760426325473
front_sum_fy,N,1028.048994,62.095580101013184,158.07646018746337
front_sum_fy,N,1043.888994,3.0102797746658325,42.20638770606798
front_sum_fy,N,1055.570994,9.947161197662354,157.194720498407
front_sum_fy,N,1077.680994,16.76317834854126,167.50247729157292
front_sum_fy,N,1088.075994,-13.52104139328003,-231.34789409625625
front_sum_fy,N,1155.395994,85.43567752838135,389.46728828796586
front_sum_fy,N,1161.665994,-4.836374759674072,-82.00591654050339
front_sum_fy,N,1167.935994,-9.049882650375366,-137.24717650096156
front_sum_fy,N,1176.680994,-8.323550939559937,-111.60175593688034
front_sum_fy,N,1216.082993,-13.63105583190918,-233.3448462569234
front_sum_fy,N,1233.572993,9.30508041381836,111.65698259973337
front_sum_fy,N,1244.792993,96.46297550201416,267.9273557664196
front_sum_fy,N,1252.712993,24.583504676818848,275.4334323115082
front_sum_fy,N,1270.202993,-14.975690841674805,-219.2687624049542
front_sum_fy,N,1279.772993,1.0232085585594177,15.289006493363148
front_sum_fy,N,1288.517993,2.635200619697571,26.017401752313667
front_sum_fy,N,1332.572993,-20.69773769378662,-127.69204492591656
front_sum_fy,N,1340.492993,34.7664213180542,282.9446159716831
front_sum_fy,N,1346.762993,2.983649581670761,11.517189985801412
front_sum_fy,N,1353.857993,2.748469054698944,16.574389149822963
front_sum_fy,N,1360.952992,12.041948795318604,182.37249742127534
front_sum_fy,N,1370.522993,-23.379968404769897,-106.42162775274215
front_sum_fy,N,1422.695992,-11.560445308685303,-39.82947198232762
front_sum_fy,N,1433.915992,-0.01657268777489662,-0.2902350401521604
front_sum_fy,N,1438.502992,2.5201390981674194,25.490148153767684
front_sum_fy,N,1486.781992,-8.698562860488892,-113.71603013574759
front_sum_fy,N,1503.413992,3.5342061519622803,29.229181114107057
front_sum_fy,N,1517.108992,4.548086881637573,44.95879867059819
front_sum_fy,N,1537.898992,-26.404541015625,-379.8264868717174
front_sum_fy,N,1546.643991,-28.090203285217285,-219.45984440122368
front_sum_fy,N,1576.706991,-25.830711364746094,-220.44222334934295
front_sum_fy,N,1651.055991,44.07460975646973,283.31935309075095
front_sum_fy,N,1657.325991,-37.32239389419556,-115.77103575345154
front_sum_fy,N,1680.260991,-25.71751594543457,-365.47976373044685
front_sum_fy,N,1686.530991,98.5835542678833,255.94475870511448
front_sum_fy,N,1701.050991,2.6397032737731934,30.656998077794107
front_sum_fy,N,1725.140990,-15.486884593963623,-130.2584001633828
front_sum_fy,N,1732.631990,-24.487701416015625,-365.9612240504955
front_sum_fy,N,1743.455991,-24.52102279663086,-375.65079537593357
front_sum_fy,N,1788.797990,1.8857831954956055,17.525739604033692
front_sum_fy,N,1804.538990,42.26783895492554,179.34531620608027
front_sum_fy,N,1837.340990,-56.288299560546875,-120.20658068765538
front_sum_fy,N,1844.435990,-13.555357456207275,-232.97169544592688
front_sum_fy,N,1862.387990,3.1802127361297607,42.947366711115066
front_sum_fy,N,1867.832990,18.739026069641113,250.76539381497986
front_sum_fy,N,1874.102990,124.72787857055664,404.48501646542974
front_sum_fy,N,1908.191990,-92.19775581359863,-363.2715658926555
front_sum_fy,N,1926.011990,9.702609896659851,29.4961286959568
front_sum_fy,N,1936.406989,2.428427517414093,31.416841500761528
front_sum_fy,N,1960.958989,9.371417999267578,24.203463372645864
front_sum_fy,N,1979.273989,50.34278678894043,160.95003761381344
front_sum_fy,N,2019.632989,-38.017982482910156,-211.68804167326044
front_sum_fy,N,2037.914989,-23.8620662689209,-107.90298834662323
front_sum_fy,N,2052.500989,12.955871105194092,117.45706619027337
front_sum_fy,N,2067.944989,-9.795725584030151,-117.66307802319369
front_sum_fy,N,2091.671988,11.249606847763062,119.70533560225617
front_sum_fy,N,2118.599988,4.636339783668518,26.83641374108887
front_sum_fy,N,2163.413988,-17.142622470855713,-243.10962717102524
front_sum_fy,N,2200.505988,-27.789493560791016,-364.977394694964
rear_sum_fy,N,0.000000,-18.698007583618164,-2.7516119895638456
rear_sum_fy,N,0.165000,-26.418482780456543,-3.919811480783822
rear_sum_fy,N,0.330000,-28.213274002075195,-4.173850431346234
rear_sum_fy,N,0.495000,-27.290019989013672,-4.039362711209725
rear_sum_fy,N,0.660000,-22.172956466674805,-3.2904138650590213
rear_sum_fy,N,0.825000,-16.968021392822266,-2.521507429290107
rear_sum_fy,N,0.990000,-11.876290321350098,-1.7621827790998386
rear_sum_fy,N,1.155000,-8.00192904472351,-1.178376921450525
rear_sum_fy,N,1.320000,-4.00340473651886,-0.5864187213768642
rear_sum_fy,N,1.485000,-1.6556747555732727,-0.24130343638889146
rear_sum_fy,N,1.650000,-0.1337975338101387,-0.019291783450433368
rear_sum_fy,N,1.815000,2.2566025257110596,0.32501999675108667
rear_sum_fy,N,1.980000,28.674721717834473,4.1519887986293895
rear_sum_fy,N,2.145000,13.62999963760376,1.9598095983352444
rear_sum_fy,N,2.310000,-5.727850914001465,-0.8434366579557211
rear_sum_fy,N,2.475000,34.1064567565918,5.116939420186666
rear_sum_fy,N,2.640000,-0.5954989790916443,-0.08949488154202119
rear_sum_fy,N,2.805000,26.77297019958496,4.049708911990301
rear_sum_fy,N,2.970000,14.000585079193115,2.1294426351744677
rear_sum_fy,N,3.135000,-0.6317201554775238,-0.09650649276883919
rear_sum_fy,N,3.300000,29.751660346984863,4.623715126970927
rear_sum_fy,N,3.465000,9.434805393218994,1.464037506836651
rear_sum_fy,N,3.630000,58.33411407470703,9.050316723243753
rear_sum_fy,N,3.795000,-16.632542610168457,-2.615115716820465
rear_sum_fy,N,3.960000,66.4727897644043,10.385484876924592
rear_sum_fy,N,4.125000,28.497464179992676,4.496209878535655
rear_sum_fy,N,4.290000,119.78802108764648,18.615865996350365
rear_sum_fy,N,4.455000,-42.67433738708496,-6.725280770617485
rear_sum_fy,N,4.620000,183.40206146240234,29.65078837203088
rear_sum_fy,N,4.785000,17.572601318359375,2.809209547950182
rear_sum_fy,N,4.950000,200.1438751220703,32.49959540415793
rear_sum_fy,N,5.115000,190.02220916748047,31.1152246401994
rear_sum_fy,N,5.280000,278.61293029785156,46.98041967807451
rear_sum_fy,N,5.445000,358.2681579589844,61.38398875699714
rear_sum_fy,N,5.610000,431.3611755371094,76.2449992220242
rear_sum_fy,N,5.775000,453.855712890625,80.1538662274855
rear_sum_fy,N,5.940000,582.371826171875,106.67515531784423
rear_sum_fy,N,6.105000,517.9963836669922,89.11733379200223
rear_sum_fy,N,6.270000,671.2990417480469,125.89280306592256
rear_sum_fy,N,6.435000,824.0404968261719,175.5862277166638
rear_sum_fy,N,6.765000,468.17938232421875,77.25193535181444
rear_sum_fy,N,6.930000,703.6834411621094,134.77926873277698
rear_sum_fy,N,7.095000,777.998046875,160.6732902712537
rear_sum_fy,N,7.260000,456.0580596923828,76.09278722420066
rear_sum_fy,N,7.425000,-236.34528350830078,-36.02645698998268
rear_sum_fy,N,7.590000,-163.34149169921875,-24.579239067827736
rear_sum_fy,N,7.755000,279.5850067138672,43.338041027154574
rear_sum_fy,N,7.920000,-80.20435333251953,-11.942253653773957
rear_sum_fy,N,8.085000,-417.2991180419922,-69.84101278973102
rear_sum_fy,N,8.250000,-209.56070709228516,-33.657134072307166
rear_sum_fy,N,8.415000,-297.9055938720703,-59.45083124983552
rear_sum_fy,N,8.580000,278.3059997558594,45.06706649481421
rear_sum_fy,N,8.745000,-3.785735011100769,-0.585727455700484
rear_sum_fy,N,8.910000,-303.8389434814453,-50.26003357599608
rear_sum_fy,N,9.075000,-79.0732192993164,-12.58201548731306
rear_sum_fy,N,9.240000,-311.6980285644531,-50.29199283940888
rear_sum_fy,N,9.405000,-655.017822265625,-123.6416733983188
rear_sum_fy,N,9.570000,-448.9376220703125,-73.26924145143389
rear_sum_fy,N,9.735000,302.2093505859375,45.617227587021645
rear_sum_fy,N,9.900000,746.6405639648438,146.84068572507147
rear_sum_fy,N,10.065000,805.8504333496094,170.40651543922257
rear_sum_fy,N,10.230000,847.3355102539062,188.21589731985773
rear_sum_fy,N,10.395000,858.812744140625,197.25292788930085
rear_sum_fy,N,10.560000,829.8920288085938,185.08781279545195
rear_sum_fy,N,10.725000,768.0299987792969,159.55208877900742
rear_sum_fy,N,10.890000,608.4088134765625,111.41064642711348
rear_sum_fy,N,11.055000,406.1341247558594,66.67194280585403
rear_sum_fy,N,11.220000,251.84317779541016,39.251925231300206
rear_sum_fy,N,11.385000,47.78313446044922,7.248059046030656
rear_sum_fy,N,11.550000,174.20933532714844,27.02855057496968
rear_sum_fy,N,11.715000,-172.22115325927734,-26.847383616592204
rear_sum_fy,N,11.880000,54.66830825805664,8.397449281720487
rear_sum_fy,N,12.045000,193.39836883544922,30.384279700970776
rear_sum_fy,N,12.210000,-193.61698150634766,-30.854459762719372
rear_sum_fy,N,12.375000,53.146345138549805,8.348219807249713
rear_sum_fy,N,12.540000,117.1995849609375,18.692806400965253
rear_sum_fy,N,12.705000,-239.92806243896484,-39.162033267845985
rear_sum_fy,N,12.870000,50.05194282531738,7.847409855431949
rear_sum_fy,N,13.035000,244.64917755126953,40.35109100356287
rear_sum_fy,N,13.200000,-81.27428436279297,-13.009431824912152
rear_sum_fy,N,13.365000,-37.56230926513672,-5.965738154746454
rear_sum_fy,N,13.530000,2.912575364112854,0.46587462584456596
rear_sum_fy,N,13.695000,-29.035189628601074,-4.481007455450003
rear_sum_fy,N,13.860000,-124.23347854614258,-19.844558874796565
rear_sum_fy,N,14.025000,-95.78397369384766,-15.314624341242677
rear_sum_fy,N,14.190000,-14.441751480102539,-2.3219892808173546
rear_sum_fy,N,14.355000,8.977533340454102,1.4383473186718811
rear_sum_fy,N,14.520000,-76.73517608642578,-12.346984669727838
rear_sum_fy,N,14.685000,96.38145065307617,15.496467968274196
rear_sum_fy,N,14.850000,-131.45654296875,-21.41937775099543
rear_sum_fy,N,15.015000,-71.27274322509766,-11.168125426070958
rear_sum_fy,N,15.180000,358.38665771484375,60.5841213552731
rear_sum_fy,N,15.345000,80.21925354003906,12.405591686256907
rear_sum_fy,N,15.510000,-469.42529296875,-82.45106135209429
rear_sum_fy,N,15.675000,85.65332794189453,13.021196132804155
rear_sum_fy,N,15.840000,547.5372619628906,98.5203379750206
rear_sum_fy,N,16.005000,-370.35009765625,-59.02130758067632
rear_sum_fy,N,16.170000,-763.79638671875,-160.20656356886911
rear_sum_fy,N,16.335000,-463.5961151123047,-77.6571207589983
rear_sum_fy,N,16.500000,665.9774780273438,124.94124995659087
rear_sum_fy,N,16.665000,701.8332824707031,133.60872385071292
rear_sum_fy,N,16.830000,-450.7764587402344,-72.56146263625294
rear_sum_fy,N,16.995000,-640.3785705566406,-116.04689015042625
rear_sum_fy,N,17.160000,253.23770904541016,37.36920503069959
rear_sum_fy,N,17.325000,763.2998657226562,152.367640960274
rear_sum_fy,N,17.490000,270.87791442871094,40.77409209783745
rear_sum_fy,N,17.655000,-743.3230895996094,-146.59951699500115
rear_sum_fy,N,17.820000,-799.55712890625,-166.8402307466698
rear_sum_fy,N,17.985000,92.9095344543457,13.29448680543474
rear_sum_fy,N,18.150000,778.94970703125,163.43893375394745
rear_sum_fy,N,18.315000,671.0203857421875,127.78429422336339
rear_sum_fy,N,18.480000,-82.98274230957031,-12.630682205006597
rear_sum_fy,N,18.645000,198.77342987060547,30.66012623678916
rear_sum_fy,N,18.810000,186.90786743164062,28.679582243028303
rear_sum_fy,N,18.975000,-643.2838134765625,-122.94299362620634
rear_sum_fy,N,19.140000,-771.9811706542969,-163.13683099302824
rear_sum_fy,N,19.305000,-276.2182922363281,-41.093265658875055
rear_sum_fy,N,19.470000,199.3548355102539,29.144319851153647
rear_sum_fy,N,19.635000,-358.4153594970703,-55.61720882840166
rear_sum_fy,N,19.800000,83.04105758666992,11.550058373317992
rear_sum_fy,N,19.965000,741.752197265625,147.03579625657767
rear_sum_fy,N,20.130000,851.1707763671875,190.73941017152887
rear_sum_fy,N,20.295000,259.39219665527344,38.65570074034039
rear_sum_fy,N,20.460000,-563.4644470214844,-97.15340429753287
rear_sum_fy,N,20.625000,-127.73575210571289,-17.97424573621827
rear_sum_fy,N,20.790000,-249.9461212158203,-37.367774202752955
rear_sum_fy,N,20.955000,-689.8300476074219,-132.8233619113532
rear_sum_fy,N,21.054000,-737.489013671875,-148.62278397366367
rear_sum_fy,N,21.120000,-646.4161682128906,-120.89750078412945
rear_sum_fy,N,21.186000,-355.26885986328125,-56.764190165507884
rear_sum_fy,N,21.219000,-78.48596954345703,-11.536584851354498
rear_sum_fy,N,21.351000,648.2426147460938,123.43275666611956
rear_sum_fy,N,21.516000,778.2185668945312,165.83664638934545
rear_sum_fy,N,21.681000,70.07932662963867,10.577023985874074
rear_sum_fy,N,21.846000,-305.9162902832031,-48.543266922264735
rear_sum_fy,N,22.011000,261.8778305053711,40.70697178308165
rear_sum_fy,N,22.077000,380.03668212890625,61.890146841875094
rear_sum_fy,N,22.143000,384.62437438964844,62.9586505491429
rear_sum_fy,N,22.176000,304.5862731933594,48.014015457677544
rear_sum_fy,N,22.209000,148.620361328125,22.163658959736793
rear_sum_fy,N,22.242000,-81.31283569335938,-11.777016522999222
rear_sum_fy,N,22.308000,-498.47108459472656,-83.90383967500831
rear_sum_fy,N,22.341000,-633.7614440917969,-116.0435754102639
rear_sum_fy,N,22.374000,-713.7666015625,-138.67046164173982
rear_sum_fy,N,22.506000,-822.1476135253906,-175.23028112558444
rear_sum_fy,N,22.671000,-386.35772705078125,-61.15676910175341
rear_sum_fy,N,22.836000,281.29991149902344,42.359321864333666
rear_sum_fy,N,23.001000,180.1300506591797,26.458116811071285
rear_sum_fy,N,23.166000,462.63873291015625,76.26649650326962
rear_sum_fy,N,23.331000,62.272972106933594,8.652177114730383
rear_sum_fy,N,23.496000,223.7476043701172,32.659441461334566
rear_sum_fy,N,23.661000,462.04722595214844,75.02091217800889
rear_sum_fy,N,23.826000,-416.4504089355469,-67.3743968151258
rear_sum_fy,N,23.991000,-851.08935546875,-193.45528645819437
rear_sum_fy,N,24.156000,-730.4581298828125,-144.75245764638785
rear_sum_fy,N,24.321000,480.3634338378906,81.63106756298927
rear_sum_fy,N,24.486000,751.5830383300781,156.56157285998847
rear_sum_fy,N,24.651000,425.19435119628906,70.64238792051697
rear_sum_fy,N,24.816000,12.827842712402344,1.9409397232382597
rear_sum_fy,N,24.981000,-116.75303649902344,-17.838794528179534
rear_sum_fy,N,25.146000,-510.6850280761719,-89.49968288292598
rear_sum_fy,N,25.311000,-206.29776000976562,-31.339592587235174
rear_sum_fy,N,25.476000,225.42321014404297,33.63260121783637
rear_sum_fy,N,25.641000,-385.2274475097656,-61.190172136587634
rear_sum_fy,N,25.806000,-250.2340545654297,-36.36947701688612
rear_sum_fy,N,25.971000,590.7747497558594,104.10623745569009
rear_sum_fy,N,26.136000,701.2149658203125,134.36495929817139
rear_sum_fy,N,26.301000,-235.41676330566406,-35.259053694534146
rear_sum_fy,N,26.400000,-701.8568420410156,-133.43443196848415
rear_sum_fy,N,26.532000,-858.002685546875,-191.47838489908958
rear_sum_fy,N,26.565000,-855.5791015625,-190.02532904829093
rear_sum_fy,N,26.598000,-837.6962890625,-181.82991955977974
rear_sum_fy,N,26.631000,-816.920166015625,-171.3666148376728
rear_sum_fy,N,26.697000,-616.2657775878906,-109.924147585535
rear_sum_fy,N,26.730000,-437.2897033691406,-70.13226870565347
rear_sum_fy,N,26.763000,-217.8674774169922,-31.544687875061513
rear_sum_fy,N,26.895000,396.0399932861328,62.42379306126067
rear_sum_fy,N,26.994000,159.80792999267578,23.00034523703109
rear_sum_fy,N,27.126000,-136.34063720703125,-19.506962356729687
rear_sum_fy,N,27.192000,57.65963554382324,8.222633130709598
rear_sum_fy,N,27.225000,189.01334381103516,27.904646295828574
rear_sum_fy,N,27.324000,585.6324157714844,105.47303213907338
rear_sum_fy,N,27.390000,720.7029113769531,144.49680148029603
rear_sum_fy,N,27.456000,808.852294921875,179.15807429992464
rear_sum_fy,N,27.489000,811.4796142578125,181.59132156148496
rear_sum_fy,N,27.555000,798.751953125,174.25692566423476
rear_sum_fy,N,27.588000,762.1501770019531,159.01643148687182
rear_sum_fy,N,27.621000,694.3464660644531,136.2028783322397
rear_sum_fy,N,27.687000,386.3084716796875,62.313290350254476
rear_sum_fy,N,27.720000,138.10354614257812,20.491711439992702
rear_sum_fy,N,27.753000,-126.25445938110352,-18.6848438958854
rear_sum_fy,N,27.786000,-335.2719421386719,-53.54842400595987
rear_sum_fy,N,27.819000,-480.6076965332031,-82.73111047320293
rear_sum_fy,N,27.885000,-608.5738525390625,-114.00837288800132
rear_sum_fy,N,27.918000,-610.0382385253906,-114.66913681879763
rear_sum_fy,N,27.951000,-572.9473571777344,-105.19266617225199
rear_sum_fy,N,28.017000,-392.8638610839844,-65.76892751970756
rear_sum_fy,N,28.083000,-207.9190673828125,-32.25353880186971
rear_sum_fy,N,28.116000,-146.34942626953125,-22.53164167908801
rear_sum_fy,N,28.149000,-108.29013061523438,-16.543291537399558
rear_sum_fy,N,28.215000,-178.669921875,-27.69173622412393
rear_sum_fy,N,28.281000,-326.3961486816406,-52.50309278495787
rear_sum_fy,N,28.314000,-401.41314697265625,-66.59040820754491
rear_sum_fy,N,28.347000,-462.06202697753906,-78.64467488654546
rear_sum_fy,N,28.413000,-485.6873016357422,-83.02996672234072
rear_sum_fy,N,28.479000,-318.50621032714844,-50.553921371730624
rear_sum_fy,N,28.512000,-137.06520080566406,-20.162982620055686
rear_sum_fy,N,28.545000,70.04964065551758,10.09934917292561
rear_sum_fy,N,28.611000,304.5094451904297,46.97462500110145
rear_sum_fy,N,28.677000,273.0406799316406,41.41612857877874
rear_sum_fy,N,28.710000,185.61560821533203,27.223568918994104
rear_sum_fy,N,28.743000,55.48922538757324,7.821375996926202
rear_sum_fy,N,28.809000,-242.64058685302734,-36.025165532588176
rear_sum_fy,N,28.875000,-353.54150390625,-54.177515373555536
rear_sum_fy,N,28.941000,-361.79566955566406,-55.55822850328106
rear_sum_fy,N,29.007000,-198.94144439697266,-28.93249378145517
rear_sum_fy,N,29.040000,-36.85909652709961,-5.100095184510553
rear_sum_fy,N,29.073000,143.40424346923828,20.529323466779296
rear_sum_fy,N,29.139000,424.62550354003906,68.30837030085254
rear_sum_fy,N,29.205000,520.3126831054688,87.44714721105265
rear_sum_fy,N,29.238000,511.50477600097656,85.8985473761339
rear_sum_fy,N,29.271000,450.0124053955078,73.41102106267763
rear_sum_fy,N,29.304000,351.65623474121094,56.569580486741216
rear_sum_fy,N,29.337000,196.923095703125,30.01311533636911
rear_sum_fy,N,29.403000,-120.05284118652344,-17.70950400617821
rear_sum_fy,N,29.436000,-183.87567138671875,-26.596356371622846
rear_sum_fy,N,29.469000,-204.8032455444336,-30.030859063505225
rear_sum_fy,N,29.502000,-191.1270523071289,-27.904874066504327
rear_sum_fy,N,29.535000,-151.00901794433594,-21.757827947904445
rear_sum_fy,N,29.601000,84.74900436401367,11.832578224250824
rear_sum_fy,N,29.634000,237.45361328125,34.77516802676318
rear_sum_fy,N,29.667000,374.1781921386719,57.94048043595876
rear_sum_fy,N,29.733000,523.5548095703125,88.49597549465715
rear_sum_fy,N,29.799000,484.01641845703125,79.98618472951784
rear_sum_fy,N,29.898000,100.89352416992188,14.09266281191241
rear_sum_fy,N,30.030000,-529.255859375,-89.36008415847314
rear_sum_fy,N,30.195000,-673.2640991210938,-125.82026836754116
rear_sum_fy,N,30.360000,-130.77940368652344,-18.799423446505358
rear_sum_fy,N,30.525000,560.0685729980469,98.71995341648659
rear_sum_fy,N,30.690000,412.6263427734375,67.2046101344706
rear_sum_fy,N,30.855000,-526.993896484375,-92.30806564801314
rear_sum_fy,N,31.020000,-685.6313781738281,-135.66576637685262
rear_sum_fy,N,31.185000,-13.311832904815674,-1.9676147112367275
rear_sum_fy,N,31.350000,810.1409606933594,183.9839415608186
rear_sum_fy,N,31.482000,869.6233215332031,224.28704743894068
rear_sum_fy,N,31.647000,656.7325439453125,122.85210114526787
rear_sum_fy,N,31.713000,166.3833770751953,24.18946081475385
rear_sum_fy,N,31.746000,-142.8231658935547,-20.591132231274166
rear_sum_fy,N,31.779000,-367.5630187988281,-58.595236461737976
rear_sum_fy,N,31.845000,-624.1798706054688,-114.04570466657904
rear_sum_fy,N,31.911000,-712.4525756835938,-137.94252495637016
rear_sum_fy,N,31.944000,-698.7731018066406,-133.45354758311277
rear_sum_fy,N,31.977000,-646.3308410644531,-118.51266021231683
rear_sum_fy,N,32.043000,-419.44606018066406,-66.35190668840727
rear_sum_fy,N,32.076000,-296.60960388183594,-44.30247810639304
rear_sum_fy,N,32.109000,-179.5559310913086,-25.54792368006764
rear_sum_fy,N,32.175000,47.000831604003906,6.332090072668764
rear_sum_fy,N,32.241000,199.6709442138672,28.945590101447195
rear_sum_fy,N,32.274000,195.82938385009766,28.324567621680174
rear_sum_fy,N,32.307000,135.1600112915039,19.200588751501176
rear_sum_fy,N,32.340000,6.627479791641235,0.9211179697552354
rear_sum_fy,N,32.373000,-173.4866714477539,-25.454104990517713
rear_sum_fy,N,32.439000,-498.4854431152344,-83.6000792153618
rear_sum_fy,N,32.472000,-605.0133056640625,-107.9420038589737
rear_sum_fy,N,32.505000,-691.5916137695312,-131.32423474239175
rear_sum_fy,N,32.538000,-722.2608032226562,-140.16359728231788
rear_sum_fy,N,32.571000,-728.9684753417969,-142.4651032650919
rear_sum_fy,N,32.637000,-696.0526428222656,-133.20331738331652
rear_sum_fy,N,32.670000,-644.5823669433594,-118.93973134121586
rear_sum_fy,N,32.703000,-540.7052612304688,-93.64001468141873
rear_sum_fy,N,32.769000,-115.70171356201172,-16.83025282102342
rear_sum_fy,N,32.835000,401.2899169921875,64.0115342390817
rear_sum_fy,N,32.868000,545.1367492675781,93.3979811397827
rear_sum_fy,N,32.901000,633.2699890136719,114.33805883868035
rear_sum_fy,N,32.967000,688.5912475585938,129.18343917991615
rear_sum_fy,N,33.033000,653.1806640625,119.35383167357273
rear_sum_fy,N,33.066000,583.4671630859375,101.80077816608295
rear_sum_fy,N,33.099000,463.7995910644531,75.63604087565136
rear_sum_fy,N,33.165000,185.8791046142578,26.805827096639657
rear_sum_fy,N,33.231000,-72.35514831542969,-9.974501947519553
rear_sum_fy,N,33.264000,-109.00740051269531,-15.327846385579765
rear_sum_fy,N,33.297000,-82.85136413574219,-11.559778336104161
rear_sum_fy,N,33.330000,11.158151626586914,1.5334029711464994
rear_sum_fy,N,33.396000,272.07188415527344,40.62861179279237
rear_sum_fy,N,33.429000,385.8208923339844,60.67338922715039
rear_sum_fy,N,33.462000,455.55052185058594,74.17219121983835
rear_sum_fy,N,33.495000,484.41041564941406,79.71823917641498
rear_sum_fy,N,33.561000,403.11474609375,63.71484251812565
rear_sum_fy,N,33.594000,295.7639465332031,44.55619886300835
rear_sum_fy,N,33.627000,142.05413055419922,19.969843843826915
rear_sum_fy,N,33.660000,-72.72526550292969,-9.982978882659413
rear_sum_fy,N,33.693000,-281.34417724609375,-41.95244776426635
rear_sum_fy,N,33.759000,-550.1580505371094,-94.3210386070916
rear_sum_fy,N,33.792000,-635.1070251464844,-114.71296919006866
rear_sum_fy,N,33.825000,-696.3278503417969,-131.32102018738914
rear_sum_fy,N,33.891000,-738.3847045898438,-143.91637486361964
rear_sum_fy,N,33.957000,-659.5110778808594,-121.29571807740524
rear_sum_fy,N,33.990000,-557.2787170410156,-96.24623039070363
rear_sum_fy,N,34.023000,-418.7346649169922,-67.78771071365409
rear_sum_fy,N,34.089000,-81.70771026611328,-11.785142622163287
rear_sum_fy,N,34.155000,74.59355545043945,10.708473204278711
rear_sum_fy,N,34.188000,84.83760070800781,12.26580822886304
rear_sum_fy,N,34.221000,63.34646224975586,9.211699445762264
rear_sum_fy,N,34.287000,-63.31145668029785,-9.37394805757937
rear_sum_fy,N,34.353000,-72.76788711547852,-10.885396088964612
rear_sum_fy,N,34.386000,-42.543792724609375,-6.373637080637021
rear_sum_fy,N,34.551000,320.6272735595703,51.882196881001605
rear_sum_fy,N,34.716000,275.96629333496094,44.57914032473343
rear_sum_fy,N,34.881000,323.38128662109375,53.29805075460085
rear_sum_fy,N,35.046000,260.34851837158203,41.897955744568506
rear_sum_fy,N,35.211000,259.06310272216797,41.62535108401275
rear_sum_fy,N,35.376000,-33.69308280944824,-5.209356444738421
rear_sum_fy,N,35.541000,280.43316650390625,44.99606298246897
rear_sum_fy,N,35.706000,233.99131774902344,36.633186208830836
rear_sum_fy,N,35.871000,-331.0008544921875,-51.82973597363981
rear_sum_fy,N,36.036000,8.788947582244873,1.2225403024441999
rear_sum_fy,N,36.201000,326.47923278808594,49.48195041050052
rear_sum_fy,N,36.333000,-43.65268516540527,-5.905808245627254
rear_sum_fy,N,36.399000,-294.15293884277344,-44.36094376913948
rear_sum_fy,N,36.432000,-359.1922912597656,-55.75804771056525
rear_sum_fy,N,36.465000,-393.5229949951172,-62.06407468500194
rear_sum_fy,N,36.531000,-408.9826354980469,-65.10684910933877
rear_sum_fy,N,36.564000,-358.02496337890625,-55.50165562128777
rear_sum_fy,N,36.597000,-264.84461975097656,-39.242838874497465
rear_sum_fy,N,36.630000,-115.27580642700195,-16.20217524103178
rear_sum_fy,N,36.663000,81.0532455444336,11.286467764726666
rear_sum_fy,N,36.729000,407.0686950683594,64.82140834820294
rear_sum_fy,N,36.762000,524.3664398193359,89.36933333527529
rear_sum_fy,N,36.795000,609.79345703125,109.6717243357126
rear_sum_fy,N,36.828000,650.1355590820312,120.01026761121025
rear_sum_fy,N,36.861000,689.5031127929688,131.58203483184843
rear_sum_fy,N,36.927000,686.34619140625,131.7757616500951
rear_sum_fy,N,36.960000,709.5028686523438,137.93471351627974
rear_sum_fy,N,36.993000,664.8742065429688,125.02620952312435
rear_sum_fy,N,37.059000,428.7961883544922,70.16169725579337
rear_sum_fy,N,37.125000,-4.598991632461548,-0.6653898471357762
rear_sum_fy,N,37.158000,-161.80335998535156,-24.00549883403948
rear_sum_fy,N,37.191000,-241.0261688232422,-36.508429727785725
rear_sum_fy,N,37.257000,-205.0858917236328,-31.244817400161395
rear_sum_fy,N,37.323000,-40.580820083618164,-5.975340217408608
rear_sum_fy,N,37.356000,85.64965057373047,12.708696000356003
rear_sum_fy,N,37.389000,229.29113006591797,35.277229060359545
rear_sum_fy,N,37.455000,512.8903503417969,90.1584503825013
rear_sum_fy,N,37.521000,705.7093505859375,142.53980869329945
rear_sum_fy,N,37.587000,807.6574401855469,183.48128594698045
rear_sum_fy,N,37.653000,850.0372009277344,207.13141119860245
rear_sum_fy,N,37.686000,843.376953125,212.8000593742351
rear_sum_fy,N,37.719000,852.5618286132812,219.9758549776996
rear_sum_fy,N,37.785000,876.3432922363281,229.74258221614377
rear_sum_fy,N,37.851000,875.0009765625,230.4429846278063
rear_sum_fy,N,37.884000,857.455322265625,225.57125743695428
rear_sum_fy,N,37.917000,863.9690246582031,226.62284780530746
rear_sum_fy,N,37.983000,871.7916870117188,219.7490878905749
rear_sum_fy,N,38.049000,854.2821350097656,209.45068015692456
rear_sum_fy,N,38.082000,851.8997497558594,204.64267607187406
rear_sum_fy,N,38.115000,881.1266784667969,228.55712530264708
rear_sum_fy,N,38.181000,862.3356628417969,205.12148466843547
rear_sum_fy,N,38.247000,860.6620178222656,202.17427905142125
rear_sum_fy,N,38.280000,860.8965148925781,201.4386060685223
rear_sum_fy,N,38.313000,869.2695922851562,203.39772371201641
rear_sum_fy,N,38.379000,887.4510498046875,209.0362877597762
rear_sum_fy,N,38.445000,889.3465576171875,209.86974990860452
rear_sum_fy,N,38.511000,885.6156005859375,204.02825364942035
rear_sum_fy,N,38.577000,876.1295471191406,199.7959324605923
rear_sum_fy,N,38.643000,874.7189636230469,199.94273799310798
rear_sum_fy,N,38.709000,832.8544616699219,184.11501677259528
rear_sum_fy,N,38.775000,843.4669189453125,184.28081233238652
rear_sum_fy,N,38.841000,829.656494140625,178.73803290089924
rear_sum_fy,N,38.907000,812.6308898925781,172.67851454758298
rear_sum_fy,N,38.973000,778.931884765625,162.11940336054704
rear_sum_fy,N,39.039000,741.6695251464844,150.28032649264287
rear_sum_fy,N,39.105000,730.1050109863281,148.06807216394895
rear_sum_fy,N,39.171000,708.6647338867188,141.02566954640025
rear_sum_fy,N,39.204000,719.06982421875,143.38516265701344
rear_sum_fy,N,39.237000,687.2615966796875,133.24723511688745
rear_sum_fy,N,39.303000,642.4371948242188,120.85777238536411
rear_sum_fy,N,39.369000,541.3031311035156,96.4630040712016
rear_sum_fy,N,39.402000,462.6340026855469,79.43940480719951
rear_sum_fy,N,39.435000,359.82850646972656,58.636673829528064
rear_sum_fy,N,39.501000,145.3358154296875,22.060783084730616
rear_sum_fy,N,39.567000,90.46492004394531,13.494766042493502
rear_sum_fy,N,39.600000,135.9209747314453,20.44013672464359
rear_sum_fy,N,39.633000,215.91000366210938,32.76814636321654
rear_sum_fy,N,39.699000,385.6980743408203,62.487519247644315
rear_sum_fy,N,39.765000,448.93748474121094,75.64004960567983
rear_sum_fy,N,39.831000,348.58544921875,56.183734794686714
rear_sum_fy,N,39.897000,172.36632537841797,26.447900366050227
rear_sum_fy,N,39.963000,99.2161750793457,14.993307789721943
rear_sum_fy,N,40.029000,185.93218994140625,28.56442958111251
rear_sum_fy,N,40.095000,331.67010498046875,53.478376126158466
rear_sum_fy,N,40.161000,352.68701171875,57.6482900007569
rear_sum_fy,N,40.227000,214.7114486694336,33.484466347111095
rear_sum_fy,N,40.293000,-9.487769603729248,-1.4384502671794257
rear_sum_fy,N,40.326000,-114.47803497314453,-17.55516395917084
rear_sum_fy,N,40.359000,-185.27276611328125,-28.83264971135653
rear_sum_fy,N,40.425000,-202.88777923583984,-31.84904693060085
rear_sum_fy,N,40.491000,-139.28672790527344,-21.650857542811266
rear_sum_fy,N,40.524000,-68.67834854125977,-10.606157635034684
rear_sum_fy,N,40.557000,31.120351791381836,4.799801649231404
rear_sum_fy,N,40.623000,280.67718505859375,45.26552052055323
rear_sum_fy,N,40.689000,506.10752868652344,90.76568798165448
rear_sum_fy,N,40.722000,544.4836730957031,99.9290755634745
rear_sum_fy,N,40.755000,570.4877624511719,106.91545087886286
rear_sum_fy,N,40.821000,635.9690246582031,127.28210480462758
rear_sum_fy,N,40.887000,510.81455993652344,93.69703922787974
rear_sum_fy,N,40.953000,408.4826202392578,71.65667470636683
rear_sum_fy,N,41.019000,253.69293975830078,41.83008341416827
rear_sum_fy,N,41.085000,32.42628288269043,5.099803448860042
rear_sum_fy,N,41.118000,-64.61032295227051,-10.428421741230707
rear_sum_fy,N,41.151000,-126.10206985473633,-20.349851358937926
rear_sum_fy,N,41.217000,-126.20675659179688,-20.25901249178952
rear_sum_fy,N,41.283000,-84.25881958007812,-13.382245850907246
rear_sum_fy,N,41.316000,-97.85195922851562,-15.486526426992944
rear_sum_fy,N,41.349000,-132.10226821899414,-20.85974627677104
rear_sum_fy,N,41.415000,-216.1448211669922,-34.41403729224159
rear_sum_fy,N,41.481000,-321.9679260253906,-52.1504193047129
rear_sum_fy,N,41.514000,-343.08482360839844,-55.84558667372611
rear_sum_fy,N,41.547000,-344.6529083251953,-55.935118929676364
rear_sum_fy,N,41.613000,-314.5927429199219,-49.3237165758672
rear_sum_fy,N,41.646000,-282.77833557128906,-43.56986045355315
rear_sum_fy,N,41.679000,-252.42462158203125,-38.15896852613429
rear_sum_fy,N,41.745000,-230.58496856689453,-34.26704645878638
rear_sum_fy,N,41.811000,-230.54505157470703,-34.11889207222913
rear_sum_fy,N,41.844000,-232.20276641845703,-34.33794359394403
rear_sum_fy,N,41.877000,-235.50904083251953,-34.59846612800654
rear_sum_fy,N,41.943000,-231.876708984375,-33.92637636806937
rear_sum_fy,N,42.042000,-196.30689239501953,-28.748754261056092
rear_sum_fy,N,42.075000,-97.411376953125,-13.711396682840206
rear_sum_fy,N,42.141000,6.872774600982666,0.9782881530128111
rear_sum_fy,N,42.207000,58.726966857910156,8.60132498084034
rear_sum_fy,N,42.240000,97.0516586303711,14.389442875128008
rear_sum_fy,N,42.273000,163.58475494384766,24.608716781463034
rear_sum_fy,N,42.339000,283.81298828125,43.63576572360732
rear_sum_fy,N,42.405000,327.5631866455078,51.296687114848524
rear_sum_fy,N,42.438000,298.0668182373047,45.903231990132454
rear_sum_fy,N,42.471000,256.66725158691406,38.912490356257194
rear_sum_fy,N,42.537000,181.12704467773438,26.90788130363206
rear_sum_fy,N,42.603000,138.37767028808594,20.581332818009958
rear_sum_fy,N,42.669000,201.32310485839844,30.348438606376497
rear_sum_fy,N,42.735000,288.0615234375,44.20281143526958
rear_sum_fy,N,42.801000,351.42396545410156,55.23667730541166
rear_sum_fy,N,42.867000,445.0209503173828,73.43722944515088
rear_sum_fy,N,42.933000,539.2939147949219,93.5463016973815
rear_sum_fy,N,42.966000,585.740234375,104.55411208229049
rear_sum_fy,N,42.999000,603.5294189453125,109.00200865768355
rear_sum_fy,N,43.065000,601.8070068359375,108.52121913450583
rear_sum_fy,N,43.131000,578.6585998535156,103.1251593214732
rear_sum_fy,N,43.164000,567.5695190429688,100.5776339225849
rear_sum_fy,N,43.197000,556.8204345703125,98.07719522179245
rear_sum_fy,N,43.230000,559.6002807617188,98.92321149113201
rear_sum_fy,N,43.263000,573.55615234375,102.51705398491782
rear_sum_fy,N,43.329000,616.5730895996094,113.33922847186881
rear_sum_fy,N,43.362000,642.3917846679688,120.1758548288008
rear_sum_fy,N,43.395000,690.890380859375,134.32752685524656
rear_sum_fy,N,43.428000,689.1064147949219,133.97493799564808
rear_sum_fy,N,43.461000,754.43115234375,155.278001366304
rear_sum_fy,N,43.527000,784.8554077148438,167.4280778807138
rear_sum_fy,N,43.560000,799.0225830078125,173.97669241093365
rear_sum_fy,N,43.593000,812.830078125,180.91682865303687
rear_sum_fy,N,43.626000,830.2050170898438,188.42844540292737
rear_sum_fy,N,43.659000,872.1918029785156,208.60686388550175
rear_sum_fy,N,43.725000,877.5951843261719,213.145349984641
rear_sum_fy,N,43.791000,864.9261169433594,205.65345630148397
rear_sum_fy,N,43.824000,860.3850402832031,203.9311698965377
rear_sum_fy,N,43.923000,851.1842651367188,197.42330909502098
rear_sum_fy,N,44.088000,800.4989624023438,175.57288895563178
rear_sum_fy,N,44.154000,780.8128662109375,166.52844302380367
rear_sum_fy,N,44.220000,739.375732421875,150.91125597891923
rear_sum_fy,N,44.385000,651.5993347167969,124.99296449411824
rear_sum_fy,N,44.550000,611.1706848144531,113.69988041972132
rear_sum_fy,N,44.649000,542.488037109375,97.29759578402533
rear_sum_fy,N,44.715000,527.2254638671875,93.86420731548924
rear_sum_fy,N,44.781000,496.0869903564453,86.99428480391572
rear_sum_fy,N,44.847000,433.62879943847656,73.69183489846057
rear_sum_fy,N,44.880000,397.7929992675781,66.59733901892216
rear_sum_fy,N,44.979000,349.0221710205078,57.514035042234354
rear_sum_fy,N,45.045000,388.14463806152344,64.41535468967437
rear_sum_fy,N,45.078000,446.4907989501953,77.16956011134091
rear_sum_fy,N,45.111000,466.8412628173828,81.45520985758947
rear_sum_fy,N,45.177000,441.62535095214844,76.13217067466329
rear_sum_fy,N,45.210000,374.35072326660156,63.032625605725805
rear_sum_fy,N,45.243000,270.07891845703125,43.82436000889159
rear_sum_fy,N,45.309000,62.19395446777344,9.604559007803147
rear_sum_fy,N,45.375000,6.124732971191406,0.9717047659754546
rear_sum_fy,N,45.408000,72.40670776367188,11.268395632974595
rear_sum_fy,N,45.441000,134.64330291748047,21.226481993595606
rear_sum_fy,N,45.507000,298.62677001953125,49.23240605155368
rear_sum_fy,N,45.573000,386.21533203125,65.26752962563991
rear_sum_fy,N,45.606000,375.3687286376953,63.07093128959909
rear_sum_fy,N,45.705000,252.59513092041016,40.53097498453607
rear_sum_fy,N,45.771000,186.56310272216797,30.02376654204435
rear_sum_fy,N,45.837000,223.5630340576172,35.960769897203036
rear_sum_fy,N,45.903000,344.18603515625,58.84683883052088
rear_sum_fy,N,45.969000,454.1599578857422,80.34252988892715
rear_sum_fy,N,46.035000,532.3325805664062,98.24036816626645
rear_sum_fy,N,46.101000,493.5917510986328,88.7511287252153
rear_sum_fy,N,46.167000,451.20704650878906,78.74477929944983
rear_sum_fy,N,46.233000,464.94117736816406,81.41891231139697
rear_sum_fy,N,46.299000,487.17539978027344,85.11339139079156
rear_sum_fy,N,46.365000,545.4363098144531,98.65770758304505
rear_sum_fy,N,46.431000,585.1650085449219,107.26124988553309
rear_sum_fy,N,46.497000,512.2429656982422,88.7793561761955
rear_sum_fy,N,46.530000,442.1663818359375,72.77004614849307
rear_sum_fy,N,46.563000,325.7818908691406,50.90428258093614
rear_sum_fy,N,46.629000,166.76097869873047,24.454872724437898
rear_sum_fy,N,46.695000,72.29988098144531,10.210302912270002
rear_sum_fy,N,46.728000,1.0956575870513916,0.1545506484436676
rear_sum_fy,N,46.761000,-84.24806213378906,-11.768112834529523
rear_sum_fy,N,46.827000,-267.34251403808594,-39.60153048560791
rear_sum_fy,N,46.893000,-410.8000030517578,-65.3391182286646
rear_sum_fy,N,46.926000,-431.0648651123047,-69.92314613861788
rear_sum_fy,N,46.959000,-422.92889404296875,-68.11191043379094
rear_sum_fy,N,47.025000,-414.72447204589844,-65.85111081112649
rear_sum_fy,N,47.091000,-431.96714782714844,-70.7789583857121
rear_sum_fy,N,47.124000,-434.11195373535156,-70.35883940498012
rear_sum_fy,N,47.157000,-442.08387756347656,-71.9329145773481
rear_sum_fy,N,47.223000,-413.15016174316406,-66.46608843111605
rear_sum_fy,N,47.289000,-354.94615173339844,-55.85235119093778
rear_sum_fy,N,47.355000,-297.04498291015625,-45.43719331239018
rear_sum_fy,N,47.421000,-332.6818542480469,-52.05111136693574
rear_sum_fy,N,47.487000,-415.63218688964844,-67.4557406488506
rear_sum_fy,N,47.553000,-409.3628692626953,-66.71656764898616
rear_sum_fy,N,47.619000,-328.81341552734375,-51.564572987104626
rear_sum_fy,N,47.685000,-230.12975311279297,-35.01466622889495
rear_sum_fy,N,47.751000,-144.125,-21.251492626187012
rear_sum_fy,N,47.817000,-88.15260696411133,-12.843561713401655
rear_sum_fy,N,47.850000,-99.32130432128906,-14.418564726682837
rear_sum_fy,N,47.883000,-116.57606887817383,-17.06265547389379
rear_sum_fy,N,47.949000,-100.76306533813477,-14.49207621239762
rear_sum_fy,N,48.015000,-77.52812576293945,-11.02378522779952
rear_sum_fy,N,48.048000,-64.69762229919434,-9.187518338819123
rear_sum_fy,N,48.081000,-44.03725242614746,-6.130455326814183
rear_sum_fy,N,48.147000,24.82522964477539,3.4359926940862002
rear_sum_fy,N,48.213000,72.4687728881836,9.862678284008759
rear_sum_fy,N,48.246000,56.10081672668457,7.6349683892032285
rear_sum_fy,N,48.279000,26.259095191955566,3.5596441035639215
rear_sum_fy,N,48.345000,-45.317138671875,-6.227782626701893
rear_sum_fy,N,48.411000,-89.28073120117188,-12.363518965816393
rear_sum_fy,N,48.444000,-86.81988143920898,-12.147671327851796
rear_sum_fy,N,48.477000,-64.85751152038574,-9.046918249807579
rear_sum_fy,N,48.543000,41.01643943786621,5.643264530077081
rear_sum_fy,N,48.609000,119.87300491333008,16.945323629407323
rear_sum_fy,N,48.675000,24.97646713256836,3.4409089489921194
rear_sum_fy,N,48.741000,-180.90691375732422,-26.597728219416663
rear_sum_fy,N,48.807000,-341.2443389892578,-53.08562921892054
rear_sum_fy,N,48.873000,-346.2040710449219,-54.07303680678699
rear_sum_fy,N,48.939000,-171.127685546875,-25.128663146122392
rear_sum_fy,N,49.005000,60.49032974243164,8.754584501375195
rear_sum_fy,N,49.071000,93.12601852416992,13.469581664264691
rear_sum_fy,N,49.137000,39.556928634643555,5.65346315710805
rear_sum_fy,N,49.170000,-27.98771095275879,-4.028347152108573
rear_sum_fy,N,49.203000,-131.5653839111328,-19.317031747832363
rear_sum_fy,N,49.269000,-382.0545654296875,-61.611714866460375
rear_sum_fy,N,49.335000,-598.8307800292969,-108.21302112876558
rear_sum_fy,N,49.368000,-679.6925659179688,-129.7365172599807
rear_sum_fy,N,49.401000,-752.1510314941406,-153.5714074983669
rear_sum_fy,N,49.467000,-836.22314453125,-188.50122031199643
rear_sum_fy,N,49.533000,-898.9866027832031,-224.77937627736287
rear_sum_fy,N,49.566000,-909.8800048828125,-236.43113689384103
rear_sum_fy,N,49.599000,-915.1506652832031,-245.6437579677269
rear_sum_fy,N,49.665000,-909.2839965820312,-253.71447808310896
rear_sum_fy,N,49.731000,-926.5396423339844,-265.59780382708453
rear_sum_fy,N,49.764000,-932.7662048339844,-269.7702352090752
rear_sum_fy,N,49.797000,-922.2763977050781,-267.83722089369735
rear_sum_fy,N,49.863000,-970.6412963867188,-283.9384079057894
rear_sum_fy,N,49.929000,-918.0755920410156,-251.92371869243738
rear_sum_fy,N,49.962000,-948.8168029785156,-252.08631074520179
rear_sum_fy,N,49.995000,-922.9992370605469,-235.43770182305457
rear_sum_fy,N,50.061000,-871.5057067871094,-202.92392742290843
rear_sum_fy,N,50.127000,-796.595947265625,-169.04677332148538
rear_sum_fy,N,50.160000,-754.3901062011719,-153.8136634667131
rear_sum_fy,N,50.193000,-725.4976196289062,-143.78546825805518
rear_sum_fy,N,50.259000,-674.9342956542969,-128.71995006788697
rear_sum_fy,N,50.325000,-650.3121948242188,-121.92745231931539
rear_sum_fy,N,50.358000,-666.8431396484375,-127.05571000471102
rear_sum_fy,N,50.391000,-651.3416442871094,-123.5183179863475
rear_sum_fy,N,50.490000,-543.7748413085938,-98.56189946386101
rear_sum_fy,N,50.523000,-475.52662658691406,-81.5029729178617
rear_sum_fy,N,50.589000,-248.62692260742188,-39.24860234021129
rear_sum_fy,N,50.655000,-111.05705642700195,-16.97526958366253
rear_sum_fy,N,50.688000,-78.97916030883789,-12.017060956414053
rear_sum_fy,N,50.721000,-66.55948638916016,-10.124630852177075
rear_sum_fy,N,50.787000,-127.93070602416992,-19.611117793385382
rear_sum_fy,N,50.853000,-147.74710845947266,-23.146071655177522
rear_sum_fy,N,50.886000,-133.08203125,-20.703923804419
rear_sum_fy,N,50.919000,-113.46044158935547,-17.413034021527125
rear_sum_fy,N,50.985000,-81.86799621582031,-12.482697212481067
rear_sum_fy,N,51.051000,-149.2141571044922,-22.867442613585894
rear_sum_fy,N,51.084000,-199.10523986816406,-30.86148232338537
rear_sum_fy,N,51.117000,-231.78351593017578,-36.24664898290966
rear_sum_fy,N,51.183000,-192.45005798339844,-29.954008357146982
rear_sum_fy,N,51.249000,-10.894416809082031,-1.643642120167681
rear_sum_fy,N,51.315000,170.76116943359375,26.26885022159977
rear_sum_fy,N,51.381000,335.8938446044922,53.7388922058809
rear_sum_fy,N,51.447000,400.34344482421875,66.17408643380986
rear_sum_fy,N,51.513000,412.04579162597656,67.82573309653999
rear_sum_fy,N,51.579000,329.5527038574219,52.018707956253756
rear_sum_fy,N,51.645000,269.56829833984375,41.42467428460937
rear_sum_fy,N,51.711000,229.6265411376953,34.46805883473294
rear_sum_fy,N,51.777000,227.96542358398438,33.676682261158675
rear_sum_fy,N,51.810000,226.60983276367188,33.29683608015377
rear_sum_fy,N,51.843000,220.55472564697266,32.249748986263526
rear_sum_fy,N,51.909000,220.54930114746094,32.17859991626487
rear_sum_fy,N,51.975000,228.4543685913086,33.39675166462504
rear_sum_fy,N,52.008000,196.49745178222656,28.33898588917063
rear_sum_fy,N,52.041000,155.48487854003906,22.06017386044098
rear_sum_fy,N,52.107000,89.37036895751953,12.68724281937375
rear_sum_fy,N,52.173000,63.98826789855957,9.326572236301779
rear_sum_fy,N,52.206000,45.192893981933594,6.645415045751845
rear_sum_fy,N,52.239000,24.296273231506348,3.5967422536007376
rear_sum_fy,N,52.305000,-12.870102405548096,-1.9290716871754268
rear_sum_fy,N,52.371000,-95.91548156738281,-14.580869872935907
rear_sum_fy,N,52.404000,-106.13931655883789,-16.008810343180517
rear_sum_fy,N,52.437000,-98.81431198120117,-14.762546007241692
rear_sum_fy,N,52.503000,-72.15252685546875,-10.813032424664843
rear_sum_fy,N,52.569000,-160.657958984375,-24.219529990030285
rear_sum_fy,N,52.602000,-234.54662322998047,-35.62227352505184
rear_sum_fy,N,52.635000,-313.3748779296875,-48.65949516091027
rear_sum_fy,N,52.701000,-429.1843719482422,-69.72081063565031
rear_sum_fy,N,52.767000,-425.4437561035156,-68.78528627321577
rear_sum_fy,N,52.833000,-298.13751220703125,-45.85748387546758
rear_sum_fy,N,52.899000,-169.92792510986328,-25.189775335703146
rear_sum_fy,N,52.965000,-180.89652252197266,-27.07063482671118
rear_sum_fy,N,53.031000,-310.0303649902344,-48.64050671417965
rear_sum_fy,N,53.097000,-437.1140594482422,-72.6015251223179
rear_sum_fy,N,53.130000,-478.3903503417969,-81.15379800932689
rear_sum_fy,N,53.163000,-502.91526794433594,-86.50334905791544
rear_sum_fy,N,53.229000,-484.6846160888672,-82.05947776525687
rear_sum_fy,N,53.295000,-419.4110107421875,-69.27408060950968
rear_sum_fy,N,53.328000,-416.4855041503906,-68.94096738446761
rear_sum_fy,N,53.361000,-450.5740203857422,-75.66405712453619
rear_sum_fy,N,53.427000,-525.0943298339844,-92.71982719853204
rear_sum_fy,N,53.493000,-626.2405090332031,-118.04389624775104
rear_sum_fy,N,53.526000,-656.11279296875,-126.09367433810137
rear_sum_fy,N,53.559000,-674.9243774414062,-131.65459771951618
rear_sum_fy,N,53.691000,-594.2078247070312,-108.6455951562412
rear_sum_fy,N,53.724000,-552.8489379882812,-98.70310660249389
rear_sum_fy,N,53.757000,-519.5146179199219,-90.87720773025929
rear_sum_fy,N,53.823000,-518.1827697753906,-90.4909729118027
rear_sum_fy,N,53.889000,-553.6372985839844,-97.99873612501226
rear_sum_fy,N,53.955000,-606.8152465820312,-110.44737880386242
rear_sum_fy,N,54.021000,-674.8807373046875,-128.93100184266783
rear_sum_fy,N,54.087000,-736.9231567382812,-147.66884726836633
rear_sum_fy,N,54.219000,-833.8205871582031,-180.14516064209835
rear_sum_fy,N,54.285000,-828.3567504882812,-178.5000639723744
rear_sum_fy,N,54.351000,-825.6737976074219,-177.84995183688352
rear_sum_fy,N,54.417000,-831.192138671875,-179.94507283134442
rear_sum_fy,N,54.450000,-834.70263671875,-180.92831283318017
rear_sum_fy,N,54.483000,-830.0732421875,-177.764671862378
rear_sum_fy,N,54.549000,-812.8961486816406,-170.8850392018173
rear_sum_fy,N,54.615000,-804.4441833496094,-167.3586585755013
rear_sum_fy,N,54.648000,-787.5837097167969,-161.27953791888055
rear_sum_fy,N,54.681000,-768.2697143554688,-154.86096648373086
rear_sum_fy,N,54.747000,-735.2598266601562,-144.17083160095615
rear_sum_fy,N,54.813000,-702.5256958007812,-134.29570969831337
rear_sum_fy,N,54.846000,-656.9054260253906,-121.43367930379165
rear_sum_fy,N,54.945000,-558.7458801269531,-96.31298227234541
rear_sum_fy,N,55.011000,-541.6534729003906,-93.08832905093158
rear_sum_fy,N,55.044000,-520.2106323242188,-88.31234557694111
rear_sum_fy,N,55.077000,-489.4030456542969,-81.85814613034177
rear_sum_fy,N,55.143000,-334.0388641357422,-51.79015311526348
rear_sum_fy,N,55.209000,-182.78042602539062,-26.619557315131473
rear_sum_fy,N,55.275000,-171.88544464111328,-24.74297458330962
rear_sum_fy,N,55.341000,-257.9419250488281,-38.358652792569984
rear_sum_fy,N,55.407000,-376.3244934082031,-58.77555263641177
rear_sum_fy,N,55.473000,-387.0821228027344,-60.714021993871086
rear_sum_fy,N,55.539000,-258.5623092651367,-38.32145309699976
rear_sum_fy,N,55.605000,-129.64300918579102,-18.289244891427877
rear_sum_fy,N,55.671000,-82.42173385620117,-11.48206443942042
rear_sum_fy,N,55.737000,-79.70655059814453,-11.27394100137629
rear_sum_fy,N,55.770000,-121.19623947143555,-17.35027678009734
rear_sum_fy,N,55.803000,-167.37603759765625,-24.320020813683662
rear_sum_fy,N,55.869000,-175.4749984741211,-25.523209964898363
rear_sum_fy,N,55.935000,-159.61669921875,-23.078756559272644
rear_sum_fy,N,55.968000,-185.20701599121094,-26.909509461886415
rear_sum_fy,N,56.001000,-222.58907318115234,-32.781628089241906
rear_sum_fy,N,56.067000,-215.85530853271484,-31.722834036421776
rear_sum_fy,N,56.133000,-183.5267791748047,-26.74837990988421
rear_sum_fy,N,56.166000,-169.94652557373047,-24.665122334366046
rear_sum_fy,N,56.199000,-165.80651092529297,-24.034293597146757
rear_sum_fy,N,56.265000,-240.72803497314453,-35.83240410211327
rear_sum_fy,N,56.331000,-341.909912109375,-52.97034388462274
rear_sum_fy,N,56.364000,-386.0910949707031,-61.27911953954996
rear_sum_fy,N,56.397000,-410.2939910888672,-65.80826011632477
rear_sum_fy,N,56.463000,-366.0815734863281,-57.37897592962923
rear_sum_fy,N,56.529000,-294.2272644042969,-44.5819712499479
rear_sum_fy,N,56.595000,-256.64635467529297,-38.24476876485544
rear_sum_fy,N,56.661000,-300.94073486328125,-45.603934339912186
rear_sum_fy,N,56.727000,-389.92332458496094,-61.46512418689808
rear_sum_fy,N,56.793000,-424.5493927001953,-67.91264859230296
rear_sum_fy,N,56.859000,-354.65892028808594,-54.8205746977796
rear_sum_fy,N,56.925000,-252.59514617919922,-36.876860453230854
rear_sum_fy,N,56.991000,-267.1287536621094,-39.97517121080056
rear_sum_fy,N,57.057000,-262.7718505859375,-38.7761511556749
rear_sum_fy,N,57.090000,-232.6004867553711,-34.156939569441406
rear_sum_fy,N,57.123000,-202.75485229492188,-29.585324646005283
rear_sum_fy,N,57.156000,-203.95143127441406,-29.748083992318218
rear_sum_fy,N,57.189000,-221.81340789794922,-32.44668558522592
rear_sum_fy,N,57.255000,-182.36248779296875,-26.41592166735778
rear_sum_fy,N,57.288000,-153.7599105834961,-21.959500824874887
rear_sum_fy,N,57.321000,-130.53046035766602,-18.530689550457293
rear_sum_fy,N,57.354000,-119.3631706237793,-16.960473175511723
rear_sum_fy,N,57.387000,-115.39401245117188,-16.3477553508829
rear_sum_fy,N,57.453000,-189.0565643310547,-27.39920646306797
rear_sum_fy,N,57.519000,-252.28836059570312,-37.64535072309483
rear_sum_fy,N,57.684000,118.8766860961914,16.650742985603884
rear_sum_fy,N,57.849000,-15.989951610565186,-2.181039047902826
rear_sum_fy,N,58.014000,-324.67018127441406,-49.65954802581898
rear_sum_fy,N,58.179000,53.91888999938965,7.501758909684606
rear_sum_fy,N,58.344000,-144.7607192993164,-20.969087051152407
rear_sum_fy,N,58.509000,-380.29815673828125,-60.409241578055365
rear_sum_fy,N,58.674000,-285.8897705078125,-43.84924149353171
rear_sum_fy,N,58.839000,-463.6837921142578,-76.31744705399412
rear_sum_fy,N,59.004000,-355.6304931640625,-55.985569224524966
rear_sum_fy,N,59.169000,-460.1399383544922,-75.58593797933561
rear_sum_fy,N,59.334000,-541.9545593261719,-92.50095834929695
rear_sum_fy,N,59.499000,-385.6837158203125,-60.538506255066046
rear_sum_fy,N,59.664000,-597.0832824707031,-104.91742272153596
rear_sum_fy,N,59.829000,-631.8464660644531,-113.6445357794845
rear_sum_fy,N,59.993999,-388.248291015625,-60.75422121754903
rear_sum_fy,N,60.159000,-559.8744812011719,-96.72030013635191
rear_sum_fy,N,60.324000,-431.1947937011719,-69.20670621561041
rear_sum_fy,N,60.489000,-86.26211547851562,-12.048411844772291
rear_sum_fy,N,60.654000,-200.5780258178711,-29.217853445276166
rear_sum_fy,N,60.819000,164.42007446289062,23.939165202317014
rear_sum_fy,N,60.983999,-161.43743896484375,-23.570320985955803
rear_sum_fy,N,61.149000,-136.70083618164062,-19.93044069514799
rear_sum_fy,N,61.314000,110.08607864379883,16.133905803699548
rear_sum_fy,N,61.479000,-178.65428161621094,-26.94740927673734
rear_sum_fy,N,61.644000,-435.0617218017578,-72.22582958525769
rear_sum_fy,N,61.809000,-128.61402130126953,-19.239160355237182
rear_sum_fy,N,61.974000,-342.6196594238281,-56.70717269768875
rear_sum_fy,N,62.139000,-396.8509216308594,-65.9096832242706
rear_sum_fy,N,62.304000,-192.6402587890625,-30.126667876971723
rear_sum_fy,N,62.469000,-389.9429168701172,-65.58250353265692
rear_sum_fy,N,62.634000,-558.9266052246094,-102.61489793069893
rear_sum_fy,N,62.799000,-517.8717803955078,-93.74924306375674
rear_sum_fy,N,62.964000,-544.7239685058594,-100.3361626500019
rear_sum_fy,N,63.128999,-556.465087890625,-103.81673164696784
rear_sum_fy,N,63.294000,-410.4276580810547,-70.71280661949436
rear_sum_fy,N,63.459000,-394.14720153808594,-67.27955868476603
rear_sum_fy,N,63.624000,-460.42364501953125,-82.07788966704493
rear_sum_fy,N,63.789000,13.623147964477539,2.171735166644722
rear_sum_fy,N,63.954000,-66.86980056762695,-10.678192434114825
rear_sum_fy,N,64.118999,-316.1495666503906,-51.304478823569184
rear_sum_fy,N,64.284000,171.63092803955078,27.154900941566417
rear_sum_fy,N,64.449000,-139.62067413330078,-22.391267845600403
rear_sum_fy,N,64.614000,-361.11810302734375,-62.21465500550899
rear_sum_fy,N,64.779000,283.7570037841797,47.32654503328975
rear_sum_fy,N,64.944000,31.707353591918945,4.97360388025014
rear_sum_fy,N,65.108999,-378.4239044189453,-64.66339546000138
rear_sum_fy,N,65.273999,263.32952880859375,43.44196495576877
rear_sum_fy,N,65.439000,441.92730712890625,79.84881268531628
rear_sum_fy,N,65.604000,-219.3449935913086,-35.97238759226386
rear_sum_fy,N,65.769000,56.94786262512207,8.916778188254746
rear_sum_fy,N,65.934000,113.34680938720703,18.105200746909148
rear_sum_fy,N,66.099000,-345.1850280761719,-58.79708125629051
rear_sum_fy,N,66.263999,-14.648930072784424,-2.250687003226332
rear_sum_fy,N,66.429000,-208.7533721923828,-32.77379526081201
rear_sum_fy,N,66.594000,-350.28016662597656,-55.82179067627723
rear_sum_fy,N,66.759000,337.6509552001953,53.65989319484636
rear_sum_fy,N,66.924000,-49.35068702697754,-7.098655501651356
rear_sum_fy,N,67.089000,-728.5995483398438,-143.91124791655466
rear_sum_fy,N,67.253999,-791.4365539550781,-163.6264575970736
rear_sum_fy,N,67.419000,-0.0895975949242711,-0.012034283719801753
rear_sum_fy,N,67.584000,27.650015830993652,3.745829648277987
rear_sum_fy,N,67.749000,-207.76266479492188,-30.175907939695673
rear_sum_fy,N,67.914000,528.1565551757812,89.14779596659803
rear_sum_fy,N,68.079000,664.7078247070312,122.6070465470203
rear_sum_fy,N,68.243999,-25.69718837738037,-3.496959351704544
rear_sum_fy,N,68.408999,-151.6998062133789,-21.825913795613435
rear_sum_fy,N,68.574000,-159.2037811279297,-23.079735993489226
rear_sum_fy,N,68.739000,-526.7018432617188,-90.62914128589017
rear_sum_fy,N,68.904000,-345.35630798339844,-55.724818682172575
rear_sum_fy,N,69.069000,-536.0922241210938,-95.48224912301438
rear_sum_fy,N,69.233999,-710.2985534667969,-143.3928960329913
rear_sum_fy,N,69.398999,-390.39801025390625,-63.354045063392206
rear_sum_fy,N,69.564000,-506.0830535888672,-87.43470774865723
rear_sum_fy,N,69.729000,-794.1334228515625,-171.26362314378278
rear_sum_fy,N,69.894000,-777.0480346679688,-157.936177944159
rear_sum_fy,N,70.059000,37.65524482727051,5.198674536897096
rear_sum_fy,N,70.224000,-110.00928115844727,-15.61429324582232
rear_sum_fy,N,70.388999,-199.7846450805664,-29.24291872831646
rear_sum_fy,N,70.553999,605.2795104980469,107.10927766992626
rear_sum_fy,N,70.719000,893.3869018554688,206.04416017500196
rear_sum_fy,N,70.884000,778.8268737792969,158.03317193435635
rear_sum_fy,N,71.049000,103.28687286376953,14.597849234521032
rear_sum_fy,N,71.214000,23.072611808776855,3.1831536688920696
rear_sum_fy,N,71.378999,-394.8118438720703,-63.04363577605007
rear_sum_fy,N,71.543999,-764.4760131835938,-159.7617606071533
rear_sum_fy,N,71.709000,-714.2710266113281,-141.555798969205
rear_sum_fy,N,72.039000,-775.3987121582031,-167.383368536739
rear_sum_fy,N,72.204000,-819.5027465820312,-194.2924592330343
rear_sum_fy,N,72.368999,-651.6930541992188,-125.1705348400562
rear_sum_fy,N,72.533999,-597.505615234375,-112.54766202183623
rear_sum_fy,N,72.699000,-783.8143005371094,-175.03240319665616
rear_sum_fy,N,72.864000,-837.4561462402344,-216.61525838279397
rear_sum_fy,N,73.029000,-903.7645568847656,-254.36140159104866
rear_sum_fy,N,73.194000,-913.0594787597656,-266.43372019650775
rear_sum_fy,N,73.358999,-933.0235595703125,-267.5153361212433
rear_sum_fy,N,73.523999,-949.2036743164062,-257.77212737868643
rear_sum_fy,N,73.688999,-887.158447265625,-208.60065497054376
rear_sum_fy,N,73.854000,-660.7435302734375,-125.8512055968832
rear_sum_fy,N,74.019000,-96.14119338989258,-14.191474726818855
rear_sum_fy,N,74.349000,458.74327087402344,81.96586707975521
rear_sum_fy,N,74.513999,941.023681640625,241.6197718484386
rear_sum_fy,N,74.678999,992.5384216308594,336.8503949751846
rear_sum_fy,N,74.844000,887.0093383789062,363.79108088069086
rear_sum_fy,N,75.174000,963.135498046875,499.684979502337
rear_sum_fy,N,75.339000,813.8782348632812,428.5548293249493
rear_sum_fy,N,75.503999,824.0818786621094,437.1241454518291
rear_sum_fy,N,75.668999,856.6374816894531,443.4399450870859
rear_sum_fy,N,75.833999,905.5222778320312,440.1192563805105
rear_sum_fy,N,75.999000,925.6389770507812,435.48630584209195
rear_sum_fy,N,76.164000,924.3125305175781,413.0860726270373
rear_sum_fy,N,76.493999,970.1650695800781,270.0038672361828
rear_sum_fy,N,76.658999,-1162.8743896484375,-362.37051093749926
rear_sum_fy,N,76.823999,-870.0102844238281,-453.24366309389035
rear_sum_fy,N,76.989000,-932.3793029785156,-503.3751036881946
rear_sum_fy,N,77.154000,-874.9391784667969,-480.4260743986508
rear_sum_fy,N,77.319000,-1087.0084838867188,-589.0258293261869
rear_sum_fy,N,80.289000,7.076969146728516,12.495210854248118
rear_sum_fy,N,80.454000,4.777753233909607,5.006536311174221
rear_sum_fy,N,80.618999,-15.997961521148682,-6.333980243362464
rear_sum_fy,N,80.783999,65.92020034790039,15.1316354609363
rear_sum_fy,N,80.948999,-48.77602958679199,-9.780607749155388
rear_sum_fy,N,81.113999,8.64453673362732,1.5528888251887079
rear_sum_fy,N,81.279000,-46.05391311645508,-8.103503684035218
rear_sum_fy,N,81.444000,-1.6145431697368622,-0.3500388244826216
rear_sum_fy,N,81.608999,-22.384818077087402,-6.740646865287295
rear_sum_fy,N,81.773999,-44.69304275512695,-10.845649510044073
rear_sum_fy,N,81.938999,-77.3438720703125,-15.610263450064371
rear_sum_fy,N,82.103999,-126.90608978271484,-21.02062381519388
rear_sum_fy,N,82.269000,-173.8177032470703,-26.499329272041862
rear_sum_fy,N,82.434000,-217.46988677978516,-33.444655876087346
rear_sum_fy,N,82.599000,-218.40918731689453,-33.69014698659206
rear_sum_fy,N,82.763999,-311.2593536376953,-49.58793738545268
rear_sum_fy,N,82.928999,-495.1120910644531,-95.29700464015896
rear_sum_fy,N,83.093999,-575.6839294433594,-103.73037415894629
rear_sum_fy,N,83.259000,-644.2652587890625,-118.25915405823712
rear_sum_fy,N,83.424000,-670.0916748046875,-124.13523319384821
rear_sum_fy,N,83.589000,-706.9865112304688,-141.06919821943643
rear_sum_fy,N,83.918999,-743.6399536132812,-177.20058962419287
rear_sum_fy,N,84.083999,-869.3314514160156,-250.70597694947048
rear_sum_fy,N,84.248999,-899.8681640625,-333.9285903251522
rear_sum_fy,N,84.414000,-771.5653381347656,-364.1829211237885
rear_sum_fy,N,84.579000,-689.6938781738281,-410.6953344238427
rear_sum_fy,N,84.743999,-583.1449584960938,-430.21835060313776
rear_sum_fy,N,84.908999,-678.1795349121094,-469.70742002801194
rear_sum_fy,N,85.073999,-738.9834899902344,-472.92760542520773
rear_sum_fy,N,85.238999,-809.7249450683594,-484.95421199185404
rear_sum_fy,N,85.404000,-834.1900024414062,-471.1819346807206
rear_sum_fy,N,85.569000,-876.5810546875,-470.37069028825374
rear_sum_fy,N,87.053999,-0.6208468675613403,-1.0547126955123765
rear_sum_fy,N,87.218999,6.126036882400513,8.503213830689399
rear_sum_fy,N,87.383999,-56.308610916137695,-10.379066149305032
rear_sum_fy,N,87.549000,-1.2149106562137604,-0.36346026683595517
rear_sum_fy,N,87.714000,21.272510528564453,7.450701331832565
rear_sum_fy,N,87.878999,-55.86266326904297,-9.80927698763226
rear_sum_fy,N,88.043999,4.517473816871643,0.9436036437271379
rear_sum_fy,N,88.208999,-54.64083671569824,-10.126261130487649
rear_sum_fy,N,88.373999,-82.03893661499023,-13.191124115290059
rear_sum_fy,N,88.539000,-105.18434524536133,-16.172604702280662
rear_sum_fy,N,88.704000,-136.36219787597656,-19.665314095643776
rear_sum_fy,N,88.868999,-155.12311553955078,-22.63385097702151
rear_sum_fy,N,89.033999,-183.91205596923828,-27.90089946062773
rear_sum_fy,N,89.198999,-217.27808380126953,-33.39088169318624
rear_sum_fy,N,89.363999,-278.2167205810547,-43.83668005569579
rear_sum_fy,N,89.528999,-321.00201416015625,-51.53077837550001
rear_sum_fy,N,89.694000,-371.8549041748047,-62.059220326585745
rear_sum_fy,N,89.858999,-261.57547760009766,-80.41142496494953
rear_sum_fy,N,92.003999,-8.783225059509277,-17.36336512407828
rear_sum_fy,N,92.168999,-11.682461261749268,-13.947180684334315
rear_sum_fy,N,92.333999,15.886659026145935,3.741832931338194
rear_sum_fy,N,92.498999,29.437857151031494,12.304627876125984
rear_sum_fy,N,92.993999,1.4350726455450058,0.795464866504899
rear_sum_fy,N,96.953999,-43.27571487426758,-70.67259168189105
rear_sum_fy,N,100.583999,-6.911700248718262,-13.213388421426425
rear_sum_fy,N,105.203999,9.114658832550049,14.646739286918411
rear_sum_fy,N,108.503999,4.641212701797485,5.693355980088965
rear_sum_fy,N,108.668999,-121.87381744384766,-47.25749180591305
rear_sum_fy,N,115.763999,-0.5883338749408722,-9.859142804699673
rear_sum_fy,N,122.462999,-30.06889533996582,-187.423236400143
rear_sum_fy,N,140.612999,-12.453730583190918,-189.67465506460613
rear_sum_fy,N,157.640999,-32.0651216506958,-193.8177123670489
rear_sum_fy,N,216.611999,-1.2227027416229248,-16.900839484604717
rear_sum_fy,N,229.877999,-27.224740028381348,-333.39616632633226
rear_sum_fy,N,231.131999,1.683238446712494,15.441018555605293
rear_sum_fy,N,248.984998,-30.092801094055176,-337.895596411671
rear_sum_fy,N,258.125998,-23.9219913482666,-164.71132906822342
rear_sum_fy,N,273.866998,0.26889561861753464,2.474695195330411
rear_sum_fy,N,318.317998,-28.508533477783203,-184.14386773770187
rear_sum_fy,N,358.643998,1.1014692783355713,9.982406761944244
rear_sum_fy,N,421.211998,17.28862237930298,133.8297196804424
rear_sum_fy,N,509.090997,-29.150471687316895,-274.4022369447254
rear_sum_fy,N,530.672997,11.348093032836914,134.82422111245165
rear_sum_fy,N,533.576997,-28.88289165496826,-276.34183171179404
rear_sum_fy,N,540.209997,13.589224338531494,133.0503942469963
rear_sum_fy,N,567.170997,-15.910392761230469,-146.17474147398542
rear_sum_fy,N,606.935997,29.566669464111328,262.53972192055517
rear_sum_fy,N,622.280997,14.128594398498535,140.58315537553767
rear_sum_fy,N,632.279996,-16.69301700592041,-141.68269730820163
rear_sum_fy,N,636.866997,0.08700619637966156,0.8380614444399914
rear_sum_fy,N,644.786996,10.223984241485596,112.76160145306851
rear_sum_fy,N,663.563996,-0.5752535164356232,-3.1378970017614822
rear_sum_fy,N,679.403996,-28.856877326965332,-144.90935115422212
rear_sum_fy,N,704.285996,13.203042984008789,152.69166843685647
rear_sum_fy,N,755.369996,66.49041748046875,264.3091984790807
rear_sum_fy,N,764.114996,70.07034873962402,132.2273711104467
rear_sum_fy,N,791.174996,-12.904966354370117,-150.44371694883688
rear_sum_fy,N,846.449995,-27.584514617919922,-274.486434291148
rear_sum_fy,N,854.369995,-12.501222133636475,-142.6260632769566
rear_sum_fy,N,895.916995,-18.465828895568848,-146.8982653165692
rear_sum_fy,N,921.590995,-29.27682590484619,-278.4694794908879
rear_sum_fy,N,950.663995,12.597524166107178,127.80424068485073
rear_sum_fy,N,966.503995,-1.2609865069389343,-9.233910182173165
rear_sum_fy,N,981.518995,-1.3935598731040955,-13.542524465078074
rear_sum_fy,N,989.438995,-0.059007713571190834,-0.6080821829602598
rear_sum_fy,N,1028.048994,-18.309858322143555,-146.95555300343673
rear_sum_fy,N,1043.888994,1.4306374788284302,10.564586724212527
rear_sum_fy,N,1055.570994,-17.11929416656494,-136.52396165341247
rear_sum_fy,N,1077.680994,-22.009870529174805,-144.24828356258482
rear_sum_fy,N,1088.075994,12.565414428710938,138.57333145544044
rear_sum_fy,N,1155.395994,-30.461809158325195,-281.4650500981394
rear_sum_fy,N,1161.665994,-0.26945729553699493,-2.259905396733079
rear_sum_fy,N,1167.935994,11.600159645080566,134.6589701199215
rear_sum_fy,N,1176.680994,17.770870685577393,135.94951098410598
rear_sum_fy,N,1216.082993,64.67666006088257,142.01748118040393
rear_sum_fy,N,1233.572993,-1.2378953695297241,-13.94029368398985
rear_sum_fy,N,1244.792993,-15.371355056762695,-143.6461854529099
rear_sum_fy,N,1252.712993,-14.483118534088135,-121.64027279943613
rear_sum_fy,N,1270.202993,14.317040920257568,133.25101753124417
rear_sum_fy,N,1279.772993,-1.5819503664970398,-14.26720162132758
rear_sum_fy,N,1288.517993,-1.4639427661895752,-10.30928546499256
rear_sum_fy,N,1332.572993,11.072446823120117,116.36720960676746
rear_sum_fy,N,1340.492993,-14.129082202911377,-126.91702729766718
rear_sum_fy,N,1346.762993,-1.0355339050292969,-9.308206680474903
rear_sum_fy,N,1353.857993,0.17560002207756042,1.7299717085160482
rear_sum_fy,N,1360.952992,-93.6197099685669,-129.5045762627783
rear_sum_fy,N,1370.522993,53.34113121032715,142.4713307513208
rear_sum_fy,N,1422.695992,6.644392728805542,33.887181353740885
rear_sum_fy,N,1433.915992,0.0034503532806411386,0.0413586100069424
rear_sum_fy,N,1438.502992,-1.3656770586967468,-10.690987481244676
rear_sum_fy,N,1486.781992,46.952364921569824,135.8021998453256
rear_sum_fy,N,1503.413992,-1.4515475034713745,-6.241533897913593
rear_sum_fy,N,1517.108992,-2.7287049293518066,-20.4418131278723
rear_sum_fy,N,1537.898992,25.0131778717041,250.75670091082156
rear_sum_fy,N,1546.643991,99.2238245010376,132.79540245698067
rear_sum_fy,N,1576.706991,19.404666900634766,143.41526144631655
rear_sum_fy,N,1651.055991,-14.15212631225586,-126.45849047348077
rear_sum_fy,N,1657.325991,14.427226066589355,131.39076058259883
rear_sum_fy,N,1680.260991,33.90377616882324,270.741383986703
rear_sum_fy,N,1686.530991,-11.715416431427002,-137.3281948283632
rear_sum_fy,N,1701.050991,-0.6207454800605774,-4.232622535827195
rear_sum_fy,N,1725.140990,12.290454864501953,144.37127209522794
rear_sum_fy,N,1732.631990,57.71965789794922,268.4020278170341
rear_sum_fy,N,1743.455991,33.38602828979492,256.36283571574336
rear_sum_fy,N,1788.797990,2.300710082054138,26.440848202083608
rear_sum_fy,N,1804.538990,-24.005908012390137,-131.53467045469336
rear_sum_fy,N,1837.340990,25.71661376953125,125.68825962704057
rear_sum_fy,N,1844.435990,14.752057552337646,138.5421822847437
rear_sum_fy,N,1862.387990,4.87693977355957,10.530318947963703
rear_sum_fy,N,1867.832990,-12.763678550720215,-149.21493378152076
rear_sum_fy,N,1874.102990,-30.684317588806152,-259.46592765916023
rear_sum_fy,N,1908.191990,33.27003479003906,271.8741251310593
rear_sum_fy,N,1926.011990,-1.123916208744049,-5.533036315222221
rear_sum_fy,N,1936.406989,-1.1385162770748138,-3.6646427888084454
rear_sum_fy,N,1960.958989,-0.6023491024971008,-4.997658208551515
rear_sum_fy,N,1979.273989,-17.91347885131836,-148.79583250816898
rear_sum_fy,N,2019.632989,28.316601753234863,142.75637142814463
rear_sum_fy,N,2037.914989,16.7823543548584,140.6091005535019
rear_sum_fy,N,2052.500989,-0.37066610157489777,-4.334030716655263
rear_sum_fy,N,2067.944989,12.532083511352539,129.04261135025553
rear_sum_fy,N,2091.671988,-8.328073740005493,-59.03813094727503
rear_sum_fy,N,2118.599988,-5.114215523004532,-9.15828835687698
rear_sum_fy,N,2163.413988,28.198668479919434,148.16623803668284
rear_sum_fy,N,2200.505988,27.49409008026123,270.0475800350147
total_sum_fy,N,0.000000,-14.80649471282959,-2.175557555538239
total_sum_fy,N,0.165000,-26.361143665388227,-3.911325215172026
total_sum_fy,N,0.330000,-27.267769128084183,-4.034050461295457
total_sum_fy,N,0.495000,-23.054807662963867,-3.4154420734861968
total_sum_fy,N,0.660000,-12.09980821609497,-1.798288664315547
total_sum_fy,N,0.825000,-1.151881217956543,-0.17353069707124824
total_sum_fy,N,0.990000,8.861035346984863,1.3196432335843085
total_sum_fy,N,1.155000,15.144179582595825,2.2425110788307885
total_sum_fy,N,1.320000,6.897556662559509,1.0320797459154516
total_sum_fy,N,1.485000,53.45638960599899,7.7881854085382045
total_sum_fy,N,1.650000,-7.674306757748127,-1.0896833948114906
total_sum_fy,N,1.815000,68.41238331794739,9.74257764997492
total_sum_fy,N,1.980000,-35.707770347595215,-5.037680848162454
total_sum_fy,N,2.145000,23.608867645263672,3.3981959125407952
total_sum_fy,N,2.310000,-12.129965782165527,-1.7717567102089533
total_sum_fy,N,2.475000,110.87577056884766,16.429371987859895
total_sum_fy,N,2.640000,0.9287583231925964,0.13561901717664776
total_sum_fy,N,2.805000,50.20513439178467,7.545273282379956
total_sum_fy,N,2.970000,83.40368413925171,12.591764230028545
total_sum_fy,N,3.135000,17.814991384744644,2.6611398883583033
total_sum_fy,N,3.300000,33.13876473903656,5.13253795617765
total_sum_fy,N,3.465000,117.05084466934204,17.83105740929857
total_sum_fy,N,3.630000,-47.3177375793457,-7.162613702506455
total_sum_fy,N,3.795000,-12.165345668792725,-1.9295270728140252
total_sum_fy,N,3.960000,31.45808982849121,4.993351738816146
total_sum_fy,N,4.125000,371.2085237503052,61.2351271990604
total_sum_fy,N,4.290000,-15.181819915771484,-2.484392486454464
total_sum_fy,N,4.455000,41.07139015197754,6.245353903145289
total_sum_fy,N,4.620000,-61.30791473388672,-9.941120124156363
total_sum_fy,N,4.785000,383.75953674316406,63.99957570371213
total_sum_fy,N,4.950000,487.6754150390625,79.50578459321147
total_sum_fy,N,5.115000,432.40277099609375,70.16969373694522
total_sum_fy,N,5.280000,472.9021301269531,78.51534610794785
total_sum_fy,N,5.445000,1040.2142639160156,198.5298634499187
total_sum_fy,N,5.610000,791.231689453125,136.6398767422533
total_sum_fy,N,5.775000,1120.9007568359375,210.1610762960765
total_sum_fy,N,5.940000,1028.8780975341797,181.20441119463408
total_sum_fy,N,6.105000,1335.921859741211,258.9209699964619
total_sum_fy,N,6.270000,1491.3871459960938,293.81164925163836
total_sum_fy,N,6.435000,1519.9274597167969,304.00156857082777
total_sum_fy,N,6.765000,1231.1129760742188,225.7682760445416
total_sum_fy,N,6.930000,1518.2343444824219,300.90426558706713
total_sum_fy,N,7.095000,1067.2938995361328,204.54412625062537
total_sum_fy,N,7.260000,614.4545822143555,99.5359415433056
total_sum_fy,N,7.425000,-513.098030090332,-78.7721059066195
total_sum_fy,N,7.590000,178.85450744628906,30.071663909760808
total_sum_fy,N,7.755000,537.2528991699219,83.51386221327718
total_sum_fy,N,7.920000,-707.2407302856445,-128.96749436170953
total_sum_fy,N,8.085000,-584.2110214233398,-93.40135969206152
total_sum_fy,N,8.250000,-682.4893264770508,-113.60449006039772
total_sum_fy,N,8.415000,-24.661163330078125,-15.449489147972315
total_sum_fy,N,8.580000,360.16780853271484,57.81173773946284
total_sum_fy,N,8.745000,-489.51995742321014,-85.41958745468376
total_sum_fy,N,8.910000,-803.2260437011719,-144.18107421312178
total_sum_fy,N,9.075000,-210.80297470092773,-33.291850533793834
total_sum_fy,N,9.240000,-1164.6554870605469,-237.70645511407417
total_sum_fy,N,9.405000,-1300.0851440429688,-240.3098893874652
total_sum_fy,N,9.570000,-505.31153678894043,-81.1982476732719
total_sum_fy,N,9.735000,1112.6880187988281,208.4667747628131
total_sum_fy,N,9.900000,1311.6797485351562,242.57211708943828
total_sum_fy,N,10.065000,1655.9614868164062,349.19386514114905
total_sum_fy,N,10.230000,1740.39013671875,394.1781552727206
total_sum_fy,N,10.395000,1735.0895690917969,392.66857987773847
total_sum_fy,N,10.560000,1585.1636047363281,334.8625307805895
total_sum_fy,N,10.725000,1565.6885375976562,323.35591058400286
total_sum_fy,N,10.890000,1135.6301574707031,201.88168997252959
total_sum_fy,N,11.055000,781.00048828125,126.71620732808302
total_sum_fy,N,11.220000,354.14545822143555,54.58782599966676
total_sum_fy,N,11.385000,449.6145553588867,73.09703121637973
total_sum_fy,N,11.550000,245.44852828979492,37.609383999426825
total_sum_fy,N,11.715000,2.623504638671875,-0.47644338684721177
total_sum_fy,N,11.880000,303.2525444030762,48.09503776658403
total_sum_fy,N,12.045000,-123.42908477783203,-20.532624683598645
total_sum_fy,N,12.210000,-87.65208435058594,-14.544990211879178
total_sum_fy,N,12.375000,-45.24150276184082,-6.888194518909913
total_sum_fy,N,12.540000,68.23458099365234,11.144662198497022
total_sum_fy,N,12.705000,-50.98223876953125,-9.268716373165937
total_sum_fy,N,12.870000,269.3260898590088,42.46735083442657
total_sum_fy,N,13.035000,243.72732040286064,40.20809275740443
total_sum_fy,N,13.200000,-171.77891159057617,-27.14776503969957
total_sum_fy,N,13.365000,21.359651565551758,3.239478721438944
total_sum_fy,N,13.530000,145.99309599399567,22.962563034716016
total_sum_fy,N,13.695000,-84.86193561553955,-13.113514410489843
total_sum_fy,N,13.860000,-61.102081298828125,-9.95551741843042
total_sum_fy,N,14.025000,-191.8028564453125,-30.405602020694843
total_sum_fy,N,14.190000,40.609596252441406,6.266251236890288
total_sum_fy,N,14.355000,-92.90363883972168,-14.538746153770159
total_sum_fy,N,14.520000,38.50862121582031,5.861509360363662
total_sum_fy,N,14.685000,235.00359725952148,37.49073278354167
total_sum_fy,N,14.850000,-161.38044357299805,-26.137790736872155
total_sum_fy,N,15.015000,105.0340576171875,17.245804027313902
total_sum_fy,N,15.180000,597.638069152832,98.82583282910082
total_sum_fy,N,15.345000,-218.18502807617188,-35.800255324721256
total_sum_fy,N,15.510000,-399.97239685058594,-71.79521094950786
total_sum_fy,N,15.675000,532.1912002563477,87.80085118143846
total_sum_fy,N,15.840000,501.54966735839844,91.51027163496735
total_sum_fy,N,16.005000,-739.1298675537109,-117.81189565217025
total_sum_fy,N,16.170000,-1348.3984069824219,-264.42859494148973
total_sum_fy,N,16.335000,-51.73988342285156,-11.972775368599741
total_sum_fy,N,16.500000,1000.3407745361328,176.95309593102613
total_sum_fy,N,16.665000,432.89569091796875,93.90338088746417
total_sum_fy,N,16.830000,-395.9405937194824,-65.05741809916162
total_sum_fy,N,16.995000,-639.4601879119873,-115.90736127054204
total_sum_fy,N,17.160000,645.2979354858398,98.37702999786994
total_sum_fy,N,17.325000,1081.8224182128906,200.69532865711102
total_sum_fy,N,17.490000,-226.2851104736328,-40.90804731579077
total_sum_fy,N,17.655000,-1179.3959655761719,-216.66785896957217
total_sum_fy,N,17.820000,-1210.993148803711,-232.16605905019395
total_sum_fy,N,17.985000,572.0753974914551,91.1623729540025
total_sum_fy,N,18.150000,1178.8518981933594,227.7457099262823
total_sum_fy,N,18.315000,724.4690418243408,135.4175474384048
total_sum_fy,N,18.480000,317.8368377685547,52.402440178755455
total_sum_fy,N,18.645000,332.7584915161133,50.669428870819694
total_sum_fy,N,18.810000,-265.956787109375,-46.49203514692741
total_sum_fy,N,18.975000,-1258.2481384277344,-235.41883505117588
total_sum_fy,N,19.140000,-1116.9636840820312,-217.79662598165237
total_sum_fy,N,19.305000,-422.65089416503906,-61.95425328821655
total_sum_fy,N,19.470000,-326.52091217041016,-58.211836462232675
total_sum_fy,N,19.635000,-699.3409423828125,-107.80752711550713
total_sum_fy,N,19.800000,754.545482635498,133.9099475678428
total_sum_fy,N,19.965000,1462.1229858398438,282.6563286490402
total_sum_fy,N,20.130000,1099.1129684448242,227.0406186196685
total_sum_fy,N,20.295000,295.3174743652344,43.7275635838794
total_sum_fy,N,20.460000,-465.8870315551758,-83.49475515271116
total_sum_fy,N,20.625000,-345.2181739807129,-49.89860903313516
total_sum_fy,N,20.790000,-974.3966217041016,-174.737339752789
total_sum_fy,N,20.955000,-1412.4607849121094,-271.64598960631326
total_sum_fy,N,21.054000,-955.7816162109375,-181.54109257423548
total_sum_fy,N,21.120000,-671.6901295185089,-124.5136773580835
total_sum_fy,N,21.186000,98.17477416992188,17.56303002543119
total_sum_fy,N,21.219000,467.80025482177734,81.93521305661815
total_sum_fy,N,21.351000,1327.8984069824219,252.52551892739677
total_sum_fy,N,21.516000,1036.4213562011719,206.41097593596902
total_sum_fy,N,21.681000,220.1631202697754,33.14335349940244
total_sum_fy,N,21.846000,-200.9839973449707,-32.79454891778967
total_sum_fy,N,22.011000,409.7839813232422,62.69015987276876
total_sum_fy,N,22.077000,709.240234375,113.96257915374169
total_sum_fy,N,22.143000,223.2694549560547,38.89700929606411
total_sum_fy,N,22.176000,-150.91415405273438,-26.584318552586893
total_sum_fy,N,22.209000,-481.4504699707031,-90.81293212172356
total_sum_fy,N,22.242000,-755.8561401367188,-136.16903653126838
total_sum_fy,N,22.308000,-991.0985260009766,-165.30061565128779
total_sum_fy,N,22.341000,-1271.3566284179688,-230.37336261767638
total_sum_fy,N,22.374000,-1038.3763732910156,-188.47878509165935
total_sum_fy,N,22.506000,-1264.8661499023438,-246.20713152078585
total_sum_fy,N,22.671000,-633.6587371826172,-97.93485647119995
total_sum_fy,N,22.836000,184.3818473815918,28.75042117468729
total_sum_fy,N,23.001000,625.4485473632812,98.71601846436042
total_sum_fy,N,23.166000,707.6840286254883,112.77664957574049
total_sum_fy,N,23.331000,235.78656768798828,33.726030092634666
total_sum_fy,N,23.496000,670.4182281494141,104.13080824735756
total_sum_fy,N,23.661000,309.4537658691406,53.26322014643759
total_sum_fy,N,23.826000,-1141.4893798828125,-204.80638339643633
total_sum_fy,N,23.991000,-1415.9908447265625,-291.764873241822
total_sum_fy,N,24.156000,-419.65943908691406,-96.98710327641055
total_sum_fy,N,24.321000,846.1805877685547,139.69005822248334
total_sum_fy,N,24.486000,1276.5586242675781,247.69298723425752
total_sum_fy,N,24.651000,649.769645690918,104.88258566924824
total_sum_fy,N,24.816000,268.56957244873047,41.703001866390096
total_sum_fy,N,24.981000,-593.6299285888672,-98.89276063328921
total_sum_fy,N,25.146000,-686.0342864990234,-115.8969891118081
total_sum_fy,N,25.311000,-412.00364685058594,-61.995043227934545
total_sum_fy,N,25.476000,-46.549583435058594,-7.435289232018633
total_sum_fy,N,25.641000,-461.1411476135254,-71.79120925024395
total_sum_fy,N,25.806000,-23.235618591308594,-3.1052076527232444
total_sum_fy,N,25.971000,1180.5703735351562,206.11134104405707
total_sum_fy,N,26.136000,672.3545944690704,130.28074389676453
total_sum_fy,N,26.301000,-540.5453643798828,-82.2291358379263
total_sum_fy,N,26.400000,-1476.7505798339844,-285.0172719582288
total_sum_fy,N,26.532000,-1249.9669799804688,-252.5891668953057
total_sum_fy,N,26.565000,-1322.3145599365234,-265.88735040197196
total_sum_fy,N,26.598000,-1323.6203155517578,-261.4161865632291
total_sum_fy,N,26.631000,-967.454216003418,-192.7567127708166
total_sum_fy,N,26.697000,-981.6082458496094,-166.00155885756587
total_sum_fy,N,26.730000,-605.4964370727539,-93.98752225495159
total_sum_fy,N,26.763000,-161.47066497802734,-23.844806302654327
total_sum_fy,N,26.895000,117.98526000976562,21.025817991676206
total_sum_fy,N,26.994000,-142.57910919189453,-22.621544749708235
total_sum_fy,N,27.126000,341.5409698486328,58.59717213858494
total_sum_fy,N,27.192000,504.6365337371826,79.80840172700424
total_sum_fy,N,27.225000,900.4140396118164,162.38843056762482
total_sum_fy,N,27.324000,1263.4435729980469,231.9877880535489
total_sum_fy,N,27.390000,1522.9556274414062,312.3561344076959
total_sum_fy,N,27.456000,1462.8359985351562,305.4701726688985
total_sum_fy,N,27.489000,1246.2413024902344,254.41635236017424
total_sum_fy,N,27.555000,1218.0614166259766,243.25132590082268
total_sum_fy,N,27.588000,1155.3404998779297,222.45817492965023
total_sum_fy,N,27.621000,718.8776051998138,140.10014326439867
total_sum_fy,N,27.687000,551.4990234375,86.88777910689117
total_sum_fy,N,27.720000,51.58380889892578,7.851406696908997
total_sum_fy,N,27.753000,-426.61467361450195,-65.21707220067663
total_sum_fy,N,27.786000,-798.4628448486328,-130.6614628748494
total_sum_fy,N,27.819000,-556.2682266235352,-94.08651490168936
total_sum_fy,N,27.885000,-682.9693756103516,-125.25247004394447
total_sum_fy,N,27.918000,-546.2923717498779,-104.83232978067393
total_sum_fy,N,27.951000,-582.4128507375717,-106.59877660657352
total_sum_fy,N,28.017000,-893.2663879394531,-151.37279111610837
total_sum_fy,N,28.083000,-501.9909362792969,-78.5191732720247
total_sum_fy,N,28.116000,-362.2940902709961,-55.73561851700767
total_sum_fy,N,28.149000,-634.9859313964844,-107.64493912951949
total_sum_fy,N,28.215000,-642.6705627441406,-105.74894457127907
total_sum_fy,N,28.281000,-844.2644348144531,-141.79485604977967
total_sum_fy,N,28.314000,-948.5060119628906,-161.70183184071993
total_sum_fy,N,28.347000,-554.0862159729004,-92.23905457207158
total_sum_fy,N,28.413000,-393.8738479614258,-69.16945242524059
total_sum_fy,N,28.479000,-5.0347442626953125,-1.9745008548044467
total_sum_fy,N,28.512000,243.46865844726562,40.11714853412708
total_sum_fy,N,28.545000,-40.58176040649414,-6.066902804606094
total_sum_fy,N,28.611000,69.45992279052734,12.03031661032724
total_sum_fy,N,28.677000,59.78217315673828,9.844602074720207
total_sum_fy,N,28.710000,-28.919601440429688,-4.357070673212839
total_sum_fy,N,28.743000,-316.578706741333,-50.17930804425993
total_sum_fy,N,28.809000,-151.12495803833008,-23.431674520450258
total_sum_fy,N,28.875000,-530.2072982788086,-79.27832073980483
total_sum_fy,N,28.941000,-236.83888244628906,-37.95394753209899
total_sum_fy,N,29.007000,110.30847930908203,17.933576299286415
total_sum_fy,N,29.040000,328.1339302062988,51.631838297760225
total_sum_fy,N,29.073000,589.1801681518555,92.38700096553794
total_sum_fy,N,29.139000,512.3429222106934,80.45242236577965
total_sum_fy,N,29.205000,511.7127562761307,86.24090936271138
total_sum_fy,N,29.238000,332.00125885009766,59.407349074818846
total_sum_fy,N,29.271000,316.5623207092285,53.5129701307881
total_sum_fy,N,29.304000,190.2754898071289,32.38981264106654
total_sum_fy,N,29.337000,124.97457504272461,19.434247593334856
total_sum_fy,N,29.403000,200.15554809570312,31.555330054902885
total_sum_fy,N,29.436000,-16.163963317871094,-2.004383096929004
total_sum_fy,N,29.469000,-132.77293014526367,-19.71098084326139
total_sum_fy,N,29.502000,-164.10429859161377,-24.063403892270703
total_sum_fy,N,29.535000,213.7215576171875,34.86678652557819
total_sum_fy,N,29.601000,649.1285514831543,108.45809037797713
total_sum_fy,N,29.634000,855.3224792480469,144.22683865631518
total_sum_fy,N,29.667000,576.7552490234375,87.75766493057822
total_sum_fy,N,29.733000,538.0425190925598,90.4865001192656
total_sum_fy,N,29.799000,506.96664905548096,83.1161501188074
total_sum_fy,N,29.898000,-507.89044189453125,-91.73211131526274
total_sum_fy,N,30.030000,-1102.0780334472656,-186.53951077100814
total_sum_fy,N,30.195000,-1021.3098449707031,-179.15699199900166
total_sum_fy,N,30.360000,-178.71690368652344,-25.509049839463614
total_sum_fy,N,30.525000,768.7844543457031,129.7571557541711
total_sum_fy,N,30.690000,320.1149101257324,53.80064333957839
total_sum_fy,N,30.855000,-1032.825210571289,-178.0133303536012
total_sum_fy,N,31.020000,-1153.8769226074219,-214.87329784908417
total_sum_fy,N,31.185000,593.8197894096375,107.43722343638791
total_sum_fy,N,31.350000,1402.0455322265625,293.351598241828
total_sum_fy,N,31.482000,1392.8428497314453,317.4832094807854
total_sum_fy,N,31.647000,713.1463890075684,130.90372979750794
total_sum_fy,N,31.713000,370.5549011230469,54.35403341185179
total_sum_fy,N,31.746000,-271.9958915710449,-39.2826543332783
total_sum_fy,N,31.779000,-736.2994384765625,-116.56988871260597
total_sum_fy,N,31.845000,-780.6740493774414,-137.03829707942967
total_sum_fy,N,31.911000,-834.8368988037109,-155.66686978761118
total_sum_fy,N,31.944000,-732.9927005767822,-138.2684841774165
total_sum_fy,N,31.977000,-714.3657665252686,-127.86844888020748
total_sum_fy,N,32.043000,-924.6136474609375,-149.0752247467763
total_sum_fy,N,32.076000,-668.5753326416016,-101.06216754241333
total_sum_fy,N,32.109000,-299.9771194458008,-42.12952608621076
total_sum_fy,N,32.175000,142.81395721435547,19.522883944951737
total_sum_fy,N,32.241000,-105.59199523925781,-16.982797193315115
total_sum_fy,N,32.274000,-93.6913833618164,-15.10031993696662
total_sum_fy,N,32.307000,-419.1985397338867,-75.70636717906841
total_sum_fy,N,32.340000,-693.1293561458588,-129.14748749832546
total_sum_fy,N,32.373000,-895.9145889282227,-161.96511886140405
total_sum_fy,N,32.439000,-989.7058410644531,-166.0521293863544
total_sum_fy,N,32.472000,-1224.0394287109375,-218.30040709537283
total_sum_fy,N,32.505000,-925.4012680053711,-166.5684803539942
total_sum_fy,N,32.538000,-1108.7081909179688,-201.49310282964237
total_sum_fy,N,32.571000,-1193.7618103027344,-218.83719814254056
total_sum_fy,N,32.637000,-896.2995529174805,-163.0348259530941
total_sum_fy,N,32.670000,-588.13844871521,-110.9067770444211
total_sum_fy,N,32.703000,-328.8820343017578,-62.032043758398125
total_sum_fy,N,32.769000,307.9132614135742,51.74727915578471
total_sum_fy,N,32.835000,632.0710906982422,98.30945063456358
total_sum_fy,N,32.868000,992.6081390380859,165.56400626395643
total_sum_fy,N,32.901000,766.7573776245117,133.32158794212032
total_sum_fy,N,32.967000,1040.2923736572266,183.35401567545955
total_sum_fy,N,33.033000,716.976261138916,128.1583395190007
total_sum_fy,N,33.066000,381.59073638916016,72.36062158727802
total_sum_fy,N,33.099000,847.2269287109375,135.55357880112064
total_sum_fy,N,33.165000,285.5752182006836,40.66228801547915
total_sum_fy,N,33.231000,319.2154235839844,51.404958581353156
total_sum_fy,N,33.264000,235.8818359375,37.63707699224631
total_sum_fy,N,33.297000,475.9799346923828,83.00439708842664
total_sum_fy,N,33.330000,554.3970737457275,92.8749337034874
total_sum_fy,N,33.396000,868.2670440673828,143.94300817263394
total_sum_fy,N,33.429000,544.6372146606445,83.17739854347585
total_sum_fy,N,33.462000,753.6556854248047,118.72797651031794
total_sum_fy,N,33.495000,419.5403823852539,70.75323799309851
total_sum_fy,N,33.561000,307.6160011291504,50.492403728402394
total_sum_fy,N,33.594000,170.6232452392578,27.08151988746245
total_sum_fy,N,33.627000,-356.4474868774414,-61.592934841996986
total_sum_fy,N,33.660000,-760.7090606689453,-135.91875121687502
total_sum_fy,N,33.693000,-623.0155181884766,-94.26938727981351
total_sum_fy,N,33.759000,-1150.293212890625,-198.4405680890862
total_sum_fy,N,33.792000,-1322.1552429199219,-240.5645932502771
total_sum_fy,N,33.825000,-1027.4042663574219,-181.78710035954714
total_sum_fy,N,33.891000,-961.3258209228516,-176.40164871259157
total_sum_fy,N,33.957000,-728.6952743530273,-130.96546447209735
total_sum_fy,N,33.990000,-575.5769968032837,-98.8028195513578
total_sum_fy,N,34.023000,-614.7517700195312,-96.65258013231202
total_sum_fy,N,34.089000,-558.0656204223633,-90.21715263908617
total_sum_fy,N,34.155000,-136.90280532836914,-20.879351518946265
total_sum_fy,N,34.188000,-57.395416259765625,-8.648464731652766
total_sum_fy,N,34.221000,-310.4673194885254,-50.830723046769634
total_sum_fy,N,34.287000,195.27100944519043,30.666487399150945
total_sum_fy,N,34.353000,50.03225326538086,7.7155951212082385
total_sum_fy,N,34.386000,66.46622467041016,10.18113087488057
total_sum_fy,N,34.551000,610.8302612304688,98.42524430547914
total_sum_fy,N,34.716000,698.4554748535156,116.6657675672308
total_sum_fy,N,34.881000,538.5273895263672,87.6707287434248
total_sum_fy,N,35.046000,635.4184799194336,104.72199898126489
total_sum_fy,N,35.211000,126.67235946655273,20.848875476671644
total_sum_fy,N,35.376000,146.61104774475098,23.594195655180084
total_sum_fy,N,35.541000,445.4710922241211,70.74834193289527
total_sum_fy,N,35.706000,-234.82301330566406,-43.29329398189566
total_sum_fy,N,35.871000,-670.6531677246094,-105.2626854749006
total_sum_fy,N,36.036000,462.0408549308777,74.4135144938554
total_sum_fy,N,36.201000,96.29560089111328,15.958943829658445
total_sum_fy,N,36.333000,-562.2566432952881,-92.06005619914043
total_sum_fy,N,36.399000,-363.9729766845703,-53.995717624523614
total_sum_fy,N,36.432000,-575.788818359375,-87.25669636410704
total_sum_fy,N,36.465000,-692.0359802246094,-106.78210659629113
total_sum_fy,N,36.531000,-267.72166442871094,-45.23652882715514
total_sum_fy,N,36.564000,-235.00098419189453,-38.317370884041694
total_sum_fy,N,36.597000,143.10426330566406,24.557763431085263
total_sum_fy,N,36.630000,450.7445182800293,79.99452384279239
total_sum_fy,N,36.663000,659.1542282104492,110.67199602472823
total_sum_fy,N,36.729000,1054.3401489257812,181.07723722988533
total_sum_fy,N,36.762000,1224.0625762939453,219.81856475069904
total_sum_fy,N,36.795000,1003.7489013671875,172.00305748852224
total_sum_fy,N,36.828000,1162.4765167236328,205.00460668202248
total_sum_fy,N,36.861000,1279.3697204589844,234.32890736882956
total_sum_fy,N,36.927000,913.3019790649414,165.84766448701868
total_sum_fy,N,36.960000,1035.8281860351562,188.19645525875166
total_sum_fy,N,36.993000,682.633003950119,127.52105779072077
total_sum_fy,N,37.059000,228.07557678222656,40.374370205728574
total_sum_fy,N,37.125000,203.66763281822205,29.976987237074745
total_sum_fy,N,37.158000,-173.12787866592407,-25.614771214451657
total_sum_fy,N,37.191000,111.18135070800781,18.7356980738967
total_sum_fy,N,37.257000,-17.64452362060547,-3.1685094683818633
total_sum_fy,N,37.323000,426.088659286499,70.83981474551805
total_sum_fy,N,37.356000,709.4188461303711,125.38453452462568
total_sum_fy,N,37.389000,1020.6958236694336,198.31114837128848
total_sum_fy,N,37.455000,1393.509765625,297.8029046103954
total_sum_fy,N,37.521000,1506.1333923339844,313.8986512784024
total_sum_fy,N,37.587000,1496.9240112304688,320.5285752049924
total_sum_fy,N,37.653000,1648.4657287597656,378.34916251807437
total_sum_fy,N,37.686000,1674.6918029785156,399.4848644836818
total_sum_fy,N,37.719000,1512.5866088867188,348.10268696826245
total_sum_fy,N,37.785000,1770.2938842773438,443.0774635732723
total_sum_fy,N,37.851000,1783.2625122070312,456.91727669557366
total_sum_fy,N,37.884000,1747.8969116210938,447.8785590642247
total_sum_fy,N,37.917000,1622.6651000976562,384.22114152115904
total_sum_fy,N,37.983000,1774.4540405273438,437.3464269539646
total_sum_fy,N,38.049000,1750.2621765136719,427.34959208999265
total_sum_fy,N,38.082000,1753.6055908203125,420.32531831007964
total_sum_fy,N,38.115000,1818.9574584960938,490.38686466421865
total_sum_fy,N,38.181000,1850.0970764160156,511.64334090744404
total_sum_fy,N,38.247000,1833.5224304199219,497.7591525312384
total_sum_fy,N,38.280000,1834.9198608398438,495.1572061331671
total_sum_fy,N,38.313000,1808.0126647949219,435.3893021544858
total_sum_fy,N,38.379000,1794.5737915039062,416.7336239899792
total_sum_fy,N,38.445000,1827.88818359375,426.291997724295
total_sum_fy,N,38.511000,1822.3471069335938,426.7269012757163
total_sum_fy,N,38.577000,1832.0711669921875,438.0944186579152
total_sum_fy,N,38.643000,1888.0941467285156,459.37812954413437
total_sum_fy,N,38.709000,1620.3515930175781,339.9152244425
total_sum_fy,N,38.775000,1742.1108703613281,384.8214770370103
total_sum_fy,N,38.841000,1776.6514282226562,406.0192672785266
total_sum_fy,N,38.907000,1528.0161743164062,308.04121925710854
total_sum_fy,N,38.973000,1622.8209838867188,342.3723237490702
total_sum_fy,N,39.039000,1535.5074768066406,317.50334391620277
total_sum_fy,N,39.105000,1324.242431640625,258.62368343911174
total_sum_fy,N,39.171000,1505.5520629882812,303.17134390147334
total_sum_fy,N,39.204000,1498.263916015625,301.14095661547213
total_sum_fy,N,39.237000,1427.1122741699219,278.26783897592713
total_sum_fy,N,39.303000,898.9745330810547,160.5649505415321
total_sum_fy,N,39.369000,822.0511169433594,140.33122260769267
total_sum_fy,N,39.402000,609.6989059448242,101.65641036995777
total_sum_fy,N,39.435000,459.5294990539551,73.61607704230096
total_sum_fy,N,39.501000,647.1571197509766,108.07891795143405
total_sum_fy,N,39.567000,662.8816070556641,114.83144430958066
total_sum_fy,N,39.600000,800.1036834716797,145.05175210610122
total_sum_fy,N,39.633000,855.1072998046875,150.67173949205818
total_sum_fy,N,39.699000,590.6795120239258,93.82641479698322
total_sum_fy,N,39.765000,325.18281173706055,56.97695977256434
total_sum_fy,N,39.831000,317.9019241333008,51.580343566338485
total_sum_fy,N,39.897000,541.6839981079102,86.74913159862913
total_sum_fy,N,39.963000,593.3511848449707,99.70539606294153
total_sum_fy,N,40.029000,739.0903015136719,126.30453471953065
total_sum_fy,N,40.095000,383.32564544677734,61.252818695109276
total_sum_fy,N,40.161000,159.41632080078125,27.73809576704668
total_sum_fy,N,40.227000,23.669113159179688,3.758445769313152
total_sum_fy,N,40.293000,-304.9719920158386,-49.119543205304545
total_sum_fy,N,40.326000,-441.26660919189453,-70.89791057633371
total_sum_fy,N,40.359000,17.48919677734375,3.021060737667213
total_sum_fy,N,40.425000,-229.77594470977783,-36.00172215528234
total_sum_fy,N,40.491000,124.99166870117188,20.74106199859257
total_sum_fy,N,40.524000,347.5000114440918,60.252781543122516
total_sum_fy,N,40.557000,644.7043056488037,119.4199332683773
total_sum_fy,N,40.623000,975.2564086914062,182.41572023100824
total_sum_fy,N,40.689000,899.7722778320312,157.04241136604497
total_sum_fy,N,40.722000,1039.4171295166016,188.0039295636464
total_sum_fy,N,40.755000,622.7115478515625,115.1920949822453
total_sum_fy,N,40.821000,972.9646453857422,184.37650336762698
total_sum_fy,N,40.887000,834.8099822998047,147.42032423179262
total_sum_fy,N,40.953000,709.0928497314453,121.51671778096768
total_sum_fy,N,41.019000,38.893043518066406,6.911726050951373
total_sum_fy,N,41.085000,-172.75815773010254,-28.187626918928757
total_sum_fy,N,41.118000,-295.23127937316895,-48.19190678328836
total_sum_fy,N,41.151000,143.5114860534668,24.30368154955444
total_sum_fy,N,41.217000,-85.40414047241211,-13.750815803890749
total_sum_fy,N,41.283000,-462.9001159667969,-77.99821138964927
total_sum_fy,N,41.316000,-525.5436706542969,-89.95634237748452
total_sum_fy,N,41.349000,-505.676700592041,-84.29929745250672
total_sum_fy,N,41.415000,-798.7307891845703,-141.82308991009813
total_sum_fy,N,41.481000,-446.3062744140625,-71.4882304952761
total_sum_fy,N,41.514000,-573.356559753418,-91.91666778352317
total_sum_fy,N,41.547000,-628.3653564453125,-100.92833405406141
total_sum_fy,N,41.613000,-440.2969741821289,-68.09164521218892
total_sum_fy,N,41.646000,-451.76844024658203,-68.9147872070279
total_sum_fy,N,41.679000,-624.0674438476562,-97.36939758299005
total_sum_fy,N,41.745000,-530.0097274780273,-80.13900968872571
total_sum_fy,N,41.811000,-529.5600662231445,-79.69913826856884
total_sum_fy,N,41.844000,-519.0831832885742,-77.72249533631576
total_sum_fy,N,41.877000,-517.3217391967773,-76.99072652662434
total_sum_fy,N,41.943000,-501.67762756347656,-74.2420781191281
total_sum_fy,N,42.042000,-70.05499649047852,-11.004155562121774
total_sum_fy,N,42.075000,2.291156768798828,0.2368823416869965
total_sum_fy,N,42.141000,87.19135904312134,12.458812637833939
total_sum_fy,N,42.207000,447.33118438720703,70.84555213999826
total_sum_fy,N,42.240000,586.1514511108398,95.70714464243032
total_sum_fy,N,42.273000,581.0031661987305,91.61051362515748
total_sum_fy,N,42.339000,673.2852478027344,105.13233374394278
total_sum_fy,N,42.405000,191.9540252685547,31.683895309556284
total_sum_fy,N,42.438000,330.67121601104736,50.58552232737103
total_sum_fy,N,42.471000,358.23684310913086,53.85054390959885
total_sum_fy,N,42.537000,311.7164840698242,46.33923437829124
total_sum_fy,N,42.603000,547.2418670654297,86.35656405928849
total_sum_fy,N,42.669000,648.673095703125,102.74329144082182
total_sum_fy,N,42.735000,695.4429779052734,108.9364807784399
total_sum_fy,N,42.801000,985.0665130615234,168.5853411784728
total_sum_fy,N,42.867000,1144.6156463623047,204.75573015807095
total_sum_fy,N,42.933000,1232.229736328125,223.3506854133152
total_sum_fy,N,42.966000,1298.2953186035156,240.06189466591348
total_sum_fy,N,42.999000,963.6162872314453,165.74087157685057
total_sum_fy,N,43.065000,1113.9338684082031,194.88564315586012
total_sum_fy,N,43.131000,1129.1084289550781,198.05289099104428
total_sum_fy,N,43.164000,1125.3175048828125,197.22254724126498
total_sum_fy,N,43.197000,1289.2212219238281,240.2420319742352
total_sum_fy,N,43.230000,1364.3379821777344,266.0844077476238
total_sum_fy,N,43.263000,1357.0577392578125,262.32882186015667
total_sum_fy,N,43.329000,1383.8365783691406,267.8348410703834
total_sum_fy,N,43.362000,1416.2835388183594,276.56902230118715
total_sum_fy,N,43.395000,1582.4689331054688,351.3750744204024
total_sum_fy,N,43.428000,1616.7730102539062,358.71267110085336
total_sum_fy,N,43.461000,1679.1129455566406,380.83063805266454
total_sum_fy,N,43.527000,1702.5872802734375,394.1253218392534
total_sum_fy,N,43.560000,1722.6592102050781,404.6764741409178
total_sum_fy,N,43.593000,1615.3866271972656,348.1494271234616
total_sum_fy,N,43.626000,1662.2496948242188,366.76110609555707
total_sum_fy,N,43.659000,1735.5245056152344,400.91858617257503
total_sum_fy,N,43.725000,1604.5449829101562,354.3277202906082
total_sum_fy,N,43.791000,1747.6361694335938,404.40105537401416
total_sum_fy,N,43.824000,1750.0246276855469,409.4313954993108
total_sum_fy,N,43.923000,1591.7947082519531,342.2960107650939
total_sum_fy,N,44.088000,1686.2254333496094,382.28057399868464
total_sum_fy,N,44.154000,1486.1044006347656,301.96522878999264
total_sum_fy,N,44.220000,1404.8009338378906,275.3023063405627
total_sum_fy,N,44.385000,1373.821044921875,267.00190395358356
total_sum_fy,N,44.550000,1133.6711120605469,204.77624434217097
total_sum_fy,N,44.649000,1101.6217346191406,196.8214153779944
total_sum_fy,N,44.715000,1148.33642578125,208.49361418633444
total_sum_fy,N,44.781000,787.7348022460938,133.35090258797675
total_sum_fy,N,44.847000,769.9484100341797,127.63898808405212
total_sum_fy,N,44.880000,732.9026184082031,120.74300378397807
total_sum_fy,N,44.979000,1000.9195404052734,179.92555480675463
total_sum_fy,N,45.045000,990.5617523193359,175.5590332137374
total_sum_fy,N,45.078000,1054.1924285888672,189.5992350228429
total_sum_fy,N,45.111000,632.713134765625,107.29577245335099
total_sum_fy,N,45.177000,276.61075592041016,50.38884567052449
total_sum_fy,N,45.210000,256.83641052246094,44.94991541463648
total_sum_fy,N,45.243000,192.8159294128418,32.195084143955675
total_sum_fy,N,45.309000,482.17730712890625,80.39607388880003
total_sum_fy,N,45.375000,477.5758743286133,81.51583142918884
total_sum_fy,N,45.408000,659.0230407714844,119.11466310636601
total_sum_fy,N,45.441000,654.076545715332,113.01570776642723
total_sum_fy,N,45.507000,652.9488983154297,106.93304544882103
total_sum_fy,N,45.573000,316.33841705322266,54.54792015848063
total_sum_fy,N,45.606000,440.42964935302734,72.98980524053445
total_sum_fy,N,45.705000,496.98938751220703,79.361000719942
total_sum_fy,N,45.771000,651.9617080688477,110.19668333856183
total_sum_fy,N,45.837000,753.5292816162109,131.26858766379485
total_sum_fy,N,45.903000,1018.1882934570312,192.6165437101861
total_sum_fy,N,45.969000,726.9107360839844,124.55401521445582
total_sum_fy,N,46.035000,1004.0137939453125,181.77510472242994
total_sum_fy,N,46.101000,796.5234985351562,138.52548476561964
total_sum_fy,N,46.167000,1043.218490600586,187.74013266997645
total_sum_fy,N,46.233000,1138.9492645263672,213.1501189172156
total_sum_fy,N,46.299000,1127.6368255615234,205.60896937027223
total_sum_fy,N,46.365000,1225.1148986816406,229.96321177665067
total_sum_fy,N,46.431000,932.8506927490234,162.75801752189153
total_sum_fy,N,46.497000,485.913423538208,84.9465304255939
total_sum_fy,N,46.530000,322.6104202270508,55.265448688712766
total_sum_fy,N,46.563000,762.3364562988281,121.49444874687619
total_sum_fy,N,46.629000,406.34314727783203,59.64712151381064
total_sum_fy,N,46.695000,-166.9736328125,-25.100716212179258
total_sum_fy,N,46.728000,-222.10838294029236,-32.4016802398299
total_sum_fy,N,46.761000,-531.7975463867188,-84.20616784735726
total_sum_fy,N,46.827000,-737.3343200683594,-115.75785206447956
total_sum_fy,N,46.893000,-410.3000869601965,-65.27084903589159
total_sum_fy,N,46.926000,-576.3772811889648,-90.31026667201947
total_sum_fy,N,46.959000,-894.9537811279297,-145.44875175433765
total_sum_fy,N,47.025000,-878.2291564941406,-141.9815924713735
total_sum_fy,N,47.091000,-1004.8308563232422,-169.19092088879628
total_sum_fy,N,47.124000,-992.4913482666016,-165.4052264887436
total_sum_fy,N,47.157000,-715.4945983886719,-113.09456136832462
total_sum_fy,N,47.223000,-740.9876403808594,-117.31933229557544
total_sum_fy,N,47.289000,-665.1436614990234,-103.47947313775214
total_sum_fy,N,47.355000,-845.4659423828125,-139.2205820864945
total_sum_fy,N,47.421000,-972.7022705078125,-168.36088365842946
total_sum_fy,N,47.487000,-557.2893905639648,-88.28129208730942
total_sum_fy,N,47.553000,-684.2192535400391,-108.98180931401882
total_sum_fy,N,47.619000,-502.7559509277344,-77.58776537135944
total_sum_fy,N,47.685000,-414.96561431884766,-62.42575796001678
total_sum_fy,N,47.751000,-269.6262512207031,-39.809331672496455
total_sum_fy,N,47.817000,-423.1869239807129,-65.81894072942757
total_sum_fy,N,47.850000,-382.8107147216797,-58.081759906023144
total_sum_fy,N,47.883000,-154.1863899230957,-22.529220871373305
total_sum_fy,N,47.949000,-169.44433975219727,-24.47962223123305
total_sum_fy,N,48.015000,-137.48720932006836,-19.59633633819074
total_sum_fy,N,48.048000,-119.72091484069824,-17.05668726366026
total_sum_fy,N,48.081000,68.56894493103027,10.080287144977131
total_sum_fy,N,48.147000,122.09629440307617,17.029603439293247
total_sum_fy,N,48.213000,-102.79740905761719,-15.176694468404783
total_sum_fy,N,48.246000,-61.010820388793945,-8.979207600139555
total_sum_fy,N,48.279000,-84.35308361053467,-11.743439527626943
total_sum_fy,N,48.345000,-157.16699981689453,-22.023154881761947
total_sum_fy,N,48.411000,-57.92750549316406,-8.174598400647577
total_sum_fy,N,48.444000,-93.59629225730896,-13.065814512892736
total_sum_fy,N,48.477000,162.02260780334473,24.105647294704436
total_sum_fy,N,48.543000,220.36991691589355,31.181655636908573
total_sum_fy,N,48.609000,-181.96203231811523,-27.932668925933125
total_sum_fy,N,48.675000,-485.328556060791,-81.6656125944598
total_sum_fy,N,48.741000,-638.8722763061523,-100.78996238042863
total_sum_fy,N,48.807000,-305.7681179046631,-48.09014476961536
total_sum_fy,N,48.873000,-105.44904327392578,-18.435501452622958
total_sum_fy,N,48.939000,64.69429016113281,10.140923397030875
total_sum_fy,N,49.005000,-252.02891159057617,-39.95069817537512
total_sum_fy,N,49.071000,10.631912231445312,1.7267453992911115
total_sum_fy,N,49.137000,-320.6804676055908,-50.91249501887819
total_sum_fy,N,49.170000,-529.9481296539307,-88.06278452349972
total_sum_fy,N,49.203000,-797.5526580810547,-141.33158674327646
total_sum_fy,N,49.269000,-1157.7302551269531,-217.15240716466988
total_sum_fy,N,49.335000,-1520.2358703613281,-325.33924832493324
total_sum_fy,N,49.368000,-1638.7395324707031,-381.5003464373747
total_sum_fy,N,49.401000,-1653.1256103515625,-358.4733230605292
total_sum_fy,N,49.467000,-1788.5654907226562,-421.89127048751766
total_sum_fy,N,49.533000,-1764.0987854003906,-413.6245318330312
total_sum_fy,N,49.566000,-1804.4476623535156,-441.02443640140564
total_sum_fy,N,49.599000,-1653.8308410644531,-388.2538884214508
total_sum_fy,N,49.665000,-1746.64697265625,-429.9469601355772
total_sum_fy,N,49.731000,-1811.8146362304688,-462.6913162341325
total_sum_fy,N,49.764000,-1839.9267883300781,-476.2873821759804
total_sum_fy,N,49.797000,-1703.7571411132812,-422.0086632024719
total_sum_fy,N,49.863000,-1787.127685546875,-448.3835471466549
total_sum_fy,N,49.929000,-1682.7384033203125,-400.29584520683835
total_sum_fy,N,49.962000,-1697.1242980957031,-395.709328062282
total_sum_fy,N,49.995000,-1845.4055480957031,-449.9806074421506
total_sum_fy,N,50.061000,-1730.4314880371094,-387.38106631234007
total_sum_fy,N,50.127000,-1680.9662780761719,-367.32301508482436
total_sum_fy,N,50.160000,-1669.9518737792969,-369.3989581190592
total_sum_fy,N,50.193000,-1675.2825012207031,-384.10950833456695
total_sum_fy,N,50.259000,-1629.3746032714844,-372.5454106807655
total_sum_fy,N,50.325000,-1391.5255432128906,-267.61911991053137
total_sum_fy,N,50.358000,-1411.9612426757812,-273.6666395471201
total_sum_fy,N,50.391000,-1012.2541656494141,-181.26495300971428
total_sum_fy,N,50.490000,-1003.0176391601562,-178.13352553714122
total_sum_fy,N,50.523000,-487.1549048423767,-83.28239079440011
total_sum_fy,N,50.589000,-667.0150604248047,-109.45489682387053
total_sum_fy,N,50.655000,-324.00534439086914,-50.44933469159705
total_sum_fy,N,50.688000,-233.7106056213379,-36.02146037111369
total_sum_fy,N,50.721000,-483.65404510498047,-80.11062389511845
total_sum_fy,N,50.787000,-70.20989227294922,-10.75863647908897
total_sum_fy,N,50.853000,-226.8433494567871,-35.28559864919013
total_sum_fy,N,50.886000,-227.92112350463867,-35.281457191506654
total_sum_fy,N,50.919000,-165.07678413391113,-25.305295158896982
total_sum_fy,N,50.985000,-447.93544006347656,-72.55371267591029
total_sum_fy,N,51.051000,-583.4902801513672,-95.9634531577234
total_sum_fy,N,51.084000,-608.9139709472656,-99.1423792454488
total_sum_fy,N,51.117000,-98.58891296386719,-15.826157378766844
total_sum_fy,N,51.183000,136.4785919189453,23.3612274300599
total_sum_fy,N,51.249000,293.9729537963867,47.39650050152382
total_sum_fy,N,51.315000,727.1105041503906,125.45632096235505
total_sum_fy,N,51.381000,564.9067153930664,89.59287239747997
total_sum_fy,N,51.447000,768.0685272216797,126.20370840166419
total_sum_fy,N,51.513000,301.137508392334,51.09092368024187
total_sum_fy,N,51.579000,644.8890686035156,101.88539415742994
total_sum_fy,N,51.645000,531.6665344238281,81.63275308082594
total_sum_fy,N,51.711000,458.52793884277344,68.85288982234334
total_sum_fy,N,51.777000,439.3649368286133,64.84276788175998
total_sum_fy,N,51.810000,446.6512145996094,65.76635886978696
total_sum_fy,N,51.843000,440.22611236572266,64.53475173661407
total_sum_fy,N,51.909000,540.7987518310547,80.88235214520338
total_sum_fy,N,51.975000,127.3442497253418,19.276875735437212
total_sum_fy,N,52.008000,201.1298484802246,28.971485424119702
total_sum_fy,N,52.041000,197.73076629638672,27.954526390869397
total_sum_fy,N,52.107000,221.44620513916016,31.779503857463872
total_sum_fy,N,52.173000,16.20641326904297,2.330243613666547
total_sum_fy,N,52.206000,25.37860870361328,3.708790178128735
total_sum_fy,N,52.239000,9.79909086227417,1.4260935830764039
total_sum_fy,N,52.305000,-337.7630467414856,-52.946601757093966
total_sum_fy,N,52.371000,43.638648986816406,6.064282429738427
total_sum_fy,N,52.404000,-77.0797986984253,-11.72602253651927
total_sum_fy,N,52.437000,-121.31431102752686,-18.083368058075436
total_sum_fy,N,52.503000,-412.11500549316406,-64.36954778940668
total_sum_fy,N,52.569000,-775.508056640625,-132.6844789887066
total_sum_fy,N,52.602000,-866.7704696655273,-148.26195436380954
total_sum_fy,N,52.635000,-904.2283935546875,-151.37220377302884
total_sum_fy,N,52.701000,-572.6566696166992,-90.40348793240452
total_sum_fy,N,52.767000,-227.03606414794922,-39.6110614736572
total_sum_fy,N,52.833000,-357.87403869628906,-54.36576034683489
total_sum_fy,N,52.899000,-540.5049362182617,-83.34773694831595
total_sum_fy,N,52.965000,-795.4526443481445,-136.45386948179487
total_sum_fy,N,53.031000,-939.2787475585938,-162.26772780246586
total_sum_fy,N,53.097000,-947.1816558837891,-158.77962953318314
total_sum_fy,N,53.130000,-1015.464111328125,-173.27659450374864
total_sum_fy,N,53.163000,-608.6427001953125,-102.0301842999416
total_sum_fy,N,53.229000,-820.9540405273438,-134.85562580454086
total_sum_fy,N,53.295000,-1000.9483337402344,-171.86748959804058
total_sum_fy,N,53.328000,-1090.6148986816406,-195.44020608164988
total_sum_fy,N,53.361000,-1250.143814086914,-241.8573140564687
total_sum_fy,N,53.427000,-1340.55078125,-267.95748019119526
total_sum_fy,N,53.493000,-1184.1897277832031,-216.93692379215045
total_sum_fy,N,53.526000,-1275.6075439453125,-239.5649172539351
total_sum_fy,N,53.559000,-945.0588684082031,-173.92845728931997
total_sum_fy,N,53.691000,-1101.15478515625,-196.06520699937218
total_sum_fy,N,53.724000,-1036.7496032714844,-181.08034981324147
total_sum_fy,N,53.757000,-1195.38916015625,-218.1872585226311
total_sum_fy,N,53.823000,-1238.7844543457031,-230.7918362628613
total_sum_fy,N,53.889000,-1247.6624755859375,-229.7874297847162
total_sum_fy,N,53.955000,-1439.2503356933594,-287.77640153433885
total_sum_fy,N,54.021000,-1543.6807861328125,-328.15242388303596
total_sum_fy,N,54.087000,-1538.3390808105469,-312.2473179657191
total_sum_fy,N,54.219000,-1616.4226379394531,-334.9789806895064
total_sum_fy,N,54.285000,-1735.1616821289062,-384.3980491163704
total_sum_fy,N,54.351000,-1737.1637878417969,-386.4009671701574
total_sum_fy,N,54.417000,-1540.8476257324219,-311.824065502424
total_sum_fy,N,54.450000,-1602.69140625,-329.8927347493403
total_sum_fy,N,54.483000,-1717.9097290039062,-371.20645497280304
total_sum_fy,N,54.549000,-1727.9501953125,-381.71857501161276
total_sum_fy,N,54.615000,-1520.2872314453125,-301.23565363707115
total_sum_fy,N,54.648000,-1503.3507385253906,-295.1926061525221
total_sum_fy,N,54.681000,-1580.3431396484375,-319.83074640956403
total_sum_fy,N,54.747000,-1520.7055053710938,-300.07296833326615
total_sum_fy,N,54.813000,-1127.2981262207031,-202.1452593780527
total_sum_fy,N,54.846000,-1104.239013671875,-193.8085197031221
total_sum_fy,N,54.945000,-1251.4270629882812,-225.163255718693
total_sum_fy,N,55.011000,-1022.927490234375,-172.11385919494865
total_sum_fy,N,55.044000,-1005.3746032714844,-168.144373483413
total_sum_fy,N,55.077000,-444.3211212158203,-75.49423462129359
total_sum_fy,N,55.143000,-436.7323913574219,-66.43962336855303
total_sum_fy,N,55.209000,-626.0726165771484,-98.28594813256449
total_sum_fy,N,55.275000,-560.3901901245117,-85.72792004891836
total_sum_fy,N,55.341000,-937.501220703125,-162.49159721164625
total_sum_fy,N,55.407000,-554.081901550293,-84.23045170689326
total_sum_fy,N,55.473000,-162.3033218383789,-27.88827001832179
total_sum_fy,N,55.539000,-277.3894958496094,-40.876366502600376
total_sum_fy,N,55.605000,-353.174747467041,-51.229965584111845
total_sum_fy,N,55.671000,-203.76956939697266,-28.66792260359871
total_sum_fy,N,55.737000,-474.3853988647461,-73.48818700281491
total_sum_fy,N,55.770000,-629.8285331726074,-101.74777987434263
total_sum_fy,N,55.803000,-134.0343141555786,-19.677628008749036
total_sum_fy,N,55.869000,-284.80713653564453,-40.88699629368088
total_sum_fy,N,55.935000,-583.9124908447266,-90.4954703456302
total_sum_fy,N,55.968000,-723.5349884033203,-117.50884766309208
total_sum_fy,N,56.001000,-192.69758224487305,-28.60613388617216
total_sum_fy,N,56.067000,-342.8025779724121,-49.76964408285532
total_sum_fy,N,56.133000,-335.2912368774414,-48.44880798924791
total_sum_fy,N,56.166000,-322.03165435791016,-46.43084313456798
total_sum_fy,N,56.199000,-603.4565505981445,-93.97435474728695
total_sum_fy,N,56.265000,-739.3156967163086,-118.33467565412202
total_sum_fy,N,56.331000,-818.6507415771484,-131.03512864158347
total_sum_fy,N,56.364000,-870.7586517333984,-140.7346940098962
total_sum_fy,N,56.397000,-397.40575790405273,-64.0193376410908
total_sum_fy,N,56.463000,-567.2766036987305,-86.81759484466104
total_sum_fy,N,56.529000,-562.1580047607422,-84.53220635053893
total_sum_fy,N,56.595000,-775.3782272338867,-124.87525949257744
total_sum_fy,N,56.661000,-864.3196716308594,-141.84911262990107
total_sum_fy,N,56.727000,-831.1681060791016,-132.0567398907932
total_sum_fy,N,56.793000,-368.74624824523926,-60.2291692725946
total_sum_fy,N,56.859000,-518.3638610839844,-78.33467422774862
total_sum_fy,N,56.925000,-706.6357955932617,-109.4432403865311
total_sum_fy,N,56.991000,-775.2602081298828,-124.16391667703772
total_sum_fy,N,57.057000,-318.77000999450684,-46.5217845573831
total_sum_fy,N,57.090000,-338.2850914001465,-49.046678261951726
total_sum_fy,N,57.123000,-622.1754150390625,-96.30088055611853
total_sum_fy,N,57.156000,-739.5103912353516,-119.81312386950313
total_sum_fy,N,57.189000,-165.51568031311035,-24.64985801743564
total_sum_fy,N,57.255000,-266.04022216796875,-38.21220003488094
total_sum_fy,N,57.288000,-249.6600685119629,-35.34702119190722
total_sum_fy,N,57.321000,-283.31552505493164,-40.33858626126633
total_sum_fy,N,57.354000,-257.88083267211914,-36.97216183377336
total_sum_fy,N,57.387000,-539.7606811523438,-84.43675068326343
total_sum_fy,N,57.453000,-581.9457550048828,-89.19590561123877
total_sum_fy,N,57.519000,-65.26744079589844,-10.535936220062766
total_sum_fy,N,57.684000,430.3766098022461,63.500365042314975
total_sum_fy,N,57.849000,-356.9906840324402,-54.44530586804256
total_sum_fy,N,58.014000,-689.3903045654297,-106.242322221739
total_sum_fy,N,58.179000,342.42694664001465,50.855782619748176
total_sum_fy,N,58.344000,-812.6165542602539,-142.62735502845274
total_sum_fy,N,58.509000,-395.7181668281555,-62.582061062189375
total_sum_fy,N,58.674000,-718.5774688720703,-113.60121215400943
total_sum_fy,N,58.839000,-905.3747100830078,-147.96161557126024
total_sum_fy,N,59.004000,-934.0128479003906,-156.5036898543056
total_sum_fy,N,59.169000,-1012.4089508056641,-169.93901080959574
total_sum_fy,N,59.334000,-536.973445892334,-91.81482954182935
total_sum_fy,N,59.499000,-1095.5110473632812,-192.5484809741672
total_sum_fy,N,59.664000,-1074.5545654296875,-182.51369299864615
total_sum_fy,N,59.829000,-828.8224411010742,-141.99748777960735
total_sum_fy,N,59.993999,-1045.2210083007812,-178.9955280298926
total_sum_fy,N,60.159000,-1011.3926239013672,-169.12430400077477
total_sum_fy,N,60.324000,-292.2003936767578,-49.55217732526962
total_sum_fy,N,60.489000,-423.72108459472656,-63.65254059634137
total_sum_fy,N,60.654000,-120.16946029663086,-18.219427162224754
total_sum_fy,N,60.819000,135.83230209350586,19.95362497481032
total_sum_fy,N,60.983999,-448.12962341308594,-66.969716692625
total_sum_fy,N,61.149000,-145.3901491165161,-21.158517002557414
total_sum_fy,N,61.314000,130.11538887023926,19.010273374820446
total_sum_fy,N,61.479000,-845.7075653076172,-150.59964814607477
total_sum_fy,N,61.644000,-485.82248306274414,-79.58125859804471
total_sum_fy,N,61.809000,-223.2379379272461,-33.26178074178282
total_sum_fy,N,61.974000,-1087.5204162597656,-206.42756746170772
total_sum_fy,N,62.139000,-234.1680450439453,-41.05183347118626
total_sum_fy,N,62.304000,-461.61561584472656,-72.82436388283205
total_sum_fy,N,62.469000,-1038.4471588134766,-188.90289738332632
total_sum_fy,N,62.634000,-770.6937255859375,-135.52842829586513
total_sum_fy,N,62.799000,-1243.7222137451172,-240.9591597570477
total_sum_fy,N,62.964000,-1174.6226806640625,-219.37373640534707
total_sum_fy,N,63.128999,-914.3086853027344,-163.38404306365032
total_sum_fy,N,63.294000,-683.3679046630859,-114.85240519820755
total_sum_fy,N,63.459000,-859.7477874755859,-148.57885130238813
total_sum_fy,N,63.624000,-571.8202095031738,-99.35819291275354
total_sum_fy,N,63.789000,-167.20682334899902,-26.23376188338901
total_sum_fy,N,63.954000,-337.4300880432129,-54.47565906135937
total_sum_fy,N,64.118999,-297.3938207626343,-48.357665129406925
total_sum_fy,N,64.284000,-212.6033706665039,-37.26255194524365
total_sum_fy,N,64.449000,-396.5566177368164,-63.105436396368425
total_sum_fy,N,64.614000,-110.69300842285156,-22.337070609289448
total_sum_fy,N,64.779000,43.095436096191406,9.056668426309628
total_sum_fy,N,64.944000,-523.1656017303467,-96.22353228744002
total_sum_fy,N,65.108999,-323.5520839691162,-56.07881835162743
total_sum_fy,N,65.273999,637.7477722167969,106.424601117595
total_sum_fy,N,65.439000,229.4990692138672,45.887855133828566
total_sum_fy,N,65.604000,-182.84315872192383,-30.321088096476668
total_sum_fy,N,65.769000,-140.51186180114746,-22.258445214195806
total_sum_fy,N,65.934000,-153.84918975830078,-24.296850504374376
total_sum_fy,N,66.099000,-211.14752197265625,-37.97061067962981
total_sum_fy,N,66.263999,-403.3820080757141,-66.44720714243822
total_sum_fy,N,66.429000,-407.32501220703125,-63.40309530120539
total_sum_fy,N,66.594000,-58.70747375488281,-10.400570352428417
total_sum_fy,N,66.759000,466.00610733032227,72.59378503765504
total_sum_fy,N,66.924000,-782.2198886871338,-147.97619335449198
total_sum_fy,N,67.089000,-1169.8313751220703,-215.56353064227505
total_sum_fy,N,67.253999,-786.3787508010864,-162.81470749242516
total_sum_fy,N,67.419000,-367.18237103242427,-57.43502451926652
total_sum_fy,N,67.584000,-392.20333194732666,-62.81862404655085
total_sum_fy,N,67.749000,202.62242126464844,34.077366904033795
total_sum_fy,N,67.914000,1145.8636169433594,197.48476136317254
total_sum_fy,N,68.079000,864.279541015625,151.57401500238052
total_sum_fy,N,68.243999,243.80268955230713,36.40997217046179
total_sum_fy,N,68.408999,-376.60792541503906,-54.490469979848314
total_sum_fy,N,68.574000,-827.8079071044922,-144.93220455170223
total_sum_fy,N,68.739000,-619.7379913330078,-104.05571310213713
total_sum_fy,N,68.904000,-858.6943511962891,-142.43504834219559
total_sum_fy,N,69.069000,-1325.8776550292969,-258.76321466078446
total_sum_fy,N,69.233999,-929.7340469360352,-177.28075213547703
total_sum_fy,N,69.398999,-1119.5558166503906,-204.67091531571748
total_sum_fy,N,69.564000,-1429.5196075439453,-312.62628730211867
total_sum_fy,N,69.729000,-1514.7498168945312,-310.17670036616437
total_sum_fy,N,69.894000,-1070.5420532226562,-201.93401276514538
total_sum_fy,N,70.059000,-485.8556499481201,-82.35921757125018
total_sum_fy,N,70.224000,-42.68381881713867,-6.413885189748548
total_sum_fy,N,70.388999,166.1115951538086,27.667062066318515
total_sum_fy,N,70.553999,1430.1734619140625,274.8650126476562
total_sum_fy,N,70.719000,1512.2688293457031,313.9628625720872
total_sum_fy,N,70.884000,1141.0533599853516,214.1762239601824
total_sum_fy,N,71.049000,683.741584777832,114.98890002052299
total_sum_fy,N,71.214000,95.35851573944092,13.288235719795894
total_sum_fy,N,71.378999,-1214.8379364013672,-233.6765630965901
total_sum_fy,N,71.543999,-1337.6872253417969,-259.6193749336728
total_sum_fy,N,71.709000,-1384.3150939941406,-265.9131070164067
total_sum_fy,N,72.039000,-1592.94384765625,-349.3417686476437
total_sum_fy,N,72.204000,-1341.4960479736328,-288.22851586410263
total_sum_fy,N,72.368999,-1450.3523559570312,-294.0311756692266
total_sum_fy,N,72.533999,-1545.7200622558594,-385.65696030745494
total_sum_fy,N,72.699000,-1606.790283203125,-361.2068216081694
total_sum_fy,N,72.864000,-1743.1639709472656,-433.8713493186307
total_sum_fy,N,73.029000,-1831.6788330078125,-497.8862979273943
total_sum_fy,N,73.194000,-1843.7752380371094,-496.46235979699543
total_sum_fy,N,73.358999,-1906.6796875,-563.5918140925048
total_sum_fy,N,73.523999,-1778.3979797363281,-428.2270134117691
total_sum_fy,N,73.688999,-1471.4215698242188,-310.0891652892881
total_sum_fy,N,73.854000,-773.0520133972168,-142.1502176045992
total_sum_fy,N,74.019000,-542.9756507873535,-88.72463935485189
total_sum_fy,N,74.349000,1465.8038787841797,323.0357806525369
total_sum_fy,N,74.513999,1997.1107177734375,563.1148791751649
total_sum_fy,N,74.678999,1975.2896118164062,704.1077330734763
total_sum_fy,N,74.844000,1819.7371520996094,755.4754120675852
total_sum_fy,N,75.174000,1782.3297424316406,900.54659463704
total_sum_fy,N,75.339000,1730.2013244628906,876.8488117182005
total_sum_fy,N,75.503999,1664.005126953125,828.0549846108834
total_sum_fy,N,75.668999,1730.5353698730469,817.9094811786113
total_sum_fy,N,75.833999,1886.2051086425781,812.0686968674513
total_sum_fy,N,75.999000,1886.0639038085938,765.1269747420947
total_sum_fy,N,76.164000,1900.9736938476562,682.0723166702936
total_sum_fy,N,76.493999,568.7206497192383,203.38799234031694
total_sum_fy,N,76.658999,-2195.469207763672,-782.4076696197253
total_sum_fy,N,76.823999,-1733.2656555175781,-915.2977951851994
total_sum_fy,N,76.989000,-1871.0887451171875,-1021.2712655955518
total_sum_fy,N,77.154000,-1782.1443786621094,-980.8781930157501
total_sum_fy,N,77.319000,-2269.1910095214844,-1217.5587916464513
total_sum_fy,N,80.289000,13.584726572036743,23.885072002212514
total_sum_fy,N,80.454000,13.52603304386139,14.927598401171727
total_sum_fy,N,80.618999,-4.043120622634888,-1.096404146793506
total_sum_fy,N,80.783999,41.315757274627686,4.867024020822804
total_sum_fy,N,80.948999,-22.177631378173828,-1.8485446487642019
total_sum_fy,N,81.113999,-18.119064569473267,-4.080844660729645
total_sum_fy,N,81.279000,-52.45943307876587,-9.53377974801875
total_sum_fy,N,81.444000,-63.839987963438034,-12.96040444353646
total_sum_fy,N,81.608999,-84.46207523345947,-18.743031859138487
total_sum_fy,N,81.773999,-130.23878479003906,-26.315294235388485
total_sum_fy,N,81.938999,-191.17745208740234,-33.87023926020591
total_sum_fy,N,82.103999,-273.9231491088867,-42.04177179900369
total_sum_fy,N,82.269000,-354.2840805053711,-53.51594277081963
total_sum_fy,N,82.434000,-443.68985748291016,-67.72754247919136
total_sum_fy,N,82.599000,-576.796760559082,-93.26618984057282
total_sum_fy,N,82.763999,-646.6388092041016,-103.09315932208497
total_sum_fy,N,82.928999,-998.5241241455078,-184.36845295480938
total_sum_fy,N,83.093999,-1002.0654296875,-201.77112444889337
total_sum_fy,N,83.259000,-1186.5229949951172,-236.53659017075628
total_sum_fy,N,83.424000,-1381.8017883300781,-256.9589237863671
total_sum_fy,N,83.589000,-1467.5588073730469,-300.6685244357652
total_sum_fy,N,83.918999,-1625.6021728515625,-394.6414847339861
total_sum_fy,N,84.083999,-1691.9898071289062,-517.6161084520543
total_sum_fy,N,84.248999,-1756.317626953125,-645.4052249094457
total_sum_fy,N,84.414000,-1597.5339660644531,-741.6327234599783
total_sum_fy,N,84.579000,-1424.9567565917969,-851.135161891538
total_sum_fy,N,84.743999,-1194.0702514648438,-901.3448425805495
total_sum_fy,N,84.908999,-1350.1835327148438,-952.3353017786444
total_sum_fy,N,85.073999,-1482.3702087402344,-962.486355129413
total_sum_fy,N,85.238999,-1642.4046325683594,-992.4154999074142
total_sum_fy,N,85.404000,-1690.5758666992188,-958.2220870251579
total_sum_fy,N,85.569000,-1759.929443359375,-955.596029477192
total_sum_fy,N,87.053999,4.170138239860535,7.396202222383698
total_sum_fy,N,87.218999,-6.746376276016235,1.9155058054066947
total_sum_fy,N,87.383999,-51.33453702926636,-6.457551368288476
total_sum_fy,N,87.549000,-15.254851013422012,-7.8952552764981725
total_sum_fy,N,87.714000,-21.88374614715576,-4.607776572759217
total_sum_fy,N,87.878999,-45.99530214071274,-8.353666013804142
total_sum_fy,N,88.043999,-58.508336424827576,-14.639717186200235
total_sum_fy,N,88.208999,-85.70718288421631,-20.812194374906998
total_sum_fy,N,88.373999,-134.0336151123047,-27.585732482899108
total_sum_fy,N,88.539000,-180.1994972229004,-33.3678855633244
total_sum_fy,N,88.704000,-243.1226692199707,-39.921042865737306
total_sum_fy,N,88.868999,-297.8368606567383,-45.56984722474213
total_sum_fy,N,89.033999,-372.1489028930664,-56.06093470016421
total_sum_fy,N,89.198999,-441.26007080078125,-67.41520487440211
total_sum_fy,N,89.363999,-575.1100616455078,-90.13242457081657
total_sum_fy,N,89.528999,-656.7774353027344,-104.88722246801149
total_sum_fy,N,89.694000,-761.7046966552734,-126.60703746647863
total_sum_fy,N,89.858999,-733.7483901977539,-181.82461755862482
total_sum_fy,N,92.003999,0.15045499801635742,-11.497414063350654
total_sum_fy,N,92.168999,-16.314374327659607,-19.129878302670257
total_sum_fy,N,92.333999,7.223711848258972,-10.657873358346615
total_sum_fy,N,92.498999,-42.09626626968384,-11.335510121568738
total_sum_fy,N,92.993999,-65.40701033174992,-115.2054645730711
total_sum_fy,N,96.953999,-34.81211602687836,-55.57062652639252
total_sum_fy,N,100.583999,115.75997257232666,5.400415394833447
total_sum_fy,N,105.203999,-261.9732127189636,-61.4204547555204
total_sum_fy,N,108.503999,-98.0304524898529,-85.44336663537558
total_sum_fy,N,108.668999,-150.0347032546997,-93.4527667738914
total_sum_fy,N,115.763999,12.433563441038132,100.25796382376188
total_sum_fy,N,122.462999,29.053876876831055,-18.082325727597294
total_sum_fy,N,140.612999,-3.7804806232452393,-45.031815509806506
total_sum_fy,N,157.640999,-19.554842948913574,-28.17022327381312
total_sum_fy,N,216.611999,-0.6593191474676132,-8.414686925993948
total_sum_fy,N,229.877999,0.756077766418457,43.62583332567834
total_sum_fy,N,231.131999,4.912919223308563,56.766776203098516
total_sum_fy,N,248.984998,-5.306571006774902,34.80696706187376
total_sum_fy,N,258.125998,-13.180768489837646,-2.436145604391612
total_sum_fy,N,273.866998,-4.739047534763813,-79.0083227250476
total_sum_fy,N,318.317998,-8.495481491088867,-25.92971305317363
total_sum_fy,N,358.643998,-5.321336269378662,-99.97064152772937
total_sum_fy,N,421.211998,2.723952293395996,-112.88564469364874
total_sum_fy,N,509.090997,1.0473918914794922,127.29568599708801
total_sum_fy,N,530.672997,2.6355772018432617,-2.6726001394908394
total_sum_fy,N,533.576997,30.721717834472656,122.53547214864648
total_sum_fy,N,540.209997,-11.66268014907837,-86.1298724327701
total_sum_fy,N,567.170997,13.701375007629395,116.35880789528318
total_sum_fy,N,606.935997,-17.103407859802246,-114.47751873936386
total_sum_fy,N,622.280997,-4.848500490188599,32.87589356334405
total_sum_fy,N,632.279996,-0.1572413444519043,21.58066934427123
total_sum_fy,N,636.866997,2.7757749408483505,16.368735194728632
total_sum_fy,N,644.786996,-2.379159927368164,-102.15726556458297
total_sum_fy,N,663.563996,3.8789938390254974,28.603988659534203
total_sum_fy,N,679.403996,0.7160120010375977,19.4261908746779
total_sum_fy,N,704.285996,3.9572713375091553,12.90382218952368
total_sum_fy,N,755.369996,38.57616996765137,-105.16675909210812
total_sum_fy,N,764.114996,54.77857446670532,-88.08361658726494
total_sum_fy,N,791.174996,91.3175630569458,108.3329017022242
total_sum_fy,N,846.449995,15.18393325805664,120.14964293318673
total_sum_fy,N,854.369995,13.387579441070557,116.94126500961687
total_sum_fy,N,895.916995,-5.383349895477295,9.552714417340894
total_sum_fy,N,921.590995,64.82036113739014,112.39392897024538
total_sum_fy,N,950.663995,-13.605427265167236,9.510867591221654
total_sum_fy,N,966.503995,1.2178894877433777,17.669356373434976
total_sum_fy,N,981.518995,6.614951193332672,16.270879063294895
total_sum_fy,N,989.438995,1.4639884736388922,19.95952208029447
total_sum_fy,N,1028.048994,43.78572177886963,11.120907184026635
total_sum_fy,N,1043.888994,4.440917253494263,52.7709744302805
total_sum_fy,N,1055.570994,-7.172132968902588,20.670758844994538
total_sum_fy,N,1077.680994,-5.246692180633545,23.2541937289881
total_sum_fy,N,1088.075994,-0.9556269645690918,-92.77456264081582
total_sum_fy,N,1155.395994,54.97386837005615,108.00223818982647
total_sum_fy,N,1161.665994,-5.105832055211067,-84.26582193723647
total_sum_fy,N,1167.935994,2.5502769947052,-2.5882063810400666
total_sum_fy,N,1176.680994,9.447319746017456,24.347755047225647
total_sum_fy,N,1216.082993,51.04560422897339,-91.32736507651947
total_sum_fy,N,1233.572993,8.067185044288635,97.71668891574352
total_sum_fy,N,1244.792993,81.09162044525146,124.28117031350973
total_sum_fy,N,1252.712993,10.100386142730713,153.7931595120721
total_sum_fy,N,1270.202993,-0.6586499214172363,-86.01774487371003
total_sum_fy,N,1279.772993,-0.5587418079376221,1.0218048720355686
total_sum_fy,N,1288.517993,1.1712578535079956,15.708116287321108
total_sum_fy,N,1332.572993,-9.625290870666504,-11.324835319149102
total_sum_fy,N,1340.492993,20.637339115142822,156.02758867401593
total_sum_fy,N,1346.762993,1.9481156766414642,2.208983305326509
total_sum_fy,N,1353.857993,2.9240690767765045,18.30436085833901
total_sum_fy,N,1360.952992,-81.57776117324829,52.86792115849704
total_sum_fy,N,1370.522993,29.96116280555725,36.04970299857865
total_sum_fy,N,1422.695992,-4.916052579879761,-5.942290628586733
total_sum_fy,N,1433.915992,-0.013122334494255483,-0.248876430145218
total_sum_fy,N,1438.502992,1.1544620394706726,14.799160672523008
total_sum_fy,N,1486.781992,38.25380206108093,22.086169709578
total_sum_fy,N,1503.413992,2.0826586484909058,22.987647216193466
total_sum_fy,N,1517.108992,1.8193819522857666,24.51698554272589
total_sum_fy,N,1537.898992,-1.3913631439208984,-129.06978596089584
total_sum_fy,N,1546.643991,71.13362121582031,-86.66444194424301
total_sum_fy,N,1576.706991,-6.426044464111328,-77.0269619030264
total_sum_fy,N,1651.055991,29.922483444213867,156.8608626172702
total_sum_fy,N,1657.325991,-22.8951678276062,15.619724829147287
total_sum_fy,N,1680.260991,8.186260223388672,-94.73837974374385
total_sum_fy,N,1686.530991,86.8681378364563,118.61656387675129
total_sum_fy,N,1701.050991,2.018957793712616,26.42437554196691
total_sum_fy,N,1725.140990,-3.19642972946167,14.112871931845149
total_sum_fy,N,1732.631990,33.231956481933594,-97.55919623346142
total_sum_fy,N,1743.455991,8.865005493164062,-119.28795966019021
total_sum_fy,N,1788.797990,4.186493277549744,43.9665878061173
total_sum_fy,N,1804.538990,18.2619309425354,47.810645751386915
total_sum_fy,N,1837.340990,-30.571685791015625,5.481678939385191
total_sum_fy,N,1844.435990,1.196700096130371,-94.4295131611832
total_sum_fy,N,1862.387990,8.057152509689331,53.47768565907877
total_sum_fy,N,1867.832990,5.975347518920898,101.5504600334591
total_sum_fy,N,1874.102990,94.04356098175049,145.0190888062695
total_sum_fy,N,1908.191990,-58.92772102355957,-91.39744076159616
total_sum_fy,N,1926.011990,8.578693687915802,23.96309238073458
total_sum_fy,N,1936.406989,1.2899112403392792,27.75219871195308
total_sum_fy,N,1960.958989,8.769068896770477,19.20580516409435
total_sum_fy,N,1979.273989,32.42930793762207,12.15420510564445
total_sum_fy,N,2019.632989,-9.701380729675293,-68.93167024511581
total_sum_fy,N,2037.914989,-7.0797119140625,32.70611220687866
total_sum_fy,N,2052.500989,12.585205003619194,113.1230354736181
total_sum_fy,N,2067.944989,2.7363579273223877,11.379533327061836
total_sum_fy,N,2091.671988,2.9215331077575684,60.66720465498114
total_sum_fy,N,2118.599988,-0.4778757393360138,17.67812538421189
total_sum_fy,N,2163.413988,11.05604600906372,-94.9433891343424
total_sum_fy,N,2200.505988,-0.29540348052978516,-94.92981465994933
