[INFO] [launch]: All log files can be found below /home/ebrahim/.ros/log/2026-09-14-15-02-20-572610-ebrahim-msi-18844
[INFO] [launch]: Default logging verbosity is set to INFO
[INFO] [pure_pursuit_node.py-1]: process started with pid [18885]
[INFO] [mpc_node-2]: process started with pid [18887]
[INFO] [adaptive_controller_manager_node-3]: process started with pid [18889]
[INFO] [adaptive_controller_benchmark_node-4]: process started with pid [18891]
[mpc_node-2] [INFO] [1789387340.783046266] [mpc_path_tracking]: ╔══════════════════════════════════════════════════════════════╗
[mpc_node-2] [INFO] [1789387340.783155051] [mpc_path_tracking]: ║          MPC PATH TRACKING — LOADED PARAMETERS              ║
[mpc_node-2] [INFO] [1789387340.783179032] [mpc_path_tracking]: ╚══════════════════════════════════════════════════════════════╝
[mpc_node-2] [INFO] [1789387340.783187103] [mpc_path_tracking]: ──── Topics ────
[mpc_node-2] [INFO] [1789387340.783195615] [mpc_path_tracking]:   odom_topic                : /odom
[mpc_node-2] [INFO] [1789387340.783203980] [mpc_path_tracking]:   waypoint_topic            : /raceline_waypoints
[mpc_node-2] [INFO] [1789387340.783211868] [mpc_path_tracking]:   drive_topic               : mpc/drive_cmd
[mpc_node-2] [INFO] [1789387340.783219650] [mpc_path_tracking]:   predicted_trajectory_topic : /mpc/predicted_path
[mpc_node-2] [INFO] [1789387340.783232334] [mpc_path_tracking]:   status_topic              : /mpc/status
[mpc_node-2] [INFO] [1789387340.783241259] [mpc_path_tracking]:   debug_topic_prefix        : /mpc/debug
[mpc_node-2] [INFO] [1789387340.783250533] [mpc_path_tracking]:   enable_topic              : Start_Working_mpc
[mpc_node-2] [INFO] [1789387340.783259730] [mpc_path_tracking]:   param_service             : mpc/update_params
[mpc_node-2] [INFO] [1789387340.783268023] [mpc_path_tracking]: ──── Mode ────
[mpc_node-2] [INFO] [1789387340.783276823] [mpc_path_tracking]:   standalone_mode           : false
[mpc_node-2] [INFO] [1789387340.783285459] [mpc_path_tracking]: ──── Horizon / Timing ────
[mpc_node-2] [INFO] [1789387340.783294469] [mpc_path_tracking]:   N                         : 20
[mpc_node-2] [INFO] [1789387340.783303703] [mpc_path_tracking]:   dt_min                    : 0.0200 s
[mpc_node-2] [INFO] [1789387340.783317519] [mpc_path_tracking]:   dt_max                    : 0.0700 s
[mpc_node-2] [INFO] [1789387340.783327811] [mpc_path_tracking]:   dt_adaptive               : false
[mpc_node-2] [INFO] [1789387340.783337062] [mpc_path_tracking]:   horizon_distance_m        : 5.50 m
[mpc_node-2] [INFO] [1789387340.783347619] [mpc_path_tracking]:   adaptive_distance         : true
[mpc_node-2] [INFO] [1789387340.783356812] [mpc_path_tracking]:   distance_gain             : 1.40 s
[mpc_node-2] [INFO] [1789387340.783367787] [mpc_path_tracking]:   distance_curvature_gain   : 40.00 m
[mpc_node-2] [INFO] [1789387340.783379183] [mpc_path_tracking]:   control_rate_hz           : 20.0 Hz
[mpc_node-2] [INFO] [1789387340.783388904] [mpc_path_tracking]: ──── Cost Matrices ────
[mpc_node-2] [INFO] [1789387340.783402492] [mpc_path_tracking]:   Q      [e_y, e_psi, vx_err, vy, r_err] : [10.0000, 5.0000, 25.0000, 0.0000, 100.0000]
[mpc_node-2] [INFO] [1789387340.783421947] [mpc_path_tracking]:   R      [steering, accel]                : [10.0000, 1.0000]
[mpc_node-2] [INFO] [1789387340.783434178] [mpc_path_tracking]:   R_rate [steering, accel]                : [10.0000, 50.0000]
[mpc_node-2] [INFO] [1789387340.783446853] [mpc_path_tracking]:   Qf     [e_y, e_psi, vx_err, vy, r_err] : [10.0000, 5.0000, 25.0000, 0.0000, 100.0000]
[mpc_node-2] [INFO] [1789387340.783456182] [mpc_path_tracking]: ──── Vehicle Geometry / Mass ────
[mpc_node-2] [INFO] [1789387340.783465224] [mpc_path_tracking]:   mass                      : 269.8400 kg
[mpc_node-2] [INFO] [1789387340.783477221] [mpc_path_tracking]:   Iz                        : 51.10000 kg·m²
[mpc_node-2] [INFO] [1789387340.783487936] [mpc_path_tracking]:   l_f                       : 0.7381 m
[mpc_node-2] [INFO] [1789387340.783498524] [mpc_path_tracking]:   l_r                       : 0.7954 m
[mpc_node-2] [INFO] [1789387340.783509224] [mpc_path_tracking]:   h_cg                      : 0.3154 m
[mpc_node-2] [INFO] [1789387340.783518160] [mpc_path_tracking]: ──── Pacejka Tire Model ────
[mpc_node-2] [INFO] [1789387340.783527395] [mpc_path_tracking]:   Front: Bf=10.0000  Cf=1.9000  Df=1.5000  Ef=0.9700
[mpc_node-2] [INFO] [1789387340.783542090] [mpc_path_tracking]:   Rear:  Br=10.0000  Cr=1.9000  Dr=1.5000  Er=0.9700
[mpc_node-2] [INFO] [1789387340.783555157] [mpc_path_tracking]: ──── Actuator Limits ────
[mpc_node-2] [INFO] [1789387340.783564440] [mpc_path_tracking]:   steering_angle_max        : 0.2793 rad
[mpc_node-2] [INFO] [1789387340.783603201] [mpc_path_tracking]:   steering_angle_min        : -0.2793 rad
[mpc_node-2] [INFO] [1789387340.783617909] [mpc_path_tracking]:   steering_rate_max         : 1.00 rad/s
[mpc_node-2] [INFO] [1789387340.783628973] [mpc_path_tracking]:   speed_max                 : 27.77 m/s
[mpc_node-2] [INFO] [1789387340.783640322] [mpc_path_tracking]:   speed_min                 : 0.00 m/s
[mpc_node-2] [INFO] [1789387340.783655390] [mpc_path_tracking]:   accel_max                 : 5.71 m/s²
[mpc_node-2] [INFO] [1789387340.783666659] [mpc_path_tracking]:   decel_max                 : 3.71 m/s²
[mpc_node-2] [INFO] [1789387340.783677254] [mpc_path_tracking]:   jerk_max                  : 1000.00 m/s³
[mpc_node-2] [INFO] [1789387340.783688661] [mpc_path_tracking]:   lateral_accel_max         : 6.50 m/s²
[mpc_node-2] [INFO] [1789387340.783700335] [mpc_path_tracking]:   grip_utilization          : 0.75 of identified ceiling
[mpc_node-2] [INFO] [1789387340.783711439] [mpc_path_tracking]:   drivetrain_tau_s          : 2.770 s
[mpc_node-2] [INFO] [1789387340.783722791] [mpc_path_tracking]:   drivetrain_tau_decel_s    : -0.200 s
[mpc_node-2] [INFO] [1789387340.783733767] [mpc_path_tracking]:   drivetrain_tau_auto       : true (identified online)
[mpc_node-2] [INFO] [1789387340.783743019] [mpc_path_tracking]: ──── Solver Settings ────
[mpc_node-2] [INFO] [1789387340.783752695] [mpc_path_tracking]:   solve_on_new_odom         : true (skip cycles with no new odom)
[mpc_node-2] [INFO] [1789387340.783762766] [mpc_path_tracking]:   backend                   : acados
[mpc_node-2] [INFO] [1789387340.783773112] [mpc_path_tracking]:   max_iter                  : 200
[mpc_node-2] [INFO] [1789387340.783783353] [mpc_path_tracking]:   eps_abs                   : 1.0e-04
[mpc_node-2] [INFO] [1789387340.783794769] [mpc_path_tracking]:   eps_rel                   : 1.0e-04
[mpc_node-2] [INFO] [1789387340.783806344] [mpc_path_tracking]:   warm_start                : true
[mpc_node-2] [INFO] [1789387340.783816610] [mpc_path_tracking]:   polish                    : true
[mpc_node-2] [INFO] [1789387340.783826515] [mpc_path_tracking]:   time_limit_ms             : 15.0 ms
[mpc_node-2] [INFO] [1789387340.783838754] [mpc_path_tracking]:   fallback_on_failure       : hold_last
[mpc_node-2] [INFO] [1789387340.783852253] [mpc_path_tracking]: ──── Acados Settings (used iff solver.backend == "acados") ────
[mpc_node-2] [INFO] [1789387340.783863436] [mpc_path_tracking]:   qp_solver                 : PARTIAL_CONDENSING_HPIPM
[mpc_node-2] [INFO] [1789387340.783873580] [mpc_path_tracking]:   cond_N                    : 5
[mpc_node-2] [INFO] [1789387340.783883965] [mpc_path_tracking]:   iter_max                  : 1000
[mpc_node-2] [INFO] [1789387340.783899157] [mpc_path_tracking]:   tol_stat/eq/ineq/comp     : 1.0e-04 / 1.0e-04 / 1.0e-04 / 1.0e-04
[mpc_node-2] [INFO] [1789387340.783915475] [mpc_path_tracking]:   warm_start                : true
[mpc_node-2] [INFO] [1789387340.783926373] [mpc_path_tracking]:   print_level               : 0
[mpc_node-2] [INFO] [1789387340.783935864] [mpc_path_tracking]: ──── Debug / Diagnostics ────
[mpc_node-2] [INFO] [1789387340.783945159] [mpc_path_tracking]:   enabled                   : true
[mpc_node-2] [INFO] [1789387340.783954932] [mpc_path_tracking]:   publish_predicted_path    : true
[mpc_node-2] [INFO] [1789387340.783965420] [mpc_path_tracking]:   publish_cost_breakdown    : true
[mpc_node-2] [INFO] [1789387340.783975674] [mpc_path_tracking]:   log_solve_time            : true
[mpc_node-2] [INFO] [1789387340.783985254] [mpc_path_tracking]:   log_level                 : info
[mpc_node-2] [INFO] [1789387340.783994537] [mpc_path_tracking]: ══════════════════════════════════════════════════════════════
[mpc_node-2] [WARN] [1789387340.784044565] [mpc_path_tracking]: horizon.dt_min=0.0200s is shorter than the control period (1/control_rate_hz=0.0500s) - raising dt_min to 0.0500s to keep the internal step >= the actual command-hold time
[mpc_node-2] [WARN] [1789387340.785149496] [mpc_path_tracking]: horizon.dt_min=0.0200s is shorter than the control period (1/control_rate_hz=0.0500s) - raising dt_min to 0.0500s to keep the internal step >= the actual command-hold time
[adaptive_controller_manager_node-3] [INFO] [1789387340.787175389] [adaptive_controller_manager]: adaptive_controller_manager ready, starting in BOOTSTRAP_PP
[mpc_node-2] [INFO] [1789387340.798754920] [mpc_path_tracking]: mpc_path_tracking ready: odom=/odom waypoints=/raceline_waypoints drive=mpc/drive_cmd standalone=false backend=acados
[mpc_node-2] [WARN] [1789387340.798821379] [mpc_path_tracking]: model check: C_front=39129 N/rad C_rear=36314 N/rad -> OVERSTEERING, prediction model is open-loop unstable above v_crit=1844970076.0 m/s; every horizon stage linearized above that speed diverges and the QP becomes ill-conditioned
[mpc_node-2] [INFO] [1789387340.806393934] [mpc_path_tracking]: loaded 2916 raceline waypoints at speed cap 27.77 m/s, lateral cap 6.50 m/s^2 (0.66 g, limits.lateral_accel_max, no tire identification yet); reference now peaks at 4.98 m/s^2 (0.51 g)
[mpc_node-2] [WARN] [1789387340.806451991] [mpc_path_tracking]: raceline speed profile exceeds limits.speed_max=27.77 m/s at 1343/2916 waypoints (max 27.78 m/s, 1.0x the limit) - clamped. The raceline was optimized for a faster vehicle than this one; regenerate it with v_max=27.77 m/s for a usable speed profile. Raising limits.speed_max only helps if the VEHICLE can really go that fast - the cap must describe the plant, not the ambition.
[adaptive_controller_manager_node-3] [INFO] [1789387340.807319057] [adaptive_controller_manager]: [status] active=BOOTSTRAP state=BOOTSTRAP_PP | pp: health=BAD state=idle | mpc: health=BAD | v_x=0.00 e_y=0.000 theta=0.000 | params: stored_v=0 fwd_v=0 pending=no
[mpc_node-2] [WARN] [1789387340.848945021] [mpc_path_tracking]: fallback active (hold_last): no odometry received yet
[adaptive_controller_benchmark_node-4] [INFO] [1789387341.395747858] [adaptive_controller_benchmark_node]: CSV logging enabled: /home/ebrahim/Ebrahim_Master_Thesis_repo/graphs/control/Baseline-NN-MSE/raw/controller.csv
[adaptive_controller_benchmark_node-4] [INFO] [1789387341.396528515] [adaptive_controller_benchmark_node]: adaptive_controller_benchmark_node started
[adaptive_controller_benchmark_node-4] [INFO] [1789387341.397348909] [adaptive_controller_benchmark_node]: Driving tick topic: manager/state
[adaptive_controller_benchmark_node-4] [INFO] [1789387341.398038072] [adaptive_controller_benchmark_node]: Plot export enabled -> /home/ebrahim/Ebrahim_Master_Thesis_repo/graphs/control/Baseline-NN-MSE (on shutdown)
[adaptive_controller_benchmark_node-4] [INFO] [1789387341.398720522] [adaptive_controller_benchmark_node]: CSV logging enabled -> /home/ebrahim/Ebrahim_Master_Thesis_repo/graphs/control/Baseline-NN-MSE/raw/controller.csv
[adaptive_controller_manager_node-3] [INFO] [1789387342.807522506] [adaptive_controller_manager]: [status] active=BOOTSTRAP state=BOOTSTRAP_PP | pp: health=BAD state=idle | mpc: health=BAD | v_x=0.00 e_y=2.628 theta=0.011 | params: stored_v=0 fwd_v=0 pending=no
[mpc_node-2] [WARN] [1789387342.851748164] [mpc_path_tracking]: fallback active (hold_last): QP solve failed: acados MINSTEP (code 3, 1 iters, 1000 allowed) | worst stage k=2: rho(Ad)=34918.932 at v_ref=0.6 m/s, kappa=0.0001 1/m, dt=0.050 s -> prediction grows 1e+90.9 over N=20
[pure_pursuit_node.py-1] [INFO] [1789387344.188811946] [pure_pursuit]: Pure Pursuit Node initialized
[pure_pursuit_node.py-1] [INFO] [1789387344.190389784] [pure_pursuit]: Lookahead: FIXED at 5.50 m
[pure_pursuit_node.py-1] [INFO] [1789387344.191172413] [pure_pursuit]: Speed reference: FIXED at 11.00 m/s (per-waypoint vx_mps ignored)
[pure_pursuit_node.py-1] [INFO] [1789387344.225541878] [pure_pursuit]: Received 2916 waypoints
[mpc_node-2] [WARN] [1789387344.350346634] [mpc_path_tracking]: steering rate saturated: 0.0500 rad in 0.050 s = 1.00 rad/s at the limits.steering_rate_max cap of 1.00 rad/s
[adaptive_controller_manager_node-3] [INFO] [1789387344.787494287] [adaptive_controller_manager]: PP confirmed active - RUNNING_PP
[adaptive_controller_manager_node-3] [INFO] [1789387344.807647484] [adaptive_controller_manager]: [status] active=PURE PURSUIT state=RUNNING_PP | pp: health=ok state=active | mpc: health=BAD | v_x=0.11 e_y=2.628 theta=0.012 | params: stored_v=0 fwd_v=0 pending=no
[mpc_node-2] [WARN] [1789387344.852072120] [mpc_path_tracking]: fallback active (hold_last): QP solve failed: acados MINSTEP (code 3, 1 iters, 1000 allowed) | worst stage k=1: rho(Ad)=45468.359 at v_ref=0.5 m/s, kappa=0.0001 1/m, dt=0.050 s -> prediction grows 1e+93.2 over N=20
[adaptive_controller_benchmark_node-4] [INFO] [1789387345.348543334] [adaptive_controller_benchmark_node]: [t=   3.9s] N=189 RMS(e_y)=2.6265m Max|e_y|=2.6292m RMS(heading)=0.0129rad switches=0 emergency_halts=0 laps=0
[adaptive_controller_manager_node-3] [INFO] [1789387346.807701247] [adaptive_controller_manager]: [status] active=PURE PURSUIT state=RUNNING_PP | pp: health=ok state=active | mpc: health=ok | v_x=7.70 e_y=-0.072 theta=-0.101 | params: stored_v=0 fwd_v=0 pending=no
[adaptive_controller_manager_node-3] [INFO] [1789387348.807740588] [adaptive_controller_manager]: [status] active=PURE PURSUIT state=RUNNING_PP | pp: health=ok state=active | mpc: health=ok | v_x=10.98 e_y=-0.002 theta=0.001 | params: stored_v=0 fwd_v=0 pending=no
[adaptive_controller_benchmark_node-4] [INFO] [1789387349.349615595] [adaptive_controller_benchmark_node]: [t=   7.9s] N=389 RMS(e_y)=1.9830m Max|e_y|=2.6292m RMS(heading)=0.0997rad switches=0 emergency_halts=0 laps=0
[adaptive_controller_manager_node-3] [INFO] [1789387350.807852620] [adaptive_controller_manager]: [status] active=PURE PURSUIT state=RUNNING_PP | pp: health=ok state=active | mpc: health=ok | v_x=11.03 e_y=-0.004 theta=0.001 | params: stored_v=0 fwd_v=0 pending=no
[adaptive_controller_manager_node-3] [INFO] [1789387352.807968993] [adaptive_controller_manager]: [status] active=PURE PURSUIT state=RUNNING_PP | pp: health=ok state=active | mpc: health=ok | v_x=11.01 e_y=0.002 theta=0.000 | params: stored_v=0 fwd_v=0 pending=no
[adaptive_controller_benchmark_node-4] [INFO] [1789387353.349165731] [adaptive_controller_benchmark_node]: [t=  11.9s] N=589 RMS(e_y)=1.6116m Max|e_y|=2.6292m RMS(heading)=0.0810rad switches=0 emergency_halts=0 laps=0
[adaptive_controller_manager_node-3] [INFO] [1789387354.808031674] [adaptive_controller_manager]: [status] active=PURE PURSUIT state=RUNNING_PP | pp: health=ok state=active | mpc: health=ok | v_x=11.00 e_y=0.000 theta=-0.000 | params: stored_v=0 fwd_v=0 pending=no
[adaptive_controller_manager_node-3] [INFO] [1789387356.808129907] [adaptive_controller_manager]: [status] active=PURE PURSUIT state=RUNNING_PP | pp: health=ok state=active | mpc: health=ok | v_x=11.00 e_y=0.000 theta=-0.000 | params: stored_v=0 fwd_v=0 pending=no
[adaptive_controller_benchmark_node-4] [INFO] [1789387357.349687831] [adaptive_controller_benchmark_node]: [t=  15.9s] N=789 RMS(e_y)=1.3924m Max|e_y|=2.6292m RMS(heading)=0.0700rad switches=0 emergency_halts=0 laps=0
[adaptive_controller_manager_node-3] [INFO] [1789387358.808246996] [adaptive_controller_manager]: [status] active=PURE PURSUIT state=RUNNING_PP | pp: health=ok state=active | mpc: health=ok | v_x=11.00 e_y=0.023 theta=0.002 | params: stored_v=0 fwd_v=0 pending=no
[adaptive_controller_manager_node-3] [INFO] [1789387360.808317679] [adaptive_controller_manager]: [status] active=PURE PURSUIT state=RUNNING_PP | pp: health=ok state=active | mpc: health=ok | v_x=11.00 e_y=0.069 theta=0.000 | params: stored_v=0 fwd_v=0 pending=no
[adaptive_controller_benchmark_node-4] [INFO] [1789387361.349332799] [adaptive_controller_benchmark_node]: [t=  19.9s] N=989 RMS(e_y)=1.2438m Max|e_y|=2.6292m RMS(heading)=0.0625rad switches=0 emergency_halts=0 laps=0
[adaptive_controller_manager_node-3] [INFO] [1789387362.808378069] [adaptive_controller_manager]: [status] active=PURE PURSUIT state=RUNNING_PP | pp: health=ok state=active | mpc: health=ok | v_x=11.00 e_y=0.033 theta=-0.005 | params: stored_v=0 fwd_v=0 pending=no
[adaptive_controller_manager_node-3] [INFO] [1789387364.808597461] [adaptive_controller_manager]: [status] active=PURE PURSUIT state=RUNNING_PP | pp: health=ok state=active | mpc: health=ok | v_x=11.00 e_y=0.014 theta=-0.003 | params: stored_v=0 fwd_v=0 pending=no
[adaptive_controller_benchmark_node-4] [INFO] [1789387365.350021948] [adaptive_controller_benchmark_node]: [t=  23.9s] N=1189 RMS(e_y)=1.1344m Max|e_y|=2.6292m RMS(heading)=0.0571rad switches=0 emergency_halts=0 laps=0
[adaptive_controller_manager_node-3] [INFO] [1789387366.808658349] [adaptive_controller_manager]: [status] active=PURE PURSUIT state=RUNNING_PP | pp: health=ok state=active | mpc: health=ok | v_x=11.00 e_y=-0.004 theta=0.001 | params: stored_v=0 fwd_v=0 pending=no
[adaptive_controller_manager_node-3] [INFO] [1789387368.808713105] [adaptive_controller_manager]: [status] active=PURE PURSUIT state=RUNNING_PP | pp: health=ok state=active | mpc: health=ok | v_x=11.00 e_y=-0.017 theta=0.001 | params: stored_v=0 fwd_v=0 pending=no
[adaptive_controller_benchmark_node-4] [INFO] [1789387369.349772062] [adaptive_controller_benchmark_node]: [t=  27.9s] N=1389 RMS(e_y)=1.0496m Max|e_y|=2.6292m RMS(heading)=0.0528rad switches=0 emergency_halts=0 laps=0
[adaptive_controller_manager_node-3] [INFO] [1789387370.808823607] [adaptive_controller_manager]: [status] active=PURE PURSUIT state=RUNNING_PP | pp: health=ok state=active | mpc: health=ok | v_x=11.00 e_y=-0.029 theta=-0.001 | params: stored_v=0 fwd_v=0 pending=no
[adaptive_controller_manager_node-3] [INFO] [1789387372.808903119] [adaptive_controller_manager]: [status] active=PURE PURSUIT state=RUNNING_PP | pp: health=ok state=active | mpc: health=ok | v_x=11.00 e_y=-0.025 theta=0.002 | params: stored_v=0 fwd_v=0 pending=no
[adaptive_controller_benchmark_node-4] [INFO] [1789387373.350639360] [adaptive_controller_benchmark_node]: [t=  31.9s] N=1589 RMS(e_y)=0.9814m Max|e_y|=2.6292m RMS(heading)=0.0494rad switches=0 emergency_halts=0 laps=0
[adaptive_controller_manager_node-3] [INFO] [1789387374.809000912] [adaptive_controller_manager]: [status] active=PURE PURSUIT state=RUNNING_PP | pp: health=ok state=active | mpc: health=ok | v_x=11.00 e_y=-0.018 theta=0.001 | params: stored_v=0 fwd_v=0 pending=no
[adaptive_controller_manager_node-3] [INFO] [1789387376.809523686] [adaptive_controller_manager]: [status] active=PURE PURSUIT state=RUNNING_PP | pp: health=ok state=active | mpc: health=ok | v_x=11.00 e_y=-0.004 theta=-0.003 | params: stored_v=0 fwd_v=0 pending=no
[adaptive_controller_benchmark_node-4] [INFO] [1789387377.350939399] [adaptive_controller_benchmark_node]: [t=  35.9s] N=1789 RMS(e_y)=0.9249m Max|e_y|=2.6292m RMS(heading)=0.0465rad switches=0 emergency_halts=0 laps=0
[adaptive_controller_manager_node-3] [INFO] [1789387378.829133968] [adaptive_controller_manager]: [status] active=PURE PURSUIT state=RUNNING_PP | pp: health=ok state=active | mpc: health=ok | v_x=11.00 e_y=-0.002 theta=0.000 | params: stored_v=0 fwd_v=0 pending=no
[adaptive_controller_manager_node-3] [INFO] [1789387380.830173213] [adaptive_controller_manager]: [status] active=PURE PURSUIT state=RUNNING_PP | pp: health=ok state=active | mpc: health=ok | v_x=11.00 e_y=-0.005 theta=0.001 | params: stored_v=0 fwd_v=0 pending=no
[adaptive_controller_benchmark_node-4] [INFO] [1789387381.350580224] [adaptive_controller_benchmark_node]: [t=  39.9s] N=1989 RMS(e_y)=0.8772m Max|e_y|=2.6292m RMS(heading)=0.0441rad switches=0 emergency_halts=0 laps=0
[adaptive_controller_manager_node-3] [INFO] [1789387382.849346081] [adaptive_controller_manager]: [status] active=PURE PURSUIT state=RUNNING_PP | pp: health=ok state=active | mpc: health=ok | v_x=11.00 e_y=-0.002 theta=-0.001 | params: stored_v=0 fwd_v=0 pending=no
[adaptive_controller_manager_node-3] [INFO] [1789387384.849437894] [adaptive_controller_manager]: [status] active=PURE PURSUIT state=RUNNING_PP | pp: health=ok state=active | mpc: health=ok | v_x=11.00 e_y=0.104 theta=-0.010 | params: stored_v=0 fwd_v=0 pending=no
[adaptive_controller_benchmark_node-4] [INFO] [1789387385.351426999] [adaptive_controller_benchmark_node]: [t=  44.0s] N=2189 RMS(e_y)=0.8363m Max|e_y|=2.6292m RMS(heading)=0.0421rad switches=0 emergency_halts=0 laps=0
[adaptive_controller_manager_node-3] [INFO] [1789387386.849611156] [adaptive_controller_manager]: [status] active=PURE PURSUIT state=RUNNING_PP | pp: health=ok state=active | mpc: health=ok | v_x=11.00 e_y=0.189 theta=-0.029 | params: stored_v=0 fwd_v=0 pending=no
[adaptive_controller_manager_node-3] [INFO] [1789387388.849633778] [adaptive_controller_manager]: [status] active=PURE PURSUIT state=RUNNING_PP | pp: health=ok state=active | mpc: health=ok | v_x=11.00 e_y=0.025 theta=-0.003 | params: stored_v=0 fwd_v=0 pending=no
[adaptive_controller_benchmark_node-4] [INFO] [1789387389.351315118] [adaptive_controller_benchmark_node]: [t=  47.9s] N=2389 RMS(e_y)=0.8015m Max|e_y|=2.6292m RMS(heading)=0.0406rad switches=0 emergency_halts=0 laps=0
[adaptive_controller_manager_node-3] [INFO] [1789387390.849734956] [adaptive_controller_manager]: [status] active=PURE PURSUIT state=RUNNING_PP | pp: health=ok state=active | mpc: health=ok | v_x=11.00 e_y=-0.033 theta=-0.011 | params: stored_v=0 fwd_v=0 pending=no
[adaptive_controller_manager_node-3] [INFO] [1789387392.849846715] [adaptive_controller_manager]: [status] active=PURE PURSUIT state=RUNNING_PP | pp: health=ok state=active | mpc: health=ok | v_x=11.01 e_y=-0.244 theta=0.045 | params: stored_v=0 fwd_v=0 pending=no
[adaptive_controller_benchmark_node-4] [INFO] [1789387393.352084901] [adaptive_controller_benchmark_node]: [t=  52.0s] N=2589 RMS(e_y)=0.7708m Max|e_y|=2.6292m RMS(heading)=0.0392rad switches=0 emergency_halts=0 laps=0
[adaptive_controller_manager_node-3] [INFO] [1789387394.850983394] [adaptive_controller_manager]: [status] active=PURE PURSUIT state=RUNNING_PP | pp: health=ok state=active | mpc: health=ok | v_x=11.00 e_y=-0.116 theta=0.016 | params: stored_v=0 fwd_v=0 pending=no
[adaptive_controller_manager_node-3] [INFO] [1789387396.870071231] [adaptive_controller_manager]: [status] active=PURE PURSUIT state=RUNNING_PP | pp: health=ok state=active | mpc: health=ok | v_x=11.00 e_y=-0.002 theta=-0.004 | params: stored_v=0 fwd_v=0 pending=no
[adaptive_controller_benchmark_node-4] [INFO] [1789387397.351150986] [adaptive_controller_benchmark_node]: [t=  55.9s] N=2789 RMS(e_y)=0.7437m Max|e_y|=2.6292m RMS(heading)=0.0380rad switches=0 emergency_halts=0 laps=0
[adaptive_controller_manager_node-3] [INFO] [1789387398.870105132] [adaptive_controller_manager]: [status] active=PURE PURSUIT state=RUNNING_PP | pp: health=ok state=active | mpc: health=ok | v_x=11.00 e_y=-0.008 theta=0.001 | params: stored_v=0 fwd_v=0 pending=no
[adaptive_controller_manager_node-3] [INFO] [1789387400.870272369] [adaptive_controller_manager]: [status] active=PURE PURSUIT state=RUNNING_PP | pp: health=ok state=active | mpc: health=ok | v_x=11.00 e_y=-0.028 theta=-0.000 | params: stored_v=0 fwd_v=0 pending=no
[adaptive_controller_benchmark_node-4] [INFO] [1789387401.352091319] [adaptive_controller_benchmark_node]: [t=  60.0s] N=2989 RMS(e_y)=0.7184m Max|e_y|=2.6292m RMS(heading)=0.0368rad switches=0 emergency_halts=0 laps=0
[adaptive_controller_manager_node-3] [INFO] [1789387402.870280553] [adaptive_controller_manager]: [status] active=PURE PURSUIT state=RUNNING_PP | pp: health=ok state=active | mpc: health=ok | v_x=11.00 e_y=-0.053 theta=0.010 | params: stored_v=0 fwd_v=0 pending=no
[adaptive_controller_manager_node-3] [INFO] [1789387404.870440415] [adaptive_controller_manager]: [status] active=PURE PURSUIT state=RUNNING_PP | pp: health=ok state=active | mpc: health=ok | v_x=11.00 e_y=-0.042 theta=0.005 | params: stored_v=0 fwd_v=0 pending=no
[adaptive_controller_benchmark_node-4] [INFO] [1789387405.351898825] [adaptive_controller_benchmark_node]: [t=  64.0s] N=3189 RMS(e_y)=0.6956m Max|e_y|=2.6292m RMS(heading)=0.0356rad switches=0 emergency_halts=0 laps=0
[adaptive_controller_manager_node-3] [INFO] [1789387405.826875078] [adaptive_controller_manager]: sysid/update_params: accepted and stored new tire params
[adaptive_controller_manager_node-3] [INFO] [1789387405.830466999] [adaptive_controller_manager]: [status] stored params awaiting arming: convergence
[adaptive_controller_manager_node-3] [INFO] [1789387406.870561084] [adaptive_controller_manager]: [status] active=PURE PURSUIT state=RUNNING_PP | pp: health=ok state=active | mpc: health=ok | v_x=11.00 e_y=0.002 theta=0.001 | params: stored_v=1 fwd_v=0 pending=no
[mpc_node-2] [INFO] [1789387407.350612573] [mpc_path_tracking]: tire params updated via mpc/update_params
[mpc_node-2] [WARN] [1789387407.350668026] [mpc_path_tracking]: model check: C_front=19735 N/rad C_rear=17540 N/rad -> OVERSTEERING, prediction model is open-loop unstable above v_crit=70.0 m/s; every horizon stage linearized above that speed diverges and the QP becomes ill-conditioned
[mpc_node-2] [INFO] [1789387407.350971405] [mpc_path_tracking]: loaded 2916 raceline waypoints at speed cap 27.77 m/s, lateral cap 6.50 m/s^2 (0.66 g, identified grip ceiling 19.62 m/s^2 x 0.75 utilization = 14.71, capped by limits.lateral_accel_max 6.50); reference now peaks at 4.98 m/s^2 (0.51 g)
[mpc_node-2] [WARN] [1789387407.350993927] [mpc_path_tracking]: raceline speed profile exceeds limits.speed_max=27.77 m/s at 1343/2916 waypoints (max 27.78 m/s, 1.0x the limit) - clamped. The raceline was optimized for a faster vehicle than this one; regenerate it with v_max=27.77 m/s for a usable speed profile. Raising limits.speed_max only helps if the VEHICLE can really go that fast - the cap must describe the plant, not the ambition.
[adaptive_controller_manager_node-3] [INFO] [1789387407.370399695] [adaptive_controller_manager]: Beginning switch to MPC (v_frozen=11.00)
[adaptive_controller_manager_node-3] [INFO] [1789387408.370469460] [adaptive_controller_manager]: Switch to MPC complete
[adaptive_controller_manager_node-3] [INFO] [1789387408.871283389] [adaptive_controller_manager]: [status] active=MPC state=RUNNING_MPC | pp: health=ok state=active | mpc: health=ok | v_x=16.09 e_y=-0.029 theta=-0.002 | params: stored_v=1 fwd_v=1 pending=no
[adaptive_controller_benchmark_node-4] [INFO] [1789387409.351562136] [adaptive_controller_benchmark_node]: [t=  68.0s] N=3389 RMS(e_y)=0.6748m Max|e_y|=2.6292m RMS(heading)=0.0346rad switches=1 emergency_halts=0 laps=0
[adaptive_controller_manager_node-3] [INFO] [1789387410.890626592] [adaptive_controller_manager]: [status] active=MPC state=RUNNING_MPC | pp: health=ok state=active | mpc: health=ok | v_x=26.07 e_y=-0.058 theta=0.001 | params: stored_v=1 fwd_v=1 pending=no
[adaptive_controller_manager_node-3] [INFO] [1789387412.890747269] [adaptive_controller_manager]: [status] active=MPC state=RUNNING_MPC | pp: health=ok state=active | mpc: health=ok | v_x=27.63 e_y=-0.008 theta=-0.001 | params: stored_v=1 fwd_v=1 pending=no
[adaptive_controller_benchmark_node-4] [INFO] [1789387413.351927623] [adaptive_controller_benchmark_node]: [t=  72.0s] N=3589 RMS(e_y)=0.6558m Max|e_y|=2.6292m RMS(heading)=0.0336rad switches=1 emergency_halts=0 laps=0
[adaptive_controller_manager_node-3] [INFO] [1789387414.890836223] [adaptive_controller_manager]: [status] active=MPC state=RUNNING_MPC | pp: health=ok state=active | mpc: health=ok | v_x=27.76 e_y=-0.030 theta=-0.001 | params: stored_v=1 fwd_v=1 pending=no
[adaptive_controller_manager_node-3] [INFO] [1789387416.890967030] [adaptive_controller_manager]: [status] active=MPC state=RUNNING_MPC | pp: health=ok state=active | mpc: health=ok | v_x=27.29 e_y=-0.022 theta=0.002 | params: stored_v=1 fwd_v=1 pending=no
[adaptive_controller_benchmark_node-4] [INFO] [1789387417.352076738] [adaptive_controller_benchmark_node]: [t=  76.0s] N=3789 RMS(e_y)=0.6383m Max|e_y|=2.6292m RMS(heading)=0.0327rad switches=1 emergency_halts=0 laps=0
[adaptive_controller_manager_node-3] [INFO] [1789387418.891123204] [adaptive_controller_manager]: [status] active=MPC state=RUNNING_MPC | pp: health=ok state=active | mpc: health=ok | v_x=18.08 e_y=0.006 theta=-0.008 | params: stored_v=1 fwd_v=1 pending=no
[adaptive_controller_manager_node-3] [INFO] [1789387420.891275059] [adaptive_controller_manager]: [status] active=MPC state=RUNNING_MPC | pp: health=ok state=active | mpc: health=ok | v_x=18.42 e_y=-0.438 theta=0.020 | params: stored_v=1 fwd_v=1 pending=no
[adaptive_controller_benchmark_node-4] [INFO] [1789387421.352852337] [adaptive_controller_benchmark_node]: [t=  80.0s] N=3989 RMS(e_y)=0.6243m Max|e_y|=2.6292m RMS(heading)=0.0320rad switches=1 emergency_halts=0 laps=0
[adaptive_controller_manager_node-3] [INFO] [1789387422.891394955] [adaptive_controller_manager]: [status] active=MPC state=RUNNING_MPC | pp: health=ok state=active | mpc: health=ok | v_x=14.06 e_y=-0.473 theta=0.015 | params: stored_v=1 fwd_v=1 pending=no
[adaptive_controller_manager_node-3] [INFO] [1789387424.911406654] [adaptive_controller_manager]: [status] active=MPC state=RUNNING_MPC | pp: health=ok state=active | mpc: health=ok | v_x=15.58 e_y=-0.025 theta=0.009 | params: stored_v=1 fwd_v=1 pending=no
[adaptive_controller_benchmark_node-4] [INFO] [1789387425.352180817] [adaptive_controller_benchmark_node]: [t=  84.0s] N=4189 RMS(e_y)=0.6146m Max|e_y|=2.6292m RMS(heading)=0.0318rad switches=1 emergency_halts=0 laps=0
[adaptive_controller_manager_node-3] [INFO] [1789387426.911412954] [adaptive_controller_manager]: [status] active=MPC state=RUNNING_MPC | pp: health=ok state=active | mpc: health=ok | v_x=15.86 e_y=0.564 theta=-0.049 | params: stored_v=1 fwd_v=1 pending=no
[adaptive_controller_manager_node-3] [INFO] [1789387428.911547916] [adaptive_controller_manager]: [status] active=MPC state=RUNNING_MPC | pp: health=ok state=active | mpc: health=ok | v_x=16.14 e_y=0.454 theta=-0.043 | params: stored_v=1 fwd_v=1 pending=no
[adaptive_controller_benchmark_node-4] [INFO] [1789387429.352864561] [adaptive_controller_benchmark_node]: [t=  88.0s] N=4389 RMS(e_y)=0.6081m Max|e_y|=2.6292m RMS(heading)=0.0316rad switches=1 emergency_halts=0 laps=0
[adaptive_controller_manager_node-3] [INFO] [1789387430.911690163] [adaptive_controller_manager]: [status] active=MPC state=RUNNING_MPC | pp: health=ok state=active | mpc: health=ok | v_x=16.60 e_y=0.363 theta=-0.023 | params: stored_v=1 fwd_v=1 pending=no
[adaptive_controller_manager_node-3] [INFO] [1789387432.911871153] [adaptive_controller_manager]: [status] active=MPC state=RUNNING_MPC | pp: health=ok state=active | mpc: health=ok | v_x=25.36 e_y=-0.067 theta=-0.001 | params: stored_v=1 fwd_v=1 pending=no
[adaptive_controller_benchmark_node-4] [INFO] [1789387433.352871616] [adaptive_controller_benchmark_node]: [t=  92.0s] N=4589 RMS(e_y)=0.5984m Max|e_y|=2.6292m RMS(heading)=0.0313rad switches=1 emergency_halts=0 laps=0
[adaptive_controller_manager_node-3] [INFO] [1789387434.911914275] [adaptive_controller_manager]: [status] active=MPC state=RUNNING_MPC | pp: health=ok state=active | mpc: health=ok | v_x=27.54 e_y=0.179 theta=-0.018 | params: stored_v=1 fwd_v=1 pending=no
[adaptive_controller_manager_node-3] [INFO] [1789387436.912045125] [adaptive_controller_manager]: [status] active=MPC state=RUNNING_MPC | pp: health=ok state=active | mpc: health=ok | v_x=27.74 e_y=0.243 theta=-0.018 | params: stored_v=1 fwd_v=1 pending=no
[adaptive_controller_benchmark_node-4] [INFO] [1789387437.353313385] [adaptive_controller_benchmark_node]: [t=  96.0s] N=4789 RMS(e_y)=0.5870m Max|e_y|=2.6292m RMS(heading)=0.0309rad switches=1 emergency_halts=0 laps=0
[adaptive_controller_manager_node-3] [INFO] [1789387438.912150729] [adaptive_controller_manager]: [status] active=MPC state=RUNNING_MPC | pp: health=ok state=active | mpc: health=ok | v_x=27.77 e_y=0.140 theta=-0.017 | params: stored_v=1 fwd_v=1 pending=no
[adaptive_controller_manager_node-3] [INFO] [1789387440.912173323] [adaptive_controller_manager]: [status] active=MPC state=RUNNING_MPC | pp: health=ok state=active | mpc: health=ok | v_x=27.77 e_y=-0.022 theta=-0.000 | params: stored_v=1 fwd_v=1 pending=no
[adaptive_controller_benchmark_node-4] [INFO] [1789387441.353536402] [adaptive_controller_benchmark_node]: [t= 100.0s] N=4989 RMS(e_y)=0.5758m Max|e_y|=2.6292m RMS(heading)=0.0304rad switches=1 emergency_halts=0 laps=0
[adaptive_controller_manager_node-3] [INFO] [1789387442.912263036] [adaptive_controller_manager]: [status] active=MPC state=RUNNING_MPC | pp: health=ok state=active | mpc: health=ok | v_x=27.77 e_y=-0.011 theta=-0.001 | params: stored_v=1 fwd_v=1 pending=no
[adaptive_controller_manager_node-3] [INFO] [1789387444.912450499] [adaptive_controller_manager]: [status] active=MPC state=RUNNING_MPC | pp: health=ok state=active | mpc: health=ok | v_x=27.76 e_y=-0.009 theta=-0.001 | params: stored_v=1 fwd_v=1 pending=no
[adaptive_controller_benchmark_node-4] [INFO] [1789387445.354098367] [adaptive_controller_benchmark_node]: [t= 104.0s] N=5189 RMS(e_y)=0.5646m Max|e_y|=2.6292m RMS(heading)=0.0298rad switches=1 emergency_halts=0 laps=0
[adaptive_controller_manager_node-3] [INFO] [1789387446.912543693] [adaptive_controller_manager]: [status] active=MPC state=RUNNING_MPC | pp: health=ok state=active | mpc: health=ok | v_x=21.29 e_y=0.077 theta=-0.001 | params: stored_v=1 fwd_v=1 pending=no
[adaptive_controller_manager_node-3] [INFO] [1789387448.932542595] [adaptive_controller_manager]: [status] active=MPC state=RUNNING_MPC | pp: health=ok state=active | mpc: health=ok | v_x=20.66 e_y=0.296 theta=-0.023 | params: stored_v=1 fwd_v=1 pending=no
[adaptive_controller_benchmark_node-4] [INFO] [1789387449.355018315] [adaptive_controller_benchmark_node]: [t= 108.0s] N=5389 RMS(e_y)=0.5551m Max|e_y|=2.6292m RMS(heading)=0.0293rad switches=1 emergency_halts=0 laps=0
[adaptive_controller_manager_node-3] [INFO] [1789387450.932772237] [adaptive_controller_manager]: [status] active=MPC state=RUNNING_MPC | pp: health=ok state=active | mpc: health=ok | v_x=24.02 e_y=0.322 theta=-0.027 | params: stored_v=1 fwd_v=1 pending=no
[adaptive_controller_manager_node-3] [INFO] [1789387452.932784600] [adaptive_controller_manager]: [status] active=MPC state=RUNNING_MPC | pp: health=ok state=active | mpc: health=ok | v_x=27.46 e_y=0.006 theta=-0.005 | params: stored_v=1 fwd_v=1 pending=no
[adaptive_controller_benchmark_node-4] [INFO] [1789387453.353931931] [adaptive_controller_benchmark_node]: [t= 112.0s] N=5589 RMS(e_y)=0.5481m Max|e_y|=2.6292m RMS(heading)=0.0292rad switches=1 emergency_halts=0 laps=0
[adaptive_controller_manager_node-3] [INFO] [1789387454.932868624] [adaptive_controller_manager]: [status] active=MPC state=RUNNING_MPC | pp: health=ok state=active | mpc: health=ok | v_x=27.74 e_y=0.028 theta=-0.005 | params: stored_v=1 fwd_v=1 pending=no
[adaptive_controller_manager_node-3] [INFO] [1789387456.933027601] [adaptive_controller_manager]: [status] active=MPC state=RUNNING_MPC | pp: health=ok state=active | mpc: health=ok | v_x=27.77 e_y=-0.000 theta=-0.002 | params: stored_v=1 fwd_v=1 pending=no
[adaptive_controller_benchmark_node-4] [INFO] [1789387457.354345504] [adaptive_controller_benchmark_node]: [t= 116.0s] N=5789 RMS(e_y)=0.5386m Max|e_y|=2.6292m RMS(heading)=0.0287rad switches=1 emergency_halts=0 laps=0
[adaptive_controller_manager_node-3] [INFO] [1789387458.933099479] [adaptive_controller_manager]: [status] active=MPC state=RUNNING_MPC | pp: health=ok state=active | mpc: health=ok | v_x=27.67 e_y=-0.134 theta=0.008 | params: stored_v=1 fwd_v=1 pending=no
[adaptive_controller_manager_node-3] [INFO] [1789387460.933518322] [adaptive_controller_manager]: [status] active=MPC state=RUNNING_MPC | pp: health=ok state=active | mpc: health=ok | v_x=21.40 e_y=0.021 theta=-0.000 | params: stored_v=1 fwd_v=1 pending=no
[adaptive_controller_benchmark_node-4] [INFO] [1789387461.354682634] [adaptive_controller_benchmark_node]: [t= 120.0s] N=5989 RMS(e_y)=0.5299m Max|e_y|=2.6292m RMS(heading)=0.0284rad switches=1 emergency_halts=0 laps=0
[adaptive_controller_manager_node-3] [INFO] [1789387462.953395793] [adaptive_controller_manager]: [status] active=MPC state=RUNNING_MPC | pp: health=ok state=active | mpc: health=ok | v_x=21.99 e_y=0.514 theta=-0.051 | params: stored_v=1 fwd_v=1 pending=no
[adaptive_controller_manager_node-3] [INFO] [1789387464.123377959] [adaptive_controller_manager]: sysid/update_params: accepted and stored new tire params
[mpc_node-2] [INFO] [1789387464.133375566] [mpc_path_tracking]: tire params updated via mpc/update_params
[mpc_node-2] [INFO] [1789387464.133433608] [mpc_path_tracking]: model check: C_front=17627 N/rad C_rear=16885 N/rad -> understeering, linearization stable at all speeds
[mpc_node-2] [INFO] [1789387464.133722813] [mpc_path_tracking]: loaded 2916 raceline waypoints at speed cap 27.77 m/s, lateral cap 6.50 m/s^2 (0.66 g, identified grip ceiling 17.95 m/s^2 x 0.75 utilization = 13.46, capped by limits.lateral_accel_max 6.50); reference now peaks at 4.98 m/s^2 (0.51 g)
[mpc_node-2] [WARN] [1789387464.133752863] [mpc_path_tracking]: raceline speed profile exceeds limits.speed_max=27.77 m/s at 1343/2916 waypoints (max 27.78 m/s, 1.0x the limit) - clamped. The raceline was optimized for a faster vehicle than this one; regenerate it with v_max=27.77 m/s for a usable speed profile. Raising limits.speed_max only helps if the VEHICLE can really go that fast - the cap must describe the plant, not the ambition.
[adaptive_controller_manager_node-3] [INFO] [1789387464.953413063] [adaptive_controller_manager]: [status] active=MPC state=RUNNING_MPC | pp: health=ok state=active | mpc: health=ok | v_x=18.92 e_y=-0.007 theta=0.001 | params: stored_v=2 fwd_v=2 pending=no
[adaptive_controller_benchmark_node-4] [INFO] [1789387465.355011653] [adaptive_controller_benchmark_node]: [t= 124.0s] N=6189 RMS(e_y)=0.5235m Max|e_y|=2.6292m RMS(heading)=0.0282rad switches=1 emergency_halts=0 laps=0
[adaptive_controller_manager_node-3] [INFO] [1789387466.953509124] [adaptive_controller_manager]: [status] active=MPC state=RUNNING_MPC | pp: health=ok state=active | mpc: health=ok | v_x=19.57 e_y=-0.407 theta=0.035 | params: stored_v=2 fwd_v=2 pending=no
[adaptive_controller_manager_node-3] [INFO] [1789387468.973417997] [adaptive_controller_manager]: [status] active=MPC state=RUNNING_MPC | pp: health=ok state=active | mpc: health=ok | v_x=18.81 e_y=0.109 theta=-0.008 | params: stored_v=2 fwd_v=2 pending=no
[adaptive_controller_benchmark_node-4] [INFO] [1789387469.354801062] [adaptive_controller_benchmark_node]: [t= 128.0s] N=6389 RMS(e_y)=0.5166m Max|e_y|=2.6292m RMS(heading)=0.0281rad switches=1 emergency_halts=0 laps=0
[adaptive_controller_manager_node-3] [INFO] [1789387470.993255145] [adaptive_controller_manager]: [status] active=MPC state=RUNNING_MPC | pp: health=ok state=active | mpc: health=ok | v_x=19.32 e_y=0.340 theta=-0.052 | params: stored_v=2 fwd_v=2 pending=no
[adaptive_controller_manager_node-3] [INFO] [1789387473.013106176] [adaptive_controller_manager]: [status] active=MPC state=RUNNING_MPC | pp: health=ok state=active | mpc: health=ok | v_x=25.79 e_y=-0.040 theta=-0.010 | params: stored_v=2 fwd_v=2 pending=no
[adaptive_controller_benchmark_node-4] [INFO] [1789387473.353946864] [adaptive_controller_benchmark_node]: [t= 132.0s] N=6589 RMS(e_y)=0.5102m Max|e_y|=2.6292m RMS(heading)=0.0281rad switches=1 emergency_halts=0 laps=0
[adaptive_controller_manager_node-3] [INFO] [1789387475.032977854] [adaptive_controller_manager]: [status] active=MPC state=RUNNING_MPC | pp: health=ok state=active | mpc: health=ok | v_x=27.05 e_y=-0.137 theta=0.018 | params: stored_v=2 fwd_v=2 pending=no
[adaptive_controller_manager_node-3] [INFO] [1789387477.052735091] [adaptive_controller_manager]: [status] active=MPC state=RUNNING_MPC | pp: health=ok state=active | mpc: health=ok | v_x=27.71 e_y=-0.019 theta=0.000 | params: stored_v=2 fwd_v=2 pending=no
[adaptive_controller_benchmark_node-4] [INFO] [1789387477.353620425] [adaptive_controller_benchmark_node]: [t= 136.0s] N=6789 RMS(e_y)=0.5031m Max|e_y|=2.6292m RMS(heading)=0.0278rad switches=1 emergency_halts=0 laps=0
[adaptive_controller_manager_node-3] [INFO] [1789387479.072618356] [adaptive_controller_manager]: [status] active=MPC state=RUNNING_MPC | pp: health=ok state=active | mpc: health=ok | v_x=27.77 e_y=-0.011 theta=-0.000 | params: stored_v=2 fwd_v=2 pending=no
[adaptive_controller_manager_node-3] [INFO] [1789387481.092470536] [adaptive_controller_manager]: [status] active=MPC state=RUNNING_MPC | pp: health=ok state=active | mpc: health=ok | v_x=27.77 e_y=-0.014 theta=-0.000 | params: stored_v=2 fwd_v=2 pending=no
[adaptive_controller_benchmark_node-4] [INFO] [1789387481.353397972] [adaptive_controller_benchmark_node]: [t= 140.0s] N=6989 RMS(e_y)=0.4958m Max|e_y|=2.6292m RMS(heading)=0.0274rad switches=1 emergency_halts=0 laps=0
[adaptive_controller_manager_node-3] [INFO] [1789387483.112364780] [adaptive_controller_manager]: [status] active=MPC state=RUNNING_MPC | pp: health=ok state=active | mpc: health=ok | v_x=27.77 e_y=-0.014 theta=-0.001 | params: stored_v=2 fwd_v=2 pending=no
[adaptive_controller_manager_node-3] [INFO] [1789387485.132129856] [adaptive_controller_manager]: [status] active=MPC state=RUNNING_MPC | pp: health=ok state=active | mpc: health=ok | v_x=27.77 e_y=-0.006 theta=-0.003 | params: stored_v=2 fwd_v=2 pending=no
[adaptive_controller_benchmark_node-4] [INFO] [1789387485.353292546] [adaptive_controller_benchmark_node]: [t= 144.0s] N=7189 RMS(e_y)=0.4889m Max|e_y|=2.6292m RMS(heading)=0.0270rad switches=1 emergency_halts=0 laps=0
[adaptive_controller_manager_node-3] [INFO] [1789387487.151999099] [adaptive_controller_manager]: [status] active=MPC state=RUNNING_MPC | pp: health=ok state=active | mpc: health=ok | v_x=24.31 e_y=0.065 theta=-0.006 | params: stored_v=2 fwd_v=2 pending=no
[adaptive_controller_manager_node-3] [INFO] [1789387489.171904208] [adaptive_controller_manager]: [status] active=MPC state=RUNNING_MPC | pp: health=ok state=active | mpc: health=ok | v_x=19.20 e_y=0.118 theta=-0.018 | params: stored_v=2 fwd_v=2 pending=no
[adaptive_controller_benchmark_node-4] [INFO] [1789387489.353155635] [adaptive_controller_benchmark_node]: [t= 148.0s] N=7389 RMS(e_y)=0.4823m Max|e_y|=2.6292m RMS(heading)=0.0267rad switches=1 emergency_halts=0 laps=0
[adaptive_controller_manager_node-3] [INFO] [1789387491.191786572] [adaptive_controller_manager]: [status] active=MPC state=RUNNING_MPC | pp: health=ok state=active | mpc: health=ok | v_x=18.66 e_y=0.182 theta=-0.026 | params: stored_v=2 fwd_v=2 pending=no
[adaptive_controller_manager_node-3] [INFO] [1789387493.211526553] [adaptive_controller_manager]: [status] active=MPC state=RUNNING_MPC | pp: health=ok state=active | mpc: health=ok | v_x=22.74 e_y=0.183 theta=-0.027 | params: stored_v=2 fwd_v=2 pending=no
[adaptive_controller_benchmark_node-4] [INFO] [1789387493.352402688] [adaptive_controller_benchmark_node]: [t= 152.0s] N=7589 RMS(e_y)=0.4775m Max|e_y|=2.6292m RMS(heading)=0.0267rad switches=1 emergency_halts=0 laps=0
[adaptive_controller_manager_node-3] [INFO] [1789387495.231362962] [adaptive_controller_manager]: [status] active=MPC state=RUNNING_MPC | pp: health=ok state=active | mpc: health=ok | v_x=27.32 e_y=-0.182 theta=0.015 | params: stored_v=2 fwd_v=2 pending=no
[adaptive_controller_manager_node-3] [INFO] [1789387497.251420289] [adaptive_controller_manager]: [status] active=MPC state=RUNNING_MPC | pp: health=ok state=active | mpc: health=ok | v_x=26.78 e_y=-0.030 theta=0.005 | params: stored_v=2 fwd_v=2 pending=no
[adaptive_controller_benchmark_node-4] [INFO] [1789387497.352400535] [adaptive_controller_benchmark_node]: [t= 156.0s] N=7789 RMS(e_y)=0.4715m Max|e_y|=2.6292m RMS(heading)=0.0264rad switches=1 emergency_halts=0 laps=0
[adaptive_controller_manager_node-3] [INFO] [1789387499.271142011] [adaptive_controller_manager]: [status] active=MPC state=RUNNING_MPC | pp: health=ok state=active | mpc: health=ok | v_x=17.21 e_y=0.053 theta=-0.001 | params: stored_v=2 fwd_v=2 pending=no
[adaptive_controller_manager_node-3] [INFO] [1789387501.293399616] [adaptive_controller_manager]: [status] active=MPC state=RUNNING_MPC | pp: health=ok state=active | mpc: health=ok | v_x=9.63 e_y=0.014 theta=-0.001 | params: stored_v=2 fwd_v=2 pending=no
[adaptive_controller_benchmark_node-4] [INFO] [1789387501.352168882] [adaptive_controller_benchmark_node]: [t= 160.0s] N=7989 RMS(e_y)=0.4656m Max|e_y|=2.6292m RMS(heading)=0.0261rad switches=1 emergency_halts=0 laps=0
[adaptive_controller_manager_node-3] [INFO] [1789387503.311044204] [adaptive_controller_manager]: [status] active=MPC state=RUNNING_MPC | pp: health=ok state=active | mpc: health=ok | v_x=9.66 e_y=-0.178 theta=-0.016 | params: stored_v=2 fwd_v=2 pending=no
[adaptive_controller_manager_node-3] [INFO] [1789387505.330746168] [adaptive_controller_manager]: [status] active=MPC state=RUNNING_MPC | pp: health=ok state=active | mpc: health=ok | v_x=11.62 e_y=-0.500 theta=0.043 | params: stored_v=2 fwd_v=2 pending=no
[adaptive_controller_benchmark_node-4] [INFO] [1789387505.352248427] [adaptive_controller_benchmark_node]: [t= 164.0s] N=8189 RMS(e_y)=0.4633m Max|e_y|=2.6292m RMS(heading)=0.0260rad switches=1 emergency_halts=0 laps=0
[adaptive_controller_manager_node-3] [INFO] [1789387507.350815944] [adaptive_controller_manager]: [status] active=MPC state=RUNNING_MPC | pp: health=ok state=active | mpc: health=ok | v_x=12.58 e_y=0.598 theta=-0.049 | params: stored_v=2 fwd_v=2 pending=no
[adaptive_controller_benchmark_node-4] [INFO] [1789387509.351232686] [adaptive_controller_benchmark_node]: [t= 168.0s] N=8389 RMS(e_y)=0.4607m Max|e_y|=2.6292m RMS(heading)=0.0261rad switches=1 emergency_halts=0 laps=0
[adaptive_controller_manager_node-3] [INFO] [1789387509.370516706] [adaptive_controller_manager]: [status] active=MPC state=RUNNING_MPC | pp: health=ok state=active | mpc: health=ok | v_x=20.29 e_y=0.053 theta=-0.017 | params: stored_v=2 fwd_v=2 pending=no
[adaptive_controller_manager_node-3] [INFO] [1789387511.390300825] [adaptive_controller_manager]: [status] active=MPC state=RUNNING_MPC | pp: health=ok state=active | mpc: health=ok | v_x=18.60 e_y=0.118 theta=-0.020 | params: stored_v=2 fwd_v=2 pending=no
[adaptive_controller_benchmark_node-4] [INFO] [1789387513.351472964] [adaptive_controller_benchmark_node]: [t= 172.0s] N=8589 RMS(e_y)=0.4561m Max|e_y|=2.6292m RMS(heading)=0.0260rad switches=1 emergency_halts=0 laps=0
[adaptive_controller_manager_node-3] [INFO] [1789387513.410184951] [adaptive_controller_manager]: [status] active=MPC state=RUNNING_MPC | pp: health=ok state=active | mpc: health=ok | v_x=19.08 e_y=0.263 theta=-0.040 | params: stored_v=2 fwd_v=2 pending=no
[adaptive_controller_manager_node-3] [INFO] [1789387515.430191604] [adaptive_controller_manager]: [status] active=MPC state=RUNNING_MPC | pp: health=ok state=active | mpc: health=ok | v_x=25.92 e_y=-0.085 theta=0.003 | params: stored_v=2 fwd_v=2 pending=no
[adaptive_controller_benchmark_node-4] [INFO] [1789387517.351607059] [adaptive_controller_benchmark_node]: [t= 176.0s] N=8789 RMS(e_y)=0.4510m Max|e_y|=2.6292m RMS(heading)=0.0257rad switches=1 emergency_halts=0 laps=0
[adaptive_controller_manager_node-3] [INFO] [1789387517.449971066] [adaptive_controller_manager]: [status] active=MPC state=RUNNING_MPC | pp: health=ok state=active | mpc: health=ok | v_x=27.54 e_y=-0.026 theta=0.000 | params: stored_v=2 fwd_v=2 pending=no
[adaptive_controller_manager_node-3] [INFO] [1789387519.450516861] [adaptive_controller_manager]: [status] active=MPC state=RUNNING_MPC | pp: health=ok state=active | mpc: health=ok | v_x=27.74 e_y=-0.029 theta=0.001 | params: stored_v=2 fwd_v=2 pending=no
[adaptive_controller_benchmark_node-4] [INFO] [1789387521.351358325] [adaptive_controller_benchmark_node]: [t= 180.0s] N=8989 RMS(e_y)=0.4460m Max|e_y|=2.6292m RMS(heading)=0.0254rad switches=1 emergency_halts=0 laps=1
[adaptive_controller_manager_node-3] [INFO] [1789387521.469686425] [adaptive_controller_manager]: [status] active=MPC state=RUNNING_MPC | pp: health=ok state=active | mpc: health=ok | v_x=26.60 e_y=0.000 theta=0.001 | params: stored_v=2 fwd_v=2 pending=no
[adaptive_controller_manager_node-3] [INFO] [1789387522.917420174] [adaptive_controller_manager]: sysid/update_params: accepted and stored new tire params
[mpc_node-2] [INFO] [1789387522.929631714] [mpc_path_tracking]: tire params updated via mpc/update_params
[mpc_node-2] [INFO] [1789387522.929691898] [mpc_path_tracking]: model check: C_front=17864 N/rad C_rear=17177 N/rad -> understeering, linearization stable at all speeds
[mpc_node-2] [INFO] [1789387522.929930914] [mpc_path_tracking]: loaded 2916 raceline waypoints at speed cap 27.77 m/s, lateral cap 6.50 m/s^2 (0.66 g, identified grip ceiling 17.38 m/s^2 x 0.75 utilization = 13.04, capped by limits.lateral_accel_max 6.50); reference now peaks at 4.98 m/s^2 (0.51 g)
[mpc_node-2] [WARN] [1789387522.929953524] [mpc_path_tracking]: raceline speed profile exceeds limits.speed_max=27.77 m/s at 1343/2916 waypoints (max 27.78 m/s, 1.0x the limit) - clamped. The raceline was optimized for a faster vehicle than this one; regenerate it with v_max=27.77 m/s for a usable speed profile. Raising limits.speed_max only helps if the VEHICLE can really go that fast - the cap must describe the plant, not the ambition.
[adaptive_controller_manager_node-3] [INFO] [1789387523.489590011] [adaptive_controller_manager]: [status] active=MPC state=RUNNING_MPC | pp: health=ok state=active | mpc: health=ok | v_x=19.95 e_y=0.013 theta=-0.002 | params: stored_v=3 fwd_v=3 pending=no
[adaptive_controller_benchmark_node-4] [INFO] [1789387525.352252543] [adaptive_controller_benchmark_node]: [t= 184.0s] N=9189 RMS(e_y)=0.4414m Max|e_y|=2.6292m RMS(heading)=0.0252rad switches=1 emergency_halts=0 laps=1
[adaptive_controller_manager_node-3] [INFO] [1789387525.509429042] [adaptive_controller_manager]: [status] active=MPC state=RUNNING_MPC | pp: health=ok state=active | mpc: health=ok | v_x=20.00 e_y=0.286 theta=-0.042 | params: stored_v=3 fwd_v=3 pending=no
[adaptive_controller_manager_node-3] [INFO] [1789387527.529346010] [adaptive_controller_manager]: [status] active=MPC state=RUNNING_MPC | pp: health=ok state=active | mpc: health=ok | v_x=26.01 e_y=-0.030 theta=-0.007 | params: stored_v=3 fwd_v=3 pending=no
[adaptive_controller_benchmark_node-4] [INFO] [1789387529.350338680] [adaptive_controller_benchmark_node]: [t= 187.9s] N=9389 RMS(e_y)=0.4369m Max|e_y|=2.6292m RMS(heading)=0.0251rad switches=1 emergency_halts=0 laps=1
[adaptive_controller_manager_node-3] [INFO] [1789387529.549237050] [adaptive_controller_manager]: [status] active=MPC state=RUNNING_MPC | pp: health=ok state=active | mpc: health=ok | v_x=26.57 e_y=-0.134 theta=0.021 | params: stored_v=3 fwd_v=3 pending=no
[adaptive_controller_manager_node-3] [INFO] [1789387531.569194064] [adaptive_controller_manager]: [status] active=MPC state=RUNNING_MPC | pp: health=ok state=active | mpc: health=ok | v_x=27.57 e_y=-0.075 theta=0.015 | params: stored_v=3 fwd_v=3 pending=no
[adaptive_controller_benchmark_node-4] [INFO] [1789387533.351825830] [adaptive_controller_benchmark_node]: [t= 192.0s] N=9589 RMS(e_y)=0.4328m Max|e_y|=2.6292m RMS(heading)=0.0251rad switches=1 emergency_halts=0 laps=1
[adaptive_controller_manager_node-3] [INFO] [1789387533.589404370] [adaptive_controller_manager]: [status] active=MPC state=RUNNING_MPC | pp: health=ok state=active | mpc: health=ok | v_x=20.09 e_y=0.035 theta=0.001 | params: stored_v=3 fwd_v=3 pending=no
[adaptive_controller_manager_node-3] [INFO] [1789387535.589766443] [adaptive_controller_manager]: [status] active=MPC state=RUNNING_MPC | pp: health=ok state=active | mpc: health=ok | v_x=12.11 e_y=0.113 theta=-0.003 | params: stored_v=3 fwd_v=3 pending=no
[adaptive_controller_benchmark_node-4] [INFO] [1789387537.350480316] [adaptive_controller_benchmark_node]: [t= 195.9s] N=9789 RMS(e_y)=0.4290m Max|e_y|=2.6292m RMS(heading)=0.0248rad switches=1 emergency_halts=0 laps=1
[adaptive_controller_manager_node-3] [INFO] [1789387537.608823350] [adaptive_controller_manager]: [status] active=MPC state=RUNNING_MPC | pp: health=ok state=active | mpc: health=ok | v_x=11.79 e_y=0.433 theta=0.002 | params: stored_v=3 fwd_v=3 pending=no
[adaptive_controller_manager_node-3] [INFO] [1789387539.628656983] [adaptive_controller_manager]: [status] active=MPC state=RUNNING_MPC | pp: health=ok state=active | mpc: health=ok | v_x=13.38 e_y=0.003 theta=-0.002 | params: stored_v=3 fwd_v=3 pending=no
[adaptive_controller_benchmark_node-4] [INFO] [1789387541.349918076] [adaptive_controller_benchmark_node]: [t= 199.9s] N=9989 RMS(e_y)=0.4266m Max|e_y|=2.6292m RMS(heading)=0.0248rad switches=1 emergency_halts=0 laps=1
[adaptive_controller_manager_node-3] [INFO] [1789387541.648587524] [adaptive_controller_manager]: [status] active=MPC state=RUNNING_MPC | pp: health=ok state=active | mpc: health=ok | v_x=11.07 e_y=-0.089 theta=-0.006 | params: stored_v=3 fwd_v=3 pending=no
[adaptive_controller_manager_node-3] [INFO] [1789387543.668472162] [adaptive_controller_manager]: [status] active=MPC state=RUNNING_MPC | pp: health=ok state=active | mpc: health=ok | v_x=11.13 e_y=-0.561 theta=-0.012 | params: stored_v=3 fwd_v=3 pending=no
[adaptive_controller_benchmark_node-4] [INFO] [1789387545.349471486] [adaptive_controller_benchmark_node]: [t= 203.9s] N=10189 RMS(e_y)=0.4263m Max|e_y|=2.6292m RMS(heading)=0.0248rad switches=1 emergency_halts=0 laps=1
[adaptive_controller_manager_node-3] [INFO] [1789387545.668480436] [adaptive_controller_manager]: [status] active=MPC state=RUNNING_MPC | pp: health=ok state=active | mpc: health=ok | v_x=14.57 e_y=-0.199 theta=0.021 | params: stored_v=3 fwd_v=3 pending=no
[adaptive_controller_manager_node-3] [INFO] [1789387547.688359662] [adaptive_controller_manager]: [status] active=MPC state=RUNNING_MPC | pp: health=ok state=active | mpc: health=ok | v_x=19.47 e_y=-0.029 theta=0.012 | params: stored_v=3 fwd_v=3 pending=no
[adaptive_controller_benchmark_node-4] [INFO] [1789387549.350389336] [adaptive_controller_benchmark_node]: [t= 207.9s] N=10389 RMS(e_y)=0.4225m Max|e_y|=2.6292m RMS(heading)=0.0246rad switches=1 emergency_halts=0 laps=1
[adaptive_controller_manager_node-3] [INFO] [1789387549.708191909] [adaptive_controller_manager]: [status] active=MPC state=RUNNING_MPC | pp: health=ok state=active | mpc: health=ok | v_x=18.87 e_y=-0.145 theta=0.021 | params: stored_v=3 fwd_v=3 pending=no
[adaptive_controller_manager_node-3] [INFO] [1789387551.728021207] [adaptive_controller_manager]: [status] active=MPC state=RUNNING_MPC | pp: health=ok state=active | mpc: health=ok | v_x=23.37 e_y=-0.099 theta=0.007 | params: stored_v=3 fwd_v=3 pending=no
[adaptive_controller_benchmark_node-4] [INFO] [1789387553.348985619] [adaptive_controller_benchmark_node]: [t= 211.9s] N=10589 RMS(e_y)=0.4191m Max|e_y|=2.6292m RMS(heading)=0.0245rad switches=1 emergency_halts=0 laps=1
[adaptive_controller_manager_node-3] [INFO] [1789387553.748071152] [adaptive_controller_manager]: [status] active=MPC state=RUNNING_MPC | pp: health=ok state=active | mpc: health=ok | v_x=27.41 e_y=-0.024 theta=0.000 | params: stored_v=3 fwd_v=3 pending=no
[adaptive_controller_manager_node-3] [INFO] [1789387555.767862497] [adaptive_controller_manager]: [status] active=MPC state=RUNNING_MPC | pp: health=ok state=active | mpc: health=ok | v_x=27.73 e_y=-0.016 theta=0.000 | params: stored_v=3 fwd_v=3 pending=no
[adaptive_controller_benchmark_node-4] [INFO] [1789387557.350063994] [adaptive_controller_benchmark_node]: [t= 215.9s] N=10789 RMS(e_y)=0.4152m Max|e_y|=2.6292m RMS(heading)=0.0243rad switches=1 emergency_halts=0 laps=1
[adaptive_controller_manager_node-3] [INFO] [1789387557.787776615] [adaptive_controller_manager]: [status] active=MPC state=RUNNING_MPC | pp: health=ok state=active | mpc: health=ok | v_x=27.77 e_y=-0.004 theta=-0.002 | params: stored_v=3 fwd_v=3 pending=no
[adaptive_controller_manager_node-3] [INFO] [1789387559.807747863] [adaptive_controller_manager]: [status] active=MPC state=RUNNING_MPC | pp: health=ok state=active | mpc: health=ok | v_x=27.77 e_y=-0.024 theta=0.000 | params: stored_v=3 fwd_v=3 pending=no
[adaptive_controller_benchmark_node-4] [INFO] [1789387561.348750682] [adaptive_controller_benchmark_node]: [t= 219.9s] N=10989 RMS(e_y)=0.4114m Max|e_y|=2.6292m RMS(heading)=0.0240rad switches=1 emergency_halts=0 laps=1
[adaptive_controller_manager_node-3] [INFO] [1789387561.827636794] [adaptive_controller_manager]: [status] active=MPC state=RUNNING_MPC | pp: health=ok state=active | mpc: health=ok | v_x=25.49 e_y=0.007 theta=0.000 | params: stored_v=3 fwd_v=3 pending=no
[adaptive_controller_manager_node-3] [INFO] [1789387563.847509087] [adaptive_controller_manager]: [status] active=MPC state=RUNNING_MPC | pp: health=ok state=active | mpc: health=ok | v_x=19.59 e_y=-0.054 theta=0.017 | params: stored_v=3 fwd_v=3 pending=no
[adaptive_controller_benchmark_node-4] [INFO] [1789387565.348734776] [adaptive_controller_benchmark_node]: [t= 223.9s] N=11189 RMS(e_y)=0.4083m Max|e_y|=2.6292m RMS(heading)=0.0239rad switches=1 emergency_halts=0 laps=1
[adaptive_controller_manager_node-3] [INFO] [1789387565.867370584] [adaptive_controller_manager]: [status] active=MPC state=RUNNING_MPC | pp: health=ok state=active | mpc: health=ok | v_x=15.77 e_y=-0.189 theta=0.017 | params: stored_v=3 fwd_v=3 pending=no
[adaptive_controller_manager_node-3] [INFO] [1789387567.887313886] [adaptive_controller_manager]: [status] active=MPC state=RUNNING_MPC | pp: health=ok state=active | mpc: health=ok | v_x=16.44 e_y=-0.228 theta=0.021 | params: stored_v=3 fwd_v=3 pending=no
[adaptive_controller_benchmark_node-4] [INFO] [1789387569.349271258] [adaptive_controller_benchmark_node]: [t= 227.9s] N=11389 RMS(e_y)=0.4062m Max|e_y|=2.6292m RMS(heading)=0.0239rad switches=1 emergency_halts=0 laps=1
[adaptive_controller_manager_node-3] [INFO] [1789387569.907249061] [adaptive_controller_manager]: [status] active=MPC state=RUNNING_MPC | pp: health=ok state=active | mpc: health=ok | v_x=16.45 e_y=0.209 theta=-0.004 | params: stored_v=3 fwd_v=3 pending=no
[adaptive_controller_manager_node-3] [INFO] [1789387571.907263355] [adaptive_controller_manager]: [status] active=MPC state=RUNNING_MPC | pp: health=ok state=active | mpc: health=ok | v_x=15.17 e_y=0.345 theta=-0.028 | params: stored_v=3 fwd_v=3 pending=no
[adaptive_controller_benchmark_node-4] [INFO] [1789387573.348234689] [adaptive_controller_benchmark_node]: [t= 231.9s] N=11589 RMS(e_y)=0.4049m Max|e_y|=2.6292m RMS(heading)=0.0240rad switches=1 emergency_halts=0 laps=1
[adaptive_controller_manager_node-3] [INFO] [1789387573.927067670] [adaptive_controller_manager]: [status] active=MPC state=RUNNING_MPC | pp: health=ok state=active | mpc: health=ok | v_x=16.27 e_y=0.355 theta=-0.040 | params: stored_v=3 fwd_v=3 pending=no
[adaptive_controller_manager_node-3] [INFO] [1789387575.947005067] [adaptive_controller_manager]: [status] active=MPC state=RUNNING_MPC | pp: health=ok state=active | mpc: health=ok | v_x=19.29 e_y=0.044 theta=-0.018 | params: stored_v=3 fwd_v=3 pending=no
[adaptive_controller_benchmark_node-4] [INFO] [1789387577.348404012] [adaptive_controller_benchmark_node]: [t= 235.9s] N=11789 RMS(e_y)=0.4025m Max|e_y|=2.6292m RMS(heading)=0.0240rad switches=1 emergency_halts=0 laps=1
[adaptive_controller_manager_node-3] [INFO] [1789387577.966856061] [adaptive_controller_manager]: [status] active=MPC state=RUNNING_MPC | pp: health=ok state=active | mpc: health=ok | v_x=26.22 e_y=-0.026 theta=-0.003 | params: stored_v=3 fwd_v=3 pending=no
[adaptive_controller_manager_node-3] [INFO] [1789387579.966897027] [adaptive_controller_manager]: [status] active=MPC state=RUNNING_MPC | pp: health=ok state=active | mpc: health=ok | v_x=27.59 e_y=0.016 theta=-0.011 | params: stored_v=3 fwd_v=3 pending=no
[adaptive_controller_benchmark_node-4] [INFO] [1789387581.347989529] [adaptive_controller_benchmark_node]: [t= 239.9s] N=11989 RMS(e_y)=0.3993m Max|e_y|=2.6292m RMS(heading)=0.0238rad switches=1 emergency_halts=0 laps=1
[adaptive_controller_manager_node-3] [INFO] [1789387581.858092512] [adaptive_controller_manager]: sysid/update_params: accepted and stored new tire params
[mpc_node-2] [INFO] [1789387581.866853354] [mpc_path_tracking]: tire params updated via mpc/update_params
[mpc_node-2] [INFO] [1789387581.866906156] [mpc_path_tracking]: model check: C_front=18189 N/rad C_rear=17765 N/rad -> understeering, linearization stable at all speeds
[mpc_node-2] [INFO] [1789387581.867253800] [mpc_path_tracking]: loaded 2916 raceline waypoints at speed cap 27.77 m/s, lateral cap 6.50 m/s^2 (0.66 g, identified grip ceiling 17.94 m/s^2 x 0.75 utilization = 13.45, capped by limits.lateral_accel_max 6.50); reference now peaks at 4.98 m/s^2 (0.51 g)
[mpc_node-2] [WARN] [1789387581.867285914] [mpc_path_tracking]: raceline speed profile exceeds limits.speed_max=27.77 m/s at 1343/2916 waypoints (max 27.78 m/s, 1.0x the limit) - clamped. The raceline was optimized for a faster vehicle than this one; regenerate it with v_max=27.77 m/s for a usable speed profile. Raising limits.speed_max only helps if the VEHICLE can really go that fast - the cap must describe the plant, not the ambition.
[adaptive_controller_manager_node-3] [INFO] [1789387581.986898564] [adaptive_controller_manager]: [status] active=MPC state=RUNNING_MPC | pp: health=ok state=active | mpc: health=ok | v_x=27.76 e_y=0.163 theta=-0.036 | params: stored_v=4 fwd_v=4 pending=no
[adaptive_controller_manager_node-3] [INFO] [1789387584.006685364] [adaptive_controller_manager]: [status] active=MPC state=RUNNING_MPC | pp: health=ok state=active | mpc: health=ok | v_x=27.76 e_y=-0.008 theta=-0.007 | params: stored_v=4 fwd_v=4 pending=no
[adaptive_controller_benchmark_node-4] [INFO] [1789387585.348073967] [adaptive_controller_benchmark_node]: [t= 243.9s] N=12189 RMS(e_y)=0.3961m Max|e_y|=2.6292m RMS(heading)=0.0238rad switches=1 emergency_halts=0 laps=1
[adaptive_controller_manager_node-3] [INFO] [1789387586.026590683] [adaptive_controller_manager]: [status] active=MPC state=RUNNING_MPC | pp: health=ok state=active | mpc: health=ok | v_x=27.77 e_y=-0.015 theta=-0.001 | params: stored_v=4 fwd_v=4 pending=no
[adaptive_controller_manager_node-3] [INFO] [1789387588.046567512] [adaptive_controller_manager]: [status] active=MPC state=RUNNING_MPC | pp: health=ok state=active | mpc: health=ok | v_x=27.77 e_y=-0.013 theta=-0.001 | params: stored_v=4 fwd_v=4 pending=no
[adaptive_controller_benchmark_node-4] [INFO] [1789387589.347781384] [adaptive_controller_benchmark_node]: [t= 247.9s] N=12389 RMS(e_y)=0.3929m Max|e_y|=2.6292m RMS(heading)=0.0236rad switches=1 emergency_halts=0 laps=1
[adaptive_controller_manager_node-3] [INFO] [1789387590.066402172] [adaptive_controller_manager]: [status] active=MPC state=RUNNING_MPC | pp: health=ok state=active | mpc: health=ok | v_x=25.71 e_y=0.022 theta=-0.001 | params: stored_v=4 fwd_v=4 pending=no
[adaptive_controller_manager_node-3] [INFO] [1789387592.066430007] [adaptive_controller_manager]: [status] active=MPC state=RUNNING_MPC | pp: health=ok state=active | mpc: health=ok | v_x=20.80 e_y=0.131 theta=-0.012 | params: stored_v=4 fwd_v=4 pending=no
[adaptive_controller_benchmark_node-4] [INFO] [1789387593.347494302] [adaptive_controller_benchmark_node]: [t= 251.9s] N=12589 RMS(e_y)=0.3904m Max|e_y|=2.6292m RMS(heading)=0.0235rad switches=1 emergency_halts=0 laps=1
[adaptive_controller_manager_node-3] [INFO] [1789387594.086363746] [adaptive_controller_manager]: [status] active=MPC state=RUNNING_MPC | pp: health=ok state=active | mpc: health=ok | v_x=23.15 e_y=0.186 theta=-0.022 | params: stored_v=4 fwd_v=4 pending=no
[adaptive_controller_manager_node-3] [INFO] [1789387596.106250286] [adaptive_controller_manager]: [status] active=MPC state=RUNNING_MPC | pp: health=ok state=active | mpc: health=ok | v_x=27.35 e_y=-0.035 theta=-0.005 | params: stored_v=4 fwd_v=4 pending=no
[adaptive_controller_benchmark_node-4] [INFO] [1789387597.347746555] [adaptive_controller_benchmark_node]: [t= 255.9s] N=12789 RMS(e_y)=0.3875m Max|e_y|=2.6292m RMS(heading)=0.0235rad switches=1 emergency_halts=0 laps=1
[adaptive_controller_manager_node-3] [INFO] [1789387598.126226031] [adaptive_controller_manager]: [status] active=MPC state=RUNNING_MPC | pp: health=ok state=active | mpc: health=ok | v_x=27.74 e_y=0.004 theta=-0.006 | params: stored_v=4 fwd_v=4 pending=no
[adaptive_controller_manager_node-3] [INFO] [1789387600.146111187] [adaptive_controller_manager]: [status] active=MPC state=RUNNING_MPC | pp: health=ok state=active | mpc: health=ok | v_x=27.77 e_y=-0.012 theta=-0.002 | params: stored_v=4 fwd_v=4 pending=no
[adaptive_controller_benchmark_node-4] [INFO] [1789387601.347177989] [adaptive_controller_benchmark_node]: [t= 259.9s] N=12989 RMS(e_y)=0.3845m Max|e_y|=2.6292m RMS(heading)=0.0233rad switches=1 emergency_halts=0 laps=1
[adaptive_controller_manager_node-3] [INFO] [1789387602.166051459] [adaptive_controller_manager]: [status] active=MPC state=RUNNING_MPC | pp: health=ok state=active | mpc: health=ok | v_x=27.11 e_y=-0.128 theta=0.013 | params: stored_v=4 fwd_v=4 pending=no
[adaptive_controller_manager_node-3] [INFO] [1789387604.185955553] [adaptive_controller_manager]: [status] active=MPC state=RUNNING_MPC | pp: health=ok state=active | mpc: health=ok | v_x=21.50 e_y=0.064 theta=-0.010 | params: stored_v=4 fwd_v=4 pending=no
[adaptive_controller_benchmark_node-4] [INFO] [1789387605.347177629] [adaptive_controller_benchmark_node]: [t= 263.9s] N=13189 RMS(e_y)=0.3821m Max|e_y|=2.6292m RMS(heading)=0.0232rad switches=1 emergency_halts=0 laps=1
[adaptive_controller_manager_node-3] [INFO] [1789387606.205927618] [adaptive_controller_manager]: [status] active=MPC state=RUNNING_MPC | pp: health=ok state=active | mpc: health=ok | v_x=23.08 e_y=0.045 theta=-0.015 | params: stored_v=4 fwd_v=4 pending=no
[adaptive_controller_manager_node-3] [INFO] [1789387608.225807075] [adaptive_controller_manager]: [status] active=MPC state=RUNNING_MPC | pp: health=ok state=active | mpc: health=ok | v_x=19.28 e_y=-0.147 theta=0.006 | params: stored_v=4 fwd_v=4 pending=no
[adaptive_controller_benchmark_node-4] [INFO] [1789387609.347741202] [adaptive_controller_benchmark_node]: [t= 267.9s] N=13389 RMS(e_y)=0.3796m Max|e_y|=2.6292m RMS(heading)=0.0232rad switches=1 emergency_halts=0 laps=1
[adaptive_controller_manager_node-3] [INFO] [1789387610.245801517] [adaptive_controller_manager]: [status] active=MPC state=RUNNING_MPC | pp: health=ok state=active | mpc: health=ok | v_x=18.88 e_y=0.023 theta=0.015 | params: stored_v=4 fwd_v=4 pending=no
[adaptive_controller_manager_node-3] [INFO] [1789387612.265654057] [adaptive_controller_manager]: [status] active=MPC state=RUNNING_MPC | pp: health=ok state=active | mpc: health=ok | v_x=18.87 e_y=0.356 theta=-0.042 | params: stored_v=4 fwd_v=4 pending=no
[adaptive_controller_benchmark_node-4] [INFO] [1789387613.347046293] [adaptive_controller_benchmark_node]: [t= 271.9s] N=13589 RMS(e_y)=0.3777m Max|e_y|=2.6292m RMS(heading)=0.0232rad switches=1 emergency_halts=0 laps=1
[adaptive_controller_manager_node-3] [INFO] [1789387614.285582398] [adaptive_controller_manager]: [status] active=MPC state=RUNNING_MPC | pp: health=ok state=active | mpc: health=ok | v_x=19.65 e_y=0.217 theta=-0.028 | params: stored_v=4 fwd_v=4 pending=no
[adaptive_controller_manager_node-3] [INFO] [1789387616.285594390] [adaptive_controller_manager]: [status] active=MPC state=RUNNING_MPC | pp: health=ok state=active | mpc: health=ok | v_x=23.60 e_y=-0.024 theta=-0.004 | params: stored_v=4 fwd_v=4 pending=no
[adaptive_controller_benchmark_node-4] [INFO] [1789387617.346754983] [adaptive_controller_benchmark_node]: [t= 275.9s] N=13789 RMS(e_y)=0.3756m Max|e_y|=2.6292m RMS(heading)=0.0233rad switches=1 emergency_halts=0 laps=1
[adaptive_controller_manager_node-3] [INFO] [1789387618.305567217] [adaptive_controller_manager]: [status] active=MPC state=RUNNING_MPC | pp: health=ok state=active | mpc: health=ok | v_x=27.06 e_y=-0.161 theta=0.013 | params: stored_v=4 fwd_v=4 pending=no
[adaptive_controller_manager_node-3] [INFO] [1789387620.305609811] [adaptive_controller_manager]: [status] active=MPC state=RUNNING_MPC | pp: health=ok state=active | mpc: health=ok | v_x=27.71 e_y=-0.016 theta=-0.000 | params: stored_v=4 fwd_v=4 pending=no
[adaptive_controller_benchmark_node-4] [INFO] [1789387621.346644423] [adaptive_controller_benchmark_node]: [t= 279.9s] N=13989 RMS(e_y)=0.3730m Max|e_y|=2.6292m RMS(heading)=0.0232rad switches=1 emergency_halts=0 laps=1
[adaptive_controller_manager_node-3] [INFO] [1789387622.325364728] [adaptive_controller_manager]: [status] active=MPC state=RUNNING_MPC | pp: health=ok state=active | mpc: health=ok | v_x=27.77 e_y=-0.014 theta=0.000 | params: stored_v=4 fwd_v=4 pending=no
[adaptive_controller_manager_node-3] [INFO] [1789387624.345401917] [adaptive_controller_manager]: [status] active=MPC state=RUNNING_MPC | pp: health=ok state=active | mpc: health=ok | v_x=27.77 e_y=-0.016 theta=-0.000 | params: stored_v=4 fwd_v=4 pending=no
[adaptive_controller_benchmark_node-4] [INFO] [1789387625.346946942] [adaptive_controller_benchmark_node]: [t= 283.9s] N=14189 RMS(e_y)=0.3704m Max|e_y|=2.6292m RMS(heading)=0.0230rad switches=1 emergency_halts=0 laps=1
[adaptive_controller_manager_node-3] [INFO] [1789387626.365279680] [adaptive_controller_manager]: [status] active=MPC state=RUNNING_MPC | pp: health=ok state=active | mpc: health=ok | v_x=27.77 e_y=-0.014 theta=-0.001 | params: stored_v=4 fwd_v=4 pending=no
[adaptive_controller_manager_node-3] [INFO] [1789387628.385303720] [adaptive_controller_manager]: [status] active=MPC state=RUNNING_MPC | pp: health=ok state=active | mpc: health=ok | v_x=27.77 e_y=-0.008 theta=-0.003 | params: stored_v=4 fwd_v=4 pending=no
[adaptive_controller_benchmark_node-4] [INFO] [1789387629.346787128] [adaptive_controller_benchmark_node]: [t= 287.9s] N=14389 RMS(e_y)=0.3678m Max|e_y|=2.6292m RMS(heading)=0.0228rad switches=1 emergency_halts=0 laps=1
[adaptive_controller_manager_node-3] [INFO] [1789387630.405295587] [adaptive_controller_manager]: [status] active=MPC state=RUNNING_MPC | pp: health=ok state=active | mpc: health=ok | v_x=25.87 e_y=0.044 theta=-0.005 | params: stored_v=4 fwd_v=4 pending=no
[adaptive_controller_manager_node-3] [INFO] [1789387632.425148620] [adaptive_controller_manager]: [status] active=MPC state=RUNNING_MPC | pp: health=ok state=active | mpc: health=ok | v_x=19.49 e_y=0.159 theta=-0.017 | params: stored_v=4 fwd_v=4 pending=no
[adaptive_controller_benchmark_node-4] [INFO] [1789387633.346574308] [adaptive_controller_benchmark_node]: [t= 291.9s] N=14589 RMS(e_y)=0.3655m Max|e_y|=2.6292m RMS(heading)=0.0227rad switches=1 emergency_halts=0 laps=1
[adaptive_controller_manager_node-3] [INFO] [1789387634.445115309] [adaptive_controller_manager]: [status] active=MPC state=RUNNING_MPC | pp: health=ok state=active | mpc: health=ok | v_x=18.55 e_y=0.273 theta=-0.008 | params: stored_v=4 fwd_v=4 pending=no
[adaptive_controller_manager_node-3] [INFO] [1789387636.465145701] [adaptive_controller_manager]: [status] active=MPC state=RUNNING_MPC | pp: health=ok state=active | mpc: health=ok | v_x=20.55 e_y=0.110 theta=-0.017 | params: stored_v=4 fwd_v=4 pending=no
[adaptive_controller_benchmark_node-4] [INFO] [1789387637.346270639] [adaptive_controller_benchmark_node]: [t= 295.9s] N=14789 RMS(e_y)=0.3637m Max|e_y|=2.6292m RMS(heading)=0.0228rad switches=1 emergency_halts=0 laps=1
[adaptive_controller_manager_node-3] [INFO] [1789387638.485070109] [adaptive_controller_manager]: [status] active=MPC state=RUNNING_MPC | pp: health=ok state=active | mpc: health=ok | v_x=26.22 e_y=-0.095 theta=0.002 | params: stored_v=4 fwd_v=4 pending=no
[adaptive_controller_manager_node-3] [INFO] [1789387639.974884776] [adaptive_controller_manager]: sysid/update_params: accepted and stored new tire params
[mpc_node-2] [INFO] [1789387639.985075624] [mpc_path_tracking]: tire params updated via mpc/update_params
[mpc_node-2] [INFO] [1789387639.985154148] [mpc_path_tracking]: model check: C_front=17810 N/rad C_rear=16833 N/rad -> understeering, linearization stable at all speeds
[mpc_node-2] [INFO] [1789387639.985485189] [mpc_path_tracking]: loaded 2916 raceline waypoints at speed cap 27.77 m/s, lateral cap 6.50 m/s^2 (0.66 g, identified grip ceiling 18.59 m/s^2 x 0.75 utilization = 13.94, capped by limits.lateral_accel_max 6.50); reference now peaks at 4.98 m/s^2 (0.51 g)
[mpc_node-2] [WARN] [1789387639.985510215] [mpc_path_tracking]: raceline speed profile exceeds limits.speed_max=27.77 m/s at 1343/2916 waypoints (max 27.78 m/s, 1.0x the limit) - clamped. The raceline was optimized for a faster vehicle than this one; regenerate it with v_max=27.77 m/s for a usable speed profile. Raising limits.speed_max only helps if the VEHICLE can really go that fast - the cap must describe the plant, not the ambition.
[adaptive_controller_manager_node-3] [INFO] [1789387640.504974503] [adaptive_controller_manager]: [status] active=MPC state=RUNNING_MPC | pp: health=ok state=active | mpc: health=ok | v_x=27.36 e_y=-0.033 theta=0.003 | params: stored_v=5 fwd_v=5 pending=no
[adaptive_controller_benchmark_node-4] [INFO] [1789387641.345967376] [adaptive_controller_benchmark_node]: [t= 299.9s] N=14989 RMS(e_y)=0.3614m Max|e_y|=2.6292m RMS(heading)=0.0226rad switches=1 emergency_halts=0 laps=1
[adaptive_controller_manager_node-3] [INFO] [1789387642.524929348] [adaptive_controller_manager]: [status] active=MPC state=RUNNING_MPC | pp: health=ok state=active | mpc: health=ok | v_x=19.37 e_y=0.049 theta=-0.002 | params: stored_v=5 fwd_v=5 pending=no
[adaptive_controller_manager_node-3] [INFO] [1789387644.546562055] [adaptive_controller_manager]: [status] active=MPC state=RUNNING_MPC | pp: health=ok state=active | mpc: health=ok | v_x=10.83 e_y=0.014 theta=-0.000 | params: stored_v=5 fwd_v=5 pending=no
[adaptive_controller_benchmark_node-4] [INFO] [1789387645.345778191] [adaptive_controller_benchmark_node]: [t= 303.9s] N=15189 RMS(e_y)=0.3590m Max|e_y|=2.6292m RMS(heading)=0.0225rad switches=1 emergency_halts=0 laps=1
[adaptive_controller_manager_node-3] [INFO] [1789387646.564788311] [adaptive_controller_manager]: [status] active=MPC state=RUNNING_MPC | pp: health=ok state=active | mpc: health=ok | v_x=9.72 e_y=-0.625 theta=-0.021 | params: stored_v=5 fwd_v=5 pending=no
[adaptive_controller_manager_node-3] [INFO] [1789387648.564802875] [adaptive_controller_manager]: [status] active=MPC state=RUNNING_MPC | pp: health=ok state=active | mpc: health=ok | v_x=12.16 e_y=0.265 theta=-0.010 | params: stored_v=5 fwd_v=5 pending=no
[adaptive_controller_benchmark_node-4] [INFO] [1789387649.346142037] [adaptive_controller_benchmark_node]: [t= 307.9s] N=15389 RMS(e_y)=0.3602m Max|e_y|=2.6292m RMS(heading)=0.0226rad switches=1 emergency_halts=0 laps=1
[adaptive_controller_manager_node-3] [INFO] [1789387650.565240144] [adaptive_controller_manager]: [status] active=MPC state=RUNNING_MPC | pp: health=ok state=active | mpc: health=ok | v_x=16.14 e_y=0.273 theta=-0.008 | params: stored_v=5 fwd_v=5 pending=no
[adaptive_controller_manager_node-3] [INFO] [1789387652.584659508] [adaptive_controller_manager]: [status] active=MPC state=RUNNING_MPC | pp: health=ok state=active | mpc: health=ok | v_x=19.05 e_y=0.159 theta=-0.013 | params: stored_v=5 fwd_v=5 pending=no
[adaptive_controller_benchmark_node-4] [INFO] [1789387653.345627821] [adaptive_controller_benchmark_node]: [t= 311.9s] N=15589 RMS(e_y)=0.3590m Max|e_y|=2.6292m RMS(heading)=0.0226rad switches=1 emergency_halts=0 laps=1
[adaptive_controller_manager_node-3] [INFO] [1789387654.604650554] [adaptive_controller_manager]: [status] active=MPC state=RUNNING_MPC | pp: health=ok state=active | mpc: health=ok | v_x=18.62 e_y=0.308 theta=-0.027 | params: stored_v=5 fwd_v=5 pending=no
[adaptive_controller_manager_node-3] [INFO] [1789387656.624652963] [adaptive_controller_manager]: [status] active=MPC state=RUNNING_MPC | pp: health=ok state=active | mpc: health=ok | v_x=24.00 e_y=-0.044 theta=-0.006 | params: stored_v=5 fwd_v=5 pending=no
[adaptive_controller_benchmark_node-4] [INFO] [1789387657.345392086] [adaptive_controller_benchmark_node]: [t= 315.9s] N=15789 RMS(e_y)=0.3573m Max|e_y|=2.6292m RMS(heading)=0.0226rad switches=1 emergency_halts=0 laps=1
[adaptive_controller_manager_node-3] [INFO] [1789387658.644662209] [adaptive_controller_manager]: [status] active=MPC state=RUNNING_MPC | pp: health=ok state=active | mpc: health=ok | v_x=27.44 e_y=-0.032 theta=0.001 | params: stored_v=5 fwd_v=5 pending=no
[adaptive_controller_manager_node-3] [INFO] [1789387660.664646046] [adaptive_controller_manager]: [status] active=MPC state=RUNNING_MPC | pp: health=ok state=active | mpc: health=ok | v_x=27.74 e_y=-0.030 theta=0.001 | params: stored_v=5 fwd_v=5 pending=no
[adaptive_controller_benchmark_node-4] [INFO] [1789387661.346121807] [adaptive_controller_benchmark_node]: [t= 319.9s] N=15989 RMS(e_y)=0.3551m Max|e_y|=2.6292m RMS(heading)=0.0224rad switches=1 emergency_halts=0 laps=1
[adaptive_controller_manager_node-3] [INFO] [1789387662.684467062] [adaptive_controller_manager]: [status] active=MPC state=RUNNING_MPC | pp: health=ok state=active | mpc: health=ok | v_x=26.22 e_y=0.010 theta=0.001 | params: stored_v=5 fwd_v=5 pending=no
[adaptive_controller_manager_node-3] [INFO] [1789387664.684476628] [adaptive_controller_manager]: [status] active=MPC state=RUNNING_MPC | pp: health=ok state=active | mpc: health=ok | v_x=19.80 e_y=0.061 theta=-0.006 | params: stored_v=5 fwd_v=5 pending=no
[adaptive_controller_benchmark_node-4] [INFO] [1789387665.346192388] [adaptive_controller_benchmark_node]: [t= 323.9s] N=16189 RMS(e_y)=0.3529m Max|e_y|=2.6292m RMS(heading)=0.0223rad switches=1 emergency_halts=0 laps=2
[adaptive_controller_manager_node-3] [INFO] [1789387666.704507134] [adaptive_controller_manager]: [status] active=MPC state=RUNNING_MPC | pp: health=ok state=active | mpc: health=ok | v_x=20.96 e_y=0.170 theta=-0.029 | params: stored_v=5 fwd_v=5 pending=no
[adaptive_controller_manager_node-3] [INFO] [1789387668.724342373] [adaptive_controller_manager]: [status] active=MPC state=RUNNING_MPC | pp: health=ok state=active | mpc: health=ok | v_x=26.51 e_y=-0.041 theta=-0.003 | params: stored_v=5 fwd_v=5 pending=no
[adaptive_controller_benchmark_node-4] [INFO] [1789387669.346108027] [adaptive_controller_benchmark_node]: [t= 327.9s] N=16389 RMS(e_y)=0.3513m Max|e_y|=2.6292m RMS(heading)=0.0223rad switches=1 emergency_halts=0 laps=2
[adaptive_controller_manager_node-3] [INFO] [1789387670.724442235] [adaptive_controller_manager]: [status] active=MPC state=RUNNING_MPC | pp: health=ok state=active | mpc: health=ok | v_x=26.56 e_y=-0.158 theta=0.025 | params: stored_v=5 fwd_v=5 pending=no
[adaptive_controller_manager_node-3] [INFO] [1789387672.744366676] [adaptive_controller_manager]: [status] active=MPC state=RUNNING_MPC | pp: health=ok state=active | mpc: health=ok | v_x=27.53 e_y=-0.120 theta=0.021 | params: stored_v=5 fwd_v=5 pending=no
[adaptive_controller_benchmark_node-4] [INFO] [1789387673.345886584] [adaptive_controller_benchmark_node]: [t= 331.9s] N=16589 RMS(e_y)=0.3497m Max|e_y|=2.6292m RMS(heading)=0.0223rad switches=1 emergency_halts=0 laps=2
[adaptive_controller_manager_node-3] [INFO] [1789387674.764333826] [adaptive_controller_manager]: [status] active=MPC state=RUNNING_MPC | pp: health=ok state=active | mpc: health=ok | v_x=22.33 e_y=0.020 theta=0.001 | params: stored_v=5 fwd_v=5 pending=no
[adaptive_controller_manager_node-3] [INFO] [1789387676.784333277] [adaptive_controller_manager]: [status] active=MPC state=RUNNING_MPC | pp: health=ok state=active | mpc: health=ok | v_x=15.44 e_y=0.124 theta=-0.005 | params: stored_v=5 fwd_v=5 pending=no
[adaptive_controller_benchmark_node-4] [INFO] [1789387677.345314460] [adaptive_controller_benchmark_node]: [t= 335.9s] N=16789 RMS(e_y)=0.3477m Max|e_y|=2.6292m RMS(heading)=0.0222rad switches=1 emergency_halts=0 laps=2
[adaptive_controller_manager_node-3] [INFO] [1789387678.804261123] [adaptive_controller_manager]: [status] active=MPC state=RUNNING_MPC | pp: health=ok state=active | mpc: health=ok | v_x=11.88 e_y=0.403 theta=-0.019 | params: stored_v=5 fwd_v=5 pending=no
[adaptive_controller_manager_node-3] [INFO] [1789387680.804469811] [adaptive_controller_manager]: [status] active=MPC state=RUNNING_MPC | pp: health=ok state=active | mpc: health=ok | v_x=14.34 e_y=0.115 theta=-0.017 | params: stored_v=5 fwd_v=5 pending=no
[adaptive_controller_benchmark_node-4] [INFO] [1789387681.345302856] [adaptive_controller_benchmark_node]: [t= 339.9s] N=16989 RMS(e_y)=0.3478m Max|e_y|=2.6292m RMS(heading)=0.0222rad switches=1 emergency_halts=0 laps=2
[adaptive_controller_manager_node-3] [INFO] [1789387682.824168868] [adaptive_controller_manager]: [status] active=MPC state=RUNNING_MPC | pp: health=ok state=active | mpc: health=ok | v_x=11.09 e_y=-0.038 theta=-0.006 | params: stored_v=5 fwd_v=5 pending=no
[adaptive_controller_manager_node-3] [INFO] [1789387684.824203927] [adaptive_controller_manager]: [status] active=MPC state=RUNNING_MPC | pp: health=ok state=active | mpc: health=ok | v_x=11.15 e_y=-0.406 theta=-0.021 | params: stored_v=5 fwd_v=5 pending=no
[adaptive_controller_benchmark_node-4] [INFO] [1789387685.345012627] [adaptive_controller_benchmark_node]: [t= 343.9s] N=17189 RMS(e_y)=0.3468m Max|e_y|=2.6292m RMS(heading)=0.0221rad switches=1 emergency_halts=0 laps=2
[adaptive_controller_manager_node-3] [INFO] [1789387686.844142984] [adaptive_controller_manager]: [status] active=MPC state=RUNNING_MPC | pp: health=ok state=active | mpc: health=ok | v_x=12.25 e_y=-0.485 theta=0.045 | params: stored_v=5 fwd_v=5 pending=no
[adaptive_controller_manager_node-3] [INFO] [1789387688.864178411] [adaptive_controller_manager]: [status] active=MPC state=RUNNING_MPC | pp: health=ok state=active | mpc: health=ok | v_x=18.19 e_y=-0.030 theta=-0.003 | params: stored_v=5 fwd_v=5 pending=no
[adaptive_controller_benchmark_node-4] [INFO] [1789387689.345250679] [adaptive_controller_benchmark_node]: [t= 347.9s] N=17389 RMS(e_y)=0.3472m Max|e_y|=2.6292m RMS(heading)=0.0221rad switches=1 emergency_halts=0 laps=2
[adaptive_controller_manager_node-3] [INFO] [1789387690.884081399] [adaptive_controller_manager]: [status] active=MPC state=RUNNING_MPC | pp: health=ok state=active | mpc: health=ok | v_x=19.03 e_y=-0.089 theta=0.010 | params: stored_v=5 fwd_v=5 pending=no
[adaptive_controller_manager_node-3] [INFO] [1789387692.884105143] [adaptive_controller_manager]: [status] active=MPC state=RUNNING_MPC | pp: health=ok state=active | mpc: health=ok | v_x=19.21 e_y=-0.356 theta=0.041 | params: stored_v=5 fwd_v=5 pending=no
[adaptive_controller_benchmark_node-4] [INFO] [1789387693.346286577] [adaptive_controller_benchmark_node]: [t= 351.9s] N=17589 RMS(e_y)=0.3457m Max|e_y|=2.6292m RMS(heading)=0.0221rad switches=1 emergency_halts=0 laps=2
[adaptive_controller_manager_node-3] [INFO] [1789387694.904047500] [adaptive_controller_manager]: [status] active=MPC state=RUNNING_MPC | pp: health=ok state=active | mpc: health=ok | v_x=26.03 e_y=-0.045 theta=-0.002 | params: stored_v=5 fwd_v=5 pending=no
[adaptive_controller_manager_node-3] [INFO] [1789387696.924032534] [adaptive_controller_manager]: [status] active=MPC state=RUNNING_MPC | pp: health=ok state=active | mpc: health=ok | v_x=27.58 e_y=-0.017 theta=-0.000 | params: stored_v=5 fwd_v=5 pending=no
[adaptive_controller_benchmark_node-4] [INFO] [1789387697.345275995] [adaptive_controller_benchmark_node]: [t= 355.9s] N=17789 RMS(e_y)=0.3439m Max|e_y|=2.6292m RMS(heading)=0.0219rad switches=1 emergency_halts=0 laps=2
[adaptive_controller_manager_node-3] [INFO] [1789387698.466367991] [adaptive_controller_manager]: sysid/update_params: accepted and stored new tire params
[mpc_node-2] [INFO] [1789387698.484377471] [mpc_path_tracking]: tire params updated via mpc/update_params
[mpc_node-2] [INFO] [1789387698.484420563] [mpc_path_tracking]: model check: C_front=17014 N/rad C_rear=16575 N/rad -> understeering, linearization stable at all speeds
[mpc_node-2] [INFO] [1789387698.484710908] [mpc_path_tracking]: loaded 2916 raceline waypoints at speed cap 27.77 m/s, lateral cap 6.50 m/s^2 (0.66 g, identified grip ceiling 15.83 m/s^2 x 0.75 utilization = 11.87, capped by limits.lateral_accel_max 6.50); reference now peaks at 4.98 m/s^2 (0.51 g)
[mpc_node-2] [WARN] [1789387698.484735991] [mpc_path_tracking]: raceline speed profile exceeds limits.speed_max=27.77 m/s at 1343/2916 waypoints (max 27.78 m/s, 1.0x the limit) - clamped. The raceline was optimized for a faster vehicle than this one; regenerate it with v_max=27.77 m/s for a usable speed profile. Raising limits.speed_max only helps if the VEHICLE can really go that fast - the cap must describe the plant, not the ambition.
[adaptive_controller_manager_node-3] [INFO] [1789387698.943994805] [adaptive_controller_manager]: [status] active=MPC state=RUNNING_MPC | pp: health=ok state=active | mpc: health=ok | v_x=27.75 e_y=-0.011 theta=-0.001 | params: stored_v=6 fwd_v=6 pending=no
[adaptive_controller_manager_node-3] [INFO] [1789387700.963918972] [adaptive_controller_manager]: [status] active=MPC state=RUNNING_MPC | pp: health=ok state=active | mpc: health=ok | v_x=27.77 e_y=0.000 theta=-0.000 | params: stored_v=6 fwd_v=6 pending=no
[adaptive_controller_benchmark_node-4] [INFO] [1789387701.344945533] [adaptive_controller_benchmark_node]: [t= 359.9s] N=17989 RMS(e_y)=0.3419m Max|e_y|=2.6292m RMS(heading)=0.0218rad switches=1 emergency_halts=0 laps=2
[adaptive_controller_manager_node-3] [INFO] [1789387702.963928744] [adaptive_controller_manager]: [status] active=MPC state=RUNNING_MPC | pp: health=ok state=active | mpc: health=ok | v_x=27.75 e_y=-0.017 theta=-0.000 | params: stored_v=6 fwd_v=6 pending=no
[adaptive_controller_manager_node-3] [INFO] [1789387704.964010003] [adaptive_controller_manager]: [status] active=MPC state=RUNNING_MPC | pp: health=ok state=active | mpc: health=ok | v_x=23.08 e_y=-0.037 theta=0.002 | params: stored_v=6 fwd_v=6 pending=no
[adaptive_controller_benchmark_node-4] [INFO] [1789387705.345538289] [adaptive_controller_benchmark_node]: [t= 363.9s] N=18189 RMS(e_y)=0.3401m Max|e_y|=2.6292m RMS(heading)=0.0217rad switches=1 emergency_halts=0 laps=2
[adaptive_controller_manager_node-3] [INFO] [1789387706.964040423] [adaptive_controller_manager]: [status] active=MPC state=RUNNING_MPC | pp: health=ok state=active | mpc: health=ok | v_x=18.78 e_y=-0.336 theta=0.029 | params: stored_v=6 fwd_v=6 pending=no
[adaptive_controller_manager_node-3] [INFO] [1789387708.983934941] [adaptive_controller_manager]: [status] active=MPC state=RUNNING_MPC | pp: health=ok state=active | mpc: health=ok | v_x=14.47 e_y=-0.445 theta=0.025 | params: stored_v=6 fwd_v=6 pending=no
[adaptive_controller_benchmark_node-4] [INFO] [1789387709.344899757] [adaptive_controller_benchmark_node]: [t= 367.9s] N=18389 RMS(e_y)=0.3392m Max|e_y|=2.6292m RMS(heading)=0.0217rad switches=1 emergency_halts=0 laps=2
[adaptive_controller_manager_node-3] [INFO] [1789387711.003869091] [adaptive_controller_manager]: [status] active=MPC state=RUNNING_MPC | pp: health=ok state=active | mpc: health=ok | v_x=16.47 e_y=0.043 theta=-0.004 | params: stored_v=6 fwd_v=6 pending=no
[adaptive_controller_manager_node-3] [INFO] [1789387713.023837827] [adaptive_controller_manager]: [status] active=MPC state=RUNNING_MPC | pp: health=ok state=active | mpc: health=ok | v_x=15.34 e_y=0.260 theta=-0.011 | params: stored_v=6 fwd_v=6 pending=no
[adaptive_controller_benchmark_node-4] [INFO] [1789387713.344870703] [adaptive_controller_benchmark_node]: [t= 371.9s] N=18589 RMS(e_y)=0.3382m Max|e_y|=2.6292m RMS(heading)=0.0217rad switches=1 emergency_halts=0 laps=2
[adaptive_controller_manager_node-3] [INFO] [1789387715.024175217] [adaptive_controller_manager]: [status] active=MPC state=RUNNING_MPC | pp: health=ok state=active | mpc: health=ok | v_x=16.06 e_y=0.302 theta=-0.033 | params: stored_v=6 fwd_v=6 pending=no
[adaptive_controller_manager_node-3] [INFO] [1789387717.043886073] [adaptive_controller_manager]: [status] active=MPC state=RUNNING_MPC | pp: health=ok state=active | mpc: health=ok | v_x=17.86 e_y=0.152 theta=-0.029 | params: stored_v=6 fwd_v=6 pending=no
[adaptive_controller_benchmark_node-4] [INFO] [1789387717.345000936] [adaptive_controller_benchmark_node]: [t= 375.9s] N=18789 RMS(e_y)=0.3378m Max|e_y|=2.6292m RMS(heading)=0.0218rad switches=1 emergency_halts=0 laps=2
[adaptive_controller_manager_node-3] [INFO] [1789387719.063767884] [adaptive_controller_manager]: [status] active=MPC state=RUNNING_MPC | pp: health=ok state=active | mpc: health=ok | v_x=24.56 e_y=-0.045 theta=-0.007 | params: stored_v=6 fwd_v=6 pending=no
[adaptive_controller_manager_node-3] [INFO] [1789387721.063774076] [adaptive_controller_manager]: [status] active=MPC state=RUNNING_MPC | pp: health=ok state=active | mpc: health=ok | v_x=27.50 e_y=-0.012 theta=-0.013 | params: stored_v=6 fwd_v=6 pending=no
[adaptive_controller_benchmark_node-4] [INFO] [1789387721.345007115] [adaptive_controller_benchmark_node]: [t= 379.9s] N=18989 RMS(e_y)=0.3360m Max|e_y|=2.6292m RMS(heading)=0.0217rad switches=1 emergency_halts=0 laps=2
[adaptive_controller_manager_node-3] [INFO] [1789387723.063784045] [adaptive_controller_manager]: [status] active=MPC state=RUNNING_MPC | pp: health=ok state=active | mpc: health=ok | v_x=27.75 e_y=0.161 theta=-0.034 | params: stored_v=6 fwd_v=6 pending=no
[adaptive_controller_manager_node-3] [INFO] [1789387725.063789007] [adaptive_controller_manager]: [status] active=MPC state=RUNNING_MPC | pp: health=ok state=active | mpc: health=ok | v_x=27.77 e_y=-0.015 theta=-0.006 | params: stored_v=6 fwd_v=6 pending=no
[adaptive_controller_benchmark_node-4] [INFO] [1789387725.345572988] [adaptive_controller_benchmark_node]: [t= 383.9s] N=19189 RMS(e_y)=0.3344m Max|e_y|=2.6292m RMS(heading)=0.0217rad switches=1 emergency_halts=0 laps=2
[adaptive_controller_manager_node-3] [INFO] [1789387727.083733833] [adaptive_controller_manager]: [status] active=MPC state=RUNNING_MPC | pp: health=ok state=active | mpc: health=ok | v_x=27.77 e_y=-0.016 theta=-0.001 | params: stored_v=6 fwd_v=6 pending=no
[adaptive_controller_manager_node-3] [INFO] [1789387729.103719277] [adaptive_controller_manager]: [status] active=MPC state=RUNNING_MPC | pp: health=ok state=active | mpc: health=ok | v_x=27.77 e_y=-0.013 theta=-0.001 | params: stored_v=6 fwd_v=6 pending=no
[adaptive_controller_benchmark_node-4] [INFO] [1789387729.344767816] [adaptive_controller_benchmark_node]: [t= 387.9s] N=19389 RMS(e_y)=0.3327m Max|e_y|=2.6292m RMS(heading)=0.0216rad switches=1 emergency_halts=0 laps=2
[adaptive_controller_manager_node-3] [INFO] [1789387731.103724953] [adaptive_controller_manager]: [status] active=MPC state=RUNNING_MPC | pp: health=ok state=active | mpc: health=ok | v_x=25.97 e_y=0.018 theta=-0.001 | params: stored_v=6 fwd_v=6 pending=no
[adaptive_controller_manager_node-3] [INFO] [1789387733.103747141] [adaptive_controller_manager]: [status] active=MPC state=RUNNING_MPC | pp: health=ok state=active | mpc: health=ok | v_x=22.40 e_y=0.118 theta=-0.030 | params: stored_v=6 fwd_v=6 pending=no
[adaptive_controller_benchmark_node-4] [INFO] [1789387733.344985412] [adaptive_controller_benchmark_node]: [t= 391.9s] N=19589 RMS(e_y)=0.3310m Max|e_y|=2.6292m RMS(heading)=0.0215rad switches=1 emergency_halts=0 laps=2
[adaptive_controller_manager_node-3] [INFO] [1789387735.123758367] [adaptive_controller_manager]: [status] active=MPC state=RUNNING_MPC | pp: health=ok state=active | mpc: health=ok | v_x=22.60 e_y=0.154 theta=-0.027 | params: stored_v=6 fwd_v=6 pending=no
[adaptive_controller_manager_node-3] [INFO] [1789387737.123860533] [adaptive_controller_manager]: [status] active=MPC state=RUNNING_MPC | pp: health=ok state=active | mpc: health=ok | v_x=27.05 e_y=0.043 theta=-0.014 | params: stored_v=6 fwd_v=6 pending=no
[adaptive_controller_benchmark_node-4] [INFO] [1789387737.344869275] [adaptive_controller_benchmark_node]: [t= 395.9s] N=19789 RMS(e_y)=0.3298m Max|e_y|=2.6292m RMS(heading)=0.0216rad switches=1 emergency_halts=0 laps=2
[adaptive_controller_manager_node-3] [INFO] [1789387739.143703576] [adaptive_controller_manager]: [status] active=MPC state=RUNNING_MPC | pp: health=ok state=active | mpc: health=ok | v_x=27.71 e_y=-0.017 theta=-0.005 | params: stored_v=6 fwd_v=6 pending=no
[adaptive_controller_manager_node-3] [INFO] [1789387741.163740327] [adaptive_controller_manager]: [status] active=MPC state=RUNNING_MPC | pp: health=ok state=active | mpc: health=ok | v_x=27.76 e_y=-0.017 theta=-0.002 | params: stored_v=6 fwd_v=6 pending=no
[adaptive_controller_benchmark_node-4] [INFO] [1789387741.345279087] [adaptive_controller_benchmark_node]: [t= 399.9s] N=19989 RMS(e_y)=0.3281m Max|e_y|=2.6292m RMS(heading)=0.0215rad switches=1 emergency_halts=0 laps=2
[adaptive_controller_manager_node-3] [INFO] [1789387743.163781354] [adaptive_controller_manager]: [status] active=MPC state=RUNNING_MPC | pp: health=ok state=active | mpc: health=ok | v_x=27.77 e_y=-0.037 theta=0.008 | params: stored_v=6 fwd_v=6 pending=no
[adaptive_controller_manager_node-3] [INFO] [1789387745.183771146] [adaptive_controller_manager]: [status] active=MPC state=RUNNING_MPC | pp: health=ok state=active | mpc: health=ok | v_x=24.53 e_y=0.053 theta=0.018 | params: stored_v=6 fwd_v=6 pending=no
[adaptive_controller_benchmark_node-4] [INFO] [1789387745.345782729] [adaptive_controller_benchmark_node]: [t= 403.9s] N=20189 RMS(e_y)=0.3266m Max|e_y|=2.6292m RMS(heading)=0.0214rad switches=1 emergency_halts=0 laps=2
[adaptive_controller_manager_node-3] [INFO] [1789387747.203753895] [adaptive_controller_manager]: [status] active=MPC state=RUNNING_MPC | pp: health=ok state=active | mpc: health=ok | v_x=21.76 e_y=0.338 theta=-0.051 | params: stored_v=6 fwd_v=6 pending=no
[adaptive_controller_manager_node-3] [INFO] [1789387749.223675253] [adaptive_controller_manager]: [status] active=MPC state=RUNNING_MPC | pp: health=ok state=active | mpc: health=ok | v_x=20.21 e_y=-0.019 theta=0.002 | params: stored_v=6 fwd_v=6 pending=no
[adaptive_controller_benchmark_node-4] [INFO] [1789387749.344980418] [adaptive_controller_benchmark_node]: [t= 407.9s] N=20389 RMS(e_y)=0.3253m Max|e_y|=2.6292m RMS(heading)=0.0214rad switches=1 emergency_halts=0 laps=2
[adaptive_controller_manager_node-3] [INFO] [1789387751.223722286] [adaptive_controller_manager]: [status] active=MPC state=RUNNING_MPC | pp: health=ok state=active | mpc: health=ok | v_x=19.26 e_y=-0.245 theta=0.014 | params: stored_v=6 fwd_v=6 pending=no
[adaptive_controller_manager_node-3] [INFO] [1789387753.243673543] [adaptive_controller_manager]: [status] active=MPC state=RUNNING_MPC | pp: health=ok state=active | mpc: health=ok | v_x=18.94 e_y=0.053 theta=-0.007 | params: stored_v=6 fwd_v=6 pending=no
[adaptive_controller_benchmark_node-4] [INFO] [1789387753.344824721] [adaptive_controller_benchmark_node]: [t= 411.9s] N=20589 RMS(e_y)=0.3241m Max|e_y|=2.6292m RMS(heading)=0.0214rad switches=1 emergency_halts=0 laps=2
[adaptive_controller_manager_node-3] [INFO] [1789387755.243700801] [adaptive_controller_manager]: [status] active=MPC state=RUNNING_MPC | pp: health=ok state=active | mpc: health=ok | v_x=18.68 e_y=0.254 theta=-0.040 | params: stored_v=6 fwd_v=6 pending=no
[adaptive_controller_manager_node-3] [INFO] [1789387756.960237145] [adaptive_controller_manager]: sysid/update_params: accepted and stored new tire params
[mpc_node-2] [INFO] [1789387756.963727999] [mpc_path_tracking]: tire params updated via mpc/update_params
[mpc_node-2] [INFO] [1789387756.963778865] [mpc_path_tracking]: model check: C_front=17969 N/rad C_rear=17059 N/rad -> understeering, linearization stable at all speeds
[mpc_node-2] [INFO] [1789387756.964011505] [mpc_path_tracking]: loaded 2916 raceline waypoints at speed cap 27.77 m/s, lateral cap 6.50 m/s^2 (0.66 g, identified grip ceiling 19.62 m/s^2 x 0.75 utilization = 14.71, capped by limits.lateral_accel_max 6.50); reference now peaks at 4.98 m/s^2 (0.51 g)
[mpc_node-2] [WARN] [1789387756.964031957] [mpc_path_tracking]: raceline speed profile exceeds limits.speed_max=27.77 m/s at 1343/2916 waypoints (max 27.78 m/s, 1.0x the limit) - clamped. The raceline was optimized for a faster vehicle than this one; regenerate it with v_max=27.77 m/s for a usable speed profile. Raising limits.speed_max only helps if the VEHICLE can really go that fast - the cap must describe the plant, not the ambition.
[adaptive_controller_manager_node-3] [INFO] [1789387757.263723574] [adaptive_controller_manager]: [status] active=MPC state=RUNNING_MPC | pp: health=ok state=active | mpc: health=ok | v_x=21.51 e_y=0.011 theta=-0.012 | params: stored_v=7 fwd_v=7 pending=no
[adaptive_controller_benchmark_node-4] [INFO] [1789387757.344584077] [adaptive_controller_benchmark_node]: [t= 415.9s] N=20789 RMS(e_y)=0.3232m Max|e_y|=2.6292m RMS(heading)=0.0215rad switches=1 emergency_halts=0 laps=2
[adaptive_controller_manager_node-3] [INFO] [1789387759.283671841] [adaptive_controller_manager]: [status] active=MPC state=RUNNING_MPC | pp: health=ok state=active | mpc: health=ok | v_x=25.74 e_y=-0.253 theta=0.044 | params: stored_v=7 fwd_v=7 pending=no
[adaptive_controller_manager_node-3] [INFO] [1789387761.303757588] [adaptive_controller_manager]: [status] active=MPC state=RUNNING_MPC | pp: health=ok state=active | mpc: health=ok | v_x=27.62 e_y=-0.027 theta=0.001 | params: stored_v=7 fwd_v=7 pending=no
[adaptive_controller_benchmark_node-4] [INFO] [1789387761.344697286] [adaptive_controller_benchmark_node]: [t= 419.9s] N=20989 RMS(e_y)=0.3219m Max|e_y|=2.6292m RMS(heading)=0.0215rad switches=1 emergency_halts=0 laps=2
[adaptive_controller_manager_node-3] [INFO] [1789387763.323687318] [adaptive_controller_manager]: [status] active=MPC state=RUNNING_MPC | pp: health=ok state=active | mpc: health=ok | v_x=27.76 e_y=-0.013 theta=-0.000 | params: stored_v=7 fwd_v=7 pending=no
[adaptive_controller_manager_node-3] [INFO] [1789387765.343624030] [adaptive_controller_manager]: [status] active=MPC state=RUNNING_MPC | pp: health=ok state=active | mpc: health=ok | v_x=27.77 e_y=-0.008 theta=-0.001 | params: stored_v=7 fwd_v=7 pending=no
[adaptive_controller_benchmark_node-4] [INFO] [1789387765.344544137] [adaptive_controller_benchmark_node]: [t= 423.9s] N=21189 RMS(e_y)=0.3204m Max|e_y|=2.6292m RMS(heading)=0.0214rad switches=1 emergency_halts=0 laps=2
[adaptive_controller_manager_node-3] [INFO] [1789387767.343657378] [adaptive_controller_manager]: [status] active=MPC state=RUNNING_MPC | pp: health=ok state=active | mpc: health=ok | v_x=27.77 e_y=-0.014 theta=-0.001 | params: stored_v=7 fwd_v=7 pending=no
[adaptive_controller_manager_node-3] [INFO] [1789387769.343683877] [adaptive_controller_manager]: [status] active=MPC state=RUNNING_MPC | pp: health=ok state=active | mpc: health=ok | v_x=27.77 e_y=-0.010 theta=-0.002 | params: stored_v=7 fwd_v=7 pending=no
[adaptive_controller_benchmark_node-4] [INFO] [1789387769.345427035] [adaptive_controller_benchmark_node]: [t= 427.9s] N=21389 RMS(e_y)=0.3189m Max|e_y|=2.6292m RMS(heading)=0.0213rad switches=1 emergency_halts=0 laps=2
[adaptive_controller_manager_node-3] [INFO] [1789387771.363638662] [adaptive_controller_manager]: [status] active=MPC state=RUNNING_MPC | pp: health=ok state=active | mpc: health=ok | v_x=27.31 e_y=0.016 theta=-0.002 | params: stored_v=7 fwd_v=7 pending=no
[adaptive_controller_benchmark_node-4] [INFO] [1789387773.344568584] [adaptive_controller_benchmark_node]: [t= 431.9s] N=21589 RMS(e_y)=0.3175m Max|e_y|=2.6292m RMS(heading)=0.0212rad switches=1 emergency_halts=0 laps=2
[adaptive_controller_manager_node-3] [INFO] [1789387773.383691672] [adaptive_controller_manager]: [status] active=MPC state=RUNNING_MPC | pp: health=ok state=active | mpc: health=ok | v_x=23.32 e_y=0.146 theta=-0.011 | params: stored_v=7 fwd_v=7 pending=no
[adaptive_controller_manager_node-3] [INFO] [1789387775.403670097] [adaptive_controller_manager]: [status] active=MPC state=RUNNING_MPC | pp: health=ok state=active | mpc: health=ok | v_x=18.32 e_y=0.181 theta=-0.016 | params: stored_v=7 fwd_v=7 pending=no
[adaptive_controller_benchmark_node-4] [INFO] [1789387777.344770035] [adaptive_controller_benchmark_node]: [t= 435.9s] N=21789 RMS(e_y)=0.3170m Max|e_y|=2.6292m RMS(heading)=0.0213rad switches=1 emergency_halts=0 laps=2
[adaptive_controller_manager_node-3] [INFO] [1789387777.423693697] [adaptive_controller_manager]: [status] active=MPC state=RUNNING_MPC | pp: health=ok state=active | mpc: health=ok | v_x=20.04 e_y=0.105 theta=-0.014 | params: stored_v=7 fwd_v=7 pending=no
[adaptive_controller_manager_node-3] [INFO] [1789387779.443622891] [adaptive_controller_manager]: [status] active=MPC state=RUNNING_MPC | pp: health=ok state=active | mpc: health=ok | v_x=25.44 e_y=-0.028 theta=0.004 | params: stored_v=7 fwd_v=7 pending=no
[adaptive_controller_benchmark_node-4] [INFO] [1789387781.345385226] [adaptive_controller_benchmark_node]: [t= 439.9s] N=21989 RMS(e_y)=0.3156m Max|e_y|=2.6292m RMS(heading)=0.0212rad switches=1 emergency_halts=0 laps=2
[adaptive_controller_manager_node-3] [INFO] [1789387781.443730914] [adaptive_controller_manager]: [status] active=MPC state=RUNNING_MPC | pp: health=ok state=active | mpc: health=ok | v_x=27.52 e_y=-0.063 theta=0.007 | params: stored_v=7 fwd_v=7 pending=no
[adaptive_controller_manager_node-3] [INFO] [1789387783.463749463] [adaptive_controller_manager]: [status] active=MPC state=RUNNING_MPC | pp: health=ok state=active | mpc: health=ok | v_x=20.06 e_y=0.043 theta=0.001 | params: stored_v=7 fwd_v=7 pending=no
[adaptive_controller_benchmark_node-4] [INFO] [1789387785.344750835] [adaptive_controller_benchmark_node]: [t= 443.9s] N=22189 RMS(e_y)=0.3142m Max|e_y|=2.6292m RMS(heading)=0.0211rad switches=1 emergency_halts=0 laps=2
[adaptive_controller_manager_node-3] [INFO] [1789387785.483671910] [adaptive_controller_manager]: [status] active=MPC state=RUNNING_MPC | pp: health=ok state=active | mpc: health=ok | v_x=11.89 e_y=0.019 theta=0.001 | params: stored_v=7 fwd_v=7 pending=no
[adaptive_controller_manager_node-3] [INFO] [1789387787.483689913] [adaptive_controller_manager]: [status] active=MPC state=RUNNING_MPC | pp: health=ok state=active | mpc: health=ok | v_x=9.64 e_y=-0.419 theta=0.020 | params: stored_v=7 fwd_v=7 pending=no
[adaptive_controller_benchmark_node-4] [INFO] [1789387789.344619211] [adaptive_controller_benchmark_node]: [t= 447.9s] N=22389 RMS(e_y)=0.3150m Max|e_y|=2.6292m RMS(heading)=0.0211rad switches=1 emergency_halts=0 laps=2
[adaptive_controller_manager_node-3] [INFO] [1789387789.483726910] [adaptive_controller_manager]: [status] active=MPC state=RUNNING_MPC | pp: health=ok state=active | mpc: health=ok | v_x=12.41 e_y=-0.066 theta=0.028 | params: stored_v=7 fwd_v=7 pending=no
[adaptive_controller_manager_node-3] [INFO] [1789387791.503766048] [adaptive_controller_manager]: [status] active=MPC state=RUNNING_MPC | pp: health=ok state=active | mpc: health=ok | v_x=13.70 e_y=0.355 theta=-0.028 | params: stored_v=7 fwd_v=7 pending=no
[adaptive_controller_benchmark_node-4] [INFO] [1789387793.344688574] [adaptive_controller_benchmark_node]: [t= 451.9s] N=22589 RMS(e_y)=0.3151m Max|e_y|=2.6292m RMS(heading)=0.0212rad switches=1 emergency_halts=0 laps=2
[adaptive_controller_manager_node-3] [INFO] [1789387793.523726861] [adaptive_controller_manager]: [status] active=MPC state=RUNNING_MPC | pp: health=ok state=active | mpc: health=ok | v_x=20.73 e_y=0.039 theta=-0.011 | params: stored_v=7 fwd_v=7 pending=no
[adaptive_controller_manager_node-3] [INFO] [1789387795.523791641] [adaptive_controller_manager]: [status] active=MPC state=RUNNING_MPC | pp: health=ok state=active | mpc: health=ok | v_x=18.61 e_y=0.155 theta=-0.014 | params: stored_v=7 fwd_v=7 pending=no
[adaptive_controller_benchmark_node-4] [INFO] [1789387797.345197196] [adaptive_controller_benchmark_node]: [t= 455.9s] N=22789 RMS(e_y)=0.3143m Max|e_y|=2.6292m RMS(heading)=0.0212rad switches=1 emergency_halts=0 laps=2
[adaptive_controller_manager_node-3] [INFO] [1789387797.543804504] [adaptive_controller_manager]: [status] active=MPC state=RUNNING_MPC | pp: health=ok state=active | mpc: health=ok | v_x=19.92 e_y=0.087 theta=-0.028 | params: stored_v=7 fwd_v=7 pending=no
[adaptive_controller_manager_node-3] [INFO] [1789387799.563801932] [adaptive_controller_manager]: [status] active=MPC state=RUNNING_MPC | pp: health=ok state=active | mpc: health=ok | v_x=26.46 e_y=-0.052 theta=0.001 | params: stored_v=7 fwd_v=7 pending=no
[adaptive_controller_benchmark_node-4] [INFO] [1789387801.345303925] [adaptive_controller_benchmark_node]: [t= 459.9s] N=22989 RMS(e_y)=0.3129m Max|e_y|=2.6292m RMS(heading)=0.0211rad switches=1 emergency_halts=0 laps=2
[adaptive_controller_manager_node-3] [INFO] [1789387801.563845682] [adaptive_controller_manager]: [status] active=MPC state=RUNNING_MPC | pp: health=ok state=active | mpc: health=ok | v_x=27.61 e_y=-0.030 theta=0.001 | params: stored_v=7 fwd_v=7 pending=no
[adaptive_controller_manager_node-3] [INFO] [1789387803.583854658] [adaptive_controller_manager]: [status] active=MPC state=RUNNING_MPC | pp: health=ok state=active | mpc: health=ok | v_x=27.75 e_y=-0.032 theta=0.000 | params: stored_v=7 fwd_v=7 pending=no
[adaptive_controller_benchmark_node-4] [INFO] [1789387805.344915178] [adaptive_controller_benchmark_node]: [t= 463.9s] N=23189 RMS(e_y)=0.3116m Max|e_y|=2.6292m RMS(heading)=0.0210rad switches=1 emergency_halts=0 laps=3
[adaptive_controller_manager_node-3] [INFO] [1789387805.603821010] [adaptive_controller_manager]: [status] active=MPC state=RUNNING_MPC | pp: health=ok state=active | mpc: health=ok | v_x=25.35 e_y=0.015 theta=0.001 | params: stored_v=7 fwd_v=7 pending=no
[adaptive_controller_manager_node-3] [INFO] [1789387807.603866854] [adaptive_controller_manager]: [status] active=MPC state=RUNNING_MPC | pp: health=ok state=active | mpc: health=ok | v_x=19.83 e_y=0.062 theta=-0.004 | params: stored_v=7 fwd_v=7 pending=no
[adaptive_controller_benchmark_node-4] [INFO] [1789387809.345307112] [adaptive_controller_benchmark_node]: [t= 467.9s] N=23389 RMS(e_y)=0.3105m Max|e_y|=2.6292m RMS(heading)=0.0210rad switches=1 emergency_halts=0 laps=3
[adaptive_controller_manager_node-3] [INFO] [1789387809.623919148] [adaptive_controller_manager]: [status] active=MPC state=RUNNING_MPC | pp: health=ok state=active | mpc: health=ok | v_x=20.41 e_y=0.272 theta=-0.037 | params: stored_v=7 fwd_v=7 pending=no
[adaptive_controller_manager_node-3] [INFO] [1789387811.643916567] [adaptive_controller_manager]: [status] active=MPC state=RUNNING_MPC | pp: health=ok state=active | mpc: health=ok | v_x=25.39 e_y=-0.016 theta=-0.005 | params: stored_v=7 fwd_v=7 pending=no
[adaptive_controller_benchmark_node-4] [INFO] [1789387813.345857736] [adaptive_controller_benchmark_node]: [t= 471.9s] N=23589 RMS(e_y)=0.3094m Max|e_y|=2.6292m RMS(heading)=0.0210rad switches=1 emergency_halts=0 laps=3
[adaptive_controller_manager_node-3] [INFO] [1789387813.663861155] [adaptive_controller_manager]: [status] active=MPC state=RUNNING_MPC | pp: health=ok state=active | mpc: health=ok | v_x=26.62 e_y=-0.155 theta=0.023 | params: stored_v=7 fwd_v=7 pending=no
[adaptive_controller_manager_node-3] [INFO] [1789387815.683837530] [adaptive_controller_manager]: [status] active=MPC state=RUNNING_MPC | pp: health=ok state=active | mpc: health=ok | v_x=27.51 e_y=-0.137 theta=0.023 | params: stored_v=7 fwd_v=7 pending=no
[adaptive_controller_benchmark_node-4] [INFO] [1789387817.345169462] [adaptive_controller_benchmark_node]: [t= 475.9s] N=23789 RMS(e_y)=0.3085m Max|e_y|=2.6292m RMS(heading)=0.0210rad switches=1 emergency_halts=0 laps=3
[adaptive_controller_manager_node-3] [INFO] [1789387817.683903605] [adaptive_controller_manager]: [status] active=MPC state=RUNNING_MPC | pp: health=ok state=active | mpc: health=ok | v_x=22.55 e_y=0.019 theta=0.001 | params: stored_v=7 fwd_v=7 pending=no
[adaptive_controller_manager_node-3] [INFO] [1789387819.704020864] [adaptive_controller_manager]: [status] active=MPC state=RUNNING_MPC | pp: health=ok state=active | mpc: health=ok | v_x=14.86 e_y=0.264 theta=0.003 | params: stored_v=7 fwd_v=7 pending=no
[adaptive_controller_benchmark_node-4] [INFO] [1789387821.344822016] [adaptive_controller_benchmark_node]: [t= 479.9s] N=23989 RMS(e_y)=0.3080m Max|e_y|=2.6292m RMS(heading)=0.0209rad switches=1 emergency_halts=0 laps=3
[adaptive_controller_manager_node-3] [INFO] [1789387821.723928701] [adaptive_controller_manager]: [status] active=MPC state=RUNNING_MPC | pp: health=ok state=active | mpc: health=ok | v_x=12.10 e_y=0.536 theta=-0.058 | params: stored_v=7 fwd_v=7 pending=no
[adaptive_controller_manager_node-3] [INFO] [1789387823.723948812] [adaptive_controller_manager]: [status] active=MPC state=RUNNING_MPC | pp: health=ok state=active | mpc: health=ok | v_x=11.20 e_y=0.037 theta=-0.001 | params: stored_v=7 fwd_v=7 pending=no
[adaptive_controller_benchmark_node-4] [INFO] [1789387825.344924860] [adaptive_controller_benchmark_node]: [t= 483.9s] N=24189 RMS(e_y)=0.3076m Max|e_y|=2.6292m RMS(heading)=0.0209rad switches=1 emergency_halts=0 laps=3
[adaptive_controller_manager_node-3] [INFO] [1789387825.743981444] [adaptive_controller_manager]: [status] active=MPC state=RUNNING_MPC | pp: health=ok state=active | mpc: health=ok | v_x=11.12 e_y=-0.175 theta=-0.016 | params: stored_v=7 fwd_v=7 pending=no
[adaptive_controller_manager_node-3] [INFO] [1789387827.744052325] [adaptive_controller_manager]: [status] active=MPC state=RUNNING_MPC | pp: health=ok state=active | mpc: health=ok | v_x=11.10 e_y=-0.563 theta=-0.014 | params: stored_v=7 fwd_v=7 pending=no
[adaptive_controller_benchmark_node-4] [INFO] [1789387829.344914868] [adaptive_controller_benchmark_node]: [t= 487.9s] N=24389 RMS(e_y)=0.3089m Max|e_y|=2.6292m RMS(heading)=0.0209rad switches=1 emergency_halts=0 laps=3
[adaptive_controller_manager_node-3] [INFO] [1789387829.763988246] [adaptive_controller_manager]: [status] active=MPC state=RUNNING_MPC | pp: health=ok state=active | mpc: health=ok | v_x=14.58 e_y=-0.102 theta=0.014 | params: stored_v=7 fwd_v=7 pending=no
[adaptive_controller_manager_node-3] [INFO] [1789387831.763999313] [adaptive_controller_manager]: [status] active=MPC state=RUNNING_MPC | pp: health=ok state=active | mpc: health=ok | v_x=18.72 e_y=-0.036 theta=0.008 | params: stored_v=7 fwd_v=7 pending=no
[adaptive_controller_benchmark_node-4] [INFO] [1789387833.344895649] [adaptive_controller_benchmark_node]: [t= 491.9s] N=24589 RMS(e_y)=0.3078m Max|e_y|=2.6292m RMS(heading)=0.0209rad switches=1 emergency_halts=0 laps=3
[adaptive_controller_manager_node-3] [INFO] [1789387833.764008419] [adaptive_controller_manager]: [status] active=MPC state=RUNNING_MPC | pp: health=ok state=active | mpc: health=ok | v_x=18.91 e_y=-0.253 theta=0.005 | params: stored_v=7 fwd_v=7 pending=no
[adaptive_controller_manager_node-3] [INFO] [1789387835.764043966] [adaptive_controller_manager]: [status] active=MPC state=RUNNING_MPC | pp: health=ok state=active | mpc: health=ok | v_x=24.01 e_y=-0.028 theta=0.001 | params: stored_v=7 fwd_v=7 pending=no
[adaptive_controller_benchmark_node-4] [INFO] [1789387837.345066384] [adaptive_controller_benchmark_node]: [t= 495.9s] N=24789 RMS(e_y)=0.3070m Max|e_y|=2.6292m RMS(heading)=0.0208rad switches=1 emergency_halts=0 laps=3
[adaptive_controller_manager_node-3] [INFO] [1789387837.764058167] [adaptive_controller_manager]: [status] active=MPC state=RUNNING_MPC | pp: health=ok state=active | mpc: health=ok | v_x=27.47 e_y=-0.024 theta=0.000 | params: stored_v=7 fwd_v=7 pending=no
[adaptive_controller_manager_node-3] [INFO] [1789387839.784430927] [adaptive_controller_manager]: [status] active=MPC state=RUNNING_MPC | pp: health=ok state=active | mpc: health=ok | v_x=27.75 e_y=-0.009 theta=-0.001 | params: stored_v=7 fwd_v=7 pending=no
[adaptive_controller_benchmark_node-4] [INFO] [1789387841.345446144] [adaptive_controller_benchmark_node]: [t= 499.9s] N=24989 RMS(e_y)=0.3058m Max|e_y|=2.6292m RMS(heading)=0.0208rad switches=1 emergency_halts=0 laps=3
[adaptive_controller_manager_node-3] [INFO] [1789387841.804123578] [adaptive_controller_manager]: [status] active=MPC state=RUNNING_MPC | pp: health=ok state=active | mpc: health=ok | v_x=27.77 e_y=-0.011 theta=0.001 | params: stored_v=7 fwd_v=7 pending=no
[adaptive_controller_manager_node-3] [INFO] [1789387843.804186908] [adaptive_controller_manager]: [status] active=MPC state=RUNNING_MPC | pp: health=ok state=active | mpc: health=ok | v_x=27.77 e_y=-0.011 theta=-0.001 | params: stored_v=7 fwd_v=7 pending=no
[adaptive_controller_benchmark_node-4] [INFO] [1789387845.345848519] [adaptive_controller_benchmark_node]: [t= 503.9s] N=25189 RMS(e_y)=0.3045m Max|e_y|=2.6292m RMS(heading)=0.0207rad switches=1 emergency_halts=0 laps=3
[adaptive_controller_manager_node-3] [INFO] [1789387845.804224373] [adaptive_controller_manager]: [status] active=MPC state=RUNNING_MPC | pp: health=ok state=active | mpc: health=ok | v_x=23.12 e_y=0.014 theta=-0.001 | params: stored_v=7 fwd_v=7 pending=no
[adaptive_controller_manager_node-3] [INFO] [1789387847.824126724] [adaptive_controller_manager]: [status] active=MPC state=RUNNING_MPC | pp: health=ok state=active | mpc: health=ok | v_x=18.96 e_y=-0.381 theta=0.019 | params: stored_v=7 fwd_v=7 pending=no
[adaptive_controller_benchmark_node-4] [INFO] [1789387849.345067770] [adaptive_controller_benchmark_node]: [t= 507.9s] N=25389 RMS(e_y)=0.3039m Max|e_y|=2.6292m RMS(heading)=0.0207rad switches=1 emergency_halts=0 laps=3
[adaptive_controller_manager_node-3] [INFO] [1789387849.824172024] [adaptive_controller_manager]: [status] active=MPC state=RUNNING_MPC | pp: health=ok state=active | mpc: health=ok | v_x=14.38 e_y=-0.515 theta=0.013 | params: stored_v=7 fwd_v=7 pending=no
[adaptive_controller_manager_node-3] [INFO] [1789387851.824228002] [adaptive_controller_manager]: [status] active=MPC state=RUNNING_MPC | pp: health=ok state=active | mpc: health=ok | v_x=16.42 e_y=0.025 theta=0.004 | params: stored_v=7 fwd_v=7 pending=no
[adaptive_controller_benchmark_node-4] [INFO] [1789387853.345442054] [adaptive_controller_benchmark_node]: [t= 511.9s] N=25589 RMS(e_y)=0.3039m Max|e_y|=2.6292m RMS(heading)=0.0207rad switches=1 emergency_halts=0 laps=3
[adaptive_controller_manager_node-3] [INFO] [1789387853.824257672] [adaptive_controller_manager]: [status] active=MPC state=RUNNING_MPC | pp: health=ok state=active | mpc: health=ok | v_x=15.68 e_y=0.345 theta=-0.042 | params: stored_v=7 fwd_v=7 pending=no
[adaptive_controller_manager_node-3] [INFO] [1789387855.824337216] [adaptive_controller_manager]: [status] active=MPC state=RUNNING_MPC | pp: health=ok state=active | mpc: health=ok | v_x=16.07 e_y=0.392 theta=-0.028 | params: stored_v=7 fwd_v=7 pending=no
[adaptive_controller_benchmark_node-4] [INFO] [1789387857.345575492] [adaptive_controller_benchmark_node]: [t= 515.9s] N=25789 RMS(e_y)=0.3045m Max|e_y|=2.6292m RMS(heading)=0.0208rad switches=1 emergency_halts=0 laps=3
[adaptive_controller_manager_node-3] [INFO] [1789387857.844324180] [adaptive_controller_manager]: [status] active=MPC state=RUNNING_MPC | pp: health=ok state=active | mpc: health=ok | v_x=17.41 e_y=0.227 theta=-0.034 | params: stored_v=7 fwd_v=7 pending=no
[adaptive_controller_manager_node-3] [INFO] [1789387859.844340332] [adaptive_controller_manager]: [status] active=MPC state=RUNNING_MPC | pp: health=ok state=active | mpc: health=ok | v_x=22.94 e_y=-0.036 theta=-0.002 | params: stored_v=7 fwd_v=7 pending=no
[adaptive_controller_benchmark_node-4] [INFO] [1789387861.345407239] [adaptive_controller_benchmark_node]: [t= 519.9s] N=25989 RMS(e_y)=0.3035m Max|e_y|=2.6292m RMS(heading)=0.0207rad switches=1 emergency_halts=0 laps=3
[adaptive_controller_manager_node-3] [INFO] [1789387861.844440842] [adaptive_controller_manager]: [status] active=MPC state=RUNNING_MPC | pp: health=ok state=active | mpc: health=ok | v_x=27.37 e_y=0.084 theta=-0.018 | params: stored_v=7 fwd_v=7 pending=no
[adaptive_controller_manager_node-3] [INFO] [1789387863.864304310] [adaptive_controller_manager]: [status] active=MPC state=RUNNING_MPC | pp: health=ok state=active | mpc: health=ok | v_x=27.74 e_y=0.199 theta=-0.025 | params: stored_v=7 fwd_v=7 pending=no
[adaptive_controller_benchmark_node-4] [INFO] [1789387865.345471438] [adaptive_controller_benchmark_node]: [t= 523.9s] N=26189 RMS(e_y)=0.3024m Max|e_y|=2.6292m RMS(heading)=0.0207rad switches=1 emergency_halts=0 laps=3
[adaptive_controller_manager_node-3] [INFO] [1789387865.864310163] [adaptive_controller_manager]: [status] active=MPC state=RUNNING_MPC | pp: health=ok state=active | mpc: health=ok | v_x=27.76 e_y=-0.000 theta=-0.005 | params: stored_v=7 fwd_v=7 pending=no
[adaptive_controller_manager_node-3] [INFO] [1789387867.864434311] [adaptive_controller_manager]: [status] active=MPC state=RUNNING_MPC | pp: health=ok state=active | mpc: health=ok | v_x=27.77 e_y=-0.011 theta=-0.001 | params: stored_v=7 fwd_v=7 pending=no
[adaptive_controller_benchmark_node-4] [INFO] [1789387869.345541513] [adaptive_controller_benchmark_node]: [t= 527.9s] N=26389 RMS(e_y)=0.3013m Max|e_y|=2.6292m RMS(heading)=0.0207rad switches=1 emergency_halts=0 laps=3
[adaptive_controller_manager_node-3] [INFO] [1789387869.864519369] [adaptive_controller_manager]: [status] active=MPC state=RUNNING_MPC | pp: health=ok state=active | mpc: health=ok | v_x=27.77 e_y=-0.012 theta=-0.001 | params: stored_v=7 fwd_v=7 pending=no
[adaptive_controller_manager_node-3] [INFO] [1789387871.884489896] [adaptive_controller_manager]: [status] active=MPC state=RUNNING_MPC | pp: health=ok state=active | mpc: health=ok | v_x=26.14 e_y=0.015 theta=0.000 | params: stored_v=7 fwd_v=7 pending=no
[adaptive_controller_benchmark_node-4] [INFO] [1789387873.345595197] [adaptive_controller_benchmark_node]: [t= 531.9s] N=26589 RMS(e_y)=0.3002m Max|e_y|=2.6292m RMS(heading)=0.0206rad switches=1 emergency_halts=0 laps=3
[adaptive_controller_manager_node-3] [INFO] [1789387873.904540871] [adaptive_controller_manager]: [status] active=MPC state=RUNNING_MPC | pp: health=ok state=active | mpc: health=ok | v_x=21.62 e_y=0.138 theta=-0.025 | params: stored_v=7 fwd_v=7 pending=no
[adaptive_controller_manager_node-3] [INFO] [1789387875.924654910] [adaptive_controller_manager]: [status] active=MPC state=RUNNING_MPC | pp: health=ok state=active | mpc: health=ok | v_x=22.44 e_y=0.159 theta=-0.014 | params: stored_v=7 fwd_v=7 pending=no
[adaptive_controller_benchmark_node-4] [INFO] [1789387877.345404465] [adaptive_controller_benchmark_node]: [t= 535.9s] N=26789 RMS(e_y)=0.2996m Max|e_y|=2.6292m RMS(heading)=0.0206rad switches=1 emergency_halts=0 laps=3
[adaptive_controller_manager_node-3] [INFO] [1789387877.944558100] [adaptive_controller_manager]: [status] active=MPC state=RUNNING_MPC | pp: health=ok state=active | mpc: health=ok | v_x=26.96 e_y=0.029 theta=-0.014 | params: stored_v=7 fwd_v=7 pending=no
[adaptive_controller_manager_node-3] [INFO] [1789387879.944735251] [adaptive_controller_manager]: [status] active=MPC state=RUNNING_MPC | pp: health=ok state=active | mpc: health=ok | v_x=27.71 e_y=-0.006 theta=-0.005 | params: stored_v=7 fwd_v=7 pending=no
[adaptive_controller_benchmark_node-4] [INFO] [1789387881.345578780] [adaptive_controller_benchmark_node]: [t= 539.9s] N=26989 RMS(e_y)=0.2985m Max|e_y|=2.6292m RMS(heading)=0.0206rad switches=1 emergency_halts=0 laps=3
[adaptive_controller_manager_node-3] [INFO] [1789387881.944759742] [adaptive_controller_manager]: [status] active=MPC state=RUNNING_MPC | pp: health=ok state=active | mpc: health=ok | v_x=27.77 e_y=-0.011 theta=-0.002 | params: stored_v=7 fwd_v=7 pending=no
[adaptive_controller_manager_node-3] [INFO] [1789387883.964582633] [adaptive_controller_manager]: [status] active=MPC state=RUNNING_MPC | pp: health=ok state=active | mpc: health=ok | v_x=27.73 e_y=-0.062 theta=0.005 | params: stored_v=7 fwd_v=7 pending=no
[adaptive_controller_benchmark_node-4] [INFO] [1789387885.346005019] [adaptive_controller_benchmark_node]: [t= 543.9s] N=27189 RMS(e_y)=0.2975m Max|e_y|=2.6292m RMS(heading)=0.0205rad switches=1 emergency_halts=0 laps=3
[adaptive_controller_manager_node-3] [INFO] [1789387885.964723906] [adaptive_controller_manager]: [status] active=MPC state=RUNNING_MPC | pp: health=ok state=active | mpc: health=ok | v_x=22.53 e_y=0.134 theta=-0.005 | params: stored_v=7 fwd_v=7 pending=no
[adaptive_controller_manager_node-3] [INFO] [1789387887.984715038] [adaptive_controller_manager]: [status] active=MPC state=RUNNING_MPC | pp: health=ok state=active | mpc: health=ok | v_x=22.45 e_y=0.166 theta=-0.022 | params: stored_v=7 fwd_v=7 pending=no
[adaptive_controller_benchmark_node-4] [INFO] [1789387889.345897690] [adaptive_controller_benchmark_node]: [t= 547.9s] N=27389 RMS(e_y)=0.2968m Max|e_y|=2.6292m RMS(heading)=0.0205rad switches=1 emergency_halts=0 laps=3
[adaptive_controller_manager_node-3] [INFO] [1789387889.984755270] [adaptive_controller_manager]: [status] active=MPC state=RUNNING_MPC | pp: health=ok state=active | mpc: health=ok | v_x=19.21 e_y=-0.103 theta=0.002 | params: stored_v=7 fwd_v=7 pending=no
[adaptive_controller_manager_node-3] [INFO] [1789387891.984757908] [adaptive_controller_manager]: [status] active=MPC state=RUNNING_MPC | pp: health=ok state=active | mpc: health=ok | v_x=19.07 e_y=-0.207 theta=0.046 | params: stored_v=7 fwd_v=7 pending=no
[adaptive_controller_benchmark_node-4] [INFO] [1789387893.345967546] [adaptive_controller_benchmark_node]: [t= 551.9s] N=27589 RMS(e_y)=0.2962m Max|e_y|=2.6292m RMS(heading)=0.0205rad switches=1 emergency_halts=0 laps=3
[adaptive_controller_manager_node-3] [INFO] [1789387893.984802440] [adaptive_controller_manager]: [status] active=MPC state=RUNNING_MPC | pp: health=ok state=active | mpc: health=ok | v_x=18.92 e_y=0.376 theta=-0.016 | params: stored_v=7 fwd_v=7 pending=no
[adaptive_controller_manager_node-3] [INFO] [1789387895.984876173] [adaptive_controller_manager]: [status] active=MPC state=RUNNING_MPC | pp: health=ok state=active | mpc: health=ok | v_x=19.51 e_y=0.277 theta=-0.032 | params: stored_v=7 fwd_v=7 pending=no
[adaptive_controller_benchmark_node-4] [INFO] [1789387897.346421733] [adaptive_controller_benchmark_node]: [t= 555.9s] N=27789 RMS(e_y)=0.2959m Max|e_y|=2.6292m RMS(heading)=0.0206rad switches=1 emergency_halts=0 laps=3
[adaptive_controller_manager_node-3] [INFO] [1789387897.984879806] [adaptive_controller_manager]: [status] active=MPC state=RUNNING_MPC | pp: health=ok state=active | mpc: health=ok | v_x=22.97 e_y=-0.018 theta=-0.001 | params: stored_v=7 fwd_v=7 pending=no
[adaptive_controller_manager_node-3] [INFO] [1789387899.984898747] [adaptive_controller_manager]: [status] active=MPC state=RUNNING_MPC | pp: health=ok state=active | mpc: health=ok | v_x=27.07 e_y=-0.149 theta=0.012 | params: stored_v=7 fwd_v=7 pending=no
[adaptive_controller_benchmark_node-4] [INFO] [1789387901.346949793] [adaptive_controller_benchmark_node]: [t= 559.9s] N=27989 RMS(e_y)=0.2951m Max|e_y|=2.6292m RMS(heading)=0.0206rad switches=1 emergency_halts=0 laps=3
[adaptive_controller_manager_node-3] [INFO] [1789387901.985039432] [adaptive_controller_manager]: [status] active=MPC state=RUNNING_MPC | pp: health=ok state=active | mpc: health=ok | v_x=27.71 e_y=-0.016 theta=-0.000 | params: stored_v=7 fwd_v=7 pending=no
[adaptive_controller_manager_node-3] [INFO] [1789387903.985060028] [adaptive_controller_manager]: [status] active=MPC state=RUNNING_MPC | pp: health=ok state=active | mpc: health=ok | v_x=27.77 e_y=-0.014 theta=0.000 | params: stored_v=7 fwd_v=7 pending=no
[adaptive_controller_benchmark_node-4] [INFO] [1789387905.346309074] [adaptive_controller_benchmark_node]: [t= 563.9s] N=28189 RMS(e_y)=0.2940m Max|e_y|=2.6292m RMS(heading)=0.0205rad switches=1 emergency_halts=0 laps=3
[adaptive_controller_manager_node-3] [INFO] [1789387906.005010976] [adaptive_controller_manager]: [status] active=MPC state=RUNNING_MPC | pp: health=ok state=active | mpc: health=ok | v_x=27.77 e_y=-0.018 theta=-0.000 | params: stored_v=7 fwd_v=7 pending=no
[adaptive_controller_manager_node-3] [INFO] [1789387908.005054300] [adaptive_controller_manager]: [status] active=MPC state=RUNNING_MPC | pp: health=ok state=active | mpc: health=ok | v_x=27.77 e_y=-0.015 theta=-0.001 | params: stored_v=7 fwd_v=7 pending=no
[WARNING] [launch]: user interrupted with ctrl-c (SIGINT)
[adaptive_controller_benchmark_node-4] [INFO] [1789387909.346106187] [adaptive_controller_benchmark_node]: [t= 567.9s] N=28389 RMS(e_y)=0.2930m Max|e_y|=2.6292m RMS(heading)=0.0204rad switches=1 emergency_halts=0 laps=3
[adaptive_controller_manager_node-3] [INFO] [1789387910.005098294] [adaptive_controller_manager]: [status] active=MPC state=RUNNING_MPC | pp: health=ok state=active | mpc: health=ok | v_x=27.77 e_y=-0.006 theta=-0.002 | params: stored_v=7 fwd_v=7 pending=no
[adaptive_controller_manager_node-3] [INFO] [1789387912.005105191] [adaptive_controller_manager]: [status] active=MPC state=RUNNING_MPC | pp: health=ok state=active | mpc: health=ok | v_x=25.99 e_y=0.056 theta=-0.006 | params: stored_v=7 fwd_v=7 pending=no
[adaptive_controller_benchmark_node-4] [INFO] [1789387913.346346627] [adaptive_controller_benchmark_node]: [t= 571.9s] N=28589 RMS(e_y)=0.2920m Max|e_y|=2.6292m RMS(heading)=0.0204rad switches=1 emergency_halts=0 laps=3
[adaptive_controller_manager_node-3] [INFO] [1789387914.005165788] [adaptive_controller_manager]: [status] active=MPC state=RUNNING_MPC | pp: health=ok state=active | mpc: health=ok | v_x=19.89 e_y=0.173 theta=-0.014 | params: stored_v=7 fwd_v=7 pending=no
[ERROR] [adaptive_controller_benchmark_node-4]: process[adaptive_controller_benchmark_node-4] failed to terminate '5' seconds after receiving 'SIGINT', escalating to 'SIGTERM'
[ERROR] [adaptive_controller_manager_node-3]: process[adaptive_controller_manager_node-3] failed to terminate '5' seconds after receiving 'SIGINT', escalating to 'SIGTERM'
[ERROR] [mpc_node-2]: process[mpc_node-2] failed to terminate '5' seconds after receiving 'SIGINT', escalating to 'SIGTERM'
[ERROR] [pure_pursuit_node.py-1]: process[pure_pursuit_node.py-1] failed to terminate '5' seconds after receiving 'SIGINT', escalating to 'SIGTERM'
[INFO] [adaptive_controller_benchmark_node-4]: sending signal 'SIGTERM' to process[adaptive_controller_benchmark_node-4]
[INFO] [adaptive_controller_manager_node-3]: sending signal 'SIGTERM' to process[adaptive_controller_manager_node-3]
[INFO] [mpc_node-2]: sending signal 'SIGTERM' to process[mpc_node-2]
[INFO] [pure_pursuit_node.py-1]: sending signal 'SIGTERM' to process[pure_pursuit_node.py-1]
[mpc_node-2] [INFO] [1789387914.218147792] [rclcpp]: signal_handler(SIGINT/SIGTERM)
[pure_pursuit_node.py-1] RUNNING PURE-PURSUIT CODE.... 
[pure_pursuit_node.py-1] 
[pure_pursuit_node.py-1] 
[pure_pursuit_node.py-1] Traceback (most recent call last):
[pure_pursuit_node.py-1]   File "/home/ebrahim/Ebrahim_Master_Thesis_repo/install/pure_pursuit/lib/pure_pursuit/pure_pursuit_node.py", line 551, in main
[pure_pursuit_node.py-1]     rclpy.spin(node)
[pure_pursuit_node.py-1]   File "/opt/ros/humble/local/lib/python3.10/dist-packages/rclpy/__init__.py", line 229, in spin
[pure_pursuit_node.py-1]     executor.spin_once()
[pure_pursuit_node.py-1]   File "/opt/ros/humble/local/lib/python3.10/dist-packages/rclpy/executors.py", line 808, in spin_once
[pure_pursuit_node.py-1]     self._spin_once_impl(timeout_sec)
[pure_pursuit_node.py-1]   File "/opt/ros/humble/local/lib/python3.10/dist-packages/rclpy/executors.py", line 797, in _spin_once_impl
[pure_pursuit_node.py-1]     handler, entity, node = self.wait_for_ready_callbacks(timeout_sec=timeout_sec)
[pure_pursuit_node.py-1]   File "/opt/ros/humble/local/lib/python3.10/dist-packages/rclpy/executors.py", line 780, in wait_for_ready_callbacks
[pure_pursuit_node.py-1]     return next(self._cb_iter)
[pure_pursuit_node.py-1]   File "/opt/ros/humble/local/lib/python3.10/dist-packages/rclpy/executors.py", line 681, in _wait_for_ready_callbacks
[pure_pursuit_node.py-1]     raise ExternalShutdownException()
[pure_pursuit_node.py-1] rclpy.executors.ExternalShutdownException
[pure_pursuit_node.py-1] 
[pure_pursuit_node.py-1] During handling of the above exception, another exception occurred:
[pure_pursuit_node.py-1] 
[pure_pursuit_node.py-1] Traceback (most recent call last):
[pure_pursuit_node.py-1]   File "/home/ebrahim/Ebrahim_Master_Thesis_repo/install/pure_pursuit/lib/pure_pursuit/pure_pursuit_node.py", line 560, in <module>
[pure_pursuit_node.py-1]     main()
[pure_pursuit_node.py-1]   File "/home/ebrahim/Ebrahim_Master_Thesis_repo/install/pure_pursuit/lib/pure_pursuit/pure_pursuit_node.py", line 556, in main
[pure_pursuit_node.py-1]     rclpy.shutdown()
[pure_pursuit_node.py-1]   File "/opt/ros/humble/local/lib/python3.10/dist-packages/rclpy/__init__.py", line 130, in shutdown
[pure_pursuit_node.py-1]     _shutdown(context=context)
[pure_pursuit_node.py-1]   File "/opt/ros/humble/local/lib/python3.10/dist-packages/rclpy/utilities.py", line 58, in shutdown
[pure_pursuit_node.py-1]     return context.shutdown()
[pure_pursuit_node.py-1]   File "/opt/ros/humble/local/lib/python3.10/dist-packages/rclpy/context.py", line 102, in shutdown
[pure_pursuit_node.py-1]     self.__context.shutdown()
[pure_pursuit_node.py-1] rclpy._rclpy_pybind11.RCLError: failed to shutdown: rcl_shutdown already called on the given context, at ./src/rcl/init.c:241
[INFO] [mpc_node-2]: process has finished cleanly [pid 18887]
[INFO] [adaptive_controller_manager_node-3]: process has finished cleanly [pid 18889]
[ERROR] [pure_pursuit_node.py-1]: process has died [pid 18885, exit code 1, cmd '/home/ebrahim/Ebrahim_Master_Thesis_repo/install/pure_pursuit/lib/pure_pursuit/pure_pursuit_node.py --ros-args -r __node:=pure_pursuit --params-file /home/ebrahim/Ebrahim_Master_Thesis_repo/install/pure_pursuit/share/pure_pursuit/config/pure_pursuit.yaml --params-file /tmp/launch_params_yxvl9hzw'].
[adaptive_controller_benchmark_node-4] [INFO] [1789387917.352618522] [adaptive_controller_benchmark_node]: Benchmark plots saved to: /home/ebrahim/Ebrahim_Master_Thesis_repo/graphs/control/Baseline-NN-MSE
[adaptive_controller_benchmark_node-4] Failed to publish log message to rosout: publisher's context is invalid, at ./src/rcl/publisher.c:389
[adaptive_controller_benchmark_node-4] Traceback (most recent call last):
[adaptive_controller_benchmark_node-4]   File "/home/ebrahim/Ebrahim_Master_Thesis_repo/build/adaptive_controller_benchmark/adaptive_controller_benchmark/adaptive_controller_benchmark_node.py", line 781, in main
[adaptive_controller_benchmark_node-4]     rclpy.spin(node)
[adaptive_controller_benchmark_node-4]   File "/opt/ros/humble/local/lib/python3.10/dist-packages/rclpy/__init__.py", line 229, in spin
[adaptive_controller_benchmark_node-4]     executor.spin_once()
[adaptive_controller_benchmark_node-4]   File "/opt/ros/humble/local/lib/python3.10/dist-packages/rclpy/executors.py", line 808, in spin_once
[adaptive_controller_benchmark_node-4]     self._spin_once_impl(timeout_sec)
[adaptive_controller_benchmark_node-4]   File "/opt/ros/humble/local/lib/python3.10/dist-packages/rclpy/executors.py", line 797, in _spin_once_impl
[adaptive_controller_benchmark_node-4]     handler, entity, node = self.wait_for_ready_callbacks(timeout_sec=timeout_sec)
[adaptive_controller_benchmark_node-4]   File "/opt/ros/humble/local/lib/python3.10/dist-packages/rclpy/executors.py", line 780, in wait_for_ready_callbacks
[adaptive_controller_benchmark_node-4]     return next(self._cb_iter)
[adaptive_controller_benchmark_node-4]   File "/opt/ros/humble/local/lib/python3.10/dist-packages/rclpy/executors.py", line 681, in _wait_for_ready_callbacks
[adaptive_controller_benchmark_node-4]     raise ExternalShutdownException()
[adaptive_controller_benchmark_node-4] rclpy.executors.ExternalShutdownException
[adaptive_controller_benchmark_node-4] 
[adaptive_controller_benchmark_node-4] During handling of the above exception, another exception occurred:
[adaptive_controller_benchmark_node-4] 
[adaptive_controller_benchmark_node-4] Traceback (most recent call last):
[adaptive_controller_benchmark_node-4]   File "/home/ebrahim/Ebrahim_Master_Thesis_repo/install/adaptive_controller_benchmark/lib/adaptive_controller_benchmark/adaptive_controller_benchmark_node", line 33, in <module>
[adaptive_controller_benchmark_node-4]     sys.exit(load_entry_point('adaptive-controller-benchmark', 'console_scripts', 'adaptive_controller_benchmark_node')())
[adaptive_controller_benchmark_node-4]   File "/home/ebrahim/Ebrahim_Master_Thesis_repo/build/adaptive_controller_benchmark/adaptive_controller_benchmark/adaptive_controller_benchmark_node.py", line 786, in main
[adaptive_controller_benchmark_node-4]     rclpy.shutdown()
[adaptive_controller_benchmark_node-4]   File "/opt/ros/humble/local/lib/python3.10/dist-packages/rclpy/__init__.py", line 130, in shutdown
[adaptive_controller_benchmark_node-4]     _shutdown(context=context)
[adaptive_controller_benchmark_node-4]   File "/opt/ros/humble/local/lib/python3.10/dist-packages/rclpy/utilities.py", line 58, in shutdown
[adaptive_controller_benchmark_node-4]     return context.shutdown()
[adaptive_controller_benchmark_node-4]   File "/opt/ros/humble/local/lib/python3.10/dist-packages/rclpy/context.py", line 102, in shutdown
[adaptive_controller_benchmark_node-4]     self.__context.shutdown()
[adaptive_controller_benchmark_node-4] rclpy._rclpy_pybind11.RCLError: failed to shutdown: rcl_shutdown already called on the given context, at ./src/rcl/init.c:241
[ERROR] [adaptive_controller_benchmark_node-4]: process has died [pid 18891, exit code 1, cmd '/home/ebrahim/Ebrahim_Master_Thesis_repo/install/adaptive_controller_benchmark/lib/adaptive_controller_benchmark/adaptive_controller_benchmark_node --ros-args -r __node:=adaptive_controller_benchmark_node --params-file /home/ebrahim/Ebrahim_Master_Thesis_repo/install/adaptive_controller_benchmark/share/adaptive_controller_benchmark/config/benchmark_config.yaml --params-file /tmp/launch_params_skf9ud_i'].
