[INFO] [launch]: All log files can be found below /home/ebrahim/.ros/log/2026-09-06-19-43-02-352443-ebrahim-msi-9437
[INFO] [launch]: Default logging verbosity is set to INFO
[INFO] [pure_pursuit_node.py-1]: process started with pid [9479]
[INFO] [mpc_node-2]: process started with pid [9481]
[INFO] [adaptive_controller_manager_node-3]: process started with pid [9483]
[INFO] [adaptive_controller_benchmark_node-4]: process started with pid [9485]
[mpc_node-2] [INFO] [1788712982.539665581] [mpc_path_tracking]: ╔══════════════════════════════════════════════════════════════╗
[mpc_node-2] [INFO] [1788712982.539771538] [mpc_path_tracking]: ║          MPC PATH TRACKING — LOADED PARAMETERS              ║
[mpc_node-2] [INFO] [1788712982.539786237] [mpc_path_tracking]: ╚══════════════════════════════════════════════════════════════╝
[mpc_node-2] [INFO] [1788712982.539795701] [mpc_path_tracking]: ──── Topics ────
[mpc_node-2] [INFO] [1788712982.539805481] [mpc_path_tracking]:   odom_topic                : /odom
[mpc_node-2] [INFO] [1788712982.539818416] [mpc_path_tracking]:   waypoint_topic            : /raceline_waypoints
[mpc_node-2] [INFO] [1788712982.539827979] [mpc_path_tracking]:   drive_topic               : mpc/drive_cmd
[mpc_node-2] [INFO] [1788712982.539837472] [mpc_path_tracking]:   predicted_trajectory_topic : /mpc/predicted_path
[mpc_node-2] [INFO] [1788712982.539846881] [mpc_path_tracking]:   status_topic              : /mpc/status
[mpc_node-2] [INFO] [1788712982.539855968] [mpc_path_tracking]:   debug_topic_prefix        : /mpc/debug
[mpc_node-2] [INFO] [1788712982.539865563] [mpc_path_tracking]:   enable_topic              : Start_Working_mpc
[mpc_node-2] [INFO] [1788712982.539874983] [mpc_path_tracking]:   param_service             : mpc/update_params
[mpc_node-2] [INFO] [1788712982.539883163] [mpc_path_tracking]: ──── Mode ────
[mpc_node-2] [INFO] [1788712982.539892233] [mpc_path_tracking]:   standalone_mode           : false
[mpc_node-2] [INFO] [1788712982.539900366] [mpc_path_tracking]: ──── Horizon / Timing ────
[mpc_node-2] [INFO] [1788712982.539909010] [mpc_path_tracking]:   N                         : 20
[mpc_node-2] [INFO] [1788712982.539918024] [mpc_path_tracking]:   dt_min                    : 0.0200 s
[mpc_node-2] [INFO] [1788712982.539932040] [mpc_path_tracking]:   dt_max                    : 0.0700 s
[mpc_node-2] [INFO] [1788712982.539941903] [mpc_path_tracking]:   dt_adaptive               : false
[mpc_node-2] [INFO] [1788712982.539950647] [mpc_path_tracking]:   horizon_distance_m        : 5.50 m
[mpc_node-2] [INFO] [1788712982.539960517] [mpc_path_tracking]:   control_rate_hz           : 20.0 Hz
[mpc_node-2] [INFO] [1788712982.539970611] [mpc_path_tracking]: ──── Cost Matrices ────
[mpc_node-2] [INFO] [1788712982.539987871] [mpc_path_tracking]:   Q      [e_y, e_psi, vx_err, vy, r_err] : [10.0000, 5.0000, 25.0000, 0.0000, 100.0000]
[mpc_node-2] [INFO] [1788712982.540001604] [mpc_path_tracking]:   R      [steering, accel]                : [10.0000, 1.0000]
[mpc_node-2] [INFO] [1788712982.540020804] [mpc_path_tracking]:   R_rate [steering, accel]                : [10.0000, 50.0000]
[mpc_node-2] [INFO] [1788712982.540033296] [mpc_path_tracking]:   Qf     [e_y, e_psi, vx_err, vy, r_err] : [10.0000, 5.0000, 25.0000, 0.0000, 100.0000]
[mpc_node-2] [INFO] [1788712982.540042134] [mpc_path_tracking]: ──── Vehicle Geometry / Mass ────
[mpc_node-2] [INFO] [1788712982.540072214] [mpc_path_tracking]:   mass                      : 269.8400 kg
[mpc_node-2] [INFO] [1788712982.540087478] [mpc_path_tracking]:   Iz                        : 51.10000 kg·m²
[mpc_node-2] [INFO] [1788712982.540097845] [mpc_path_tracking]:   l_f                       : 0.7381 m
[mpc_node-2] [INFO] [1788712982.540107608] [mpc_path_tracking]:   l_r                       : 0.7954 m
[mpc_node-2] [INFO] [1788712982.540117289] [mpc_path_tracking]:   h_cg                      : 0.3154 m
[mpc_node-2] [INFO] [1788712982.540126327] [mpc_path_tracking]: ──── Pacejka Tire Model ────
[mpc_node-2] [INFO] [1788712982.540136072] [mpc_path_tracking]:   Front: Bf=10.0000  Cf=1.9000  Df=1.5000  Ef=0.9700
[mpc_node-2] [INFO] [1788712982.540157180] [mpc_path_tracking]:   Rear:  Br=10.0000  Cr=1.9000  Dr=1.5000  Er=0.9700
[mpc_node-2] [INFO] [1788712982.540169954] [mpc_path_tracking]: ──── Actuator Limits ────
[mpc_node-2] [INFO] [1788712982.540178605] [mpc_path_tracking]:   steering_angle_max        : 0.2793 rad
[mpc_node-2] [INFO] [1788712982.540188782] [mpc_path_tracking]:   steering_angle_min        : -0.2793 rad
[mpc_node-2] [INFO] [1788712982.540198472] [mpc_path_tracking]:   steering_rate_max         : 1.00 rad/s
[mpc_node-2] [INFO] [1788712982.540212395] [mpc_path_tracking]:   speed_max                 : 27.77 m/s
[mpc_node-2] [INFO] [1788712982.540243618] [mpc_path_tracking]:   speed_min                 : 0.00 m/s
[mpc_node-2] [INFO] [1788712982.540255642] [mpc_path_tracking]:   accel_max                 : 5.71 m/s²
[mpc_node-2] [INFO] [1788712982.540264926] [mpc_path_tracking]:   decel_max                 : 3.71 m/s²
[mpc_node-2] [INFO] [1788712982.540273915] [mpc_path_tracking]:   jerk_max                  : 1000.00 m/s³
[mpc_node-2] [INFO] [1788712982.540283896] [mpc_path_tracking]:   lateral_accel_max         : 6.50 m/s²
[mpc_node-2] [INFO] [1788712982.540293109] [mpc_path_tracking]:   grip_utilization          : 0.75 of identified ceiling
[mpc_node-2] [INFO] [1788712982.540302802] [mpc_path_tracking]:   drivetrain_tau_s          : 2.770 s
[mpc_node-2] [INFO] [1788712982.540311957] [mpc_path_tracking]:   drivetrain_tau_decel_s    : -0.200 s
[mpc_node-2] [INFO] [1788712982.540321771] [mpc_path_tracking]:   drivetrain_tau_auto       : true (identified online)
[mpc_node-2] [INFO] [1788712982.540329862] [mpc_path_tracking]: ──── Solver Settings ────
[mpc_node-2] [INFO] [1788712982.540340720] [mpc_path_tracking]:   solve_on_new_odom         : true (skip cycles with no new odom)
[mpc_node-2] [INFO] [1788712982.540350386] [mpc_path_tracking]:   backend                   : acados
[mpc_node-2] [INFO] [1788712982.540359160] [mpc_path_tracking]:   max_iter                  : 200
[mpc_node-2] [INFO] [1788712982.540367644] [mpc_path_tracking]:   eps_abs                   : 1.0e-04
[mpc_node-2] [INFO] [1788712982.540377768] [mpc_path_tracking]:   eps_rel                   : 1.0e-04
[mpc_node-2] [INFO] [1788712982.540387226] [mpc_path_tracking]:   warm_start                : true
[mpc_node-2] [INFO] [1788712982.540396365] [mpc_path_tracking]:   polish                    : true
[mpc_node-2] [INFO] [1788712982.540409307] [mpc_path_tracking]:   time_limit_ms             : 15.0 ms
[mpc_node-2] [INFO] [1788712982.540420441] [mpc_path_tracking]:   fallback_on_failure       : hold_last
[mpc_node-2] [INFO] [1788712982.540429181] [mpc_path_tracking]: ──── Acados Settings (used iff solver.backend == "acados") ────
[mpc_node-2] [INFO] [1788712982.540438125] [mpc_path_tracking]:   qp_solver                 : PARTIAL_CONDENSING_HPIPM
[mpc_node-2] [INFO] [1788712982.540447453] [mpc_path_tracking]:   cond_N                    : 5
[mpc_node-2] [INFO] [1788712982.540456991] [mpc_path_tracking]:   iter_max                  : 1000
[mpc_node-2] [INFO] [1788712982.540468269] [mpc_path_tracking]:   tol_stat/eq/ineq/comp     : 1.0e-04 / 1.0e-04 / 1.0e-04 / 1.0e-04
[mpc_node-2] [INFO] [1788712982.540483379] [mpc_path_tracking]:   warm_start                : true
[mpc_node-2] [INFO] [1788712982.540494706] [mpc_path_tracking]:   print_level               : 0
[mpc_node-2] [INFO] [1788712982.540503378] [mpc_path_tracking]: ──── Debug / Diagnostics ────
[mpc_node-2] [INFO] [1788712982.540512430] [mpc_path_tracking]:   enabled                   : true
[mpc_node-2] [INFO] [1788712982.540522169] [mpc_path_tracking]:   publish_predicted_path    : true
[mpc_node-2] [INFO] [1788712982.540531094] [mpc_path_tracking]:   publish_cost_breakdown    : true
[mpc_node-2] [INFO] [1788712982.540540258] [mpc_path_tracking]:   log_solve_time            : true
[mpc_node-2] [INFO] [1788712982.540549195] [mpc_path_tracking]:   log_level                 : info
[mpc_node-2] [INFO] [1788712982.540557492] [mpc_path_tracking]: ══════════════════════════════════════════════════════════════
[mpc_node-2] [WARN] [1788712982.540594607] [mpc_path_tracking]: horizon.dt_min=0.0200s is shorter than the control period (1/control_rate_hz=0.0500s) - raising dt_min to 0.0500s to keep the internal step >= the actual command-hold time
[mpc_node-2] [WARN] [1788712982.543531436] [mpc_path_tracking]: horizon.dt_min=0.0200s is shorter than the control period (1/control_rate_hz=0.0500s) - raising dt_min to 0.0500s to keep the internal step >= the actual command-hold time
[mpc_node-2] [INFO] [1788712982.550347229] [mpc_path_tracking]: mpc_path_tracking ready: odom=/odom waypoints=/raceline_waypoints drive=mpc/drive_cmd standalone=false backend=acados
[mpc_node-2] [WARN] [1788712982.550381279] [mpc_path_tracking]: model check: C_front=39129 N/rad C_rear=36314 N/rad -> OVERSTEERING, prediction model is open-loop unstable above v_crit=1844970076.0 m/s; every horizon stage linearized above that speed diverges and the QP becomes ill-conditioned
[adaptive_controller_manager_node-3] [INFO] [1788712982.554172060] [adaptive_controller_manager]: adaptive_controller_manager ready, starting in BOOTSTRAP_PP
[adaptive_controller_manager_node-3] [INFO] [1788712982.574318896] [adaptive_controller_manager]: [status] active=BOOTSTRAP state=BOOTSTRAP_PP | pp: health=BAD state=idle | mpc: health=BAD | v_x=0.00 e_y=0.000 theta=0.000 | params: stored_v=0 fwd_v=0 pending=no
[mpc_node-2] [WARN] [1788712982.600527886] [mpc_path_tracking]: fallback active (hold_last): no odometry received yet
[adaptive_controller_benchmark_node-4] [INFO] [1788712982.999109757] [adaptive_controller_benchmark_node]: CSV logging enabled: /home/ebrahim/Ebrahim_Master_Thesis_repo/graphs/control/ours_mu_0.7/raw/controller.csv
[adaptive_controller_benchmark_node-4] [INFO] [1788712983.000729802] [adaptive_controller_benchmark_node]: adaptive_controller_benchmark_node started
[adaptive_controller_benchmark_node-4] [INFO] [1788712983.001386745] [adaptive_controller_benchmark_node]: Driving tick topic: manager/state
[adaptive_controller_benchmark_node-4] [INFO] [1788712983.001980345] [adaptive_controller_benchmark_node]: Plot export enabled -> /home/ebrahim/Ebrahim_Master_Thesis_repo/graphs/control/ours_mu_0.7 (on shutdown)
[adaptive_controller_benchmark_node-4] [INFO] [1788712983.002569132] [adaptive_controller_benchmark_node]: CSV logging enabled -> /home/ebrahim/Ebrahim_Master_Thesis_repo/graphs/control/ours_mu_0.7/raw/controller.csv
[mpc_node-2] [INFO] [1788712983.028392665] [mpc_path_tracking]: loaded 2916 raceline waypoints at speed cap 27.77 m/s, lateral cap 6.50 m/s^2 (0.66 g, limits.lateral_accel_max, no tire identification yet); reference now peaks at 4.98 m/s^2 (0.51 g)
[adaptive_controller_manager_node-3] [INFO] [1788712984.593665882] [adaptive_controller_manager]: [status] active=BOOTSTRAP state=BOOTSTRAP_PP | pp: health=BAD state=idle | mpc: health=BAD | v_x=0.00 e_y=2.628 theta=0.011 | params: stored_v=0 fwd_v=0 pending=no
[mpc_node-2] [WARN] [1788712984.603693245] [mpc_path_tracking]: fallback active (hold_last): QP solve failed: acados MINSTEP (code 3, 1 iters, 1000 allowed) | worst stage k=2: rho(Ad)=34918.932 at v_ref=0.6 m/s, kappa=0.0001 1/m, dt=0.050 s -> prediction grows 1e+90.9 over N=20
[pure_pursuit_node.py-1] [INFO] [1788712985.981245087] [pure_pursuit]: Pure Pursuit Node initialized
[pure_pursuit_node.py-1] [INFO] [1788712985.982921998] [pure_pursuit]: Lookahead: FIXED at 5.50 m
[pure_pursuit_node.py-1] [INFO] [1788712985.984494798] [pure_pursuit]: Speed reference: FIXED at 11.00 m/s (per-waypoint vx_mps ignored)
[pure_pursuit_node.py-1] [INFO] [1788712986.090193890] [pure_pursuit]: Received 2916 waypoints
[adaptive_controller_manager_node-3] [INFO] [1788712986.492919752] [adaptive_controller_manager]: PP confirmed active - RUNNING_PP
[mpc_node-2] [WARN] [1788712986.550303638] [mpc_path_tracking]: steering rate saturated: 0.0500 rad in 0.050 s = 1.00 rad/s at the limits.steering_rate_max cap of 1.00 rad/s
[adaptive_controller_manager_node-3] [INFO] [1788712986.614167071] [adaptive_controller_manager]: [status] active=PURE PURSUIT state=RUNNING_PP | pp: health=ok state=active | mpc: health=BAD | v_x=-0.00 e_y=2.628 theta=0.011 | params: stored_v=0 fwd_v=0 pending=no
[mpc_node-2] [WARN] [1788712986.701398666] [mpc_path_tracking]: fallback active (hold_last): QP solve failed: acados MINSTEP (code 3, 1 iters, 1000 allowed) | worst stage k=1: rho(Ad)=28207.897 at v_ref=0.6 m/s, kappa=0.0001 1/m, dt=0.050 s -> prediction grows 1e+89.0 over N=20
[adaptive_controller_benchmark_node-4] [INFO] [1788712987.093855652] [adaptive_controller_benchmark_node]: [t=   4.1s] N=200 RMS(e_y)=2.6279m Max|e_y|=2.6281m RMS(heading)=0.0108rad switches=0 emergency_halts=0 laps=0
[adaptive_controller_manager_node-3] [INFO] [1788712988.632372478] [adaptive_controller_manager]: [status] active=PURE PURSUIT state=RUNNING_PP | pp: health=ok state=active | mpc: health=ok | v_x=6.08 e_y=0.641 theta=-0.245 | params: stored_v=0 fwd_v=0 pending=no
[adaptive_controller_manager_node-3] [INFO] [1788712990.651830679] [adaptive_controller_manager]: [status] active=PURE PURSUIT state=RUNNING_PP | pp: health=ok state=active | mpc: health=ok | v_x=11.08 e_y=-0.006 theta=0.002 | params: stored_v=0 fwd_v=0 pending=no
[adaptive_controller_benchmark_node-4] [INFO] [1788712991.092794257] [adaptive_controller_benchmark_node]: [t=   8.1s] N=400 RMS(e_y)=2.0926m Max|e_y|=2.6281m RMS(heading)=0.0948rad switches=0 emergency_halts=0 laps=0
[adaptive_controller_manager_node-3] [INFO] [1788712992.671194202] [adaptive_controller_manager]: [status] active=PURE PURSUIT state=RUNNING_PP | pp: health=ok state=active | mpc: health=ok | v_x=11.02 e_y=-0.003 theta=0.001 | params: stored_v=0 fwd_v=0 pending=no
[adaptive_controller_manager_node-3] [INFO] [1788712994.690769506] [adaptive_controller_manager]: [status] active=PURE PURSUIT state=RUNNING_PP | pp: health=ok state=active | mpc: health=ok | v_x=11.01 e_y=-0.000 theta=-0.001 | params: stored_v=0 fwd_v=0 pending=no
[adaptive_controller_benchmark_node-4] [INFO] [1788712995.091675943] [adaptive_controller_benchmark_node]: [t=  12.1s] N=600 RMS(e_y)=1.7086m Max|e_y|=2.6281m RMS(heading)=0.0774rad switches=0 emergency_halts=0 laps=0
[adaptive_controller_manager_node-3] [INFO] [1788712996.710235315] [adaptive_controller_manager]: [status] active=PURE PURSUIT state=RUNNING_PP | pp: health=ok state=active | mpc: health=ok | v_x=11.00 e_y=0.002 theta=-0.000 | params: stored_v=0 fwd_v=0 pending=no
[adaptive_controller_manager_node-3] [INFO] [1788712998.730019383] [adaptive_controller_manager]: [status] active=PURE PURSUIT state=RUNNING_PP | pp: health=ok state=active | mpc: health=ok | v_x=11.00 e_y=-0.001 theta=-0.000 | params: stored_v=0 fwd_v=0 pending=no
[adaptive_controller_benchmark_node-4] [INFO] [1788712999.090729661] [adaptive_controller_benchmark_node]: [t=  16.1s] N=800 RMS(e_y)=1.4797m Max|e_y|=2.6281m RMS(heading)=0.0671rad switches=0 emergency_halts=0 laps=0
[adaptive_controller_manager_node-3] [INFO] [1788713000.749408005] [adaptive_controller_manager]: [status] active=PURE PURSUIT state=RUNNING_PP | pp: health=ok state=active | mpc: health=ok | v_x=11.00 e_y=0.032 theta=0.002 | params: stored_v=0 fwd_v=0 pending=no
[adaptive_controller_manager_node-3] [INFO] [1788713002.769073744] [adaptive_controller_manager]: [status] active=PURE PURSUIT state=RUNNING_PP | pp: health=ok state=active | mpc: health=ok | v_x=11.00 e_y=0.048 theta=0.002 | params: stored_v=0 fwd_v=0 pending=no
[adaptive_controller_benchmark_node-4] [INFO] [1788713003.089936788] [adaptive_controller_benchmark_node]: [t=  20.1s] N=1000 RMS(e_y)=1.3236m Max|e_y|=2.6281m RMS(heading)=0.0600rad switches=0 emergency_halts=0 laps=0
[adaptive_controller_manager_node-3] [INFO] [1788713004.788734203] [adaptive_controller_manager]: [status] active=PURE PURSUIT state=RUNNING_PP | pp: health=ok state=active | mpc: health=ok | v_x=11.00 e_y=0.021 theta=-0.005 | params: stored_v=0 fwd_v=0 pending=no
[adaptive_controller_manager_node-3] [INFO] [1788713006.808454691] [adaptive_controller_manager]: [status] active=PURE PURSUIT state=RUNNING_PP | pp: health=ok state=active | mpc: health=ok | v_x=11.00 e_y=0.003 theta=0.001 | params: stored_v=0 fwd_v=0 pending=no
[adaptive_controller_benchmark_node-4] [INFO] [1788713007.089679980] [adaptive_controller_benchmark_node]: [t=  24.1s] N=1200 RMS(e_y)=1.2083m Max|e_y|=2.6281m RMS(heading)=0.0548rad switches=0 emergency_halts=0 laps=0
[adaptive_controller_manager_node-3] [INFO] [1788713008.828042004] [adaptive_controller_manager]: [status] active=PURE PURSUIT state=RUNNING_PP | pp: health=ok state=active | mpc: health=ok | v_x=11.00 e_y=-0.010 theta=-0.001 | params: stored_v=0 fwd_v=0 pending=no
[adaptive_controller_manager_node-3] [INFO] [1788713010.847752558] [adaptive_controller_manager]: [status] active=PURE PURSUIT state=RUNNING_PP | pp: health=ok state=active | mpc: health=ok | v_x=11.00 e_y=-0.026 theta=0.002 | params: stored_v=0 fwd_v=0 pending=no
[adaptive_controller_benchmark_node-4] [INFO] [1788713011.088725981] [adaptive_controller_benchmark_node]: [t=  28.1s] N=1400 RMS(e_y)=1.1187m Max|e_y|=2.6281m RMS(heading)=0.0508rad switches=0 emergency_halts=0 laps=0
[adaptive_controller_manager_node-3] [INFO] [1788713012.867458422] [adaptive_controller_manager]: [status] active=PURE PURSUIT state=RUNNING_PP | pp: health=ok state=active | mpc: health=ok | v_x=11.00 e_y=-0.026 theta=-0.000 | params: stored_v=0 fwd_v=0 pending=no
[adaptive_controller_manager_node-3] [INFO] [1788713014.887161055] [adaptive_controller_manager]: [status] active=PURE PURSUIT state=RUNNING_PP | pp: health=ok state=active | mpc: health=ok | v_x=11.00 e_y=-0.019 theta=0.000 | params: stored_v=0 fwd_v=0 pending=no
[adaptive_controller_benchmark_node-4] [INFO] [1788713015.087831862] [adaptive_controller_benchmark_node]: [t=  32.1s] N=1600 RMS(e_y)=1.0465m Max|e_y|=2.6281m RMS(heading)=0.0475rad switches=0 emergency_halts=0 laps=0
[adaptive_controller_manager_node-3] [INFO] [1788713016.906890363] [adaptive_controller_manager]: [status] active=PURE PURSUIT state=RUNNING_PP | pp: health=ok state=active | mpc: health=ok | v_x=11.00 e_y=-0.004 theta=-0.000 | params: stored_v=0 fwd_v=0 pending=no
[adaptive_controller_manager_node-3] [INFO] [1788713018.927619949] [adaptive_controller_manager]: [status] active=PURE PURSUIT state=RUNNING_PP | pp: health=ok state=active | mpc: health=ok | v_x=11.00 e_y=-0.002 theta=0.000 | params: stored_v=0 fwd_v=0 pending=no
[adaptive_controller_benchmark_node-4] [INFO] [1788713019.087588870] [adaptive_controller_benchmark_node]: [t=  36.1s] N=1800 RMS(e_y)=0.9866m Max|e_y|=2.6281m RMS(heading)=0.0448rad switches=0 emergency_halts=0 laps=0
[adaptive_controller_manager_node-3] [INFO] [1788713020.946378071] [adaptive_controller_manager]: [status] active=PURE PURSUIT state=RUNNING_PP | pp: health=ok state=active | mpc: health=ok | v_x=11.00 e_y=-0.005 theta=0.002 | params: stored_v=0 fwd_v=0 pending=no
[adaptive_controller_manager_node-3] [INFO] [1788713022.966178079] [adaptive_controller_manager]: [status] active=PURE PURSUIT state=RUNNING_PP | pp: health=ok state=active | mpc: health=ok | v_x=11.00 e_y=0.007 theta=0.008 | params: stored_v=0 fwd_v=0 pending=no
[adaptive_controller_benchmark_node-4] [INFO] [1788713023.087376356] [adaptive_controller_benchmark_node]: [t=  40.1s] N=2000 RMS(e_y)=0.9360m Max|e_y|=2.6281m RMS(heading)=0.0425rad switches=0 emergency_halts=0 laps=0
[adaptive_controller_manager_node-3] [INFO] [1788713024.985928114] [adaptive_controller_manager]: [status] active=PURE PURSUIT state=RUNNING_PP | pp: health=ok state=active | mpc: health=ok | v_x=11.00 e_y=0.109 theta=0.001 | params: stored_v=0 fwd_v=0 pending=no
[adaptive_controller_manager_node-3] [INFO] [1788713027.005720929] [adaptive_controller_manager]: [status] active=PURE PURSUIT state=RUNNING_PP | pp: health=ok state=active | mpc: health=ok | v_x=11.00 e_y=0.189 theta=-0.029 | params: stored_v=0 fwd_v=0 pending=no
[adaptive_controller_benchmark_node-4] [INFO] [1788713027.086552546] [adaptive_controller_benchmark_node]: [t=  44.1s] N=2200 RMS(e_y)=0.8934m Max|e_y|=2.6281m RMS(heading)=0.0408rad switches=0 emergency_halts=0 laps=0
[adaptive_controller_manager_node-3] [INFO] [1788713029.025506370] [adaptive_controller_manager]: [status] active=PURE PURSUIT state=RUNNING_PP | pp: health=ok state=active | mpc: health=ok | v_x=11.00 e_y=0.027 theta=-0.002 | params: stored_v=0 fwd_v=0 pending=no
[adaptive_controller_manager_node-3] [INFO] [1788713031.045200174] [adaptive_controller_manager]: [status] active=PURE PURSUIT state=RUNNING_PP | pp: health=ok state=active | mpc: health=ok | v_x=11.00 e_y=-0.020 theta=-0.003 | params: stored_v=0 fwd_v=0 pending=no
[adaptive_controller_benchmark_node-4] [INFO] [1788713031.086232586] [adaptive_controller_benchmark_node]: [t=  48.1s] N=2400 RMS(e_y)=0.8556m Max|e_y|=2.6281m RMS(heading)=0.0392rad switches=0 emergency_halts=0 laps=0
[adaptive_controller_manager_node-3] [INFO] [1788713033.065047423] [adaptive_controller_manager]: [status] active=PURE PURSUIT state=RUNNING_PP | pp: health=ok state=active | mpc: health=ok | v_x=10.99 e_y=-0.155 theta=0.003 | params: stored_v=0 fwd_v=0 pending=no
[adaptive_controller_manager_node-3] [INFO] [1788713035.084796494] [adaptive_controller_manager]: [status] active=PURE PURSUIT state=RUNNING_PP | pp: health=ok state=active | mpc: health=ok | v_x=11.01 e_y=-0.259 theta=0.019 | params: stored_v=0 fwd_v=0 pending=no
[adaptive_controller_benchmark_node-4] [INFO] [1788713035.086175590] [adaptive_controller_benchmark_node]: [t=  52.1s] N=2600 RMS(e_y)=0.8236m Max|e_y|=2.6281m RMS(heading)=0.0380rad switches=0 emergency_halts=0 laps=0
[adaptive_controller_manager_node-3] [INFO] [1788713037.104524176] [adaptive_controller_manager]: [status] active=PURE PURSUIT state=RUNNING_PP | pp: health=ok state=active | mpc: health=ok | v_x=10.99 e_y=-0.040 theta=0.004 | params: stored_v=0 fwd_v=0 pending=no
[adaptive_controller_benchmark_node-4] [INFO] [1788713039.085744939] [adaptive_controller_benchmark_node]: [t=  56.1s] N=2800 RMS(e_y)=0.7940m Max|e_y|=2.6281m RMS(heading)=0.0368rad switches=0 emergency_halts=0 laps=0
[adaptive_controller_manager_node-3] [INFO] [1788713039.124330050] [adaptive_controller_manager]: [status] active=PURE PURSUIT state=RUNNING_PP | pp: health=ok state=active | mpc: health=ok | v_x=11.00 e_y=-0.005 theta=-0.000 | params: stored_v=0 fwd_v=0 pending=no
[adaptive_controller_manager_node-3] [INFO] [1788713041.144072657] [adaptive_controller_manager]: [status] active=PURE PURSUIT state=RUNNING_PP | pp: health=ok state=active | mpc: health=ok | v_x=11.00 e_y=-0.012 theta=-0.005 | params: stored_v=0 fwd_v=0 pending=no
[adaptive_controller_benchmark_node-4] [INFO] [1788713043.085152316] [adaptive_controller_benchmark_node]: [t=  60.1s] N=3000 RMS(e_y)=0.7671m Max|e_y|=2.6281m RMS(heading)=0.0356rad switches=0 emergency_halts=0 laps=0
[adaptive_controller_manager_node-3] [INFO] [1788713043.163865439] [adaptive_controller_manager]: [status] active=PURE PURSUIT state=RUNNING_PP | pp: health=ok state=active | mpc: health=ok | v_x=11.00 e_y=-0.039 theta=0.006 | params: stored_v=0 fwd_v=0 pending=no
[adaptive_controller_manager_node-3] [INFO] [1788713045.183958920] [adaptive_controller_manager]: [status] active=PURE PURSUIT state=RUNNING_PP | pp: health=ok state=active | mpc: health=ok | v_x=11.00 e_y=-0.056 theta=0.005 | params: stored_v=0 fwd_v=0 pending=no
[adaptive_controller_benchmark_node-4] [INFO] [1788713047.086541687] [adaptive_controller_benchmark_node]: [t=  64.1s] N=3200 RMS(e_y)=0.7428m Max|e_y|=2.6281m RMS(heading)=0.0345rad switches=0 emergency_halts=0 laps=0
[adaptive_controller_manager_node-3] [INFO] [1788713047.185157589] [adaptive_controller_manager]: [status] active=PURE PURSUIT state=RUNNING_PP | pp: health=ok state=active | mpc: health=ok | v_x=11.00 e_y=-0.012 theta=-0.000 | params: stored_v=0 fwd_v=0 pending=no
[adaptive_controller_manager_node-3] [INFO] [1788713049.186150029] [adaptive_controller_manager]: [status] active=PURE PURSUIT state=RUNNING_PP | pp: health=ok state=active | mpc: health=ok | v_x=11.00 e_y=0.003 theta=-0.001 | params: stored_v=0 fwd_v=0 pending=no
[adaptive_controller_benchmark_node-4] [INFO] [1788713051.088227181] [adaptive_controller_benchmark_node]: [t=  68.1s] N=3400 RMS(e_y)=0.7207m Max|e_y|=2.6281m RMS(heading)=0.0335rad switches=0 emergency_halts=0 laps=0
[adaptive_controller_manager_node-3] [INFO] [1788713051.187185052] [adaptive_controller_manager]: [status] active=PURE PURSUIT state=RUNNING_PP | pp: health=ok state=active | mpc: health=ok | v_x=11.00 e_y=0.002 theta=-0.001 | params: stored_v=0 fwd_v=0 pending=no
[adaptive_controller_manager_node-3] [INFO] [1788713053.188166793] [adaptive_controller_manager]: [status] active=PURE PURSUIT state=RUNNING_PP | pp: health=ok state=active | mpc: health=ok | v_x=11.00 e_y=0.002 theta=-0.000 | params: stored_v=0 fwd_v=0 pending=no
[adaptive_controller_benchmark_node-4] [INFO] [1788713055.090562101] [adaptive_controller_benchmark_node]: [t=  72.1s] N=3600 RMS(e_y)=0.7004m Max|e_y|=2.6281m RMS(heading)=0.0325rad switches=0 emergency_halts=0 laps=0
[adaptive_controller_manager_node-3] [INFO] [1788713055.189206069] [adaptive_controller_manager]: [status] active=PURE PURSUIT state=RUNNING_PP | pp: health=ok state=active | mpc: health=ok | v_x=11.00 e_y=0.004 theta=-0.001 | params: stored_v=0 fwd_v=0 pending=no
[adaptive_controller_manager_node-3] [INFO] [1788713057.190047040] [adaptive_controller_manager]: [status] active=PURE PURSUIT state=RUNNING_PP | pp: health=ok state=active | mpc: health=ok | v_x=11.00 e_y=0.004 theta=-0.001 | params: stored_v=0 fwd_v=0 pending=no
[adaptive_controller_benchmark_node-4] [INFO] [1788713059.091754100] [adaptive_controller_benchmark_node]: [t=  76.1s] N=3800 RMS(e_y)=0.6817m Max|e_y|=2.6281m RMS(heading)=0.0316rad switches=0 emergency_halts=0 laps=0
[adaptive_controller_manager_node-3] [INFO] [1788713059.190947457] [adaptive_controller_manager]: [status] active=PURE PURSUIT state=RUNNING_PP | pp: health=ok state=active | mpc: health=ok | v_x=11.00 e_y=0.005 theta=-0.001 | params: stored_v=0 fwd_v=0 pending=no
[adaptive_controller_manager_node-3] [INFO] [1788713059.625733495] [adaptive_controller_manager]: sysid/update_params: accepted and stored new tire params
[adaptive_controller_manager_node-3] [INFO] [1788713059.631083269] [adaptive_controller_manager]: [status] stored params awaiting arming: all gates pass
[mpc_node-2] [INFO] [1788713059.631137521] [mpc_path_tracking]: tire params updated via mpc/update_params
[mpc_node-2] [INFO] [1788713059.631169327] [mpc_path_tracking]: model check: C_front=13194 N/rad C_rear=13901 N/rad -> understeering, linearization stable at all speeds
[mpc_node-2] [INFO] [1788713059.631426449] [mpc_path_tracking]: loaded 2916 raceline waypoints at speed cap 27.77 m/s, lateral cap 6.50 m/s^2 (0.66 g, identified grip ceiling 9.87 m/s^2 x 0.75 utilization = 7.40, capped by limits.lateral_accel_max 6.50); reference now peaks at 4.98 m/s^2 (0.51 g)
[adaptive_controller_manager_node-3] [INFO] [1788713059.650941585] [adaptive_controller_manager]: Beginning switch to MPC (v_frozen=11.00)
[adaptive_controller_manager_node-3] [INFO] [1788713060.651316472] [adaptive_controller_manager]: Switch to MPC complete
[adaptive_controller_manager_node-3] [INFO] [1788713061.191674788] [adaptive_controller_manager]: [status] active=MPC state=RUNNING_MPC | pp: health=ok state=active | mpc: health=ok | v_x=16.07 e_y=-0.026 theta=-0.002 | params: stored_v=1 fwd_v=1 pending=no
[adaptive_controller_benchmark_node-4] [INFO] [1788713063.093709633] [adaptive_controller_benchmark_node]: [t=  80.1s] N=4000 RMS(e_y)=0.6645m Max|e_y|=2.6281m RMS(heading)=0.0308rad switches=1 emergency_halts=0 laps=0
[adaptive_controller_manager_node-3] [INFO] [1788713063.192356454] [adaptive_controller_manager]: [status] active=MPC state=RUNNING_MPC | pp: health=ok state=active | mpc: health=ok | v_x=26.03 e_y=-0.036 theta=-0.002 | params: stored_v=1 fwd_v=1 pending=no
[adaptive_controller_manager_node-3] [INFO] [1788713065.193031202] [adaptive_controller_manager]: [status] active=MPC state=RUNNING_MPC | pp: health=ok state=active | mpc: health=ok | v_x=25.87 e_y=-0.009 theta=0.001 | params: stored_v=1 fwd_v=1 pending=no
[adaptive_controller_benchmark_node-4] [INFO] [1788713067.094923935] [adaptive_controller_benchmark_node]: [t=  84.1s] N=4200 RMS(e_y)=0.6485m Max|e_y|=2.6281m RMS(heading)=0.0301rad switches=1 emergency_halts=0 laps=0
[adaptive_controller_manager_node-3] [INFO] [1788713067.193729141] [adaptive_controller_manager]: [status] active=MPC state=RUNNING_MPC | pp: health=ok state=active | mpc: health=ok | v_x=18.24 e_y=0.048 theta=0.003 | params: stored_v=1 fwd_v=1 pending=no
[adaptive_controller_manager_node-3] [INFO] [1788713069.194179127] [adaptive_controller_manager]: [status] active=MPC state=RUNNING_MPC | pp: health=ok state=active | mpc: health=ok | v_x=16.67 e_y=0.098 theta=0.022 | params: stored_v=1 fwd_v=1 pending=no
[adaptive_controller_benchmark_node-4] [INFO] [1788713071.095896086] [adaptive_controller_benchmark_node]: [t=  88.1s] N=4400 RMS(e_y)=0.6343m Max|e_y|=2.6281m RMS(heading)=0.0300rad switches=1 emergency_halts=0 laps=0
[adaptive_controller_manager_node-3] [INFO] [1788713071.194742646] [adaptive_controller_manager]: [status] active=MPC state=RUNNING_MPC | pp: health=ok state=active | mpc: health=ok | v_x=15.67 e_y=-0.182 theta=0.037 | params: stored_v=1 fwd_v=1 pending=no
[adaptive_controller_manager_node-3] [INFO] [1788713073.195248407] [adaptive_controller_manager]: [status] active=MPC state=RUNNING_MPC | pp: health=ok state=active | mpc: health=ok | v_x=17.31 e_y=0.024 theta=-0.008 | params: stored_v=1 fwd_v=1 pending=no
[adaptive_controller_benchmark_node-4] [INFO] [1788713075.097718708] [adaptive_controller_benchmark_node]: [t=  92.1s] N=4600 RMS(e_y)=0.6209m Max|e_y|=2.6281m RMS(heading)=0.0298rad switches=1 emergency_halts=0 laps=0
[adaptive_controller_manager_node-3] [INFO] [1788713075.195774943] [adaptive_controller_manager]: [status] active=MPC state=RUNNING_MPC | pp: health=ok state=active | mpc: health=ok | v_x=13.97 e_y=0.067 theta=-0.019 | params: stored_v=1 fwd_v=1 pending=no
[adaptive_controller_manager_node-3] [INFO] [1788713077.196162705] [adaptive_controller_manager]: [status] active=MPC state=RUNNING_MPC | pp: health=ok state=active | mpc: health=ok | v_x=15.62 e_y=-0.025 theta=-0.015 | params: stored_v=1 fwd_v=1 pending=no
[adaptive_controller_benchmark_node-4] [INFO] [1788713079.098045165] [adaptive_controller_benchmark_node]: [t=  96.1s] N=4800 RMS(e_y)=0.6084m Max|e_y|=2.6281m RMS(heading)=0.0299rad switches=1 emergency_halts=0 laps=0
[adaptive_controller_manager_node-3] [INFO] [1788713079.196674993] [adaptive_controller_manager]: [status] active=MPC state=RUNNING_MPC | pp: health=ok state=active | mpc: health=ok | v_x=22.08 e_y=-0.076 theta=-0.009 | params: stored_v=1 fwd_v=1 pending=no
[adaptive_controller_manager_node-3] [INFO] [1788713081.196982161] [adaptive_controller_manager]: [status] active=MPC state=RUNNING_MPC | pp: health=ok state=active | mpc: health=ok | v_x=25.14 e_y=-0.017 theta=-0.008 | params: stored_v=1 fwd_v=1 pending=no
[adaptive_controller_benchmark_node-4] [INFO] [1788713083.099328139] [adaptive_controller_benchmark_node]: [t= 100.1s] N=5000 RMS(e_y)=0.5963m Max|e_y|=2.6281m RMS(heading)=0.0294rad switches=1 emergency_halts=0 laps=0
[adaptive_controller_manager_node-3] [INFO] [1788713083.197617673] [adaptive_controller_manager]: [status] active=MPC state=RUNNING_MPC | pp: health=ok state=active | mpc: health=ok | v_x=26.37 e_y=-0.047 theta=-0.028 | params: stored_v=1 fwd_v=1 pending=no
[adaptive_controller_manager_node-3] [INFO] [1788713085.199027319] [adaptive_controller_manager]: [status] active=MPC state=RUNNING_MPC | pp: health=ok state=active | mpc: health=ok | v_x=25.34 e_y=-0.164 theta=-0.002 | params: stored_v=1 fwd_v=1 pending=no
[adaptive_controller_benchmark_node-4] [INFO] [1788713087.100765950] [adaptive_controller_benchmark_node]: [t= 104.1s] N=5200 RMS(e_y)=0.5852m Max|e_y|=2.6281m RMS(heading)=0.0290rad switches=1 emergency_halts=0 laps=0
[adaptive_controller_manager_node-3] [INFO] [1788713087.217971580] [adaptive_controller_manager]: [status] active=MPC state=RUNNING_MPC | pp: health=ok state=active | mpc: health=ok | v_x=25.62 e_y=-0.013 theta=-0.004 | params: stored_v=1 fwd_v=1 pending=no
[adaptive_controller_manager_node-3] [INFO] [1788713089.218324495] [adaptive_controller_manager]: [status] active=MPC state=RUNNING_MPC | pp: health=ok state=active | mpc: health=ok | v_x=25.98 e_y=-0.026 theta=0.001 | params: stored_v=1 fwd_v=1 pending=no
[adaptive_controller_benchmark_node-4] [INFO] [1788713091.099933292] [adaptive_controller_benchmark_node]: [t= 108.1s] N=5400 RMS(e_y)=0.5742m Max|e_y|=2.6281m RMS(heading)=0.0285rad switches=1 emergency_halts=0 laps=0
[adaptive_controller_manager_node-3] [INFO] [1788713091.218590335] [adaptive_controller_manager]: [status] active=MPC state=RUNNING_MPC | pp: health=ok state=active | mpc: health=ok | v_x=25.39 e_y=0.004 theta=-0.001 | params: stored_v=1 fwd_v=1 pending=no
[adaptive_controller_manager_node-3] [INFO] [1788713093.218822264] [adaptive_controller_manager]: [status] active=MPC state=RUNNING_MPC | pp: health=ok state=active | mpc: health=ok | v_x=26.00 e_y=-0.018 theta=-0.003 | params: stored_v=1 fwd_v=1 pending=no
[adaptive_controller_benchmark_node-4] [INFO] [1788713095.100443504] [adaptive_controller_benchmark_node]: [t= 112.1s] N=5600 RMS(e_y)=0.5639m Max|e_y|=2.6281m RMS(heading)=0.0280rad switches=1 emergency_halts=0 laps=0
[adaptive_controller_manager_node-3] [INFO] [1788713095.219064598] [adaptive_controller_manager]: [status] active=MPC state=RUNNING_MPC | pp: health=ok state=active | mpc: health=ok | v_x=20.11 e_y=0.013 theta=-0.018 | params: stored_v=1 fwd_v=1 pending=no
[adaptive_controller_manager_node-3] [INFO] [1788713097.219247479] [adaptive_controller_manager]: [status] active=MPC state=RUNNING_MPC | pp: health=ok state=active | mpc: health=ok | v_x=21.20 e_y=0.006 theta=-0.025 | params: stored_v=1 fwd_v=1 pending=no
[adaptive_controller_benchmark_node-4] [INFO] [1788713099.100985674] [adaptive_controller_benchmark_node]: [t= 116.1s] N=5800 RMS(e_y)=0.5542m Max|e_y|=2.6281m RMS(heading)=0.0280rad switches=1 emergency_halts=0 laps=0
[adaptive_controller_manager_node-3] [INFO] [1788713099.219502248] [adaptive_controller_manager]: [status] active=MPC state=RUNNING_MPC | pp: health=ok state=active | mpc: health=ok | v_x=25.93 e_y=-0.200 theta=-0.012 | params: stored_v=1 fwd_v=1 pending=no
[adaptive_controller_manager_node-3] [INFO] [1788713101.219591409] [adaptive_controller_manager]: [status] active=MPC state=RUNNING_MPC | pp: health=ok state=active | mpc: health=ok | v_x=25.51 e_y=-0.012 theta=-0.007 | params: stored_v=1 fwd_v=1 pending=no
[adaptive_controller_benchmark_node-4] [INFO] [1788713103.100832031] [adaptive_controller_benchmark_node]: [t= 120.1s] N=6000 RMS(e_y)=0.5451m Max|e_y|=2.6281m RMS(heading)=0.0276rad switches=1 emergency_halts=0 laps=0
[adaptive_controller_manager_node-3] [INFO] [1788713103.219759252] [adaptive_controller_manager]: [status] active=MPC state=RUNNING_MPC | pp: health=ok state=active | mpc: health=ok | v_x=26.05 e_y=-0.053 theta=-0.004 | params: stored_v=1 fwd_v=1 pending=no
[adaptive_controller_manager_node-3] [INFO] [1788713105.219960345] [adaptive_controller_manager]: [status] active=MPC state=RUNNING_MPC | pp: health=ok state=active | mpc: health=ok | v_x=25.47 e_y=-0.004 theta=-0.002 | params: stored_v=1 fwd_v=1 pending=no
[adaptive_controller_benchmark_node-4] [INFO] [1788713107.101393661] [adaptive_controller_benchmark_node]: [t= 124.1s] N=6200 RMS(e_y)=0.5363m Max|e_y|=2.6281m RMS(heading)=0.0271rad switches=1 emergency_halts=0 laps=0
[adaptive_controller_manager_node-3] [INFO] [1788713107.220088237] [adaptive_controller_manager]: [status] active=MPC state=RUNNING_MPC | pp: health=ok state=active | mpc: health=ok | v_x=26.11 e_y=-0.014 theta=0.005 | params: stored_v=1 fwd_v=1 pending=no
[adaptive_controller_manager_node-3] [INFO] [1788713109.220243731] [adaptive_controller_manager]: [status] active=MPC state=RUNNING_MPC | pp: health=ok state=active | mpc: health=ok | v_x=25.20 e_y=0.083 theta=0.014 | params: stored_v=1 fwd_v=1 pending=no
[adaptive_controller_benchmark_node-4] [INFO] [1788713111.101580636] [adaptive_controller_benchmark_node]: [t= 128.1s] N=6400 RMS(e_y)=0.5281m Max|e_y|=2.6281m RMS(heading)=0.0269rad switches=1 emergency_halts=0 laps=0
[adaptive_controller_manager_node-3] [INFO] [1788713111.220337864] [adaptive_controller_manager]: [status] active=MPC state=RUNNING_MPC | pp: health=ok state=active | mpc: health=ok | v_x=22.03 e_y=0.004 theta=-0.038 | params: stored_v=1 fwd_v=1 pending=no
[adaptive_controller_manager_node-3] [INFO] [1788713113.220448499] [adaptive_controller_manager]: [status] active=MPC state=RUNNING_MPC | pp: health=ok state=active | mpc: health=ok | v_x=25.40 e_y=-0.112 theta=-0.012 | params: stored_v=1 fwd_v=1 pending=no
[adaptive_controller_benchmark_node-4] [INFO] [1788713115.101696212] [adaptive_controller_benchmark_node]: [t= 132.1s] N=6600 RMS(e_y)=0.5202m Max|e_y|=2.6281m RMS(heading)=0.0268rad switches=1 emergency_halts=0 laps=0
[adaptive_controller_manager_node-3] [INFO] [1788713115.220554373] [adaptive_controller_manager]: [status] active=MPC state=RUNNING_MPC | pp: health=ok state=active | mpc: health=ok | v_x=19.05 e_y=-0.019 theta=0.011 | params: stored_v=1 fwd_v=1 pending=no
[adaptive_controller_manager_node-3] [INFO] [1788713117.220808809] [adaptive_controller_manager]: [status] active=MPC state=RUNNING_MPC | pp: health=ok state=active | mpc: health=ok | v_x=18.87 e_y=0.012 theta=-0.007 | params: stored_v=1 fwd_v=1 pending=no
[adaptive_controller_benchmark_node-4] [INFO] [1788713119.101978253] [adaptive_controller_benchmark_node]: [t= 136.1s] N=6800 RMS(e_y)=0.5128m Max|e_y|=2.6281m RMS(heading)=0.0268rad switches=1 emergency_halts=0 laps=0
[adaptive_controller_manager_node-3] [INFO] [1788713119.240762292] [adaptive_controller_manager]: [status] active=MPC state=RUNNING_MPC | pp: health=ok state=active | mpc: health=ok | v_x=18.49 e_y=-0.002 theta=-0.031 | params: stored_v=1 fwd_v=1 pending=no
[adaptive_controller_manager_node-3] [INFO] [1788713121.240811980] [adaptive_controller_manager]: [status] active=MPC state=RUNNING_MPC | pp: health=ok state=active | mpc: health=ok | v_x=23.33 e_y=-0.064 theta=-0.021 | params: stored_v=1 fwd_v=1 pending=no
[adaptive_controller_benchmark_node-4] [INFO] [1788713123.101910956] [adaptive_controller_benchmark_node]: [t= 140.1s] N=7000 RMS(e_y)=0.5056m Max|e_y|=2.6281m RMS(heading)=0.0268rad switches=1 emergency_halts=0 laps=0
[adaptive_controller_manager_node-3] [INFO] [1788713123.240911223] [adaptive_controller_manager]: [status] active=MPC state=RUNNING_MPC | pp: health=ok state=active | mpc: health=ok | v_x=26.07 e_y=0.009 theta=0.028 | params: stored_v=1 fwd_v=1 pending=no
[adaptive_controller_manager_node-3] [INFO] [1788713125.240959854] [adaptive_controller_manager]: [status] active=MPC state=RUNNING_MPC | pp: health=ok state=active | mpc: health=ok | v_x=25.56 e_y=0.005 theta=-0.000 | params: stored_v=1 fwd_v=1 pending=no
[adaptive_controller_benchmark_node-4] [INFO] [1788713127.102142864] [adaptive_controller_benchmark_node]: [t= 144.1s] N=7200 RMS(e_y)=0.4987m Max|e_y|=2.6281m RMS(heading)=0.0265rad switches=1 emergency_halts=0 laps=0
[adaptive_controller_manager_node-3] [INFO] [1788713127.241054897] [adaptive_controller_manager]: [status] active=MPC state=RUNNING_MPC | pp: health=ok state=active | mpc: health=ok | v_x=25.85 e_y=-0.008 theta=0.000 | params: stored_v=1 fwd_v=1 pending=no
[adaptive_controller_manager_node-3] [INFO] [1788713129.241070594] [adaptive_controller_manager]: [status] active=MPC state=RUNNING_MPC | pp: health=ok state=active | mpc: health=ok | v_x=25.81 e_y=-0.007 theta=-0.001 | params: stored_v=1 fwd_v=1 pending=no
[adaptive_controller_manager_node-3] [INFO] [1788713129.959667368] [adaptive_controller_manager]: sysid/update_params: accepted and stored new tire params
[mpc_node-2] [INFO] [1788713129.961135797] [mpc_path_tracking]: tire params updated via mpc/update_params
[mpc_node-2] [INFO] [1788713129.961184937] [mpc_path_tracking]: model check: C_front=13194 N/rad C_rear=13901 N/rad -> understeering, linearization stable at all speeds
[mpc_node-2] [INFO] [1788713129.961443888] [mpc_path_tracking]: loaded 2916 raceline waypoints at speed cap 27.77 m/s, lateral cap 6.50 m/s^2 (0.66 g, identified grip ceiling 9.87 m/s^2 x 0.75 utilization = 7.40, capped by limits.lateral_accel_max 6.50); reference now peaks at 4.98 m/s^2 (0.51 g)
[adaptive_controller_benchmark_node-4] [INFO] [1788713131.102233803] [adaptive_controller_benchmark_node]: [t= 148.1s] N=7400 RMS(e_y)=0.4919m Max|e_y|=2.6281m RMS(heading)=0.0261rad switches=1 emergency_halts=0 laps=0
[adaptive_controller_manager_node-3] [INFO] [1788713131.241147020] [adaptive_controller_manager]: [status] active=MPC state=RUNNING_MPC | pp: health=ok state=active | mpc: health=ok | v_x=25.76 e_y=-0.011 theta=-0.001 | params: stored_v=2 fwd_v=2 pending=no
[adaptive_controller_manager_node-3] [INFO] [1788713133.241255063] [adaptive_controller_manager]: [status] active=MPC state=RUNNING_MPC | pp: health=ok state=active | mpc: health=ok | v_x=25.79 e_y=-0.015 theta=-0.001 | params: stored_v=2 fwd_v=2 pending=no
[adaptive_controller_benchmark_node-4] [INFO] [1788713135.102389642] [adaptive_controller_benchmark_node]: [t= 152.1s] N=7600 RMS(e_y)=0.4854m Max|e_y|=2.6281m RMS(heading)=0.0258rad switches=1 emergency_halts=0 laps=0
[adaptive_controller_manager_node-3] [INFO] [1788713135.261193536] [adaptive_controller_manager]: [status] active=MPC state=RUNNING_MPC | pp: health=ok state=active | mpc: health=ok | v_x=25.78 e_y=-0.019 theta=-0.003 | params: stored_v=2 fwd_v=2 pending=no
[adaptive_controller_manager_node-3] [INFO] [1788713137.261198603] [adaptive_controller_manager]: [status] active=MPC state=RUNNING_MPC | pp: health=ok state=active | mpc: health=ok | v_x=23.90 e_y=-0.045 theta=-0.001 | params: stored_v=2 fwd_v=2 pending=no
[adaptive_controller_benchmark_node-4] [INFO] [1788713139.102383002] [adaptive_controller_benchmark_node]: [t= 156.1s] N=7800 RMS(e_y)=0.4791m Max|e_y|=2.6281m RMS(heading)=0.0255rad switches=1 emergency_halts=0 laps=0
[adaptive_controller_manager_node-3] [INFO] [1788713139.261204296] [adaptive_controller_manager]: [status] active=MPC state=RUNNING_MPC | pp: health=ok state=active | mpc: health=ok | v_x=19.45 e_y=-0.055 theta=-0.033 | params: stored_v=2 fwd_v=2 pending=no
[adaptive_controller_manager_node-3] [INFO] [1788713141.261263646] [adaptive_controller_manager]: [status] active=MPC state=RUNNING_MPC | pp: health=ok state=active | mpc: health=ok | v_x=18.50 e_y=0.092 theta=-0.052 | params: stored_v=2 fwd_v=2 pending=no
[adaptive_controller_benchmark_node-4] [INFO] [1788713143.102453164] [adaptive_controller_benchmark_node]: [t= 160.1s] N=8000 RMS(e_y)=0.4732m Max|e_y|=2.6281m RMS(heading)=0.0255rad switches=1 emergency_halts=0 laps=0
[adaptive_controller_manager_node-3] [INFO] [1788713143.281390504] [adaptive_controller_manager]: [status] active=MPC state=RUNNING_MPC | pp: health=ok state=active | mpc: health=ok | v_x=25.52 e_y=-0.181 theta=-0.023 | params: stored_v=2 fwd_v=2 pending=no
[adaptive_controller_manager_node-3] [INFO] [1788713145.301399381] [adaptive_controller_manager]: [status] active=MPC state=RUNNING_MPC | pp: health=ok state=active | mpc: health=ok | v_x=25.72 e_y=0.044 theta=0.004 | params: stored_v=2 fwd_v=2 pending=no
[adaptive_controller_benchmark_node-4] [INFO] [1788713147.102588351] [adaptive_controller_benchmark_node]: [t= 164.1s] N=8200 RMS(e_y)=0.4676m Max|e_y|=2.6281m RMS(heading)=0.0253rad switches=1 emergency_halts=0 laps=0
[adaptive_controller_manager_node-3] [INFO] [1788713147.321340445] [adaptive_controller_manager]: [status] active=MPC state=RUNNING_MPC | pp: health=ok state=active | mpc: health=ok | v_x=25.00 e_y=-0.001 theta=0.001 | params: stored_v=2 fwd_v=2 pending=no
[adaptive_controller_manager_node-3] [INFO] [1788713149.321371393] [adaptive_controller_manager]: [status] active=MPC state=RUNNING_MPC | pp: health=ok state=active | mpc: health=ok | v_x=12.90 e_y=0.029 theta=0.000 | params: stored_v=2 fwd_v=2 pending=no
[adaptive_controller_benchmark_node-4] [INFO] [1788713151.102255968] [adaptive_controller_benchmark_node]: [t= 168.1s] N=8400 RMS(e_y)=0.4620m Max|e_y|=2.6281m RMS(heading)=0.0250rad switches=1 emergency_halts=0 laps=0
[adaptive_controller_manager_node-3] [INFO] [1788713151.341290297] [adaptive_controller_manager]: [status] active=MPC state=RUNNING_MPC | pp: health=ok state=active | mpc: health=ok | v_x=9.46 e_y=-0.133 theta=-0.013 | params: stored_v=2 fwd_v=2 pending=no
[adaptive_controller_manager_node-3] [INFO] [1788713153.341342556] [adaptive_controller_manager]: [status] active=MPC state=RUNNING_MPC | pp: health=ok state=active | mpc: health=ok | v_x=11.65 e_y=-0.341 theta=0.054 | params: stored_v=2 fwd_v=2 pending=no
[adaptive_controller_benchmark_node-4] [INFO] [1788713155.102262247] [adaptive_controller_benchmark_node]: [t= 172.1s] N=8600 RMS(e_y)=0.4587m Max|e_y|=2.6281m RMS(heading)=0.0249rad switches=1 emergency_halts=0 laps=0
[adaptive_controller_manager_node-3] [INFO] [1788713155.361288698] [adaptive_controller_manager]: [status] active=MPC state=RUNNING_MPC | pp: health=ok state=active | mpc: health=ok | v_x=12.67 e_y=0.383 theta=-0.023 | params: stored_v=2 fwd_v=2 pending=no
[adaptive_controller_manager_node-3] [INFO] [1788713157.361349166] [adaptive_controller_manager]: [status] active=MPC state=RUNNING_MPC | pp: health=ok state=active | mpc: health=ok | v_x=20.63 e_y=-0.120 theta=-0.009 | params: stored_v=2 fwd_v=2 pending=no
[adaptive_controller_benchmark_node-4] [INFO] [1788713159.102346435] [adaptive_controller_benchmark_node]: [t= 176.1s] N=8800 RMS(e_y)=0.4541m Max|e_y|=2.6281m RMS(heading)=0.0250rad switches=1 emergency_halts=0 laps=0
[adaptive_controller_manager_node-3] [INFO] [1788713159.381252831] [adaptive_controller_manager]: [status] active=MPC state=RUNNING_MPC | pp: health=ok state=active | mpc: health=ok | v_x=18.54 e_y=-0.018 theta=-0.017 | params: stored_v=2 fwd_v=2 pending=no
[adaptive_controller_manager_node-3] [INFO] [1788713161.381331457] [adaptive_controller_manager]: [status] active=MPC state=RUNNING_MPC | pp: health=ok state=active | mpc: health=ok | v_x=20.08 e_y=-0.099 theta=-0.017 | params: stored_v=2 fwd_v=2 pending=no
[adaptive_controller_benchmark_node-4] [INFO] [1788713163.103547175] [adaptive_controller_benchmark_node]: [t= 180.1s] N=9000 RMS(e_y)=0.4492m Max|e_y|=2.6281m RMS(heading)=0.0249rad switches=1 emergency_halts=0 laps=0
[adaptive_controller_manager_node-3] [INFO] [1788713163.401329008] [adaptive_controller_manager]: [status] active=MPC state=RUNNING_MPC | pp: health=ok state=active | mpc: health=ok | v_x=26.17 e_y=-0.034 theta=0.001 | params: stored_v=2 fwd_v=2 pending=no
[adaptive_controller_manager_node-3] [INFO] [1788713165.401432704] [adaptive_controller_manager]: [status] active=MPC state=RUNNING_MPC | pp: health=ok state=active | mpc: health=ok | v_x=25.68 e_y=-0.014 theta=0.002 | params: stored_v=2 fwd_v=2 pending=no
[adaptive_controller_benchmark_node-4] [INFO] [1788713167.102609131] [adaptive_controller_benchmark_node]: [t= 184.1s] N=9200 RMS(e_y)=0.4443m Max|e_y|=2.6281m RMS(heading)=0.0246rad switches=1 emergency_halts=0 laps=0
[adaptive_controller_manager_node-3] [INFO] [1788713167.421249682] [adaptive_controller_manager]: [status] active=MPC state=RUNNING_MPC | pp: health=ok state=active | mpc: health=ok | v_x=25.75 e_y=-0.006 theta=-0.001 | params: stored_v=2 fwd_v=2 pending=no
[adaptive_controller_manager_node-3] [INFO] [1788713169.441192692] [adaptive_controller_manager]: [status] active=MPC state=RUNNING_MPC | pp: health=ok state=active | mpc: health=ok | v_x=26.00 e_y=-0.044 theta=0.004 | params: stored_v=2 fwd_v=2 pending=no
[adaptive_controller_benchmark_node-4] [INFO] [1788713171.102030837] [adaptive_controller_benchmark_node]: [t= 188.1s] N=9400 RMS(e_y)=0.4396m Max|e_y|=2.6281m RMS(heading)=0.0244rad switches=1 emergency_halts=0 laps=1
[adaptive_controller_manager_node-3] [INFO] [1788713171.441237102] [adaptive_controller_manager]: [status] active=MPC state=RUNNING_MPC | pp: health=ok state=active | mpc: health=ok | v_x=23.43 e_y=0.021 theta=0.002 | params: stored_v=2 fwd_v=2 pending=no
[adaptive_controller_manager_node-3] [INFO] [1788713173.461164719] [adaptive_controller_manager]: [status] active=MPC state=RUNNING_MPC | pp: health=ok state=active | mpc: health=ok | v_x=20.12 e_y=-0.015 theta=-0.021 | params: stored_v=2 fwd_v=2 pending=no
[adaptive_controller_benchmark_node-4] [INFO] [1788713175.102455975] [adaptive_controller_benchmark_node]: [t= 192.1s] N=9600 RMS(e_y)=0.4350m Max|e_y|=2.6281m RMS(heading)=0.0243rad switches=1 emergency_halts=0 laps=1
[adaptive_controller_manager_node-3] [INFO] [1788713175.461398751] [adaptive_controller_manager]: [status] active=MPC state=RUNNING_MPC | pp: health=ok state=active | mpc: health=ok | v_x=22.15 e_y=-0.100 theta=-0.024 | params: stored_v=2 fwd_v=2 pending=no
[adaptive_controller_manager_node-3] [INFO] [1788713177.461462601] [adaptive_controller_manager]: [status] active=MPC state=RUNNING_MPC | pp: health=ok state=active | mpc: health=ok | v_x=25.46 e_y=-0.124 theta=0.006 | params: stored_v=2 fwd_v=2 pending=no
[adaptive_controller_benchmark_node-4] [INFO] [1788713179.103099311] [adaptive_controller_benchmark_node]: [t= 196.1s] N=9800 RMS(e_y)=0.4309m Max|e_y|=2.6281m RMS(heading)=0.0242rad switches=1 emergency_halts=0 laps=1
[adaptive_controller_manager_node-3] [INFO] [1788713179.461595528] [adaptive_controller_manager]: [status] active=MPC state=RUNNING_MPC | pp: health=ok state=active | mpc: health=ok | v_x=25.86 e_y=0.096 theta=0.020 | params: stored_v=2 fwd_v=2 pending=no
[adaptive_controller_manager_node-3] [INFO] [1788713181.461758182] [adaptive_controller_manager]: [status] active=MPC state=RUNNING_MPC | pp: health=ok state=active | mpc: health=ok | v_x=25.89 e_y=0.110 theta=0.022 | params: stored_v=2 fwd_v=2 pending=no
[adaptive_controller_benchmark_node-4] [INFO] [1788713183.103101413] [adaptive_controller_benchmark_node]: [t= 200.1s] N=10000 RMS(e_y)=0.4268m Max|e_y|=2.6281m RMS(heading)=0.0241rad switches=1 emergency_halts=0 laps=1
[adaptive_controller_manager_node-3] [INFO] [1788713183.461819289] [adaptive_controller_manager]: [status] active=MPC state=RUNNING_MPC | pp: health=ok state=active | mpc: health=ok | v_x=22.90 e_y=0.055 theta=-0.000 | params: stored_v=2 fwd_v=2 pending=no
[adaptive_controller_manager_node-3] [INFO] [1788713185.461936076] [adaptive_controller_manager]: [status] active=MPC state=RUNNING_MPC | pp: health=ok state=active | mpc: health=ok | v_x=12.07 e_y=0.025 theta=0.004 | params: stored_v=2 fwd_v=2 pending=no
[adaptive_controller_benchmark_node-4] [INFO] [1788713187.102950642] [adaptive_controller_benchmark_node]: [t= 204.1s] N=10200 RMS(e_y)=0.4227m Max|e_y|=2.6281m RMS(heading)=0.0239rad switches=1 emergency_halts=0 laps=1
[adaptive_controller_manager_node-3] [INFO] [1788713187.462060412] [adaptive_controller_manager]: [status] active=MPC state=RUNNING_MPC | pp: health=ok state=active | mpc: health=ok | v_x=11.70 e_y=0.171 theta=0.021 | params: stored_v=2 fwd_v=2 pending=no
[adaptive_controller_manager_node-3] [INFO] [1788713189.462150999] [adaptive_controller_manager]: [status] active=MPC state=RUNNING_MPC | pp: health=ok state=active | mpc: health=ok | v_x=14.96 e_y=0.085 theta=-0.027 | params: stored_v=2 fwd_v=2 pending=no
[adaptive_controller_benchmark_node-4] [INFO] [1788713191.103269302] [adaptive_controller_benchmark_node]: [t= 208.1s] N=10400 RMS(e_y)=0.4194m Max|e_y|=2.6281m RMS(heading)=0.0238rad switches=1 emergency_halts=0 laps=1
[adaptive_controller_manager_node-3] [INFO] [1788713191.462265621] [adaptive_controller_manager]: [status] active=MPC state=RUNNING_MPC | pp: health=ok state=active | mpc: health=ok | v_x=10.87 e_y=0.014 theta=-0.002 | params: stored_v=2 fwd_v=2 pending=no
[adaptive_controller_manager_node-3] [INFO] [1788713193.462317228] [adaptive_controller_manager]: [status] active=MPC state=RUNNING_MPC | pp: health=ok state=active | mpc: health=ok | v_x=11.08 e_y=-0.338 theta=0.003 | params: stored_v=2 fwd_v=2 pending=no
[adaptive_controller_benchmark_node-4] [INFO] [1788713195.103731458] [adaptive_controller_benchmark_node]: [t= 212.1s] N=10600 RMS(e_y)=0.4170m Max|e_y|=2.6281m RMS(heading)=0.0238rad switches=1 emergency_halts=0 laps=1
[adaptive_controller_manager_node-3] [INFO] [1788713195.462417045] [adaptive_controller_manager]: [status] active=MPC state=RUNNING_MPC | pp: health=ok state=active | mpc: health=ok | v_x=13.64 e_y=-0.228 theta=0.020 | params: stored_v=2 fwd_v=2 pending=no
[adaptive_controller_manager_node-3] [INFO] [1788713197.462464562] [adaptive_controller_manager]: [status] active=MPC state=RUNNING_MPC | pp: health=ok state=active | mpc: health=ok | v_x=23.53 e_y=-0.043 theta=0.009 | params: stored_v=2 fwd_v=2 pending=no
[adaptive_controller_benchmark_node-4] [INFO] [1788713199.103586089] [adaptive_controller_benchmark_node]: [t= 216.1s] N=10800 RMS(e_y)=0.4134m Max|e_y|=2.6281m RMS(heading)=0.0237rad switches=1 emergency_halts=0 laps=1
[adaptive_controller_manager_node-3] [INFO] [1788713199.462680900] [adaptive_controller_manager]: [status] active=MPC state=RUNNING_MPC | pp: health=ok state=active | mpc: health=ok | v_x=18.35 e_y=0.052 theta=-0.004 | params: stored_v=2 fwd_v=2 pending=no
[adaptive_controller_manager_node-3] [INFO] [1788713201.424842453] [adaptive_controller_manager]: sysid/update_params: accepted and stored new tire params
[mpc_node-2] [INFO] [1788713201.442853218] [mpc_path_tracking]: tire params updated via mpc/update_params
[mpc_node-2] [INFO] [1788713201.442899608] [mpc_path_tracking]: model check: C_front=13194 N/rad C_rear=13901 N/rad -> understeering, linearization stable at all speeds
[mpc_node-2] [INFO] [1788713201.443191139] [mpc_path_tracking]: loaded 2916 raceline waypoints at speed cap 27.77 m/s, lateral cap 6.50 m/s^2 (0.66 g, identified grip ceiling 9.87 m/s^2 x 0.75 utilization = 7.40, capped by limits.lateral_accel_max 6.50); reference now peaks at 4.98 m/s^2 (0.51 g)
[adaptive_controller_manager_node-3] [INFO] [1788713201.482739269] [adaptive_controller_manager]: [status] active=MPC state=RUNNING_MPC | pp: health=ok state=active | mpc: health=ok | v_x=23.22 e_y=-0.020 theta=0.004 | params: stored_v=3 fwd_v=3 pending=no
[adaptive_controller_benchmark_node-4] [INFO] [1788713203.103873844] [adaptive_controller_benchmark_node]: [t= 220.1s] N=11000 RMS(e_y)=0.4097m Max|e_y|=2.6281m RMS(heading)=0.0236rad switches=1 emergency_halts=0 laps=1
[adaptive_controller_manager_node-3] [INFO] [1788713203.482852624] [adaptive_controller_manager]: [status] active=MPC state=RUNNING_MPC | pp: health=ok state=active | mpc: health=ok | v_x=26.08 e_y=-0.012 theta=-0.001 | params: stored_v=3 fwd_v=3 pending=no
[adaptive_controller_manager_node-3] [INFO] [1788713205.502843684] [adaptive_controller_manager]: [status] active=MPC state=RUNNING_MPC | pp: health=ok state=active | mpc: health=ok | v_x=25.63 e_y=0.006 theta=-0.002 | params: stored_v=3 fwd_v=3 pending=no
[adaptive_controller_benchmark_node-4] [INFO] [1788713207.103721576] [adaptive_controller_benchmark_node]: [t= 224.1s] N=11200 RMS(e_y)=0.4060m Max|e_y|=2.6281m RMS(heading)=0.0234rad switches=1 emergency_halts=0 laps=1
[adaptive_controller_manager_node-3] [INFO] [1788713207.522890219] [adaptive_controller_manager]: [status] active=MPC state=RUNNING_MPC | pp: health=ok state=active | mpc: health=ok | v_x=25.70 e_y=-0.009 theta=-0.001 | params: stored_v=3 fwd_v=3 pending=no
[adaptive_controller_manager_node-3] [INFO] [1788713209.522975539] [adaptive_controller_manager]: [status] active=MPC state=RUNNING_MPC | pp: health=ok state=active | mpc: health=ok | v_x=25.88 e_y=-0.011 theta=-0.000 | params: stored_v=3 fwd_v=3 pending=no
[adaptive_controller_benchmark_node-4] [INFO] [1788713211.103996771] [adaptive_controller_benchmark_node]: [t= 228.1s] N=11400 RMS(e_y)=0.4024m Max|e_y|=2.6281m RMS(heading)=0.0232rad switches=1 emergency_halts=0 laps=1
[adaptive_controller_manager_node-3] [INFO] [1788713211.523062312] [adaptive_controller_manager]: [status] active=MPC state=RUNNING_MPC | pp: health=ok state=active | mpc: health=ok | v_x=25.63 e_y=-0.007 theta=0.001 | params: stored_v=3 fwd_v=3 pending=no
[adaptive_controller_manager_node-3] [INFO] [1788713213.543054935] [adaptive_controller_manager]: [status] active=MPC state=RUNNING_MPC | pp: health=ok state=active | mpc: health=ok | v_x=19.68 e_y=-0.037 theta=0.015 | params: stored_v=3 fwd_v=3 pending=no
[adaptive_controller_benchmark_node-4] [INFO] [1788713215.104236627] [adaptive_controller_benchmark_node]: [t= 232.1s] N=11600 RMS(e_y)=0.3990m Max|e_y|=2.6281m RMS(heading)=0.0231rad switches=1 emergency_halts=0 laps=1
[adaptive_controller_manager_node-3] [INFO] [1788713215.543175350] [adaptive_controller_manager]: [status] active=MPC state=RUNNING_MPC | pp: health=ok state=active | mpc: health=ok | v_x=13.95 e_y=0.004 theta=0.000 | params: stored_v=3 fwd_v=3 pending=no
[adaptive_controller_manager_node-3] [INFO] [1788713217.543178713] [adaptive_controller_manager]: [status] active=MPC state=RUNNING_MPC | pp: health=ok state=active | mpc: health=ok | v_x=17.20 e_y=-0.124 theta=0.017 | params: stored_v=3 fwd_v=3 pending=no
[adaptive_controller_benchmark_node-4] [INFO] [1788713219.104346321] [adaptive_controller_benchmark_node]: [t= 236.1s] N=11800 RMS(e_y)=0.3959m Max|e_y|=2.6281m RMS(heading)=0.0231rad switches=1 emergency_halts=0 laps=1
[adaptive_controller_manager_node-3] [INFO] [1788713219.543178950] [adaptive_controller_manager]: [status] active=MPC state=RUNNING_MPC | pp: health=ok state=active | mpc: health=ok | v_x=16.97 e_y=0.113 theta=-0.034 | params: stored_v=3 fwd_v=3 pending=no
[adaptive_controller_manager_node-3] [INFO] [1788713221.543261809] [adaptive_controller_manager]: [status] active=MPC state=RUNNING_MPC | pp: health=ok state=active | mpc: health=ok | v_x=15.45 e_y=0.177 theta=-0.017 | params: stored_v=3 fwd_v=3 pending=no
[adaptive_controller_benchmark_node-4] [INFO] [1788713223.104458308] [adaptive_controller_benchmark_node]: [t= 240.1s] N=12000 RMS(e_y)=0.3929m Max|e_y|=2.6281m RMS(heading)=0.0232rad switches=1 emergency_halts=0 laps=1
[adaptive_controller_manager_node-3] [INFO] [1788713223.543283071] [adaptive_controller_manager]: [status] active=MPC state=RUNNING_MPC | pp: health=ok state=active | mpc: health=ok | v_x=16.30 e_y=0.077 theta=-0.051 | params: stored_v=3 fwd_v=3 pending=no
[adaptive_controller_manager_node-3] [INFO] [1788713225.543408505] [adaptive_controller_manager]: [status] active=MPC state=RUNNING_MPC | pp: health=ok state=active | mpc: health=ok | v_x=23.51 e_y=-0.075 theta=-0.006 | params: stored_v=3 fwd_v=3 pending=no
[adaptive_controller_benchmark_node-4] [INFO] [1788713227.104571594] [adaptive_controller_benchmark_node]: [t= 244.1s] N=12200 RMS(e_y)=0.3897m Max|e_y|=2.6281m RMS(heading)=0.0231rad switches=1 emergency_halts=0 laps=1
[adaptive_controller_manager_node-3] [INFO] [1788713227.563478152] [adaptive_controller_manager]: [status] active=MPC state=RUNNING_MPC | pp: health=ok state=active | mpc: health=ok | v_x=25.99 e_y=-0.069 theta=-0.013 | params: stored_v=3 fwd_v=3 pending=no
[adaptive_controller_manager_node-3] [INFO] [1788713229.563481275] [adaptive_controller_manager]: [status] active=MPC state=RUNNING_MPC | pp: health=ok state=active | mpc: health=ok | v_x=25.77 e_y=-0.109 theta=-0.019 | params: stored_v=3 fwd_v=3 pending=no
[adaptive_controller_benchmark_node-4] [INFO] [1788713231.104574504] [adaptive_controller_benchmark_node]: [t= 248.1s] N=12400 RMS(e_y)=0.3868m Max|e_y|=2.6281m RMS(heading)=0.0230rad switches=1 emergency_halts=0 laps=1
[adaptive_controller_manager_node-3] [INFO] [1788713231.563564493] [adaptive_controller_manager]: [status] active=MPC state=RUNNING_MPC | pp: health=ok state=active | mpc: health=ok | v_x=25.82 e_y=-0.089 theta=-0.013 | params: stored_v=3 fwd_v=3 pending=no
[adaptive_controller_manager_node-3] [INFO] [1788713233.583547594] [adaptive_controller_manager]: [status] active=MPC state=RUNNING_MPC | pp: health=ok state=active | mpc: health=ok | v_x=25.77 e_y=-0.029 theta=-0.001 | params: stored_v=3 fwd_v=3 pending=no
[adaptive_controller_benchmark_node-4] [INFO] [1788713235.105048378] [adaptive_controller_benchmark_node]: [t= 252.1s] N=12600 RMS(e_y)=0.3837m Max|e_y|=2.6281m RMS(heading)=0.0229rad switches=1 emergency_halts=0 laps=1
[adaptive_controller_manager_node-3] [INFO] [1788713235.583577298] [adaptive_controller_manager]: [status] active=MPC state=RUNNING_MPC | pp: health=ok state=active | mpc: health=ok | v_x=25.78 e_y=-0.008 theta=-0.001 | params: stored_v=3 fwd_v=3 pending=no
[adaptive_controller_manager_node-3] [INFO] [1788713237.583682590] [adaptive_controller_manager]: [status] active=MPC state=RUNNING_MPC | pp: health=ok state=active | mpc: health=ok | v_x=25.78 e_y=-0.011 theta=-0.001 | params: stored_v=3 fwd_v=3 pending=no
[adaptive_controller_benchmark_node-4] [INFO] [1788713239.104929745] [adaptive_controller_benchmark_node]: [t= 256.1s] N=12800 RMS(e_y)=0.3807m Max|e_y|=2.6281m RMS(heading)=0.0227rad switches=1 emergency_halts=0 laps=1
[adaptive_controller_manager_node-3] [INFO] [1788713239.603644056] [adaptive_controller_manager]: [status] active=MPC state=RUNNING_MPC | pp: health=ok state=active | mpc: health=ok | v_x=25.78 e_y=-0.011 theta=-0.001 | params: stored_v=3 fwd_v=3 pending=no
[adaptive_controller_manager_node-3] [INFO] [1788713241.603711795] [adaptive_controller_manager]: [status] active=MPC state=RUNNING_MPC | pp: health=ok state=active | mpc: health=ok | v_x=20.56 e_y=0.006 theta=-0.012 | params: stored_v=3 fwd_v=3 pending=no
[adaptive_controller_benchmark_node-4] [INFO] [1788713243.105102420] [adaptive_controller_benchmark_node]: [t= 260.1s] N=13000 RMS(e_y)=0.3778m Max|e_y|=2.6281m RMS(heading)=0.0226rad switches=1 emergency_halts=0 laps=1
[adaptive_controller_manager_node-3] [INFO] [1788713243.603722452] [adaptive_controller_manager]: [status] active=MPC state=RUNNING_MPC | pp: health=ok state=active | mpc: health=ok | v_x=20.68 e_y=-0.026 theta=-0.039 | params: stored_v=3 fwd_v=3 pending=no
[adaptive_controller_manager_node-3] [INFO] [1788713245.603756150] [adaptive_controller_manager]: [status] active=MPC state=RUNNING_MPC | pp: health=ok state=active | mpc: health=ok | v_x=25.68 e_y=-0.143 theta=-0.026 | params: stored_v=3 fwd_v=3 pending=no
[adaptive_controller_benchmark_node-4] [INFO] [1788713247.105400713] [adaptive_controller_benchmark_node]: [t= 264.1s] N=13200 RMS(e_y)=0.3751m Max|e_y|=2.6281m RMS(heading)=0.0227rad switches=1 emergency_halts=0 laps=1
[adaptive_controller_manager_node-3] [INFO] [1788713247.623715801] [adaptive_controller_manager]: [status] active=MPC state=RUNNING_MPC | pp: health=ok state=active | mpc: health=ok | v_x=25.82 e_y=-0.069 theta=-0.000 | params: stored_v=3 fwd_v=3 pending=no
[adaptive_controller_manager_node-3] [INFO] [1788713249.623791962] [adaptive_controller_manager]: [status] active=MPC state=RUNNING_MPC | pp: health=ok state=active | mpc: health=ok | v_x=25.74 e_y=-0.035 theta=-0.004 | params: stored_v=3 fwd_v=3 pending=no
[adaptive_controller_benchmark_node-4] [INFO] [1788713251.105242624] [adaptive_controller_benchmark_node]: [t= 268.1s] N=13400 RMS(e_y)=0.3723m Max|e_y|=2.6281m RMS(heading)=0.0225rad switches=1 emergency_halts=0 laps=1
[adaptive_controller_manager_node-3] [INFO] [1788713251.623825252] [adaptive_controller_manager]: [status] active=MPC state=RUNNING_MPC | pp: health=ok state=active | mpc: health=ok | v_x=25.81 e_y=-0.036 theta=-0.001 | params: stored_v=3 fwd_v=3 pending=no
[adaptive_controller_manager_node-3] [INFO] [1788713253.643846623] [adaptive_controller_manager]: [status] active=MPC state=RUNNING_MPC | pp: health=ok state=active | mpc: health=ok | v_x=25.82 e_y=-0.002 theta=0.005 | params: stored_v=3 fwd_v=3 pending=no
[adaptive_controller_benchmark_node-4] [INFO] [1788713255.105248136] [adaptive_controller_benchmark_node]: [t= 272.1s] N=13600 RMS(e_y)=0.3696m Max|e_y|=2.6281m RMS(heading)=0.0224rad switches=1 emergency_halts=0 laps=1
[adaptive_controller_manager_node-3] [INFO] [1788713255.643847625] [adaptive_controller_manager]: [status] active=MPC state=RUNNING_MPC | pp: health=ok state=active | mpc: health=ok | v_x=25.11 e_y=0.044 theta=0.035 | params: stored_v=3 fwd_v=3 pending=no
[adaptive_controller_manager_node-3] [INFO] [1788713257.644046763] [adaptive_controller_manager]: [status] active=MPC state=RUNNING_MPC | pp: health=ok state=active | mpc: health=ok | v_x=21.94 e_y=-0.010 theta=-0.048 | params: stored_v=3 fwd_v=3 pending=no
[adaptive_controller_benchmark_node-4] [INFO] [1788713259.105052353] [adaptive_controller_benchmark_node]: [t= 276.1s] N=13800 RMS(e_y)=0.3670m Max|e_y|=2.6281m RMS(heading)=0.0224rad switches=1 emergency_halts=0 laps=1
[adaptive_controller_manager_node-3] [INFO] [1788713259.663809765] [adaptive_controller_manager]: [status] active=MPC state=RUNNING_MPC | pp: health=ok state=active | mpc: health=ok | v_x=25.12 e_y=-0.142 theta=0.005 | params: stored_v=3 fwd_v=3 pending=no
[adaptive_controller_manager_node-3] [INFO] [1788713261.663843754] [adaptive_controller_manager]: [status] active=MPC state=RUNNING_MPC | pp: health=ok state=active | mpc: health=ok | v_x=19.18 e_y=-0.111 theta=0.030 | params: stored_v=3 fwd_v=3 pending=no
[adaptive_controller_benchmark_node-4] [INFO] [1788713263.105447987] [adaptive_controller_benchmark_node]: [t= 280.1s] N=14000 RMS(e_y)=0.3647m Max|e_y|=2.6281m RMS(heading)=0.0224rad switches=1 emergency_halts=0 laps=1
[adaptive_controller_manager_node-3] [INFO] [1788713263.663866235] [adaptive_controller_manager]: [status] active=MPC state=RUNNING_MPC | pp: health=ok state=active | mpc: health=ok | v_x=19.22 e_y=-0.015 theta=-0.006 | params: stored_v=3 fwd_v=3 pending=no
[adaptive_controller_manager_node-3] [INFO] [1788713265.663892686] [adaptive_controller_manager]: [status] active=MPC state=RUNNING_MPC | pp: health=ok state=active | mpc: health=ok | v_x=18.79 e_y=0.083 theta=-0.038 | params: stored_v=3 fwd_v=3 pending=no
[adaptive_controller_benchmark_node-4] [INFO] [1788713267.105249864] [adaptive_controller_benchmark_node]: [t= 284.1s] N=14200 RMS(e_y)=0.3622m Max|e_y|=2.6281m RMS(heading)=0.0225rad switches=1 emergency_halts=0 laps=1
[adaptive_controller_manager_node-3] [INFO] [1788713267.663933967] [adaptive_controller_manager]: [status] active=MPC state=RUNNING_MPC | pp: health=ok state=active | mpc: health=ok | v_x=24.05 e_y=-0.069 theta=-0.011 | params: stored_v=3 fwd_v=3 pending=no
[adaptive_controller_manager_node-3] [INFO] [1788713269.664049791] [adaptive_controller_manager]: [status] active=MPC state=RUNNING_MPC | pp: health=ok state=active | mpc: health=ok | v_x=26.29 e_y=0.072 theta=0.026 | params: stored_v=3 fwd_v=3 pending=no
[adaptive_controller_benchmark_node-4] [INFO] [1788713271.104904161] [adaptive_controller_benchmark_node]: [t= 288.1s] N=14400 RMS(e_y)=0.3598m Max|e_y|=2.6281m RMS(heading)=0.0224rad switches=1 emergency_halts=0 laps=1
[adaptive_controller_manager_node-3] [INFO] [1788713271.683968970] [adaptive_controller_manager]: [status] active=MPC state=RUNNING_MPC | pp: health=ok state=active | mpc: health=ok | v_x=25.51 e_y=0.003 theta=-0.000 | params: stored_v=3 fwd_v=3 pending=no
[adaptive_controller_manager_node-3] [INFO] [1788713273.703975530] [adaptive_controller_manager]: [status] active=MPC state=RUNNING_MPC | pp: health=ok state=active | mpc: health=ok | v_x=25.80 e_y=-0.005 theta=0.001 | params: stored_v=3 fwd_v=3 pending=no
[adaptive_controller_manager_node-3] [INFO] [1788713274.967149477] [adaptive_controller_manager]: sysid/update_params: accepted and stored new tire params
[mpc_node-2] [INFO] [1788713274.984033902] [mpc_path_tracking]: tire params updated via mpc/update_params
[mpc_node-2] [INFO] [1788713274.984077987] [mpc_path_tracking]: model check: C_front=13194 N/rad C_rear=13901 N/rad -> understeering, linearization stable at all speeds
[mpc_node-2] [INFO] [1788713274.984314997] [mpc_path_tracking]: loaded 2916 raceline waypoints at speed cap 27.77 m/s, lateral cap 6.50 m/s^2 (0.66 g, identified grip ceiling 9.87 m/s^2 x 0.75 utilization = 7.40, capped by limits.lateral_accel_max 6.50); reference now peaks at 4.98 m/s^2 (0.51 g)
[adaptive_controller_benchmark_node-4] [INFO] [1788713275.104906526] [adaptive_controller_benchmark_node]: [t= 292.1s] N=14600 RMS(e_y)=0.3573m Max|e_y|=2.6281m RMS(heading)=0.0223rad switches=1 emergency_halts=0 laps=1
[adaptive_controller_manager_node-3] [INFO] [1788713275.723975430] [adaptive_controller_manager]: [status] active=MPC state=RUNNING_MPC | pp: health=ok state=active | mpc: health=ok | v_x=25.89 e_y=-0.009 theta=-0.001 | params: stored_v=4 fwd_v=4 pending=no
[adaptive_controller_manager_node-3] [INFO] [1788713277.724085933] [adaptive_controller_manager]: [status] active=MPC state=RUNNING_MPC | pp: health=ok state=active | mpc: health=ok | v_x=25.72 e_y=-0.011 theta=-0.001 | params: stored_v=4 fwd_v=4 pending=no
[adaptive_controller_benchmark_node-4] [INFO] [1788713279.105209219] [adaptive_controller_benchmark_node]: [t= 296.1s] N=14800 RMS(e_y)=0.3549m Max|e_y|=2.6281m RMS(heading)=0.0221rad switches=1 emergency_halts=0 laps=1
[adaptive_controller_manager_node-3] [INFO] [1788713279.744031022] [adaptive_controller_manager]: [status] active=MPC state=RUNNING_MPC | pp: health=ok state=active | mpc: health=ok | v_x=25.79 e_y=-0.012 theta=-0.001 | params: stored_v=4 fwd_v=4 pending=no
[adaptive_controller_manager_node-3] [INFO] [1788713281.763942252] [adaptive_controller_manager]: [status] active=MPC state=RUNNING_MPC | pp: health=ok state=active | mpc: health=ok | v_x=25.80 e_y=-0.019 theta=-0.002 | params: stored_v=4 fwd_v=4 pending=no
[adaptive_controller_benchmark_node-4] [INFO] [1788713283.105210146] [adaptive_controller_benchmark_node]: [t= 300.1s] N=15000 RMS(e_y)=0.3525m Max|e_y|=2.6281m RMS(heading)=0.0220rad switches=1 emergency_halts=0 laps=1
[adaptive_controller_manager_node-3] [INFO] [1788713283.783954636] [adaptive_controller_manager]: [status] active=MPC state=RUNNING_MPC | pp: health=ok state=active | mpc: health=ok | v_x=22.94 e_y=-0.020 theta=-0.003 | params: stored_v=4 fwd_v=4 pending=no
[adaptive_controller_manager_node-3] [INFO] [1788713285.784054540] [adaptive_controller_manager]: [status] active=MPC state=RUNNING_MPC | pp: health=ok state=active | mpc: health=ok | v_x=19.45 e_y=-0.091 theta=-0.031 | params: stored_v=4 fwd_v=4 pending=no
[adaptive_controller_benchmark_node-4] [INFO] [1788713287.105329575] [adaptive_controller_benchmark_node]: [t= 304.1s] N=15200 RMS(e_y)=0.3502m Max|e_y|=2.6281m RMS(heading)=0.0219rad switches=1 emergency_halts=0 laps=1
[adaptive_controller_manager_node-3] [INFO] [1788713287.803950022] [adaptive_controller_manager]: [status] active=MPC state=RUNNING_MPC | pp: health=ok state=active | mpc: health=ok | v_x=18.54 e_y=0.057 theta=-0.037 | params: stored_v=4 fwd_v=4 pending=no
[adaptive_controller_manager_node-3] [INFO] [1788713289.804024853] [adaptive_controller_manager]: [status] active=MPC state=RUNNING_MPC | pp: health=ok state=active | mpc: health=ok | v_x=25.70 e_y=-0.262 theta=0.010 | params: stored_v=4 fwd_v=4 pending=no
[adaptive_controller_benchmark_node-4] [INFO] [1788713291.105299140] [adaptive_controller_benchmark_node]: [t= 308.1s] N=15400 RMS(e_y)=0.3481m Max|e_y|=2.6281m RMS(heading)=0.0220rad switches=1 emergency_halts=0 laps=1
[adaptive_controller_manager_node-3] [INFO] [1788713291.824033720] [adaptive_controller_manager]: [status] active=MPC state=RUNNING_MPC | pp: health=ok state=active | mpc: health=ok | v_x=25.74 e_y=0.041 theta=0.008 | params: stored_v=4 fwd_v=4 pending=no
[adaptive_controller_manager_node-3] [INFO] [1788713293.844070047] [adaptive_controller_manager]: [status] active=MPC state=RUNNING_MPC | pp: health=ok state=active | mpc: health=ok | v_x=24.26 e_y=0.000 theta=0.001 | params: stored_v=4 fwd_v=4 pending=no
[adaptive_controller_benchmark_node-4] [INFO] [1788713295.105810341] [adaptive_controller_benchmark_node]: [t= 312.1s] N=15600 RMS(e_y)=0.3459m Max|e_y|=2.6281m RMS(heading)=0.0218rad switches=1 emergency_halts=0 laps=1
[adaptive_controller_manager_node-3] [INFO] [1788713295.844076022] [adaptive_controller_manager]: [status] active=MPC state=RUNNING_MPC | pp: health=ok state=active | mpc: health=ok | v_x=11.67 e_y=0.030 theta=0.001 | params: stored_v=4 fwd_v=4 pending=no
[adaptive_controller_manager_node-3] [INFO] [1788713297.863993831] [adaptive_controller_manager]: [status] active=MPC state=RUNNING_MPC | pp: health=ok state=active | mpc: health=ok | v_x=9.34 e_y=-0.120 theta=0.007 | params: stored_v=4 fwd_v=4 pending=no
[adaptive_controller_benchmark_node-4] [INFO] [1788713299.105193663] [adaptive_controller_benchmark_node]: [t= 316.1s] N=15800 RMS(e_y)=0.3443m Max|e_y|=2.6281m RMS(heading)=0.0217rad switches=1 emergency_halts=0 laps=1
[adaptive_controller_manager_node-3] [INFO] [1788713299.883927567] [adaptive_controller_manager]: [status] active=MPC state=RUNNING_MPC | pp: health=ok state=active | mpc: health=ok | v_x=12.08 e_y=-0.328 theta=0.022 | params: stored_v=4 fwd_v=4 pending=no
[adaptive_controller_manager_node-3] [INFO] [1788713301.884062011] [adaptive_controller_manager]: [status] active=MPC state=RUNNING_MPC | pp: health=ok state=active | mpc: health=ok | v_x=12.88 e_y=0.383 theta=-0.022 | params: stored_v=4 fwd_v=4 pending=no
[adaptive_controller_benchmark_node-4] [INFO] [1788713303.105459692] [adaptive_controller_benchmark_node]: [t= 320.1s] N=16000 RMS(e_y)=0.3436m Max|e_y|=2.6281m RMS(heading)=0.0218rad switches=1 emergency_halts=0 laps=1
[adaptive_controller_manager_node-3] [INFO] [1788713303.903992730] [adaptive_controller_manager]: [status] active=MPC state=RUNNING_MPC | pp: health=ok state=active | mpc: health=ok | v_x=21.97 e_y=-0.086 theta=-0.013 | params: stored_v=4 fwd_v=4 pending=no
[adaptive_controller_manager_node-3] [INFO] [1788713305.923946807] [adaptive_controller_manager]: [status] active=MPC state=RUNNING_MPC | pp: health=ok state=active | mpc: health=ok | v_x=18.63 e_y=-0.012 theta=-0.017 | params: stored_v=4 fwd_v=4 pending=no
[adaptive_controller_benchmark_node-4] [INFO] [1788713307.104932635] [adaptive_controller_benchmark_node]: [t= 324.1s] N=16200 RMS(e_y)=0.3415m Max|e_y|=2.6281m RMS(heading)=0.0218rad switches=1 emergency_halts=0 laps=1
[adaptive_controller_manager_node-3] [INFO] [1788713307.924046243] [adaptive_controller_manager]: [status] active=MPC state=RUNNING_MPC | pp: health=ok state=active | mpc: health=ok | v_x=19.54 e_y=-0.067 theta=-0.023 | params: stored_v=4 fwd_v=4 pending=no
[adaptive_controller_manager_node-3] [INFO] [1788713309.944061563] [adaptive_controller_manager]: [status] active=MPC state=RUNNING_MPC | pp: health=ok state=active | mpc: health=ok | v_x=25.88 e_y=-0.047 theta=0.002 | params: stored_v=4 fwd_v=4 pending=no
[adaptive_controller_benchmark_node-4] [INFO] [1788713311.104794093] [adaptive_controller_benchmark_node]: [t= 328.1s] N=16400 RMS(e_y)=0.3395m Max|e_y|=2.6281m RMS(heading)=0.0218rad switches=1 emergency_halts=0 laps=1
[adaptive_controller_manager_node-3] [INFO] [1788713311.963956247] [adaptive_controller_manager]: [status] active=MPC state=RUNNING_MPC | pp: health=ok state=active | mpc: health=ok | v_x=25.95 e_y=-0.019 theta=0.002 | params: stored_v=4 fwd_v=4 pending=no
[adaptive_controller_manager_node-3] [INFO] [1788713313.964115209] [adaptive_controller_manager]: [status] active=MPC state=RUNNING_MPC | pp: health=ok state=active | mpc: health=ok | v_x=25.49 e_y=-0.001 theta=0.000 | params: stored_v=4 fwd_v=4 pending=no
[adaptive_controller_benchmark_node-4] [INFO] [1788713315.104885417] [adaptive_controller_benchmark_node]: [t= 332.1s] N=16600 RMS(e_y)=0.3375m Max|e_y|=2.6281m RMS(heading)=0.0217rad switches=1 emergency_halts=0 laps=1
[adaptive_controller_manager_node-3] [INFO] [1788713315.983960161] [adaptive_controller_manager]: [status] active=MPC state=RUNNING_MPC | pp: health=ok state=active | mpc: health=ok | v_x=26.07 e_y=-0.001 theta=-0.003 | params: stored_v=4 fwd_v=4 pending=no
[adaptive_controller_manager_node-3] [INFO] [1788713317.983964988] [adaptive_controller_manager]: [status] active=MPC state=RUNNING_MPC | pp: health=ok state=active | mpc: health=ok | v_x=25.02 e_y=-0.008 theta=0.002 | params: stored_v=4 fwd_v=4 pending=no
[adaptive_controller_benchmark_node-4] [INFO] [1788713319.105246744] [adaptive_controller_benchmark_node]: [t= 336.1s] N=16800 RMS(e_y)=0.3355m Max|e_y|=2.6281m RMS(heading)=0.0215rad switches=1 emergency_halts=0 laps=2
[adaptive_controller_manager_node-3] [INFO] [1788713319.983991166] [adaptive_controller_manager]: [status] active=MPC state=RUNNING_MPC | pp: health=ok state=active | mpc: health=ok | v_x=19.69 e_y=0.003 theta=-0.011 | params: stored_v=4 fwd_v=4 pending=no
[adaptive_controller_manager_node-3] [INFO] [1788713322.003880029] [adaptive_controller_manager]: [status] active=MPC state=RUNNING_MPC | pp: health=ok state=active | mpc: health=ok | v_x=21.23 e_y=-0.015 theta=-0.039 | params: stored_v=4 fwd_v=4 pending=no
[adaptive_controller_benchmark_node-4] [INFO] [1788713323.104867185] [adaptive_controller_benchmark_node]: [t= 340.1s] N=17000 RMS(e_y)=0.3336m Max|e_y|=2.6281m RMS(heading)=0.0216rad switches=1 emergency_halts=0 laps=2
[adaptive_controller_manager_node-3] [INFO] [1788713324.003905101] [adaptive_controller_manager]: [status] active=MPC state=RUNNING_MPC | pp: health=ok state=active | mpc: health=ok | v_x=25.98 e_y=-0.156 theta=-0.007 | params: stored_v=4 fwd_v=4 pending=no
[adaptive_controller_manager_node-3] [INFO] [1788713326.003920601] [adaptive_controller_manager]: [status] active=MPC state=RUNNING_MPC | pp: health=ok state=active | mpc: health=ok | v_x=25.59 e_y=0.113 theta=0.014 | params: stored_v=4 fwd_v=4 pending=no
[adaptive_controller_benchmark_node-4] [INFO] [1788713327.106501175] [adaptive_controller_benchmark_node]: [t= 344.1s] N=17200 RMS(e_y)=0.3318m Max|e_y|=2.6281m RMS(heading)=0.0215rad switches=1 emergency_halts=0 laps=2
[adaptive_controller_manager_node-3] [INFO] [1788713328.003940852] [adaptive_controller_manager]: [status] active=MPC state=RUNNING_MPC | pp: health=ok state=active | mpc: health=ok | v_x=25.97 e_y=0.083 theta=0.019 | params: stored_v=4 fwd_v=4 pending=no
[adaptive_controller_manager_node-3] [INFO] [1788713330.023908403] [adaptive_controller_manager]: [status] active=MPC state=RUNNING_MPC | pp: health=ok state=active | mpc: health=ok | v_x=24.87 e_y=0.054 theta=0.002 | params: stored_v=4 fwd_v=4 pending=no
[adaptive_controller_benchmark_node-4] [INFO] [1788713331.104878503] [adaptive_controller_benchmark_node]: [t= 348.1s] N=17400 RMS(e_y)=0.3300m Max|e_y|=2.6281m RMS(heading)=0.0215rad switches=1 emergency_halts=0 laps=2
[adaptive_controller_manager_node-3] [INFO] [1788713332.043991376] [adaptive_controller_manager]: [status] active=MPC state=RUNNING_MPC | pp: health=ok state=active | mpc: health=ok | v_x=13.54 e_y=0.012 theta=0.001 | params: stored_v=4 fwd_v=4 pending=no
[adaptive_controller_manager_node-3] [INFO] [1788713334.063822501] [adaptive_controller_manager]: [status] active=MPC state=RUNNING_MPC | pp: health=ok state=active | mpc: health=ok | v_x=11.53 e_y=0.137 theta=-0.003 | params: stored_v=4 fwd_v=4 pending=no
[adaptive_controller_benchmark_node-4] [INFO] [1788713335.105204634] [adaptive_controller_benchmark_node]: [t= 352.1s] N=17600 RMS(e_y)=0.3284m Max|e_y|=2.6281m RMS(heading)=0.0214rad switches=1 emergency_halts=0 laps=2
[adaptive_controller_manager_node-3] [INFO] [1788713336.065159467] [adaptive_controller_manager]: [status] active=MPC state=RUNNING_MPC | pp: health=ok state=active | mpc: health=ok | v_x=13.25 e_y=0.225 theta=-0.017 | params: stored_v=4 fwd_v=4 pending=no
[adaptive_controller_manager_node-3] [INFO] [1788713338.083806990] [adaptive_controller_manager]: [status] active=MPC state=RUNNING_MPC | pp: health=ok state=active | mpc: health=ok | v_x=12.49 e_y=0.026 theta=0.006 | params: stored_v=4 fwd_v=4 pending=no
[adaptive_controller_benchmark_node-4] [INFO] [1788713339.104858276] [adaptive_controller_benchmark_node]: [t= 356.1s] N=17800 RMS(e_y)=0.3270m Max|e_y|=2.6281m RMS(heading)=0.0214rad switches=1 emergency_halts=0 laps=2
[adaptive_controller_manager_node-3] [INFO] [1788713340.083830484] [adaptive_controller_manager]: [status] active=MPC state=RUNNING_MPC | pp: health=ok state=active | mpc: health=ok | v_x=10.82 e_y=-0.184 theta=0.028 | params: stored_v=4 fwd_v=4 pending=no
[adaptive_controller_manager_node-3] [INFO] [1788713342.083834855] [adaptive_controller_manager]: [status] active=MPC state=RUNNING_MPC | pp: health=ok state=active | mpc: health=ok | v_x=12.26 e_y=-0.356 theta=0.010 | params: stored_v=4 fwd_v=4 pending=no
[adaptive_controller_benchmark_node-4] [INFO] [1788713343.104997586] [adaptive_controller_benchmark_node]: [t= 360.1s] N=18000 RMS(e_y)=0.3265m Max|e_y|=2.6281m RMS(heading)=0.0214rad switches=1 emergency_halts=0 laps=2
[adaptive_controller_manager_node-3] [INFO] [1788713344.083839420] [adaptive_controller_manager]: [status] active=MPC state=RUNNING_MPC | pp: health=ok state=active | mpc: health=ok | v_x=21.53 e_y=-0.011 theta=0.004 | params: stored_v=4 fwd_v=4 pending=no
[adaptive_controller_manager_node-3] [INFO] [1788713346.103889177] [adaptive_controller_manager]: [status] active=MPC state=RUNNING_MPC | pp: health=ok state=active | mpc: health=ok | v_x=18.52 e_y=0.102 theta=0.019 | params: stored_v=4 fwd_v=4 pending=no
[adaptive_controller_benchmark_node-4] [INFO] [1788713347.104855377] [adaptive_controller_benchmark_node]: [t= 364.1s] N=18200 RMS(e_y)=0.3247m Max|e_y|=2.6281m RMS(heading)=0.0213rad switches=1 emergency_halts=0 laps=2
[adaptive_controller_manager_node-3] [INFO] [1788713348.123760917] [adaptive_controller_manager]: [status] active=MPC state=RUNNING_MPC | pp: health=ok state=active | mpc: health=ok | v_x=20.88 e_y=0.001 theta=0.011 | params: stored_v=4 fwd_v=4 pending=no
[adaptive_controller_manager_node-3] [INFO] [1788713349.131444072] [adaptive_controller_manager]: sysid/update_params: accepted and stored new tire params
[mpc_node-2] [INFO] [1788713349.143841367] [mpc_path_tracking]: tire params updated via mpc/update_params
[mpc_node-2] [INFO] [1788713349.143922760] [mpc_path_tracking]: model check: C_front=13194 N/rad C_rear=13901 N/rad -> understeering, linearization stable at all speeds
[mpc_node-2] [INFO] [1788713349.144233410] [mpc_path_tracking]: loaded 2916 raceline waypoints at speed cap 27.77 m/s, lateral cap 6.50 m/s^2 (0.66 g, identified grip ceiling 9.87 m/s^2 x 0.75 utilization = 7.40, capped by limits.lateral_accel_max 6.50); reference now peaks at 4.98 m/s^2 (0.51 g)
[adaptive_controller_manager_node-3] [INFO] [1788713350.123803691] [adaptive_controller_manager]: [status] active=MPC state=RUNNING_MPC | pp: health=ok state=active | mpc: health=ok | v_x=25.49 e_y=0.004 theta=0.000 | params: stored_v=5 fwd_v=5 pending=no
[adaptive_controller_benchmark_node-4] [INFO] [1788713351.104711093] [adaptive_controller_benchmark_node]: [t= 368.1s] N=18400 RMS(e_y)=0.3230m Max|e_y|=2.6281m RMS(heading)=0.0213rad switches=1 emergency_halts=0 laps=2
[adaptive_controller_manager_node-3] [INFO] [1788713352.143783436] [adaptive_controller_manager]: [status] active=MPC state=RUNNING_MPC | pp: health=ok state=active | mpc: health=ok | v_x=25.97 e_y=-0.035 theta=0.001 | params: stored_v=5 fwd_v=5 pending=no
[adaptive_controller_manager_node-3] [INFO] [1788713354.143848044] [adaptive_controller_manager]: [status] active=MPC state=RUNNING_MPC | pp: health=ok state=active | mpc: health=ok | v_x=25.79 e_y=-0.008 theta=-0.001 | params: stored_v=5 fwd_v=5 pending=no
[adaptive_controller_benchmark_node-4] [INFO] [1788713355.104640870] [adaptive_controller_benchmark_node]: [t= 372.1s] N=18600 RMS(e_y)=0.3212m Max|e_y|=2.6281m RMS(heading)=0.0212rad switches=1 emergency_halts=0 laps=2
[adaptive_controller_manager_node-3] [INFO] [1788713356.163664765] [adaptive_controller_manager]: [status] active=MPC state=RUNNING_MPC | pp: health=ok state=active | mpc: health=ok | v_x=25.73 e_y=0.001 theta=-0.002 | params: stored_v=5 fwd_v=5 pending=no
[adaptive_controller_manager_node-3] [INFO] [1788713358.183818066] [adaptive_controller_manager]: [status] active=MPC state=RUNNING_MPC | pp: health=ok state=active | mpc: health=ok | v_x=25.80 e_y=-0.003 theta=-0.001 | params: stored_v=5 fwd_v=5 pending=no
[adaptive_controller_benchmark_node-4] [INFO] [1788713359.105089822] [adaptive_controller_benchmark_node]: [t= 376.1s] N=18800 RMS(e_y)=0.3195m Max|e_y|=2.6281m RMS(heading)=0.0210rad switches=1 emergency_halts=0 laps=2
[adaptive_controller_manager_node-3] [INFO] [1788713360.203684622] [adaptive_controller_manager]: [status] active=MPC state=RUNNING_MPC | pp: health=ok state=active | mpc: health=ok | v_x=19.04 e_y=0.067 theta=0.008 | params: stored_v=5 fwd_v=5 pending=no
[adaptive_controller_manager_node-3] [INFO] [1788713362.203709793] [adaptive_controller_manager]: [status] active=MPC state=RUNNING_MPC | pp: health=ok state=active | mpc: health=ok | v_x=16.12 e_y=0.033 theta=0.021 | params: stored_v=5 fwd_v=5 pending=no
[adaptive_controller_benchmark_node-4] [INFO] [1788713363.105023726] [adaptive_controller_benchmark_node]: [t= 380.1s] N=19000 RMS(e_y)=0.3179m Max|e_y|=2.6281m RMS(heading)=0.0210rad switches=1 emergency_halts=0 laps=2
[adaptive_controller_manager_node-3] [INFO] [1788713364.223683759] [adaptive_controller_manager]: [status] active=MPC state=RUNNING_MPC | pp: health=ok state=active | mpc: health=ok | v_x=15.06 e_y=-0.145 theta=0.034 | params: stored_v=5 fwd_v=5 pending=no
[adaptive_controller_manager_node-3] [INFO] [1788713366.243660243] [adaptive_controller_manager]: [status] active=MPC state=RUNNING_MPC | pp: health=ok state=active | mpc: health=ok | v_x=16.16 e_y=0.029 theta=-0.012 | params: stored_v=5 fwd_v=5 pending=no
[adaptive_controller_benchmark_node-4] [INFO] [1788713367.104933384] [adaptive_controller_benchmark_node]: [t= 384.1s] N=19200 RMS(e_y)=0.3165m Max|e_y|=2.6281m RMS(heading)=0.0211rad switches=1 emergency_halts=0 laps=2
[adaptive_controller_manager_node-3] [INFO] [1788713368.263600237] [adaptive_controller_manager]: [status] active=MPC state=RUNNING_MPC | pp: health=ok state=active | mpc: health=ok | v_x=14.92 e_y=0.124 theta=-0.008 | params: stored_v=5 fwd_v=5 pending=no
[adaptive_controller_manager_node-3] [INFO] [1788713370.283694422] [adaptive_controller_manager]: [status] active=MPC state=RUNNING_MPC | pp: health=ok state=active | mpc: health=ok | v_x=16.33 e_y=0.113 theta=-0.043 | params: stored_v=5 fwd_v=5 pending=no
[adaptive_controller_benchmark_node-4] [INFO] [1788713371.105063787] [adaptive_controller_benchmark_node]: [t= 388.1s] N=19400 RMS(e_y)=0.3151m Max|e_y|=2.6281m RMS(heading)=0.0212rad switches=1 emergency_halts=0 laps=2
[adaptive_controller_manager_node-3] [INFO] [1788713372.303761333] [adaptive_controller_manager]: [status] active=MPC state=RUNNING_MPC | pp: health=ok state=active | mpc: health=ok | v_x=21.56 e_y=-0.071 theta=-0.018 | params: stored_v=5 fwd_v=5 pending=no
[adaptive_controller_manager_node-3] [INFO] [1788713374.323647354] [adaptive_controller_manager]: [status] active=MPC state=RUNNING_MPC | pp: health=ok state=active | mpc: health=ok | v_x=25.70 e_y=-0.038 theta=-0.010 | params: stored_v=5 fwd_v=5 pending=no
[adaptive_controller_benchmark_node-4] [INFO] [1788713375.104624516] [adaptive_controller_benchmark_node]: [t= 392.1s] N=19600 RMS(e_y)=0.3135m Max|e_y|=2.6281m RMS(heading)=0.0211rad switches=1 emergency_halts=0 laps=2
[adaptive_controller_manager_node-3] [INFO] [1788713376.343570681] [adaptive_controller_manager]: [status] active=MPC state=RUNNING_MPC | pp: health=ok state=active | mpc: health=ok | v_x=25.80 e_y=-0.081 theta=-0.019 | params: stored_v=5 fwd_v=5 pending=no
[adaptive_controller_manager_node-3] [INFO] [1788713378.363661557] [adaptive_controller_manager]: [status] active=MPC state=RUNNING_MPC | pp: health=ok state=active | mpc: health=ok | v_x=25.79 e_y=-0.095 theta=-0.015 | params: stored_v=5 fwd_v=5 pending=no
[adaptive_controller_benchmark_node-4] [INFO] [1788713379.104973486] [adaptive_controller_benchmark_node]: [t= 396.1s] N=19800 RMS(e_y)=0.3121m Max|e_y|=2.6281m RMS(heading)=0.0211rad switches=1 emergency_halts=0 laps=2
[adaptive_controller_manager_node-3] [INFO] [1788713380.383547076] [adaptive_controller_manager]: [status] active=MPC state=RUNNING_MPC | pp: health=ok state=active | mpc: health=ok | v_x=25.79 e_y=-0.050 theta=-0.002 | params: stored_v=5 fwd_v=5 pending=no
[adaptive_controller_manager_node-3] [INFO] [1788713382.403501192] [adaptive_controller_manager]: [status] active=MPC state=RUNNING_MPC | pp: health=ok state=active | mpc: health=ok | v_x=25.77 e_y=-0.010 theta=-0.001 | params: stored_v=5 fwd_v=5 pending=no
[adaptive_controller_benchmark_node-4] [INFO] [1788713383.104657017] [adaptive_controller_benchmark_node]: [t= 400.1s] N=20000 RMS(e_y)=0.3106m Max|e_y|=2.6281m RMS(heading)=0.0210rad switches=1 emergency_halts=0 laps=2
[adaptive_controller_manager_node-3] [INFO] [1788713384.423696771] [adaptive_controller_manager]: [status] active=MPC state=RUNNING_MPC | pp: health=ok state=active | mpc: health=ok | v_x=25.78 e_y=-0.009 theta=-0.001 | params: stored_v=5 fwd_v=5 pending=no
[adaptive_controller_manager_node-3] [INFO] [1788713386.443444856] [adaptive_controller_manager]: [status] active=MPC state=RUNNING_MPC | pp: health=ok state=active | mpc: health=ok | v_x=25.78 e_y=-0.011 theta=-0.001 | params: stored_v=5 fwd_v=5 pending=no
[adaptive_controller_benchmark_node-4] [INFO] [1788713387.104637041] [adaptive_controller_benchmark_node]: [t= 404.1s] N=20200 RMS(e_y)=0.3090m Max|e_y|=2.6281m RMS(heading)=0.0209rad switches=1 emergency_halts=0 laps=2
[adaptive_controller_manager_node-3] [INFO] [1788713388.443508023] [adaptive_controller_manager]: [status] active=MPC state=RUNNING_MPC | pp: health=ok state=active | mpc: health=ok | v_x=22.48 e_y=0.029 theta=-0.010 | params: stored_v=5 fwd_v=5 pending=no
[adaptive_controller_manager_node-3] [INFO] [1788713390.463404590] [adaptive_controller_manager]: [status] active=MPC state=RUNNING_MPC | pp: health=ok state=active | mpc: health=ok | v_x=20.95 e_y=-0.033 theta=-0.024 | params: stored_v=5 fwd_v=5 pending=no
[adaptive_controller_benchmark_node-4] [INFO] [1788713391.105034280] [adaptive_controller_benchmark_node]: [t= 408.1s] N=20400 RMS(e_y)=0.3075m Max|e_y|=2.6281m RMS(heading)=0.0209rad switches=1 emergency_halts=0 laps=2
[adaptive_controller_manager_node-3] [INFO] [1788713392.463494611] [adaptive_controller_manager]: [status] active=MPC state=RUNNING_MPC | pp: health=ok state=active | mpc: health=ok | v_x=24.44 e_y=-0.082 theta=-0.033 | params: stored_v=5 fwd_v=5 pending=no
[adaptive_controller_manager_node-3] [INFO] [1788713394.483414584] [adaptive_controller_manager]: [status] active=MPC state=RUNNING_MPC | pp: health=ok state=active | mpc: health=ok | v_x=25.98 e_y=-0.058 theta=-0.011 | params: stored_v=5 fwd_v=5 pending=no
[adaptive_controller_benchmark_node-4] [INFO] [1788713395.104652476] [adaptive_controller_benchmark_node]: [t= 412.1s] N=20600 RMS(e_y)=0.3061m Max|e_y|=2.6281m RMS(heading)=0.0209rad switches=1 emergency_halts=0 laps=2
[adaptive_controller_manager_node-3] [INFO] [1788713396.503359239] [adaptive_controller_manager]: [status] active=MPC state=RUNNING_MPC | pp: health=ok state=active | mpc: health=ok | v_x=25.66 e_y=-0.046 theta=-0.003 | params: stored_v=5 fwd_v=5 pending=no
[adaptive_controller_manager_node-3] [INFO] [1788713398.523317079] [adaptive_controller_manager]: [status] active=MPC state=RUNNING_MPC | pp: health=ok state=active | mpc: health=ok | v_x=25.81 e_y=-0.014 theta=-0.008 | params: stored_v=5 fwd_v=5 pending=no
[adaptive_controller_benchmark_node-4] [INFO] [1788713399.104470300] [adaptive_controller_benchmark_node]: [t= 416.1s] N=20800 RMS(e_y)=0.3047m Max|e_y|=2.6281m RMS(heading)=0.0208rad switches=1 emergency_halts=0 laps=2
[adaptive_controller_manager_node-3] [INFO] [1788713400.543563082] [adaptive_controller_manager]: [status] active=MPC state=RUNNING_MPC | pp: health=ok state=active | mpc: health=ok | v_x=25.69 e_y=-0.009 theta=-0.000 | params: stored_v=5 fwd_v=5 pending=no
[adaptive_controller_manager_node-3] [INFO] [1788713402.563350102] [adaptive_controller_manager]: [status] active=MPC state=RUNNING_MPC | pp: health=ok state=active | mpc: health=ok | v_x=25.84 e_y=0.059 theta=0.016 | params: stored_v=5 fwd_v=5 pending=no
[adaptive_controller_benchmark_node-4] [INFO] [1788713403.105241369] [adaptive_controller_benchmark_node]: [t= 420.1s] N=21000 RMS(e_y)=0.3032m Max|e_y|=2.6281m RMS(heading)=0.0207rad switches=1 emergency_halts=0 laps=2
[adaptive_controller_manager_node-3] [INFO] [1788713404.583243863] [adaptive_controller_manager]: [status] active=MPC state=RUNNING_MPC | pp: health=ok state=active | mpc: health=ok | v_x=21.48 e_y=0.010 theta=-0.016 | params: stored_v=5 fwd_v=5 pending=no
[adaptive_controller_manager_node-3] [INFO] [1788713406.583332003] [adaptive_controller_manager]: [status] active=MPC state=RUNNING_MPC | pp: health=ok state=active | mpc: health=ok | v_x=24.56 e_y=-0.056 theta=-0.014 | params: stored_v=5 fwd_v=5 pending=no
[adaptive_controller_benchmark_node-4] [INFO] [1788713407.104550242] [adaptive_controller_benchmark_node]: [t= 424.1s] N=21200 RMS(e_y)=0.3019m Max|e_y|=2.6281m RMS(heading)=0.0208rad switches=1 emergency_halts=0 laps=2
[adaptive_controller_manager_node-3] [INFO] [1788713408.603251944] [adaptive_controller_manager]: [status] active=MPC state=RUNNING_MPC | pp: health=ok state=active | mpc: health=ok | v_x=18.41 e_y=0.083 theta=0.006 | params: stored_v=5 fwd_v=5 pending=no
[adaptive_controller_manager_node-3] [INFO] [1788713410.623349593] [adaptive_controller_manager]: [status] active=MPC state=RUNNING_MPC | pp: health=ok state=active | mpc: health=ok | v_x=18.78 e_y=0.042 theta=-0.008 | params: stored_v=5 fwd_v=5 pending=no
[adaptive_controller_benchmark_node-4] [INFO] [1788713411.104360543] [adaptive_controller_benchmark_node]: [t= 428.1s] N=21400 RMS(e_y)=0.3007m Max|e_y|=2.6281m RMS(heading)=0.0208rad switches=1 emergency_halts=0 laps=2
[adaptive_controller_manager_node-3] [INFO] [1788713412.643239793] [adaptive_controller_manager]: [status] active=MPC state=RUNNING_MPC | pp: health=ok state=active | mpc: health=ok | v_x=18.34 e_y=-0.057 theta=-0.028 | params: stored_v=5 fwd_v=5 pending=no
[adaptive_controller_manager_node-3] [INFO] [1788713414.663223553] [adaptive_controller_manager]: [status] active=MPC state=RUNNING_MPC | pp: health=ok state=active | mpc: health=ok | v_x=22.19 e_y=0.022 theta=-0.024 | params: stored_v=5 fwd_v=5 pending=no
[adaptive_controller_benchmark_node-4] [INFO] [1788713415.104568706] [adaptive_controller_benchmark_node]: [t= 432.1s] N=21600 RMS(e_y)=0.2994m Max|e_y|=2.6281m RMS(heading)=0.0209rad switches=1 emergency_halts=0 laps=2
[adaptive_controller_manager_node-3] [INFO] [1788713416.683230557] [adaptive_controller_manager]: [status] active=MPC state=RUNNING_MPC | pp: health=ok state=active | mpc: health=ok | v_x=25.35 e_y=-0.008 theta=0.030 | params: stored_v=5 fwd_v=5 pending=no
[adaptive_controller_manager_node-3] [INFO] [1788713418.703205042] [adaptive_controller_manager]: [status] active=MPC state=RUNNING_MPC | pp: health=ok state=active | mpc: health=ok | v_x=25.88 e_y=0.012 theta=-0.001 | params: stored_v=5 fwd_v=5 pending=no
[adaptive_controller_benchmark_node-4] [INFO] [1788713419.104379853] [adaptive_controller_benchmark_node]: [t= 436.1s] N=21800 RMS(e_y)=0.2981m Max|e_y|=2.6281m RMS(heading)=0.0208rad switches=1 emergency_halts=0 laps=2
[adaptive_controller_manager_node-3] [INFO] [1788713420.723147873] [adaptive_controller_manager]: [status] active=MPC state=RUNNING_MPC | pp: health=ok state=active | mpc: health=ok | v_x=25.91 e_y=-0.008 theta=-0.001 | params: stored_v=5 fwd_v=5 pending=no
[adaptive_controller_manager_node-3] [INFO] [1788713422.426015190] [adaptive_controller_manager]: sysid/update_params: accepted and stored new tire params
[mpc_node-2] [INFO] [1788713422.443299838] [mpc_path_tracking]: tire params updated via mpc/update_params
[mpc_node-2] [INFO] [1788713422.443361163] [mpc_path_tracking]: model check: C_front=13194 N/rad C_rear=13901 N/rad -> understeering, linearization stable at all speeds
[mpc_node-2] [INFO] [1788713422.443644263] [mpc_path_tracking]: loaded 2916 raceline waypoints at speed cap 27.77 m/s, lateral cap 6.50 m/s^2 (0.66 g, identified grip ceiling 9.87 m/s^2 x 0.75 utilization = 7.40, capped by limits.lateral_accel_max 6.50); reference now peaks at 4.98 m/s^2 (0.51 g)
[adaptive_controller_manager_node-3] [INFO] [1788713422.743122011] [adaptive_controller_manager]: [status] active=MPC state=RUNNING_MPC | pp: health=ok state=active | mpc: health=ok | v_x=25.71 e_y=-0.002 theta=-0.001 | params: stored_v=6 fwd_v=6 pending=no
[adaptive_controller_benchmark_node-4] [INFO] [1788713423.104343854] [adaptive_controller_benchmark_node]: [t= 440.1s] N=22000 RMS(e_y)=0.2967m Max|e_y|=2.6281m RMS(heading)=0.0208rad switches=1 emergency_halts=0 laps=2
[adaptive_controller_manager_node-3] [INFO] [1788713424.743146658] [adaptive_controller_manager]: [status] active=MPC state=RUNNING_MPC | pp: health=ok state=active | mpc: health=ok | v_x=25.78 e_y=-0.009 theta=-0.001 | params: stored_v=6 fwd_v=6 pending=no
[adaptive_controller_manager_node-3] [INFO] [1788713426.763064535] [adaptive_controller_manager]: [status] active=MPC state=RUNNING_MPC | pp: health=ok state=active | mpc: health=ok | v_x=25.80 e_y=-0.013 theta=-0.001 | params: stored_v=6 fwd_v=6 pending=no
[adaptive_controller_benchmark_node-4] [INFO] [1788713427.104129032] [adaptive_controller_benchmark_node]: [t= 444.1s] N=22200 RMS(e_y)=0.2954m Max|e_y|=2.6281m RMS(heading)=0.0207rad switches=1 emergency_halts=0 laps=2
[adaptive_controller_manager_node-3] [INFO] [1788713428.783130846] [adaptive_controller_manager]: [status] active=MPC state=RUNNING_MPC | pp: health=ok state=active | mpc: health=ok | v_x=25.77 e_y=-0.017 theta=-0.003 | params: stored_v=6 fwd_v=6 pending=no
[adaptive_controller_manager_node-3] [INFO] [1788713430.803058221] [adaptive_controller_manager]: [status] active=MPC state=RUNNING_MPC | pp: health=ok state=active | mpc: health=ok | v_x=25.13 e_y=-0.054 theta=-0.004 | params: stored_v=6 fwd_v=6 pending=no
[adaptive_controller_benchmark_node-4] [INFO] [1788713431.104066115] [adaptive_controller_benchmark_node]: [t= 448.1s] N=22400 RMS(e_y)=0.2941m Max|e_y|=2.6281m RMS(heading)=0.0206rad switches=1 emergency_halts=0 laps=2
[adaptive_controller_manager_node-3] [INFO] [1788713432.822974081] [adaptive_controller_manager]: [status] active=MPC state=RUNNING_MPC | pp: health=ok state=active | mpc: health=ok | v_x=19.50 e_y=0.009 theta=-0.033 | params: stored_v=6 fwd_v=6 pending=no
[adaptive_controller_manager_node-3] [INFO] [1788713434.842988678] [adaptive_controller_manager]: [status] active=MPC state=RUNNING_MPC | pp: health=ok state=active | mpc: health=ok | v_x=18.44 e_y=0.041 theta=-0.042 | params: stored_v=6 fwd_v=6 pending=no
[adaptive_controller_benchmark_node-4] [INFO] [1788713435.104049265] [adaptive_controller_benchmark_node]: [t= 452.1s] N=22600 RMS(e_y)=0.2928m Max|e_y|=2.6281m RMS(heading)=0.0206rad switches=1 emergency_halts=0 laps=2
[adaptive_controller_manager_node-3] [INFO] [1788713436.843017888] [adaptive_controller_manager]: [status] active=MPC state=RUNNING_MPC | pp: health=ok state=active | mpc: health=ok | v_x=24.99 e_y=-0.051 theta=-0.023 | params: stored_v=6 fwd_v=6 pending=no
[adaptive_controller_manager_node-3] [INFO] [1788713438.863301205] [adaptive_controller_manager]: [status] active=MPC state=RUNNING_MPC | pp: health=ok state=active | mpc: health=ok | v_x=25.80 e_y=0.074 theta=0.004 | params: stored_v=6 fwd_v=6 pending=no
[adaptive_controller_benchmark_node-4] [INFO] [1788713439.104098086] [adaptive_controller_benchmark_node]: [t= 456.1s] N=22800 RMS(e_y)=0.2916m Max|e_y|=2.6281m RMS(heading)=0.0206rad switches=1 emergency_halts=0 laps=2
[adaptive_controller_manager_node-3] [INFO] [1788713440.882991455] [adaptive_controller_manager]: [status] active=MPC state=RUNNING_MPC | pp: health=ok state=active | mpc: health=ok | v_x=25.71 e_y=0.004 theta=0.000 | params: stored_v=6 fwd_v=6 pending=no
[adaptive_controller_manager_node-3] [INFO] [1788713442.902920485] [adaptive_controller_manager]: [status] active=MPC state=RUNNING_MPC | pp: health=ok state=active | mpc: health=ok | v_x=14.61 e_y=0.032 theta=0.001 | params: stored_v=6 fwd_v=6 pending=no
[adaptive_controller_benchmark_node-4] [INFO] [1788713443.103877142] [adaptive_controller_benchmark_node]: [t= 460.1s] N=23000 RMS(e_y)=0.2903m Max|e_y|=2.6281m RMS(heading)=0.0205rad switches=1 emergency_halts=0 laps=2
[adaptive_controller_manager_node-3] [INFO] [1788713444.922979081] [adaptive_controller_manager]: [status] active=MPC state=RUNNING_MPC | pp: health=ok state=active | mpc: health=ok | v_x=9.83 e_y=-0.069 theta=-0.009 | params: stored_v=6 fwd_v=6 pending=no
[adaptive_controller_manager_node-3] [INFO] [1788713446.942863737] [adaptive_controller_manager]: [status] active=MPC state=RUNNING_MPC | pp: health=ok state=active | mpc: health=ok | v_x=10.83 e_y=-0.415 theta=0.010 | params: stored_v=6 fwd_v=6 pending=no
[adaptive_controller_benchmark_node-4] [INFO] [1788713447.104244546] [adaptive_controller_benchmark_node]: [t= 464.1s] N=23200 RMS(e_y)=0.2901m Max|e_y|=2.6281m RMS(heading)=0.0205rad switches=1 emergency_halts=0 laps=2
[adaptive_controller_manager_node-3] [INFO] [1788713448.942882774] [adaptive_controller_manager]: [status] active=MPC state=RUNNING_MPC | pp: health=ok state=active | mpc: health=ok | v_x=12.87 e_y=0.392 theta=-0.031 | params: stored_v=6 fwd_v=6 pending=no
[adaptive_controller_manager_node-3] [INFO] [1788713450.962805367] [adaptive_controller_manager]: [status] active=MPC state=RUNNING_MPC | pp: health=ok state=active | mpc: health=ok | v_x=20.15 e_y=-0.075 theta=-0.019 | params: stored_v=6 fwd_v=6 pending=no
[adaptive_controller_benchmark_node-4] [INFO] [1788713451.103857051] [adaptive_controller_benchmark_node]: [t= 468.1s] N=23400 RMS(e_y)=0.2894m Max|e_y|=2.6281m RMS(heading)=0.0206rad switches=1 emergency_halts=0 laps=2
[adaptive_controller_manager_node-3] [INFO] [1788713452.962832959] [adaptive_controller_manager]: [status] active=MPC state=RUNNING_MPC | pp: health=ok state=active | mpc: health=ok | v_x=19.43 e_y=-0.043 theta=-0.030 | params: stored_v=6 fwd_v=6 pending=no
[adaptive_controller_manager_node-3] [INFO] [1788713454.982793018] [adaptive_controller_manager]: [status] active=MPC state=RUNNING_MPC | pp: health=ok state=active | mpc: health=ok | v_x=18.85 e_y=0.014 theta=-0.035 | params: stored_v=6 fwd_v=6 pending=no
[adaptive_controller_benchmark_node-4] [INFO] [1788713455.104178790] [adaptive_controller_benchmark_node]: [t= 472.1s] N=23600 RMS(e_y)=0.2882m Max|e_y|=2.6281m RMS(heading)=0.0206rad switches=1 emergency_halts=0 laps=2
[adaptive_controller_manager_node-3] [INFO] [1788713457.002827316] [adaptive_controller_manager]: [status] active=MPC state=RUNNING_MPC | pp: health=ok state=active | mpc: health=ok | v_x=25.10 e_y=-0.064 theta=0.002 | params: stored_v=6 fwd_v=6 pending=no
[adaptive_controller_manager_node-3] [INFO] [1788713459.022820255] [adaptive_controller_manager]: [status] active=MPC state=RUNNING_MPC | pp: health=ok state=active | mpc: health=ok | v_x=26.10 e_y=-0.018 theta=0.000 | params: stored_v=6 fwd_v=6 pending=no
[adaptive_controller_benchmark_node-4] [INFO] [1788713459.105075450] [adaptive_controller_benchmark_node]: [t= 476.1s] N=23800 RMS(e_y)=0.2871m Max|e_y|=2.6281m RMS(heading)=0.0205rad switches=1 emergency_halts=0 laps=2
[adaptive_controller_manager_node-3] [INFO] [1788713461.042768186] [adaptive_controller_manager]: [status] active=MPC state=RUNNING_MPC | pp: health=ok state=active | mpc: health=ok | v_x=25.65 e_y=-0.010 theta=0.002 | params: stored_v=6 fwd_v=6 pending=no
[adaptive_controller_manager_node-3] [INFO] [1788713463.062719507] [adaptive_controller_manager]: [status] active=MPC state=RUNNING_MPC | pp: health=ok state=active | mpc: health=ok | v_x=25.78 e_y=-0.021 theta=-0.002 | params: stored_v=6 fwd_v=6 pending=no
[adaptive_controller_benchmark_node-4] [INFO] [1788713463.103968073] [adaptive_controller_benchmark_node]: [t= 480.1s] N=24000 RMS(e_y)=0.2859m Max|e_y|=2.6281m RMS(heading)=0.0204rad switches=1 emergency_halts=0 laps=2
[adaptive_controller_manager_node-3] [INFO] [1788713465.082747889] [adaptive_controller_manager]: [status] active=MPC state=RUNNING_MPC | pp: health=ok state=active | mpc: health=ok | v_x=25.79 e_y=-0.020 theta=0.001 | params: stored_v=6 fwd_v=6 pending=no
[adaptive_controller_manager_node-3] [INFO] [1788713467.102670051] [adaptive_controller_manager]: [status] active=MPC state=RUNNING_MPC | pp: health=ok state=active | mpc: health=ok | v_x=19.46 e_y=0.007 theta=-0.005 | params: stored_v=6 fwd_v=6 pending=no
[adaptive_controller_benchmark_node-4] [INFO] [1788713467.103798022] [adaptive_controller_benchmark_node]: [t= 484.1s] N=24200 RMS(e_y)=0.2847m Max|e_y|=2.6281m RMS(heading)=0.0204rad switches=1 emergency_halts=0 laps=3
[adaptive_controller_manager_node-3] [INFO] [1788713469.122664984] [adaptive_controller_manager]: [status] active=MPC state=RUNNING_MPC | pp: health=ok state=active | mpc: health=ok | v_x=20.61 e_y=0.036 theta=-0.049 | params: stored_v=6 fwd_v=6 pending=no
[adaptive_controller_benchmark_node-4] [INFO] [1788713471.103876438] [adaptive_controller_benchmark_node]: [t= 488.1s] N=24400 RMS(e_y)=0.2836m Max|e_y|=2.6281m RMS(heading)=0.0204rad switches=1 emergency_halts=0 laps=3
[adaptive_controller_manager_node-3] [INFO] [1788713471.142591796] [adaptive_controller_manager]: [status] active=MPC state=RUNNING_MPC | pp: health=ok state=active | mpc: health=ok | v_x=26.10 e_y=-0.131 theta=-0.013 | params: stored_v=6 fwd_v=6 pending=no
[adaptive_controller_manager_node-3] [INFO] [1788713473.142592366] [adaptive_controller_manager]: [status] active=MPC state=RUNNING_MPC | pp: health=ok state=active | mpc: health=ok | v_x=25.63 e_y=0.069 theta=0.024 | params: stored_v=6 fwd_v=6 pending=no
[adaptive_controller_benchmark_node-4] [INFO] [1788713475.104387391] [adaptive_controller_benchmark_node]: [t= 492.1s] N=24600 RMS(e_y)=0.2826m Max|e_y|=2.6281m RMS(heading)=0.0204rad switches=1 emergency_halts=0 laps=3
[adaptive_controller_manager_node-3] [INFO] [1788713475.142661345] [adaptive_controller_manager]: [status] active=MPC state=RUNNING_MPC | pp: health=ok state=active | mpc: health=ok | v_x=25.91 e_y=0.070 theta=0.020 | params: stored_v=6 fwd_v=6 pending=no
[adaptive_controller_manager_node-3] [INFO] [1788713477.162512438] [adaptive_controller_manager]: [status] active=MPC state=RUNNING_MPC | pp: health=ok state=active | mpc: health=ok | v_x=24.65 e_y=0.069 theta=0.002 | params: stored_v=6 fwd_v=6 pending=no
[adaptive_controller_benchmark_node-4] [INFO] [1788713479.103666679] [adaptive_controller_benchmark_node]: [t= 496.1s] N=24800 RMS(e_y)=0.2815m Max|e_y|=2.6281m RMS(heading)=0.0203rad switches=1 emergency_halts=0 laps=3
[adaptive_controller_manager_node-3] [INFO] [1788713479.162580835] [adaptive_controller_manager]: [status] active=MPC state=RUNNING_MPC | pp: health=ok state=active | mpc: health=ok | v_x=12.98 e_y=0.016 theta=0.004 | params: stored_v=6 fwd_v=6 pending=no
[adaptive_controller_manager_node-3] [INFO] [1788713481.182533157] [adaptive_controller_manager]: [status] active=MPC state=RUNNING_MPC | pp: health=ok state=active | mpc: health=ok | v_x=11.57 e_y=0.178 theta=-0.006 | params: stored_v=6 fwd_v=6 pending=no
[adaptive_controller_benchmark_node-4] [INFO] [1788713483.103332404] [adaptive_controller_benchmark_node]: [t= 500.1s] N=25000 RMS(e_y)=0.2809m Max|e_y|=2.6281m RMS(heading)=0.0203rad switches=1 emergency_halts=0 laps=3
[adaptive_controller_manager_node-3] [INFO] [1788713483.202443620] [adaptive_controller_manager]: [status] active=MPC state=RUNNING_MPC | pp: health=ok state=active | mpc: health=ok | v_x=15.30 e_y=0.060 theta=-0.009 | params: stored_v=6 fwd_v=6 pending=no
[adaptive_controller_manager_node-3] [INFO] [1788713485.202502705] [adaptive_controller_manager]: [status] active=MPC state=RUNNING_MPC | pp: health=ok state=active | mpc: health=ok | v_x=10.62 e_y=0.011 theta=-0.005 | params: stored_v=6 fwd_v=6 pending=no
[adaptive_controller_benchmark_node-4] [INFO] [1788713487.103706945] [adaptive_controller_benchmark_node]: [t= 504.1s] N=25200 RMS(e_y)=0.2801m Max|e_y|=2.6281m RMS(heading)=0.0203rad switches=1 emergency_halts=0 laps=3
[adaptive_controller_manager_node-3] [INFO] [1788713487.222402419] [adaptive_controller_manager]: [status] active=MPC state=RUNNING_MPC | pp: health=ok state=active | mpc: health=ok | v_x=11.39 e_y=-0.353 theta=-0.019 | params: stored_v=6 fwd_v=6 pending=no
[adaptive_controller_manager_node-3] [INFO] [1788713489.222447207] [adaptive_controller_manager]: [status] active=MPC state=RUNNING_MPC | pp: health=ok state=active | mpc: health=ok | v_x=15.14 e_y=-0.159 theta=0.021 | params: stored_v=6 fwd_v=6 pending=no
[adaptive_controller_benchmark_node-4] [INFO] [1788713491.103459956] [adaptive_controller_benchmark_node]: [t= 508.1s] N=25400 RMS(e_y)=0.2798m Max|e_y|=2.6281m RMS(heading)=0.0203rad switches=1 emergency_halts=0 laps=3
[adaptive_controller_manager_node-3] [INFO] [1788713491.242404678] [adaptive_controller_manager]: [status] active=MPC state=RUNNING_MPC | pp: health=ok state=active | mpc: health=ok | v_x=24.02 e_y=0.023 theta=0.014 | params: stored_v=6 fwd_v=6 pending=no
[adaptive_controller_manager_node-3] [INFO] [1788713493.242442944] [adaptive_controller_manager]: [status] active=MPC state=RUNNING_MPC | pp: health=ok state=active | mpc: health=ok | v_x=19.21 e_y=-0.142 theta=0.039 | params: stored_v=6 fwd_v=6 pending=no
[adaptive_controller_benchmark_node-4] [INFO] [1788713495.103539708] [adaptive_controller_benchmark_node]: [t= 512.1s] N=25600 RMS(e_y)=0.2788m Max|e_y|=2.6281m RMS(heading)=0.0203rad switches=1 emergency_halts=0 laps=3
[adaptive_controller_manager_node-3] [INFO] [1788713495.262407495] [adaptive_controller_manager]: [status] active=MPC state=RUNNING_MPC | pp: health=ok state=active | mpc: health=ok | v_x=25.71 e_y=-0.026 theta=-0.002 | params: stored_v=6 fwd_v=6 pending=no
[adaptive_controller_manager_node-3] [INFO] [1788713497.282621578] [adaptive_controller_manager]: [status] active=MPC state=RUNNING_MPC | pp: health=ok state=active | mpc: health=ok | v_x=25.59 e_y=-0.001 theta=-0.000 | params: stored_v=6 fwd_v=6 pending=no
[adaptive_controller_benchmark_node-4] [INFO] [1788713499.103336879] [adaptive_controller_benchmark_node]: [t= 516.1s] N=25800 RMS(e_y)=0.2777m Max|e_y|=2.6281m RMS(heading)=0.0202rad switches=1 emergency_halts=0 laps=3
[adaptive_controller_manager_node-3] [INFO] [1788713499.302354635] [adaptive_controller_manager]: [status] active=MPC state=RUNNING_MPC | pp: health=ok state=active | mpc: health=ok | v_x=25.88 e_y=-0.011 theta=-0.001 | params: stored_v=6 fwd_v=6 pending=no
[adaptive_controller_manager_node-3] [INFO] [1788713501.322357235] [adaptive_controller_manager]: [status] active=MPC state=RUNNING_MPC | pp: health=ok state=active | mpc: health=ok | v_x=25.79 e_y=-0.003 theta=-0.000 | params: stored_v=6 fwd_v=6 pending=no
[adaptive_controller_benchmark_node-4] [INFO] [1788713503.103127009] [adaptive_controller_benchmark_node]: [t= 520.1s] N=26000 RMS(e_y)=0.2766m Max|e_y|=2.6281m RMS(heading)=0.0201rad switches=1 emergency_halts=0 laps=3
[adaptive_controller_manager_node-3] [INFO] [1788713503.342311441] [adaptive_controller_manager]: [status] active=MPC state=RUNNING_MPC | pp: health=ok state=active | mpc: health=ok | v_x=25.75 e_y=-0.007 theta=-0.000 | params: stored_v=6 fwd_v=6 pending=no
[adaptive_controller_manager_node-3] [INFO] [1788713505.362199263] [adaptive_controller_manager]: [status] active=MPC state=RUNNING_MPC | pp: health=ok state=active | mpc: health=ok | v_x=23.03 e_y=0.025 theta=0.002 | params: stored_v=6 fwd_v=6 pending=no
[adaptive_controller_benchmark_node-4] [INFO] [1788713507.103687490] [adaptive_controller_benchmark_node]: [t= 524.1s] N=26200 RMS(e_y)=0.2756m Max|e_y|=2.6281m RMS(heading)=0.0201rad switches=1 emergency_halts=0 laps=3
[adaptive_controller_manager_node-3] [INFO] [1788713507.362308823] [adaptive_controller_manager]: [status] active=MPC state=RUNNING_MPC | pp: health=ok state=active | mpc: health=ok | v_x=19.41 e_y=0.010 theta=0.040 | params: stored_v=6 fwd_v=6 pending=no
[adaptive_controller_manager_node-3] [INFO] [1788713509.382153282] [adaptive_controller_manager]: [status] active=MPC state=RUNNING_MPC | pp: health=ok state=active | mpc: health=ok | v_x=14.50 e_y=-0.189 theta=0.033 | params: stored_v=6 fwd_v=6 pending=no
[adaptive_controller_benchmark_node-4] [INFO] [1788713511.103418304] [adaptive_controller_benchmark_node]: [t= 528.1s] N=26400 RMS(e_y)=0.2748m Max|e_y|=2.6281m RMS(heading)=0.0201rad switches=1 emergency_halts=0 laps=3
[adaptive_controller_manager_node-3] [INFO] [1788713511.402124256] [adaptive_controller_manager]: [status] active=MPC state=RUNNING_MPC | pp: health=ok state=active | mpc: health=ok | v_x=17.81 e_y=0.100 theta=0.007 | params: stored_v=6 fwd_v=6 pending=no
[adaptive_controller_manager_node-3] [INFO] [1788713513.402142916] [adaptive_controller_manager]: [status] active=MPC state=RUNNING_MPC | pp: health=ok state=active | mpc: health=ok | v_x=15.79 e_y=0.052 theta=-0.012 | params: stored_v=6 fwd_v=6 pending=no
[adaptive_controller_benchmark_node-4] [INFO] [1788713515.103323931] [adaptive_controller_benchmark_node]: [t= 532.1s] N=26600 RMS(e_y)=0.2739m Max|e_y|=2.6281m RMS(heading)=0.0201rad switches=1 emergency_halts=0 laps=3
[adaptive_controller_manager_node-3] [INFO] [1788713515.422122801] [adaptive_controller_manager]: [status] active=MPC state=RUNNING_MPC | pp: health=ok state=active | mpc: health=ok | v_x=16.16 e_y=0.116 theta=-0.018 | params: stored_v=6 fwd_v=6 pending=no
[adaptive_controller_manager_node-3] [INFO] [1788713517.442091310] [adaptive_controller_manager]: [status] active=MPC state=RUNNING_MPC | pp: health=ok state=active | mpc: health=ok | v_x=17.34 e_y=0.063 theta=-0.030 | params: stored_v=6 fwd_v=6 pending=no
[adaptive_controller_benchmark_node-4] [INFO] [1788713519.102994188] [adaptive_controller_benchmark_node]: [t= 536.1s] N=26800 RMS(e_y)=0.2729m Max|e_y|=2.6281m RMS(heading)=0.0202rad switches=1 emergency_halts=0 laps=3
[adaptive_controller_manager_node-3] [INFO] [1788713519.442138507] [adaptive_controller_manager]: [status] active=MPC state=RUNNING_MPC | pp: health=ok state=active | mpc: health=ok | v_x=26.06 e_y=-0.044 theta=-0.005 | params: stored_v=6 fwd_v=6 pending=no
[adaptive_controller_manager_node-3] [INFO] [1788713521.462111942] [adaptive_controller_manager]: [status] active=MPC state=RUNNING_MPC | pp: health=ok state=active | mpc: health=ok | v_x=25.67 e_y=-0.089 theta=-0.009 | params: stored_v=6 fwd_v=6 pending=no
[adaptive_controller_benchmark_node-4] [INFO] [1788713523.103062559] [adaptive_controller_benchmark_node]: [t= 540.1s] N=27000 RMS(e_y)=0.2720m Max|e_y|=2.6281m RMS(heading)=0.0202rad switches=1 emergency_halts=0 laps=3
[adaptive_controller_manager_node-3] [INFO] [1788713523.481962595] [adaptive_controller_manager]: [status] active=MPC state=RUNNING_MPC | pp: health=ok state=active | mpc: health=ok | v_x=25.84 e_y=-0.083 theta=-0.026 | params: stored_v=6 fwd_v=6 pending=no
[adaptive_controller_manager_node-3] [INFO] [1788713525.482050517] [adaptive_controller_manager]: [status] active=MPC state=RUNNING_MPC | pp: health=ok state=active | mpc: health=ok | v_x=25.76 e_y=-0.057 theta=-0.007 | params: stored_v=6 fwd_v=6 pending=no
[adaptive_controller_benchmark_node-4] [INFO] [1788713527.103178881] [adaptive_controller_benchmark_node]: [t= 544.1s] N=27200 RMS(e_y)=0.2711m Max|e_y|=2.6281m RMS(heading)=0.0201rad switches=1 emergency_halts=0 laps=3
[adaptive_controller_manager_node-3] [INFO] [1788713527.502031580] [adaptive_controller_manager]: [status] active=MPC state=RUNNING_MPC | pp: health=ok state=active | mpc: health=ok | v_x=25.78 e_y=-0.011 theta=-0.001 | params: stored_v=6 fwd_v=6 pending=no
[adaptive_controller_manager_node-3] [INFO] [1788713529.521961609] [adaptive_controller_manager]: [status] active=MPC state=RUNNING_MPC | pp: health=ok state=active | mpc: health=ok | v_x=25.78 e_y=-0.010 theta=-0.001 | params: stored_v=6 fwd_v=6 pending=no
[adaptive_controller_benchmark_node-4] [INFO] [1788713531.103106998] [adaptive_controller_benchmark_node]: [t= 548.1s] N=27400 RMS(e_y)=0.2701m Max|e_y|=2.6281m RMS(heading)=0.0200rad switches=1 emergency_halts=0 laps=3
[adaptive_controller_manager_node-3] [INFO] [1788713531.521982837] [adaptive_controller_manager]: [status] active=MPC state=RUNNING_MPC | pp: health=ok state=active | mpc: health=ok | v_x=25.78 e_y=-0.012 theta=-0.001 | params: stored_v=6 fwd_v=6 pending=no
[adaptive_controller_manager_node-3] [INFO] [1788713533.541936915] [adaptive_controller_manager]: [status] active=MPC state=RUNNING_MPC | pp: health=ok state=active | mpc: health=ok | v_x=20.24 e_y=-0.004 theta=-0.015 | params: stored_v=6 fwd_v=6 pending=no
[adaptive_controller_benchmark_node-4] [INFO] [1788713535.102759350] [adaptive_controller_benchmark_node]: [t= 552.1s] N=27600 RMS(e_y)=0.2691m Max|e_y|=2.6281m RMS(heading)=0.0200rad switches=1 emergency_halts=0 laps=3
[adaptive_controller_manager_node-3] [INFO] [1788713535.561920908] [adaptive_controller_manager]: [status] active=MPC state=RUNNING_MPC | pp: health=ok state=active | mpc: health=ok | v_x=22.47 e_y=0.002 theta=-0.027 | params: stored_v=6 fwd_v=6 pending=no
[adaptive_controller_manager_node-3] [INFO] [1788713537.581861861] [adaptive_controller_manager]: [status] active=MPC state=RUNNING_MPC | pp: health=ok state=active | mpc: health=ok | v_x=25.62 e_y=-0.026 theta=-0.013 | params: stored_v=6 fwd_v=6 pending=no
[adaptive_controller_benchmark_node-4] [INFO] [1788713539.102668108] [adaptive_controller_benchmark_node]: [t= 556.1s] N=27800 RMS(e_y)=0.2682m Max|e_y|=2.6281m RMS(heading)=0.0200rad switches=1 emergency_halts=0 laps=3
[adaptive_controller_manager_node-3] [INFO] [1788713539.581980475] [adaptive_controller_manager]: [status] active=MPC state=RUNNING_MPC | pp: health=ok state=active | mpc: health=ok | v_x=25.74 e_y=-0.041 theta=-0.003 | params: stored_v=6 fwd_v=6 pending=no
[adaptive_controller_manager_node-3] [INFO] [1788713541.601813694] [adaptive_controller_manager]: [status] active=MPC state=RUNNING_MPC | pp: health=ok state=active | mpc: health=ok | v_x=25.81 e_y=-0.030 theta=-0.001 | params: stored_v=6 fwd_v=6 pending=no
[adaptive_controller_benchmark_node-4] [INFO] [1788713543.102781874] [adaptive_controller_benchmark_node]: [t= 560.1s] N=28000 RMS(e_y)=0.2673m Max|e_y|=2.6281m RMS(heading)=0.0200rad switches=1 emergency_halts=0 laps=3
[adaptive_controller_manager_node-3] [INFO] [1788713543.601818687] [adaptive_controller_manager]: [status] active=MPC state=RUNNING_MPC | pp: health=ok state=active | mpc: health=ok | v_x=25.77 e_y=-0.004 theta=0.004 | params: stored_v=6 fwd_v=6 pending=no
[adaptive_controller_manager_node-3] [INFO] [1788713545.621770598] [adaptive_controller_manager]: [status] active=MPC state=RUNNING_MPC | pp: health=ok state=active | mpc: health=ok | v_x=24.33 e_y=0.157 theta=0.032 | params: stored_v=6 fwd_v=6 pending=no
[adaptive_controller_benchmark_node-4] [INFO] [1788713547.102814036] [adaptive_controller_benchmark_node]: [t= 564.1s] N=28200 RMS(e_y)=0.2665m Max|e_y|=2.6281m RMS(heading)=0.0200rad switches=1 emergency_halts=0 laps=3
[adaptive_controller_manager_node-3] [INFO] [1788713547.641766437] [adaptive_controller_manager]: [status] active=MPC state=RUNNING_MPC | pp: health=ok state=active | mpc: health=ok | v_x=21.47 e_y=-0.015 theta=-0.044 | params: stored_v=6 fwd_v=6 pending=no
[adaptive_controller_manager_node-3] [INFO] [1788713549.661721620] [adaptive_controller_manager]: [status] active=MPC state=RUNNING_MPC | pp: health=ok state=active | mpc: health=ok | v_x=22.97 e_y=0.012 theta=0.015 | params: stored_v=6 fwd_v=6 pending=no
[adaptive_controller_benchmark_node-4] [INFO] [1788713551.102893776] [adaptive_controller_benchmark_node]: [t= 568.1s] N=28400 RMS(e_y)=0.2656m Max|e_y|=2.6281m RMS(heading)=0.0200rad switches=1 emergency_halts=0 laps=3
[adaptive_controller_manager_node-3] [INFO] [1788713551.681718052] [adaptive_controller_manager]: [status] active=MPC state=RUNNING_MPC | pp: health=ok state=active | mpc: health=ok | v_x=19.72 e_y=-0.134 theta=0.051 | params: stored_v=6 fwd_v=6 pending=no
[adaptive_controller_manager_node-3] [INFO] [1788713553.701636650] [adaptive_controller_manager]: [status] active=MPC state=RUNNING_MPC | pp: health=ok state=active | mpc: health=ok | v_x=18.81 e_y=0.026 theta=-0.016 | params: stored_v=6 fwd_v=6 pending=no
[adaptive_controller_benchmark_node-4] [INFO] [1788713555.102586150] [adaptive_controller_benchmark_node]: [t= 572.1s] N=28600 RMS(e_y)=0.2648m Max|e_y|=2.6281m RMS(heading)=0.0200rad switches=1 emergency_halts=0 laps=3
[adaptive_controller_manager_node-3] [INFO] [1788713555.701640118] [adaptive_controller_manager]: [status] active=MPC state=RUNNING_MPC | pp: health=ok state=active | mpc: health=ok | v_x=19.52 e_y=0.031 theta=-0.044 | params: stored_v=6 fwd_v=6 pending=no
[adaptive_controller_manager_node-3] [INFO] [1788713557.701687972] [adaptive_controller_manager]: [status] active=MPC state=RUNNING_MPC | pp: health=ok state=active | mpc: health=ok | v_x=25.87 e_y=-0.063 theta=0.017 | params: stored_v=6 fwd_v=6 pending=no
[adaptive_controller_benchmark_node-4] [INFO] [1788713559.102612049] [adaptive_controller_benchmark_node]: [t= 576.1s] N=28800 RMS(e_y)=0.2639m Max|e_y|=2.6281m RMS(heading)=0.0201rad switches=1 emergency_halts=0 laps=3
[adaptive_controller_manager_node-3] [INFO] [1788713559.721622707] [adaptive_controller_manager]: [status] active=MPC state=RUNNING_MPC | pp: health=ok state=active | mpc: health=ok | v_x=25.53 e_y=0.180 theta=-0.005 | params: stored_v=6 fwd_v=6 pending=no
[adaptive_controller_manager_node-3] [INFO] [1788713561.741481083] [adaptive_controller_manager]: [status] active=MPC state=RUNNING_MPC | pp: health=ok state=active | mpc: health=ok | v_x=25.78 e_y=-0.007 theta=0.001 | params: stored_v=6 fwd_v=6 pending=no
[adaptive_controller_benchmark_node-4] [INFO] [1788713563.102249307] [adaptive_controller_benchmark_node]: [t= 580.1s] N=29000 RMS(e_y)=0.2631m Max|e_y|=2.6281m RMS(heading)=0.0200rad switches=1 emergency_halts=0 laps=3
[adaptive_controller_manager_node-3] [INFO] [1788713563.741535418] [adaptive_controller_manager]: [status] active=MPC state=RUNNING_MPC | pp: health=ok state=active | mpc: health=ok | v_x=25.84 e_y=-0.009 theta=-0.000 | params: stored_v=6 fwd_v=6 pending=no
[adaptive_controller_manager_node-3] [INFO] [1788713565.761414769] [adaptive_controller_manager]: [status] active=MPC state=RUNNING_MPC | pp: health=ok state=active | mpc: health=ok | v_x=25.76 e_y=-0.010 theta=0.000 | params: stored_v=6 fwd_v=6 pending=no
[WARNING] [launch]: user interrupted with ctrl-c (SIGINT)
[adaptive_controller_benchmark_node-4] [INFO] [1788713567.102534750] [adaptive_controller_benchmark_node]: [t= 584.1s] N=29200 RMS(e_y)=0.2622m Max|e_y|=2.6281m RMS(heading)=0.0200rad switches=1 emergency_halts=0 laps=3
[adaptive_controller_manager_node-3] [INFO] [1788713567.781286508] [adaptive_controller_manager]: [status] active=MPC state=RUNNING_MPC | pp: health=ok state=active | mpc: health=ok | v_x=25.78 e_y=-0.015 theta=-0.001 | params: stored_v=6 fwd_v=6 pending=no
[adaptive_controller_manager_node-3] [INFO] [1788713569.801317663] [adaptive_controller_manager]: [status] active=MPC state=RUNNING_MPC | pp: health=ok state=active | mpc: health=ok | v_x=25.78 e_y=-0.014 theta=-0.002 | params: stored_v=6 fwd_v=6 pending=no
[adaptive_controller_benchmark_node-4] [INFO] [1788713571.102554586] [adaptive_controller_benchmark_node]: [t= 588.1s] N=29400 RMS(e_y)=0.2613m Max|e_y|=2.6281m RMS(heading)=0.0199rad switches=1 emergency_halts=0 laps=3
[ERROR] [adaptive_controller_benchmark_node-4]: process[adaptive_controller_benchmark_node-4] failed to terminate '5' seconds after receiving 'SIGINT', escalating to 'SIGTERM'
[ERROR] [adaptive_controller_manager_node-3]: process[adaptive_controller_manager_node-3] failed to terminate '5' seconds after receiving 'SIGINT', escalating to 'SIGTERM'
[ERROR] [mpc_node-2]: process[mpc_node-2] failed to terminate '5' seconds after receiving 'SIGINT', escalating to 'SIGTERM'
[ERROR] [pure_pursuit_node.py-1]: process[pure_pursuit_node.py-1] failed to terminate '5' seconds after receiving 'SIGINT', escalating to 'SIGTERM'
[INFO] [adaptive_controller_benchmark_node-4]: sending signal 'SIGTERM' to process[adaptive_controller_benchmark_node-4]
[INFO] [adaptive_controller_manager_node-3]: sending signal 'SIGTERM' to process[adaptive_controller_manager_node-3]
[INFO] [mpc_node-2]: sending signal 'SIGTERM' to process[mpc_node-2]
[INFO] [pure_pursuit_node.py-1]: sending signal 'SIGTERM' to process[pure_pursuit_node.py-1]
[mpc_node-2] [INFO] [1788713571.647265683] [rclcpp]: signal_handler(SIGINT/SIGTERM)
[pure_pursuit_node.py-1] RUNNING PURE-PURSUIT CODE.... 
[pure_pursuit_node.py-1] 
[pure_pursuit_node.py-1] 
[pure_pursuit_node.py-1] Traceback (most recent call last):
[pure_pursuit_node.py-1]   File "/home/ebrahim/Ebrahim_Master_Thesis_repo/install/pure_pursuit/lib/pure_pursuit/pure_pursuit_node.py", line 551, in main
[pure_pursuit_node.py-1]     rclpy.spin(node)
[pure_pursuit_node.py-1]   File "/opt/ros/humble/local/lib/python3.10/dist-packages/rclpy/__init__.py", line 229, in spin
[pure_pursuit_node.py-1]     executor.spin_once()
[pure_pursuit_node.py-1]   File "/opt/ros/humble/local/lib/python3.10/dist-packages/rclpy/executors.py", line 808, in spin_once
[pure_pursuit_node.py-1]     self._spin_once_impl(timeout_sec)
[pure_pursuit_node.py-1]   File "/opt/ros/humble/local/lib/python3.10/dist-packages/rclpy/executors.py", line 797, in _spin_once_impl
[pure_pursuit_node.py-1]     handler, entity, node = self.wait_for_ready_callbacks(timeout_sec=timeout_sec)
[pure_pursuit_node.py-1]   File "/opt/ros/humble/local/lib/python3.10/dist-packages/rclpy/executors.py", line 780, in wait_for_ready_callbacks
[pure_pursuit_node.py-1]     return next(self._cb_iter)
[pure_pursuit_node.py-1]   File "/opt/ros/humble/local/lib/python3.10/dist-packages/rclpy/executors.py", line 681, in _wait_for_ready_callbacks
[pure_pursuit_node.py-1]     raise ExternalShutdownException()
[pure_pursuit_node.py-1] rclpy.executors.ExternalShutdownException
[pure_pursuit_node.py-1] 
[pure_pursuit_node.py-1] During handling of the above exception, another exception occurred:
[pure_pursuit_node.py-1] 
[pure_pursuit_node.py-1] Traceback (most recent call last):
[pure_pursuit_node.py-1]   File "/home/ebrahim/Ebrahim_Master_Thesis_repo/install/pure_pursuit/lib/pure_pursuit/pure_pursuit_node.py", line 560, in <module>
[pure_pursuit_node.py-1]     main()
[pure_pursuit_node.py-1]   File "/home/ebrahim/Ebrahim_Master_Thesis_repo/install/pure_pursuit/lib/pure_pursuit/pure_pursuit_node.py", line 556, in main
[pure_pursuit_node.py-1]     rclpy.shutdown()
[pure_pursuit_node.py-1]   File "/opt/ros/humble/local/lib/python3.10/dist-packages/rclpy/__init__.py", line 130, in shutdown
[pure_pursuit_node.py-1]     _shutdown(context=context)
[pure_pursuit_node.py-1]   File "/opt/ros/humble/local/lib/python3.10/dist-packages/rclpy/utilities.py", line 58, in shutdown
[pure_pursuit_node.py-1]     return context.shutdown()
[pure_pursuit_node.py-1]   File "/opt/ros/humble/local/lib/python3.10/dist-packages/rclpy/context.py", line 102, in shutdown
[pure_pursuit_node.py-1]     self.__context.shutdown()
[pure_pursuit_node.py-1] rclpy._rclpy_pybind11.RCLError: failed to shutdown: rcl_shutdown already called on the given context, at ./src/rcl/init.c:241
[INFO] [mpc_node-2]: process has finished cleanly [pid 9481]
[INFO] [adaptive_controller_manager_node-3]: process has finished cleanly [pid 9483]
[ERROR] [pure_pursuit_node.py-1]: process has died [pid 9479, exit code 1, cmd '/home/ebrahim/Ebrahim_Master_Thesis_repo/install/pure_pursuit/lib/pure_pursuit/pure_pursuit_node.py --ros-args -r __node:=pure_pursuit --params-file /home/ebrahim/Ebrahim_Master_Thesis_repo/install/pure_pursuit/share/pure_pursuit/config/pure_pursuit.yaml --params-file /tmp/launch_params_bvb9du9v'].
[adaptive_controller_benchmark_node-4] [INFO] [1788713574.924803588] [adaptive_controller_benchmark_node]: Benchmark plots saved to: /home/ebrahim/Ebrahim_Master_Thesis_repo/graphs/control/ours_mu_0.7
[adaptive_controller_benchmark_node-4] Failed to publish log message to rosout: publisher's context is invalid, at ./src/rcl/publisher.c:389
[adaptive_controller_benchmark_node-4] Traceback (most recent call last):
[adaptive_controller_benchmark_node-4]   File "/home/ebrahim/Ebrahim_Master_Thesis_repo/build/adaptive_controller_benchmark/adaptive_controller_benchmark/adaptive_controller_benchmark_node.py", line 781, in main
[adaptive_controller_benchmark_node-4]     rclpy.spin(node)
[adaptive_controller_benchmark_node-4]   File "/opt/ros/humble/local/lib/python3.10/dist-packages/rclpy/__init__.py", line 229, in spin
[adaptive_controller_benchmark_node-4]     executor.spin_once()
[adaptive_controller_benchmark_node-4]   File "/opt/ros/humble/local/lib/python3.10/dist-packages/rclpy/executors.py", line 808, in spin_once
[adaptive_controller_benchmark_node-4]     self._spin_once_impl(timeout_sec)
[adaptive_controller_benchmark_node-4]   File "/opt/ros/humble/local/lib/python3.10/dist-packages/rclpy/executors.py", line 797, in _spin_once_impl
[adaptive_controller_benchmark_node-4]     handler, entity, node = self.wait_for_ready_callbacks(timeout_sec=timeout_sec)
[adaptive_controller_benchmark_node-4]   File "/opt/ros/humble/local/lib/python3.10/dist-packages/rclpy/executors.py", line 780, in wait_for_ready_callbacks
[adaptive_controller_benchmark_node-4]     return next(self._cb_iter)
[adaptive_controller_benchmark_node-4]   File "/opt/ros/humble/local/lib/python3.10/dist-packages/rclpy/executors.py", line 681, in _wait_for_ready_callbacks
[adaptive_controller_benchmark_node-4]     raise ExternalShutdownException()
[adaptive_controller_benchmark_node-4] rclpy.executors.ExternalShutdownException
[adaptive_controller_benchmark_node-4] 
[adaptive_controller_benchmark_node-4] During handling of the above exception, another exception occurred:
[adaptive_controller_benchmark_node-4] 
[adaptive_controller_benchmark_node-4] Traceback (most recent call last):
[adaptive_controller_benchmark_node-4]   File "/home/ebrahim/Ebrahim_Master_Thesis_repo/install/adaptive_controller_benchmark/lib/adaptive_controller_benchmark/adaptive_controller_benchmark_node", line 33, in <module>
[adaptive_controller_benchmark_node-4]     sys.exit(load_entry_point('adaptive-controller-benchmark', 'console_scripts', 'adaptive_controller_benchmark_node')())
[adaptive_controller_benchmark_node-4]   File "/home/ebrahim/Ebrahim_Master_Thesis_repo/build/adaptive_controller_benchmark/adaptive_controller_benchmark/adaptive_controller_benchmark_node.py", line 786, in main
[adaptive_controller_benchmark_node-4]     rclpy.shutdown()
[adaptive_controller_benchmark_node-4]   File "/opt/ros/humble/local/lib/python3.10/dist-packages/rclpy/__init__.py", line 130, in shutdown
[adaptive_controller_benchmark_node-4]     _shutdown(context=context)
[adaptive_controller_benchmark_node-4]   File "/opt/ros/humble/local/lib/python3.10/dist-packages/rclpy/utilities.py", line 58, in shutdown
[adaptive_controller_benchmark_node-4]     return context.shutdown()
[adaptive_controller_benchmark_node-4]   File "/opt/ros/humble/local/lib/python3.10/dist-packages/rclpy/context.py", line 102, in shutdown
[adaptive_controller_benchmark_node-4]     self.__context.shutdown()
[adaptive_controller_benchmark_node-4] rclpy._rclpy_pybind11.RCLError: failed to shutdown: rcl_shutdown already called on the given context, at ./src/rcl/init.c:241
[ERROR] [adaptive_controller_benchmark_node-4]: process has died [pid 9485, exit code 1, cmd '/home/ebrahim/Ebrahim_Master_Thesis_repo/install/adaptive_controller_benchmark/lib/adaptive_controller_benchmark/adaptive_controller_benchmark_node --ros-args -r __node:=adaptive_controller_benchmark_node --params-file /home/ebrahim/Ebrahim_Master_Thesis_repo/install/adaptive_controller_benchmark/share/adaptive_controller_benchmark/config/benchmark_config.yaml --params-file /tmp/launch_params_vcibyqi4'].
